story_id,source_type,phase2_requirement,canonical_path,canonical_sha256,review_state,analysis_path,admission_record,admitted_claim_scope,chronology_status,chronology_anchor,attribution_limits,analytical_priority,priority_reason,scene_count,utterance_count,choice_group_count
BA:character_data:10000:profile_and_dialog,character_data,MANDATORY_COMPLETE_REVIEW,02_CANONICAL_STORIES/CHARACTER_DATA/ARU/VARIANT_10000.md,efda862b2d0a82219fa9bd5a087c295842d5ba9502dab92a8b029c152385b522,ADMITTED,series/blue-archive/02 Sequential Readings/BOND/ARU/BLUE_ARCHIVE_ARU_PRIVATE_CONTEXTUALIZATION_CHECKPOINT.md,REF:CYCLE008_ACCEPTED,REF:CYCLE008_SCOPE,unresolved,,REF:CYCLE008_LIMITS,UNASSESSED,REF:PRIVATE_PRIORITY,,,
BA:character_data:10001:profile_and_dialog,character_data,MANDATORY_COMPLETE_REVIEW,02_CANONICAL_STORIES/CHARACTER_DATA/EIMI/VARIANT_10001.md,d9c9a6b043e18e06b8699214c6512a206328a55211e073a768717699075fa8b6,ADMITTED,series/blue-archive/02 Sequential Readings/BOND/BLUE_ARCHIVE_EIMI_PHASE2_PRIVATE_CONTEXTUAL_ACCOUNT_20261008.md,REF:CYCLE008_ACCEPTED,REF:CYCLE008_SCOPE,unresolved,,REF:CYCLE008_LIMITS,UNASSESSED,REF:PRIVATE_PRIORITY,,,
BA:character_data:10002:profile_and_dialog,character_data,MANDATORY_COMPLETE_REVIEW,02_CANONICAL_STORIES/CHARACTER_DATA/HARUNA/VARIANT_10002.md,fc3ce069981babf22561729ff4424e53db61c4c1ec531cd96ef9618e22327257,ADMITTED,series/blue-archive/02 Sequential Readings/BOND/BLUE_ARCHIVE_GEHENNA20_PHASE2_PRIVATE_CONTEXTUAL_ACCOUNT_20261008.md,REF:CYCLE008_ACCEPTED,REF:CYCLE008_SCOPE,unresolved,,REF:CYCLE008_LIMITS,UNASSESSED,REF:PRIVATE_PRIORITY,,,
BA:character_data:10003:profile_and_dialog,character_data,MANDATORY_COMPLETE_REVIEW,02_CANONICAL_STORIES/CHARACTER_DATA/HIHUMI/VARIANT_10003.md,9c7f96fb0c5bc6ddc99767c0b2dfbd095b30688540cbf3f0d7a7dd0c6e36ddf0,ADMITTED,series/blue-archive/02 Sequential Readings/BOND/HIFUMI/BLUE_ARCHIVE_HIFUMI_PRIVATE_CONTEXTUALIZATION_CHECKPOINT.md,REF:CYCLE008_ACCEPTED,REF:CYCLE008_SCOPE,unresolved,,REF:CYCLE008_LIMITS,UNASSESSED,REF:PRIVATE_PRIORITY,,,
BA:character_data:10004:profile_and_dialog,character_data,MANDATORY_COMPLETE_REVIEW,02_CANONICAL_STORIES/CHARACTER_DATA/HINA/VARIANT_10004.md,6330885daebb237cbf3cb2ed6fa7574006508b1d79e525c81d5f95e28ea8a636,ADMITTED,series/blue-archive/02 Sequential Readings/BOND/BLUE_ARCHIVE_GEHENNA20_PHASE2_PRIVATE_CONTEXTUAL_ACCOUNT_20261008.md,REF:CYCLE008_ACCEPTED,REF:CYCLE008_SCOPE,unresolved,,REF:CYCLE008_LIMITS,UNASSESSED,REF:PRIVATE_PRIORITY,,,
BA:character_data:100050001:profile_and_dialog,character_data,MANDATORY_COMPLETE_REVIEW,02_CANONICAL_STORIES/CHARACTER_DATA/HOSHINO/VARIANT_100050001.md,a7ff5f636141e067c7eb077b788ee566bd39290218b636c3652a62473c7d5420,ADMITTED,series/blue-archive/02 Sequential Readings/BOND/BLUE_ARCHIVE_HOSHINO_PHASE2_PRIVATE_CONTEXTUAL_ACCOUNT_20261008.md,REF:CYCLE008_ACCEPTED,REF:CYCLE008_SCOPE,unresolved,,REF:CYCLE008_LIMITS,UNASSESSED,REF:PRIVATE_PRIORITY,,,
BA:character_data:10005:profile_and_dialog,character_data,MANDATORY_COMPLETE_REVIEW,02_CANONICAL_STORIES/CHARACTER_DATA/HOSHINO/VARIANT_10005.md,40a479853542f4628d9c29230d685abd76aff331ad04bef36a4b62a5ecf9b353,ADMITTED,series/blue-archive/02 Sequential Readings/BOND/BLUE_ARCHIVE_HOSHINO_PHASE2_PRIVATE_CONTEXTUAL_ACCOUNT_20261008.md,REF:CYCLE008_ACCEPTED,REF:CYCLE008_SCOPE,unresolved,,REF:CYCLE008_LIMITS,UNASSESSED,REF:PRIVATE_PRIORITY,,,
BA:character_data:10006:profile_and_dialog,character_data,MANDATORY_COMPLETE_REVIEW,02_CANONICAL_STORIES/CHARACTER_DATA/IORI/VARIANT_10006.md,26b9f2ff4904bfa48262306ffb2b8e8e053a3262c76ed2f8c3eeee879017bf09,ADMITTED,series/blue-archive/02 Sequential Readings/BOND/BLUE_ARCHIVE_GEHENNA20_PHASE2_PRIVATE_CONTEXTUAL_ACCOUNT_20261008.md,REF:CYCLE008_ACCEPTED,REF:CYCLE008_SCOPE,unresolved,,REF:CYCLE008_LIMITS,UNASSESSED,REF:PRIVATE_PRIORITY,,,
BA:character_data:10007:profile_and_dialog,character_data,MANDATORY_COMPLETE_REVIEW,02_CANONICAL_STORIES/CHARACTER_DATA/MAKI/VARIANT_10007.md,95cb7ebd51ec571eff51b57ec0032d85c5094a731d358c962d318873e980af0a,ADMITTED,series/blue-archive/02 Sequential Readings/BOND/BLUE_ARCHIVE_MAKI_PHASE2_PRIVATE_CONTEXTUAL_ACCOUNT_20261008.md,REF:CYCLE008_ACCEPTED,REF:CYCLE008_SCOPE,unresolved,,REF:CYCLE008_LIMITS,UNASSESSED,REF:PRIVATE_PRIORITY,,,
BA:character_data:10008:profile_and_dialog,character_data,MANDATORY_COMPLETE_REVIEW,02_CANONICAL_STORIES/CHARACTER_DATA/NERU/VARIANT_10008.md,a0adbdc5db98ef3bdb15ffe8a3ac337732ba92db7f244a112169ce14f61043f9,ADMITTED,series/blue-archive/02 Sequential Readings/BOND/BLUE_ARCHIVE_NERU_PHASE2_PRIVATE_CONTEXTUAL_ACCOUNT_20261008.md,REF:CYCLE008_ACCEPTED,REF:CYCLE008_SCOPE,unresolved,,REF:CYCLE008_LIMITS,UNASSESSED,REF:PRIVATE_PRIORITY,,,
BA:character_data:10009:profile_and_dialog,character_data,MANDATORY_COMPLETE_REVIEW,02_CANONICAL_STORIES/CHARACTER_DATA/IZUMI/VARIANT_10009.md,3017b20e4f8742076d22e2854b89e85c1cabd705897bcf18e83be0ebaf5f4143,ADMITTED,series/blue-archive/02 Sequential Readings/BOND/BLUE_ARCHIVE_GEHENNA20_PHASE2_PRIVATE_CONTEXTUAL_ACCOUNT_20261008.md,REF:CYCLE008_ACCEPTED,REF:CYCLE008_SCOPE,unresolved,,REF:CYCLE008_LIMITS,UNASSESSED,REF:PRIVATE_PRIORITY,,,
BA:character_data:10010:profile_and_dialog,character_data,MANDATORY_COMPLETE_REVIEW,02_CANONICAL_STORIES/CHARACTER_DATA/SHIROKO/VARIANT_10010.md,cd8da8305e29b92c3fa3b921829648cddfd288a1832019523711eda0a2eac167,ADMITTED,series/blue-archive/02 Sequential Readings/BOND/BLUE_ARCHIVE_SHIROKO_PHASE2_PRIVATE_CONTEXTUAL_ACCOUNT_20261008.md,REF:CYCLE008_ACCEPTED,REF:CYCLE008_SCOPE,unresolved,,REF:CYCLE008_LIMITS,UNASSESSED,REF:PRIVATE_PRIORITY,,,
BA:character_data:10011:profile_and_dialog,character_data,MANDATORY_COMPLETE_REVIEW,02_CANONICAL_STORIES/CHARACTER_DATA/SHUN/VARIANT_10011.md,d24706b72de98cd005fd86ee908dc724092bb3896c08b653c47e881ca12110da,ADMITTED,series/blue-archive/02 Sequential Readings/BOND/BLUE_ARCHIVE_SHANHAIJING6_AND_SAYA_PHASE2_PRIVATE_CONTEXTUAL_ACCOUNT_20261008.md,REF:CYCLE008_ACCEPTED,REF:CYCLE008_SCOPE,unresolved,,REF:CYCLE008_LIMITS,UNASSESSED,REF:PRIVATE_PRIORITY,0,0,0
BA:character_data:10012:profile_and_dialog,character_data,MANDATORY_COMPLETE_REVIEW,02_CANONICAL_STORIES/CHARACTER_DATA/SUMIRE/VARIANT_10012.md,c457244deafee66c3a7fc2615748c2ef99c6e910b8602dce3cb73e4b770dce3b,ADMITTED,series/blue-archive/02 Sequential Readings/BOND/BLUE_ARCHIVE_SUMIRE_PHASE2_PRIVATE_CONTEXTUAL_ACCOUNT_20261008.md,REF:CYCLE008_ACCEPTED,REF:CYCLE008_SCOPE,unresolved,,REF:CYCLE008_LIMITS,UNASSESSED,REF:PRIVATE_PRIORITY,,,
BA:character_data:10013:profile_and_dialog,character_data,MANDATORY_COMPLETE_REVIEW,02_CANONICAL_STORIES/CHARACTER_DATA/TSURUGI/VARIANT_10013.md,2dab88ce1accce994b3ed94f97af9e3d1822a1b17bd817b5beab4bdb4abc6926,ADMITTED,series/blue-archive/02 Sequential Readings/BOND/BLUE_ARCHIVE_HASUMI_TSURUGI_PRIVATE_CONTEXTUALIZATION_CHECKPOINT.md,REF:CYCLE008_ACCEPTED,REF:CYCLE008_SCOPE,unresolved,,REF:CYCLE008_LIMITS,UNASSESSED,REF:PRIVATE_PRIORITY,,,
BA:character_data:10014:profile_and_dialog,character_data,MANDATORY_COMPLETE_REVIEW,02_CANONICAL_STORIES/CHARACTER_DATA/IZUNA/VARIANT_10014.md,1f6790c32ad977f7a09af68caeaba4620a4e016f91d4f57821206912703c79c5,ADMITTED,series/blue-archive/02 Sequential Readings/BOND/BLUE_ARCHIVE_NINJA_MICHIRU_IZUNA_TSUKUYO_PHASE2_PRIVATE_CONTEXTUAL_ACCOUNT_20261008.md,REF:CYCLE008_ACCEPTED,REF:CYCLE008_SCOPE,unresolved,,REF:CYCLE008_LIMITS,UNASSESSED,REF:PRIVATE_PRIORITY,,,
BA:character_data:10015:profile_and_dialog,character_data,MANDATORY_COMPLETE_REVIEW,02_CANONICAL_STORIES/CHARACTER_DATA/ARIS/VARIANT_10015.md,ee3b6e8e23e0a5b01825e722b7c44e37511d574029f548e62bb83291de8c167c,ADMITTED,series/blue-archive/02 Sequential Readings/BOND/BLUE_ARCHIVE_ALICE_PHASE2_PRIVATE_CONTEXTUAL_ACCOUNT_20261008.md,REF:CYCLE008_ACCEPTED,REF:CYCLE008_SCOPE,unresolved,,REF:CYCLE008_LIMITS,UNASSESSED,REF:PRIVATE_PRIORITY,,,
BA:character_data:10016:profile_and_dialog,character_data,MANDATORY_COMPLETE_REVIEW,02_CANONICAL_STORIES/CHARACTER_DATA/MIDORI/VARIANT_10016.md,0325c1c1732dbe131512f9920608256854ff61b62636de4f9f5846d65c71f051,ADMITTED,series/blue-archive/02 Sequential Readings/BOND/BLUE_ARCHIVE_MIDORI_PHASE2_PRIVATE_CONTEXTUAL_ACCOUNT_20261008.md,REF:CYCLE008_ACCEPTED,REF:CYCLE008_SCOPE,unresolved,,REF:CYCLE008_LIMITS,UNASSESSED,REF:PRIVATE_PRIORITY,,,
BA:character_data:10017:profile_and_dialog,character_data,MANDATORY_COMPLETE_REVIEW,02_CANONICAL_STORIES/CHARACTER_DATA/CHERINO/VARIANT_10017.md,4d1fbaa61d9264dbd954250879fe3dec563580df94a61df3d671037f8c1b6af2,ADMITTED,series/blue-archive/02 Sequential Readings/BOND/BLUE_ARCHIVE_RED_WINTER7_PHASE2_PRIVATE_CONTEXTUAL_ACCOUNT_20261008.md,REF:CYCLE008_ACCEPTED,REF:CYCLE008_SCOPE,unresolved,,REF:CYCLE008_LIMITS,UNASSESSED,REF:PRIVATE_PRIORITY,0,0,0
BA:character_data:10018:profile_and_dialog,character_data,MANDATORY_COMPLETE_REVIEW,02_CANONICAL_STORIES/CHARACTER_DATA/YUZU/VARIANT_10018.md,b452707d3222e040c1c56e50b6fcea64e2240ab5620aaec0462dae69eedbade0,ADMITTED,series/blue-archive/02 Sequential Readings/BOND/BLUE_ARCHIVE_YUZU_PHASE2_PRIVATE_CONTEXTUAL_ACCOUNT_20261008.md,REF:CYCLE008_ACCEPTED,REF:CYCLE008_SCOPE,unresolved,,REF:CYCLE008_LIMITS,UNASSESSED,REF:PRIVATE_PRIORITY,,,
BA:character_data:10019:profile_and_dialog,character_data,MANDATORY_COMPLETE_REVIEW,02_CANONICAL_STORIES/CHARACTER_DATA/AZUSA/VARIANT_10019.md,cb28d7675cbe8b9015fbea5482782e5a0c0acdc46a2bd94df86d1d9e8e89ae10,ADMITTED,series/blue-archive/02 Sequential Readings/BOND/AZUSA/BLUE_ARCHIVE_AZUSA_PRIVATE_CONTEXTUALIZATION_CHECKPOINT.md,REF:CYCLE008_ACCEPTED,REF:CYCLE008_SCOPE,unresolved,,REF:CYCLE008_LIMITS,UNASSESSED,REF:PRIVATE_PRIORITY,,,
BA:character_data:10020:profile_and_dialog,character_data,MANDATORY_COMPLETE_REVIEW,02_CANONICAL_STORIES/CHARACTER_DATA/KOHARU/VARIANT_10020.md,d200b17b290a75efdbe0efdcb789945261d419f73ddd12118ad46ad7d8c511f7,ADMITTED,series/blue-archive/02 Sequential Readings/BOND/KOHARU/BLUE_ARCHIVE_KOHARU_PRIVATE_CONTEXTUALIZATION_CHECKPOINT.md,REF:CYCLE008_ACCEPTED,REF:CYCLE008_SCOPE,unresolved,,REF:CYCLE008_LIMITS,UNASSESSED,REF:PRIVATE_PRIORITY,,,
BA:character_data:10021:profile_and_dialog,character_data,MANDATORY_COMPLETE_REVIEW,02_CANONICAL_STORIES/CHARACTER_DATA/AZUSA/VARIANT_10021.md,1ec95c9ff124175b3313c11d2fbf1f0b64ee972d8642877b29afe22006867687,ADMITTED,series/blue-archive/02 Sequential Readings/BOND/AZUSA/BLUE_ARCHIVE_AZUSA_PRIVATE_CONTEXTUALIZATION_CHECKPOINT.md,REF:CYCLE008_ACCEPTED,REF:CYCLE008_SCOPE,unresolved,,REF:CYCLE008_LIMITS,UNASSESSED,REF:PRIVATE_PRIORITY,,,
BA:character_data:10022:profile_and_dialog,character_data,MANDATORY_COMPLETE_REVIEW,02_CANONICAL_STORIES/CHARACTER_DATA/HINA/VARIANT_10022.md,da04f247154e53b991181fba4029711a7039715bdafb872c4f921b4c8fc5fa48,ADMITTED,series/blue-archive/02 Sequential Readings/BOND/BLUE_ARCHIVE_GEHENNA20_PHASE2_PRIVATE_CONTEXTUAL_ACCOUNT_20261008.md,REF:CYCLE008_ACCEPTED,REF:CYCLE008_SCOPE,unresolved,,REF:CYCLE008_LIMITS,UNASSESSED,REF:PRIVATE_PRIORITY,,,
BA:character_data:10023:profile_and_dialog,character_data,MANDATORY_COMPLETE_REVIEW,02_CANONICAL_STORIES/CHARACTER_DATA/IORI/VARIANT_10023.md,90e14108153767ef52c5de876e6895813d5ed28ac3e8bde7e09814619630ddc3,ADMITTED,series/blue-archive/02 Sequential Readings/BOND/BLUE_ARCHIVE_GEHENNA20_PHASE2_PRIVATE_CONTEXTUAL_ACCOUNT_20261008.md,REF:CYCLE008_ACCEPTED,REF:CYCLE008_SCOPE,unresolved,,REF:CYCLE008_LIMITS,UNASSESSED,REF:PRIVATE_PRIORITY,,,
BA:character_data:10024:profile_and_dialog,character_data,MANDATORY_COMPLETE_REVIEW,02_CANONICAL_STORIES/CHARACTER_DATA/SHIROKO/VARIANT_10024.md,3d5372f66967f52327cbfd158b9beea835ffe1a0dfae4a9b3e3aa18dc601dd21,ADMITTED,series/blue-archive/02 Sequential Readings/BOND/BLUE_ARCHIVE_SHIROKO_PHASE2_PRIVATE_CONTEXTUAL_ACCOUNT_20261008.md,REF:CYCLE008_ACCEPTED,REF:CYCLE008_SCOPE,unresolved,,REF:CYCLE008_LIMITS,UNASSESSED,REF:PRIVATE_PRIORITY,,,
BA:character_data:10025:profile_and_dialog,character_data,MANDATORY_COMPLETE_REVIEW,02_CANONICAL_STORIES/CHARACTER_DATA/SHUN/VARIANT_10025.md,08cc5d2bb757175936f73fd8bfe05aa322cb40b060d52df0fdc87b33923b76b5,ADMITTED,series/blue-archive/02 Sequential Readings/BOND/BLUE_ARCHIVE_SHANHAIJING6_AND_SAYA_PHASE2_PRIVATE_CONTEXTUAL_ACCOUNT_20261008.md,REF:CYCLE008_ACCEPTED,REF:CYCLE008_SCOPE,unresolved,,REF:CYCLE008_LIMITS,UNASSESSED,REF:PRIVATE_PRIORITY,0,0,0
BA:character_data:10026:profile_and_dialog,character_data,MANDATORY_COMPLETE_REVIEW,02_CANONICAL_STORIES/CHARACTER_DATA/NERU/VARIANT_10026.md,5eea5d3c65c8b2eb9c57c6a581161a5652e0e30fb7b2643f36a47ed8ea84bc9b,ADMITTED,series/blue-archive/02 Sequential Readings/BOND/BLUE_ARCHIVE_NERU_PHASE2_PRIVATE_CONTEXTUAL_ACCOUNT_20261008.md,REF:CYCLE008_ACCEPTED,REF:CYCLE008_SCOPE,unresolved,,REF:CYCLE008_LIMITS,UNASSESSED,REF:PRIVATE_PRIORITY,,,
BA:character_data:10027:profile_and_dialog,character_data,MANDATORY_COMPLETE_REVIEW,02_CANONICAL_STORIES/CHARACTER_DATA/KARIN/VARIANT_10027.md,52f35d3b2bde2a8250bf1276a5928dbf39e8a47b2ff12bb67eca9d79334d39aa,ADMITTED,series/blue-archive/02 Sequential Readings/BOND/BLUE_ARCHIVE_KARIN_PHASE2_PRIVATE_CONTEXTUAL_ACCOUNT_20261008.md,REF:CYCLE008_ACCEPTED,REF:CYCLE008_SCOPE,unresolved,,REF:CYCLE008_LIMITS,UNASSESSED,REF:PRIVATE_PRIORITY,,,
BA:character_data:10028:profile_and_dialog,character_data,MANDATORY_COMPLETE_REVIEW,02_CANONICAL_STORIES/CHARACTER_DATA/ASUNA/VARIANT_10028.md,19d0841dbe3dee828aaf64e132391914b4ee16e3e9d643b59e6c2f2a95f3d917,ADMITTED,series/blue-archive/02 Sequential Readings/BOND/BLUE_ARCHIVE_ASUNA_PHASE2_PRIVATE_CONTEXTUAL_ACCOUNT_20261008.md,REF:CYCLE008_ACCEPTED,REF:CYCLE008_SCOPE,unresolved,,REF:CYCLE008_LIMITS,UNASSESSED,REF:PRIVATE_PRIORITY,,,
BA:character_data:10029:profile_and_dialog,character_data,MANDATORY_COMPLETE_REVIEW,02_CANONICAL_STORIES/CHARACTER_DATA/CH0155/VARIANT_10029.md,690dc273b4643b6ff945940a7a0474ded21221104289f1eaf0693fc16a039c43,ADMITTED,series/blue-archive/02 Sequential Readings/BOND/BLUE_ARCHIVE_AIRI_KAZUSA_YOSHIMI_NATSU_PRIVATE_CONTEXTUALIZATION_CHECKPOINT.md,REF:CYCLE008_ACCEPTED,REF:CYCLE008_SCOPE,unresolved,,REF:CYCLE008_LIMITS,UNASSESSED,REF:PRIVATE_PRIORITY,,,
BA:character_data:10030:profile_and_dialog,character_data,MANDATORY_COMPLETE_REVIEW,02_CANONICAL_STORIES/CHARACTER_DATA/CHINATSU/VARIANT_10030.md,cf4fbf2ebd6b8297619a843b4504e04957625a0b44ecb5703bbec0fbf2366677,ADMITTED,series/blue-archive/02 Sequential Readings/BOND/BLUE_ARCHIVE_GEHENNA20_PHASE2_PRIVATE_CONTEXTUAL_ACCOUNT_20261008.md,REF:CYCLE008_ACCEPTED,REF:CYCLE008_SCOPE,unresolved,,REF:CYCLE008_LIMITS,UNASSESSED,REF:PRIVATE_PRIORITY,,,
BA:character_data:10031:profile_and_dialog,character_data,MANDATORY_COMPLETE_REVIEW,02_CANONICAL_STORIES/CHARACTER_DATA/ARU/VARIANT_10031.md,81aa9cd9bee9d5bc0d3207a5da75900d32481152263a88dd5edaf73802d3a6d5,ADMITTED,series/blue-archive/02 Sequential Readings/BOND/ARU/BLUE_ARCHIVE_ARU_PRIVATE_CONTEXTUALIZATION_CHECKPOINT.md,REF:CYCLE008_ACCEPTED,REF:CYCLE008_SCOPE,unresolved,,REF:CYCLE008_LIMITS,UNASSESSED,REF:PRIVATE_PRIORITY,,,
BA:character_data:10032:profile_and_dialog,character_data,MANDATORY_COMPLETE_REVIEW,02_CANONICAL_STORIES/CHARACTER_DATA/MUTSUKI/VARIANT_10032.md,fb319f96260e3e258799b18742c1007bf33ecf5e4c2365068562888a8dc7c674,ADMITTED,series/blue-archive/02 Sequential Readings/BOND/MUTSUKI/BLUE_ARCHIVE_MUTSUKI_PRIVATE_CONTEXTUALIZATION_CHECKPOINT.md,REF:CYCLE008_ACCEPTED,REF:CYCLE008_SCOPE,unresolved,,REF:CYCLE008_LIMITS,UNASSESSED,REF:PRIVATE_PRIORITY,,,
BA:character_data:10033:profile_and_dialog,character_data,MANDATORY_COMPLETE_REVIEW,02_CANONICAL_STORIES/CHARACTER_DATA/WAKAMO/VARIANT_10033.md,5a58c6e6f49b36b537ced22f9a69323c4e002e7c466bcb2be84c9c620478e2b8,ADMITTED,series/blue-archive/02 Sequential Readings/BOND/WAKAMO/BLUE_ARCHIVE_WAKAMO_PHASE2_PRIVATE_CONTEXTUAL_ACCOUNT_20261008.md,REF:CYCLE008_ACCEPTED,REF:CYCLE008_SCOPE,unresolved,,REF:CYCLE008_LIMITS,UNASSESSED,REF:PRIVATE_PRIORITY,,,
BA:character_data:10034:profile_and_dialog,character_data,MANDATORY_COMPLETE_REVIEW,02_CANONICAL_STORIES/CHARACTER_DATA/MIMORI/VARIANT_10034.md,05052913509112bacf329ff2c6a406c90650f3d51784054544c4179193d8e0bc,ADMITTED,series/blue-archive/02 Sequential Readings/BOND/BLUE_ARCHIVE_TRAINING_KAEDE_MIMORI_TSUBAKI_PHASE2_PRIVATE_CONTEXTUAL_ACCOUNT_20261008.md,REF:CYCLE008_ACCEPTED,REF:CYCLE008_SCOPE,unresolved,,REF:CYCLE008_LIMITS,UNASSESSED,REF:PRIVATE_PRIORITY,,,
BA:character_data:10035:profile_and_dialog,character_data,MANDATORY_COMPLETE_REVIEW,02_CANONICAL_STORIES/CHARACTER_DATA/CH0169/VARIANT_10035.md,4076ae01111738d41821bda1d6b8acf0e876f6224f3e2dd56a1ab55f649733cc,ADMITTED,series/blue-archive/02 Sequential Readings/BOND/BLUE_ARCHIVE_HINATA_UI_SHIMIKO_PRIVATE_CONTEXTUALIZATION_CHECKPOINT.md,REF:CYCLE008_ACCEPTED,REF:CYCLE008_SCOPE,unresolved,,REF:CYCLE008_LIMITS,UNASSESSED,REF:PRIVATE_PRIORITY,,,
BA:character_data:10036:profile_and_dialog,character_data,MANDATORY_COMPLETE_REVIEW,02_CANONICAL_STORIES/CHARACTER_DATA/HINATA/VARIANT_10036.md,52c5185d8bc66b0161d3a56c7846b56ef6e95bf2e41904b57221d4b250138bcd,ADMITTED,series/blue-archive/02 Sequential Readings/BOND/BLUE_ARCHIVE_HINATA_UI_SHIMIKO_PRIVATE_CONTEXTUALIZATION_CHECKPOINT.md,REF:CYCLE008_ACCEPTED,REF:CYCLE008_SCOPE,unresolved,,REF:CYCLE008_LIMITS,UNASSESSED,REF:PRIVATE_PRIORITY,,,
BA:character_data:10037:profile_and_dialog,character_data,MANDATORY_COMPLETE_REVIEW,02_CANONICAL_STORIES/CHARACTER_DATA/MARINA/VARIANT_10037.md,7c0e000609863b6eb77447a38094d2ee5c4721a635d5bc5a6518d8fb23f3a518,ADMITTED,series/blue-archive/02 Sequential Readings/BOND/BLUE_ARCHIVE_RED_WINTER7_PHASE2_PRIVATE_CONTEXTUAL_ACCOUNT_20261008.md,REF:CYCLE008_ACCEPTED,REF:CYCLE008_SCOPE,unresolved,,REF:CYCLE008_LIMITS,UNASSESSED,REF:PRIVATE_PRIORITY,0,0,0
BA:character_data:10038:profile_and_dialog,character_data,MANDATORY_COMPLETE_REVIEW,02_CANONICAL_STORIES/CHARACTER_DATA/MIYAKO/VARIANT_10038.md,7c65d4c6b8774a96c240a54cee1ca1cbc71fef8a705f9f654c2bc232eaf59549,ADMITTED,series/blue-archive/02 Sequential Readings/BOND/MIYAKO/BLUE_ARCHIVE_MIYAKO_PHASE2_PRIVATE_CONTEXTUAL_ACCOUNT_20261008.md,REF:CYCLE008_ACCEPTED,REF:CYCLE008_SCOPE,unresolved,,REF:CYCLE008_LIMITS,UNASSESSED,REF:PRIVATE_PRIORITY,,,
BA:character_data:10039:profile_and_dialog,character_data,MANDATORY_COMPLETE_REVIEW,02_CANONICAL_STORIES/CHARACTER_DATA/CH0145/VARIANT_10039.md,7a0e95d25e9ee4237d8b9ff8d4ab550f6985f15adb2d50358469eed4038fc692,ADMITTED,series/blue-archive/02 Sequential Readings/BOND/MIYU/BLUE_ARCHIVE_MIYU_PHASE2_PRIVATE_CONTEXTUAL_ACCOUNT_20261008.md,REF:CYCLE008_ACCEPTED,REF:CYCLE008_SCOPE,unresolved,,REF:CYCLE008_LIMITS,UNASSESSED,REF:PRIVATE_PRIORITY,,,
BA:character_data:10040:profile_and_dialog,character_data,MANDATORY_COMPLETE_REVIEW,02_CANONICAL_STORIES/CHARACTER_DATA/CH0114/VARIANT_10040.md,33c24d5f1f624d68f28d0170a684e8b80860013234ee24295482419804304d06,ADMITTED,series/blue-archive/02 Sequential Readings/BOND/BLUE_ARCHIVE_NINJA_MICHIRU_IZUNA_TSUKUYO_PHASE2_PRIVATE_CONTEXTUAL_ACCOUNT_20261008.md,REF:CYCLE008_ACCEPTED,REF:CYCLE008_SCOPE,unresolved,,REF:CYCLE008_LIMITS,UNASSESSED,REF:PRIVATE_PRIORITY,,,
BA:character_data:10041:profile_and_dialog,character_data,MANDATORY_COMPLETE_REVIEW,02_CANONICAL_STORIES/CHARACTER_DATA/MISAKI/VARIANT_10041.md,364bd9a00e6deccc88c2c71901fa61725d4292721bb0de7635fbfdac4949cc12,ADMITTED,series/blue-archive/02 Sequential Readings/BOND/BLUE_ARCHIVE_MISAKI_HIYORI_SUBARU_PRIVATE_CONTEXTUALIZATION_CHECKPOINT.md,REF:CYCLE008_ACCEPTED,REF:CYCLE008_SCOPE,unresolved,,REF:CYCLE008_LIMITS,UNASSESSED,REF:PRIVATE_PRIORITY,,,
BA:character_data:10042:profile_and_dialog,character_data,MANDATORY_COMPLETE_REVIEW,02_CANONICAL_STORIES/CHARACTER_DATA/ATSUKO/VARIANT_10042.md,9920a5f552aa9f942dee4d50478e88435537aa406000db9da8201cb77480ec80,ADMITTED,series/blue-archive/02 Sequential Readings/BOND/BLUE_ARCHIVE_SAORI_ATSUKO_PRIVATE_CONTEXTUALIZATION_CHECKPOINT.md,REF:CYCLE008_ACCEPTED,REF:CYCLE008_SCOPE,unresolved,,REF:CYCLE008_LIMITS,UNASSESSED,REF:PRIVATE_PRIORITY,,,
BA:character_data:10043:profile_and_dialog,character_data,MANDATORY_COMPLETE_REVIEW,02_CANONICAL_STORIES/CHARACTER_DATA/WAKAMO/VARIANT_10043.md,2f12a5de7b5f6860903533e12e5b6b130cc7d24f9c3fa22f23a41173d63c4fe7,ADMITTED,series/blue-archive/02 Sequential Readings/BOND/WAKAMO/BLUE_ARCHIVE_WAKAMO_PHASE2_PRIVATE_CONTEXTUAL_ACCOUNT_20261008.md,REF:CYCLE008_ACCEPTED,REF:CYCLE008_SCOPE,unresolved,,REF:CYCLE008_LIMITS,UNASSESSED,REF:PRIVATE_PRIORITY,,,
BA:character_data:10044:profile_and_dialog,character_data,MANDATORY_COMPLETE_REVIEW,02_CANONICAL_STORIES/CHARACTER_DATA/NONOMI/VARIANT_10044.md,2b11c2dbdfe596aa7c91482e9b6fe05eadb26a36d8048e599f8e2cc0674ece95,ADMITTED,series/blue-archive/02 Sequential Readings/BOND/BLUE_ARCHIVE_NONOMI_PHASE2_PRIVATE_CONTEXTUAL_ACCOUNT_20261008.md,REF:CYCLE008_ACCEPTED,REF:CYCLE008_SCOPE,unresolved,,REF:CYCLE008_LIMITS,UNASSESSED,REF:PRIVATE_PRIORITY,,,
BA:character_data:10045:profile_and_dialog,character_data,MANDATORY_COMPLETE_REVIEW,02_CANONICAL_STORIES/CHARACTER_DATA/HOSHINO/VARIANT_10045.md,56d7f79f11270f8e65f05356e50fa9fcc549620cda9b41f03c2b42bacec74a53,ADMITTED,series/blue-archive/02 Sequential Readings/BOND/BLUE_ARCHIVE_HOSHINO_PHASE2_PRIVATE_CONTEXTUAL_ACCOUNT_20261008.md,REF:CYCLE008_ACCEPTED,REF:CYCLE008_SCOPE,unresolved,,REF:CYCLE008_LIMITS,UNASSESSED,REF:PRIVATE_PRIORITY,,,
BA:character_data:10046:profile_and_dialog,character_data,MANDATORY_COMPLETE_REVIEW,02_CANONICAL_STORIES/CHARACTER_DATA/IZUNA/VARIANT_10046.md,804e345ca8d9267a14d2fc03ee4f4c62aae0e4e307bad1f406b3f17678d4696b,ADMITTED,series/blue-archive/02 Sequential Readings/BOND/BLUE_ARCHIVE_NINJA_MICHIRU_IZUNA_TSUKUYO_PHASE2_PRIVATE_CONTEXTUAL_ACCOUNT_20261008.md,REF:CYCLE008_ACCEPTED,REF:CYCLE008_SCOPE,unresolved,,REF:CYCLE008_LIMITS,UNASSESSED,REF:PRIVATE_PRIORITY,,,
BA:character_data:10047:profile_and_dialog,character_data,MANDATORY_COMPLETE_REVIEW,02_CANONICAL_STORIES/CHARACTER_DATA/CHISE/VARIANT_10047.md,0f8846a2c3f783afafe3106277fcf09c70bbbe8c5a454b8ce341c9a4e4bcf7c6,ADMITTED,series/blue-archive/02 Sequential Readings/BOND/BLUE_ARCHIVE_YINYANG_NIYA_KAHO_CHISE_PHASE2_PRIVATE_CONTEXTUAL_ACCOUNT_20261008.md,REF:CYCLE008_ACCEPTED,REF:CYCLE008_SCOPE,unresolved,,REF:CYCLE008_LIMITS,UNASSESSED,REF:PRIVATE_PRIORITY,,,
BA:character_data:10048:profile_and_dialog,character_data,MANDATORY_COMPLETE_REVIEW,02_CANONICAL_STORIES/CHARACTER_DATA/SAORI/VARIANT_10048.md,c864ee9dc6ae98d95119c3cae2d895f0adb8d68f3b0594af18241401114b1ee6,ADMITTED,series/blue-archive/02 Sequential Readings/BOND/BLUE_ARCHIVE_SAORI_ATSUKO_PRIVATE_CONTEXTUALIZATION_CHECKPOINT.md,REF:CYCLE008_ACCEPTED,REF:CYCLE008_SCOPE,unresolved,,REF:CYCLE008_LIMITS,UNASSESSED,REF:PRIVATE_PRIORITY,,,
BA:character_data:10049:profile_and_dialog,character_data,MANDATORY_COMPLETE_REVIEW,02_CANONICAL_STORIES/CHARACTER_DATA/KAZUSA/VARIANT_10049.md,583245773feac5ecf11b4a554c70a82d457a6988295b0e9a8aefa14be0e5a0e1,ADMITTED,series/blue-archive/02 Sequential Readings/BOND/BLUE_ARCHIVE_AIRI_KAZUSA_YOSHIMI_NATSU_PRIVATE_CONTEXTUALIZATION_CHECKPOINT.md,REF:CYCLE008_ACCEPTED,REF:CYCLE008_SCOPE,unresolved,,REF:CYCLE008_LIMITS,UNASSESSED,REF:PRIVATE_PRIORITY,,,
BA:character_data:10050:profile_and_dialog,character_data,MANDATORY_COMPLETE_REVIEW,02_CANONICAL_STORIES/CHARACTER_DATA/CH0137/VARIANT_10050.md,1d9f074eda3127d9b2dd90db7cc8aa00e45f4db150e0fc79d93bdadd7c45a7a3,ADMITTED,series/blue-archive/02 Sequential Readings/BOND/BLUE_ARCHIVE_SHANHAIJING6_AND_SAYA_PHASE2_PRIVATE_CONTEXTUAL_ACCOUNT_20261008.md,REF:CYCLE008_ACCEPTED,REF:CYCLE008_SCOPE,unresolved,,REF:CYCLE008_LIMITS,UNASSESSED,REF:PRIVATE_PRIORITY,0,0,0
BA:character_data:10051:profile_and_dialog,character_data,MANDATORY_COMPLETE_REVIEW,02_CANONICAL_STORIES/CHARACTER_DATA/UTAHA/VARIANT_10051.md,bd624872b83539a2a0b5cbbc066a889a9e8c845d5480c9d8b90788dd7fc72009,ADMITTED,series/blue-archive/02 Sequential Readings/BOND/BLUE_ARCHIVE_UTAHA_PHASE2_PRIVATE_CONTEXTUAL_ACCOUNT_20261008.md,REF:CYCLE008_ACCEPTED,REF:CYCLE008_SCOPE,unresolved,,REF:CYCLE008_LIMITS,UNASSESSED,REF:PRIVATE_PRIORITY,,,
BA:character_data:10052:profile_and_dialog,character_data,MANDATORY_COMPLETE_REVIEW,02_CANONICAL_STORIES/CHARACTER_DATA/CH0095/VARIANT_10052.md,a6aec17b5c6d75c88d2848f3890b8bca31c9330421d4d3a2a99ec1a7e4f54561,ADMITTED,series/blue-archive/02 Sequential Readings/BOND/BLUE_ARCHIVE_NOA_PHASE2_PRIVATE_CONTEXTUAL_ACCOUNT_20261008.md,REF:CYCLE008_ACCEPTED,REF:CYCLE008_SCOPE,unresolved,,REF:CYCLE008_LIMITS,UNASSESSED,REF:PRIVATE_PRIORITY,,,
BA:character_data:10053:profile_and_dialog,character_data,MANDATORY_COMPLETE_REVIEW,02_CANONICAL_STORIES/CHARACTER_DATA/YUUKA/VARIANT_10053.md,e29a710be158f495bd7374a8494e0d72d985983ad76468f723da541b5f74dfcc,ADMITTED,series/blue-archive/02 Sequential Readings/BOND/YUUKA/BLUE_ARCHIVE_YUUKA_PRIVATE_CONTEXTUALIZATION_CHECKPOINT.md,REF:CYCLE008_ACCEPTED,REF:CYCLE008_SCOPE,unresolved,,REF:CYCLE008_LIMITS,UNASSESSED,REF:PRIVATE_PRIORITY,,,
BA:character_data:10054:profile_and_dialog,character_data,MANDATORY_COMPLETE_REVIEW,02_CANONICAL_STORIES/CHARACTER_DATA/MARI/VARIANT_10054.md,da0815ce41a08edabd8d0085cb3f6454ade066f67a4c97be31143c0832205c7f,ADMITTED,series/blue-archive/02 Sequential Readings/BOND/BLUE_ARCHIVE_SAKURAKO_MARI_PRIVATE_CONTEXTUALIZATION_CHECKPOINT.md,REF:CYCLE008_ACCEPTED,REF:CYCLE008_SCOPE,unresolved,,REF:CYCLE008_LIMITS,UNASSESSED,REF:PRIVATE_PRIORITY,,,
BA:character_data:10055:profile_and_dialog,character_data,MANDATORY_COMPLETE_REVIEW,02_CANONICAL_STORIES/CHARACTER_DATA/SHIGURE/VARIANT_10055.md,2bdd8dd81b53e6bc6743d112b3a59b5a9369f14c0dac65b8115cdb4ab985a794,ADMITTED,series/blue-archive/02 Sequential Readings/BOND/BLUE_ARCHIVE_RED_WINTER7_PHASE2_PRIVATE_CONTEXTUAL_ACCOUNT_20261008.md,REF:CYCLE008_ACCEPTED,REF:CYCLE008_SCOPE,unresolved,,REF:CYCLE008_LIMITS,UNASSESSED,REF:PRIVATE_PRIORITY,0,0,0
BA:character_data:10056:profile_and_dialog,character_data,MANDATORY_COMPLETE_REVIEW,02_CANONICAL_STORIES/CHARACTER_DATA/SERINA/VARIANT_10056.md,25f89284742307c4eecf3f28a0c2aac3f68605ed1a7a8f044f21e19b77e18062,ADMITTED,series/blue-archive/02 Sequential Readings/BOND/SERINA/BLUE_ARCHIVE_SERINA_PRIVATE_CONTEXTUALIZATION_CHECKPOINT.md,REF:ORIGINAL_ADMISSION_RECORD_0001,REF:ORIGINAL_ADMITTED_CLAIM_SCOPE_0083,UNRESOLVED_MAIN_PLACEMENT,Independent gated written contexts; no main or variant order.,REF:ORIGINAL_ATTRIBUTION_LIMITS_0003,CORE,REF:ORIGINAL_PRIORITY_REASON_0004,,,
BA:character_data:10057:profile_and_dialog,character_data,MANDATORY_COMPLETE_REVIEW,02_CANONICAL_STORIES/CHARACTER_DATA/HARUNA/VARIANT_10057.md,19f9b1f298b4987562c54ac4ad8806dfd80c41fc2135cb37f13dab315dbc8564,ADMITTED,series/blue-archive/02 Sequential Readings/BOND/BLUE_ARCHIVE_GEHENNA20_PHASE2_PRIVATE_CONTEXTUAL_ACCOUNT_20261008.md,REF:CYCLE008_ACCEPTED,REF:CYCLE008_SCOPE,unresolved,,REF:CYCLE008_LIMITS,UNASSESSED,REF:PRIVATE_PRIORITY,,,
BA:character_data:10058:profile_and_dialog,character_data,MANDATORY_COMPLETE_REVIEW,02_CANONICAL_STORIES/CHARACTER_DATA/CH0152/VARIANT_10058.md,5524fa30c3154a6b14a63846343042c61aa2719f05f9031755a9332240f9c0d0,ADMITTED,series/blue-archive/02 Sequential Readings/BOND/MINE/BLUE_ARCHIVE_MINE_PRIVATE_CONTEXTUALIZATION_CHECKPOINT.md,REF:ORIGINAL_ADMISSION_RECORD_0007,REF:ORIGINAL_ADMITTED_CLAIM_SCOPE_0084,UNRESOLVED_MAIN_PLACEMENT,"10058/CH0152 normal written categories, unlocks and dates only; no main date or performed-act ordering.",REF:ORIGINAL_ATTRIBUTION_LIMITS_0085,CORE,REF:ORIGINAL_PRIORITY_REASON_0086,,,
BA:character_data:10059:profile_and_dialog,character_data,MANDATORY_COMPLETE_REVIEW,02_CANONICAL_STORIES/CHARACTER_DATA/CH0069/VARIANT_10059.md,267881152dcc2a1ee47543ba20d536500fd5f9ba526e2690a1033b0b3b062840,ADMITTED,series/blue-archive/02 Sequential Readings/BOND/MIKA/BLUE_ARCHIVE_MIKA_PRIVATE_CONTEXTUALIZATION_CHECKPOINT.md,REF:CYCLE008_ACCEPTED,REF:CYCLE008_SCOPE,unresolved,,REF:CYCLE008_LIMITS,UNASSESSED,REF:PRIVATE_PRIORITY,,,
BA:character_data:10060:profile_and_dialog,character_data,MANDATORY_COMPLETE_REVIEW,02_CANONICAL_STORIES/CHARACTER_DATA/CH0088/VARIANT_10060.md,1bb7c7502c82150181c43d7e0b46ebae7e6353ef2ea72313ea7cfd0b2a176feb,ADMITTED,series/blue-archive/02 Sequential Readings/BOND/BLUE_ARCHIVE_GEHENNA20_PHASE2_PRIVATE_CONTEXTUAL_ACCOUNT_20261008.md,REF:CYCLE008_ACCEPTED,REF:CYCLE008_SCOPE,unresolved,,REF:CYCLE008_LIMITS,UNASSESSED,REF:PRIVATE_PRIORITY,,,
BA:character_data:10061:profile_and_dialog,character_data,MANDATORY_COMPLETE_REVIEW,02_CANONICAL_STORIES/CHARACTER_DATA/SAKURAKO/VARIANT_10061.md,4f18beca070fde04836cac3db409b874ad7706338ab64f9876e66eca27f145f8,ADMITTED,series/blue-archive/02 Sequential Readings/BOND/BLUE_ARCHIVE_SAKURAKO_MARI_PRIVATE_CONTEXTUALIZATION_CHECKPOINT.md,REF:CYCLE008_ACCEPTED,REF:CYCLE008_SCOPE,unresolved,,REF:CYCLE008_LIMITS,UNASSESSED,REF:PRIVATE_PRIORITY,,,
BA:character_data:10062:profile_and_dialog,character_data,MANDATORY_COMPLETE_REVIEW,02_CANONICAL_STORIES/CHARACTER_DATA/CH0187/VARIANT_10062.md,96a5501ca038e36ba66ca31e862cbb45d68dd6c9c67d5029abff9f4523c4dc78,ADMITTED,series/blue-archive/02 Sequential Readings/BOND/BLUE_ARCHIVE_TOKI_PHASE2_PRIVATE_CONTEXTUAL_ACCOUNT_20261008.md,REF:CYCLE008_ACCEPTED,REF:CYCLE008_SCOPE,unresolved,,REF:CYCLE008_LIMITS,UNASSESSED,REF:PRIVATE_PRIORITY,,,
BA:character_data:10063:profile_and_dialog,character_data,MANDATORY_COMPLETE_REVIEW,02_CANONICAL_STORIES/CHARACTER_DATA/CH0198/VARIANT_10063.md,c996ba3144d27ac30b1a41e7a5c08303cc9db397bd47b0c58ab6093bcb7daeff,ADMITTED,series/blue-archive/02 Sequential Readings/BOND/BLUE_ARCHIVE_KOYUKI_PHASE2_PRIVATE_CONTEXTUAL_ACCOUNT_20261008.md,REF:CYCLE008_ACCEPTED,REF:CYCLE008_SCOPE,unresolved,,REF:CYCLE008_LIMITS,UNASSESSED,REF:PRIVATE_PRIORITY,,,
BA:character_data:10064:profile_and_dialog,character_data,MANDATORY_COMPLETE_REVIEW,02_CANONICAL_STORIES/CHARACTER_DATA/KAYOKO/VARIANT_10064.md,533a5134f1c241dcc30591ffdb1250e78de72c7f3d48d112fbb0b29d61ba5317,ADMITTED,series/blue-archive/02 Sequential Readings/BOND/KAYOKO/BLUE_ARCHIVE_KAYOKO_PRIVATE_CONTEXTUALIZATION_CHECKPOINT.md,REF:CYCLE008_ACCEPTED,REF:CYCLE008_SCOPE,unresolved,,REF:CYCLE008_LIMITS,UNASSESSED,REF:PRIVATE_PRIORITY,,,
BA:character_data:10065:profile_and_dialog,character_data,MANDATORY_COMPLETE_REVIEW,02_CANONICAL_STORIES/CHARACTER_DATA/CH0107/VARIANT_10065.md,bcf5199a8d8bcc45b186f1e90b72df6cc092d0dec304cc8b40c3973b30695fc7,ADMITTED,series/blue-archive/02 Sequential Readings/BOND/BLUE_ARCHIVE_YINYANG_NIYA_KAHO_CHISE_PHASE2_PRIVATE_CONTEXTUAL_ACCOUNT_20261008.md,REF:CYCLE008_ACCEPTED,REF:CYCLE008_SCOPE,unresolved,,REF:CYCLE008_LIMITS,UNASSESSED,REF:PRIVATE_PRIORITY,,,
BA:character_data:10066:profile_and_dialog,character_data,MANDATORY_COMPLETE_REVIEW,02_CANONICAL_STORIES/CHARACTER_DATA/ARIS/VARIANT_10066.md,f6dda7d4de8345f6b11a2d4566d5d1767746dfde05dfbaa1d75f0c017d92c0d1,ADMITTED,series/blue-archive/02 Sequential Readings/BOND/BLUE_ARCHIVE_ALICE_PHASE2_PRIVATE_CONTEXTUAL_ACCOUNT_20261008.md,REF:CYCLE008_ACCEPTED,REF:CYCLE008_SCOPE,unresolved,,REF:CYCLE008_LIMITS,UNASSESSED,REF:PRIVATE_PRIORITY,,,
BA:character_data:10067:profile_and_dialog,character_data,MANDATORY_COMPLETE_REVIEW,02_CANONICAL_STORIES/CHARACTER_DATA/CH0187/VARIANT_10067.md,ebe193704599caf7f30ff066a7a173793f225f27a78790a9c6b83f4ff3c9a32a,ADMITTED,series/blue-archive/02 Sequential Readings/BOND/BLUE_ARCHIVE_TOKI_PHASE2_PRIVATE_CONTEXTUAL_ACCOUNT_20261008.md,REF:CYCLE008_ACCEPTED,REF:CYCLE008_SCOPE,unresolved,,REF:CYCLE008_LIMITS,UNASSESSED,REF:PRIVATE_PRIORITY,,,
BA:character_data:10068:profile_and_dialog,character_data,MANDATORY_COMPLETE_REVIEW,02_CANONICAL_STORIES/CHARACTER_DATA/CH0167/VARIANT_10068.md,450761a17b3254d47444c59e8744afd72ebea08575d00a79876d9e8a0070f112,ADMITTED,series/blue-archive/02 Sequential Readings/BOND/BLUE_ARCHIVE_SUZUMI_REISA_ICHIKA_PRIVATE_CONTEXTUALIZATION_CHECKPOINT.md,REF:CYCLE008_ACCEPTED,REF:CYCLE008_SCOPE,unresolved,,REF:CYCLE008_LIMITS,UNASSESSED,REF:PRIVATE_PRIORITY,,,
BA:character_data:10069:profile_and_dialog,character_data,MANDATORY_COMPLETE_REVIEW,02_CANONICAL_STORIES/CHARACTER_DATA/CH0135/VARIANT_10069.md,bb465677ee938ba13c7b748ed0fe07eb5e81c3b5c92e838c31251fc13e9340cb,ADMITTED,series/blue-archive/02 Sequential Readings/BOND/BLUE_ARCHIVE_SHANHAIJING6_AND_SAYA_PHASE2_PRIVATE_CONTEXTUAL_ACCOUNT_20261008.md,REF:CYCLE008_ACCEPTED,REF:CYCLE008_SCOPE,unresolved,,REF:CYCLE008_LIMITS,UNASSESSED,REF:PRIVATE_PRIORITY,0,0,0
BA:character_data:10070:profile_and_dialog,character_data,MANDATORY_COMPLETE_REVIEW,02_CANONICAL_STORIES/CHARACTER_DATA/CH0138/VARIANT_10070.md,1f5d5a93322e55e70e22fcc36a2fc1aa74dc2ed277cc2c3dd39402af30ad7c10,ADMITTED,series/blue-archive/02 Sequential Readings/BOND/BLUE_ARCHIVE_SHANHAIJING6_AND_SAYA_PHASE2_PRIVATE_CONTEXTUAL_ACCOUNT_20261008.md,REF:CYCLE008_ACCEPTED,REF:CYCLE008_SCOPE,unresolved,,REF:CYCLE008_LIMITS,UNASSESSED,REF:PRIVATE_PRIORITY,0,0,0
BA:character_data:10071:profile_and_dialog,character_data,MANDATORY_COMPLETE_REVIEW,02_CANONICAL_STORIES/CHARACTER_DATA/MIYAKO/VARIANT_10071.md,62e4408b5bbb74bd3aaa51e0301ce71c54f69cb3c2b634b943afdc76cf84f7b9,ADMITTED,series/blue-archive/02 Sequential Readings/BOND/MIYAKO/BLUE_ARCHIVE_MIYAKO_PHASE2_PRIVATE_CONTEXTUAL_ACCOUNT_20261008.md,REF:CYCLE008_ACCEPTED,REF:CYCLE008_SCOPE,unresolved,,REF:CYCLE008_LIMITS,UNASSESSED,REF:PRIVATE_PRIORITY,,,
BA:character_data:10072:profile_and_dialog,character_data,MANDATORY_COMPLETE_REVIEW,02_CANONICAL_STORIES/CHARACTER_DATA/CH0144/VARIANT_10072.md,61b051f1600d9114bd9e610ca4c17a975b187f32aef048c6d3e7e249db6d2c45,ADMITTED,series/blue-archive/02 Sequential Readings/BOND/SAKI/BLUE_ARCHIVE_SAKI_PHASE2_PRIVATE_CONTEXTUAL_ACCOUNT_20261008.md,REF:CYCLE008_ACCEPTED,REF:CYCLE008_SCOPE,unresolved,,REF:CYCLE008_LIMITS,UNASSESSED,REF:PRIVATE_PRIORITY,,,
BA:character_data:10073:profile_and_dialog,character_data,MANDATORY_COMPLETE_REVIEW,02_CANONICAL_STORIES/CHARACTER_DATA/CH0169/VARIANT_10073.md,11943206634e59a7afeb08acb3bafca6d0e5da4211d8aabc48e05f7621934b87,ADMITTED,series/blue-archive/02 Sequential Readings/BOND/BLUE_ARCHIVE_HINATA_UI_SHIMIKO_PRIVATE_CONTEXTUALIZATION_CHECKPOINT.md,REF:CYCLE008_ACCEPTED,REF:CYCLE008_SCOPE,unresolved,,REF:CYCLE008_LIMITS,UNASSESSED,REF:PRIVATE_PRIORITY,,,
BA:character_data:10074:profile_and_dialog,character_data,MANDATORY_COMPLETE_REVIEW,02_CANONICAL_STORIES/CHARACTER_DATA/HANAKO/VARIANT_10074.md,7df68f9a7a6f639867371a0bb3f4986eae36160c9deb8bb8d884480eed7a5cea,ADMITTED,series/blue-archive/02 Sequential Readings/BOND/HANAKO/BLUE_ARCHIVE_HANAKO_PRIVATE_CONTEXTUALIZATION_CHECKPOINT.md,REF:CYCLE008_ACCEPTED,REF:CYCLE008_SCOPE,unresolved,,REF:CYCLE008_LIMITS,UNASSESSED,REF:PRIVATE_PRIORITY,,,
BA:character_data:10075:profile_and_dialog,character_data,MANDATORY_COMPLETE_REVIEW,02_CANONICAL_STORIES/CHARACTER_DATA/CH0124/VARIANT_10075.md,3e7cf79d67079d92f632d47197ac9a71e3454600c50ea6e662fdac12e7d93f4b,ADMITTED,series/blue-archive/02 Sequential Readings/BOND/BLUE_ARCHIVE_RED_WINTER7_PHASE2_PRIVATE_CONTEXTUAL_ACCOUNT_20261008.md,REF:CYCLE008_ACCEPTED,REF:CYCLE008_SCOPE,unresolved,,REF:CYCLE008_LIMITS,UNASSESSED,REF:PRIVATE_PRIORITY,0,0,0
BA:character_data:10076:profile_and_dialog,character_data,MANDATORY_COMPLETE_REVIEW,02_CANONICAL_STORIES/CHARACTER_DATA/KOTORI/VARIANT_10076.md,05907b4570a2a334965bdb4f7a7165b50d3a7d0c64702e399a4145b4392d6bfb,ADMITTED,series/blue-archive/02 Sequential Readings/BOND/BLUE_ARCHIVE_KOTORI_PHASE2_PRIVATE_CONTEXTUAL_ACCOUNT_20261008.md,REF:CYCLE008_ACCEPTED,REF:CYCLE008_SCOPE,unresolved,,REF:CYCLE008_LIMITS,UNASSESSED,REF:PRIVATE_PRIORITY,,,
BA:character_data:10077:profile_and_dialog,character_data,MANDATORY_COMPLETE_REVIEW,02_CANONICAL_STORIES/CHARACTER_DATA/CH0071/VARIANT_10077.md,5ee3a892dd2d0ef1ab862aa40bf34393a7e684183978b55d7168d57a1ee13a84,ADMITTED,series/blue-archive/02 Sequential Readings/BOND/BLUE_ARCHIVE_SUZUMI_REISA_ICHIKA_PRIVATE_CONTEXTUALIZATION_CHECKPOINT.md,REF:CYCLE008_ACCEPTED,REF:CYCLE008_SCOPE,unresolved,,REF:CYCLE008_LIMITS,UNASSESSED,REF:PRIVATE_PRIORITY,,,
BA:character_data:10078:profile_and_dialog,character_data,MANDATORY_COMPLETE_REVIEW,02_CANONICAL_STORIES/CHARACTER_DATA/CH0089/VARIANT_10078.md,82106605923027abd532e67f6c0aa9089352e3d58b9dbdb6bc458d826d3f3599,ADMITTED,series/blue-archive/02 Sequential Readings/BOND/BLUE_ARCHIVE_GEHENNA20_PHASE2_PRIVATE_CONTEXTUAL_ACCOUNT_20261008.md,REF:CYCLE008_ACCEPTED,REF:CYCLE008_SCOPE,unresolved,,REF:CYCLE008_LIMITS,UNASSESSED,REF:PRIVATE_PRIORITY,,,
BA:character_data:10079:profile_and_dialog,character_data,MANDATORY_COMPLETE_REVIEW,02_CANONICAL_STORIES/CHARACTER_DATA/CH9998/VARIANT_10079.md,b3bae01975a4372c424b3b9cf99adf34a3dc79d9a4a4d5214dd2b6fdee4330f2,ADMITTED,series/blue-archive/02 Sequential Readings/BOND/BLUE_ARCHIVE_COLLABORATION4_PHASE2_PRIVATE_AND_MODE_CONTEXTUAL_ACCOUNT_20261009.md,REF:CYCLE008_ACCEPTED,REF:CYCLE008_SCOPE,unresolved,,REF:CYCLE008_LIMITS;REF:NEW80_ROOT_QUALIFIED;REF:NEW80_IDENTITY_MODES,UNASSESSED,REF:PRIVATE_PRIORITY,,,
BA:character_data:10080:profile_and_dialog,character_data,MANDATORY_COMPLETE_REVIEW,02_CANONICAL_STORIES/CHARACTER_DATA/CH9997/VARIANT_10080.md,270d0f408cb9abb687b6510c2d7444026f4e9c714e4e67570d14c4a399388469,ADMITTED,series/blue-archive/02 Sequential Readings/BOND/BLUE_ARCHIVE_COLLABORATION4_PHASE2_PRIVATE_AND_MODE_CONTEXTUAL_ACCOUNT_20261009.md,REF:CYCLE008_ACCEPTED,REF:CYCLE008_SCOPE,unresolved,,REF:CYCLE008_LIMITS;REF:NEW80_ROOT_QUALIFIED;REF:NEW80_IDENTITY_MODES,UNASSESSED,REF:PRIVATE_PRIORITY,,,
BA:character_data:10081:profile_and_dialog,character_data,MANDATORY_COMPLETE_REVIEW,02_CANONICAL_STORIES/CHARACTER_DATA/CH0161/VARIANT_10081.md,a8149ea8bbd26e0ea567a877d7de6df98a58737086a9107e769d2031e252365c,ADMITTED,series/blue-archive/02 Sequential Readings/BOND/BLUE_ARCHIVE_HYAKKA_YUKARI_NAGUSA_KIKYOU_RENGE_PHASE2_PRIVATE_CONTEXTUAL_ACCOUNT_20261008.md,REF:CYCLE008_ACCEPTED,REF:CYCLE008_SCOPE,unresolved,,REF:CYCLE008_LIMITS,UNASSESSED,REF:PRIVATE_PRIORITY,,,
BA:character_data:10082:profile_and_dialog,character_data,MANDATORY_COMPLETE_REVIEW,02_CANONICAL_STORIES/CHARACTER_DATA/CH0224/VARIANT_10082.md,c9e4dd21ba5ac43bba6f284c83e184a40b049affbf45f056e8ec679cb18182d6,ADMITTED,series/blue-archive/02 Sequential Readings/BOND/BLUE_ARCHIVE_HYAKKA_YUKARI_NAGUSA_KIKYOU_RENGE_PHASE2_PRIVATE_CONTEXTUAL_ACCOUNT_20261008.md,REF:CYCLE008_ACCEPTED,REF:CYCLE008_SCOPE,unresolved,,REF:CYCLE008_LIMITS,UNASSESSED,REF:PRIVATE_PRIORITY,,,
BA:character_data:10083:profile_and_dialog,character_data,MANDATORY_COMPLETE_REVIEW,02_CANONICAL_STORIES/CHARACTER_DATA/CH0225/VARIANT_10083.md,8dae5299815ac8e4fc632b2fb93fd0b23623f34f90bebd52a0ed12d9a74a5935,ADMITTED,series/blue-archive/02 Sequential Readings/BOND/BLUE_ARCHIVE_HYAKKA_YUKARI_NAGUSA_KIKYOU_RENGE_PHASE2_PRIVATE_CONTEXTUAL_ACCOUNT_20261008.md,REF:CYCLE008_ACCEPTED,REF:CYCLE008_SCOPE,unresolved,,REF:CYCLE008_LIMITS,UNASSESSED,REF:PRIVATE_PRIORITY,,,
BA:character_data:10084:profile_and_dialog,character_data,MANDATORY_COMPLETE_REVIEW,02_CANONICAL_STORIES/CHARACTER_DATA/KOTAMA/VARIANT_10084.md,462f7d04c0706e00f2f5793a67a837dbe930a7349e5cad504a756469f25919ce,ADMITTED,series/blue-archive/02 Sequential Readings/BOND/BLUE_ARCHIVE_KOTAMA_PHASE2_PRIVATE_CONTEXTUAL_ACCOUNT_20261008.md,REF:CYCLE008_ACCEPTED,REF:CYCLE008_SCOPE,unresolved,,REF:CYCLE008_LIMITS,UNASSESSED,REF:PRIVATE_PRIORITY,,,
BA:character_data:10085:profile_and_dialog,character_data,MANDATORY_COMPLETE_REVIEW,02_CANONICAL_STORIES/CHARACTER_DATA/HARE/VARIANT_10085.md,dcac2be9c8eb9290a84c3dc2a84a527403b33a9faba394f654fdb238638c3716,ADMITTED,series/blue-archive/02 Sequential Readings/BOND/BLUE_ARCHIVE_HARE_PHASE2_PRIVATE_CONTEXTUAL_ACCOUNT_20261008.md,REF:CYCLE008_ACCEPTED,REF:CYCLE008_SCOPE,unresolved,,REF:CYCLE008_LIMITS,UNASSESSED,REF:PRIVATE_PRIORITY,,,
BA:character_data:10086:profile_and_dialog,character_data,MANDATORY_COMPLETE_REVIEW,02_CANONICAL_STORIES/CHARACTER_DATA/HINA/VARIANT_10086.md,e11933a23027ba9ef554e5da99b19b6778c3f9a509fdd1cebe9d4605a3505d78,ADMITTED,series/blue-archive/02 Sequential Readings/BOND/BLUE_ARCHIVE_GEHENNA20_PHASE2_PRIVATE_CONTEXTUAL_ACCOUNT_20261008.md,REF:CYCLE008_ACCEPTED,REF:CYCLE008_SCOPE,unresolved,,REF:CYCLE008_LIMITS,UNASSESSED,REF:PRIVATE_PRIORITY,,,
BA:character_data:10087:profile_and_dialog,character_data,MANDATORY_COMPLETE_REVIEW,02_CANONICAL_STORIES/CHARACTER_DATA/AKO/VARIANT_10087.md,5796eb54ccc4d099993dbb1a30f89805bef5a2c22956e59f255151693ac94189,ADMITTED,series/blue-archive/02 Sequential Readings/BOND/BLUE_ARCHIVE_GEHENNA20_PHASE2_PRIVATE_CONTEXTUAL_ACCOUNT_20261008.md,REF:CYCLE008_ACCEPTED,REF:CYCLE008_SCOPE,unresolved,,REF:CYCLE008_LIMITS,UNASSESSED,REF:PRIVATE_PRIORITY,,,
BA:character_data:10088:profile_and_dialog,character_data,MANDATORY_COMPLETE_REVIEW,02_CANONICAL_STORIES/CHARACTER_DATA/KAYOKO/VARIANT_10088.md,8a5197785dace525061172fb2cb26dc6fdaeaa1667c6e53cb7249325e3bd7ed7,ADMITTED,series/blue-archive/02 Sequential Readings/BOND/KAYOKO/BLUE_ARCHIVE_KAYOKO_PRIVATE_CONTEXTUALIZATION_CHECKPOINT.md,REF:CYCLE008_ACCEPTED,REF:CYCLE008_SCOPE,unresolved,,REF:CYCLE008_LIMITS,UNASSESSED,REF:PRIVATE_PRIORITY,,,
BA:character_data:10089:profile_and_dialog,character_data,MANDATORY_COMPLETE_REVIEW,02_CANONICAL_STORIES/CHARACTER_DATA/ARU/VARIANT_10089.md,c9bfaad3bef1e1178fe227fbe97f0844c265b585f987c4815ffece7489685362,ADMITTED,series/blue-archive/02 Sequential Readings/BOND/ARU/BLUE_ARCHIVE_ARU_PRIVATE_CONTEXTUALIZATION_CHECKPOINT.md,REF:CYCLE008_ACCEPTED,REF:CYCLE008_SCOPE,unresolved,,REF:CYCLE008_LIMITS,UNASSESSED,REF:PRIVATE_PRIORITY,,,
BA:character_data:10090:profile_and_dialog,character_data,MANDATORY_COMPLETE_REVIEW,02_CANONICAL_STORIES/CHARACTER_DATA/CH0110/VARIANT_10090.md,a502e416844cb6c084ca089289dfbfb8fd889a28e19c202c01ea06185a2484d4,ADMITTED,series/blue-archive/02 Sequential Readings/BOND/BLUE_ARCHIVE_FESTIVAL_SHIZUKO_FINA_UMIKA_PHASE2_PRIVATE_CONTEXTUAL_ACCOUNT_20261008.md,REF:CYCLE008_ACCEPTED,REF:CYCLE008_SCOPE,unresolved,,REF:CYCLE008_LIMITS,UNASSESSED,REF:PRIVATE_PRIORITY,,,
BA:character_data:10091:profile_and_dialog,character_data,MANDATORY_COMPLETE_REVIEW,02_CANONICAL_STORIES/CHARACTER_DATA/KAZUSA/VARIANT_10091.md,7129d730f56d6513cee0e2fe61b1318a6d009de895170377314f90a6d353f4b7,ADMITTED,series/blue-archive/02 Sequential Readings/BOND/BLUE_ARCHIVE_AIRI_KAZUSA_YOSHIMI_NATSU_PRIVATE_CONTEXTUALIZATION_CHECKPOINT.md,REF:CYCLE008_ACCEPTED,REF:CYCLE008_SCOPE,unresolved,,REF:CYCLE008_LIMITS,UNASSESSED,REF:PRIVATE_PRIORITY,,,
BA:character_data:10092:profile_and_dialog,character_data,MANDATORY_COMPLETE_REVIEW,02_CANONICAL_STORIES/CHARACTER_DATA/YOSHIMI/VARIANT_10092.md,c18ce05d37d91bc976dc8b65bfe18b6e5bd6d7cb2780310b1e3d8f1d4ef16525,ADMITTED,series/blue-archive/02 Sequential Readings/BOND/BLUE_ARCHIVE_AIRI_KAZUSA_YOSHIMI_NATSU_PRIVATE_CONTEXTUALIZATION_CHECKPOINT.md,REF:CYCLE008_ACCEPTED,REF:CYCLE008_SCOPE,unresolved,,REF:CYCLE008_LIMITS,UNASSESSED,REF:PRIVATE_PRIORITY,,,
BA:character_data:10093:profile_and_dialog,character_data,MANDATORY_COMPLETE_REVIEW,02_CANONICAL_STORIES/CHARACTER_DATA/KIRARA/VARIANT_10093.md,422de1de193c9a13a3ee2d1253a7f15c05ef816f440a40c08767a0fcbac180e8,ADMITTED,series/blue-archive/02 Sequential Readings/BOND/BLUE_ARCHIVE_GEHENNA20_PHASE2_PRIVATE_CONTEXTUAL_ACCOUNT_20261008.md,REF:CYCLE008_ACCEPTED,REF:CYCLE008_SCOPE,unresolved,,REF:CYCLE008_LIMITS,UNASSESSED,REF:PRIVATE_PRIORITY,,,
BA:character_data:10094:profile_and_dialog,character_data,MANDATORY_COMPLETE_REVIEW,02_CANONICAL_STORIES/CHARACTER_DATA/MOMOI/VARIANT_10094.md,0fc807df5f4d54f6d0fe3e1c053ecb7ce282cf51d74253a9cd1d2067127add6f,ADMITTED,series/blue-archive/02 Sequential Readings/BOND/BLUE_ARCHIVE_MOMOI_PHASE2_PRIVATE_CONTEXTUAL_ACCOUNT_20261008.md,REF:CYCLE008_ACCEPTED,REF:CYCLE008_SCOPE,unresolved,,REF:CYCLE008_LIMITS,UNASSESSED,REF:PRIVATE_PRIORITY,,,
BA:character_data:10095:profile_and_dialog,character_data,MANDATORY_COMPLETE_REVIEW,02_CANONICAL_STORIES/CHARACTER_DATA/MIDORI/VARIANT_10095.md,50b216fa6050749a188ded04bd6d8d21ca5c9f0f9c14668f80504aafdec802f5,ADMITTED,series/blue-archive/02 Sequential Readings/BOND/BLUE_ARCHIVE_MIDORI_PHASE2_PRIVATE_CONTEXTUAL_ACCOUNT_20261008.md,REF:CYCLE008_ACCEPTED,REF:CYCLE008_SCOPE,unresolved,,REF:CYCLE008_LIMITS,UNASSESSED,REF:PRIVATE_PRIORITY,,,
BA:character_data:10096:profile_and_dialog,character_data,MANDATORY_COMPLETE_REVIEW,02_CANONICAL_STORIES/CHARACTER_DATA/CH0170/VARIANT_10096.md,7c33d738de68170fb0a37bbe57f9d8e03496185132b46b48de7cca6515919238,ADMITTED,series/blue-archive/02 Sequential Readings/BOND/KANNA/BLUE_ARCHIVE_KANNA_PHASE2_PRIVATE_CONTEXTUAL_ACCOUNT_20261008.md,REF:CYCLE008_ACCEPTED,REF:CYCLE008_SCOPE,unresolved,,REF:CYCLE008_LIMITS,UNASSESSED,REF:PRIVATE_PRIORITY,,,
BA:character_data:10097:profile_and_dialog,character_data,MANDATORY_COMPLETE_REVIEW,02_CANONICAL_STORIES/CHARACTER_DATA/MOE/VARIANT_10097.md,8117dbfd5b0f0d3a0321faa163f804738871ce87f2e70bd10b43918c4d51612a,ADMITTED,series/blue-archive/02 Sequential Readings/BOND/MOE/BLUE_ARCHIVE_MOE_PHASE2_PRIVATE_CONTEXTUAL_ACCOUNT_20261008.md,REF:CYCLE008_ACCEPTED,REF:CYCLE008_SCOPE,unresolved,,REF:CYCLE008_LIMITS,UNASSESSED,REF:PRIVATE_PRIORITY,,,
BA:character_data:100980001:profile_and_dialog,character_data,MANDATORY_COMPLETE_REVIEW,02_CANONICAL_STORIES/CHARACTER_DATA/HOSHINO/VARIANT_100980001.md,101ef367d313a9494f4b331297431e6a8d1bb1231418562c0c12f605fb0ed7cb,ADMITTED,series/blue-archive/02 Sequential Readings/BOND/BLUE_ARCHIVE_HOSHINO_PHASE2_PRIVATE_CONTEXTUAL_ACCOUNT_20261008.md,REF:CYCLE008_ACCEPTED,REF:CYCLE008_SCOPE,unresolved,,REF:CYCLE008_LIMITS,UNASSESSED,REF:PRIVATE_PRIORITY,,,
BA:character_data:10098:profile_and_dialog,character_data,MANDATORY_COMPLETE_REVIEW,02_CANONICAL_STORIES/CHARACTER_DATA/HOSHINO/VARIANT_10098.md,9d271273c43b5b64c8e2bdaea49a89348d2eddb96544582e5af2f1cfe4e17331,ADMITTED,series/blue-archive/02 Sequential Readings/BOND/BLUE_ARCHIVE_HOSHINO_PHASE2_PRIVATE_CONTEXTUAL_ACCOUNT_20261008.md,REF:CYCLE008_ACCEPTED,REF:CYCLE008_SCOPE,unresolved,,REF:CYCLE008_LIMITS,UNASSESSED,REF:PRIVATE_PRIORITY,,,
BA:character_data:100990001:profile_and_dialog,character_data,MANDATORY_COMPLETE_REVIEW,02_CANONICAL_STORIES/CHARACTER_DATA/HOSHINO/VARIANT_100990001.md,93d01570b7cb547a0a531c780a629358f4f8cd61b4b325e1d93770a7adf88437,ADMITTED,series/blue-archive/02 Sequential Readings/BOND/BLUE_ARCHIVE_HOSHINO_PHASE2_PRIVATE_CONTEXTUAL_ACCOUNT_20261008.md,REF:CYCLE008_ACCEPTED,REF:CYCLE008_SCOPE,unresolved,,REF:CYCLE008_LIMITS,UNASSESSED,REF:PRIVATE_PRIORITY,,,
BA:character_data:10099:profile_and_dialog,character_data,MANDATORY_COMPLETE_REVIEW,02_CANONICAL_STORIES/CHARACTER_DATA/HOSHINO/VARIANT_10099.md,8c83e79ba04eb6403912e88a5b79fcff66496bd8d0ed72ade5e9dde1e9133e36,ADMITTED,series/blue-archive/02 Sequential Readings/BOND/BLUE_ARCHIVE_HOSHINO_PHASE2_PRIVATE_CONTEXTUAL_ACCOUNT_20261008.md,REF:CYCLE008_ACCEPTED,REF:CYCLE008_SCOPE,unresolved,,REF:CYCLE008_LIMITS,UNASSESSED,REF:PRIVATE_PRIORITY,,,
BA:character_data:10100:profile_and_dialog,character_data,MANDATORY_COMPLETE_REVIEW,02_CANONICAL_STORIES/CHARACTER_DATA/SHIROKO/VARIANT_10100.md,09d62b140dc47b4716ec9a38a963ae47193fe7a1f9d6e83296c6993c447755a3,ADMITTED,series/blue-archive/02 Sequential Readings/BOND/BLUE_ARCHIVE_SHIROKO_PHASE2_PRIVATE_CONTEXTUAL_ACCOUNT_20261008.md,REF:CYCLE008_ACCEPTED,REF:CYCLE008_SCOPE,unresolved,,REF:CYCLE008_LIMITS,UNASSESSED,REF:PRIVATE_PRIORITY,,,
BA:character_data:10101:profile_and_dialog,character_data,MANDATORY_COMPLETE_REVIEW,02_CANONICAL_STORIES/CHARACTER_DATA/SAORI/VARIANT_10101.md,3e470a620329a6fad835d23ce630bd57fa6cce796cf767bcec060e769e526a37,ADMITTED,series/blue-archive/02 Sequential Readings/BOND/BLUE_ARCHIVE_SAORI_ATSUKO_PRIVATE_CONTEXTUALIZATION_CHECKPOINT.md,REF:CYCLE008_ACCEPTED,REF:CYCLE008_SCOPE,unresolved,,REF:CYCLE008_LIMITS,UNASSESSED,REF:PRIVATE_PRIORITY,,,
BA:character_data:10102:profile_and_dialog,character_data,MANDATORY_COMPLETE_REVIEW,02_CANONICAL_STORIES/CHARACTER_DATA/HIYORI/VARIANT_10102.md,f08c987dae052d883444475f19246b10d3957d38e8005cc48b28fe686e5e37dc,ADMITTED,series/blue-archive/02 Sequential Readings/BOND/BLUE_ARCHIVE_MISAKI_HIYORI_SUBARU_PRIVATE_CONTEXTUALIZATION_CHECKPOINT.md,REF:CYCLE008_ACCEPTED,REF:CYCLE008_SCOPE,unresolved,,REF:CYCLE008_LIMITS,UNASSESSED,REF:PRIVATE_PRIORITY,,,
BA:character_data:10103:profile_and_dialog,character_data,MANDATORY_COMPLETE_REVIEW,02_CANONICAL_STORIES/CHARACTER_DATA/CH0270/VARIANT_10103.md,00138edc6eeaded210c7d443e6d2910f54adfe11d11bd56f8b566c59cb4b7a50,ADMITTED,series/blue-archive/02 Sequential Readings/BOND/BLUE_ARCHIVE_RED_WINTER7_PHASE2_PRIVATE_CONTEXTUAL_ACCOUNT_20261008.md,REF:CYCLE008_ACCEPTED,REF:CYCLE008_SCOPE,unresolved,,REF:CYCLE008_LIMITS,UNASSESSED,REF:PRIVATE_PRIORITY,0,0,0
BA:character_data:10104:profile_and_dialog,character_data,MANDATORY_COMPLETE_REVIEW,02_CANONICAL_STORIES/CHARACTER_DATA/REIZYO/VARIANT_10104.md,5e10ae9b55d8423af16ae26e3509fbb9100ec2bc89f7b154d579aee7e992d866,ADMITTED,series/blue-archive/02 Sequential Readings/BOND/BLUE_ARCHIVE_SHANHAIJING6_AND_SAYA_PHASE2_PRIVATE_CONTEXTUAL_ACCOUNT_20261008.md,REF:ORIGINAL_ADMISSION_RECORD_0020,REF:ORIGINAL_ADMITTED_CLAIM_SCOPE_0021,LOCAL_RELATIVE_ONLY,Explicit messages/scene recollections only; no main or variant chronology.,REF:ORIGINAL_ATTRIBUTION_LIMITS_0022,HIGH,REF:ORIGINAL_PRIORITY_REASON_0023,0,0,0
BA:character_data:10105:profile_and_dialog,character_data,MANDATORY_COMPLETE_REVIEW,02_CANONICAL_STORIES/CHARACTER_DATA/MARI/VARIANT_10105.md,a1c8280b82649fed82e515257dc5bf5b1481a4c320b0410309f1ec3edeaf8bd4,ADMITTED,series/blue-archive/02 Sequential Readings/BOND/BLUE_ARCHIVE_SAKURAKO_MARI_PRIVATE_CONTEXTUALIZATION_CHECKPOINT.md,REF:CYCLE008_ACCEPTED,REF:CYCLE008_SCOPE,unresolved,,REF:CYCLE008_LIMITS,UNASSESSED,REF:PRIVATE_PRIORITY,,,
BA:character_data:10106:profile_and_dialog,character_data,MANDATORY_COMPLETE_REVIEW,02_CANONICAL_STORIES/CHARACTER_DATA/SAKURAKO/VARIANT_10106.md,5cdebc307b47fe0b24eb3cffa2723bb70c6dd3871f70542ad453d99255f2af6c,ADMITTED,series/blue-archive/02 Sequential Readings/BOND/BLUE_ARCHIVE_SAKURAKO_MARI_PRIVATE_CONTEXTUALIZATION_CHECKPOINT.md,REF:CYCLE008_ACCEPTED,REF:CYCLE008_SCOPE,unresolved,,REF:CYCLE008_LIMITS,UNASSESSED,REF:PRIVATE_PRIORITY,,,
BA:character_data:10107:profile_and_dialog,character_data,MANDATORY_COMPLETE_REVIEW,02_CANONICAL_STORIES/CHARACTER_DATA/CH0238/VARIANT_10107.md,56b0b80a9d59fff4b9e9574b6bcbd2579f0e9e809a18b037aea9decced17b253,ADMITTED,series/blue-archive/02 Sequential Readings/BOND/BLUE_ARCHIVE_GEHENNA20_PHASE2_PRIVATE_CONTEXTUAL_ACCOUNT_20261008.md,REF:CYCLE008_ACCEPTED,REF:CYCLE008_SCOPE,unresolved,,REF:CYCLE008_LIMITS,UNASSESSED,REF:PRIVATE_PRIORITY,,,
BA:character_data:10108:profile_and_dialog,character_data,MANDATORY_COMPLETE_REVIEW,02_CANONICAL_STORIES/CHARACTER_DATA/YUUKA/VARIANT_10108.md,fc759b675c1d86074d2352fd821a59855c1c9d5976114edb4302df0fbbbe2d78,ADMITTED,series/blue-archive/02 Sequential Readings/BOND/YUUKA/BLUE_ARCHIVE_YUUKA_PRIVATE_CONTEXTUALIZATION_CHECKPOINT.md,REF:CYCLE008_ACCEPTED,REF:CYCLE008_SCOPE,unresolved,,REF:CYCLE008_LIMITS,UNASSESSED,REF:PRIVATE_PRIORITY,,,
BA:character_data:10109:profile_and_dialog,character_data,MANDATORY_COMPLETE_REVIEW,02_CANONICAL_STORIES/CHARACTER_DATA/CH0095/VARIANT_10109.md,91167c46a9662ca6bef9f8edf9ced2478b4008bb6dafd2f8603f861427c268fa,ADMITTED,series/blue-archive/02 Sequential Readings/BOND/BLUE_ARCHIVE_NOA_PHASE2_PRIVATE_CONTEXTUAL_ACCOUNT_20261008.md,REF:CYCLE008_ACCEPTED,REF:CYCLE008_SCOPE,unresolved,,REF:CYCLE008_LIMITS,UNASSESSED,REF:PRIVATE_PRIORITY,,,
BA:character_data:10110:profile_and_dialog,character_data,MANDATORY_COMPLETE_REVIEW,02_CANONICAL_STORIES/CHARACTER_DATA/CH0070/VARIANT_10110.md,486f8cd0dbd2aaf1c5f9515dc11a146c93de2e0367010ee16db001663d1cccf0,ADMITTED,series/blue-archive/02 Sequential Readings/BOND/SEIA/BLUE_ARCHIVE_SEIA_PRIVATE_CONTEXTUALIZATION_CHECKPOINT.md,REF:CYCLE008_ACCEPTED,REF:CYCLE008_SCOPE,unresolved,,REF:CYCLE008_LIMITS,UNASSESSED,REF:PRIVATE_PRIORITY,,,
BA:character_data:10111:profile_and_dialog,character_data,MANDATORY_COMPLETE_REVIEW,02_CANONICAL_STORIES/CHARACTER_DATA/NERU/VARIANT_10111.md,5f5f15de757a5d38669e53da94e1649f080e1cfa0c5f3431dce717e0802d3ce8,ADMITTED,series/blue-archive/02 Sequential Readings/BOND/BLUE_ARCHIVE_NERU_PHASE2_PRIVATE_CONTEXTUAL_ACCOUNT_20261008.md,REF:CYCLE008_ACCEPTED,REF:CYCLE008_SCOPE,unresolved,,REF:CYCLE008_LIMITS,UNASSESSED,REF:PRIVATE_PRIORITY,,,
BA:character_data:10112:profile_and_dialog,character_data,MANDATORY_COMPLETE_REVIEW,02_CANONICAL_STORIES/CHARACTER_DATA/ASUNA/VARIANT_10112.md,d6830ac02451d79bb8516959c8698f3f660aefef67a4023e48afed42ae8d68ee,ADMITTED,series/blue-archive/02 Sequential Readings/BOND/BLUE_ARCHIVE_ASUNA_PHASE2_PRIVATE_CONTEXTUAL_ACCOUNT_20261008.md,REF:CYCLE008_ACCEPTED,REF:CYCLE008_SCOPE,unresolved,,REF:CYCLE008_LIMITS,UNASSESSED,REF:PRIVATE_PRIORITY,,,
BA:character_data:10113:profile_and_dialog,character_data,MANDATORY_COMPLETE_REVIEW,02_CANONICAL_STORIES/CHARACTER_DATA/CH0081/VARIANT_10113.md,880ba01a56b5312c2e9044ef7c6c5d83a88a5212044576cca1d776b7bfa7450b,ADMITTED,series/blue-archive/02 Sequential Readings/BOND/BLUE_ARCHIVE_GEHENNA20_PHASE2_PRIVATE_CONTEXTUAL_ACCOUNT_20261008.md,REF:CYCLE008_ACCEPTED,REF:CYCLE008_SCOPE,unresolved,,REF:CYCLE008_LIMITS,UNASSESSED,REF:PRIVATE_PRIORITY,,,
BA:character_data:10114:profile_and_dialog,character_data,MANDATORY_COMPLETE_REVIEW,02_CANONICAL_STORIES/CHARACTER_DATA/JURI/VARIANT_10114.md,d3d95a249c6e2759f18fab2078910691387ce89219c4210b05e8fbd7c4817cd9,ADMITTED,series/blue-archive/02 Sequential Readings/BOND/BLUE_ARCHIVE_GEHENNA20_PHASE2_PRIVATE_CONTEXTUAL_ACCOUNT_20261008.md,REF:CYCLE008_ACCEPTED,REF:CYCLE008_SCOPE,unresolved,,REF:CYCLE008_LIMITS,UNASSESSED,REF:PRIVATE_PRIORITY,,,
BA:character_data:10115:profile_and_dialog,character_data,MANDATORY_COMPLETE_REVIEW,02_CANONICAL_STORIES/CHARACTER_DATA/CH0245/VARIANT_10115.md,c60a322f94f0e55ac197384fa714d5d3a5a1b4ecaa64db4e976499fab413dbbc,ADMITTED,series/blue-archive/02 Sequential Readings/BOND/NOMASA_REI/BLUE_ARCHIVE_NOMASA_REI_PRIVATE_CONTEXTUALIZATION_CHECKPOINT.md,REF:ORIGINAL_ADMISSION_RECORD_0020,REF:ORIGINAL_ADMITTED_CLAIM_SCOPE_0024,LOCAL_RELATIVE_ONLY,"Explicit local invitations, recollections and afterwords; no main/diver placement.",REF:ORIGINAL_ATTRIBUTION_LIMITS_0025,HIGH,REF:ORIGINAL_PRIORITY_REASON_0026,0,0,0
BA:character_data:10116:profile_and_dialog,character_data,MANDATORY_COMPLETE_REVIEW,02_CANONICAL_STORIES/CHARACTER_DATA/SAORI/VARIANT_10116.md,607a3f8ec52cb1bbf588bad041a329d0ba2385f0e729ad2e43672eb1f5a2ed7d,ADMITTED,series/blue-archive/02 Sequential Readings/BOND/BLUE_ARCHIVE_SAORI_ATSUKO_PRIVATE_CONTEXTUALIZATION_CHECKPOINT.md,REF:CYCLE008_ACCEPTED,REF:CYCLE008_SCOPE,unresolved,,REF:CYCLE008_LIMITS,UNASSESSED,REF:PRIVATE_PRIORITY,,,
BA:character_data:10117:profile_and_dialog,character_data,MANDATORY_COMPLETE_REVIEW,02_CANONICAL_STORIES/CHARACTER_DATA/CH0242/VARIANT_10117.md,d5ac071c1ab678f053dd3d18ebcb451c29b59809babc13a62858c68b4b1d3449,ADMITTED,series/blue-archive/02 Sequential Readings/BOND/BLUE_ARCHIVE_HIGHLANDER_HIKARI_NOZOMI_PHASE2_PRIVATE_CONTEXTUAL_ACCOUNT_20261008.md,REF:CYCLE008_ACCEPTED,REF:CYCLE008_SCOPE,unresolved,,REF:CYCLE008_LIMITS,UNASSESSED,REF:PRIVATE_PRIORITY,,,
BA:character_data:10118:profile_and_dialog,character_data,MANDATORY_COMPLETE_REVIEW,02_CANONICAL_STORIES/CHARACTER_DATA/CH0243/VARIANT_10118.md,79fb99093d959e0eaa4e93bb8f62965b4a7276521b7469eb19762033441000e8,ADMITTED,series/blue-archive/02 Sequential Readings/BOND/BLUE_ARCHIVE_HIGHLANDER_HIKARI_NOZOMI_PHASE2_PRIVATE_CONTEXTUAL_ACCOUNT_20261008.md,REF:CYCLE008_ACCEPTED,REF:CYCLE008_SCOPE,unresolved,,REF:CYCLE008_LIMITS,UNASSESSED,REF:PRIVATE_PRIORITY,,,
BA:character_data:10119:profile_and_dialog,character_data,MANDATORY_COMPLETE_REVIEW,02_CANONICAL_STORIES/CHARACTER_DATA/CH0222/VARIANT_10119.md,61a8e57e6c5679167a72161fe816c3049dd94377f95c3aa73a11b0787c3b6976,ADMITTED,series/blue-archive/02 Sequential Readings/BOND/BLUE_ARCHIVE_HYAKKA_YUKARI_NAGUSA_KIKYOU_RENGE_PHASE2_PRIVATE_CONTEXTUAL_ACCOUNT_20261008.md,REF:CYCLE008_ACCEPTED,REF:CYCLE008_SCOPE,unresolved,,REF:CYCLE008_LIMITS,UNASSESSED,REF:PRIVATE_PRIORITY,,,
BA:character_data:10120:profile_and_dialog,character_data,MANDATORY_COMPLETE_REVIEW,02_CANONICAL_STORIES/CHARACTER_DATA/CH0155/VARIANT_10120.md,3e7270a5d4130d8e6f4655c53b60e491942ed4f073877ba3129d7e8125d6194b,ADMITTED,series/blue-archive/02 Sequential Readings/BOND/BLUE_ARCHIVE_AIRI_KAZUSA_YOSHIMI_NATSU_PRIVATE_CONTEXTUALIZATION_CHECKPOINT.md,REF:CYCLE008_ACCEPTED,REF:CYCLE008_SCOPE,unresolved,,REF:CYCLE008_LIMITS,UNASSESSED,REF:PRIVATE_PRIORITY,,,
BA:character_data:10121:profile_and_dialog,character_data,MANDATORY_COMPLETE_REVIEW,02_CANONICAL_STORIES/CHARACTER_DATA/CH0161/VARIANT_10121.md,3cc78b9ce94d686f68f0401214a64a17836dec98cf08a41f80c88dedc5c98651,ADMITTED,series/blue-archive/02 Sequential Readings/BOND/BLUE_ARCHIVE_HYAKKA_YUKARI_NAGUSA_KIKYOU_RENGE_PHASE2_PRIVATE_CONTEXTUAL_ACCOUNT_20261008.md,REF:CYCLE008_ACCEPTED,REF:CYCLE008_SCOPE,unresolved,,REF:CYCLE008_LIMITS,UNASSESSED,REF:PRIVATE_PRIORITY,,,
BA:character_data:10122:profile_and_dialog,character_data,MANDATORY_COMPLETE_REVIEW,02_CANONICAL_STORIES/CHARACTER_DATA/CH0069/VARIANT_10122.md,b1fbf6775e2ade5d652b44876ca342228ed12bfd26c74941138966599238bcd3,ADMITTED,series/blue-archive/02 Sequential Readings/BOND/MIKA/BLUE_ARCHIVE_MIKA_PRIVATE_CONTEXTUALIZATION_CHECKPOINT.md,REF:CYCLE008_ACCEPTED,REF:CYCLE008_SCOPE,unresolved,,REF:CYCLE008_LIMITS,UNASSESSED,REF:PRIVATE_PRIORITY,,,
BA:character_data:10123:profile_and_dialog,character_data,MANDATORY_COMPLETE_REVIEW,02_CANONICAL_STORIES/CHARACTER_DATA/CH0070/VARIANT_10123.md,acf067b92fb576fe1c5915beec1ee9f41b0afad17e69c08fdc281eb443ea8798,ADMITTED,series/blue-archive/02 Sequential Readings/BOND/SEIA/BLUE_ARCHIVE_SEIA_PRIVATE_CONTEXTUALIZATION_CHECKPOINT.md,REF:CYCLE008_ACCEPTED,REF:CYCLE008_SCOPE,unresolved,,REF:CYCLE008_LIMITS,UNASSESSED,REF:PRIVATE_PRIORITY,,,
BA:character_data:10124:profile_and_dialog,character_data,MANDATORY_COMPLETE_REVIEW,02_CANONICAL_STORIES/CHARACTER_DATA/HASUMI/VARIANT_10124.md,5ec6757fde15d64cd385df8fdd4a402709b6598e6f1593429e7cb0bd69033729,ADMITTED,series/blue-archive/02 Sequential Readings/BOND/BLUE_ARCHIVE_HASUMI_TSURUGI_PRIVATE_CONTEXTUALIZATION_CHECKPOINT.md,REF:CYCLE008_ACCEPTED,REF:CYCLE008_SCOPE,unresolved,,REF:CYCLE008_LIMITS,UNASSESSED,REF:PRIVATE_PRIORITY,,,
BA:character_data:10125:profile_and_dialog,character_data,MANDATORY_COMPLETE_REVIEW,02_CANONICAL_STORIES/CHARACTER_DATA/CH0304/VARIANT_10125.md,37a3350284a2bea3f532f3bf63a377c9b0a41eb342f46725f2f17401a90d4a9b,ADMITTED,series/blue-archive/02 Sequential Readings/BOND/BLUE_ARCHIVE_WILDHUNT5_PHASE2_PRIVATE_CONTEXTUAL_ACCOUNT_20261008.md,REF:CYCLE008_ACCEPTED,REF:CYCLE008_SCOPE,unresolved,,REF:CYCLE008_LIMITS,UNASSESSED,REF:PRIVATE_PRIORITY,,,
BA:character_data:10126:profile_and_dialog,character_data,MANDATORY_COMPLETE_REVIEW,02_CANONICAL_STORIES/CHARACTER_DATA/CH0306/VARIANT_10126.md,5a5a562570e401c7e0f8c060f7ce38ec2c357eacaafc6b5febea313caf54d0bd,ADMITTED,series/blue-archive/02 Sequential Readings/BOND/BLUE_ARCHIVE_WILDHUNT5_PHASE2_PRIVATE_CONTEXTUAL_ACCOUNT_20261008.md,REF:CYCLE008_ACCEPTED,REF:CYCLE008_SCOPE,unresolved,,REF:CYCLE008_LIMITS,UNASSESSED,REF:PRIVATE_PRIORITY,,,
BA:character_data:10127:profile_and_dialog,character_data,MANDATORY_COMPLETE_REVIEW,02_CANONICAL_STORIES/CHARACTER_DATA/CH0317/VARIANT_10127.md,0a0c458f09577f58ea11438a971f41e43eb6fbf050df59fb4b6154de507830d3,ADMITTED,series/blue-archive/02 Sequential Readings/BOND/BLUE_ARCHIVE_WILDHUNT5_PHASE2_PRIVATE_CONTEXTUAL_ACCOUNT_20261008.md,REF:CYCLE008_ACCEPTED,REF:CYCLE008_SCOPE,unresolved,,REF:CYCLE008_LIMITS,UNASSESSED,REF:PRIVATE_PRIORITY,,,
BA:character_data:10128:profile_and_dialog,character_data,MANDATORY_COMPLETE_REVIEW,02_CANONICAL_STORIES/CHARACTER_DATA/CH0318/VARIANT_10128.md,d8708281f68d938fca93fdb49befed09922ceef6d7938a6ac6e0dfdb9259de2a,ADMITTED,series/blue-archive/02 Sequential Readings/BOND/BLUE_ARCHIVE_WILDHUNT5_PHASE2_PRIVATE_CONTEXTUAL_ACCOUNT_20261008.md,REF:CYCLE008_ACCEPTED,REF:CYCLE008_SCOPE,unresolved,,REF:CYCLE008_LIMITS,UNASSESSED,REF:PRIVATE_PRIORITY,,,
BA:character_data:10129:profile_and_dialog,character_data,MANDATORY_COMPLETE_REVIEW,02_CANONICAL_STORIES/CHARACTER_DATA/SUZUMI/VARIANT_10129.md,8c929d2be2088620b0e48eeab3b1d164aac8b124d7f2d608c50bd0da6c95f69c,ADMITTED,series/blue-archive/02 Sequential Readings/BOND/BLUE_ARCHIVE_SUZUMI_REISA_ICHIKA_PRIVATE_CONTEXTUALIZATION_CHECKPOINT.md,REF:CYCLE008_ACCEPTED,REF:CYCLE008_SCOPE,unresolved,,REF:CYCLE008_LIMITS,UNASSESSED,REF:PRIVATE_PRIORITY,,,
BA:character_data:10130:profile_and_dialog,character_data,MANDATORY_COMPLETE_REVIEW,02_CANONICAL_STORIES/CHARACTER_DATA/CH0309/VARIANT_10130.md,8905a73fb09175963662e03c1d63caf9e529a785c6899d1e3feeab8346ca2d51,ADMITTED,series/blue-archive/02 Sequential Readings/BOND/BLUE_ARCHIVE_MISAKI_HIYORI_SUBARU_PRIVATE_CONTEXTUALIZATION_CHECKPOINT.md,REF:CYCLE008_ACCEPTED,REF:CYCLE008_SCOPE,unresolved,,REF:CYCLE008_LIMITS,UNASSESSED,REF:PRIVATE_PRIORITY,,,
BA:character_data:10131:profile_and_dialog,character_data,MANDATORY_COMPLETE_REVIEW,02_CANONICAL_STORIES/CHARACTER_DATA/CH0229/VARIANT_10131.md,be0060e89d7bb4167c256661d0184002e42c5b4511d29f85628fc9aad9f9db65,ADMITTED,series/blue-archive/02 Sequential Readings/BOND/BLUE_ARCHIVE_TAKANE_YAKUMO_PHASE2_PRIVATE_CONTEXTUAL_ACCOUNT_20261008.md,REF:CYCLE008_ACCEPTED,REF:CYCLE008_SCOPE,unresolved,,REF:CYCLE008_LIMITS,UNASSESSED,REF:PRIVATE_PRIORITY,,,
BA:character_data:10132:profile_and_dialog,character_data,MANDATORY_COMPLETE_REVIEW,02_CANONICAL_STORIES/CHARACTER_DATA/CH0114/VARIANT_10132.md,301a876990799f2f7c718ff68c2d60f45b54d7b05de9dc1d3cad963520c96d46,ADMITTED,series/blue-archive/02 Sequential Readings/BOND/BLUE_ARCHIVE_NINJA_MICHIRU_IZUNA_TSUKUYO_PHASE2_PRIVATE_CONTEXTUAL_ACCOUNT_20261008.md,REF:CYCLE008_ACCEPTED,REF:CYCLE008_SCOPE,unresolved,,REF:CYCLE008_LIMITS,UNASSESSED,REF:PRIVATE_PRIORITY,,,
BA:character_data:10133:profile_and_dialog,character_data,MANDATORY_COMPLETE_REVIEW,02_CANONICAL_STORIES/CHARACTER_DATA/CH0158/VARIANT_10133.md,7536ce9ffa8072e446d87891049606fa68cb85428e067831f6033be000db4f87,ADMITTED,series/blue-archive/02 Sequential Readings/BOND/BLUE_ARCHIVE_RIO_PHASE2_PRIVATE_CONTEXTUAL_ACCOUNT_20261008.md,REF:CYCLE008_ACCEPTED,REF:CYCLE008_SCOPE,unresolved,,REF:CYCLE008_LIMITS,UNASSESSED,REF:PRIVATE_PRIORITY,,,
BA:character_data:10134:profile_and_dialog,character_data,MANDATORY_COMPLETE_REVIEW,02_CANONICAL_STORIES/CHARACTER_DATA/ARIS/VARIANT_10134.md,25bbc862d2a5ce4251366a8e2b4c36c66eed834fb662ff5543c48529700a78de,ADMITTED,series/blue-archive/02 Sequential Readings/BOND/BLUE_ARCHIVE_ALICE_PHASE2_PRIVATE_CONTEXTUAL_ACCOUNT_20261008.md,REF:CYCLE008_ACCEPTED,REF:CYCLE008_SCOPE,unresolved,,REF:CYCLE008_LIMITS,UNASSESSED,REF:PRIVATE_PRIORITY,,,
BA:character_data:101350001:profile_and_dialog,character_data,MANDATORY_COMPLETE_REVIEW,02_CANONICAL_STORIES/CHARACTER_DATA/CHAR_101350001/VARIANT_101350001.md,8e70bf4b0eb212a9045dfd92feb1800334ec4ed3fede8e2bbb382de76d687dc6,ADMITTED,series/blue-archive/02 Sequential Readings/BOND/BLUE_ARCHIVE_KEI_PHASE2_PRIVATE_AND_SPECIAL_IDENTITY_CONTEXTUAL_ACCOUNT_20261008.md,REF:CYCLE008_ACCEPTED,REF:CYCLE008_SCOPE,unresolved,,REF:CYCLE008_LIMITS;REF:KEI_IDENTITY_LIMITS,UNASSESSED,REF:PRIVATE_PRIORITY,,,
BA:character_data:10135:profile_and_dialog,character_data,MANDATORY_COMPLETE_REVIEW,02_CANONICAL_STORIES/CHARACTER_DATA/CH0335/VARIANT_10135.md,ad5de5bdb1e644bdaaa11eaa2d2eed3b685e27e271ae7bc64f60ac5be442a967,ADMITTED,series/blue-archive/02 Sequential Readings/BOND/BLUE_ARCHIVE_KEI_PHASE2_PRIVATE_AND_SPECIAL_IDENTITY_CONTEXTUAL_ACCOUNT_20261008.md,REF:CYCLE008_ACCEPTED,REF:CYCLE008_SCOPE,unresolved,,REF:CYCLE008_LIMITS;REF:KEI_IDENTITY_LIMITS,UNASSESSED,REF:PRIVATE_PRIORITY,,,
BA:character_data:10136:profile_and_dialog,character_data,MANDATORY_COMPLETE_REVIEW,02_CANONICAL_STORIES/CHARACTER_DATA/CH0337/VARIANT_10136.md,b0fd8c691859eb15b30f3f62e6567b218a561a9b8ce7480d5a2a949f1358a02f,ADMITTED,series/blue-archive/02 Sequential Readings/BOND/BLUE_ARCHIVE_EIMI_PHASE2_PRIVATE_CONTEXTUAL_ACCOUNT_20261008.md,REF:CYCLE008_ACCEPTED,REF:CYCLE008_SCOPE,unresolved,,REF:CYCLE008_LIMITS,UNASSESSED,REF:PRIVATE_PRIORITY,,,
BA:character_data:10137:profile_and_dialog,character_data,MANDATORY_COMPLETE_REVIEW,02_CANONICAL_STORIES/CHARACTER_DATA/CH0264/VARIANT_10137.md,c5321262a4c960447f0801d3c2c89cbb8cc0669c3e1373893ff42df88ae34b20,ADMITTED,series/blue-archive/02 Sequential Readings/BOND/BLUE_ARCHIVE_KONOKA_RENA_PHASE2_PRIVATE_WRITTEN_CONTEXTUAL_ACCOUNT_20261008.md,REF:CYCLE008_ACCEPTED,REF:CYCLE008_SCOPE,unresolved,,REF:CYCLE008_LIMITS,UNASSESSED,REF:PRIVATE_PRIORITY,,,
BA:character_data:10138:profile_and_dialog,character_data,MANDATORY_COMPLETE_REVIEW,02_CANONICAL_STORIES/CHARACTER_DATA/CH0305/VARIANT_10138.md,7b82b2b9722eb0bacdd47d7146e8203d6f9d0422943f8f5bce99eed528466f32,ADMITTED,series/blue-archive/02 Sequential Readings/BOND/BLUE_ARCHIVE_KONOKA_RENA_PHASE2_PRIVATE_WRITTEN_CONTEXTUAL_ACCOUNT_20261008.md,REF:CYCLE008_ACCEPTED,REF:CYCLE008_SCOPE,unresolved,,REF:CYCLE008_LIMITS,UNASSESSED,REF:PRIVATE_PRIORITY,,,
BA:character_data:10139:profile_and_dialog,character_data,MANDATORY_COMPLETE_REVIEW,02_CANONICAL_STORIES/CHARACTER_DATA/CH0172/VARIANT_10139.md,f12cb254b9593258b63cae9e41928a9b5dd3cc7a0c9604fbfa5d4482392167fd,ADMITTED,series/blue-archive/02 Sequential Readings/BOND/NIKO/BLUE_ARCHIVE_NIKO_PHASE2_PRIVATE_CONTEXTUAL_ACCOUNT_20261008.md,REF:CYCLE008_ACCEPTED,REF:CYCLE008_SCOPE,unresolved,,REF:CYCLE008_LIMITS,UNASSESSED,REF:PRIVATE_PRIORITY,,,
BA:character_data:10140:profile_and_dialog,character_data,MANDATORY_COMPLETE_REVIEW,02_CANONICAL_STORIES/CHARACTER_DATA/CH0173/VARIANT_10140.md,79e6b4d2386b1966608bb8e3f5f4a4027fd9daabfeb87aee0dda3d483bec2478,ADMITTED,series/blue-archive/02 Sequential Readings/BOND/KURUMI/BLUE_ARCHIVE_KURUMI_PHASE2_PRIVATE_CONTEXTUAL_ACCOUNT_20261008.md,REF:CYCLE008_ACCEPTED,REF:CYCLE008_SCOPE,unresolved,,REF:CYCLE008_LIMITS,UNASSESSED,REF:PRIVATE_PRIORITY,,,
BA:character_data:10141:profile_and_dialog,character_data,MANDATORY_COMPLETE_REVIEW,02_CANONICAL_STORIES/CHARACTER_DATA/HARUKA/VARIANT_10141.md,d97d81d200e0c3719859f928d90a0b8c89ae2a1ff5492732bc77c729bf1bcccf,ADMITTED,series/blue-archive/02 Sequential Readings/BOND/HARUKA/BLUE_ARCHIVE_HARUKA_PRIVATE_CONTEXTUALIZATION_CHECKPOINT.md,REF:CYCLE008_ACCEPTED,REF:CYCLE008_SCOPE,unresolved,,REF:CYCLE008_LIMITS,UNASSESSED,REF:PRIVATE_PRIORITY,,,
BA:character_data:10142:profile_and_dialog,character_data,MANDATORY_COMPLETE_REVIEW,02_CANONICAL_STORIES/CHARACTER_DATA/CH0222/VARIANT_10142.md,8984db9ddf9a16d70a88aadce0b0f1cc5787d4dd4f916fd111736e7b7c53d072,ADMITTED,series/blue-archive/02 Sequential Readings/BOND/BLUE_ARCHIVE_HYAKKA_YUKARI_NAGUSA_KIKYOU_RENGE_PHASE2_PRIVATE_CONTEXTUAL_ACCOUNT_20261008.md,REF:CYCLE008_ACCEPTED,REF:CYCLE008_SCOPE,unresolved,,REF:CYCLE008_LIMITS,UNASSESSED,REF:PRIVATE_PRIORITY,,,
BA:character_data:10143:profile_and_dialog,character_data,MANDATORY_COMPLETE_REVIEW,02_CANONICAL_STORIES/CHARACTER_DATA/SHUN/VARIANT_10143.md,b5e4d26253fe4404a0049a23af3304bc7472203fee80b15d66f239714dacd0cb,ADMITTED,series/blue-archive/02 Sequential Readings/BOND/BLUE_ARCHIVE_SHANHAIJING6_AND_SAYA_PHASE2_PRIVATE_CONTEXTUAL_ACCOUNT_20261008.md,REF:CYCLE008_ACCEPTED,REF:CYCLE008_SCOPE,unresolved,,REF:CYCLE008_LIMITS,UNASSESSED,REF:PRIVATE_PRIORITY,0,0,0
BA:character_data:10144:profile_and_dialog,character_data,MANDATORY_COMPLETE_REVIEW,02_CANONICAL_STORIES/CHARACTER_DATA/CH0355/VARIANT_10144.md,53c4fa7c7013520773d185e7b6377b26645b131df202c625ab4b3a43cda3aa87,ADMITTED,series/blue-archive/02 Sequential Readings/CHARACTER_DATA/BLUE_ARCHIVE_SHUERIN10144_WRITTEN_CONTEXTUAL_ACCOUNT_20261009.md,REF:CYCLE008_ACCEPTED,REF:CYCLE008_SCOPE,unresolved,,REF:CYCLE008_LIMITS;REF:NEW80_ROOT_QUALIFIED;REF:NEW80_IDENTITY_MODES,UNASSESSED,REF:PRIVATE_PRIORITY,,,
BA:character_data:10145:profile_and_dialog,character_data,MANDATORY_COMPLETE_REVIEW,02_CANONICAL_STORIES/CHARACTER_DATA/CH0139/VARIANT_10145.md,fe652006008ec9d0d7a7497c44e35cd8f4c30e273d12b43e886af19540e0d92b,ADMITTED,series/blue-archive/02 Sequential Readings/BOND/BLUE_ARCHIVE_SHANHAIJING6_AND_SAYA_PHASE2_PRIVATE_CONTEXTUAL_ACCOUNT_20261008.md,REF:CYCLE008_ACCEPTED,REF:CYCLE008_SCOPE,unresolved,,REF:CYCLE008_LIMITS,UNASSESSED,REF:PRIVATE_PRIORITY,0,0,0
BA:character_data:10146:profile_and_dialog,character_data,MANDATORY_COMPLETE_REVIEW,02_CANONICAL_STORIES/CHARACTER_DATA/CH0079/VARIANT_10146.md,c936d33a58f9f716a5b48c1e19074de8d3602957d6e64cbad7de8c57fdd4346d,ADMITTED,series/blue-archive/02 Sequential Readings/BOND/BLUE_ARCHIVE_GEHENNA20_PHASE2_PRIVATE_CONTEXTUAL_ACCOUNT_20261008.md,REF:CYCLE008_ACCEPTED,REF:CYCLE008_SCOPE,unresolved,,REF:CYCLE008_LIMITS,UNASSESSED,REF:PRIVATE_PRIORITY,,,
BA:character_data:10147:profile_and_dialog,character_data,MANDATORY_COMPLETE_REVIEW,02_CANONICAL_STORIES/CHARACTER_DATA/CH0080/VARIANT_10147.md,7fc008387db33581bb8bbc5f45a42a86236421ffaa5853792f0fa999b8c8839d,ADMITTED,series/blue-archive/02 Sequential Readings/BOND/BLUE_ARCHIVE_GEHENNA20_PHASE2_PRIVATE_CONTEXTUAL_ACCOUNT_20261008.md,REF:CYCLE008_ACCEPTED,REF:CYCLE008_SCOPE,unresolved,,REF:CYCLE008_LIMITS,UNASSESSED,REF:PRIVATE_PRIORITY,,,
BA:character_data:10148:profile_and_dialog,character_data,MANDATORY_COMPLETE_REVIEW,02_CANONICAL_STORIES/CHARACTER_DATA/CH0156/VARIANT_10148.md,ef87b71248ba988f2313fd4bc67747fda40735263bb639a8c87a2ce4561b4cdf,ADMITTED,series/blue-archive/02 Sequential Readings/BOND/BLUE_ARCHIVE_GEHENNA20_PHASE2_PRIVATE_CONTEXTUAL_ACCOUNT_20261008.md,REF:CYCLE008_ACCEPTED,REF:CYCLE008_SCOPE,unresolved,,REF:CYCLE008_LIMITS,UNASSESSED,REF:PRIVATE_PRIORITY,,,
BA:character_data:10149:profile_and_dialog,character_data,MANDATORY_COMPLETE_REVIEW,02_CANONICAL_STORIES/CHARACTER_DATA/CH0368/VARIANT_10149.md,5422e4346698c0abdc7005cdc9676c6b4a72a845ff69dc01e47f2d8a91ab039d,ADMITTED,series/blue-archive/02 Sequential Readings/BOND/KOKORO/BLUE_ARCHIVE_KOKORO_PHASE2_PRIVATE_CONTEXTUAL_ACCOUNT_20261008.md,REF:CYCLE008_ACCEPTED,REF:CYCLE008_SCOPE,unresolved,,REF:CYCLE008_LIMITS,UNASSESSED,REF:PRIVATE_PRIORITY,,,
BA:character_data:10150:profile_and_dialog,character_data,MANDATORY_COMPLETE_REVIEW,02_CANONICAL_STORIES/CHARACTER_DATA/CH0369/VARIANT_10150.md,a9b973cdfdabd5be4fdfae8bd6d733fc917392b0a2d0ba587275ab9ba37e6a45,ADMITTED,series/blue-archive/02 Sequential Readings/BOND/KOTONE/BLUE_ARCHIVE_KOTONE_PHASE2_PRIVATE_CONTEXTUAL_ACCOUNT_20261008.md,REF:CYCLE008_ACCEPTED,REF:CYCLE008_SCOPE,unresolved,,REF:CYCLE008_LIMITS,UNASSESSED,REF:PRIVATE_PRIORITY,,,
BA:character_data:10151:profile_and_dialog,character_data,MANDATORY_COMPLETE_REVIEW,02_CANONICAL_STORIES/CHARACTER_DATA/CH0320/VARIANT_10151.md,dab67de3aabd9a42097e8d9a55b22820ef5d5831591ef1981d55a90de378a583,ADMITTED,series/blue-archive/02 Sequential Readings/BOND/BLUE_ARCHIVE_ANNA_ERINA_PHASE2_PRIVATE_CONTEXTUAL_ACCOUNT_20261009.md,REF:CYCLE008_ACCEPTED,REF:CYCLE008_SCOPE,unresolved,,REF:CYCLE008_LIMITS;REF:NEW80_ROOT_QUALIFIED;REF:NEW80_IDENTITY_MODES,UNASSESSED,REF:PRIVATE_PRIORITY,,,
BA:character_data:13000:profile_and_dialog,character_data,MANDATORY_COMPLETE_REVIEW,02_CANONICAL_STORIES/CHARACTER_DATA/AKANE/VARIANT_13000.md,883a300bf68abb435805830e7e0c0634a3a25ae22f453f800b037cce4ad76e37,ADMITTED,series/blue-archive/02 Sequential Readings/BOND/BLUE_ARCHIVE_AKANE_PHASE2_PRIVATE_CONTEXTUAL_ACCOUNT_20261008.md,REF:CYCLE008_ACCEPTED,REF:CYCLE008_SCOPE,unresolved,,REF:CYCLE008_LIMITS,UNASSESSED,REF:PRIVATE_PRIORITY,,,
BA:character_data:13001:profile_and_dialog,character_data,MANDATORY_COMPLETE_REVIEW,02_CANONICAL_STORIES/CHARACTER_DATA/CHISE/VARIANT_13001.md,39809afaf0a20c960a2507280562e2b0cfba1e5ea075d94eb021a8e4062e0053,ADMITTED,series/blue-archive/02 Sequential Readings/BOND/BLUE_ARCHIVE_YINYANG_NIYA_KAHO_CHISE_PHASE2_PRIVATE_CONTEXTUAL_ACCOUNT_20261008.md,REF:CYCLE008_ACCEPTED,REF:CYCLE008_SCOPE,unresolved,,REF:CYCLE008_LIMITS,UNASSESSED,REF:PRIVATE_PRIORITY,,,
BA:character_data:13002:profile_and_dialog,character_data,MANDATORY_COMPLETE_REVIEW,02_CANONICAL_STORIES/CHARACTER_DATA/AKARI/VARIANT_13002.md,7e8321a48d0d3eab53010242aad9b05e6b7b7ad12eabe07c7c8b642ab6c0603a,ADMITTED,series/blue-archive/02 Sequential Readings/BOND/BLUE_ARCHIVE_GEHENNA20_PHASE2_PRIVATE_CONTEXTUAL_ACCOUNT_20261008.md,REF:CYCLE008_ACCEPTED,REF:CYCLE008_SCOPE,unresolved,,REF:CYCLE008_LIMITS,UNASSESSED,REF:PRIVATE_PRIORITY,,,
BA:character_data:13003:profile_and_dialog,character_data,MANDATORY_COMPLETE_REVIEW,02_CANONICAL_STORIES/CHARACTER_DATA/HASUMI/VARIANT_13003.md,fe5e36370e950ad25000141056be569b4d429eeab6b0f5e91120d08c272004dd,ADMITTED,series/blue-archive/02 Sequential Readings/BOND/BLUE_ARCHIVE_HASUMI_TSURUGI_PRIVATE_CONTEXTUALIZATION_CHECKPOINT.md,REF:CYCLE008_ACCEPTED,REF:CYCLE008_SCOPE,unresolved,,REF:CYCLE008_LIMITS,UNASSESSED,REF:PRIVATE_PRIORITY,,,
BA:character_data:13004:profile_and_dialog,character_data,MANDATORY_COMPLETE_REVIEW,02_CANONICAL_STORIES/CHARACTER_DATA/NONOMI/VARIANT_13004.md,7ad7861b65ba7c00bc78facf49ed7d1254efe109e5c44581181d326235c57bec,ADMITTED,series/blue-archive/02 Sequential Readings/BOND/BLUE_ARCHIVE_NONOMI_PHASE2_PRIVATE_CONTEXTUAL_ACCOUNT_20261008.md,REF:CYCLE008_ACCEPTED,REF:CYCLE008_SCOPE,unresolved,,REF:CYCLE008_LIMITS,UNASSESSED,REF:PRIVATE_PRIORITY,,,
BA:character_data:13005:profile_and_dialog,character_data,MANDATORY_COMPLETE_REVIEW,02_CANONICAL_STORIES/CHARACTER_DATA/KAYOKO/VARIANT_13005.md,d6ad9e57e8bc757009b6dc4f4e3c3a78280d6b5dcd14999379667d78f6620622,ADMITTED,series/blue-archive/02 Sequential Readings/BOND/KAYOKO/BLUE_ARCHIVE_KAYOKO_PRIVATE_CONTEXTUALIZATION_CHECKPOINT.md,REF:CYCLE008_ACCEPTED,REF:CYCLE008_SCOPE,unresolved,,REF:CYCLE008_LIMITS,UNASSESSED,REF:PRIVATE_PRIORITY,,,
BA:character_data:13006:profile_and_dialog,character_data,MANDATORY_COMPLETE_REVIEW,02_CANONICAL_STORIES/CHARACTER_DATA/MUTSUKI/VARIANT_13006.md,1905b27a8b345922c0a5614e2524e2c5dd9a740e5b1f161ac4fbed07a1dd74dc,ADMITTED,series/blue-archive/02 Sequential Readings/BOND/MUTSUKI/BLUE_ARCHIVE_MUTSUKI_PRIVATE_CONTEXTUALIZATION_CHECKPOINT.md,REF:CYCLE008_ACCEPTED,REF:CYCLE008_SCOPE,unresolved,,REF:CYCLE008_LIMITS,UNASSESSED,REF:PRIVATE_PRIORITY,,,
BA:character_data:13007:profile_and_dialog,character_data,MANDATORY_COMPLETE_REVIEW,02_CANONICAL_STORIES/CHARACTER_DATA/ZUNKO/VARIANT_13007.md,b0fa7fc6c332f5011c053e6ec939e3735f26a6f0a5227f83c7327b785f8f3fc3,ADMITTED,series/blue-archive/02 Sequential Readings/BOND/BLUE_ARCHIVE_GEHENNA20_PHASE2_PRIVATE_CONTEXTUAL_ACCOUNT_20261008.md,REF:CYCLE008_ACCEPTED,REF:CYCLE008_SCOPE,unresolved,,REF:CYCLE008_LIMITS,UNASSESSED,REF:PRIVATE_PRIORITY,,,
BA:character_data:13008:profile_and_dialog,character_data,MANDATORY_COMPLETE_REVIEW,02_CANONICAL_STORIES/CHARACTER_DATA/SERIKA/VARIANT_13008.md,d2656191f4302fc26eca7cbb6ff80a8db7c4e055566e9894ac683bc1c5720198,ADMITTED,series/blue-archive/02 Sequential Readings/BOND/SERIKA/BLUE_ARCHIVE_SERIKA_PRIVATE_CONTEXTUALIZATION_CHECKPOINT.md,REF:ORIGINAL_ADMISSION_RECORD_0030,REF:ORIGINAL_ADMITTED_CLAIM_SCOPE_0031,LOCAL_RELATIVE_ONLY,Explicit prior consultation/collapse/resort only; no comprehensive variant order or main placement.,REF:ORIGINAL_ATTRIBUTION_LIMITS_0032,HIGH,REF:ORIGINAL_PRIORITY_REASON_0033,,,
BA:character_data:13009:profile_and_dialog,character_data,MANDATORY_COMPLETE_REVIEW,02_CANONICAL_STORIES/CHARACTER_DATA/TSUBAKI/VARIANT_13009.md,327b1343450080d0b75564c6fb330efa9002f86480e421a490da83eb9b887b39,ADMITTED,series/blue-archive/02 Sequential Readings/BOND/BLUE_ARCHIVE_TRAINING_KAEDE_MIMORI_TSUBAKI_PHASE2_PRIVATE_CONTEXTUAL_ACCOUNT_20261008.md,REF:CYCLE008_ACCEPTED,REF:CYCLE008_SCOPE,unresolved,,REF:CYCLE008_LIMITS,UNASSESSED,REF:PRIVATE_PRIORITY,,,
BA:character_data:13010:profile_and_dialog,character_data,MANDATORY_COMPLETE_REVIEW,02_CANONICAL_STORIES/CHARACTER_DATA/YUUKA/VARIANT_13010.md,9a75cbfa6386275be228c06d1ab1502294b9ad31c5b2d8d289f06fd1281c7059,ADMITTED,series/blue-archive/02 Sequential Readings/BOND/YUUKA/BLUE_ARCHIVE_YUUKA_PRIVATE_CONTEXTUALIZATION_CHECKPOINT.md,REF:CYCLE008_ACCEPTED,REF:CYCLE008_SCOPE,unresolved,,REF:CYCLE008_LIMITS,UNASSESSED,REF:PRIVATE_PRIORITY,,,
BA:character_data:13011:profile_and_dialog,character_data,MANDATORY_COMPLETE_REVIEW,02_CANONICAL_STORIES/CHARACTER_DATA/MOMOI/VARIANT_13011.md,987eca7fae30a0f78ee82ef87fb059241d062cba32536c4ddfa67ef006cda609,ADMITTED,series/blue-archive/02 Sequential Readings/BOND/BLUE_ARCHIVE_MOMOI_PHASE2_PRIVATE_CONTEXTUAL_ACCOUNT_20261008.md,REF:CYCLE008_ACCEPTED,REF:CYCLE008_SCOPE,unresolved,,REF:CYCLE008_LIMITS,UNASSESSED,REF:PRIVATE_PRIORITY,,,
BA:character_data:13012:profile_and_dialog,character_data,MANDATORY_COMPLETE_REVIEW,02_CANONICAL_STORIES/CHARACTER_DATA/KIRINO/VARIANT_13012.md,89a2f7f9e5a04329d717f33c314e9a5fd5a5d3ca524b85570a439933791beffa,ADMITTED,series/blue-archive/02 Sequential Readings/BOND/KIRINO/BLUE_ARCHIVE_KIRINO_PHASE2_PRIVATE_CONTEXTUAL_ACCOUNT_20261008.md,REF:CYCLE008_ACCEPTED,REF:CYCLE008_SCOPE,unresolved,,REF:CYCLE008_LIMITS,UNASSESSED,REF:PRIVATE_PRIORITY,,,
BA:character_data:13013:profile_and_dialog,character_data,MANDATORY_COMPLETE_REVIEW,02_CANONICAL_STORIES/CHARACTER_DATA/MOMIJI/VARIANT_13013.md,56bdd676f85fa44bc958ecf84427d7f1f92f79667b7b93ee0f6c8cc5bd796abf,ADMITTED,series/blue-archive/02 Sequential Readings/BOND/BLUE_ARCHIVE_MOMIJI_PHASE2_PRIVATE_CONTEXTUAL_ACCOUNT_20261008.md,REF:CYCLE008_ACCEPTED,REF:CYCLE008_SCOPE,unresolved,,REF:CYCLE008_LIMITS,UNASSESSED,REF:PRIVATE_PRIORITY,,,
BA:character_data:13014:profile_and_dialog,character_data,MANDATORY_COMPLETE_REVIEW,02_CANONICAL_STORIES/CHARACTER_DATA/CH0224/VARIANT_13014.md,9b727f9bbfcd81ceea4d75ca1687e9ba5670c682a3cf84a4f095c1edb24ffd50,ADMITTED,series/blue-archive/02 Sequential Readings/BOND/BLUE_ARCHIVE_HYAKKA_YUKARI_NAGUSA_KIKYOU_RENGE_PHASE2_PRIVATE_CONTEXTUAL_ACCOUNT_20261008.md,REF:CYCLE008_ACCEPTED,REF:CYCLE008_SCOPE,unresolved,,REF:CYCLE008_LIMITS,UNASSESSED,REF:PRIVATE_PRIORITY,,,
BA:character_data:16000:profile_and_dialog,character_data,MANDATORY_COMPLETE_REVIEW,02_CANONICAL_STORIES/CHARACTER_DATA/HARUKA/VARIANT_16000.md,b666e2ca2823a1d0ff18b3c0c2afcdafcfd6ad934729b62f76097e8da944a41b,ADMITTED,series/blue-archive/02 Sequential Readings/BOND/HARUKA/BLUE_ARCHIVE_HARUKA_PRIVATE_CONTEXTUALIZATION_CHECKPOINT.md,REF:CYCLE008_ACCEPTED,REF:CYCLE008_SCOPE,unresolved,,REF:CYCLE008_LIMITS,UNASSESSED,REF:PRIVATE_PRIORITY,,,
BA:character_data:16001:profile_and_dialog,character_data,MANDATORY_COMPLETE_REVIEW,02_CANONICAL_STORIES/CHARACTER_DATA/ASUNA/VARIANT_16001.md,044e1007a1288455aa6d6f7e75e407db22614a45d3dd3f76e16127838b5eaa9f,ADMITTED,series/blue-archive/02 Sequential Readings/BOND/BLUE_ARCHIVE_ASUNA_PHASE2_PRIVATE_CONTEXTUAL_ACCOUNT_20261008.md,REF:CYCLE008_ACCEPTED,REF:CYCLE008_SCOPE,unresolved,,REF:CYCLE008_LIMITS,UNASSESSED,REF:PRIVATE_PRIORITY,,,
BA:character_data:16002:profile_and_dialog,character_data,MANDATORY_COMPLETE_REVIEW,02_CANONICAL_STORIES/CHARACTER_DATA/KOTORI/VARIANT_16002.md,6383742781689671f9f354719817aad286f571e8bed2a3e2cb05322e517ed563,ADMITTED,series/blue-archive/02 Sequential Readings/BOND/BLUE_ARCHIVE_KOTORI_PHASE2_PRIVATE_CONTEXTUAL_ACCOUNT_20261008.md,REF:CYCLE008_ACCEPTED,REF:CYCLE008_SCOPE,unresolved,,REF:CYCLE008_LIMITS,UNASSESSED,REF:PRIVATE_PRIORITY,,,
BA:character_data:16003:profile_and_dialog,character_data,MANDATORY_COMPLETE_REVIEW,02_CANONICAL_STORIES/CHARACTER_DATA/SUZUMI/VARIANT_16003.md,a10f1cc3575d3a6297d8e86f53b9d255bcfdcba8308b7d53a0f73eeed451919e,ADMITTED,series/blue-archive/02 Sequential Readings/BOND/BLUE_ARCHIVE_SUZUMI_REISA_ICHIKA_PRIVATE_CONTEXTUALIZATION_CHECKPOINT.md,REF:CYCLE008_ACCEPTED,REF:CYCLE008_SCOPE,unresolved,,REF:CYCLE008_LIMITS,UNASSESSED,REF:PRIVATE_PRIORITY,,,
BA:character_data:16004:profile_and_dialog,character_data,MANDATORY_COMPLETE_REVIEW,02_CANONICAL_STORIES/CHARACTER_DATA/PINA/VARIANT_16004.md,fa0104d65eb684a6f12a694774ea1007f31d56f89645c12fb87cd1ff594e7404,ADMITTED,series/blue-archive/02 Sequential Readings/BOND/BLUE_ARCHIVE_FESTIVAL_SHIZUKO_FINA_UMIKA_PHASE2_PRIVATE_CONTEXTUAL_ACCOUNT_20261008.md,REF:CYCLE008_ACCEPTED,REF:CYCLE008_SCOPE,unresolved,,REF:CYCLE008_LIMITS,UNASSESSED,REF:PRIVATE_PRIORITY,,,
BA:character_data:16005:profile_and_dialog,character_data,MANDATORY_COMPLETE_REVIEW,02_CANONICAL_STORIES/CHARACTER_DATA/TSURUGI/VARIANT_16005.md,1518824a23e555662dbdd83af8172793822e88a9831721b1bd51db2699fdd901,ADMITTED,series/blue-archive/02 Sequential Readings/BOND/BLUE_ARCHIVE_HASUMI_TSURUGI_PRIVATE_CONTEXTUALIZATION_CHECKPOINT.md,REF:CYCLE008_ACCEPTED,REF:CYCLE008_SCOPE,unresolved,,REF:CYCLE008_LIMITS,UNASSESSED,REF:PRIVATE_PRIORITY,,,
BA:character_data:16006:profile_and_dialog,character_data,MANDATORY_COMPLETE_REVIEW,02_CANONICAL_STORIES/CHARACTER_DATA/IZUMI/VARIANT_16006.md,aa21d320fde5c4ab22a3c4b801a34792fb9b025fcd09c21c398a2fff7b67a0dd,ADMITTED,series/blue-archive/02 Sequential Readings/BOND/BLUE_ARCHIVE_GEHENNA20_PHASE2_PRIVATE_CONTEXTUAL_ACCOUNT_20261008.md,REF:CYCLE008_ACCEPTED,REF:CYCLE008_SCOPE,unresolved,,REF:CYCLE008_LIMITS,UNASSESSED,REF:PRIVATE_PRIORITY,,,
BA:character_data:16007:profile_and_dialog,character_data,MANDATORY_COMPLETE_REVIEW,02_CANONICAL_STORIES/CHARACTER_DATA/TOMOE/VARIANT_16007.md,c29f9d42ea739f7239fbf38706df0c7c819a8136e736aa0df361997c3f7ef371,ADMITTED,series/blue-archive/02 Sequential Readings/BOND/BLUE_ARCHIVE_RED_WINTER7_PHASE2_PRIVATE_CONTEXTUAL_ACCOUNT_20261008.md,REF:CYCLE008_ACCEPTED,REF:CYCLE008_SCOPE,unresolved,,REF:CYCLE008_LIMITS,UNASSESSED,REF:PRIVATE_PRIORITY,0,0,0
BA:character_data:16008:profile_and_dialog,character_data,MANDATORY_COMPLETE_REVIEW,02_CANONICAL_STORIES/CHARACTER_DATA/CH0141/VARIANT_16008.md,3f81a3db1dbce2199b9f71029820b06c7ab4d94020fbe66142bf8594cfca1145,ADMITTED,series/blue-archive/02 Sequential Readings/BOND/FUBUKI/BLUE_ARCHIVE_FUBUKI_PHASE2_PRIVATE_CONTEXTUAL_ACCOUNT_20261008.md,REF:CYCLE008_ACCEPTED,REF:CYCLE008_SCOPE,unresolved,,REF:CYCLE008_LIMITS,UNASSESSED,REF:PRIVATE_PRIORITY,,,
BA:character_data:16009:profile_and_dialog,character_data,MANDATORY_COMPLETE_REVIEW,02_CANONICAL_STORIES/CHARACTER_DATA/CH0113/VARIANT_16009.md,2124e145f008b98e056c60834774c34c0bd7bb5b4aa0cb129afe98693cb4c5ec,ADMITTED,series/blue-archive/02 Sequential Readings/BOND/BLUE_ARCHIVE_NINJA_MICHIRU_IZUNA_TSUKUYO_PHASE2_PRIVATE_CONTEXTUAL_ACCOUNT_20261008.md,REF:CYCLE008_ACCEPTED,REF:CYCLE008_SCOPE,unresolved,,REF:CYCLE008_LIMITS,UNASSESSED,REF:PRIVATE_PRIORITY,,,
BA:character_data:16010:profile_and_dialog,character_data,MANDATORY_COMPLETE_REVIEW,02_CANONICAL_STORIES/CHARACTER_DATA/HIBIKI/VARIANT_16010.md,5368aeb6559356790204b42ab54563609d3fcebadcf5f07e39b0fff51a10e1ad,ADMITTED,series/blue-archive/02 Sequential Readings/BOND/BLUE_ARCHIVE_HIBIKI_PHASE2_PRIVATE_CONTEXTUAL_ACCOUNT_20261008.md,REF:CYCLE008_ACCEPTED,REF:CYCLE008_SCOPE,unresolved,,REF:CYCLE008_LIMITS,UNASSESSED,REF:PRIVATE_PRIORITY,,,
BA:character_data:16011:profile_and_dialog,character_data,MANDATORY_COMPLETE_REVIEW,02_CANONICAL_STORIES/CHARACTER_DATA/HASUMI/VARIANT_16011.md,2208ef4bf20287da7c93087f3b2d891042c7e119189e0028301f7ab3d1629536,ADMITTED,series/blue-archive/02 Sequential Readings/BOND/BLUE_ARCHIVE_HASUMI_TSURUGI_PRIVATE_CONTEXTUALIZATION_CHECKPOINT.md,REF:CYCLE008_ACCEPTED,REF:CYCLE008_SCOPE,unresolved,,REF:CYCLE008_LIMITS,UNASSESSED,REF:PRIVATE_PRIORITY,,,
BA:character_data:16012:profile_and_dialog,character_data,MANDATORY_COMPLETE_REVIEW,02_CANONICAL_STORIES/CHARACTER_DATA/ZUNKO/VARIANT_16012.md,9f18860b047a5b0118222bbb968abe7d0ca398b6bcca7f308ce18c658684969c,ADMITTED,series/blue-archive/02 Sequential Readings/BOND/BLUE_ARCHIVE_GEHENNA20_PHASE2_PRIVATE_CONTEXTUAL_ACCOUNT_20261008.md,REF:CYCLE008_ACCEPTED,REF:CYCLE008_SCOPE,unresolved,,REF:CYCLE008_LIMITS,UNASSESSED,REF:PRIVATE_PRIORITY,,,
BA:character_data:16013:profile_and_dialog,character_data,MANDATORY_COMPLETE_REVIEW,02_CANONICAL_STORIES/CHARACTER_DATA/KOHARU/VARIANT_16013.md,45d6ea945727af23bee900ea4d8f65de4dd6faaa429ae7f61902e8ed4bdb6455,ADMITTED,series/blue-archive/02 Sequential Readings/BOND/KOHARU/BLUE_ARCHIVE_KOHARU_PRIVATE_CONTEXTUALIZATION_CHECKPOINT.md,REF:CYCLE008_ACCEPTED,REF:CYCLE008_SCOPE,unresolved,,REF:CYCLE008_LIMITS,UNASSESSED,REF:PRIVATE_PRIORITY,,,
BA:character_data:16014:profile_and_dialog,character_data,MANDATORY_COMPLETE_REVIEW,02_CANONICAL_STORIES/CHARACTER_DATA/CH0077/VARIANT_16014.md,78398a8ca81465e1bf3599342a25da254eb160cf21fd3cd4f51d3be71a033b42,ADMITTED,series/blue-archive/02 Sequential Readings/BOND/BLUE_ARCHIVE_GEHENNA20_PHASE2_PRIVATE_CONTEXTUAL_ACCOUNT_20261008.md,REF:CYCLE008_ACCEPTED,REF:CYCLE008_SCOPE,unresolved,,REF:CYCLE008_LIMITS,UNASSESSED,REF:PRIVATE_PRIORITY,,,
BA:character_data:16015:profile_and_dialog,character_data,MANDATORY_COMPLETE_REVIEW,02_CANONICAL_STORIES/CHARACTER_DATA/AIRI/VARIANT_16015.md,5203ae713bdff2c2186524a6cd17d8141fb3b1930f27c09d9a51e5560e0329fa,ADMITTED,series/blue-archive/02 Sequential Readings/BOND/BLUE_ARCHIVE_AIRI_KAZUSA_YOSHIMI_NATSU_PRIVATE_CONTEXTUALIZATION_CHECKPOINT.md,REF:CYCLE008_ACCEPTED,REF:CYCLE008_SCOPE,unresolved,,REF:CYCLE008_LIMITS,UNASSESSED,REF:PRIVATE_PRIORITY,,,
BA:character_data:16016:profile_and_dialog,character_data,MANDATORY_COMPLETE_REVIEW,02_CANONICAL_STORIES/CHARACTER_DATA/CH0152/VARIANT_16016.md,d60a20d3ab79743d253e64461cbd2735023e95ab2bcaff61e938e0ff447c5a52,ADMITTED,series/blue-archive/02 Sequential Readings/BOND/MINE/BLUE_ARCHIVE_MINE_PRIVATE_CONTEXTUALIZATION_CHECKPOINT.md,REF:ORIGINAL_ADMISSION_RECORD_0007,REF:ORIGINAL_ADMITTED_CLAIM_SCOPE_0087,UNRESOLVED_MAIN_PLACEMENT,16016/CH0275 joins CH0152's person but retains idol written circumstances; no event or main placement.,REF:ORIGINAL_ATTRIBUTION_LIMITS_0088,CORE,REF:ORIGINAL_PRIORITY_REASON_0089,,,
BA:character_data:16017:profile_and_dialog,character_data,MANDATORY_COMPLETE_REVIEW,02_CANONICAL_STORIES/CHARACTER_DATA/CH0288/VARIANT_16017.md,6fe0a9cc49cb63579cf527c164a650fabe7fe688c8ff6173ef29baab98d1fd56,ADMITTED,series/blue-archive/02 Sequential Readings/BOND/BLUE_ARCHIVE_AOBA_PHASE2_PRIVATE_CONTEXTUAL_ACCOUNT_20261009.md,REF:CYCLE008_ACCEPTED,REF:CYCLE008_SCOPE,unresolved,,REF:CYCLE008_LIMITS;REF:NEW80_ROOT_QUALIFIED;REF:NEW80_IDENTITY_MODES,UNASSESSED,REF:PRIVATE_PRIORITY,,,
BA:character_data:16018:profile_and_dialog,character_data,MANDATORY_COMPLETE_REVIEW,02_CANONICAL_STORIES/CHARACTER_DATA/CH0166/VARIANT_16018.md,520da28e653ea9de54a306a49ff69c4aca9054a10f6e70d565021a8c2fb9f70f,ADMITTED,series/blue-archive/02 Sequential Readings/BOND/BLUE_ARCHIVE_LOVE_PHASE2_PRIVATE_CONTEXTUAL_ACCOUNT_20261009.md,REF:CYCLE008_ACCEPTED,REF:CYCLE008_SCOPE,unresolved,,REF:CYCLE008_LIMITS;REF:NEW80_ROOT_QUALIFIED;REF:NEW80_IDENTITY_MODES,UNASSESSED,REF:PRIVATE_PRIORITY,,,
BA:character_data:16019:profile_and_dialog,character_data,MANDATORY_COMPLETE_REVIEW,02_CANONICAL_STORIES/CHARACTER_DATA/CH0187/VARIANT_16019.md,27135572367654ca052901b0bdead987f36bbd3618bed00e33fd892eb1874485,ADMITTED,series/blue-archive/02 Sequential Readings/BOND/BLUE_ARCHIVE_TOKI_PHASE2_PRIVATE_CONTEXTUAL_ACCOUNT_20261008.md,REF:CYCLE008_ACCEPTED,REF:CYCLE008_SCOPE,unresolved,,REF:CYCLE008_LIMITS,UNASSESSED,REF:PRIVATE_PRIORITY,,,
BA:character_data:16020:profile_and_dialog,character_data,MANDATORY_COMPLETE_REVIEW,02_CANONICAL_STORIES/CHARACTER_DATA/CH0174/VARIANT_16020.md,3cf068bdcf8e46c597b58ed0b8d2be4ca03b6cd5409f2ff6a0eb133de45a4d93,ADMITTED,series/blue-archive/02 Sequential Readings/BOND/OTOGI/BLUE_ARCHIVE_OTOGI_PHASE2_PRIVATE_CONTEXTUAL_ACCOUNT_20261008.md,REF:CYCLE008_ACCEPTED,REF:CYCLE008_SCOPE,unresolved,,REF:CYCLE008_LIMITS,UNASSESSED,REF:PRIVATE_PRIORITY,,,
BA:character_data:19002:profile_and_dialog,character_data,MANDATORY_COMPLETE_REVIEW,02_CANONICAL_STORIES/CHARACTER_DATA/UNRESOLVED_19002/VARIANT_19002.md,bb9d68c73223a67868d4621521d28580aa7b668bb3a6da7d8db396ae14414e1d,ADMITTED,series/blue-archive/02 Sequential Readings/CHARACTER_DATA/UNRESOLVED/BLUE_ARCHIVE_UNJOINED_WRITTEN_27_IDENTITY_AND_CONTEXTUAL_ACCOUNT_20261008.md,REF:CYCLE008_ACCEPTED,REF:CYCLE008_SCOPE,unresolved,,REF:CYCLE008_LIMITS;REF:UNJOINED27_LIMITS,UNASSESSED,REF:PRIVATE_PRIORITY,,,
BA:character_data:19003:profile_and_dialog,character_data,MANDATORY_COMPLETE_REVIEW,02_CANONICAL_STORIES/CHARACTER_DATA/UNRESOLVED_19003/VARIANT_19003.md,eac875146ca5849be1cfabfb54f968034adbe1cf3ec64bb912519415b70582e2,ADMITTED,series/blue-archive/02 Sequential Readings/CHARACTER_DATA/UNRESOLVED/BLUE_ARCHIVE_UNJOINED_WRITTEN_27_IDENTITY_AND_CONTEXTUAL_ACCOUNT_20261008.md,REF:CYCLE008_ACCEPTED,REF:CYCLE008_SCOPE,unresolved,,REF:CYCLE008_LIMITS;REF:UNJOINED27_LIMITS,UNASSESSED,REF:PRIVATE_PRIORITY,,,
BA:character_data:19004:profile_and_dialog,character_data,MANDATORY_COMPLETE_REVIEW,02_CANONICAL_STORIES/CHARACTER_DATA/UNRESOLVED_19004/VARIANT_19004.md,a83ec1f354fabb1c5fe01c242129aaedbc6db315807c08a9f63141f9fa396c4e,ADMITTED,series/blue-archive/02 Sequential Readings/CHARACTER_DATA/UNRESOLVED/BLUE_ARCHIVE_UNJOINED_WRITTEN_27_IDENTITY_AND_CONTEXTUAL_ACCOUNT_20261008.md,REF:CYCLE008_ACCEPTED,REF:CYCLE008_SCOPE,unresolved,,REF:CYCLE008_LIMITS;REF:UNJOINED27_LIMITS,UNASSESSED,REF:PRIVATE_PRIORITY,,,
BA:character_data:19005:profile_and_dialog,character_data,MANDATORY_COMPLETE_REVIEW,02_CANONICAL_STORIES/CHARACTER_DATA/UNRESOLVED_19005/VARIANT_19005.md,dbc48e92dfb382b288ce2b67bb539c6b46cd31adcd69064868832d5b286b099e,ADMITTED,series/blue-archive/02 Sequential Readings/CHARACTER_DATA/UNRESOLVED/BLUE_ARCHIVE_UNJOINED_WRITTEN_27_IDENTITY_AND_CONTEXTUAL_ACCOUNT_20261008.md,REF:CYCLE008_ACCEPTED,REF:CYCLE008_SCOPE,unresolved,,REF:CYCLE008_LIMITS;REF:UNJOINED27_LIMITS,UNASSESSED,REF:PRIVATE_PRIORITY,,,
BA:character_data:19006:profile_and_dialog,character_data,MANDATORY_COMPLETE_REVIEW,02_CANONICAL_STORIES/CHARACTER_DATA/UNRESOLVED_19006/VARIANT_19006.md,b8cd418224ca800dd30a525cfbb32e556afea831f27d4914b0ae1de7525305c1,ADMITTED,series/blue-archive/02 Sequential Readings/CHARACTER_DATA/UNRESOLVED/BLUE_ARCHIVE_UNJOINED_WRITTEN_27_IDENTITY_AND_CONTEXTUAL_ACCOUNT_20261008.md,REF:CYCLE008_ACCEPTED,REF:CYCLE008_SCOPE,unresolved,,REF:CYCLE008_LIMITS;REF:UNJOINED27_LIMITS,UNASSESSED,REF:PRIVATE_PRIORITY,,,
BA:character_data:20000:profile_and_dialog,character_data,MANDATORY_COMPLETE_REVIEW,02_CANONICAL_STORIES/CHARACTER_DATA/HIBIKI/VARIANT_20000.md,94c19b20ab4dbf36a27c7b3fb40623b2b57ed3966b569f06c8b9a70177b843ef,ADMITTED,series/blue-archive/02 Sequential Readings/BOND/BLUE_ARCHIVE_HIBIKI_PHASE2_PRIVATE_CONTEXTUAL_ACCOUNT_20261008.md,REF:CYCLE008_ACCEPTED,REF:CYCLE008_SCOPE,unresolved,,REF:CYCLE008_LIMITS,UNASSESSED,REF:PRIVATE_PRIORITY,,,
BA:character_data:20001:profile_and_dialog,character_data,MANDATORY_COMPLETE_REVIEW,02_CANONICAL_STORIES/CHARACTER_DATA/KARIN/VARIANT_20001.md,544862cdfba70c593d1b31125997540357b962b3d9a5bd2ffe4130de57bd336d,ADMITTED,series/blue-archive/02 Sequential Readings/BOND/BLUE_ARCHIVE_KARIN_PHASE2_PRIVATE_CONTEXTUAL_ACCOUNT_20261008.md,REF:CYCLE008_ACCEPTED,REF:CYCLE008_SCOPE,unresolved,,REF:CYCLE008_LIMITS,UNASSESSED,REF:PRIVATE_PRIORITY,,,
BA:character_data:20002:profile_and_dialog,character_data,MANDATORY_COMPLETE_REVIEW,02_CANONICAL_STORIES/CHARACTER_DATA/SAYA/VARIANT_20002.md,1c61c4cea1b7120d5f947219d2741a9e9724ee520f1acd3fe1207eaef84d2e6b,ADMITTED,series/blue-archive/02 Sequential Readings/BOND/BLUE_ARCHIVE_SHANHAIJING6_AND_SAYA_PHASE2_PRIVATE_CONTEXTUAL_ACCOUNT_20261008.md,REF:CYCLE008_ACCEPTED,REF:CYCLE008_SCOPE,unresolved,,REF:CYCLE008_LIMITS,UNASSESSED,REF:PRIVATE_PRIORITY,,,
BA:character_data:20003:profile_and_dialog,character_data,MANDATORY_COMPLETE_REVIEW,02_CANONICAL_STORIES/CHARACTER_DATA/MASHIRO/VARIANT_20003.md,76439137c6aed9dec8dd1d49e93665c3ff89e939c4cac962be72795237069a02,ADMITTED,series/blue-archive/02 Sequential Readings/BOND/MASHIRO/BLUE_ARCHIVE_MASHIRO_PRIVATE_CONTEXTUALIZATION_CHECKPOINT.md,REF:CYCLE008_ACCEPTED,REF:CYCLE008_SCOPE,unresolved,,REF:CYCLE008_LIMITS,UNASSESSED,REF:PRIVATE_PRIORITY,,,
BA:character_data:20004:profile_and_dialog,character_data,MANDATORY_COMPLETE_REVIEW,02_CANONICAL_STORIES/CHARACTER_DATA/MASHIRO/VARIANT_20004.md,6f55b4c5626057de0930df316f71b9c9ff2ee2446b379ef10b4cace179575bf2,ADMITTED,series/blue-archive/02 Sequential Readings/BOND/MASHIRO/BLUE_ARCHIVE_MASHIRO_PRIVATE_CONTEXTUALIZATION_CHECKPOINT.md,REF:CYCLE008_ACCEPTED,REF:CYCLE008_SCOPE,unresolved,,REF:CYCLE008_LIMITS,UNASSESSED,REF:PRIVATE_PRIORITY,,,
BA:character_data:20005:profile_and_dialog,character_data,MANDATORY_COMPLETE_REVIEW,02_CANONICAL_STORIES/CHARACTER_DATA/HIHUMI/VARIANT_20005.md,6acd1497fefcfecd765700ededcf17b848b61e87f2dfd5bdccbc28c9e4b2e7d5,ADMITTED,series/blue-archive/02 Sequential Readings/BOND/HIFUMI/BLUE_ARCHIVE_HIFUMI_PRIVATE_CONTEXTUALIZATION_CHECKPOINT.md,REF:CYCLE008_ACCEPTED,REF:CYCLE008_SCOPE,unresolved,,REF:CYCLE008_LIMITS,UNASSESSED,REF:PRIVATE_PRIORITY,,,
BA:character_data:20006:profile_and_dialog,character_data,MANDATORY_COMPLETE_REVIEW,02_CANONICAL_STORIES/CHARACTER_DATA/SAYA/VARIANT_20006.md,3b3f8a65bffed88d4708fb5d257437f9b2510e8f0ae860fd5e007122122545b6,ADMITTED,series/blue-archive/02 Sequential Readings/BOND/BLUE_ARCHIVE_SHANHAIJING6_AND_SAYA_PHASE2_PRIVATE_CONTEXTUAL_ACCOUNT_20261008.md,REF:CYCLE008_ACCEPTED,REF:CYCLE008_SCOPE,unresolved,,REF:CYCLE008_LIMITS,UNASSESSED,REF:PRIVATE_PRIORITY,,,
BA:character_data:20007:profile_and_dialog,character_data,MANDATORY_COMPLETE_REVIEW,02_CANONICAL_STORIES/CHARACTER_DATA/CH9999/VARIANT_20007.md,e06f2a74d8d5e81a45f9711ef7402cd5fda96aa8caf21aa768e89d7682164ccf,ADMITTED,series/blue-archive/02 Sequential Readings/BOND/BLUE_ARCHIVE_COLLABORATION4_PHASE2_PRIVATE_AND_MODE_CONTEXTUAL_ACCOUNT_20261009.md,REF:CYCLE008_ACCEPTED,REF:CYCLE008_SCOPE,unresolved,,REF:CYCLE008_LIMITS;REF:NEW80_ROOT_QUALIFIED;REF:NEW80_IDENTITY_MODES,UNASSESSED,REF:PRIVATE_PRIORITY,,,
BA:character_data:20008:profile_and_dialog,character_data,MANDATORY_COMPLETE_REVIEW,02_CANONICAL_STORIES/CHARACTER_DATA/AKO/VARIANT_20008.md,f1c669069596d95cb700eb9b941e1676e10a0228f48aa1e25ff45ff5bef15951,ADMITTED,series/blue-archive/02 Sequential Readings/BOND/BLUE_ARCHIVE_GEHENNA20_PHASE2_PRIVATE_CONTEXTUAL_ACCOUNT_20261008.md,REF:CYCLE008_ACCEPTED,REF:CYCLE008_SCOPE,unresolved,,REF:CYCLE008_LIMITS,UNASSESSED,REF:PRIVATE_PRIORITY,,,
BA:character_data:20009:profile_and_dialog,character_data,MANDATORY_COMPLETE_REVIEW,02_CANONICAL_STORIES/CHARACTER_DATA/CHERINO/VARIANT_20009.md,3139da1cfef77cea5dd18b62bbde7cee38e639208316af15a87313bd333ce8c3,ADMITTED,series/blue-archive/02 Sequential Readings/BOND/BLUE_ARCHIVE_RED_WINTER7_PHASE2_PRIVATE_CONTEXTUAL_ACCOUNT_20261008.md,REF:CYCLE008_ACCEPTED,REF:CYCLE008_SCOPE,unresolved,,REF:CYCLE008_LIMITS,UNASSESSED,REF:PRIVATE_PRIORITY,0,0,0
BA:character_data:20010:profile_and_dialog,character_data,MANDATORY_COMPLETE_REVIEW,02_CANONICAL_STORIES/CHARACTER_DATA/NODOKA/VARIANT_20010.md,7207708355219b0ba9e319b6e90d31a0cfd8866dbdf0a4375837caf84244de9b,ADMITTED,series/blue-archive/02 Sequential Readings/BOND/BLUE_ARCHIVE_RED_WINTER7_PHASE2_PRIVATE_CONTEXTUAL_ACCOUNT_20261008.md,REF:CYCLE008_ACCEPTED,REF:CYCLE008_SCOPE,unresolved,,REF:CYCLE008_LIMITS,UNASSESSED,REF:PRIVATE_PRIORITY,0,0,0
BA:character_data:20011:profile_and_dialog,character_data,MANDATORY_COMPLETE_REVIEW,02_CANONICAL_STORIES/CHARACTER_DATA/SERIKA/VARIANT_20011.md,a079c516b40ef2d4b33f5728b9b545c7611ee1f46039f093b9aa17441bbbb7fc,ADMITTED,series/blue-archive/02 Sequential Readings/BOND/SERIKA/BLUE_ARCHIVE_SERIKA_PRIVATE_CONTEXTUALIZATION_CHECKPOINT.md,REF:ORIGINAL_ADMISSION_RECORD_0030,REF:ORIGINAL_ADMITTED_CLAIM_SCOPE_0031,LOCAL_RELATIVE_ONLY,Explicit prior consultation/collapse/resort only; no comprehensive variant order or main placement.,REF:ORIGINAL_ATTRIBUTION_LIMITS_0032,HIGH,REF:ORIGINAL_PRIORITY_REASON_0033,,,
BA:character_data:20012:profile_and_dialog,character_data,MANDATORY_COMPLETE_REVIEW,02_CANONICAL_STORIES/CHARACTER_DATA/CH0081/VARIANT_20012.md,49e7ffba0a69067926fa0d0208755e137b878cd06d4c7cb211cc4657572118aa,ADMITTED,series/blue-archive/02 Sequential Readings/BOND/BLUE_ARCHIVE_GEHENNA20_PHASE2_PRIVATE_CONTEXTUAL_ACCOUNT_20261008.md,REF:CYCLE008_ACCEPTED,REF:CYCLE008_SCOPE,unresolved,,REF:CYCLE008_LIMITS,UNASSESSED,REF:PRIVATE_PRIORITY,,,
BA:character_data:20013:profile_and_dialog,character_data,MANDATORY_COMPLETE_REVIEW,02_CANONICAL_STORIES/CHARACTER_DATA/CH0160/VARIANT_20013.md,49c1ad58756dbb11a04fe5d58c827a767f5a86ddb5d32cdabd5fed685c50154a,ADMITTED,series/blue-archive/02 Sequential Readings/BOND/BLUE_ARCHIVE_CHIHIRO_PHASE2_PRIVATE_CONTEXTUAL_ACCOUNT_20261008.md,REF:CYCLE008_ACCEPTED,REF:CYCLE008_SCOPE,unresolved,,REF:CYCLE008_LIMITS,UNASSESSED,REF:PRIVATE_PRIORITY,,,
BA:character_data:20014:profile_and_dialog,character_data,MANDATORY_COMPLETE_REVIEW,02_CANONICAL_STORIES/CHARACTER_DATA/CH0144/VARIANT_20014.md,141123a5b532365b8d5a76ba5494f81219dfedff4d128352a1cdde9b79a351d5,ADMITTED,series/blue-archive/02 Sequential Readings/BOND/SAKI/BLUE_ARCHIVE_SAKI_PHASE2_PRIVATE_CONTEXTUAL_ACCOUNT_20261008.md,REF:CYCLE008_ACCEPTED,REF:CYCLE008_SCOPE,unresolved,,REF:CYCLE008_LIMITS,UNASSESSED,REF:PRIVATE_PRIORITY,,,
BA:character_data:20015:profile_and_dialog,character_data,MANDATORY_COMPLETE_REVIEW,02_CANONICAL_STORIES/CHARACTER_DATA/KAEDE/VARIANT_20015.md,2c45d15e1a3f842c2f3a574ae246b0c4834265a46fbc25123d829d13b4453fb6,ADMITTED,series/blue-archive/02 Sequential Readings/BOND/BLUE_ARCHIVE_TRAINING_KAEDE_MIMORI_TSUBAKI_PHASE2_PRIVATE_CONTEXTUAL_ACCOUNT_20261008.md,REF:CYCLE008_ACCEPTED,REF:CYCLE008_SCOPE,unresolved,,REF:CYCLE008_LIMITS,UNASSESSED,REF:PRIVATE_PRIORITY,,,
BA:character_data:20016:profile_and_dialog,character_data,MANDATORY_COMPLETE_REVIEW,02_CANONICAL_STORIES/CHARACTER_DATA/CH0156/VARIANT_20016.md,b3a39c16e5a8fd14d2e9a72908d1c7c5f00009c7c10c7be928f6ad34bd32b3ad,ADMITTED,series/blue-archive/02 Sequential Readings/BOND/BLUE_ARCHIVE_GEHENNA20_PHASE2_PRIVATE_CONTEXTUAL_ACCOUNT_20261008.md,REF:CYCLE008_ACCEPTED,REF:CYCLE008_SCOPE,unresolved,,REF:CYCLE008_LIMITS,UNASSESSED,REF:PRIVATE_PRIORITY,,,
BA:character_data:20017:profile_and_dialog,character_data,MANDATORY_COMPLETE_REVIEW,02_CANONICAL_STORIES/CHARACTER_DATA/HIYORI/VARIANT_20017.md,51695ff61a76efe25bbbeb58fe3488ee4ee8e569ba51fa6aff3dd67409325e68,ADMITTED,series/blue-archive/02 Sequential Readings/BOND/BLUE_ARCHIVE_MISAKI_HIYORI_SUBARU_PRIVATE_CONTEXTUALIZATION_CHECKPOINT.md,REF:CYCLE008_ACCEPTED,REF:CYCLE008_SCOPE,unresolved,,REF:CYCLE008_LIMITS,UNASSESSED,REF:PRIVATE_PRIORITY,,,
BA:character_data:20018:profile_and_dialog,character_data,MANDATORY_COMPLETE_REVIEW,02_CANONICAL_STORIES/CHARACTER_DATA/MOE/VARIANT_20018.md,8da2bddfca39756a25294052d11ef8b2d18e459d27dca87a9072586d0a3abea7,ADMITTED,series/blue-archive/02 Sequential Readings/BOND/MOE/BLUE_ARCHIVE_MOE_PHASE2_PRIVATE_CONTEXTUAL_ACCOUNT_20261008.md,REF:CYCLE008_ACCEPTED,REF:CYCLE008_SCOPE,unresolved,,REF:CYCLE008_LIMITS,UNASSESSED,REF:PRIVATE_PRIORITY,,,
BA:character_data:20019:profile_and_dialog,character_data,MANDATORY_COMPLETE_REVIEW,02_CANONICAL_STORIES/CHARACTER_DATA/AKANE/VARIANT_20019.md,9796e349769e79676a24d1e105f9665ad5b726e08baae6fe662102233ccb99a5,ADMITTED,series/blue-archive/02 Sequential Readings/BOND/BLUE_ARCHIVE_AKANE_PHASE2_PRIVATE_CONTEXTUAL_ACCOUNT_20261008.md,REF:CYCLE008_ACCEPTED,REF:CYCLE008_SCOPE,unresolved,,REF:CYCLE008_LIMITS,UNASSESSED,REF:PRIVATE_PRIORITY,,,
BA:character_data:20020:profile_and_dialog,character_data,MANDATORY_COMPLETE_REVIEW,02_CANONICAL_STORIES/CHARACTER_DATA/CH0159/VARIANT_20020.md,1eb9a34622bac78ee9d118f2a7ac40142379a6e5b4a4f712682d4ab96f2a7d4a,ADMITTED,series/blue-archive/02 Sequential Readings/BOND/BLUE_ARCHIVE_HIMARI_PHASE2_PRIVATE_CONTEXTUAL_ACCOUNT_20261008.md,REF:CYCLE008_ACCEPTED,REF:CYCLE008_SCOPE,unresolved,,REF:CYCLE008_LIMITS,UNASSESSED,REF:PRIVATE_PRIORITY,,,
BA:character_data:20021:profile_and_dialog,character_data,MANDATORY_COMPLETE_REVIEW,02_CANONICAL_STORIES/CHARACTER_DATA/HANAE/VARIANT_20021.md,247f47886d939040d52ce274a7b5ebcbd507d39816b89a1e041c1c769bf8cbec,ADMITTED,series/blue-archive/02 Sequential Readings/BOND/HANAE/BLUE_ARCHIVE_HANAE_PRIVATE_CONTEXTUALIZATION_CHECKPOINT.md,REF:ORIGINAL_ADMISSION_RECORD_0007,REF:ORIGINAL_ADMITTED_CLAIM_SCOPE_0090,UNRESOLVED_MAIN_PLACEMENT,"Christmas variant and written unlock/date/category contexts only; no diegetic date, bond order or main placement.",REF:ORIGINAL_ATTRIBUTION_LIMITS_0091,CORE,REF:ORIGINAL_PRIORITY_REASON_0092,,,
BA:character_data:20022:profile_and_dialog,character_data,MANDATORY_COMPLETE_REVIEW,02_CANONICAL_STORIES/CHARACTER_DATA/FUUKA/VARIANT_20022.md,6ff4bd5c62294175b9d2bca4133264cf0b599251614765ffff7963b0c59538a3,ADMITTED,series/blue-archive/02 Sequential Readings/BOND/BLUE_ARCHIVE_GEHENNA20_PHASE2_PRIVATE_CONTEXTUAL_ACCOUNT_20261008.md,REF:CYCLE008_ACCEPTED,REF:CYCLE008_SCOPE,unresolved,,REF:CYCLE008_LIMITS,UNASSESSED,REF:PRIVATE_PRIORITY,,,
BA:character_data:20023:profile_and_dialog,character_data,MANDATORY_COMPLETE_REVIEW,02_CANONICAL_STORIES/CHARACTER_DATA/CH0170/VARIANT_20023.md,2bfc1b22a6108656b5afc4db68aeaf380175c4efa4a724d72c196d98021f22bf,ADMITTED,series/blue-archive/02 Sequential Readings/BOND/KANNA/BLUE_ARCHIVE_KANNA_PHASE2_PRIVATE_CONTEXTUAL_ACCOUNT_20261008.md,REF:CYCLE008_ACCEPTED,REF:CYCLE008_SCOPE,unresolved,,REF:CYCLE008_LIMITS,UNASSESSED,REF:PRIVATE_PRIORITY,,,
BA:character_data:20024:profile_and_dialog,character_data,MANDATORY_COMPLETE_REVIEW,02_CANONICAL_STORIES/CHARACTER_DATA/NAGISA/VARIANT_20024.md,33f2006ab7452158c37105514b7eb9cdcab2e814c8bb5e91b78f44e4d68374e5,ADMITTED,series/blue-archive/02 Sequential Readings/BOND/NAGISA/BLUE_ARCHIVE_NAGISA_PRIVATE_CONTEXTUALIZATION_CHECKPOINT.md,REF:CYCLE008_ACCEPTED,REF:CYCLE008_SCOPE,unresolved,,REF:CYCLE008_LIMITS,UNASSESSED,REF:PRIVATE_PRIORITY,,,
BA:character_data:20025:profile_and_dialog,character_data,MANDATORY_COMPLETE_REVIEW,02_CANONICAL_STORIES/CHARACTER_DATA/HARUKA/VARIANT_20025.md,fca4fa7f351ace5a71382209ac7871239f51d410f29e17fe6020a1758bf1d135,ADMITTED,series/blue-archive/02 Sequential Readings/BOND/HARUKA/BLUE_ARCHIVE_HARUKA_PRIVATE_CONTEXTUALIZATION_CHECKPOINT.md,REF:CYCLE008_ACCEPTED,REF:CYCLE008_SCOPE,unresolved,,REF:CYCLE008_LIMITS,UNASSESSED,REF:PRIVATE_PRIORITY,,,
BA:character_data:20026:profile_and_dialog,character_data,MANDATORY_COMPLETE_REVIEW,02_CANONICAL_STORIES/CHARACTER_DATA/CH0214/VARIANT_20026.md,ee537383475966ef4a6b2209a0ade20af4f5b1ffb8b653d76c1019c8a87fa729,ADMITTED,series/blue-archive/02 Sequential Readings/BOND/BLUE_ARCHIVE_RED_WINTER7_PHASE2_PRIVATE_CONTEXTUAL_ACCOUNT_20261008.md,REF:CYCLE008_ACCEPTED,REF:CYCLE008_SCOPE,unresolved,,REF:CYCLE008_LIMITS,UNASSESSED,REF:PRIVATE_PRIORITY,0,0,0
BA:character_data:20027:profile_and_dialog,character_data,MANDATORY_COMPLETE_REVIEW,02_CANONICAL_STORIES/CHARACTER_DATA/SHIROKO/VARIANT_20027.md,641a8e9c098b34d1109894279cc74a97af13ae1cbd7b3619b3a1e26ce4266037,ADMITTED,series/blue-archive/02 Sequential Readings/BOND/BLUE_ARCHIVE_SHIROKO_PHASE2_PRIVATE_CONTEXTUAL_ACCOUNT_20261008.md,REF:CYCLE008_ACCEPTED,REF:CYCLE008_SCOPE,unresolved,,REF:CYCLE008_LIMITS,UNASSESSED,REF:PRIVATE_PRIORITY,,,
BA:character_data:20028:profile_and_dialog,character_data,MANDATORY_COMPLETE_REVIEW,02_CANONICAL_STORIES/CHARACTER_DATA/HINATA/VARIANT_20028.md,b07caa85d6673ae573410f92d7aa4918521039d9d6f173244875cd129a293dc9,ADMITTED,series/blue-archive/02 Sequential Readings/BOND/BLUE_ARCHIVE_HINATA_UI_SHIMIKO_PRIVATE_CONTEXTUALIZATION_CHECKPOINT.md,REF:CYCLE008_ACCEPTED,REF:CYCLE008_SCOPE,unresolved,,REF:CYCLE008_LIMITS,UNASSESSED,REF:PRIVATE_PRIORITY,,,
BA:character_data:20029:profile_and_dialog,character_data,MANDATORY_COMPLETE_REVIEW,02_CANONICAL_STORIES/CHARACTER_DATA/MIMORI/VARIANT_20029.md,c2a4d627ab2e4970ad4f023f5967e33e727320997c5d56521914e32937570fa1,ADMITTED,series/blue-archive/02 Sequential Readings/BOND/BLUE_ARCHIVE_TRAINING_KAEDE_MIMORI_TSUBAKI_PHASE2_PRIVATE_CONTEXTUAL_ACCOUNT_20261008.md,REF:CYCLE008_ACCEPTED,REF:CYCLE008_SCOPE,unresolved,,REF:CYCLE008_LIMITS,UNASSESSED,REF:PRIVATE_PRIORITY,,,
BA:character_data:20030:profile_and_dialog,character_data,MANDATORY_COMPLETE_REVIEW,02_CANONICAL_STORIES/CHARACTER_DATA/HARUNA/VARIANT_20030.md,3562238bcb254d8e520923c0dc1570942d8c238d9182f30876d1dd9bf3dd48c9,ADMITTED,series/blue-archive/02 Sequential Readings/BOND/BLUE_ARCHIVE_GEHENNA20_PHASE2_PRIVATE_CONTEXTUAL_ACCOUNT_20261008.md,REF:CYCLE008_ACCEPTED,REF:CYCLE008_SCOPE,unresolved,,REF:CYCLE008_LIMITS,UNASSESSED,REF:PRIVATE_PRIORITY,,,
BA:character_data:20031:profile_and_dialog,character_data,MANDATORY_COMPLETE_REVIEW,02_CANONICAL_STORIES/CHARACTER_DATA/SHIGURE/VARIANT_20031.md,6a48df15b48733472f8aa080ea41cb61f083d62da41eed4a5ead5a629df9cb53,ADMITTED,series/blue-archive/02 Sequential Readings/BOND/BLUE_ARCHIVE_RED_WINTER7_PHASE2_PRIVATE_CONTEXTUAL_ACCOUNT_20261008.md,REF:CYCLE008_ACCEPTED,REF:CYCLE008_SCOPE,unresolved,,REF:CYCLE008_LIMITS,UNASSESSED,REF:PRIVATE_PRIORITY,0,0,0
BA:character_data:20032:profile_and_dialog,character_data,MANDATORY_COMPLETE_REVIEW,02_CANONICAL_STORIES/CHARACTER_DATA/EIMI/VARIANT_20032.md,b4583b19880b82e74c3902f49ccc76328d8d2192b2247342ca748c729c9d41d1,ADMITTED,series/blue-archive/02 Sequential Readings/BOND/BLUE_ARCHIVE_EIMI_PHASE2_PRIVATE_CONTEXTUAL_ACCOUNT_20261008.md,REF:CYCLE008_ACCEPTED,REF:CYCLE008_SCOPE,unresolved,,REF:CYCLE008_LIMITS,UNASSESSED,REF:PRIVATE_PRIORITY,,,
BA:character_data:20033:profile_and_dialog,character_data,MANDATORY_COMPLETE_REVIEW,02_CANONICAL_STORIES/CHARACTER_DATA/CH0079/VARIANT_20033.md,c747d254a50e4e836800d935771e97e552b685f0206a8cc3596ffc50568441b6,ADMITTED,series/blue-archive/02 Sequential Readings/BOND/BLUE_ARCHIVE_GEHENNA20_PHASE2_PRIVATE_CONTEXTUAL_ACCOUNT_20261008.md,REF:CYCLE008_ACCEPTED,REF:CYCLE008_SCOPE,unresolved,,REF:CYCLE008_LIMITS,UNASSESSED,REF:PRIVATE_PRIORITY,,,
BA:character_data:20034:profile_and_dialog,character_data,MANDATORY_COMPLETE_REVIEW,02_CANONICAL_STORIES/CHARACTER_DATA/AKARI/VARIANT_20034.md,352c1661880c48d64e7388798a54cd3da3d5a3a6f3c303b17d1bab4b5d7b1916,ADMITTED,series/blue-archive/02 Sequential Readings/BOND/BLUE_ARCHIVE_GEHENNA20_PHASE2_PRIVATE_CONTEXTUAL_ACCOUNT_20261008.md,REF:CYCLE008_ACCEPTED,REF:CYCLE008_SCOPE,unresolved,,REF:CYCLE008_LIMITS,UNASSESSED,REF:PRIVATE_PRIORITY,,,
BA:character_data:20035:profile_and_dialog,character_data,MANDATORY_COMPLETE_REVIEW,02_CANONICAL_STORIES/CHARACTER_DATA/TSUBAKI/VARIANT_20035.md,2dd5ae7a9baa0600a6b9c2e5f880359a45c914e4dd53ccdcc83a7629a40dae86,ADMITTED,series/blue-archive/02 Sequential Readings/BOND/BLUE_ARCHIVE_TRAINING_KAEDE_MIMORI_TSUBAKI_PHASE2_PRIVATE_CONTEXTUAL_ACCOUNT_20261008.md,REF:CYCLE008_ACCEPTED,REF:CYCLE008_SCOPE,unresolved,,REF:CYCLE008_LIMITS,UNASSESSED,REF:PRIVATE_PRIORITY,,,
BA:character_data:20036:profile_and_dialog,character_data,MANDATORY_COMPLETE_REVIEW,02_CANONICAL_STORIES/CHARACTER_DATA/SERIKA/VARIANT_20036.md,423797f965e025e393d0eeabcc3c0bc8b5158a20bef4ca4647027a45031251fb,ADMITTED,series/blue-archive/02 Sequential Readings/BOND/SERIKA/BLUE_ARCHIVE_SERIKA_PRIVATE_CONTEXTUALIZATION_CHECKPOINT.md,REF:ORIGINAL_ADMISSION_RECORD_0030,REF:ORIGINAL_ADMITTED_CLAIM_SCOPE_0031,LOCAL_RELATIVE_ONLY,Explicit prior consultation/collapse/resort only; no comprehensive variant order or main placement.,REF:ORIGINAL_ATTRIBUTION_LIMITS_0032,HIGH,REF:ORIGINAL_PRIORITY_REASON_0033,,,
BA:character_data:20037:profile_and_dialog,character_data,MANDATORY_COMPLETE_REVIEW,02_CANONICAL_STORIES/CHARACTER_DATA/CH0141/VARIANT_20037.md,323c0977216c533ef98517dba278bb1ffeb0ae5dafff7215b3dab837967c0969,ADMITTED,series/blue-archive/02 Sequential Readings/BOND/FUBUKI/BLUE_ARCHIVE_FUBUKI_PHASE2_PRIVATE_CONTEXTUAL_ACCOUNT_20261008.md,REF:CYCLE008_ACCEPTED,REF:CYCLE008_SCOPE,unresolved,,REF:CYCLE008_LIMITS,UNASSESSED,REF:PRIVATE_PRIORITY,,,
BA:character_data:20038:profile_and_dialog,character_data,MANDATORY_COMPLETE_REVIEW,02_CANONICAL_STORIES/CHARACTER_DATA/TOMOE/VARIANT_20038.md,caf593591e024faf24e24290b30ca971fc650f2939a74fb9b3e1d3f65994a41b,ADMITTED,series/blue-archive/02 Sequential Readings/BOND/BLUE_ARCHIVE_RED_WINTER7_PHASE2_PRIVATE_CONTEXTUAL_ACCOUNT_20261008.md,REF:CYCLE008_ACCEPTED,REF:CYCLE008_SCOPE,unresolved,,REF:CYCLE008_LIMITS,UNASSESSED,REF:PRIVATE_PRIORITY,0,0,0
BA:character_data:20039:profile_and_dialog,character_data,MANDATORY_COMPLETE_REVIEW,02_CANONICAL_STORIES/CHARACTER_DATA/CH0139/VARIANT_20039.md,1dc1ae999d75bc8ca27389478394ca1c7aa5c1f2604749b0073bf7caa49ce58d,ADMITTED,series/blue-archive/02 Sequential Readings/BOND/BLUE_ARCHIVE_SHANHAIJING6_AND_SAYA_PHASE2_PRIVATE_CONTEXTUAL_ACCOUNT_20261008.md,REF:CYCLE008_ACCEPTED,REF:CYCLE008_SCOPE,unresolved,,REF:CYCLE008_LIMITS,UNASSESSED,REF:PRIVATE_PRIORITY,0,0,0
BA:character_data:20040:profile_and_dialog,character_data,MANDATORY_COMPLETE_REVIEW,02_CANONICAL_STORIES/CHARACTER_DATA/CH0080/VARIANT_20040.md,4e5571444e5fcf7467bf53b24263e1b64a92130b75a20b0ff6eac79e9048a763,ADMITTED,series/blue-archive/02 Sequential Readings/BOND/BLUE_ARCHIVE_GEHENNA20_PHASE2_PRIVATE_CONTEXTUAL_ACCOUNT_20261008.md,REF:CYCLE008_ACCEPTED,REF:CYCLE008_SCOPE,unresolved,,REF:CYCLE008_LIMITS,UNASSESSED,REF:PRIVATE_PRIORITY,,,
BA:character_data:20041:profile_and_dialog,character_data,MANDATORY_COMPLETE_REVIEW,02_CANONICAL_STORIES/CHARACTER_DATA/CH0158/VARIANT_20041.md,8ca1caba779c73844c82c0ed35b6807c9d87ad21352d790de68e84ffad78b4e2,ADMITTED,series/blue-archive/02 Sequential Readings/BOND/BLUE_ARCHIVE_RIO_PHASE2_PRIVATE_CONTEXTUAL_ACCOUNT_20261008.md,REF:CYCLE008_ACCEPTED,REF:CYCLE008_SCOPE,unresolved,,REF:CYCLE008_LIMITS,UNASSESSED,REF:PRIVATE_PRIORITY,,,
BA:character_data:20042:profile_and_dialog,character_data,MANDATORY_COMPLETE_REVIEW,02_CANONICAL_STORIES/CHARACTER_DATA/MAKI/VARIANT_20042.md,fa40a156226b55c7469ac3fb8f1ba23deffbb475e6e2e9b91cb94740910086f0,ADMITTED,series/blue-archive/02 Sequential Readings/BOND/BLUE_ARCHIVE_MAKI_PHASE2_PRIVATE_CONTEXTUAL_ACCOUNT_20261008.md,REF:CYCLE008_ACCEPTED,REF:CYCLE008_SCOPE,unresolved,,REF:CYCLE008_LIMITS,UNASSESSED,REF:PRIVATE_PRIORITY,,,
BA:character_data:20043:profile_and_dialog,character_data,MANDATORY_COMPLETE_REVIEW,02_CANONICAL_STORIES/CHARACTER_DATA/IZUMI/VARIANT_20043.md,795271fa5a4a529be717b3c922a237a4d241973d20e6c1eafb674c9b688ba92b,ADMITTED,series/blue-archive/02 Sequential Readings/BOND/BLUE_ARCHIVE_GEHENNA20_PHASE2_PRIVATE_CONTEXTUAL_ACCOUNT_20261008.md,REF:CYCLE008_ACCEPTED,REF:CYCLE008_SCOPE,unresolved,,REF:CYCLE008_LIMITS,UNASSESSED,REF:PRIVATE_PRIORITY,,,
BA:character_data:20044:profile_and_dialog,character_data,MANDATORY_COMPLETE_REVIEW,02_CANONICAL_STORIES/CHARACTER_DATA/SUMIRE/VARIANT_20044.md,e4df2b5360dde8f05e221cb57c59bd3c91299fc773a5533fb6def60ff7c3596c,ADMITTED,series/blue-archive/02 Sequential Readings/BOND/BLUE_ARCHIVE_SUMIRE_PHASE2_PRIVATE_CONTEXTUAL_ACCOUNT_20261008.md,REF:CYCLE008_ACCEPTED,REF:CYCLE008_SCOPE,unresolved,,REF:CYCLE008_LIMITS,UNASSESSED,REF:PRIVATE_PRIORITY,,,
BA:character_data:20045:profile_and_dialog,character_data,MANDATORY_COMPLETE_REVIEW,02_CANONICAL_STORIES/CHARACTER_DATA/PINA/VARIANT_20045.md,d163c8a85c9ee302b37111385f8d1284e053868c12ef940571a59fd6341e5bdf,ADMITTED,series/blue-archive/02 Sequential Readings/BOND/BLUE_ARCHIVE_FESTIVAL_SHIZUKO_FINA_UMIKA_PHASE2_PRIVATE_CONTEXTUAL_ACCOUNT_20261008.md,REF:CYCLE008_ACCEPTED,REF:CYCLE008_SCOPE,unresolved,,REF:CYCLE008_LIMITS,UNASSESSED,REF:PRIVATE_PRIORITY,,,
BA:character_data:20046:profile_and_dialog,character_data,MANDATORY_COMPLETE_REVIEW,02_CANONICAL_STORIES/CHARACTER_DATA/CH0109/VARIANT_20046.md,b00c01debf8bd3b307f643f338519ba77ea5f695f6d593f0a79f42867f9920db,ADMITTED,series/blue-archive/02 Sequential Readings/BOND/BLUE_ARCHIVE_YINYANG_NIYA_KAHO_CHISE_PHASE2_PRIVATE_CONTEXTUAL_ACCOUNT_20261008.md,REF:CYCLE008_ACCEPTED,REF:CYCLE008_SCOPE,unresolved,,REF:CYCLE008_LIMITS,UNASSESSED,REF:PRIVATE_PRIORITY,,,
BA:character_data:20047:profile_and_dialog,character_data,MANDATORY_COMPLETE_REVIEW,02_CANONICAL_STORIES/CHARACTER_DATA/CH0225/VARIANT_20047.md,8fb94aa9b3c82edc0eb3e06abc171e5e2de7bd1c1ebc7d5baecb936794b258a3,ADMITTED,series/blue-archive/02 Sequential Readings/BOND/BLUE_ARCHIVE_HYAKKA_YUKARI_NAGUSA_KIKYOU_RENGE_PHASE2_PRIVATE_CONTEXTUAL_ACCOUNT_20261008.md,REF:CYCLE008_ACCEPTED,REF:CYCLE008_SCOPE,unresolved,,REF:CYCLE008_LIMITS,UNASSESSED,REF:PRIVATE_PRIORITY,,,
BA:character_data:20048:profile_and_dialog,character_data,MANDATORY_COMPLETE_REVIEW,02_CANONICAL_STORIES/CHARACTER_DATA/NAGISA/VARIANT_20048.md,84a577e48a359e41fcdfa74d13fea138d9604cec16ebfa27233504dfe8ec0e27,ADMITTED,series/blue-archive/02 Sequential Readings/BOND/NAGISA/BLUE_ARCHIVE_NAGISA_PRIVATE_CONTEXTUALIZATION_CHECKPOINT.md,REF:CYCLE008_ACCEPTED,REF:CYCLE008_SCOPE,unresolved,,REF:CYCLE008_LIMITS,UNASSESSED,REF:PRIVATE_PRIORITY,,,
BA:character_data:20049:profile_and_dialog,character_data,MANDATORY_COMPLETE_REVIEW,02_CANONICAL_STORIES/CHARACTER_DATA/MISAKI/VARIANT_20049.md,1c1ddf5efe19ad682607d94cc5fddba263b20b0ee098f9efa0672cbd6c655652,ADMITTED,series/blue-archive/02 Sequential Readings/BOND/BLUE_ARCHIVE_MISAKI_HIYORI_SUBARU_PRIVATE_CONTEXTUALIZATION_CHECKPOINT.md,REF:CYCLE008_ACCEPTED,REF:CYCLE008_SCOPE,unresolved,,REF:CYCLE008_LIMITS,UNASSESSED,REF:PRIVATE_PRIORITY,,,
BA:character_data:20050:profile_and_dialog,character_data,MANDATORY_COMPLETE_REVIEW,02_CANONICAL_STORIES/CHARACTER_DATA/CH0319/VARIANT_20050.md,1b3d0848ee6d08194b5903645e95b50648d1228fe5e6ee931753d3f6f07a4b7b,ADMITTED,series/blue-archive/02 Sequential Readings/BOND/BLUE_ARCHIVE_WILDHUNT5_PHASE2_PRIVATE_CONTEXTUAL_ACCOUNT_20261008.md,REF:CYCLE008_ACCEPTED,REF:CYCLE008_SCOPE,unresolved,,REF:CYCLE008_LIMITS,UNASSESSED,REF:PRIVATE_PRIORITY,,,
BA:character_data:20051:profile_and_dialog,character_data,MANDATORY_COMPLETE_REVIEW,02_CANONICAL_STORIES/CHARACTER_DATA/CH0167/VARIANT_20051.md,ea637062321f4ea42a7c081f908ae3ebe872aa1092170eae7f5157ede37a4819,ADMITTED,series/blue-archive/02 Sequential Readings/BOND/BLUE_ARCHIVE_SUZUMI_REISA_ICHIKA_PRIVATE_CONTEXTUALIZATION_CHECKPOINT.md,REF:CYCLE008_ACCEPTED,REF:CYCLE008_SCOPE,unresolved,,REF:CYCLE008_LIMITS,UNASSESSED,REF:PRIVATE_PRIORITY,,,
BA:character_data:20052:profile_and_dialog,character_data,MANDATORY_COMPLETE_REVIEW,02_CANONICAL_STORIES/CHARACTER_DATA/CH0228/VARIANT_20052.md,3ad46b5a3ade2f20ab341ce4e0742ab41981b9390c7911c2470cf47a85662bf4,ADMITTED,series/blue-archive/02 Sequential Readings/BOND/BLUE_ARCHIVE_TAKANE_YAKUMO_PHASE2_PRIVATE_CONTEXTUAL_ACCOUNT_20261008.md,REF:CYCLE008_ACCEPTED,REF:CYCLE008_SCOPE,unresolved,,REF:CYCLE008_LIMITS,UNASSESSED,REF:PRIVATE_PRIORITY,,,
BA:character_data:20053:profile_and_dialog,character_data,MANDATORY_COMPLETE_REVIEW,02_CANONICAL_STORIES/CHARACTER_DATA/CH0113/VARIANT_20053.md,0dbfe5238187419d4ac870e6c3eed8b45f7d754231468472e333505e75db3a8c,ADMITTED,series/blue-archive/02 Sequential Readings/BOND/BLUE_ARCHIVE_NINJA_MICHIRU_IZUNA_TSUKUYO_PHASE2_PRIVATE_CONTEXTUAL_ACCOUNT_20261008.md,REF:CYCLE008_ACCEPTED,REF:CYCLE008_SCOPE,unresolved,,REF:CYCLE008_LIMITS,UNASSESSED,REF:PRIVATE_PRIORITY,,,
BA:character_data:20054:profile_and_dialog,character_data,MANDATORY_COMPLETE_REVIEW,02_CANONICAL_STORIES/CHARACTER_DATA/CH0159/VARIANT_20054.md,5cba547a293de559521f27c920c01bab5248afa5add5ec7871cc516a4c30b4fa,ADMITTED,series/blue-archive/02 Sequential Readings/BOND/BLUE_ARCHIVE_HIMARI_PHASE2_PRIVATE_CONTEXTUAL_ACCOUNT_20261008.md,REF:CYCLE008_ACCEPTED,REF:CYCLE008_SCOPE,unresolved,,REF:CYCLE008_LIMITS,UNASSESSED,REF:PRIVATE_PRIORITY,,,
BA:character_data:20055:profile_and_dialog,character_data,MANDATORY_COMPLETE_REVIEW,02_CANONICAL_STORIES/CHARACTER_DATA/CH0336/VARIANT_20055.md,b62979ed6ae528a751092b6d8e041cf63e8c58e736e6764ffdaf46cc9cd6e6ba,ADMITTED,series/blue-archive/02 Sequential Readings/BOND/BLUE_ARCHIVE_YUZU_PHASE2_PRIVATE_CONTEXTUAL_ACCOUNT_20261008.md,REF:CYCLE008_ACCEPTED,REF:CYCLE008_SCOPE,unresolved,,REF:CYCLE008_LIMITS,UNASSESSED,REF:PRIVATE_PRIORITY,,,
BA:character_data:20056:profile_and_dialog,character_data,MANDATORY_COMPLETE_REVIEW,02_CANONICAL_STORIES/CHARACTER_DATA/CH0198/VARIANT_20056.md,17c0276861b1739e7d5c0600b8a2c4ebcbb8a8081f11b7e2f7cd6d43ede4a8b5,ADMITTED,series/blue-archive/02 Sequential Readings/BOND/BLUE_ARCHIVE_KOYUKI_PHASE2_PRIVATE_CONTEXTUAL_ACCOUNT_20261008.md,REF:CYCLE008_ACCEPTED,REF:CYCLE008_SCOPE,unresolved,,REF:CYCLE008_LIMITS,UNASSESSED,REF:PRIVATE_PRIORITY,,,
BA:character_data:20057:profile_and_dialog,character_data,MANDATORY_COMPLETE_REVIEW,02_CANONICAL_STORIES/CHARACTER_DATA/AKANE/VARIANT_20057.md,e1d99af5a7319f67007a801238c4f5d30f0f8a9bf2534199b8b1f57d4354e379,ADMITTED,series/blue-archive/02 Sequential Readings/BOND/BLUE_ARCHIVE_AKANE_PHASE2_PRIVATE_CONTEXTUAL_ACCOUNT_20261008.md,REF:CYCLE008_ACCEPTED,REF:CYCLE008_SCOPE,unresolved,,REF:CYCLE008_LIMITS,UNASSESSED,REF:PRIVATE_PRIORITY,,,
BA:character_data:20058:profile_and_dialog,character_data,MANDATORY_COMPLETE_REVIEW,02_CANONICAL_STORIES/CHARACTER_DATA/CH0076/VARIANT_20058.md,c28b22bff8b84454208d036ed64532b940fd8aa637b6dd0f70773f5d870e0886,ADMITTED,series/blue-archive/02 Sequential Readings/BOND/BLUE_ARCHIVE_GEHENNA20_PHASE2_PRIVATE_CONTEXTUAL_ACCOUNT_20261008.md,REF:CYCLE008_ACCEPTED,REF:CYCLE008_SCOPE,unresolved,,REF:CYCLE008_LIMITS,UNASSESSED,REF:PRIVATE_PRIORITY,,,
BA:character_data:20059:profile_and_dialog,character_data,MANDATORY_COMPLETE_REVIEW,02_CANONICAL_STORIES/CHARACTER_DATA/MUTSUKI/VARIANT_20059.md,4f8dd1c7e10f10b6de7ca128f890b0525aaafdcfc2723da498e52c995779cc62,ADMITTED,series/blue-archive/02 Sequential Readings/BOND/MUTSUKI/BLUE_ARCHIVE_MUTSUKI_PRIVATE_CONTEXTUALIZATION_CHECKPOINT.md,REF:CYCLE008_ACCEPTED,REF:CYCLE008_SCOPE,unresolved,,REF:CYCLE008_LIMITS,UNASSESSED,REF:PRIVATE_PRIORITY,,,
BA:character_data:20060:profile_and_dialog,character_data,MANDATORY_COMPLETE_REVIEW,02_CANONICAL_STORIES/CHARACTER_DATA/CH0077/VARIANT_20060.md,b58aa019ab2ec2ca70ba8d78a127e8ee3fd5772696f41ff3ee1edd306957cf7b,ADMITTED,series/blue-archive/02 Sequential Readings/BOND/BLUE_ARCHIVE_GEHENNA20_PHASE2_PRIVATE_CONTEXTUAL_ACCOUNT_20261008.md,REF:CYCLE008_ACCEPTED,REF:CYCLE008_SCOPE,unresolved,,REF:CYCLE008_LIMITS,UNASSESSED,REF:PRIVATE_PRIORITY,,,
BA:character_data:20061:profile_and_dialog,character_data,MANDATORY_COMPLETE_REVIEW,02_CANONICAL_STORIES/CHARACTER_DATA/CH0089/VARIANT_20061.md,f6eefc4a318dcd5054f9827d569f8180543f192949d2de631410338b2f823f10,ADMITTED,series/blue-archive/02 Sequential Readings/BOND/BLUE_ARCHIVE_GEHENNA20_PHASE2_PRIVATE_CONTEXTUAL_ACCOUNT_20261008.md,REF:CYCLE008_ACCEPTED,REF:CYCLE008_SCOPE,unresolved,,REF:CYCLE008_LIMITS,UNASSESSED,REF:PRIVATE_PRIORITY,,,
BA:character_data:20062:profile_and_dialog,character_data,MANDATORY_COMPLETE_REVIEW,02_CANONICAL_STORIES/CHARACTER_DATA/CH0321/VARIANT_20062.md,a5b370ff960b74807ab0aefa54c4d1b82d9c206b154d42f752a276f51c5486bc,ADMITTED,series/blue-archive/02 Sequential Readings/BOND/BLUE_ARCHIVE_ANNA_ERINA_PHASE2_PRIVATE_CONTEXTUAL_ACCOUNT_20261009.md,REF:CYCLE008_ACCEPTED,REF:CYCLE008_SCOPE,unresolved,,REF:CYCLE008_LIMITS;REF:NEW80_ROOT_QUALIFIED;REF:NEW80_IDENTITY_MODES,UNASSESSED,REF:PRIVATE_PRIORITY,,,
BA:character_data:23000:profile_and_dialog,character_data,MANDATORY_COMPLETE_REVIEW,02_CANONICAL_STORIES/CHARACTER_DATA/AIRI/VARIANT_23000.md,a06ee78c617759210facf79044520c13c4a94bdd89563eb1f088ee393368e01d,ADMITTED,series/blue-archive/02 Sequential Readings/BOND/BLUE_ARCHIVE_AIRI_KAZUSA_YOSHIMI_NATSU_PRIVATE_CONTEXTUALIZATION_CHECKPOINT.md,REF:CYCLE008_ACCEPTED,REF:CYCLE008_SCOPE,unresolved,,REF:CYCLE008_LIMITS,UNASSESSED,REF:PRIVATE_PRIORITY,,,
BA:character_data:23001:profile_and_dialog,character_data,MANDATORY_COMPLETE_REVIEW,02_CANONICAL_STORIES/CHARACTER_DATA/FUUKA/VARIANT_23001.md,996835b2f9ae0fb7c0d20479e67c6f362b5764307b2b9b8fb8a5e0fee82e79f5,ADMITTED,series/blue-archive/02 Sequential Readings/BOND/BLUE_ARCHIVE_GEHENNA20_PHASE2_PRIVATE_CONTEXTUAL_ACCOUNT_20261008.md,REF:CYCLE008_ACCEPTED,REF:CYCLE008_SCOPE,unresolved,,REF:CYCLE008_LIMITS,UNASSESSED,REF:PRIVATE_PRIORITY,,,
BA:character_data:23002:profile_and_dialog,character_data,MANDATORY_COMPLETE_REVIEW,02_CANONICAL_STORIES/CHARACTER_DATA/HANAE/VARIANT_23002.md,380cf5f075097df2e11df4916b4f6b073a0e9077416c47b171412c99db9ff5e6,ADMITTED,series/blue-archive/02 Sequential Readings/BOND/HANAE/BLUE_ARCHIVE_HANAE_PRIVATE_CONTEXTUALIZATION_CHECKPOINT.md,REF:ORIGINAL_ADMISSION_RECORD_0007,REF:ORIGINAL_ADMITTED_CLAIM_SCOPE_0093,UNRESOLVED_MAIN_PLACEMENT,Normal variant and written unlock/date/category contexts only; release and rank do not establish main placement.,REF:ORIGINAL_ATTRIBUTION_LIMITS_0094,CORE,REF:ORIGINAL_PRIORITY_REASON_0095,,,
BA:character_data:23003:profile_and_dialog,character_data,MANDATORY_COMPLETE_REVIEW,02_CANONICAL_STORIES/CHARACTER_DATA/HARE/VARIANT_23003.md,e33281f56a8af0ea7353d2584a067ca6bbb9f333234f837bf45b00ec893b4f81,ADMITTED,series/blue-archive/02 Sequential Readings/BOND/BLUE_ARCHIVE_HARE_PHASE2_PRIVATE_CONTEXTUAL_ACCOUNT_20261008.md,REF:CYCLE008_ACCEPTED,REF:CYCLE008_SCOPE,unresolved,,REF:CYCLE008_LIMITS,UNASSESSED,REF:PRIVATE_PRIORITY,,,
BA:character_data:23004:profile_and_dialog,character_data,MANDATORY_COMPLETE_REVIEW,02_CANONICAL_STORIES/CHARACTER_DATA/UTAHA/VARIANT_23004.md,78dcc31fcc00201d6436f2f9aeec4ce4b4ca3fcd38f6df43c2aaed159361e765,ADMITTED,series/blue-archive/02 Sequential Readings/BOND/BLUE_ARCHIVE_UTAHA_PHASE2_PRIVATE_CONTEXTUAL_ACCOUNT_20261008.md,REF:CYCLE008_ACCEPTED,REF:CYCLE008_SCOPE,unresolved,,REF:CYCLE008_LIMITS,UNASSESSED,REF:PRIVATE_PRIORITY,,,
BA:character_data:23005:profile_and_dialog,character_data,MANDATORY_COMPLETE_REVIEW,02_CANONICAL_STORIES/CHARACTER_DATA/AYANE/VARIANT_23005.md,eb344ef0aa7fad656cd7274516455f315f948e9f568fbbc233171b5975172c08,ADMITTED,series/blue-archive/02 Sequential Readings/BOND/AYANE/BLUE_ARCHIVE_AYANE_PRIVATE_CONTEXTUALIZATION_CHECKPOINT.md,REF:ORIGINAL_ADMISSION_RECORD_0020,REF:ORIGINAL_ADMITTED_CLAIM_SCOPE_0076,LOCAL_RELATIVE_ONLY,Holiday/yesterday/this-morning/crash/middle-school anchors only; no event/main edge.,REF:ORIGINAL_ATTRIBUTION_LIMITS_0077,HIGH,REF:ORIGINAL_PRIORITY_REASON_0078,,,
BA:character_data:23006:profile_and_dialog,character_data,MANDATORY_COMPLETE_REVIEW,02_CANONICAL_STORIES/CHARACTER_DATA/SHIZUKO/VARIANT_23006.md,9abb2e0490929074049c22106fa17becb6bb6a862a3f077d7f5f5e92fc8b458c,ADMITTED,series/blue-archive/02 Sequential Readings/BOND/BLUE_ARCHIVE_FESTIVAL_SHIZUKO_FINA_UMIKA_PHASE2_PRIVATE_CONTEXTUAL_ACCOUNT_20261008.md,REF:CYCLE008_ACCEPTED,REF:CYCLE008_SCOPE,unresolved,,REF:CYCLE008_LIMITS,UNASSESSED,REF:PRIVATE_PRIORITY,,,
BA:character_data:23007:profile_and_dialog,character_data,MANDATORY_COMPLETE_REVIEW,02_CANONICAL_STORIES/CHARACTER_DATA/HANAKO/VARIANT_23007.md,53e2514a1a2716ecaaaed6adf9cf4b4eaffe1144393653bf91d23c885d7fe98f,ADMITTED,series/blue-archive/02 Sequential Readings/BOND/HANAKO/BLUE_ARCHIVE_HANAKO_PRIVATE_CONTEXTUALIZATION_CHECKPOINT.md,REF:CYCLE008_ACCEPTED,REF:CYCLE008_SCOPE,unresolved,,REF:CYCLE008_LIMITS,UNASSESSED,REF:PRIVATE_PRIORITY,,,
BA:character_data:23008:profile_and_dialog,character_data,MANDATORY_COMPLETE_REVIEW,02_CANONICAL_STORIES/CHARACTER_DATA/MARI/VARIANT_23008.md,b016e128a27abd1efc8c0ec445254add8e0c4e0487ce3d521e514bddb2ab6f75,ADMITTED,series/blue-archive/02 Sequential Readings/BOND/BLUE_ARCHIVE_SAKURAKO_MARI_PRIVATE_CONTEXTUALIZATION_CHECKPOINT.md,REF:CYCLE008_ACCEPTED,REF:CYCLE008_SCOPE,unresolved,,REF:CYCLE008_LIMITS,UNASSESSED,REF:PRIVATE_PRIORITY,,,
BA:character_data:26000:profile_and_dialog,character_data,MANDATORY_COMPLETE_REVIEW,02_CANONICAL_STORIES/CHARACTER_DATA/CHINATSU/VARIANT_26000.md,e2069b66100d445d7e1649be79524685140d2afb51b453fbbb08488128cda2da,ADMITTED,series/blue-archive/02 Sequential Readings/BOND/BLUE_ARCHIVE_GEHENNA20_PHASE2_PRIVATE_CONTEXTUAL_ACCOUNT_20261008.md,REF:CYCLE008_ACCEPTED,REF:CYCLE008_SCOPE,unresolved,,REF:CYCLE008_LIMITS,UNASSESSED,REF:PRIVATE_PRIORITY,,,
BA:character_data:26001:profile_and_dialog,character_data,MANDATORY_COMPLETE_REVIEW,02_CANONICAL_STORIES/CHARACTER_DATA/KOTAMA/VARIANT_26001.md,35fc1a2c47c1ba3a8e9a447ec6dac66853c30df1cd4345b70594aba653bb463e,ADMITTED,series/blue-archive/02 Sequential Readings/BOND/BLUE_ARCHIVE_KOTAMA_PHASE2_PRIVATE_CONTEXTUAL_ACCOUNT_20261008.md,REF:CYCLE008_ACCEPTED,REF:CYCLE008_SCOPE,unresolved,,REF:CYCLE008_LIMITS,UNASSESSED,REF:PRIVATE_PRIORITY,,,
BA:character_data:26002:profile_and_dialog,character_data,MANDATORY_COMPLETE_REVIEW,02_CANONICAL_STORIES/CHARACTER_DATA/JURI/VARIANT_26002.md,a475ce02b507e6a328e984e165f7920daa109637ff8dc9588fc1fcdd82f34640,ADMITTED,series/blue-archive/02 Sequential Readings/BOND/BLUE_ARCHIVE_GEHENNA20_PHASE2_PRIVATE_CONTEXTUAL_ACCOUNT_20261008.md,REF:CYCLE008_ACCEPTED,REF:CYCLE008_SCOPE,unresolved,,REF:CYCLE008_LIMITS,UNASSESSED,REF:PRIVATE_PRIORITY,,,
BA:character_data:26003:profile_and_dialog,character_data,MANDATORY_COMPLETE_REVIEW,02_CANONICAL_STORIES/CHARACTER_DATA/SERINA/VARIANT_26003.md,0a05846690e9da2df519d5de2cf8756e30693d42d5c5e916c070325f0bc30f3e,ADMITTED,series/blue-archive/02 Sequential Readings/BOND/SERINA/BLUE_ARCHIVE_SERINA_PRIVATE_CONTEXTUALIZATION_CHECKPOINT.md,REF:ORIGINAL_ADMISSION_RECORD_0001,REF:ORIGINAL_ADMITTED_CLAIM_SCOPE_0083,UNRESOLVED_MAIN_PLACEMENT,Independent gated written contexts; no main or variant order.,REF:ORIGINAL_ATTRIBUTION_LIMITS_0003,CORE,REF:ORIGINAL_PRIORITY_REASON_0004,,,
BA:character_data:26004:profile_and_dialog,character_data,MANDATORY_COMPLETE_REVIEW,02_CANONICAL_STORIES/CHARACTER_DATA/SHIMIKO/VARIANT_26004.md,fc2a48b463ecd9a2644516fc01d6f646c58e8b98f70d5944b2b24537167c1eb6,ADMITTED,series/blue-archive/02 Sequential Readings/BOND/BLUE_ARCHIVE_HINATA_UI_SHIMIKO_PRIVATE_CONTEXTUALIZATION_CHECKPOINT.md,REF:CYCLE008_ACCEPTED,REF:CYCLE008_SCOPE,unresolved,,REF:CYCLE008_LIMITS,UNASSESSED,REF:PRIVATE_PRIORITY,,,
BA:character_data:26005:profile_and_dialog,character_data,MANDATORY_COMPLETE_REVIEW,02_CANONICAL_STORIES/CHARACTER_DATA/YOSHIMI/VARIANT_26005.md,8693608ae4971005067ce3b8ee2e898e61f4c500de697d7829f981b89716a6e8,ADMITTED,series/blue-archive/02 Sequential Readings/BOND/BLUE_ARCHIVE_AIRI_KAZUSA_YOSHIMI_NATSU_PRIVATE_CONTEXTUALIZATION_CHECKPOINT.md,REF:CYCLE008_ACCEPTED,REF:CYCLE008_SCOPE,unresolved,,REF:CYCLE008_LIMITS,UNASSESSED,REF:PRIVATE_PRIORITY,,,
BA:character_data:26006:profile_and_dialog,character_data,MANDATORY_COMPLETE_REVIEW,02_CANONICAL_STORIES/CHARACTER_DATA/NODOKA/VARIANT_26006.md,4673641c27ad3033e50cb7e6288bf691564733a5465c096c22ec90df8350642b,ADMITTED,series/blue-archive/02 Sequential Readings/BOND/BLUE_ARCHIVE_RED_WINTER7_PHASE2_PRIVATE_CONTEXTUAL_ACCOUNT_20261008.md,REF:CYCLE008_ACCEPTED,REF:CYCLE008_SCOPE,unresolved,,REF:CYCLE008_LIMITS,UNASSESSED,REF:PRIVATE_PRIORITY,0,0,0
BA:character_data:26007:profile_and_dialog,character_data,MANDATORY_COMPLETE_REVIEW,02_CANONICAL_STORIES/CHARACTER_DATA/AYANE/VARIANT_26007.md,964485d1eb9b1e3de5592c102c0e9f9ff4e8990ec0eebda74eda30546da0e0fe,ADMITTED,series/blue-archive/02 Sequential Readings/BOND/AYANE/BLUE_ARCHIVE_AYANE_PRIVATE_CONTEXTUALIZATION_CHECKPOINT.md,REF:ORIGINAL_ADMISSION_RECORD_0020,REF:ORIGINAL_ADMITTED_CLAIM_SCOPE_0076,LOCAL_RELATIVE_ONLY,Holiday/yesterday/this-morning/crash/middle-school anchors only; no event/main edge.,REF:ORIGINAL_ATTRIBUTION_LIMITS_0077,HIGH,REF:ORIGINAL_PRIORITY_REASON_0078,,,
BA:character_data:26008:profile_and_dialog,character_data,MANDATORY_COMPLETE_REVIEW,02_CANONICAL_STORIES/CHARACTER_DATA/SHIZUKO/VARIANT_26008.md,950a5f8659a64a6ae37e13f945ad110279fce81b84fb2ee15d6c33a887eb7317,ADMITTED,series/blue-archive/02 Sequential Readings/BOND/BLUE_ARCHIVE_FESTIVAL_SHIZUKO_FINA_UMIKA_PHASE2_PRIVATE_CONTEXTUAL_ACCOUNT_20261008.md,REF:CYCLE008_ACCEPTED,REF:CYCLE008_SCOPE,unresolved,,REF:CYCLE008_LIMITS,UNASSESSED,REF:PRIVATE_PRIORITY,,,
BA:character_data:26009:profile_and_dialog,character_data,MANDATORY_COMPLETE_REVIEW,02_CANONICAL_STORIES/CHARACTER_DATA/YUZU/VARIANT_26009.md,68b8642c29cbecfb2f2b5043d3977bd69f3422434f28fa82ca4065d259e5ccc9,ADMITTED,series/blue-archive/02 Sequential Readings/BOND/BLUE_ARCHIVE_YUZU_PHASE2_PRIVATE_CONTEXTUAL_ACCOUNT_20261008.md,REF:CYCLE008_ACCEPTED,REF:CYCLE008_SCOPE,unresolved,,REF:CYCLE008_LIMITS,UNASSESSED,REF:PRIVATE_PRIORITY,,,
BA:character_data:26010:profile_and_dialog,character_data,MANDATORY_COMPLETE_REVIEW,02_CANONICAL_STORIES/CHARACTER_DATA/CH0145/VARIANT_26010.md,7dfd4a6c2bdedcaa01dc00380bfe0e46cae9d5e6e5dff5297c8ef02b4add89d2,ADMITTED,series/blue-archive/02 Sequential Readings/BOND/MIYU/BLUE_ARCHIVE_MIYU_PHASE2_PRIVATE_CONTEXTUAL_ACCOUNT_20261008.md,REF:CYCLE008_ACCEPTED,REF:CYCLE008_SCOPE,unresolved,,REF:CYCLE008_LIMITS,UNASSESSED,REF:PRIVATE_PRIORITY,,,
BA:character_data:26011:profile_and_dialog,character_data,MANDATORY_COMPLETE_REVIEW,02_CANONICAL_STORIES/CHARACTER_DATA/CH9996/VARIANT_26011.md,8f466a6e9fd0e4f25a9c185b02045279e905fe56eda79ef62dc1abde942563bf,ADMITTED,series/blue-archive/02 Sequential Readings/BOND/BLUE_ARCHIVE_COLLABORATION4_PHASE2_PRIVATE_AND_MODE_CONTEXTUAL_ACCOUNT_20261009.md,REF:CYCLE008_ACCEPTED,REF:CYCLE008_SCOPE,unresolved,,REF:CYCLE008_LIMITS;REF:NEW80_ROOT_QUALIFIED;REF:NEW80_IDENTITY_MODES,UNASSESSED,REF:PRIVATE_PRIORITY,,,
BA:character_data:26012:profile_and_dialog,character_data,MANDATORY_COMPLETE_REVIEW,02_CANONICAL_STORIES/CHARACTER_DATA/KIRINO/VARIANT_26012.md,a570561b7690620a55eeb9ca92e5becad48e2246797e9131ef8c27f26371d4a9,ADMITTED,series/blue-archive/02 Sequential Readings/BOND/KIRINO/BLUE_ARCHIVE_KIRINO_PHASE2_PRIVATE_CONTEXTUAL_ACCOUNT_20261008.md,REF:CYCLE008_ACCEPTED,REF:CYCLE008_SCOPE,unresolved,,REF:CYCLE008_LIMITS,UNASSESSED,REF:PRIVATE_PRIORITY,,,
BA:character_data:26013:profile_and_dialog,character_data,MANDATORY_COMPLETE_REVIEW,02_CANONICAL_STORIES/CHARACTER_DATA/ATSUKO/VARIANT_26013.md,3dca11e1be5f68908b181b91c039c13654898f81b08002af063c2309a3e10dc5,ADMITTED,series/blue-archive/02 Sequential Readings/BOND/BLUE_ARCHIVE_SAORI_ATSUKO_PRIVATE_CONTEXTUALIZATION_CHECKPOINT.md,REF:CYCLE008_ACCEPTED,REF:CYCLE008_SCOPE,unresolved,,REF:CYCLE008_LIMITS,UNASSESSED,REF:PRIVATE_PRIORITY,,,
BA:character_data:26014:profile_and_dialog,character_data,MANDATORY_COMPLETE_REVIEW,02_CANONICAL_STORIES/CHARACTER_DATA/KARIN/VARIANT_26014.md,bb9e87d2ad1c9a9d078add90109233261058c4bc1d714d96638c795c775a0428,ADMITTED,series/blue-archive/02 Sequential Readings/BOND/BLUE_ARCHIVE_KARIN_PHASE2_PRIVATE_CONTEXTUAL_ACCOUNT_20261008.md,REF:CYCLE008_ACCEPTED,REF:CYCLE008_SCOPE,unresolved,,REF:CYCLE008_LIMITS,UNASSESSED,REF:PRIVATE_PRIORITY,,,
BA:character_data:26015:profile_and_dialog,character_data,MANDATORY_COMPLETE_REVIEW,02_CANONICAL_STORIES/CHARACTER_DATA/CH0071/VARIANT_26015.md,b0b309399b37eab4008e16dd38850686723afbb2d17f601ee314a24774817ad7,ADMITTED,series/blue-archive/02 Sequential Readings/BOND/BLUE_ARCHIVE_SUZUMI_REISA_ICHIKA_PRIVATE_CONTEXTUALIZATION_CHECKPOINT.md,REF:CYCLE008_ACCEPTED,REF:CYCLE008_SCOPE,unresolved,,REF:CYCLE008_LIMITS,UNASSESSED,REF:PRIVATE_PRIORITY,,,
BA:character_data:26016:profile_and_dialog,character_data,MANDATORY_COMPLETE_REVIEW,02_CANONICAL_STORIES/CHARACTER_DATA/CH0238/VARIANT_26016.md,cea9a08243433ea854f2a2cf7abf8e6ff5dfd184a432046f5e0940e9e13b7299,ADMITTED,series/blue-archive/02 Sequential Readings/BOND/BLUE_ARCHIVE_GEHENNA20_PHASE2_PRIVATE_CONTEXTUAL_ACCOUNT_20261008.md,REF:CYCLE008_ACCEPTED,REF:CYCLE008_SCOPE,unresolved,,REF:CYCLE008_LIMITS,UNASSESSED,REF:PRIVATE_PRIORITY,,,
BA:character_data:29003:profile_and_dialog,character_data,MANDATORY_COMPLETE_REVIEW,02_CANONICAL_STORIES/CHARACTER_DATA/UNRESOLVED_29003/VARIANT_29003.md,8c27f69bf25558085a291896e3947e2adf2d1e51379e4ee3a5272f716d379506,ADMITTED,series/blue-archive/02 Sequential Readings/CHARACTER_DATA/UNRESOLVED/BLUE_ARCHIVE_UNJOINED_WRITTEN_27_IDENTITY_AND_CONTEXTUAL_ACCOUNT_20261008.md,REF:CYCLE008_ACCEPTED,REF:CYCLE008_SCOPE,unresolved,,REF:CYCLE008_LIMITS;REF:UNJOINED27_LIMITS,UNASSESSED,REF:PRIVATE_PRIORITY,,,
BA:character_data:9009000:contextual_only,character_data,MANDATORY_COMPLETE_REVIEW,02_CANONICAL_STORIES/CHARACTER_DATA/CONTEXTUAL/BA_character_data_9009000_contextual_only.md,45dcb1b41cc05b99807aceb873cd491c57c3753248156e297adb11a41966d37a,ADMITTED,series/blue-archive/02 Sequential Readings/CHARACTER_DATA/UNRESOLVED/BLUE_ARCHIVE_UNJOINED_WRITTEN_27_IDENTITY_AND_CONTEXTUAL_ACCOUNT_20261008.md,REF:CYCLE008_ACCEPTED,REF:CYCLE008_SCOPE,unresolved,,REF:CYCLE008_LIMITS;REF:UNJOINED27_LIMITS,UNASSESSED,REF:PRIVATE_PRIORITY,,,
BA:character_data:9009001:contextual_only,character_data,MANDATORY_COMPLETE_REVIEW,02_CANONICAL_STORIES/CHARACTER_DATA/CONTEXTUAL/BA_character_data_9009001_contextual_only.md,0bcbb3b5716d52c53a88c03e98a33a692204a55d726ed7d218bf723af30f91c8,ADMITTED,series/blue-archive/02 Sequential Readings/CHARACTER_DATA/UNRESOLVED/BLUE_ARCHIVE_UNJOINED_WRITTEN_27_IDENTITY_AND_CONTEXTUAL_ACCOUNT_20261008.md,REF:CYCLE008_ACCEPTED,REF:CYCLE008_SCOPE,unresolved,,REF:CYCLE008_LIMITS;REF:UNJOINED27_LIMITS,UNASSESSED,REF:PRIVATE_PRIORITY,,,
BA:character_data:9009002:contextual_only,character_data,MANDATORY_COMPLETE_REVIEW,02_CANONICAL_STORIES/CHARACTER_DATA/CONTEXTUAL/BA_character_data_9009002_contextual_only.md,aad93634c9217958a90d3888867b07e2e3b7534459c8fd97b650dde68c958a39,ADMITTED,series/blue-archive/02 Sequential Readings/CHARACTER_DATA/UNRESOLVED/BLUE_ARCHIVE_UNJOINED_WRITTEN_27_IDENTITY_AND_CONTEXTUAL_ACCOUNT_20261008.md,REF:CYCLE008_ACCEPTED,REF:CYCLE008_SCOPE,unresolved,,REF:CYCLE008_LIMITS;REF:UNJOINED27_LIMITS,UNASSESSED,REF:PRIVATE_PRIORITY,,,
BA:character_data:9009003:contextual_only,character_data,MANDATORY_COMPLETE_REVIEW,02_CANONICAL_STORIES/CHARACTER_DATA/CONTEXTUAL/BA_character_data_9009003_contextual_only.md,5fdcd0ff6fa194ec244309af8085ec74c65088ece2a62b826c3b3141767da1cf,ADMITTED,series/blue-archive/02 Sequential Readings/CHARACTER_DATA/UNRESOLVED/BLUE_ARCHIVE_UNJOINED_WRITTEN_27_IDENTITY_AND_CONTEXTUAL_ACCOUNT_20261008.md,REF:CYCLE008_ACCEPTED,REF:CYCLE008_SCOPE,unresolved,,REF:CYCLE008_LIMITS;REF:UNJOINED27_LIMITS,UNASSESSED,REF:PRIVATE_PRIORITY,,,
BA:character_data:9009004:contextual_only,character_data,MANDATORY_COMPLETE_REVIEW,02_CANONICAL_STORIES/CHARACTER_DATA/CONTEXTUAL/BA_character_data_9009004_contextual_only.md,5aff7d34a83d92285835046297dd1f556b71f132998100057a5b05202070fbc3,ADMITTED,series/blue-archive/02 Sequential Readings/CHARACTER_DATA/UNRESOLVED/BLUE_ARCHIVE_UNJOINED_WRITTEN_27_IDENTITY_AND_CONTEXTUAL_ACCOUNT_20261008.md,REF:CYCLE008_ACCEPTED,REF:CYCLE008_SCOPE,unresolved,,REF:CYCLE008_LIMITS;REF:UNJOINED27_LIMITS,UNASSESSED,REF:PRIVATE_PRIORITY,,,
BA:character_data:9009005:contextual_only,character_data,MANDATORY_COMPLETE_REVIEW,02_CANONICAL_STORIES/CHARACTER_DATA/CONTEXTUAL/BA_character_data_9009005_contextual_only.md,109322072a8033486404454afc31ec165fd445cd31d8d322f4c62ecb1f1ade27,ADMITTED,series/blue-archive/02 Sequential Readings/CHARACTER_DATA/UNRESOLVED/BLUE_ARCHIVE_UNJOINED_WRITTEN_27_IDENTITY_AND_CONTEXTUAL_ACCOUNT_20261008.md,REF:CYCLE008_ACCEPTED,REF:CYCLE008_SCOPE,unresolved,,REF:CYCLE008_LIMITS;REF:UNJOINED27_LIMITS,UNASSESSED,REF:PRIVATE_PRIORITY,,,
BA:character_data:event_costume:1900900101:character:26006,character_data,MANDATORY_COMPLETE_REVIEW,02_CANONICAL_STORIES/CHARACTER_DATA/CONTEXTUAL/BA_character_data_event_costume_1900900101_character_26006.md,b387a26ed049abeb2b41567c3d90c7ee7e3bf71548093aae9593d689df927583,ADMITTED,series/blue-archive/02 Sequential Readings/BOND/BLUE_ARCHIVE_RED_WINTER7_PHASE2_PRIVATE_CONTEXTUAL_ACCOUNT_20261008.md,REF:CYCLE008_ACCEPTED,REF:CYCLE008_SCOPE,unresolved,,REF:CYCLE008_LIMITS,UNASSESSED,REF:PRIVATE_PRIORITY,0,0,0
BA:character_data:event_costume:1900900201:character:16007,character_data,MANDATORY_COMPLETE_REVIEW,02_CANONICAL_STORIES/CHARACTER_DATA/CONTEXTUAL/BA_character_data_event_costume_1900900201_character_16007.md,e2ff7202e0fd7902020c117c78d5bd19c060c7c26ffa8db6d729758fa0ef9fe0,ADMITTED,series/blue-archive/02 Sequential Readings/BOND/BLUE_ARCHIVE_RED_WINTER7_PHASE2_PRIVATE_CONTEXTUAL_ACCOUNT_20261008.md,REF:CYCLE008_ACCEPTED,REF:CYCLE008_SCOPE,unresolved,,REF:CYCLE008_LIMITS,UNASSESSED,REF:PRIVATE_PRIORITY,0,0,0
BA:character_data:event_costume:1900900301:character:10017,character_data,MANDATORY_COMPLETE_REVIEW,02_CANONICAL_STORIES/CHARACTER_DATA/CONTEXTUAL/BA_character_data_event_costume_1900900301_character_10017.md,a7ea0592b750567de73c3c30200fec267e9e82931eb2413edb6bf45c10e8c2fe,ADMITTED,series/blue-archive/02 Sequential Readings/BOND/BLUE_ARCHIVE_RED_WINTER7_PHASE2_PRIVATE_CONTEXTUAL_ACCOUNT_20261008.md,REF:CYCLE008_ACCEPTED,REF:CYCLE008_SCOPE,unresolved,,REF:CYCLE008_LIMITS,UNASSESSED,REF:PRIVATE_PRIORITY,0,0,0
BA:character_data:event_costume:1900900401:character:10021,character_data,MANDATORY_COMPLETE_REVIEW,02_CANONICAL_STORIES/CHARACTER_DATA/CONTEXTUAL/BA_character_data_event_costume_1900900401_character_10021.md,d38ae352cac5db52ca36cd5c5fc57367c12a8b099c908360b046c6c37ec575a0,ADMITTED,series/blue-archive/02 Sequential Readings/BOND/AZUSA/BLUE_ARCHIVE_AZUSA_PRIVATE_CONTEXTUALIZATION_CHECKPOINT.md,REF:CYCLE008_ACCEPTED,REF:CYCLE008_SCOPE,unresolved,,REF:CYCLE008_LIMITS,UNASSESSED,REF:PRIVATE_PRIORITY,,,
BA:character_data:event_costume:1900900501:character:20004,character_data,MANDATORY_COMPLETE_REVIEW,02_CANONICAL_STORIES/CHARACTER_DATA/CONTEXTUAL/BA_character_data_event_costume_1900900501_character_20004.md,1037fb96de6a7c29c1e93a31dc01a718ba746b1119b2b630434ddb2851c225ac,ADMITTED,series/blue-archive/02 Sequential Readings/BOND/MASHIRO/BLUE_ARCHIVE_MASHIRO_PRIVATE_CONTEXTUALIZATION_CHECKPOINT.md,REF:CYCLE008_ACCEPTED,REF:CYCLE008_SCOPE,unresolved,,REF:CYCLE008_LIMITS,UNASSESSED,REF:PRIVATE_PRIORITY,,,
BA:character_data:event_costume:1900900601:character:20005,character_data,MANDATORY_COMPLETE_REVIEW,02_CANONICAL_STORIES/CHARACTER_DATA/CONTEXTUAL/BA_character_data_event_costume_1900900601_character_20005.md,0e0ff095ead6b5c1f3f9b481757fa1f4c45cc2dc61d4670ff23adcfe023e8b6a,ADMITTED,series/blue-archive/02 Sequential Readings/BOND/HIFUMI/BLUE_ARCHIVE_HIFUMI_PRIVATE_CONTEXTUALIZATION_CHECKPOINT.md,REF:CYCLE008_ACCEPTED,REF:CYCLE008_SCOPE,unresolved,,REF:CYCLE008_LIMITS,UNASSESSED,REF:PRIVATE_PRIORITY,,,
BA:character_data:event_costume:1900900701:character:16005,character_data,MANDATORY_COMPLETE_REVIEW,02_CANONICAL_STORIES/CHARACTER_DATA/CONTEXTUAL/BA_character_data_event_costume_1900900701_character_16005.md,06d1be7d2935be393521d52fd62f7e661fd6367524e3a51c79e313b729df02ad,ADMITTED,series/blue-archive/02 Sequential Readings/BOND/BLUE_ARCHIVE_HASUMI_TSURUGI_PRIVATE_CONTEXTUALIZATION_CHECKPOINT.md,REF:CYCLE008_ACCEPTED,REF:CYCLE008_SCOPE,unresolved,,REF:CYCLE008_LIMITS,UNASSESSED,REF:PRIVATE_PRIORITY,,,
BA:character_data:event_costume:1900900801:character:16006,character_data,MANDATORY_COMPLETE_REVIEW,02_CANONICAL_STORIES/CHARACTER_DATA/CONTEXTUAL/BA_character_data_event_costume_1900900801_character_16006.md,1bd3e909bd61cf90d3b6971e9d5e8ae68dbc57ee56a54be291a11b30f5acbc29,ADMITTED,series/blue-archive/02 Sequential Readings/BOND/BLUE_ARCHIVE_GEHENNA20_PHASE2_PRIVATE_CONTEXTUAL_ACCOUNT_20261008.md,REF:CYCLE008_ACCEPTED,REF:CYCLE008_SCOPE,unresolved,,REF:CYCLE008_LIMITS,UNASSESSED,REF:PRIVATE_PRIORITY,,,
BA:character_data:event_costume:1900900901:character:10014,character_data,MANDATORY_COMPLETE_REVIEW,02_CANONICAL_STORIES/CHARACTER_DATA/CONTEXTUAL/BA_character_data_event_costume_1900900901_character_10014.md,2a405cb78c659c124279728ec090f64b503c1fe7e45e0846723758b722c50d44,ADMITTED,series/blue-archive/02 Sequential Readings/BOND/BLUE_ARCHIVE_NINJA_MICHIRU_IZUNA_TSUKUYO_PHASE2_PRIVATE_CONTEXTUAL_ACCOUNT_20261008.md,REF:CYCLE008_ACCEPTED,REF:CYCLE008_SCOPE,unresolved,,REF:CYCLE008_LIMITS,UNASSESSED,REF:PRIVATE_PRIORITY,,,
BA:character_data:event_costume:1900901001:character:23006,character_data,MANDATORY_COMPLETE_REVIEW,02_CANONICAL_STORIES/CHARACTER_DATA/CONTEXTUAL/BA_character_data_event_costume_1900901001_character_23006.md,800bd1c33ac27381257dd0986d065ca8200bac3785f3d0ea52a162f53df1ff81,ADMITTED,series/blue-archive/02 Sequential Readings/BOND/BLUE_ARCHIVE_FESTIVAL_SHIZUKO_FINA_UMIKA_PHASE2_PRIVATE_CONTEXTUAL_ACCOUNT_20261008.md,REF:CYCLE008_ACCEPTED,REF:CYCLE008_SCOPE,unresolved,,REF:CYCLE008_LIMITS,UNASSESSED,REF:PRIVATE_PRIORITY,,,
BA:character_data:event_costume:1900901101:character:10022,character_data,MANDATORY_COMPLETE_REVIEW,02_CANONICAL_STORIES/CHARACTER_DATA/CONTEXTUAL/BA_character_data_event_costume_1900901101_character_10022.md,5182e8e0dbf2742169ce3b5a4464c2d64ac02c534d5100fa894f49190ddd37c1,ADMITTED,series/blue-archive/02 Sequential Readings/BOND/BLUE_ARCHIVE_GEHENNA20_PHASE2_PRIVATE_CONTEXTUAL_ACCOUNT_20261008.md,REF:CYCLE008_ACCEPTED,REF:CYCLE008_SCOPE,unresolved,,REF:CYCLE008_LIMITS,UNASSESSED,REF:PRIVATE_PRIORITY,,,
BA:character_data:event_costume:1900901201:character:10023,character_data,MANDATORY_COMPLETE_REVIEW,02_CANONICAL_STORIES/CHARACTER_DATA/CONTEXTUAL/BA_character_data_event_costume_1900901201_character_10023.md,951bd1d571bb7abeec89a69464789e004ef80414af813d7b9deb243c3728e1cc,ADMITTED,series/blue-archive/02 Sequential Readings/BOND/BLUE_ARCHIVE_GEHENNA20_PHASE2_PRIVATE_CONTEXTUAL_ACCOUNT_20261008.md,REF:CYCLE008_ACCEPTED,REF:CYCLE008_SCOPE,unresolved,,REF:CYCLE008_LIMITS,UNASSESSED,REF:PRIVATE_PRIORITY,,,
BA:character_data:event_costume:1900901301:character:10025,character_data,MANDATORY_COMPLETE_REVIEW,02_CANONICAL_STORIES/CHARACTER_DATA/CONTEXTUAL/BA_character_data_event_costume_1900901301_character_10025.md,53a78f7991a272df07467eabd7bb3ed1290713c4f3495345d9198058d050a219,ADMITTED,series/blue-archive/02 Sequential Readings/BOND/BLUE_ARCHIVE_SHANHAIJING6_AND_SAYA_PHASE2_PRIVATE_CONTEXTUAL_ACCOUNT_20261008.md,REF:CYCLE008_ACCEPTED,REF:CYCLE008_SCOPE,unresolved,,REF:CYCLE008_LIMITS,UNASSESSED,REF:PRIVATE_PRIORITY,0,0,0
BA:character_data:event_costume:1900901401:character:20006,character_data,MANDATORY_COMPLETE_REVIEW,02_CANONICAL_STORIES/CHARACTER_DATA/CONTEXTUAL/BA_character_data_event_costume_1900901401_character_20006.md,6832dafac2722ea66d6ffde751c0e1d4b8c6737372405560e5e3786a0fc05b68,ADMITTED,series/blue-archive/02 Sequential Readings/BOND/BLUE_ARCHIVE_SHANHAIJING6_AND_SAYA_PHASE2_PRIVATE_CONTEXTUAL_ACCOUNT_20261008.md,REF:CYCLE008_ACCEPTED,REF:CYCLE008_SCOPE,unresolved,,REF:CYCLE008_LIMITS,UNASSESSED,REF:PRIVATE_PRIORITY,,,
BA:character_data:event_costume:1900901501:character:10026,character_data,MANDATORY_COMPLETE_REVIEW,02_CANONICAL_STORIES/CHARACTER_DATA/CONTEXTUAL/BA_character_data_event_costume_1900901501_character_10026.md,558571a9c609b57274925e11a34048d51afb41c95089127352ea1c4e85457f2d,ADMITTED,series/blue-archive/02 Sequential Readings/BOND/BLUE_ARCHIVE_NERU_PHASE2_PRIVATE_CONTEXTUAL_ACCOUNT_20261008.md,REF:CYCLE008_ACCEPTED,REF:CYCLE008_SCOPE,unresolved,,REF:CYCLE008_LIMITS,UNASSESSED,REF:PRIVATE_PRIORITY,,,
BA:character_data:event_costume:1900901601:character:10027,character_data,MANDATORY_COMPLETE_REVIEW,02_CANONICAL_STORIES/CHARACTER_DATA/CONTEXTUAL/BA_character_data_event_costume_1900901601_character_10027.md,929a8a40c6b181aa7c53706ac3969c21a638232ac46b8f654af9a932bbb447a3,ADMITTED,series/blue-archive/02 Sequential Readings/BOND/BLUE_ARCHIVE_KARIN_PHASE2_PRIVATE_CONTEXTUAL_ACCOUNT_20261008.md,REF:CYCLE008_ACCEPTED,REF:CYCLE008_SCOPE,unresolved,,REF:CYCLE008_LIMITS,UNASSESSED,REF:PRIVATE_PRIORITY,,,
BA:character_data:event_costume:1900901701:character:10028,character_data,MANDATORY_COMPLETE_REVIEW,02_CANONICAL_STORIES/CHARACTER_DATA/CONTEXTUAL/BA_character_data_event_costume_1900901701_character_10028.md,faa62f0cd974d5cae27d3fdea21c56423f39e54d127a2170b3becfebe63cd79e,ADMITTED,series/blue-archive/02 Sequential Readings/BOND/BLUE_ARCHIVE_ASUNA_PHASE2_PRIVATE_CONTEXTUAL_ACCOUNT_20261008.md,REF:CYCLE008_ACCEPTED,REF:CYCLE008_SCOPE,unresolved,,REF:CYCLE008_LIMITS,UNASSESSED,REF:PRIVATE_PRIORITY,,,
BA:character_data:event_costume:1900901801:character:20020,character_data,MANDATORY_COMPLETE_REVIEW,02_CANONICAL_STORIES/CHARACTER_DATA/CONTEXTUAL/BA_character_data_event_costume_1900901801_character_20020.md,4db51a9fd15c3d684b81f445dd2230ad7d66072cacc78b558591e14ada28dc11,ADMITTED,series/blue-archive/02 Sequential Readings/BOND/BLUE_ARCHIVE_HIMARI_PHASE2_PRIVATE_CONTEXTUAL_ACCOUNT_20261008.md,REF:CYCLE008_ACCEPTED,REF:CYCLE008_SCOPE,unresolved,,REF:CYCLE008_LIMITS,UNASSESSED,REF:PRIVATE_PRIORITY,,,
BA:character_data:event_costume:1900902001:character:20009,character_data,MANDATORY_COMPLETE_REVIEW,02_CANONICAL_STORIES/CHARACTER_DATA/CONTEXTUAL/BA_character_data_event_costume_1900902001_character_20009.md,37110776452d3020901ea34fce0c37e71654d498811fd56f27121b45db8561c1,ADMITTED,series/blue-archive/02 Sequential Readings/BOND/BLUE_ARCHIVE_RED_WINTER7_PHASE2_PRIVATE_CONTEXTUAL_ACCOUNT_20261008.md,REF:CYCLE008_ACCEPTED,REF:CYCLE008_SCOPE,unresolved,,REF:CYCLE008_LIMITS,UNASSESSED,REF:PRIVATE_PRIORITY,0,0,0
BA:character_data:event_costume:1900902101:character:10030,character_data,MANDATORY_COMPLETE_REVIEW,02_CANONICAL_STORIES/CHARACTER_DATA/CONTEXTUAL/BA_character_data_event_costume_1900902101_character_10030.md,669e8f077f53f009a1ce68483c642634df1c35fc7354929d143cefda6390bdb4,ADMITTED,series/blue-archive/02 Sequential Readings/BOND/BLUE_ARCHIVE_GEHENNA20_PHASE2_PRIVATE_CONTEXTUAL_ACCOUNT_20261008.md,REF:CYCLE008_ACCEPTED,REF:CYCLE008_SCOPE,unresolved,,REF:CYCLE008_LIMITS,UNASSESSED,REF:PRIVATE_PRIORITY,,,
BA:character_data:event_costume:1900902201:character:20010,character_data,MANDATORY_COMPLETE_REVIEW,02_CANONICAL_STORIES/CHARACTER_DATA/CONTEXTUAL/BA_character_data_event_costume_1900902201_character_20010.md,21660a76967b6d5075ab6e842e5480550bdb394ad5389ac30d822896f270797e,ADMITTED,series/blue-archive/02 Sequential Readings/BOND/BLUE_ARCHIVE_RED_WINTER7_PHASE2_PRIVATE_CONTEXTUAL_ACCOUNT_20261008.md,REF:CYCLE008_ACCEPTED,REF:CYCLE008_SCOPE,unresolved,,REF:CYCLE008_LIMITS,UNASSESSED,REF:PRIVATE_PRIORITY,0,0,0
BA:character_data:event_costume:1900902301:character:10031,character_data,MANDATORY_COMPLETE_REVIEW,02_CANONICAL_STORIES/CHARACTER_DATA/CONTEXTUAL/BA_character_data_event_costume_1900902301_character_10031.md,09839ccf15f48382ce8cc5e57bb23a720c09ddd3799070ea83cdc9d1992bced3,ADMITTED,series/blue-archive/02 Sequential Readings/BOND/ARU/BLUE_ARCHIVE_ARU_PRIVATE_CONTEXTUALIZATION_CHECKPOINT.md,REF:CYCLE008_ACCEPTED,REF:CYCLE008_SCOPE,unresolved,,REF:CYCLE008_LIMITS,UNASSESSED,REF:PRIVATE_PRIORITY,,,
BA:character_data:event_costume:1900902401:character:10032,character_data,MANDATORY_COMPLETE_REVIEW,02_CANONICAL_STORIES/CHARACTER_DATA/CONTEXTUAL/BA_character_data_event_costume_1900902401_character_10032.md,36b21739c843e6a1043dda91eb34e19dded87ec7fdac4bad69a06a84c209c8e3,ADMITTED,series/blue-archive/02 Sequential Readings/BOND/MUTSUKI/BLUE_ARCHIVE_MUTSUKI_PRIVATE_CONTEXTUALIZATION_CHECKPOINT.md,REF:CYCLE008_ACCEPTED,REF:CYCLE008_SCOPE,unresolved,,REF:CYCLE008_LIMITS,UNASSESSED,REF:PRIVATE_PRIORITY,,,
BA:character_data:event_costume:1900902501:character:20011,character_data,MANDATORY_COMPLETE_REVIEW,02_CANONICAL_STORIES/CHARACTER_DATA/CONTEXTUAL/BA_character_data_event_costume_1900902501_character_20011.md,9471319f534bc046c37472aad2eebfbcec34d8f417fedc1bcd04a829e83f6885,ADMITTED,series/blue-archive/02 Sequential Readings/BOND/SERIKA/BLUE_ARCHIVE_SERIKA_PRIVATE_CONTEXTUALIZATION_CHECKPOINT.md,REF:ORIGINAL_ADMISSION_RECORD_0030,REF:ORIGINAL_ADMITTED_CLAIM_SCOPE_0031,LOCAL_RELATIVE_ONLY,Explicit prior consultation/collapse/resort only; no comprehensive variant order or main placement.,REF:ORIGINAL_ATTRIBUTION_LIMITS_0032,HIGH,REF:ORIGINAL_PRIORITY_REASON_0033,,,
BA:character_data:event_costume:1900902601:character:16008,character_data,MANDATORY_COMPLETE_REVIEW,02_CANONICAL_STORIES/CHARACTER_DATA/CONTEXTUAL/BA_character_data_event_costume_1900902601_character_16008.md,e60bee3f7eb234b4869513cc24cf62d702865e76e307251c422c36e9da5078b5,ADMITTED,series/blue-archive/02 Sequential Readings/BOND/FUBUKI/BLUE_ARCHIVE_FUBUKI_PHASE2_PRIVATE_CONTEXTUAL_ACCOUNT_20261008.md,REF:CYCLE008_ACCEPTED,REF:CYCLE008_SCOPE,unresolved,,REF:CYCLE008_LIMITS,UNASSESSED,REF:PRIVATE_PRIORITY,,,
BA:character_data:event_costume:1900902701:character:10033,character_data,MANDATORY_COMPLETE_REVIEW,02_CANONICAL_STORIES/CHARACTER_DATA/CONTEXTUAL/BA_character_data_event_costume_1900902701_character_10033.md,7183872ba2e23c0bf69224f5630a9a5141e83bfe0deb432808baa06ef6be4136,ADMITTED,series/blue-archive/02 Sequential Readings/BOND/WAKAMO/BLUE_ARCHIVE_WAKAMO_PHASE2_PRIVATE_CONTEXTUAL_ACCOUNT_20261008.md,REF:CYCLE008_ACCEPTED,REF:CYCLE008_SCOPE,unresolved,,REF:CYCLE008_LIMITS,UNASSESSED,REF:PRIVATE_PRIORITY,,,
BA:character_data:event_costume:1900902801:character:20012,character_data,MANDATORY_COMPLETE_REVIEW,02_CANONICAL_STORIES/CHARACTER_DATA/CONTEXTUAL/BA_character_data_event_costume_1900902801_character_20012.md,b1915f9ee4f4be93f5dba5680c2d9e9cc8076522fd30777ee9c394e0c3586f5c,ADMITTED,series/blue-archive/02 Sequential Readings/BOND/BLUE_ARCHIVE_GEHENNA20_PHASE2_PRIVATE_CONTEXTUAL_ACCOUNT_20261008.md,REF:CYCLE008_ACCEPTED,REF:CYCLE008_SCOPE,unresolved,,REF:CYCLE008_LIMITS,UNASSESSED,REF:PRIVATE_PRIORITY,,,
BA:character_data:event_costume:1900903001:character:10035,character_data,MANDATORY_COMPLETE_REVIEW,02_CANONICAL_STORIES/CHARACTER_DATA/CONTEXTUAL/BA_character_data_event_costume_1900903001_character_10035.md,ed864c8b04e9449fabed426b09deface4649d7ae8a99a15ec3b3c15a070b5305,ADMITTED,series/blue-archive/02 Sequential Readings/BOND/BLUE_ARCHIVE_HINATA_UI_SHIMIKO_PRIVATE_CONTEXTUALIZATION_CHECKPOINT.md,REF:CYCLE008_ACCEPTED,REF:CYCLE008_SCOPE,unresolved,,REF:CYCLE008_LIMITS,UNASSESSED,REF:PRIVATE_PRIORITY,,,
BA:character_data:event_costume:1900903101:character:10036,character_data,MANDATORY_COMPLETE_REVIEW,02_CANONICAL_STORIES/CHARACTER_DATA/CONTEXTUAL/BA_character_data_event_costume_1900903101_character_10036.md,5b303358897e84c1abfee827f7bed2605b7ccba7f1084f6f21ae331fdfea45f4,ADMITTED,series/blue-archive/02 Sequential Readings/BOND/BLUE_ARCHIVE_HINATA_UI_SHIMIKO_PRIVATE_CONTEXTUALIZATION_CHECKPOINT.md,REF:CYCLE008_ACCEPTED,REF:CYCLE008_SCOPE,unresolved,,REF:CYCLE008_LIMITS,UNASSESSED,REF:PRIVATE_PRIORITY,,,
BA:character_data:event_costume:1900904001:character:20015,character_data,MANDATORY_COMPLETE_REVIEW,02_CANONICAL_STORIES/CHARACTER_DATA/CONTEXTUAL/BA_character_data_event_costume_1900904001_character_20015.md,bba2c8640f14ca5265fe2c6b46f864e696011a7e99a62a75a891818498d1ad84,ADMITTED,series/blue-archive/02 Sequential Readings/BOND/BLUE_ARCHIVE_TRAINING_KAEDE_MIMORI_TSUBAKI_PHASE2_PRIVATE_CONTEXTUAL_ACCOUNT_20261008.md,REF:CYCLE008_ACCEPTED,REF:CYCLE008_SCOPE,unresolved,,REF:CYCLE008_LIMITS,UNASSESSED,REF:PRIVATE_PRIORITY,,,
BA:character_data:event_costume:1900904101:character:20016,character_data,MANDATORY_COMPLETE_REVIEW,02_CANONICAL_STORIES/CHARACTER_DATA/CONTEXTUAL/BA_character_data_event_costume_1900904101_character_20016.md,9c5b840102d262f645233e8439820e10f5928a7b152d8fb3f23ca26d45e45cb2,ADMITTED,series/blue-archive/02 Sequential Readings/BOND/BLUE_ARCHIVE_GEHENNA20_PHASE2_PRIVATE_CONTEXTUAL_ACCOUNT_20261008.md,REF:CYCLE008_ACCEPTED,REF:CYCLE008_SCOPE,unresolved,,REF:CYCLE008_LIMITS,UNASSESSED,REF:PRIVATE_PRIORITY,,,
BA:character_data:event_costume:1900904201:character:10040,character_data,MANDATORY_COMPLETE_REVIEW,02_CANONICAL_STORIES/CHARACTER_DATA/CONTEXTUAL/BA_character_data_event_costume_1900904201_character_10040.md,9e3b6f81a89fdc4df6ff4d5e29a502eab4291e7308151b17795787da287e2ac9,ADMITTED,series/blue-archive/02 Sequential Readings/BOND/BLUE_ARCHIVE_NINJA_MICHIRU_IZUNA_TSUKUYO_PHASE2_PRIVATE_CONTEXTUAL_ACCOUNT_20261008.md,REF:CYCLE008_ACCEPTED,REF:CYCLE008_SCOPE,unresolved,,REF:CYCLE008_LIMITS,UNASSESSED,REF:PRIVATE_PRIORITY,,,
BA:character_data:event_costume:1900904301:character:16009,character_data,MANDATORY_COMPLETE_REVIEW,02_CANONICAL_STORIES/CHARACTER_DATA/CONTEXTUAL/BA_character_data_event_costume_1900904301_character_16009.md,a39db424085a2b84ed345840fc9d92974a3e286e7811545c5f96cdc2f9700d51,ADMITTED,series/blue-archive/02 Sequential Readings/BOND/BLUE_ARCHIVE_NINJA_MICHIRU_IZUNA_TSUKUYO_PHASE2_PRIVATE_CONTEXTUAL_ACCOUNT_20261008.md,REF:CYCLE008_ACCEPTED,REF:CYCLE008_SCOPE,unresolved,,REF:CYCLE008_LIMITS,UNASSESSED,REF:PRIVATE_PRIORITY,,,
BA:character_data:event_costume:1900904401:character:10001,character_data,MANDATORY_COMPLETE_REVIEW,02_CANONICAL_STORIES/CHARACTER_DATA/CONTEXTUAL/BA_character_data_event_costume_1900904401_character_10001.md,a1e7335df51d7bd2b8acc8bf924a9c3aecdfa6936736fcb1c845b4cafbb8c4a5,ADMITTED,series/blue-archive/02 Sequential Readings/BOND/BLUE_ARCHIVE_EIMI_PHASE2_PRIVATE_CONTEXTUAL_ACCOUNT_20261008.md,REF:CYCLE008_ACCEPTED,REF:CYCLE008_SCOPE,unresolved,,REF:CYCLE008_LIMITS,UNASSESSED,REF:PRIVATE_PRIORITY,,,
BA:character_data:event_costume:1900905001:character:10045,character_data,MANDATORY_COMPLETE_REVIEW,02_CANONICAL_STORIES/CHARACTER_DATA/CONTEXTUAL/BA_character_data_event_costume_1900905001_character_10045.md,97cd9094fe593175acfd09a64f857cb3b29bf8d04f4902e5313bd3285f538aaa,ADMITTED,series/blue-archive/02 Sequential Readings/BOND/BLUE_ARCHIVE_HOSHINO_PHASE2_PRIVATE_CONTEXTUAL_ACCOUNT_20261008.md,REF:CYCLE008_ACCEPTED,REF:CYCLE008_SCOPE,unresolved,,REF:CYCLE008_LIMITS,UNASSESSED,REF:PRIVATE_PRIORITY,,,
BA:character_data:event_costume:1900905101:character:10044,character_data,MANDATORY_COMPLETE_REVIEW,02_CANONICAL_STORIES/CHARACTER_DATA/CONTEXTUAL/BA_character_data_event_costume_1900905101_character_10044.md,e608dafffcbfaf7aff6d96b3ca74ad39c42babfc0d38aec6a2e223d1bef251cf,ADMITTED,series/blue-archive/02 Sequential Readings/BOND/BLUE_ARCHIVE_NONOMI_PHASE2_PRIVATE_CONTEXTUAL_ACCOUNT_20261008.md,REF:CYCLE008_ACCEPTED,REF:CYCLE008_SCOPE,unresolved,,REF:CYCLE008_LIMITS,UNASSESSED,REF:PRIVATE_PRIORITY,,,
BA:character_data:event_costume:1900905201:character:26007,character_data,MANDATORY_COMPLETE_REVIEW,02_CANONICAL_STORIES/CHARACTER_DATA/CONTEXTUAL/BA_character_data_event_costume_1900905201_character_26007.md,4726d15a3ce77bc79008010b6ceb614101040660f8d5fe813daba4b2122a2ac6,ADMITTED,series/blue-archive/02 Sequential Readings/BOND/AYANE/BLUE_ARCHIVE_AYANE_PRIVATE_CONTEXTUALIZATION_CHECKPOINT.md,REF:ORIGINAL_ADMISSION_RECORD_0020,REF:ORIGINAL_ADMITTED_CLAIM_SCOPE_0076,LOCAL_RELATIVE_ONLY,Holiday/yesterday/this-morning/crash/middle-school anchors only; no event/main edge.,REF:ORIGINAL_ATTRIBUTION_LIMITS_0077,HIGH,REF:ORIGINAL_PRIORITY_REASON_0078,,,
BA:character_data:event_costume:1900905301:character:26008,character_data,MANDATORY_COMPLETE_REVIEW,02_CANONICAL_STORIES/CHARACTER_DATA/CONTEXTUAL/BA_character_data_event_costume_1900905301_character_26008.md,3b73170a29f6cc342a47888d461b0b147a24231f0819e105bb3d497d79b2ec17,ADMITTED,series/blue-archive/02 Sequential Readings/BOND/BLUE_ARCHIVE_FESTIVAL_SHIZUKO_FINA_UMIKA_PHASE2_PRIVATE_CONTEXTUAL_ACCOUNT_20261008.md,REF:CYCLE008_ACCEPTED,REF:CYCLE008_SCOPE,unresolved,,REF:CYCLE008_LIMITS,UNASSESSED,REF:PRIVATE_PRIORITY,,,
BA:character_data:event_costume:1900905401:character:10046,character_data,MANDATORY_COMPLETE_REVIEW,02_CANONICAL_STORIES/CHARACTER_DATA/CONTEXTUAL/BA_character_data_event_costume_1900905401_character_10046.md,e60644900f068d0bd221c5c3b3f39c3c14d8330a21dabaf4a54e136b2d4d9e44,ADMITTED,series/blue-archive/02 Sequential Readings/BOND/BLUE_ARCHIVE_NINJA_MICHIRU_IZUNA_TSUKUYO_PHASE2_PRIVATE_CONTEXTUAL_ACCOUNT_20261008.md,REF:CYCLE008_ACCEPTED,REF:CYCLE008_SCOPE,unresolved,,REF:CYCLE008_LIMITS,UNASSESSED,REF:PRIVATE_PRIORITY,,,
BA:character_data:event_costume:1900905501:character:10047,character_data,MANDATORY_COMPLETE_REVIEW,02_CANONICAL_STORIES/CHARACTER_DATA/CONTEXTUAL/BA_character_data_event_costume_1900905501_character_10047.md,17025eca5ef2e2d555644bd2929b55e10ade4418f18087b7004a7f950b51a438,ADMITTED,series/blue-archive/02 Sequential Readings/BOND/BLUE_ARCHIVE_YINYANG_NIYA_KAHO_CHISE_PHASE2_PRIVATE_CONTEXTUAL_ACCOUNT_20261008.md,REF:CYCLE008_ACCEPTED,REF:CYCLE008_SCOPE,unresolved,,REF:CYCLE008_LIMITS,UNASSESSED,REF:PRIVATE_PRIORITY,,,
BA:character_data:event_costume:1900906001:character:10049,character_data,MANDATORY_COMPLETE_REVIEW,02_CANONICAL_STORIES/CHARACTER_DATA/CONTEXTUAL/BA_character_data_event_costume_1900906001_character_10049.md,716ef1d4d3d022f7d4c314ba153250c471b2bc7df22529ab03a29579e04b971a,ADMITTED,series/blue-archive/02 Sequential Readings/BOND/BLUE_ARCHIVE_AIRI_KAZUSA_YOSHIMI_NATSU_PRIVATE_CONTEXTUALIZATION_CHECKPOINT.md,REF:CYCLE008_ACCEPTED,REF:CYCLE008_SCOPE,unresolved,,REF:CYCLE008_LIMITS,UNASSESSED,REF:PRIVATE_PRIORITY,,,
BA:character_data:event_costume:1900906101:character:10029,character_data,MANDATORY_COMPLETE_REVIEW,02_CANONICAL_STORIES/CHARACTER_DATA/CONTEXTUAL/BA_character_data_event_costume_1900906101_character_10029.md,88c49d9be17c927f52c50dd5b02c5f538833daf8bf2ac6e288baf80c108643a7,ADMITTED,series/blue-archive/02 Sequential Readings/BOND/BLUE_ARCHIVE_AIRI_KAZUSA_YOSHIMI_NATSU_PRIVATE_CONTEXTUALIZATION_CHECKPOINT.md,REF:CYCLE008_ACCEPTED,REF:CYCLE008_SCOPE,unresolved,,REF:CYCLE008_LIMITS,UNASSESSED,REF:PRIVATE_PRIORITY,,,
BA:character_data:event_costume:1900906201:character:23000,character_data,MANDATORY_COMPLETE_REVIEW,02_CANONICAL_STORIES/CHARACTER_DATA/CONTEXTUAL/BA_character_data_event_costume_1900906201_character_23000.md,993fe144e1ebae644fa39186f6a69b34e4fe5e6f5f6c4242e57f49c4fe1e0477,ADMITTED,series/blue-archive/02 Sequential Readings/BOND/BLUE_ARCHIVE_AIRI_KAZUSA_YOSHIMI_NATSU_PRIVATE_CONTEXTUALIZATION_CHECKPOINT.md,REF:CYCLE008_ACCEPTED,REF:CYCLE008_SCOPE,unresolved,,REF:CYCLE008_LIMITS,UNASSESSED,REF:PRIVATE_PRIORITY,,,
BA:character_data:event_costume:1900906301:character:20008,character_data,MANDATORY_COMPLETE_REVIEW,02_CANONICAL_STORIES/CHARACTER_DATA/CONTEXTUAL/BA_character_data_event_costume_1900906301_character_20008.md,4a3541fdd81832a5a491f1722c950eee67ed9332056658bba9dd32d4ea0739fe,ADMITTED,series/blue-archive/02 Sequential Readings/BOND/BLUE_ARCHIVE_GEHENNA20_PHASE2_PRIVATE_CONTEXTUAL_ACCOUNT_20261008.md,REF:CYCLE008_ACCEPTED,REF:CYCLE008_SCOPE,unresolved,,REF:CYCLE008_LIMITS,UNASSESSED,REF:PRIVATE_PRIORITY,,,
BA:character_data:event_costume:1900906401:character:10051,character_data,MANDATORY_COMPLETE_REVIEW,02_CANONICAL_STORIES/CHARACTER_DATA/CONTEXTUAL/BA_character_data_event_costume_1900906401_character_10051.md,93a228d947d927c2099c0ebd915528ecf957d928a94ebf8806341124ca40e585,ADMITTED,series/blue-archive/02 Sequential Readings/BOND/BLUE_ARCHIVE_UTAHA_PHASE2_PRIVATE_CONTEXTUAL_ACCOUNT_20261008.md,REF:CYCLE008_ACCEPTED,REF:CYCLE008_SCOPE,unresolved,,REF:CYCLE008_LIMITS,UNASSESSED,REF:PRIVATE_PRIORITY,,,
BA:character_data:event_costume:1900906501:character:10052,character_data,MANDATORY_COMPLETE_REVIEW,02_CANONICAL_STORIES/CHARACTER_DATA/CONTEXTUAL/BA_character_data_event_costume_1900906501_character_10052.md,995a95418c9c7830aba6c89d6e19c492732cdb3a42a1fcbc1458fb114cfdb77d,ADMITTED,series/blue-archive/02 Sequential Readings/BOND/BLUE_ARCHIVE_NOA_PHASE2_PRIVATE_CONTEXTUAL_ACCOUNT_20261008.md,REF:CYCLE008_ACCEPTED,REF:CYCLE008_SCOPE,unresolved,,REF:CYCLE008_LIMITS,UNASSESSED,REF:PRIVATE_PRIORITY,,,
BA:character_data:event_costume:1900906601:character:16010,character_data,MANDATORY_COMPLETE_REVIEW,02_CANONICAL_STORIES/CHARACTER_DATA/CONTEXTUAL/BA_character_data_event_costume_1900906601_character_16010.md,fbb19d760cd7572794ed5c7917a41982b759b0d41a08f4d00fab0235c184e2e1,ADMITTED,series/blue-archive/02 Sequential Readings/BOND/BLUE_ARCHIVE_HIBIKI_PHASE2_PRIVATE_CONTEXTUAL_ACCOUNT_20261008.md,REF:CYCLE008_ACCEPTED,REF:CYCLE008_SCOPE,unresolved,,REF:CYCLE008_LIMITS,UNASSESSED,REF:PRIVATE_PRIORITY,,,
BA:character_data:event_costume:1900906701:character:10053,character_data,MANDATORY_COMPLETE_REVIEW,02_CANONICAL_STORIES/CHARACTER_DATA/CONTEXTUAL/BA_character_data_event_costume_1900906701_character_10053.md,c04b574edef2990f27860ff1c5235302b22fee41ee6c8c05ef61946c9c23215d,ADMITTED,series/blue-archive/02 Sequential Readings/BOND/YUUKA/BLUE_ARCHIVE_YUUKA_PRIVATE_CONTEXTUALIZATION_CHECKPOINT.md,REF:CYCLE008_ACCEPTED,REF:CYCLE008_SCOPE,unresolved,,REF:CYCLE008_LIMITS,UNASSESSED,REF:PRIVATE_PRIORITY,,,
BA:character_data:event_costume:1900906801:character:10054,character_data,MANDATORY_COMPLETE_REVIEW,02_CANONICAL_STORIES/CHARACTER_DATA/CONTEXTUAL/BA_character_data_event_costume_1900906801_character_10054.md,e1d8dbe35ddbf51ff13fefe78c57eb13a493e59e4a6446f1e900b2fee65f54bd,ADMITTED,series/blue-archive/02 Sequential Readings/BOND/BLUE_ARCHIVE_SAKURAKO_MARI_PRIVATE_CONTEXTUALIZATION_CHECKPOINT.md,REF:CYCLE008_ACCEPTED,REF:CYCLE008_SCOPE,unresolved,,REF:CYCLE008_LIMITS,UNASSESSED,REF:PRIVATE_PRIORITY,,,
BA:character_data:event_costume:1900906901:character:16011,character_data,MANDATORY_COMPLETE_REVIEW,02_CANONICAL_STORIES/CHARACTER_DATA/CONTEXTUAL/BA_character_data_event_costume_1900906901_character_16011.md,c986847d93558d51833014fb0886c0e76d0c8ada1f8249c1c311f713294dc583,ADMITTED,series/blue-archive/02 Sequential Readings/BOND/BLUE_ARCHIVE_HASUMI_TSURUGI_PRIVATE_CONTEXTUALIZATION_CHECKPOINT.md,REF:CYCLE008_ACCEPTED,REF:CYCLE008_SCOPE,unresolved,,REF:CYCLE008_LIMITS,UNASSESSED,REF:PRIVATE_PRIORITY,,,
BA:character_data:event_costume:1900908001:character:10055,character_data,MANDATORY_COMPLETE_REVIEW,02_CANONICAL_STORIES/CHARACTER_DATA/CONTEXTUAL/BA_character_data_event_costume_1900908001_character_10055.md,050d7256bf0309c7c7f5a68074c546083092a829eb0409b13f67aa2e5710049b,ADMITTED,series/blue-archive/02 Sequential Readings/BOND/BLUE_ARCHIVE_RED_WINTER7_PHASE2_PRIVATE_CONTEXTUAL_ACCOUNT_20261008.md,REF:CYCLE008_ACCEPTED,REF:CYCLE008_SCOPE,unresolved,,REF:CYCLE008_LIMITS,UNASSESSED,REF:PRIVATE_PRIORITY,0,0,0
BA:character_data:event_costume:1900908101:character:20021,character_data,MANDATORY_COMPLETE_REVIEW,02_CANONICAL_STORIES/CHARACTER_DATA/CONTEXTUAL/BA_character_data_event_costume_1900908101_character_20021.md,2b1890d864a557fbb4734c0b1772d236c6750d741d62dad3a1e1ac1faa500809,ADMITTED,series/blue-archive/02 Sequential Readings/BOND/HANAE/BLUE_ARCHIVE_HANAE_PRIVATE_CONTEXTUALIZATION_CHECKPOINT.md,REF:ORIGINAL_ADMISSION_RECORD_0007,REF:ORIGINAL_ADMITTED_CLAIM_SCOPE_0096,UNRESOLVED_MAIN_PLACEMENT,"819/10819/900819 are three written UI contexts in one routed costume object, not three histories or main dates.",REF:ORIGINAL_ATTRIBUTION_LIMITS_0097,CORE,REF:ORIGINAL_PRIORITY_REASON_0098,,,
BA:character_data:event_costume:1900908201:character:10056,character_data,MANDATORY_COMPLETE_REVIEW,02_CANONICAL_STORIES/CHARACTER_DATA/CONTEXTUAL/BA_character_data_event_costume_1900908201_character_10056.md,14e2414b7a8063a4a71fd203cdaac5f749139569e6073b18fc5f04728bd63ead,ADMITTED,series/blue-archive/02 Sequential Readings/BOND/SERINA/BLUE_ARCHIVE_SERINA_PRIVATE_CONTEXTUALIZATION_CHECKPOINT.md,REF:ORIGINAL_ADMISSION_RECORD_0001,REF:ORIGINAL_ADMITTED_CLAIM_SCOPE_0099,UNRESOLVED_MAIN_PLACEMENT,Independent gated written contexts; no main or variant order.,REF:ORIGINAL_ATTRIBUTION_LIMITS_0003,CORE,REF:ORIGINAL_PRIORITY_REASON_0004,,,
BA:character_data:event_costume:1900909001:character:10057,character_data,MANDATORY_COMPLETE_REVIEW,02_CANONICAL_STORIES/CHARACTER_DATA/CONTEXTUAL/BA_character_data_event_costume_1900909001_character_10057.md,0cdc4848cc85ecf2e5fc972a35a946f6a61640cc3a50cae63ef5680f382c80a6,ADMITTED,series/blue-archive/02 Sequential Readings/BOND/BLUE_ARCHIVE_GEHENNA20_PHASE2_PRIVATE_CONTEXTUAL_ACCOUNT_20261008.md,REF:CYCLE008_ACCEPTED,REF:CYCLE008_SCOPE,unresolved,,REF:CYCLE008_LIMITS,UNASSESSED,REF:PRIVATE_PRIORITY,,,
BA:character_data:event_costume:1900909101:character:16012,character_data,MANDATORY_COMPLETE_REVIEW,02_CANONICAL_STORIES/CHARACTER_DATA/CONTEXTUAL/BA_character_data_event_costume_1900909101_character_16012.md,23928dc634a0c02273c127716ff7f64839e5245914d18955844e5cedc5d65796,ADMITTED,series/blue-archive/02 Sequential Readings/BOND/BLUE_ARCHIVE_GEHENNA20_PHASE2_PRIVATE_CONTEXTUAL_ACCOUNT_20261008.md,REF:CYCLE008_ACCEPTED,REF:CYCLE008_SCOPE,unresolved,,REF:CYCLE008_LIMITS,UNASSESSED,REF:PRIVATE_PRIORITY,,,
BA:character_data:event_costume:1900909201:character:20022,character_data,MANDATORY_COMPLETE_REVIEW,02_CANONICAL_STORIES/CHARACTER_DATA/CONTEXTUAL/BA_character_data_event_costume_1900909201_character_20022.md,e12ec523a100e6495e3980921dacac071643657ef2ad01d67ce9d43047c39699,ADMITTED,series/blue-archive/02 Sequential Readings/BOND/BLUE_ARCHIVE_GEHENNA20_PHASE2_PRIVATE_CONTEXTUAL_ACCOUNT_20261008.md,REF:CYCLE008_ACCEPTED,REF:CYCLE008_SCOPE,unresolved,,REF:CYCLE008_LIMITS,UNASSESSED,REF:PRIVATE_PRIORITY,,,
BA:character_data:event_costume:1900910001:character:0,character_data,MANDATORY_COMPLETE_REVIEW,02_CANONICAL_STORIES/CHARACTER_DATA/CONTEXTUAL/BA_character_data_event_costume_1900910001_character_0.md,e3aaa388c46bb9580864700e26ac58a2435bf7eb7fca3492735b312ec63503ec,ADMITTED,series/blue-archive/02 Sequential Readings/CHARACTER_DATA/UNRESOLVED/BLUE_ARCHIVE_UNJOINED_WRITTEN_27_IDENTITY_AND_CONTEXTUAL_ACCOUNT_20261008.md,REF:CYCLE008_ACCEPTED,REF:CYCLE008_SCOPE,unresolved,,REF:CYCLE008_LIMITS;REF:UNJOINED27_LIMITS,UNASSESSED,REF:PRIVATE_PRIORITY,,,
BA:character_data:event_costume:1900910101:character:0,character_data,MANDATORY_COMPLETE_REVIEW,02_CANONICAL_STORIES/CHARACTER_DATA/CONTEXTUAL/BA_character_data_event_costume_1900910101_character_0.md,aa7b6f7228f02d35bcc9fe7463ce1b7bad7dd7e0416b6d24b7a417ee48adf062,ADMITTED,series/blue-archive/02 Sequential Readings/CHARACTER_DATA/UNRESOLVED/BLUE_ARCHIVE_UNJOINED_WRITTEN_27_IDENTITY_AND_CONTEXTUAL_ACCOUNT_20261008.md,REF:CYCLE008_ACCEPTED,REF:CYCLE008_SCOPE,unresolved,,REF:CYCLE008_LIMITS;REF:UNJOINED27_LIMITS,UNASSESSED,REF:PRIVATE_PRIORITY,,,
BA:character_data:event_costume:1900910201:character:0,character_data,MANDATORY_COMPLETE_REVIEW,02_CANONICAL_STORIES/CHARACTER_DATA/CONTEXTUAL/BA_character_data_event_costume_1900910201_character_0.md,fc99e44f49db7d336c3edc7c7b4331973d3e1f5918af74d75ba38e837adfba4b,ADMITTED,series/blue-archive/02 Sequential Readings/CHARACTER_DATA/UNRESOLVED/BLUE_ARCHIVE_UNJOINED_WRITTEN_27_IDENTITY_AND_CONTEXTUAL_ACCOUNT_20261008.md,REF:CYCLE008_ACCEPTED,REF:CYCLE008_SCOPE,unresolved,,REF:CYCLE008_LIMITS;REF:UNJOINED27_LIMITS,UNASSESSED,REF:PRIVATE_PRIORITY,,,
BA:character_data:event_costume:1900911001:character:0,character_data,MANDATORY_COMPLETE_REVIEW,02_CANONICAL_STORIES/CHARACTER_DATA/CONTEXTUAL/BA_character_data_event_costume_1900911001_character_0.md,981c502fb195a4335bd19536fcfdfed29e8e4ded20a0bf584eedce5a15daf81a,ADMITTED,series/blue-archive/02 Sequential Readings/CHARACTER_DATA/UNRESOLVED/BLUE_ARCHIVE_UNJOINED_WRITTEN_27_IDENTITY_AND_CONTEXTUAL_ACCOUNT_20261008.md,REF:CYCLE008_ACCEPTED,REF:CYCLE008_SCOPE,unresolved,,REF:CYCLE008_LIMITS;REF:UNJOINED27_LIMITS,UNASSESSED,REF:PRIVATE_PRIORITY,,,
BA:character_data:event_costume:1900911101:character:0,character_data,MANDATORY_COMPLETE_REVIEW,02_CANONICAL_STORIES/CHARACTER_DATA/CONTEXTUAL/BA_character_data_event_costume_1900911101_character_0.md,05a25fe2d8c6debc3181dd03150ade6c013d449c78757db37532e5f9440be901,ADMITTED,series/blue-archive/02 Sequential Readings/CHARACTER_DATA/UNRESOLVED/BLUE_ARCHIVE_UNJOINED_WRITTEN_27_IDENTITY_AND_CONTEXTUAL_ACCOUNT_20261008.md,REF:CYCLE008_ACCEPTED,REF:CYCLE008_SCOPE,unresolved,,REF:CYCLE008_LIMITS;REF:UNJOINED27_LIMITS,UNASSESSED,REF:PRIVATE_PRIORITY,,,
BA:character_data:event_costume:1900911201:character:0,character_data,MANDATORY_COMPLETE_REVIEW,02_CANONICAL_STORIES/CHARACTER_DATA/CONTEXTUAL/BA_character_data_event_costume_1900911201_character_0.md,5ca35b6338325f70176873a0a080fef633475c5001199e819f48503710a301ae,ADMITTED,series/blue-archive/02 Sequential Readings/CHARACTER_DATA/UNRESOLVED/BLUE_ARCHIVE_UNJOINED_WRITTEN_27_IDENTITY_AND_CONTEXTUAL_ACCOUNT_20261008.md,REF:CYCLE008_ACCEPTED,REF:CYCLE008_SCOPE,unresolved,,REF:CYCLE008_LIMITS;REF:UNJOINED27_LIMITS,UNASSESSED,REF:PRIVATE_PRIORITY,,,
BA:character_data:event_costume:1900911301:character:0,character_data,MANDATORY_COMPLETE_REVIEW,02_CANONICAL_STORIES/CHARACTER_DATA/CONTEXTUAL/BA_character_data_event_costume_1900911301_character_0.md,34f7c2bbe0bc10c0a1832fc0332708b4c889bc6f68f6aad142009ed636339b9c,ADMITTED,series/blue-archive/02 Sequential Readings/CHARACTER_DATA/UNRESOLVED/BLUE_ARCHIVE_UNJOINED_WRITTEN_27_IDENTITY_AND_CONTEXTUAL_ACCOUNT_20261008.md,REF:CYCLE008_ACCEPTED,REF:CYCLE008_SCOPE,unresolved,,REF:CYCLE008_LIMITS;REF:UNJOINED27_LIMITS,UNASSESSED,REF:PRIVATE_PRIORITY,,,
BA:character_data:event_costume:1900911401:character:0,character_data,MANDATORY_COMPLETE_REVIEW,02_CANONICAL_STORIES/CHARACTER_DATA/CONTEXTUAL/BA_character_data_event_costume_1900911401_character_0.md,dd856d1fd8f584f4da133681a532103adb36d49b9b5d6ce268c52ac1def73200,ADMITTED,series/blue-archive/02 Sequential Readings/CHARACTER_DATA/UNRESOLVED/BLUE_ARCHIVE_UNJOINED_WRITTEN_27_IDENTITY_AND_CONTEXTUAL_ACCOUNT_20261008.md,REF:CYCLE008_ACCEPTED,REF:CYCLE008_SCOPE,unresolved,,REF:CYCLE008_LIMITS;REF:UNJOINED27_LIMITS,UNASSESSED,REF:PRIVATE_PRIORITY,,,
BA:character_data:event_costume:1900911501:character:0,character_data,MANDATORY_COMPLETE_REVIEW,02_CANONICAL_STORIES/CHARACTER_DATA/CONTEXTUAL/BA_character_data_event_costume_1900911501_character_0.md,8506e22d32ab402b5467f5bcfdacc89ac07c8500e9b47dfca964e8a0745f5369,ADMITTED,series/blue-archive/02 Sequential Readings/CHARACTER_DATA/UNRESOLVED/BLUE_ARCHIVE_UNJOINED_WRITTEN_27_IDENTITY_AND_CONTEXTUAL_ACCOUNT_20261008.md,REF:CYCLE008_ACCEPTED,REF:CYCLE008_SCOPE,unresolved,,REF:CYCLE008_LIMITS;REF:UNJOINED27_LIMITS,UNASSESSED,REF:PRIVATE_PRIORITY,,,
BA:character_data:event_costume:1900911601:character:0,character_data,MANDATORY_COMPLETE_REVIEW,02_CANONICAL_STORIES/CHARACTER_DATA/CONTEXTUAL/BA_character_data_event_costume_1900911601_character_0.md,a66412943e3c4ff723761937ac627b135404004549987ece5b8758cbcdcc4049,ADMITTED,series/blue-archive/02 Sequential Readings/CHARACTER_DATA/UNRESOLVED/BLUE_ARCHIVE_UNJOINED_WRITTEN_27_IDENTITY_AND_CONTEXTUAL_ACCOUNT_20261008.md,REF:CYCLE008_ACCEPTED,REF:CYCLE008_SCOPE,unresolved,,REF:CYCLE008_LIMITS;REF:UNJOINED27_LIMITS,UNASSESSED,REF:PRIVATE_PRIORITY,,,
BA:character_data:event_costume:1900912001:character:10064,character_data,MANDATORY_COMPLETE_REVIEW,02_CANONICAL_STORIES/CHARACTER_DATA/CONTEXTUAL/BA_character_data_event_costume_1900912001_character_10064.md,548bdaa40d9148783932c0e959ae7ffdeb674b3d4769c89b3cbb5323b702bb9b,ADMITTED,series/blue-archive/02 Sequential Readings/BOND/KAYOKO/BLUE_ARCHIVE_KAYOKO_PRIVATE_CONTEXTUALIZATION_CHECKPOINT.md,REF:CYCLE008_ACCEPTED,REF:CYCLE008_SCOPE,unresolved,,REF:CYCLE008_LIMITS,UNASSESSED,REF:PRIVATE_PRIORITY,,,
BA:character_data:event_costume:1900912101:character:20025,character_data,MANDATORY_COMPLETE_REVIEW,02_CANONICAL_STORIES/CHARACTER_DATA/CONTEXTUAL/BA_character_data_event_costume_1900912101_character_20025.md,cb5bc85ab7b6600a7fcc6bb8ef2954ba2f9f5a52840849876417fde36a261c32,ADMITTED,series/blue-archive/02 Sequential Readings/BOND/HARUKA/BLUE_ARCHIVE_HARUKA_PRIVATE_CONTEXTUALIZATION_CHECKPOINT.md,REF:CYCLE008_ACCEPTED,REF:CYCLE008_SCOPE,unresolved,,REF:CYCLE008_LIMITS,UNASSESSED,REF:PRIVATE_PRIORITY,,,
BA:character_data:event_costume:1900913001:character:10066,character_data,MANDATORY_COMPLETE_REVIEW,02_CANONICAL_STORIES/CHARACTER_DATA/CONTEXTUAL/BA_character_data_event_costume_1900913001_character_10066.md,6da83ed417e4ca2c1c874f0aaedbd6652ccd4a3a2545a8f1647e307be0c96819,ADMITTED,series/blue-archive/02 Sequential Readings/BOND/BLUE_ARCHIVE_ALICE_PHASE2_PRIVATE_CONTEXTUAL_ACCOUNT_20261008.md,REF:CYCLE008_ACCEPTED,REF:CYCLE008_SCOPE,unresolved,,REF:CYCLE008_LIMITS,UNASSESSED,REF:PRIVATE_PRIORITY,,,
BA:character_data:event_costume:1900913101:character:10067,character_data,MANDATORY_COMPLETE_REVIEW,02_CANONICAL_STORIES/CHARACTER_DATA/CONTEXTUAL/BA_character_data_event_costume_1900913101_character_10067.md,b9eb6bcaeabfae96b9f12029b251ef210f263b80eccc421f3b3d5b8052893c2b,ADMITTED,series/blue-archive/02 Sequential Readings/BOND/BLUE_ARCHIVE_TOKI_PHASE2_PRIVATE_CONTEXTUAL_ACCOUNT_20261008.md,REF:CYCLE008_ACCEPTED,REF:CYCLE008_SCOPE,unresolved,,REF:CYCLE008_LIMITS,UNASSESSED,REF:PRIVATE_PRIORITY,,,
BA:character_data:event_costume:1900913201:character:26009,character_data,MANDATORY_COMPLETE_REVIEW,02_CANONICAL_STORIES/CHARACTER_DATA/CONTEXTUAL/BA_character_data_event_costume_1900913201_character_26009.md,3238c28f880471db567d50e63707746e63827aaec1a63f5237ca647db1c20415,ADMITTED,series/blue-archive/02 Sequential Readings/BOND/BLUE_ARCHIVE_YUZU_PHASE2_PRIVATE_CONTEXTUAL_ACCOUNT_20261008.md,REF:CYCLE008_ACCEPTED,REF:CYCLE008_SCOPE,unresolved,,REF:CYCLE008_LIMITS,UNASSESSED,REF:PRIVATE_PRIORITY,,,
BA:character_data:event_costume:1900913301:character:10068,character_data,MANDATORY_COMPLETE_REVIEW,02_CANONICAL_STORIES/CHARACTER_DATA/CONTEXTUAL/BA_character_data_event_costume_1900913301_character_10068.md,ef3044e528bfc7418818fa1e988dbf72b1babb42d97ee4b305ce7cc634fe42a0,ADMITTED,series/blue-archive/02 Sequential Readings/BOND/BLUE_ARCHIVE_SUZUMI_REISA_ICHIKA_PRIVATE_CONTEXTUALIZATION_CHECKPOINT.md,REF:CYCLE008_ACCEPTED,REF:CYCLE008_SCOPE,unresolved,,REF:CYCLE008_LIMITS,UNASSESSED,REF:PRIVATE_PRIORITY,,,
BA:character_data:event_costume:1900914001:character:0,character_data,MANDATORY_COMPLETE_REVIEW,02_CANONICAL_STORIES/CHARACTER_DATA/CONTEXTUAL/BA_character_data_event_costume_1900914001_character_0.md,23b8f40d422ea215e04064329b5d58bc6aaba225ec3eb504bf35b5ce3263fdc1,ADMITTED,series/blue-archive/02 Sequential Readings/CHARACTER_DATA/UNRESOLVED/BLUE_ARCHIVE_UNJOINED_WRITTEN_27_IDENTITY_AND_CONTEXTUAL_ACCOUNT_20261008.md,REF:CYCLE008_ACCEPTED,REF:CYCLE008_SCOPE,unresolved,,REF:CYCLE008_LIMITS;REF:UNJOINED27_LIMITS,UNASSESSED,REF:PRIVATE_PRIORITY,,,
BA:character_data:event_costume:1900914101:character:10069,character_data,MANDATORY_COMPLETE_REVIEW,02_CANONICAL_STORIES/CHARACTER_DATA/CONTEXTUAL/BA_character_data_event_costume_1900914101_character_10069.md,b2fe5aeb66f3e0386431f0956420e86534bfabd836170dd914064fb1e91710ce,ADMITTED,series/blue-archive/02 Sequential Readings/BOND/BLUE_ARCHIVE_SHANHAIJING6_AND_SAYA_PHASE2_PRIVATE_CONTEXTUAL_ACCOUNT_20261008.md,REF:CYCLE008_ACCEPTED,REF:CYCLE008_SCOPE,unresolved,,REF:CYCLE008_LIMITS,UNASSESSED,REF:PRIVATE_PRIORITY,0,0,0
BA:character_data:event_costume:1900914201:character:10070,character_data,MANDATORY_COMPLETE_REVIEW,02_CANONICAL_STORIES/CHARACTER_DATA/CONTEXTUAL/BA_character_data_event_costume_1900914201_character_10070.md,0e409dad7721bad028cac1f2a708ba282145c74a571a1e0b88045f73886c0baf,ADMITTED,series/blue-archive/02 Sequential Readings/BOND/BLUE_ARCHIVE_SHANHAIJING6_AND_SAYA_PHASE2_PRIVATE_CONTEXTUAL_ACCOUNT_20261008.md,REF:CYCLE008_ACCEPTED,REF:CYCLE008_SCOPE,unresolved,,REF:CYCLE008_LIMITS,UNASSESSED,REF:PRIVATE_PRIORITY,0,0,0
BA:character_data:event_costume:1900915001:character:10071,character_data,MANDATORY_COMPLETE_REVIEW,02_CANONICAL_STORIES/CHARACTER_DATA/CONTEXTUAL/BA_character_data_event_costume_1900915001_character_10071.md,acd82bf760e958352f45548f59f69b6a39549026473620ceaea1344e4ff9488f,ADMITTED,series/blue-archive/02 Sequential Readings/BOND/MIYAKO/BLUE_ARCHIVE_MIYAKO_PHASE2_PRIVATE_CONTEXTUAL_ACCOUNT_20261008.md,REF:CYCLE008_ACCEPTED,REF:CYCLE008_SCOPE,unresolved,,REF:CYCLE008_LIMITS,UNASSESSED,REF:PRIVATE_PRIORITY,,,
BA:character_data:event_costume:1900915001:character:10097,character_data,MANDATORY_COMPLETE_REVIEW,02_CANONICAL_STORIES/CHARACTER_DATA/CONTEXTUAL/BA_character_data_event_costume_1900915001_character_10097.md,ec819289af0b1c82e98ce6840d2bb24b0943a2356cee62fee6a6f88cff1fca7f,ADMITTED,series/blue-archive/02 Sequential Readings/BOND/MOE/BLUE_ARCHIVE_MOE_PHASE2_PRIVATE_CONTEXTUAL_ACCOUNT_20261008.md,REF:CYCLE008_ACCEPTED,REF:CYCLE008_SCOPE,unresolved,,REF:CYCLE008_LIMITS,UNASSESSED,REF:PRIVATE_PRIORITY,,,
BA:character_data:event_costume:1900915101:character:10072,character_data,MANDATORY_COMPLETE_REVIEW,02_CANONICAL_STORIES/CHARACTER_DATA/CONTEXTUAL/BA_character_data_event_costume_1900915101_character_10072.md,ad2ce1a62f6aa918c7aa696390a314b1fa7f37e77e7c37a2651f82b2e7b10503,ADMITTED,series/blue-archive/02 Sequential Readings/BOND/SAKI/BLUE_ARCHIVE_SAKI_PHASE2_PRIVATE_CONTEXTUAL_ACCOUNT_20261008.md,REF:CYCLE008_ACCEPTED,REF:CYCLE008_SCOPE,unresolved,,REF:CYCLE008_LIMITS,UNASSESSED,REF:PRIVATE_PRIORITY,,,
BA:character_data:event_costume:1900915101:character:10097,character_data,MANDATORY_COMPLETE_REVIEW,02_CANONICAL_STORIES/CHARACTER_DATA/CONTEXTUAL/BA_character_data_event_costume_1900915101_character_10097.md,2910b9b9b1acfe64c81a7c9653f48c2a40c29166882762470b1215d76667ea8b,ADMITTED,series/blue-archive/02 Sequential Readings/BOND/MOE/BLUE_ARCHIVE_MOE_PHASE2_PRIVATE_CONTEXTUAL_ACCOUNT_20261008.md,REF:CYCLE008_ACCEPTED,REF:CYCLE008_SCOPE,unresolved,,REF:CYCLE008_LIMITS,UNASSESSED,REF:PRIVATE_PRIORITY,,,
BA:character_data:event_costume:1900915201:character:10097,character_data,MANDATORY_COMPLETE_REVIEW,02_CANONICAL_STORIES/CHARACTER_DATA/CONTEXTUAL/BA_character_data_event_costume_1900915201_character_10097.md,0ebd540007781830c4c3b347e66296dfcb4f53c03ba5ee5de4ea3f9465b95c84,ADMITTED,series/blue-archive/02 Sequential Readings/BOND/MOE/BLUE_ARCHIVE_MOE_PHASE2_PRIVATE_CONTEXTUAL_ACCOUNT_20261008.md,REF:CYCLE008_ACCEPTED,REF:CYCLE008_SCOPE,unresolved,,REF:CYCLE008_LIMITS,UNASSESSED,REF:PRIVATE_PRIORITY,,,
BA:character_data:event_costume:1900915201:character:26010,character_data,MANDATORY_COMPLETE_REVIEW,02_CANONICAL_STORIES/CHARACTER_DATA/CONTEXTUAL/BA_character_data_event_costume_1900915201_character_26010.md,c3d3a98e02947cf517aaa0caf6b521eec513e96efdea0904c7438c6f6d9ca997,ADMITTED,series/blue-archive/02 Sequential Readings/BOND/MIYU/BLUE_ARCHIVE_MIYU_PHASE2_PRIVATE_CONTEXTUAL_ACCOUNT_20261008.md,REF:CYCLE008_ACCEPTED,REF:CYCLE008_SCOPE,unresolved,,REF:CYCLE008_LIMITS,UNASSESSED,REF:PRIVATE_PRIORITY,,,
BA:character_data:event_costume:1900916001:character:10073,character_data,MANDATORY_COMPLETE_REVIEW,02_CANONICAL_STORIES/CHARACTER_DATA/CONTEXTUAL/BA_character_data_event_costume_1900916001_character_10073.md,c89f761f38154b8405fadd30c4e87b431c453cea3f213ca774f9d761206b8626,ADMITTED,series/blue-archive/02 Sequential Readings/BOND/BLUE_ARCHIVE_HINATA_UI_SHIMIKO_PRIVATE_CONTEXTUALIZATION_CHECKPOINT.md,REF:CYCLE008_ACCEPTED,REF:CYCLE008_SCOPE,unresolved,,REF:CYCLE008_LIMITS,UNASSESSED,REF:PRIVATE_PRIORITY,,,
BA:character_data:event_costume:1900916101:character:16013,character_data,MANDATORY_COMPLETE_REVIEW,02_CANONICAL_STORIES/CHARACTER_DATA/CONTEXTUAL/BA_character_data_event_costume_1900916101_character_16013.md,edd6e2be09c5529a030fa845d47cabb12341fa7f338ff380dc273fd05db26318,ADMITTED,series/blue-archive/02 Sequential Readings/BOND/KOHARU/BLUE_ARCHIVE_KOHARU_PRIVATE_CONTEXTUALIZATION_CHECKPOINT.md,REF:CYCLE008_ACCEPTED,REF:CYCLE008_SCOPE,unresolved,,REF:CYCLE008_LIMITS,UNASSESSED,REF:PRIVATE_PRIORITY,,,
BA:character_data:event_costume:1900916201:character:10074,character_data,MANDATORY_COMPLETE_REVIEW,02_CANONICAL_STORIES/CHARACTER_DATA/CONTEXTUAL/BA_character_data_event_costume_1900916201_character_10074.md,f67b316a1ce0fb58266fa00dd51a4f5208e559b66e0ea2536b3011e826f1b55d,ADMITTED,series/blue-archive/02 Sequential Readings/BOND/HANAKO/BLUE_ARCHIVE_HANAKO_PRIVATE_CONTEXTUALIZATION_CHECKPOINT.md,REF:CYCLE008_ACCEPTED,REF:CYCLE008_SCOPE,unresolved,,REF:CYCLE008_LIMITS,UNASSESSED,REF:PRIVATE_PRIORITY,,,
BA:character_data:event_costume:1900916301:character:20028,character_data,MANDATORY_COMPLETE_REVIEW,02_CANONICAL_STORIES/CHARACTER_DATA/CONTEXTUAL/BA_character_data_event_costume_1900916301_character_20028.md,66a5a66e5547441a7eb3560b62b76ce21aba63ffef5e81e0245b6e4ca5cba72f,ADMITTED,series/blue-archive/02 Sequential Readings/BOND/BLUE_ARCHIVE_HINATA_UI_SHIMIKO_PRIVATE_CONTEXTUALIZATION_CHECKPOINT.md,REF:CYCLE008_ACCEPTED,REF:CYCLE008_SCOPE,unresolved,,REF:CYCLE008_LIMITS,UNASSESSED,REF:PRIVATE_PRIORITY,,,
BA:character_data:event_costume:1900916401:character:20029,character_data,MANDATORY_COMPLETE_REVIEW,02_CANONICAL_STORIES/CHARACTER_DATA/CONTEXTUAL/BA_character_data_event_costume_1900916401_character_20029.md,d07f077a1af59673fd04ee494e12ff4676945ed4e850ee8631e0fe5ee372c046,ADMITTED,series/blue-archive/02 Sequential Readings/BOND/BLUE_ARCHIVE_TRAINING_KAEDE_MIMORI_TSUBAKI_PHASE2_PRIVATE_CONTEXTUAL_ACCOUNT_20261008.md,REF:CYCLE008_ACCEPTED,REF:CYCLE008_SCOPE,unresolved,,REF:CYCLE008_LIMITS,UNASSESSED,REF:PRIVATE_PRIORITY,,,
BA:character_data:event_costume:1900917001:character:10075,character_data,MANDATORY_COMPLETE_REVIEW,02_CANONICAL_STORIES/CHARACTER_DATA/CONTEXTUAL/BA_character_data_event_costume_1900917001_character_10075.md,0ea152dbfb784a3c81689827a7ee03f43efc8a94033eb24a3f1fd3dc59e1bdcf,ADMITTED,series/blue-archive/02 Sequential Readings/BOND/BLUE_ARCHIVE_RED_WINTER7_PHASE2_PRIVATE_CONTEXTUAL_ACCOUNT_20261008.md,REF:CYCLE008_ACCEPTED,REF:CYCLE008_SCOPE,unresolved,,REF:CYCLE008_LIMITS,UNASSESSED,REF:PRIVATE_PRIORITY,0,0,0
BA:character_data:event_costume:1900917101:character:13013,character_data,MANDATORY_COMPLETE_REVIEW,02_CANONICAL_STORIES/CHARACTER_DATA/CONTEXTUAL/BA_character_data_event_costume_1900917101_character_13013.md,3f0409180c5c824315b91abacaededdabcbe3a9ad47e51dfc8a6e78d76d55875,ADMITTED,series/blue-archive/02 Sequential Readings/BOND/BLUE_ARCHIVE_MOMIJI_PHASE2_PRIVATE_CONTEXTUAL_ACCOUNT_20261008.md,REF:CYCLE008_ACCEPTED,REF:CYCLE008_SCOPE,unresolved,,REF:CYCLE008_LIMITS,UNASSESSED,REF:PRIVATE_PRIORITY,,,
BA:character_data:event_costume:1900917201:character:10076,character_data,MANDATORY_COMPLETE_REVIEW,02_CANONICAL_STORIES/CHARACTER_DATA/CONTEXTUAL/BA_character_data_event_costume_1900917201_character_10076.md,e3c95544ba4a368ba4da316dfd2214a7dbab2a81fd9e66cb87e7b51e848ae5f7,ADMITTED,series/blue-archive/02 Sequential Readings/BOND/BLUE_ARCHIVE_KOTORI_PHASE2_PRIVATE_CONTEXTUAL_ACCOUNT_20261008.md,REF:CYCLE008_ACCEPTED,REF:CYCLE008_SCOPE,unresolved,,REF:CYCLE008_LIMITS,UNASSESSED,REF:PRIVATE_PRIORITY,,,
BA:character_data:event_costume:1900917301:character:20030,character_data,MANDATORY_COMPLETE_REVIEW,02_CANONICAL_STORIES/CHARACTER_DATA/CONTEXTUAL/BA_character_data_event_costume_1900917301_character_20030.md,984c260cf1376b8ac2011945d23b7a1fa8c866a80b0e799526965b6842be4d6d,ADMITTED,series/blue-archive/02 Sequential Readings/BOND/BLUE_ARCHIVE_GEHENNA20_PHASE2_PRIVATE_CONTEXTUAL_ACCOUNT_20261008.md,REF:CYCLE008_ACCEPTED,REF:CYCLE008_SCOPE,unresolved,,REF:CYCLE008_LIMITS,UNASSESSED,REF:PRIVATE_PRIORITY,,,
BA:character_data:event_costume:1900918001:character:10077,character_data,MANDATORY_COMPLETE_REVIEW,02_CANONICAL_STORIES/CHARACTER_DATA/CONTEXTUAL/BA_character_data_event_costume_1900918001_character_10077.md,cdcd3f76af1dbc3670e48b5578150caa10518d8fe502c66a515f858683cd2cd2,ADMITTED,series/blue-archive/02 Sequential Readings/BOND/BLUE_ARCHIVE_SUZUMI_REISA_ICHIKA_PRIVATE_CONTEXTUALIZATION_CHECKPOINT.md,REF:CYCLE008_ACCEPTED,REF:CYCLE008_SCOPE,unresolved,,REF:CYCLE008_LIMITS,UNASSESSED,REF:PRIVATE_PRIORITY,,,
BA:character_data:event_costume:1900918101:character:10078,character_data,MANDATORY_COMPLETE_REVIEW,02_CANONICAL_STORIES/CHARACTER_DATA/CONTEXTUAL/BA_character_data_event_costume_1900918101_character_10078.md,75bf52ed686b95f38ea63d12a4299b465b1622e50cda0307c83c96a3574ff9ec,ADMITTED,series/blue-archive/02 Sequential Readings/BOND/BLUE_ARCHIVE_GEHENNA20_PHASE2_PRIVATE_CONTEXTUAL_ACCOUNT_20261008.md,REF:CYCLE008_ACCEPTED,REF:CYCLE008_SCOPE,unresolved,,REF:CYCLE008_LIMITS,UNASSESSED,REF:PRIVATE_PRIORITY,,,
BA:character_data:event_costume:1900919001:character:10079,character_data,MANDATORY_COMPLETE_REVIEW,02_CANONICAL_STORIES/CHARACTER_DATA/CONTEXTUAL/BA_character_data_event_costume_1900919001_character_10079.md,f4f6863c2f164ed1c1ce24e935155a13a9c7b45cebbc0d06ab4db5b30e2106ce,ADMITTED,series/blue-archive/02 Sequential Readings/BOND/BLUE_ARCHIVE_COLLABORATION4_PHASE2_PRIVATE_AND_MODE_CONTEXTUAL_ACCOUNT_20261009.md,REF:CYCLE008_ACCEPTED,REF:CYCLE008_SCOPE,unresolved,,REF:CYCLE008_LIMITS;REF:NEW80_ROOT_QUALIFIED;REF:NEW80_IDENTITY_MODES,UNASSESSED,REF:PRIVATE_PRIORITY,,,
BA:character_data:event_costume:1900919101:character:10080,character_data,MANDATORY_COMPLETE_REVIEW,02_CANONICAL_STORIES/CHARACTER_DATA/CONTEXTUAL/BA_character_data_event_costume_1900919101_character_10080.md,ff4fd67647074dd544064bfef6b27ffb79de227d312dfa8ad81d9525109c53b9,ADMITTED,series/blue-archive/02 Sequential Readings/BOND/BLUE_ARCHIVE_COLLABORATION4_PHASE2_PRIVATE_AND_MODE_CONTEXTUAL_ACCOUNT_20261009.md,REF:CYCLE008_ACCEPTED,REF:CYCLE008_SCOPE,unresolved,,REF:CYCLE008_LIMITS;REF:NEW80_ROOT_QUALIFIED;REF:NEW80_IDENTITY_MODES,UNASSESSED,REF:PRIVATE_PRIORITY,,,
BA:character_data:event_costume:1900919201:character:26011,character_data,MANDATORY_COMPLETE_REVIEW,02_CANONICAL_STORIES/CHARACTER_DATA/CONTEXTUAL/BA_character_data_event_costume_1900919201_character_26011.md,f81c91744cd608cd05bff368fd4a62f827bfc6d15a28e15b15e84b1f6a6c62df,ADMITTED,series/blue-archive/02 Sequential Readings/BOND/BLUE_ARCHIVE_COLLABORATION4_PHASE2_PRIVATE_AND_MODE_CONTEXTUAL_ACCOUNT_20261009.md,REF:CYCLE008_ACCEPTED,REF:CYCLE008_SCOPE,unresolved,,REF:CYCLE008_LIMITS;REF:NEW80_ROOT_QUALIFIED;REF:NEW80_IDENTITY_MODES,UNASSESSED,REF:PRIVATE_PRIORITY,,,
BA:character_data:event_costume:1900921001:character:10084,character_data,MANDATORY_COMPLETE_REVIEW,02_CANONICAL_STORIES/CHARACTER_DATA/CONTEXTUAL/BA_character_data_event_costume_1900921001_character_10084.md,8e7fa406981a6f11a25d3678e139488da786bd3098d7f08253990c79c4e9a5a4,ADMITTED,series/blue-archive/02 Sequential Readings/BOND/BLUE_ARCHIVE_KOTAMA_PHASE2_PRIVATE_CONTEXTUAL_ACCOUNT_20261008.md,REF:CYCLE008_ACCEPTED,REF:CYCLE008_SCOPE,unresolved,,REF:CYCLE008_LIMITS,UNASSESSED,REF:PRIVATE_PRIORITY,,,
BA:character_data:event_costume:1900921101:character:10085,character_data,MANDATORY_COMPLETE_REVIEW,02_CANONICAL_STORIES/CHARACTER_DATA/CONTEXTUAL/BA_character_data_event_costume_1900921101_character_10085.md,4330ada4701d9fd20280eb1c39949891269cfc8f2f459431f1f5df7381edaf72,ADMITTED,series/blue-archive/02 Sequential Readings/BOND/BLUE_ARCHIVE_HARE_PHASE2_PRIVATE_CONTEXTUAL_ACCOUNT_20261008.md,REF:CYCLE008_ACCEPTED,REF:CYCLE008_SCOPE,unresolved,,REF:CYCLE008_LIMITS,UNASSESSED,REF:PRIVATE_PRIORITY,,,
BA:character_data:event_costume:1900922001:character:10086,character_data,MANDATORY_COMPLETE_REVIEW,02_CANONICAL_STORIES/CHARACTER_DATA/CONTEXTUAL/BA_character_data_event_costume_1900922001_character_10086.md,911840f8a552fedbde2ee9b9c5c74c58f5e36b4669630956769e916c8f9645d1,ADMITTED,series/blue-archive/02 Sequential Readings/BOND/BLUE_ARCHIVE_GEHENNA20_PHASE2_PRIVATE_CONTEXTUAL_ACCOUNT_20261008.md,REF:CYCLE008_ACCEPTED,REF:CYCLE008_SCOPE,unresolved,,REF:CYCLE008_LIMITS,UNASSESSED,REF:PRIVATE_PRIORITY,,,
BA:character_data:event_costume:1900922101:character:10087,character_data,MANDATORY_COMPLETE_REVIEW,02_CANONICAL_STORIES/CHARACTER_DATA/CONTEXTUAL/BA_character_data_event_costume_1900922101_character_10087.md,09a4054120051efbae4165e8a9136ee33fc5916ff4b7ea4beefd52354d1b5f9b,ADMITTED,series/blue-archive/02 Sequential Readings/BOND/BLUE_ARCHIVE_GEHENNA20_PHASE2_PRIVATE_CONTEXTUAL_ACCOUNT_20261008.md,REF:CYCLE008_ACCEPTED,REF:CYCLE008_SCOPE,unresolved,,REF:CYCLE008_LIMITS,UNASSESSED,REF:PRIVATE_PRIORITY,,,
BA:character_data:event_costume:1900922201:character:20033,character_data,MANDATORY_COMPLETE_REVIEW,02_CANONICAL_STORIES/CHARACTER_DATA/CONTEXTUAL/BA_character_data_event_costume_1900922201_character_20033.md,afa85246cbe56a14deaa50d9e435ea5c7283f7d180f5099de17c028d4e446575,ADMITTED,series/blue-archive/02 Sequential Readings/BOND/BLUE_ARCHIVE_GEHENNA20_PHASE2_PRIVATE_CONTEXTUAL_ACCOUNT_20261008.md,REF:CYCLE008_ACCEPTED,REF:CYCLE008_SCOPE,unresolved,,REF:CYCLE008_LIMITS,UNASSESSED,REF:PRIVATE_PRIORITY,,,
BA:character_data:event_costume:1900922301:character:16014,character_data,MANDATORY_COMPLETE_REVIEW,02_CANONICAL_STORIES/CHARACTER_DATA/CONTEXTUAL/BA_character_data_event_costume_1900922301_character_16014.md,d4228e2f72ef5c1b75f4ac7efdadef0cca2b6f8b4f43aecdd6c88031a6171bd0,ADMITTED,series/blue-archive/02 Sequential Readings/BOND/BLUE_ARCHIVE_GEHENNA20_PHASE2_PRIVATE_CONTEXTUAL_ACCOUNT_20261008.md,REF:CYCLE008_ACCEPTED,REF:CYCLE008_SCOPE,unresolved,,REF:CYCLE008_LIMITS,UNASSESSED,REF:PRIVATE_PRIORITY,,,
BA:character_data:event_costume:1900922401:character:10004,character_data,MANDATORY_COMPLETE_REVIEW,02_CANONICAL_STORIES/CHARACTER_DATA/CONTEXTUAL/BA_character_data_event_costume_1900922401_character_10004.md,48851c3cc12c32897b967414fd43b02b67afe21fc2338c96f6a5356d3105cb52,ADMITTED,series/blue-archive/02 Sequential Readings/BOND/BLUE_ARCHIVE_GEHENNA20_PHASE2_PRIVATE_CONTEXTUAL_ACCOUNT_20261008.md,REF:CYCLE008_ACCEPTED,REF:CYCLE008_SCOPE,unresolved,,REF:CYCLE008_LIMITS,UNASSESSED,REF:PRIVATE_PRIORITY,,,
BA:character_data:event_costume:1900923001:character:10089,character_data,MANDATORY_COMPLETE_REVIEW,02_CANONICAL_STORIES/CHARACTER_DATA/CONTEXTUAL/BA_character_data_event_costume_1900923001_character_10089.md,577459839cc33d17923262378970271a9e5cb146d86ea06c1179676a9c38e998,ADMITTED,series/blue-archive/02 Sequential Readings/BOND/ARU/BLUE_ARCHIVE_ARU_PRIVATE_CONTEXTUALIZATION_CHECKPOINT.md,REF:CYCLE008_ACCEPTED,REF:CYCLE008_SCOPE,unresolved,,REF:CYCLE008_LIMITS,UNASSESSED,REF:PRIVATE_PRIORITY,,,
BA:character_data:event_costume:1900923101:character:10088,character_data,MANDATORY_COMPLETE_REVIEW,02_CANONICAL_STORIES/CHARACTER_DATA/CONTEXTUAL/BA_character_data_event_costume_1900923101_character_10088.md,0fc21de38cbbb595afb97ffb18c60425c15350ab161d12532e6e94455bb8f253,ADMITTED,series/blue-archive/02 Sequential Readings/BOND/KAYOKO/BLUE_ARCHIVE_KAYOKO_PRIVATE_CONTEXTUALIZATION_CHECKPOINT.md,REF:CYCLE008_ACCEPTED,REF:CYCLE008_SCOPE,unresolved,,REF:CYCLE008_LIMITS,UNASSESSED,REF:PRIVATE_PRIORITY,,,
BA:character_data:event_costume:1900923201:character:20034,character_data,MANDATORY_COMPLETE_REVIEW,02_CANONICAL_STORIES/CHARACTER_DATA/CONTEXTUAL/BA_character_data_event_costume_1900923201_character_20034.md,cc052c30fb71c5fe5c1625bf4f198f9002e6324c386363bf463fdb39aee2b8a4,ADMITTED,series/blue-archive/02 Sequential Readings/BOND/BLUE_ARCHIVE_GEHENNA20_PHASE2_PRIVATE_CONTEXTUAL_ACCOUNT_20261008.md,REF:CYCLE008_ACCEPTED,REF:CYCLE008_SCOPE,unresolved,,REF:CYCLE008_LIMITS,UNASSESSED,REF:PRIVATE_PRIORITY,,,
BA:character_data:event_costume:1900924001:character:20035,character_data,MANDATORY_COMPLETE_REVIEW,02_CANONICAL_STORIES/CHARACTER_DATA/CONTEXTUAL/BA_character_data_event_costume_1900924001_character_20035.md,d20b733897d1f031579749aa7d0e9b2b0d4bfe7699355e7ae3a9a2a699df2573,ADMITTED,series/blue-archive/02 Sequential Readings/BOND/BLUE_ARCHIVE_TRAINING_KAEDE_MIMORI_TSUBAKI_PHASE2_PRIVATE_CONTEXTUAL_ACCOUNT_20261008.md,REF:CYCLE008_ACCEPTED,REF:CYCLE008_SCOPE,unresolved,,REF:CYCLE008_LIMITS,UNASSESSED,REF:PRIVATE_PRIORITY,,,
BA:character_data:event_costume:1900924101:character:10090,character_data,MANDATORY_COMPLETE_REVIEW,02_CANONICAL_STORIES/CHARACTER_DATA/CONTEXTUAL/BA_character_data_event_costume_1900924101_character_10090.md,b24695477566569be26530335fecbb2e3f7b1b84e2dc5b54ebe64c930bca2647,ADMITTED,series/blue-archive/02 Sequential Readings/BOND/BLUE_ARCHIVE_FESTIVAL_SHIZUKO_FINA_UMIKA_PHASE2_PRIVATE_CONTEXTUAL_ACCOUNT_20261008.md,REF:CYCLE008_ACCEPTED,REF:CYCLE008_SCOPE,unresolved,,REF:CYCLE008_LIMITS,UNASSESSED,REF:PRIVATE_PRIORITY,,,
BA:character_data:event_costume:1900924201:character:10093,character_data,MANDATORY_COMPLETE_REVIEW,02_CANONICAL_STORIES/CHARACTER_DATA/CONTEXTUAL/BA_character_data_event_costume_1900924201_character_10093.md,914c8b2be6519b986030e8054ff6f34d9ebcd4471de49a4b51be63bfb290de0d,ADMITTED,series/blue-archive/02 Sequential Readings/BOND/BLUE_ARCHIVE_GEHENNA20_PHASE2_PRIVATE_CONTEXTUAL_ACCOUNT_20261008.md,REF:CYCLE008_ACCEPTED,REF:CYCLE008_SCOPE,unresolved,,REF:CYCLE008_LIMITS,UNASSESSED,REF:PRIVATE_PRIORITY,,,
BA:character_data:event_costume:1900925001:character:10092,character_data,MANDATORY_COMPLETE_REVIEW,02_CANONICAL_STORIES/CHARACTER_DATA/CONTEXTUAL/BA_character_data_event_costume_1900925001_character_10092.md,3f98ff870ed1ff0791c962f86106d1c6052ad746057e6f41f6a878ab34ad61e5,ADMITTED,series/blue-archive/02 Sequential Readings/BOND/BLUE_ARCHIVE_AIRI_KAZUSA_YOSHIMI_NATSU_PRIVATE_CONTEXTUALIZATION_CHECKPOINT.md,REF:CYCLE008_ACCEPTED,REF:CYCLE008_SCOPE,unresolved,,REF:CYCLE008_LIMITS,UNASSESSED,REF:PRIVATE_PRIORITY,,,
BA:character_data:event_costume:1900925001:character:19009250,character_data,MANDATORY_COMPLETE_REVIEW,02_CANONICAL_STORIES/CHARACTER_DATA/CONTEXTUAL/BA_character_data_event_costume_1900925001_character_19009250.md,6d93aa7577c3f9dcb13cec3f1e2ef1ccb44246dcc66e8ca6d5029f61c07aea72,ADMITTED,series/blue-archive/02 Sequential Readings/CHARACTER_DATA/UNRESOLVED/BLUE_ARCHIVE_UNJOINED_WRITTEN_27_IDENTITY_AND_CONTEXTUAL_ACCOUNT_20261008.md,REF:CYCLE008_ACCEPTED,REF:CYCLE008_SCOPE,unresolved,,REF:CYCLE008_LIMITS;REF:UNJOINED27_LIMITS,UNASSESSED,REF:PRIVATE_PRIORITY,,,
BA:character_data:event_costume:1900925101:character:10120,character_data,MANDATORY_COMPLETE_REVIEW,02_CANONICAL_STORIES/CHARACTER_DATA/CONTEXTUAL/BA_character_data_event_costume_1900925101_character_10120.md,a7953facd2eae5bbfd61b2fa3cc32db0b09bd5a2fb9daa6044d62562746da8d8,ADMITTED,series/blue-archive/02 Sequential Readings/BOND/BLUE_ARCHIVE_AIRI_KAZUSA_YOSHIMI_NATSU_PRIVATE_CONTEXTUALIZATION_CHECKPOINT.md,REF:CYCLE008_ACCEPTED,REF:CYCLE008_SCOPE,unresolved,,REF:CYCLE008_LIMITS,UNASSESSED,REF:PRIVATE_PRIORITY,,,
BA:character_data:event_costume:1900925101:character:19009251,character_data,MANDATORY_COMPLETE_REVIEW,02_CANONICAL_STORIES/CHARACTER_DATA/CONTEXTUAL/BA_character_data_event_costume_1900925101_character_19009251.md,6ad36d9389d9197bb069cc4b24866cf5c8a9d943598542120027c95d4fd4cb28,ADMITTED,series/blue-archive/02 Sequential Readings/CHARACTER_DATA/UNRESOLVED/BLUE_ARCHIVE_UNJOINED_WRITTEN_27_IDENTITY_AND_CONTEXTUAL_ACCOUNT_20261008.md,REF:CYCLE008_ACCEPTED,REF:CYCLE008_SCOPE,unresolved,,REF:CYCLE008_LIMITS;REF:UNJOINED27_LIMITS,UNASSESSED,REF:PRIVATE_PRIORITY,,,
BA:character_data:event_costume:1900925201:character:10091,character_data,MANDATORY_COMPLETE_REVIEW,02_CANONICAL_STORIES/CHARACTER_DATA/CONTEXTUAL/BA_character_data_event_costume_1900925201_character_10091.md,2ce8bd00a4b24faa0d2d3c55e7950bab7cd24acf2734457500879d0bd37863a9,ADMITTED,series/blue-archive/02 Sequential Readings/BOND/BLUE_ARCHIVE_AIRI_KAZUSA_YOSHIMI_NATSU_PRIVATE_CONTEXTUALIZATION_CHECKPOINT.md,REF:CYCLE008_ACCEPTED,REF:CYCLE008_SCOPE,unresolved,,REF:CYCLE008_LIMITS,UNASSESSED,REF:PRIVATE_PRIORITY,,,
BA:character_data:event_costume:1900925201:character:19009252,character_data,MANDATORY_COMPLETE_REVIEW,02_CANONICAL_STORIES/CHARACTER_DATA/CONTEXTUAL/BA_character_data_event_costume_1900925201_character_19009252.md,8ee1adce64ec48772676e9aa306d2685594394d771107720ac57df6d5095623b,ADMITTED,series/blue-archive/02 Sequential Readings/CHARACTER_DATA/UNRESOLVED/BLUE_ARCHIVE_UNJOINED_WRITTEN_27_IDENTITY_AND_CONTEXTUAL_ACCOUNT_20261008.md,REF:CYCLE008_ACCEPTED,REF:CYCLE008_SCOPE,unresolved,,REF:CYCLE008_LIMITS;REF:UNJOINED27_LIMITS,UNASSESSED,REF:PRIVATE_PRIORITY,,,
BA:character_data:event_costume:1900925301:character:16015,character_data,MANDATORY_COMPLETE_REVIEW,02_CANONICAL_STORIES/CHARACTER_DATA/CONTEXTUAL/BA_character_data_event_costume_1900925301_character_16015.md,c834afaa3e70ba9c323b3f37feb95e0e86542857a29b6f1f5c78e7a4a242df21,ADMITTED,series/blue-archive/02 Sequential Readings/BOND/BLUE_ARCHIVE_AIRI_KAZUSA_YOSHIMI_NATSU_PRIVATE_CONTEXTUALIZATION_CHECKPOINT.md,REF:CYCLE008_ACCEPTED,REF:CYCLE008_SCOPE,unresolved,,REF:CYCLE008_LIMITS,UNASSESSED,REF:PRIVATE_PRIORITY,,,
BA:character_data:event_costume:1900925301:character:19009253,character_data,MANDATORY_COMPLETE_REVIEW,02_CANONICAL_STORIES/CHARACTER_DATA/CONTEXTUAL/BA_character_data_event_costume_1900925301_character_19009253.md,036647c1af756b0da256f1e00121e5558cd200a74f4167e8a6ffea3380b382ff,ADMITTED,series/blue-archive/02 Sequential Readings/CHARACTER_DATA/UNRESOLVED/BLUE_ARCHIVE_UNJOINED_WRITTEN_27_IDENTITY_AND_CONTEXTUAL_ACCOUNT_20261008.md,REF:CYCLE008_ACCEPTED,REF:CYCLE008_SCOPE,unresolved,,REF:CYCLE008_LIMITS;REF:UNJOINED27_LIMITS,UNASSESSED,REF:PRIVATE_PRIORITY,,,
BA:character_data:event_costume:1900926001:character:10094,character_data,MANDATORY_COMPLETE_REVIEW,02_CANONICAL_STORIES/CHARACTER_DATA/CONTEXTUAL/BA_character_data_event_costume_1900926001_character_10094.md,525b196a43d8ff58b92df8d3afd392aeb87a90af7a8acc47a871c6c053a25f67,ADMITTED,series/blue-archive/02 Sequential Readings/BOND/BLUE_ARCHIVE_MOMOI_PHASE2_PRIVATE_CONTEXTUAL_ACCOUNT_20261008.md,REF:CYCLE008_ACCEPTED,REF:CYCLE008_SCOPE,unresolved,,REF:CYCLE008_LIMITS,UNASSESSED,REF:PRIVATE_PRIORITY,,,
BA:character_data:event_costume:1900926101:character:10095,character_data,MANDATORY_COMPLETE_REVIEW,02_CANONICAL_STORIES/CHARACTER_DATA/CONTEXTUAL/BA_character_data_event_costume_1900926101_character_10095.md,ee67e35073e17e0fc5c6bf6d750ba2facdd04242f170e217d1407c1882cdbd99,ADMITTED,series/blue-archive/02 Sequential Readings/BOND/BLUE_ARCHIVE_MIDORI_PHASE2_PRIVATE_CONTEXTUAL_ACCOUNT_20261008.md,REF:CYCLE008_ACCEPTED,REF:CYCLE008_SCOPE,unresolved,,REF:CYCLE008_LIMITS,UNASSESSED,REF:PRIVATE_PRIORITY,,,
BA:character_data:event_costume:1900926201:character:20036,character_data,MANDATORY_COMPLETE_REVIEW,02_CANONICAL_STORIES/CHARACTER_DATA/CONTEXTUAL/BA_character_data_event_costume_1900926201_character_20036.md,f6350e7d8e43fcc05fb30aa1159b51481031b4c21a64b8a142dd96413878e029,ADMITTED,series/blue-archive/02 Sequential Readings/BOND/SERIKA/BLUE_ARCHIVE_SERIKA_PRIVATE_CONTEXTUALIZATION_CHECKPOINT.md,REF:ORIGINAL_ADMISSION_RECORD_0030,REF:ORIGINAL_ADMITTED_CLAIM_SCOPE_0031,LOCAL_RELATIVE_ONLY,Explicit prior consultation/collapse/resort only; no comprehensive variant order or main placement.,REF:ORIGINAL_ATTRIBUTION_LIMITS_0032,HIGH,REF:ORIGINAL_PRIORITY_REASON_0033,,,
BA:character_data:event_costume:1900927001:character:10096,character_data,MANDATORY_COMPLETE_REVIEW,02_CANONICAL_STORIES/CHARACTER_DATA/CONTEXTUAL/BA_character_data_event_costume_1900927001_character_10096.md,5263b7c36b1d1073874b001a61018159a97ff875d219ad416bd794cec7b075c0,ADMITTED,series/blue-archive/02 Sequential Readings/BOND/KANNA/BLUE_ARCHIVE_KANNA_PHASE2_PRIVATE_CONTEXTUAL_ACCOUNT_20261008.md,REF:CYCLE008_ACCEPTED,REF:CYCLE008_SCOPE,unresolved,,REF:CYCLE008_LIMITS,UNASSESSED,REF:PRIVATE_PRIORITY,,,
BA:character_data:event_costume:1900927101:character:20037,character_data,MANDATORY_COMPLETE_REVIEW,02_CANONICAL_STORIES/CHARACTER_DATA/CONTEXTUAL/BA_character_data_event_costume_1900927101_character_20037.md,0b82c23335046b43125e504072d4f2eae776e7343311ad6358f3a1c6d1d7fc3b,ADMITTED,series/blue-archive/02 Sequential Readings/BOND/FUBUKI/BLUE_ARCHIVE_FUBUKI_PHASE2_PRIVATE_CONTEXTUAL_ACCOUNT_20261008.md,REF:CYCLE008_ACCEPTED,REF:CYCLE008_SCOPE,unresolved,,REF:CYCLE008_LIMITS,UNASSESSED,REF:PRIVATE_PRIORITY,,,
BA:character_data:event_costume:1900927201:character:26012,character_data,MANDATORY_COMPLETE_REVIEW,02_CANONICAL_STORIES/CHARACTER_DATA/CONTEXTUAL/BA_character_data_event_costume_1900927201_character_26012.md,4e08ce2e6bda69bfbfc6fd682d51e237bf3bac3403598dc4667e6278ce569fc1,ADMITTED,series/blue-archive/02 Sequential Readings/BOND/KIRINO/BLUE_ARCHIVE_KIRINO_PHASE2_PRIVATE_CONTEXTUAL_ACCOUNT_20261008.md,REF:CYCLE008_ACCEPTED,REF:CYCLE008_SCOPE,unresolved,,REF:CYCLE008_LIMITS,UNASSESSED,REF:PRIVATE_PRIORITY,,,
BA:character_data:event_costume:1900927301:character:10097,character_data,MANDATORY_COMPLETE_REVIEW,02_CANONICAL_STORIES/CHARACTER_DATA/CONTEXTUAL/BA_character_data_event_costume_1900927301_character_10097.md,b9f15f14e7c9669440d7ae1c946d8ae82d9332c495c741019b19a6843849eaf5,ADMITTED,series/blue-archive/02 Sequential Readings/BOND/MOE/BLUE_ARCHIVE_MOE_PHASE2_PRIVATE_CONTEXTUAL_ACCOUNT_20261008.md,REF:CYCLE008_ACCEPTED,REF:CYCLE008_SCOPE,unresolved,,REF:CYCLE008_LIMITS,UNASSESSED,REF:PRIVATE_PRIORITY,,,
BA:character_data:event_costume:1900928001:character:10101,character_data,MANDATORY_COMPLETE_REVIEW,02_CANONICAL_STORIES/CHARACTER_DATA/CONTEXTUAL/BA_character_data_event_costume_1900928001_character_10101.md,a4332c0ee10829166af78fd05004aaa5a01b784c1962569201e28a412f68690a,ADMITTED,series/blue-archive/02 Sequential Readings/BOND/BLUE_ARCHIVE_SAORI_ATSUKO_PRIVATE_CONTEXTUALIZATION_CHECKPOINT.md,REF:CYCLE008_ACCEPTED,REF:CYCLE008_SCOPE,unresolved,,REF:CYCLE008_LIMITS,UNASSESSED,REF:PRIVATE_PRIORITY,,,
BA:character_data:event_costume:1900928101:character:10102,character_data,MANDATORY_COMPLETE_REVIEW,02_CANONICAL_STORIES/CHARACTER_DATA/CONTEXTUAL/BA_character_data_event_costume_1900928101_character_10102.md,926d9686ef0d21916611df1d6c314e7b87a686a08c8c47f88709200175a299b0,ADMITTED,series/blue-archive/02 Sequential Readings/BOND/BLUE_ARCHIVE_MISAKI_HIYORI_SUBARU_PRIVATE_CONTEXTUALIZATION_CHECKPOINT.md,REF:CYCLE008_ACCEPTED,REF:CYCLE008_SCOPE,unresolved,,REF:CYCLE008_LIMITS,UNASSESSED,REF:PRIVATE_PRIORITY,,,
BA:character_data:event_costume:1900928201:character:26013,character_data,MANDATORY_COMPLETE_REVIEW,02_CANONICAL_STORIES/CHARACTER_DATA/CONTEXTUAL/BA_character_data_event_costume_1900928201_character_26013.md,a7c3622de3bdf5b7411a9b5388423a04c87d9aaa0643fadf5e5e0844f3e68120,ADMITTED,series/blue-archive/02 Sequential Readings/BOND/BLUE_ARCHIVE_SAORI_ATSUKO_PRIVATE_CONTEXTUALIZATION_CHECKPOINT.md,REF:CYCLE008_ACCEPTED,REF:CYCLE008_SCOPE,unresolved,,REF:CYCLE008_LIMITS,UNASSESSED,REF:PRIVATE_PRIORITY,,,
BA:character_data:event_costume:1900929001:character:10103,character_data,MANDATORY_COMPLETE_REVIEW,02_CANONICAL_STORIES/CHARACTER_DATA/CONTEXTUAL/BA_character_data_event_costume_1900929001_character_10103.md,ff98e28fff2ed9ce7c399882bd322107b14be3ec035aeef170edbc5f7e71c62f,ADMITTED,series/blue-archive/02 Sequential Readings/BOND/BLUE_ARCHIVE_RED_WINTER7_PHASE2_PRIVATE_CONTEXTUAL_ACCOUNT_20261008.md,REF:CYCLE008_ACCEPTED,REF:CYCLE008_SCOPE,unresolved,,REF:CYCLE008_LIMITS,UNASSESSED,REF:PRIVATE_PRIORITY,0,0,0
BA:character_data:event_costume:1900929101:character:20038,character_data,MANDATORY_COMPLETE_REVIEW,02_CANONICAL_STORIES/CHARACTER_DATA/CONTEXTUAL/BA_character_data_event_costume_1900929101_character_20038.md,7b6b1e8c0df64559270c9c3588e291d3ab63842bc25441d954db83cd9efda9e7,ADMITTED,series/blue-archive/02 Sequential Readings/BOND/BLUE_ARCHIVE_RED_WINTER7_PHASE2_PRIVATE_CONTEXTUAL_ACCOUNT_20261008.md,REF:CYCLE008_ACCEPTED,REF:CYCLE008_SCOPE,unresolved,,REF:CYCLE008_LIMITS,UNASSESSED,REF:PRIVATE_PRIORITY,0,0,0
BA:character_data:event_costume:1900930001:character:20039,character_data,MANDATORY_COMPLETE_REVIEW,02_CANONICAL_STORIES/CHARACTER_DATA/CONTEXTUAL/BA_character_data_event_costume_1900930001_character_20039.md,361ecdb9d75cf6b79a2939cbb0c9f1eed05689a771b3f74eb11c7fa7906deb92,ADMITTED,series/blue-archive/02 Sequential Readings/BOND/BLUE_ARCHIVE_SHANHAIJING6_AND_SAYA_PHASE2_PRIVATE_CONTEXTUAL_ACCOUNT_20261008.md,REF:CYCLE008_ACCEPTED,REF:CYCLE008_SCOPE,unresolved,,REF:CYCLE008_LIMITS,UNASSESSED,REF:PRIVATE_PRIORITY,0,0,0
BA:character_data:event_costume:1900930101:character:10104,character_data,MANDATORY_COMPLETE_REVIEW,02_CANONICAL_STORIES/CHARACTER_DATA/CONTEXTUAL/BA_character_data_event_costume_1900930101_character_10104.md,e627e2da600a3f2d65efbf9c40964b51efbbedc7e70cdc03044bbddbbeb76fde,ADMITTED,series/blue-archive/02 Sequential Readings/BOND/BLUE_ARCHIVE_SHANHAIJING6_AND_SAYA_PHASE2_PRIVATE_CONTEXTUAL_ACCOUNT_20261008.md,REF:ORIGINAL_ADMISSION_RECORD_0020,REF:ORIGINAL_ADMITTED_CLAIM_SCOPE_0021,LOCAL_RELATIVE_ONLY,Explicit messages/scene recollections only; no main or variant chronology.,REF:ORIGINAL_ATTRIBUTION_LIMITS_0022,HIGH,REF:ORIGINAL_PRIORITY_REASON_0023,0,0,0
BA:character_data:event_costume:1900931001:character:10105,character_data,MANDATORY_COMPLETE_REVIEW,02_CANONICAL_STORIES/CHARACTER_DATA/CONTEXTUAL/BA_character_data_event_costume_1900931001_character_10105.md,b34a46360c006653da8be373c33ed69b9a78d1b069615b863d6ffd8f8f71a43c,ADMITTED,series/blue-archive/02 Sequential Readings/BOND/BLUE_ARCHIVE_SAKURAKO_MARI_PRIVATE_CONTEXTUALIZATION_CHECKPOINT.md,REF:CYCLE008_ACCEPTED,REF:CYCLE008_SCOPE,unresolved,,REF:CYCLE008_LIMITS,UNASSESSED,REF:PRIVATE_PRIORITY,,,
BA:character_data:event_costume:1900931101:character:10106,character_data,MANDATORY_COMPLETE_REVIEW,02_CANONICAL_STORIES/CHARACTER_DATA/CONTEXTUAL/BA_character_data_event_costume_1900931101_character_10106.md,7402d68a1727b123f4b42cc65cc6170bcb5b3310aa35a3ffa5a50805da12a0bc,ADMITTED,series/blue-archive/02 Sequential Readings/BOND/BLUE_ARCHIVE_SAKURAKO_MARI_PRIVATE_CONTEXTUALIZATION_CHECKPOINT.md,REF:CYCLE008_ACCEPTED,REF:CYCLE008_SCOPE,unresolved,,REF:CYCLE008_LIMITS,UNASSESSED,REF:PRIVATE_PRIORITY,,,
BA:character_data:event_costume:1900931201:character:16016,character_data,MANDATORY_COMPLETE_REVIEW,02_CANONICAL_STORIES/CHARACTER_DATA/CONTEXTUAL/BA_character_data_event_costume_1900931201_character_16016.md,5954e6c86a9c94daff9b3452b1559bc4a8f2c573452103721306c18cba9b3e3a,ADMITTED,series/blue-archive/02 Sequential Readings/BOND/MINE/BLUE_ARCHIVE_MINE_PRIVATE_CONTEXTUALIZATION_CHECKPOINT.md,REF:ORIGINAL_ADMISSION_RECORD_0007,REF:ORIGINAL_ADMITTED_CLAIM_SCOPE_0100,UNRESOLVED_MAIN_PLACEMENT,841/10841 are repeated UI contexts within one16016 costume object; neither is an admitted event story or main date.,REF:ORIGINAL_ATTRIBUTION_LIMITS_0101,CORE,REF:ORIGINAL_PRIORITY_REASON_0102,,,
BA:character_data:event_costume:1900931301:character:20032,character_data,MANDATORY_COMPLETE_REVIEW,02_CANONICAL_STORIES/CHARACTER_DATA/CONTEXTUAL/BA_character_data_event_costume_1900931301_character_20032.md,a692190325775982a67f73cb99afcccf0fd7bcce97fcbd2c7d6e96452c81441b,ADMITTED,series/blue-archive/02 Sequential Readings/BOND/BLUE_ARCHIVE_EIMI_PHASE2_PRIVATE_CONTEXTUAL_ACCOUNT_20261008.md,REF:CYCLE008_ACCEPTED,REF:CYCLE008_SCOPE,unresolved,,REF:CYCLE008_LIMITS,UNASSESSED,REF:PRIVATE_PRIORITY,,,
BA:character_data:event_costume:1900931401:character:10062,character_data,MANDATORY_COMPLETE_REVIEW,02_CANONICAL_STORIES/CHARACTER_DATA/CONTEXTUAL/BA_character_data_event_costume_1900931401_character_10062.md,04d066d1076ea4ec28653c6b40e7c38ffcc133d83eda85f38918731365198f9b,ADMITTED,series/blue-archive/02 Sequential Readings/BOND/BLUE_ARCHIVE_TOKI_PHASE2_PRIVATE_CONTEXTUAL_ACCOUNT_20261008.md,REF:CYCLE008_ACCEPTED,REF:CYCLE008_SCOPE,unresolved,,REF:CYCLE008_LIMITS,UNASSESSED,REF:PRIVATE_PRIORITY,,,
BA:character_data:event_costume:1900931501:character:20020,character_data,MANDATORY_COMPLETE_REVIEW,02_CANONICAL_STORIES/CHARACTER_DATA/CONTEXTUAL/BA_character_data_event_costume_1900931501_character_20020.md,a262cc010939c24bf34fbed5af0b574f81161ce034eea281539af5e42e89b6e3,ADMITTED,series/blue-archive/02 Sequential Readings/BOND/BLUE_ARCHIVE_HIMARI_PHASE2_PRIVATE_CONTEXTUAL_ACCOUNT_20261008.md,REF:CYCLE008_ACCEPTED,REF:CYCLE008_SCOPE,unresolved,,REF:CYCLE008_LIMITS,UNASSESSED,REF:PRIVATE_PRIORITY,,,
BA:character_data:event_costume:1900932001:character:20040,character_data,MANDATORY_COMPLETE_REVIEW,02_CANONICAL_STORIES/CHARACTER_DATA/CONTEXTUAL/BA_character_data_event_costume_1900932001_character_20040.md,97007ce3f1da82d0647d7d28c05ba5a23c7eee923ab78d4802adab24c007c8ae,ADMITTED,series/blue-archive/02 Sequential Readings/BOND/BLUE_ARCHIVE_GEHENNA20_PHASE2_PRIVATE_CONTEXTUAL_ACCOUNT_20261008.md,REF:CYCLE008_ACCEPTED,REF:CYCLE008_SCOPE,unresolved,,REF:CYCLE008_LIMITS,UNASSESSED,REF:PRIVATE_PRIORITY,,,
BA:character_data:event_costume:1900932101:character:10107,character_data,MANDATORY_COMPLETE_REVIEW,02_CANONICAL_STORIES/CHARACTER_DATA/CONTEXTUAL/BA_character_data_event_costume_1900932101_character_10107.md,568ded1df83f9c7426258f11bc4506c6729f07bbdc98f8a9f01a29b22882708d,ADMITTED,series/blue-archive/02 Sequential Readings/BOND/BLUE_ARCHIVE_GEHENNA20_PHASE2_PRIVATE_CONTEXTUAL_ACCOUNT_20261008.md,REF:CYCLE008_ACCEPTED,REF:CYCLE008_SCOPE,unresolved,,REF:CYCLE008_LIMITS,UNASSESSED,REF:PRIVATE_PRIORITY,,,
BA:character_data:event_costume:1900933001:character:10108,character_data,MANDATORY_COMPLETE_REVIEW,02_CANONICAL_STORIES/CHARACTER_DATA/CONTEXTUAL/BA_character_data_event_costume_1900933001_character_10108.md,3ec5e825daa6e251518ae3d1c7629d0b20e8423b3b83d2f6310e3ddd2fecd0c2,ADMITTED,series/blue-archive/02 Sequential Readings/BOND/YUUKA/BLUE_ARCHIVE_YUUKA_PRIVATE_CONTEXTUALIZATION_CHECKPOINT.md,REF:CYCLE008_ACCEPTED,REF:CYCLE008_SCOPE,unresolved,,REF:CYCLE008_LIMITS,UNASSESSED,REF:PRIVATE_PRIORITY,,,
BA:character_data:event_costume:1900933101:character:10109,character_data,MANDATORY_COMPLETE_REVIEW,02_CANONICAL_STORIES/CHARACTER_DATA/CONTEXTUAL/BA_character_data_event_costume_1900933101_character_10109.md,7971b672432f58a0d03c34b295ec65eacc7cb42af1252c313c2a89b34a7c96ae,ADMITTED,series/blue-archive/02 Sequential Readings/BOND/BLUE_ARCHIVE_NOA_PHASE2_PRIVATE_CONTEXTUAL_ACCOUNT_20261008.md,REF:CYCLE008_ACCEPTED,REF:CYCLE008_SCOPE,unresolved,,REF:CYCLE008_LIMITS,UNASSESSED,REF:PRIVATE_PRIORITY,,,
BA:character_data:event_costume:1900934001:character:10110,character_data,MANDATORY_COMPLETE_REVIEW,02_CANONICAL_STORIES/CHARACTER_DATA/CONTEXTUAL/BA_character_data_event_costume_1900934001_character_10110.md,152a8536c2159222611645b0c5a535adcdb5562da1c94c78a86843ce49fac290,ADMITTED,series/blue-archive/02 Sequential Readings/BOND/SEIA/BLUE_ARCHIVE_SEIA_PRIVATE_CONTEXTUALIZATION_CHECKPOINT.md,REF:CYCLE008_ACCEPTED,REF:CYCLE008_SCOPE,unresolved,,REF:CYCLE008_LIMITS,UNASSESSED,REF:PRIVATE_PRIORITY,,,
BA:character_data:event_costume:1900934101:character:10111,character_data,MANDATORY_COMPLETE_REVIEW,02_CANONICAL_STORIES/CHARACTER_DATA/CONTEXTUAL/BA_character_data_event_costume_1900934101_character_10111.md,aed8dec4db6c45f94518e18f321e2a25dad2be0cd1fef4bdc332144d63e61351,ADMITTED,series/blue-archive/02 Sequential Readings/BOND/BLUE_ARCHIVE_NERU_PHASE2_PRIVATE_CONTEXTUAL_ACCOUNT_20261008.md,REF:CYCLE008_ACCEPTED,REF:CYCLE008_SCOPE,unresolved,,REF:CYCLE008_LIMITS,UNASSESSED,REF:PRIVATE_PRIORITY,,,
BA:character_data:event_costume:1900934201:character:10112,character_data,MANDATORY_COMPLETE_REVIEW,02_CANONICAL_STORIES/CHARACTER_DATA/CONTEXTUAL/BA_character_data_event_costume_1900934201_character_10112.md,67539eb52ddd2797f4f5ee143421dc41480ea9fda45bfb4a40713977caee7487,ADMITTED,series/blue-archive/02 Sequential Readings/BOND/BLUE_ARCHIVE_ASUNA_PHASE2_PRIVATE_CONTEXTUAL_ACCOUNT_20261008.md,REF:CYCLE008_ACCEPTED,REF:CYCLE008_SCOPE,unresolved,,REF:CYCLE008_LIMITS,UNASSESSED,REF:PRIVATE_PRIORITY,,,
BA:character_data:event_costume:1900934301:character:20041,character_data,MANDATORY_COMPLETE_REVIEW,02_CANONICAL_STORIES/CHARACTER_DATA/CONTEXTUAL/BA_character_data_event_costume_1900934301_character_20041.md,f34114cb93280e46d80efa4971b6b819f91cbc7bfd9f43ee25f709026492525b,ADMITTED,series/blue-archive/02 Sequential Readings/BOND/BLUE_ARCHIVE_RIO_PHASE2_PRIVATE_CONTEXTUAL_ACCOUNT_20261008.md,REF:CYCLE008_ACCEPTED,REF:CYCLE008_SCOPE,unresolved,,REF:CYCLE008_LIMITS,UNASSESSED,REF:PRIVATE_PRIORITY,,,
BA:character_data:event_costume:1900934401:character:20041,character_data,MANDATORY_COMPLETE_REVIEW,02_CANONICAL_STORIES/CHARACTER_DATA/CONTEXTUAL/BA_character_data_event_costume_1900934401_character_20041.md,8f26dce477fc86ec73c2ddd329b777a720a41b23fdaf44e80dead22bd96e919a,ADMITTED,series/blue-archive/02 Sequential Readings/BOND/BLUE_ARCHIVE_RIO_PHASE2_PRIVATE_CONTEXTUAL_ACCOUNT_20261008.md,REF:CYCLE008_ACCEPTED,REF:CYCLE008_SCOPE,unresolved,,REF:CYCLE008_LIMITS,UNASSESSED,REF:PRIVATE_PRIORITY,,,
BA:character_data:event_costume:1900934501:character:20042,character_data,MANDATORY_COMPLETE_REVIEW,02_CANONICAL_STORIES/CHARACTER_DATA/CONTEXTUAL/BA_character_data_event_costume_1900934501_character_20042.md,5cf7c06aa5f9e71a86c9d4dec29ebb36c46045616f968d476b8f175270479464,ADMITTED,series/blue-archive/02 Sequential Readings/BOND/BLUE_ARCHIVE_MAKI_PHASE2_PRIVATE_CONTEXTUAL_ACCOUNT_20261008.md,REF:CYCLE008_ACCEPTED,REF:CYCLE008_SCOPE,unresolved,,REF:CYCLE008_LIMITS,UNASSESSED,REF:PRIVATE_PRIORITY,,,
BA:character_data:event_costume:1900934601:character:26014,character_data,MANDATORY_COMPLETE_REVIEW,02_CANONICAL_STORIES/CHARACTER_DATA/CONTEXTUAL/BA_character_data_event_costume_1900934601_character_26014.md,aab1865180048054410d6596956f4260a2caac536c69bfc3f7e4d73c13f48c5f,ADMITTED,series/blue-archive/02 Sequential Readings/BOND/BLUE_ARCHIVE_KARIN_PHASE2_PRIVATE_CONTEXTUAL_ACCOUNT_20261008.md,REF:CYCLE008_ACCEPTED,REF:CYCLE008_SCOPE,unresolved,,REF:CYCLE008_LIMITS,UNASSESSED,REF:PRIVATE_PRIORITY,,,
BA:character_data:event_costume:1900935001:character:10113,character_data,MANDATORY_COMPLETE_REVIEW,02_CANONICAL_STORIES/CHARACTER_DATA/CONTEXTUAL/BA_character_data_event_costume_1900935001_character_10113.md,156d109f5067b4b5908caa790bd0a8292fa442005e82af43e40b1e7353dc77f4,ADMITTED,series/blue-archive/02 Sequential Readings/BOND/BLUE_ARCHIVE_GEHENNA20_PHASE2_PRIVATE_CONTEXTUAL_ACCOUNT_20261008.md,REF:CYCLE008_ACCEPTED,REF:CYCLE008_SCOPE,unresolved,,REF:CYCLE008_LIMITS,UNASSESSED,REF:PRIVATE_PRIORITY,,,
BA:character_data:event_costume:1900935101:character:10114,character_data,MANDATORY_COMPLETE_REVIEW,02_CANONICAL_STORIES/CHARACTER_DATA/CONTEXTUAL/BA_character_data_event_costume_1900935101_character_10114.md,5cac9a43885546aa40c2d616d2a4bd755dd22b4db9fbb5eb66027a3907b3ddab,ADMITTED,series/blue-archive/02 Sequential Readings/BOND/BLUE_ARCHIVE_GEHENNA20_PHASE2_PRIVATE_CONTEXTUAL_ACCOUNT_20261008.md,REF:CYCLE008_ACCEPTED,REF:CYCLE008_SCOPE,unresolved,,REF:CYCLE008_LIMITS,UNASSESSED,REF:PRIVATE_PRIORITY,,,
BA:character_data:event_costume:1900935201:character:20043,character_data,MANDATORY_COMPLETE_REVIEW,02_CANONICAL_STORIES/CHARACTER_DATA/CONTEXTUAL/BA_character_data_event_costume_1900935201_character_20043.md,52dd76b2e4fd379847ce3682622f35354a442bd6afbb7283488568f360ad6f89,ADMITTED,series/blue-archive/02 Sequential Readings/BOND/BLUE_ARCHIVE_GEHENNA20_PHASE2_PRIVATE_CONTEXTUAL_ACCOUNT_20261008.md,REF:CYCLE008_ACCEPTED,REF:CYCLE008_SCOPE,unresolved,,REF:CYCLE008_LIMITS,UNASSESSED,REF:PRIVATE_PRIORITY,,,
BA:character_data:event_costume:1900936001:character:10115,character_data,MANDATORY_COMPLETE_REVIEW,02_CANONICAL_STORIES/CHARACTER_DATA/CONTEXTUAL/BA_character_data_event_costume_1900936001_character_10115.md,b72d76f96cdd89a9e60c369a0a5fcd11872d2d0f3f97d5f7107de215ddb260e0,ADMITTED,series/blue-archive/02 Sequential Readings/BOND/NOMASA_REI/BLUE_ARCHIVE_NOMASA_REI_PRIVATE_CONTEXTUALIZATION_CHECKPOINT.md,REF:ORIGINAL_ADMISSION_RECORD_0020,REF:ORIGINAL_ADMITTED_CLAIM_SCOPE_0024,LOCAL_RELATIVE_ONLY,"Explicit local invitations, recollections and afterwords; no main/diver placement.",REF:ORIGINAL_ATTRIBUTION_LIMITS_0025,HIGH,REF:ORIGINAL_PRIORITY_REASON_0026,0,0,0
BA:character_data:event_costume:1900936101:character:10116,character_data,MANDATORY_COMPLETE_REVIEW,02_CANONICAL_STORIES/CHARACTER_DATA/CONTEXTUAL/BA_character_data_event_costume_1900936101_character_10116.md,cb3e21da3bb4ea59baced14e3478b32e1896052f8b8ac1c9ce5e3dd6f136add4,ADMITTED,series/blue-archive/02 Sequential Readings/BOND/BLUE_ARCHIVE_SAORI_ATSUKO_PRIVATE_CONTEXTUALIZATION_CHECKPOINT.md,REF:CYCLE008_ACCEPTED,REF:CYCLE008_SCOPE,unresolved,,REF:CYCLE008_LIMITS,UNASSESSED,REF:PRIVATE_PRIORITY,,,
BA:character_data:event_costume:1900936201:character:20044,character_data,MANDATORY_COMPLETE_REVIEW,02_CANONICAL_STORIES/CHARACTER_DATA/CONTEXTUAL/BA_character_data_event_costume_1900936201_character_20044.md,6055720f7d4eaf266b2bbcddbb2ad17880c604b0deae6df6251ce505f1b4b700,ADMITTED,series/blue-archive/02 Sequential Readings/BOND/BLUE_ARCHIVE_SUMIRE_PHASE2_PRIVATE_CONTEXTUAL_ACCOUNT_20261008.md,REF:CYCLE008_ACCEPTED,REF:CYCLE008_SCOPE,unresolved,,REF:CYCLE008_LIMITS,UNASSESSED,REF:PRIVATE_PRIORITY,,,
BA:character_data:event_costume:1900937001:character:10117,character_data,MANDATORY_COMPLETE_REVIEW,02_CANONICAL_STORIES/CHARACTER_DATA/CONTEXTUAL/BA_character_data_event_costume_1900937001_character_10117.md,cbe9e330e5e328f9557cf45316f38f6767f09254ea62983292c1df8e5764d2ca,ADMITTED,series/blue-archive/02 Sequential Readings/BOND/BLUE_ARCHIVE_HIGHLANDER_HIKARI_NOZOMI_PHASE2_PRIVATE_CONTEXTUAL_ACCOUNT_20261008.md,REF:CYCLE008_ACCEPTED,REF:CYCLE008_SCOPE,unresolved,,REF:CYCLE008_LIMITS,UNASSESSED,REF:PRIVATE_PRIORITY,,,
BA:character_data:event_costume:1900937101:character:10118,character_data,MANDATORY_COMPLETE_REVIEW,02_CANONICAL_STORIES/CHARACTER_DATA/CONTEXTUAL/BA_character_data_event_costume_1900937101_character_10118.md,a506514cac1cb2c75b321de8c68f3734216995f4ec9bdf828b22880593cdeeef,ADMITTED,series/blue-archive/02 Sequential Readings/BOND/BLUE_ARCHIVE_HIGHLANDER_HIKARI_NOZOMI_PHASE2_PRIVATE_CONTEXTUAL_ACCOUNT_20261008.md,REF:CYCLE008_ACCEPTED,REF:CYCLE008_SCOPE,unresolved,,REF:CYCLE008_LIMITS,UNASSESSED,REF:PRIVATE_PRIORITY,,,
BA:character_data:event_costume:1900937201:character:16017,character_data,MANDATORY_COMPLETE_REVIEW,02_CANONICAL_STORIES/CHARACTER_DATA/CONTEXTUAL/BA_character_data_event_costume_1900937201_character_16017.md,a21ba2f1a18454b0a4c09386ef2da0dd1c8cc798cea15fdf13e8d17fad4600c7,ADMITTED,series/blue-archive/02 Sequential Readings/BOND/BLUE_ARCHIVE_AOBA_PHASE2_PRIVATE_CONTEXTUAL_ACCOUNT_20261009.md,REF:CYCLE008_ACCEPTED,REF:CYCLE008_SCOPE,unresolved,,REF:CYCLE008_LIMITS;REF:NEW80_ROOT_QUALIFIED;REF:NEW80_IDENTITY_MODES,UNASSESSED,REF:PRIVATE_PRIORITY,,,
BA:character_data:event_costume:1900937301:character:20045,character_data,MANDATORY_COMPLETE_REVIEW,02_CANONICAL_STORIES/CHARACTER_DATA/CONTEXTUAL/BA_character_data_event_costume_1900937301_character_20045.md,1242c57b04c007d4f75d0c6ae313dd3d134b8026efd7a52dfb9af8e31fcc3882,ADMITTED,series/blue-archive/02 Sequential Readings/BOND/BLUE_ARCHIVE_FESTIVAL_SHIZUKO_FINA_UMIKA_PHASE2_PRIVATE_CONTEXTUAL_ACCOUNT_20261008.md,REF:CYCLE008_ACCEPTED,REF:CYCLE008_SCOPE,unresolved,,REF:CYCLE008_LIMITS,UNASSESSED,REF:PRIVATE_PRIORITY,,,
BA:character_data:event_costume:1900939001:character:10121,character_data,MANDATORY_COMPLETE_REVIEW,02_CANONICAL_STORIES/CHARACTER_DATA/CONTEXTUAL/BA_character_data_event_costume_1900939001_character_10121.md,911abb2e9c154224672c2295eb2b3a018f1398b1c5966e66ccef570b8aec852d,ADMITTED,series/blue-archive/02 Sequential Readings/BOND/BLUE_ARCHIVE_HYAKKA_YUKARI_NAGUSA_KIKYOU_RENGE_PHASE2_PRIVATE_CONTEXTUAL_ACCOUNT_20261008.md,REF:CYCLE008_ACCEPTED,REF:CYCLE008_SCOPE,unresolved,,REF:CYCLE008_LIMITS,UNASSESSED,REF:PRIVATE_PRIORITY,,,
BA:character_data:event_costume:1900939101:character:13014,character_data,MANDATORY_COMPLETE_REVIEW,02_CANONICAL_STORIES/CHARACTER_DATA/CONTEXTUAL/BA_character_data_event_costume_1900939101_character_13014.md,5ef79e8a5d2796a29ff09464312818bfb4c4fcc2583b44ae607c9fa73a70e1fa,ADMITTED,series/blue-archive/02 Sequential Readings/BOND/BLUE_ARCHIVE_HYAKKA_YUKARI_NAGUSA_KIKYOU_RENGE_PHASE2_PRIVATE_CONTEXTUAL_ACCOUNT_20261008.md,REF:CYCLE008_ACCEPTED,REF:CYCLE008_SCOPE,unresolved,,REF:CYCLE008_LIMITS,UNASSESSED,REF:PRIVATE_PRIORITY,,,
BA:character_data:event_costume:1900939201:character:20047,character_data,MANDATORY_COMPLETE_REVIEW,02_CANONICAL_STORIES/CHARACTER_DATA/CONTEXTUAL/BA_character_data_event_costume_1900939201_character_20047.md,6e11ee75eadd838ea305cda81687a6411aeb78ccb77328866260b1d9232978ec,ADMITTED,series/blue-archive/02 Sequential Readings/BOND/BLUE_ARCHIVE_HYAKKA_YUKARI_NAGUSA_KIKYOU_RENGE_PHASE2_PRIVATE_CONTEXTUAL_ACCOUNT_20261008.md,REF:CYCLE008_ACCEPTED,REF:CYCLE008_SCOPE,unresolved,,REF:CYCLE008_LIMITS,UNASSESSED,REF:PRIVATE_PRIORITY,,,
BA:character_data:event_costume:1900940001:character:10122,character_data,MANDATORY_COMPLETE_REVIEW,02_CANONICAL_STORIES/CHARACTER_DATA/CONTEXTUAL/BA_character_data_event_costume_1900940001_character_10122.md,752d6997cfb425214c2041555e503f2fbfe438004857d1913945c165b712a835,ADMITTED,series/blue-archive/02 Sequential Readings/BOND/MIKA/BLUE_ARCHIVE_MIKA_PRIVATE_CONTEXTUALIZATION_CHECKPOINT.md,REF:CYCLE008_ACCEPTED,REF:CYCLE008_SCOPE,unresolved,,REF:CYCLE008_LIMITS,UNASSESSED,REF:PRIVATE_PRIORITY,,,
BA:character_data:event_costume:1900940101:character:10123,character_data,MANDATORY_COMPLETE_REVIEW,02_CANONICAL_STORIES/CHARACTER_DATA/CONTEXTUAL/BA_character_data_event_costume_1900940101_character_10123.md,6d7fe035fe737c645a3d5c7dc5e40a30c7e8b96b2ea87cf592bd164278541675,ADMITTED,series/blue-archive/02 Sequential Readings/BOND/SEIA/BLUE_ARCHIVE_SEIA_PRIVATE_CONTEXTUALIZATION_CHECKPOINT.md,REF:CYCLE008_ACCEPTED,REF:CYCLE008_SCOPE,unresolved,,REF:CYCLE008_LIMITS,UNASSESSED,REF:PRIVATE_PRIORITY,,,
BA:character_data:event_costume:1900940201:character:10124,character_data,MANDATORY_COMPLETE_REVIEW,02_CANONICAL_STORIES/CHARACTER_DATA/CONTEXTUAL/BA_character_data_event_costume_1900940201_character_10124.md,767c8124c8b6e81269b19422b1fa7a44828e0804d4c6913b3d963b4711bb0193,ADMITTED,series/blue-archive/02 Sequential Readings/BOND/BLUE_ARCHIVE_HASUMI_TSURUGI_PRIVATE_CONTEXTUALIZATION_CHECKPOINT.md,REF:CYCLE008_ACCEPTED,REF:CYCLE008_SCOPE,unresolved,,REF:CYCLE008_LIMITS,UNASSESSED,REF:PRIVATE_PRIORITY,,,
BA:character_data:event_costume:1900940301:character:20048,character_data,MANDATORY_COMPLETE_REVIEW,02_CANONICAL_STORIES/CHARACTER_DATA/CONTEXTUAL/BA_character_data_event_costume_1900940301_character_20048.md,e7988964b7bb5d7b928cb749e93fd790bca57fd6d76cc30f877e40c7544fca29,ADMITTED,series/blue-archive/02 Sequential Readings/BOND/NAGISA/BLUE_ARCHIVE_NAGISA_PRIVATE_CONTEXTUALIZATION_CHECKPOINT.md,REF:CYCLE008_ACCEPTED,REF:CYCLE008_SCOPE,unresolved,,REF:CYCLE008_LIMITS,UNASSESSED,REF:PRIVATE_PRIORITY,,,
BA:character_data:event_costume:1900940401:character:26015,character_data,MANDATORY_COMPLETE_REVIEW,02_CANONICAL_STORIES/CHARACTER_DATA/CONTEXTUAL/BA_character_data_event_costume_1900940401_character_26015.md,815886510b220f2c735dd554ac6f38ae5ed154a476c3797fad17ae3b5c78791f,ADMITTED,series/blue-archive/02 Sequential Readings/BOND/BLUE_ARCHIVE_SUZUMI_REISA_ICHIKA_PRIVATE_CONTEXTUALIZATION_CHECKPOINT.md,REF:CYCLE008_ACCEPTED,REF:CYCLE008_SCOPE,unresolved,,REF:CYCLE008_LIMITS,UNASSESSED,REF:PRIVATE_PRIORITY,,,
BA:character_data:event_costume:1900942001:character:10125,character_data,MANDATORY_COMPLETE_REVIEW,02_CANONICAL_STORIES/CHARACTER_DATA/CONTEXTUAL/BA_character_data_event_costume_1900942001_character_10125.md,453feca16dac15147ad0516b2ce628cfddbfadb90b962e4731cd37c2e26d3e58,ADMITTED,series/blue-archive/02 Sequential Readings/BOND/BLUE_ARCHIVE_WILDHUNT5_PHASE2_PRIVATE_CONTEXTUAL_ACCOUNT_20261008.md,REF:CYCLE008_ACCEPTED,REF:CYCLE008_SCOPE,unresolved,,REF:CYCLE008_LIMITS,UNASSESSED,REF:PRIVATE_PRIORITY,,,
BA:character_data:event_costume:1900942101:character:10126,character_data,MANDATORY_COMPLETE_REVIEW,02_CANONICAL_STORIES/CHARACTER_DATA/CONTEXTUAL/BA_character_data_event_costume_1900942101_character_10126.md,385ddd1464b273a89224b4b7c00a655802460afcc9d30861685389f3a07c666d,ADMITTED,series/blue-archive/02 Sequential Readings/BOND/BLUE_ARCHIVE_WILDHUNT5_PHASE2_PRIVATE_CONTEXTUAL_ACCOUNT_20261008.md,REF:CYCLE008_ACCEPTED,REF:CYCLE008_SCOPE,unresolved,,REF:CYCLE008_LIMITS,UNASSESSED,REF:PRIVATE_PRIORITY,,,
BA:character_data:event_costume:1900942201:character:20049,character_data,MANDATORY_COMPLETE_REVIEW,02_CANONICAL_STORIES/CHARACTER_DATA/CONTEXTUAL/BA_character_data_event_costume_1900942201_character_20049.md,d834256c6b3b5172229461a2f09cdb0d97260a28da079862a6eb6a9dd99bbf41,ADMITTED,series/blue-archive/02 Sequential Readings/BOND/BLUE_ARCHIVE_MISAKI_HIYORI_SUBARU_PRIVATE_CONTEXTUALIZATION_CHECKPOINT.md,REF:CYCLE008_ACCEPTED,REF:CYCLE008_SCOPE,unresolved,,REF:CYCLE008_LIMITS,UNASSESSED,REF:PRIVATE_PRIORITY,,,
BA:character_data:event_costume:1900944001:character:10127,character_data,MANDATORY_COMPLETE_REVIEW,02_CANONICAL_STORIES/CHARACTER_DATA/CONTEXTUAL/BA_character_data_event_costume_1900944001_character_10127.md,4750cda98a69ab41c2fdd64265450b16a72959c65d2736c98e52c05fc3fbe67c,ADMITTED,series/blue-archive/02 Sequential Readings/BOND/BLUE_ARCHIVE_WILDHUNT5_PHASE2_PRIVATE_CONTEXTUAL_ACCOUNT_20261008.md,REF:CYCLE008_ACCEPTED,REF:CYCLE008_SCOPE,unresolved,,REF:CYCLE008_LIMITS,UNASSESSED,REF:PRIVATE_PRIORITY,,,
BA:character_data:event_costume:1900944101:character:10128,character_data,MANDATORY_COMPLETE_REVIEW,02_CANONICAL_STORIES/CHARACTER_DATA/CONTEXTUAL/BA_character_data_event_costume_1900944101_character_10128.md,fc1e31ee4191189be999167941bd6b4380c69b4808fd45de9fa972557f780b74,ADMITTED,series/blue-archive/02 Sequential Readings/BOND/BLUE_ARCHIVE_WILDHUNT5_PHASE2_PRIVATE_CONTEXTUAL_ACCOUNT_20261008.md,REF:CYCLE008_ACCEPTED,REF:CYCLE008_SCOPE,unresolved,,REF:CYCLE008_LIMITS,UNASSESSED,REF:PRIVATE_PRIORITY,,,
BA:character_data:event_costume:1900944201:character:20050,character_data,MANDATORY_COMPLETE_REVIEW,02_CANONICAL_STORIES/CHARACTER_DATA/CONTEXTUAL/BA_character_data_event_costume_1900944201_character_20050.md,27f941d5c59d6fdd6fc66115862edb4eedd0d64f1faa81dcf29946ba451ebf90,ADMITTED,series/blue-archive/02 Sequential Readings/BOND/BLUE_ARCHIVE_WILDHUNT5_PHASE2_PRIVATE_CONTEXTUAL_ACCOUNT_20261008.md,REF:CYCLE008_ACCEPTED,REF:CYCLE008_SCOPE,unresolved,,REF:CYCLE008_LIMITS,UNASSESSED,REF:PRIVATE_PRIORITY,,,
BA:character_data:event_costume:1900945001:character:10129,character_data,MANDATORY_COMPLETE_REVIEW,02_CANONICAL_STORIES/CHARACTER_DATA/CONTEXTUAL/BA_character_data_event_costume_1900945001_character_10129.md,fcabd9aa3743df05e4a1ad877fee0e0274bec73f2a897745de0481f685557d24,ADMITTED,series/blue-archive/02 Sequential Readings/BOND/BLUE_ARCHIVE_SUZUMI_REISA_ICHIKA_PRIVATE_CONTEXTUALIZATION_CHECKPOINT.md,REF:CYCLE008_ACCEPTED,REF:CYCLE008_SCOPE,unresolved,,REF:CYCLE008_LIMITS,UNASSESSED,REF:PRIVATE_PRIORITY,,,
BA:character_data:event_costume:1900945101:character:20051,character_data,MANDATORY_COMPLETE_REVIEW,02_CANONICAL_STORIES/CHARACTER_DATA/CONTEXTUAL/BA_character_data_event_costume_1900945101_character_20051.md,7fda2ff5c526c52cd83098d3757e7a2b8bc1565a7a85b8b96ad0bab013ea916a,ADMITTED,series/blue-archive/02 Sequential Readings/BOND/BLUE_ARCHIVE_SUZUMI_REISA_ICHIKA_PRIVATE_CONTEXTUALIZATION_CHECKPOINT.md,REF:CYCLE008_ACCEPTED,REF:CYCLE008_SCOPE,unresolved,,REF:CYCLE008_LIMITS,UNASSESSED,REF:PRIVATE_PRIORITY,,,
BA:character_data:event_costume:1900945201:character:16018,character_data,MANDATORY_COMPLETE_REVIEW,02_CANONICAL_STORIES/CHARACTER_DATA/CONTEXTUAL/BA_character_data_event_costume_1900945201_character_16018.md,af80e090f99f242f6c9f844a21ffb99eb2edc696cc07bcc3defa5089cfcc55d1,ADMITTED,series/blue-archive/02 Sequential Readings/BOND/BLUE_ARCHIVE_LOVE_PHASE2_PRIVATE_CONTEXTUAL_ACCOUNT_20261009.md,REF:CYCLE008_ACCEPTED,REF:CYCLE008_SCOPE,unresolved,,REF:CYCLE008_LIMITS;REF:NEW80_ROOT_QUALIFIED;REF:NEW80_IDENTITY_MODES,UNASSESSED,REF:PRIVATE_PRIORITY,,,
BA:character_data:event_costume:1900946001:character:10131,character_data,MANDATORY_COMPLETE_REVIEW,02_CANONICAL_STORIES/CHARACTER_DATA/CONTEXTUAL/BA_character_data_event_costume_1900946001_character_10131.md,e457c35bc6563ea816b694b49964dac569e3f9c05c95c28f09e7f7ac0a71fe08,ADMITTED,series/blue-archive/02 Sequential Readings/BOND/BLUE_ARCHIVE_TAKANE_YAKUMO_PHASE2_PRIVATE_CONTEXTUAL_ACCOUNT_20261008.md,REF:CYCLE008_ACCEPTED,REF:CYCLE008_SCOPE,unresolved,,REF:CYCLE008_LIMITS,UNASSESSED,REF:PRIVATE_PRIORITY,,,
BA:character_data:event_costume:1900946101:character:20052,character_data,MANDATORY_COMPLETE_REVIEW,02_CANONICAL_STORIES/CHARACTER_DATA/CONTEXTUAL/BA_character_data_event_costume_1900946101_character_20052.md,8ce602c555bf370e18e68dc89d383cce32a0a01f4240e61fe34d5ffebf7108e5,ADMITTED,series/blue-archive/02 Sequential Readings/BOND/BLUE_ARCHIVE_TAKANE_YAKUMO_PHASE2_PRIVATE_CONTEXTUAL_ACCOUNT_20261008.md,REF:CYCLE008_ACCEPTED,REF:CYCLE008_SCOPE,unresolved,,REF:CYCLE008_LIMITS,UNASSESSED,REF:PRIVATE_PRIORITY,,,
BA:character_data:event_costume:1900947001:character:10132,character_data,MANDATORY_COMPLETE_REVIEW,02_CANONICAL_STORIES/CHARACTER_DATA/CONTEXTUAL/BA_character_data_event_costume_1900947001_character_10132.md,2a10524771fddba2fd2a3ee9976fa4fea03c359ab9e87228a96e7778f52299b5,ADMITTED,series/blue-archive/02 Sequential Readings/BOND/BLUE_ARCHIVE_NINJA_MICHIRU_IZUNA_TSUKUYO_PHASE2_PRIVATE_CONTEXTUAL_ACCOUNT_20261008.md,REF:CYCLE008_ACCEPTED,REF:CYCLE008_SCOPE,unresolved,,REF:CYCLE008_LIMITS,UNASSESSED,REF:PRIVATE_PRIORITY,,,
BA:character_data:event_costume:1900947101:character:20053,character_data,MANDATORY_COMPLETE_REVIEW,02_CANONICAL_STORIES/CHARACTER_DATA/CONTEXTUAL/BA_character_data_event_costume_1900947101_character_20053.md,c111d2328f3cc03bea0fc55b4aa14fb8de4687e23f0cdcb6dfdef0de4f029764,ADMITTED,series/blue-archive/02 Sequential Readings/BOND/BLUE_ARCHIVE_NINJA_MICHIRU_IZUNA_TSUKUYO_PHASE2_PRIVATE_CONTEXTUAL_ACCOUNT_20261008.md,REF:CYCLE008_ACCEPTED,REF:CYCLE008_SCOPE,unresolved,,REF:CYCLE008_LIMITS,UNASSESSED,REF:PRIVATE_PRIORITY,,,
BA:character_data:event_costume:1900948101:character:10134,character_data,MANDATORY_COMPLETE_REVIEW,02_CANONICAL_STORIES/CHARACTER_DATA/CONTEXTUAL/BA_character_data_event_costume_1900948101_character_10134.md,1047b24b7c93ee49494ce7e6d0f34050a77a00d31034a806403009d5fb5a0568,ADMITTED,series/blue-archive/02 Sequential Readings/BOND/BLUE_ARCHIVE_ALICE_PHASE2_PRIVATE_CONTEXTUAL_ACCOUNT_20261008.md,REF:CYCLE008_ACCEPTED,REF:CYCLE008_SCOPE,unresolved,,REF:CYCLE008_LIMITS,UNASSESSED,REF:PRIVATE_PRIORITY,,,
BA:character_data:event_costume:1900948201:character:10135,character_data,MANDATORY_COMPLETE_REVIEW,02_CANONICAL_STORIES/CHARACTER_DATA/CONTEXTUAL/BA_character_data_event_costume_1900948201_character_10135.md,c1e3360c27b1fbac9df4c9c4445cc3d883fb34c9dd36493e6e0fdda853ddffe0,ADMITTED,series/blue-archive/02 Sequential Readings/BOND/BLUE_ARCHIVE_KEI_PHASE2_PRIVATE_AND_SPECIAL_IDENTITY_CONTEXTUAL_ACCOUNT_20261008.md,REF:CYCLE008_ACCEPTED,REF:CYCLE008_SCOPE,unresolved,,REF:CYCLE008_LIMITS,UNASSESSED,REF:PRIVATE_PRIORITY,,,
BA:character_data:event_costume:1900948301:character:16019,character_data,MANDATORY_COMPLETE_REVIEW,02_CANONICAL_STORIES/CHARACTER_DATA/CONTEXTUAL/BA_character_data_event_costume_1900948301_character_16019.md,525ff40c2d022e89eecb16e1738d3614f0f7c431164bd7a335594df14e673dd9,ADMITTED,series/blue-archive/02 Sequential Readings/BOND/BLUE_ARCHIVE_TOKI_PHASE2_PRIVATE_CONTEXTUAL_ACCOUNT_20261008.md,REF:CYCLE008_ACCEPTED,REF:CYCLE008_SCOPE,unresolved,,REF:CYCLE008_LIMITS,UNASSESSED,REF:PRIVATE_PRIORITY,,,
BA:character_data:event_costume:1900948501:character:20055,character_data,MANDATORY_COMPLETE_REVIEW,02_CANONICAL_STORIES/CHARACTER_DATA/CONTEXTUAL/BA_character_data_event_costume_1900948501_character_20055.md,8c20efc832f4412723d119bc63717d5416a6d42497642cfb8638cdea219eb9fc,ADMITTED,series/blue-archive/02 Sequential Readings/BOND/BLUE_ARCHIVE_YUZU_PHASE2_PRIVATE_CONTEXTUAL_ACCOUNT_20261008.md,REF:CYCLE008_ACCEPTED,REF:CYCLE008_SCOPE,unresolved,,REF:CYCLE008_LIMITS,UNASSESSED,REF:PRIVATE_PRIORITY,,,
BA:character_data:event_costume:1900948601:character:10136,character_data,MANDATORY_COMPLETE_REVIEW,02_CANONICAL_STORIES/CHARACTER_DATA/CONTEXTUAL/BA_character_data_event_costume_1900948601_character_10136.md,079833eb39472b336e64025cccb8add6282f5db9f916111b0d987d2bfb89cb07,ADMITTED,series/blue-archive/02 Sequential Readings/BOND/BLUE_ARCHIVE_EIMI_PHASE2_PRIVATE_CONTEXTUAL_ACCOUNT_20261008.md,REF:CYCLE008_ACCEPTED,REF:CYCLE008_SCOPE,unresolved,,REF:CYCLE008_LIMITS,UNASSESSED,REF:PRIVATE_PRIORITY,,,
BA:character_data:event_costume:1900948701:character:10134,character_data,MANDATORY_COMPLETE_REVIEW,02_CANONICAL_STORIES/CHARACTER_DATA/CONTEXTUAL/BA_character_data_event_costume_1900948701_character_10134.md,b0d27b20696608208ca669306ae0c6ccba5376ce445f501e32402ecd8625d078,ADMITTED,series/blue-archive/02 Sequential Readings/BOND/BLUE_ARCHIVE_ALICE_PHASE2_PRIVATE_CONTEXTUAL_ACCOUNT_20261008.md,REF:CYCLE008_ACCEPTED,REF:CYCLE008_SCOPE,unresolved,,REF:CYCLE008_LIMITS,UNASSESSED,REF:PRIVATE_PRIORITY,,,
BA:character_data:event_costume:1900948801:character:16019,character_data,MANDATORY_COMPLETE_REVIEW,02_CANONICAL_STORIES/CHARACTER_DATA/CONTEXTUAL/BA_character_data_event_costume_1900948801_character_16019.md,be95a54244f367495c81bcf816209a51d849c2b3e17a51334a79cfe19e669916,ADMITTED,series/blue-archive/02 Sequential Readings/BOND/BLUE_ARCHIVE_TOKI_PHASE2_PRIVATE_CONTEXTUAL_ACCOUNT_20261008.md,REF:CYCLE008_ACCEPTED,REF:CYCLE008_SCOPE,unresolved,,REF:CYCLE008_LIMITS,UNASSESSED,REF:PRIVATE_PRIORITY,,,
BA:character_data:event_costume:1900948901:character:16019,character_data,MANDATORY_COMPLETE_REVIEW,02_CANONICAL_STORIES/CHARACTER_DATA/CONTEXTUAL/BA_character_data_event_costume_1900948901_character_16019.md,0bb20e11690ea663292fc9711fe98447a41e1a5e9d252720732fa5dc0a560169,ADMITTED,series/blue-archive/02 Sequential Readings/BOND/BLUE_ARCHIVE_TOKI_PHASE2_PRIVATE_CONTEXTUAL_ACCOUNT_20261008.md,REF:CYCLE008_ACCEPTED,REF:CYCLE008_SCOPE,unresolved,,REF:CYCLE008_LIMITS,UNASSESSED,REF:PRIVATE_PRIORITY,,,
BA:character_data:event_costume:1900949001:character:20055,character_data,MANDATORY_COMPLETE_REVIEW,02_CANONICAL_STORIES/CHARACTER_DATA/CONTEXTUAL/BA_character_data_event_costume_1900949001_character_20055.md,d682fda9a51eb8b2b3840f2a9770f7a4186b76140c1792a948e95be779ebc288,ADMITTED,series/blue-archive/02 Sequential Readings/BOND/BLUE_ARCHIVE_YUZU_PHASE2_PRIVATE_CONTEXTUAL_ACCOUNT_20261008.md,REF:CYCLE008_ACCEPTED,REF:CYCLE008_SCOPE,unresolved,,REF:CYCLE008_LIMITS,UNASSESSED,REF:PRIVATE_PRIORITY,,,
BA:character_data:event_costume:1900949101:character:10135,character_data,MANDATORY_COMPLETE_REVIEW,02_CANONICAL_STORIES/CHARACTER_DATA/CONTEXTUAL/BA_character_data_event_costume_1900949101_character_10135.md,49622acf37e29e9a45e2c1e6ab1de16b9a388a4048b07a1f46127c4c6337ce50,ADMITTED,series/blue-archive/02 Sequential Readings/BOND/BLUE_ARCHIVE_KEI_PHASE2_PRIVATE_AND_SPECIAL_IDENTITY_CONTEXTUAL_ACCOUNT_20261008.md,REF:CYCLE008_ACCEPTED,REF:CYCLE008_SCOPE,unresolved,,REF:CYCLE008_LIMITS,UNASSESSED,REF:PRIVATE_PRIORITY,,,
BA:character_data:event_costume:1900949201:character:10135,character_data,MANDATORY_COMPLETE_REVIEW,02_CANONICAL_STORIES/CHARACTER_DATA/CONTEXTUAL/BA_character_data_event_costume_1900949201_character_10135.md,9419d7514c8bb46eabe50575b6490b9ee876241f8c714f039a14addc41787f2c,ADMITTED,series/blue-archive/02 Sequential Readings/BOND/BLUE_ARCHIVE_KEI_PHASE2_PRIVATE_AND_SPECIAL_IDENTITY_CONTEXTUAL_ACCOUNT_20261008.md,REF:CYCLE008_ACCEPTED,REF:CYCLE008_SCOPE,unresolved,,REF:CYCLE008_LIMITS,UNASSESSED,REF:PRIVATE_PRIORITY,,,
BA:character_data:event_costume:1900949301:character:10135,character_data,MANDATORY_COMPLETE_REVIEW,02_CANONICAL_STORIES/CHARACTER_DATA/CONTEXTUAL/BA_character_data_event_costume_1900949301_character_10135.md,1554058ee5510ad539d4404324c7e658f19faf6eb4c32c964536735fc16a9909,ADMITTED,series/blue-archive/02 Sequential Readings/BOND/BLUE_ARCHIVE_KEI_PHASE2_PRIVATE_AND_SPECIAL_IDENTITY_CONTEXTUAL_ACCOUNT_20261008.md,REF:CYCLE008_ACCEPTED,REF:CYCLE008_SCOPE,unresolved,,REF:CYCLE008_LIMITS,UNASSESSED,REF:PRIVATE_PRIORITY,,,
BA:character_data:event_costume:1900949401:character:20055,character_data,MANDATORY_COMPLETE_REVIEW,02_CANONICAL_STORIES/CHARACTER_DATA/CONTEXTUAL/BA_character_data_event_costume_1900949401_character_20055.md,abcf228f29d47a9bc8da1abc5150af3eb72375c2f6ce100b9a5115b083fce203,ADMITTED,series/blue-archive/02 Sequential Readings/BOND/BLUE_ARCHIVE_YUZU_PHASE2_PRIVATE_CONTEXTUAL_ACCOUNT_20261008.md,REF:CYCLE008_ACCEPTED,REF:CYCLE008_SCOPE,unresolved,,REF:CYCLE008_LIMITS,UNASSESSED,REF:PRIVATE_PRIORITY,,,
BA:character_data:event_costume:1900950001:character:10135,character_data,MANDATORY_COMPLETE_REVIEW,02_CANONICAL_STORIES/CHARACTER_DATA/CONTEXTUAL/BA_character_data_event_costume_1900950001_character_10135.md,6dde0097f4a8c1ad647956c2c554a65ca75acc896ea59c164beeb62a69df9d4c,ADMITTED,series/blue-archive/02 Sequential Readings/BOND/BLUE_ARCHIVE_KEI_PHASE2_PRIVATE_AND_SPECIAL_IDENTITY_CONTEXTUAL_ACCOUNT_20261008.md,REF:CYCLE008_ACCEPTED,REF:CYCLE008_SCOPE,unresolved,,REF:CYCLE008_LIMITS,UNASSESSED,REF:PRIVATE_PRIORITY,,,
BA:character_data:event_costume:1900950101:character:10015,character_data,MANDATORY_COMPLETE_REVIEW,02_CANONICAL_STORIES/CHARACTER_DATA/CONTEXTUAL/BA_character_data_event_costume_1900950101_character_10015.md,38e70eeec3aa74d4b325a337cc9e3a915e02acf59a41360554d894f59ed5dfe5,ADMITTED,series/blue-archive/02 Sequential Readings/BOND/BLUE_ARCHIVE_ALICE_PHASE2_PRIVATE_CONTEXTUAL_ACCOUNT_20261008.md,REF:CYCLE008_ACCEPTED,REF:CYCLE008_SCOPE,unresolved,,REF:CYCLE008_LIMITS,UNASSESSED,REF:PRIVATE_PRIORITY,,,
BA:character_data:event_costume:1900951001:character:20056,character_data,MANDATORY_COMPLETE_REVIEW,02_CANONICAL_STORIES/CHARACTER_DATA/CONTEXTUAL/BA_character_data_event_costume_1900951001_character_20056.md,11433aa11297b3fc001919fb2b50882aca6e2fa6c0dfbc051a7c2c8ce5123fdc,ADMITTED,series/blue-archive/02 Sequential Readings/BOND/BLUE_ARCHIVE_KOYUKI_PHASE2_PRIVATE_CONTEXTUAL_ACCOUNT_20261008.md,REF:CYCLE008_ACCEPTED,REF:CYCLE008_SCOPE,unresolved,,REF:CYCLE008_LIMITS,UNASSESSED,REF:PRIVATE_PRIORITY,,,
BA:character_data:event_costume:1900952001:character:10137,character_data,MANDATORY_COMPLETE_REVIEW,02_CANONICAL_STORIES/CHARACTER_DATA/CONTEXTUAL/BA_character_data_event_costume_1900952001_character_10137.md,cac3e4bff3c49eaec5ed8ac070c2db813982a7626f74721f5f999c9df7c510e6,ADMITTED,series/blue-archive/02 Sequential Readings/BOND/BLUE_ARCHIVE_KONOKA_RENA_PHASE2_PRIVATE_WRITTEN_CONTEXTUAL_ACCOUNT_20261008.md,REF:CYCLE008_ACCEPTED,REF:CYCLE008_SCOPE,unresolved,,REF:CYCLE008_LIMITS,UNASSESSED,REF:PRIVATE_PRIORITY,,,
BA:character_data:event_costume:1900952101:character:10138,character_data,MANDATORY_COMPLETE_REVIEW,02_CANONICAL_STORIES/CHARACTER_DATA/CONTEXTUAL/BA_character_data_event_costume_1900952101_character_10138.md,677b5996c5cdc3888eb0e10304bea398a3bffe496ab0f3eea455137ff05bbdbb,ADMITTED,series/blue-archive/02 Sequential Readings/BOND/BLUE_ARCHIVE_KONOKA_RENA_PHASE2_PRIVATE_WRITTEN_CONTEXTUAL_ACCOUNT_20261008.md,REF:CYCLE008_ACCEPTED,REF:CYCLE008_SCOPE,unresolved,,REF:CYCLE008_LIMITS,UNASSESSED,REF:PRIVATE_PRIORITY,,,
BA:character_data:event_costume:1900953001:character:20057,character_data,MANDATORY_COMPLETE_REVIEW,02_CANONICAL_STORIES/CHARACTER_DATA/CONTEXTUAL/BA_character_data_event_costume_1900953001_character_20057.md,5444b9f47bfdde36545a582e5f492145fbed49de6ba881772a74223c14cee4a0,ADMITTED,series/blue-archive/02 Sequential Readings/BOND/BLUE_ARCHIVE_AKANE_PHASE2_PRIVATE_CONTEXTUAL_ACCOUNT_20261008.md,REF:CYCLE008_ACCEPTED,REF:CYCLE008_SCOPE,unresolved,,REF:CYCLE008_LIMITS,UNASSESSED,REF:PRIVATE_PRIORITY,,,
BA:character_data:event_costume:1900954001:character:10139,character_data,MANDATORY_COMPLETE_REVIEW,02_CANONICAL_STORIES/CHARACTER_DATA/CONTEXTUAL/BA_character_data_event_costume_1900954001_character_10139.md,d300eaecf2535f85dd2581a84cfe45a33fc802291d25f8e423a8fe35bd17a25a,ADMITTED,series/blue-archive/02 Sequential Readings/BOND/NIKO/BLUE_ARCHIVE_NIKO_PHASE2_PRIVATE_CONTEXTUAL_ACCOUNT_20261008.md,REF:CYCLE008_ACCEPTED,REF:CYCLE008_SCOPE,unresolved,,REF:CYCLE008_LIMITS,UNASSESSED,REF:PRIVATE_PRIORITY,,,
BA:character_data:event_costume:1900954101:character:10140,character_data,MANDATORY_COMPLETE_REVIEW,02_CANONICAL_STORIES/CHARACTER_DATA/CONTEXTUAL/BA_character_data_event_costume_1900954101_character_10140.md,988da1ae962951c43e82a46770b0b95e16347eebfbdfd365cc9042751bfce329,ADMITTED,series/blue-archive/02 Sequential Readings/BOND/KURUMI/BLUE_ARCHIVE_KURUMI_PHASE2_PRIVATE_CONTEXTUAL_ACCOUNT_20261008.md,REF:CYCLE008_ACCEPTED,REF:CYCLE008_SCOPE,unresolved,,REF:CYCLE008_LIMITS,UNASSESSED,REF:PRIVATE_PRIORITY,,,
BA:character_data:event_costume:1900954201:character:16020,character_data,MANDATORY_COMPLETE_REVIEW,02_CANONICAL_STORIES/CHARACTER_DATA/CONTEXTUAL/BA_character_data_event_costume_1900954201_character_16020.md,94e6d5d12e71a2306bc64b01b9a35816a1832ddc131b0a094e04b0a5bc0b2965,ADMITTED,series/blue-archive/02 Sequential Readings/BOND/OTOGI/BLUE_ARCHIVE_OTOGI_PHASE2_PRIVATE_CONTEXTUAL_ACCOUNT_20261008.md,REF:CYCLE008_ACCEPTED,REF:CYCLE008_SCOPE,unresolved,,REF:CYCLE008_LIMITS,UNASSESSED,REF:PRIVATE_PRIORITY,,,
BA:character_data:event_costume:1900954301:character:20058,character_data,MANDATORY_COMPLETE_REVIEW,02_CANONICAL_STORIES/CHARACTER_DATA/CONTEXTUAL/BA_character_data_event_costume_1900954301_character_20058.md,927afe9dd18c88c37549dfeb612faeca757701f99ca24fe88102d1046f337376,ADMITTED,series/blue-archive/02 Sequential Readings/BOND/BLUE_ARCHIVE_GEHENNA20_PHASE2_PRIVATE_CONTEXTUAL_ACCOUNT_20261008.md,REF:CYCLE008_ACCEPTED,REF:CYCLE008_SCOPE,unresolved,,REF:CYCLE008_LIMITS,UNASSESSED,REF:PRIVATE_PRIORITY,,,
BA:character_data:event_costume:1900955001:character:10142,character_data,MANDATORY_COMPLETE_REVIEW,02_CANONICAL_STORIES/CHARACTER_DATA/CONTEXTUAL/BA_character_data_event_costume_1900955001_character_10142.md,b5eb338094b3a2ce99cf89ef317859decdbb93b7ede686e9f885762b8df89fcd,ADMITTED,series/blue-archive/02 Sequential Readings/BOND/BLUE_ARCHIVE_HYAKKA_YUKARI_NAGUSA_KIKYOU_RENGE_PHASE2_PRIVATE_CONTEXTUAL_ACCOUNT_20261008.md,REF:CYCLE008_ACCEPTED,REF:CYCLE008_SCOPE,unresolved,,REF:CYCLE008_LIMITS,UNASSESSED,REF:PRIVATE_PRIORITY,,,
BA:character_data:event_costume:1900955101:character:10141,character_data,MANDATORY_COMPLETE_REVIEW,02_CANONICAL_STORIES/CHARACTER_DATA/CONTEXTUAL/BA_character_data_event_costume_1900955101_character_10141.md,c3656412cbd0bf747fcc6a82c53b114d13f05ff81df8a9d5d9b6e358ce9996bf,ADMITTED,series/blue-archive/02 Sequential Readings/BOND/HARUKA/BLUE_ARCHIVE_HARUKA_PRIVATE_CONTEXTUALIZATION_CHECKPOINT.md,REF:CYCLE008_ACCEPTED,REF:CYCLE008_SCOPE,unresolved,,REF:CYCLE008_LIMITS,UNASSESSED,REF:PRIVATE_PRIORITY,,,
BA:character_data:event_costume:1900955201:character:20059,character_data,MANDATORY_COMPLETE_REVIEW,02_CANONICAL_STORIES/CHARACTER_DATA/CONTEXTUAL/BA_character_data_event_costume_1900955201_character_20059.md,9f4374d5a368f17f38ce1ab6c6618336abcbce44b4773a4acb41adedb94dad5e,ADMITTED,series/blue-archive/02 Sequential Readings/BOND/MUTSUKI/BLUE_ARCHIVE_MUTSUKI_PRIVATE_CONTEXTUALIZATION_CHECKPOINT.md,REF:CYCLE008_ACCEPTED,REF:CYCLE008_SCOPE,unresolved,,REF:CYCLE008_LIMITS,UNASSESSED,REF:PRIVATE_PRIORITY,,,
BA:character_data:event_costume:1900956001:character:10143,character_data,MANDATORY_COMPLETE_REVIEW,02_CANONICAL_STORIES/CHARACTER_DATA/CONTEXTUAL/BA_character_data_event_costume_1900956001_character_10143.md,983d79eefec538b10f8723447a293f743c7f0fdac8eff0772905628fd4725d55,ADMITTED,series/blue-archive/02 Sequential Readings/BOND/BLUE_ARCHIVE_SHANHAIJING6_AND_SAYA_PHASE2_PRIVATE_CONTEXTUAL_ACCOUNT_20261008.md,REF:CYCLE008_ACCEPTED,REF:CYCLE008_SCOPE,unresolved,,REF:CYCLE008_LIMITS,UNASSESSED,REF:PRIVATE_PRIORITY,0,0,0
BA:character_data:event_costume:1900956101:character:10143,character_data,MANDATORY_COMPLETE_REVIEW,02_CANONICAL_STORIES/CHARACTER_DATA/CONTEXTUAL/BA_character_data_event_costume_1900956101_character_10143.md,73a7925dd1a072cf08863cf52218ab02767270e534b2fed091f2466aa0183df2,ADMITTED,series/blue-archive/02 Sequential Readings/BOND/BLUE_ARCHIVE_SHANHAIJING6_AND_SAYA_PHASE2_PRIVATE_CONTEXTUAL_ACCOUNT_20261008.md,REF:CYCLE008_ACCEPTED,REF:CYCLE008_SCOPE,unresolved,,REF:CYCLE008_LIMITS,UNASSESSED,REF:PRIVATE_PRIORITY,0,0,0
BA:character_data:event_costume:1900956201:character:10145,character_data,MANDATORY_COMPLETE_REVIEW,02_CANONICAL_STORIES/CHARACTER_DATA/CONTEXTUAL/BA_character_data_event_costume_1900956201_character_10145.md,1193f8261907118fc41089f516bb76ca1a0233d9eca7fd704ea2635dd0ebedef,ADMITTED,series/blue-archive/02 Sequential Readings/BOND/BLUE_ARCHIVE_SHANHAIJING6_AND_SAYA_PHASE2_PRIVATE_CONTEXTUAL_ACCOUNT_20261008.md,REF:CYCLE008_ACCEPTED,REF:CYCLE008_SCOPE,unresolved,,REF:CYCLE008_LIMITS,UNASSESSED,REF:PRIVATE_PRIORITY,0,0,0
BA:character_data:event_costume:1900956301:character:10145,character_data,MANDATORY_COMPLETE_REVIEW,02_CANONICAL_STORIES/CHARACTER_DATA/CONTEXTUAL/BA_character_data_event_costume_1900956301_character_10145.md,57d7d1b2e466384ae0d4f3b8b15ce336f16997180169533e27f6fbd54079bf50,ADMITTED,series/blue-archive/02 Sequential Readings/BOND/BLUE_ARCHIVE_SHANHAIJING6_AND_SAYA_PHASE2_PRIVATE_CONTEXTUAL_ACCOUNT_20261008.md,REF:CYCLE008_ACCEPTED,REF:CYCLE008_SCOPE,unresolved,,REF:CYCLE008_LIMITS,UNASSESSED,REF:PRIVATE_PRIORITY,0,0,0
BA:character_data:event_costume:1900957001:character:10146,character_data,MANDATORY_COMPLETE_REVIEW,02_CANONICAL_STORIES/CHARACTER_DATA/CONTEXTUAL/BA_character_data_event_costume_1900957001_character_10146.md,299677fdf53b32594ff28a7888dcba10555e4151205b2560796a1e7c3a797b0c,ADMITTED,series/blue-archive/02 Sequential Readings/BOND/BLUE_ARCHIVE_GEHENNA20_PHASE2_PRIVATE_CONTEXTUAL_ACCOUNT_20261008.md,REF:CYCLE008_ACCEPTED,REF:CYCLE008_SCOPE,unresolved,,REF:CYCLE008_LIMITS,UNASSESSED,REF:PRIVATE_PRIORITY,,,
BA:character_data:event_costume:1900957101:character:10147,character_data,MANDATORY_COMPLETE_REVIEW,02_CANONICAL_STORIES/CHARACTER_DATA/CONTEXTUAL/BA_character_data_event_costume_1900957101_character_10147.md,ee9db2c73d85a8f6f88716596523ce8d9c6c76c78a86c47c2fbd924ca704c9b3,ADMITTED,series/blue-archive/02 Sequential Readings/BOND/BLUE_ARCHIVE_GEHENNA20_PHASE2_PRIVATE_CONTEXTUAL_ACCOUNT_20261008.md,REF:CYCLE008_ACCEPTED,REF:CYCLE008_SCOPE,unresolved,,REF:CYCLE008_LIMITS,UNASSESSED,REF:PRIVATE_PRIORITY,,,
BA:character_data:event_costume:1900957201:character:10148,character_data,MANDATORY_COMPLETE_REVIEW,02_CANONICAL_STORIES/CHARACTER_DATA/CONTEXTUAL/BA_character_data_event_costume_1900957201_character_10148.md,e507ed21a492e5c6f5b3f563247c665cdafde739dcbea2af7702af441d94019d,ADMITTED,series/blue-archive/02 Sequential Readings/BOND/BLUE_ARCHIVE_GEHENNA20_PHASE2_PRIVATE_CONTEXTUAL_ACCOUNT_20261008.md,REF:CYCLE008_ACCEPTED,REF:CYCLE008_SCOPE,unresolved,,REF:CYCLE008_LIMITS,UNASSESSED,REF:PRIVATE_PRIORITY,,,
BA:character_data:event_costume:1900957301:character:20060,character_data,MANDATORY_COMPLETE_REVIEW,02_CANONICAL_STORIES/CHARACTER_DATA/CONTEXTUAL/BA_character_data_event_costume_1900957301_character_20060.md,661df429187e0295e41554c610a0042172c0b44edf77c6fa35c2ac439fc49319,ADMITTED,series/blue-archive/02 Sequential Readings/BOND/BLUE_ARCHIVE_GEHENNA20_PHASE2_PRIVATE_CONTEXTUAL_ACCOUNT_20261008.md,REF:CYCLE008_ACCEPTED,REF:CYCLE008_SCOPE,unresolved,,REF:CYCLE008_LIMITS,UNASSESSED,REF:PRIVATE_PRIORITY,,,
BA:character_data:event_costume:1900957401:character:26016,character_data,MANDATORY_COMPLETE_REVIEW,02_CANONICAL_STORIES/CHARACTER_DATA/CONTEXTUAL/BA_character_data_event_costume_1900957401_character_26016.md,38fae72263acd6f556e6c02e8b02ce5fe47c9c1e4afd7feb1061b6828ab4f4cb,ADMITTED,series/blue-archive/02 Sequential Readings/BOND/BLUE_ARCHIVE_GEHENNA20_PHASE2_PRIVATE_CONTEXTUAL_ACCOUNT_20261008.md,REF:CYCLE008_ACCEPTED,REF:CYCLE008_SCOPE,unresolved,,REF:CYCLE008_LIMITS,UNASSESSED,REF:PRIVATE_PRIORITY,,,
BA:character_data:event_costume:1900958101:character:10149,character_data,MANDATORY_COMPLETE_REVIEW,02_CANONICAL_STORIES/CHARACTER_DATA/CONTEXTUAL/BA_character_data_event_costume_1900958101_character_10149.md,5ed430f1963754b63493647c3891c061f3d46e62baafdd1bb5161c6f7442cc4d,ADMITTED,series/blue-archive/02 Sequential Readings/BOND/KOKORO/BLUE_ARCHIVE_KOKORO_PHASE2_PRIVATE_CONTEXTUAL_ACCOUNT_20261008.md,REF:CYCLE008_ACCEPTED,REF:CYCLE008_SCOPE,unresolved,,REF:CYCLE008_LIMITS,UNASSESSED,REF:PRIVATE_PRIORITY,,,
BA:character_data:event_costume:1900958201:character:10150,character_data,MANDATORY_COMPLETE_REVIEW,02_CANONICAL_STORIES/CHARACTER_DATA/CONTEXTUAL/BA_character_data_event_costume_1900958201_character_10150.md,a3bc44d3e2935008edcef073eabeebbe2e1af20c646047551ee1082bb75201d2,ADMITTED,series/blue-archive/02 Sequential Readings/BOND/KOTONE/BLUE_ARCHIVE_KOTONE_PHASE2_PRIVATE_CONTEXTUAL_ACCOUNT_20261008.md,REF:CYCLE008_ACCEPTED,REF:CYCLE008_SCOPE,unresolved,,REF:CYCLE008_LIMITS,UNASSESSED,REF:PRIVATE_PRIORITY,,,
BA:character_data:event_costume:1900958301:character:20061,character_data,MANDATORY_COMPLETE_REVIEW,02_CANONICAL_STORIES/CHARACTER_DATA/CONTEXTUAL/BA_character_data_event_costume_1900958301_character_20061.md,b6ef047b5f146c209468d63bddbeca0a62e02c1f5f875b124cf5d8a00fbaa350,ADMITTED,series/blue-archive/02 Sequential Readings/BOND/BLUE_ARCHIVE_GEHENNA20_PHASE2_PRIVATE_CONTEXTUAL_ACCOUNT_20261008.md,REF:CYCLE008_ACCEPTED,REF:CYCLE008_SCOPE,unresolved,,REF:CYCLE008_LIMITS,UNASSESSED,REF:PRIVATE_PRIORITY,,,
BA:character_data:event_costume:1900959101:character:10151,character_data,MANDATORY_COMPLETE_REVIEW,02_CANONICAL_STORIES/CHARACTER_DATA/CONTEXTUAL/BA_character_data_event_costume_1900959101_character_10151.md,91cfa6b735d8bae1052f32591db83b773382f9f88ff162071b44792f22573fa0,ADMITTED,series/blue-archive/02 Sequential Readings/BOND/BLUE_ARCHIVE_ANNA_ERINA_PHASE2_PRIVATE_CONTEXTUAL_ACCOUNT_20261009.md,REF:CYCLE008_ACCEPTED,REF:CYCLE008_SCOPE,unresolved,,REF:CYCLE008_LIMITS;REF:NEW80_ROOT_QUALIFIED;REF:NEW80_IDENTITY_MODES,UNASSESSED,REF:PRIVATE_PRIORITY,,,
BA:character_data:event_costume:1900959201:character:20062,character_data,MANDATORY_COMPLETE_REVIEW,02_CANONICAL_STORIES/CHARACTER_DATA/CONTEXTUAL/BA_character_data_event_costume_1900959201_character_20062.md,5477d351d3e1e422890bee801505f87c53e36c5248b00a2b8a6ce8b7eb32a73d,ADMITTED,series/blue-archive/02 Sequential Readings/BOND/BLUE_ARCHIVE_ANNA_ERINA_PHASE2_PRIVATE_CONTEXTUAL_ACCOUNT_20261009.md,REF:CYCLE008_ACCEPTED,REF:CYCLE008_SCOPE,unresolved,,REF:CYCLE008_LIMITS;REF:NEW80_ROOT_QUALIFIED;REF:NEW80_IDENTITY_MODES,UNASSESSED,REF:PRIVATE_PRIORITY,,,
