story_id,source_type,phase2_requirement,canonical_path,canonical_sha256,review_state,analysis_path,admission_record,admitted_claim_scope,chronology_status,chronology_anchor,attribution_limits,analytical_priority,priority_reason,scene_count,utterance_count,choice_group_count
BA:momotalk:10000:thread:100000010,momotalk,MANDATORY_COMPLETE_REVIEW,02_CANONICAL_STORIES/MOMOTALK/ARU/THREAD_100000010.md,78d32fba85532d7a06684e577ec6e6670631a70b47857adecd0f543d98e34c1b,ADMITTED,series/blue-archive/02 Sequential Readings/BOND/ARU/BLUE_ARCHIVE_ARU_PRIVATE_CONTEXTUALIZATION_CHECKPOINT.md,REF:CYCLE008_ACCEPTED,REF:CYCLE008_SCOPE,unresolved,,REF:CYCLE008_LIMITS,UNASSESSED,REF:PRIVATE_PRIORITY,,,
BA:momotalk:10000:thread:100000090,momotalk,MANDATORY_COMPLETE_REVIEW,02_CANONICAL_STORIES/MOMOTALK/ARU/THREAD_100000090.md,a7607eeed028a65658797629a2c2cc478aa19d049405a89597f54cf1099f9d8b,ADMITTED,series/blue-archive/02 Sequential Readings/BOND/ARU/BLUE_ARCHIVE_ARU_PRIVATE_CONTEXTUALIZATION_CHECKPOINT.md,REF:CYCLE008_ACCEPTED,REF:CYCLE008_SCOPE,unresolved,,REF:CYCLE008_LIMITS,UNASSESSED,REF:PRIVATE_PRIORITY,,,
BA:momotalk:10000:thread:100000150,momotalk,MANDATORY_COMPLETE_REVIEW,02_CANONICAL_STORIES/MOMOTALK/ARU/THREAD_100000150.md,c15db73fc242e1304c3c8029858b688c231dff4beb9f76501b21ead6bcab0f61,ADMITTED,series/blue-archive/02 Sequential Readings/BOND/ARU/BLUE_ARCHIVE_ARU_PRIVATE_CONTEXTUALIZATION_CHECKPOINT.md,REF:CYCLE008_ACCEPTED,REF:CYCLE008_SCOPE,unresolved,,REF:CYCLE008_LIMITS,UNASSESSED,REF:PRIVATE_PRIORITY,,,
BA:momotalk:10000:thread:100000190,momotalk,MANDATORY_COMPLETE_REVIEW,02_CANONICAL_STORIES/MOMOTALK/ARU/THREAD_100000190.md,57431a467f0db264e66cee6d22000ee35d78abe5b1f9ceca5466b47df9f63165,ADMITTED,series/blue-archive/02 Sequential Readings/BOND/ARU/BLUE_ARCHIVE_ARU_PRIVATE_CONTEXTUALIZATION_CHECKPOINT.md,REF:CYCLE008_ACCEPTED,REF:CYCLE008_SCOPE,unresolved,,REF:CYCLE008_LIMITS,UNASSESSED,REF:PRIVATE_PRIORITY,,,
BA:momotalk:10000:thread:100000250,momotalk,MANDATORY_COMPLETE_REVIEW,02_CANONICAL_STORIES/MOMOTALK/ARU/THREAD_100000250.md,f74b17f6e12d83d3a02b2df696028c7874210e8b8220e0c5c8bd8b504ea67466,ADMITTED,series/blue-archive/02 Sequential Readings/BOND/ARU/BLUE_ARCHIVE_ARU_PRIVATE_CONTEXTUALIZATION_CHECKPOINT.md,REF:CYCLE008_ACCEPTED,REF:CYCLE008_SCOPE,unresolved,,REF:CYCLE008_LIMITS,UNASSESSED,REF:PRIVATE_PRIORITY,,,
BA:momotalk:10001:thread:100010010,momotalk,MANDATORY_COMPLETE_REVIEW,02_CANONICAL_STORIES/MOMOTALK/EIMI/THREAD_100010010.md,2f9d1fde0fbdefdc8ee8a828c72e67ad104669e1ac80463abe7e02ad1e26999a,ADMITTED,series/blue-archive/02 Sequential Readings/BOND/BLUE_ARCHIVE_EIMI_PHASE2_PRIVATE_CONTEXTUAL_ACCOUNT_20261008.md,REF:CYCLE008_ACCEPTED,REF:CYCLE008_SCOPE,unresolved,,REF:CYCLE008_LIMITS,UNASSESSED,REF:PRIVATE_PRIORITY,,,
BA:momotalk:10001:thread:100010100,momotalk,MANDATORY_COMPLETE_REVIEW,02_CANONICAL_STORIES/MOMOTALK/EIMI/THREAD_100010100.md,399668aafee332054811263d6d70da909dd40938d1b5ad23ad63e490832e14ac,ADMITTED,series/blue-archive/02 Sequential Readings/BOND/BLUE_ARCHIVE_EIMI_PHASE2_PRIVATE_CONTEXTUAL_ACCOUNT_20261008.md,REF:CYCLE008_ACCEPTED,REF:CYCLE008_SCOPE,unresolved,,REF:CYCLE008_LIMITS,UNASSESSED,REF:PRIVATE_PRIORITY,,,
BA:momotalk:10001:thread:100010150,momotalk,MANDATORY_COMPLETE_REVIEW,02_CANONICAL_STORIES/MOMOTALK/EIMI/THREAD_100010150.md,b26050b7d00a2374e19a5b6b052fc52a550beed89afaf3e652858b0817815a29,ADMITTED,series/blue-archive/02 Sequential Readings/BOND/BLUE_ARCHIVE_EIMI_PHASE2_PRIVATE_CONTEXTUAL_ACCOUNT_20261008.md,REF:CYCLE008_ACCEPTED,REF:CYCLE008_SCOPE,unresolved,,REF:CYCLE008_LIMITS,UNASSESSED,REF:PRIVATE_PRIORITY,,,
BA:momotalk:10001:thread:100010230,momotalk,MANDATORY_COMPLETE_REVIEW,02_CANONICAL_STORIES/MOMOTALK/EIMI/THREAD_100010230.md,5dab82a7cf3192db8eeab6c605abef6f3f8e7a8743bda4afed357367800e3f39,ADMITTED,series/blue-archive/02 Sequential Readings/BOND/BLUE_ARCHIVE_EIMI_PHASE2_PRIVATE_CONTEXTUAL_ACCOUNT_20261008.md,REF:CYCLE008_ACCEPTED,REF:CYCLE008_SCOPE,unresolved,,REF:CYCLE008_LIMITS,UNASSESSED,REF:PRIVATE_PRIORITY,,,
BA:momotalk:10001:thread:100010280,momotalk,MANDATORY_COMPLETE_REVIEW,02_CANONICAL_STORIES/MOMOTALK/EIMI/THREAD_100010280.md,64629c55c25540e0ddce0d2fb50bfd810f3f960b8dfad015d94628f0b0ad94f4,ADMITTED,series/blue-archive/02 Sequential Readings/BOND/BLUE_ARCHIVE_EIMI_PHASE2_PRIVATE_CONTEXTUAL_ACCOUNT_20261008.md,REF:CYCLE008_ACCEPTED,REF:CYCLE008_SCOPE,unresolved,,REF:CYCLE008_LIMITS,UNASSESSED,REF:PRIVATE_PRIORITY,,,
BA:momotalk:10001:thread:100010330,momotalk,MANDATORY_COMPLETE_REVIEW,02_CANONICAL_STORIES/MOMOTALK/EIMI/THREAD_100010330.md,55bc2349b07a5094f5ca4998947f0b4694f666156aeb2a707eddac8890e09f58,ADMITTED,series/blue-archive/02 Sequential Readings/BOND/BLUE_ARCHIVE_EIMI_PHASE2_PRIVATE_CONTEXTUAL_ACCOUNT_20261008.md,REF:CYCLE008_ACCEPTED,REF:CYCLE008_SCOPE,unresolved,,REF:CYCLE008_LIMITS,UNASSESSED,REF:PRIVATE_PRIORITY,,,
BA:momotalk:10002:thread:100020010,momotalk,MANDATORY_COMPLETE_REVIEW,02_CANONICAL_STORIES/MOMOTALK/HARUNA/THREAD_100020010.md,670040651ff501a7b85bec4765cab746a9ac3976eab8cd83bc7d618942c411db,ADMITTED,series/blue-archive/02 Sequential Readings/BOND/BLUE_ARCHIVE_GEHENNA20_PHASE2_PRIVATE_CONTEXTUAL_ACCOUNT_20261008.md,REF:CYCLE008_ACCEPTED,REF:CYCLE008_SCOPE,unresolved,,REF:CYCLE008_LIMITS,UNASSESSED,REF:PRIVATE_PRIORITY,,,
BA:momotalk:10002:thread:100020090,momotalk,MANDATORY_COMPLETE_REVIEW,02_CANONICAL_STORIES/MOMOTALK/HARUNA/THREAD_100020090.md,29899b9617165e3ce1f3fa973c801c6423d0aad7a251bd0517c44fd4f3c8f27d,ADMITTED,series/blue-archive/02 Sequential Readings/BOND/BLUE_ARCHIVE_GEHENNA20_PHASE2_PRIVATE_CONTEXTUAL_ACCOUNT_20261008.md,REF:CYCLE008_ACCEPTED,REF:CYCLE008_SCOPE,unresolved,,REF:CYCLE008_LIMITS,UNASSESSED,REF:PRIVATE_PRIORITY,,,
BA:momotalk:10002:thread:100020210,momotalk,MANDATORY_COMPLETE_REVIEW,02_CANONICAL_STORIES/MOMOTALK/HARUNA/THREAD_100020210.md,0b1f5bf3b8b4b5e4369cc0a1f6dac57e856928f92d3b6c5b7eb9d7b0997b6c6f,ADMITTED,series/blue-archive/02 Sequential Readings/BOND/BLUE_ARCHIVE_GEHENNA20_PHASE2_PRIVATE_CONTEXTUAL_ACCOUNT_20261008.md,REF:CYCLE008_ACCEPTED,REF:CYCLE008_SCOPE,unresolved,,REF:CYCLE008_LIMITS,UNASSESSED,REF:PRIVATE_PRIORITY,,,
BA:momotalk:10002:thread:100020250,momotalk,MANDATORY_COMPLETE_REVIEW,02_CANONICAL_STORIES/MOMOTALK/HARUNA/THREAD_100020250.md,1375ecfc6df22934d8dbcefbfee786744cf0cf411036faf69c9d3f771a2535c6,ADMITTED,series/blue-archive/02 Sequential Readings/BOND/BLUE_ARCHIVE_GEHENNA20_PHASE2_PRIVATE_CONTEXTUAL_ACCOUNT_20261008.md,REF:CYCLE008_ACCEPTED,REF:CYCLE008_SCOPE,unresolved,,REF:CYCLE008_LIMITS,UNASSESSED,REF:PRIVATE_PRIORITY,,,
BA:momotalk:10003:thread:100030010,momotalk,MANDATORY_COMPLETE_REVIEW,02_CANONICAL_STORIES/MOMOTALK/HIHUMI/THREAD_100030010.md,47472df5ad8e2fcb5bb9cfbc57fec6eb2a70d122862843d1afbeb3e8af381c97,ADMITTED,series/blue-archive/02 Sequential Readings/BOND/HIFUMI/BLUE_ARCHIVE_HIFUMI_PRIVATE_CONTEXTUALIZATION_CHECKPOINT.md,REF:CYCLE008_ACCEPTED,REF:CYCLE008_SCOPE,unresolved,,REF:CYCLE008_LIMITS,UNASSESSED,REF:PRIVATE_PRIORITY,,,
BA:momotalk:10003:thread:100030050,momotalk,MANDATORY_COMPLETE_REVIEW,02_CANONICAL_STORIES/MOMOTALK/HIHUMI/THREAD_100030050.md,9e5521d10ce2f02425a89991c759e3a45add7535dbc56422f01ffc687e7f9a20,ADMITTED,series/blue-archive/02 Sequential Readings/BOND/HIFUMI/BLUE_ARCHIVE_HIFUMI_PRIVATE_CONTEXTUALIZATION_CHECKPOINT.md,REF:CYCLE008_ACCEPTED,REF:CYCLE008_SCOPE,unresolved,,REF:CYCLE008_LIMITS,UNASSESSED,REF:PRIVATE_PRIORITY,,,
BA:momotalk:10003:thread:100030100,momotalk,MANDATORY_COMPLETE_REVIEW,02_CANONICAL_STORIES/MOMOTALK/HIHUMI/THREAD_100030100.md,25d950987600cb977c316404ac601b07f9446c24547d9553d6d8d2dffae1e56e,ADMITTED,series/blue-archive/02 Sequential Readings/BOND/HIFUMI/BLUE_ARCHIVE_HIFUMI_PRIVATE_CONTEXTUALIZATION_CHECKPOINT.md,REF:CYCLE008_ACCEPTED,REF:CYCLE008_SCOPE,unresolved,,REF:CYCLE008_LIMITS,UNASSESSED,REF:PRIVATE_PRIORITY,,,
BA:momotalk:10003:thread:100030140,momotalk,MANDATORY_COMPLETE_REVIEW,02_CANONICAL_STORIES/MOMOTALK/HIHUMI/THREAD_100030140.md,1694f7e8c606ae972a365f22449b7f7a5b9eb14ce36331a1222e2a40822d3309,ADMITTED,series/blue-archive/02 Sequential Readings/BOND/HIFUMI/BLUE_ARCHIVE_HIFUMI_PRIVATE_CONTEXTUALIZATION_CHECKPOINT.md,REF:CYCLE008_ACCEPTED,REF:CYCLE008_SCOPE,unresolved,,REF:CYCLE008_LIMITS,UNASSESSED,REF:PRIVATE_PRIORITY,,,
BA:momotalk:10003:thread:100030220,momotalk,MANDATORY_COMPLETE_REVIEW,02_CANONICAL_STORIES/MOMOTALK/HIHUMI/THREAD_100030220.md,608d02318579a98e34cf67f3d13861f9694093fb3622ca40afb54bea4c61b6fb,ADMITTED,series/blue-archive/02 Sequential Readings/BOND/HIFUMI/BLUE_ARCHIVE_HIFUMI_PRIVATE_CONTEXTUALIZATION_CHECKPOINT.md,REF:CYCLE008_ACCEPTED,REF:CYCLE008_SCOPE,unresolved,,REF:CYCLE008_LIMITS,UNASSESSED,REF:PRIVATE_PRIORITY,,,
BA:momotalk:10003:thread:100030260,momotalk,MANDATORY_COMPLETE_REVIEW,02_CANONICAL_STORIES/MOMOTALK/HIHUMI/THREAD_100030260.md,bef9c55867f62531b2d9a9b21ac981ad1f51ab35653984b5f3c8313af9e228d1,ADMITTED,series/blue-archive/02 Sequential Readings/BOND/HIFUMI/BLUE_ARCHIVE_HIFUMI_PRIVATE_CONTEXTUALIZATION_CHECKPOINT.md,REF:CYCLE008_ACCEPTED,REF:CYCLE008_SCOPE,unresolved,,REF:CYCLE008_LIMITS,UNASSESSED,REF:PRIVATE_PRIORITY,,,
BA:momotalk:10004:thread:100040010,momotalk,MANDATORY_COMPLETE_REVIEW,02_CANONICAL_STORIES/MOMOTALK/HINA/THREAD_100040010.md,097c209e2d85446a15b0bbe7e35520276929b703b36b1e0fdeeefdde533e6d30,ADMITTED,series/blue-archive/02 Sequential Readings/BOND/BLUE_ARCHIVE_GEHENNA20_PHASE2_PRIVATE_CONTEXTUAL_ACCOUNT_20261008.md,REF:CYCLE008_ACCEPTED,REF:CYCLE008_SCOPE,unresolved,,REF:CYCLE008_LIMITS,UNASSESSED,REF:PRIVATE_PRIORITY,,,
BA:momotalk:10004:thread:100040090,momotalk,MANDATORY_COMPLETE_REVIEW,02_CANONICAL_STORIES/MOMOTALK/HINA/THREAD_100040090.md,693d500ef4ec3ef58ceccaa2c7bc902c7bf11113f8bb98ed40b22e31dc3eba8b,ADMITTED,series/blue-archive/02 Sequential Readings/BOND/BLUE_ARCHIVE_GEHENNA20_PHASE2_PRIVATE_CONTEXTUAL_ACCOUNT_20261008.md,REF:CYCLE008_ACCEPTED,REF:CYCLE008_SCOPE,unresolved,,REF:CYCLE008_LIMITS,UNASSESSED,REF:PRIVATE_PRIORITY,,,
BA:momotalk:10004:thread:100040210,momotalk,MANDATORY_COMPLETE_REVIEW,02_CANONICAL_STORIES/MOMOTALK/HINA/THREAD_100040210.md,696c83f48e351bfec7e381060e6df3d084f9246eeec1b5f67e2774c8ff7b66b3,ADMITTED,series/blue-archive/02 Sequential Readings/BOND/BLUE_ARCHIVE_GEHENNA20_PHASE2_PRIVATE_CONTEXTUAL_ACCOUNT_20261008.md,REF:CYCLE008_ACCEPTED,REF:CYCLE008_SCOPE,unresolved,,REF:CYCLE008_LIMITS,UNASSESSED,REF:PRIVATE_PRIORITY,,,
BA:momotalk:10004:thread:100040310,momotalk,MANDATORY_COMPLETE_REVIEW,02_CANONICAL_STORIES/MOMOTALK/HINA/THREAD_100040310.md,4b8fd1b824ee0ecbd8f0bc9225e58954ba1149a745006b336ed52e81f6fbbc12,ADMITTED,series/blue-archive/02 Sequential Readings/BOND/BLUE_ARCHIVE_GEHENNA20_PHASE2_PRIVATE_CONTEXTUAL_ACCOUNT_20261008.md,REF:CYCLE008_ACCEPTED,REF:CYCLE008_SCOPE,unresolved,,REF:CYCLE008_LIMITS,UNASSESSED,REF:PRIVATE_PRIORITY,,,
BA:momotalk:10004:thread:100040370,momotalk,MANDATORY_COMPLETE_REVIEW,02_CANONICAL_STORIES/MOMOTALK/HINA/THREAD_100040370.md,654c25a139d6043d93f247b110ea42cb02c0f868e58525869597de34b14e6f9e,ADMITTED,series/blue-archive/02 Sequential Readings/BOND/BLUE_ARCHIVE_GEHENNA20_PHASE2_PRIVATE_CONTEXTUAL_ACCOUNT_20261008.md,REF:CYCLE008_ACCEPTED,REF:CYCLE008_SCOPE,unresolved,,REF:CYCLE008_LIMITS,UNASSESSED,REF:PRIVATE_PRIORITY,,,
BA:momotalk:10004:thread:100040450,momotalk,MANDATORY_COMPLETE_REVIEW,02_CANONICAL_STORIES/MOMOTALK/HINA/THREAD_100040450.md,522ff9905804d486401c396a042f93151a9ecf7d1b89c102557c0c78515ff34e,ADMITTED,series/blue-archive/02 Sequential Readings/BOND/BLUE_ARCHIVE_GEHENNA20_PHASE2_PRIVATE_CONTEXTUAL_ACCOUNT_20261008.md,REF:CYCLE008_ACCEPTED,REF:CYCLE008_SCOPE,unresolved,,REF:CYCLE008_LIMITS,UNASSESSED,REF:PRIVATE_PRIORITY,,,
BA:momotalk:10005:thread:100050010,momotalk,MANDATORY_COMPLETE_REVIEW,02_CANONICAL_STORIES/MOMOTALK/HOSHINO/THREAD_100050010.md,aef21967b9dff1b4d1dace8b12adc9baff0c0e2a91df80bcd9161678f133d3b1,ADMITTED,series/blue-archive/02 Sequential Readings/BOND/BLUE_ARCHIVE_HOSHINO_PHASE2_PRIVATE_CONTEXTUAL_ACCOUNT_20261008.md,REF:CYCLE008_ACCEPTED,REF:CYCLE008_SCOPE,unresolved,,REF:CYCLE008_LIMITS,UNASSESSED,REF:PRIVATE_PRIORITY,,,
BA:momotalk:10005:thread:100050070,momotalk,MANDATORY_COMPLETE_REVIEW,02_CANONICAL_STORIES/MOMOTALK/HOSHINO/THREAD_100050070.md,411dff1886806aa91642a758e2b3928fd22f961fe22a0933a3dbf50485747d67,ADMITTED,series/blue-archive/02 Sequential Readings/BOND/BLUE_ARCHIVE_HOSHINO_PHASE2_PRIVATE_CONTEXTUAL_ACCOUNT_20261008.md,REF:CYCLE008_ACCEPTED,REF:CYCLE008_SCOPE,unresolved,,REF:CYCLE008_LIMITS,UNASSESSED,REF:PRIVATE_PRIORITY,,,
BA:momotalk:10005:thread:100050100,momotalk,MANDATORY_COMPLETE_REVIEW,02_CANONICAL_STORIES/MOMOTALK/HOSHINO/THREAD_100050100.md,b186957a3098df0d7c0a5798a60f0f691485ee3eb0dff56c2f13f02b3cf9322f,ADMITTED,series/blue-archive/02 Sequential Readings/BOND/BLUE_ARCHIVE_HOSHINO_PHASE2_PRIVATE_CONTEXTUAL_ACCOUNT_20261008.md,REF:CYCLE008_ACCEPTED,REF:CYCLE008_SCOPE,unresolved,,REF:CYCLE008_LIMITS,UNASSESSED,REF:PRIVATE_PRIORITY,,,
BA:momotalk:10005:thread:100050180,momotalk,MANDATORY_COMPLETE_REVIEW,02_CANONICAL_STORIES/MOMOTALK/HOSHINO/THREAD_100050180.md,48cd76038e23e7af2150e981f8bec5b2dfec19fe2cb4349f5d5e2e9d06101027,ADMITTED,series/blue-archive/02 Sequential Readings/BOND/BLUE_ARCHIVE_HOSHINO_PHASE2_PRIVATE_CONTEXTUAL_ACCOUNT_20261008.md,REF:CYCLE008_ACCEPTED,REF:CYCLE008_SCOPE,unresolved,,REF:CYCLE008_LIMITS,UNASSESSED,REF:PRIVATE_PRIORITY,,,
BA:momotalk:10005:thread:100050280,momotalk,MANDATORY_COMPLETE_REVIEW,02_CANONICAL_STORIES/MOMOTALK/HOSHINO/THREAD_100050280.md,b997d548097760593f26e7e8846b9bfe3bf456eba230836a6ba70ecbe77947cf,ADMITTED,series/blue-archive/02 Sequential Readings/BOND/BLUE_ARCHIVE_HOSHINO_PHASE2_PRIVATE_CONTEXTUAL_ACCOUNT_20261008.md,REF:CYCLE008_ACCEPTED,REF:CYCLE008_SCOPE,unresolved,,REF:CYCLE008_LIMITS,UNASSESSED,REF:PRIVATE_PRIORITY,,,
BA:momotalk:10005:thread:100050430,momotalk,MANDATORY_COMPLETE_REVIEW,02_CANONICAL_STORIES/MOMOTALK/HOSHINO/THREAD_100050430.md,cab78288969a8a8cb5b6b05e4ca03fe95c7bbef882787eef9bc42af648d85a00,ADMITTED,series/blue-archive/02 Sequential Readings/BOND/BLUE_ARCHIVE_HOSHINO_PHASE2_PRIVATE_CONTEXTUAL_ACCOUNT_20261008.md,REF:CYCLE008_ACCEPTED,REF:CYCLE008_SCOPE,unresolved,,REF:CYCLE008_LIMITS,UNASSESSED,REF:PRIVATE_PRIORITY,,,
BA:momotalk:10005:thread:100050460,momotalk,MANDATORY_COMPLETE_REVIEW,02_CANONICAL_STORIES/MOMOTALK/HOSHINO/THREAD_100050460.md,b40057d030b90197ed65855cdb5980fe31e5c3dd60bd0de436044b90cadcdff1,ADMITTED,series/blue-archive/02 Sequential Readings/BOND/BLUE_ARCHIVE_HOSHINO_PHASE2_PRIVATE_CONTEXTUAL_ACCOUNT_20261008.md,REF:CYCLE008_ACCEPTED,REF:CYCLE008_SCOPE,unresolved,,REF:CYCLE008_LIMITS,UNASSESSED,REF:PRIVATE_PRIORITY,,,
BA:momotalk:10006:thread:100060010,momotalk,MANDATORY_COMPLETE_REVIEW,02_CANONICAL_STORIES/MOMOTALK/IORI/THREAD_100060010.md,5dcbef8a609612d9d2201770643d61d7f344c2b766254601513c90e361bfe8e5,ADMITTED,series/blue-archive/02 Sequential Readings/BOND/BLUE_ARCHIVE_GEHENNA20_PHASE2_PRIVATE_CONTEXTUAL_ACCOUNT_20261008.md,REF:CYCLE008_ACCEPTED,REF:CYCLE008_SCOPE,unresolved,,REF:CYCLE008_LIMITS,UNASSESSED,REF:PRIVATE_PRIORITY,,,
BA:momotalk:10006:thread:100060070,momotalk,MANDATORY_COMPLETE_REVIEW,02_CANONICAL_STORIES/MOMOTALK/IORI/THREAD_100060070.md,7ea072b257096d49c5e2f072fbd0e8755e50a144e6cdd8296c3ffa8939803ff5,ADMITTED,series/blue-archive/02 Sequential Readings/BOND/BLUE_ARCHIVE_GEHENNA20_PHASE2_PRIVATE_CONTEXTUAL_ACCOUNT_20261008.md,REF:CYCLE008_ACCEPTED,REF:CYCLE008_SCOPE,unresolved,,REF:CYCLE008_LIMITS,UNASSESSED,REF:PRIVATE_PRIORITY,,,
BA:momotalk:10006:thread:100060160,momotalk,MANDATORY_COMPLETE_REVIEW,02_CANONICAL_STORIES/MOMOTALK/IORI/THREAD_100060160.md,fbff0bbe415eb63ce8940091b4d67f1b966d5bbcddbf26feff98c9121c156d39,ADMITTED,series/blue-archive/02 Sequential Readings/BOND/BLUE_ARCHIVE_GEHENNA20_PHASE2_PRIVATE_CONTEXTUAL_ACCOUNT_20261008.md,REF:CYCLE008_ACCEPTED,REF:CYCLE008_SCOPE,unresolved,,REF:CYCLE008_LIMITS,UNASSESSED,REF:PRIVATE_PRIORITY,,,
BA:momotalk:10006:thread:100060260,momotalk,MANDATORY_COMPLETE_REVIEW,02_CANONICAL_STORIES/MOMOTALK/IORI/THREAD_100060260.md,b556deeb4526fb6e5039e71ed64759c81f14c63f9a0ecbe2060be995415bf49c,ADMITTED,series/blue-archive/02 Sequential Readings/BOND/BLUE_ARCHIVE_GEHENNA20_PHASE2_PRIVATE_CONTEXTUAL_ACCOUNT_20261008.md,REF:CYCLE008_ACCEPTED,REF:CYCLE008_SCOPE,unresolved,,REF:CYCLE008_LIMITS,UNASSESSED,REF:PRIVATE_PRIORITY,,,
BA:momotalk:10006:thread:100060310,momotalk,MANDATORY_COMPLETE_REVIEW,02_CANONICAL_STORIES/MOMOTALK/IORI/THREAD_100060310.md,94e6ec9bf92f1aecf51e41ff95799268a5de6e8d4f23764c1ddd2d3b29ed589a,ADMITTED,series/blue-archive/02 Sequential Readings/BOND/BLUE_ARCHIVE_GEHENNA20_PHASE2_PRIVATE_CONTEXTUAL_ACCOUNT_20261008.md,REF:CYCLE008_ACCEPTED,REF:CYCLE008_SCOPE,unresolved,,REF:CYCLE008_LIMITS,UNASSESSED,REF:PRIVATE_PRIORITY,,,
BA:momotalk:10007:thread:100070010,momotalk,MANDATORY_COMPLETE_REVIEW,02_CANONICAL_STORIES/MOMOTALK/MAKI/THREAD_100070010.md,635d6ab43bc6dccf8a2f51d0c8d439c856b0588e97b7f199d0e53d14b3329f7c,ADMITTED,series/blue-archive/02 Sequential Readings/BOND/BLUE_ARCHIVE_MAKI_PHASE2_PRIVATE_CONTEXTUAL_ACCOUNT_20261008.md,REF:CYCLE008_ACCEPTED,REF:CYCLE008_SCOPE,unresolved,,REF:CYCLE008_LIMITS,UNASSESSED,REF:PRIVATE_PRIORITY,,,
BA:momotalk:10007:thread:100070110,momotalk,MANDATORY_COMPLETE_REVIEW,02_CANONICAL_STORIES/MOMOTALK/MAKI/THREAD_100070110.md,66f6c132c654baf14ff077fbf33e80c78bac19c88d5e499f36c0893ddf192f48,ADMITTED,series/blue-archive/02 Sequential Readings/BOND/BLUE_ARCHIVE_MAKI_PHASE2_PRIVATE_CONTEXTUAL_ACCOUNT_20261008.md,REF:CYCLE008_ACCEPTED,REF:CYCLE008_SCOPE,unresolved,,REF:CYCLE008_LIMITS,UNASSESSED,REF:PRIVATE_PRIORITY,,,
BA:momotalk:10007:thread:100070220,momotalk,MANDATORY_COMPLETE_REVIEW,02_CANONICAL_STORIES/MOMOTALK/MAKI/THREAD_100070220.md,302987b8c6f1f9450d10ca269327dd783466d9bf753c9aa011838daadd0a1756,ADMITTED,series/blue-archive/02 Sequential Readings/BOND/BLUE_ARCHIVE_MAKI_PHASE2_PRIVATE_CONTEXTUAL_ACCOUNT_20261008.md,REF:CYCLE008_ACCEPTED,REF:CYCLE008_SCOPE,unresolved,,REF:CYCLE008_LIMITS,UNASSESSED,REF:PRIVATE_PRIORITY,,,
BA:momotalk:10007:thread:100070320,momotalk,MANDATORY_COMPLETE_REVIEW,02_CANONICAL_STORIES/MOMOTALK/MAKI/THREAD_100070320.md,57e0f4bb4bb7ab1ebc7ac675dae82f5d219ce537db69a9c1d05fd19122f1600a,ADMITTED,series/blue-archive/02 Sequential Readings/BOND/BLUE_ARCHIVE_MAKI_PHASE2_PRIVATE_CONTEXTUAL_ACCOUNT_20261008.md,REF:CYCLE008_ACCEPTED,REF:CYCLE008_SCOPE,unresolved,,REF:CYCLE008_LIMITS,UNASSESSED,REF:PRIVATE_PRIORITY,,,
BA:momotalk:10007:thread:100070420,momotalk,MANDATORY_COMPLETE_REVIEW,02_CANONICAL_STORIES/MOMOTALK/MAKI/THREAD_100070420.md,f75b59afacbc0d0cfb858fe9bf85d58ce2194f24f80fef05d0b0dedb1d5f4ec3,ADMITTED,series/blue-archive/02 Sequential Readings/BOND/BLUE_ARCHIVE_MAKI_PHASE2_PRIVATE_CONTEXTUAL_ACCOUNT_20261008.md,REF:CYCLE008_ACCEPTED,REF:CYCLE008_SCOPE,unresolved,,REF:CYCLE008_LIMITS,UNASSESSED,REF:PRIVATE_PRIORITY,,,
BA:momotalk:10008:thread:100080010,momotalk,MANDATORY_COMPLETE_REVIEW,02_CANONICAL_STORIES/MOMOTALK/NERU/THREAD_100080010.md,01a56a65f16e6ccafe2a337755088cf4ebb793e437afb393842fabe2e5fc16fe,ADMITTED,series/blue-archive/02 Sequential Readings/BOND/BLUE_ARCHIVE_NERU_PHASE2_PRIVATE_CONTEXTUAL_ACCOUNT_20261008.md,REF:CYCLE008_ACCEPTED,REF:CYCLE008_SCOPE,unresolved,,REF:CYCLE008_LIMITS,UNASSESSED,REF:PRIVATE_PRIORITY,,,
BA:momotalk:10008:thread:100080090,momotalk,MANDATORY_COMPLETE_REVIEW,02_CANONICAL_STORIES/MOMOTALK/NERU/THREAD_100080090.md,db822b22ba0c571184f2df398c0f0e60b0f513a09cd688dd945d673916588a65,ADMITTED,series/blue-archive/02 Sequential Readings/BOND/BLUE_ARCHIVE_NERU_PHASE2_PRIVATE_CONTEXTUAL_ACCOUNT_20261008.md,REF:CYCLE008_ACCEPTED,REF:CYCLE008_SCOPE,unresolved,,REF:CYCLE008_LIMITS,UNASSESSED,REF:PRIVATE_PRIORITY,,,
BA:momotalk:10008:thread:100080150,momotalk,MANDATORY_COMPLETE_REVIEW,02_CANONICAL_STORIES/MOMOTALK/NERU/THREAD_100080150.md,eac7a752131326206b3fd972e6d17787bb9633759c69f90f1b4391f847107fab,ADMITTED,series/blue-archive/02 Sequential Readings/BOND/BLUE_ARCHIVE_NERU_PHASE2_PRIVATE_CONTEXTUAL_ACCOUNT_20261008.md,REF:CYCLE008_ACCEPTED,REF:CYCLE008_SCOPE,unresolved,,REF:CYCLE008_LIMITS,UNASSESSED,REF:PRIVATE_PRIORITY,,,
BA:momotalk:10008:thread:100080190,momotalk,MANDATORY_COMPLETE_REVIEW,02_CANONICAL_STORIES/MOMOTALK/NERU/THREAD_100080190.md,aced4b949d18a308ec2e78057c830133fae9d9a727e92ab8cbe57cce79c7120b,ADMITTED,series/blue-archive/02 Sequential Readings/BOND/BLUE_ARCHIVE_NERU_PHASE2_PRIVATE_CONTEXTUAL_ACCOUNT_20261008.md,REF:CYCLE008_ACCEPTED,REF:CYCLE008_SCOPE,unresolved,,REF:CYCLE008_LIMITS,UNASSESSED,REF:PRIVATE_PRIORITY,,,
BA:momotalk:10008:thread:100080280,momotalk,MANDATORY_COMPLETE_REVIEW,02_CANONICAL_STORIES/MOMOTALK/NERU/THREAD_100080280.md,1c569ad8e03e677bd4479f98dc14fce96884d97b3cf7c1e460562a622b9b019b,ADMITTED,series/blue-archive/02 Sequential Readings/BOND/BLUE_ARCHIVE_NERU_PHASE2_PRIVATE_CONTEXTUAL_ACCOUNT_20261008.md,REF:CYCLE008_ACCEPTED,REF:CYCLE008_SCOPE,unresolved,,REF:CYCLE008_LIMITS,UNASSESSED,REF:PRIVATE_PRIORITY,,,
BA:momotalk:10008:thread:100080350,momotalk,MANDATORY_COMPLETE_REVIEW,02_CANONICAL_STORIES/MOMOTALK/NERU/THREAD_100080350.md,b6048d57b3c6fd88d98490dff9e05f8d1d9e1d14e991308ad34dcd4cf1d8a7bc,ADMITTED,series/blue-archive/02 Sequential Readings/BOND/BLUE_ARCHIVE_NERU_PHASE2_PRIVATE_CONTEXTUAL_ACCOUNT_20261008.md,REF:CYCLE008_ACCEPTED,REF:CYCLE008_SCOPE,unresolved,,REF:CYCLE008_LIMITS,UNASSESSED,REF:PRIVATE_PRIORITY,,,
BA:momotalk:10009:thread:100090010,momotalk,MANDATORY_COMPLETE_REVIEW,02_CANONICAL_STORIES/MOMOTALK/IZUMI/THREAD_100090010.md,9f3a89e77f76418b129d4e55732b4f1a657fc40dac5945c50d9b38e8da0b47bf,ADMITTED,series/blue-archive/02 Sequential Readings/BOND/BLUE_ARCHIVE_GEHENNA20_PHASE2_PRIVATE_CONTEXTUAL_ACCOUNT_20261008.md,REF:CYCLE008_ACCEPTED,REF:CYCLE008_SCOPE,unresolved,,REF:CYCLE008_LIMITS,UNASSESSED,REF:PRIVATE_PRIORITY,,,
BA:momotalk:10009:thread:100090070,momotalk,MANDATORY_COMPLETE_REVIEW,02_CANONICAL_STORIES/MOMOTALK/IZUMI/THREAD_100090070.md,fd71757c766b66f6a5f08f22f8229baea9f9d0e4f3da53a18336bdf2a87884ed,ADMITTED,series/blue-archive/02 Sequential Readings/BOND/BLUE_ARCHIVE_GEHENNA20_PHASE2_PRIVATE_CONTEXTUAL_ACCOUNT_20261008.md,REF:CYCLE008_ACCEPTED,REF:CYCLE008_SCOPE,unresolved,,REF:CYCLE008_LIMITS,UNASSESSED,REF:PRIVATE_PRIORITY,,,
BA:momotalk:10009:thread:100090120,momotalk,MANDATORY_COMPLETE_REVIEW,02_CANONICAL_STORIES/MOMOTALK/IZUMI/THREAD_100090120.md,0e26bf8d87dcb8e534aea2798d1a53e1e9cfce638cde20fa5be739b94adbdaf4,ADMITTED,series/blue-archive/02 Sequential Readings/BOND/BLUE_ARCHIVE_GEHENNA20_PHASE2_PRIVATE_CONTEXTUAL_ACCOUNT_20261008.md,REF:CYCLE008_ACCEPTED,REF:CYCLE008_SCOPE,unresolved,,REF:CYCLE008_LIMITS,UNASSESSED,REF:PRIVATE_PRIORITY,,,
BA:momotalk:10009:thread:100090160,momotalk,MANDATORY_COMPLETE_REVIEW,02_CANONICAL_STORIES/MOMOTALK/IZUMI/THREAD_100090160.md,26d57695b3fb4d4d185b080d10089a8f698494ede6340881b3312383c9c853e0,ADMITTED,series/blue-archive/02 Sequential Readings/BOND/BLUE_ARCHIVE_GEHENNA20_PHASE2_PRIVATE_CONTEXTUAL_ACCOUNT_20261008.md,REF:CYCLE008_ACCEPTED,REF:CYCLE008_SCOPE,unresolved,,REF:CYCLE008_LIMITS,UNASSESSED,REF:PRIVATE_PRIORITY,,,
BA:momotalk:10010:thread:100100010,momotalk,MANDATORY_COMPLETE_REVIEW,02_CANONICAL_STORIES/MOMOTALK/SHIROKO/THREAD_100100010.md,4068ae35177e7f04e64a97eef5c949ba96b87c2ccb0cba1bb8524424d2d4cc0e,ADMITTED,series/blue-archive/02 Sequential Readings/BOND/BLUE_ARCHIVE_SHIROKO_PHASE2_PRIVATE_CONTEXTUAL_ACCOUNT_20261008.md,REF:CYCLE008_ACCEPTED,REF:CYCLE008_SCOPE,unresolved,,REF:CYCLE008_LIMITS,UNASSESSED,REF:PRIVATE_PRIORITY,,,
BA:momotalk:10010:thread:100100110,momotalk,MANDATORY_COMPLETE_REVIEW,02_CANONICAL_STORIES/MOMOTALK/SHIROKO/THREAD_100100110.md,9646767dc81d4ffd31cbda0cbb2f231902166e343cbff31dde4b5c9a715c9a92,ADMITTED,series/blue-archive/02 Sequential Readings/BOND/BLUE_ARCHIVE_SHIROKO_PHASE2_PRIVATE_CONTEXTUAL_ACCOUNT_20261008.md,REF:CYCLE008_ACCEPTED,REF:CYCLE008_SCOPE,unresolved,,REF:CYCLE008_LIMITS,UNASSESSED,REF:PRIVATE_PRIORITY,,,
BA:momotalk:10010:thread:100100220,momotalk,MANDATORY_COMPLETE_REVIEW,02_CANONICAL_STORIES/MOMOTALK/SHIROKO/THREAD_100100220.md,c50fb819c84f52093d730d74759b23d5b4bf8a9e1f801b4734b6265ae9498bbe,ADMITTED,series/blue-archive/02 Sequential Readings/BOND/BLUE_ARCHIVE_SHIROKO_PHASE2_PRIVATE_CONTEXTUAL_ACCOUNT_20261008.md,REF:CYCLE008_ACCEPTED,REF:CYCLE008_SCOPE,unresolved,,REF:CYCLE008_LIMITS,UNASSESSED,REF:PRIVATE_PRIORITY,,,
BA:momotalk:10010:thread:100100300,momotalk,MANDATORY_COMPLETE_REVIEW,02_CANONICAL_STORIES/MOMOTALK/SHIROKO/THREAD_100100300.md,652e93fcd40ce570a86acaba0638201571794b9b0758427d91d23c19e71e9ee0,ADMITTED,series/blue-archive/02 Sequential Readings/BOND/BLUE_ARCHIVE_SHIROKO_PHASE2_PRIVATE_CONTEXTUAL_ACCOUNT_20261008.md,REF:CYCLE008_ACCEPTED,REF:CYCLE008_SCOPE,unresolved,,REF:CYCLE008_LIMITS,UNASSESSED,REF:PRIVATE_PRIORITY,,,
BA:momotalk:10010:thread:100100350,momotalk,MANDATORY_COMPLETE_REVIEW,02_CANONICAL_STORIES/MOMOTALK/SHIROKO/THREAD_100100350.md,08d97dbafd5909505c0095d41e16c483e2321a2072339bb9866645e2151a1591,ADMITTED,series/blue-archive/02 Sequential Readings/BOND/BLUE_ARCHIVE_SHIROKO_PHASE2_PRIVATE_CONTEXTUAL_ACCOUNT_20261008.md,REF:CYCLE008_ACCEPTED,REF:CYCLE008_SCOPE,unresolved,,REF:CYCLE008_LIMITS,UNASSESSED,REF:PRIVATE_PRIORITY,,,
BA:momotalk:10010:thread:100100420,momotalk,MANDATORY_COMPLETE_REVIEW,02_CANONICAL_STORIES/MOMOTALK/SHIROKO/THREAD_100100420.md,e55d39976fd2444e7b76f28e3cd9e245437f7758ecc2b6247b32b14889d77530,ADMITTED,series/blue-archive/02 Sequential Readings/BOND/BLUE_ARCHIVE_SHIROKO_PHASE2_PRIVATE_CONTEXTUAL_ACCOUNT_20261008.md,REF:CYCLE008_ACCEPTED,REF:CYCLE008_SCOPE,unresolved,,REF:CYCLE008_LIMITS,UNASSESSED,REF:PRIVATE_PRIORITY,,,
BA:momotalk:10010:thread:100100530,momotalk,MANDATORY_COMPLETE_REVIEW,02_CANONICAL_STORIES/MOMOTALK/SHIROKO/THREAD_100100530.md,10b2fecb5e56579bbe2ecbb51118cd17cd51496f54b1125fce42d80ffcffcebd,ADMITTED,series/blue-archive/02 Sequential Readings/BOND/BLUE_ARCHIVE_SHIROKO_PHASE2_PRIVATE_CONTEXTUAL_ACCOUNT_20261008.md,REF:CYCLE008_ACCEPTED,REF:CYCLE008_SCOPE,unresolved,,REF:CYCLE008_LIMITS,UNASSESSED,REF:PRIVATE_PRIORITY,,,
BA:momotalk:10011:thread:100110010,momotalk,MANDATORY_COMPLETE_REVIEW,02_CANONICAL_STORIES/MOMOTALK/SHUN/THREAD_100110010.md,bd62c2104f769c67da906e3cd4d2defc98e9db8c5dfc0c10c94a81885176e7d0,ADMITTED,series/blue-archive/02 Sequential Readings/BOND/BLUE_ARCHIVE_SHANHAIJING6_AND_SAYA_PHASE2_PRIVATE_CONTEXTUAL_ACCOUNT_20261008.md,REF:CYCLE008_ACCEPTED,REF:CYCLE008_SCOPE,unresolved,,REF:CYCLE008_LIMITS,UNASSESSED,REF:PRIVATE_PRIORITY,0,0,0
BA:momotalk:10011:thread:100110070,momotalk,MANDATORY_COMPLETE_REVIEW,02_CANONICAL_STORIES/MOMOTALK/SHUN/THREAD_100110070.md,bd75cb2153440c6c35329800fecea30e0ffc6d731f6eed0531c950882c373875,ADMITTED,series/blue-archive/02 Sequential Readings/BOND/BLUE_ARCHIVE_SHANHAIJING6_AND_SAYA_PHASE2_PRIVATE_CONTEXTUAL_ACCOUNT_20261008.md,REF:CYCLE008_ACCEPTED,REF:CYCLE008_SCOPE,unresolved,,REF:CYCLE008_LIMITS,UNASSESSED,REF:PRIVATE_PRIORITY,0,0,0
BA:momotalk:10011:thread:100110180,momotalk,MANDATORY_COMPLETE_REVIEW,02_CANONICAL_STORIES/MOMOTALK/SHUN/THREAD_100110180.md,d2743b1dfd308b10e3d53dd18a92758456356703f0a147b7f775e83e747a4a6e,ADMITTED,series/blue-archive/02 Sequential Readings/BOND/BLUE_ARCHIVE_SHANHAIJING6_AND_SAYA_PHASE2_PRIVATE_CONTEXTUAL_ACCOUNT_20261008.md,REF:CYCLE008_ACCEPTED,REF:CYCLE008_SCOPE,unresolved,,REF:CYCLE008_LIMITS,UNASSESSED,REF:PRIVATE_PRIORITY,0,0,0
BA:momotalk:10011:thread:100110220,momotalk,MANDATORY_COMPLETE_REVIEW,02_CANONICAL_STORIES/MOMOTALK/SHUN/THREAD_100110220.md,d66746accdcce0f0b47cf320b7eed1993f8348e456c49baa6d6544e777216c4c,ADMITTED,series/blue-archive/02 Sequential Readings/BOND/BLUE_ARCHIVE_SHANHAIJING6_AND_SAYA_PHASE2_PRIVATE_CONTEXTUAL_ACCOUNT_20261008.md,REF:CYCLE008_ACCEPTED,REF:CYCLE008_SCOPE,unresolved,,REF:CYCLE008_LIMITS,UNASSESSED,REF:PRIVATE_PRIORITY,0,0,0
BA:momotalk:10011:thread:100110290,momotalk,MANDATORY_COMPLETE_REVIEW,02_CANONICAL_STORIES/MOMOTALK/SHUN/THREAD_100110290.md,491b32427ca33e30eb8bf401f91e7f7947f89ae252c601996e82cafa53a97465,ADMITTED,series/blue-archive/02 Sequential Readings/BOND/BLUE_ARCHIVE_SHANHAIJING6_AND_SAYA_PHASE2_PRIVATE_CONTEXTUAL_ACCOUNT_20261008.md,REF:CYCLE008_ACCEPTED,REF:CYCLE008_SCOPE,unresolved,,REF:CYCLE008_LIMITS,UNASSESSED,REF:PRIVATE_PRIORITY,0,0,0
BA:momotalk:10011:thread:100110380,momotalk,MANDATORY_COMPLETE_REVIEW,02_CANONICAL_STORIES/MOMOTALK/SHUN/THREAD_100110380.md,b4ea629f4f36fe9e839d2ebe623d4880e78eff663aceeaff20f0f9ce7bb8202b,ADMITTED,series/blue-archive/02 Sequential Readings/BOND/BLUE_ARCHIVE_SHANHAIJING6_AND_SAYA_PHASE2_PRIVATE_CONTEXTUAL_ACCOUNT_20261008.md,REF:CYCLE008_ACCEPTED,REF:CYCLE008_SCOPE,unresolved,,REF:CYCLE008_LIMITS,UNASSESSED,REF:PRIVATE_PRIORITY,0,0,0
BA:momotalk:10012:thread:100120010,momotalk,MANDATORY_COMPLETE_REVIEW,02_CANONICAL_STORIES/MOMOTALK/SUMIRE/THREAD_100120010.md,e649ccf340550b439e653b29205c4bdc01e026cdacc1f663ce398d41990bb779,ADMITTED,series/blue-archive/02 Sequential Readings/BOND/BLUE_ARCHIVE_SUMIRE_PHASE2_PRIVATE_CONTEXTUAL_ACCOUNT_20261008.md,REF:CYCLE008_ACCEPTED,REF:CYCLE008_SCOPE,unresolved,,REF:CYCLE008_LIMITS,UNASSESSED,REF:PRIVATE_PRIORITY,,,
BA:momotalk:10012:thread:100120060,momotalk,MANDATORY_COMPLETE_REVIEW,02_CANONICAL_STORIES/MOMOTALK/SUMIRE/THREAD_100120060.md,bc05aa105ae9b11e9c0c3404d52007c07d1e1f7ac1256b6700463dee623de6a9,ADMITTED,series/blue-archive/02 Sequential Readings/BOND/BLUE_ARCHIVE_SUMIRE_PHASE2_PRIVATE_CONTEXTUAL_ACCOUNT_20261008.md,REF:CYCLE008_ACCEPTED,REF:CYCLE008_SCOPE,unresolved,,REF:CYCLE008_LIMITS,UNASSESSED,REF:PRIVATE_PRIORITY,,,
BA:momotalk:10012:thread:100120110,momotalk,MANDATORY_COMPLETE_REVIEW,02_CANONICAL_STORIES/MOMOTALK/SUMIRE/THREAD_100120110.md,1ac42e0038794a7d159b1fb796c7761045455351f0d304ff7688e0916ebea276,ADMITTED,series/blue-archive/02 Sequential Readings/BOND/BLUE_ARCHIVE_SUMIRE_PHASE2_PRIVATE_CONTEXTUAL_ACCOUNT_20261008.md,REF:CYCLE008_ACCEPTED,REF:CYCLE008_SCOPE,unresolved,,REF:CYCLE008_LIMITS,UNASSESSED,REF:PRIVATE_PRIORITY,,,
BA:momotalk:10012:thread:100120200,momotalk,MANDATORY_COMPLETE_REVIEW,02_CANONICAL_STORIES/MOMOTALK/SUMIRE/THREAD_100120200.md,aa512506ebb444e4bd4650e708708efefcdb3260ea4c6f30a0634dda894f5811,ADMITTED,series/blue-archive/02 Sequential Readings/BOND/BLUE_ARCHIVE_SUMIRE_PHASE2_PRIVATE_CONTEXTUAL_ACCOUNT_20261008.md,REF:CYCLE008_ACCEPTED,REF:CYCLE008_SCOPE,unresolved,,REF:CYCLE008_LIMITS,UNASSESSED,REF:PRIVATE_PRIORITY,,,
BA:momotalk:10012:thread:100120260,momotalk,MANDATORY_COMPLETE_REVIEW,02_CANONICAL_STORIES/MOMOTALK/SUMIRE/THREAD_100120260.md,4e9944e099d42494f1cf2ed89884f9e1228e5522a44a1b8c1631758ac24a9255,ADMITTED,series/blue-archive/02 Sequential Readings/BOND/BLUE_ARCHIVE_SUMIRE_PHASE2_PRIVATE_CONTEXTUAL_ACCOUNT_20261008.md,REF:CYCLE008_ACCEPTED,REF:CYCLE008_SCOPE,unresolved,,REF:CYCLE008_LIMITS,UNASSESSED,REF:PRIVATE_PRIORITY,,,
BA:momotalk:10013:thread:100130010,momotalk,MANDATORY_COMPLETE_REVIEW,02_CANONICAL_STORIES/MOMOTALK/TSURUGI/THREAD_100130010.md,a2d037e56398f27434afcba83785c602ed66a676046d84c44e54756fd0536daf,ADMITTED,series/blue-archive/02 Sequential Readings/BOND/BLUE_ARCHIVE_HASUMI_TSURUGI_PRIVATE_CONTEXTUALIZATION_CHECKPOINT.md,REF:CYCLE008_ACCEPTED,REF:CYCLE008_SCOPE,unresolved,,REF:CYCLE008_LIMITS,UNASSESSED,REF:PRIVATE_PRIORITY,,,
BA:momotalk:10013:thread:100130050,momotalk,MANDATORY_COMPLETE_REVIEW,02_CANONICAL_STORIES/MOMOTALK/TSURUGI/THREAD_100130050.md,af4a0224c8ab757a05a079fb9c5838a41d9bc4b45ec76c35716e63f60906ae20,ADMITTED,series/blue-archive/02 Sequential Readings/BOND/BLUE_ARCHIVE_HASUMI_TSURUGI_PRIVATE_CONTEXTUALIZATION_CHECKPOINT.md,REF:CYCLE008_ACCEPTED,REF:CYCLE008_SCOPE,unresolved,,REF:CYCLE008_LIMITS,UNASSESSED,REF:PRIVATE_PRIORITY,,,
BA:momotalk:10013:thread:100130150,momotalk,MANDATORY_COMPLETE_REVIEW,02_CANONICAL_STORIES/MOMOTALK/TSURUGI/THREAD_100130150.md,1bad4469ed857ca52f78a75528c9bdf79557311a33b25753f31c88155ab56c24,ADMITTED,series/blue-archive/02 Sequential Readings/BOND/BLUE_ARCHIVE_HASUMI_TSURUGI_PRIVATE_CONTEXTUALIZATION_CHECKPOINT.md,REF:CYCLE008_ACCEPTED,REF:CYCLE008_SCOPE,unresolved,,REF:CYCLE008_LIMITS,UNASSESSED,REF:PRIVATE_PRIORITY,,,
BA:momotalk:10013:thread:100130210,momotalk,MANDATORY_COMPLETE_REVIEW,02_CANONICAL_STORIES/MOMOTALK/TSURUGI/THREAD_100130210.md,380c07b16b610a9c5fab8c06504d9c47614a027cc7fc3cfb5a70111ee3db5a82,ADMITTED,series/blue-archive/02 Sequential Readings/BOND/BLUE_ARCHIVE_HASUMI_TSURUGI_PRIVATE_CONTEXTUALIZATION_CHECKPOINT.md,REF:CYCLE008_ACCEPTED,REF:CYCLE008_SCOPE,unresolved,,REF:CYCLE008_LIMITS,UNASSESSED,REF:PRIVATE_PRIORITY,,,
BA:momotalk:10014:thread:100140010,momotalk,MANDATORY_COMPLETE_REVIEW,02_CANONICAL_STORIES/MOMOTALK/IZUNA/THREAD_100140010.md,875c3b646a8d39958ae312d5f7cc4e51a5c8986dc048619ecb0ac50f63827c3d,ADMITTED,series/blue-archive/02 Sequential Readings/BOND/BLUE_ARCHIVE_NINJA_MICHIRU_IZUNA_TSUKUYO_PHASE2_PRIVATE_CONTEXTUAL_ACCOUNT_20261008.md,REF:CYCLE008_ACCEPTED,REF:CYCLE008_SCOPE,unresolved,,REF:CYCLE008_LIMITS,UNASSESSED,REF:PRIVATE_PRIORITY,,,
BA:momotalk:10014:thread:100140100,momotalk,MANDATORY_COMPLETE_REVIEW,02_CANONICAL_STORIES/MOMOTALK/IZUNA/THREAD_100140100.md,395c8660fd2e2b55b6f2acd725dd0ecdc07a3a20b80a585d37b3c74844d40856,ADMITTED,series/blue-archive/02 Sequential Readings/BOND/BLUE_ARCHIVE_NINJA_MICHIRU_IZUNA_TSUKUYO_PHASE2_PRIVATE_CONTEXTUAL_ACCOUNT_20261008.md,REF:CYCLE008_ACCEPTED,REF:CYCLE008_SCOPE,unresolved,,REF:CYCLE008_LIMITS,UNASSESSED,REF:PRIVATE_PRIORITY,,,
BA:momotalk:10014:thread:100140180,momotalk,MANDATORY_COMPLETE_REVIEW,02_CANONICAL_STORIES/MOMOTALK/IZUNA/THREAD_100140180.md,7c4f430f1ba1cbb0c403915625309bb2ad5a6fd8126c73848baa8d96fb84ec97,ADMITTED,series/blue-archive/02 Sequential Readings/BOND/BLUE_ARCHIVE_NINJA_MICHIRU_IZUNA_TSUKUYO_PHASE2_PRIVATE_CONTEXTUAL_ACCOUNT_20261008.md,REF:CYCLE008_ACCEPTED,REF:CYCLE008_SCOPE,unresolved,,REF:CYCLE008_LIMITS,UNASSESSED,REF:PRIVATE_PRIORITY,,,
BA:momotalk:10014:thread:100140290,momotalk,MANDATORY_COMPLETE_REVIEW,02_CANONICAL_STORIES/MOMOTALK/IZUNA/THREAD_100140290.md,99d5592dd66afb754a88cdca94ea1067d1c7f072b7bacf545539cf45c9aa1a91,ADMITTED,series/blue-archive/02 Sequential Readings/BOND/BLUE_ARCHIVE_NINJA_MICHIRU_IZUNA_TSUKUYO_PHASE2_PRIVATE_CONTEXTUAL_ACCOUNT_20261008.md,REF:CYCLE008_ACCEPTED,REF:CYCLE008_SCOPE,unresolved,,REF:CYCLE008_LIMITS,UNASSESSED,REF:PRIVATE_PRIORITY,,,
BA:momotalk:10015:thread:1001500010,momotalk,MANDATORY_COMPLETE_REVIEW,02_CANONICAL_STORIES/MOMOTALK/ARIS/THREAD_1001500010.md,2e7e11f35c5265d105ae4bebbff296a2616f9a53564164c5122e34eb8cb99285,ADMITTED,series/blue-archive/02 Sequential Readings/BOND/BLUE_ARCHIVE_ALICE_PHASE2_PRIVATE_CONTEXTUAL_ACCOUNT_20261008.md,REF:CYCLE008_ACCEPTED,REF:CYCLE008_SCOPE,unresolved,,REF:CYCLE008_LIMITS,UNASSESSED,REF:PRIVATE_PRIORITY,,,
BA:momotalk:10015:thread:1001500080,momotalk,MANDATORY_COMPLETE_REVIEW,02_CANONICAL_STORIES/MOMOTALK/ARIS/THREAD_1001500080.md,6d88da13acd2b49f80534f375606824a86ba8719bef5091153008998110141a1,ADMITTED,series/blue-archive/02 Sequential Readings/BOND/BLUE_ARCHIVE_ALICE_PHASE2_PRIVATE_CONTEXTUAL_ACCOUNT_20261008.md,REF:CYCLE008_ACCEPTED,REF:CYCLE008_SCOPE,unresolved,,REF:CYCLE008_LIMITS,UNASSESSED,REF:PRIVATE_PRIORITY,,,
BA:momotalk:10015:thread:1001500190,momotalk,MANDATORY_COMPLETE_REVIEW,02_CANONICAL_STORIES/MOMOTALK/ARIS/THREAD_1001500190.md,a5044999d9c3d954ed93eef99506be848e3b5e3f4f0d48b62e559583115b02c6,ADMITTED,series/blue-archive/02 Sequential Readings/BOND/BLUE_ARCHIVE_ALICE_PHASE2_PRIVATE_CONTEXTUAL_ACCOUNT_20261008.md,REF:CYCLE008_ACCEPTED,REF:CYCLE008_SCOPE,unresolved,,REF:CYCLE008_LIMITS,UNASSESSED,REF:PRIVATE_PRIORITY,,,
BA:momotalk:10015:thread:1001500290,momotalk,MANDATORY_COMPLETE_REVIEW,02_CANONICAL_STORIES/MOMOTALK/ARIS/THREAD_1001500290.md,38232bd4c44d24aa96446a3e0dcb64195bc1862bc62fdbdf416290b5719d48fe,ADMITTED,series/blue-archive/02 Sequential Readings/BOND/BLUE_ARCHIVE_ALICE_PHASE2_PRIVATE_CONTEXTUAL_ACCOUNT_20261008.md,REF:CYCLE008_ACCEPTED,REF:CYCLE008_SCOPE,unresolved,,REF:CYCLE008_LIMITS,UNASSESSED,REF:PRIVATE_PRIORITY,,,
BA:momotalk:10015:thread:1001500320,momotalk,MANDATORY_COMPLETE_REVIEW,02_CANONICAL_STORIES/MOMOTALK/ARIS/THREAD_1001500320.md,fb0fa75002d1c128a53ed795d8c31f1b092fea3b5cc0999d7e1e1c456c9de3ab,ADMITTED,series/blue-archive/02 Sequential Readings/BOND/BLUE_ARCHIVE_ALICE_PHASE2_PRIVATE_CONTEXTUAL_ACCOUNT_20261008.md,REF:CYCLE008_ACCEPTED,REF:CYCLE008_SCOPE,unresolved,,REF:CYCLE008_LIMITS,UNASSESSED,REF:PRIVATE_PRIORITY,,,
BA:momotalk:10015:thread:1001500410,momotalk,MANDATORY_COMPLETE_REVIEW,02_CANONICAL_STORIES/MOMOTALK/ARIS/THREAD_1001500410.md,723802905341df4098947ce440fa73917e28ad55b3e02a736a5e0fcbc47bb310,ADMITTED,series/blue-archive/02 Sequential Readings/BOND/BLUE_ARCHIVE_ALICE_PHASE2_PRIVATE_CONTEXTUAL_ACCOUNT_20261008.md,REF:CYCLE008_ACCEPTED,REF:CYCLE008_SCOPE,unresolved,,REF:CYCLE008_LIMITS,UNASSESSED,REF:PRIVATE_PRIORITY,,,
BA:momotalk:10016:thread:100160010,momotalk,MANDATORY_COMPLETE_REVIEW,02_CANONICAL_STORIES/MOMOTALK/MIDORI/THREAD_100160010.md,856b3bc24aaddb18a5f065380bca12dee072e79d3f75ad9a18650aeee8973ef5,ADMITTED,series/blue-archive/02 Sequential Readings/BOND/BLUE_ARCHIVE_MIDORI_PHASE2_PRIVATE_CONTEXTUAL_ACCOUNT_20261008.md,REF:CYCLE008_ACCEPTED,REF:CYCLE008_SCOPE,unresolved,,REF:CYCLE008_LIMITS,UNASSESSED,REF:PRIVATE_PRIORITY,,,
BA:momotalk:10016:thread:100160080,momotalk,MANDATORY_COMPLETE_REVIEW,02_CANONICAL_STORIES/MOMOTALK/MIDORI/THREAD_100160080.md,6863384626c9f871d761b6a62b63a0e958e75d9554871c6d9f8fd026ff2ac6f5,ADMITTED,series/blue-archive/02 Sequential Readings/BOND/BLUE_ARCHIVE_MIDORI_PHASE2_PRIVATE_CONTEXTUAL_ACCOUNT_20261008.md,REF:CYCLE008_ACCEPTED,REF:CYCLE008_SCOPE,unresolved,,REF:CYCLE008_LIMITS,UNASSESSED,REF:PRIVATE_PRIORITY,,,
BA:momotalk:10016:thread:100160130,momotalk,MANDATORY_COMPLETE_REVIEW,02_CANONICAL_STORIES/MOMOTALK/MIDORI/THREAD_100160130.md,466b10e79a58641c9e0d75cdecf8383534741feef56ec71e1b45f3d733b54a9c,ADMITTED,series/blue-archive/02 Sequential Readings/BOND/BLUE_ARCHIVE_MIDORI_PHASE2_PRIVATE_CONTEXTUAL_ACCOUNT_20261008.md,REF:CYCLE008_ACCEPTED,REF:CYCLE008_SCOPE,unresolved,,REF:CYCLE008_LIMITS,UNASSESSED,REF:PRIVATE_PRIORITY,,,
BA:momotalk:10016:thread:100160210,momotalk,MANDATORY_COMPLETE_REVIEW,02_CANONICAL_STORIES/MOMOTALK/MIDORI/THREAD_100160210.md,4a7775527f7e9d6ad9ea283719eecfe59dfff293e7d779d17b283a6fbd66c191,ADMITTED,series/blue-archive/02 Sequential Readings/BOND/BLUE_ARCHIVE_MIDORI_PHASE2_PRIVATE_CONTEXTUAL_ACCOUNT_20261008.md,REF:CYCLE008_ACCEPTED,REF:CYCLE008_SCOPE,unresolved,,REF:CYCLE008_LIMITS,UNASSESSED,REF:PRIVATE_PRIORITY,,,
BA:momotalk:10016:thread:100160300,momotalk,MANDATORY_COMPLETE_REVIEW,02_CANONICAL_STORIES/MOMOTALK/MIDORI/THREAD_100160300.md,fade6153b1764d27a9f45af9e79bbb5263ba664c60b441c06e0eebf597f468b2,ADMITTED,series/blue-archive/02 Sequential Readings/BOND/BLUE_ARCHIVE_MIDORI_PHASE2_PRIVATE_CONTEXTUAL_ACCOUNT_20261008.md,REF:CYCLE008_ACCEPTED,REF:CYCLE008_SCOPE,unresolved,,REF:CYCLE008_LIMITS,UNASSESSED,REF:PRIVATE_PRIORITY,,,
BA:momotalk:10017:thread:100170010,momotalk,MANDATORY_COMPLETE_REVIEW,02_CANONICAL_STORIES/MOMOTALK/CHERINO/THREAD_100170010.md,a1e957598dc2bfcfe95c0906b04ab633bd8812b29535da567055c931869cd98f,ADMITTED,series/blue-archive/02 Sequential Readings/BOND/BLUE_ARCHIVE_RED_WINTER7_PHASE2_PRIVATE_CONTEXTUAL_ACCOUNT_20261008.md,REF:CYCLE008_ACCEPTED,REF:CYCLE008_SCOPE,unresolved,,REF:CYCLE008_LIMITS,UNASSESSED,REF:PRIVATE_PRIORITY,0,0,0
BA:momotalk:10017:thread:100170140,momotalk,MANDATORY_COMPLETE_REVIEW,02_CANONICAL_STORIES/MOMOTALK/CHERINO/THREAD_100170140.md,333425baa3f787e4c656e571bd4c910ee4a7b700eb545dfc240490cf267fc087,ADMITTED,series/blue-archive/02 Sequential Readings/BOND/BLUE_ARCHIVE_RED_WINTER7_PHASE2_PRIVATE_CONTEXTUAL_ACCOUNT_20261008.md,REF:CYCLE008_ACCEPTED,REF:CYCLE008_SCOPE,unresolved,,REF:CYCLE008_LIMITS,UNASSESSED,REF:PRIVATE_PRIORITY,0,0,0
BA:momotalk:10017:thread:100170200,momotalk,MANDATORY_COMPLETE_REVIEW,02_CANONICAL_STORIES/MOMOTALK/CHERINO/THREAD_100170200.md,2fae025728d593d1e2e404b08996d15ae8735adeb69c4e264a21968591d16945,ADMITTED,series/blue-archive/02 Sequential Readings/BOND/BLUE_ARCHIVE_RED_WINTER7_PHASE2_PRIVATE_CONTEXTUAL_ACCOUNT_20261008.md,REF:CYCLE008_ACCEPTED,REF:CYCLE008_SCOPE,unresolved,,REF:CYCLE008_LIMITS,UNASSESSED,REF:PRIVATE_PRIORITY,0,0,0
BA:momotalk:10017:thread:100170250,momotalk,MANDATORY_COMPLETE_REVIEW,02_CANONICAL_STORIES/MOMOTALK/CHERINO/THREAD_100170250.md,71f9f065a0a10cdd6aa4792ae4f910925910d541733fb2acb012a49dc36bcc5b,ADMITTED,series/blue-archive/02 Sequential Readings/BOND/BLUE_ARCHIVE_RED_WINTER7_PHASE2_PRIVATE_CONTEXTUAL_ACCOUNT_20261008.md,REF:CYCLE008_ACCEPTED,REF:CYCLE008_SCOPE,unresolved,,REF:CYCLE008_LIMITS,UNASSESSED,REF:PRIVATE_PRIORITY,0,0,0
BA:momotalk:10017:thread:100170310,momotalk,MANDATORY_COMPLETE_REVIEW,02_CANONICAL_STORIES/MOMOTALK/CHERINO/THREAD_100170310.md,c4dcf1c1206b5e7ab30bff5b87fdeb10154cbe5d1a5bdd1af105d2593fc172dc,ADMITTED,series/blue-archive/02 Sequential Readings/BOND/BLUE_ARCHIVE_RED_WINTER7_PHASE2_PRIVATE_CONTEXTUAL_ACCOUNT_20261008.md,REF:CYCLE008_ACCEPTED,REF:CYCLE008_SCOPE,unresolved,,REF:CYCLE008_LIMITS,UNASSESSED,REF:PRIVATE_PRIORITY,0,0,0
BA:momotalk:10018:thread:100180010,momotalk,MANDATORY_COMPLETE_REVIEW,02_CANONICAL_STORIES/MOMOTALK/YUZU/THREAD_100180010.md,81b1423939df32556f3062a3758cc7c27266204c06581b85084ac807617e4aea,ADMITTED,series/blue-archive/02 Sequential Readings/BOND/BLUE_ARCHIVE_YUZU_PHASE2_PRIVATE_CONTEXTUAL_ACCOUNT_20261008.md,REF:CYCLE008_ACCEPTED,REF:CYCLE008_SCOPE,unresolved,,REF:CYCLE008_LIMITS,UNASSESSED,REF:PRIVATE_PRIORITY,,,
BA:momotalk:10018:thread:100180100,momotalk,MANDATORY_COMPLETE_REVIEW,02_CANONICAL_STORIES/MOMOTALK/YUZU/THREAD_100180100.md,85137422cf396bffcb97ec379cbd7a4448d60e72bc65b438739e2230c5b505b1,ADMITTED,series/blue-archive/02 Sequential Readings/BOND/BLUE_ARCHIVE_YUZU_PHASE2_PRIVATE_CONTEXTUAL_ACCOUNT_20261008.md,REF:CYCLE008_ACCEPTED,REF:CYCLE008_SCOPE,unresolved,,REF:CYCLE008_LIMITS,UNASSESSED,REF:PRIVATE_PRIORITY,,,
BA:momotalk:10018:thread:100180180,momotalk,MANDATORY_COMPLETE_REVIEW,02_CANONICAL_STORIES/MOMOTALK/YUZU/THREAD_100180180.md,a553199e580578cc42e220fa0649b0b752836d8549876d1a918f0de119ed13c4,ADMITTED,series/blue-archive/02 Sequential Readings/BOND/BLUE_ARCHIVE_YUZU_PHASE2_PRIVATE_CONTEXTUAL_ACCOUNT_20261008.md,REF:CYCLE008_ACCEPTED,REF:CYCLE008_SCOPE,unresolved,,REF:CYCLE008_LIMITS,UNASSESSED,REF:PRIVATE_PRIORITY,,,
BA:momotalk:10018:thread:100180240,momotalk,MANDATORY_COMPLETE_REVIEW,02_CANONICAL_STORIES/MOMOTALK/YUZU/THREAD_100180240.md,12bf7e4b5f68eaa30848d4434bd274bbbb70365e06b5f53db9c07f350343d442,ADMITTED,series/blue-archive/02 Sequential Readings/BOND/BLUE_ARCHIVE_YUZU_PHASE2_PRIVATE_CONTEXTUAL_ACCOUNT_20261008.md,REF:CYCLE008_ACCEPTED,REF:CYCLE008_SCOPE,unresolved,,REF:CYCLE008_LIMITS,UNASSESSED,REF:PRIVATE_PRIORITY,,,
BA:momotalk:10018:thread:100180300,momotalk,MANDATORY_COMPLETE_REVIEW,02_CANONICAL_STORIES/MOMOTALK/YUZU/THREAD_100180300.md,232348f9858d80c42ba600ebd0ce6b6bb1c6befde88d77f4bd3d4d16e5e37ce1,ADMITTED,series/blue-archive/02 Sequential Readings/BOND/BLUE_ARCHIVE_YUZU_PHASE2_PRIVATE_CONTEXTUAL_ACCOUNT_20261008.md,REF:CYCLE008_ACCEPTED,REF:CYCLE008_SCOPE,unresolved,,REF:CYCLE008_LIMITS,UNASSESSED,REF:PRIVATE_PRIORITY,,,
BA:momotalk:10018:thread:100180420,momotalk,MANDATORY_COMPLETE_REVIEW,02_CANONICAL_STORIES/MOMOTALK/YUZU/THREAD_100180420.md,7efb5d2a2d7b6ea277d3a0c10197320828dba2155f1d6443a96852ab805090b6,ADMITTED,series/blue-archive/02 Sequential Readings/BOND/BLUE_ARCHIVE_YUZU_PHASE2_PRIVATE_CONTEXTUAL_ACCOUNT_20261008.md,REF:CYCLE008_ACCEPTED,REF:CYCLE008_SCOPE,unresolved,,REF:CYCLE008_LIMITS,UNASSESSED,REF:PRIVATE_PRIORITY,,,
BA:momotalk:10019:thread:100190010,momotalk,MANDATORY_COMPLETE_REVIEW,02_CANONICAL_STORIES/MOMOTALK/AZUSA/THREAD_100190010.md,783e32b1ce93212e818e86aa70bb5134ce9797174e181a709f299887500acc90,ADMITTED,series/blue-archive/02 Sequential Readings/BOND/AZUSA/BLUE_ARCHIVE_AZUSA_PRIVATE_CONTEXTUALIZATION_CHECKPOINT.md,REF:CYCLE008_ACCEPTED,REF:CYCLE008_SCOPE,unresolved,,REF:CYCLE008_LIMITS,UNASSESSED,REF:PRIVATE_PRIORITY,,,
BA:momotalk:10019:thread:100190170,momotalk,MANDATORY_COMPLETE_REVIEW,02_CANONICAL_STORIES/MOMOTALK/AZUSA/THREAD_100190170.md,7117a9615ec80a97242b38f037896332883b52fbd81c02fb899a47431c19f791,ADMITTED,series/blue-archive/02 Sequential Readings/BOND/AZUSA/BLUE_ARCHIVE_AZUSA_PRIVATE_CONTEXTUALIZATION_CHECKPOINT.md,REF:CYCLE008_ACCEPTED,REF:CYCLE008_SCOPE,unresolved,,REF:CYCLE008_LIMITS,UNASSESSED,REF:PRIVATE_PRIORITY,,,
BA:momotalk:10019:thread:100190290,momotalk,MANDATORY_COMPLETE_REVIEW,02_CANONICAL_STORIES/MOMOTALK/AZUSA/THREAD_100190290.md,87209d8dd827a8db5674ecbe3454ea774f10a967422011cf636eaa6870503011,ADMITTED,series/blue-archive/02 Sequential Readings/BOND/AZUSA/BLUE_ARCHIVE_AZUSA_PRIVATE_CONTEXTUALIZATION_CHECKPOINT.md,REF:CYCLE008_ACCEPTED,REF:CYCLE008_SCOPE,unresolved,,REF:CYCLE008_LIMITS,UNASSESSED,REF:PRIVATE_PRIORITY,,,
BA:momotalk:10019:thread:100190400,momotalk,MANDATORY_COMPLETE_REVIEW,02_CANONICAL_STORIES/MOMOTALK/AZUSA/THREAD_100190400.md,18569ee0e99e0e47e7d54ed76c33557cbf1781b15108416a11ec51b9a58e8396,ADMITTED,series/blue-archive/02 Sequential Readings/BOND/AZUSA/BLUE_ARCHIVE_AZUSA_PRIVATE_CONTEXTUALIZATION_CHECKPOINT.md,REF:CYCLE008_ACCEPTED,REF:CYCLE008_SCOPE,unresolved,,REF:CYCLE008_LIMITS,UNASSESSED,REF:PRIVATE_PRIORITY,,,
BA:momotalk:10020:thread:100200010,momotalk,MANDATORY_COMPLETE_REVIEW,02_CANONICAL_STORIES/MOMOTALK/KOHARU/THREAD_100200010.md,fa29a11989cb368f3b468d401f2cf0322dcad155b2dae133bbe68cfb835f8267,ADMITTED,series/blue-archive/02 Sequential Readings/BOND/KOHARU/BLUE_ARCHIVE_KOHARU_PRIVATE_CONTEXTUALIZATION_CHECKPOINT.md,REF:CYCLE008_ACCEPTED,REF:CYCLE008_SCOPE,unresolved,,REF:CYCLE008_LIMITS,UNASSESSED,REF:PRIVATE_PRIORITY,,,
BA:momotalk:10020:thread:100200080,momotalk,MANDATORY_COMPLETE_REVIEW,02_CANONICAL_STORIES/MOMOTALK/KOHARU/THREAD_100200080.md,c6f6ccb9bb774798c60e2b09d140931673bb1d8813e7ed73da7443010bfe9277,ADMITTED,series/blue-archive/02 Sequential Readings/BOND/KOHARU/BLUE_ARCHIVE_KOHARU_PRIVATE_CONTEXTUALIZATION_CHECKPOINT.md,REF:CYCLE008_ACCEPTED,REF:CYCLE008_SCOPE,unresolved,,REF:CYCLE008_LIMITS,UNASSESSED,REF:PRIVATE_PRIORITY,,,
BA:momotalk:10020:thread:100200120,momotalk,MANDATORY_COMPLETE_REVIEW,02_CANONICAL_STORIES/MOMOTALK/KOHARU/THREAD_100200120.md,12d8793249d88668c356069e973ac21ab006d85d448544a6c6d0b4d635ed7dfb,ADMITTED,series/blue-archive/02 Sequential Readings/BOND/KOHARU/BLUE_ARCHIVE_KOHARU_PRIVATE_CONTEXTUALIZATION_CHECKPOINT.md,REF:CYCLE008_ACCEPTED,REF:CYCLE008_SCOPE,unresolved,,REF:CYCLE008_LIMITS,UNASSESSED,REF:PRIVATE_PRIORITY,,,
BA:momotalk:10020:thread:100200230,momotalk,MANDATORY_COMPLETE_REVIEW,02_CANONICAL_STORIES/MOMOTALK/KOHARU/THREAD_100200230.md,9dbb706767c2922fc7a162b76443d3ff74225511daccb7258dc0ab01cd8dc39e,ADMITTED,series/blue-archive/02 Sequential Readings/BOND/KOHARU/BLUE_ARCHIVE_KOHARU_PRIVATE_CONTEXTUALIZATION_CHECKPOINT.md,REF:CYCLE008_ACCEPTED,REF:CYCLE008_SCOPE,unresolved,,REF:CYCLE008_LIMITS,UNASSESSED,REF:PRIVATE_PRIORITY,,,
BA:momotalk:10021:thread:10021010,momotalk,MANDATORY_COMPLETE_REVIEW,02_CANONICAL_STORIES/MOMOTALK/AZUSA/THREAD_10021010.md,d80a1f69bed097dd05220191aa60a3302c3b34515fb06efa2106551e40d88737,ADMITTED,series/blue-archive/02 Sequential Readings/BOND/AZUSA/BLUE_ARCHIVE_AZUSA_PRIVATE_CONTEXTUALIZATION_CHECKPOINT.md,REF:CYCLE008_ACCEPTED,REF:CYCLE008_SCOPE,unresolved,,REF:CYCLE008_LIMITS,UNASSESSED,REF:PRIVATE_PRIORITY,,,
BA:momotalk:10021:thread:10021120,momotalk,MANDATORY_COMPLETE_REVIEW,02_CANONICAL_STORIES/MOMOTALK/AZUSA/THREAD_10021120.md,0379808f560d75aba204924c89ac424ce70dbf578e46df95ede532db68a90e16,ADMITTED,series/blue-archive/02 Sequential Readings/BOND/AZUSA/BLUE_ARCHIVE_AZUSA_PRIVATE_CONTEXTUALIZATION_CHECKPOINT.md,REF:CYCLE008_ACCEPTED,REF:CYCLE008_SCOPE,unresolved,,REF:CYCLE008_LIMITS,UNASSESSED,REF:PRIVATE_PRIORITY,,,
BA:momotalk:10021:thread:10021440,momotalk,MANDATORY_COMPLETE_REVIEW,02_CANONICAL_STORIES/MOMOTALK/AZUSA/THREAD_10021440.md,256a0fa524a5e38ce7dc0676d222e4cc02cf39f6d24a7aff6ab198e87a75a75a,ADMITTED,series/blue-archive/02 Sequential Readings/BOND/AZUSA/BLUE_ARCHIVE_AZUSA_PRIVATE_CONTEXTUALIZATION_CHECKPOINT.md,REF:CYCLE008_ACCEPTED,REF:CYCLE008_SCOPE,unresolved,,REF:CYCLE008_LIMITS,UNASSESSED,REF:PRIVATE_PRIORITY,,,
BA:momotalk:10021:thread:10021570,momotalk,MANDATORY_COMPLETE_REVIEW,02_CANONICAL_STORIES/MOMOTALK/AZUSA/THREAD_10021570.md,b253f6625f473c072d7bda5a82eb31706a01dee91f64f48b8ce58b8e41ce565a,ADMITTED,series/blue-archive/02 Sequential Readings/BOND/AZUSA/BLUE_ARCHIVE_AZUSA_PRIVATE_CONTEXTUALIZATION_CHECKPOINT.md,REF:CYCLE008_ACCEPTED,REF:CYCLE008_SCOPE,unresolved,,REF:CYCLE008_LIMITS,UNASSESSED,REF:PRIVATE_PRIORITY,,,
BA:momotalk:10022:thread:100220010,momotalk,MANDATORY_COMPLETE_REVIEW,02_CANONICAL_STORIES/MOMOTALK/HINA/THREAD_100220010.md,dbf986c7c6dd0bcc55304c8ee451172131fc3be39224ff5fb916a50258a7ed13,ADMITTED,series/blue-archive/02 Sequential Readings/BOND/BLUE_ARCHIVE_GEHENNA20_PHASE2_PRIVATE_CONTEXTUAL_ACCOUNT_20261008.md,REF:CYCLE008_ACCEPTED,REF:CYCLE008_SCOPE,unresolved,,REF:CYCLE008_LIMITS,UNASSESSED,REF:PRIVATE_PRIORITY,,,
BA:momotalk:10022:thread:100220190,momotalk,MANDATORY_COMPLETE_REVIEW,02_CANONICAL_STORIES/MOMOTALK/HINA/THREAD_100220190.md,ad88ce9e4d9ad983cd062cf98bc3589a26b61a42ff804e6766e0f24c73fc968e,ADMITTED,series/blue-archive/02 Sequential Readings/BOND/BLUE_ARCHIVE_GEHENNA20_PHASE2_PRIVATE_CONTEXTUAL_ACCOUNT_20261008.md,REF:CYCLE008_ACCEPTED,REF:CYCLE008_SCOPE,unresolved,,REF:CYCLE008_LIMITS,UNASSESSED,REF:PRIVATE_PRIORITY,,,
BA:momotalk:10022:thread:100220360,momotalk,MANDATORY_COMPLETE_REVIEW,02_CANONICAL_STORIES/MOMOTALK/HINA/THREAD_100220360.md,31add05f7d7dbb96c63e61836f1cf058691c2b0a8ed7d44c5635f29aa8f087b5,ADMITTED,series/blue-archive/02 Sequential Readings/BOND/BLUE_ARCHIVE_GEHENNA20_PHASE2_PRIVATE_CONTEXTUAL_ACCOUNT_20261008.md,REF:CYCLE008_ACCEPTED,REF:CYCLE008_SCOPE,unresolved,,REF:CYCLE008_LIMITS,UNASSESSED,REF:PRIVATE_PRIORITY,,,
BA:momotalk:10022:thread:100220510,momotalk,MANDATORY_COMPLETE_REVIEW,02_CANONICAL_STORIES/MOMOTALK/HINA/THREAD_100220510.md,4598a0e94d943361111a6815320cccf7a2a455da5fb0215c2e6596cf9ed4e187,ADMITTED,series/blue-archive/02 Sequential Readings/BOND/BLUE_ARCHIVE_GEHENNA20_PHASE2_PRIVATE_CONTEXTUAL_ACCOUNT_20261008.md,REF:CYCLE008_ACCEPTED,REF:CYCLE008_SCOPE,unresolved,,REF:CYCLE008_LIMITS,UNASSESSED,REF:PRIVATE_PRIORITY,,,
BA:momotalk:10023:thread:100230010,momotalk,MANDATORY_COMPLETE_REVIEW,02_CANONICAL_STORIES/MOMOTALK/IORI/THREAD_100230010.md,eb19c8db21e1dad64e891c18cc597b0542e2b370c10c5d821cf4b2ab4f53497d,ADMITTED,series/blue-archive/02 Sequential Readings/BOND/BLUE_ARCHIVE_GEHENNA20_PHASE2_PRIVATE_CONTEXTUAL_ACCOUNT_20261008.md,REF:CYCLE008_ACCEPTED,REF:CYCLE008_SCOPE,unresolved,,REF:CYCLE008_LIMITS,UNASSESSED,REF:PRIVATE_PRIORITY,,,
BA:momotalk:10023:thread:100230070,momotalk,MANDATORY_COMPLETE_REVIEW,02_CANONICAL_STORIES/MOMOTALK/IORI/THREAD_100230070.md,8fb4629bfcaf959f55e2e0048a9e4ef5535938d44491f8250f9272a343a5aa08,ADMITTED,series/blue-archive/02 Sequential Readings/BOND/BLUE_ARCHIVE_GEHENNA20_PHASE2_PRIVATE_CONTEXTUAL_ACCOUNT_20261008.md,REF:CYCLE008_ACCEPTED,REF:CYCLE008_SCOPE,unresolved,,REF:CYCLE008_LIMITS,UNASSESSED,REF:PRIVATE_PRIORITY,,,
BA:momotalk:10023:thread:100230190,momotalk,MANDATORY_COMPLETE_REVIEW,02_CANONICAL_STORIES/MOMOTALK/IORI/THREAD_100230190.md,ad5dc79e7cdb7a195471a445b416ce01659be2edc60e2a7f8568b97b73691ffd,ADMITTED,series/blue-archive/02 Sequential Readings/BOND/BLUE_ARCHIVE_GEHENNA20_PHASE2_PRIVATE_CONTEXTUAL_ACCOUNT_20261008.md,REF:CYCLE008_ACCEPTED,REF:CYCLE008_SCOPE,unresolved,,REF:CYCLE008_LIMITS,UNASSESSED,REF:PRIVATE_PRIORITY,,,
BA:momotalk:10023:thread:100230230,momotalk,MANDATORY_COMPLETE_REVIEW,02_CANONICAL_STORIES/MOMOTALK/IORI/THREAD_100230230.md,69b0a1507987d39e9b17b3c5e7457aca5b555c2ced2923e39360f9bf51fcec8b,ADMITTED,series/blue-archive/02 Sequential Readings/BOND/BLUE_ARCHIVE_GEHENNA20_PHASE2_PRIVATE_CONTEXTUAL_ACCOUNT_20261008.md,REF:CYCLE008_ACCEPTED,REF:CYCLE008_SCOPE,unresolved,,REF:CYCLE008_LIMITS,UNASSESSED,REF:PRIVATE_PRIORITY,,,
BA:momotalk:10023:thread:100230310,momotalk,MANDATORY_COMPLETE_REVIEW,02_CANONICAL_STORIES/MOMOTALK/IORI/THREAD_100230310.md,2d858116966558dad5f23e9a72b7556cffd350369d6a2439872cae13cc9ffa25,ADMITTED,series/blue-archive/02 Sequential Readings/BOND/BLUE_ARCHIVE_GEHENNA20_PHASE2_PRIVATE_CONTEXTUAL_ACCOUNT_20261008.md,REF:CYCLE008_ACCEPTED,REF:CYCLE008_SCOPE,unresolved,,REF:CYCLE008_LIMITS,UNASSESSED,REF:PRIVATE_PRIORITY,,,
BA:momotalk:10024:thread:100240010,momotalk,MANDATORY_COMPLETE_REVIEW,02_CANONICAL_STORIES/MOMOTALK/SHIROKO/THREAD_100240010.md,497c8b8e1673726b71e4dd15f7fc05e66e21e0c70409f0ebe0e7524f32e5bbc5,ADMITTED,series/blue-archive/02 Sequential Readings/BOND/BLUE_ARCHIVE_SHIROKO_PHASE2_PRIVATE_CONTEXTUAL_ACCOUNT_20261008.md,REF:CYCLE008_ACCEPTED,REF:CYCLE008_SCOPE,unresolved,,REF:CYCLE008_LIMITS,UNASSESSED,REF:PRIVATE_PRIORITY,,,
BA:momotalk:10024:thread:100240110,momotalk,MANDATORY_COMPLETE_REVIEW,02_CANONICAL_STORIES/MOMOTALK/SHIROKO/THREAD_100240110.md,6db3aa1e64cdd523a47d098bfed8997236ea3631844e9925bf96c945f8253f12,ADMITTED,series/blue-archive/02 Sequential Readings/BOND/BLUE_ARCHIVE_SHIROKO_PHASE2_PRIVATE_CONTEXTUAL_ACCOUNT_20261008.md,REF:CYCLE008_ACCEPTED,REF:CYCLE008_SCOPE,unresolved,,REF:CYCLE008_LIMITS,UNASSESSED,REF:PRIVATE_PRIORITY,,,
BA:momotalk:10024:thread:100240260,momotalk,MANDATORY_COMPLETE_REVIEW,02_CANONICAL_STORIES/MOMOTALK/SHIROKO/THREAD_100240260.md,ac32dcf94ff674a84d3df297be3b6136949d7f3ed61489b678596944cfe52142,ADMITTED,series/blue-archive/02 Sequential Readings/BOND/BLUE_ARCHIVE_SHIROKO_PHASE2_PRIVATE_CONTEXTUAL_ACCOUNT_20261008.md,REF:CYCLE008_ACCEPTED,REF:CYCLE008_SCOPE,unresolved,,REF:CYCLE008_LIMITS,UNASSESSED,REF:PRIVATE_PRIORITY,,,
BA:momotalk:10024:thread:100240330,momotalk,MANDATORY_COMPLETE_REVIEW,02_CANONICAL_STORIES/MOMOTALK/SHIROKO/THREAD_100240330.md,8530f3761cf7aabe40ffafcaa13fa77a17769fb5d14585459c2b2da501dfc94c,ADMITTED,series/blue-archive/02 Sequential Readings/BOND/BLUE_ARCHIVE_SHIROKO_PHASE2_PRIVATE_CONTEXTUAL_ACCOUNT_20261008.md,REF:CYCLE008_ACCEPTED,REF:CYCLE008_SCOPE,unresolved,,REF:CYCLE008_LIMITS,UNASSESSED,REF:PRIVATE_PRIORITY,,,
BA:momotalk:10025:thread:100250010,momotalk,MANDATORY_COMPLETE_REVIEW,02_CANONICAL_STORIES/MOMOTALK/SHUN/THREAD_100250010.md,b787e8f5b8b8e82c1ddc9024d85eea8dea7440c30a5ea8b8a2f98cd7626650d7,ADMITTED,series/blue-archive/02 Sequential Readings/BOND/BLUE_ARCHIVE_SHANHAIJING6_AND_SAYA_PHASE2_PRIVATE_CONTEXTUAL_ACCOUNT_20261008.md,REF:CYCLE008_ACCEPTED,REF:CYCLE008_SCOPE,unresolved,,REF:CYCLE008_LIMITS,UNASSESSED,REF:PRIVATE_PRIORITY,0,0,0
BA:momotalk:10025:thread:100250090,momotalk,MANDATORY_COMPLETE_REVIEW,02_CANONICAL_STORIES/MOMOTALK/SHUN/THREAD_100250090.md,4765cceff3bb3c33def1af9d9df50e42cbd7c3f62e7b8b40cfaad3af160c045a,ADMITTED,series/blue-archive/02 Sequential Readings/BOND/BLUE_ARCHIVE_SHANHAIJING6_AND_SAYA_PHASE2_PRIVATE_CONTEXTUAL_ACCOUNT_20261008.md,REF:CYCLE008_ACCEPTED,REF:CYCLE008_SCOPE,unresolved,,REF:CYCLE008_LIMITS,UNASSESSED,REF:PRIVATE_PRIORITY,0,0,0
BA:momotalk:10025:thread:100250130,momotalk,MANDATORY_COMPLETE_REVIEW,02_CANONICAL_STORIES/MOMOTALK/SHUN/THREAD_100250130.md,1a36add25174208b238d3747ebbf2ee9b5ec018b9d774cb771eb6599aa0f2385,ADMITTED,series/blue-archive/02 Sequential Readings/BOND/BLUE_ARCHIVE_SHANHAIJING6_AND_SAYA_PHASE2_PRIVATE_CONTEXTUAL_ACCOUNT_20261008.md,REF:CYCLE008_ACCEPTED,REF:CYCLE008_SCOPE,unresolved,,REF:CYCLE008_LIMITS,UNASSESSED,REF:PRIVATE_PRIORITY,0,0,0
BA:momotalk:10025:thread:100250200,momotalk,MANDATORY_COMPLETE_REVIEW,02_CANONICAL_STORIES/MOMOTALK/SHUN/THREAD_100250200.md,e6efc2a93810ae3103ad7898bd6add5f47b773a3c46c7b608434b6ba6bc68f13,ADMITTED,series/blue-archive/02 Sequential Readings/BOND/BLUE_ARCHIVE_SHANHAIJING6_AND_SAYA_PHASE2_PRIVATE_CONTEXTUAL_ACCOUNT_20261008.md,REF:CYCLE008_ACCEPTED,REF:CYCLE008_SCOPE,unresolved,,REF:CYCLE008_LIMITS,UNASSESSED,REF:PRIVATE_PRIORITY,0,0,0
BA:momotalk:10025:thread:100250290,momotalk,MANDATORY_COMPLETE_REVIEW,02_CANONICAL_STORIES/MOMOTALK/SHUN/THREAD_100250290.md,96d1952b850b2e727154d6ef467f0fa8911556db78d333db101766d9d2e60098,ADMITTED,series/blue-archive/02 Sequential Readings/BOND/BLUE_ARCHIVE_SHANHAIJING6_AND_SAYA_PHASE2_PRIVATE_CONTEXTUAL_ACCOUNT_20261008.md,REF:CYCLE008_ACCEPTED,REF:CYCLE008_SCOPE,unresolved,,REF:CYCLE008_LIMITS,UNASSESSED,REF:PRIVATE_PRIORITY,0,0,0
BA:momotalk:10026:thread:100260010,momotalk,MANDATORY_COMPLETE_REVIEW,02_CANONICAL_STORIES/MOMOTALK/NERU/THREAD_100260010.md,8977c54edcf8262addc69a807af315d710b5dce8784d4d75a4237a98e504b4ee,ADMITTED,series/blue-archive/02 Sequential Readings/BOND/BLUE_ARCHIVE_NERU_PHASE2_PRIVATE_CONTEXTUAL_ACCOUNT_20261008.md,REF:CYCLE008_ACCEPTED,REF:CYCLE008_SCOPE,unresolved,,REF:CYCLE008_LIMITS,UNASSESSED,REF:PRIVATE_PRIORITY,,,
BA:momotalk:10026:thread:100260130,momotalk,MANDATORY_COMPLETE_REVIEW,02_CANONICAL_STORIES/MOMOTALK/NERU/THREAD_100260130.md,2c1e34704c962b00e3a017afc7e9b1bdcafd0857233dd95c12e148aeb59fee2b,ADMITTED,series/blue-archive/02 Sequential Readings/BOND/BLUE_ARCHIVE_NERU_PHASE2_PRIVATE_CONTEXTUAL_ACCOUNT_20261008.md,REF:CYCLE008_ACCEPTED,REF:CYCLE008_SCOPE,unresolved,,REF:CYCLE008_LIMITS,UNASSESSED,REF:PRIVATE_PRIORITY,,,
BA:momotalk:10026:thread:100260270,momotalk,MANDATORY_COMPLETE_REVIEW,02_CANONICAL_STORIES/MOMOTALK/NERU/THREAD_100260270.md,6fef339147c56bf3764ae224ba65cb572ca7aa5216aa23c03cd3658af9dfb435,ADMITTED,series/blue-archive/02 Sequential Readings/BOND/BLUE_ARCHIVE_NERU_PHASE2_PRIVATE_CONTEXTUAL_ACCOUNT_20261008.md,REF:CYCLE008_ACCEPTED,REF:CYCLE008_SCOPE,unresolved,,REF:CYCLE008_LIMITS,UNASSESSED,REF:PRIVATE_PRIORITY,,,
BA:momotalk:10027:thread:100270010,momotalk,MANDATORY_COMPLETE_REVIEW,02_CANONICAL_STORIES/MOMOTALK/KARIN/THREAD_100270010.md,ed3c3f20b32cb111503fe140af68234523e8b322aa588f90fe4008d82747b6c8,ADMITTED,series/blue-archive/02 Sequential Readings/BOND/BLUE_ARCHIVE_KARIN_PHASE2_PRIVATE_CONTEXTUAL_ACCOUNT_20261008.md,REF:CYCLE008_ACCEPTED,REF:CYCLE008_SCOPE,unresolved,,REF:CYCLE008_LIMITS,UNASSESSED,REF:PRIVATE_PRIORITY,,,
BA:momotalk:10027:thread:100270110,momotalk,MANDATORY_COMPLETE_REVIEW,02_CANONICAL_STORIES/MOMOTALK/KARIN/THREAD_100270110.md,77cfde0598feba7a0be7fb24c2ff4ef9a8d567abb186f19d8d03c1cf0b4825dd,ADMITTED,series/blue-archive/02 Sequential Readings/BOND/BLUE_ARCHIVE_KARIN_PHASE2_PRIVATE_CONTEXTUAL_ACCOUNT_20261008.md,REF:CYCLE008_ACCEPTED,REF:CYCLE008_SCOPE,unresolved,,REF:CYCLE008_LIMITS,UNASSESSED,REF:PRIVATE_PRIORITY,,,
BA:momotalk:10027:thread:100270220,momotalk,MANDATORY_COMPLETE_REVIEW,02_CANONICAL_STORIES/MOMOTALK/KARIN/THREAD_100270220.md,87020ed4e14eb779b69dda3327d18b5ae72da56c571987fdc519ff49e0243aa5,ADMITTED,series/blue-archive/02 Sequential Readings/BOND/BLUE_ARCHIVE_KARIN_PHASE2_PRIVATE_CONTEXTUAL_ACCOUNT_20261008.md,REF:CYCLE008_ACCEPTED,REF:CYCLE008_SCOPE,unresolved,,REF:CYCLE008_LIMITS,UNASSESSED,REF:PRIVATE_PRIORITY,,,
BA:momotalk:10027:thread:100270350,momotalk,MANDATORY_COMPLETE_REVIEW,02_CANONICAL_STORIES/MOMOTALK/KARIN/THREAD_100270350.md,80f32e224f16c9f6d7b67c92ae730f9e698fa732fc8b4449ff3d961dd717262e,ADMITTED,series/blue-archive/02 Sequential Readings/BOND/BLUE_ARCHIVE_KARIN_PHASE2_PRIVATE_CONTEXTUAL_ACCOUNT_20261008.md,REF:CYCLE008_ACCEPTED,REF:CYCLE008_SCOPE,unresolved,,REF:CYCLE008_LIMITS,UNASSESSED,REF:PRIVATE_PRIORITY,,,
BA:momotalk:10028:thread:100280010,momotalk,MANDATORY_COMPLETE_REVIEW,02_CANONICAL_STORIES/MOMOTALK/ASUNA/THREAD_100280010.md,257ee3c3641920fffa9d8ce4c9f5620bd870639e922657f539223f90e42eaa27,ADMITTED,series/blue-archive/02 Sequential Readings/BOND/BLUE_ARCHIVE_ASUNA_PHASE2_PRIVATE_CONTEXTUAL_ACCOUNT_20261008.md,REF:CYCLE008_ACCEPTED,REF:CYCLE008_SCOPE,unresolved,,REF:CYCLE008_LIMITS,UNASSESSED,REF:PRIVATE_PRIORITY,,,
BA:momotalk:10028:thread:100280100,momotalk,MANDATORY_COMPLETE_REVIEW,02_CANONICAL_STORIES/MOMOTALK/ASUNA/THREAD_100280100.md,dd59b8949ecbfe00407b3d62699a9549df22d429433dd104291e92b6e9e3242a,ADMITTED,series/blue-archive/02 Sequential Readings/BOND/BLUE_ARCHIVE_ASUNA_PHASE2_PRIVATE_CONTEXTUAL_ACCOUNT_20261008.md,REF:CYCLE008_ACCEPTED,REF:CYCLE008_SCOPE,unresolved,,REF:CYCLE008_LIMITS,UNASSESSED,REF:PRIVATE_PRIORITY,,,
BA:momotalk:10028:thread:100280250,momotalk,MANDATORY_COMPLETE_REVIEW,02_CANONICAL_STORIES/MOMOTALK/ASUNA/THREAD_100280250.md,76b9182db32246840cbba29b38099c897b46dd0fbdcada9649b25f9fe844620c,ADMITTED,series/blue-archive/02 Sequential Readings/BOND/BLUE_ARCHIVE_ASUNA_PHASE2_PRIVATE_CONTEXTUAL_ACCOUNT_20261008.md,REF:CYCLE008_ACCEPTED,REF:CYCLE008_SCOPE,unresolved,,REF:CYCLE008_LIMITS,UNASSESSED,REF:PRIVATE_PRIORITY,,,
BA:momotalk:10028:thread:100280380,momotalk,MANDATORY_COMPLETE_REVIEW,02_CANONICAL_STORIES/MOMOTALK/ASUNA/THREAD_100280380.md,c34f6a3017bea27399f04e76d044e09f09f049e0bab2f064c29a865537297c3e,ADMITTED,series/blue-archive/02 Sequential Readings/BOND/BLUE_ARCHIVE_ASUNA_PHASE2_PRIVATE_CONTEXTUAL_ACCOUNT_20261008.md,REF:CYCLE008_ACCEPTED,REF:CYCLE008_SCOPE,unresolved,,REF:CYCLE008_LIMITS,UNASSESSED,REF:PRIVATE_PRIORITY,,,
BA:momotalk:10029:thread:100290010,momotalk,MANDATORY_COMPLETE_REVIEW,02_CANONICAL_STORIES/MOMOTALK/CH0155/THREAD_100290010.md,2f90b59175cc7c48abe814fedeeff1fa65fff296bd052ea91d561ca439c03f22,ADMITTED,series/blue-archive/02 Sequential Readings/BOND/BLUE_ARCHIVE_AIRI_KAZUSA_YOSHIMI_NATSU_PRIVATE_CONTEXTUALIZATION_CHECKPOINT.md,REF:CYCLE008_ACCEPTED,REF:CYCLE008_SCOPE,unresolved,,REF:CYCLE008_LIMITS,UNASSESSED,REF:PRIVATE_PRIORITY,,,
BA:momotalk:10029:thread:100290080,momotalk,MANDATORY_COMPLETE_REVIEW,02_CANONICAL_STORIES/MOMOTALK/CH0155/THREAD_100290080.md,fc24016448fa42bd0162b1cbe7a1a49f5a793704308b4ceb3969e62478095b70,ADMITTED,series/blue-archive/02 Sequential Readings/BOND/BLUE_ARCHIVE_AIRI_KAZUSA_YOSHIMI_NATSU_PRIVATE_CONTEXTUALIZATION_CHECKPOINT.md,REF:CYCLE008_ACCEPTED,REF:CYCLE008_SCOPE,unresolved,,REF:CYCLE008_LIMITS,UNASSESSED,REF:PRIVATE_PRIORITY,,,
BA:momotalk:10029:thread:100290180,momotalk,MANDATORY_COMPLETE_REVIEW,02_CANONICAL_STORIES/MOMOTALK/CH0155/THREAD_100290180.md,4012aa8a533262b701d0c23165a4ee5cba7ab9e2d89c31de2671e1b078442b38,ADMITTED,series/blue-archive/02 Sequential Readings/BOND/BLUE_ARCHIVE_AIRI_KAZUSA_YOSHIMI_NATSU_PRIVATE_CONTEXTUALIZATION_CHECKPOINT.md,REF:CYCLE008_ACCEPTED,REF:CYCLE008_SCOPE,unresolved,,REF:CYCLE008_LIMITS,UNASSESSED,REF:PRIVATE_PRIORITY,,,
BA:momotalk:10029:thread:100290260,momotalk,MANDATORY_COMPLETE_REVIEW,02_CANONICAL_STORIES/MOMOTALK/CH0155/THREAD_100290260.md,f50bd88805a55c0f26e304800c643893743aba4016f539dba0d3b1b0fb38fe89,ADMITTED,series/blue-archive/02 Sequential Readings/BOND/BLUE_ARCHIVE_AIRI_KAZUSA_YOSHIMI_NATSU_PRIVATE_CONTEXTUALIZATION_CHECKPOINT.md,REF:CYCLE008_ACCEPTED,REF:CYCLE008_SCOPE,unresolved,,REF:CYCLE008_LIMITS,UNASSESSED,REF:PRIVATE_PRIORITY,,,
BA:momotalk:10030:thread:100300010,momotalk,MANDATORY_COMPLETE_REVIEW,02_CANONICAL_STORIES/MOMOTALK/CHINATSU/THREAD_100300010.md,a1dc2e374983547619b30a518fe18d4658c2f6918172f3f6b67c017dad104b0f,ADMITTED,series/blue-archive/02 Sequential Readings/BOND/BLUE_ARCHIVE_GEHENNA20_PHASE2_PRIVATE_CONTEXTUAL_ACCOUNT_20261008.md,REF:CYCLE008_ACCEPTED,REF:CYCLE008_SCOPE,unresolved,,REF:CYCLE008_LIMITS,UNASSESSED,REF:PRIVATE_PRIORITY,,,
BA:momotalk:10030:thread:100300120,momotalk,MANDATORY_COMPLETE_REVIEW,02_CANONICAL_STORIES/MOMOTALK/CHINATSU/THREAD_100300120.md,49dd3f6edca46ddd56fa02c198aeb95e58102e3ddef82f1022c0ff51caf453ac,ADMITTED,series/blue-archive/02 Sequential Readings/BOND/BLUE_ARCHIVE_GEHENNA20_PHASE2_PRIVATE_CONTEXTUAL_ACCOUNT_20261008.md,REF:CYCLE008_ACCEPTED,REF:CYCLE008_SCOPE,unresolved,,REF:CYCLE008_LIMITS,UNASSESSED,REF:PRIVATE_PRIORITY,,,
BA:momotalk:10030:thread:100300210,momotalk,MANDATORY_COMPLETE_REVIEW,02_CANONICAL_STORIES/MOMOTALK/CHINATSU/THREAD_100300210.md,42186e7a063ea66d2765062485aa943818bfe3f60fccf5354068e62084d6d022,ADMITTED,series/blue-archive/02 Sequential Readings/BOND/BLUE_ARCHIVE_GEHENNA20_PHASE2_PRIVATE_CONTEXTUAL_ACCOUNT_20261008.md,REF:CYCLE008_ACCEPTED,REF:CYCLE008_SCOPE,unresolved,,REF:CYCLE008_LIMITS,UNASSESSED,REF:PRIVATE_PRIORITY,,,
BA:momotalk:10030:thread:100300270,momotalk,MANDATORY_COMPLETE_REVIEW,02_CANONICAL_STORIES/MOMOTALK/CHINATSU/THREAD_100300270.md,5e61eb5a3106191f0e4d01a5617d4c819868a1dde4ead327d944c2d3168f8802,ADMITTED,series/blue-archive/02 Sequential Readings/BOND/BLUE_ARCHIVE_GEHENNA20_PHASE2_PRIVATE_CONTEXTUAL_ACCOUNT_20261008.md,REF:CYCLE008_ACCEPTED,REF:CYCLE008_SCOPE,unresolved,,REF:CYCLE008_LIMITS,UNASSESSED,REF:PRIVATE_PRIORITY,,,
BA:momotalk:10031:thread:100310010,momotalk,MANDATORY_COMPLETE_REVIEW,02_CANONICAL_STORIES/MOMOTALK/ARU/THREAD_100310010.md,3e61148efda310fa6821c58287058eb898daaea5ca4c70cd7236d0e93bed35f8,ADMITTED,series/blue-archive/02 Sequential Readings/BOND/ARU/BLUE_ARCHIVE_ARU_PRIVATE_CONTEXTUALIZATION_CHECKPOINT.md,REF:CYCLE008_ACCEPTED,REF:CYCLE008_SCOPE,unresolved,,REF:CYCLE008_LIMITS,UNASSESSED,REF:PRIVATE_PRIORITY,,,
BA:momotalk:10031:thread:100310100,momotalk,MANDATORY_COMPLETE_REVIEW,02_CANONICAL_STORIES/MOMOTALK/ARU/THREAD_100310100.md,1a993894d778f636b766481f554a9a337ef5d7b35fdd978395f983261ea7cb87,ADMITTED,series/blue-archive/02 Sequential Readings/BOND/ARU/BLUE_ARCHIVE_ARU_PRIVATE_CONTEXTUALIZATION_CHECKPOINT.md,REF:CYCLE008_ACCEPTED,REF:CYCLE008_SCOPE,unresolved,,REF:CYCLE008_LIMITS,UNASSESSED,REF:PRIVATE_PRIORITY,,,
BA:momotalk:10031:thread:100310220,momotalk,MANDATORY_COMPLETE_REVIEW,02_CANONICAL_STORIES/MOMOTALK/ARU/THREAD_100310220.md,92653de9116f33aaf35ee0534a6d95ec9da01b47f07b18b610e07eef10973ba4,ADMITTED,series/blue-archive/02 Sequential Readings/BOND/ARU/BLUE_ARCHIVE_ARU_PRIVATE_CONTEXTUALIZATION_CHECKPOINT.md,REF:CYCLE008_ACCEPTED,REF:CYCLE008_SCOPE,unresolved,,REF:CYCLE008_LIMITS,UNASSESSED,REF:PRIVATE_PRIORITY,,,
BA:momotalk:10031:thread:100310280,momotalk,MANDATORY_COMPLETE_REVIEW,02_CANONICAL_STORIES/MOMOTALK/ARU/THREAD_100310280.md,d495a347a07fbb25c3add80f8643f7e76ee4695cd25098eb4f8afdfde843831b,ADMITTED,series/blue-archive/02 Sequential Readings/BOND/ARU/BLUE_ARCHIVE_ARU_PRIVATE_CONTEXTUALIZATION_CHECKPOINT.md,REF:CYCLE008_ACCEPTED,REF:CYCLE008_SCOPE,unresolved,,REF:CYCLE008_LIMITS,UNASSESSED,REF:PRIVATE_PRIORITY,,,
BA:momotalk:10032:thread:100320010,momotalk,MANDATORY_COMPLETE_REVIEW,02_CANONICAL_STORIES/MOMOTALK/MUTSUKI/THREAD_100320010.md,0a703abfed491c6cc75cc7820fe5bade55e9f632652267896d1066cf8f6cd463,ADMITTED,series/blue-archive/02 Sequential Readings/BOND/MUTSUKI/BLUE_ARCHIVE_MUTSUKI_PRIVATE_CONTEXTUALIZATION_CHECKPOINT.md,REF:CYCLE008_ACCEPTED,REF:CYCLE008_SCOPE,unresolved,,REF:CYCLE008_LIMITS,UNASSESSED,REF:PRIVATE_PRIORITY,,,
BA:momotalk:10032:thread:100320100,momotalk,MANDATORY_COMPLETE_REVIEW,02_CANONICAL_STORIES/MOMOTALK/MUTSUKI/THREAD_100320100.md,71a0a9107bdc53450d1c72d585e8a7056fd8ed770a99dafe1017442936dd4ebb,ADMITTED,series/blue-archive/02 Sequential Readings/BOND/MUTSUKI/BLUE_ARCHIVE_MUTSUKI_PRIVATE_CONTEXTUALIZATION_CHECKPOINT.md,REF:CYCLE008_ACCEPTED,REF:CYCLE008_SCOPE,unresolved,,REF:CYCLE008_LIMITS,UNASSESSED,REF:PRIVATE_PRIORITY,,,
BA:momotalk:10032:thread:100320180,momotalk,MANDATORY_COMPLETE_REVIEW,02_CANONICAL_STORIES/MOMOTALK/MUTSUKI/THREAD_100320180.md,146ee9304e6fd6f2dc63b538efc09b89af8c5f1774600f33f04ea70f75ab640a,ADMITTED,series/blue-archive/02 Sequential Readings/BOND/MUTSUKI/BLUE_ARCHIVE_MUTSUKI_PRIVATE_CONTEXTUALIZATION_CHECKPOINT.md,REF:CYCLE008_ACCEPTED,REF:CYCLE008_SCOPE,unresolved,,REF:CYCLE008_LIMITS,UNASSESSED,REF:PRIVATE_PRIORITY,,,
BA:momotalk:10033:thread:100330010,momotalk,MANDATORY_COMPLETE_REVIEW,02_CANONICAL_STORIES/MOMOTALK/WAKAMO/THREAD_100330010.md,fdce41d974cc011f728c1ed4dbb93a6fad47efe314d15f3a68787796396dd8d9,ADMITTED,series/blue-archive/02 Sequential Readings/BOND/WAKAMO/BLUE_ARCHIVE_WAKAMO_PHASE2_PRIVATE_CONTEXTUAL_ACCOUNT_20261008.md,REF:CYCLE008_ACCEPTED,REF:CYCLE008_SCOPE,unresolved,,REF:CYCLE008_LIMITS,UNASSESSED,REF:PRIVATE_PRIORITY,,,
BA:momotalk:10033:thread:100330150,momotalk,MANDATORY_COMPLETE_REVIEW,02_CANONICAL_STORIES/MOMOTALK/WAKAMO/THREAD_100330150.md,18763d8c47e65765341fe878b9c1b80a245bd78fbe1037e917fc375fdf8804fc,ADMITTED,series/blue-archive/02 Sequential Readings/BOND/WAKAMO/BLUE_ARCHIVE_WAKAMO_PHASE2_PRIVATE_CONTEXTUAL_ACCOUNT_20261008.md,REF:CYCLE008_ACCEPTED,REF:CYCLE008_SCOPE,unresolved,,REF:CYCLE008_LIMITS,UNASSESSED,REF:PRIVATE_PRIORITY,,,
BA:momotalk:10033:thread:100330210,momotalk,MANDATORY_COMPLETE_REVIEW,02_CANONICAL_STORIES/MOMOTALK/WAKAMO/THREAD_100330210.md,136107f95038165ac70029dcbdc9987ed4f1e91f95b47ef6623aa2e42e27e318,ADMITTED,series/blue-archive/02 Sequential Readings/BOND/WAKAMO/BLUE_ARCHIVE_WAKAMO_PHASE2_PRIVATE_CONTEXTUAL_ACCOUNT_20261008.md,REF:CYCLE008_ACCEPTED,REF:CYCLE008_SCOPE,unresolved,,REF:CYCLE008_LIMITS,UNASSESSED,REF:PRIVATE_PRIORITY,,,
BA:momotalk:10033:thread:100330270,momotalk,MANDATORY_COMPLETE_REVIEW,02_CANONICAL_STORIES/MOMOTALK/WAKAMO/THREAD_100330270.md,f272adb46885a039d47103a92a83a2195f923b7eecb114a6c3b29171ded4e410,ADMITTED,series/blue-archive/02 Sequential Readings/BOND/WAKAMO/BLUE_ARCHIVE_WAKAMO_PHASE2_PRIVATE_CONTEXTUAL_ACCOUNT_20261008.md,REF:CYCLE008_ACCEPTED,REF:CYCLE008_SCOPE,unresolved,,REF:CYCLE008_LIMITS,UNASSESSED,REF:PRIVATE_PRIORITY,,,
BA:momotalk:10033:thread:100330440,momotalk,MANDATORY_COMPLETE_REVIEW,02_CANONICAL_STORIES/MOMOTALK/WAKAMO/THREAD_100330440.md,5203934096a97d34abf39b777535280823a5b3a31f3ba0bd0a1cb3128446d7d4,ADMITTED,series/blue-archive/02 Sequential Readings/BOND/WAKAMO/BLUE_ARCHIVE_WAKAMO_PHASE2_PRIVATE_CONTEXTUAL_ACCOUNT_20261008.md,REF:CYCLE008_ACCEPTED,REF:CYCLE008_SCOPE,unresolved,,REF:CYCLE008_LIMITS,UNASSESSED,REF:PRIVATE_PRIORITY,,,
BA:momotalk:10034:thread:100340010,momotalk,MANDATORY_COMPLETE_REVIEW,02_CANONICAL_STORIES/MOMOTALK/MIMORI/THREAD_100340010.md,79d85baa4a912c206aa9d1d2f55ba0e5b9737b69901a8800b60d4ec8da6efc2a,ADMITTED,series/blue-archive/02 Sequential Readings/BOND/BLUE_ARCHIVE_TRAINING_KAEDE_MIMORI_TSUBAKI_PHASE2_PRIVATE_CONTEXTUAL_ACCOUNT_20261008.md,REF:CYCLE008_ACCEPTED,REF:CYCLE008_SCOPE,unresolved,,REF:CYCLE008_LIMITS,UNASSESSED,REF:PRIVATE_PRIORITY,,,
BA:momotalk:10034:thread:100340160,momotalk,MANDATORY_COMPLETE_REVIEW,02_CANONICAL_STORIES/MOMOTALK/MIMORI/THREAD_100340160.md,5dda7ed2b0eb3909c39eb36272c4c9d8dba4a52abd5bc7649aef5344db98bb0f,ADMITTED,series/blue-archive/02 Sequential Readings/BOND/BLUE_ARCHIVE_TRAINING_KAEDE_MIMORI_TSUBAKI_PHASE2_PRIVATE_CONTEXTUAL_ACCOUNT_20261008.md,REF:CYCLE008_ACCEPTED,REF:CYCLE008_SCOPE,unresolved,,REF:CYCLE008_LIMITS,UNASSESSED,REF:PRIVATE_PRIORITY,,,
BA:momotalk:10034:thread:100340220,momotalk,MANDATORY_COMPLETE_REVIEW,02_CANONICAL_STORIES/MOMOTALK/MIMORI/THREAD_100340220.md,00a95ed5198179d184c2b491e766c7b27a39ddf6c44d1e06833032dd29126a55,ADMITTED,series/blue-archive/02 Sequential Readings/BOND/BLUE_ARCHIVE_TRAINING_KAEDE_MIMORI_TSUBAKI_PHASE2_PRIVATE_CONTEXTUAL_ACCOUNT_20261008.md,REF:CYCLE008_ACCEPTED,REF:CYCLE008_SCOPE,unresolved,,REF:CYCLE008_LIMITS,UNASSESSED,REF:PRIVATE_PRIORITY,,,
BA:momotalk:10034:thread:100340280,momotalk,MANDATORY_COMPLETE_REVIEW,02_CANONICAL_STORIES/MOMOTALK/MIMORI/THREAD_100340280.md,aa0cedd0551e68d1363ae8e06a92db48b2e8c3096dc56cfccdaf0a729c9c932c,ADMITTED,series/blue-archive/02 Sequential Readings/BOND/BLUE_ARCHIVE_TRAINING_KAEDE_MIMORI_TSUBAKI_PHASE2_PRIVATE_CONTEXTUAL_ACCOUNT_20261008.md,REF:CYCLE008_ACCEPTED,REF:CYCLE008_SCOPE,unresolved,,REF:CYCLE008_LIMITS,UNASSESSED,REF:PRIVATE_PRIORITY,,,
BA:momotalk:10034:thread:100340350,momotalk,MANDATORY_COMPLETE_REVIEW,02_CANONICAL_STORIES/MOMOTALK/MIMORI/THREAD_100340350.md,c723655da24fe2141eae440eb17a82c5b41e95c803ef8125fe4bb498e01474ad,ADMITTED,series/blue-archive/02 Sequential Readings/BOND/BLUE_ARCHIVE_TRAINING_KAEDE_MIMORI_TSUBAKI_PHASE2_PRIVATE_CONTEXTUAL_ACCOUNT_20261008.md,REF:CYCLE008_ACCEPTED,REF:CYCLE008_SCOPE,unresolved,,REF:CYCLE008_LIMITS,UNASSESSED,REF:PRIVATE_PRIORITY,,,
BA:momotalk:10035:thread:100350010,momotalk,MANDATORY_COMPLETE_REVIEW,02_CANONICAL_STORIES/MOMOTALK/CH0169/THREAD_100350010.md,60b403dd7f4837d3d9d7007c7e00c95b4dac5f3a3cc2f58a1ff9b5e8858cd1fb,ADMITTED,series/blue-archive/02 Sequential Readings/BOND/BLUE_ARCHIVE_HINATA_UI_SHIMIKO_PRIVATE_CONTEXTUALIZATION_CHECKPOINT.md,REF:CYCLE008_ACCEPTED,REF:CYCLE008_SCOPE,unresolved,,REF:CYCLE008_LIMITS,UNASSESSED,REF:PRIVATE_PRIORITY,,,
BA:momotalk:10035:thread:100350140,momotalk,MANDATORY_COMPLETE_REVIEW,02_CANONICAL_STORIES/MOMOTALK/CH0169/THREAD_100350140.md,398715923bb32e94d4507465a28a6ec1b6efe25e9d49f863e5c2f691102d451f,ADMITTED,series/blue-archive/02 Sequential Readings/BOND/BLUE_ARCHIVE_HINATA_UI_SHIMIKO_PRIVATE_CONTEXTUALIZATION_CHECKPOINT.md,REF:CYCLE008_ACCEPTED,REF:CYCLE008_SCOPE,unresolved,,REF:CYCLE008_LIMITS,UNASSESSED,REF:PRIVATE_PRIORITY,,,
BA:momotalk:10035:thread:100350250,momotalk,MANDATORY_COMPLETE_REVIEW,02_CANONICAL_STORIES/MOMOTALK/CH0169/THREAD_100350250.md,1b8c9ce9811d46a863e566d987d7f575fa85ab49847c53949dcd34315d0f17c1,ADMITTED,series/blue-archive/02 Sequential Readings/BOND/BLUE_ARCHIVE_HINATA_UI_SHIMIKO_PRIVATE_CONTEXTUALIZATION_CHECKPOINT.md,REF:CYCLE008_ACCEPTED,REF:CYCLE008_SCOPE,unresolved,,REF:CYCLE008_LIMITS,UNASSESSED,REF:PRIVATE_PRIORITY,,,
BA:momotalk:10035:thread:100350300,momotalk,MANDATORY_COMPLETE_REVIEW,02_CANONICAL_STORIES/MOMOTALK/CH0169/THREAD_100350300.md,beeeef6024f5c1dd4e6c9b4403267dcf226da7ca0a3db9cc24db54eab286c0e6,ADMITTED,series/blue-archive/02 Sequential Readings/BOND/BLUE_ARCHIVE_HINATA_UI_SHIMIKO_PRIVATE_CONTEXTUALIZATION_CHECKPOINT.md,REF:CYCLE008_ACCEPTED,REF:CYCLE008_SCOPE,unresolved,,REF:CYCLE008_LIMITS,UNASSESSED,REF:PRIVATE_PRIORITY,,,
BA:momotalk:10036:thread:100360010,momotalk,MANDATORY_COMPLETE_REVIEW,02_CANONICAL_STORIES/MOMOTALK/HINATA/THREAD_100360010.md,ccbc351722b911943b89002631614655209aa15f03ea0bc9c4dae87076888ae7,ADMITTED,series/blue-archive/02 Sequential Readings/BOND/BLUE_ARCHIVE_HINATA_UI_SHIMIKO_PRIVATE_CONTEXTUALIZATION_CHECKPOINT.md,REF:CYCLE008_ACCEPTED,REF:CYCLE008_SCOPE,unresolved,,REF:CYCLE008_LIMITS,UNASSESSED,REF:PRIVATE_PRIORITY,,,
BA:momotalk:10036:thread:100360070,momotalk,MANDATORY_COMPLETE_REVIEW,02_CANONICAL_STORIES/MOMOTALK/HINATA/THREAD_100360070.md,c1608653b1a1cec3396dc382adc008af7e6afc75b8f8da638e66ff25f1f77383,ADMITTED,series/blue-archive/02 Sequential Readings/BOND/BLUE_ARCHIVE_HINATA_UI_SHIMIKO_PRIVATE_CONTEXTUALIZATION_CHECKPOINT.md,REF:CYCLE008_ACCEPTED,REF:CYCLE008_SCOPE,unresolved,,REF:CYCLE008_LIMITS,UNASSESSED,REF:PRIVATE_PRIORITY,,,
BA:momotalk:10036:thread:100360200,momotalk,MANDATORY_COMPLETE_REVIEW,02_CANONICAL_STORIES/MOMOTALK/HINATA/THREAD_100360200.md,820070a3ccc302f3ccfc6b9b7a890a2af0d4e3c94d991073412af72607281308,ADMITTED,series/blue-archive/02 Sequential Readings/BOND/BLUE_ARCHIVE_HINATA_UI_SHIMIKO_PRIVATE_CONTEXTUALIZATION_CHECKPOINT.md,REF:CYCLE008_ACCEPTED,REF:CYCLE008_SCOPE,unresolved,,REF:CYCLE008_LIMITS,UNASSESSED,REF:PRIVATE_PRIORITY,,,
BA:momotalk:10036:thread:100360350,momotalk,MANDATORY_COMPLETE_REVIEW,02_CANONICAL_STORIES/MOMOTALK/HINATA/THREAD_100360350.md,da0543d8d6d933869683115c620240fb39da111130377f8f7b9285bdb3a84eda,ADMITTED,series/blue-archive/02 Sequential Readings/BOND/BLUE_ARCHIVE_HINATA_UI_SHIMIKO_PRIVATE_CONTEXTUALIZATION_CHECKPOINT.md,REF:CYCLE008_ACCEPTED,REF:CYCLE008_SCOPE,unresolved,,REF:CYCLE008_LIMITS,UNASSESSED,REF:PRIVATE_PRIORITY,,,
BA:momotalk:10036:thread:100360420,momotalk,MANDATORY_COMPLETE_REVIEW,02_CANONICAL_STORIES/MOMOTALK/HINATA/THREAD_100360420.md,72723fc4b87dd2955c6142b167ad891f98adef26704d76e9ec39d99ec738fdba,ADMITTED,series/blue-archive/02 Sequential Readings/BOND/BLUE_ARCHIVE_HINATA_UI_SHIMIKO_PRIVATE_CONTEXTUALIZATION_CHECKPOINT.md,REF:CYCLE008_ACCEPTED,REF:CYCLE008_SCOPE,unresolved,,REF:CYCLE008_LIMITS,UNASSESSED,REF:PRIVATE_PRIORITY,,,
BA:momotalk:10037:thread:100370010,momotalk,MANDATORY_COMPLETE_REVIEW,02_CANONICAL_STORIES/MOMOTALK/MARINA/THREAD_100370010.md,4d4500c0a5e40fb5d2714178c793a64cea94fe889189a63d5cbdee7568d468ab,ADMITTED,series/blue-archive/02 Sequential Readings/BOND/BLUE_ARCHIVE_RED_WINTER7_PHASE2_PRIVATE_CONTEXTUAL_ACCOUNT_20261008.md,REF:CYCLE008_ACCEPTED,REF:CYCLE008_SCOPE,unresolved,,REF:CYCLE008_LIMITS,UNASSESSED,REF:PRIVATE_PRIORITY,0,0,0
BA:momotalk:10037:thread:100370130,momotalk,MANDATORY_COMPLETE_REVIEW,02_CANONICAL_STORIES/MOMOTALK/MARINA/THREAD_100370130.md,ba6abc6dd99c8956f7957317aba1da71fea7195012184ee51495a6ec4742dccc,ADMITTED,series/blue-archive/02 Sequential Readings/BOND/BLUE_ARCHIVE_RED_WINTER7_PHASE2_PRIVATE_CONTEXTUAL_ACCOUNT_20261008.md,REF:CYCLE008_ACCEPTED,REF:CYCLE008_SCOPE,unresolved,,REF:CYCLE008_LIMITS,UNASSESSED,REF:PRIVATE_PRIORITY,0,0,0
BA:momotalk:10037:thread:100370200,momotalk,MANDATORY_COMPLETE_REVIEW,02_CANONICAL_STORIES/MOMOTALK/MARINA/THREAD_100370200.md,4fa7fe239dbdc2fd56177570b92e1d46767c3c5bec0ec3040c817c50cb2c2a42,ADMITTED,series/blue-archive/02 Sequential Readings/BOND/BLUE_ARCHIVE_RED_WINTER7_PHASE2_PRIVATE_CONTEXTUAL_ACCOUNT_20261008.md,REF:CYCLE008_ACCEPTED,REF:CYCLE008_SCOPE,unresolved,,REF:CYCLE008_LIMITS,UNASSESSED,REF:PRIVATE_PRIORITY,0,0,0
BA:momotalk:10037:thread:100370320,momotalk,MANDATORY_COMPLETE_REVIEW,02_CANONICAL_STORIES/MOMOTALK/MARINA/THREAD_100370320.md,1cccbe65fbfb13898e3da73be40439d1f27fedd1ebde3706a9dd71564776fc28,ADMITTED,series/blue-archive/02 Sequential Readings/BOND/BLUE_ARCHIVE_RED_WINTER7_PHASE2_PRIVATE_CONTEXTUAL_ACCOUNT_20261008.md,REF:CYCLE008_ACCEPTED,REF:CYCLE008_SCOPE,unresolved,,REF:CYCLE008_LIMITS,UNASSESSED,REF:PRIVATE_PRIORITY,0,0,0
BA:momotalk:10038:thread:100380010,momotalk,MANDATORY_COMPLETE_REVIEW,02_CANONICAL_STORIES/MOMOTALK/MIYAKO/THREAD_100380010.md,09eaae425738134ba76f8827d59e4f185d583bd2c27b205ca1bc5ec52cdcce0b,ADMITTED,series/blue-archive/02 Sequential Readings/BOND/MIYAKO/BLUE_ARCHIVE_MIYAKO_PHASE2_PRIVATE_CONTEXTUAL_ACCOUNT_20261008.md,REF:CYCLE008_ACCEPTED,REF:CYCLE008_SCOPE,unresolved,,REF:CYCLE008_LIMITS,UNASSESSED,REF:PRIVATE_PRIORITY,,,
BA:momotalk:10038:thread:100380070,momotalk,MANDATORY_COMPLETE_REVIEW,02_CANONICAL_STORIES/MOMOTALK/MIYAKO/THREAD_100380070.md,2d07f900ecbf05589f54127b3c404745b86f3bd89a9dffb8ec45608c997228e9,ADMITTED,series/blue-archive/02 Sequential Readings/BOND/MIYAKO/BLUE_ARCHIVE_MIYAKO_PHASE2_PRIVATE_CONTEXTUAL_ACCOUNT_20261008.md,REF:CYCLE008_ACCEPTED,REF:CYCLE008_SCOPE,unresolved,,REF:CYCLE008_LIMITS,UNASSESSED,REF:PRIVATE_PRIORITY,,,
BA:momotalk:10038:thread:100380170,momotalk,MANDATORY_COMPLETE_REVIEW,02_CANONICAL_STORIES/MOMOTALK/MIYAKO/THREAD_100380170.md,be9d3adf476733ebbad3207f59afbf52f70f5c3521179b323183b48165f6199a,ADMITTED,series/blue-archive/02 Sequential Readings/BOND/MIYAKO/BLUE_ARCHIVE_MIYAKO_PHASE2_PRIVATE_CONTEXTUAL_ACCOUNT_20261008.md,REF:CYCLE008_ACCEPTED,REF:CYCLE008_SCOPE,unresolved,,REF:CYCLE008_LIMITS,UNASSESSED,REF:PRIVATE_PRIORITY,,,
BA:momotalk:10038:thread:100380250,momotalk,MANDATORY_COMPLETE_REVIEW,02_CANONICAL_STORIES/MOMOTALK/MIYAKO/THREAD_100380250.md,c185fbbdb617b0032b4d28046e5709c88af5ba3ebf4613a53cda4d83c097836c,ADMITTED,series/blue-archive/02 Sequential Readings/BOND/MIYAKO/BLUE_ARCHIVE_MIYAKO_PHASE2_PRIVATE_CONTEXTUAL_ACCOUNT_20261008.md,REF:CYCLE008_ACCEPTED,REF:CYCLE008_SCOPE,unresolved,,REF:CYCLE008_LIMITS,UNASSESSED,REF:PRIVATE_PRIORITY,,,
BA:momotalk:10038:thread:100380330,momotalk,MANDATORY_COMPLETE_REVIEW,02_CANONICAL_STORIES/MOMOTALK/MIYAKO/THREAD_100380330.md,566a8c5ddb8c18e9d7db67557505f336f2c0acc61d12164ea5d196cf395419cc,ADMITTED,series/blue-archive/02 Sequential Readings/BOND/MIYAKO/BLUE_ARCHIVE_MIYAKO_PHASE2_PRIVATE_CONTEXTUAL_ACCOUNT_20261008.md,REF:CYCLE008_ACCEPTED,REF:CYCLE008_SCOPE,unresolved,,REF:CYCLE008_LIMITS,UNASSESSED,REF:PRIVATE_PRIORITY,,,
BA:momotalk:10038:thread:100380380,momotalk,MANDATORY_COMPLETE_REVIEW,02_CANONICAL_STORIES/MOMOTALK/MIYAKO/THREAD_100380380.md,23e70b9efb0b9764e7f9662f02f49ea42b99d1efdef7e997250fb90664ed11f7,ADMITTED,series/blue-archive/02 Sequential Readings/BOND/MIYAKO/BLUE_ARCHIVE_MIYAKO_PHASE2_PRIVATE_CONTEXTUAL_ACCOUNT_20261008.md,REF:CYCLE008_ACCEPTED,REF:CYCLE008_SCOPE,unresolved,,REF:CYCLE008_LIMITS,UNASSESSED,REF:PRIVATE_PRIORITY,,,
BA:momotalk:10039:thread:100390010,momotalk,MANDATORY_COMPLETE_REVIEW,02_CANONICAL_STORIES/MOMOTALK/CH0145/THREAD_100390010.md,46aee0a7c03cb9c286738c3139a0cf16521df1a6d805945d0400a304131d2409,ADMITTED,series/blue-archive/02 Sequential Readings/BOND/MIYU/BLUE_ARCHIVE_MIYU_PHASE2_PRIVATE_CONTEXTUAL_ACCOUNT_20261008.md,REF:CYCLE008_ACCEPTED,REF:CYCLE008_SCOPE,unresolved,,REF:CYCLE008_LIMITS,UNASSESSED,REF:PRIVATE_PRIORITY,,,
BA:momotalk:10039:thread:100390130,momotalk,MANDATORY_COMPLETE_REVIEW,02_CANONICAL_STORIES/MOMOTALK/CH0145/THREAD_100390130.md,1b32a6a97ebf37784bb5d1cd291c8044237e75a365a7b547558315d13ba68980,ADMITTED,series/blue-archive/02 Sequential Readings/BOND/MIYU/BLUE_ARCHIVE_MIYU_PHASE2_PRIVATE_CONTEXTUAL_ACCOUNT_20261008.md,REF:CYCLE008_ACCEPTED,REF:CYCLE008_SCOPE,unresolved,,REF:CYCLE008_LIMITS,UNASSESSED,REF:PRIVATE_PRIORITY,,,
BA:momotalk:10039:thread:100390260,momotalk,MANDATORY_COMPLETE_REVIEW,02_CANONICAL_STORIES/MOMOTALK/CH0145/THREAD_100390260.md,873c9b286b136e88ce9005f62098a91f80a1cfd21d51a15a19279e9107dfb7ad,ADMITTED,series/blue-archive/02 Sequential Readings/BOND/MIYU/BLUE_ARCHIVE_MIYU_PHASE2_PRIVATE_CONTEXTUAL_ACCOUNT_20261008.md,REF:CYCLE008_ACCEPTED,REF:CYCLE008_SCOPE,unresolved,,REF:CYCLE008_LIMITS,UNASSESSED,REF:PRIVATE_PRIORITY,,,
BA:momotalk:10039:thread:100390330,momotalk,MANDATORY_COMPLETE_REVIEW,02_CANONICAL_STORIES/MOMOTALK/CH0145/THREAD_100390330.md,8581822d6d745d7d7dd1c242fbbab2d7639d36466d95ca61ca81dae666ed8f7f,ADMITTED,series/blue-archive/02 Sequential Readings/BOND/MIYU/BLUE_ARCHIVE_MIYU_PHASE2_PRIVATE_CONTEXTUAL_ACCOUNT_20261008.md,REF:CYCLE008_ACCEPTED,REF:CYCLE008_SCOPE,unresolved,,REF:CYCLE008_LIMITS,UNASSESSED,REF:PRIVATE_PRIORITY,,,
BA:momotalk:10039:thread:100390400,momotalk,MANDATORY_COMPLETE_REVIEW,02_CANONICAL_STORIES/MOMOTALK/CH0145/THREAD_100390400.md,35a70b9dbca7fb11845691942124a8325c8dba913354c8c2816443cb8d68a3b8,ADMITTED,series/blue-archive/02 Sequential Readings/BOND/MIYU/BLUE_ARCHIVE_MIYU_PHASE2_PRIVATE_CONTEXTUAL_ACCOUNT_20261008.md,REF:CYCLE008_ACCEPTED,REF:CYCLE008_SCOPE,unresolved,,REF:CYCLE008_LIMITS,UNASSESSED,REF:PRIVATE_PRIORITY,,,
BA:momotalk:10040:thread:100400010,momotalk,MANDATORY_COMPLETE_REVIEW,02_CANONICAL_STORIES/MOMOTALK/CH0114/THREAD_100400010.md,acef804f62f2993de92e106bd79913dd465728840ba02cb37d26429b38111440,ADMITTED,series/blue-archive/02 Sequential Readings/BOND/BLUE_ARCHIVE_NINJA_MICHIRU_IZUNA_TSUKUYO_PHASE2_PRIVATE_CONTEXTUAL_ACCOUNT_20261008.md,REF:CYCLE008_ACCEPTED,REF:CYCLE008_SCOPE,unresolved,,REF:CYCLE008_LIMITS,UNASSESSED,REF:PRIVATE_PRIORITY,,,
BA:momotalk:10040:thread:100400070,momotalk,MANDATORY_COMPLETE_REVIEW,02_CANONICAL_STORIES/MOMOTALK/CH0114/THREAD_100400070.md,5ef7c9766ba74c80a9aca0497acd238b9d6d132898d30dfd193e685c477e4b48,ADMITTED,series/blue-archive/02 Sequential Readings/BOND/BLUE_ARCHIVE_NINJA_MICHIRU_IZUNA_TSUKUYO_PHASE2_PRIVATE_CONTEXTUAL_ACCOUNT_20261008.md,REF:CYCLE008_ACCEPTED,REF:CYCLE008_SCOPE,unresolved,,REF:CYCLE008_LIMITS,UNASSESSED,REF:PRIVATE_PRIORITY,,,
BA:momotalk:10040:thread:100400120,momotalk,MANDATORY_COMPLETE_REVIEW,02_CANONICAL_STORIES/MOMOTALK/CH0114/THREAD_100400120.md,9dcbadd8017416da4978166eb3931f6ff086351394d1e97fd996ea29be18b848,ADMITTED,series/blue-archive/02 Sequential Readings/BOND/BLUE_ARCHIVE_NINJA_MICHIRU_IZUNA_TSUKUYO_PHASE2_PRIVATE_CONTEXTUAL_ACCOUNT_20261008.md,REF:CYCLE008_ACCEPTED,REF:CYCLE008_SCOPE,unresolved,,REF:CYCLE008_LIMITS,UNASSESSED,REF:PRIVATE_PRIORITY,,,
BA:momotalk:10040:thread:100400230,momotalk,MANDATORY_COMPLETE_REVIEW,02_CANONICAL_STORIES/MOMOTALK/CH0114/THREAD_100400230.md,6a3d3fc80b0f0efb1d026f4de9d6f4609e2c5bbaf1c3b062bb2503ee6bf3a04a,ADMITTED,series/blue-archive/02 Sequential Readings/BOND/BLUE_ARCHIVE_NINJA_MICHIRU_IZUNA_TSUKUYO_PHASE2_PRIVATE_CONTEXTUAL_ACCOUNT_20261008.md,REF:CYCLE008_ACCEPTED,REF:CYCLE008_SCOPE,unresolved,,REF:CYCLE008_LIMITS,UNASSESSED,REF:PRIVATE_PRIORITY,,,
BA:momotalk:10041:thread:100410010,momotalk,MANDATORY_COMPLETE_REVIEW,02_CANONICAL_STORIES/MOMOTALK/MISAKI/THREAD_100410010.md,6a679a074c75f14fa9f1574fb16ad54267e0fe88f4f19a2aec38a90fa8de1c5d,ADMITTED,series/blue-archive/02 Sequential Readings/BOND/BLUE_ARCHIVE_MISAKI_HIYORI_SUBARU_PRIVATE_CONTEXTUALIZATION_CHECKPOINT.md,REF:CYCLE008_ACCEPTED,REF:CYCLE008_SCOPE,unresolved,,REF:CYCLE008_LIMITS,UNASSESSED,REF:PRIVATE_PRIORITY,,,
BA:momotalk:10041:thread:100410070,momotalk,MANDATORY_COMPLETE_REVIEW,02_CANONICAL_STORIES/MOMOTALK/MISAKI/THREAD_100410070.md,e3fc9a8151529558511bdbd08c3d1fa041ae3c549d23f3298a9d005f5d7555ff,ADMITTED,series/blue-archive/02 Sequential Readings/BOND/BLUE_ARCHIVE_MISAKI_HIYORI_SUBARU_PRIVATE_CONTEXTUALIZATION_CHECKPOINT.md,REF:CYCLE008_ACCEPTED,REF:CYCLE008_SCOPE,unresolved,,REF:CYCLE008_LIMITS,UNASSESSED,REF:PRIVATE_PRIORITY,,,
BA:momotalk:10041:thread:100410110,momotalk,MANDATORY_COMPLETE_REVIEW,02_CANONICAL_STORIES/MOMOTALK/MISAKI/THREAD_100410110.md,990b4791575e22ccd98c251cd9a1620de9bd14157647ed2f3d323c7eb3d78273,ADMITTED,series/blue-archive/02 Sequential Readings/BOND/BLUE_ARCHIVE_MISAKI_HIYORI_SUBARU_PRIVATE_CONTEXTUALIZATION_CHECKPOINT.md,REF:CYCLE008_ACCEPTED,REF:CYCLE008_SCOPE,unresolved,,REF:CYCLE008_LIMITS,UNASSESSED,REF:PRIVATE_PRIORITY,,,
BA:momotalk:10041:thread:100410230,momotalk,MANDATORY_COMPLETE_REVIEW,02_CANONICAL_STORIES/MOMOTALK/MISAKI/THREAD_100410230.md,1e8be2ec5e4a2194b27d7a2000544666e6795f0d6f119a13562303d07df8efbb,ADMITTED,series/blue-archive/02 Sequential Readings/BOND/BLUE_ARCHIVE_MISAKI_HIYORI_SUBARU_PRIVATE_CONTEXTUALIZATION_CHECKPOINT.md,REF:CYCLE008_ACCEPTED,REF:CYCLE008_SCOPE,unresolved,,REF:CYCLE008_LIMITS,UNASSESSED,REF:PRIVATE_PRIORITY,,,
BA:momotalk:10042:thread:100420010,momotalk,MANDATORY_COMPLETE_REVIEW,02_CANONICAL_STORIES/MOMOTALK/ATSUKO/THREAD_100420010.md,b3b44345f24507afa27607231b85ce3c5d1af011f44cd17961ae7d266a586780,ADMITTED,series/blue-archive/02 Sequential Readings/BOND/BLUE_ARCHIVE_SAORI_ATSUKO_PRIVATE_CONTEXTUALIZATION_CHECKPOINT.md,REF:CYCLE008_ACCEPTED,REF:CYCLE008_SCOPE,unresolved,,REF:CYCLE008_LIMITS,UNASSESSED,REF:PRIVATE_PRIORITY,,,
BA:momotalk:10042:thread:100420140,momotalk,MANDATORY_COMPLETE_REVIEW,02_CANONICAL_STORIES/MOMOTALK/ATSUKO/THREAD_100420140.md,992303edea809f0c74ca7e62230485d92c00f7ccc58e9efab68be489fff06b76,ADMITTED,series/blue-archive/02 Sequential Readings/BOND/BLUE_ARCHIVE_SAORI_ATSUKO_PRIVATE_CONTEXTUALIZATION_CHECKPOINT.md,REF:CYCLE008_ACCEPTED,REF:CYCLE008_SCOPE,unresolved,,REF:CYCLE008_LIMITS,UNASSESSED,REF:PRIVATE_PRIORITY,,,
BA:momotalk:10042:thread:100420240,momotalk,MANDATORY_COMPLETE_REVIEW,02_CANONICAL_STORIES/MOMOTALK/ATSUKO/THREAD_100420240.md,b962ebf220e72a79eb9f0bb42229925fd59aa3f1040b8ca5200e075ef59ae116,ADMITTED,series/blue-archive/02 Sequential Readings/BOND/BLUE_ARCHIVE_SAORI_ATSUKO_PRIVATE_CONTEXTUALIZATION_CHECKPOINT.md,REF:CYCLE008_ACCEPTED,REF:CYCLE008_SCOPE,unresolved,,REF:CYCLE008_LIMITS,UNASSESSED,REF:PRIVATE_PRIORITY,,,
BA:momotalk:10042:thread:100420380,momotalk,MANDATORY_COMPLETE_REVIEW,02_CANONICAL_STORIES/MOMOTALK/ATSUKO/THREAD_100420380.md,ae05137edc94affa6295cc0cdd0203050b096ee2ba6c685341351ce702132803,ADMITTED,series/blue-archive/02 Sequential Readings/BOND/BLUE_ARCHIVE_SAORI_ATSUKO_PRIVATE_CONTEXTUALIZATION_CHECKPOINT.md,REF:CYCLE008_ACCEPTED,REF:CYCLE008_SCOPE,unresolved,,REF:CYCLE008_LIMITS,UNASSESSED,REF:PRIVATE_PRIORITY,,,
BA:momotalk:10043:thread:100430010,momotalk,MANDATORY_COMPLETE_REVIEW,02_CANONICAL_STORIES/MOMOTALK/WAKAMO/THREAD_100430010.md,f2dabae78d0ae6e3e5c1ba14557fed33c3784572561375819e13fc97e70325f7,ADMITTED,series/blue-archive/02 Sequential Readings/BOND/WAKAMO/BLUE_ARCHIVE_WAKAMO_PHASE2_PRIVATE_CONTEXTUAL_ACCOUNT_20261008.md,REF:CYCLE008_ACCEPTED,REF:CYCLE008_SCOPE,unresolved,,REF:CYCLE008_LIMITS,UNASSESSED,REF:PRIVATE_PRIORITY,,,
BA:momotalk:10043:thread:100430170,momotalk,MANDATORY_COMPLETE_REVIEW,02_CANONICAL_STORIES/MOMOTALK/WAKAMO/THREAD_100430170.md,36c0928645c79ae80ae5081a39d466be813b45058c4ee896c4e2ebf3794b01ad,ADMITTED,series/blue-archive/02 Sequential Readings/BOND/WAKAMO/BLUE_ARCHIVE_WAKAMO_PHASE2_PRIVATE_CONTEXTUAL_ACCOUNT_20261008.md,REF:CYCLE008_ACCEPTED,REF:CYCLE008_SCOPE,unresolved,,REF:CYCLE008_LIMITS,UNASSESSED,REF:PRIVATE_PRIORITY,,,
BA:momotalk:10043:thread:100430260,momotalk,MANDATORY_COMPLETE_REVIEW,02_CANONICAL_STORIES/MOMOTALK/WAKAMO/THREAD_100430260.md,3d0f3f67975f0ccd0dcff7a0bda45836e8d27cfd09077c59438321309d6a228a,ADMITTED,series/blue-archive/02 Sequential Readings/BOND/WAKAMO/BLUE_ARCHIVE_WAKAMO_PHASE2_PRIVATE_CONTEXTUAL_ACCOUNT_20261008.md,REF:CYCLE008_ACCEPTED,REF:CYCLE008_SCOPE,unresolved,,REF:CYCLE008_LIMITS,UNASSESSED,REF:PRIVATE_PRIORITY,,,
BA:momotalk:10043:thread:100430430,momotalk,MANDATORY_COMPLETE_REVIEW,02_CANONICAL_STORIES/MOMOTALK/WAKAMO/THREAD_100430430.md,e103a8d4fdf295d70144f0d506f6208381e23fbe6edcb93c3af287c3f942badf,ADMITTED,series/blue-archive/02 Sequential Readings/BOND/WAKAMO/BLUE_ARCHIVE_WAKAMO_PHASE2_PRIVATE_CONTEXTUAL_ACCOUNT_20261008.md,REF:CYCLE008_ACCEPTED,REF:CYCLE008_SCOPE,unresolved,,REF:CYCLE008_LIMITS,UNASSESSED,REF:PRIVATE_PRIORITY,,,
BA:momotalk:10044:thread:100440010,momotalk,MANDATORY_COMPLETE_REVIEW,02_CANONICAL_STORIES/MOMOTALK/NONOMI/THREAD_100440010.md,9dbc2196976f8b7302d220bd6d5da1ab3174895cdeb2ac4b4f4f4d9e690ab37b,ADMITTED,series/blue-archive/02 Sequential Readings/BOND/BLUE_ARCHIVE_NONOMI_PHASE2_PRIVATE_CONTEXTUAL_ACCOUNT_20261008.md,REF:CYCLE008_ACCEPTED,REF:CYCLE008_SCOPE,unresolved,,REF:CYCLE008_LIMITS,UNASSESSED,REF:PRIVATE_PRIORITY,,,
BA:momotalk:10044:thread:100440110,momotalk,MANDATORY_COMPLETE_REVIEW,02_CANONICAL_STORIES/MOMOTALK/NONOMI/THREAD_100440110.md,8a90dd3a1e21f0cda3e200e1fdbcd6a20b25d6b18ce8f3a3d4a8f37be50e9596,ADMITTED,series/blue-archive/02 Sequential Readings/BOND/BLUE_ARCHIVE_NONOMI_PHASE2_PRIVATE_CONTEXTUAL_ACCOUNT_20261008.md,REF:CYCLE008_ACCEPTED,REF:CYCLE008_SCOPE,unresolved,,REF:CYCLE008_LIMITS,UNASSESSED,REF:PRIVATE_PRIORITY,,,
BA:momotalk:10044:thread:100440200,momotalk,MANDATORY_COMPLETE_REVIEW,02_CANONICAL_STORIES/MOMOTALK/NONOMI/THREAD_100440200.md,f462b40d3aee977cb7c23451c46bfbdf405d04c0fa1e52c5049815d5e7cc6282,ADMITTED,series/blue-archive/02 Sequential Readings/BOND/BLUE_ARCHIVE_NONOMI_PHASE2_PRIVATE_CONTEXTUAL_ACCOUNT_20261008.md,REF:CYCLE008_ACCEPTED,REF:CYCLE008_SCOPE,unresolved,,REF:CYCLE008_LIMITS,UNASSESSED,REF:PRIVATE_PRIORITY,,,
BA:momotalk:10045:thread:100450010,momotalk,MANDATORY_COMPLETE_REVIEW,02_CANONICAL_STORIES/MOMOTALK/HOSHINO/THREAD_100450010.md,a5c81a9781bf10dca0b34ef51bd3cd0838415f4d457860aa54240ce133fa071a,ADMITTED,series/blue-archive/02 Sequential Readings/BOND/BLUE_ARCHIVE_HOSHINO_PHASE2_PRIVATE_CONTEXTUAL_ACCOUNT_20261008.md,REF:CYCLE008_ACCEPTED,REF:CYCLE008_SCOPE,unresolved,,REF:CYCLE008_LIMITS,UNASSESSED,REF:PRIVATE_PRIORITY,,,
BA:momotalk:10045:thread:100450120,momotalk,MANDATORY_COMPLETE_REVIEW,02_CANONICAL_STORIES/MOMOTALK/HOSHINO/THREAD_100450120.md,48fc82064d73f6b372f4ac3c29e40ce3f2cd5da3f0e6ad02c09173ee9e98d09a,ADMITTED,series/blue-archive/02 Sequential Readings/BOND/BLUE_ARCHIVE_HOSHINO_PHASE2_PRIVATE_CONTEXTUAL_ACCOUNT_20261008.md,REF:CYCLE008_ACCEPTED,REF:CYCLE008_SCOPE,unresolved,,REF:CYCLE008_LIMITS,UNASSESSED,REF:PRIVATE_PRIORITY,,,
BA:momotalk:10045:thread:100450250,momotalk,MANDATORY_COMPLETE_REVIEW,02_CANONICAL_STORIES/MOMOTALK/HOSHINO/THREAD_100450250.md,268d7fd1e1c012dff44dc84f5618df2f1ee55db860fb24a89edca0a42efdef36,ADMITTED,series/blue-archive/02 Sequential Readings/BOND/BLUE_ARCHIVE_HOSHINO_PHASE2_PRIVATE_CONTEXTUAL_ACCOUNT_20261008.md,REF:CYCLE008_ACCEPTED,REF:CYCLE008_SCOPE,unresolved,,REF:CYCLE008_LIMITS,UNASSESSED,REF:PRIVATE_PRIORITY,,,
BA:momotalk:10046:thread:100460010,momotalk,MANDATORY_COMPLETE_REVIEW,02_CANONICAL_STORIES/MOMOTALK/IZUNA/THREAD_100460010.md,5a23301393591f16e706d66816338558e12f2d76d8b875006d258a5bed1745cf,ADMITTED,series/blue-archive/02 Sequential Readings/BOND/BLUE_ARCHIVE_NINJA_MICHIRU_IZUNA_TSUKUYO_PHASE2_PRIVATE_CONTEXTUAL_ACCOUNT_20261008.md,REF:CYCLE008_ACCEPTED,REF:CYCLE008_SCOPE,unresolved,,REF:CYCLE008_LIMITS,UNASSESSED,REF:PRIVATE_PRIORITY,,,
BA:momotalk:10046:thread:100460110,momotalk,MANDATORY_COMPLETE_REVIEW,02_CANONICAL_STORIES/MOMOTALK/IZUNA/THREAD_100460110.md,b421c0c197530cfb7ea5582ddea5c25e5ecfacb37ad7b30a51119274980ccbe4,ADMITTED,series/blue-archive/02 Sequential Readings/BOND/BLUE_ARCHIVE_NINJA_MICHIRU_IZUNA_TSUKUYO_PHASE2_PRIVATE_CONTEXTUAL_ACCOUNT_20261008.md,REF:CYCLE008_ACCEPTED,REF:CYCLE008_SCOPE,unresolved,,REF:CYCLE008_LIMITS,UNASSESSED,REF:PRIVATE_PRIORITY,,,
BA:momotalk:10046:thread:100460170,momotalk,MANDATORY_COMPLETE_REVIEW,02_CANONICAL_STORIES/MOMOTALK/IZUNA/THREAD_100460170.md,be76c41a87fceb34170858db63644a2a961f2e924e5ea4064a66f33764f00220,ADMITTED,series/blue-archive/02 Sequential Readings/BOND/BLUE_ARCHIVE_NINJA_MICHIRU_IZUNA_TSUKUYO_PHASE2_PRIVATE_CONTEXTUAL_ACCOUNT_20261008.md,REF:CYCLE008_ACCEPTED,REF:CYCLE008_SCOPE,unresolved,,REF:CYCLE008_LIMITS,UNASSESSED,REF:PRIVATE_PRIORITY,,,
BA:momotalk:10046:thread:100460310,momotalk,MANDATORY_COMPLETE_REVIEW,02_CANONICAL_STORIES/MOMOTALK/IZUNA/THREAD_100460310.md,dd461b24f2fdd862786259cf59ced7db9f95aed205d3823dbd1c4d08faa5e2e2,ADMITTED,series/blue-archive/02 Sequential Readings/BOND/BLUE_ARCHIVE_NINJA_MICHIRU_IZUNA_TSUKUYO_PHASE2_PRIVATE_CONTEXTUAL_ACCOUNT_20261008.md,REF:CYCLE008_ACCEPTED,REF:CYCLE008_SCOPE,unresolved,,REF:CYCLE008_LIMITS,UNASSESSED,REF:PRIVATE_PRIORITY,,,
BA:momotalk:10047:thread:100470010,momotalk,MANDATORY_COMPLETE_REVIEW,02_CANONICAL_STORIES/MOMOTALK/CHISE/THREAD_100470010.md,6fbe46bd09783647889d89bddc9bd6762807863576c3b064dc0271d736e70409,ADMITTED,series/blue-archive/02 Sequential Readings/BOND/BLUE_ARCHIVE_YINYANG_NIYA_KAHO_CHISE_PHASE2_PRIVATE_CONTEXTUAL_ACCOUNT_20261008.md,REF:CYCLE008_ACCEPTED,REF:CYCLE008_SCOPE,unresolved,,REF:CYCLE008_LIMITS,UNASSESSED,REF:PRIVATE_PRIORITY,,,
BA:momotalk:10047:thread:100470130,momotalk,MANDATORY_COMPLETE_REVIEW,02_CANONICAL_STORIES/MOMOTALK/CHISE/THREAD_100470130.md,8484dc5f0d7ffcca883853b916d1b93d4a294671ffd0a134cc9bad74c2bc7ce4,ADMITTED,series/blue-archive/02 Sequential Readings/BOND/BLUE_ARCHIVE_YINYANG_NIYA_KAHO_CHISE_PHASE2_PRIVATE_CONTEXTUAL_ACCOUNT_20261008.md,REF:CYCLE008_ACCEPTED,REF:CYCLE008_SCOPE,unresolved,,REF:CYCLE008_LIMITS,UNASSESSED,REF:PRIVATE_PRIORITY,,,
BA:momotalk:10047:thread:100470180,momotalk,MANDATORY_COMPLETE_REVIEW,02_CANONICAL_STORIES/MOMOTALK/CHISE/THREAD_100470180.md,2f12ee401f645e4759bb7b95e2877d861311fa08b4a6957ca4a28e89188e39ca,ADMITTED,series/blue-archive/02 Sequential Readings/BOND/BLUE_ARCHIVE_YINYANG_NIYA_KAHO_CHISE_PHASE2_PRIVATE_CONTEXTUAL_ACCOUNT_20261008.md,REF:CYCLE008_ACCEPTED,REF:CYCLE008_SCOPE,unresolved,,REF:CYCLE008_LIMITS,UNASSESSED,REF:PRIVATE_PRIORITY,,,
BA:momotalk:10047:thread:100470270,momotalk,MANDATORY_COMPLETE_REVIEW,02_CANONICAL_STORIES/MOMOTALK/CHISE/THREAD_100470270.md,36fc677d5007129355f55c15de4b43b953370e52d53a24faf4238b31a386694f,ADMITTED,series/blue-archive/02 Sequential Readings/BOND/BLUE_ARCHIVE_YINYANG_NIYA_KAHO_CHISE_PHASE2_PRIVATE_CONTEXTUAL_ACCOUNT_20261008.md,REF:CYCLE008_ACCEPTED,REF:CYCLE008_SCOPE,unresolved,,REF:CYCLE008_LIMITS,UNASSESSED,REF:PRIVATE_PRIORITY,,,
BA:momotalk:10048:thread:100480010,momotalk,MANDATORY_COMPLETE_REVIEW,02_CANONICAL_STORIES/MOMOTALK/SAORI/THREAD_100480010.md,76a4d497e4dc74190f76ab798f073dd3c568d855d45f01c6e64b64e57b07cc0a,ADMITTED,series/blue-archive/02 Sequential Readings/BOND/BLUE_ARCHIVE_SAORI_ATSUKO_PRIVATE_CONTEXTUALIZATION_CHECKPOINT.md,REF:CYCLE008_ACCEPTED,REF:CYCLE008_SCOPE,unresolved,,REF:CYCLE008_LIMITS,UNASSESSED,REF:PRIVATE_PRIORITY,,,
BA:momotalk:10048:thread:100480120,momotalk,MANDATORY_COMPLETE_REVIEW,02_CANONICAL_STORIES/MOMOTALK/SAORI/THREAD_100480120.md,a6bec47fba4ec9837d879ab69a45c9c217d5a193662686f04b4308e1c60eddd1,ADMITTED,series/blue-archive/02 Sequential Readings/BOND/BLUE_ARCHIVE_SAORI_ATSUKO_PRIVATE_CONTEXTUALIZATION_CHECKPOINT.md,REF:CYCLE008_ACCEPTED,REF:CYCLE008_SCOPE,unresolved,,REF:CYCLE008_LIMITS,UNASSESSED,REF:PRIVATE_PRIORITY,,,
BA:momotalk:10048:thread:100480250,momotalk,MANDATORY_COMPLETE_REVIEW,02_CANONICAL_STORIES/MOMOTALK/SAORI/THREAD_100480250.md,dfbddb0edd9bf160784c63a94b7542853a3a7c2611b792c8aadfcc431c3044bd,ADMITTED,series/blue-archive/02 Sequential Readings/BOND/BLUE_ARCHIVE_SAORI_ATSUKO_PRIVATE_CONTEXTUALIZATION_CHECKPOINT.md,REF:CYCLE008_ACCEPTED,REF:CYCLE008_SCOPE,unresolved,,REF:CYCLE008_LIMITS,UNASSESSED,REF:PRIVATE_PRIORITY,,,
BA:momotalk:10048:thread:100480320,momotalk,MANDATORY_COMPLETE_REVIEW,02_CANONICAL_STORIES/MOMOTALK/SAORI/THREAD_100480320.md,a1f089b631a7fa450b5fd233cb920f5e11d61c888854c352984dee6dfbe2caab,ADMITTED,series/blue-archive/02 Sequential Readings/BOND/BLUE_ARCHIVE_SAORI_ATSUKO_PRIVATE_CONTEXTUALIZATION_CHECKPOINT.md,REF:CYCLE008_ACCEPTED,REF:CYCLE008_SCOPE,unresolved,,REF:CYCLE008_LIMITS,UNASSESSED,REF:PRIVATE_PRIORITY,,,
BA:momotalk:10049:thread:100490010,momotalk,MANDATORY_COMPLETE_REVIEW,02_CANONICAL_STORIES/MOMOTALK/KAZUSA/THREAD_100490010.md,e71f30a7d9553bdf1d3fb8c644864244b876277269d7f46e359dbfb4223aed89,ADMITTED,series/blue-archive/02 Sequential Readings/BOND/BLUE_ARCHIVE_AIRI_KAZUSA_YOSHIMI_NATSU_PRIVATE_CONTEXTUALIZATION_CHECKPOINT.md,REF:CYCLE008_ACCEPTED,REF:CYCLE008_SCOPE,unresolved,,REF:CYCLE008_LIMITS,UNASSESSED,REF:PRIVATE_PRIORITY,,,
BA:momotalk:10049:thread:100490150,momotalk,MANDATORY_COMPLETE_REVIEW,02_CANONICAL_STORIES/MOMOTALK/KAZUSA/THREAD_100490150.md,ebbcf273c190e40a44169fdbf02d6c18ccb3e01fe7a52ff374dcfa645295463f,ADMITTED,series/blue-archive/02 Sequential Readings/BOND/BLUE_ARCHIVE_AIRI_KAZUSA_YOSHIMI_NATSU_PRIVATE_CONTEXTUALIZATION_CHECKPOINT.md,REF:CYCLE008_ACCEPTED,REF:CYCLE008_SCOPE,unresolved,,REF:CYCLE008_LIMITS,UNASSESSED,REF:PRIVATE_PRIORITY,,,
BA:momotalk:10049:thread:100490310,momotalk,MANDATORY_COMPLETE_REVIEW,02_CANONICAL_STORIES/MOMOTALK/KAZUSA/THREAD_100490310.md,bb7e4c168b70b0609777671585e9152406c9c1d6e49be2630b4ee0bcd2177796,ADMITTED,series/blue-archive/02 Sequential Readings/BOND/BLUE_ARCHIVE_AIRI_KAZUSA_YOSHIMI_NATSU_PRIVATE_CONTEXTUALIZATION_CHECKPOINT.md,REF:CYCLE008_ACCEPTED,REF:CYCLE008_SCOPE,unresolved,,REF:CYCLE008_LIMITS,UNASSESSED,REF:PRIVATE_PRIORITY,,,
BA:momotalk:10049:thread:100490410,momotalk,MANDATORY_COMPLETE_REVIEW,02_CANONICAL_STORIES/MOMOTALK/KAZUSA/THREAD_100490410.md,444bd3cc4f0e9b7d3377de912d12becc38188978aaa90ce0b81fa26ebc340bb5,ADMITTED,series/blue-archive/02 Sequential Readings/BOND/BLUE_ARCHIVE_AIRI_KAZUSA_YOSHIMI_NATSU_PRIVATE_CONTEXTUALIZATION_CHECKPOINT.md,REF:CYCLE008_ACCEPTED,REF:CYCLE008_SCOPE,unresolved,,REF:CYCLE008_LIMITS,UNASSESSED,REF:PRIVATE_PRIORITY,,,
BA:momotalk:10050:thread:100500010,momotalk,MANDATORY_COMPLETE_REVIEW,02_CANONICAL_STORIES/MOMOTALK/CH0137/THREAD_100500010.md,91a0c8f1fc8a64b48772e5bda81a17bf3a2a83e193b808c88a75146afa58d7e1,ADMITTED,series/blue-archive/02 Sequential Readings/BOND/BLUE_ARCHIVE_SHANHAIJING6_AND_SAYA_PHASE2_PRIVATE_CONTEXTUAL_ACCOUNT_20261008.md,REF:CYCLE008_ACCEPTED,REF:CYCLE008_SCOPE,unresolved,,REF:CYCLE008_LIMITS,UNASSESSED,REF:PRIVATE_PRIORITY,0,0,0
BA:momotalk:10050:thread:100500060,momotalk,MANDATORY_COMPLETE_REVIEW,02_CANONICAL_STORIES/MOMOTALK/CH0137/THREAD_100500060.md,55977f20a6ace12ab68dc29f011f5067c83f8128f51a77e698a2153c72d0aeb2,ADMITTED,series/blue-archive/02 Sequential Readings/BOND/BLUE_ARCHIVE_SHANHAIJING6_AND_SAYA_PHASE2_PRIVATE_CONTEXTUAL_ACCOUNT_20261008.md,REF:CYCLE008_ACCEPTED,REF:CYCLE008_SCOPE,unresolved,,REF:CYCLE008_LIMITS,UNASSESSED,REF:PRIVATE_PRIORITY,0,0,0
BA:momotalk:10050:thread:100500150,momotalk,MANDATORY_COMPLETE_REVIEW,02_CANONICAL_STORIES/MOMOTALK/CH0137/THREAD_100500150.md,3df16a8a6a778b0e6b868c95ae81aa5f9ebcf1cb92c8e99ac8ca56a9f6b9c474,ADMITTED,series/blue-archive/02 Sequential Readings/BOND/BLUE_ARCHIVE_SHANHAIJING6_AND_SAYA_PHASE2_PRIVATE_CONTEXTUAL_ACCOUNT_20261008.md,REF:CYCLE008_ACCEPTED,REF:CYCLE008_SCOPE,unresolved,,REF:CYCLE008_LIMITS,UNASSESSED,REF:PRIVATE_PRIORITY,0,0,0
BA:momotalk:10050:thread:100500260,momotalk,MANDATORY_COMPLETE_REVIEW,02_CANONICAL_STORIES/MOMOTALK/CH0137/THREAD_100500260.md,869dc5df572d590944a319d1739a31b4d2622e7837445c8da02818980622a7bb,ADMITTED,series/blue-archive/02 Sequential Readings/BOND/BLUE_ARCHIVE_SHANHAIJING6_AND_SAYA_PHASE2_PRIVATE_CONTEXTUAL_ACCOUNT_20261008.md,REF:CYCLE008_ACCEPTED,REF:CYCLE008_SCOPE,unresolved,,REF:CYCLE008_LIMITS,UNASSESSED,REF:PRIVATE_PRIORITY,0,0,0
BA:momotalk:10051:thread:100510010,momotalk,MANDATORY_COMPLETE_REVIEW,02_CANONICAL_STORIES/MOMOTALK/UTAHA/THREAD_100510010.md,6912fff272b2d57b2c930f36ac57b495bab6ac136e7e9e1596086cbd231a45be,ADMITTED,series/blue-archive/02 Sequential Readings/BOND/BLUE_ARCHIVE_UTAHA_PHASE2_PRIVATE_CONTEXTUAL_ACCOUNT_20261008.md,REF:CYCLE008_ACCEPTED,REF:CYCLE008_SCOPE,unresolved,,REF:CYCLE008_LIMITS,UNASSESSED,REF:PRIVATE_PRIORITY,,,
BA:momotalk:10051:thread:100510080,momotalk,MANDATORY_COMPLETE_REVIEW,02_CANONICAL_STORIES/MOMOTALK/UTAHA/THREAD_100510080.md,a46eb144fc17c013a5cccb6621701239237d5432b1ba0d9327b5a12634ce7b26,ADMITTED,series/blue-archive/02 Sequential Readings/BOND/BLUE_ARCHIVE_UTAHA_PHASE2_PRIVATE_CONTEXTUAL_ACCOUNT_20261008.md,REF:CYCLE008_ACCEPTED,REF:CYCLE008_SCOPE,unresolved,,REF:CYCLE008_LIMITS,UNASSESSED,REF:PRIVATE_PRIORITY,,,
BA:momotalk:10051:thread:100510170,momotalk,MANDATORY_COMPLETE_REVIEW,02_CANONICAL_STORIES/MOMOTALK/UTAHA/THREAD_100510170.md,f38077da29ff0acde1a78cce554c36363448320ea0e2f130b6fee13ed9ef8baa,ADMITTED,series/blue-archive/02 Sequential Readings/BOND/BLUE_ARCHIVE_UTAHA_PHASE2_PRIVATE_CONTEXTUAL_ACCOUNT_20261008.md,REF:CYCLE008_ACCEPTED,REF:CYCLE008_SCOPE,unresolved,,REF:CYCLE008_LIMITS,UNASSESSED,REF:PRIVATE_PRIORITY,,,
BA:momotalk:10051:thread:100510320,momotalk,MANDATORY_COMPLETE_REVIEW,02_CANONICAL_STORIES/MOMOTALK/UTAHA/THREAD_100510320.md,9fffbd1c07aa45552a39c57a1b20db9bd590c2a68895bfb76a023bc1ee559eb5,ADMITTED,series/blue-archive/02 Sequential Readings/BOND/BLUE_ARCHIVE_UTAHA_PHASE2_PRIVATE_CONTEXTUAL_ACCOUNT_20261008.md,REF:CYCLE008_ACCEPTED,REF:CYCLE008_SCOPE,unresolved,,REF:CYCLE008_LIMITS,UNASSESSED,REF:PRIVATE_PRIORITY,,,
BA:momotalk:10052:thread:100520010,momotalk,MANDATORY_COMPLETE_REVIEW,02_CANONICAL_STORIES/MOMOTALK/CH0095/THREAD_100520010.md,7533fba9a838ead52dea37a913ba169f51e0b98ab19a9203525c073dc2a60396,ADMITTED,series/blue-archive/02 Sequential Readings/BOND/BLUE_ARCHIVE_NOA_PHASE2_PRIVATE_CONTEXTUAL_ACCOUNT_20261008.md,REF:CYCLE008_ACCEPTED,REF:CYCLE008_SCOPE,unresolved,,REF:CYCLE008_LIMITS,UNASSESSED,REF:PRIVATE_PRIORITY,,,
BA:momotalk:10052:thread:100520090,momotalk,MANDATORY_COMPLETE_REVIEW,02_CANONICAL_STORIES/MOMOTALK/CH0095/THREAD_100520090.md,bebdbab96c4c512d6cce79b84f91534821e30ddf1f46dc92820b327b941b8c9d,ADMITTED,series/blue-archive/02 Sequential Readings/BOND/BLUE_ARCHIVE_NOA_PHASE2_PRIVATE_CONTEXTUAL_ACCOUNT_20261008.md,REF:CYCLE008_ACCEPTED,REF:CYCLE008_SCOPE,unresolved,,REF:CYCLE008_LIMITS,UNASSESSED,REF:PRIVATE_PRIORITY,,,
BA:momotalk:10052:thread:100520190,momotalk,MANDATORY_COMPLETE_REVIEW,02_CANONICAL_STORIES/MOMOTALK/CH0095/THREAD_100520190.md,67a38639c47e8d72fcf2dbe10e576a5f13e51da6ead0b6f6b8c0e6ff50ca33fb,ADMITTED,series/blue-archive/02 Sequential Readings/BOND/BLUE_ARCHIVE_NOA_PHASE2_PRIVATE_CONTEXTUAL_ACCOUNT_20261008.md,REF:CYCLE008_ACCEPTED,REF:CYCLE008_SCOPE,unresolved,,REF:CYCLE008_LIMITS,UNASSESSED,REF:PRIVATE_PRIORITY,,,
BA:momotalk:10052:thread:100520330,momotalk,MANDATORY_COMPLETE_REVIEW,02_CANONICAL_STORIES/MOMOTALK/CH0095/THREAD_100520330.md,0482b2383ad086be6902794ae246d7e0ebfc6fff4f403ac41fc85ac589de2641,ADMITTED,series/blue-archive/02 Sequential Readings/BOND/BLUE_ARCHIVE_NOA_PHASE2_PRIVATE_CONTEXTUAL_ACCOUNT_20261008.md,REF:CYCLE008_ACCEPTED,REF:CYCLE008_SCOPE,unresolved,,REF:CYCLE008_LIMITS,UNASSESSED,REF:PRIVATE_PRIORITY,,,
BA:momotalk:10053:thread:100530010,momotalk,MANDATORY_COMPLETE_REVIEW,02_CANONICAL_STORIES/MOMOTALK/YUUKA/THREAD_100530010.md,1ae83aef8ae63c3db32a165334f279ec17c822be141f39ac92af423faac768b1,ADMITTED,series/blue-archive/02 Sequential Readings/BOND/YUUKA/BLUE_ARCHIVE_YUUKA_PRIVATE_CONTEXTUALIZATION_CHECKPOINT.md,REF:CYCLE008_ACCEPTED,REF:CYCLE008_SCOPE,unresolved,,REF:CYCLE008_LIMITS,UNASSESSED,REF:PRIVATE_PRIORITY,,,
BA:momotalk:10053:thread:100530110,momotalk,MANDATORY_COMPLETE_REVIEW,02_CANONICAL_STORIES/MOMOTALK/YUUKA/THREAD_100530110.md,7bbac39f6495308145cd052842c6ce8092d2ed9019b8b3b066d10ae6ff11c5c1,ADMITTED,series/blue-archive/02 Sequential Readings/BOND/YUUKA/BLUE_ARCHIVE_YUUKA_PRIVATE_CONTEXTUALIZATION_CHECKPOINT.md,REF:CYCLE008_ACCEPTED,REF:CYCLE008_SCOPE,unresolved,,REF:CYCLE008_LIMITS,UNASSESSED,REF:PRIVATE_PRIORITY,,,
BA:momotalk:10053:thread:100530180,momotalk,MANDATORY_COMPLETE_REVIEW,02_CANONICAL_STORIES/MOMOTALK/YUUKA/THREAD_100530180.md,7c95adbc626dbbcb3902e3a588a17b54f5c367c75750c0e67eee4468cb8f843f,ADMITTED,series/blue-archive/02 Sequential Readings/BOND/YUUKA/BLUE_ARCHIVE_YUUKA_PRIVATE_CONTEXTUALIZATION_CHECKPOINT.md,REF:CYCLE008_ACCEPTED,REF:CYCLE008_SCOPE,unresolved,,REF:CYCLE008_LIMITS,UNASSESSED,REF:PRIVATE_PRIORITY,,,
BA:momotalk:10053:thread:100530220,momotalk,MANDATORY_COMPLETE_REVIEW,02_CANONICAL_STORIES/MOMOTALK/YUUKA/THREAD_100530220.md,918705d2b43ce175f027e158f0474c7255c533a3b028935f53e85b7ef0710eaa,ADMITTED,series/blue-archive/02 Sequential Readings/BOND/YUUKA/BLUE_ARCHIVE_YUUKA_PRIVATE_CONTEXTUALIZATION_CHECKPOINT.md,REF:CYCLE008_ACCEPTED,REF:CYCLE008_SCOPE,unresolved,,REF:CYCLE008_LIMITS,UNASSESSED,REF:PRIVATE_PRIORITY,,,
BA:momotalk:10054:thread:100540010,momotalk,MANDATORY_COMPLETE_REVIEW,02_CANONICAL_STORIES/MOMOTALK/MARI/THREAD_100540010.md,0b122a6a8b51d083d388e75c8c0f5777cc54e1684181979920a1314d7808de64,ADMITTED,series/blue-archive/02 Sequential Readings/BOND/BLUE_ARCHIVE_SAKURAKO_MARI_PRIVATE_CONTEXTUALIZATION_CHECKPOINT.md,REF:CYCLE008_ACCEPTED,REF:CYCLE008_SCOPE,unresolved,,REF:CYCLE008_LIMITS,UNASSESSED,REF:PRIVATE_PRIORITY,,,
BA:momotalk:10054:thread:100540110,momotalk,MANDATORY_COMPLETE_REVIEW,02_CANONICAL_STORIES/MOMOTALK/MARI/THREAD_100540110.md,e3aa85bacf384fbb503d91d6348d46461cc1bcb201b481104156c8358ea908f9,ADMITTED,series/blue-archive/02 Sequential Readings/BOND/BLUE_ARCHIVE_SAKURAKO_MARI_PRIVATE_CONTEXTUALIZATION_CHECKPOINT.md,REF:CYCLE008_ACCEPTED,REF:CYCLE008_SCOPE,unresolved,,REF:CYCLE008_LIMITS,UNASSESSED,REF:PRIVATE_PRIORITY,,,
BA:momotalk:10054:thread:100540230,momotalk,MANDATORY_COMPLETE_REVIEW,02_CANONICAL_STORIES/MOMOTALK/MARI/THREAD_100540230.md,a1bedbf585dd3359f7c5e7db9dfef092e51fdf17fd844b71ab39e1767f712eff,ADMITTED,series/blue-archive/02 Sequential Readings/BOND/BLUE_ARCHIVE_SAKURAKO_MARI_PRIVATE_CONTEXTUALIZATION_CHECKPOINT.md,REF:CYCLE008_ACCEPTED,REF:CYCLE008_SCOPE,unresolved,,REF:CYCLE008_LIMITS,UNASSESSED,REF:PRIVATE_PRIORITY,,,
BA:momotalk:10055:thread:100550010,momotalk,MANDATORY_COMPLETE_REVIEW,02_CANONICAL_STORIES/MOMOTALK/SHIGURE/THREAD_100550010.md,0c9a4c375854571900a45e5fbdcbbd19ea2c359acfc3c2c90f88c04b8895c537,ADMITTED,series/blue-archive/02 Sequential Readings/BOND/BLUE_ARCHIVE_RED_WINTER7_PHASE2_PRIVATE_CONTEXTUAL_ACCOUNT_20261008.md,REF:CYCLE008_ACCEPTED,REF:CYCLE008_SCOPE,unresolved,,REF:CYCLE008_LIMITS,UNASSESSED,REF:PRIVATE_PRIORITY,0,0,0
BA:momotalk:10055:thread:100550070,momotalk,MANDATORY_COMPLETE_REVIEW,02_CANONICAL_STORIES/MOMOTALK/SHIGURE/THREAD_100550070.md,16ddb7bee96482c90a9d0c7cae5b54346099e68dcf7b18bc506b61dea7dc4d3d,ADMITTED,series/blue-archive/02 Sequential Readings/BOND/BLUE_ARCHIVE_RED_WINTER7_PHASE2_PRIVATE_CONTEXTUAL_ACCOUNT_20261008.md,REF:CYCLE008_ACCEPTED,REF:CYCLE008_SCOPE,unresolved,,REF:CYCLE008_LIMITS,UNASSESSED,REF:PRIVATE_PRIORITY,0,0,0
BA:momotalk:10055:thread:100550190,momotalk,MANDATORY_COMPLETE_REVIEW,02_CANONICAL_STORIES/MOMOTALK/SHIGURE/THREAD_100550190.md,ce082edf67a2ebdbb06c87bc4260e297ab9ba5dde4b0719742a9a5ab82249d45,ADMITTED,series/blue-archive/02 Sequential Readings/BOND/BLUE_ARCHIVE_RED_WINTER7_PHASE2_PRIVATE_CONTEXTUAL_ACCOUNT_20261008.md,REF:CYCLE008_ACCEPTED,REF:CYCLE008_SCOPE,unresolved,,REF:CYCLE008_LIMITS,UNASSESSED,REF:PRIVATE_PRIORITY,0,0,0
BA:momotalk:10055:thread:100550330,momotalk,MANDATORY_COMPLETE_REVIEW,02_CANONICAL_STORIES/MOMOTALK/SHIGURE/THREAD_100550330.md,ca15fb38a72a2bd73b4e06dec783978d40d42a06613873ff5924ea46380a2a94,ADMITTED,series/blue-archive/02 Sequential Readings/BOND/BLUE_ARCHIVE_RED_WINTER7_PHASE2_PRIVATE_CONTEXTUAL_ACCOUNT_20261008.md,REF:CYCLE008_ACCEPTED,REF:CYCLE008_SCOPE,unresolved,,REF:CYCLE008_LIMITS,UNASSESSED,REF:PRIVATE_PRIORITY,0,0,0
BA:momotalk:10056:thread:100560010,momotalk,MANDATORY_COMPLETE_REVIEW,02_CANONICAL_STORIES/MOMOTALK/SERINA/THREAD_100560010.md,3c2fad10a8e356143050d0ee2da02f468dba23cafbd6f29b9b713336125021d6,ADMITTED,series/blue-archive/02 Sequential Readings/BOND/SERINA/BLUE_ARCHIVE_SERINA_PRIVATE_CONTEXTUALIZATION_CHECKPOINT.md,REF:ORIGINAL_ADMISSION_RECORD_0001,REF:ORIGINAL_ADMITTED_CLAIM_SCOPE_0222,LOCAL_RELATIVE_ONLY,Printed pair/afterword links only; no main or variant order.,REF:ORIGINAL_ATTRIBUTION_LIMITS_0003,CORE,REF:ORIGINAL_PRIORITY_REASON_0004,,,
BA:momotalk:10056:thread:100560080,momotalk,MANDATORY_COMPLETE_REVIEW,02_CANONICAL_STORIES/MOMOTALK/SERINA/THREAD_100560080.md,3372d15e9f89c6f08212ca531648ee5b03bbb3dd4c48e284ee90939450ef523b,ADMITTED,series/blue-archive/02 Sequential Readings/BOND/SERINA/BLUE_ARCHIVE_SERINA_PRIVATE_CONTEXTUALIZATION_CHECKPOINT.md,REF:ORIGINAL_ADMISSION_RECORD_0001,REF:ORIGINAL_ADMITTED_CLAIM_SCOPE_0222,LOCAL_RELATIVE_ONLY,Printed pair/afterword links only; no main or variant order.,REF:ORIGINAL_ATTRIBUTION_LIMITS_0003,CORE,REF:ORIGINAL_PRIORITY_REASON_0004,,,
BA:momotalk:10056:thread:100560180,momotalk,MANDATORY_COMPLETE_REVIEW,02_CANONICAL_STORIES/MOMOTALK/SERINA/THREAD_100560180.md,a4bd6f4087276e06f621db887d80c84ab77fa742121f15cbe5134277a6977eea,ADMITTED,series/blue-archive/02 Sequential Readings/BOND/SERINA/BLUE_ARCHIVE_SERINA_PRIVATE_CONTEXTUALIZATION_CHECKPOINT.md,REF:ORIGINAL_ADMISSION_RECORD_0001,REF:ORIGINAL_ADMITTED_CLAIM_SCOPE_0222,LOCAL_RELATIVE_ONLY,Printed pair/afterword links only; no main or variant order.,REF:ORIGINAL_ATTRIBUTION_LIMITS_0003,CORE,REF:ORIGINAL_PRIORITY_REASON_0004,,,
BA:momotalk:10057:thread:100570010,momotalk,MANDATORY_COMPLETE_REVIEW,02_CANONICAL_STORIES/MOMOTALK/HARUNA/THREAD_100570010.md,fb4fd4978ba3d8df0e2dafbc2339aa4f9215ed98d1f544e68fdae1cca3fc83b2,ADMITTED,series/blue-archive/02 Sequential Readings/BOND/BLUE_ARCHIVE_GEHENNA20_PHASE2_PRIVATE_CONTEXTUAL_ACCOUNT_20261008.md,REF:CYCLE008_ACCEPTED,REF:CYCLE008_SCOPE,unresolved,,REF:CYCLE008_LIMITS,UNASSESSED,REF:PRIVATE_PRIORITY,,,
BA:momotalk:10057:thread:100570100,momotalk,MANDATORY_COMPLETE_REVIEW,02_CANONICAL_STORIES/MOMOTALK/HARUNA/THREAD_100570100.md,f70809a09b7b4d44ea7e6413cbf54f1151672c74b263c0259413a565dbf37407,ADMITTED,series/blue-archive/02 Sequential Readings/BOND/BLUE_ARCHIVE_GEHENNA20_PHASE2_PRIVATE_CONTEXTUAL_ACCOUNT_20261008.md,REF:CYCLE008_ACCEPTED,REF:CYCLE008_SCOPE,unresolved,,REF:CYCLE008_LIMITS,UNASSESSED,REF:PRIVATE_PRIORITY,,,
BA:momotalk:10057:thread:100570200,momotalk,MANDATORY_COMPLETE_REVIEW,02_CANONICAL_STORIES/MOMOTALK/HARUNA/THREAD_100570200.md,a3884c30392de8f4a704d597d63ec90b667bca337205a9af21b588befc12ee27,ADMITTED,series/blue-archive/02 Sequential Readings/BOND/BLUE_ARCHIVE_GEHENNA20_PHASE2_PRIVATE_CONTEXTUAL_ACCOUNT_20261008.md,REF:CYCLE008_ACCEPTED,REF:CYCLE008_SCOPE,unresolved,,REF:CYCLE008_LIMITS,UNASSESSED,REF:PRIVATE_PRIORITY,,,
BA:momotalk:10058:thread:100580010,momotalk,MANDATORY_COMPLETE_REVIEW,02_CANONICAL_STORIES/MOMOTALK/CH0152/THREAD_100580010.md,2e1108310933685c2384e8daaa23d4263a4f995db29dc0518991eeaaae149d11,ADMITTED,series/blue-archive/02 Sequential Readings/BOND/MINE/BLUE_ARCHIVE_MINE_PRIVATE_CONTEXTUALIZATION_CHECKPOINT.md,REF:ORIGINAL_ADMISSION_RECORD_0007,REF:ORIGINAL_ADMITTED_CLAIM_SCOPE_0008,LOCAL_RELATIVE_ONLY,Positive FavorSchedule patrol join and local work/message aftermath; no group or main placement.,REF:ORIGINAL_ATTRIBUTION_LIMITS_0009,CORE,REF:ORIGINAL_PRIORITY_REASON_0010,,,
BA:momotalk:10058:thread:100580090,momotalk,MANDATORY_COMPLETE_REVIEW,02_CANONICAL_STORIES/MOMOTALK/CH0152/THREAD_100580090.md,15f6a1fadee34c32656bf0d0f7dff2b39bebf4deb9ee59c6ec050b63e3f38dbb,ADMITTED,series/blue-archive/02 Sequential Readings/BOND/MINE/BLUE_ARCHIVE_MINE_PRIVATE_CONTEXTUALIZATION_CHECKPOINT.md,REF:ORIGINAL_ADMISSION_RECORD_0007,REF:ORIGINAL_ADMITTED_CLAIM_SCOPE_0011,LOCAL_RELATIVE_ONLY,Positive FavorSchedule room-visit join and local complete conversation; no main competence chronology.,REF:ORIGINAL_ATTRIBUTION_LIMITS_0012,CORE,REF:ORIGINAL_PRIORITY_REASON_0013,,,
BA:momotalk:10058:thread:100580190,momotalk,MANDATORY_COMPLETE_REVIEW,02_CANONICAL_STORIES/MOMOTALK/CH0152/THREAD_100580190.md,4e0e98f34f4e351b10bc4e77c005fb0c5e24b4c59dd75f27e226f183a9b9efd9,ADMITTED,series/blue-archive/02 Sequential Readings/BOND/MINE/BLUE_ARCHIVE_MINE_PRIVATE_CONTEXTUALIZATION_CHECKPOINT.md,REF:ORIGINAL_ADMISSION_RECORD_0007,REF:ORIGINAL_ADMITTED_CLAIM_SCOPE_0014,LOCAL_RELATIVE_ONLY,Positive FavorSchedule tea join and local preparation/conversation only; no event or main edge.,REF:ORIGINAL_ATTRIBUTION_LIMITS_0015,CORE,REF:ORIGINAL_PRIORITY_REASON_0016,,,
BA:momotalk:10058:thread:100580250,momotalk,MANDATORY_COMPLETE_REVIEW,02_CANONICAL_STORIES/MOMOTALK/CH0152/THREAD_100580250.md,fe4d5da66ce62b11f56646bf9dd27ed573f37ac9bf82bc985912f62a04370796,ADMITTED,series/blue-archive/02 Sequential Readings/BOND/MINE/BLUE_ARCHIVE_MINE_PRIVATE_CONTEXTUALIZATION_CHECKPOINT.md,REF:ORIGINAL_ADMISSION_RECORD_0007,REF:ORIGINAL_ADMITTED_CLAIM_SCOPE_0017,LOCAL_RELATIVE_ONLY,Positive FavorSchedule paperwork join and local forest/call aftermath; no private-to-main repair or chronology.,REF:ORIGINAL_ATTRIBUTION_LIMITS_0018,CORE,REF:ORIGINAL_PRIORITY_REASON_0019,,,
BA:momotalk:10059:thread:100590010,momotalk,MANDATORY_COMPLETE_REVIEW,02_CANONICAL_STORIES/MOMOTALK/CH0069/THREAD_100590010.md,68951f330d4ead88cfb1909a478aad5fd6f00500cfced080e4b1ea26f00ee084,ADMITTED,series/blue-archive/02 Sequential Readings/BOND/MIKA/BLUE_ARCHIVE_MIKA_PRIVATE_CONTEXTUALIZATION_CHECKPOINT.md,REF:CYCLE008_ACCEPTED,REF:CYCLE008_SCOPE,unresolved,,REF:CYCLE008_LIMITS,UNASSESSED,REF:PRIVATE_PRIORITY,,,
BA:momotalk:10059:thread:100590160,momotalk,MANDATORY_COMPLETE_REVIEW,02_CANONICAL_STORIES/MOMOTALK/CH0069/THREAD_100590160.md,de9540838ce12002dc4f4d9e1f626b5abd25888d802e46f7b52814fa38eda011,ADMITTED,series/blue-archive/02 Sequential Readings/BOND/MIKA/BLUE_ARCHIVE_MIKA_PRIVATE_CONTEXTUALIZATION_CHECKPOINT.md,REF:CYCLE008_ACCEPTED,REF:CYCLE008_SCOPE,unresolved,,REF:CYCLE008_LIMITS,UNASSESSED,REF:PRIVATE_PRIORITY,,,
BA:momotalk:10059:thread:100590330,momotalk,MANDATORY_COMPLETE_REVIEW,02_CANONICAL_STORIES/MOMOTALK/CH0069/THREAD_100590330.md,e6407e5da40b6359f90ff0b660e1e32b32e962e242b26f0fa8287565dc5e96ff,ADMITTED,series/blue-archive/02 Sequential Readings/BOND/MIKA/BLUE_ARCHIVE_MIKA_PRIVATE_CONTEXTUALIZATION_CHECKPOINT.md,REF:CYCLE008_ACCEPTED,REF:CYCLE008_SCOPE,unresolved,,REF:CYCLE008_LIMITS,UNASSESSED,REF:PRIVATE_PRIORITY,,,
BA:momotalk:10059:thread:100590520,momotalk,MANDATORY_COMPLETE_REVIEW,02_CANONICAL_STORIES/MOMOTALK/CH0069/THREAD_100590520.md,188a98648e96240d94fdda66cde5e67271e32133cf69f6cbc4516ea52b78791d,ADMITTED,series/blue-archive/02 Sequential Readings/BOND/MIKA/BLUE_ARCHIVE_MIKA_PRIVATE_CONTEXTUALIZATION_CHECKPOINT.md,REF:CYCLE008_ACCEPTED,REF:CYCLE008_SCOPE,unresolved,,REF:CYCLE008_LIMITS,UNASSESSED,REF:PRIVATE_PRIORITY,,,
BA:momotalk:10060:thread:100600010,momotalk,MANDATORY_COMPLETE_REVIEW,02_CANONICAL_STORIES/MOMOTALK/CH0088/THREAD_100600010.md,645c3229a68582eb9707370766f1c1cc9dfb13b5dbbc509cfed84f59ed747a92,ADMITTED,series/blue-archive/02 Sequential Readings/BOND/BLUE_ARCHIVE_GEHENNA20_PHASE2_PRIVATE_CONTEXTUAL_ACCOUNT_20261008.md,REF:CYCLE008_ACCEPTED,REF:CYCLE008_SCOPE,unresolved,,REF:CYCLE008_LIMITS,UNASSESSED,REF:PRIVATE_PRIORITY,,,
BA:momotalk:10060:thread:100600090,momotalk,MANDATORY_COMPLETE_REVIEW,02_CANONICAL_STORIES/MOMOTALK/CH0088/THREAD_100600090.md,df25ba76fddf1db015d6db27b970c495c52d5b520835d38b58f7ce3602cfa022,ADMITTED,series/blue-archive/02 Sequential Readings/BOND/BLUE_ARCHIVE_GEHENNA20_PHASE2_PRIVATE_CONTEXTUAL_ACCOUNT_20261008.md,REF:CYCLE008_ACCEPTED,REF:CYCLE008_SCOPE,unresolved,,REF:CYCLE008_LIMITS,UNASSESSED,REF:PRIVATE_PRIORITY,,,
BA:momotalk:10060:thread:100600210,momotalk,MANDATORY_COMPLETE_REVIEW,02_CANONICAL_STORIES/MOMOTALK/CH0088/THREAD_100600210.md,ecf5a00f5d6a31aad4472eb1d419a2731d465d03cf38a8afd4d62190ba440fc8,ADMITTED,series/blue-archive/02 Sequential Readings/BOND/BLUE_ARCHIVE_GEHENNA20_PHASE2_PRIVATE_CONTEXTUAL_ACCOUNT_20261008.md,REF:CYCLE008_ACCEPTED,REF:CYCLE008_SCOPE,unresolved,,REF:CYCLE008_LIMITS,UNASSESSED,REF:PRIVATE_PRIORITY,,,
BA:momotalk:10060:thread:100600350,momotalk,MANDATORY_COMPLETE_REVIEW,02_CANONICAL_STORIES/MOMOTALK/CH0088/THREAD_100600350.md,e410f6670cabcf2de9796cab7ee7cf430e27b5e0b7e3085062b128e7320af3b8,ADMITTED,series/blue-archive/02 Sequential Readings/BOND/BLUE_ARCHIVE_GEHENNA20_PHASE2_PRIVATE_CONTEXTUAL_ACCOUNT_20261008.md,REF:CYCLE008_ACCEPTED,REF:CYCLE008_SCOPE,unresolved,,REF:CYCLE008_LIMITS,UNASSESSED,REF:PRIVATE_PRIORITY,,,
BA:momotalk:10061:thread:100610010,momotalk,MANDATORY_COMPLETE_REVIEW,02_CANONICAL_STORIES/MOMOTALK/SAKURAKO/THREAD_100610010.md,11b7bf0f9860eced1e530bfea390e25bde6e62ba80d67ee722ad2e97cc97bc12,ADMITTED,series/blue-archive/02 Sequential Readings/BOND/BLUE_ARCHIVE_SAKURAKO_MARI_PRIVATE_CONTEXTUALIZATION_CHECKPOINT.md,REF:CYCLE008_ACCEPTED,REF:CYCLE008_SCOPE,unresolved,,REF:CYCLE008_LIMITS,UNASSESSED,REF:PRIVATE_PRIORITY,,,
BA:momotalk:10061:thread:100610100,momotalk,MANDATORY_COMPLETE_REVIEW,02_CANONICAL_STORIES/MOMOTALK/SAKURAKO/THREAD_100610100.md,7d7470849511a08e5ab494d8aad2f8026e6482f2a425e057e3eccce5c12df688,ADMITTED,series/blue-archive/02 Sequential Readings/BOND/BLUE_ARCHIVE_SAKURAKO_MARI_PRIVATE_CONTEXTUALIZATION_CHECKPOINT.md,REF:CYCLE008_ACCEPTED,REF:CYCLE008_SCOPE,unresolved,,REF:CYCLE008_LIMITS,UNASSESSED,REF:PRIVATE_PRIORITY,,,
BA:momotalk:10061:thread:100610250,momotalk,MANDATORY_COMPLETE_REVIEW,02_CANONICAL_STORIES/MOMOTALK/SAKURAKO/THREAD_100610250.md,6ae55a21bfb4b3a5f50b1dc37f7102478c6b4f88eb47076f6752998a676eb166,ADMITTED,series/blue-archive/02 Sequential Readings/BOND/BLUE_ARCHIVE_SAKURAKO_MARI_PRIVATE_CONTEXTUALIZATION_CHECKPOINT.md,REF:CYCLE008_ACCEPTED,REF:CYCLE008_SCOPE,unresolved,,REF:CYCLE008_LIMITS,UNASSESSED,REF:PRIVATE_PRIORITY,,,
BA:momotalk:10061:thread:100610360,momotalk,MANDATORY_COMPLETE_REVIEW,02_CANONICAL_STORIES/MOMOTALK/SAKURAKO/THREAD_100610360.md,76f925ecaea68b7e27916c72a970eec35ed8fbc14e49ed4ded57d35c9b33668b,ADMITTED,series/blue-archive/02 Sequential Readings/BOND/BLUE_ARCHIVE_SAKURAKO_MARI_PRIVATE_CONTEXTUALIZATION_CHECKPOINT.md,REF:CYCLE008_ACCEPTED,REF:CYCLE008_SCOPE,unresolved,,REF:CYCLE008_LIMITS,UNASSESSED,REF:PRIVATE_PRIORITY,,,
BA:momotalk:10061:thread:100610510,momotalk,MANDATORY_COMPLETE_REVIEW,02_CANONICAL_STORIES/MOMOTALK/SAKURAKO/THREAD_100610510.md,aefb9f34fbbde0b61f4e654b1cd5d02f65d9e86acf1bd28727dd426d7680ccb5,ADMITTED,series/blue-archive/02 Sequential Readings/BOND/BLUE_ARCHIVE_SAKURAKO_MARI_PRIVATE_CONTEXTUALIZATION_CHECKPOINT.md,REF:CYCLE008_ACCEPTED,REF:CYCLE008_SCOPE,unresolved,,REF:CYCLE008_LIMITS,UNASSESSED,REF:PRIVATE_PRIORITY,,,
BA:momotalk:10062:thread:100620010,momotalk,MANDATORY_COMPLETE_REVIEW,02_CANONICAL_STORIES/MOMOTALK/CH0187/THREAD_100620010.md,24ac23eab37cef9dcb36073ef92ad5131d09171b83a778680b55b56b94df87ce,ADMITTED,series/blue-archive/02 Sequential Readings/BOND/BLUE_ARCHIVE_TOKI_PHASE2_PRIVATE_CONTEXTUAL_ACCOUNT_20261008.md,REF:CYCLE008_ACCEPTED,REF:CYCLE008_SCOPE,unresolved,,REF:CYCLE008_LIMITS,UNASSESSED,REF:PRIVATE_PRIORITY,,,
BA:momotalk:10062:thread:100620060,momotalk,MANDATORY_COMPLETE_REVIEW,02_CANONICAL_STORIES/MOMOTALK/CH0187/THREAD_100620060.md,2cf86411493fe7a6d25bc59a47ed219a604c5427a22a4fb10fc318ad700ca2ff,ADMITTED,series/blue-archive/02 Sequential Readings/BOND/BLUE_ARCHIVE_TOKI_PHASE2_PRIVATE_CONTEXTUAL_ACCOUNT_20261008.md,REF:CYCLE008_ACCEPTED,REF:CYCLE008_SCOPE,unresolved,,REF:CYCLE008_LIMITS,UNASSESSED,REF:PRIVATE_PRIORITY,,,
BA:momotalk:10062:thread:100620110,momotalk,MANDATORY_COMPLETE_REVIEW,02_CANONICAL_STORIES/MOMOTALK/CH0187/THREAD_100620110.md,f7c220a900f55cb06e0a71ddd89288af03fcf7f4ef00e0dc697a5edd7dbaf549,ADMITTED,series/blue-archive/02 Sequential Readings/BOND/BLUE_ARCHIVE_TOKI_PHASE2_PRIVATE_CONTEXTUAL_ACCOUNT_20261008.md,REF:CYCLE008_ACCEPTED,REF:CYCLE008_SCOPE,unresolved,,REF:CYCLE008_LIMITS,UNASSESSED,REF:PRIVATE_PRIORITY,,,
BA:momotalk:10062:thread:100620160,momotalk,MANDATORY_COMPLETE_REVIEW,02_CANONICAL_STORIES/MOMOTALK/CH0187/THREAD_100620160.md,f08b39c442a32fb87cf685f6dcedf60374b27ffd3ae791d70ba2c86809cbf99b,ADMITTED,series/blue-archive/02 Sequential Readings/BOND/BLUE_ARCHIVE_TOKI_PHASE2_PRIVATE_CONTEXTUAL_ACCOUNT_20261008.md,REF:CYCLE008_ACCEPTED,REF:CYCLE008_SCOPE,unresolved,,REF:CYCLE008_LIMITS,UNASSESSED,REF:PRIVATE_PRIORITY,,,
BA:momotalk:10062:thread:100620240,momotalk,MANDATORY_COMPLETE_REVIEW,02_CANONICAL_STORIES/MOMOTALK/CH0187/THREAD_100620240.md,8ce5f324bd2f483fc2b20299f6b5a6f48df33968011b8e2f760f6d5a9e83bbda,ADMITTED,series/blue-archive/02 Sequential Readings/BOND/BLUE_ARCHIVE_TOKI_PHASE2_PRIVATE_CONTEXTUAL_ACCOUNT_20261008.md,REF:CYCLE008_ACCEPTED,REF:CYCLE008_SCOPE,unresolved,,REF:CYCLE008_LIMITS,UNASSESSED,REF:PRIVATE_PRIORITY,,,
BA:momotalk:10063:thread:100630010,momotalk,MANDATORY_COMPLETE_REVIEW,02_CANONICAL_STORIES/MOMOTALK/CH0198/THREAD_100630010.md,f1ad299d94c4237be074d91789bab8b668d1081aa8cf07cc150b9ee634b3caf0,ADMITTED,series/blue-archive/02 Sequential Readings/BOND/BLUE_ARCHIVE_KOYUKI_PHASE2_PRIVATE_CONTEXTUAL_ACCOUNT_20261008.md,REF:CYCLE008_ACCEPTED,REF:CYCLE008_SCOPE,unresolved,,REF:CYCLE008_LIMITS,UNASSESSED,REF:PRIVATE_PRIORITY,,,
BA:momotalk:10063:thread:100630190,momotalk,MANDATORY_COMPLETE_REVIEW,02_CANONICAL_STORIES/MOMOTALK/CH0198/THREAD_100630190.md,68ca01c58b35481cd82cdc7a4541efb47a99404e278b50bb66558cfcf0944e32,ADMITTED,series/blue-archive/02 Sequential Readings/BOND/BLUE_ARCHIVE_KOYUKI_PHASE2_PRIVATE_CONTEXTUAL_ACCOUNT_20261008.md,REF:CYCLE008_ACCEPTED,REF:CYCLE008_SCOPE,unresolved,,REF:CYCLE008_LIMITS,UNASSESSED,REF:PRIVATE_PRIORITY,,,
BA:momotalk:10063:thread:100630260,momotalk,MANDATORY_COMPLETE_REVIEW,02_CANONICAL_STORIES/MOMOTALK/CH0198/THREAD_100630260.md,8f58cfbaae13179cb22abebdddf6a5a96389a9825004662ca52c82d33c2fc129,ADMITTED,series/blue-archive/02 Sequential Readings/BOND/BLUE_ARCHIVE_KOYUKI_PHASE2_PRIVATE_CONTEXTUAL_ACCOUNT_20261008.md,REF:CYCLE008_ACCEPTED,REF:CYCLE008_SCOPE,unresolved,,REF:CYCLE008_LIMITS,UNASSESSED,REF:PRIVATE_PRIORITY,,,
BA:momotalk:10063:thread:100630360,momotalk,MANDATORY_COMPLETE_REVIEW,02_CANONICAL_STORIES/MOMOTALK/CH0198/THREAD_100630360.md,03075970a6c6aa5d4af06916da96a67e129aab30b88e774fba0d1f7660e91a06,ADMITTED,series/blue-archive/02 Sequential Readings/BOND/BLUE_ARCHIVE_KOYUKI_PHASE2_PRIVATE_CONTEXTUAL_ACCOUNT_20261008.md,REF:CYCLE008_ACCEPTED,REF:CYCLE008_SCOPE,unresolved,,REF:CYCLE008_LIMITS,UNASSESSED,REF:PRIVATE_PRIORITY,,,
BA:momotalk:10063:thread:100630490,momotalk,MANDATORY_COMPLETE_REVIEW,02_CANONICAL_STORIES/MOMOTALK/CH0198/THREAD_100630490.md,3ad969f79805b5e354526f7f55d6447f3eb47208cffaff9a13d60ea144d8a31e,ADMITTED,series/blue-archive/02 Sequential Readings/BOND/BLUE_ARCHIVE_KOYUKI_PHASE2_PRIVATE_CONTEXTUAL_ACCOUNT_20261008.md,REF:CYCLE008_ACCEPTED,REF:CYCLE008_SCOPE,unresolved,,REF:CYCLE008_LIMITS,UNASSESSED,REF:PRIVATE_PRIORITY,,,
BA:momotalk:10063:thread:100630610,momotalk,MANDATORY_COMPLETE_REVIEW,02_CANONICAL_STORIES/MOMOTALK/CH0198/THREAD_100630610.md,c1f4dab3459197ea23449f23ee93728444626e5c0b1a8a057f756253faec1a3e,ADMITTED,series/blue-archive/02 Sequential Readings/BOND/BLUE_ARCHIVE_KOYUKI_PHASE2_PRIVATE_CONTEXTUAL_ACCOUNT_20261008.md,REF:CYCLE008_ACCEPTED,REF:CYCLE008_SCOPE,unresolved,,REF:CYCLE008_LIMITS,UNASSESSED,REF:PRIVATE_PRIORITY,,,
BA:momotalk:10064:thread:100640010,momotalk,MANDATORY_COMPLETE_REVIEW,02_CANONICAL_STORIES/MOMOTALK/KAYOKO/THREAD_100640010.md,f2ae0de3e15e558a098cf1454af911e6ffd317073025585c23f25e562be9ac40,ADMITTED,series/blue-archive/02 Sequential Readings/BOND/KAYOKO/BLUE_ARCHIVE_KAYOKO_PRIVATE_CONTEXTUALIZATION_CHECKPOINT.md,REF:CYCLE008_ACCEPTED,REF:CYCLE008_SCOPE,unresolved,,REF:CYCLE008_LIMITS,UNASSESSED,REF:PRIVATE_PRIORITY,,,
BA:momotalk:10064:thread:100640070,momotalk,MANDATORY_COMPLETE_REVIEW,02_CANONICAL_STORIES/MOMOTALK/KAYOKO/THREAD_100640070.md,02178f99c842e2aff92b2b1ac60b2320a56cd9b9826359c812942c8e2f2c232d,ADMITTED,series/blue-archive/02 Sequential Readings/BOND/KAYOKO/BLUE_ARCHIVE_KAYOKO_PRIVATE_CONTEXTUALIZATION_CHECKPOINT.md,REF:CYCLE008_ACCEPTED,REF:CYCLE008_SCOPE,unresolved,,REF:CYCLE008_LIMITS,UNASSESSED,REF:PRIVATE_PRIORITY,,,
BA:momotalk:10064:thread:100640160,momotalk,MANDATORY_COMPLETE_REVIEW,02_CANONICAL_STORIES/MOMOTALK/KAYOKO/THREAD_100640160.md,7b4914b73b0f783027accc756c0bb632ecbee8b208256055dd62fc6aca7bbf07,ADMITTED,series/blue-archive/02 Sequential Readings/BOND/KAYOKO/BLUE_ARCHIVE_KAYOKO_PRIVATE_CONTEXTUALIZATION_CHECKPOINT.md,REF:CYCLE008_ACCEPTED,REF:CYCLE008_SCOPE,unresolved,,REF:CYCLE008_LIMITS,UNASSESSED,REF:PRIVATE_PRIORITY,,,
BA:momotalk:10064:thread:100640250,momotalk,MANDATORY_COMPLETE_REVIEW,02_CANONICAL_STORIES/MOMOTALK/KAYOKO/THREAD_100640250.md,aa7f9ddf4ca51f52efd6d9c3ed7807af58721db2c18ee8b36a6532494bc77688,ADMITTED,series/blue-archive/02 Sequential Readings/BOND/KAYOKO/BLUE_ARCHIVE_KAYOKO_PRIVATE_CONTEXTUALIZATION_CHECKPOINT.md,REF:CYCLE008_ACCEPTED,REF:CYCLE008_SCOPE,unresolved,,REF:CYCLE008_LIMITS,UNASSESSED,REF:PRIVATE_PRIORITY,,,
BA:momotalk:10065:thread:100650010,momotalk,MANDATORY_COMPLETE_REVIEW,02_CANONICAL_STORIES/MOMOTALK/CH0107/THREAD_100650010.md,8a4406c7adca25264b399840993b134cbabd9e262c59ee3f0d9716dcb4582ed2,ADMITTED,series/blue-archive/02 Sequential Readings/BOND/BLUE_ARCHIVE_YINYANG_NIYA_KAHO_CHISE_PHASE2_PRIVATE_CONTEXTUAL_ACCOUNT_20261008.md,REF:CYCLE008_ACCEPTED,REF:CYCLE008_SCOPE,unresolved,,REF:CYCLE008_LIMITS,UNASSESSED,REF:PRIVATE_PRIORITY,,,
BA:momotalk:10065:thread:100650130,momotalk,MANDATORY_COMPLETE_REVIEW,02_CANONICAL_STORIES/MOMOTALK/CH0107/THREAD_100650130.md,6a1cd9656b74ed73c960509bdba60aca42a75a597846fabcec9f7be68440692e,ADMITTED,series/blue-archive/02 Sequential Readings/BOND/BLUE_ARCHIVE_YINYANG_NIYA_KAHO_CHISE_PHASE2_PRIVATE_CONTEXTUAL_ACCOUNT_20261008.md,REF:CYCLE008_ACCEPTED,REF:CYCLE008_SCOPE,unresolved,,REF:CYCLE008_LIMITS,UNASSESSED,REF:PRIVATE_PRIORITY,,,
BA:momotalk:10065:thread:100650220,momotalk,MANDATORY_COMPLETE_REVIEW,02_CANONICAL_STORIES/MOMOTALK/CH0107/THREAD_100650220.md,a5be3cfa3992a83e6f506a26fe819ad010d67638cb597f51b03c3efa1e56168e,ADMITTED,series/blue-archive/02 Sequential Readings/BOND/BLUE_ARCHIVE_YINYANG_NIYA_KAHO_CHISE_PHASE2_PRIVATE_CONTEXTUAL_ACCOUNT_20261008.md,REF:CYCLE008_ACCEPTED,REF:CYCLE008_SCOPE,unresolved,,REF:CYCLE008_LIMITS,UNASSESSED,REF:PRIVATE_PRIORITY,,,
BA:momotalk:10065:thread:100650290,momotalk,MANDATORY_COMPLETE_REVIEW,02_CANONICAL_STORIES/MOMOTALK/CH0107/THREAD_100650290.md,a574d9f8ee7fac1cbd665ee0f212c0160968dba28586a0a872c84b96cd596a52,ADMITTED,series/blue-archive/02 Sequential Readings/BOND/BLUE_ARCHIVE_YINYANG_NIYA_KAHO_CHISE_PHASE2_PRIVATE_CONTEXTUAL_ACCOUNT_20261008.md,REF:CYCLE008_ACCEPTED,REF:CYCLE008_SCOPE,unresolved,,REF:CYCLE008_LIMITS,UNASSESSED,REF:PRIVATE_PRIORITY,,,
BA:momotalk:10065:thread:100650390,momotalk,MANDATORY_COMPLETE_REVIEW,02_CANONICAL_STORIES/MOMOTALK/CH0107/THREAD_100650390.md,26b0154e0de67721594978e023b207de0fa09df0de084ff40bd94c7b52e5f77c,ADMITTED,series/blue-archive/02 Sequential Readings/BOND/BLUE_ARCHIVE_YINYANG_NIYA_KAHO_CHISE_PHASE2_PRIVATE_CONTEXTUAL_ACCOUNT_20261008.md,REF:CYCLE008_ACCEPTED,REF:CYCLE008_SCOPE,unresolved,,REF:CYCLE008_LIMITS,UNASSESSED,REF:PRIVATE_PRIORITY,,,
BA:momotalk:10066:thread:100660010,momotalk,MANDATORY_COMPLETE_REVIEW,02_CANONICAL_STORIES/MOMOTALK/ARIS/THREAD_100660010.md,6d96364f0dc7e2b0d9edc54a8632a2ad3a42a7d41cd807fa753f5a4fcf0f464e,ADMITTED,series/blue-archive/02 Sequential Readings/BOND/BLUE_ARCHIVE_ALICE_PHASE2_PRIVATE_CONTEXTUAL_ACCOUNT_20261008.md,REF:CYCLE008_ACCEPTED,REF:CYCLE008_SCOPE,unresolved,,REF:CYCLE008_LIMITS,UNASSESSED,REF:PRIVATE_PRIORITY,,,
BA:momotalk:10066:thread:100660050,momotalk,MANDATORY_COMPLETE_REVIEW,02_CANONICAL_STORIES/MOMOTALK/ARIS/THREAD_100660050.md,6edada05fe5809790cff1957851bc578d3abe9dc89e80c8ffcb96e7ba4e9d7f6,ADMITTED,series/blue-archive/02 Sequential Readings/BOND/BLUE_ARCHIVE_ALICE_PHASE2_PRIVATE_CONTEXTUAL_ACCOUNT_20261008.md,REF:CYCLE008_ACCEPTED,REF:CYCLE008_SCOPE,unresolved,,REF:CYCLE008_LIMITS,UNASSESSED,REF:PRIVATE_PRIORITY,,,
BA:momotalk:10066:thread:100660140,momotalk,MANDATORY_COMPLETE_REVIEW,02_CANONICAL_STORIES/MOMOTALK/ARIS/THREAD_100660140.md,a03ac8fd5ecf295111672c3c4a6dee44cb77bc59ad85d7de48724914b2f958fd,ADMITTED,series/blue-archive/02 Sequential Readings/BOND/BLUE_ARCHIVE_ALICE_PHASE2_PRIVATE_CONTEXTUAL_ACCOUNT_20261008.md,REF:CYCLE008_ACCEPTED,REF:CYCLE008_SCOPE,unresolved,,REF:CYCLE008_LIMITS,UNASSESSED,REF:PRIVATE_PRIORITY,,,
BA:momotalk:10066:thread:100660190,momotalk,MANDATORY_COMPLETE_REVIEW,02_CANONICAL_STORIES/MOMOTALK/ARIS/THREAD_100660190.md,6fa050af3c7067e882cbea2dfcfc26fbd3938c64fd526d20a786c2dbb29722db,ADMITTED,series/blue-archive/02 Sequential Readings/BOND/BLUE_ARCHIVE_ALICE_PHASE2_PRIVATE_CONTEXTUAL_ACCOUNT_20261008.md,REF:CYCLE008_ACCEPTED,REF:CYCLE008_SCOPE,unresolved,,REF:CYCLE008_LIMITS,UNASSESSED,REF:PRIVATE_PRIORITY,,,
BA:momotalk:10067:thread:100670010,momotalk,MANDATORY_COMPLETE_REVIEW,02_CANONICAL_STORIES/MOMOTALK/CH0187/THREAD_100670010.md,5a1ed6e358d263ef823cdb591b45f57902cae2bdb1e1046be6610dfbba58ae75,ADMITTED,series/blue-archive/02 Sequential Readings/BOND/BLUE_ARCHIVE_TOKI_PHASE2_PRIVATE_CONTEXTUAL_ACCOUNT_20261008.md,REF:CYCLE008_ACCEPTED,REF:CYCLE008_SCOPE,unresolved,,REF:CYCLE008_LIMITS,UNASSESSED,REF:PRIVATE_PRIORITY,,,
BA:momotalk:10067:thread:100670080,momotalk,MANDATORY_COMPLETE_REVIEW,02_CANONICAL_STORIES/MOMOTALK/CH0187/THREAD_100670080.md,0fd21dfd8929172e019727f7509d90b07e3e91a2f5eaa4773f13994cb0f026dd,ADMITTED,series/blue-archive/02 Sequential Readings/BOND/BLUE_ARCHIVE_TOKI_PHASE2_PRIVATE_CONTEXTUAL_ACCOUNT_20261008.md,REF:CYCLE008_ACCEPTED,REF:CYCLE008_SCOPE,unresolved,,REF:CYCLE008_LIMITS,UNASSESSED,REF:PRIVATE_PRIORITY,,,
BA:momotalk:10067:thread:100670140,momotalk,MANDATORY_COMPLETE_REVIEW,02_CANONICAL_STORIES/MOMOTALK/CH0187/THREAD_100670140.md,2ec3434ebdac9c460239437cc977116c69d61ee1284c1cdf2d3551dd1066e8d6,ADMITTED,series/blue-archive/02 Sequential Readings/BOND/BLUE_ARCHIVE_TOKI_PHASE2_PRIVATE_CONTEXTUAL_ACCOUNT_20261008.md,REF:CYCLE008_ACCEPTED,REF:CYCLE008_SCOPE,unresolved,,REF:CYCLE008_LIMITS,UNASSESSED,REF:PRIVATE_PRIORITY,,,
BA:momotalk:10068:thread:100680010,momotalk,MANDATORY_COMPLETE_REVIEW,02_CANONICAL_STORIES/MOMOTALK/CH0167/THREAD_100680010.md,a0eaf2735edadda336634791587ccbb4115e68b87dcff29e1ba72ae10ccbce9a,ADMITTED,series/blue-archive/02 Sequential Readings/BOND/BLUE_ARCHIVE_SUZUMI_REISA_ICHIKA_PRIVATE_CONTEXTUALIZATION_CHECKPOINT.md,REF:CYCLE008_ACCEPTED,REF:CYCLE008_SCOPE,unresolved,,REF:CYCLE008_LIMITS,UNASSESSED,REF:PRIVATE_PRIORITY,,,
BA:momotalk:10068:thread:100680170,momotalk,MANDATORY_COMPLETE_REVIEW,02_CANONICAL_STORIES/MOMOTALK/CH0167/THREAD_100680170.md,e36987834b32b4b2f2ecd71af8eba0bb885d45807594badc4061622ad364ca8c,ADMITTED,series/blue-archive/02 Sequential Readings/BOND/BLUE_ARCHIVE_SUZUMI_REISA_ICHIKA_PRIVATE_CONTEXTUALIZATION_CHECKPOINT.md,REF:CYCLE008_ACCEPTED,REF:CYCLE008_SCOPE,unresolved,,REF:CYCLE008_LIMITS,UNASSESSED,REF:PRIVATE_PRIORITY,,,
BA:momotalk:10068:thread:100680300,momotalk,MANDATORY_COMPLETE_REVIEW,02_CANONICAL_STORIES/MOMOTALK/CH0167/THREAD_100680300.md,5e5f1c2fb8238cc82840cc932196a0381c27d7865bc4077b29bb103f6df54449,ADMITTED,series/blue-archive/02 Sequential Readings/BOND/BLUE_ARCHIVE_SUZUMI_REISA_ICHIKA_PRIVATE_CONTEXTUALIZATION_CHECKPOINT.md,REF:CYCLE008_ACCEPTED,REF:CYCLE008_SCOPE,unresolved,,REF:CYCLE008_LIMITS,UNASSESSED,REF:PRIVATE_PRIORITY,,,
BA:momotalk:10068:thread:100680360,momotalk,MANDATORY_COMPLETE_REVIEW,02_CANONICAL_STORIES/MOMOTALK/CH0167/THREAD_100680360.md,29b7a4cd9554a247edb578865cf4b58495fecd0a5f0875cc54c604d38385e1de,ADMITTED,series/blue-archive/02 Sequential Readings/BOND/BLUE_ARCHIVE_SUZUMI_REISA_ICHIKA_PRIVATE_CONTEXTUALIZATION_CHECKPOINT.md,REF:CYCLE008_ACCEPTED,REF:CYCLE008_SCOPE,unresolved,,REF:CYCLE008_LIMITS,UNASSESSED,REF:PRIVATE_PRIORITY,,,
BA:momotalk:10069:thread:100690010,momotalk,MANDATORY_COMPLETE_REVIEW,02_CANONICAL_STORIES/MOMOTALK/CH0135/THREAD_100690010.md,14c0628b357c86a97befb1a30a4555966a663547d28d846da2eede9f5519a901,ADMITTED,series/blue-archive/02 Sequential Readings/BOND/BLUE_ARCHIVE_SHANHAIJING6_AND_SAYA_PHASE2_PRIVATE_CONTEXTUAL_ACCOUNT_20261008.md,REF:CYCLE008_ACCEPTED,REF:CYCLE008_SCOPE,unresolved,,REF:CYCLE008_LIMITS,UNASSESSED,REF:PRIVATE_PRIORITY,0,0,0
BA:momotalk:10069:thread:100690080,momotalk,MANDATORY_COMPLETE_REVIEW,02_CANONICAL_STORIES/MOMOTALK/CH0135/THREAD_100690080.md,076cf37a490aae98bcc9e960d6275cb9081cd041fb01be7d2af8e95a42697123,ADMITTED,series/blue-archive/02 Sequential Readings/BOND/BLUE_ARCHIVE_SHANHAIJING6_AND_SAYA_PHASE2_PRIVATE_CONTEXTUAL_ACCOUNT_20261008.md,REF:CYCLE008_ACCEPTED,REF:CYCLE008_SCOPE,unresolved,,REF:CYCLE008_LIMITS,UNASSESSED,REF:PRIVATE_PRIORITY,0,0,0
BA:momotalk:10069:thread:100690170,momotalk,MANDATORY_COMPLETE_REVIEW,02_CANONICAL_STORIES/MOMOTALK/CH0135/THREAD_100690170.md,8b73dd6cf3a58e9445fd9c914268dbcecdb02a32a01ff07a40c7457428f4282c,ADMITTED,series/blue-archive/02 Sequential Readings/BOND/BLUE_ARCHIVE_SHANHAIJING6_AND_SAYA_PHASE2_PRIVATE_CONTEXTUAL_ACCOUNT_20261008.md,REF:CYCLE008_ACCEPTED,REF:CYCLE008_SCOPE,unresolved,,REF:CYCLE008_LIMITS,UNASSESSED,REF:PRIVATE_PRIORITY,0,0,0
BA:momotalk:10069:thread:100690220,momotalk,MANDATORY_COMPLETE_REVIEW,02_CANONICAL_STORIES/MOMOTALK/CH0135/THREAD_100690220.md,0caa5a6367bcf52f308678be308813da175dc4c9c3a8b97a7bc3e75f78c7aae9,ADMITTED,series/blue-archive/02 Sequential Readings/BOND/BLUE_ARCHIVE_SHANHAIJING6_AND_SAYA_PHASE2_PRIVATE_CONTEXTUAL_ACCOUNT_20261008.md,REF:CYCLE008_ACCEPTED,REF:CYCLE008_SCOPE,unresolved,,REF:CYCLE008_LIMITS,UNASSESSED,REF:PRIVATE_PRIORITY,0,0,0
BA:momotalk:10070:thread:100700010,momotalk,MANDATORY_COMPLETE_REVIEW,02_CANONICAL_STORIES/MOMOTALK/CH0138/THREAD_100700010.md,b1e02d0f6a1cc5ca2eb90d197622840ff705352c6628cf353055771c2fd2f3c1,ADMITTED,series/blue-archive/02 Sequential Readings/BOND/BLUE_ARCHIVE_SHANHAIJING6_AND_SAYA_PHASE2_PRIVATE_CONTEXTUAL_ACCOUNT_20261008.md,REF:CYCLE008_ACCEPTED,REF:CYCLE008_SCOPE,unresolved,,REF:CYCLE008_LIMITS,UNASSESSED,REF:PRIVATE_PRIORITY,0,0,0
BA:momotalk:10070:thread:100700090,momotalk,MANDATORY_COMPLETE_REVIEW,02_CANONICAL_STORIES/MOMOTALK/CH0138/THREAD_100700090.md,5937dee436b49640a01965c47c37a789a7ccaf4d8051858df2261ae8a5f41824,ADMITTED,series/blue-archive/02 Sequential Readings/BOND/BLUE_ARCHIVE_SHANHAIJING6_AND_SAYA_PHASE2_PRIVATE_CONTEXTUAL_ACCOUNT_20261008.md,REF:CYCLE008_ACCEPTED,REF:CYCLE008_SCOPE,unresolved,,REF:CYCLE008_LIMITS,UNASSESSED,REF:PRIVATE_PRIORITY,0,0,0
BA:momotalk:10070:thread:100700170,momotalk,MANDATORY_COMPLETE_REVIEW,02_CANONICAL_STORIES/MOMOTALK/CH0138/THREAD_100700170.md,2c23adc417390b3bc9c13c5a458a642409993cc546214026bbcd92f2d1977457,ADMITTED,series/blue-archive/02 Sequential Readings/BOND/BLUE_ARCHIVE_SHANHAIJING6_AND_SAYA_PHASE2_PRIVATE_CONTEXTUAL_ACCOUNT_20261008.md,REF:CYCLE008_ACCEPTED,REF:CYCLE008_SCOPE,unresolved,,REF:CYCLE008_LIMITS,UNASSESSED,REF:PRIVATE_PRIORITY,0,0,0
BA:momotalk:10070:thread:100700340,momotalk,MANDATORY_COMPLETE_REVIEW,02_CANONICAL_STORIES/MOMOTALK/CH0138/THREAD_100700340.md,178a43fd2bbbf3385caa98f65306e708117ddc22c66fafbc7fddf26cda912a59,ADMITTED,series/blue-archive/02 Sequential Readings/BOND/BLUE_ARCHIVE_SHANHAIJING6_AND_SAYA_PHASE2_PRIVATE_CONTEXTUAL_ACCOUNT_20261008.md,REF:CYCLE008_ACCEPTED,REF:CYCLE008_SCOPE,unresolved,,REF:CYCLE008_LIMITS,UNASSESSED,REF:PRIVATE_PRIORITY,0,0,0
BA:momotalk:10071:thread:100710010,momotalk,MANDATORY_COMPLETE_REVIEW,02_CANONICAL_STORIES/MOMOTALK/MIYAKO/THREAD_100710010.md,b1b0e39bd9a78f73532c34911d965add4706f1d16e1f54e0d67bee039300ff2d,ADMITTED,series/blue-archive/02 Sequential Readings/BOND/MIYAKO/BLUE_ARCHIVE_MIYAKO_PHASE2_PRIVATE_CONTEXTUAL_ACCOUNT_20261008.md,REF:CYCLE008_ACCEPTED,REF:CYCLE008_SCOPE,unresolved,,REF:CYCLE008_LIMITS,UNASSESSED,REF:PRIVATE_PRIORITY,,,
BA:momotalk:10071:thread:100710070,momotalk,MANDATORY_COMPLETE_REVIEW,02_CANONICAL_STORIES/MOMOTALK/MIYAKO/THREAD_100710070.md,75af6872eb8153a99e69fa94073c5063bc2ddf99ef07272b4a2490547f097f57,ADMITTED,series/blue-archive/02 Sequential Readings/BOND/MIYAKO/BLUE_ARCHIVE_MIYAKO_PHASE2_PRIVATE_CONTEXTUAL_ACCOUNT_20261008.md,REF:CYCLE008_ACCEPTED,REF:CYCLE008_SCOPE,unresolved,,REF:CYCLE008_LIMITS,UNASSESSED,REF:PRIVATE_PRIORITY,,,
BA:momotalk:10071:thread:100710160,momotalk,MANDATORY_COMPLETE_REVIEW,02_CANONICAL_STORIES/MOMOTALK/MIYAKO/THREAD_100710160.md,8b1b810d1bef370ebaa7e665c011aaae8c7e1e25d274966774c4e1ac5712a46c,ADMITTED,series/blue-archive/02 Sequential Readings/BOND/MIYAKO/BLUE_ARCHIVE_MIYAKO_PHASE2_PRIVATE_CONTEXTUAL_ACCOUNT_20261008.md,REF:CYCLE008_ACCEPTED,REF:CYCLE008_SCOPE,unresolved,,REF:CYCLE008_LIMITS,UNASSESSED,REF:PRIVATE_PRIORITY,,,
BA:momotalk:10071:thread:100710250,momotalk,MANDATORY_COMPLETE_REVIEW,02_CANONICAL_STORIES/MOMOTALK/MIYAKO/THREAD_100710250.md,b910eceea9e8d0bbf42fdf193176a00a7ae938f3672ef9df97c16a940633d7a0,ADMITTED,series/blue-archive/02 Sequential Readings/BOND/MIYAKO/BLUE_ARCHIVE_MIYAKO_PHASE2_PRIVATE_CONTEXTUAL_ACCOUNT_20261008.md,REF:CYCLE008_ACCEPTED,REF:CYCLE008_SCOPE,unresolved,,REF:CYCLE008_LIMITS,UNASSESSED,REF:PRIVATE_PRIORITY,,,
BA:momotalk:10072:thread:100720010,momotalk,MANDATORY_COMPLETE_REVIEW,02_CANONICAL_STORIES/MOMOTALK/CH0144/THREAD_100720010.md,0d988d0c19aa626145193e53c19a22125f2ea59a098eeb61d869347fbf35343d,ADMITTED,series/blue-archive/02 Sequential Readings/BOND/SAKI/BLUE_ARCHIVE_SAKI_PHASE2_PRIVATE_CONTEXTUAL_ACCOUNT_20261008.md,REF:CYCLE008_ACCEPTED,REF:CYCLE008_SCOPE,unresolved,,REF:CYCLE008_LIMITS,UNASSESSED,REF:PRIVATE_PRIORITY,,,
BA:momotalk:10072:thread:100720100,momotalk,MANDATORY_COMPLETE_REVIEW,02_CANONICAL_STORIES/MOMOTALK/CH0144/THREAD_100720100.md,673fd0cda4090aabee6941e4ad1c4ba0c66b334ef45ff341c76b6c7c528f203f,ADMITTED,series/blue-archive/02 Sequential Readings/BOND/SAKI/BLUE_ARCHIVE_SAKI_PHASE2_PRIVATE_CONTEXTUAL_ACCOUNT_20261008.md,REF:CYCLE008_ACCEPTED,REF:CYCLE008_SCOPE,unresolved,,REF:CYCLE008_LIMITS,UNASSESSED,REF:PRIVATE_PRIORITY,,,
BA:momotalk:10072:thread:100720230,momotalk,MANDATORY_COMPLETE_REVIEW,02_CANONICAL_STORIES/MOMOTALK/CH0144/THREAD_100720230.md,7b5669e032b107bc9e32ffb870d0c28a33b0e74034d48db63865de9edb70db03,ADMITTED,series/blue-archive/02 Sequential Readings/BOND/SAKI/BLUE_ARCHIVE_SAKI_PHASE2_PRIVATE_CONTEXTUAL_ACCOUNT_20261008.md,REF:CYCLE008_ACCEPTED,REF:CYCLE008_SCOPE,unresolved,,REF:CYCLE008_LIMITS,UNASSESSED,REF:PRIVATE_PRIORITY,,,
BA:momotalk:10072:thread:100720300,momotalk,MANDATORY_COMPLETE_REVIEW,02_CANONICAL_STORIES/MOMOTALK/CH0144/THREAD_100720300.md,5932daea51ee68f716396bde8f5d2e994f36fc47ed991208be3312ccfc4a1451,ADMITTED,series/blue-archive/02 Sequential Readings/BOND/SAKI/BLUE_ARCHIVE_SAKI_PHASE2_PRIVATE_CONTEXTUAL_ACCOUNT_20261008.md,REF:CYCLE008_ACCEPTED,REF:CYCLE008_SCOPE,unresolved,,REF:CYCLE008_LIMITS,UNASSESSED,REF:PRIVATE_PRIORITY,,,
BA:momotalk:10073:thread:100730010,momotalk,MANDATORY_COMPLETE_REVIEW,02_CANONICAL_STORIES/MOMOTALK/CH0169/THREAD_100730010.md,91d3c0b9dc7f1f54db01d518ce24cb8d1d59e003c659add8043e5376262f8666,ADMITTED,series/blue-archive/02 Sequential Readings/BOND/BLUE_ARCHIVE_HINATA_UI_SHIMIKO_PRIVATE_CONTEXTUALIZATION_CHECKPOINT.md,REF:CYCLE008_ACCEPTED,REF:CYCLE008_SCOPE,unresolved,,REF:CYCLE008_LIMITS,UNASSESSED,REF:PRIVATE_PRIORITY,,,
BA:momotalk:10073:thread:100730120,momotalk,MANDATORY_COMPLETE_REVIEW,02_CANONICAL_STORIES/MOMOTALK/CH0169/THREAD_100730120.md,beefcab70f1586ae8f5381740392588963cdd173f6b0d719355d3923813b594c,ADMITTED,series/blue-archive/02 Sequential Readings/BOND/BLUE_ARCHIVE_HINATA_UI_SHIMIKO_PRIVATE_CONTEXTUALIZATION_CHECKPOINT.md,REF:CYCLE008_ACCEPTED,REF:CYCLE008_SCOPE,unresolved,,REF:CYCLE008_LIMITS,UNASSESSED,REF:PRIVATE_PRIORITY,,,
BA:momotalk:10073:thread:100730270,momotalk,MANDATORY_COMPLETE_REVIEW,02_CANONICAL_STORIES/MOMOTALK/CH0169/THREAD_100730270.md,2841b01df1312ec1804c462123375a9a88a65be2bc65d781a6734963e53c65c6,ADMITTED,series/blue-archive/02 Sequential Readings/BOND/BLUE_ARCHIVE_HINATA_UI_SHIMIKO_PRIVATE_CONTEXTUALIZATION_CHECKPOINT.md,REF:CYCLE008_ACCEPTED,REF:CYCLE008_SCOPE,unresolved,,REF:CYCLE008_LIMITS,UNASSESSED,REF:PRIVATE_PRIORITY,,,
BA:momotalk:10074:thread:100740010,momotalk,MANDATORY_COMPLETE_REVIEW,02_CANONICAL_STORIES/MOMOTALK/HANAKO/THREAD_100740010.md,411b0fa99a23609135022cd29b8a757058f8f5c3513f03ffedcd4ff21b6769ee,ADMITTED,series/blue-archive/02 Sequential Readings/BOND/HANAKO/BLUE_ARCHIVE_HANAKO_PRIVATE_CONTEXTUALIZATION_CHECKPOINT.md,REF:CYCLE008_ACCEPTED,REF:CYCLE008_SCOPE,unresolved,,REF:CYCLE008_LIMITS,UNASSESSED,REF:PRIVATE_PRIORITY,,,
BA:momotalk:10074:thread:100740140,momotalk,MANDATORY_COMPLETE_REVIEW,02_CANONICAL_STORIES/MOMOTALK/HANAKO/THREAD_100740140.md,5439d005992fd3ba7b4e5ad818dc528897cccc9cbbc5f858b5cce8205d5e1254,ADMITTED,series/blue-archive/02 Sequential Readings/BOND/HANAKO/BLUE_ARCHIVE_HANAKO_PRIVATE_CONTEXTUALIZATION_CHECKPOINT.md,REF:CYCLE008_ACCEPTED,REF:CYCLE008_SCOPE,unresolved,,REF:CYCLE008_LIMITS,UNASSESSED,REF:PRIVATE_PRIORITY,,,
BA:momotalk:10074:thread:100740240,momotalk,MANDATORY_COMPLETE_REVIEW,02_CANONICAL_STORIES/MOMOTALK/HANAKO/THREAD_100740240.md,a0a7328b1312866d9e1df5f1f28e2df2963aa75fb3c70a56d8c67f24de833c9c,ADMITTED,series/blue-archive/02 Sequential Readings/BOND/HANAKO/BLUE_ARCHIVE_HANAKO_PRIVATE_CONTEXTUALIZATION_CHECKPOINT.md,REF:CYCLE008_ACCEPTED,REF:CYCLE008_SCOPE,unresolved,,REF:CYCLE008_LIMITS,UNASSESSED,REF:PRIVATE_PRIORITY,,,
BA:momotalk:10075:thread:100750010,momotalk,MANDATORY_COMPLETE_REVIEW,02_CANONICAL_STORIES/MOMOTALK/CH0124/THREAD_100750010.md,1b91319dc81d326dea84395cb34cd53a172ac658df72a6f678c4e945f0475bb0,ADMITTED,series/blue-archive/02 Sequential Readings/BOND/BLUE_ARCHIVE_RED_WINTER7_PHASE2_PRIVATE_CONTEXTUAL_ACCOUNT_20261008.md,REF:CYCLE008_ACCEPTED,REF:CYCLE008_SCOPE,unresolved,,REF:CYCLE008_LIMITS,UNASSESSED,REF:PRIVATE_PRIORITY,0,0,0
BA:momotalk:10075:thread:100750120,momotalk,MANDATORY_COMPLETE_REVIEW,02_CANONICAL_STORIES/MOMOTALK/CH0124/THREAD_100750120.md,3f17e3048cb194f1db7a89f2ac49a83239bc18978c32fb7c7dfabafc122b53eb,ADMITTED,series/blue-archive/02 Sequential Readings/BOND/BLUE_ARCHIVE_RED_WINTER7_PHASE2_PRIVATE_CONTEXTUAL_ACCOUNT_20261008.md,REF:CYCLE008_ACCEPTED,REF:CYCLE008_SCOPE,unresolved,,REF:CYCLE008_LIMITS,UNASSESSED,REF:PRIVATE_PRIORITY,0,0,0
BA:momotalk:10075:thread:100750160,momotalk,MANDATORY_COMPLETE_REVIEW,02_CANONICAL_STORIES/MOMOTALK/CH0124/THREAD_100750160.md,c0329bf3061a16494427278366028dba228c784254ee6cb93f7ebfa23d00fa06,ADMITTED,series/blue-archive/02 Sequential Readings/BOND/BLUE_ARCHIVE_RED_WINTER7_PHASE2_PRIVATE_CONTEXTUAL_ACCOUNT_20261008.md,REF:CYCLE008_ACCEPTED,REF:CYCLE008_SCOPE,unresolved,,REF:CYCLE008_LIMITS,UNASSESSED,REF:PRIVATE_PRIORITY,0,0,0
BA:momotalk:10075:thread:100750270,momotalk,MANDATORY_COMPLETE_REVIEW,02_CANONICAL_STORIES/MOMOTALK/CH0124/THREAD_100750270.md,6d27cbb7cef891926c97495c0737c1563797c61583cf0a037cc1a50b43a91a97,ADMITTED,series/blue-archive/02 Sequential Readings/BOND/BLUE_ARCHIVE_RED_WINTER7_PHASE2_PRIVATE_CONTEXTUAL_ACCOUNT_20261008.md,REF:CYCLE008_ACCEPTED,REF:CYCLE008_SCOPE,unresolved,,REF:CYCLE008_LIMITS,UNASSESSED,REF:PRIVATE_PRIORITY,0,0,0
BA:momotalk:10076:thread:100760010,momotalk,MANDATORY_COMPLETE_REVIEW,02_CANONICAL_STORIES/MOMOTALK/KOTORI/THREAD_100760010.md,b09a6b9a2d65fbfcf732ec4ee0f1067ba6a428de4091c61ccf3d27ded3e13e3a,ADMITTED,series/blue-archive/02 Sequential Readings/BOND/BLUE_ARCHIVE_KOTORI_PHASE2_PRIVATE_CONTEXTUAL_ACCOUNT_20261008.md,REF:CYCLE008_ACCEPTED,REF:CYCLE008_SCOPE,unresolved,,REF:CYCLE008_LIMITS,UNASSESSED,REF:PRIVATE_PRIORITY,,,
BA:momotalk:10076:thread:100760170,momotalk,MANDATORY_COMPLETE_REVIEW,02_CANONICAL_STORIES/MOMOTALK/KOTORI/THREAD_100760170.md,909ab67450b5cd8d2ce8f9251949bf4eec4982be5a09d302f77bfa8e7a96f66b,ADMITTED,series/blue-archive/02 Sequential Readings/BOND/BLUE_ARCHIVE_KOTORI_PHASE2_PRIVATE_CONTEXTUAL_ACCOUNT_20261008.md,REF:CYCLE008_ACCEPTED,REF:CYCLE008_SCOPE,unresolved,,REF:CYCLE008_LIMITS,UNASSESSED,REF:PRIVATE_PRIORITY,,,
BA:momotalk:10076:thread:100760330,momotalk,MANDATORY_COMPLETE_REVIEW,02_CANONICAL_STORIES/MOMOTALK/KOTORI/THREAD_100760330.md,343e6cc785f484f21830bdbff92f6ec3d57d3a0f2ecadf2320cf92ed5c862a80,ADMITTED,series/blue-archive/02 Sequential Readings/BOND/BLUE_ARCHIVE_KOTORI_PHASE2_PRIVATE_CONTEXTUAL_ACCOUNT_20261008.md,REF:CYCLE008_ACCEPTED,REF:CYCLE008_SCOPE,unresolved,,REF:CYCLE008_LIMITS,UNASSESSED,REF:PRIVATE_PRIORITY,,,
BA:momotalk:10076:thread:100760480,momotalk,MANDATORY_COMPLETE_REVIEW,02_CANONICAL_STORIES/MOMOTALK/KOTORI/THREAD_100760480.md,fa45d7cbfcb8fba5011be09757f28642a25a21e79e01e4342b5892c2f126c464,ADMITTED,series/blue-archive/02 Sequential Readings/BOND/BLUE_ARCHIVE_KOTORI_PHASE2_PRIVATE_CONTEXTUAL_ACCOUNT_20261008.md,REF:CYCLE008_ACCEPTED,REF:CYCLE008_SCOPE,unresolved,,REF:CYCLE008_LIMITS,UNASSESSED,REF:PRIVATE_PRIORITY,,,
BA:momotalk:10077:thread:100770010,momotalk,MANDATORY_COMPLETE_REVIEW,02_CANONICAL_STORIES/MOMOTALK/CH0071/THREAD_100770010.md,395b64b60590851170ed0280196685773cf6809b45db7c61afcd19ff2c6aeb59,ADMITTED,series/blue-archive/02 Sequential Readings/BOND/BLUE_ARCHIVE_SUZUMI_REISA_ICHIKA_PRIVATE_CONTEXTUALIZATION_CHECKPOINT.md,REF:CYCLE008_ACCEPTED,REF:CYCLE008_SCOPE,unresolved,,REF:CYCLE008_LIMITS,UNASSESSED,REF:PRIVATE_PRIORITY,,,
BA:momotalk:10077:thread:100770100,momotalk,MANDATORY_COMPLETE_REVIEW,02_CANONICAL_STORIES/MOMOTALK/CH0071/THREAD_100770100.md,13f125f3a5ab6fc2b660c59d710d837ef1e2649989f23859fa9f64969ff68f60,ADMITTED,series/blue-archive/02 Sequential Readings/BOND/BLUE_ARCHIVE_SUZUMI_REISA_ICHIKA_PRIVATE_CONTEXTUALIZATION_CHECKPOINT.md,REF:CYCLE008_ACCEPTED,REF:CYCLE008_SCOPE,unresolved,,REF:CYCLE008_LIMITS,UNASSESSED,REF:PRIVATE_PRIORITY,,,
BA:momotalk:10077:thread:100770230,momotalk,MANDATORY_COMPLETE_REVIEW,02_CANONICAL_STORIES/MOMOTALK/CH0071/THREAD_100770230.md,bc789e12437cb12a7af3f30008c6f2a4f1405c1ac69ba7a855a1b6ebab48cb7a,ADMITTED,series/blue-archive/02 Sequential Readings/BOND/BLUE_ARCHIVE_SUZUMI_REISA_ICHIKA_PRIVATE_CONTEXTUALIZATION_CHECKPOINT.md,REF:CYCLE008_ACCEPTED,REF:CYCLE008_SCOPE,unresolved,,REF:CYCLE008_LIMITS,UNASSESSED,REF:PRIVATE_PRIORITY,,,
BA:momotalk:10077:thread:100770300,momotalk,MANDATORY_COMPLETE_REVIEW,02_CANONICAL_STORIES/MOMOTALK/CH0071/THREAD_100770300.md,e5baad547790f1bd75499d42c545df6e56e89efd36a82713f554c873a78bf781,ADMITTED,series/blue-archive/02 Sequential Readings/BOND/BLUE_ARCHIVE_SUZUMI_REISA_ICHIKA_PRIVATE_CONTEXTUALIZATION_CHECKPOINT.md,REF:CYCLE008_ACCEPTED,REF:CYCLE008_SCOPE,unresolved,,REF:CYCLE008_LIMITS,UNASSESSED,REF:PRIVATE_PRIORITY,,,
BA:momotalk:10078:thread:100780010,momotalk,MANDATORY_COMPLETE_REVIEW,02_CANONICAL_STORIES/MOMOTALK/CH0089/THREAD_100780010.md,10846d72f4ec1b6458b620f940bdf831b3deb6debead1a44d79d758557a38a4c,ADMITTED,series/blue-archive/02 Sequential Readings/BOND/BLUE_ARCHIVE_GEHENNA20_PHASE2_PRIVATE_CONTEXTUAL_ACCOUNT_20261008.md,REF:CYCLE008_ACCEPTED,REF:CYCLE008_SCOPE,unresolved,,REF:CYCLE008_LIMITS,UNASSESSED,REF:PRIVATE_PRIORITY,,,
BA:momotalk:10078:thread:100780150,momotalk,MANDATORY_COMPLETE_REVIEW,02_CANONICAL_STORIES/MOMOTALK/CH0089/THREAD_100780150.md,56073d292862e8f8890b4c45477d9ee17d22801834d7cd854be9371384c4d54d,ADMITTED,series/blue-archive/02 Sequential Readings/BOND/BLUE_ARCHIVE_GEHENNA20_PHASE2_PRIVATE_CONTEXTUAL_ACCOUNT_20261008.md,REF:CYCLE008_ACCEPTED,REF:CYCLE008_SCOPE,unresolved,,REF:CYCLE008_LIMITS,UNASSESSED,REF:PRIVATE_PRIORITY,,,
BA:momotalk:10078:thread:100780300,momotalk,MANDATORY_COMPLETE_REVIEW,02_CANONICAL_STORIES/MOMOTALK/CH0089/THREAD_100780300.md,3f427d2812be9d7872b7e6d7f1bfd847b8802acf5223d748149c992cd9a06902,ADMITTED,series/blue-archive/02 Sequential Readings/BOND/BLUE_ARCHIVE_GEHENNA20_PHASE2_PRIVATE_CONTEXTUAL_ACCOUNT_20261008.md,REF:CYCLE008_ACCEPTED,REF:CYCLE008_SCOPE,unresolved,,REF:CYCLE008_LIMITS,UNASSESSED,REF:PRIVATE_PRIORITY,,,
BA:momotalk:10078:thread:100780440,momotalk,MANDATORY_COMPLETE_REVIEW,02_CANONICAL_STORIES/MOMOTALK/CH0089/THREAD_100780440.md,bfc91a3a1cb7641ebb2ab8f4b97d6a8a8852558817574bff372331d4a7a28703,ADMITTED,series/blue-archive/02 Sequential Readings/BOND/BLUE_ARCHIVE_GEHENNA20_PHASE2_PRIVATE_CONTEXTUAL_ACCOUNT_20261008.md,REF:CYCLE008_ACCEPTED,REF:CYCLE008_SCOPE,unresolved,,REF:CYCLE008_LIMITS,UNASSESSED,REF:PRIVATE_PRIORITY,,,
BA:momotalk:10079:thread:100790010,momotalk,MANDATORY_COMPLETE_REVIEW,02_CANONICAL_STORIES/MOMOTALK/CH9998/THREAD_100790010.md,89e3e9e42b860e6b08618217595acb83b150b91d53ca2602cd6b1eeeedc1da26,ADMITTED,series/blue-archive/02 Sequential Readings/BOND/BLUE_ARCHIVE_COLLABORATION4_PHASE2_PRIVATE_AND_MODE_CONTEXTUAL_ACCOUNT_20261009.md,REF:CYCLE008_ACCEPTED,REF:CYCLE008_SCOPE,unresolved,,REF:CYCLE008_LIMITS;REF:NEW80_ROOT_QUALIFIED;REF:NEW80_IDENTITY_MODES,UNASSESSED,REF:PRIVATE_PRIORITY,,,
BA:momotalk:10079:thread:100790110,momotalk,MANDATORY_COMPLETE_REVIEW,02_CANONICAL_STORIES/MOMOTALK/CH9998/THREAD_100790110.md,e88d963eee4721230d9bd18354b1296fc5d586458045667a0a5156f72ceb8e97,ADMITTED,series/blue-archive/02 Sequential Readings/BOND/BLUE_ARCHIVE_COLLABORATION4_PHASE2_PRIVATE_AND_MODE_CONTEXTUAL_ACCOUNT_20261009.md,REF:CYCLE008_ACCEPTED,REF:CYCLE008_SCOPE,unresolved,,REF:CYCLE008_LIMITS;REF:NEW80_ROOT_QUALIFIED;REF:NEW80_IDENTITY_MODES,UNASSESSED,REF:PRIVATE_PRIORITY,,,
BA:momotalk:10079:thread:100790230,momotalk,MANDATORY_COMPLETE_REVIEW,02_CANONICAL_STORIES/MOMOTALK/CH9998/THREAD_100790230.md,497513221a55696df121926be1835565345745d01de8f402807697f6c5226823,ADMITTED,series/blue-archive/02 Sequential Readings/BOND/BLUE_ARCHIVE_COLLABORATION4_PHASE2_PRIVATE_AND_MODE_CONTEXTUAL_ACCOUNT_20261009.md,REF:CYCLE008_ACCEPTED,REF:CYCLE008_SCOPE,unresolved,,REF:CYCLE008_LIMITS;REF:NEW80_ROOT_QUALIFIED;REF:NEW80_IDENTITY_MODES,UNASSESSED,REF:PRIVATE_PRIORITY,,,
BA:momotalk:10079:thread:100790340,momotalk,MANDATORY_COMPLETE_REVIEW,02_CANONICAL_STORIES/MOMOTALK/CH9998/THREAD_100790340.md,8c9bb1a55972c29414f1bfe6c006416a4014b57b041343a5a82b769b7d4c8211,ADMITTED,series/blue-archive/02 Sequential Readings/BOND/BLUE_ARCHIVE_COLLABORATION4_PHASE2_PRIVATE_AND_MODE_CONTEXTUAL_ACCOUNT_20261009.md,REF:CYCLE008_ACCEPTED,REF:CYCLE008_SCOPE,unresolved,,REF:CYCLE008_LIMITS;REF:NEW80_ROOT_QUALIFIED;REF:NEW80_IDENTITY_MODES,UNASSESSED,REF:PRIVATE_PRIORITY,,,
BA:momotalk:10080:thread:100800010,momotalk,MANDATORY_COMPLETE_REVIEW,02_CANONICAL_STORIES/MOMOTALK/CH9997/THREAD_100800010.md,625747b0d4ef44020ec085863e32a38670c848f6662fb648bcb52cbb75b16fcd,ADMITTED,series/blue-archive/02 Sequential Readings/BOND/BLUE_ARCHIVE_COLLABORATION4_PHASE2_PRIVATE_AND_MODE_CONTEXTUAL_ACCOUNT_20261009.md,REF:CYCLE008_ACCEPTED,REF:CYCLE008_SCOPE,unresolved,,REF:CYCLE008_LIMITS;REF:NEW80_ROOT_QUALIFIED;REF:NEW80_IDENTITY_MODES,UNASSESSED,REF:PRIVATE_PRIORITY,,,
BA:momotalk:10080:thread:100800080,momotalk,MANDATORY_COMPLETE_REVIEW,02_CANONICAL_STORIES/MOMOTALK/CH9997/THREAD_100800080.md,354801ec4cc83703ff324a61f95c06f19021a2d3a8ef51c3009234b07c9f1ebd,ADMITTED,series/blue-archive/02 Sequential Readings/BOND/BLUE_ARCHIVE_COLLABORATION4_PHASE2_PRIVATE_AND_MODE_CONTEXTUAL_ACCOUNT_20261009.md,REF:CYCLE008_ACCEPTED,REF:CYCLE008_SCOPE,unresolved,,REF:CYCLE008_LIMITS;REF:NEW80_ROOT_QUALIFIED;REF:NEW80_IDENTITY_MODES,UNASSESSED,REF:PRIVATE_PRIORITY,,,
BA:momotalk:10080:thread:100800150,momotalk,MANDATORY_COMPLETE_REVIEW,02_CANONICAL_STORIES/MOMOTALK/CH9997/THREAD_100800150.md,3531095de5b41d01f56688a12220fd4659e7e52edf1977931a18d1025bdc134b,ADMITTED,series/blue-archive/02 Sequential Readings/BOND/BLUE_ARCHIVE_COLLABORATION4_PHASE2_PRIVATE_AND_MODE_CONTEXTUAL_ACCOUNT_20261009.md,REF:CYCLE008_ACCEPTED,REF:CYCLE008_SCOPE,unresolved,,REF:CYCLE008_LIMITS;REF:NEW80_ROOT_QUALIFIED;REF:NEW80_IDENTITY_MODES,UNASSESSED,REF:PRIVATE_PRIORITY,,,
BA:momotalk:10080:thread:100800250,momotalk,MANDATORY_COMPLETE_REVIEW,02_CANONICAL_STORIES/MOMOTALK/CH9997/THREAD_100800250.md,c09f296d1f91b58b37905c35ea9b58257d9e252da6790bd3ffa31ba8781a9d12,ADMITTED,series/blue-archive/02 Sequential Readings/BOND/BLUE_ARCHIVE_COLLABORATION4_PHASE2_PRIVATE_AND_MODE_CONTEXTUAL_ACCOUNT_20261009.md,REF:CYCLE008_ACCEPTED,REF:CYCLE008_SCOPE,unresolved,,REF:CYCLE008_LIMITS;REF:NEW80_ROOT_QUALIFIED;REF:NEW80_IDENTITY_MODES,UNASSESSED,REF:PRIVATE_PRIORITY,,,
BA:momotalk:10081:thread:100810010,momotalk,MANDATORY_COMPLETE_REVIEW,02_CANONICAL_STORIES/MOMOTALK/CH0161/THREAD_100810010.md,d6a6d93350832a014566ab19a08d8fd7e9045993866dd1ad0b567e20ab01aa4d,ADMITTED,series/blue-archive/02 Sequential Readings/BOND/BLUE_ARCHIVE_HYAKKA_YUKARI_NAGUSA_KIKYOU_RENGE_PHASE2_PRIVATE_CONTEXTUAL_ACCOUNT_20261008.md,REF:CYCLE008_ACCEPTED,REF:CYCLE008_SCOPE,unresolved,,REF:CYCLE008_LIMITS,UNASSESSED,REF:PRIVATE_PRIORITY,,,
BA:momotalk:10081:thread:100810130,momotalk,MANDATORY_COMPLETE_REVIEW,02_CANONICAL_STORIES/MOMOTALK/CH0161/THREAD_100810130.md,7006536f732dbdb254cacb2d579388bb63e0d32e545afc25abe6d878b8db4f87,ADMITTED,series/blue-archive/02 Sequential Readings/BOND/BLUE_ARCHIVE_HYAKKA_YUKARI_NAGUSA_KIKYOU_RENGE_PHASE2_PRIVATE_CONTEXTUAL_ACCOUNT_20261008.md,REF:CYCLE008_ACCEPTED,REF:CYCLE008_SCOPE,unresolved,,REF:CYCLE008_LIMITS,UNASSESSED,REF:PRIVATE_PRIORITY,,,
BA:momotalk:10081:thread:100810210,momotalk,MANDATORY_COMPLETE_REVIEW,02_CANONICAL_STORIES/MOMOTALK/CH0161/THREAD_100810210.md,f4381d43fdb4f849131d76465f66020598578f0fb780f14b7e9a5c39a8b32ac3,ADMITTED,series/blue-archive/02 Sequential Readings/BOND/BLUE_ARCHIVE_HYAKKA_YUKARI_NAGUSA_KIKYOU_RENGE_PHASE2_PRIVATE_CONTEXTUAL_ACCOUNT_20261008.md,REF:CYCLE008_ACCEPTED,REF:CYCLE008_SCOPE,unresolved,,REF:CYCLE008_LIMITS,UNASSESSED,REF:PRIVATE_PRIORITY,,,
BA:momotalk:10081:thread:100810250,momotalk,MANDATORY_COMPLETE_REVIEW,02_CANONICAL_STORIES/MOMOTALK/CH0161/THREAD_100810250.md,c04d71e393f9fb707145b1c70c15a530296c828cf59714b99b4d072a2aa8d301,ADMITTED,series/blue-archive/02 Sequential Readings/BOND/BLUE_ARCHIVE_HYAKKA_YUKARI_NAGUSA_KIKYOU_RENGE_PHASE2_PRIVATE_CONTEXTUAL_ACCOUNT_20261008.md,REF:CYCLE008_ACCEPTED,REF:CYCLE008_SCOPE,unresolved,,REF:CYCLE008_LIMITS,UNASSESSED,REF:PRIVATE_PRIORITY,,,
BA:momotalk:10082:thread:100820010,momotalk,MANDATORY_COMPLETE_REVIEW,02_CANONICAL_STORIES/MOMOTALK/CH0224/THREAD_100820010.md,fe2c5a5f633a978424af795c0855532e5b79066ec768a9e45061ddb663e7565b,ADMITTED,series/blue-archive/02 Sequential Readings/BOND/BLUE_ARCHIVE_HYAKKA_YUKARI_NAGUSA_KIKYOU_RENGE_PHASE2_PRIVATE_CONTEXTUAL_ACCOUNT_20261008.md,REF:CYCLE008_ACCEPTED,REF:CYCLE008_SCOPE,unresolved,,REF:CYCLE008_LIMITS,UNASSESSED,REF:PRIVATE_PRIORITY,,,
BA:momotalk:10082:thread:100820120,momotalk,MANDATORY_COMPLETE_REVIEW,02_CANONICAL_STORIES/MOMOTALK/CH0224/THREAD_100820120.md,01c413cc13c966e3f7e935c75111a4dbeb5c7270939df7590809eddfa706fd71,ADMITTED,series/blue-archive/02 Sequential Readings/BOND/BLUE_ARCHIVE_HYAKKA_YUKARI_NAGUSA_KIKYOU_RENGE_PHASE2_PRIVATE_CONTEXTUAL_ACCOUNT_20261008.md,REF:CYCLE008_ACCEPTED,REF:CYCLE008_SCOPE,unresolved,,REF:CYCLE008_LIMITS,UNASSESSED,REF:PRIVATE_PRIORITY,,,
BA:momotalk:10082:thread:100820290,momotalk,MANDATORY_COMPLETE_REVIEW,02_CANONICAL_STORIES/MOMOTALK/CH0224/THREAD_100820290.md,a25682d6d69912336dc1788122e0d2d21901356bca86f06b67c23f14c7da82b1,ADMITTED,series/blue-archive/02 Sequential Readings/BOND/BLUE_ARCHIVE_HYAKKA_YUKARI_NAGUSA_KIKYOU_RENGE_PHASE2_PRIVATE_CONTEXTUAL_ACCOUNT_20261008.md,REF:CYCLE008_ACCEPTED,REF:CYCLE008_SCOPE,unresolved,,REF:CYCLE008_LIMITS,UNASSESSED,REF:PRIVATE_PRIORITY,,,
BA:momotalk:10082:thread:100820460,momotalk,MANDATORY_COMPLETE_REVIEW,02_CANONICAL_STORIES/MOMOTALK/CH0224/THREAD_100820460.md,bd71f9a2a3f58eb070e0480cc5dcd7af6a74083ae46f457063d0a823065d2bec,ADMITTED,series/blue-archive/02 Sequential Readings/BOND/BLUE_ARCHIVE_HYAKKA_YUKARI_NAGUSA_KIKYOU_RENGE_PHASE2_PRIVATE_CONTEXTUAL_ACCOUNT_20261008.md,REF:CYCLE008_ACCEPTED,REF:CYCLE008_SCOPE,unresolved,,REF:CYCLE008_LIMITS,UNASSESSED,REF:PRIVATE_PRIORITY,,,
BA:momotalk:10082:thread:100820590,momotalk,MANDATORY_COMPLETE_REVIEW,02_CANONICAL_STORIES/MOMOTALK/CH0224/THREAD_100820590.md,eb010ba60cba1179af3dbf81fdc5b4cdc2dd07c422b9c2fe16a11862480c4712,ADMITTED,series/blue-archive/02 Sequential Readings/BOND/BLUE_ARCHIVE_HYAKKA_YUKARI_NAGUSA_KIKYOU_RENGE_PHASE2_PRIVATE_CONTEXTUAL_ACCOUNT_20261008.md,REF:CYCLE008_ACCEPTED,REF:CYCLE008_SCOPE,unresolved,,REF:CYCLE008_LIMITS,UNASSESSED,REF:PRIVATE_PRIORITY,,,
BA:momotalk:10083:thread:100830010,momotalk,MANDATORY_COMPLETE_REVIEW,02_CANONICAL_STORIES/MOMOTALK/CH0225/THREAD_100830010.md,a11817aea1752dce229ffafeaaf80046afd4b2306d8b9556769a0ce3b2b28136,ADMITTED,series/blue-archive/02 Sequential Readings/BOND/BLUE_ARCHIVE_HYAKKA_YUKARI_NAGUSA_KIKYOU_RENGE_PHASE2_PRIVATE_CONTEXTUAL_ACCOUNT_20261008.md,REF:CYCLE008_ACCEPTED,REF:CYCLE008_SCOPE,unresolved,,REF:CYCLE008_LIMITS,UNASSESSED,REF:PRIVATE_PRIORITY,,,
BA:momotalk:10083:thread:100830060,momotalk,MANDATORY_COMPLETE_REVIEW,02_CANONICAL_STORIES/MOMOTALK/CH0225/THREAD_100830060.md,3bcbd93bb9e906aa9d4c7ce13f9303b791d95fb649298cb334d4d76a6c242ade,ADMITTED,series/blue-archive/02 Sequential Readings/BOND/BLUE_ARCHIVE_HYAKKA_YUKARI_NAGUSA_KIKYOU_RENGE_PHASE2_PRIVATE_CONTEXTUAL_ACCOUNT_20261008.md,REF:CYCLE008_ACCEPTED,REF:CYCLE008_SCOPE,unresolved,,REF:CYCLE008_LIMITS,UNASSESSED,REF:PRIVATE_PRIORITY,,,
BA:momotalk:10083:thread:100830190,momotalk,MANDATORY_COMPLETE_REVIEW,02_CANONICAL_STORIES/MOMOTALK/CH0225/THREAD_100830190.md,caed7c6bff6552427c6d7a7020053df27668fa0941b10de0fdebd2bf43f9dce1,ADMITTED,series/blue-archive/02 Sequential Readings/BOND/BLUE_ARCHIVE_HYAKKA_YUKARI_NAGUSA_KIKYOU_RENGE_PHASE2_PRIVATE_CONTEXTUAL_ACCOUNT_20261008.md,REF:CYCLE008_ACCEPTED,REF:CYCLE008_SCOPE,unresolved,,REF:CYCLE008_LIMITS,UNASSESSED,REF:PRIVATE_PRIORITY,,,
BA:momotalk:10083:thread:100830270,momotalk,MANDATORY_COMPLETE_REVIEW,02_CANONICAL_STORIES/MOMOTALK/CH0225/THREAD_100830270.md,9fbce773b64b415dc4bff6d02755011f9f956fe62bd06e781049cc63086c379d,ADMITTED,series/blue-archive/02 Sequential Readings/BOND/BLUE_ARCHIVE_HYAKKA_YUKARI_NAGUSA_KIKYOU_RENGE_PHASE2_PRIVATE_CONTEXTUAL_ACCOUNT_20261008.md,REF:CYCLE008_ACCEPTED,REF:CYCLE008_SCOPE,unresolved,,REF:CYCLE008_LIMITS,UNASSESSED,REF:PRIVATE_PRIORITY,,,
BA:momotalk:10084:thread:100840010,momotalk,MANDATORY_COMPLETE_REVIEW,02_CANONICAL_STORIES/MOMOTALK/KOTAMA/THREAD_100840010.md,997309705d950f55e66967c3b433c117c5278acb8053c8d450135a828defe147,ADMITTED,series/blue-archive/02 Sequential Readings/BOND/BLUE_ARCHIVE_KOTAMA_PHASE2_PRIVATE_CONTEXTUAL_ACCOUNT_20261008.md,REF:CYCLE008_ACCEPTED,REF:CYCLE008_SCOPE,unresolved,,REF:CYCLE008_LIMITS,UNASSESSED,REF:PRIVATE_PRIORITY,,,
BA:momotalk:10084:thread:100840090,momotalk,MANDATORY_COMPLETE_REVIEW,02_CANONICAL_STORIES/MOMOTALK/KOTAMA/THREAD_100840090.md,a2d74ccc8af89bfee1bd95a328e6178efcba2f26ac4ec73c133e910ddd8f841b,ADMITTED,series/blue-archive/02 Sequential Readings/BOND/BLUE_ARCHIVE_KOTAMA_PHASE2_PRIVATE_CONTEXTUAL_ACCOUNT_20261008.md,REF:CYCLE008_ACCEPTED,REF:CYCLE008_SCOPE,unresolved,,REF:CYCLE008_LIMITS,UNASSESSED,REF:PRIVATE_PRIORITY,,,
BA:momotalk:10084:thread:100840160,momotalk,MANDATORY_COMPLETE_REVIEW,02_CANONICAL_STORIES/MOMOTALK/KOTAMA/THREAD_100840160.md,a37f7546e98dba6c34be200e08cf4c74310f002fa2dd0e1a37fbe34a0476b503,ADMITTED,series/blue-archive/02 Sequential Readings/BOND/BLUE_ARCHIVE_KOTAMA_PHASE2_PRIVATE_CONTEXTUAL_ACCOUNT_20261008.md,REF:CYCLE008_ACCEPTED,REF:CYCLE008_SCOPE,unresolved,,REF:CYCLE008_LIMITS,UNASSESSED,REF:PRIVATE_PRIORITY,,,
BA:momotalk:10084:thread:100840220,momotalk,MANDATORY_COMPLETE_REVIEW,02_CANONICAL_STORIES/MOMOTALK/KOTAMA/THREAD_100840220.md,058dbcdb5eef7286d819a5da49284ea0e1e64a2e4624ccf5611c0ed1985deabd,ADMITTED,series/blue-archive/02 Sequential Readings/BOND/BLUE_ARCHIVE_KOTAMA_PHASE2_PRIVATE_CONTEXTUAL_ACCOUNT_20261008.md,REF:CYCLE008_ACCEPTED,REF:CYCLE008_SCOPE,unresolved,,REF:CYCLE008_LIMITS,UNASSESSED,REF:PRIVATE_PRIORITY,,,
BA:momotalk:10085:thread:100850010,momotalk,MANDATORY_COMPLETE_REVIEW,02_CANONICAL_STORIES/MOMOTALK/HARE/THREAD_100850010.md,38d6320e6bc31f1efa7a83d611ac874e44453190e4d904f3a1f1694637026a6d,ADMITTED,series/blue-archive/02 Sequential Readings/BOND/BLUE_ARCHIVE_HARE_PHASE2_PRIVATE_CONTEXTUAL_ACCOUNT_20261008.md,REF:CYCLE008_ACCEPTED,REF:CYCLE008_SCOPE,unresolved,,REF:CYCLE008_LIMITS,UNASSESSED,REF:PRIVATE_PRIORITY,,,
BA:momotalk:10085:thread:100850120,momotalk,MANDATORY_COMPLETE_REVIEW,02_CANONICAL_STORIES/MOMOTALK/HARE/THREAD_100850120.md,5c9989c3a4930963f0615090b7d34a85519fa705b37b0145b09877efcb9d6082,ADMITTED,series/blue-archive/02 Sequential Readings/BOND/BLUE_ARCHIVE_HARE_PHASE2_PRIVATE_CONTEXTUAL_ACCOUNT_20261008.md,REF:CYCLE008_ACCEPTED,REF:CYCLE008_SCOPE,unresolved,,REF:CYCLE008_LIMITS,UNASSESSED,REF:PRIVATE_PRIORITY,,,
BA:momotalk:10085:thread:100850200,momotalk,MANDATORY_COMPLETE_REVIEW,02_CANONICAL_STORIES/MOMOTALK/HARE/THREAD_100850200.md,540d74faab69288ac15168bcd694d23ab906c816879b311901140e6ed945543e,ADMITTED,series/blue-archive/02 Sequential Readings/BOND/BLUE_ARCHIVE_HARE_PHASE2_PRIVATE_CONTEXTUAL_ACCOUNT_20261008.md,REF:CYCLE008_ACCEPTED,REF:CYCLE008_SCOPE,unresolved,,REF:CYCLE008_LIMITS,UNASSESSED,REF:PRIVATE_PRIORITY,,,
BA:momotalk:10085:thread:100850330,momotalk,MANDATORY_COMPLETE_REVIEW,02_CANONICAL_STORIES/MOMOTALK/HARE/THREAD_100850330.md,c43ffe1de2286f8147f5279b95a39656ef14c79cb69d68f2eedfd474645aba83,ADMITTED,series/blue-archive/02 Sequential Readings/BOND/BLUE_ARCHIVE_HARE_PHASE2_PRIVATE_CONTEXTUAL_ACCOUNT_20261008.md,REF:CYCLE008_ACCEPTED,REF:CYCLE008_SCOPE,unresolved,,REF:CYCLE008_LIMITS,UNASSESSED,REF:PRIVATE_PRIORITY,,,
BA:momotalk:10086:thread:100860010,momotalk,MANDATORY_COMPLETE_REVIEW,02_CANONICAL_STORIES/MOMOTALK/HINA/THREAD_100860010.md,8a1658a814995bc8d157938ccaae5e0cedc0f0e3aa31d3e129d394351fd0390a,ADMITTED,series/blue-archive/02 Sequential Readings/BOND/BLUE_ARCHIVE_GEHENNA20_PHASE2_PRIVATE_CONTEXTUAL_ACCOUNT_20261008.md,REF:CYCLE008_ACCEPTED,REF:CYCLE008_SCOPE,unresolved,,REF:CYCLE008_LIMITS,UNASSESSED,REF:PRIVATE_PRIORITY,,,
BA:momotalk:10086:thread:100860080,momotalk,MANDATORY_COMPLETE_REVIEW,02_CANONICAL_STORIES/MOMOTALK/HINA/THREAD_100860080.md,82a56b09a0782684833a63566e3e843011b096d4e90dcd6380317be24abc124a,ADMITTED,series/blue-archive/02 Sequential Readings/BOND/BLUE_ARCHIVE_GEHENNA20_PHASE2_PRIVATE_CONTEXTUAL_ACCOUNT_20261008.md,REF:CYCLE008_ACCEPTED,REF:CYCLE008_SCOPE,unresolved,,REF:CYCLE008_LIMITS,UNASSESSED,REF:PRIVATE_PRIORITY,,,
BA:momotalk:10086:thread:100860160,momotalk,MANDATORY_COMPLETE_REVIEW,02_CANONICAL_STORIES/MOMOTALK/HINA/THREAD_100860160.md,49373251c0232d64f783608da3f0625e51727fdf739b71e8aafc3672982918cc,ADMITTED,series/blue-archive/02 Sequential Readings/BOND/BLUE_ARCHIVE_GEHENNA20_PHASE2_PRIVATE_CONTEXTUAL_ACCOUNT_20261008.md,REF:CYCLE008_ACCEPTED,REF:CYCLE008_SCOPE,unresolved,,REF:CYCLE008_LIMITS,UNASSESSED,REF:PRIVATE_PRIORITY,,,
BA:momotalk:10087:thread:100870010,momotalk,MANDATORY_COMPLETE_REVIEW,02_CANONICAL_STORIES/MOMOTALK/AKO/THREAD_100870010.md,5553e1fb032794d9cdf2fe67b6e12f24f86f4e921e127d23d2e29b7f6d858306,ADMITTED,series/blue-archive/02 Sequential Readings/BOND/BLUE_ARCHIVE_GEHENNA20_PHASE2_PRIVATE_CONTEXTUAL_ACCOUNT_20261008.md,REF:CYCLE008_ACCEPTED,REF:CYCLE008_SCOPE,unresolved,,REF:CYCLE008_LIMITS,UNASSESSED,REF:PRIVATE_PRIORITY,,,
BA:momotalk:10087:thread:100870250,momotalk,MANDATORY_COMPLETE_REVIEW,02_CANONICAL_STORIES/MOMOTALK/AKO/THREAD_100870250.md,6b8c07fa56d291528b897097abaee9e9f279f3475546bd73fb38c91f985f7db1,ADMITTED,series/blue-archive/02 Sequential Readings/BOND/BLUE_ARCHIVE_GEHENNA20_PHASE2_PRIVATE_CONTEXTUAL_ACCOUNT_20261008.md,REF:CYCLE008_ACCEPTED,REF:CYCLE008_SCOPE,unresolved,,REF:CYCLE008_LIMITS,UNASSESSED,REF:PRIVATE_PRIORITY,,,
BA:momotalk:10087:thread:100870450,momotalk,MANDATORY_COMPLETE_REVIEW,02_CANONICAL_STORIES/MOMOTALK/AKO/THREAD_100870450.md,4e334d53cac46fa4c5cb1e21d3a6bc416792828b6fbbe0eb224614d502628f20,ADMITTED,series/blue-archive/02 Sequential Readings/BOND/BLUE_ARCHIVE_GEHENNA20_PHASE2_PRIVATE_CONTEXTUAL_ACCOUNT_20261008.md,REF:CYCLE008_ACCEPTED,REF:CYCLE008_SCOPE,unresolved,,REF:CYCLE008_LIMITS,UNASSESSED,REF:PRIVATE_PRIORITY,,,
BA:momotalk:10088:thread:100880010,momotalk,MANDATORY_COMPLETE_REVIEW,02_CANONICAL_STORIES/MOMOTALK/KAYOKO/THREAD_100880010.md,29f387b689b8cb3143440066b9d1aacb74a30bf5441c00480ca1eddd62b04612,ADMITTED,series/blue-archive/02 Sequential Readings/BOND/KAYOKO/BLUE_ARCHIVE_KAYOKO_PRIVATE_CONTEXTUALIZATION_CHECKPOINT.md,REF:CYCLE008_ACCEPTED,REF:CYCLE008_SCOPE,unresolved,,REF:CYCLE008_LIMITS,UNASSESSED,REF:PRIVATE_PRIORITY,,,
BA:momotalk:10088:thread:100880110,momotalk,MANDATORY_COMPLETE_REVIEW,02_CANONICAL_STORIES/MOMOTALK/KAYOKO/THREAD_100880110.md,d477390b59aaca828b656c7aef4aa75e6cd7dab7314bab515e743f80be4ddbfd,ADMITTED,series/blue-archive/02 Sequential Readings/BOND/KAYOKO/BLUE_ARCHIVE_KAYOKO_PRIVATE_CONTEXTUALIZATION_CHECKPOINT.md,REF:CYCLE008_ACCEPTED,REF:CYCLE008_SCOPE,unresolved,,REF:CYCLE008_LIMITS,UNASSESSED,REF:PRIVATE_PRIORITY,,,
BA:momotalk:10088:thread:100880160,momotalk,MANDATORY_COMPLETE_REVIEW,02_CANONICAL_STORIES/MOMOTALK/KAYOKO/THREAD_100880160.md,a26fc5b231b6a4e692bab34d395c644175b9497c5339800b152a55bb1d09649b,ADMITTED,series/blue-archive/02 Sequential Readings/BOND/KAYOKO/BLUE_ARCHIVE_KAYOKO_PRIVATE_CONTEXTUALIZATION_CHECKPOINT.md,REF:CYCLE008_ACCEPTED,REF:CYCLE008_SCOPE,unresolved,,REF:CYCLE008_LIMITS,UNASSESSED,REF:PRIVATE_PRIORITY,,,
BA:momotalk:10089:thread:100890010,momotalk,MANDATORY_COMPLETE_REVIEW,02_CANONICAL_STORIES/MOMOTALK/ARU/THREAD_100890010.md,386254cf228f21643bb130d4fadcb9aef2f6ab38cffd3d9744a9796497fc848a,ADMITTED,series/blue-archive/02 Sequential Readings/BOND/ARU/BLUE_ARCHIVE_ARU_PRIVATE_CONTEXTUALIZATION_CHECKPOINT.md,REF:CYCLE008_ACCEPTED,REF:CYCLE008_SCOPE,unresolved,,REF:CYCLE008_LIMITS,UNASSESSED,REF:PRIVATE_PRIORITY,,,
BA:momotalk:10089:thread:100890120,momotalk,MANDATORY_COMPLETE_REVIEW,02_CANONICAL_STORIES/MOMOTALK/ARU/THREAD_100890120.md,384de54fedcc2f71c4047b0d765f7ac6827b5325398b2d72bca85b38aa4023f8,ADMITTED,series/blue-archive/02 Sequential Readings/BOND/ARU/BLUE_ARCHIVE_ARU_PRIVATE_CONTEXTUALIZATION_CHECKPOINT.md,REF:CYCLE008_ACCEPTED,REF:CYCLE008_SCOPE,unresolved,,REF:CYCLE008_LIMITS,UNASSESSED,REF:PRIVATE_PRIORITY,,,
BA:momotalk:10089:thread:100890260,momotalk,MANDATORY_COMPLETE_REVIEW,02_CANONICAL_STORIES/MOMOTALK/ARU/THREAD_100890260.md,fe33f3e3840ea1ecda0a2908a5b5abd35cf13bad54143a25746222005d55d0c1,ADMITTED,series/blue-archive/02 Sequential Readings/BOND/ARU/BLUE_ARCHIVE_ARU_PRIVATE_CONTEXTUALIZATION_CHECKPOINT.md,REF:CYCLE008_ACCEPTED,REF:CYCLE008_SCOPE,unresolved,,REF:CYCLE008_LIMITS,UNASSESSED,REF:PRIVATE_PRIORITY,,,
BA:momotalk:10090:thread:100900010,momotalk,MANDATORY_COMPLETE_REVIEW,02_CANONICAL_STORIES/MOMOTALK/CH0110/THREAD_100900010.md,98622f672e1ec1de35db5fa86b814a4b12c0f33010930b58794e5a44152791ad,ADMITTED,series/blue-archive/02 Sequential Readings/BOND/BLUE_ARCHIVE_FESTIVAL_SHIZUKO_FINA_UMIKA_PHASE2_PRIVATE_CONTEXTUAL_ACCOUNT_20261008.md,REF:CYCLE008_ACCEPTED,REF:CYCLE008_SCOPE,unresolved,,REF:CYCLE008_LIMITS,UNASSESSED,REF:PRIVATE_PRIORITY,,,
BA:momotalk:10090:thread:100900090,momotalk,MANDATORY_COMPLETE_REVIEW,02_CANONICAL_STORIES/MOMOTALK/CH0110/THREAD_100900090.md,6897fafacd04478f506e37cbf8516e3ba27d940b28b19f634298d48747fca54d,ADMITTED,series/blue-archive/02 Sequential Readings/BOND/BLUE_ARCHIVE_FESTIVAL_SHIZUKO_FINA_UMIKA_PHASE2_PRIVATE_CONTEXTUAL_ACCOUNT_20261008.md,REF:CYCLE008_ACCEPTED,REF:CYCLE008_SCOPE,unresolved,,REF:CYCLE008_LIMITS,UNASSESSED,REF:PRIVATE_PRIORITY,,,
BA:momotalk:10090:thread:100900170,momotalk,MANDATORY_COMPLETE_REVIEW,02_CANONICAL_STORIES/MOMOTALK/CH0110/THREAD_100900170.md,fc6465d2c116a84b7ba6f852c8594c5f20a49284e15d397299e6a48ed19db364,ADMITTED,series/blue-archive/02 Sequential Readings/BOND/BLUE_ARCHIVE_FESTIVAL_SHIZUKO_FINA_UMIKA_PHASE2_PRIVATE_CONTEXTUAL_ACCOUNT_20261008.md,REF:CYCLE008_ACCEPTED,REF:CYCLE008_SCOPE,unresolved,,REF:CYCLE008_LIMITS,UNASSESSED,REF:PRIVATE_PRIORITY,,,
BA:momotalk:10090:thread:100900230,momotalk,MANDATORY_COMPLETE_REVIEW,02_CANONICAL_STORIES/MOMOTALK/CH0110/THREAD_100900230.md,5ce023123c0a22c5e483310665771dccffda96203bfb51f77dfa6a40de4e02ae,ADMITTED,series/blue-archive/02 Sequential Readings/BOND/BLUE_ARCHIVE_FESTIVAL_SHIZUKO_FINA_UMIKA_PHASE2_PRIVATE_CONTEXTUAL_ACCOUNT_20261008.md,REF:CYCLE008_ACCEPTED,REF:CYCLE008_SCOPE,unresolved,,REF:CYCLE008_LIMITS,UNASSESSED,REF:PRIVATE_PRIORITY,,,
BA:momotalk:10090:thread:100900330,momotalk,MANDATORY_COMPLETE_REVIEW,02_CANONICAL_STORIES/MOMOTALK/CH0110/THREAD_100900330.md,2a163ee31e0f0182d9ffed2879ee47abe3c3d59661df24a64f7530d608336fb2,ADMITTED,series/blue-archive/02 Sequential Readings/BOND/BLUE_ARCHIVE_FESTIVAL_SHIZUKO_FINA_UMIKA_PHASE2_PRIVATE_CONTEXTUAL_ACCOUNT_20261008.md,REF:CYCLE008_ACCEPTED,REF:CYCLE008_SCOPE,unresolved,,REF:CYCLE008_LIMITS,UNASSESSED,REF:PRIVATE_PRIORITY,,,
BA:momotalk:10091:thread:100910010,momotalk,MANDATORY_COMPLETE_REVIEW,02_CANONICAL_STORIES/MOMOTALK/KAZUSA/THREAD_100910010.md,099166ff8b8de980f7db9d789d4569a83c969d60db56b32de0aa34cfc9e5f65f,ADMITTED,series/blue-archive/02 Sequential Readings/BOND/BLUE_ARCHIVE_AIRI_KAZUSA_YOSHIMI_NATSU_PRIVATE_CONTEXTUALIZATION_CHECKPOINT.md,REF:CYCLE008_ACCEPTED,REF:CYCLE008_SCOPE,unresolved,,REF:CYCLE008_LIMITS,UNASSESSED,REF:PRIVATE_PRIORITY,,,
BA:momotalk:10091:thread:100910130,momotalk,MANDATORY_COMPLETE_REVIEW,02_CANONICAL_STORIES/MOMOTALK/KAZUSA/THREAD_100910130.md,b7f608c71c3c7d73d99cc2cfc2aa9c35b74d7403eca3fad05c8a4986bce13007,ADMITTED,series/blue-archive/02 Sequential Readings/BOND/BLUE_ARCHIVE_AIRI_KAZUSA_YOSHIMI_NATSU_PRIVATE_CONTEXTUALIZATION_CHECKPOINT.md,REF:CYCLE008_ACCEPTED,REF:CYCLE008_SCOPE,unresolved,,REF:CYCLE008_LIMITS,UNASSESSED,REF:PRIVATE_PRIORITY,,,
BA:momotalk:10091:thread:100910290,momotalk,MANDATORY_COMPLETE_REVIEW,02_CANONICAL_STORIES/MOMOTALK/KAZUSA/THREAD_100910290.md,1db456469458ced3c57a89b0e904a79907dbe05d32aa646c0ea1b30a1388d3be,ADMITTED,series/blue-archive/02 Sequential Readings/BOND/BLUE_ARCHIVE_AIRI_KAZUSA_YOSHIMI_NATSU_PRIVATE_CONTEXTUALIZATION_CHECKPOINT.md,REF:CYCLE008_ACCEPTED,REF:CYCLE008_SCOPE,unresolved,,REF:CYCLE008_LIMITS,UNASSESSED,REF:PRIVATE_PRIORITY,,,
BA:momotalk:10091:thread:100910470,momotalk,MANDATORY_COMPLETE_REVIEW,02_CANONICAL_STORIES/MOMOTALK/KAZUSA/THREAD_100910470.md,f06c6425be09fad70b0a7e905a1bc989b2cf6a6ce549560f7860961b799d3d5f,ADMITTED,series/blue-archive/02 Sequential Readings/BOND/BLUE_ARCHIVE_AIRI_KAZUSA_YOSHIMI_NATSU_PRIVATE_CONTEXTUALIZATION_CHECKPOINT.md,REF:CYCLE008_ACCEPTED,REF:CYCLE008_SCOPE,unresolved,,REF:CYCLE008_LIMITS,UNASSESSED,REF:PRIVATE_PRIORITY,,,
BA:momotalk:10092:thread:100920010,momotalk,MANDATORY_COMPLETE_REVIEW,02_CANONICAL_STORIES/MOMOTALK/YOSHIMI/THREAD_100920010.md,bfadffdb4ac075f1b5a972bd671bc81c3120ee079484a752ce24b0bb14719104,ADMITTED,series/blue-archive/02 Sequential Readings/BOND/BLUE_ARCHIVE_AIRI_KAZUSA_YOSHIMI_NATSU_PRIVATE_CONTEXTUALIZATION_CHECKPOINT.md,REF:CYCLE008_ACCEPTED,REF:CYCLE008_SCOPE,unresolved,,REF:CYCLE008_LIMITS,UNASSESSED,REF:PRIVATE_PRIORITY,,,
BA:momotalk:10092:thread:100920170,momotalk,MANDATORY_COMPLETE_REVIEW,02_CANONICAL_STORIES/MOMOTALK/YOSHIMI/THREAD_100920170.md,891f8fe97cc52256fdc5877a7911a0b885d60ead47125101b6f1b7b37870b217,ADMITTED,series/blue-archive/02 Sequential Readings/BOND/BLUE_ARCHIVE_AIRI_KAZUSA_YOSHIMI_NATSU_PRIVATE_CONTEXTUALIZATION_CHECKPOINT.md,REF:CYCLE008_ACCEPTED,REF:CYCLE008_SCOPE,unresolved,,REF:CYCLE008_LIMITS,UNASSESSED,REF:PRIVATE_PRIORITY,,,
BA:momotalk:10092:thread:100920290,momotalk,MANDATORY_COMPLETE_REVIEW,02_CANONICAL_STORIES/MOMOTALK/YOSHIMI/THREAD_100920290.md,934f4137deb7d830061504b1d8834cfe9798eb8e470fb840571c7a4631533b72,ADMITTED,series/blue-archive/02 Sequential Readings/BOND/BLUE_ARCHIVE_AIRI_KAZUSA_YOSHIMI_NATSU_PRIVATE_CONTEXTUALIZATION_CHECKPOINT.md,REF:CYCLE008_ACCEPTED,REF:CYCLE008_SCOPE,unresolved,,REF:CYCLE008_LIMITS,UNASSESSED,REF:PRIVATE_PRIORITY,,,
BA:momotalk:10093:thread:100930010,momotalk,MANDATORY_COMPLETE_REVIEW,02_CANONICAL_STORIES/MOMOTALK/KIRARA/THREAD_100930010.md,eee963b376c8207149fa1e1c855491078a175814d4c038493f20deda3a530f87,ADMITTED,series/blue-archive/02 Sequential Readings/BOND/BLUE_ARCHIVE_GEHENNA20_PHASE2_PRIVATE_CONTEXTUAL_ACCOUNT_20261008.md,REF:CYCLE008_ACCEPTED,REF:CYCLE008_SCOPE,unresolved,,REF:CYCLE008_LIMITS,UNASSESSED,REF:PRIVATE_PRIORITY,,,
BA:momotalk:10093:thread:100930130,momotalk,MANDATORY_COMPLETE_REVIEW,02_CANONICAL_STORIES/MOMOTALK/KIRARA/THREAD_100930130.md,39613e8126b69206d8f349a55acb6a7a2d4cff53bcdbaf51231c52d6665391a5,ADMITTED,series/blue-archive/02 Sequential Readings/BOND/BLUE_ARCHIVE_GEHENNA20_PHASE2_PRIVATE_CONTEXTUAL_ACCOUNT_20261008.md,REF:CYCLE008_ACCEPTED,REF:CYCLE008_SCOPE,unresolved,,REF:CYCLE008_LIMITS,UNASSESSED,REF:PRIVATE_PRIORITY,,,
BA:momotalk:10093:thread:100930290,momotalk,MANDATORY_COMPLETE_REVIEW,02_CANONICAL_STORIES/MOMOTALK/KIRARA/THREAD_100930290.md,289d15ae754e5975275ba442e3ec0a9b1b62fef8118579825dfb0e9812b2ec53,ADMITTED,series/blue-archive/02 Sequential Readings/BOND/BLUE_ARCHIVE_GEHENNA20_PHASE2_PRIVATE_CONTEXTUAL_ACCOUNT_20261008.md,REF:CYCLE008_ACCEPTED,REF:CYCLE008_SCOPE,unresolved,,REF:CYCLE008_LIMITS,UNASSESSED,REF:PRIVATE_PRIORITY,,,
BA:momotalk:10093:thread:100930450,momotalk,MANDATORY_COMPLETE_REVIEW,02_CANONICAL_STORIES/MOMOTALK/KIRARA/THREAD_100930450.md,68ecf77567016c28a5ee233ab3d92573d4336e659f15cee27783d9a3a4402cf2,ADMITTED,series/blue-archive/02 Sequential Readings/BOND/BLUE_ARCHIVE_GEHENNA20_PHASE2_PRIVATE_CONTEXTUAL_ACCOUNT_20261008.md,REF:CYCLE008_ACCEPTED,REF:CYCLE008_SCOPE,unresolved,,REF:CYCLE008_LIMITS,UNASSESSED,REF:PRIVATE_PRIORITY,,,
BA:momotalk:10093:thread:100930580,momotalk,MANDATORY_COMPLETE_REVIEW,02_CANONICAL_STORIES/MOMOTALK/KIRARA/THREAD_100930580.md,2b1e979fc78f555bb23a9cf9b30e40855a1060e6937119a906cbb7435006521e,ADMITTED,series/blue-archive/02 Sequential Readings/BOND/BLUE_ARCHIVE_GEHENNA20_PHASE2_PRIVATE_CONTEXTUAL_ACCOUNT_20261008.md,REF:CYCLE008_ACCEPTED,REF:CYCLE008_SCOPE,unresolved,,REF:CYCLE008_LIMITS,UNASSESSED,REF:PRIVATE_PRIORITY,,,
BA:momotalk:10094:thread:100940010,momotalk,MANDATORY_COMPLETE_REVIEW,02_CANONICAL_STORIES/MOMOTALK/MOMOI/THREAD_100940010.md,28a913b09d85013a08dc771b80a978b0c57d849c3ca300a6420f5e8a6f10d13b,ADMITTED,series/blue-archive/02 Sequential Readings/BOND/BLUE_ARCHIVE_MOMOI_PHASE2_PRIVATE_CONTEXTUAL_ACCOUNT_20261008.md,REF:CYCLE008_ACCEPTED,REF:CYCLE008_SCOPE,unresolved,,REF:CYCLE008_LIMITS,UNASSESSED,REF:PRIVATE_PRIORITY,,,
BA:momotalk:10094:thread:100940110,momotalk,MANDATORY_COMPLETE_REVIEW,02_CANONICAL_STORIES/MOMOTALK/MOMOI/THREAD_100940110.md,19f89b36dbbfbf76b69a348b6768ff72c03e199b7c2d5baaa3273a44d5c055ca,ADMITTED,series/blue-archive/02 Sequential Readings/BOND/BLUE_ARCHIVE_MOMOI_PHASE2_PRIVATE_CONTEXTUAL_ACCOUNT_20261008.md,REF:CYCLE008_ACCEPTED,REF:CYCLE008_SCOPE,unresolved,,REF:CYCLE008_LIMITS,UNASSESSED,REF:PRIVATE_PRIORITY,,,
BA:momotalk:10094:thread:100940200,momotalk,MANDATORY_COMPLETE_REVIEW,02_CANONICAL_STORIES/MOMOTALK/MOMOI/THREAD_100940200.md,788241ef7e407c632508aafb19433ddca45acb812936c42d184696bb4a64518f,ADMITTED,series/blue-archive/02 Sequential Readings/BOND/BLUE_ARCHIVE_MOMOI_PHASE2_PRIVATE_CONTEXTUAL_ACCOUNT_20261008.md,REF:CYCLE008_ACCEPTED,REF:CYCLE008_SCOPE,unresolved,,REF:CYCLE008_LIMITS,UNASSESSED,REF:PRIVATE_PRIORITY,,,
BA:momotalk:10095:thread:100950010,momotalk,MANDATORY_COMPLETE_REVIEW,02_CANONICAL_STORIES/MOMOTALK/MIDORI/THREAD_100950010.md,49bad227ba258988f22b32206022cb83523bd348087a92277cd4ce262afe701d,ADMITTED,series/blue-archive/02 Sequential Readings/BOND/BLUE_ARCHIVE_MIDORI_PHASE2_PRIVATE_CONTEXTUAL_ACCOUNT_20261008.md,REF:CYCLE008_ACCEPTED,REF:CYCLE008_SCOPE,unresolved,,REF:CYCLE008_LIMITS,UNASSESSED,REF:PRIVATE_PRIORITY,,,
BA:momotalk:10095:thread:100950100,momotalk,MANDATORY_COMPLETE_REVIEW,02_CANONICAL_STORIES/MOMOTALK/MIDORI/THREAD_100950100.md,78e2f17afc67659d214b4e0e026784d0057833be9a1d010d6d2991d6e0f5eb8f,ADMITTED,series/blue-archive/02 Sequential Readings/BOND/BLUE_ARCHIVE_MIDORI_PHASE2_PRIVATE_CONTEXTUAL_ACCOUNT_20261008.md,REF:CYCLE008_ACCEPTED,REF:CYCLE008_SCOPE,unresolved,,REF:CYCLE008_LIMITS,UNASSESSED,REF:PRIVATE_PRIORITY,,,
BA:momotalk:10095:thread:100950200,momotalk,MANDATORY_COMPLETE_REVIEW,02_CANONICAL_STORIES/MOMOTALK/MIDORI/THREAD_100950200.md,0b9d8bbebb4e88568a60b75f670e88a760525f65182dfd7fc11b64df6c9a87d9,ADMITTED,series/blue-archive/02 Sequential Readings/BOND/BLUE_ARCHIVE_MIDORI_PHASE2_PRIVATE_CONTEXTUAL_ACCOUNT_20261008.md,REF:CYCLE008_ACCEPTED,REF:CYCLE008_SCOPE,unresolved,,REF:CYCLE008_LIMITS,UNASSESSED,REF:PRIVATE_PRIORITY,,,
BA:momotalk:10096:thread:100960010,momotalk,MANDATORY_COMPLETE_REVIEW,02_CANONICAL_STORIES/MOMOTALK/CH0170/THREAD_100960010.md,bb963e28efce6671a7227c99a88eeb671d871a63d3572db095bf1d91f983b092,ADMITTED,series/blue-archive/02 Sequential Readings/BOND/KANNA/BLUE_ARCHIVE_KANNA_PHASE2_PRIVATE_CONTEXTUAL_ACCOUNT_20261008.md,REF:CYCLE008_ACCEPTED,REF:CYCLE008_SCOPE,unresolved,,REF:CYCLE008_LIMITS,UNASSESSED,REF:PRIVATE_PRIORITY,,,
BA:momotalk:10096:thread:100960180,momotalk,MANDATORY_COMPLETE_REVIEW,02_CANONICAL_STORIES/MOMOTALK/CH0170/THREAD_100960180.md,2ac9df1cc66f0eceacf3262c8c340f2ce7254db8fee3598e70faa37ac5c80a81,ADMITTED,series/blue-archive/02 Sequential Readings/BOND/KANNA/BLUE_ARCHIVE_KANNA_PHASE2_PRIVATE_CONTEXTUAL_ACCOUNT_20261008.md,REF:CYCLE008_ACCEPTED,REF:CYCLE008_SCOPE,unresolved,,REF:CYCLE008_LIMITS,UNASSESSED,REF:PRIVATE_PRIORITY,,,
BA:momotalk:10096:thread:100960240,momotalk,MANDATORY_COMPLETE_REVIEW,02_CANONICAL_STORIES/MOMOTALK/CH0170/THREAD_100960240.md,0f52ae62609376428cfbb91a90852c7cd834a41a85d7d5af72d7c4f92d9b0ca2,ADMITTED,series/blue-archive/02 Sequential Readings/BOND/KANNA/BLUE_ARCHIVE_KANNA_PHASE2_PRIVATE_CONTEXTUAL_ACCOUNT_20261008.md,REF:CYCLE008_ACCEPTED,REF:CYCLE008_SCOPE,unresolved,,REF:CYCLE008_LIMITS,UNASSESSED,REF:PRIVATE_PRIORITY,,,
BA:momotalk:10097:thread:100970010,momotalk,MANDATORY_COMPLETE_REVIEW,02_CANONICAL_STORIES/MOMOTALK/MOE/THREAD_100970010.md,3adedcf14262e2bd6f1f8916fbb4e1a2c467deda4f63c45dbffb031a0bc9c512,ADMITTED,series/blue-archive/02 Sequential Readings/BOND/MOE/BLUE_ARCHIVE_MOE_PHASE2_PRIVATE_CONTEXTUAL_ACCOUNT_20261008.md,REF:CYCLE008_ACCEPTED,REF:CYCLE008_SCOPE,unresolved,,REF:CYCLE008_LIMITS,UNASSESSED,REF:PRIVATE_PRIORITY,,,
BA:momotalk:10097:thread:100970080,momotalk,MANDATORY_COMPLETE_REVIEW,02_CANONICAL_STORIES/MOMOTALK/MOE/THREAD_100970080.md,04a6c6f76ced0c93c6e2a710bf655bbd114d088b46d2b3334b574371ed226873,ADMITTED,series/blue-archive/02 Sequential Readings/BOND/MOE/BLUE_ARCHIVE_MOE_PHASE2_PRIVATE_CONTEXTUAL_ACCOUNT_20261008.md,REF:CYCLE008_ACCEPTED,REF:CYCLE008_SCOPE,unresolved,,REF:CYCLE008_LIMITS,UNASSESSED,REF:PRIVATE_PRIORITY,,,
BA:momotalk:10097:thread:100970140,momotalk,MANDATORY_COMPLETE_REVIEW,02_CANONICAL_STORIES/MOMOTALK/MOE/THREAD_100970140.md,ee09fa784d15ffa8dce8b8bd296a6b8e7dc14ba4f6ce4e6c02ebe8117468efa4,ADMITTED,series/blue-archive/02 Sequential Readings/BOND/MOE/BLUE_ARCHIVE_MOE_PHASE2_PRIVATE_CONTEXTUAL_ACCOUNT_20261008.md,REF:CYCLE008_ACCEPTED,REF:CYCLE008_SCOPE,unresolved,,REF:CYCLE008_LIMITS,UNASSESSED,REF:PRIVATE_PRIORITY,,,
BA:momotalk:10097:thread:100970220,momotalk,MANDATORY_COMPLETE_REVIEW,02_CANONICAL_STORIES/MOMOTALK/MOE/THREAD_100970220.md,a06bfca7b7c8752ba44a807c303025e581ac512f3a51f4231a40b049b1e96f0b,ADMITTED,series/blue-archive/02 Sequential Readings/BOND/MOE/BLUE_ARCHIVE_MOE_PHASE2_PRIVATE_CONTEXTUAL_ACCOUNT_20261008.md,REF:CYCLE008_ACCEPTED,REF:CYCLE008_SCOPE,unresolved,,REF:CYCLE008_LIMITS,UNASSESSED,REF:PRIVATE_PRIORITY,,,
BA:momotalk:10098:thread:100980010,momotalk,MANDATORY_COMPLETE_REVIEW,02_CANONICAL_STORIES/MOMOTALK/HOSHINO/THREAD_100980010.md,53bcb13ce8902c2cac002ef907d995ee8d64892f3ba722f07c19e01bd0eb3e52,ADMITTED,series/blue-archive/02 Sequential Readings/BOND/BLUE_ARCHIVE_HOSHINO_PHASE2_PRIVATE_CONTEXTUAL_ACCOUNT_20261008.md,REF:CYCLE008_ACCEPTED,REF:CYCLE008_SCOPE,unresolved,,REF:CYCLE008_LIMITS,UNASSESSED,REF:PRIVATE_PRIORITY,,,
BA:momotalk:10098:thread:100980080,momotalk,MANDATORY_COMPLETE_REVIEW,02_CANONICAL_STORIES/MOMOTALK/HOSHINO/THREAD_100980080.md,aff9542cc0215139eae18e5780093ad4efa67a6706f7b0777aeceb9021352056,ADMITTED,series/blue-archive/02 Sequential Readings/BOND/BLUE_ARCHIVE_HOSHINO_PHASE2_PRIVATE_CONTEXTUAL_ACCOUNT_20261008.md,REF:CYCLE008_ACCEPTED,REF:CYCLE008_SCOPE,unresolved,,REF:CYCLE008_LIMITS,UNASSESSED,REF:PRIVATE_PRIORITY,,,
BA:momotalk:10098:thread:100980270,momotalk,MANDATORY_COMPLETE_REVIEW,02_CANONICAL_STORIES/MOMOTALK/HOSHINO/THREAD_100980270.md,60e8a47699e3c0b3d024d57f4f6e7597bddaef4b1838b7be09f6efee95d1f490,ADMITTED,series/blue-archive/02 Sequential Readings/BOND/BLUE_ARCHIVE_HOSHINO_PHASE2_PRIVATE_CONTEXTUAL_ACCOUNT_20261008.md,REF:CYCLE008_ACCEPTED,REF:CYCLE008_SCOPE,unresolved,,REF:CYCLE008_LIMITS,UNASSESSED,REF:PRIVATE_PRIORITY,,,
BA:momotalk:10100:thread:101000010,momotalk,MANDATORY_COMPLETE_REVIEW,02_CANONICAL_STORIES/MOMOTALK/SHIROKO/THREAD_101000010.md,a3764ced4ff58e89275127603135e2e2ece8a1aafa831b448b5afd3fbabf59d0,ADMITTED,series/blue-archive/02 Sequential Readings/BOND/BLUE_ARCHIVE_SHIROKO_PHASE2_PRIVATE_CONTEXTUAL_ACCOUNT_20261008.md,REF:CYCLE008_ACCEPTED,REF:CYCLE008_SCOPE,unresolved,,REF:CYCLE008_LIMITS,UNASSESSED,REF:PRIVATE_PRIORITY,,,
BA:momotalk:10100:thread:101000160,momotalk,MANDATORY_COMPLETE_REVIEW,02_CANONICAL_STORIES/MOMOTALK/SHIROKO/THREAD_101000160.md,10c3e34a529bfb31c9bd08ee6117d25ef6fa7ae088a4752212df6f8aa6d795b6,ADMITTED,series/blue-archive/02 Sequential Readings/BOND/BLUE_ARCHIVE_SHIROKO_PHASE2_PRIVATE_CONTEXTUAL_ACCOUNT_20261008.md,REF:CYCLE008_ACCEPTED,REF:CYCLE008_SCOPE,unresolved,,REF:CYCLE008_LIMITS,UNASSESSED,REF:PRIVATE_PRIORITY,,,
BA:momotalk:10100:thread:101000260,momotalk,MANDATORY_COMPLETE_REVIEW,02_CANONICAL_STORIES/MOMOTALK/SHIROKO/THREAD_101000260.md,eb29c13920f865a12655152fc5019b737dd99e816821105e42a0250acc35fc96,ADMITTED,series/blue-archive/02 Sequential Readings/BOND/BLUE_ARCHIVE_SHIROKO_PHASE2_PRIVATE_CONTEXTUAL_ACCOUNT_20261008.md,REF:CYCLE008_ACCEPTED,REF:CYCLE008_SCOPE,unresolved,,REF:CYCLE008_LIMITS,UNASSESSED,REF:PRIVATE_PRIORITY,,,
BA:momotalk:10101:thread:101010010,momotalk,MANDATORY_COMPLETE_REVIEW,02_CANONICAL_STORIES/MOMOTALK/SAORI/THREAD_101010010.md,c0c3ecae51b1aed01fffb93823516d612c94bb54ff2914a1223be0be71f29022,ADMITTED,series/blue-archive/02 Sequential Readings/BOND/BLUE_ARCHIVE_SAORI_ATSUKO_PRIVATE_CONTEXTUALIZATION_CHECKPOINT.md,REF:CYCLE008_ACCEPTED,REF:CYCLE008_SCOPE,unresolved,,REF:CYCLE008_LIMITS,UNASSESSED,REF:PRIVATE_PRIORITY,,,
BA:momotalk:10101:thread:101010060,momotalk,MANDATORY_COMPLETE_REVIEW,02_CANONICAL_STORIES/MOMOTALK/SAORI/THREAD_101010060.md,a3bda49c3e5c018b92a4a489afc9a5209227b0f35644e47e1d04ad32e549af4a,ADMITTED,series/blue-archive/02 Sequential Readings/BOND/BLUE_ARCHIVE_SAORI_ATSUKO_PRIVATE_CONTEXTUALIZATION_CHECKPOINT.md,REF:CYCLE008_ACCEPTED,REF:CYCLE008_SCOPE,unresolved,,REF:CYCLE008_LIMITS,UNASSESSED,REF:PRIVATE_PRIORITY,,,
BA:momotalk:10101:thread:101010190,momotalk,MANDATORY_COMPLETE_REVIEW,02_CANONICAL_STORIES/MOMOTALK/SAORI/THREAD_101010190.md,8cd9e775cf5b13309b1b20cd27b0cb57cb3f3f1d18a3d66035204f3719050eca,ADMITTED,series/blue-archive/02 Sequential Readings/BOND/BLUE_ARCHIVE_SAORI_ATSUKO_PRIVATE_CONTEXTUALIZATION_CHECKPOINT.md,REF:CYCLE008_ACCEPTED,REF:CYCLE008_SCOPE,unresolved,,REF:CYCLE008_LIMITS,UNASSESSED,REF:PRIVATE_PRIORITY,,,
BA:momotalk:10102:thread:101020010,momotalk,MANDATORY_COMPLETE_REVIEW,02_CANONICAL_STORIES/MOMOTALK/HIYORI/THREAD_101020010.md,08a235b424bedfa910a968f7f8df9ee8ad3a816aef67769e05a03515a0d7b897,ADMITTED,series/blue-archive/02 Sequential Readings/BOND/BLUE_ARCHIVE_MISAKI_HIYORI_SUBARU_PRIVATE_CONTEXTUALIZATION_CHECKPOINT.md,REF:CYCLE008_ACCEPTED,REF:CYCLE008_SCOPE,unresolved,,REF:CYCLE008_LIMITS,UNASSESSED,REF:PRIVATE_PRIORITY,,,
BA:momotalk:10102:thread:101020170,momotalk,MANDATORY_COMPLETE_REVIEW,02_CANONICAL_STORIES/MOMOTALK/HIYORI/THREAD_101020170.md,24d824e3a75c33bc564ac45d124126a911d603d984ff0b2c3b277755bfe5b174,ADMITTED,series/blue-archive/02 Sequential Readings/BOND/BLUE_ARCHIVE_MISAKI_HIYORI_SUBARU_PRIVATE_CONTEXTUALIZATION_CHECKPOINT.md,REF:CYCLE008_ACCEPTED,REF:CYCLE008_SCOPE,unresolved,,REF:CYCLE008_LIMITS,UNASSESSED,REF:PRIVATE_PRIORITY,,,
BA:momotalk:10102:thread:101020230,momotalk,MANDATORY_COMPLETE_REVIEW,02_CANONICAL_STORIES/MOMOTALK/HIYORI/THREAD_101020230.md,301c0abc5e6ddf2f7bddc1f390d654a80911bc439efc8ab5bd62edb355916678,ADMITTED,series/blue-archive/02 Sequential Readings/BOND/BLUE_ARCHIVE_MISAKI_HIYORI_SUBARU_PRIVATE_CONTEXTUALIZATION_CHECKPOINT.md,REF:CYCLE008_ACCEPTED,REF:CYCLE008_SCOPE,unresolved,,REF:CYCLE008_LIMITS,UNASSESSED,REF:PRIVATE_PRIORITY,,,
BA:momotalk:10103:thread:101030010,momotalk,MANDATORY_COMPLETE_REVIEW,02_CANONICAL_STORIES/MOMOTALK/CH0270/THREAD_101030010.md,2ed256f3c963cf2ef93178a1b6cffe9f4b6a79d9aac940f6d0f960f505a58674,ADMITTED,series/blue-archive/02 Sequential Readings/BOND/BLUE_ARCHIVE_RED_WINTER7_PHASE2_PRIVATE_CONTEXTUAL_ACCOUNT_20261008.md,REF:CYCLE008_ACCEPTED,REF:CYCLE008_SCOPE,unresolved,,REF:CYCLE008_LIMITS,UNASSESSED,REF:PRIVATE_PRIORITY,0,0,0
BA:momotalk:10103:thread:101030120,momotalk,MANDATORY_COMPLETE_REVIEW,02_CANONICAL_STORIES/MOMOTALK/CH0270/THREAD_101030120.md,5beaf009b221e34822265d6bfbdd5d44e8c3c02c641e8658b9970903eb9da916,ADMITTED,series/blue-archive/02 Sequential Readings/BOND/BLUE_ARCHIVE_RED_WINTER7_PHASE2_PRIVATE_CONTEXTUAL_ACCOUNT_20261008.md,REF:CYCLE008_ACCEPTED,REF:CYCLE008_SCOPE,unresolved,,REF:CYCLE008_LIMITS,UNASSESSED,REF:PRIVATE_PRIORITY,0,0,0
BA:momotalk:10103:thread:101030240,momotalk,MANDATORY_COMPLETE_REVIEW,02_CANONICAL_STORIES/MOMOTALK/CH0270/THREAD_101030240.md,645946f4c88b119b8a6e91b4c72e7750e15b94658ceaa15d6529f84e40cfa1f6,ADMITTED,series/blue-archive/02 Sequential Readings/BOND/BLUE_ARCHIVE_RED_WINTER7_PHASE2_PRIVATE_CONTEXTUAL_ACCOUNT_20261008.md,REF:CYCLE008_ACCEPTED,REF:CYCLE008_SCOPE,unresolved,,REF:CYCLE008_LIMITS,UNASSESSED,REF:PRIVATE_PRIORITY,0,0,0
BA:momotalk:10104:thread:101040010,momotalk,MANDATORY_COMPLETE_REVIEW,02_CANONICAL_STORIES/MOMOTALK/REIZYO/THREAD_101040010.md,fa2e75d61def66054e0e51569173f808dd175a2455527092c4e545c9e50feec9,ADMITTED,series/blue-archive/02 Sequential Readings/BOND/BLUE_ARCHIVE_SHANHAIJING6_AND_SAYA_PHASE2_PRIVATE_CONTEXTUAL_ACCOUNT_20261008.md,REF:ORIGINAL_ADMISSION_RECORD_0020,REF:ORIGINAL_ADMITTED_CLAIM_SCOPE_0021,LOCAL_RELATIVE_ONLY,Explicit messages/scene recollections only; no main or variant chronology.,REF:ORIGINAL_ATTRIBUTION_LIMITS_0022,HIGH,REF:ORIGINAL_PRIORITY_REASON_0023,0,0,0
BA:momotalk:10104:thread:101040110,momotalk,MANDATORY_COMPLETE_REVIEW,02_CANONICAL_STORIES/MOMOTALK/REIZYO/THREAD_101040110.md,ce6a604f86d2b37a1f60bf2d789fcdb7357426bf101b62390a542d9a8f46e7b4,ADMITTED,series/blue-archive/02 Sequential Readings/BOND/BLUE_ARCHIVE_SHANHAIJING6_AND_SAYA_PHASE2_PRIVATE_CONTEXTUAL_ACCOUNT_20261008.md,REF:ORIGINAL_ADMISSION_RECORD_0020,REF:ORIGINAL_ADMITTED_CLAIM_SCOPE_0021,LOCAL_RELATIVE_ONLY,Explicit messages/scene recollections only; no main or variant chronology.,REF:ORIGINAL_ATTRIBUTION_LIMITS_0022,HIGH,REF:ORIGINAL_PRIORITY_REASON_0023,0,0,0
BA:momotalk:10104:thread:101040190,momotalk,MANDATORY_COMPLETE_REVIEW,02_CANONICAL_STORIES/MOMOTALK/REIZYO/THREAD_101040190.md,bbdac6cc651c7d124bbd1e3fa263152f88aeaca0034db0c04109b1db8109aefa,ADMITTED,series/blue-archive/02 Sequential Readings/BOND/BLUE_ARCHIVE_SHANHAIJING6_AND_SAYA_PHASE2_PRIVATE_CONTEXTUAL_ACCOUNT_20261008.md,REF:ORIGINAL_ADMISSION_RECORD_0020,REF:ORIGINAL_ADMITTED_CLAIM_SCOPE_0021,LOCAL_RELATIVE_ONLY,Explicit messages/scene recollections only; no main or variant chronology.,REF:ORIGINAL_ATTRIBUTION_LIMITS_0022,HIGH,REF:ORIGINAL_PRIORITY_REASON_0023,0,0,0
BA:momotalk:10104:thread:101040350,momotalk,MANDATORY_COMPLETE_REVIEW,02_CANONICAL_STORIES/MOMOTALK/REIZYO/THREAD_101040350.md,01b87961624342bb9c64aa81f3c22216bbccf6558f716ff25b5aa88039fdb5e5,ADMITTED,series/blue-archive/02 Sequential Readings/BOND/BLUE_ARCHIVE_SHANHAIJING6_AND_SAYA_PHASE2_PRIVATE_CONTEXTUAL_ACCOUNT_20261008.md,REF:ORIGINAL_ADMISSION_RECORD_0020,REF:ORIGINAL_ADMITTED_CLAIM_SCOPE_0021,LOCAL_RELATIVE_ONLY,Explicit messages/scene recollections only; no main or variant chronology.,REF:ORIGINAL_ATTRIBUTION_LIMITS_0022,HIGH,REF:ORIGINAL_PRIORITY_REASON_0023,0,0,0
BA:momotalk:10105:thread:101050010,momotalk,MANDATORY_COMPLETE_REVIEW,02_CANONICAL_STORIES/MOMOTALK/MARI/THREAD_101050010.md,e9fa0e0a93d27923df7706d88139b5d1a10ae02b7459f6c43bd4d17863751ce6,ADMITTED,series/blue-archive/02 Sequential Readings/BOND/BLUE_ARCHIVE_SAKURAKO_MARI_PRIVATE_CONTEXTUALIZATION_CHECKPOINT.md,REF:CYCLE008_ACCEPTED,REF:CYCLE008_SCOPE,unresolved,,REF:CYCLE008_LIMITS,UNASSESSED,REF:PRIVATE_PRIORITY,,,
BA:momotalk:10105:thread:101050140,momotalk,MANDATORY_COMPLETE_REVIEW,02_CANONICAL_STORIES/MOMOTALK/MARI/THREAD_101050140.md,a592ad9f65e0a9a9793dac51593542a8c93fb8f758982d24f2d0657317854d40,ADMITTED,series/blue-archive/02 Sequential Readings/BOND/BLUE_ARCHIVE_SAKURAKO_MARI_PRIVATE_CONTEXTUALIZATION_CHECKPOINT.md,REF:CYCLE008_ACCEPTED,REF:CYCLE008_SCOPE,unresolved,,REF:CYCLE008_LIMITS,UNASSESSED,REF:PRIVATE_PRIORITY,,,
BA:momotalk:10105:thread:101050290,momotalk,MANDATORY_COMPLETE_REVIEW,02_CANONICAL_STORIES/MOMOTALK/MARI/THREAD_101050290.md,a3dad544c121a586d40e500a876da8a884ecb2caea5961362d0f64fd7ee015d8,ADMITTED,series/blue-archive/02 Sequential Readings/BOND/BLUE_ARCHIVE_SAKURAKO_MARI_PRIVATE_CONTEXTUALIZATION_CHECKPOINT.md,REF:CYCLE008_ACCEPTED,REF:CYCLE008_SCOPE,unresolved,,REF:CYCLE008_LIMITS,UNASSESSED,REF:PRIVATE_PRIORITY,,,
BA:momotalk:10105:thread:101050400,momotalk,MANDATORY_COMPLETE_REVIEW,02_CANONICAL_STORIES/MOMOTALK/MARI/THREAD_101050400.md,f0e97859a1dfb04657cc7376a0a0f02e4cf435ca2cbb7368cf5e368173af73d4,ADMITTED,series/blue-archive/02 Sequential Readings/BOND/BLUE_ARCHIVE_SAKURAKO_MARI_PRIVATE_CONTEXTUALIZATION_CHECKPOINT.md,REF:CYCLE008_ACCEPTED,REF:CYCLE008_SCOPE,unresolved,,REF:CYCLE008_LIMITS,UNASSESSED,REF:PRIVATE_PRIORITY,,,
BA:momotalk:10106:thread:101060010,momotalk,MANDATORY_COMPLETE_REVIEW,02_CANONICAL_STORIES/MOMOTALK/SAKURAKO/THREAD_101060010.md,d4e90a58f8a4f9a020994157510c7787fe75e4614ef94278b9332aa9312bc761,ADMITTED,series/blue-archive/02 Sequential Readings/BOND/BLUE_ARCHIVE_SAKURAKO_MARI_PRIVATE_CONTEXTUALIZATION_CHECKPOINT.md,REF:CYCLE008_ACCEPTED,REF:CYCLE008_SCOPE,unresolved,,REF:CYCLE008_LIMITS,UNASSESSED,REF:PRIVATE_PRIORITY,,,
BA:momotalk:10106:thread:101060180,momotalk,MANDATORY_COMPLETE_REVIEW,02_CANONICAL_STORIES/MOMOTALK/SAKURAKO/THREAD_101060180.md,e2c8554285f556172265ee6db613e6759bffdd79e06742c22436249f52d417ae,ADMITTED,series/blue-archive/02 Sequential Readings/BOND/BLUE_ARCHIVE_SAKURAKO_MARI_PRIVATE_CONTEXTUALIZATION_CHECKPOINT.md,REF:CYCLE008_ACCEPTED,REF:CYCLE008_SCOPE,unresolved,,REF:CYCLE008_LIMITS,UNASSESSED,REF:PRIVATE_PRIORITY,,,
BA:momotalk:10106:thread:101060350,momotalk,MANDATORY_COMPLETE_REVIEW,02_CANONICAL_STORIES/MOMOTALK/SAKURAKO/THREAD_101060350.md,b7ae8f4de806094de0170a4925bf83568d85a6f10d1db8cca4bafdb1aa192be4,ADMITTED,series/blue-archive/02 Sequential Readings/BOND/BLUE_ARCHIVE_SAKURAKO_MARI_PRIVATE_CONTEXTUALIZATION_CHECKPOINT.md,REF:CYCLE008_ACCEPTED,REF:CYCLE008_SCOPE,unresolved,,REF:CYCLE008_LIMITS,UNASSESSED,REF:PRIVATE_PRIORITY,,,
BA:momotalk:10106:thread:101060540,momotalk,MANDATORY_COMPLETE_REVIEW,02_CANONICAL_STORIES/MOMOTALK/SAKURAKO/THREAD_101060540.md,b3b907dac67093f90bc0f9f0062106cfd46f14f90eac7cf18b2d47dac5063440,ADMITTED,series/blue-archive/02 Sequential Readings/BOND/BLUE_ARCHIVE_SAKURAKO_MARI_PRIVATE_CONTEXTUALIZATION_CHECKPOINT.md,REF:CYCLE008_ACCEPTED,REF:CYCLE008_SCOPE,unresolved,,REF:CYCLE008_LIMITS,UNASSESSED,REF:PRIVATE_PRIORITY,,,
BA:momotalk:10107:thread:101070010,momotalk,MANDATORY_COMPLETE_REVIEW,02_CANONICAL_STORIES/MOMOTALK/CH0238/THREAD_101070010.md,ab94a0c753cb948342ff7a2835d361bc589679500ff5664f62be7a352d54d9a5,ADMITTED,series/blue-archive/02 Sequential Readings/BOND/BLUE_ARCHIVE_GEHENNA20_PHASE2_PRIVATE_CONTEXTUAL_ACCOUNT_20261008.md,REF:CYCLE008_ACCEPTED,REF:CYCLE008_SCOPE,unresolved,,REF:CYCLE008_LIMITS,UNASSESSED,REF:PRIVATE_PRIORITY,,,
BA:momotalk:10107:thread:101070130,momotalk,MANDATORY_COMPLETE_REVIEW,02_CANONICAL_STORIES/MOMOTALK/CH0238/THREAD_101070130.md,a3604894d695409eda0dc857b03d4a6cf40e9b70a22baec55742cee582d4e421,ADMITTED,series/blue-archive/02 Sequential Readings/BOND/BLUE_ARCHIVE_GEHENNA20_PHASE2_PRIVATE_CONTEXTUAL_ACCOUNT_20261008.md,REF:CYCLE008_ACCEPTED,REF:CYCLE008_SCOPE,unresolved,,REF:CYCLE008_LIMITS,UNASSESSED,REF:PRIVATE_PRIORITY,,,
BA:momotalk:10107:thread:101070250,momotalk,MANDATORY_COMPLETE_REVIEW,02_CANONICAL_STORIES/MOMOTALK/CH0238/THREAD_101070250.md,2f75c59d50b48daa256d67e9b0ee091f366da0c24c4a15eb25abbba38b2f2e85,ADMITTED,series/blue-archive/02 Sequential Readings/BOND/BLUE_ARCHIVE_GEHENNA20_PHASE2_PRIVATE_CONTEXTUAL_ACCOUNT_20261008.md,REF:CYCLE008_ACCEPTED,REF:CYCLE008_SCOPE,unresolved,,REF:CYCLE008_LIMITS,UNASSESSED,REF:PRIVATE_PRIORITY,,,
BA:momotalk:10107:thread:101070320,momotalk,MANDATORY_COMPLETE_REVIEW,02_CANONICAL_STORIES/MOMOTALK/CH0238/THREAD_101070320.md,2904f6ab2299089f057e6a0f9b1ed86a2828d06aa34401a11a414e5e1e67ce49,ADMITTED,series/blue-archive/02 Sequential Readings/BOND/BLUE_ARCHIVE_GEHENNA20_PHASE2_PRIVATE_CONTEXTUAL_ACCOUNT_20261008.md,REF:CYCLE008_ACCEPTED,REF:CYCLE008_SCOPE,unresolved,,REF:CYCLE008_LIMITS,UNASSESSED,REF:PRIVATE_PRIORITY,,,
BA:momotalk:10108:thread:101080010,momotalk,MANDATORY_COMPLETE_REVIEW,02_CANONICAL_STORIES/MOMOTALK/YUUKA/THREAD_101080010.md,d813227f977662d52438358a9e1aa2f8751031393401dc8eb732a6ecf34046e7,ADMITTED,series/blue-archive/02 Sequential Readings/BOND/YUUKA/BLUE_ARCHIVE_YUUKA_PRIVATE_CONTEXTUALIZATION_CHECKPOINT.md,REF:CYCLE008_ACCEPTED,REF:CYCLE008_SCOPE,unresolved,,REF:CYCLE008_LIMITS,UNASSESSED,REF:PRIVATE_PRIORITY,,,
BA:momotalk:10108:thread:101080100,momotalk,MANDATORY_COMPLETE_REVIEW,02_CANONICAL_STORIES/MOMOTALK/YUUKA/THREAD_101080100.md,91e43c92c3506c8a5152b9f67f51162eb16088b7214229a71627c13d89edb84f,ADMITTED,series/blue-archive/02 Sequential Readings/BOND/YUUKA/BLUE_ARCHIVE_YUUKA_PRIVATE_CONTEXTUALIZATION_CHECKPOINT.md,REF:CYCLE008_ACCEPTED,REF:CYCLE008_SCOPE,unresolved,,REF:CYCLE008_LIMITS,UNASSESSED,REF:PRIVATE_PRIORITY,,,
BA:momotalk:10108:thread:101080190,momotalk,MANDATORY_COMPLETE_REVIEW,02_CANONICAL_STORIES/MOMOTALK/YUUKA/THREAD_101080190.md,b892b02616575ddd609cf72976aba9cc6271ba33fe54a97fb0d2db04798a7207,ADMITTED,series/blue-archive/02 Sequential Readings/BOND/YUUKA/BLUE_ARCHIVE_YUUKA_PRIVATE_CONTEXTUALIZATION_CHECKPOINT.md,REF:CYCLE008_ACCEPTED,REF:CYCLE008_SCOPE,unresolved,,REF:CYCLE008_LIMITS,UNASSESSED,REF:PRIVATE_PRIORITY,,,
BA:momotalk:10108:thread:101080290,momotalk,MANDATORY_COMPLETE_REVIEW,02_CANONICAL_STORIES/MOMOTALK/YUUKA/THREAD_101080290.md,31ea3aefea0c3f56a38cf9a99f45bb21dd129a25071a739905bb13c23f5d2ef2,ADMITTED,series/blue-archive/02 Sequential Readings/BOND/YUUKA/BLUE_ARCHIVE_YUUKA_PRIVATE_CONTEXTUALIZATION_CHECKPOINT.md,REF:CYCLE008_ACCEPTED,REF:CYCLE008_SCOPE,unresolved,,REF:CYCLE008_LIMITS,UNASSESSED,REF:PRIVATE_PRIORITY,,,
BA:momotalk:10109:thread:101090010,momotalk,MANDATORY_COMPLETE_REVIEW,02_CANONICAL_STORIES/MOMOTALK/CH0095/THREAD_101090010.md,2f71c3ae2f51d6b8317669b272f2685513a8efd48e15371b73e149dc11ca820f,ADMITTED,series/blue-archive/02 Sequential Readings/BOND/BLUE_ARCHIVE_NOA_PHASE2_PRIVATE_CONTEXTUAL_ACCOUNT_20261008.md,REF:CYCLE008_ACCEPTED,REF:CYCLE008_SCOPE,unresolved,,REF:CYCLE008_LIMITS,UNASSESSED,REF:PRIVATE_PRIORITY,,,
BA:momotalk:10109:thread:101090080,momotalk,MANDATORY_COMPLETE_REVIEW,02_CANONICAL_STORIES/MOMOTALK/CH0095/THREAD_101090080.md,e4d7b708296b8dffb8303ecea5b41708ec1d0a8324080cb0d1b9abe6f7f2ad57,ADMITTED,series/blue-archive/02 Sequential Readings/BOND/BLUE_ARCHIVE_NOA_PHASE2_PRIVATE_CONTEXTUAL_ACCOUNT_20261008.md,REF:CYCLE008_ACCEPTED,REF:CYCLE008_SCOPE,unresolved,,REF:CYCLE008_LIMITS,UNASSESSED,REF:PRIVATE_PRIORITY,,,
BA:momotalk:10109:thread:101090190,momotalk,MANDATORY_COMPLETE_REVIEW,02_CANONICAL_STORIES/MOMOTALK/CH0095/THREAD_101090190.md,f9f7d29f423b6125012b240854af01337c63079389cda6aeb4f0d34393696e28,ADMITTED,series/blue-archive/02 Sequential Readings/BOND/BLUE_ARCHIVE_NOA_PHASE2_PRIVATE_CONTEXTUAL_ACCOUNT_20261008.md,REF:CYCLE008_ACCEPTED,REF:CYCLE008_SCOPE,unresolved,,REF:CYCLE008_LIMITS,UNASSESSED,REF:PRIVATE_PRIORITY,,,
BA:momotalk:10109:thread:101090300,momotalk,MANDATORY_COMPLETE_REVIEW,02_CANONICAL_STORIES/MOMOTALK/CH0095/THREAD_101090300.md,8c012e120d46768978f21c5281275bfb0590d7b3c2a7c379f4609842a0b044b4,ADMITTED,series/blue-archive/02 Sequential Readings/BOND/BLUE_ARCHIVE_NOA_PHASE2_PRIVATE_CONTEXTUAL_ACCOUNT_20261008.md,REF:CYCLE008_ACCEPTED,REF:CYCLE008_SCOPE,unresolved,,REF:CYCLE008_LIMITS,UNASSESSED,REF:PRIVATE_PRIORITY,,,
BA:momotalk:10110:thread:101100010,momotalk,MANDATORY_COMPLETE_REVIEW,02_CANONICAL_STORIES/MOMOTALK/CH0070/THREAD_101100010.md,1a219f79a3f07dc45906b1573e86aa789e7f06395df00e0c20787515ff4f2c47,ADMITTED,series/blue-archive/02 Sequential Readings/BOND/SEIA/BLUE_ARCHIVE_SEIA_PRIVATE_CONTEXTUALIZATION_CHECKPOINT.md,REF:CYCLE008_ACCEPTED,REF:CYCLE008_SCOPE,unresolved,,REF:CYCLE008_LIMITS,UNASSESSED,REF:PRIVATE_PRIORITY,,,
BA:momotalk:10110:thread:101100120,momotalk,MANDATORY_COMPLETE_REVIEW,02_CANONICAL_STORIES/MOMOTALK/CH0070/THREAD_101100120.md,ca01188bc01946cc10d1c346e9afd1112ef5443440b6287249831a4ecb96c746,ADMITTED,series/blue-archive/02 Sequential Readings/BOND/SEIA/BLUE_ARCHIVE_SEIA_PRIVATE_CONTEXTUALIZATION_CHECKPOINT.md,REF:CYCLE008_ACCEPTED,REF:CYCLE008_SCOPE,unresolved,,REF:CYCLE008_LIMITS,UNASSESSED,REF:PRIVATE_PRIORITY,,,
BA:momotalk:10110:thread:101100260,momotalk,MANDATORY_COMPLETE_REVIEW,02_CANONICAL_STORIES/MOMOTALK/CH0070/THREAD_101100260.md,02e13af18efe8b3c4e9ded192d171991f06eae5acbbe5c3318cdb7625ea3f77f,ADMITTED,series/blue-archive/02 Sequential Readings/BOND/SEIA/BLUE_ARCHIVE_SEIA_PRIVATE_CONTEXTUALIZATION_CHECKPOINT.md,REF:CYCLE008_ACCEPTED,REF:CYCLE008_SCOPE,unresolved,,REF:CYCLE008_LIMITS,UNASSESSED,REF:PRIVATE_PRIORITY,,,
BA:momotalk:10110:thread:101100340,momotalk,MANDATORY_COMPLETE_REVIEW,02_CANONICAL_STORIES/MOMOTALK/CH0070/THREAD_101100340.md,e4e1be77582b461379aa1d57caba2f1d93c6da4de7cb4198ab3bbcea96af282c,ADMITTED,series/blue-archive/02 Sequential Readings/BOND/SEIA/BLUE_ARCHIVE_SEIA_PRIVATE_CONTEXTUALIZATION_CHECKPOINT.md,REF:CYCLE008_ACCEPTED,REF:CYCLE008_SCOPE,unresolved,,REF:CYCLE008_LIMITS,UNASSESSED,REF:PRIVATE_PRIORITY,,,
BA:momotalk:10111:thread:101110010,momotalk,MANDATORY_COMPLETE_REVIEW,02_CANONICAL_STORIES/MOMOTALK/NERU/THREAD_101110010.md,bb294cadf140d7a2e2a26a25baee066fa445e9852f91a906d5b705792dc1d1a1,ADMITTED,series/blue-archive/02 Sequential Readings/BOND/BLUE_ARCHIVE_NERU_PHASE2_PRIVATE_CONTEXTUAL_ACCOUNT_20261008.md,REF:CYCLE008_ACCEPTED,REF:CYCLE008_SCOPE,unresolved,,REF:CYCLE008_LIMITS,UNASSESSED,REF:PRIVATE_PRIORITY,,,
BA:momotalk:10111:thread:101110110,momotalk,MANDATORY_COMPLETE_REVIEW,02_CANONICAL_STORIES/MOMOTALK/NERU/THREAD_101110110.md,ff91dccab7e3d73191b4bb21adc966cdde9f95daac87807ebcb0a28855638747,ADMITTED,series/blue-archive/02 Sequential Readings/BOND/BLUE_ARCHIVE_NERU_PHASE2_PRIVATE_CONTEXTUAL_ACCOUNT_20261008.md,REF:CYCLE008_ACCEPTED,REF:CYCLE008_SCOPE,unresolved,,REF:CYCLE008_LIMITS,UNASSESSED,REF:PRIVATE_PRIORITY,,,
BA:momotalk:10111:thread:101110190,momotalk,MANDATORY_COMPLETE_REVIEW,02_CANONICAL_STORIES/MOMOTALK/NERU/THREAD_101110190.md,cd75d6fa79aec49872cc650d2727b0c0fdd3393c2569df5a2a119e23396d8c9b,ADMITTED,series/blue-archive/02 Sequential Readings/BOND/BLUE_ARCHIVE_NERU_PHASE2_PRIVATE_CONTEXTUAL_ACCOUNT_20261008.md,REF:CYCLE008_ACCEPTED,REF:CYCLE008_SCOPE,unresolved,,REF:CYCLE008_LIMITS,UNASSESSED,REF:PRIVATE_PRIORITY,,,
BA:momotalk:10112:thread:101120010,momotalk,MANDATORY_COMPLETE_REVIEW,02_CANONICAL_STORIES/MOMOTALK/ASUNA/THREAD_101120010.md,54b289a0d26f63f0e3aa14c6dba47429aecfa9a0067187bd8dd418d357c9167f,ADMITTED,series/blue-archive/02 Sequential Readings/BOND/BLUE_ARCHIVE_ASUNA_PHASE2_PRIVATE_CONTEXTUAL_ACCOUNT_20261008.md,REF:CYCLE008_ACCEPTED,REF:CYCLE008_SCOPE,unresolved,,REF:CYCLE008_LIMITS,UNASSESSED,REF:PRIVATE_PRIORITY,,,
BA:momotalk:10112:thread:101120130,momotalk,MANDATORY_COMPLETE_REVIEW,02_CANONICAL_STORIES/MOMOTALK/ASUNA/THREAD_101120130.md,6bc7e7656482d81cccc00c8183d3d2abbd90102e3313d35616ddf240ccbc2803,ADMITTED,series/blue-archive/02 Sequential Readings/BOND/BLUE_ARCHIVE_ASUNA_PHASE2_PRIVATE_CONTEXTUAL_ACCOUNT_20261008.md,REF:CYCLE008_ACCEPTED,REF:CYCLE008_SCOPE,unresolved,,REF:CYCLE008_LIMITS,UNASSESSED,REF:PRIVATE_PRIORITY,,,
BA:momotalk:10112:thread:101120190,momotalk,MANDATORY_COMPLETE_REVIEW,02_CANONICAL_STORIES/MOMOTALK/ASUNA/THREAD_101120190.md,750b3a886b08ca5b6683feda4d19b7b8affa2cec53e543ccd1e3a0fdc9059022,ADMITTED,series/blue-archive/02 Sequential Readings/BOND/BLUE_ARCHIVE_ASUNA_PHASE2_PRIVATE_CONTEXTUAL_ACCOUNT_20261008.md,REF:CYCLE008_ACCEPTED,REF:CYCLE008_SCOPE,unresolved,,REF:CYCLE008_LIMITS,UNASSESSED,REF:PRIVATE_PRIORITY,,,
BA:momotalk:10112:thread:101120230,momotalk,MANDATORY_COMPLETE_REVIEW,02_CANONICAL_STORIES/MOMOTALK/ASUNA/THREAD_101120230.md,2a0224656ab54b0ab6b4af940ab3dc237b48e39aa8cb84576f089c08d423a73d,ADMITTED,series/blue-archive/02 Sequential Readings/BOND/BLUE_ARCHIVE_ASUNA_PHASE2_PRIVATE_CONTEXTUAL_ACCOUNT_20261008.md,REF:CYCLE008_ACCEPTED,REF:CYCLE008_SCOPE,unresolved,,REF:CYCLE008_LIMITS,UNASSESSED,REF:PRIVATE_PRIORITY,,,
BA:momotalk:10113:thread:101130010,momotalk,MANDATORY_COMPLETE_REVIEW,02_CANONICAL_STORIES/MOMOTALK/CH0081/THREAD_101130010.md,9257dfc77c7ad09bf531ac6e3c9e8bc791adeb857c545aa4bb64ce30e7f96e21,ADMITTED,series/blue-archive/02 Sequential Readings/BOND/BLUE_ARCHIVE_GEHENNA20_PHASE2_PRIVATE_CONTEXTUAL_ACCOUNT_20261008.md,REF:CYCLE008_ACCEPTED,REF:CYCLE008_SCOPE,unresolved,,REF:CYCLE008_LIMITS,UNASSESSED,REF:PRIVATE_PRIORITY,,,
BA:momotalk:10113:thread:101130060,momotalk,MANDATORY_COMPLETE_REVIEW,02_CANONICAL_STORIES/MOMOTALK/CH0081/THREAD_101130060.md,756dbd6d96b32fe34e87096f98e58088d8a69c452bb33258c72d4fc66d602777,ADMITTED,series/blue-archive/02 Sequential Readings/BOND/BLUE_ARCHIVE_GEHENNA20_PHASE2_PRIVATE_CONTEXTUAL_ACCOUNT_20261008.md,REF:CYCLE008_ACCEPTED,REF:CYCLE008_SCOPE,unresolved,,REF:CYCLE008_LIMITS,UNASSESSED,REF:PRIVATE_PRIORITY,,,
BA:momotalk:10113:thread:101130170,momotalk,MANDATORY_COMPLETE_REVIEW,02_CANONICAL_STORIES/MOMOTALK/CH0081/THREAD_101130170.md,8cca988384dcf34aa60f57bd39671fbb5ba839a52f3f9617d7dde719a0657f81,ADMITTED,series/blue-archive/02 Sequential Readings/BOND/BLUE_ARCHIVE_GEHENNA20_PHASE2_PRIVATE_CONTEXTUAL_ACCOUNT_20261008.md,REF:CYCLE008_ACCEPTED,REF:CYCLE008_SCOPE,unresolved,,REF:CYCLE008_LIMITS,UNASSESSED,REF:PRIVATE_PRIORITY,,,
BA:momotalk:10114:thread:101140010,momotalk,MANDATORY_COMPLETE_REVIEW,02_CANONICAL_STORIES/MOMOTALK/JURI/THREAD_101140010.md,0ea98457a40143faac68f0868161c298c034e2696287272648582536babe522c,ADMITTED,series/blue-archive/02 Sequential Readings/BOND/BLUE_ARCHIVE_GEHENNA20_PHASE2_PRIVATE_CONTEXTUAL_ACCOUNT_20261008.md,REF:CYCLE008_ACCEPTED,REF:CYCLE008_SCOPE,unresolved,,REF:CYCLE008_LIMITS,UNASSESSED,REF:PRIVATE_PRIORITY,,,
BA:momotalk:10114:thread:101140110,momotalk,MANDATORY_COMPLETE_REVIEW,02_CANONICAL_STORIES/MOMOTALK/JURI/THREAD_101140110.md,81448e54426aaad45756dbc7851aa5b208ae2937ee14d4be4d7d4d0e019e32be,ADMITTED,series/blue-archive/02 Sequential Readings/BOND/BLUE_ARCHIVE_GEHENNA20_PHASE2_PRIVATE_CONTEXTUAL_ACCOUNT_20261008.md,REF:CYCLE008_ACCEPTED,REF:CYCLE008_SCOPE,unresolved,,REF:CYCLE008_LIMITS,UNASSESSED,REF:PRIVATE_PRIORITY,,,
BA:momotalk:10114:thread:101140220,momotalk,MANDATORY_COMPLETE_REVIEW,02_CANONICAL_STORIES/MOMOTALK/JURI/THREAD_101140220.md,c86a154743ff26320b3132634556fb5a73d8078314c8bb54bfc0fd3065d83030,ADMITTED,series/blue-archive/02 Sequential Readings/BOND/BLUE_ARCHIVE_GEHENNA20_PHASE2_PRIVATE_CONTEXTUAL_ACCOUNT_20261008.md,REF:CYCLE008_ACCEPTED,REF:CYCLE008_SCOPE,unresolved,,REF:CYCLE008_LIMITS,UNASSESSED,REF:PRIVATE_PRIORITY,,,
BA:momotalk:10115:thread:101150010,momotalk,MANDATORY_COMPLETE_REVIEW,02_CANONICAL_STORIES/MOMOTALK/CH0245/THREAD_101150010.md,90800a39aa4284b39a3fd3ab7e41901d4aaa31573d8035adb156dfc82b324c94,ADMITTED,series/blue-archive/02 Sequential Readings/BOND/NOMASA_REI/BLUE_ARCHIVE_NOMASA_REI_PRIVATE_CONTEXTUALIZATION_CHECKPOINT.md,REF:ORIGINAL_ADMISSION_RECORD_0020,REF:ORIGINAL_ADMITTED_CLAIM_SCOPE_0024,LOCAL_RELATIVE_ONLY,"Explicit local invitations, recollections and afterwords; no main/diver placement.",REF:ORIGINAL_ATTRIBUTION_LIMITS_0025,HIGH,REF:ORIGINAL_PRIORITY_REASON_0026,0,0,0
BA:momotalk:10115:thread:101150080,momotalk,MANDATORY_COMPLETE_REVIEW,02_CANONICAL_STORIES/MOMOTALK/CH0245/THREAD_101150080.md,57af40d0924134f9c99798a06854460805058b14a5879b7455fbff6dcc8bad8d,ADMITTED,series/blue-archive/02 Sequential Readings/BOND/NOMASA_REI/BLUE_ARCHIVE_NOMASA_REI_PRIVATE_CONTEXTUALIZATION_CHECKPOINT.md,REF:ORIGINAL_ADMISSION_RECORD_0020,REF:ORIGINAL_ADMITTED_CLAIM_SCOPE_0024,LOCAL_RELATIVE_ONLY,"Explicit local invitations, recollections and afterwords; no main/diver placement.",REF:ORIGINAL_ATTRIBUTION_LIMITS_0025,HIGH,REF:ORIGINAL_PRIORITY_REASON_0026,0,0,0
BA:momotalk:10115:thread:101150170,momotalk,MANDATORY_COMPLETE_REVIEW,02_CANONICAL_STORIES/MOMOTALK/CH0245/THREAD_101150170.md,08cedd17e3e777fdb5edfb0a1eff3de3fa4745454b211828b8becad2a86ad815,ADMITTED,series/blue-archive/02 Sequential Readings/BOND/NOMASA_REI/BLUE_ARCHIVE_NOMASA_REI_PRIVATE_CONTEXTUALIZATION_CHECKPOINT.md,REF:ORIGINAL_ADMISSION_RECORD_0020,REF:ORIGINAL_ADMITTED_CLAIM_SCOPE_0024,LOCAL_RELATIVE_ONLY,"Explicit local invitations, recollections and afterwords; no main/diver placement.",REF:ORIGINAL_ATTRIBUTION_LIMITS_0025,HIGH,REF:ORIGINAL_PRIORITY_REASON_0026,0,0,0
BA:momotalk:10115:thread:101150260,momotalk,MANDATORY_COMPLETE_REVIEW,02_CANONICAL_STORIES/MOMOTALK/CH0245/THREAD_101150260.md,65af2b0e1c6a84f0c6ca6650f1b02e859984ab4416dc7cde243c4473324ba0ab,ADMITTED,series/blue-archive/02 Sequential Readings/BOND/NOMASA_REI/BLUE_ARCHIVE_NOMASA_REI_PRIVATE_CONTEXTUALIZATION_CHECKPOINT.md,REF:ORIGINAL_ADMISSION_RECORD_0020,REF:ORIGINAL_ADMITTED_CLAIM_SCOPE_0024,LOCAL_RELATIVE_ONLY,"Explicit local invitations, recollections and afterwords; no main/diver placement.",REF:ORIGINAL_ATTRIBUTION_LIMITS_0025,HIGH,REF:ORIGINAL_PRIORITY_REASON_0026,0,0,0
BA:momotalk:10116:thread:101160010,momotalk,MANDATORY_COMPLETE_REVIEW,02_CANONICAL_STORIES/MOMOTALK/SAORI/THREAD_101160010.md,30339f903537540706319d41e9eecdbfa603a2735258bccd37f5d1beb7bcdc3a,ADMITTED,series/blue-archive/02 Sequential Readings/BOND/BLUE_ARCHIVE_SAORI_ATSUKO_PRIVATE_CONTEXTUALIZATION_CHECKPOINT.md,REF:CYCLE008_ACCEPTED,REF:CYCLE008_SCOPE,unresolved,,REF:CYCLE008_LIMITS,UNASSESSED,REF:PRIVATE_PRIORITY,,,
BA:momotalk:10116:thread:101160130,momotalk,MANDATORY_COMPLETE_REVIEW,02_CANONICAL_STORIES/MOMOTALK/SAORI/THREAD_101160130.md,77baa3cd653bad9c1e3ed87e57d094059fcbaa55b389b7a147477c29f8c980f3,ADMITTED,series/blue-archive/02 Sequential Readings/BOND/BLUE_ARCHIVE_SAORI_ATSUKO_PRIVATE_CONTEXTUALIZATION_CHECKPOINT.md,REF:CYCLE008_ACCEPTED,REF:CYCLE008_SCOPE,unresolved,,REF:CYCLE008_LIMITS,UNASSESSED,REF:PRIVATE_PRIORITY,,,
BA:momotalk:10116:thread:101160290,momotalk,MANDATORY_COMPLETE_REVIEW,02_CANONICAL_STORIES/MOMOTALK/SAORI/THREAD_101160290.md,40e8ae757b25e680a032889e46a88d6bc07fdd9f8dbac55a52cded2fdeef4c0a,ADMITTED,series/blue-archive/02 Sequential Readings/BOND/BLUE_ARCHIVE_SAORI_ATSUKO_PRIVATE_CONTEXTUALIZATION_CHECKPOINT.md,REF:CYCLE008_ACCEPTED,REF:CYCLE008_SCOPE,unresolved,,REF:CYCLE008_LIMITS,UNASSESSED,REF:PRIVATE_PRIORITY,,,
BA:momotalk:10117:thread:101170010,momotalk,MANDATORY_COMPLETE_REVIEW,02_CANONICAL_STORIES/MOMOTALK/CH0242/THREAD_101170010.md,ec2b189f3c0b7d98a9b7251f071bf02a86b17bab23e09dfecfe6825ec20284c7,ADMITTED,series/blue-archive/02 Sequential Readings/BOND/BLUE_ARCHIVE_HIGHLANDER_HIKARI_NOZOMI_PHASE2_PRIVATE_CONTEXTUAL_ACCOUNT_20261008.md,REF:CYCLE008_ACCEPTED,REF:CYCLE008_SCOPE,unresolved,,REF:CYCLE008_LIMITS,UNASSESSED,REF:PRIVATE_PRIORITY,,,
BA:momotalk:10117:thread:101170120,momotalk,MANDATORY_COMPLETE_REVIEW,02_CANONICAL_STORIES/MOMOTALK/CH0242/THREAD_101170120.md,c215dfe37b96b42bb5300baa3dcb1e7bdd482272d9641971d8e1b1f590215b28,ADMITTED,series/blue-archive/02 Sequential Readings/BOND/BLUE_ARCHIVE_HIGHLANDER_HIKARI_NOZOMI_PHASE2_PRIVATE_CONTEXTUAL_ACCOUNT_20261008.md,REF:CYCLE008_ACCEPTED,REF:CYCLE008_SCOPE,unresolved,,REF:CYCLE008_LIMITS,UNASSESSED,REF:PRIVATE_PRIORITY,,,
BA:momotalk:10117:thread:101170200,momotalk,MANDATORY_COMPLETE_REVIEW,02_CANONICAL_STORIES/MOMOTALK/CH0242/THREAD_101170200.md,b9b02a6574faad003aa9703b30de23e21ea359a676f4b2e0d7da6228aeb1982d,ADMITTED,series/blue-archive/02 Sequential Readings/BOND/BLUE_ARCHIVE_HIGHLANDER_HIKARI_NOZOMI_PHASE2_PRIVATE_CONTEXTUAL_ACCOUNT_20261008.md,REF:CYCLE008_ACCEPTED,REF:CYCLE008_SCOPE,unresolved,,REF:CYCLE008_LIMITS,UNASSESSED,REF:PRIVATE_PRIORITY,,,
BA:momotalk:10117:thread:101170310,momotalk,MANDATORY_COMPLETE_REVIEW,02_CANONICAL_STORIES/MOMOTALK/CH0242/THREAD_101170310.md,e42fb3b5fe484972c5cdedfb12032ee753ba03da344a44481bb3031ccb515d3e,ADMITTED,series/blue-archive/02 Sequential Readings/BOND/BLUE_ARCHIVE_HIGHLANDER_HIKARI_NOZOMI_PHASE2_PRIVATE_CONTEXTUAL_ACCOUNT_20261008.md,REF:CYCLE008_ACCEPTED,REF:CYCLE008_SCOPE,unresolved,,REF:CYCLE008_LIMITS,UNASSESSED,REF:PRIVATE_PRIORITY,,,
BA:momotalk:10117:thread:101170360,momotalk,MANDATORY_COMPLETE_REVIEW,02_CANONICAL_STORIES/MOMOTALK/CH0242/THREAD_101170360.md,5d24e5fefc2b2e7577d50b60bde1d6ae43c85d4bee8387f16c69a97280628ad2,ADMITTED,series/blue-archive/02 Sequential Readings/BOND/BLUE_ARCHIVE_HIGHLANDER_HIKARI_NOZOMI_PHASE2_PRIVATE_CONTEXTUAL_ACCOUNT_20261008.md,REF:CYCLE008_ACCEPTED,REF:CYCLE008_SCOPE,unresolved,,REF:CYCLE008_LIMITS,UNASSESSED,REF:PRIVATE_PRIORITY,,,
BA:momotalk:10118:thread:101180010,momotalk,MANDATORY_COMPLETE_REVIEW,02_CANONICAL_STORIES/MOMOTALK/CH0243/THREAD_101180010.md,bbe1317b1b8f19fb2df7cacc0ecbf597bfbf63a61391300bcd8b7c8f4c91181e,ADMITTED,series/blue-archive/02 Sequential Readings/BOND/BLUE_ARCHIVE_HIGHLANDER_HIKARI_NOZOMI_PHASE2_PRIVATE_CONTEXTUAL_ACCOUNT_20261008.md,REF:CYCLE008_ACCEPTED,REF:CYCLE008_SCOPE,unresolved,,REF:CYCLE008_LIMITS,UNASSESSED,REF:PRIVATE_PRIORITY,,,
BA:momotalk:10118:thread:101180130,momotalk,MANDATORY_COMPLETE_REVIEW,02_CANONICAL_STORIES/MOMOTALK/CH0243/THREAD_101180130.md,f7355a4fe5bb8cec458d51b0e2da2d02013a85eb379f176a0fcf7406553d103e,ADMITTED,series/blue-archive/02 Sequential Readings/BOND/BLUE_ARCHIVE_HIGHLANDER_HIKARI_NOZOMI_PHASE2_PRIVATE_CONTEXTUAL_ACCOUNT_20261008.md,REF:CYCLE008_ACCEPTED,REF:CYCLE008_SCOPE,unresolved,,REF:CYCLE008_LIMITS,UNASSESSED,REF:PRIVATE_PRIORITY,,,
BA:momotalk:10118:thread:101180310,momotalk,MANDATORY_COMPLETE_REVIEW,02_CANONICAL_STORIES/MOMOTALK/CH0243/THREAD_101180310.md,840d619a1fb4ac45e4fca40edec5374cf50ef913be90ec58edfb700fd7e84707,ADMITTED,series/blue-archive/02 Sequential Readings/BOND/BLUE_ARCHIVE_HIGHLANDER_HIKARI_NOZOMI_PHASE2_PRIVATE_CONTEXTUAL_ACCOUNT_20261008.md,REF:CYCLE008_ACCEPTED,REF:CYCLE008_SCOPE,unresolved,,REF:CYCLE008_LIMITS,UNASSESSED,REF:PRIVATE_PRIORITY,,,
BA:momotalk:10118:thread:101180450,momotalk,MANDATORY_COMPLETE_REVIEW,02_CANONICAL_STORIES/MOMOTALK/CH0243/THREAD_101180450.md,9868a7bf3c0673c54e3c02b84e9b6b86f01fc7a9dc82c54f86e29047e4e7216e,ADMITTED,series/blue-archive/02 Sequential Readings/BOND/BLUE_ARCHIVE_HIGHLANDER_HIKARI_NOZOMI_PHASE2_PRIVATE_CONTEXTUAL_ACCOUNT_20261008.md,REF:CYCLE008_ACCEPTED,REF:CYCLE008_SCOPE,unresolved,,REF:CYCLE008_LIMITS,UNASSESSED,REF:PRIVATE_PRIORITY,,,
BA:momotalk:10118:thread:101180610,momotalk,MANDATORY_COMPLETE_REVIEW,02_CANONICAL_STORIES/MOMOTALK/CH0243/THREAD_101180610.md,0fc0aead49077d4ff14a8a2112f27f9a4314bf5d49819dc98a9ff59b84dfc75e,ADMITTED,series/blue-archive/02 Sequential Readings/BOND/BLUE_ARCHIVE_HIGHLANDER_HIKARI_NOZOMI_PHASE2_PRIVATE_CONTEXTUAL_ACCOUNT_20261008.md,REF:CYCLE008_ACCEPTED,REF:CYCLE008_SCOPE,unresolved,,REF:CYCLE008_LIMITS,UNASSESSED,REF:PRIVATE_PRIORITY,,,
BA:momotalk:10119:thread:101190010,momotalk,MANDATORY_COMPLETE_REVIEW,02_CANONICAL_STORIES/MOMOTALK/CH0222/THREAD_101190010.md,2b44f9aeb5f2f20d7de51d047cd2ef9652023f9ffbb2f547c7f9237d99a98a81,ADMITTED,series/blue-archive/02 Sequential Readings/BOND/BLUE_ARCHIVE_HYAKKA_YUKARI_NAGUSA_KIKYOU_RENGE_PHASE2_PRIVATE_CONTEXTUAL_ACCOUNT_20261008.md,REF:CYCLE008_ACCEPTED,REF:CYCLE008_SCOPE,unresolved,,REF:CYCLE008_LIMITS,UNASSESSED,REF:PRIVATE_PRIORITY,,,
BA:momotalk:10119:thread:101190150,momotalk,MANDATORY_COMPLETE_REVIEW,02_CANONICAL_STORIES/MOMOTALK/CH0222/THREAD_101190150.md,931447f5e3053e1277509f09b1e6f852d292220b7695807b1c1afdfc2290fd5f,ADMITTED,series/blue-archive/02 Sequential Readings/BOND/BLUE_ARCHIVE_HYAKKA_YUKARI_NAGUSA_KIKYOU_RENGE_PHASE2_PRIVATE_CONTEXTUAL_ACCOUNT_20261008.md,REF:CYCLE008_ACCEPTED,REF:CYCLE008_SCOPE,unresolved,,REF:CYCLE008_LIMITS,UNASSESSED,REF:PRIVATE_PRIORITY,,,
BA:momotalk:10119:thread:101190380,momotalk,MANDATORY_COMPLETE_REVIEW,02_CANONICAL_STORIES/MOMOTALK/CH0222/THREAD_101190380.md,68de1bb57e2abbbcf21e84990f77bf3b5d5e143b8cf11defeae99b3bdbc0fe4f,ADMITTED,series/blue-archive/02 Sequential Readings/BOND/BLUE_ARCHIVE_HYAKKA_YUKARI_NAGUSA_KIKYOU_RENGE_PHASE2_PRIVATE_CONTEXTUAL_ACCOUNT_20261008.md,REF:CYCLE008_ACCEPTED,REF:CYCLE008_SCOPE,unresolved,,REF:CYCLE008_LIMITS,UNASSESSED,REF:PRIVATE_PRIORITY,,,
BA:momotalk:10119:thread:101190490,momotalk,MANDATORY_COMPLETE_REVIEW,02_CANONICAL_STORIES/MOMOTALK/CH0222/THREAD_101190490.md,c7f7048a2b9bf8e651f16abbf0e2f698449d271a97c54aad8ed748d1379eae85,ADMITTED,series/blue-archive/02 Sequential Readings/BOND/BLUE_ARCHIVE_HYAKKA_YUKARI_NAGUSA_KIKYOU_RENGE_PHASE2_PRIVATE_CONTEXTUAL_ACCOUNT_20261008.md,REF:CYCLE008_ACCEPTED,REF:CYCLE008_SCOPE,unresolved,,REF:CYCLE008_LIMITS,UNASSESSED,REF:PRIVATE_PRIORITY,,,
BA:momotalk:10120:thread:101200010,momotalk,MANDATORY_COMPLETE_REVIEW,02_CANONICAL_STORIES/MOMOTALK/CH0155/THREAD_101200010.md,84b3ffde3e356ca350f4b63a14f6399e702a4ba7a4f443408f14df1621cc4fdd,ADMITTED,series/blue-archive/02 Sequential Readings/BOND/BLUE_ARCHIVE_AIRI_KAZUSA_YOSHIMI_NATSU_PRIVATE_CONTEXTUALIZATION_CHECKPOINT.md,REF:CYCLE008_ACCEPTED,REF:CYCLE008_SCOPE,unresolved,,REF:CYCLE008_LIMITS,UNASSESSED,REF:PRIVATE_PRIORITY,,,
BA:momotalk:10120:thread:101200080,momotalk,MANDATORY_COMPLETE_REVIEW,02_CANONICAL_STORIES/MOMOTALK/CH0155/THREAD_101200080.md,8f6bb5cc12236c75fd42d2662f0ca3b4d28493dd21400e23c85f81806cad89dc,ADMITTED,series/blue-archive/02 Sequential Readings/BOND/BLUE_ARCHIVE_AIRI_KAZUSA_YOSHIMI_NATSU_PRIVATE_CONTEXTUALIZATION_CHECKPOINT.md,REF:CYCLE008_ACCEPTED,REF:CYCLE008_SCOPE,unresolved,,REF:CYCLE008_LIMITS,UNASSESSED,REF:PRIVATE_PRIORITY,,,
BA:momotalk:10120:thread:101200130,momotalk,MANDATORY_COMPLETE_REVIEW,02_CANONICAL_STORIES/MOMOTALK/CH0155/THREAD_101200130.md,0cdd858a61c74735c94307a714b94dd13305afa29fdbd6f40d2ea5b3311f889a,ADMITTED,series/blue-archive/02 Sequential Readings/BOND/BLUE_ARCHIVE_AIRI_KAZUSA_YOSHIMI_NATSU_PRIVATE_CONTEXTUALIZATION_CHECKPOINT.md,REF:CYCLE008_ACCEPTED,REF:CYCLE008_SCOPE,unresolved,,REF:CYCLE008_LIMITS,UNASSESSED,REF:PRIVATE_PRIORITY,,,
BA:momotalk:10120:thread:101200170,momotalk,MANDATORY_COMPLETE_REVIEW,02_CANONICAL_STORIES/MOMOTALK/CH0155/THREAD_101200170.md,e3533f61a2cecde4a90d0dcbcfbe8d58cbab0686b87a81582a50befc822bdb2d,ADMITTED,series/blue-archive/02 Sequential Readings/BOND/BLUE_ARCHIVE_AIRI_KAZUSA_YOSHIMI_NATSU_PRIVATE_CONTEXTUALIZATION_CHECKPOINT.md,REF:CYCLE008_ACCEPTED,REF:CYCLE008_SCOPE,unresolved,,REF:CYCLE008_LIMITS,UNASSESSED,REF:PRIVATE_PRIORITY,,,
BA:momotalk:10121:thread:101210010,momotalk,MANDATORY_COMPLETE_REVIEW,02_CANONICAL_STORIES/MOMOTALK/CH0161/THREAD_101210010.md,1256299f1534911e38808f2a3e5378114463d714e1470a8e790f286208af355a,ADMITTED,series/blue-archive/02 Sequential Readings/BOND/BLUE_ARCHIVE_HYAKKA_YUKARI_NAGUSA_KIKYOU_RENGE_PHASE2_PRIVATE_CONTEXTUAL_ACCOUNT_20261008.md,REF:CYCLE008_ACCEPTED,REF:CYCLE008_SCOPE,unresolved,,REF:CYCLE008_LIMITS,UNASSESSED,REF:PRIVATE_PRIORITY,,,
BA:momotalk:10121:thread:101210160,momotalk,MANDATORY_COMPLETE_REVIEW,02_CANONICAL_STORIES/MOMOTALK/CH0161/THREAD_101210160.md,5cb831909264c99b7c63ee07ab42f54b309d480576ec66d66305b4c7ba9bc935,ADMITTED,series/blue-archive/02 Sequential Readings/BOND/BLUE_ARCHIVE_HYAKKA_YUKARI_NAGUSA_KIKYOU_RENGE_PHASE2_PRIVATE_CONTEXTUAL_ACCOUNT_20261008.md,REF:CYCLE008_ACCEPTED,REF:CYCLE008_SCOPE,unresolved,,REF:CYCLE008_LIMITS,UNASSESSED,REF:PRIVATE_PRIORITY,,,
BA:momotalk:10121:thread:101210360,momotalk,MANDATORY_COMPLETE_REVIEW,02_CANONICAL_STORIES/MOMOTALK/CH0161/THREAD_101210360.md,c88e995673e7f882aa4edb21b59ccb019a7a5ad78c8dc11c36c1aca8ede9761e,ADMITTED,series/blue-archive/02 Sequential Readings/BOND/BLUE_ARCHIVE_HYAKKA_YUKARI_NAGUSA_KIKYOU_RENGE_PHASE2_PRIVATE_CONTEXTUAL_ACCOUNT_20261008.md,REF:CYCLE008_ACCEPTED,REF:CYCLE008_SCOPE,unresolved,,REF:CYCLE008_LIMITS,UNASSESSED,REF:PRIVATE_PRIORITY,,,
BA:momotalk:10121:thread:101210500,momotalk,MANDATORY_COMPLETE_REVIEW,02_CANONICAL_STORIES/MOMOTALK/CH0161/THREAD_101210500.md,9a630e8dd656bf9cbc705d84047431ef56c50b7965e3c819c30dea5ec586b79d,ADMITTED,series/blue-archive/02 Sequential Readings/BOND/BLUE_ARCHIVE_HYAKKA_YUKARI_NAGUSA_KIKYOU_RENGE_PHASE2_PRIVATE_CONTEXTUAL_ACCOUNT_20261008.md,REF:CYCLE008_ACCEPTED,REF:CYCLE008_SCOPE,unresolved,,REF:CYCLE008_LIMITS,UNASSESSED,REF:PRIVATE_PRIORITY,,,
BA:momotalk:10122:thread:101220010,momotalk,MANDATORY_COMPLETE_REVIEW,02_CANONICAL_STORIES/MOMOTALK/CH0069/THREAD_101220010.md,c85f97504040b706b50aaaea8f06b158d949358fd08ad0fb050f853f7fe05eff,ADMITTED,series/blue-archive/02 Sequential Readings/BOND/MIKA/BLUE_ARCHIVE_MIKA_PRIVATE_CONTEXTUALIZATION_CHECKPOINT.md,REF:CYCLE008_ACCEPTED,REF:CYCLE008_SCOPE,unresolved,,REF:CYCLE008_LIMITS,UNASSESSED,REF:PRIVATE_PRIORITY,,,
BA:momotalk:10122:thread:101220180,momotalk,MANDATORY_COMPLETE_REVIEW,02_CANONICAL_STORIES/MOMOTALK/CH0069/THREAD_101220180.md,16f3a92a49f90d8057f2e71c39fa5cc9db65f55728065084e8f3a214243fd62f,ADMITTED,series/blue-archive/02 Sequential Readings/BOND/MIKA/BLUE_ARCHIVE_MIKA_PRIVATE_CONTEXTUALIZATION_CHECKPOINT.md,REF:CYCLE008_ACCEPTED,REF:CYCLE008_SCOPE,unresolved,,REF:CYCLE008_LIMITS,UNASSESSED,REF:PRIVATE_PRIORITY,,,
BA:momotalk:10122:thread:101220290,momotalk,MANDATORY_COMPLETE_REVIEW,02_CANONICAL_STORIES/MOMOTALK/CH0069/THREAD_101220290.md,a0217c6eb85f7839dbdbda45a6722795e4ad2f806ba854f6d74008f7385414eb,ADMITTED,series/blue-archive/02 Sequential Readings/BOND/MIKA/BLUE_ARCHIVE_MIKA_PRIVATE_CONTEXTUALIZATION_CHECKPOINT.md,REF:CYCLE008_ACCEPTED,REF:CYCLE008_SCOPE,unresolved,,REF:CYCLE008_LIMITS,UNASSESSED,REF:PRIVATE_PRIORITY,,,
BA:momotalk:10122:thread:101220350,momotalk,MANDATORY_COMPLETE_REVIEW,02_CANONICAL_STORIES/MOMOTALK/CH0069/THREAD_101220350.md,55e441aa5fb6faca4f9a8fd554d1a98c7b37ba618cc80cf5aa524770cb894f81,ADMITTED,series/blue-archive/02 Sequential Readings/BOND/MIKA/BLUE_ARCHIVE_MIKA_PRIVATE_CONTEXTUALIZATION_CHECKPOINT.md,REF:CYCLE008_ACCEPTED,REF:CYCLE008_SCOPE,unresolved,,REF:CYCLE008_LIMITS,UNASSESSED,REF:PRIVATE_PRIORITY,,,
BA:momotalk:10122:thread:101220490,momotalk,MANDATORY_COMPLETE_REVIEW,02_CANONICAL_STORIES/MOMOTALK/CH0069/THREAD_101220490.md,dd1b35b66d89e95907ecbb86821a6a1f2a1c28d2e3df1f47bc5d4cbf996743e7,ADMITTED,series/blue-archive/02 Sequential Readings/BOND/MIKA/BLUE_ARCHIVE_MIKA_PRIVATE_CONTEXTUALIZATION_CHECKPOINT.md,REF:CYCLE008_ACCEPTED,REF:CYCLE008_SCOPE,unresolved,,REF:CYCLE008_LIMITS,UNASSESSED,REF:PRIVATE_PRIORITY,,,
BA:momotalk:10122:thread:101220550,momotalk,MANDATORY_COMPLETE_REVIEW,02_CANONICAL_STORIES/MOMOTALK/CH0069/THREAD_101220550.md,002f89a93429862b139c731f7985713243de065894a1ad34679c8a44310b78bd,ADMITTED,series/blue-archive/02 Sequential Readings/BOND/MIKA/BLUE_ARCHIVE_MIKA_PRIVATE_CONTEXTUALIZATION_CHECKPOINT.md,REF:CYCLE008_ACCEPTED,REF:CYCLE008_SCOPE,unresolved,,REF:CYCLE008_LIMITS,UNASSESSED,REF:PRIVATE_PRIORITY,,,
BA:momotalk:10123:thread:101230010,momotalk,MANDATORY_COMPLETE_REVIEW,02_CANONICAL_STORIES/MOMOTALK/CH0070/THREAD_101230010.md,e5e3adf26c1d5c5c291d97d57244596af82ae0974573b4ee7e8df0ccc0df971a,ADMITTED,series/blue-archive/02 Sequential Readings/BOND/SEIA/BLUE_ARCHIVE_SEIA_PRIVATE_CONTEXTUALIZATION_CHECKPOINT.md,REF:CYCLE008_ACCEPTED,REF:CYCLE008_SCOPE,unresolved,,REF:CYCLE008_LIMITS,UNASSESSED,REF:PRIVATE_PRIORITY,,,
BA:momotalk:10123:thread:101230060,momotalk,MANDATORY_COMPLETE_REVIEW,02_CANONICAL_STORIES/MOMOTALK/CH0070/THREAD_101230060.md,c13d7de1e8ea6ca49cd9dd43655daaf47e709371961f6c1e6581740c1bde8107,ADMITTED,series/blue-archive/02 Sequential Readings/BOND/SEIA/BLUE_ARCHIVE_SEIA_PRIVATE_CONTEXTUALIZATION_CHECKPOINT.md,REF:CYCLE008_ACCEPTED,REF:CYCLE008_SCOPE,unresolved,,REF:CYCLE008_LIMITS,UNASSESSED,REF:PRIVATE_PRIORITY,,,
BA:momotalk:10123:thread:101230110,momotalk,MANDATORY_COMPLETE_REVIEW,02_CANONICAL_STORIES/MOMOTALK/CH0070/THREAD_101230110.md,76fe0d8a512ff0ec63e7ca185e0fe002b5839e2c7fc97372b863dad2297554a4,ADMITTED,series/blue-archive/02 Sequential Readings/BOND/SEIA/BLUE_ARCHIVE_SEIA_PRIVATE_CONTEXTUALIZATION_CHECKPOINT.md,REF:CYCLE008_ACCEPTED,REF:CYCLE008_SCOPE,unresolved,,REF:CYCLE008_LIMITS,UNASSESSED,REF:PRIVATE_PRIORITY,,,
BA:momotalk:10123:thread:101230200,momotalk,MANDATORY_COMPLETE_REVIEW,02_CANONICAL_STORIES/MOMOTALK/CH0070/THREAD_101230200.md,bb5a9a2cf54f4593e5055ec8a4c64334a9e67374aa0ef33b43083d18b2b67c32,ADMITTED,series/blue-archive/02 Sequential Readings/BOND/SEIA/BLUE_ARCHIVE_SEIA_PRIVATE_CONTEXTUALIZATION_CHECKPOINT.md,REF:CYCLE008_ACCEPTED,REF:CYCLE008_SCOPE,unresolved,,REF:CYCLE008_LIMITS,UNASSESSED,REF:PRIVATE_PRIORITY,,,
BA:momotalk:10124:thread:101240010,momotalk,MANDATORY_COMPLETE_REVIEW,02_CANONICAL_STORIES/MOMOTALK/HASUMI/THREAD_101240010.md,40685df95d63912fefff39db276c6524404c9486ae2cf80e1330fca56dc64c4d,ADMITTED,series/blue-archive/02 Sequential Readings/BOND/BLUE_ARCHIVE_HASUMI_TSURUGI_PRIVATE_CONTEXTUALIZATION_CHECKPOINT.md,REF:CYCLE008_ACCEPTED,REF:CYCLE008_SCOPE,unresolved,,REF:CYCLE008_LIMITS,UNASSESSED,REF:PRIVATE_PRIORITY,,,
BA:momotalk:10124:thread:101240120,momotalk,MANDATORY_COMPLETE_REVIEW,02_CANONICAL_STORIES/MOMOTALK/HASUMI/THREAD_101240120.md,fa45a9d75b16ef985844ff22d1dd7f08700164017c8d207fb80c99da7594821c,ADMITTED,series/blue-archive/02 Sequential Readings/BOND/BLUE_ARCHIVE_HASUMI_TSURUGI_PRIVATE_CONTEXTUALIZATION_CHECKPOINT.md,REF:CYCLE008_ACCEPTED,REF:CYCLE008_SCOPE,unresolved,,REF:CYCLE008_LIMITS,UNASSESSED,REF:PRIVATE_PRIORITY,,,
BA:momotalk:10124:thread:101240250,momotalk,MANDATORY_COMPLETE_REVIEW,02_CANONICAL_STORIES/MOMOTALK/HASUMI/THREAD_101240250.md,b75c9c00097e2dbaa506e6bec5bc1dce9f88f42fe4719d429a56cc76964d37cd,ADMITTED,series/blue-archive/02 Sequential Readings/BOND/BLUE_ARCHIVE_HASUMI_TSURUGI_PRIVATE_CONTEXTUALIZATION_CHECKPOINT.md,REF:CYCLE008_ACCEPTED,REF:CYCLE008_SCOPE,unresolved,,REF:CYCLE008_LIMITS,UNASSESSED,REF:PRIVATE_PRIORITY,,,
BA:momotalk:10124:thread:101240360,momotalk,MANDATORY_COMPLETE_REVIEW,02_CANONICAL_STORIES/MOMOTALK/HASUMI/THREAD_101240360.md,341438c267dd273a969896847f9485bc8272353ef1ccd044662b962220c45e4f,ADMITTED,series/blue-archive/02 Sequential Readings/BOND/BLUE_ARCHIVE_HASUMI_TSURUGI_PRIVATE_CONTEXTUALIZATION_CHECKPOINT.md,REF:CYCLE008_ACCEPTED,REF:CYCLE008_SCOPE,unresolved,,REF:CYCLE008_LIMITS,UNASSESSED,REF:PRIVATE_PRIORITY,,,
BA:momotalk:10125:thread:101250010,momotalk,MANDATORY_COMPLETE_REVIEW,02_CANONICAL_STORIES/MOMOTALK/CH0304/THREAD_101250010.md,c01d24f16f14a999cf6a9a0ccf72c040222631b7f10d4f1d79c8c9c20dedbadc,ADMITTED,series/blue-archive/02 Sequential Readings/BOND/BLUE_ARCHIVE_WILDHUNT5_PHASE2_PRIVATE_CONTEXTUAL_ACCOUNT_20261008.md,REF:CYCLE008_ACCEPTED,REF:CYCLE008_SCOPE,unresolved,,REF:CYCLE008_LIMITS,UNASSESSED,REF:PRIVATE_PRIORITY,,,
BA:momotalk:10125:thread:101250170,momotalk,MANDATORY_COMPLETE_REVIEW,02_CANONICAL_STORIES/MOMOTALK/CH0304/THREAD_101250170.md,ae4e07759f62ce1c39272a7ed97a878cdfe2e0b4f62b0b40572a65e159be06a4,ADMITTED,series/blue-archive/02 Sequential Readings/BOND/BLUE_ARCHIVE_WILDHUNT5_PHASE2_PRIVATE_CONTEXTUAL_ACCOUNT_20261008.md,REF:CYCLE008_ACCEPTED,REF:CYCLE008_SCOPE,unresolved,,REF:CYCLE008_LIMITS,UNASSESSED,REF:PRIVATE_PRIORITY,,,
BA:momotalk:10125:thread:101250370,momotalk,MANDATORY_COMPLETE_REVIEW,02_CANONICAL_STORIES/MOMOTALK/CH0304/THREAD_101250370.md,10ccedab5cc404e1291c281a779b028366091b828978d0e613c5c470b96b7fc9,ADMITTED,series/blue-archive/02 Sequential Readings/BOND/BLUE_ARCHIVE_WILDHUNT5_PHASE2_PRIVATE_CONTEXTUAL_ACCOUNT_20261008.md,REF:CYCLE008_ACCEPTED,REF:CYCLE008_SCOPE,unresolved,,REF:CYCLE008_LIMITS,UNASSESSED,REF:PRIVATE_PRIORITY,,,
BA:momotalk:10125:thread:101250550,momotalk,MANDATORY_COMPLETE_REVIEW,02_CANONICAL_STORIES/MOMOTALK/CH0304/THREAD_101250550.md,9154c733211bbcd99c8f67ad2b9b9480005a403c5fa2464d716ae5130d7a0ba4,ADMITTED,series/blue-archive/02 Sequential Readings/BOND/BLUE_ARCHIVE_WILDHUNT5_PHASE2_PRIVATE_CONTEXTUAL_ACCOUNT_20261008.md,REF:CYCLE008_ACCEPTED,REF:CYCLE008_SCOPE,unresolved,,REF:CYCLE008_LIMITS,UNASSESSED,REF:PRIVATE_PRIORITY,,,
BA:momotalk:10125:thread:101250690,momotalk,MANDATORY_COMPLETE_REVIEW,02_CANONICAL_STORIES/MOMOTALK/CH0304/THREAD_101250690.md,99f7b0ea56d49c802910bf589b2f5d9f8b6c6f00723f4324af95c9d985634458,ADMITTED,series/blue-archive/02 Sequential Readings/BOND/BLUE_ARCHIVE_WILDHUNT5_PHASE2_PRIVATE_CONTEXTUAL_ACCOUNT_20261008.md,REF:CYCLE008_ACCEPTED,REF:CYCLE008_SCOPE,unresolved,,REF:CYCLE008_LIMITS,UNASSESSED,REF:PRIVATE_PRIORITY,,,
BA:momotalk:10126:thread:101260010,momotalk,MANDATORY_COMPLETE_REVIEW,02_CANONICAL_STORIES/MOMOTALK/CH0306/THREAD_101260010.md,70c71b659492f5f5ef271e6fa2bbc332c0d35c8d1e1306052da727709c1e8454,ADMITTED,series/blue-archive/02 Sequential Readings/BOND/BLUE_ARCHIVE_WILDHUNT5_PHASE2_PRIVATE_CONTEXTUAL_ACCOUNT_20261008.md,REF:CYCLE008_ACCEPTED,REF:CYCLE008_SCOPE,unresolved,,REF:CYCLE008_LIMITS,UNASSESSED,REF:PRIVATE_PRIORITY,,,
BA:momotalk:10126:thread:101260140,momotalk,MANDATORY_COMPLETE_REVIEW,02_CANONICAL_STORIES/MOMOTALK/CH0306/THREAD_101260140.md,97765c54e14d35dfa3d171039ad8514b9be792757c1cdc350e8df0a2f568a5bc,ADMITTED,series/blue-archive/02 Sequential Readings/BOND/BLUE_ARCHIVE_WILDHUNT5_PHASE2_PRIVATE_CONTEXTUAL_ACCOUNT_20261008.md,REF:CYCLE008_ACCEPTED,REF:CYCLE008_SCOPE,unresolved,,REF:CYCLE008_LIMITS,UNASSESSED,REF:PRIVATE_PRIORITY,,,
BA:momotalk:10126:thread:101260260,momotalk,MANDATORY_COMPLETE_REVIEW,02_CANONICAL_STORIES/MOMOTALK/CH0306/THREAD_101260260.md,1179f64ae29e0b7d90608b835c504673b0d64cb07791a873501cdb66b330e021,ADMITTED,series/blue-archive/02 Sequential Readings/BOND/BLUE_ARCHIVE_WILDHUNT5_PHASE2_PRIVATE_CONTEXTUAL_ACCOUNT_20261008.md,REF:CYCLE008_ACCEPTED,REF:CYCLE008_SCOPE,unresolved,,REF:CYCLE008_LIMITS,UNASSESSED,REF:PRIVATE_PRIORITY,,,
BA:momotalk:10126:thread:101260390,momotalk,MANDATORY_COMPLETE_REVIEW,02_CANONICAL_STORIES/MOMOTALK/CH0306/THREAD_101260390.md,d13271a6a761c7fe505ff0549f074e06b05f278002c4a8a695cb11706623453f,ADMITTED,series/blue-archive/02 Sequential Readings/BOND/BLUE_ARCHIVE_WILDHUNT5_PHASE2_PRIVATE_CONTEXTUAL_ACCOUNT_20261008.md,REF:CYCLE008_ACCEPTED,REF:CYCLE008_SCOPE,unresolved,,REF:CYCLE008_LIMITS,UNASSESSED,REF:PRIVATE_PRIORITY,,,
BA:momotalk:10127:thread:101270010,momotalk,MANDATORY_COMPLETE_REVIEW,02_CANONICAL_STORIES/MOMOTALK/CH0317/THREAD_101270010.md,8a28d50c70defc235b39cffef8777d35707caf02fe2cd3745019417622ce206a,ADMITTED,series/blue-archive/02 Sequential Readings/BOND/BLUE_ARCHIVE_WILDHUNT5_PHASE2_PRIVATE_CONTEXTUAL_ACCOUNT_20261008.md,REF:CYCLE008_ACCEPTED,REF:CYCLE008_SCOPE,unresolved,,REF:CYCLE008_LIMITS,UNASSESSED,REF:PRIVATE_PRIORITY,,,
BA:momotalk:10127:thread:101270140,momotalk,MANDATORY_COMPLETE_REVIEW,02_CANONICAL_STORIES/MOMOTALK/CH0317/THREAD_101270140.md,92b6cdd7374e4c0a61939167b946cd471841deab838510c74df70c1973656101,ADMITTED,series/blue-archive/02 Sequential Readings/BOND/BLUE_ARCHIVE_WILDHUNT5_PHASE2_PRIVATE_CONTEXTUAL_ACCOUNT_20261008.md,REF:CYCLE008_ACCEPTED,REF:CYCLE008_SCOPE,unresolved,,REF:CYCLE008_LIMITS,UNASSESSED,REF:PRIVATE_PRIORITY,,,
BA:momotalk:10127:thread:101270190,momotalk,MANDATORY_COMPLETE_REVIEW,02_CANONICAL_STORIES/MOMOTALK/CH0317/THREAD_101270190.md,f5c36c6b12f5aa6355d3e3dd9d32ccf50eb11221523e3906d47c5c272f663995,ADMITTED,series/blue-archive/02 Sequential Readings/BOND/BLUE_ARCHIVE_WILDHUNT5_PHASE2_PRIVATE_CONTEXTUAL_ACCOUNT_20261008.md,REF:CYCLE008_ACCEPTED,REF:CYCLE008_SCOPE,unresolved,,REF:CYCLE008_LIMITS,UNASSESSED,REF:PRIVATE_PRIORITY,,,
BA:momotalk:10127:thread:101270280,momotalk,MANDATORY_COMPLETE_REVIEW,02_CANONICAL_STORIES/MOMOTALK/CH0317/THREAD_101270280.md,5d738534cc1e2293fd52b66cab106e9325e7dfb83b4ac39162c8cd7d2d8db198,ADMITTED,series/blue-archive/02 Sequential Readings/BOND/BLUE_ARCHIVE_WILDHUNT5_PHASE2_PRIVATE_CONTEXTUAL_ACCOUNT_20261008.md,REF:CYCLE008_ACCEPTED,REF:CYCLE008_SCOPE,unresolved,,REF:CYCLE008_LIMITS,UNASSESSED,REF:PRIVATE_PRIORITY,,,
BA:momotalk:10128:thread:101280010,momotalk,MANDATORY_COMPLETE_REVIEW,02_CANONICAL_STORIES/MOMOTALK/CH0318/THREAD_101280010.md,46e07f474c586c5287eaf8b934b88bda5c6e289f24269c37c86650b496f470f0,ADMITTED,series/blue-archive/02 Sequential Readings/BOND/BLUE_ARCHIVE_WILDHUNT5_PHASE2_PRIVATE_CONTEXTUAL_ACCOUNT_20261008.md,REF:CYCLE008_ACCEPTED,REF:CYCLE008_SCOPE,unresolved,,REF:CYCLE008_LIMITS,UNASSESSED,REF:PRIVATE_PRIORITY,,,
BA:momotalk:10128:thread:101280060,momotalk,MANDATORY_COMPLETE_REVIEW,02_CANONICAL_STORIES/MOMOTALK/CH0318/THREAD_101280060.md,cd75792cf5c3a8730d3dab28507fbf91ba148cef7f2f6d3bdfb4add77a686371,ADMITTED,series/blue-archive/02 Sequential Readings/BOND/BLUE_ARCHIVE_WILDHUNT5_PHASE2_PRIVATE_CONTEXTUAL_ACCOUNT_20261008.md,REF:CYCLE008_ACCEPTED,REF:CYCLE008_SCOPE,unresolved,,REF:CYCLE008_LIMITS,UNASSESSED,REF:PRIVATE_PRIORITY,,,
BA:momotalk:10128:thread:101280120,momotalk,MANDATORY_COMPLETE_REVIEW,02_CANONICAL_STORIES/MOMOTALK/CH0318/THREAD_101280120.md,b7748e4c9ea29b2a4cef9b285ca20e841c237011b623a8e63dcf354e8686f423,ADMITTED,series/blue-archive/02 Sequential Readings/BOND/BLUE_ARCHIVE_WILDHUNT5_PHASE2_PRIVATE_CONTEXTUAL_ACCOUNT_20261008.md,REF:CYCLE008_ACCEPTED,REF:CYCLE008_SCOPE,unresolved,,REF:CYCLE008_LIMITS,UNASSESSED,REF:PRIVATE_PRIORITY,,,
BA:momotalk:10128:thread:101280170,momotalk,MANDATORY_COMPLETE_REVIEW,02_CANONICAL_STORIES/MOMOTALK/CH0318/THREAD_101280170.md,8e6939d76c00b4fd37121b4574d533722471a8c294b954ac5df87ff6c56c6ebe,ADMITTED,series/blue-archive/02 Sequential Readings/BOND/BLUE_ARCHIVE_WILDHUNT5_PHASE2_PRIVATE_CONTEXTUAL_ACCOUNT_20261008.md,REF:CYCLE008_ACCEPTED,REF:CYCLE008_SCOPE,unresolved,,REF:CYCLE008_LIMITS,UNASSESSED,REF:PRIVATE_PRIORITY,,,
BA:momotalk:10129:thread:101290010,momotalk,MANDATORY_COMPLETE_REVIEW,02_CANONICAL_STORIES/MOMOTALK/SUZUMI/THREAD_101290010.md,8e1fe8911584abd405dc1b860e2de8a306fba3a5ba05a5b9d4c7d5a854cb24d2,ADMITTED,series/blue-archive/02 Sequential Readings/BOND/BLUE_ARCHIVE_SUZUMI_REISA_ICHIKA_PRIVATE_CONTEXTUALIZATION_CHECKPOINT.md,REF:CYCLE008_ACCEPTED,REF:CYCLE008_SCOPE,unresolved,,REF:CYCLE008_LIMITS,UNASSESSED,REF:PRIVATE_PRIORITY,,,
BA:momotalk:10129:thread:101290170,momotalk,MANDATORY_COMPLETE_REVIEW,02_CANONICAL_STORIES/MOMOTALK/SUZUMI/THREAD_101290170.md,65588f941c5a771d972787042a7f2dcea58fc7c6cc109ff139b04b78d1c48ca2,ADMITTED,series/blue-archive/02 Sequential Readings/BOND/BLUE_ARCHIVE_SUZUMI_REISA_ICHIKA_PRIVATE_CONTEXTUALIZATION_CHECKPOINT.md,REF:CYCLE008_ACCEPTED,REF:CYCLE008_SCOPE,unresolved,,REF:CYCLE008_LIMITS,UNASSESSED,REF:PRIVATE_PRIORITY,,,
BA:momotalk:10129:thread:101290280,momotalk,MANDATORY_COMPLETE_REVIEW,02_CANONICAL_STORIES/MOMOTALK/SUZUMI/THREAD_101290280.md,8898071964881ffc4ca8baa7771506c8f1568ad7900450dd916ef20668b19857,ADMITTED,series/blue-archive/02 Sequential Readings/BOND/BLUE_ARCHIVE_SUZUMI_REISA_ICHIKA_PRIVATE_CONTEXTUALIZATION_CHECKPOINT.md,REF:CYCLE008_ACCEPTED,REF:CYCLE008_SCOPE,unresolved,,REF:CYCLE008_LIMITS,UNASSESSED,REF:PRIVATE_PRIORITY,,,
BA:momotalk:10129:thread:101290440,momotalk,MANDATORY_COMPLETE_REVIEW,02_CANONICAL_STORIES/MOMOTALK/SUZUMI/THREAD_101290440.md,15569521d836ea15c5de107cc29b0ce58ee0d4a59627e6c2f6774b8f9f5bbee1,ADMITTED,series/blue-archive/02 Sequential Readings/BOND/BLUE_ARCHIVE_SUZUMI_REISA_ICHIKA_PRIVATE_CONTEXTUALIZATION_CHECKPOINT.md,REF:CYCLE008_ACCEPTED,REF:CYCLE008_SCOPE,unresolved,,REF:CYCLE008_LIMITS,UNASSESSED,REF:PRIVATE_PRIORITY,,,
BA:momotalk:10130:thread:101300010,momotalk,MANDATORY_COMPLETE_REVIEW,02_CANONICAL_STORIES/MOMOTALK/CH0309/THREAD_101300010.md,1d6809ff8f0d38bdd937a0b11d2e01b231b0b84240c3823735dc9df70b355dca,ADMITTED,series/blue-archive/02 Sequential Readings/BOND/BLUE_ARCHIVE_MISAKI_HIYORI_SUBARU_PRIVATE_CONTEXTUALIZATION_CHECKPOINT.md,REF:CYCLE008_ACCEPTED,REF:CYCLE008_SCOPE,unresolved,,REF:CYCLE008_LIMITS,UNASSESSED,REF:PRIVATE_PRIORITY,,,
BA:momotalk:10130:thread:101300120,momotalk,MANDATORY_COMPLETE_REVIEW,02_CANONICAL_STORIES/MOMOTALK/CH0309/THREAD_101300120.md,29de2895740793cb975fdb24324e722bc492b951aedc4935d0b825d8481a3cd5,ADMITTED,series/blue-archive/02 Sequential Readings/BOND/BLUE_ARCHIVE_MISAKI_HIYORI_SUBARU_PRIVATE_CONTEXTUALIZATION_CHECKPOINT.md,REF:CYCLE008_ACCEPTED,REF:CYCLE008_SCOPE,unresolved,,REF:CYCLE008_LIMITS,UNASSESSED,REF:PRIVATE_PRIORITY,,,
BA:momotalk:10130:thread:101300200,momotalk,MANDATORY_COMPLETE_REVIEW,02_CANONICAL_STORIES/MOMOTALK/CH0309/THREAD_101300200.md,b44524d2136ee993da6bd3faafc22ff51d927add35a2c78bc94189d1d13eddd9,ADMITTED,series/blue-archive/02 Sequential Readings/BOND/BLUE_ARCHIVE_MISAKI_HIYORI_SUBARU_PRIVATE_CONTEXTUALIZATION_CHECKPOINT.md,REF:CYCLE008_ACCEPTED,REF:CYCLE008_SCOPE,unresolved,,REF:CYCLE008_LIMITS,UNASSESSED,REF:PRIVATE_PRIORITY,,,
BA:momotalk:10130:thread:101300290,momotalk,MANDATORY_COMPLETE_REVIEW,02_CANONICAL_STORIES/MOMOTALK/CH0309/THREAD_101300290.md,ac2d67caa77ae7da10624cf9858b3836741736a165fecc1314a5f1045488e7a7,ADMITTED,series/blue-archive/02 Sequential Readings/BOND/BLUE_ARCHIVE_MISAKI_HIYORI_SUBARU_PRIVATE_CONTEXTUALIZATION_CHECKPOINT.md,REF:CYCLE008_ACCEPTED,REF:CYCLE008_SCOPE,unresolved,,REF:CYCLE008_LIMITS,UNASSESSED,REF:PRIVATE_PRIORITY,,,
BA:momotalk:10130:thread:101300450,momotalk,MANDATORY_COMPLETE_REVIEW,02_CANONICAL_STORIES/MOMOTALK/CH0309/THREAD_101300450.md,314c32cb6298ef5fa8f2941a8a08fe5c35d2ff9a01f888c1d2f6ebce8f19bc5a,ADMITTED,series/blue-archive/02 Sequential Readings/BOND/BLUE_ARCHIVE_MISAKI_HIYORI_SUBARU_PRIVATE_CONTEXTUALIZATION_CHECKPOINT.md,REF:CYCLE008_ACCEPTED,REF:CYCLE008_SCOPE,unresolved,,REF:CYCLE008_LIMITS,UNASSESSED,REF:PRIVATE_PRIORITY,,,
BA:momotalk:10131:thread:101310010,momotalk,MANDATORY_COMPLETE_REVIEW,02_CANONICAL_STORIES/MOMOTALK/CH0229/THREAD_101310010.md,5be25316fb4558b43066a14a34d73a89fc3a4f9dd935ae365b1b4131fe38dbc6,ADMITTED,series/blue-archive/02 Sequential Readings/BOND/BLUE_ARCHIVE_TAKANE_YAKUMO_PHASE2_PRIVATE_CONTEXTUAL_ACCOUNT_20261008.md,REF:CYCLE008_ACCEPTED,REF:CYCLE008_SCOPE,unresolved,,REF:CYCLE008_LIMITS,UNASSESSED,REF:PRIVATE_PRIORITY,,,
BA:momotalk:10131:thread:101310150,momotalk,MANDATORY_COMPLETE_REVIEW,02_CANONICAL_STORIES/MOMOTALK/CH0229/THREAD_101310150.md,7526b1bfbe67de351991331e684db3bbe55680c798ea216af3830f6c09fc6397,ADMITTED,series/blue-archive/02 Sequential Readings/BOND/BLUE_ARCHIVE_TAKANE_YAKUMO_PHASE2_PRIVATE_CONTEXTUAL_ACCOUNT_20261008.md,REF:CYCLE008_ACCEPTED,REF:CYCLE008_SCOPE,unresolved,,REF:CYCLE008_LIMITS,UNASSESSED,REF:PRIVATE_PRIORITY,,,
BA:momotalk:10131:thread:101310190,momotalk,MANDATORY_COMPLETE_REVIEW,02_CANONICAL_STORIES/MOMOTALK/CH0229/THREAD_101310190.md,a184edf7f3b0674e473ada16ae7bff1ed42e02f4f48d93c34f88da691c36f931,ADMITTED,series/blue-archive/02 Sequential Readings/BOND/BLUE_ARCHIVE_TAKANE_YAKUMO_PHASE2_PRIVATE_CONTEXTUAL_ACCOUNT_20261008.md,REF:CYCLE008_ACCEPTED,REF:CYCLE008_SCOPE,unresolved,,REF:CYCLE008_LIMITS,UNASSESSED,REF:PRIVATE_PRIORITY,,,
BA:momotalk:10131:thread:101310280,momotalk,MANDATORY_COMPLETE_REVIEW,02_CANONICAL_STORIES/MOMOTALK/CH0229/THREAD_101310280.md,a282819573d7c92f25b79251a403b09fe1eab6f878fe15660f4515b09ae24e3c,ADMITTED,series/blue-archive/02 Sequential Readings/BOND/BLUE_ARCHIVE_TAKANE_YAKUMO_PHASE2_PRIVATE_CONTEXTUAL_ACCOUNT_20261008.md,REF:CYCLE008_ACCEPTED,REF:CYCLE008_SCOPE,unresolved,,REF:CYCLE008_LIMITS,UNASSESSED,REF:PRIVATE_PRIORITY,,,
BA:momotalk:10132:thread:101320010,momotalk,MANDATORY_COMPLETE_REVIEW,02_CANONICAL_STORIES/MOMOTALK/CH0114/THREAD_101320010.md,77f9bd8cd830014d9d6f83959431232b516e7f3934e18d44d25d0a0fadb9c0b1,ADMITTED,series/blue-archive/02 Sequential Readings/BOND/BLUE_ARCHIVE_NINJA_MICHIRU_IZUNA_TSUKUYO_PHASE2_PRIVATE_CONTEXTUAL_ACCOUNT_20261008.md,REF:CYCLE008_ACCEPTED,REF:CYCLE008_SCOPE,unresolved,,REF:CYCLE008_LIMITS,UNASSESSED,REF:PRIVATE_PRIORITY,,,
BA:momotalk:10132:thread:101320080,momotalk,MANDATORY_COMPLETE_REVIEW,02_CANONICAL_STORIES/MOMOTALK/CH0114/THREAD_101320080.md,e619345030f7c20383309fabba67bc220be383590d89a51d06b397c4b1fddea3,ADMITTED,series/blue-archive/02 Sequential Readings/BOND/BLUE_ARCHIVE_NINJA_MICHIRU_IZUNA_TSUKUYO_PHASE2_PRIVATE_CONTEXTUAL_ACCOUNT_20261008.md,REF:ORIGINAL_ADMISSION_RECORD_0020,REF:ORIGINAL_ADMITTED_CLAIM_SCOPE_0027,LOCAL_RELATIVE_ONLY,Preface/scene/afterword relations only; no Rei encounter chronology.,REF:ORIGINAL_ATTRIBUTION_LIMITS_0028,HIGH,REF:ORIGINAL_PRIORITY_REASON_0029,,,
BA:momotalk:10132:thread:101320180,momotalk,MANDATORY_COMPLETE_REVIEW,02_CANONICAL_STORIES/MOMOTALK/CH0114/THREAD_101320180.md,3592173f38b32404142624b39d3663a1966b677b463c80da3fd8e980dbb7f786,ADMITTED,series/blue-archive/02 Sequential Readings/BOND/BLUE_ARCHIVE_NINJA_MICHIRU_IZUNA_TSUKUYO_PHASE2_PRIVATE_CONTEXTUAL_ACCOUNT_20261008.md,REF:CYCLE008_ACCEPTED,REF:CYCLE008_SCOPE,unresolved,,REF:CYCLE008_LIMITS,UNASSESSED,REF:PRIVATE_PRIORITY,,,
BA:momotalk:10132:thread:101320230,momotalk,MANDATORY_COMPLETE_REVIEW,02_CANONICAL_STORIES/MOMOTALK/CH0114/THREAD_101320230.md,b52ef8e62bccc479f68dbdc0f343b09eef6b9aee4725e245967bdc9e99a3a4e9,ADMITTED,series/blue-archive/02 Sequential Readings/BOND/BLUE_ARCHIVE_NINJA_MICHIRU_IZUNA_TSUKUYO_PHASE2_PRIVATE_CONTEXTUAL_ACCOUNT_20261008.md,REF:CYCLE008_ACCEPTED,REF:CYCLE008_SCOPE,unresolved,,REF:CYCLE008_LIMITS,UNASSESSED,REF:PRIVATE_PRIORITY,,,
BA:momotalk:10133:thread:101330010,momotalk,MANDATORY_COMPLETE_REVIEW,02_CANONICAL_STORIES/MOMOTALK/CH0158/THREAD_101330010.md,212412c40aed6f3827c23d7838e2cec84e171d7ad240a7fb9767e6c32e679490,ADMITTED,series/blue-archive/02 Sequential Readings/BOND/BLUE_ARCHIVE_RIO_PHASE2_PRIVATE_CONTEXTUAL_ACCOUNT_20261008.md,REF:CYCLE008_ACCEPTED,REF:CYCLE008_SCOPE,unresolved,,REF:CYCLE008_LIMITS,UNASSESSED,REF:PRIVATE_PRIORITY,,,
BA:momotalk:10133:thread:101330190,momotalk,MANDATORY_COMPLETE_REVIEW,02_CANONICAL_STORIES/MOMOTALK/CH0158/THREAD_101330190.md,9ed014b128d462ebae21f368878cb1d0ff15e95a966cd22663b33a471e71278b,ADMITTED,series/blue-archive/02 Sequential Readings/BOND/BLUE_ARCHIVE_RIO_PHASE2_PRIVATE_CONTEXTUAL_ACCOUNT_20261008.md,REF:CYCLE008_ACCEPTED,REF:CYCLE008_SCOPE,unresolved,,REF:CYCLE008_LIMITS,UNASSESSED,REF:PRIVATE_PRIORITY,,,
BA:momotalk:10133:thread:101330450,momotalk,MANDATORY_COMPLETE_REVIEW,02_CANONICAL_STORIES/MOMOTALK/CH0158/THREAD_101330450.md,c38f27273e6b7e9a6e59fc3e681b9a99f4097f30c02d02063a4a2c39cc32bd41,ADMITTED,series/blue-archive/02 Sequential Readings/BOND/BLUE_ARCHIVE_RIO_PHASE2_PRIVATE_CONTEXTUAL_ACCOUNT_20261008.md,REF:CYCLE008_ACCEPTED,REF:CYCLE008_SCOPE,unresolved,,REF:CYCLE008_LIMITS,UNASSESSED,REF:PRIVATE_PRIORITY,,,
BA:momotalk:10133:thread:101330520,momotalk,MANDATORY_COMPLETE_REVIEW,02_CANONICAL_STORIES/MOMOTALK/CH0158/THREAD_101330520.md,8cf68ad23260bfef5eea3abd9ab78ad9f8860cb3505e9832773555231871a469,ADMITTED,series/blue-archive/02 Sequential Readings/BOND/BLUE_ARCHIVE_RIO_PHASE2_PRIVATE_CONTEXTUAL_ACCOUNT_20261008.md,REF:CYCLE008_ACCEPTED,REF:CYCLE008_SCOPE,unresolved,,REF:CYCLE008_LIMITS,UNASSESSED,REF:PRIVATE_PRIORITY,,,
BA:momotalk:10134:thread:101340010,momotalk,MANDATORY_COMPLETE_REVIEW,02_CANONICAL_STORIES/MOMOTALK/ARIS/THREAD_101340010.md,9570fbb62b3d0eef37aef004edb02ad9c6bf00d8c4568ac21c9dc153a350efeb,ADMITTED,series/blue-archive/02 Sequential Readings/BOND/BLUE_ARCHIVE_ALICE_PHASE2_PRIVATE_CONTEXTUAL_ACCOUNT_20261008.md,REF:CYCLE008_ACCEPTED,REF:CYCLE008_SCOPE,unresolved,,REF:CYCLE008_LIMITS,UNASSESSED,REF:PRIVATE_PRIORITY,,,
BA:momotalk:10134:thread:101340110,momotalk,MANDATORY_COMPLETE_REVIEW,02_CANONICAL_STORIES/MOMOTALK/ARIS/THREAD_101340110.md,23dd2eba7e83d9c2783b31949a44b1bd768b6e971bde9b4bbcf5813412014fb8,ADMITTED,series/blue-archive/02 Sequential Readings/BOND/BLUE_ARCHIVE_ALICE_PHASE2_PRIVATE_CONTEXTUAL_ACCOUNT_20261008.md,REF:CYCLE008_ACCEPTED,REF:CYCLE008_SCOPE,unresolved,,REF:CYCLE008_LIMITS,UNASSESSED,REF:PRIVATE_PRIORITY,,,
BA:momotalk:10134:thread:101340220,momotalk,MANDATORY_COMPLETE_REVIEW,02_CANONICAL_STORIES/MOMOTALK/ARIS/THREAD_101340220.md,03925e0d1e49b07014d9c9ca29cd789d8b90b4f007af446e16d63de4b3891a6f,ADMITTED,series/blue-archive/02 Sequential Readings/BOND/BLUE_ARCHIVE_ALICE_PHASE2_PRIVATE_CONTEXTUAL_ACCOUNT_20261008.md,REF:CYCLE008_ACCEPTED,REF:CYCLE008_SCOPE,unresolved,,REF:CYCLE008_LIMITS,UNASSESSED,REF:PRIVATE_PRIORITY,,,
BA:momotalk:10134:thread:101340270,momotalk,MANDATORY_COMPLETE_REVIEW,02_CANONICAL_STORIES/MOMOTALK/ARIS/THREAD_101340270.md,9cc3c1ccff68c0fc931d7abe06684fb5c0d64994ca9882962d2c8fd3a048a661,ADMITTED,series/blue-archive/02 Sequential Readings/BOND/BLUE_ARCHIVE_ALICE_PHASE2_PRIVATE_CONTEXTUAL_ACCOUNT_20261008.md,REF:CYCLE008_ACCEPTED,REF:CYCLE008_SCOPE,unresolved,,REF:CYCLE008_LIMITS,UNASSESSED,REF:PRIVATE_PRIORITY,,,
BA:momotalk:10134:thread:101340320,momotalk,MANDATORY_COMPLETE_REVIEW,02_CANONICAL_STORIES/MOMOTALK/ARIS/THREAD_101340320.md,69279d444f9e4de5a0d5a82cc3cd26263c104304eda02fc7ee4f6f794b3bda0e,ADMITTED,series/blue-archive/02 Sequential Readings/BOND/BLUE_ARCHIVE_ALICE_PHASE2_PRIVATE_CONTEXTUAL_ACCOUNT_20261008.md,REF:CYCLE008_ACCEPTED,REF:CYCLE008_SCOPE,unresolved,,REF:CYCLE008_LIMITS,UNASSESSED,REF:PRIVATE_PRIORITY,,,
BA:momotalk:10135:thread:101350010,momotalk,MANDATORY_COMPLETE_REVIEW,02_CANONICAL_STORIES/MOMOTALK/CH0335/THREAD_101350010.md,269fd3f0b0a99508591c0fe2266d361c5e13fad967f092f505f699aa5bfdbe3d,ADMITTED,series/blue-archive/02 Sequential Readings/BOND/BLUE_ARCHIVE_KEI_PHASE2_PRIVATE_AND_SPECIAL_IDENTITY_CONTEXTUAL_ACCOUNT_20261008.md,REF:CYCLE008_ACCEPTED,REF:CYCLE008_SCOPE,unresolved,,REF:CYCLE008_LIMITS;REF:KEI_IDENTITY_LIMITS,UNASSESSED,REF:PRIVATE_PRIORITY,,,
BA:momotalk:10135:thread:101350070,momotalk,MANDATORY_COMPLETE_REVIEW,02_CANONICAL_STORIES/MOMOTALK/CH0335/THREAD_101350070.md,ba07a256c468e365fd90bde68737f4edadbde92e25c46393ef527ca1b128d386,ADMITTED,series/blue-archive/02 Sequential Readings/BOND/BLUE_ARCHIVE_KEI_PHASE2_PRIVATE_AND_SPECIAL_IDENTITY_CONTEXTUAL_ACCOUNT_20261008.md,REF:CYCLE008_ACCEPTED,REF:CYCLE008_SCOPE,unresolved,,REF:CYCLE008_LIMITS;REF:KEI_IDENTITY_LIMITS,UNASSESSED,REF:PRIVATE_PRIORITY,,,
BA:momotalk:10135:thread:101350220,momotalk,MANDATORY_COMPLETE_REVIEW,02_CANONICAL_STORIES/MOMOTALK/CH0335/THREAD_101350220.md,0a249648d24524c75c0590e2556e76525715fd93bb8f8c97d83b36535214c885,ADMITTED,series/blue-archive/02 Sequential Readings/BOND/BLUE_ARCHIVE_KEI_PHASE2_PRIVATE_AND_SPECIAL_IDENTITY_CONTEXTUAL_ACCOUNT_20261008.md,REF:CYCLE008_ACCEPTED,REF:CYCLE008_SCOPE,unresolved,,REF:CYCLE008_LIMITS;REF:KEI_IDENTITY_LIMITS,UNASSESSED,REF:PRIVATE_PRIORITY,,,
BA:momotalk:10135:thread:101350260,momotalk,MANDATORY_COMPLETE_REVIEW,02_CANONICAL_STORIES/MOMOTALK/CH0335/THREAD_101350260.md,2e70b9af03fb984ec02b4c5d5a848f3efda3d82d21dfb23dc069e784bf89459b,ADMITTED,series/blue-archive/02 Sequential Readings/BOND/BLUE_ARCHIVE_KEI_PHASE2_PRIVATE_AND_SPECIAL_IDENTITY_CONTEXTUAL_ACCOUNT_20261008.md,REF:CYCLE008_ACCEPTED,REF:CYCLE008_SCOPE,unresolved,,REF:CYCLE008_LIMITS;REF:KEI_IDENTITY_LIMITS,UNASSESSED,REF:PRIVATE_PRIORITY,,,
BA:momotalk:10135:thread:101350370,momotalk,MANDATORY_COMPLETE_REVIEW,02_CANONICAL_STORIES/MOMOTALK/CH0335/THREAD_101350370.md,f490cb41cba45cedfc4f5bbc922e9bd3b962f93eed8f3e02e2fadb4fa93a9264,ADMITTED,series/blue-archive/02 Sequential Readings/BOND/BLUE_ARCHIVE_KEI_PHASE2_PRIVATE_AND_SPECIAL_IDENTITY_CONTEXTUAL_ACCOUNT_20261008.md,REF:CYCLE008_ACCEPTED,REF:CYCLE008_SCOPE,unresolved,,REF:CYCLE008_LIMITS;REF:KEI_IDENTITY_LIMITS,UNASSESSED,REF:PRIVATE_PRIORITY,,,
BA:momotalk:10135:thread:101350420,momotalk,MANDATORY_COMPLETE_REVIEW,02_CANONICAL_STORIES/MOMOTALK/CH0335/THREAD_101350420.md,ff0fd85b9843fd24f2a088b17be0d92f563dfb2e25030b11589da8afde02b280,ADMITTED,series/blue-archive/02 Sequential Readings/BOND/BLUE_ARCHIVE_KEI_PHASE2_PRIVATE_AND_SPECIAL_IDENTITY_CONTEXTUAL_ACCOUNT_20261008.md,REF:CYCLE008_ACCEPTED,REF:CYCLE008_SCOPE,unresolved,,REF:CYCLE008_LIMITS;REF:KEI_IDENTITY_LIMITS,UNASSESSED,REF:PRIVATE_PRIORITY,,,
BA:momotalk:10136:thread:101360010,momotalk,MANDATORY_COMPLETE_REVIEW,02_CANONICAL_STORIES/MOMOTALK/CH0337/THREAD_101360010.md,3dfee02170166f56e44b7be4809610dda87f6d8c67ff6aaad9a72fad2c941643,ADMITTED,series/blue-archive/02 Sequential Readings/BOND/BLUE_ARCHIVE_EIMI_PHASE2_PRIVATE_CONTEXTUAL_ACCOUNT_20261008.md,REF:CYCLE008_ACCEPTED,REF:CYCLE008_SCOPE,unresolved,,REF:CYCLE008_LIMITS,UNASSESSED,REF:PRIVATE_PRIORITY,,,
BA:momotalk:10136:thread:101360070,momotalk,MANDATORY_COMPLETE_REVIEW,02_CANONICAL_STORIES/MOMOTALK/CH0337/THREAD_101360070.md,1b41911696c021754b2373b3a47d663838225d4f7520bcd9e23762a7ba3ff117,ADMITTED,series/blue-archive/02 Sequential Readings/BOND/BLUE_ARCHIVE_EIMI_PHASE2_PRIVATE_CONTEXTUAL_ACCOUNT_20261008.md,REF:CYCLE008_ACCEPTED,REF:CYCLE008_SCOPE,unresolved,,REF:CYCLE008_LIMITS,UNASSESSED,REF:PRIVATE_PRIORITY,,,
BA:momotalk:10136:thread:101360130,momotalk,MANDATORY_COMPLETE_REVIEW,02_CANONICAL_STORIES/MOMOTALK/CH0337/THREAD_101360130.md,74003db90d1d6454020afd2e069d714d91649a18f673ea41cbef0d8e9a8fe6ca,ADMITTED,series/blue-archive/02 Sequential Readings/BOND/BLUE_ARCHIVE_EIMI_PHASE2_PRIVATE_CONTEXTUAL_ACCOUNT_20261008.md,REF:CYCLE008_ACCEPTED,REF:CYCLE008_SCOPE,unresolved,,REF:CYCLE008_LIMITS,UNASSESSED,REF:PRIVATE_PRIORITY,,,
BA:momotalk:10136:thread:101360160,momotalk,MANDATORY_COMPLETE_REVIEW,02_CANONICAL_STORIES/MOMOTALK/CH0337/THREAD_101360160.md,cc87255974ed5505a1bd3759aa899983efc4377bcbe24f7fbc4b8f583040dc59,ADMITTED,series/blue-archive/02 Sequential Readings/BOND/BLUE_ARCHIVE_EIMI_PHASE2_PRIVATE_CONTEXTUAL_ACCOUNT_20261008.md,REF:CYCLE008_ACCEPTED,REF:CYCLE008_SCOPE,unresolved,,REF:CYCLE008_LIMITS,UNASSESSED,REF:PRIVATE_PRIORITY,,,
BA:momotalk:10137:thread:101370010,momotalk,MANDATORY_COMPLETE_REVIEW,02_CANONICAL_STORIES/MOMOTALK/CH0264/THREAD_101370010.md,6726b1cbb346bb1172075e431335ccc698ad9d5a6c59448fba50b49a7dee7623,ADMITTED,series/blue-archive/02 Sequential Readings/BOND/BLUE_ARCHIVE_KONOKA_RENA_PHASE2_PRIVATE_WRITTEN_CONTEXTUAL_ACCOUNT_20261008.md,REF:CYCLE008_ACCEPTED,REF:CYCLE008_SCOPE,unresolved,,REF:CYCLE008_LIMITS,UNASSESSED,REF:PRIVATE_PRIORITY,,,
BA:momotalk:10137:thread:101370200,momotalk,MANDATORY_COMPLETE_REVIEW,02_CANONICAL_STORIES/MOMOTALK/CH0264/THREAD_101370200.md,2b1977de62cd62f3f389b7c7021f2edecdad5acf35d1254693e2b7316703a1a9,ADMITTED,series/blue-archive/02 Sequential Readings/BOND/BLUE_ARCHIVE_KONOKA_RENA_PHASE2_PRIVATE_WRITTEN_CONTEXTUAL_ACCOUNT_20261008.md,REF:CYCLE008_ACCEPTED,REF:CYCLE008_SCOPE,unresolved,,REF:CYCLE008_LIMITS,UNASSESSED,REF:PRIVATE_PRIORITY,,,
BA:momotalk:10137:thread:101370300,momotalk,MANDATORY_COMPLETE_REVIEW,02_CANONICAL_STORIES/MOMOTALK/CH0264/THREAD_101370300.md,7a2fc38dca0242ea47b480944caebfe7953f5e5aab0a05d232d1d5770ae920b0,ADMITTED,series/blue-archive/02 Sequential Readings/BOND/BLUE_ARCHIVE_KONOKA_RENA_PHASE2_PRIVATE_WRITTEN_CONTEXTUAL_ACCOUNT_20261008.md,REF:CYCLE008_ACCEPTED,REF:CYCLE008_SCOPE,unresolved,,REF:CYCLE008_LIMITS,UNASSESSED,REF:PRIVATE_PRIORITY,,,
BA:momotalk:10137:thread:101370320,momotalk,MANDATORY_COMPLETE_REVIEW,02_CANONICAL_STORIES/MOMOTALK/CH0264/THREAD_101370320.md,9c8735f98466a29e9f3bb5f5791905ec9891ea0cfcc57c985e83af44505b76a8,ADMITTED,series/blue-archive/02 Sequential Readings/BOND/BLUE_ARCHIVE_KONOKA_RENA_PHASE2_PRIVATE_WRITTEN_CONTEXTUAL_ACCOUNT_20261008.md,REF:CYCLE008_ACCEPTED,REF:CYCLE008_SCOPE,unresolved,,REF:CYCLE008_LIMITS,UNASSESSED,REF:PRIVATE_PRIORITY,,,
BA:momotalk:10137:thread:101370350,momotalk,MANDATORY_COMPLETE_REVIEW,02_CANONICAL_STORIES/MOMOTALK/CH0264/THREAD_101370350.md,e82de0d0e709e98c1a2c41563f9e3275a72234fd7ccdf6448085269289ab1768,ADMITTED,series/blue-archive/02 Sequential Readings/BOND/BLUE_ARCHIVE_KONOKA_RENA_PHASE2_PRIVATE_WRITTEN_CONTEXTUAL_ACCOUNT_20261008.md,REF:CYCLE008_ACCEPTED,REF:CYCLE008_SCOPE,unresolved,,REF:CYCLE008_LIMITS,UNASSESSED,REF:PRIVATE_PRIORITY,,,
BA:momotalk:10138:thread:101380010,momotalk,MANDATORY_COMPLETE_REVIEW,02_CANONICAL_STORIES/MOMOTALK/CH0305/THREAD_101380010.md,e1945cf81177d0ea59146c00cbd02e4636a52468a5d9a98a0b641a85ebce399e,ADMITTED,series/blue-archive/02 Sequential Readings/BOND/BLUE_ARCHIVE_KONOKA_RENA_PHASE2_PRIVATE_WRITTEN_CONTEXTUAL_ACCOUNT_20261008.md,REF:CYCLE008_ACCEPTED,REF:CYCLE008_SCOPE,unresolved,,REF:CYCLE008_LIMITS,UNASSESSED,REF:PRIVATE_PRIORITY,,,
BA:momotalk:10138:thread:101380150,momotalk,MANDATORY_COMPLETE_REVIEW,02_CANONICAL_STORIES/MOMOTALK/CH0305/THREAD_101380150.md,1c5d274526eb7f8aac525e90ffd5f3d73b4e06debfd60336a36b9c7401b1bf5f,ADMITTED,series/blue-archive/02 Sequential Readings/BOND/BLUE_ARCHIVE_KONOKA_RENA_PHASE2_PRIVATE_WRITTEN_CONTEXTUAL_ACCOUNT_20261008.md,REF:CYCLE008_ACCEPTED,REF:CYCLE008_SCOPE,unresolved,,REF:CYCLE008_LIMITS,UNASSESSED,REF:PRIVATE_PRIORITY,,,
BA:momotalk:10138:thread:101380320,momotalk,MANDATORY_COMPLETE_REVIEW,02_CANONICAL_STORIES/MOMOTALK/CH0305/THREAD_101380320.md,f5561dbebca4f31db2d33b6d62cc4d6f5a4fc7193317edbad21d7afb30a29b2f,ADMITTED,series/blue-archive/02 Sequential Readings/BOND/BLUE_ARCHIVE_KONOKA_RENA_PHASE2_PRIVATE_WRITTEN_CONTEXTUAL_ACCOUNT_20261008.md,REF:CYCLE008_ACCEPTED,REF:CYCLE008_SCOPE,unresolved,,REF:CYCLE008_LIMITS,UNASSESSED,REF:PRIVATE_PRIORITY,,,
BA:momotalk:10138:thread:101380510,momotalk,MANDATORY_COMPLETE_REVIEW,02_CANONICAL_STORIES/MOMOTALK/CH0305/THREAD_101380510.md,32beabf0caf2f45c30a34c02e791e27ff8bee30d195e8f0175da3dc8d9205cef,ADMITTED,series/blue-archive/02 Sequential Readings/BOND/BLUE_ARCHIVE_KONOKA_RENA_PHASE2_PRIVATE_WRITTEN_CONTEXTUAL_ACCOUNT_20261008.md,REF:CYCLE008_ACCEPTED,REF:CYCLE008_SCOPE,unresolved,,REF:CYCLE008_LIMITS,UNASSESSED,REF:PRIVATE_PRIORITY,,,
BA:momotalk:10139:thread:101390010,momotalk,MANDATORY_COMPLETE_REVIEW,02_CANONICAL_STORIES/MOMOTALK/CH0172/THREAD_101390010.md,02dcf939b2f282fcacd534a3d204af39a1bc7dbd35f57918951dfb66e5249781,ADMITTED,series/blue-archive/02 Sequential Readings/BOND/NIKO/BLUE_ARCHIVE_NIKO_PHASE2_PRIVATE_CONTEXTUAL_ACCOUNT_20261008.md,REF:CYCLE008_ACCEPTED,REF:CYCLE008_SCOPE,unresolved,,REF:CYCLE008_LIMITS,UNASSESSED,REF:PRIVATE_PRIORITY,,,
BA:momotalk:10139:thread:101390150,momotalk,MANDATORY_COMPLETE_REVIEW,02_CANONICAL_STORIES/MOMOTALK/CH0172/THREAD_101390150.md,24ac5cc7fbccf474949af16c5b1e4ea89b9b2cfd2b3a423d60181ffa6d518e94,ADMITTED,series/blue-archive/02 Sequential Readings/BOND/NIKO/BLUE_ARCHIVE_NIKO_PHASE2_PRIVATE_CONTEXTUAL_ACCOUNT_20261008.md,REF:CYCLE008_ACCEPTED,REF:CYCLE008_SCOPE,unresolved,,REF:CYCLE008_LIMITS,UNASSESSED,REF:PRIVATE_PRIORITY,,,
BA:momotalk:10139:thread:101390230,momotalk,MANDATORY_COMPLETE_REVIEW,02_CANONICAL_STORIES/MOMOTALK/CH0172/THREAD_101390230.md,5bbc44f2cebc881afec0c3654156010881edebee07662e628991615360158928,ADMITTED,series/blue-archive/02 Sequential Readings/BOND/NIKO/BLUE_ARCHIVE_NIKO_PHASE2_PRIVATE_CONTEXTUAL_ACCOUNT_20261008.md,REF:CYCLE008_ACCEPTED,REF:CYCLE008_SCOPE,unresolved,,REF:CYCLE008_LIMITS,UNASSESSED,REF:PRIVATE_PRIORITY,,,
BA:momotalk:10139:thread:101390340,momotalk,MANDATORY_COMPLETE_REVIEW,02_CANONICAL_STORIES/MOMOTALK/CH0172/THREAD_101390340.md,144343f2295f821631b1a323e1122bd5424f4c47c5f87052897eed3085f3517d,ADMITTED,series/blue-archive/02 Sequential Readings/BOND/NIKO/BLUE_ARCHIVE_NIKO_PHASE2_PRIVATE_CONTEXTUAL_ACCOUNT_20261008.md,REF:CYCLE008_ACCEPTED,REF:CYCLE008_SCOPE,unresolved,,REF:CYCLE008_LIMITS,UNASSESSED,REF:PRIVATE_PRIORITY,,,
BA:momotalk:10139:thread:101390430,momotalk,MANDATORY_COMPLETE_REVIEW,02_CANONICAL_STORIES/MOMOTALK/CH0172/THREAD_101390430.md,12eea6475d1336c095783b32a783d5c446fc095084d805bd2f2e518f70aebb30,ADMITTED,series/blue-archive/02 Sequential Readings/BOND/NIKO/BLUE_ARCHIVE_NIKO_PHASE2_PRIVATE_CONTEXTUAL_ACCOUNT_20261008.md,REF:CYCLE008_ACCEPTED,REF:CYCLE008_SCOPE,unresolved,,REF:CYCLE008_LIMITS,UNASSESSED,REF:PRIVATE_PRIORITY,,,
BA:momotalk:10140:thread:101400010,momotalk,MANDATORY_COMPLETE_REVIEW,02_CANONICAL_STORIES/MOMOTALK/CH0173/THREAD_101400010.md,c55ba9f82b8a3b0822bef04c11d3e1fc3dd91f65df710fa79b561ea24db1b3c0,ADMITTED,series/blue-archive/02 Sequential Readings/BOND/KURUMI/BLUE_ARCHIVE_KURUMI_PHASE2_PRIVATE_CONTEXTUAL_ACCOUNT_20261008.md,REF:CYCLE008_ACCEPTED,REF:CYCLE008_SCOPE,unresolved,,REF:CYCLE008_LIMITS,UNASSESSED,REF:PRIVATE_PRIORITY,,,
BA:momotalk:10140:thread:101400160,momotalk,MANDATORY_COMPLETE_REVIEW,02_CANONICAL_STORIES/MOMOTALK/CH0173/THREAD_101400160.md,a0e156faebf9813649510ea791668b707ef21af78a27a2255dddf771ad112c94,ADMITTED,series/blue-archive/02 Sequential Readings/BOND/KURUMI/BLUE_ARCHIVE_KURUMI_PHASE2_PRIVATE_CONTEXTUAL_ACCOUNT_20261008.md,REF:CYCLE008_ACCEPTED,REF:CYCLE008_SCOPE,unresolved,,REF:CYCLE008_LIMITS,UNASSESSED,REF:PRIVATE_PRIORITY,,,
BA:momotalk:10140:thread:101400300,momotalk,MANDATORY_COMPLETE_REVIEW,02_CANONICAL_STORIES/MOMOTALK/CH0173/THREAD_101400300.md,ef24b48af64492fbe4576de1c61dfac9761af5963c568400941d1ed71370d716,ADMITTED,series/blue-archive/02 Sequential Readings/BOND/KURUMI/BLUE_ARCHIVE_KURUMI_PHASE2_PRIVATE_CONTEXTUAL_ACCOUNT_20261008.md,REF:CYCLE008_ACCEPTED,REF:CYCLE008_SCOPE,unresolved,,REF:CYCLE008_LIMITS,UNASSESSED,REF:PRIVATE_PRIORITY,,,
BA:momotalk:10140:thread:101400420,momotalk,MANDATORY_COMPLETE_REVIEW,02_CANONICAL_STORIES/MOMOTALK/CH0173/THREAD_101400420.md,608b4e6dbae794ed4d13c78ab16d263ce60e1ee870d25b98cc1f3b3e55b6abeb,ADMITTED,series/blue-archive/02 Sequential Readings/BOND/KURUMI/BLUE_ARCHIVE_KURUMI_PHASE2_PRIVATE_CONTEXTUAL_ACCOUNT_20261008.md,REF:CYCLE008_ACCEPTED,REF:CYCLE008_SCOPE,unresolved,,REF:CYCLE008_LIMITS,UNASSESSED,REF:PRIVATE_PRIORITY,,,
BA:momotalk:10140:thread:101400530,momotalk,MANDATORY_COMPLETE_REVIEW,02_CANONICAL_STORIES/MOMOTALK/CH0173/THREAD_101400530.md,bad2e3b37413554b1cba072b6ba3142b556da1bd1e993ec81798c0ccd4a4e245,ADMITTED,series/blue-archive/02 Sequential Readings/BOND/KURUMI/BLUE_ARCHIVE_KURUMI_PHASE2_PRIVATE_CONTEXTUAL_ACCOUNT_20261008.md,REF:CYCLE008_ACCEPTED,REF:CYCLE008_SCOPE,unresolved,,REF:CYCLE008_LIMITS,UNASSESSED,REF:PRIVATE_PRIORITY,,,
BA:momotalk:10141:thread:101410010,momotalk,MANDATORY_COMPLETE_REVIEW,02_CANONICAL_STORIES/MOMOTALK/HARUKA/THREAD_101410010.md,1d0a962f19102812ea27310434b990603e1ca724d3ffe3735c4bf18f3e8a64c0,ADMITTED,series/blue-archive/02 Sequential Readings/BOND/HARUKA/BLUE_ARCHIVE_HARUKA_PRIVATE_CONTEXTUALIZATION_CHECKPOINT.md,REF:CYCLE008_ACCEPTED,REF:CYCLE008_SCOPE,unresolved,,REF:CYCLE008_LIMITS,UNASSESSED,REF:PRIVATE_PRIORITY,,,
BA:momotalk:10141:thread:101410140,momotalk,MANDATORY_COMPLETE_REVIEW,02_CANONICAL_STORIES/MOMOTALK/HARUKA/THREAD_101410140.md,5bf863743cd1672eef24a1fb41ee7380ba38fffd3f8e2e15fcfee1269782abcd,ADMITTED,series/blue-archive/02 Sequential Readings/BOND/HARUKA/BLUE_ARCHIVE_HARUKA_PRIVATE_CONTEXTUALIZATION_CHECKPOINT.md,REF:CYCLE008_ACCEPTED,REF:CYCLE008_SCOPE,unresolved,,REF:CYCLE008_LIMITS,UNASSESSED,REF:PRIVATE_PRIORITY,,,
BA:momotalk:10141:thread:101410220,momotalk,MANDATORY_COMPLETE_REVIEW,02_CANONICAL_STORIES/MOMOTALK/HARUKA/THREAD_101410220.md,22a66bd07f14008713cae1b9bec5943409b7608958e437f707b066a2c0851276,ADMITTED,series/blue-archive/02 Sequential Readings/BOND/HARUKA/BLUE_ARCHIVE_HARUKA_PRIVATE_CONTEXTUALIZATION_CHECKPOINT.md,REF:CYCLE008_ACCEPTED,REF:CYCLE008_SCOPE,unresolved,,REF:CYCLE008_LIMITS,UNASSESSED,REF:PRIVATE_PRIORITY,,,
BA:momotalk:10141:thread:101410290,momotalk,MANDATORY_COMPLETE_REVIEW,02_CANONICAL_STORIES/MOMOTALK/HARUKA/THREAD_101410290.md,dc437523ab71721887176902369fbf07f7ca1262592a7c247a26ea87ff1f5285,ADMITTED,series/blue-archive/02 Sequential Readings/BOND/HARUKA/BLUE_ARCHIVE_HARUKA_PRIVATE_CONTEXTUALIZATION_CHECKPOINT.md,REF:CYCLE008_ACCEPTED,REF:CYCLE008_SCOPE,unresolved,,REF:CYCLE008_LIMITS,UNASSESSED,REF:PRIVATE_PRIORITY,,,
BA:momotalk:10142:thread:101420010,momotalk,MANDATORY_COMPLETE_REVIEW,02_CANONICAL_STORIES/MOMOTALK/CH0222/THREAD_101420010.md,e233333c3cc723599f4ffbe135f7ca854dcb59b09633662cbce6d9b0979f0a16,ADMITTED,series/blue-archive/02 Sequential Readings/BOND/BLUE_ARCHIVE_HYAKKA_YUKARI_NAGUSA_KIKYOU_RENGE_PHASE2_PRIVATE_CONTEXTUAL_ACCOUNT_20261008.md,REF:CYCLE008_ACCEPTED,REF:CYCLE008_SCOPE,unresolved,,REF:CYCLE008_LIMITS,UNASSESSED,REF:PRIVATE_PRIORITY,,,
BA:momotalk:10142:thread:101420180,momotalk,MANDATORY_COMPLETE_REVIEW,02_CANONICAL_STORIES/MOMOTALK/CH0222/THREAD_101420180.md,5eef34d43f3ca3051630623e6528c4e505cc9e7d85be2cb9ba41343e520a843f,ADMITTED,series/blue-archive/02 Sequential Readings/BOND/BLUE_ARCHIVE_HYAKKA_YUKARI_NAGUSA_KIKYOU_RENGE_PHASE2_PRIVATE_CONTEXTUAL_ACCOUNT_20261008.md,REF:CYCLE008_ACCEPTED,REF:CYCLE008_SCOPE,unresolved,,REF:CYCLE008_LIMITS,UNASSESSED,REF:PRIVATE_PRIORITY,,,
BA:momotalk:10142:thread:101420250,momotalk,MANDATORY_COMPLETE_REVIEW,02_CANONICAL_STORIES/MOMOTALK/CH0222/THREAD_101420250.md,3663d76db616afc27b36dcabc4eb3166dc25ada6cdffad3d0b47c56498449a30,ADMITTED,series/blue-archive/02 Sequential Readings/BOND/BLUE_ARCHIVE_HYAKKA_YUKARI_NAGUSA_KIKYOU_RENGE_PHASE2_PRIVATE_CONTEXTUAL_ACCOUNT_20261008.md,REF:CYCLE008_ACCEPTED,REF:CYCLE008_SCOPE,unresolved,,REF:CYCLE008_LIMITS,UNASSESSED,REF:PRIVATE_PRIORITY,,,
BA:momotalk:10142:thread:101420410,momotalk,MANDATORY_COMPLETE_REVIEW,02_CANONICAL_STORIES/MOMOTALK/CH0222/THREAD_101420410.md,bc3f92048b629dbf024833030e11a54b6c2d4e9f41ae6ac8c41154f071c99234,ADMITTED,series/blue-archive/02 Sequential Readings/BOND/BLUE_ARCHIVE_HYAKKA_YUKARI_NAGUSA_KIKYOU_RENGE_PHASE2_PRIVATE_CONTEXTUAL_ACCOUNT_20261008.md,REF:CYCLE008_ACCEPTED,REF:CYCLE008_SCOPE,unresolved,,REF:CYCLE008_LIMITS,UNASSESSED,REF:PRIVATE_PRIORITY,,,
BA:momotalk:10143:thread:101430010,momotalk,MANDATORY_COMPLETE_REVIEW,02_CANONICAL_STORIES/MOMOTALK/SHUN/THREAD_101430010.md,2a1cac29d090d820aa63e4d0ca2aed615222957dc19c301780f425d454585b62,ADMITTED,series/blue-archive/02 Sequential Readings/BOND/BLUE_ARCHIVE_SHANHAIJING6_AND_SAYA_PHASE2_PRIVATE_CONTEXTUAL_ACCOUNT_20261008.md,REF:CYCLE008_ACCEPTED,REF:CYCLE008_SCOPE,unresolved,,REF:CYCLE008_LIMITS,UNASSESSED,REF:PRIVATE_PRIORITY,0,0,0
BA:momotalk:10143:thread:101430060,momotalk,MANDATORY_COMPLETE_REVIEW,02_CANONICAL_STORIES/MOMOTALK/SHUN/THREAD_101430060.md,4ad497e80c53a78c3fa2c00d16859e776d25731d2f3a452f9e3f990ebea3b53c,ADMITTED,series/blue-archive/02 Sequential Readings/BOND/BLUE_ARCHIVE_SHANHAIJING6_AND_SAYA_PHASE2_PRIVATE_CONTEXTUAL_ACCOUNT_20261008.md,REF:CYCLE008_ACCEPTED,REF:CYCLE008_SCOPE,unresolved,,REF:CYCLE008_LIMITS,UNASSESSED,REF:PRIVATE_PRIORITY,0,0,0
BA:momotalk:10143:thread:101430110,momotalk,MANDATORY_COMPLETE_REVIEW,02_CANONICAL_STORIES/MOMOTALK/SHUN/THREAD_101430110.md,e10ec5fa5f20c2b0c381bf2a7830f4ed0f9b2748788dee53f852dbaf6fc7e64f,ADMITTED,series/blue-archive/02 Sequential Readings/BOND/BLUE_ARCHIVE_SHANHAIJING6_AND_SAYA_PHASE2_PRIVATE_CONTEXTUAL_ACCOUNT_20261008.md,REF:CYCLE008_ACCEPTED,REF:CYCLE008_SCOPE,unresolved,,REF:CYCLE008_LIMITS,UNASSESSED,REF:PRIVATE_PRIORITY,0,0,0
BA:momotalk:10143:thread:101430230,momotalk,MANDATORY_COMPLETE_REVIEW,02_CANONICAL_STORIES/MOMOTALK/SHUN/THREAD_101430230.md,97384eb612944c1bdcbf3f6d17e0bdb2053993a58c291f371dfe81f6cc5a1009,ADMITTED,series/blue-archive/02 Sequential Readings/BOND/BLUE_ARCHIVE_SHANHAIJING6_AND_SAYA_PHASE2_PRIVATE_CONTEXTUAL_ACCOUNT_20261008.md,REF:CYCLE008_ACCEPTED,REF:CYCLE008_SCOPE,unresolved,,REF:CYCLE008_LIMITS,UNASSESSED,REF:PRIVATE_PRIORITY,0,0,0
BA:momotalk:10145:thread:101450010,momotalk,MANDATORY_COMPLETE_REVIEW,02_CANONICAL_STORIES/MOMOTALK/CH0139/THREAD_101450010.md,be3263594fe5cabea413c933f283d7dc5ac9011fa65081f497034f8328029234,ADMITTED,series/blue-archive/02 Sequential Readings/BOND/BLUE_ARCHIVE_SHANHAIJING6_AND_SAYA_PHASE2_PRIVATE_CONTEXTUAL_ACCOUNT_20261008.md,REF:CYCLE008_ACCEPTED,REF:CYCLE008_SCOPE,unresolved,,REF:CYCLE008_LIMITS,UNASSESSED,REF:PRIVATE_PRIORITY,0,0,0
BA:momotalk:10145:thread:101450080,momotalk,MANDATORY_COMPLETE_REVIEW,02_CANONICAL_STORIES/MOMOTALK/CH0139/THREAD_101450080.md,1c4a070b66de2625b553926ebe17b236b724cece7449d7757de2944bacec9a85,ADMITTED,series/blue-archive/02 Sequential Readings/BOND/BLUE_ARCHIVE_SHANHAIJING6_AND_SAYA_PHASE2_PRIVATE_CONTEXTUAL_ACCOUNT_20261008.md,REF:CYCLE008_ACCEPTED,REF:CYCLE008_SCOPE,unresolved,,REF:CYCLE008_LIMITS,UNASSESSED,REF:PRIVATE_PRIORITY,0,0,0
BA:momotalk:10145:thread:101450160,momotalk,MANDATORY_COMPLETE_REVIEW,02_CANONICAL_STORIES/MOMOTALK/CH0139/THREAD_101450160.md,7a980963dde92a89d34a25e4fec1ef540a389e5b16e2bfc30082716e6eb4d8c8,ADMITTED,series/blue-archive/02 Sequential Readings/BOND/BLUE_ARCHIVE_SHANHAIJING6_AND_SAYA_PHASE2_PRIVATE_CONTEXTUAL_ACCOUNT_20261008.md,REF:CYCLE008_ACCEPTED,REF:CYCLE008_SCOPE,unresolved,,REF:CYCLE008_LIMITS,UNASSESSED,REF:PRIVATE_PRIORITY,0,0,0
BA:momotalk:10145:thread:101450210,momotalk,MANDATORY_COMPLETE_REVIEW,02_CANONICAL_STORIES/MOMOTALK/CH0139/THREAD_101450210.md,e9fff5a8c9698b29f14e5152931dfe4128c360763c352fa066cbb6779bf994fa,ADMITTED,series/blue-archive/02 Sequential Readings/BOND/BLUE_ARCHIVE_SHANHAIJING6_AND_SAYA_PHASE2_PRIVATE_CONTEXTUAL_ACCOUNT_20261008.md,REF:CYCLE008_ACCEPTED,REF:CYCLE008_SCOPE,unresolved,,REF:CYCLE008_LIMITS,UNASSESSED,REF:PRIVATE_PRIORITY,0,0,0
BA:momotalk:10146:thread:101460010,momotalk,MANDATORY_COMPLETE_REVIEW,02_CANONICAL_STORIES/MOMOTALK/CH0079/THREAD_101460010.md,3c9e74c85cee7256875a6edd699852a7581f4b89f11fbd5e80c096a41c194863,ADMITTED,series/blue-archive/02 Sequential Readings/BOND/BLUE_ARCHIVE_GEHENNA20_PHASE2_PRIVATE_CONTEXTUAL_ACCOUNT_20261008.md,REF:CYCLE008_ACCEPTED,REF:CYCLE008_SCOPE,unresolved,,REF:CYCLE008_LIMITS,UNASSESSED,REF:PRIVATE_PRIORITY,,,
BA:momotalk:10146:thread:101460080,momotalk,MANDATORY_COMPLETE_REVIEW,02_CANONICAL_STORIES/MOMOTALK/CH0079/THREAD_101460080.md,f15de7e7defb857995a3b0dd54ac924a962d6de67cc67b0d6e921c9c51df16b4,ADMITTED,series/blue-archive/02 Sequential Readings/BOND/BLUE_ARCHIVE_GEHENNA20_PHASE2_PRIVATE_CONTEXTUAL_ACCOUNT_20261008.md,REF:CYCLE008_ACCEPTED,REF:CYCLE008_SCOPE,unresolved,,REF:CYCLE008_LIMITS,UNASSESSED,REF:PRIVATE_PRIORITY,,,
BA:momotalk:10146:thread:101460170,momotalk,MANDATORY_COMPLETE_REVIEW,02_CANONICAL_STORIES/MOMOTALK/CH0079/THREAD_101460170.md,4bed31da88b2d8261317d352d9390cc8f2eafcee38051c26860a78c411600dc0,ADMITTED,series/blue-archive/02 Sequential Readings/BOND/BLUE_ARCHIVE_GEHENNA20_PHASE2_PRIVATE_CONTEXTUAL_ACCOUNT_20261008.md,REF:CYCLE008_ACCEPTED,REF:CYCLE008_SCOPE,unresolved,,REF:CYCLE008_LIMITS,UNASSESSED,REF:PRIVATE_PRIORITY,,,
BA:momotalk:10146:thread:101460240,momotalk,MANDATORY_COMPLETE_REVIEW,02_CANONICAL_STORIES/MOMOTALK/CH0079/THREAD_101460240.md,60410ee5ff574e7a4a25d29afb6aa4c7cb946cbdf7ee47ff9e2278ced27a581a,ADMITTED,series/blue-archive/02 Sequential Readings/BOND/BLUE_ARCHIVE_GEHENNA20_PHASE2_PRIVATE_CONTEXTUAL_ACCOUNT_20261008.md,REF:CYCLE008_ACCEPTED,REF:CYCLE008_SCOPE,unresolved,,REF:CYCLE008_LIMITS,UNASSESSED,REF:PRIVATE_PRIORITY,,,
BA:momotalk:10147:thread:101470010,momotalk,MANDATORY_COMPLETE_REVIEW,02_CANONICAL_STORIES/MOMOTALK/CH0080/THREAD_101470010.md,e897a7aa5d732a6c974e190a5da05ed1b80d871599c7d96f2a18a8911954454f,ADMITTED,series/blue-archive/02 Sequential Readings/BOND/BLUE_ARCHIVE_GEHENNA20_PHASE2_PRIVATE_CONTEXTUAL_ACCOUNT_20261008.md,REF:CYCLE008_ACCEPTED,REF:CYCLE008_SCOPE,unresolved,,REF:CYCLE008_LIMITS,UNASSESSED,REF:PRIVATE_PRIORITY,,,
BA:momotalk:10147:thread:101470160,momotalk,MANDATORY_COMPLETE_REVIEW,02_CANONICAL_STORIES/MOMOTALK/CH0080/THREAD_101470160.md,cadc8901811c308b2e19db61459d7ab2cc0272e7d48feb9bd73075cf6b64ef64,ADMITTED,series/blue-archive/02 Sequential Readings/BOND/BLUE_ARCHIVE_GEHENNA20_PHASE2_PRIVATE_CONTEXTUAL_ACCOUNT_20261008.md,REF:CYCLE008_ACCEPTED,REF:CYCLE008_SCOPE,unresolved,,REF:CYCLE008_LIMITS,UNASSESSED,REF:PRIVATE_PRIORITY,,,
BA:momotalk:10147:thread:101470300,momotalk,MANDATORY_COMPLETE_REVIEW,02_CANONICAL_STORIES/MOMOTALK/CH0080/THREAD_101470300.md,8104f3f385161a4de6b9fcc1a2cc3bafb2b501559c3a5c3aa9babf7767ef0459,ADMITTED,series/blue-archive/02 Sequential Readings/BOND/BLUE_ARCHIVE_GEHENNA20_PHASE2_PRIVATE_CONTEXTUAL_ACCOUNT_20261008.md,REF:CYCLE008_ACCEPTED,REF:CYCLE008_SCOPE,unresolved,,REF:CYCLE008_LIMITS,UNASSESSED,REF:PRIVATE_PRIORITY,,,
BA:momotalk:10147:thread:101470460,momotalk,MANDATORY_COMPLETE_REVIEW,02_CANONICAL_STORIES/MOMOTALK/CH0080/THREAD_101470460.md,563d076d447316fec6b5653e98bd445f85ca82b2675c9f49b8a9e289536f22e9,ADMITTED,series/blue-archive/02 Sequential Readings/BOND/BLUE_ARCHIVE_GEHENNA20_PHASE2_PRIVATE_CONTEXTUAL_ACCOUNT_20261008.md,REF:CYCLE008_ACCEPTED,REF:CYCLE008_SCOPE,unresolved,,REF:CYCLE008_LIMITS,UNASSESSED,REF:PRIVATE_PRIORITY,,,
BA:momotalk:10147:thread:101470540,momotalk,MANDATORY_COMPLETE_REVIEW,02_CANONICAL_STORIES/MOMOTALK/CH0080/THREAD_101470540.md,b8b20311a256793d59926254fb7935ab7e55dcb7d152b0b9d631eca4914fff25,ADMITTED,series/blue-archive/02 Sequential Readings/BOND/BLUE_ARCHIVE_GEHENNA20_PHASE2_PRIVATE_CONTEXTUAL_ACCOUNT_20261008.md,REF:CYCLE008_ACCEPTED,REF:CYCLE008_SCOPE,unresolved,,REF:CYCLE008_LIMITS,UNASSESSED,REF:PRIVATE_PRIORITY,,,
BA:momotalk:10148:thread:101480010,momotalk,MANDATORY_COMPLETE_REVIEW,02_CANONICAL_STORIES/MOMOTALK/CH0156/THREAD_101480010.md,b6e3bdec8f3fd7ded047d71476e793110a7ee4a1c7bc0d3adbeb66857aa71a10,ADMITTED,series/blue-archive/02 Sequential Readings/BOND/BLUE_ARCHIVE_GEHENNA20_PHASE2_PRIVATE_CONTEXTUAL_ACCOUNT_20261008.md,REF:CYCLE008_ACCEPTED,REF:CYCLE008_SCOPE,unresolved,,REF:CYCLE008_LIMITS,UNASSESSED,REF:PRIVATE_PRIORITY,,,
BA:momotalk:10148:thread:101480120,momotalk,MANDATORY_COMPLETE_REVIEW,02_CANONICAL_STORIES/MOMOTALK/CH0156/THREAD_101480120.md,c6c5276c7d0a5dcd0b8dc2a28c3631d141c35a73405c4f38c71ee3b719a937dd,ADMITTED,series/blue-archive/02 Sequential Readings/BOND/BLUE_ARCHIVE_GEHENNA20_PHASE2_PRIVATE_CONTEXTUAL_ACCOUNT_20261008.md,REF:CYCLE008_ACCEPTED,REF:CYCLE008_SCOPE,unresolved,,REF:CYCLE008_LIMITS,UNASSESSED,REF:PRIVATE_PRIORITY,,,
BA:momotalk:10148:thread:101480240,momotalk,MANDATORY_COMPLETE_REVIEW,02_CANONICAL_STORIES/MOMOTALK/CH0156/THREAD_101480240.md,d73f4b2f95db6b2778271ae31843ae0889142a7805a587955b0553b13f6698c9,ADMITTED,series/blue-archive/02 Sequential Readings/BOND/BLUE_ARCHIVE_GEHENNA20_PHASE2_PRIVATE_CONTEXTUAL_ACCOUNT_20261008.md,REF:CYCLE008_ACCEPTED,REF:CYCLE008_SCOPE,unresolved,,REF:CYCLE008_LIMITS,UNASSESSED,REF:PRIVATE_PRIORITY,,,
BA:momotalk:10148:thread:101480320,momotalk,MANDATORY_COMPLETE_REVIEW,02_CANONICAL_STORIES/MOMOTALK/CH0156/THREAD_101480320.md,7b8d1a68edb13f621f5ccf2e0c8e96df083d3918783da0bd025b08a378e9918d,ADMITTED,series/blue-archive/02 Sequential Readings/BOND/BLUE_ARCHIVE_GEHENNA20_PHASE2_PRIVATE_CONTEXTUAL_ACCOUNT_20261008.md,REF:CYCLE008_ACCEPTED,REF:CYCLE008_SCOPE,unresolved,,REF:CYCLE008_LIMITS,UNASSESSED,REF:PRIVATE_PRIORITY,,,
BA:momotalk:10149:thread:101490010,momotalk,MANDATORY_COMPLETE_REVIEW,02_CANONICAL_STORIES/MOMOTALK/CH0368/THREAD_101490010.md,fcd3108cbe312e28878e401ec8ea11f8e4fb0256cd0fce3a2f45a0e10055ba7a,ADMITTED,series/blue-archive/02 Sequential Readings/BOND/KOKORO/BLUE_ARCHIVE_KOKORO_PHASE2_PRIVATE_CONTEXTUAL_ACCOUNT_20261008.md,REF:CYCLE008_ACCEPTED,REF:CYCLE008_SCOPE,unresolved,,REF:CYCLE008_LIMITS,UNASSESSED,REF:PRIVATE_PRIORITY,,,
BA:momotalk:10149:thread:101490110,momotalk,MANDATORY_COMPLETE_REVIEW,02_CANONICAL_STORIES/MOMOTALK/CH0368/THREAD_101490110.md,54b1d352865cd2c1ea4f1b21f576b6f22f8679e2e5795b65b3762fa6d0f4cb0b,ADMITTED,series/blue-archive/02 Sequential Readings/BOND/KOKORO/BLUE_ARCHIVE_KOKORO_PHASE2_PRIVATE_CONTEXTUAL_ACCOUNT_20261008.md,REF:CYCLE008_ACCEPTED,REF:CYCLE008_SCOPE,unresolved,,REF:CYCLE008_LIMITS,UNASSESSED,REF:PRIVATE_PRIORITY,,,
BA:momotalk:10149:thread:101490190,momotalk,MANDATORY_COMPLETE_REVIEW,02_CANONICAL_STORIES/MOMOTALK/CH0368/THREAD_101490190.md,19f230bc6244d8b00b620f3ae30313f51595d1ee19b36cc7352f9cd5459a7a95,ADMITTED,series/blue-archive/02 Sequential Readings/BOND/KOKORO/BLUE_ARCHIVE_KOKORO_PHASE2_PRIVATE_CONTEXTUAL_ACCOUNT_20261008.md,REF:CYCLE008_ACCEPTED,REF:CYCLE008_SCOPE,unresolved,,REF:CYCLE008_LIMITS,UNASSESSED,REF:PRIVATE_PRIORITY,,,
BA:momotalk:10149:thread:101490290,momotalk,MANDATORY_COMPLETE_REVIEW,02_CANONICAL_STORIES/MOMOTALK/CH0368/THREAD_101490290.md,69b9484dea75915a77f63e004ba0d8151470cfbfbb351f45386c06955c59f8c5,ADMITTED,series/blue-archive/02 Sequential Readings/BOND/KOKORO/BLUE_ARCHIVE_KOKORO_PHASE2_PRIVATE_CONTEXTUAL_ACCOUNT_20261008.md,REF:CYCLE008_ACCEPTED,REF:CYCLE008_SCOPE,unresolved,,REF:CYCLE008_LIMITS,UNASSESSED,REF:PRIVATE_PRIORITY,,,
BA:momotalk:10150:thread:101500010,momotalk,MANDATORY_COMPLETE_REVIEW,02_CANONICAL_STORIES/MOMOTALK/CH0369/THREAD_101500010.md,0c15aee53e1826bc009efec35e56396e2e9baa20ac315b1f2f1438c7b46127f1,ADMITTED,series/blue-archive/02 Sequential Readings/BOND/KOTONE/BLUE_ARCHIVE_KOTONE_PHASE2_PRIVATE_CONTEXTUAL_ACCOUNT_20261008.md,REF:CYCLE008_ACCEPTED,REF:CYCLE008_SCOPE,unresolved,,REF:CYCLE008_LIMITS,UNASSESSED,REF:PRIVATE_PRIORITY,,,
BA:momotalk:10150:thread:101500120,momotalk,MANDATORY_COMPLETE_REVIEW,02_CANONICAL_STORIES/MOMOTALK/CH0369/THREAD_101500120.md,144b02ce00ffd8a36c4d66eb64cbe6a0c14a84f2e3e69a511053b85dacdf9436,ADMITTED,series/blue-archive/02 Sequential Readings/BOND/KOTONE/BLUE_ARCHIVE_KOTONE_PHASE2_PRIVATE_CONTEXTUAL_ACCOUNT_20261008.md,REF:CYCLE008_ACCEPTED,REF:CYCLE008_SCOPE,unresolved,,REF:CYCLE008_LIMITS,UNASSESSED,REF:PRIVATE_PRIORITY,,,
BA:momotalk:10150:thread:101500210,momotalk,MANDATORY_COMPLETE_REVIEW,02_CANONICAL_STORIES/MOMOTALK/CH0369/THREAD_101500210.md,407447066723d46c3d4e51d08f67961f5b3bb1be5e7682b2708a154fa0300166,ADMITTED,series/blue-archive/02 Sequential Readings/BOND/KOTONE/BLUE_ARCHIVE_KOTONE_PHASE2_PRIVATE_CONTEXTUAL_ACCOUNT_20261008.md,REF:CYCLE008_ACCEPTED,REF:CYCLE008_SCOPE,unresolved,,REF:CYCLE008_LIMITS,UNASSESSED,REF:PRIVATE_PRIORITY,,,
BA:momotalk:10150:thread:101500300,momotalk,MANDATORY_COMPLETE_REVIEW,02_CANONICAL_STORIES/MOMOTALK/CH0369/THREAD_101500300.md,c5d1b088096e9ed93ff7f1a9c471c3a593221feab9731ae23f2f2fcd59e778e9,ADMITTED,series/blue-archive/02 Sequential Readings/BOND/KOTONE/BLUE_ARCHIVE_KOTONE_PHASE2_PRIVATE_CONTEXTUAL_ACCOUNT_20261008.md,REF:CYCLE008_ACCEPTED,REF:CYCLE008_SCOPE,unresolved,,REF:CYCLE008_LIMITS,UNASSESSED,REF:PRIVATE_PRIORITY,,,
BA:momotalk:10151:thread:101510010,momotalk,MANDATORY_COMPLETE_REVIEW,02_CANONICAL_STORIES/MOMOTALK/CH0320/THREAD_101510010.md,1dc3b15dac1a6a82aa9ecb782396fa74ec61eaa45ed2cdaf1a8f43f50e1e32c9,ADMITTED,series/blue-archive/02 Sequential Readings/BOND/BLUE_ARCHIVE_ANNA_ERINA_PHASE2_PRIVATE_CONTEXTUAL_ACCOUNT_20261009.md,REF:CYCLE008_ACCEPTED,REF:CYCLE008_SCOPE,unresolved,,REF:CYCLE008_LIMITS;REF:NEW80_ROOT_QUALIFIED;REF:NEW80_IDENTITY_MODES,UNASSESSED,REF:PRIVATE_PRIORITY,,,
BA:momotalk:10151:thread:101510160,momotalk,MANDATORY_COMPLETE_REVIEW,02_CANONICAL_STORIES/MOMOTALK/CH0320/THREAD_101510160.md,3d5ef421dd40e90e1f347c7bfbbfbe3ae23a811f32da30017fc90fc3b70d836d,ADMITTED,series/blue-archive/02 Sequential Readings/BOND/BLUE_ARCHIVE_ANNA_ERINA_PHASE2_PRIVATE_CONTEXTUAL_ACCOUNT_20261009.md,REF:CYCLE008_ACCEPTED,REF:CYCLE008_SCOPE,unresolved,,REF:CYCLE008_LIMITS;REF:NEW80_ROOT_QUALIFIED;REF:NEW80_IDENTITY_MODES,UNASSESSED,REF:PRIVATE_PRIORITY,,,
BA:momotalk:10151:thread:101510310,momotalk,MANDATORY_COMPLETE_REVIEW,02_CANONICAL_STORIES/MOMOTALK/CH0320/THREAD_101510310.md,85c3c0653ab6ccdd87b444387d82fe28bc4e23ae651b8f385202615f152e0481,ADMITTED,series/blue-archive/02 Sequential Readings/BOND/BLUE_ARCHIVE_ANNA_ERINA_PHASE2_PRIVATE_CONTEXTUAL_ACCOUNT_20261009.md,REF:CYCLE008_ACCEPTED,REF:CYCLE008_SCOPE,unresolved,,REF:CYCLE008_LIMITS;REF:NEW80_ROOT_QUALIFIED;REF:NEW80_IDENTITY_MODES,UNASSESSED,REF:PRIVATE_PRIORITY,,,
BA:momotalk:10151:thread:101510430,momotalk,MANDATORY_COMPLETE_REVIEW,02_CANONICAL_STORIES/MOMOTALK/CH0320/THREAD_101510430.md,3de8f445af18ad990d066ccbf17544ab350074181cc58f5a4833ec4a5a14b231,ADMITTED,series/blue-archive/02 Sequential Readings/BOND/BLUE_ARCHIVE_ANNA_ERINA_PHASE2_PRIVATE_CONTEXTUAL_ACCOUNT_20261009.md,REF:CYCLE008_ACCEPTED,REF:CYCLE008_SCOPE,unresolved,,REF:CYCLE008_LIMITS;REF:NEW80_ROOT_QUALIFIED;REF:NEW80_IDENTITY_MODES,UNASSESSED,REF:PRIVATE_PRIORITY,,,
BA:momotalk:13000:thread:130000010,momotalk,MANDATORY_COMPLETE_REVIEW,02_CANONICAL_STORIES/MOMOTALK/AKANE/THREAD_130000010.md,f596470d83caa119cd84a75fa6b67d9201045a2d3f099db30ee7bfa990f712c5,ADMITTED,series/blue-archive/02 Sequential Readings/BOND/BLUE_ARCHIVE_AKANE_PHASE2_PRIVATE_CONTEXTUAL_ACCOUNT_20261008.md,REF:CYCLE008_ACCEPTED,REF:CYCLE008_SCOPE,unresolved,,REF:CYCLE008_LIMITS,UNASSESSED,REF:PRIVATE_PRIORITY,,,
BA:momotalk:13000:thread:130000060,momotalk,MANDATORY_COMPLETE_REVIEW,02_CANONICAL_STORIES/MOMOTALK/AKANE/THREAD_130000060.md,8c232d876473b32e18f786a288dc5befe07371467cbbdade14aea876da9af408,ADMITTED,series/blue-archive/02 Sequential Readings/BOND/BLUE_ARCHIVE_AKANE_PHASE2_PRIVATE_CONTEXTUAL_ACCOUNT_20261008.md,REF:CYCLE008_ACCEPTED,REF:CYCLE008_SCOPE,unresolved,,REF:CYCLE008_LIMITS,UNASSESSED,REF:PRIVATE_PRIORITY,,,
BA:momotalk:13000:thread:130000120,momotalk,MANDATORY_COMPLETE_REVIEW,02_CANONICAL_STORIES/MOMOTALK/AKANE/THREAD_130000120.md,735ab55cf368d17ee63a01d926c07a9d5f717c363cfe04f25e9ecca88366e529,ADMITTED,series/blue-archive/02 Sequential Readings/BOND/BLUE_ARCHIVE_AKANE_PHASE2_PRIVATE_CONTEXTUAL_ACCOUNT_20261008.md,REF:CYCLE008_ACCEPTED,REF:CYCLE008_SCOPE,unresolved,,REF:CYCLE008_LIMITS,UNASSESSED,REF:PRIVATE_PRIORITY,,,
BA:momotalk:13000:thread:130000240,momotalk,MANDATORY_COMPLETE_REVIEW,02_CANONICAL_STORIES/MOMOTALK/AKANE/THREAD_130000240.md,35fa5550baa0897e4c2ea95d84e812246945a07e2c2632b8fcbdac7a36670269,ADMITTED,series/blue-archive/02 Sequential Readings/BOND/BLUE_ARCHIVE_AKANE_PHASE2_PRIVATE_CONTEXTUAL_ACCOUNT_20261008.md,REF:CYCLE008_ACCEPTED,REF:CYCLE008_SCOPE,unresolved,,REF:CYCLE008_LIMITS,UNASSESSED,REF:PRIVATE_PRIORITY,,,
BA:momotalk:13000:thread:130000300,momotalk,MANDATORY_COMPLETE_REVIEW,02_CANONICAL_STORIES/MOMOTALK/AKANE/THREAD_130000300.md,f350a16a9150b314eac2c2a880ee53b64a63c118a8180e0d31144ff12933bc15,ADMITTED,series/blue-archive/02 Sequential Readings/BOND/BLUE_ARCHIVE_AKANE_PHASE2_PRIVATE_CONTEXTUAL_ACCOUNT_20261008.md,REF:CYCLE008_ACCEPTED,REF:CYCLE008_SCOPE,unresolved,,REF:CYCLE008_LIMITS,UNASSESSED,REF:PRIVATE_PRIORITY,,,
BA:momotalk:13000:thread:130000360,momotalk,MANDATORY_COMPLETE_REVIEW,02_CANONICAL_STORIES/MOMOTALK/AKANE/THREAD_130000360.md,dcddc6621d69b9e345bfb985e86969ee0db56cc67350fc557e0c76d1aa632038,ADMITTED,series/blue-archive/02 Sequential Readings/BOND/BLUE_ARCHIVE_AKANE_PHASE2_PRIVATE_CONTEXTUAL_ACCOUNT_20261008.md,REF:CYCLE008_ACCEPTED,REF:CYCLE008_SCOPE,unresolved,,REF:CYCLE008_LIMITS,UNASSESSED,REF:PRIVATE_PRIORITY,,,
BA:momotalk:13001:thread:130010010,momotalk,MANDATORY_COMPLETE_REVIEW,02_CANONICAL_STORIES/MOMOTALK/CHISE/THREAD_130010010.md,b08946eab64505bfb1dd020d3f77b43effb01bfe915ed95fa604f8675f9d6e46,ADMITTED,series/blue-archive/02 Sequential Readings/BOND/BLUE_ARCHIVE_YINYANG_NIYA_KAHO_CHISE_PHASE2_PRIVATE_CONTEXTUAL_ACCOUNT_20261008.md,REF:CYCLE008_ACCEPTED,REF:CYCLE008_SCOPE,unresolved,,REF:CYCLE008_LIMITS,UNASSESSED,REF:PRIVATE_PRIORITY,,,
BA:momotalk:13001:thread:130010110,momotalk,MANDATORY_COMPLETE_REVIEW,02_CANONICAL_STORIES/MOMOTALK/CHISE/THREAD_130010110.md,86c48f568695fc92a8ab2b67d65741ba893473762787037c45293f9bc480eb90,ADMITTED,series/blue-archive/02 Sequential Readings/BOND/BLUE_ARCHIVE_YINYANG_NIYA_KAHO_CHISE_PHASE2_PRIVATE_CONTEXTUAL_ACCOUNT_20261008.md,REF:CYCLE008_ACCEPTED,REF:CYCLE008_SCOPE,unresolved,,REF:CYCLE008_LIMITS,UNASSESSED,REF:PRIVATE_PRIORITY,,,
BA:momotalk:13001:thread:130010160,momotalk,MANDATORY_COMPLETE_REVIEW,02_CANONICAL_STORIES/MOMOTALK/CHISE/THREAD_130010160.md,8f5d095d6ad05ed6dee73a562ae6ad9c489d86c7c7383c3b64c55a47fe746efd,ADMITTED,series/blue-archive/02 Sequential Readings/BOND/BLUE_ARCHIVE_YINYANG_NIYA_KAHO_CHISE_PHASE2_PRIVATE_CONTEXTUAL_ACCOUNT_20261008.md,REF:CYCLE008_ACCEPTED,REF:CYCLE008_SCOPE,unresolved,,REF:CYCLE008_LIMITS,UNASSESSED,REF:PRIVATE_PRIORITY,,,
BA:momotalk:13001:thread:130010230,momotalk,MANDATORY_COMPLETE_REVIEW,02_CANONICAL_STORIES/MOMOTALK/CHISE/THREAD_130010230.md,6dd61be913d9663cec0e9eb9ae7249e1317f185e3e92cb97f2f7a949005a80dd,ADMITTED,series/blue-archive/02 Sequential Readings/BOND/BLUE_ARCHIVE_YINYANG_NIYA_KAHO_CHISE_PHASE2_PRIVATE_CONTEXTUAL_ACCOUNT_20261008.md,REF:CYCLE008_ACCEPTED,REF:CYCLE008_SCOPE,unresolved,,REF:CYCLE008_LIMITS,UNASSESSED,REF:PRIVATE_PRIORITY,,,
BA:momotalk:13002:thread:130020010,momotalk,MANDATORY_COMPLETE_REVIEW,02_CANONICAL_STORIES/MOMOTALK/AKARI/THREAD_130020010.md,e3fee0345e65024ef21669774480523120432a9331174b6d7092d94c4f1f6998,ADMITTED,series/blue-archive/02 Sequential Readings/BOND/BLUE_ARCHIVE_GEHENNA20_PHASE2_PRIVATE_CONTEXTUAL_ACCOUNT_20261008.md,REF:CYCLE008_ACCEPTED,REF:CYCLE008_SCOPE,unresolved,,REF:CYCLE008_LIMITS,UNASSESSED,REF:PRIVATE_PRIORITY,,,
BA:momotalk:13002:thread:130020060,momotalk,MANDATORY_COMPLETE_REVIEW,02_CANONICAL_STORIES/MOMOTALK/AKARI/THREAD_130020060.md,de98ae67cf89acb31cb7f8829b800186c1fb5d0fa15aa1adda0d08de1909e6af,ADMITTED,series/blue-archive/02 Sequential Readings/BOND/BLUE_ARCHIVE_GEHENNA20_PHASE2_PRIVATE_CONTEXTUAL_ACCOUNT_20261008.md,REF:CYCLE008_ACCEPTED,REF:CYCLE008_SCOPE,unresolved,,REF:CYCLE008_LIMITS,UNASSESSED,REF:PRIVATE_PRIORITY,,,
BA:momotalk:13002:thread:130020130,momotalk,MANDATORY_COMPLETE_REVIEW,02_CANONICAL_STORIES/MOMOTALK/AKARI/THREAD_130020130.md,f2c85cc86de393dde1055c86cf395be875e9b19c7a6510cbaa2021bb2e35d2b8,ADMITTED,series/blue-archive/02 Sequential Readings/BOND/BLUE_ARCHIVE_GEHENNA20_PHASE2_PRIVATE_CONTEXTUAL_ACCOUNT_20261008.md,REF:CYCLE008_ACCEPTED,REF:CYCLE008_SCOPE,unresolved,,REF:CYCLE008_LIMITS,UNASSESSED,REF:PRIVATE_PRIORITY,,,
BA:momotalk:13002:thread:130020160,momotalk,MANDATORY_COMPLETE_REVIEW,02_CANONICAL_STORIES/MOMOTALK/AKARI/THREAD_130020160.md,f3ffb1722199438e5dca05ba465b921a22a6b5c2cf38e66cab8a8ec774546c68,ADMITTED,series/blue-archive/02 Sequential Readings/BOND/BLUE_ARCHIVE_GEHENNA20_PHASE2_PRIVATE_CONTEXTUAL_ACCOUNT_20261008.md,REF:CYCLE008_ACCEPTED,REF:CYCLE008_SCOPE,unresolved,,REF:CYCLE008_LIMITS,UNASSESSED,REF:PRIVATE_PRIORITY,,,
BA:momotalk:13003:thread:130030010,momotalk,MANDATORY_COMPLETE_REVIEW,02_CANONICAL_STORIES/MOMOTALK/HASUMI/THREAD_130030010.md,e28e4e436f3eb53048d96769d7ded91562f46c63b1cf8988db871b1076d565f3,ADMITTED,series/blue-archive/02 Sequential Readings/BOND/BLUE_ARCHIVE_HASUMI_TSURUGI_PRIVATE_CONTEXTUALIZATION_CHECKPOINT.md,REF:CYCLE008_ACCEPTED,REF:CYCLE008_SCOPE,unresolved,,REF:CYCLE008_LIMITS,UNASSESSED,REF:PRIVATE_PRIORITY,,,
BA:momotalk:13003:thread:130030080,momotalk,MANDATORY_COMPLETE_REVIEW,02_CANONICAL_STORIES/MOMOTALK/HASUMI/THREAD_130030080.md,3e989e78fc995300e8c261c6de1cef2890ce28281cf886262226d04b31d3c691,ADMITTED,series/blue-archive/02 Sequential Readings/BOND/BLUE_ARCHIVE_HASUMI_TSURUGI_PRIVATE_CONTEXTUALIZATION_CHECKPOINT.md,REF:CYCLE008_ACCEPTED,REF:CYCLE008_SCOPE,unresolved,,REF:CYCLE008_LIMITS,UNASSESSED,REF:PRIVATE_PRIORITY,,,
BA:momotalk:13003:thread:130030140,momotalk,MANDATORY_COMPLETE_REVIEW,02_CANONICAL_STORIES/MOMOTALK/HASUMI/THREAD_130030140.md,9fc57fdded99a413e3a29db43157f3a04a7c872f0b58f04e335414583d83fe0b,ADMITTED,series/blue-archive/02 Sequential Readings/BOND/BLUE_ARCHIVE_HASUMI_TSURUGI_PRIVATE_CONTEXTUALIZATION_CHECKPOINT.md,REF:CYCLE008_ACCEPTED,REF:CYCLE008_SCOPE,unresolved,,REF:CYCLE008_LIMITS,UNASSESSED,REF:PRIVATE_PRIORITY,,,
BA:momotalk:13003:thread:130030210,momotalk,MANDATORY_COMPLETE_REVIEW,02_CANONICAL_STORIES/MOMOTALK/HASUMI/THREAD_130030210.md,b777be1243232be38675f3efd317ea39a89de7dc9cf62331e51b3f610ecc5b34,ADMITTED,series/blue-archive/02 Sequential Readings/BOND/BLUE_ARCHIVE_HASUMI_TSURUGI_PRIVATE_CONTEXTUALIZATION_CHECKPOINT.md,REF:CYCLE008_ACCEPTED,REF:CYCLE008_SCOPE,unresolved,,REF:CYCLE008_LIMITS,UNASSESSED,REF:PRIVATE_PRIORITY,,,
BA:momotalk:13003:thread:130030280,momotalk,MANDATORY_COMPLETE_REVIEW,02_CANONICAL_STORIES/MOMOTALK/HASUMI/THREAD_130030280.md,59fd0fe93b4e45a5039921c14155bd020b922c001625faf91635384c4fce1edd,ADMITTED,series/blue-archive/02 Sequential Readings/BOND/BLUE_ARCHIVE_HASUMI_TSURUGI_PRIVATE_CONTEXTUALIZATION_CHECKPOINT.md,REF:CYCLE008_ACCEPTED,REF:CYCLE008_SCOPE,unresolved,,REF:CYCLE008_LIMITS,UNASSESSED,REF:PRIVATE_PRIORITY,,,
BA:momotalk:13003:thread:130030330,momotalk,MANDATORY_COMPLETE_REVIEW,02_CANONICAL_STORIES/MOMOTALK/HASUMI/THREAD_130030330.md,2f2bb957834d3fbd1fb09e8ee8729b2d351386f23cb7e3a2054b9c0c6a1ab7d2,ADMITTED,series/blue-archive/02 Sequential Readings/BOND/BLUE_ARCHIVE_HASUMI_TSURUGI_PRIVATE_CONTEXTUALIZATION_CHECKPOINT.md,REF:CYCLE008_ACCEPTED,REF:CYCLE008_SCOPE,unresolved,,REF:CYCLE008_LIMITS,UNASSESSED,REF:PRIVATE_PRIORITY,,,
BA:momotalk:13004:thread:130040010,momotalk,MANDATORY_COMPLETE_REVIEW,02_CANONICAL_STORIES/MOMOTALK/NONOMI/THREAD_130040010.md,12a6bff350c50e56a187efe6e5e22a1138c7400f0e1e3d57d666bc0203d1226e,ADMITTED,series/blue-archive/02 Sequential Readings/BOND/BLUE_ARCHIVE_NONOMI_PHASE2_PRIVATE_CONTEXTUAL_ACCOUNT_20261008.md,REF:CYCLE008_ACCEPTED,REF:CYCLE008_SCOPE,unresolved,,REF:CYCLE008_LIMITS,UNASSESSED,REF:PRIVATE_PRIORITY,,,
BA:momotalk:13004:thread:130040080,momotalk,MANDATORY_COMPLETE_REVIEW,02_CANONICAL_STORIES/MOMOTALK/NONOMI/THREAD_130040080.md,d50ee0ce4c116bde5980d6e86fde576a26fb7ad347aed633ea9fbaf880e1ae95,ADMITTED,series/blue-archive/02 Sequential Readings/BOND/BLUE_ARCHIVE_NONOMI_PHASE2_PRIVATE_CONTEXTUAL_ACCOUNT_20261008.md,REF:CYCLE008_ACCEPTED,REF:CYCLE008_SCOPE,unresolved,,REF:CYCLE008_LIMITS,UNASSESSED,REF:PRIVATE_PRIORITY,,,
BA:momotalk:13004:thread:130040130,momotalk,MANDATORY_COMPLETE_REVIEW,02_CANONICAL_STORIES/MOMOTALK/NONOMI/THREAD_130040130.md,bcf27ed374fa78844c0e1f7c3b0dbb617702265e04dc49b43a2d5c3242d38d9c,ADMITTED,series/blue-archive/02 Sequential Readings/BOND/BLUE_ARCHIVE_NONOMI_PHASE2_PRIVATE_CONTEXTUAL_ACCOUNT_20261008.md,REF:CYCLE008_ACCEPTED,REF:CYCLE008_SCOPE,unresolved,,REF:CYCLE008_LIMITS,UNASSESSED,REF:PRIVATE_PRIORITY,,,
BA:momotalk:13004:thread:130040190,momotalk,MANDATORY_COMPLETE_REVIEW,02_CANONICAL_STORIES/MOMOTALK/NONOMI/THREAD_130040190.md,db2e876c989450907166b953084101ddf0ba8117758df2a04a0506428595ca33,ADMITTED,series/blue-archive/02 Sequential Readings/BOND/BLUE_ARCHIVE_NONOMI_PHASE2_PRIVATE_CONTEXTUAL_ACCOUNT_20261008.md,REF:CYCLE008_ACCEPTED,REF:CYCLE008_SCOPE,unresolved,,REF:CYCLE008_LIMITS,UNASSESSED,REF:PRIVATE_PRIORITY,,,
BA:momotalk:13004:thread:130040250,momotalk,MANDATORY_COMPLETE_REVIEW,02_CANONICAL_STORIES/MOMOTALK/NONOMI/THREAD_130040250.md,e9ea4c124f652aa7ca77414c39ea5f375a2f59544037567f220efcea20867918,ADMITTED,series/blue-archive/02 Sequential Readings/BOND/BLUE_ARCHIVE_NONOMI_PHASE2_PRIVATE_CONTEXTUAL_ACCOUNT_20261008.md,REF:CYCLE008_ACCEPTED,REF:CYCLE008_SCOPE,unresolved,,REF:CYCLE008_LIMITS,UNASSESSED,REF:PRIVATE_PRIORITY,,,
BA:momotalk:13004:thread:130040270,momotalk,MANDATORY_COMPLETE_REVIEW,02_CANONICAL_STORIES/MOMOTALK/NONOMI/THREAD_130040270.md,0b22c131fc9345aec94551cb4bdb278d3e2bde7b4809ba573adffe9986c77768,ADMITTED,series/blue-archive/02 Sequential Readings/BOND/BLUE_ARCHIVE_NONOMI_PHASE2_PRIVATE_CONTEXTUAL_ACCOUNT_20261008.md,REF:CYCLE008_ACCEPTED,REF:CYCLE008_SCOPE,unresolved,,REF:CYCLE008_LIMITS,UNASSESSED,REF:PRIVATE_PRIORITY,,,
BA:momotalk:13005:thread:130050010,momotalk,MANDATORY_COMPLETE_REVIEW,02_CANONICAL_STORIES/MOMOTALK/KAYOKO/THREAD_130050010.md,dfd143f6c757396eb86aaeaecd68d89854f80926b73125a3ba4d915708bd3039,ADMITTED,series/blue-archive/02 Sequential Readings/BOND/KAYOKO/BLUE_ARCHIVE_KAYOKO_PRIVATE_CONTEXTUALIZATION_CHECKPOINT.md,REF:CYCLE008_ACCEPTED,REF:CYCLE008_SCOPE,unresolved,,REF:CYCLE008_LIMITS,UNASSESSED,REF:PRIVATE_PRIORITY,,,
BA:momotalk:13005:thread:130050050,momotalk,MANDATORY_COMPLETE_REVIEW,02_CANONICAL_STORIES/MOMOTALK/KAYOKO/THREAD_130050050.md,3f85def57dcf6c1b94c13f9d8431c6af65038a6608291299214431658990f1cb,ADMITTED,series/blue-archive/02 Sequential Readings/BOND/KAYOKO/BLUE_ARCHIVE_KAYOKO_PRIVATE_CONTEXTUALIZATION_CHECKPOINT.md,REF:CYCLE008_ACCEPTED,REF:CYCLE008_SCOPE,unresolved,,REF:CYCLE008_LIMITS,UNASSESSED,REF:PRIVATE_PRIORITY,,,
BA:momotalk:13005:thread:130050090,momotalk,MANDATORY_COMPLETE_REVIEW,02_CANONICAL_STORIES/MOMOTALK/KAYOKO/THREAD_130050090.md,5af457dd1339f369ebca10dafb6c82245f9bfa296e6b9ea86b2186adb6e42b7a,ADMITTED,series/blue-archive/02 Sequential Readings/BOND/KAYOKO/BLUE_ARCHIVE_KAYOKO_PRIVATE_CONTEXTUALIZATION_CHECKPOINT.md,REF:CYCLE008_ACCEPTED,REF:CYCLE008_SCOPE,unresolved,,REF:CYCLE008_LIMITS,UNASSESSED,REF:PRIVATE_PRIORITY,,,
BA:momotalk:13005:thread:130050190,momotalk,MANDATORY_COMPLETE_REVIEW,02_CANONICAL_STORIES/MOMOTALK/KAYOKO/THREAD_130050190.md,8460235b42c7d5af4ec69684193b9eb325723355b122c13f4a012e0f638af29c,ADMITTED,series/blue-archive/02 Sequential Readings/BOND/KAYOKO/BLUE_ARCHIVE_KAYOKO_PRIVATE_CONTEXTUALIZATION_CHECKPOINT.md,REF:CYCLE008_ACCEPTED,REF:CYCLE008_SCOPE,unresolved,,REF:CYCLE008_LIMITS,UNASSESSED,REF:PRIVATE_PRIORITY,,,
BA:momotalk:13005:thread:130050210,momotalk,MANDATORY_COMPLETE_REVIEW,02_CANONICAL_STORIES/MOMOTALK/KAYOKO/THREAD_130050210.md,d44bc0f63acf7220343a7737eb5e1bf752ba6bea4571243801a2edd1782edd13,ADMITTED,series/blue-archive/02 Sequential Readings/BOND/KAYOKO/BLUE_ARCHIVE_KAYOKO_PRIVATE_CONTEXTUALIZATION_CHECKPOINT.md,REF:CYCLE008_ACCEPTED,REF:CYCLE008_SCOPE,unresolved,,REF:CYCLE008_LIMITS,UNASSESSED,REF:PRIVATE_PRIORITY,,,
BA:momotalk:13006:thread:130060010,momotalk,MANDATORY_COMPLETE_REVIEW,02_CANONICAL_STORIES/MOMOTALK/MUTSUKI/THREAD_130060010.md,d6c7b3bef96ba7b275881a192ffbc2a03fb8a7422114fd3ee765f3ce6ee26076,ADMITTED,series/blue-archive/02 Sequential Readings/BOND/MUTSUKI/BLUE_ARCHIVE_MUTSUKI_PRIVATE_CONTEXTUALIZATION_CHECKPOINT.md,REF:CYCLE008_ACCEPTED,REF:CYCLE008_SCOPE,unresolved,,REF:CYCLE008_LIMITS,UNASSESSED,REF:PRIVATE_PRIORITY,,,
BA:momotalk:13006:thread:130060080,momotalk,MANDATORY_COMPLETE_REVIEW,02_CANONICAL_STORIES/MOMOTALK/MUTSUKI/THREAD_130060080.md,f0b5242e89d7a653e88537d8821fc3fbef576206c2bd61e7f84236b9c5ee6a64,ADMITTED,series/blue-archive/02 Sequential Readings/BOND/MUTSUKI/BLUE_ARCHIVE_MUTSUKI_PRIVATE_CONTEXTUALIZATION_CHECKPOINT.md,REF:CYCLE008_ACCEPTED,REF:CYCLE008_SCOPE,unresolved,,REF:CYCLE008_LIMITS,UNASSESSED,REF:PRIVATE_PRIORITY,,,
BA:momotalk:13006:thread:130060130,momotalk,MANDATORY_COMPLETE_REVIEW,02_CANONICAL_STORIES/MOMOTALK/MUTSUKI/THREAD_130060130.md,7cff9a535917b77cb1c65f4b55c234064d5e715fe86a20bab831d54f3c9d98a0,ADMITTED,series/blue-archive/02 Sequential Readings/BOND/MUTSUKI/BLUE_ARCHIVE_MUTSUKI_PRIVATE_CONTEXTUALIZATION_CHECKPOINT.md,REF:CYCLE008_ACCEPTED,REF:CYCLE008_SCOPE,unresolved,,REF:CYCLE008_LIMITS,UNASSESSED,REF:PRIVATE_PRIORITY,,,
BA:momotalk:13006:thread:130060180,momotalk,MANDATORY_COMPLETE_REVIEW,02_CANONICAL_STORIES/MOMOTALK/MUTSUKI/THREAD_130060180.md,07ed63562674cb5a947ce0765c7b8dfbefce45dfa6cbd03e6a5ccc540f1216f1,ADMITTED,series/blue-archive/02 Sequential Readings/BOND/MUTSUKI/BLUE_ARCHIVE_MUTSUKI_PRIVATE_CONTEXTUALIZATION_CHECKPOINT.md,REF:CYCLE008_ACCEPTED,REF:CYCLE008_SCOPE,unresolved,,REF:CYCLE008_LIMITS,UNASSESSED,REF:PRIVATE_PRIORITY,,,
BA:momotalk:13007:thread:130070010,momotalk,MANDATORY_COMPLETE_REVIEW,02_CANONICAL_STORIES/MOMOTALK/ZUNKO/THREAD_130070010.md,fe8f079be67fc2bb12cf680dcc2ec6d58a815723193af19963c1627260524a48,ADMITTED,series/blue-archive/02 Sequential Readings/BOND/BLUE_ARCHIVE_GEHENNA20_PHASE2_PRIVATE_CONTEXTUAL_ACCOUNT_20261008.md,REF:CYCLE008_ACCEPTED,REF:CYCLE008_SCOPE,unresolved,,REF:CYCLE008_LIMITS,UNASSESSED,REF:PRIVATE_PRIORITY,,,
BA:momotalk:13007:thread:130070090,momotalk,MANDATORY_COMPLETE_REVIEW,02_CANONICAL_STORIES/MOMOTALK/ZUNKO/THREAD_130070090.md,b1a7635b391be3d6977c3364031b271670f846d3b9980836d845c1366de9b2d6,ADMITTED,series/blue-archive/02 Sequential Readings/BOND/BLUE_ARCHIVE_GEHENNA20_PHASE2_PRIVATE_CONTEXTUAL_ACCOUNT_20261008.md,REF:CYCLE008_ACCEPTED,REF:CYCLE008_SCOPE,unresolved,,REF:CYCLE008_LIMITS,UNASSESSED,REF:PRIVATE_PRIORITY,,,
BA:momotalk:13007:thread:130070220,momotalk,MANDATORY_COMPLETE_REVIEW,02_CANONICAL_STORIES/MOMOTALK/ZUNKO/THREAD_130070220.md,3905ccd5c87e13aa0061f9dd431dbc9a0db56ad5ba5c9e1419a7428aa127b2e4,ADMITTED,series/blue-archive/02 Sequential Readings/BOND/BLUE_ARCHIVE_GEHENNA20_PHASE2_PRIVATE_CONTEXTUAL_ACCOUNT_20261008.md,REF:CYCLE008_ACCEPTED,REF:CYCLE008_SCOPE,unresolved,,REF:CYCLE008_LIMITS,UNASSESSED,REF:PRIVATE_PRIORITY,,,
BA:momotalk:13007:thread:130070300,momotalk,MANDATORY_COMPLETE_REVIEW,02_CANONICAL_STORIES/MOMOTALK/ZUNKO/THREAD_130070300.md,8c764cf3abe09ccc325d4e85fd936db94421fe5b3bb3924ca0e606ff94d71f49,ADMITTED,series/blue-archive/02 Sequential Readings/BOND/BLUE_ARCHIVE_GEHENNA20_PHASE2_PRIVATE_CONTEXTUAL_ACCOUNT_20261008.md,REF:CYCLE008_ACCEPTED,REF:CYCLE008_SCOPE,unresolved,,REF:CYCLE008_LIMITS,UNASSESSED,REF:PRIVATE_PRIORITY,,,
BA:momotalk:13007:thread:130070400,momotalk,MANDATORY_COMPLETE_REVIEW,02_CANONICAL_STORIES/MOMOTALK/ZUNKO/THREAD_130070400.md,4cf8ce142d1b68595dc390c2e63e033989f8c5e1dbdf5452d8627d1f5c3421a2,ADMITTED,series/blue-archive/02 Sequential Readings/BOND/BLUE_ARCHIVE_GEHENNA20_PHASE2_PRIVATE_CONTEXTUAL_ACCOUNT_20261008.md,REF:CYCLE008_ACCEPTED,REF:CYCLE008_SCOPE,unresolved,,REF:CYCLE008_LIMITS,UNASSESSED,REF:PRIVATE_PRIORITY,,,
BA:momotalk:13007:thread:130070480,momotalk,MANDATORY_COMPLETE_REVIEW,02_CANONICAL_STORIES/MOMOTALK/ZUNKO/THREAD_130070480.md,af7835d5f11d8ee684f4d7d3af9fe06330b43f006fca5bbc0dc32824e64e6863,ADMITTED,series/blue-archive/02 Sequential Readings/BOND/BLUE_ARCHIVE_GEHENNA20_PHASE2_PRIVATE_CONTEXTUAL_ACCOUNT_20261008.md,REF:CYCLE008_ACCEPTED,REF:CYCLE008_SCOPE,unresolved,,REF:CYCLE008_LIMITS,UNASSESSED,REF:PRIVATE_PRIORITY,,,
BA:momotalk:13008:thread:130080010,momotalk,MANDATORY_COMPLETE_REVIEW,02_CANONICAL_STORIES/MOMOTALK/SERIKA/THREAD_130080010.md,0cb95d1fe688d0218e3321ea3ab21a100d8396dcb6c7104c09e0becf3187b1b0,ADMITTED,series/blue-archive/02 Sequential Readings/BOND/SERIKA/BLUE_ARCHIVE_SERIKA_PRIVATE_CONTEXTUALIZATION_CHECKPOINT.md,REF:ORIGINAL_ADMISSION_RECORD_0030,REF:ORIGINAL_ADMITTED_CLAIM_SCOPE_0031,LOCAL_RELATIVE_ONLY,Explicit prior consultation/collapse/resort only; no comprehensive variant order or main placement.,REF:ORIGINAL_ATTRIBUTION_LIMITS_0032,HIGH,REF:ORIGINAL_PRIORITY_REASON_0033,,,
BA:momotalk:13008:thread:130080060,momotalk,MANDATORY_COMPLETE_REVIEW,02_CANONICAL_STORIES/MOMOTALK/SERIKA/THREAD_130080060.md,4e7380c291d6bd06fdf322a20e1461018e65cede08cfbb0b336b440a75b5a05c,ADMITTED,series/blue-archive/02 Sequential Readings/BOND/SERIKA/BLUE_ARCHIVE_SERIKA_PRIVATE_CONTEXTUALIZATION_CHECKPOINT.md,REF:ORIGINAL_ADMISSION_RECORD_0030,REF:ORIGINAL_ADMITTED_CLAIM_SCOPE_0031,LOCAL_RELATIVE_ONLY,Explicit prior consultation/collapse/resort only; no comprehensive variant order or main placement.,REF:ORIGINAL_ATTRIBUTION_LIMITS_0032,HIGH,REF:ORIGINAL_PRIORITY_REASON_0033,,,
BA:momotalk:13008:thread:130080080,momotalk,MANDATORY_COMPLETE_REVIEW,02_CANONICAL_STORIES/MOMOTALK/SERIKA/THREAD_130080080.md,a8757adeeee495398c6cdc7d44949dbae043a03473bdf398e8e3b937d4f0ad82,ADMITTED,series/blue-archive/02 Sequential Readings/BOND/SERIKA/BLUE_ARCHIVE_SERIKA_PRIVATE_CONTEXTUALIZATION_CHECKPOINT.md,REF:ORIGINAL_ADMISSION_RECORD_0030,REF:ORIGINAL_ADMITTED_CLAIM_SCOPE_0031,LOCAL_RELATIVE_ONLY,Explicit prior consultation/collapse/resort only; no comprehensive variant order or main placement.,REF:ORIGINAL_ATTRIBUTION_LIMITS_0032,HIGH,REF:ORIGINAL_PRIORITY_REASON_0033,,,
BA:momotalk:13008:thread:130080180,momotalk,MANDATORY_COMPLETE_REVIEW,02_CANONICAL_STORIES/MOMOTALK/SERIKA/THREAD_130080180.md,ca96d149e252f726b519d339b5a2746280275591afe7234b2bcd1f35f75ba8f0,ADMITTED,series/blue-archive/02 Sequential Readings/BOND/SERIKA/BLUE_ARCHIVE_SERIKA_PRIVATE_CONTEXTUALIZATION_CHECKPOINT.md,REF:ORIGINAL_ADMISSION_RECORD_0030,REF:ORIGINAL_ADMITTED_CLAIM_SCOPE_0031,LOCAL_RELATIVE_ONLY,Explicit prior consultation/collapse/resort only; no comprehensive variant order or main placement.,REF:ORIGINAL_ATTRIBUTION_LIMITS_0032,HIGH,REF:ORIGINAL_PRIORITY_REASON_0033,,,
BA:momotalk:13008:thread:130080210,momotalk,MANDATORY_COMPLETE_REVIEW,02_CANONICAL_STORIES/MOMOTALK/SERIKA/THREAD_130080210.md,22bc7c5e231a4521002199034c6eb8b3cda480cf3bcd3eac21d950f8ef6a5122,ADMITTED,series/blue-archive/02 Sequential Readings/BOND/SERIKA/BLUE_ARCHIVE_SERIKA_PRIVATE_CONTEXTUALIZATION_CHECKPOINT.md,REF:ORIGINAL_ADMISSION_RECORD_0030,REF:ORIGINAL_ADMITTED_CLAIM_SCOPE_0031,LOCAL_RELATIVE_ONLY,Explicit prior consultation/collapse/resort only; no comprehensive variant order or main placement.,REF:ORIGINAL_ATTRIBUTION_LIMITS_0032,HIGH,REF:ORIGINAL_PRIORITY_REASON_0033,,,
BA:momotalk:13008:thread:130080270,momotalk,MANDATORY_COMPLETE_REVIEW,02_CANONICAL_STORIES/MOMOTALK/SERIKA/THREAD_130080270.md,852e2ad3d33f62194842127710e4b81976e8c48018b924e87a15c5f64bd7d075,ADMITTED,series/blue-archive/02 Sequential Readings/BOND/SERIKA/BLUE_ARCHIVE_SERIKA_PRIVATE_CONTEXTUALIZATION_CHECKPOINT.md,REF:ORIGINAL_ADMISSION_RECORD_0030,REF:ORIGINAL_ADMITTED_CLAIM_SCOPE_0031,LOCAL_RELATIVE_ONLY,Explicit prior consultation/collapse/resort only; no comprehensive variant order or main placement.,REF:ORIGINAL_ATTRIBUTION_LIMITS_0032,HIGH,REF:ORIGINAL_PRIORITY_REASON_0033,,,
BA:momotalk:13008:thread:130080300,momotalk,MANDATORY_COMPLETE_REVIEW,02_CANONICAL_STORIES/MOMOTALK/SERIKA/THREAD_130080300.md,843d96468342471d2f5becaa0627486150e601928d71d4c61f18da775a749d83,ADMITTED,series/blue-archive/02 Sequential Readings/BOND/SERIKA/BLUE_ARCHIVE_SERIKA_PRIVATE_CONTEXTUALIZATION_CHECKPOINT.md,REF:ORIGINAL_ADMISSION_RECORD_0030,REF:ORIGINAL_ADMITTED_CLAIM_SCOPE_0031,LOCAL_RELATIVE_ONLY,Explicit prior consultation/collapse/resort only; no comprehensive variant order or main placement.,REF:ORIGINAL_ATTRIBUTION_LIMITS_0032,HIGH,REF:ORIGINAL_PRIORITY_REASON_0033,,,
BA:momotalk:13009:thread:130090010,momotalk,MANDATORY_COMPLETE_REVIEW,02_CANONICAL_STORIES/MOMOTALK/TSUBAKI/THREAD_130090010.md,e1efa463f728009e01c04e017674cf0ec08425d278dcc2d6e7d13c241a5f9997,ADMITTED,series/blue-archive/02 Sequential Readings/BOND/BLUE_ARCHIVE_TRAINING_KAEDE_MIMORI_TSUBAKI_PHASE2_PRIVATE_CONTEXTUAL_ACCOUNT_20261008.md,REF:CYCLE008_ACCEPTED,REF:CYCLE008_SCOPE,unresolved,,REF:CYCLE008_LIMITS,UNASSESSED,REF:PRIVATE_PRIORITY,,,
BA:momotalk:13009:thread:130090080,momotalk,MANDATORY_COMPLETE_REVIEW,02_CANONICAL_STORIES/MOMOTALK/TSUBAKI/THREAD_130090080.md,c88e94258dd3be06a633d2a111665107cd29532ddd482a03c98804a7b9245df4,ADMITTED,series/blue-archive/02 Sequential Readings/BOND/BLUE_ARCHIVE_TRAINING_KAEDE_MIMORI_TSUBAKI_PHASE2_PRIVATE_CONTEXTUAL_ACCOUNT_20261008.md,REF:CYCLE008_ACCEPTED,REF:CYCLE008_SCOPE,unresolved,,REF:CYCLE008_LIMITS,UNASSESSED,REF:PRIVATE_PRIORITY,,,
BA:momotalk:13009:thread:130090170,momotalk,MANDATORY_COMPLETE_REVIEW,02_CANONICAL_STORIES/MOMOTALK/TSUBAKI/THREAD_130090170.md,eca65e9a219ab747445ea98e0877406f394c10b264e7b452830caf8c05588c00,ADMITTED,series/blue-archive/02 Sequential Readings/BOND/BLUE_ARCHIVE_TRAINING_KAEDE_MIMORI_TSUBAKI_PHASE2_PRIVATE_CONTEXTUAL_ACCOUNT_20261008.md,REF:CYCLE008_ACCEPTED,REF:CYCLE008_SCOPE,unresolved,,REF:CYCLE008_LIMITS,UNASSESSED,REF:PRIVATE_PRIORITY,,,
BA:momotalk:13009:thread:130090220,momotalk,MANDATORY_COMPLETE_REVIEW,02_CANONICAL_STORIES/MOMOTALK/TSUBAKI/THREAD_130090220.md,81c12460d6e889db16cf9f413805d77932f1968f0db9aa3421e402c332815163,ADMITTED,series/blue-archive/02 Sequential Readings/BOND/BLUE_ARCHIVE_TRAINING_KAEDE_MIMORI_TSUBAKI_PHASE2_PRIVATE_CONTEXTUAL_ACCOUNT_20261008.md,REF:CYCLE008_ACCEPTED,REF:CYCLE008_SCOPE,unresolved,,REF:CYCLE008_LIMITS,UNASSESSED,REF:PRIVATE_PRIORITY,,,
BA:momotalk:13010:thread:130100010,momotalk,MANDATORY_COMPLETE_REVIEW,02_CANONICAL_STORIES/MOMOTALK/YUUKA/THREAD_130100010.md,4b4b0239d45d42a150a49a7e4ba1426c1bbe71ab67026a5c7b2c97f86a65f47d,ADMITTED,series/blue-archive/02 Sequential Readings/BOND/YUUKA/BLUE_ARCHIVE_YUUKA_PRIVATE_CONTEXTUALIZATION_CHECKPOINT.md,REF:CYCLE008_ACCEPTED,REF:CYCLE008_SCOPE,unresolved,,REF:CYCLE008_LIMITS,UNASSESSED,REF:PRIVATE_PRIORITY,,,
BA:momotalk:13010:thread:130100150,momotalk,MANDATORY_COMPLETE_REVIEW,02_CANONICAL_STORIES/MOMOTALK/YUUKA/THREAD_130100150.md,7a5db3d95dc692b7be29d2ac04c9df2d79147eda3ac26787a707cd08ab6e801e,ADMITTED,series/blue-archive/02 Sequential Readings/BOND/YUUKA/BLUE_ARCHIVE_YUUKA_PRIVATE_CONTEXTUALIZATION_CHECKPOINT.md,REF:CYCLE008_ACCEPTED,REF:CYCLE008_SCOPE,unresolved,,REF:CYCLE008_LIMITS,UNASSESSED,REF:PRIVATE_PRIORITY,,,
BA:momotalk:13010:thread:130100200,momotalk,MANDATORY_COMPLETE_REVIEW,02_CANONICAL_STORIES/MOMOTALK/YUUKA/THREAD_130100200.md,75dc86b04a23ec58297831c4778dbde8315b93aca9b43395a80939736ad5062e,ADMITTED,series/blue-archive/02 Sequential Readings/BOND/YUUKA/BLUE_ARCHIVE_YUUKA_PRIVATE_CONTEXTUALIZATION_CHECKPOINT.md,REF:CYCLE008_ACCEPTED,REF:CYCLE008_SCOPE,unresolved,,REF:CYCLE008_LIMITS,UNASSESSED,REF:PRIVATE_PRIORITY,,,
BA:momotalk:13010:thread:130100270,momotalk,MANDATORY_COMPLETE_REVIEW,02_CANONICAL_STORIES/MOMOTALK/YUUKA/THREAD_130100270.md,ec45e5bf3555163db145fd3865419c7762ed6b7c6853c14884e9a548c7a4a8e7,ADMITTED,series/blue-archive/02 Sequential Readings/BOND/YUUKA/BLUE_ARCHIVE_YUUKA_PRIVATE_CONTEXTUALIZATION_CHECKPOINT.md,REF:CYCLE008_ACCEPTED,REF:CYCLE008_SCOPE,unresolved,,REF:CYCLE008_LIMITS,UNASSESSED,REF:PRIVATE_PRIORITY,,,
BA:momotalk:13010:thread:130100330,momotalk,MANDATORY_COMPLETE_REVIEW,02_CANONICAL_STORIES/MOMOTALK/YUUKA/THREAD_130100330.md,38861c36345f59207a69fd408da8eec19d8a846c7c6036b1ecc2ff5692209fb0,ADMITTED,series/blue-archive/02 Sequential Readings/BOND/YUUKA/BLUE_ARCHIVE_YUUKA_PRIVATE_CONTEXTUALIZATION_CHECKPOINT.md,REF:CYCLE008_ACCEPTED,REF:CYCLE008_SCOPE,unresolved,,REF:CYCLE008_LIMITS,UNASSESSED,REF:PRIVATE_PRIORITY,,,
BA:momotalk:13010:thread:130100380,momotalk,MANDATORY_COMPLETE_REVIEW,02_CANONICAL_STORIES/MOMOTALK/YUUKA/THREAD_130100380.md,7b780495bb4c7fd79de936bd1fa198635a5f5de2fa2e55a8373e7f4d93af7847,ADMITTED,series/blue-archive/02 Sequential Readings/BOND/YUUKA/BLUE_ARCHIVE_YUUKA_PRIVATE_CONTEXTUALIZATION_CHECKPOINT.md,REF:CYCLE008_ACCEPTED,REF:CYCLE008_SCOPE,unresolved,,REF:CYCLE008_LIMITS,UNASSESSED,REF:PRIVATE_PRIORITY,,,
BA:momotalk:13011:thread:130110010,momotalk,MANDATORY_COMPLETE_REVIEW,02_CANONICAL_STORIES/MOMOTALK/MOMOI/THREAD_130110010.md,10114f484a272f61976fed01f9d322fbe352ea4509eee24dd63c62f9dd136671,ADMITTED,series/blue-archive/02 Sequential Readings/BOND/BLUE_ARCHIVE_MOMOI_PHASE2_PRIVATE_CONTEXTUAL_ACCOUNT_20261008.md,REF:CYCLE008_ACCEPTED,REF:CYCLE008_SCOPE,unresolved,,REF:CYCLE008_LIMITS,UNASSESSED,REF:PRIVATE_PRIORITY,,,
BA:momotalk:13011:thread:130110090,momotalk,MANDATORY_COMPLETE_REVIEW,02_CANONICAL_STORIES/MOMOTALK/MOMOI/THREAD_130110090.md,7077b1eddb627f25c3fb11eada9a77a7dadcba572d49e35674d71939efff7901,ADMITTED,series/blue-archive/02 Sequential Readings/BOND/BLUE_ARCHIVE_MOMOI_PHASE2_PRIVATE_CONTEXTUAL_ACCOUNT_20261008.md,REF:CYCLE008_ACCEPTED,REF:CYCLE008_SCOPE,unresolved,,REF:CYCLE008_LIMITS,UNASSESSED,REF:PRIVATE_PRIORITY,,,
BA:momotalk:13011:thread:130110150,momotalk,MANDATORY_COMPLETE_REVIEW,02_CANONICAL_STORIES/MOMOTALK/MOMOI/THREAD_130110150.md,8f3d625316b370c1692be09ab308d4a274353ced67802131e0284ecbf853af2d,ADMITTED,series/blue-archive/02 Sequential Readings/BOND/BLUE_ARCHIVE_MOMOI_PHASE2_PRIVATE_CONTEXTUAL_ACCOUNT_20261008.md,REF:CYCLE008_ACCEPTED,REF:CYCLE008_SCOPE,unresolved,,REF:CYCLE008_LIMITS,UNASSESSED,REF:PRIVATE_PRIORITY,,,
BA:momotalk:13011:thread:130110250,momotalk,MANDATORY_COMPLETE_REVIEW,02_CANONICAL_STORIES/MOMOTALK/MOMOI/THREAD_130110250.md,5275eaea5af892c0189965f685cae3e676a53f5f6856b2c3eb3b76449186db73,ADMITTED,series/blue-archive/02 Sequential Readings/BOND/BLUE_ARCHIVE_MOMOI_PHASE2_PRIVATE_CONTEXTUAL_ACCOUNT_20261008.md,REF:CYCLE008_ACCEPTED,REF:CYCLE008_SCOPE,unresolved,,REF:CYCLE008_LIMITS,UNASSESSED,REF:PRIVATE_PRIORITY,,,
BA:momotalk:13011:thread:130110310,momotalk,MANDATORY_COMPLETE_REVIEW,02_CANONICAL_STORIES/MOMOTALK/MOMOI/THREAD_130110310.md,c9b5d27946c8c2f71452597ce11704d133ec0afe7e71d8f235280f0ece542f8c,ADMITTED,series/blue-archive/02 Sequential Readings/BOND/BLUE_ARCHIVE_MOMOI_PHASE2_PRIVATE_CONTEXTUAL_ACCOUNT_20261008.md,REF:CYCLE008_ACCEPTED,REF:CYCLE008_SCOPE,unresolved,,REF:CYCLE008_LIMITS,UNASSESSED,REF:PRIVATE_PRIORITY,,,
BA:momotalk:13012:thread:130120010,momotalk,MANDATORY_COMPLETE_REVIEW,02_CANONICAL_STORIES/MOMOTALK/KIRINO/THREAD_130120010.md,e86251fb158b3828e164ce4c0a03197a5a203d1af8c5afdfe95bfaa88155cd1f,ADMITTED,series/blue-archive/02 Sequential Readings/BOND/KIRINO/BLUE_ARCHIVE_KIRINO_PHASE2_PRIVATE_CONTEXTUAL_ACCOUNT_20261008.md,REF:CYCLE008_ACCEPTED,REF:CYCLE008_SCOPE,unresolved,,REF:CYCLE008_LIMITS,UNASSESSED,REF:PRIVATE_PRIORITY,,,
BA:momotalk:13012:thread:130120070,momotalk,MANDATORY_COMPLETE_REVIEW,02_CANONICAL_STORIES/MOMOTALK/KIRINO/THREAD_130120070.md,22e17505edf1022c24b6ac2b08e4276c9b45a729be3f494e200f49ec2bfd5845,ADMITTED,series/blue-archive/02 Sequential Readings/BOND/KIRINO/BLUE_ARCHIVE_KIRINO_PHASE2_PRIVATE_CONTEXTUAL_ACCOUNT_20261008.md,REF:CYCLE008_ACCEPTED,REF:CYCLE008_SCOPE,unresolved,,REF:CYCLE008_LIMITS,UNASSESSED,REF:PRIVATE_PRIORITY,,,
BA:momotalk:13012:thread:130120120,momotalk,MANDATORY_COMPLETE_REVIEW,02_CANONICAL_STORIES/MOMOTALK/KIRINO/THREAD_130120120.md,0b8b692e6a2a53a206a060fdcdede4f125a5f32e05aeac8422fbb236bc61b01d,ADMITTED,series/blue-archive/02 Sequential Readings/BOND/KIRINO/BLUE_ARCHIVE_KIRINO_PHASE2_PRIVATE_CONTEXTUAL_ACCOUNT_20261008.md,REF:CYCLE008_ACCEPTED,REF:CYCLE008_SCOPE,unresolved,,REF:CYCLE008_LIMITS,UNASSESSED,REF:PRIVATE_PRIORITY,,,
BA:momotalk:13012:thread:130120190,momotalk,MANDATORY_COMPLETE_REVIEW,02_CANONICAL_STORIES/MOMOTALK/KIRINO/THREAD_130120190.md,a1dcef7ef93122de0d17d6b551b1dde9a7b81473d71f5436c83188dc555387a2,ADMITTED,series/blue-archive/02 Sequential Readings/BOND/KIRINO/BLUE_ARCHIVE_KIRINO_PHASE2_PRIVATE_CONTEXTUAL_ACCOUNT_20261008.md,REF:CYCLE008_ACCEPTED,REF:CYCLE008_SCOPE,unresolved,,REF:CYCLE008_LIMITS,UNASSESSED,REF:PRIVATE_PRIORITY,,,
BA:momotalk:13013:thread:130130010,momotalk,MANDATORY_COMPLETE_REVIEW,02_CANONICAL_STORIES/MOMOTALK/MOMIJI/THREAD_130130010.md,14df83723bd658fc4cba26d83cf44dde239090b910f8539f3f25987ace5bea2c,ADMITTED,series/blue-archive/02 Sequential Readings/BOND/BLUE_ARCHIVE_MOMIJI_PHASE2_PRIVATE_CONTEXTUAL_ACCOUNT_20261008.md,REF:CYCLE008_ACCEPTED,REF:CYCLE008_SCOPE,unresolved,,REF:CYCLE008_LIMITS,UNASSESSED,REF:PRIVATE_PRIORITY,,,
BA:momotalk:13013:thread:130130100,momotalk,MANDATORY_COMPLETE_REVIEW,02_CANONICAL_STORIES/MOMOTALK/MOMIJI/THREAD_130130100.md,d88af26c8fc3e686d391032d782a307cccc93b31ddc3633be5b9fae05d2c972f,ADMITTED,series/blue-archive/02 Sequential Readings/BOND/BLUE_ARCHIVE_MOMIJI_PHASE2_PRIVATE_CONTEXTUAL_ACCOUNT_20261008.md,REF:CYCLE008_ACCEPTED,REF:CYCLE008_SCOPE,unresolved,,REF:CYCLE008_LIMITS,UNASSESSED,REF:PRIVATE_PRIORITY,,,
BA:momotalk:13013:thread:130130170,momotalk,MANDATORY_COMPLETE_REVIEW,02_CANONICAL_STORIES/MOMOTALK/MOMIJI/THREAD_130130170.md,1b12a3372a601f7fae19b1a9ace6d7c2687db78ce5d3c93d39482e7d5bc06207,ADMITTED,series/blue-archive/02 Sequential Readings/BOND/BLUE_ARCHIVE_MOMIJI_PHASE2_PRIVATE_CONTEXTUAL_ACCOUNT_20261008.md,REF:CYCLE008_ACCEPTED,REF:CYCLE008_SCOPE,unresolved,,REF:CYCLE008_LIMITS,UNASSESSED,REF:PRIVATE_PRIORITY,,,
BA:momotalk:13013:thread:130130320,momotalk,MANDATORY_COMPLETE_REVIEW,02_CANONICAL_STORIES/MOMOTALK/MOMIJI/THREAD_130130320.md,163dc797b029bee3c904df098b7feea8e1c925339564e47f72f23fef44cbe89d,ADMITTED,series/blue-archive/02 Sequential Readings/BOND/BLUE_ARCHIVE_MOMIJI_PHASE2_PRIVATE_CONTEXTUAL_ACCOUNT_20261008.md,REF:CYCLE008_ACCEPTED,REF:CYCLE008_SCOPE,unresolved,,REF:CYCLE008_LIMITS,UNASSESSED,REF:PRIVATE_PRIORITY,,,
BA:momotalk:13013:thread:130130400,momotalk,MANDATORY_COMPLETE_REVIEW,02_CANONICAL_STORIES/MOMOTALK/MOMIJI/THREAD_130130400.md,f31508ac46c7b5a6a88ae41af6225ee906819bbcc8bd6bf6ac3d4fcc5d1ffeb9,ADMITTED,series/blue-archive/02 Sequential Readings/BOND/BLUE_ARCHIVE_MOMIJI_PHASE2_PRIVATE_CONTEXTUAL_ACCOUNT_20261008.md,REF:CYCLE008_ACCEPTED,REF:CYCLE008_SCOPE,unresolved,,REF:CYCLE008_LIMITS,UNASSESSED,REF:PRIVATE_PRIORITY,,,
BA:momotalk:13014:thread:130140010,momotalk,MANDATORY_COMPLETE_REVIEW,02_CANONICAL_STORIES/MOMOTALK/CH0224/THREAD_130140010.md,cf6fe91a1f6143e68da3824dd823e2051fbfe281fa58a7213e7a5d86a6bad06d,ADMITTED,series/blue-archive/02 Sequential Readings/BOND/BLUE_ARCHIVE_HYAKKA_YUKARI_NAGUSA_KIKYOU_RENGE_PHASE2_PRIVATE_CONTEXTUAL_ACCOUNT_20261008.md,REF:CYCLE008_ACCEPTED,REF:CYCLE008_SCOPE,unresolved,,REF:CYCLE008_LIMITS,UNASSESSED,REF:PRIVATE_PRIORITY,,,
BA:momotalk:13014:thread:130140160,momotalk,MANDATORY_COMPLETE_REVIEW,02_CANONICAL_STORIES/MOMOTALK/CH0224/THREAD_130140160.md,0ac18ccc91e103fb922987a732fa3b38ea8142ddc31b98bda1a33bcd3b890725,ADMITTED,series/blue-archive/02 Sequential Readings/BOND/BLUE_ARCHIVE_HYAKKA_YUKARI_NAGUSA_KIKYOU_RENGE_PHASE2_PRIVATE_CONTEXTUAL_ACCOUNT_20261008.md,REF:CYCLE008_ACCEPTED,REF:CYCLE008_SCOPE,unresolved,,REF:CYCLE008_LIMITS,UNASSESSED,REF:PRIVATE_PRIORITY,,,
BA:momotalk:13014:thread:130140290,momotalk,MANDATORY_COMPLETE_REVIEW,02_CANONICAL_STORIES/MOMOTALK/CH0224/THREAD_130140290.md,bb4e83aa69e2e246ec1734e76bafe0c270283ab691dee55a51edecf962db35ef,ADMITTED,series/blue-archive/02 Sequential Readings/BOND/BLUE_ARCHIVE_HYAKKA_YUKARI_NAGUSA_KIKYOU_RENGE_PHASE2_PRIVATE_CONTEXTUAL_ACCOUNT_20261008.md,REF:CYCLE008_ACCEPTED,REF:CYCLE008_SCOPE,unresolved,,REF:CYCLE008_LIMITS,UNASSESSED,REF:PRIVATE_PRIORITY,,,
BA:momotalk:13014:thread:130140390,momotalk,MANDATORY_COMPLETE_REVIEW,02_CANONICAL_STORIES/MOMOTALK/CH0224/THREAD_130140390.md,7c5479c505920fc2cef2bd906520ea4a748c31c4ed66ecfc0fbce71af165e92b,ADMITTED,series/blue-archive/02 Sequential Readings/BOND/BLUE_ARCHIVE_HYAKKA_YUKARI_NAGUSA_KIKYOU_RENGE_PHASE2_PRIVATE_CONTEXTUAL_ACCOUNT_20261008.md,REF:CYCLE008_ACCEPTED,REF:CYCLE008_SCOPE,unresolved,,REF:CYCLE008_LIMITS,UNASSESSED,REF:PRIVATE_PRIORITY,,,
BA:momotalk:16000:thread:160000010,momotalk,MANDATORY_COMPLETE_REVIEW,02_CANONICAL_STORIES/MOMOTALK/HARUKA/THREAD_160000010.md,2508e60e409139737764d711fe4cfd8b5976c2ce999e44e43d11ce8e1d6932fc,ADMITTED,series/blue-archive/02 Sequential Readings/BOND/HARUKA/BLUE_ARCHIVE_HARUKA_PRIVATE_CONTEXTUALIZATION_CHECKPOINT.md,REF:CYCLE008_ACCEPTED,REF:CYCLE008_SCOPE,unresolved,,REF:CYCLE008_LIMITS,UNASSESSED,REF:PRIVATE_PRIORITY,,,
BA:momotalk:16000:thread:160000070,momotalk,MANDATORY_COMPLETE_REVIEW,02_CANONICAL_STORIES/MOMOTALK/HARUKA/THREAD_160000070.md,80ccebd25fb3cb338b48f67ba6efcc0dfab2dba28dfc7ac4f6a59493083b7450,ADMITTED,series/blue-archive/02 Sequential Readings/BOND/HARUKA/BLUE_ARCHIVE_HARUKA_PRIVATE_CONTEXTUALIZATION_CHECKPOINT.md,REF:CYCLE008_ACCEPTED,REF:CYCLE008_SCOPE,unresolved,,REF:CYCLE008_LIMITS,UNASSESSED,REF:PRIVATE_PRIORITY,,,
BA:momotalk:16000:thread:160000160,momotalk,MANDATORY_COMPLETE_REVIEW,02_CANONICAL_STORIES/MOMOTALK/HARUKA/THREAD_160000160.md,e70e70799dcd15b6a4568cffc5ec41f94729cc79e0ba347cd88db4bc83ff1f7c,ADMITTED,series/blue-archive/02 Sequential Readings/BOND/HARUKA/BLUE_ARCHIVE_HARUKA_PRIVATE_CONTEXTUALIZATION_CHECKPOINT.md,REF:CYCLE008_ACCEPTED,REF:CYCLE008_SCOPE,unresolved,,REF:CYCLE008_LIMITS,UNASSESSED,REF:PRIVATE_PRIORITY,,,
BA:momotalk:16000:thread:160000240,momotalk,MANDATORY_COMPLETE_REVIEW,02_CANONICAL_STORIES/MOMOTALK/HARUKA/THREAD_160000240.md,7e892ed6829d2ea46e8da2ec84a165f2f4bc59bd5edd2b12170fec73b8e3ed4c,ADMITTED,series/blue-archive/02 Sequential Readings/BOND/HARUKA/BLUE_ARCHIVE_HARUKA_PRIVATE_CONTEXTUALIZATION_CHECKPOINT.md,REF:CYCLE008_ACCEPTED,REF:CYCLE008_SCOPE,unresolved,,REF:CYCLE008_LIMITS,UNASSESSED,REF:PRIVATE_PRIORITY,,,
BA:momotalk:16000:thread:160000430,momotalk,MANDATORY_COMPLETE_REVIEW,02_CANONICAL_STORIES/MOMOTALK/HARUKA/THREAD_160000430.md,17c68091aa012380e56c893e4e96e1446598d32cdec630c4386eca976af5b980,ADMITTED,series/blue-archive/02 Sequential Readings/BOND/HARUKA/BLUE_ARCHIVE_HARUKA_PRIVATE_CONTEXTUALIZATION_CHECKPOINT.md,REF:CYCLE008_ACCEPTED,REF:CYCLE008_SCOPE,unresolved,,REF:CYCLE008_LIMITS,UNASSESSED,REF:PRIVATE_PRIORITY,,,
BA:momotalk:16001:thread:160010010,momotalk,MANDATORY_COMPLETE_REVIEW,02_CANONICAL_STORIES/MOMOTALK/ASUNA/THREAD_160010010.md,70b2297af86fd6a0808da11476c1c339b911740ef4f0cfaa11bfe35afb3202d9,ADMITTED,series/blue-archive/02 Sequential Readings/BOND/BLUE_ARCHIVE_ASUNA_PHASE2_PRIVATE_CONTEXTUAL_ACCOUNT_20261008.md,REF:CYCLE008_ACCEPTED,REF:CYCLE008_SCOPE,unresolved,,REF:CYCLE008_LIMITS,UNASSESSED,REF:PRIVATE_PRIORITY,,,
BA:momotalk:16001:thread:160010090,momotalk,MANDATORY_COMPLETE_REVIEW,02_CANONICAL_STORIES/MOMOTALK/ASUNA/THREAD_160010090.md,369934571c7c924522630022825903101351ed4faac4c91e8831cbb59bf373a5,ADMITTED,series/blue-archive/02 Sequential Readings/BOND/BLUE_ARCHIVE_ASUNA_PHASE2_PRIVATE_CONTEXTUAL_ACCOUNT_20261008.md,REF:CYCLE008_ACCEPTED,REF:CYCLE008_SCOPE,unresolved,,REF:CYCLE008_LIMITS,UNASSESSED,REF:PRIVATE_PRIORITY,,,
BA:momotalk:16001:thread:160010150,momotalk,MANDATORY_COMPLETE_REVIEW,02_CANONICAL_STORIES/MOMOTALK/ASUNA/THREAD_160010150.md,7a79ad90ddeb18b8943ae55818007a706e2bdfbc33263d4c53c706ab65b4445b,ADMITTED,series/blue-archive/02 Sequential Readings/BOND/BLUE_ARCHIVE_ASUNA_PHASE2_PRIVATE_CONTEXTUAL_ACCOUNT_20261008.md,REF:CYCLE008_ACCEPTED,REF:CYCLE008_SCOPE,unresolved,,REF:CYCLE008_LIMITS,UNASSESSED,REF:PRIVATE_PRIORITY,,,
BA:momotalk:16001:thread:160010230,momotalk,MANDATORY_COMPLETE_REVIEW,02_CANONICAL_STORIES/MOMOTALK/ASUNA/THREAD_160010230.md,51d60532c862fdc7cc05957aa606bd28f6e80920d0b677502b62ee726263d8c6,ADMITTED,series/blue-archive/02 Sequential Readings/BOND/BLUE_ARCHIVE_ASUNA_PHASE2_PRIVATE_CONTEXTUAL_ACCOUNT_20261008.md,REF:CYCLE008_ACCEPTED,REF:CYCLE008_SCOPE,unresolved,,REF:CYCLE008_LIMITS,UNASSESSED,REF:PRIVATE_PRIORITY,,,
BA:momotalk:16001:thread:160010420,momotalk,MANDATORY_COMPLETE_REVIEW,02_CANONICAL_STORIES/MOMOTALK/ASUNA/THREAD_160010420.md,04482ff3b7742b7ba7779d9e4ffcf9a95c26cc8ada7912443522816ecc336b4f,ADMITTED,series/blue-archive/02 Sequential Readings/BOND/BLUE_ARCHIVE_ASUNA_PHASE2_PRIVATE_CONTEXTUAL_ACCOUNT_20261008.md,REF:CYCLE008_ACCEPTED,REF:CYCLE008_SCOPE,unresolved,,REF:CYCLE008_LIMITS,UNASSESSED,REF:PRIVATE_PRIORITY,,,
BA:momotalk:16002:thread:160020010,momotalk,MANDATORY_COMPLETE_REVIEW,02_CANONICAL_STORIES/MOMOTALK/KOTORI/THREAD_160020010.md,a770c2166217a82197a1ec254c725729057666721cf1ae18285093af1cc9e2b8,ADMITTED,series/blue-archive/02 Sequential Readings/BOND/BLUE_ARCHIVE_KOTORI_PHASE2_PRIVATE_CONTEXTUAL_ACCOUNT_20261008.md,REF:CYCLE008_ACCEPTED,REF:CYCLE008_SCOPE,unresolved,,REF:CYCLE008_LIMITS,UNASSESSED,REF:PRIVATE_PRIORITY,,,
BA:momotalk:16002:thread:160020090,momotalk,MANDATORY_COMPLETE_REVIEW,02_CANONICAL_STORIES/MOMOTALK/KOTORI/THREAD_160020090.md,a1331b91b79b0e539aaa6532a4638725badafc929114a65c6204784fb4aef81b,ADMITTED,series/blue-archive/02 Sequential Readings/BOND/BLUE_ARCHIVE_KOTORI_PHASE2_PRIVATE_CONTEXTUAL_ACCOUNT_20261008.md,REF:CYCLE008_ACCEPTED,REF:CYCLE008_SCOPE,unresolved,,REF:CYCLE008_LIMITS,UNASSESSED,REF:PRIVATE_PRIORITY,,,
BA:momotalk:16002:thread:160020130,momotalk,MANDATORY_COMPLETE_REVIEW,02_CANONICAL_STORIES/MOMOTALK/KOTORI/THREAD_160020130.md,36d8d816e52ba0e955110e2ba41f734912c1a991cba98f5e585a5cd1d8a1a7f6,ADMITTED,series/blue-archive/02 Sequential Readings/BOND/BLUE_ARCHIVE_KOTORI_PHASE2_PRIVATE_CONTEXTUAL_ACCOUNT_20261008.md,REF:CYCLE008_ACCEPTED,REF:CYCLE008_SCOPE,unresolved,,REF:CYCLE008_LIMITS,UNASSESSED,REF:PRIVATE_PRIORITY,,,
BA:momotalk:16002:thread:160020260,momotalk,MANDATORY_COMPLETE_REVIEW,02_CANONICAL_STORIES/MOMOTALK/KOTORI/THREAD_160020260.md,20eff53822102759ca09ec8c3aacf69db0bc978eac29037082828ea551bc471b,ADMITTED,series/blue-archive/02 Sequential Readings/BOND/BLUE_ARCHIVE_KOTORI_PHASE2_PRIVATE_CONTEXTUAL_ACCOUNT_20261008.md,REF:CYCLE008_ACCEPTED,REF:CYCLE008_SCOPE,unresolved,,REF:CYCLE008_LIMITS,UNASSESSED,REF:PRIVATE_PRIORITY,,,
BA:momotalk:16002:thread:160020380,momotalk,MANDATORY_COMPLETE_REVIEW,02_CANONICAL_STORIES/MOMOTALK/KOTORI/THREAD_160020380.md,9fe7fb09898cdd3c292a7129f89d2eec489b5fbdbe33d28f80fe686d03e4e2d8,ADMITTED,series/blue-archive/02 Sequential Readings/BOND/BLUE_ARCHIVE_KOTORI_PHASE2_PRIVATE_CONTEXTUAL_ACCOUNT_20261008.md,REF:CYCLE008_ACCEPTED,REF:CYCLE008_SCOPE,unresolved,,REF:CYCLE008_LIMITS,UNASSESSED,REF:PRIVATE_PRIORITY,,,
BA:momotalk:16003:thread:160030010,momotalk,MANDATORY_COMPLETE_REVIEW,02_CANONICAL_STORIES/MOMOTALK/SUZUMI/THREAD_160030010.md,fc099c3c7ce7cef26c302a445e6838b0646626f9923d1029e400b70c309fcb3e,ADMITTED,series/blue-archive/02 Sequential Readings/BOND/BLUE_ARCHIVE_SUZUMI_REISA_ICHIKA_PRIVATE_CONTEXTUALIZATION_CHECKPOINT.md,REF:CYCLE008_ACCEPTED,REF:CYCLE008_SCOPE,unresolved,,REF:CYCLE008_LIMITS,UNASSESSED,REF:PRIVATE_PRIORITY,,,
BA:momotalk:16003:thread:160030090,momotalk,MANDATORY_COMPLETE_REVIEW,02_CANONICAL_STORIES/MOMOTALK/SUZUMI/THREAD_160030090.md,5a64c67807b673e1df8fe030aef3ce137dbd6ead18190e22d366ea0da3e68dd9,ADMITTED,series/blue-archive/02 Sequential Readings/BOND/BLUE_ARCHIVE_SUZUMI_REISA_ICHIKA_PRIVATE_CONTEXTUALIZATION_CHECKPOINT.md,REF:CYCLE008_ACCEPTED,REF:CYCLE008_SCOPE,unresolved,,REF:CYCLE008_LIMITS,UNASSESSED,REF:PRIVATE_PRIORITY,,,
BA:momotalk:16003:thread:160030160,momotalk,MANDATORY_COMPLETE_REVIEW,02_CANONICAL_STORIES/MOMOTALK/SUZUMI/THREAD_160030160.md,f275ca062cc11b3fbfa49adf5e558570a53cc2fe31f65d9901d0cc1319cc34b6,ADMITTED,series/blue-archive/02 Sequential Readings/BOND/BLUE_ARCHIVE_SUZUMI_REISA_ICHIKA_PRIVATE_CONTEXTUALIZATION_CHECKPOINT.md,REF:CYCLE008_ACCEPTED,REF:CYCLE008_SCOPE,unresolved,,REF:CYCLE008_LIMITS,UNASSESSED,REF:PRIVATE_PRIORITY,,,
BA:momotalk:16003:thread:160030260,momotalk,MANDATORY_COMPLETE_REVIEW,02_CANONICAL_STORIES/MOMOTALK/SUZUMI/THREAD_160030260.md,ad9a7c7a189b21cac22937fb777d4263a06b0a730934c38c10c45a4cecac6a34,ADMITTED,series/blue-archive/02 Sequential Readings/BOND/BLUE_ARCHIVE_SUZUMI_REISA_ICHIKA_PRIVATE_CONTEXTUALIZATION_CHECKPOINT.md,REF:CYCLE008_ACCEPTED,REF:CYCLE008_SCOPE,unresolved,,REF:CYCLE008_LIMITS,UNASSESSED,REF:PRIVATE_PRIORITY,,,
BA:momotalk:16003:thread:160030400,momotalk,MANDATORY_COMPLETE_REVIEW,02_CANONICAL_STORIES/MOMOTALK/SUZUMI/THREAD_160030400.md,dfc2cd93a1e07a8ad2dd6c3b90a797f5686983685567c71b4691981204798eb6,ADMITTED,series/blue-archive/02 Sequential Readings/BOND/BLUE_ARCHIVE_SUZUMI_REISA_ICHIKA_PRIVATE_CONTEXTUALIZATION_CHECKPOINT.md,REF:CYCLE008_ACCEPTED,REF:CYCLE008_SCOPE,unresolved,,REF:CYCLE008_LIMITS,UNASSESSED,REF:PRIVATE_PRIORITY,,,
BA:momotalk:16004:thread:160040010,momotalk,MANDATORY_COMPLETE_REVIEW,02_CANONICAL_STORIES/MOMOTALK/PINA/THREAD_160040010.md,3943b73bd586d765b56ccf18eeed3c436ff86c08b7e318108a453eb645286926,ADMITTED,series/blue-archive/02 Sequential Readings/BOND/BLUE_ARCHIVE_FESTIVAL_SHIZUKO_FINA_UMIKA_PHASE2_PRIVATE_CONTEXTUAL_ACCOUNT_20261008.md,REF:CYCLE008_ACCEPTED,REF:CYCLE008_SCOPE,unresolved,,REF:CYCLE008_LIMITS,UNASSESSED,REF:PRIVATE_PRIORITY,,,
BA:momotalk:16004:thread:160040080,momotalk,MANDATORY_COMPLETE_REVIEW,02_CANONICAL_STORIES/MOMOTALK/PINA/THREAD_160040080.md,ed0b74d21ca5f399f2382ba4a9f87e0530bc85bafab9b9b245a3f92b0b6edc87,ADMITTED,series/blue-archive/02 Sequential Readings/BOND/BLUE_ARCHIVE_FESTIVAL_SHIZUKO_FINA_UMIKA_PHASE2_PRIVATE_CONTEXTUAL_ACCOUNT_20261008.md,REF:CYCLE008_ACCEPTED,REF:CYCLE008_SCOPE,unresolved,,REF:CYCLE008_LIMITS,UNASSESSED,REF:PRIVATE_PRIORITY,,,
BA:momotalk:16004:thread:160040140,momotalk,MANDATORY_COMPLETE_REVIEW,02_CANONICAL_STORIES/MOMOTALK/PINA/THREAD_160040140.md,5e15377eb89b9dbe579a2f64ac15e036f8524df0407b2746ee37f3c6d9e4ecd0,ADMITTED,series/blue-archive/02 Sequential Readings/BOND/BLUE_ARCHIVE_FESTIVAL_SHIZUKO_FINA_UMIKA_PHASE2_PRIVATE_CONTEXTUAL_ACCOUNT_20261008.md,REF:CYCLE008_ACCEPTED,REF:CYCLE008_SCOPE,unresolved,,REF:CYCLE008_LIMITS,UNASSESSED,REF:PRIVATE_PRIORITY,,,
BA:momotalk:16004:thread:160040170,momotalk,MANDATORY_COMPLETE_REVIEW,02_CANONICAL_STORIES/MOMOTALK/PINA/THREAD_160040170.md,0d9be6111f33e897e6f1e3b64e73753b4648194a19a5496a3c2052a2a1ae98dd,ADMITTED,series/blue-archive/02 Sequential Readings/BOND/BLUE_ARCHIVE_FESTIVAL_SHIZUKO_FINA_UMIKA_PHASE2_PRIVATE_CONTEXTUAL_ACCOUNT_20261008.md,REF:CYCLE008_ACCEPTED,REF:CYCLE008_SCOPE,unresolved,,REF:CYCLE008_LIMITS,UNASSESSED,REF:PRIVATE_PRIORITY,,,
BA:momotalk:16005:thread:16005010,momotalk,MANDATORY_COMPLETE_REVIEW,02_CANONICAL_STORIES/MOMOTALK/TSURUGI/THREAD_16005010.md,e11ee9c002bc9d237d282f5237cd316e7a06226d5ec04f6e3c8ba0b2d4186645,ADMITTED,series/blue-archive/02 Sequential Readings/BOND/BLUE_ARCHIVE_HASUMI_TSURUGI_PRIVATE_CONTEXTUALIZATION_CHECKPOINT.md,REF:CYCLE008_ACCEPTED,REF:CYCLE008_SCOPE,unresolved,,REF:CYCLE008_LIMITS,UNASSESSED,REF:PRIVATE_PRIORITY,,,
BA:momotalk:16005:thread:16005110,momotalk,MANDATORY_COMPLETE_REVIEW,02_CANONICAL_STORIES/MOMOTALK/TSURUGI/THREAD_16005110.md,ec9f91b659149b2490c9aa50d898f38d6f87f41deceea9791d76899225db4809,ADMITTED,series/blue-archive/02 Sequential Readings/BOND/BLUE_ARCHIVE_HASUMI_TSURUGI_PRIVATE_CONTEXTUALIZATION_CHECKPOINT.md,REF:CYCLE008_ACCEPTED,REF:CYCLE008_SCOPE,unresolved,,REF:CYCLE008_LIMITS,UNASSESSED,REF:PRIVATE_PRIORITY,,,
BA:momotalk:16005:thread:16005210,momotalk,MANDATORY_COMPLETE_REVIEW,02_CANONICAL_STORIES/MOMOTALK/TSURUGI/THREAD_16005210.md,d4906e3110142570dfa9bc4cfac0f3317cd58818042680053f5406975de8c7d4,ADMITTED,series/blue-archive/02 Sequential Readings/BOND/BLUE_ARCHIVE_HASUMI_TSURUGI_PRIVATE_CONTEXTUALIZATION_CHECKPOINT.md,REF:CYCLE008_ACCEPTED,REF:CYCLE008_SCOPE,unresolved,,REF:CYCLE008_LIMITS,UNASSESSED,REF:PRIVATE_PRIORITY,,,
BA:momotalk:16006:thread:160060010,momotalk,MANDATORY_COMPLETE_REVIEW,02_CANONICAL_STORIES/MOMOTALK/IZUMI/THREAD_160060010.md,e53e088a198e77b6712a47b30b5f548b650c6d8b7926ee8d673b8102d084e7b1,ADMITTED,series/blue-archive/02 Sequential Readings/BOND/BLUE_ARCHIVE_GEHENNA20_PHASE2_PRIVATE_CONTEXTUAL_ACCOUNT_20261008.md,REF:CYCLE008_ACCEPTED,REF:CYCLE008_SCOPE,unresolved,,REF:CYCLE008_LIMITS,UNASSESSED,REF:PRIVATE_PRIORITY,,,
BA:momotalk:16006:thread:160060130,momotalk,MANDATORY_COMPLETE_REVIEW,02_CANONICAL_STORIES/MOMOTALK/IZUMI/THREAD_160060130.md,8c225e811c772430b4f8097f967fbd5f6aa8bf4613a044437d3bf224727a219b,ADMITTED,series/blue-archive/02 Sequential Readings/BOND/BLUE_ARCHIVE_GEHENNA20_PHASE2_PRIVATE_CONTEXTUAL_ACCOUNT_20261008.md,REF:CYCLE008_ACCEPTED,REF:CYCLE008_SCOPE,unresolved,,REF:CYCLE008_LIMITS,UNASSESSED,REF:PRIVATE_PRIORITY,,,
BA:momotalk:16006:thread:160060230,momotalk,MANDATORY_COMPLETE_REVIEW,02_CANONICAL_STORIES/MOMOTALK/IZUMI/THREAD_160060230.md,6d472759620bd75c4ebadd6cb351452784455e37d00e7fe241c47203e1fda4e3,ADMITTED,series/blue-archive/02 Sequential Readings/BOND/BLUE_ARCHIVE_GEHENNA20_PHASE2_PRIVATE_CONTEXTUAL_ACCOUNT_20261008.md,REF:CYCLE008_ACCEPTED,REF:CYCLE008_SCOPE,unresolved,,REF:CYCLE008_LIMITS,UNASSESSED,REF:PRIVATE_PRIORITY,,,
BA:momotalk:16006:thread:160060320,momotalk,MANDATORY_COMPLETE_REVIEW,02_CANONICAL_STORIES/MOMOTALK/IZUMI/THREAD_160060320.md,d19ca33c15091eb6b498ec897ab032350edd097ca2047016b30ccb9d2d6a612a,ADMITTED,series/blue-archive/02 Sequential Readings/BOND/BLUE_ARCHIVE_GEHENNA20_PHASE2_PRIVATE_CONTEXTUAL_ACCOUNT_20261008.md,REF:CYCLE008_ACCEPTED,REF:CYCLE008_SCOPE,unresolved,,REF:CYCLE008_LIMITS,UNASSESSED,REF:PRIVATE_PRIORITY,,,
BA:momotalk:16007:thread:160070010,momotalk,MANDATORY_COMPLETE_REVIEW,02_CANONICAL_STORIES/MOMOTALK/TOMOE/THREAD_160070010.md,960c181daf6939829685449888d51c92b464d918ae155d25806cb0b01ecdcd53,ADMITTED,series/blue-archive/02 Sequential Readings/BOND/BLUE_ARCHIVE_RED_WINTER7_PHASE2_PRIVATE_CONTEXTUAL_ACCOUNT_20261008.md,REF:CYCLE008_ACCEPTED,REF:CYCLE008_SCOPE,unresolved,,REF:CYCLE008_LIMITS,UNASSESSED,REF:PRIVATE_PRIORITY,0,0,0
BA:momotalk:16007:thread:160070080,momotalk,MANDATORY_COMPLETE_REVIEW,02_CANONICAL_STORIES/MOMOTALK/TOMOE/THREAD_160070080.md,d68b32f889d496e037a0d5bc7dc3271ebd4594a1c3aaf78074d7cc3e9fa1244b,ADMITTED,series/blue-archive/02 Sequential Readings/BOND/BLUE_ARCHIVE_RED_WINTER7_PHASE2_PRIVATE_CONTEXTUAL_ACCOUNT_20261008.md,REF:CYCLE008_ACCEPTED,REF:CYCLE008_SCOPE,unresolved,,REF:CYCLE008_LIMITS,UNASSESSED,REF:PRIVATE_PRIORITY,0,0,0
BA:momotalk:16007:thread:160070140,momotalk,MANDATORY_COMPLETE_REVIEW,02_CANONICAL_STORIES/MOMOTALK/TOMOE/THREAD_160070140.md,01dfa378cfd4746f79083eb1f6d5f11e43f5c1ad443e33e2b4fd3d1e1e42e0b0,ADMITTED,series/blue-archive/02 Sequential Readings/BOND/BLUE_ARCHIVE_RED_WINTER7_PHASE2_PRIVATE_CONTEXTUAL_ACCOUNT_20261008.md,REF:CYCLE008_ACCEPTED,REF:CYCLE008_SCOPE,unresolved,,REF:CYCLE008_LIMITS,UNASSESSED,REF:PRIVATE_PRIORITY,0,0,0
BA:momotalk:16007:thread:160070230,momotalk,MANDATORY_COMPLETE_REVIEW,02_CANONICAL_STORIES/MOMOTALK/TOMOE/THREAD_160070230.md,881fa8f4996544893be38251f51505cce70850f9ff62e5a251925af156c2ee63,ADMITTED,series/blue-archive/02 Sequential Readings/BOND/BLUE_ARCHIVE_RED_WINTER7_PHASE2_PRIVATE_CONTEXTUAL_ACCOUNT_20261008.md,REF:CYCLE008_ACCEPTED,REF:CYCLE008_SCOPE,unresolved,,REF:CYCLE008_LIMITS,UNASSESSED,REF:PRIVATE_PRIORITY,0,0,0
BA:momotalk:16007:thread:160070300,momotalk,MANDATORY_COMPLETE_REVIEW,02_CANONICAL_STORIES/MOMOTALK/TOMOE/THREAD_160070300.md,0bd6a2a665591424718358b8a7d6c5924ca3c3d854ad50b741e078560e08f717,ADMITTED,series/blue-archive/02 Sequential Readings/BOND/BLUE_ARCHIVE_RED_WINTER7_PHASE2_PRIVATE_CONTEXTUAL_ACCOUNT_20261008.md,REF:CYCLE008_ACCEPTED,REF:CYCLE008_SCOPE,unresolved,,REF:CYCLE008_LIMITS,UNASSESSED,REF:PRIVATE_PRIORITY,0,0,0
BA:momotalk:16008:thread:160080010,momotalk,MANDATORY_COMPLETE_REVIEW,02_CANONICAL_STORIES/MOMOTALK/CH0141/THREAD_160080010.md,759744bf0545fa31ec58665e5d9f2ace9d2356413f5fc92bf33123a43a56145d,ADMITTED,series/blue-archive/02 Sequential Readings/BOND/FUBUKI/BLUE_ARCHIVE_FUBUKI_PHASE2_PRIVATE_CONTEXTUAL_ACCOUNT_20261008.md,REF:CYCLE008_ACCEPTED,REF:CYCLE008_SCOPE,unresolved,,REF:CYCLE008_LIMITS,UNASSESSED,REF:PRIVATE_PRIORITY,,,
BA:momotalk:16008:thread:160080110,momotalk,MANDATORY_COMPLETE_REVIEW,02_CANONICAL_STORIES/MOMOTALK/CH0141/THREAD_160080110.md,9d176cbdda25dd38fed823f03391cafc26f91e4a1f7ccc9843581c33df41328b,ADMITTED,series/blue-archive/02 Sequential Readings/BOND/FUBUKI/BLUE_ARCHIVE_FUBUKI_PHASE2_PRIVATE_CONTEXTUAL_ACCOUNT_20261008.md,REF:CYCLE008_ACCEPTED,REF:CYCLE008_SCOPE,unresolved,,REF:CYCLE008_LIMITS,UNASSESSED,REF:PRIVATE_PRIORITY,,,
BA:momotalk:16008:thread:160080200,momotalk,MANDATORY_COMPLETE_REVIEW,02_CANONICAL_STORIES/MOMOTALK/CH0141/THREAD_160080200.md,1260a94f02f44c816acb0316a36320262f780bc810f27522be0048c6e52c52fb,ADMITTED,series/blue-archive/02 Sequential Readings/BOND/FUBUKI/BLUE_ARCHIVE_FUBUKI_PHASE2_PRIVATE_CONTEXTUAL_ACCOUNT_20261008.md,REF:CYCLE008_ACCEPTED,REF:CYCLE008_SCOPE,unresolved,,REF:CYCLE008_LIMITS,UNASSESSED,REF:PRIVATE_PRIORITY,,,
BA:momotalk:16008:thread:160080260,momotalk,MANDATORY_COMPLETE_REVIEW,02_CANONICAL_STORIES/MOMOTALK/CH0141/THREAD_160080260.md,b7b87e7f9179cdb32a12c7725fd426b499d9d3a1f4e0ae7db838d19995ab8958,ADMITTED,series/blue-archive/02 Sequential Readings/BOND/FUBUKI/BLUE_ARCHIVE_FUBUKI_PHASE2_PRIVATE_CONTEXTUAL_ACCOUNT_20261008.md,REF:CYCLE008_ACCEPTED,REF:CYCLE008_SCOPE,unresolved,,REF:CYCLE008_LIMITS,UNASSESSED,REF:PRIVATE_PRIORITY,,,
BA:momotalk:16009:thread:160090010,momotalk,MANDATORY_COMPLETE_REVIEW,02_CANONICAL_STORIES/MOMOTALK/CH0113/THREAD_160090010.md,bb551e08c0f85976e08661f56d422e8e5e5de0261e49a90f568f7d9b4a54f809,ADMITTED,series/blue-archive/02 Sequential Readings/BOND/BLUE_ARCHIVE_NINJA_MICHIRU_IZUNA_TSUKUYO_PHASE2_PRIVATE_CONTEXTUAL_ACCOUNT_20261008.md,REF:CYCLE008_ACCEPTED,REF:CYCLE008_SCOPE,unresolved,,REF:CYCLE008_LIMITS,UNASSESSED,REF:PRIVATE_PRIORITY,,,
BA:momotalk:16009:thread:160090190,momotalk,MANDATORY_COMPLETE_REVIEW,02_CANONICAL_STORIES/MOMOTALK/CH0113/THREAD_160090190.md,384d6f587141b63e9500e9aceead06c4704a7c47722e0bca38d2cd51a06481f9,ADMITTED,series/blue-archive/02 Sequential Readings/BOND/BLUE_ARCHIVE_NINJA_MICHIRU_IZUNA_TSUKUYO_PHASE2_PRIVATE_CONTEXTUAL_ACCOUNT_20261008.md,REF:CYCLE008_ACCEPTED,REF:CYCLE008_SCOPE,unresolved,,REF:CYCLE008_LIMITS,UNASSESSED,REF:PRIVATE_PRIORITY,,,
BA:momotalk:16009:thread:160090270,momotalk,MANDATORY_COMPLETE_REVIEW,02_CANONICAL_STORIES/MOMOTALK/CH0113/THREAD_160090270.md,07417d7c9556b258eb88b660e36013b2ad0eb57c975f4651c32a61f2a5110632,ADMITTED,series/blue-archive/02 Sequential Readings/BOND/BLUE_ARCHIVE_NINJA_MICHIRU_IZUNA_TSUKUYO_PHASE2_PRIVATE_CONTEXTUAL_ACCOUNT_20261008.md,REF:CYCLE008_ACCEPTED,REF:CYCLE008_SCOPE,unresolved,,REF:CYCLE008_LIMITS,UNASSESSED,REF:PRIVATE_PRIORITY,,,
BA:momotalk:16009:thread:160090420,momotalk,MANDATORY_COMPLETE_REVIEW,02_CANONICAL_STORIES/MOMOTALK/CH0113/THREAD_160090420.md,f62f3df993ddfca06940d58a50f85e75364b2bca6cc4e97153270b16ee8f5ac0,ADMITTED,series/blue-archive/02 Sequential Readings/BOND/BLUE_ARCHIVE_NINJA_MICHIRU_IZUNA_TSUKUYO_PHASE2_PRIVATE_CONTEXTUAL_ACCOUNT_20261008.md,REF:CYCLE008_ACCEPTED,REF:CYCLE008_SCOPE,unresolved,,REF:CYCLE008_LIMITS,UNASSESSED,REF:PRIVATE_PRIORITY,,,
BA:momotalk:16009:thread:160090590,momotalk,MANDATORY_COMPLETE_REVIEW,02_CANONICAL_STORIES/MOMOTALK/CH0113/THREAD_160090590.md,1b118827a13e23f44fb3b30a46ab0014f06b2eb53a14debe26ecb48281b54896,ADMITTED,series/blue-archive/02 Sequential Readings/BOND/BLUE_ARCHIVE_NINJA_MICHIRU_IZUNA_TSUKUYO_PHASE2_PRIVATE_CONTEXTUAL_ACCOUNT_20261008.md,REF:CYCLE008_ACCEPTED,REF:CYCLE008_SCOPE,unresolved,,REF:CYCLE008_LIMITS,UNASSESSED,REF:PRIVATE_PRIORITY,,,
BA:momotalk:16010:thread:160100010,momotalk,MANDATORY_COMPLETE_REVIEW,02_CANONICAL_STORIES/MOMOTALK/HIBIKI/THREAD_160100010.md,757bb89763b33f57936d05c668c6eeebcf18f73f46ae974933de1ce94aca961e,ADMITTED,series/blue-archive/02 Sequential Readings/BOND/BLUE_ARCHIVE_HIBIKI_PHASE2_PRIVATE_CONTEXTUAL_ACCOUNT_20261008.md,REF:CYCLE008_ACCEPTED,REF:CYCLE008_SCOPE,unresolved,,REF:CYCLE008_LIMITS,UNASSESSED,REF:PRIVATE_PRIORITY,,,
BA:momotalk:16010:thread:160100090,momotalk,MANDATORY_COMPLETE_REVIEW,02_CANONICAL_STORIES/MOMOTALK/HIBIKI/THREAD_160100090.md,d7e60f62323d2693749c3e797be692117f94d48e807c59d2504e53a082ee38f1,ADMITTED,series/blue-archive/02 Sequential Readings/BOND/BLUE_ARCHIVE_HIBIKI_PHASE2_PRIVATE_CONTEXTUAL_ACCOUNT_20261008.md,REF:CYCLE008_ACCEPTED,REF:CYCLE008_SCOPE,unresolved,,REF:CYCLE008_LIMITS,UNASSESSED,REF:PRIVATE_PRIORITY,,,
BA:momotalk:16010:thread:160100160,momotalk,MANDATORY_COMPLETE_REVIEW,02_CANONICAL_STORIES/MOMOTALK/HIBIKI/THREAD_160100160.md,66c61fe8e56ad27039097cc1be31ab824c0fcb415d854da7df4750bbc25106e4,ADMITTED,series/blue-archive/02 Sequential Readings/BOND/BLUE_ARCHIVE_HIBIKI_PHASE2_PRIVATE_CONTEXTUAL_ACCOUNT_20261008.md,REF:CYCLE008_ACCEPTED,REF:CYCLE008_SCOPE,unresolved,,REF:CYCLE008_LIMITS,UNASSESSED,REF:PRIVATE_PRIORITY,,,
BA:momotalk:16010:thread:160100210,momotalk,MANDATORY_COMPLETE_REVIEW,02_CANONICAL_STORIES/MOMOTALK/HIBIKI/THREAD_160100210.md,876e0db969b90d89dcfdc1d7b6be84fbd3b2bf04f24c907a19cb9bbabc589837,ADMITTED,series/blue-archive/02 Sequential Readings/BOND/BLUE_ARCHIVE_HIBIKI_PHASE2_PRIVATE_CONTEXTUAL_ACCOUNT_20261008.md,REF:CYCLE008_ACCEPTED,REF:CYCLE008_SCOPE,unresolved,,REF:CYCLE008_LIMITS,UNASSESSED,REF:PRIVATE_PRIORITY,,,
BA:momotalk:16011:thread:160110010,momotalk,MANDATORY_COMPLETE_REVIEW,02_CANONICAL_STORIES/MOMOTALK/HASUMI/THREAD_160110010.md,4eda6e1818a192219bc099ca123af1381180684bed5048df53a51ad50a29e729,ADMITTED,series/blue-archive/02 Sequential Readings/BOND/BLUE_ARCHIVE_HASUMI_TSURUGI_PRIVATE_CONTEXTUALIZATION_CHECKPOINT.md,REF:CYCLE008_ACCEPTED,REF:CYCLE008_SCOPE,unresolved,,REF:CYCLE008_LIMITS,UNASSESSED,REF:PRIVATE_PRIORITY,,,
BA:momotalk:16011:thread:160110090,momotalk,MANDATORY_COMPLETE_REVIEW,02_CANONICAL_STORIES/MOMOTALK/HASUMI/THREAD_160110090.md,090eafff0ad4976d3b64c9c1a15805a3ca396ec1d9e635391406bd54f88bd586,ADMITTED,series/blue-archive/02 Sequential Readings/BOND/BLUE_ARCHIVE_HASUMI_TSURUGI_PRIVATE_CONTEXTUALIZATION_CHECKPOINT.md,REF:CYCLE008_ACCEPTED,REF:CYCLE008_SCOPE,unresolved,,REF:CYCLE008_LIMITS,UNASSESSED,REF:PRIVATE_PRIORITY,,,
BA:momotalk:16011:thread:160110180,momotalk,MANDATORY_COMPLETE_REVIEW,02_CANONICAL_STORIES/MOMOTALK/HASUMI/THREAD_160110180.md,ea35349b72eead73be294e79ad67fd9ff2e3b7b9fc53afb02731f093203afc49,ADMITTED,series/blue-archive/02 Sequential Readings/BOND/BLUE_ARCHIVE_HASUMI_TSURUGI_PRIVATE_CONTEXTUALIZATION_CHECKPOINT.md,REF:CYCLE008_ACCEPTED,REF:CYCLE008_SCOPE,unresolved,,REF:CYCLE008_LIMITS,UNASSESSED,REF:PRIVATE_PRIORITY,,,
BA:momotalk:16011:thread:160110310,momotalk,MANDATORY_COMPLETE_REVIEW,02_CANONICAL_STORIES/MOMOTALK/HASUMI/THREAD_160110310.md,35f64a0c32b3c5b11fdb8edd274835ffa1d9934b488cabec8dec296798fdc5a5,ADMITTED,series/blue-archive/02 Sequential Readings/BOND/BLUE_ARCHIVE_HASUMI_TSURUGI_PRIVATE_CONTEXTUALIZATION_CHECKPOINT.md,REF:CYCLE008_ACCEPTED,REF:CYCLE008_SCOPE,unresolved,,REF:CYCLE008_LIMITS,UNASSESSED,REF:PRIVATE_PRIORITY,,,
BA:momotalk:16012:thread:160120010,momotalk,MANDATORY_COMPLETE_REVIEW,02_CANONICAL_STORIES/MOMOTALK/ZUNKO/THREAD_160120010.md,79f2d678140dee86452b41971a7530ff1b9ffa7d452799b445d569a387af9358,ADMITTED,series/blue-archive/02 Sequential Readings/BOND/BLUE_ARCHIVE_GEHENNA20_PHASE2_PRIVATE_CONTEXTUAL_ACCOUNT_20261008.md,REF:CYCLE008_ACCEPTED,REF:CYCLE008_SCOPE,unresolved,,REF:CYCLE008_LIMITS,UNASSESSED,REF:PRIVATE_PRIORITY,,,
BA:momotalk:16012:thread:160120060,momotalk,MANDATORY_COMPLETE_REVIEW,02_CANONICAL_STORIES/MOMOTALK/ZUNKO/THREAD_160120060.md,6b5f45ea16ed4c5bfa4a8a2f25e34b8f3d5f86199910e771c92bf19d440ced70,ADMITTED,series/blue-archive/02 Sequential Readings/BOND/BLUE_ARCHIVE_GEHENNA20_PHASE2_PRIVATE_CONTEXTUAL_ACCOUNT_20261008.md,REF:ORIGINAL_ADMISSION_RECORD_0020,REF:ORIGINAL_ADMITTED_CLAIM_SCOPE_0034,LOCAL_RELATIVE_ONLY,Local prior request and afterword only; no Rei encounter chronology.,REF:ORIGINAL_ATTRIBUTION_LIMITS_0035,HIGH,REF:ORIGINAL_PRIORITY_REASON_0036,,,
BA:momotalk:16012:thread:160120150,momotalk,MANDATORY_COMPLETE_REVIEW,02_CANONICAL_STORIES/MOMOTALK/ZUNKO/THREAD_160120150.md,8961a309dda475e70a487ecd3487700be7cb07d4a62d8336ab39f9a286607352,ADMITTED,series/blue-archive/02 Sequential Readings/BOND/BLUE_ARCHIVE_GEHENNA20_PHASE2_PRIVATE_CONTEXTUAL_ACCOUNT_20261008.md,REF:CYCLE008_ACCEPTED,REF:CYCLE008_SCOPE,unresolved,,REF:CYCLE008_LIMITS,UNASSESSED,REF:PRIVATE_PRIORITY,,,
BA:momotalk:16013:thread:160130010,momotalk,MANDATORY_COMPLETE_REVIEW,02_CANONICAL_STORIES/MOMOTALK/KOHARU/THREAD_160130010.md,95267cafb019d3b73270f04e439f74886f4a14cc260f8f878db64a451dfbc14e,ADMITTED,series/blue-archive/02 Sequential Readings/BOND/KOHARU/BLUE_ARCHIVE_KOHARU_PRIVATE_CONTEXTUALIZATION_CHECKPOINT.md,REF:CYCLE008_ACCEPTED,REF:CYCLE008_SCOPE,unresolved,,REF:CYCLE008_LIMITS,UNASSESSED,REF:PRIVATE_PRIORITY,,,
BA:momotalk:16013:thread:160130120,momotalk,MANDATORY_COMPLETE_REVIEW,02_CANONICAL_STORIES/MOMOTALK/KOHARU/THREAD_160130120.md,59cf998a3f3dfc4a181868d002af43b4776e07ae332802ffe7199332fff7e506,ADMITTED,series/blue-archive/02 Sequential Readings/BOND/KOHARU/BLUE_ARCHIVE_KOHARU_PRIVATE_CONTEXTUALIZATION_CHECKPOINT.md,REF:CYCLE008_ACCEPTED,REF:CYCLE008_SCOPE,unresolved,,REF:CYCLE008_LIMITS,UNASSESSED,REF:PRIVATE_PRIORITY,,,
BA:momotalk:16013:thread:160130230,momotalk,MANDATORY_COMPLETE_REVIEW,02_CANONICAL_STORIES/MOMOTALK/KOHARU/THREAD_160130230.md,80a77ed5319f273d54c1ca8bbe1b1ca8f4e9a89345af64a6925305b5cf236c06,ADMITTED,series/blue-archive/02 Sequential Readings/BOND/KOHARU/BLUE_ARCHIVE_KOHARU_PRIVATE_CONTEXTUALIZATION_CHECKPOINT.md,REF:CYCLE008_ACCEPTED,REF:CYCLE008_SCOPE,unresolved,,REF:CYCLE008_LIMITS,UNASSESSED,REF:PRIVATE_PRIORITY,,,
BA:momotalk:16014:thread:160140010,momotalk,MANDATORY_COMPLETE_REVIEW,02_CANONICAL_STORIES/MOMOTALK/CH0077/THREAD_160140010.md,9024998960a782dcc293bd1e0faecdec1dbb93853379bec0d034716cfe97f3e8,ADMITTED,series/blue-archive/02 Sequential Readings/BOND/BLUE_ARCHIVE_GEHENNA20_PHASE2_PRIVATE_CONTEXTUAL_ACCOUNT_20261008.md,REF:CYCLE008_ACCEPTED,REF:CYCLE008_SCOPE,unresolved,,REF:CYCLE008_LIMITS,UNASSESSED,REF:PRIVATE_PRIORITY,,,
BA:momotalk:16014:thread:160140080,momotalk,MANDATORY_COMPLETE_REVIEW,02_CANONICAL_STORIES/MOMOTALK/CH0077/THREAD_160140080.md,96b60d29549f8003fd9c699b8a236c33734171d0725103e7b0166c8751ff23c6,ADMITTED,series/blue-archive/02 Sequential Readings/BOND/BLUE_ARCHIVE_GEHENNA20_PHASE2_PRIVATE_CONTEXTUAL_ACCOUNT_20261008.md,REF:CYCLE008_ACCEPTED,REF:CYCLE008_SCOPE,unresolved,,REF:CYCLE008_LIMITS,UNASSESSED,REF:PRIVATE_PRIORITY,,,
BA:momotalk:16014:thread:160140210,momotalk,MANDATORY_COMPLETE_REVIEW,02_CANONICAL_STORIES/MOMOTALK/CH0077/THREAD_160140210.md,7129993dbae26f49c4fc11d7c1c19fae40d5ddcbcef56e684ddd170016aa6a95,ADMITTED,series/blue-archive/02 Sequential Readings/BOND/BLUE_ARCHIVE_GEHENNA20_PHASE2_PRIVATE_CONTEXTUAL_ACCOUNT_20261008.md,REF:CYCLE008_ACCEPTED,REF:CYCLE008_SCOPE,unresolved,,REF:CYCLE008_LIMITS,UNASSESSED,REF:PRIVATE_PRIORITY,,,
BA:momotalk:16014:thread:160140320,momotalk,MANDATORY_COMPLETE_REVIEW,02_CANONICAL_STORIES/MOMOTALK/CH0077/THREAD_160140320.md,ae084086ed7f94c8d1e48b6f2e2f27920c05ce9c67af9809cde2f9ed8049b336,ADMITTED,series/blue-archive/02 Sequential Readings/BOND/BLUE_ARCHIVE_GEHENNA20_PHASE2_PRIVATE_CONTEXTUAL_ACCOUNT_20261008.md,REF:CYCLE008_ACCEPTED,REF:CYCLE008_SCOPE,unresolved,,REF:CYCLE008_LIMITS,UNASSESSED,REF:PRIVATE_PRIORITY,,,
BA:momotalk:16015:thread:160150010,momotalk,MANDATORY_COMPLETE_REVIEW,02_CANONICAL_STORIES/MOMOTALK/AIRI/THREAD_160150010.md,79ae700f2b0de0ac96b8191747ec334b1c25b1787d2a06278de3d794dbf3f72c,ADMITTED,series/blue-archive/02 Sequential Readings/BOND/BLUE_ARCHIVE_AIRI_KAZUSA_YOSHIMI_NATSU_PRIVATE_CONTEXTUALIZATION_CHECKPOINT.md,REF:CYCLE008_ACCEPTED,REF:CYCLE008_SCOPE,unresolved,,REF:CYCLE008_LIMITS,UNASSESSED,REF:PRIVATE_PRIORITY,,,
BA:momotalk:16015:thread:160150160,momotalk,MANDATORY_COMPLETE_REVIEW,02_CANONICAL_STORIES/MOMOTALK/AIRI/THREAD_160150160.md,6edff10c405b9a52ad093231bc03730300d0b3207e2caf5e89b82ac88e898bab,ADMITTED,series/blue-archive/02 Sequential Readings/BOND/BLUE_ARCHIVE_AIRI_KAZUSA_YOSHIMI_NATSU_PRIVATE_CONTEXTUALIZATION_CHECKPOINT.md,REF:CYCLE008_ACCEPTED,REF:CYCLE008_SCOPE,unresolved,,REF:CYCLE008_LIMITS,UNASSESSED,REF:PRIVATE_PRIORITY,,,
BA:momotalk:16015:thread:160150320,momotalk,MANDATORY_COMPLETE_REVIEW,02_CANONICAL_STORIES/MOMOTALK/AIRI/THREAD_160150320.md,5fb8fa57509936f615d2a870ab8ba86ec445574506922163a2edba54a43ea7cf,ADMITTED,series/blue-archive/02 Sequential Readings/BOND/BLUE_ARCHIVE_AIRI_KAZUSA_YOSHIMI_NATSU_PRIVATE_CONTEXTUALIZATION_CHECKPOINT.md,REF:CYCLE008_ACCEPTED,REF:CYCLE008_SCOPE,unresolved,,REF:CYCLE008_LIMITS,UNASSESSED,REF:PRIVATE_PRIORITY,,,
BA:momotalk:16016:thread:160160010,momotalk,MANDATORY_COMPLETE_REVIEW,02_CANONICAL_STORIES/MOMOTALK/CH0152/THREAD_160160010.md,cfd9536739e2993a45b774b1af1d5f30fc98873a2c0cf1bb08d645c1226d64f7,ADMITTED,series/blue-archive/02 Sequential Readings/BOND/MINE/BLUE_ARCHIVE_MINE_PRIVATE_CONTEXTUALIZATION_CHECKPOINT.md,REF:ORIGINAL_ADMISSION_RECORD_0007,REF:ORIGINAL_ADMITTED_CLAIM_SCOPE_0037,LOCAL_RELATIVE_ONLY,Positive FavorSchedule photoshoot join and local message discussion; no audited image repair or event/main order.,REF:ORIGINAL_ATTRIBUTION_LIMITS_0038,CORE,REF:ORIGINAL_PRIORITY_REASON_0039,,,
BA:momotalk:16016:thread:160160120,momotalk,MANDATORY_COMPLETE_REVIEW,02_CANONICAL_STORIES/MOMOTALK/CH0152/THREAD_160160120.md,9fa64fc7953336835bb9923155b0c483adde1c1cff2eb5d2492f02c64591b65a,ADMITTED,series/blue-archive/02 Sequential Readings/BOND/MINE/BLUE_ARCHIVE_MINE_PRIVATE_CONTEXTUALIZATION_CHECKPOINT.md,REF:ORIGINAL_ADMISSION_RECORD_0007,REF:ORIGINAL_ADMITTED_CLAIM_SCOPE_0040,LOCAL_RELATIVE_ONLY,Positive FavorSchedule join and explicit repeated encounters/few-day references only; no variant-to-main progression.,REF:ORIGINAL_ATTRIBUTION_LIMITS_0041,CORE,REF:ORIGINAL_PRIORITY_REASON_0042,,,
BA:momotalk:16016:thread:160160230,momotalk,MANDATORY_COMPLETE_REVIEW,02_CANONICAL_STORIES/MOMOTALK/CH0152/THREAD_160160230.md,710dca9043ca18148ea2ff0935ebe3c8ed8614dea2427f32db98f9d0a44bc4de,ADMITTED,series/blue-archive/02 Sequential Readings/BOND/MINE/BLUE_ARCHIVE_MINE_PRIVATE_CONTEXTUALIZATION_CHECKPOINT.md,REF:ORIGINAL_ADMISSION_RECORD_0007,REF:ORIGINAL_ADMITTED_CLAIM_SCOPE_0043,LOCAL_RELATIVE_ONLY,Positive FavorSchedule worry join and explicit recollection/message aftermath; no institutional ban or main order.,REF:ORIGINAL_ATTRIBUTION_LIMITS_0044,CORE,REF:ORIGINAL_PRIORITY_REASON_0045,,,
BA:momotalk:16016:thread:160160350,momotalk,MANDATORY_COMPLETE_REVIEW,02_CANONICAL_STORIES/MOMOTALK/CH0152/THREAD_160160350.md,1340597b6cca2806e69bd69c7137bc599b59dfb332838e182a1ccdbfde6750e6,ADMITTED,series/blue-archive/02 Sequential Readings/BOND/MINE/BLUE_ARCHIVE_MINE_PRIVATE_CONTEXTUALIZATION_CHECKPOINT.md,REF:ORIGINAL_ADMISSION_RECORD_0007,REF:ORIGINAL_ADMITTED_CLAIM_SCOPE_0046,LOCAL_RELATIVE_ONLY,Positive FavorSchedule holiday join and local references to the outfit worry; no event or main chronology.,REF:ORIGINAL_ATTRIBUTION_LIMITS_0047,CORE,REF:ORIGINAL_PRIORITY_REASON_0048,,,
BA:momotalk:16017:thread:160170010,momotalk,MANDATORY_COMPLETE_REVIEW,02_CANONICAL_STORIES/MOMOTALK/CH0288/THREAD_160170010.md,6cdeb54205b549c0b8754715a2cb9c77404ae66f6c06c59ba389c43ed36069cb,ADMITTED,series/blue-archive/02 Sequential Readings/BOND/BLUE_ARCHIVE_AOBA_PHASE2_PRIVATE_CONTEXTUAL_ACCOUNT_20261009.md,REF:CYCLE008_ACCEPTED,REF:CYCLE008_SCOPE,unresolved,,REF:CYCLE008_LIMITS;REF:NEW80_ROOT_QUALIFIED;REF:NEW80_IDENTITY_MODES,UNASSESSED,REF:PRIVATE_PRIORITY,,,
BA:momotalk:16017:thread:160170200,momotalk,MANDATORY_COMPLETE_REVIEW,02_CANONICAL_STORIES/MOMOTALK/CH0288/THREAD_160170200.md,e5418d29c6996fdb8512073877f371335c6f4a8f324423f859bcbe0526d272ea,ADMITTED,series/blue-archive/02 Sequential Readings/BOND/BLUE_ARCHIVE_AOBA_PHASE2_PRIVATE_CONTEXTUAL_ACCOUNT_20261009.md,REF:CYCLE008_ACCEPTED,REF:CYCLE008_SCOPE,unresolved,,REF:CYCLE008_LIMITS;REF:NEW80_ROOT_QUALIFIED;REF:NEW80_IDENTITY_MODES,UNASSESSED,REF:PRIVATE_PRIORITY,,,
BA:momotalk:16017:thread:160170330,momotalk,MANDATORY_COMPLETE_REVIEW,02_CANONICAL_STORIES/MOMOTALK/CH0288/THREAD_160170330.md,35ce0025e8f19592f0c31819cbbe6c5a4da84cbf441cb3a8bf2afa1c3d416849,ADMITTED,series/blue-archive/02 Sequential Readings/BOND/BLUE_ARCHIVE_AOBA_PHASE2_PRIVATE_CONTEXTUAL_ACCOUNT_20261009.md,REF:CYCLE008_ACCEPTED,REF:CYCLE008_SCOPE,unresolved,,REF:CYCLE008_LIMITS;REF:NEW80_ROOT_QUALIFIED;REF:NEW80_IDENTITY_MODES,UNASSESSED,REF:PRIVATE_PRIORITY,,,
BA:momotalk:16017:thread:160170510,momotalk,MANDATORY_COMPLETE_REVIEW,02_CANONICAL_STORIES/MOMOTALK/CH0288/THREAD_160170510.md,b20b2ff761efd26d355fa6c0f0a1431634638bbd38d40a6601e2140b0fea5b28,ADMITTED,series/blue-archive/02 Sequential Readings/BOND/BLUE_ARCHIVE_AOBA_PHASE2_PRIVATE_CONTEXTUAL_ACCOUNT_20261009.md,REF:CYCLE008_ACCEPTED,REF:CYCLE008_SCOPE,unresolved,,REF:CYCLE008_LIMITS;REF:NEW80_ROOT_QUALIFIED;REF:NEW80_IDENTITY_MODES,UNASSESSED,REF:PRIVATE_PRIORITY,,,
BA:momotalk:16018:thread:160180010,momotalk,MANDATORY_COMPLETE_REVIEW,02_CANONICAL_STORIES/MOMOTALK/CH0166/THREAD_160180010.md,9ce132faa1cc2ed14deedb454761ff05adb7fd2d49639942b4aacba726ac3f42,ADMITTED,series/blue-archive/02 Sequential Readings/BOND/BLUE_ARCHIVE_LOVE_PHASE2_PRIVATE_CONTEXTUAL_ACCOUNT_20261009.md,REF:CYCLE008_ACCEPTED,REF:CYCLE008_SCOPE,unresolved,,REF:CYCLE008_LIMITS;REF:NEW80_ROOT_QUALIFIED;REF:NEW80_IDENTITY_MODES,UNASSESSED,REF:PRIVATE_PRIORITY,,,
BA:momotalk:16018:thread:160180210,momotalk,MANDATORY_COMPLETE_REVIEW,02_CANONICAL_STORIES/MOMOTALK/CH0166/THREAD_160180210.md,91cea7cfdce5f1bce08f27165a69bc8e76939fbfca11f6ddad036a8964753848,ADMITTED,series/blue-archive/02 Sequential Readings/BOND/BLUE_ARCHIVE_LOVE_PHASE2_PRIVATE_CONTEXTUAL_ACCOUNT_20261009.md,REF:CYCLE008_ACCEPTED,REF:CYCLE008_SCOPE,unresolved,,REF:CYCLE008_LIMITS;REF:NEW80_ROOT_QUALIFIED;REF:NEW80_IDENTITY_MODES,UNASSESSED,REF:PRIVATE_PRIORITY,,,
BA:momotalk:16018:thread:160180340,momotalk,MANDATORY_COMPLETE_REVIEW,02_CANONICAL_STORIES/MOMOTALK/CH0166/THREAD_160180340.md,7c6523e0cae98bc11d740f6c17dd86cf9352bf4ba874949ff8ed46a3869e2546,ADMITTED,series/blue-archive/02 Sequential Readings/BOND/BLUE_ARCHIVE_LOVE_PHASE2_PRIVATE_CONTEXTUAL_ACCOUNT_20261009.md,REF:CYCLE008_ACCEPTED,REF:CYCLE008_SCOPE,unresolved,,REF:CYCLE008_LIMITS;REF:NEW80_ROOT_QUALIFIED;REF:NEW80_IDENTITY_MODES,UNASSESSED,REF:PRIVATE_PRIORITY,,,
BA:momotalk:16018:thread:160180470,momotalk,MANDATORY_COMPLETE_REVIEW,02_CANONICAL_STORIES/MOMOTALK/CH0166/THREAD_160180470.md,1b215aaa537aff554dce41c2a0382907018e1e835a5a70712f232b145c3862d5,ADMITTED,series/blue-archive/02 Sequential Readings/BOND/BLUE_ARCHIVE_LOVE_PHASE2_PRIVATE_CONTEXTUAL_ACCOUNT_20261009.md,REF:CYCLE008_ACCEPTED,REF:CYCLE008_SCOPE,unresolved,,REF:CYCLE008_LIMITS;REF:NEW80_ROOT_QUALIFIED;REF:NEW80_IDENTITY_MODES,UNASSESSED,REF:PRIVATE_PRIORITY,,,
BA:momotalk:16019:thread:160190010,momotalk,MANDATORY_COMPLETE_REVIEW,02_CANONICAL_STORIES/MOMOTALK/CH0187/THREAD_160190010.md,a6a5e742be573b020478cffbf9c25e1ad805688305a64baa9431a22451e53f5e,ADMITTED,series/blue-archive/02 Sequential Readings/BOND/BLUE_ARCHIVE_TOKI_PHASE2_PRIVATE_CONTEXTUAL_ACCOUNT_20261008.md,REF:CYCLE008_ACCEPTED,REF:CYCLE008_SCOPE,unresolved,,REF:CYCLE008_LIMITS,UNASSESSED,REF:PRIVATE_PRIORITY,,,
BA:momotalk:16019:thread:160190060,momotalk,MANDATORY_COMPLETE_REVIEW,02_CANONICAL_STORIES/MOMOTALK/CH0187/THREAD_160190060.md,5545eb9f468e4c792bf9919c8cbb5eda70ccbacfec8679e3ca24305893a7f31c,ADMITTED,series/blue-archive/02 Sequential Readings/BOND/BLUE_ARCHIVE_TOKI_PHASE2_PRIVATE_CONTEXTUAL_ACCOUNT_20261008.md,REF:CYCLE008_ACCEPTED,REF:CYCLE008_SCOPE,unresolved,,REF:CYCLE008_LIMITS,UNASSESSED,REF:PRIVATE_PRIORITY,,,
BA:momotalk:16019:thread:160190100,momotalk,MANDATORY_COMPLETE_REVIEW,02_CANONICAL_STORIES/MOMOTALK/CH0187/THREAD_160190100.md,53ec75151f84fc968c1b3f5138ef1e9e0209a69e45540d1b61a24fed679aa77a,ADMITTED,series/blue-archive/02 Sequential Readings/BOND/BLUE_ARCHIVE_TOKI_PHASE2_PRIVATE_CONTEXTUAL_ACCOUNT_20261008.md,REF:CYCLE008_ACCEPTED,REF:CYCLE008_SCOPE,unresolved,,REF:CYCLE008_LIMITS,UNASSESSED,REF:PRIVATE_PRIORITY,,,
BA:momotalk:16019:thread:160190180,momotalk,MANDATORY_COMPLETE_REVIEW,02_CANONICAL_STORIES/MOMOTALK/CH0187/THREAD_160190180.md,3fb261c6e7003c63aa8555df3428fe0efd25133e368560ab2a6e92968644d1da,ADMITTED,series/blue-archive/02 Sequential Readings/BOND/BLUE_ARCHIVE_TOKI_PHASE2_PRIVATE_CONTEXTUAL_ACCOUNT_20261008.md,REF:CYCLE008_ACCEPTED,REF:CYCLE008_SCOPE,unresolved,,REF:CYCLE008_LIMITS,UNASSESSED,REF:PRIVATE_PRIORITY,,,
BA:momotalk:16020:thread:160200010,momotalk,MANDATORY_COMPLETE_REVIEW,02_CANONICAL_STORIES/MOMOTALK/CH0174/THREAD_160200010.md,288db29c9a17ee6abe8497e42fc50b0c76afd067e344b283776ae01510f0c89f,ADMITTED,series/blue-archive/02 Sequential Readings/BOND/OTOGI/BLUE_ARCHIVE_OTOGI_PHASE2_PRIVATE_CONTEXTUAL_ACCOUNT_20261008.md,REF:CYCLE008_ACCEPTED,REF:CYCLE008_SCOPE,unresolved,,REF:CYCLE008_LIMITS,UNASSESSED,REF:PRIVATE_PRIORITY,,,
BA:momotalk:16020:thread:160200190,momotalk,MANDATORY_COMPLETE_REVIEW,02_CANONICAL_STORIES/MOMOTALK/CH0174/THREAD_160200190.md,a349b5fc0ad947c533950988299b7531c3be438896f166d26ded8f20e225494b,ADMITTED,series/blue-archive/02 Sequential Readings/BOND/OTOGI/BLUE_ARCHIVE_OTOGI_PHASE2_PRIVATE_CONTEXTUAL_ACCOUNT_20261008.md,REF:CYCLE008_ACCEPTED,REF:CYCLE008_SCOPE,unresolved,,REF:CYCLE008_LIMITS,UNASSESSED,REF:PRIVATE_PRIORITY,,,
BA:momotalk:16020:thread:160200280,momotalk,MANDATORY_COMPLETE_REVIEW,02_CANONICAL_STORIES/MOMOTALK/CH0174/THREAD_160200280.md,e7b8928823330f7457427557610e9409d1e70223987f87ebb483b0c2c2ff9bb1,ADMITTED,series/blue-archive/02 Sequential Readings/BOND/OTOGI/BLUE_ARCHIVE_OTOGI_PHASE2_PRIVATE_CONTEXTUAL_ACCOUNT_20261008.md,REF:CYCLE008_ACCEPTED,REF:CYCLE008_SCOPE,unresolved,,REF:CYCLE008_LIMITS,UNASSESSED,REF:PRIVATE_PRIORITY,,,
BA:momotalk:16020:thread:160200350,momotalk,MANDATORY_COMPLETE_REVIEW,02_CANONICAL_STORIES/MOMOTALK/CH0174/THREAD_160200350.md,0af7d56c6c429db7dd26e3878abb429c353796011f197a8ff89621981ae65e87,ADMITTED,series/blue-archive/02 Sequential Readings/BOND/OTOGI/BLUE_ARCHIVE_OTOGI_PHASE2_PRIVATE_CONTEXTUAL_ACCOUNT_20261008.md,REF:CYCLE008_ACCEPTED,REF:CYCLE008_SCOPE,unresolved,,REF:CYCLE008_LIMITS,UNASSESSED,REF:PRIVATE_PRIORITY,,,
BA:momotalk:16020:thread:160200420,momotalk,MANDATORY_COMPLETE_REVIEW,02_CANONICAL_STORIES/MOMOTALK/CH0174/THREAD_160200420.md,d326ff604955ea84b4299ad289fcaf7dacdb13cca2007bcf4af9c5a0f116dbfb,ADMITTED,series/blue-archive/02 Sequential Readings/BOND/OTOGI/BLUE_ARCHIVE_OTOGI_PHASE2_PRIVATE_CONTEXTUAL_ACCOUNT_20261008.md,REF:CYCLE008_ACCEPTED,REF:CYCLE008_SCOPE,unresolved,,REF:CYCLE008_LIMITS,UNASSESSED,REF:PRIVATE_PRIORITY,,,
BA:momotalk:20000:thread:200000010,momotalk,MANDATORY_COMPLETE_REVIEW,02_CANONICAL_STORIES/MOMOTALK/HIBIKI/THREAD_200000010.md,8cabb3a5d6f27f4c3d9aa47b0bade56a13faa561767755a1ad6c9f248e434710,ADMITTED,series/blue-archive/02 Sequential Readings/BOND/BLUE_ARCHIVE_HIBIKI_PHASE2_PRIVATE_CONTEXTUAL_ACCOUNT_20261008.md,REF:CYCLE008_ACCEPTED,REF:CYCLE008_SCOPE,unresolved,,REF:CYCLE008_LIMITS,UNASSESSED,REF:PRIVATE_PRIORITY,,,
BA:momotalk:20000:thread:200000090,momotalk,MANDATORY_COMPLETE_REVIEW,02_CANONICAL_STORIES/MOMOTALK/HIBIKI/THREAD_200000090.md,4cd7dcf1abb7ddcea685187ed624ba09f1d11ec481ca33c416bd81be50a1a905,ADMITTED,series/blue-archive/02 Sequential Readings/BOND/BLUE_ARCHIVE_HIBIKI_PHASE2_PRIVATE_CONTEXTUAL_ACCOUNT_20261008.md,REF:CYCLE008_ACCEPTED,REF:CYCLE008_SCOPE,unresolved,,REF:CYCLE008_LIMITS,UNASSESSED,REF:PRIVATE_PRIORITY,,,
BA:momotalk:20000:thread:200000180,momotalk,MANDATORY_COMPLETE_REVIEW,02_CANONICAL_STORIES/MOMOTALK/HIBIKI/THREAD_200000180.md,9a2dfa56ca68d2c91d52663d5f61c84fdc8da72ed9c1726bc463f3ed3c4023f4,ADMITTED,series/blue-archive/02 Sequential Readings/BOND/BLUE_ARCHIVE_HIBIKI_PHASE2_PRIVATE_CONTEXTUAL_ACCOUNT_20261008.md,REF:CYCLE008_ACCEPTED,REF:CYCLE008_SCOPE,unresolved,,REF:CYCLE008_LIMITS,UNASSESSED,REF:PRIVATE_PRIORITY,,,
BA:momotalk:20000:thread:200000260,momotalk,MANDATORY_COMPLETE_REVIEW,02_CANONICAL_STORIES/MOMOTALK/HIBIKI/THREAD_200000260.md,0a852075896213d746b7e429f9b92fe59f1f28eeca16dfc44e02109d845f7d68,ADMITTED,series/blue-archive/02 Sequential Readings/BOND/BLUE_ARCHIVE_HIBIKI_PHASE2_PRIVATE_CONTEXTUAL_ACCOUNT_20261008.md,REF:CYCLE008_ACCEPTED,REF:CYCLE008_SCOPE,unresolved,,REF:CYCLE008_LIMITS,UNASSESSED,REF:PRIVATE_PRIORITY,,,
BA:momotalk:20000:thread:200000360,momotalk,MANDATORY_COMPLETE_REVIEW,02_CANONICAL_STORIES/MOMOTALK/HIBIKI/THREAD_200000360.md,bd17434d84562afe1fc0ea0bce681525d5720afb9e6e97ab3d30b182b3b629a3,ADMITTED,series/blue-archive/02 Sequential Readings/BOND/BLUE_ARCHIVE_HIBIKI_PHASE2_PRIVATE_CONTEXTUAL_ACCOUNT_20261008.md,REF:CYCLE008_ACCEPTED,REF:CYCLE008_SCOPE,unresolved,,REF:CYCLE008_LIMITS,UNASSESSED,REF:PRIVATE_PRIORITY,,,
BA:momotalk:20000:thread:200000440,momotalk,MANDATORY_COMPLETE_REVIEW,02_CANONICAL_STORIES/MOMOTALK/HIBIKI/THREAD_200000440.md,d098a54b9d48af57d3ff61de631b0b02e35b83b22a793601fc0a02fb368bed8f,ADMITTED,series/blue-archive/02 Sequential Readings/BOND/BLUE_ARCHIVE_HIBIKI_PHASE2_PRIVATE_CONTEXTUAL_ACCOUNT_20261008.md,REF:CYCLE008_ACCEPTED,REF:CYCLE008_SCOPE,unresolved,,REF:CYCLE008_LIMITS,UNASSESSED,REF:PRIVATE_PRIORITY,,,
BA:momotalk:20000:thread:200000510,momotalk,MANDATORY_COMPLETE_REVIEW,02_CANONICAL_STORIES/MOMOTALK/HIBIKI/THREAD_200000510.md,061629e53618395db571fdbc3bb9c7f6e91e9027368f6c31d556e5fcfb4994ad,ADMITTED,series/blue-archive/02 Sequential Readings/BOND/BLUE_ARCHIVE_HIBIKI_PHASE2_PRIVATE_CONTEXTUAL_ACCOUNT_20261008.md,REF:CYCLE008_ACCEPTED,REF:CYCLE008_SCOPE,unresolved,,REF:CYCLE008_LIMITS,UNASSESSED,REF:PRIVATE_PRIORITY,,,
BA:momotalk:20001:thread:200010010,momotalk,MANDATORY_COMPLETE_REVIEW,02_CANONICAL_STORIES/MOMOTALK/KARIN/THREAD_200010010.md,6d9abf039ae2fd67fb63a0f25595d767476f789c0c8b2ff355448e7e7bdddeae,ADMITTED,series/blue-archive/02 Sequential Readings/BOND/BLUE_ARCHIVE_KARIN_PHASE2_PRIVATE_CONTEXTUAL_ACCOUNT_20261008.md,REF:CYCLE008_ACCEPTED,REF:CYCLE008_SCOPE,unresolved,,REF:CYCLE008_LIMITS,UNASSESSED,REF:PRIVATE_PRIORITY,,,
BA:momotalk:20001:thread:200010080,momotalk,MANDATORY_COMPLETE_REVIEW,02_CANONICAL_STORIES/MOMOTALK/KARIN/THREAD_200010080.md,3ece22a19f72528fa060c5559782749a201b704237c11687a4bb4474c351f952,ADMITTED,series/blue-archive/02 Sequential Readings/BOND/BLUE_ARCHIVE_KARIN_PHASE2_PRIVATE_CONTEXTUAL_ACCOUNT_20261008.md,REF:CYCLE008_ACCEPTED,REF:CYCLE008_SCOPE,unresolved,,REF:CYCLE008_LIMITS,UNASSESSED,REF:PRIVATE_PRIORITY,,,
BA:momotalk:20001:thread:200010140,momotalk,MANDATORY_COMPLETE_REVIEW,02_CANONICAL_STORIES/MOMOTALK/KARIN/THREAD_200010140.md,ea7e1004169f767b57c8d550244d6384d7556f8e9c2ccdac207958018315c21f,ADMITTED,series/blue-archive/02 Sequential Readings/BOND/BLUE_ARCHIVE_KARIN_PHASE2_PRIVATE_CONTEXTUAL_ACCOUNT_20261008.md,REF:CYCLE008_ACCEPTED,REF:CYCLE008_SCOPE,unresolved,,REF:CYCLE008_LIMITS,UNASSESSED,REF:PRIVATE_PRIORITY,,,
BA:momotalk:20001:thread:200010190,momotalk,MANDATORY_COMPLETE_REVIEW,02_CANONICAL_STORIES/MOMOTALK/KARIN/THREAD_200010190.md,9998b5d070b4efebb888af26179deb07470ce386c063d72beea8849d656c15dc,ADMITTED,series/blue-archive/02 Sequential Readings/BOND/BLUE_ARCHIVE_KARIN_PHASE2_PRIVATE_CONTEXTUAL_ACCOUNT_20261008.md,REF:CYCLE008_ACCEPTED,REF:CYCLE008_SCOPE,unresolved,,REF:CYCLE008_LIMITS,UNASSESSED,REF:PRIVATE_PRIORITY,,,
BA:momotalk:20001:thread:200010250,momotalk,MANDATORY_COMPLETE_REVIEW,02_CANONICAL_STORIES/MOMOTALK/KARIN/THREAD_200010250.md,3f850804cd3f862f39b09b334d84e129b0ea8069db08c99a363c220395826b46,ADMITTED,series/blue-archive/02 Sequential Readings/BOND/BLUE_ARCHIVE_KARIN_PHASE2_PRIVATE_CONTEXTUAL_ACCOUNT_20261008.md,REF:CYCLE008_ACCEPTED,REF:CYCLE008_SCOPE,unresolved,,REF:CYCLE008_LIMITS,UNASSESSED,REF:PRIVATE_PRIORITY,,,
BA:momotalk:20001:thread:200010370,momotalk,MANDATORY_COMPLETE_REVIEW,02_CANONICAL_STORIES/MOMOTALK/KARIN/THREAD_200010370.md,c14a60e57fb287bbd596754d41b9b0afcb7b7b0bc4f716290398189091cb4e92,ADMITTED,series/blue-archive/02 Sequential Readings/BOND/BLUE_ARCHIVE_KARIN_PHASE2_PRIVATE_CONTEXTUAL_ACCOUNT_20261008.md,REF:CYCLE008_ACCEPTED,REF:CYCLE008_SCOPE,unresolved,,REF:CYCLE008_LIMITS,UNASSESSED,REF:PRIVATE_PRIORITY,,,
BA:momotalk:20001:thread:200010460,momotalk,MANDATORY_COMPLETE_REVIEW,02_CANONICAL_STORIES/MOMOTALK/KARIN/THREAD_200010460.md,1224b014fad63a7d01be7f9b06db20b120ed2547dbbb2f1d5fa3e61a185032f7,ADMITTED,series/blue-archive/02 Sequential Readings/BOND/BLUE_ARCHIVE_KARIN_PHASE2_PRIVATE_CONTEXTUAL_ACCOUNT_20261008.md,REF:CYCLE008_ACCEPTED,REF:CYCLE008_SCOPE,unresolved,,REF:CYCLE008_LIMITS,UNASSESSED,REF:PRIVATE_PRIORITY,,,
BA:momotalk:20002:thread:200020010,momotalk,MANDATORY_COMPLETE_REVIEW,02_CANONICAL_STORIES/MOMOTALK/SAYA/THREAD_200020010.md,43b60215b2b3729139b5cb854f1295b2fbf6fd5a2d5ebd536a10ce31326f72ac,ADMITTED,series/blue-archive/02 Sequential Readings/BOND/BLUE_ARCHIVE_SHANHAIJING6_AND_SAYA_PHASE2_PRIVATE_CONTEXTUAL_ACCOUNT_20261008.md,REF:CYCLE008_ACCEPTED,REF:CYCLE008_SCOPE,unresolved,,REF:CYCLE008_LIMITS,UNASSESSED,REF:PRIVATE_PRIORITY,,,
BA:momotalk:20002:thread:200020120,momotalk,MANDATORY_COMPLETE_REVIEW,02_CANONICAL_STORIES/MOMOTALK/SAYA/THREAD_200020120.md,205ebde1742cf9d3a940f8dc13963e36910042b81634bedcce853109f340d658,ADMITTED,series/blue-archive/02 Sequential Readings/BOND/BLUE_ARCHIVE_SHANHAIJING6_AND_SAYA_PHASE2_PRIVATE_CONTEXTUAL_ACCOUNT_20261008.md,REF:CYCLE008_ACCEPTED,REF:CYCLE008_SCOPE,unresolved,,REF:CYCLE008_LIMITS,UNASSESSED,REF:PRIVATE_PRIORITY,,,
BA:momotalk:20002:thread:200020190,momotalk,MANDATORY_COMPLETE_REVIEW,02_CANONICAL_STORIES/MOMOTALK/SAYA/THREAD_200020190.md,7bc981e5cf73d9fa5478a4a09716c817b4a58da9be010f966ffe692a3fa65f79,ADMITTED,series/blue-archive/02 Sequential Readings/BOND/BLUE_ARCHIVE_SHANHAIJING6_AND_SAYA_PHASE2_PRIVATE_CONTEXTUAL_ACCOUNT_20261008.md,REF:CYCLE008_ACCEPTED,REF:CYCLE008_SCOPE,unresolved,,REF:CYCLE008_LIMITS,UNASSESSED,REF:PRIVATE_PRIORITY,,,
BA:momotalk:20002:thread:200020260,momotalk,MANDATORY_COMPLETE_REVIEW,02_CANONICAL_STORIES/MOMOTALK/SAYA/THREAD_200020260.md,861e4f1f33b79340ea827460456cfb340e1016164ad44156b3c40b6cd613f79b,ADMITTED,series/blue-archive/02 Sequential Readings/BOND/BLUE_ARCHIVE_SHANHAIJING6_AND_SAYA_PHASE2_PRIVATE_CONTEXTUAL_ACCOUNT_20261008.md,REF:CYCLE008_ACCEPTED,REF:CYCLE008_SCOPE,unresolved,,REF:CYCLE008_LIMITS,UNASSESSED,REF:PRIVATE_PRIORITY,,,
BA:momotalk:20002:thread:200020320,momotalk,MANDATORY_COMPLETE_REVIEW,02_CANONICAL_STORIES/MOMOTALK/SAYA/THREAD_200020320.md,f1c3d797560d42e4b49f1ec0b4d768b71dc60208f08768c3a0d6f04c7f8c4e32,ADMITTED,series/blue-archive/02 Sequential Readings/BOND/BLUE_ARCHIVE_SHANHAIJING6_AND_SAYA_PHASE2_PRIVATE_CONTEXTUAL_ACCOUNT_20261008.md,REF:CYCLE008_ACCEPTED,REF:CYCLE008_SCOPE,unresolved,,REF:CYCLE008_LIMITS,UNASSESSED,REF:PRIVATE_PRIORITY,,,
BA:momotalk:20002:thread:200020410,momotalk,MANDATORY_COMPLETE_REVIEW,02_CANONICAL_STORIES/MOMOTALK/SAYA/THREAD_200020410.md,635dd5c590d75c656379929493cb8e50dc9d4403927bf49de04e92ec4fee2e53,ADMITTED,series/blue-archive/02 Sequential Readings/BOND/BLUE_ARCHIVE_SHANHAIJING6_AND_SAYA_PHASE2_PRIVATE_CONTEXTUAL_ACCOUNT_20261008.md,REF:CYCLE008_ACCEPTED,REF:CYCLE008_SCOPE,unresolved,,REF:CYCLE008_LIMITS,UNASSESSED,REF:PRIVATE_PRIORITY,,,
BA:momotalk:20003:thread:200030010,momotalk,MANDATORY_COMPLETE_REVIEW,02_CANONICAL_STORIES/MOMOTALK/MASHIRO/THREAD_200030010.md,75246a285df644c717a6b24edbeaf6a8cd004bad01ece2cc36e2d5abb3e37f6d,ADMITTED,series/blue-archive/02 Sequential Readings/BOND/MASHIRO/BLUE_ARCHIVE_MASHIRO_PRIVATE_CONTEXTUALIZATION_CHECKPOINT.md,REF:CYCLE008_ACCEPTED,REF:CYCLE008_SCOPE,unresolved,,REF:CYCLE008_LIMITS,UNASSESSED,REF:PRIVATE_PRIORITY,,,
BA:momotalk:20003:thread:200030060,momotalk,MANDATORY_COMPLETE_REVIEW,02_CANONICAL_STORIES/MOMOTALK/MASHIRO/THREAD_200030060.md,4d3c9152a618b51153928f4a491b6292b5f832838890ad26b2a7c3bc4b2494e2,ADMITTED,series/blue-archive/02 Sequential Readings/BOND/MASHIRO/BLUE_ARCHIVE_MASHIRO_PRIVATE_CONTEXTUALIZATION_CHECKPOINT.md,REF:CYCLE008_ACCEPTED,REF:CYCLE008_SCOPE,unresolved,,REF:CYCLE008_LIMITS,UNASSESSED,REF:PRIVATE_PRIORITY,,,
BA:momotalk:20003:thread:200030140,momotalk,MANDATORY_COMPLETE_REVIEW,02_CANONICAL_STORIES/MOMOTALK/MASHIRO/THREAD_200030140.md,7b75b0d43f51929a779470d521b2f7d9c7f6ae75c397983aa3b249a678bb52f5,ADMITTED,series/blue-archive/02 Sequential Readings/BOND/MASHIRO/BLUE_ARCHIVE_MASHIRO_PRIVATE_CONTEXTUALIZATION_CHECKPOINT.md,REF:CYCLE008_ACCEPTED,REF:CYCLE008_SCOPE,unresolved,,REF:CYCLE008_LIMITS,UNASSESSED,REF:PRIVATE_PRIORITY,,,
BA:momotalk:20003:thread:200030190,momotalk,MANDATORY_COMPLETE_REVIEW,02_CANONICAL_STORIES/MOMOTALK/MASHIRO/THREAD_200030190.md,b39d0a63f2d1289def24b9aa02b391b0bf449f0819ed47798f214df2e5aeb5f1,ADMITTED,series/blue-archive/02 Sequential Readings/BOND/MASHIRO/BLUE_ARCHIVE_MASHIRO_PRIVATE_CONTEXTUALIZATION_CHECKPOINT.md,REF:CYCLE008_ACCEPTED,REF:CYCLE008_SCOPE,unresolved,,REF:CYCLE008_LIMITS,UNASSESSED,REF:PRIVATE_PRIORITY,,,
BA:momotalk:20003:thread:200030300,momotalk,MANDATORY_COMPLETE_REVIEW,02_CANONICAL_STORIES/MOMOTALK/MASHIRO/THREAD_200030300.md,0037ea5a78053c6486e5bf6a198d60440aac815b694558105c6a0abe515c1728,ADMITTED,series/blue-archive/02 Sequential Readings/BOND/MASHIRO/BLUE_ARCHIVE_MASHIRO_PRIVATE_CONTEXTUALIZATION_CHECKPOINT.md,REF:CYCLE008_ACCEPTED,REF:CYCLE008_SCOPE,unresolved,,REF:CYCLE008_LIMITS,UNASSESSED,REF:PRIVATE_PRIORITY,,,
BA:momotalk:20003:thread:200030350,momotalk,MANDATORY_COMPLETE_REVIEW,02_CANONICAL_STORIES/MOMOTALK/MASHIRO/THREAD_200030350.md,ea291355fdf09c38af4ed922574373784df3c4ddde3281a74760ab20e4b73358,ADMITTED,series/blue-archive/02 Sequential Readings/BOND/MASHIRO/BLUE_ARCHIVE_MASHIRO_PRIVATE_CONTEXTUALIZATION_CHECKPOINT.md,REF:CYCLE008_ACCEPTED,REF:CYCLE008_SCOPE,unresolved,,REF:CYCLE008_LIMITS,UNASSESSED,REF:PRIVATE_PRIORITY,,,
BA:momotalk:20003:thread:200030410,momotalk,MANDATORY_COMPLETE_REVIEW,02_CANONICAL_STORIES/MOMOTALK/MASHIRO/THREAD_200030410.md,2564d2e4a282cf817be3e77cab1fd50fe2946ceae3e99c8fad85bf13a3a31d23,ADMITTED,series/blue-archive/02 Sequential Readings/BOND/MASHIRO/BLUE_ARCHIVE_MASHIRO_PRIVATE_CONTEXTUALIZATION_CHECKPOINT.md,REF:CYCLE008_ACCEPTED,REF:CYCLE008_SCOPE,unresolved,,REF:CYCLE008_LIMITS,UNASSESSED,REF:PRIVATE_PRIORITY,,,
BA:momotalk:20004:thread:20004010,momotalk,MANDATORY_COMPLETE_REVIEW,02_CANONICAL_STORIES/MOMOTALK/MASHIRO/THREAD_20004010.md,29fc178aaeb290a7f90a3490de9c5b391cd8639e399b6853643490cfdf99f249,ADMITTED,series/blue-archive/02 Sequential Readings/BOND/MASHIRO/BLUE_ARCHIVE_MASHIRO_PRIVATE_CONTEXTUALIZATION_CHECKPOINT.md,REF:CYCLE008_ACCEPTED,REF:CYCLE008_SCOPE,unresolved,,REF:CYCLE008_LIMITS,UNASSESSED,REF:PRIVATE_PRIORITY,,,
BA:momotalk:20004:thread:20004080,momotalk,MANDATORY_COMPLETE_REVIEW,02_CANONICAL_STORIES/MOMOTALK/MASHIRO/THREAD_20004080.md,87f50e510ec09befff6e8476f77c157f80aff35893d65176232633033dac6b73,ADMITTED,series/blue-archive/02 Sequential Readings/BOND/MASHIRO/BLUE_ARCHIVE_MASHIRO_PRIVATE_CONTEXTUALIZATION_CHECKPOINT.md,REF:CYCLE008_ACCEPTED,REF:CYCLE008_SCOPE,unresolved,,REF:CYCLE008_LIMITS,UNASSESSED,REF:PRIVATE_PRIORITY,,,
BA:momotalk:20004:thread:20004160,momotalk,MANDATORY_COMPLETE_REVIEW,02_CANONICAL_STORIES/MOMOTALK/MASHIRO/THREAD_20004160.md,43a3817fa64ca9461cdfff46f98aa0987c5b05ffa5c589a13bbd7012d7f2de2e,ADMITTED,series/blue-archive/02 Sequential Readings/BOND/MASHIRO/BLUE_ARCHIVE_MASHIRO_PRIVATE_CONTEXTUALIZATION_CHECKPOINT.md,REF:CYCLE008_ACCEPTED,REF:CYCLE008_SCOPE,unresolved,,REF:CYCLE008_LIMITS,UNASSESSED,REF:PRIVATE_PRIORITY,,,
BA:momotalk:20004:thread:20004220,momotalk,MANDATORY_COMPLETE_REVIEW,02_CANONICAL_STORIES/MOMOTALK/MASHIRO/THREAD_20004220.md,5f5ba506a18989c1d0891d73ec36840058a27f58bbb0b7092a75b159e889eef8,ADMITTED,series/blue-archive/02 Sequential Readings/BOND/MASHIRO/BLUE_ARCHIVE_MASHIRO_PRIVATE_CONTEXTUALIZATION_CHECKPOINT.md,REF:CYCLE008_ACCEPTED,REF:CYCLE008_SCOPE,unresolved,,REF:CYCLE008_LIMITS,UNASSESSED,REF:PRIVATE_PRIORITY,,,
BA:momotalk:20005:thread:20005010,momotalk,MANDATORY_COMPLETE_REVIEW,02_CANONICAL_STORIES/MOMOTALK/HIHUMI/THREAD_20005010.md,36443ce4abfee8b37e83e5383a76b907be6d1ba89240ea038d4dc7836e48f19c,ADMITTED,series/blue-archive/02 Sequential Readings/BOND/HIFUMI/BLUE_ARCHIVE_HIFUMI_PRIVATE_CONTEXTUALIZATION_CHECKPOINT.md,REF:CYCLE008_ACCEPTED,REF:CYCLE008_SCOPE,unresolved,,REF:CYCLE008_LIMITS,UNASSESSED,REF:PRIVATE_PRIORITY,,,
BA:momotalk:20005:thread:20005100,momotalk,MANDATORY_COMPLETE_REVIEW,02_CANONICAL_STORIES/MOMOTALK/HIHUMI/THREAD_20005100.md,eeb1e05ba742d42411ab9aeb1681c95ee28a3d29dbbceec57ef074d903eeebe8,ADMITTED,series/blue-archive/02 Sequential Readings/BOND/HIFUMI/BLUE_ARCHIVE_HIFUMI_PRIVATE_CONTEXTUALIZATION_CHECKPOINT.md,REF:CYCLE008_ACCEPTED,REF:CYCLE008_SCOPE,unresolved,,REF:CYCLE008_LIMITS,UNASSESSED,REF:PRIVATE_PRIORITY,,,
BA:momotalk:20005:thread:20005230,momotalk,MANDATORY_COMPLETE_REVIEW,02_CANONICAL_STORIES/MOMOTALK/HIHUMI/THREAD_20005230.md,3cb1ea1b1ccf180f2a9c919848b9e72869431f9b29cbab572eceb883d36f04ea,ADMITTED,series/blue-archive/02 Sequential Readings/BOND/HIFUMI/BLUE_ARCHIVE_HIFUMI_PRIVATE_CONTEXTUALIZATION_CHECKPOINT.md,REF:CYCLE008_ACCEPTED,REF:CYCLE008_SCOPE,unresolved,,REF:CYCLE008_LIMITS,UNASSESSED,REF:PRIVATE_PRIORITY,,,
BA:momotalk:20005:thread:20005300,momotalk,MANDATORY_COMPLETE_REVIEW,02_CANONICAL_STORIES/MOMOTALK/HIHUMI/THREAD_20005300.md,4053c94ecba42820ab422a7226361776465489194201eba5c7facb505d43a86c,ADMITTED,series/blue-archive/02 Sequential Readings/BOND/HIFUMI/BLUE_ARCHIVE_HIFUMI_PRIVATE_CONTEXTUALIZATION_CHECKPOINT.md,REF:CYCLE008_ACCEPTED,REF:CYCLE008_SCOPE,unresolved,,REF:CYCLE008_LIMITS,UNASSESSED,REF:PRIVATE_PRIORITY,,,
BA:momotalk:20005:thread:20005360,momotalk,MANDATORY_COMPLETE_REVIEW,02_CANONICAL_STORIES/MOMOTALK/HIHUMI/THREAD_20005360.md,3fabbd334925405293d11200e7d8672ae49959dce7a42ca22043c906f29d432f,ADMITTED,series/blue-archive/02 Sequential Readings/BOND/HIFUMI/BLUE_ARCHIVE_HIFUMI_PRIVATE_CONTEXTUALIZATION_CHECKPOINT.md,REF:CYCLE008_ACCEPTED,REF:CYCLE008_SCOPE,unresolved,,REF:CYCLE008_LIMITS,UNASSESSED,REF:PRIVATE_PRIORITY,,,
BA:momotalk:20006:thread:200060010,momotalk,MANDATORY_COMPLETE_REVIEW,02_CANONICAL_STORIES/MOMOTALK/SAYA/THREAD_200060010.md,cb370a92183fcafb3faec6423fddb244fcaa092ffc2235e64923ddee2c0c1fd0,ADMITTED,series/blue-archive/02 Sequential Readings/BOND/BLUE_ARCHIVE_SHANHAIJING6_AND_SAYA_PHASE2_PRIVATE_CONTEXTUAL_ACCOUNT_20261008.md,REF:CYCLE008_ACCEPTED,REF:CYCLE008_SCOPE,unresolved,,REF:CYCLE008_LIMITS,UNASSESSED,REF:PRIVATE_PRIORITY,,,
BA:momotalk:20006:thread:200060080,momotalk,MANDATORY_COMPLETE_REVIEW,02_CANONICAL_STORIES/MOMOTALK/SAYA/THREAD_200060080.md,9256b8a4b1d02b77589b3e97394be5f85cc188caa341893239a215aa4b6e46d5,ADMITTED,series/blue-archive/02 Sequential Readings/BOND/BLUE_ARCHIVE_SHANHAIJING6_AND_SAYA_PHASE2_PRIVATE_CONTEXTUAL_ACCOUNT_20261008.md,REF:CYCLE008_ACCEPTED,REF:CYCLE008_SCOPE,unresolved,,REF:CYCLE008_LIMITS,UNASSESSED,REF:PRIVATE_PRIORITY,,,
BA:momotalk:20006:thread:200060140,momotalk,MANDATORY_COMPLETE_REVIEW,02_CANONICAL_STORIES/MOMOTALK/SAYA/THREAD_200060140.md,2bba7bc5fb39ac7f0681e5e197c4deb90d052c2d0a0ea4c0fdc6ad864faed2bf,ADMITTED,series/blue-archive/02 Sequential Readings/BOND/BLUE_ARCHIVE_SHANHAIJING6_AND_SAYA_PHASE2_PRIVATE_CONTEXTUAL_ACCOUNT_20261008.md,REF:CYCLE008_ACCEPTED,REF:CYCLE008_SCOPE,unresolved,,REF:CYCLE008_LIMITS,UNASSESSED,REF:PRIVATE_PRIORITY,,,
BA:momotalk:20006:thread:200060190,momotalk,MANDATORY_COMPLETE_REVIEW,02_CANONICAL_STORIES/MOMOTALK/SAYA/THREAD_200060190.md,ce24f9c36fdc394f49b95a4091be5e9e50b2e241158c500fcf726f8ef007691f,ADMITTED,series/blue-archive/02 Sequential Readings/BOND/BLUE_ARCHIVE_SHANHAIJING6_AND_SAYA_PHASE2_PRIVATE_CONTEXTUAL_ACCOUNT_20261008.md,REF:CYCLE008_ACCEPTED,REF:CYCLE008_SCOPE,unresolved,,REF:CYCLE008_LIMITS,UNASSESSED,REF:PRIVATE_PRIORITY,,,
BA:momotalk:20006:thread:200060280,momotalk,MANDATORY_COMPLETE_REVIEW,02_CANONICAL_STORIES/MOMOTALK/SAYA/THREAD_200060280.md,83ad90d00336c024711e672e0c58e806134369eda2454930bff0dca84f595ae6,ADMITTED,series/blue-archive/02 Sequential Readings/BOND/BLUE_ARCHIVE_SHANHAIJING6_AND_SAYA_PHASE2_PRIVATE_CONTEXTUAL_ACCOUNT_20261008.md,REF:CYCLE008_ACCEPTED,REF:CYCLE008_SCOPE,unresolved,,REF:CYCLE008_LIMITS,UNASSESSED,REF:PRIVATE_PRIORITY,,,
BA:momotalk:20007:thread:200070010,momotalk,MANDATORY_COMPLETE_REVIEW,02_CANONICAL_STORIES/MOMOTALK/CH9999/THREAD_200070010.md,83ca7deb950281b59e4c6345a05206eb19071e800aab13418d2f99a510dba203,ADMITTED,series/blue-archive/02 Sequential Readings/BOND/BLUE_ARCHIVE_COLLABORATION4_PHASE2_PRIVATE_AND_MODE_CONTEXTUAL_ACCOUNT_20261009.md,REF:CYCLE008_ACCEPTED,REF:CYCLE008_SCOPE,unresolved,,REF:CYCLE008_LIMITS;REF:NEW80_ROOT_QUALIFIED;REF:NEW80_IDENTITY_MODES,UNASSESSED,REF:PRIVATE_PRIORITY,,,
BA:momotalk:20007:thread:200070060,momotalk,MANDATORY_COMPLETE_REVIEW,02_CANONICAL_STORIES/MOMOTALK/CH9999/THREAD_200070060.md,5c4445f85c391b2b12fe894f117d09fe1a4aa5f3b6121e8ffed8fc67378d2edb,ADMITTED,series/blue-archive/02 Sequential Readings/BOND/BLUE_ARCHIVE_COLLABORATION4_PHASE2_PRIVATE_AND_MODE_CONTEXTUAL_ACCOUNT_20261009.md,REF:CYCLE008_ACCEPTED,REF:CYCLE008_SCOPE,unresolved,,REF:CYCLE008_LIMITS;REF:NEW80_ROOT_QUALIFIED;REF:NEW80_IDENTITY_MODES,UNASSESSED,REF:PRIVATE_PRIORITY,,,
BA:momotalk:20007:thread:200070130,momotalk,MANDATORY_COMPLETE_REVIEW,02_CANONICAL_STORIES/MOMOTALK/CH9999/THREAD_200070130.md,caca923cee570f9558c85ae31e94660e7e521f15aa65676bd66f1c47eeb50f03,ADMITTED,series/blue-archive/02 Sequential Readings/BOND/BLUE_ARCHIVE_COLLABORATION4_PHASE2_PRIVATE_AND_MODE_CONTEXTUAL_ACCOUNT_20261009.md,REF:CYCLE008_ACCEPTED,REF:CYCLE008_SCOPE,unresolved,,REF:CYCLE008_LIMITS;REF:NEW80_ROOT_QUALIFIED;REF:NEW80_IDENTITY_MODES,UNASSESSED,REF:PRIVATE_PRIORITY,,,
BA:momotalk:20007:thread:200070190,momotalk,MANDATORY_COMPLETE_REVIEW,02_CANONICAL_STORIES/MOMOTALK/CH9999/THREAD_200070190.md,e30425b743e5bdc6782be4b0d7034d889894b42ae99bc0afb655a3c96149b989,ADMITTED,series/blue-archive/02 Sequential Readings/BOND/BLUE_ARCHIVE_COLLABORATION4_PHASE2_PRIVATE_AND_MODE_CONTEXTUAL_ACCOUNT_20261009.md,REF:CYCLE008_ACCEPTED,REF:CYCLE008_SCOPE,unresolved,,REF:CYCLE008_LIMITS;REF:NEW80_ROOT_QUALIFIED;REF:NEW80_IDENTITY_MODES,UNASSESSED,REF:PRIVATE_PRIORITY,,,
BA:momotalk:20008:thread:200080010,momotalk,MANDATORY_COMPLETE_REVIEW,02_CANONICAL_STORIES/MOMOTALK/AKO/THREAD_200080010.md,f0976b3003260437ae15e0aedd758c7e7d73295dd21aa4ee6a1ddca62a177784,ADMITTED,series/blue-archive/02 Sequential Readings/BOND/BLUE_ARCHIVE_GEHENNA20_PHASE2_PRIVATE_CONTEXTUAL_ACCOUNT_20261008.md,REF:CYCLE008_ACCEPTED,REF:CYCLE008_SCOPE,unresolved,,REF:CYCLE008_LIMITS,UNASSESSED,REF:PRIVATE_PRIORITY,,,
BA:momotalk:20008:thread:200080100,momotalk,MANDATORY_COMPLETE_REVIEW,02_CANONICAL_STORIES/MOMOTALK/AKO/THREAD_200080100.md,a98ebc1f8b2f5d01ce4377706d2f6f9ac56a9f07f081087a4f5af1b81bd1676e,ADMITTED,series/blue-archive/02 Sequential Readings/BOND/BLUE_ARCHIVE_GEHENNA20_PHASE2_PRIVATE_CONTEXTUAL_ACCOUNT_20261008.md,REF:CYCLE008_ACCEPTED,REF:CYCLE008_SCOPE,unresolved,,REF:CYCLE008_LIMITS,UNASSESSED,REF:PRIVATE_PRIORITY,,,
BA:momotalk:20008:thread:200080190,momotalk,MANDATORY_COMPLETE_REVIEW,02_CANONICAL_STORIES/MOMOTALK/AKO/THREAD_200080190.md,c4c138d46b5b686191c043f89d32f4d70a99e716a1e87b8e7cdd32b4d1f6b259,ADMITTED,series/blue-archive/02 Sequential Readings/BOND/BLUE_ARCHIVE_GEHENNA20_PHASE2_PRIVATE_CONTEXTUAL_ACCOUNT_20261008.md,REF:CYCLE008_ACCEPTED,REF:CYCLE008_SCOPE,unresolved,,REF:CYCLE008_LIMITS,UNASSESSED,REF:PRIVATE_PRIORITY,,,
BA:momotalk:20009:thread:200090010,momotalk,MANDATORY_COMPLETE_REVIEW,02_CANONICAL_STORIES/MOMOTALK/CHERINO/THREAD_200090010.md,bac32ce1cab0ebd3bc20aa799a09005893797afda93f00c4ddc4e4a4a5b8e70e,ADMITTED,series/blue-archive/02 Sequential Readings/BOND/BLUE_ARCHIVE_RED_WINTER7_PHASE2_PRIVATE_CONTEXTUAL_ACCOUNT_20261008.md,REF:CYCLE008_ACCEPTED,REF:CYCLE008_SCOPE,unresolved,,REF:CYCLE008_LIMITS,UNASSESSED,REF:PRIVATE_PRIORITY,0,0,0
BA:momotalk:20009:thread:200090130,momotalk,MANDATORY_COMPLETE_REVIEW,02_CANONICAL_STORIES/MOMOTALK/CHERINO/THREAD_200090130.md,375681e977bea26cb86ceb0e5d26de12f3ac09329b52b6b9c6452329e9664774,ADMITTED,series/blue-archive/02 Sequential Readings/BOND/BLUE_ARCHIVE_RED_WINTER7_PHASE2_PRIVATE_CONTEXTUAL_ACCOUNT_20261008.md,REF:CYCLE008_ACCEPTED,REF:CYCLE008_SCOPE,unresolved,,REF:CYCLE008_LIMITS,UNASSESSED,REF:PRIVATE_PRIORITY,0,0,0
BA:momotalk:20009:thread:200090200,momotalk,MANDATORY_COMPLETE_REVIEW,02_CANONICAL_STORIES/MOMOTALK/CHERINO/THREAD_200090200.md,0b1b526a4ad5426ccbbadff62ecbebbc161ac4e9bd9571ab4c5484494c0d8724,ADMITTED,series/blue-archive/02 Sequential Readings/BOND/BLUE_ARCHIVE_RED_WINTER7_PHASE2_PRIVATE_CONTEXTUAL_ACCOUNT_20261008.md,REF:CYCLE008_ACCEPTED,REF:CYCLE008_SCOPE,unresolved,,REF:CYCLE008_LIMITS,UNASSESSED,REF:PRIVATE_PRIORITY,0,0,0
BA:momotalk:20009:thread:200090280,momotalk,MANDATORY_COMPLETE_REVIEW,02_CANONICAL_STORIES/MOMOTALK/CHERINO/THREAD_200090280.md,ac03a1eb86cfe922d5b83bd70ef5926562b8495c001c962de2bf7177a9930a7b,ADMITTED,series/blue-archive/02 Sequential Readings/BOND/BLUE_ARCHIVE_RED_WINTER7_PHASE2_PRIVATE_CONTEXTUAL_ACCOUNT_20261008.md,REF:CYCLE008_ACCEPTED,REF:CYCLE008_SCOPE,unresolved,,REF:CYCLE008_LIMITS,UNASSESSED,REF:PRIVATE_PRIORITY,0,0,0
BA:momotalk:20009:thread:200090380,momotalk,MANDATORY_COMPLETE_REVIEW,02_CANONICAL_STORIES/MOMOTALK/CHERINO/THREAD_200090380.md,b331a6405be59d4a2d834fe741dcd7644956069946634d8f9008a03285f431a7,ADMITTED,series/blue-archive/02 Sequential Readings/BOND/BLUE_ARCHIVE_RED_WINTER7_PHASE2_PRIVATE_CONTEXTUAL_ACCOUNT_20261008.md,REF:CYCLE008_ACCEPTED,REF:CYCLE008_SCOPE,unresolved,,REF:CYCLE008_LIMITS,UNASSESSED,REF:PRIVATE_PRIORITY,0,0,0
BA:momotalk:20010:thread:200100010,momotalk,MANDATORY_COMPLETE_REVIEW,02_CANONICAL_STORIES/MOMOTALK/NODOKA/THREAD_200100010.md,e661109ec93907ed0405ab5fb2e2fce8e7748b51e89aebbc9ee34bad18b935c9,ADMITTED,series/blue-archive/02 Sequential Readings/BOND/BLUE_ARCHIVE_RED_WINTER7_PHASE2_PRIVATE_CONTEXTUAL_ACCOUNT_20261008.md,REF:CYCLE008_ACCEPTED,REF:CYCLE008_SCOPE,unresolved,,REF:CYCLE008_LIMITS,UNASSESSED,REF:PRIVATE_PRIORITY,0,0,0
BA:momotalk:20010:thread:200100100,momotalk,MANDATORY_COMPLETE_REVIEW,02_CANONICAL_STORIES/MOMOTALK/NODOKA/THREAD_200100100.md,396af6a0fae795b6a9e5eb888f30c5c731b5824408e0fc4e078785947fa3d7bf,ADMITTED,series/blue-archive/02 Sequential Readings/BOND/BLUE_ARCHIVE_RED_WINTER7_PHASE2_PRIVATE_CONTEXTUAL_ACCOUNT_20261008.md,REF:CYCLE008_ACCEPTED,REF:CYCLE008_SCOPE,unresolved,,REF:CYCLE008_LIMITS,UNASSESSED,REF:PRIVATE_PRIORITY,0,0,0
BA:momotalk:20010:thread:200100170,momotalk,MANDATORY_COMPLETE_REVIEW,02_CANONICAL_STORIES/MOMOTALK/NODOKA/THREAD_200100170.md,053a3039342eb08350345c0b755639a7f795bb60d2ee26c16169802826d5f7d8,ADMITTED,series/blue-archive/02 Sequential Readings/BOND/BLUE_ARCHIVE_RED_WINTER7_PHASE2_PRIVATE_CONTEXTUAL_ACCOUNT_20261008.md,REF:CYCLE008_ACCEPTED,REF:CYCLE008_SCOPE,unresolved,,REF:CYCLE008_LIMITS,UNASSESSED,REF:PRIVATE_PRIORITY,0,0,0
BA:momotalk:20010:thread:200100270,momotalk,MANDATORY_COMPLETE_REVIEW,02_CANONICAL_STORIES/MOMOTALK/NODOKA/THREAD_200100270.md,05be3af563bea6839ee4b12e6032bd8e374cb9945e359f4c91a862d37b4859c2,ADMITTED,series/blue-archive/02 Sequential Readings/BOND/BLUE_ARCHIVE_RED_WINTER7_PHASE2_PRIVATE_CONTEXTUAL_ACCOUNT_20261008.md,REF:CYCLE008_ACCEPTED,REF:CYCLE008_SCOPE,unresolved,,REF:CYCLE008_LIMITS,UNASSESSED,REF:PRIVATE_PRIORITY,0,0,0
BA:momotalk:20011:thread:200110010,momotalk,MANDATORY_COMPLETE_REVIEW,02_CANONICAL_STORIES/MOMOTALK/SERIKA/THREAD_200110010.md,7482c558e00082284202fb71a252a0bd53dda063787a24d76712aba8d73436a8,ADMITTED,series/blue-archive/02 Sequential Readings/BOND/SERIKA/BLUE_ARCHIVE_SERIKA_PRIVATE_CONTEXTUALIZATION_CHECKPOINT.md,REF:ORIGINAL_ADMISSION_RECORD_0030,REF:ORIGINAL_ADMITTED_CLAIM_SCOPE_0031,LOCAL_RELATIVE_ONLY,Explicit prior consultation/collapse/resort only; no comprehensive variant order or main placement.,REF:ORIGINAL_ATTRIBUTION_LIMITS_0032,HIGH,REF:ORIGINAL_PRIORITY_REASON_0033,,,
BA:momotalk:20011:thread:200110140,momotalk,MANDATORY_COMPLETE_REVIEW,02_CANONICAL_STORIES/MOMOTALK/SERIKA/THREAD_200110140.md,60d8e40aea97b0f4098ca4882f1b35383b87c51ad16bbbc5742eddbfda5b2a5e,ADMITTED,series/blue-archive/02 Sequential Readings/BOND/SERIKA/BLUE_ARCHIVE_SERIKA_PRIVATE_CONTEXTUALIZATION_CHECKPOINT.md,REF:ORIGINAL_ADMISSION_RECORD_0030,REF:ORIGINAL_ADMITTED_CLAIM_SCOPE_0031,LOCAL_RELATIVE_ONLY,Explicit prior consultation/collapse/resort only; no comprehensive variant order or main placement.,REF:ORIGINAL_ATTRIBUTION_LIMITS_0032,HIGH,REF:ORIGINAL_PRIORITY_REASON_0033,,,
BA:momotalk:20011:thread:200110250,momotalk,MANDATORY_COMPLETE_REVIEW,02_CANONICAL_STORIES/MOMOTALK/SERIKA/THREAD_200110250.md,d86d93a01cc631d3ebf6982ea646d7512ce8a43d6c6407fbd1421cd06cb36742,ADMITTED,series/blue-archive/02 Sequential Readings/BOND/SERIKA/BLUE_ARCHIVE_SERIKA_PRIVATE_CONTEXTUALIZATION_CHECKPOINT.md,REF:ORIGINAL_ADMISSION_RECORD_0030,REF:ORIGINAL_ADMITTED_CLAIM_SCOPE_0031,LOCAL_RELATIVE_ONLY,Explicit prior consultation/collapse/resort only; no comprehensive variant order or main placement.,REF:ORIGINAL_ATTRIBUTION_LIMITS_0032,HIGH,REF:ORIGINAL_PRIORITY_REASON_0033,,,
BA:momotalk:20012:thread:200120010,momotalk,MANDATORY_COMPLETE_REVIEW,02_CANONICAL_STORIES/MOMOTALK/CH0081/THREAD_200120010.md,e30dd9474386aadbc653922376cc973ba77c243da8defa58e65e1cdcbf03b398,ADMITTED,series/blue-archive/02 Sequential Readings/BOND/BLUE_ARCHIVE_GEHENNA20_PHASE2_PRIVATE_CONTEXTUAL_ACCOUNT_20261008.md,REF:CYCLE008_ACCEPTED,REF:CYCLE008_SCOPE,unresolved,,REF:CYCLE008_LIMITS,UNASSESSED,REF:PRIVATE_PRIORITY,,,
BA:momotalk:20012:thread:200120040,momotalk,MANDATORY_COMPLETE_REVIEW,02_CANONICAL_STORIES/MOMOTALK/CH0081/THREAD_200120040.md,5157bf157d74f1fef1fd482ac0a8a87a8124858efdc9091bbeb2d56876c5444b,ADMITTED,series/blue-archive/02 Sequential Readings/BOND/BLUE_ARCHIVE_GEHENNA20_PHASE2_PRIVATE_CONTEXTUAL_ACCOUNT_20261008.md,REF:CYCLE008_ACCEPTED,REF:CYCLE008_SCOPE,unresolved,,REF:CYCLE008_LIMITS,UNASSESSED,REF:PRIVATE_PRIORITY,,,
BA:momotalk:20012:thread:200120110,momotalk,MANDATORY_COMPLETE_REVIEW,02_CANONICAL_STORIES/MOMOTALK/CH0081/THREAD_200120110.md,1f56370da8c1995a3bc13a70394bc2e4106b07cea0f16f2ecef167d005bdb433,ADMITTED,series/blue-archive/02 Sequential Readings/BOND/BLUE_ARCHIVE_GEHENNA20_PHASE2_PRIVATE_CONTEXTUAL_ACCOUNT_20261008.md,REF:CYCLE008_ACCEPTED,REF:CYCLE008_SCOPE,unresolved,,REF:CYCLE008_LIMITS,UNASSESSED,REF:PRIVATE_PRIORITY,,,
BA:momotalk:20012:thread:200120160,momotalk,MANDATORY_COMPLETE_REVIEW,02_CANONICAL_STORIES/MOMOTALK/CH0081/THREAD_200120160.md,dff8369f133dd6d1e0397104a2fddaa4e4eabe8f8aa8ffba0924f8cc2ded50e2,ADMITTED,series/blue-archive/02 Sequential Readings/BOND/BLUE_ARCHIVE_GEHENNA20_PHASE2_PRIVATE_CONTEXTUAL_ACCOUNT_20261008.md,REF:CYCLE008_ACCEPTED,REF:CYCLE008_SCOPE,unresolved,,REF:CYCLE008_LIMITS,UNASSESSED,REF:PRIVATE_PRIORITY,,,
BA:momotalk:20013:thread:200130010,momotalk,MANDATORY_COMPLETE_REVIEW,02_CANONICAL_STORIES/MOMOTALK/CH0160/THREAD_200130010.md,e794c70d2576abe8cac66ed4e71fca0409b6109cbf2824d0055862c53f415cc0,ADMITTED,series/blue-archive/02 Sequential Readings/BOND/BLUE_ARCHIVE_CHIHIRO_PHASE2_PRIVATE_CONTEXTUAL_ACCOUNT_20261008.md,REF:CYCLE008_ACCEPTED,REF:CYCLE008_SCOPE,unresolved,,REF:CYCLE008_LIMITS,UNASSESSED,REF:PRIVATE_PRIORITY,,,
BA:momotalk:20013:thread:200130080,momotalk,MANDATORY_COMPLETE_REVIEW,02_CANONICAL_STORIES/MOMOTALK/CH0160/THREAD_200130080.md,12830667861ae6eced10c7ee992ce5c3169fa14b71f8c6c809c2bae011989b3c,ADMITTED,series/blue-archive/02 Sequential Readings/BOND/BLUE_ARCHIVE_CHIHIRO_PHASE2_PRIVATE_CONTEXTUAL_ACCOUNT_20261008.md,REF:CYCLE008_ACCEPTED,REF:CYCLE008_SCOPE,unresolved,,REF:CYCLE008_LIMITS,UNASSESSED,REF:PRIVATE_PRIORITY,,,
BA:momotalk:20013:thread:200130150,momotalk,MANDATORY_COMPLETE_REVIEW,02_CANONICAL_STORIES/MOMOTALK/CH0160/THREAD_200130150.md,7a127d118a25b53676548bbc421a7b21b9be4799b4e6208eb0b5dcd04b5ab6dc,ADMITTED,series/blue-archive/02 Sequential Readings/BOND/BLUE_ARCHIVE_CHIHIRO_PHASE2_PRIVATE_CONTEXTUAL_ACCOUNT_20261008.md,REF:CYCLE008_ACCEPTED,REF:CYCLE008_SCOPE,unresolved,,REF:CYCLE008_LIMITS,UNASSESSED,REF:PRIVATE_PRIORITY,,,
BA:momotalk:20013:thread:200130240,momotalk,MANDATORY_COMPLETE_REVIEW,02_CANONICAL_STORIES/MOMOTALK/CH0160/THREAD_200130240.md,00ed9c2cc8a567459d3db564ad5c0a7d6c37ec56f4553d99dc8fc4f103e70f4e,ADMITTED,series/blue-archive/02 Sequential Readings/BOND/BLUE_ARCHIVE_CHIHIRO_PHASE2_PRIVATE_CONTEXTUAL_ACCOUNT_20261008.md,REF:CYCLE008_ACCEPTED,REF:CYCLE008_SCOPE,unresolved,,REF:CYCLE008_LIMITS,UNASSESSED,REF:PRIVATE_PRIORITY,,,
BA:momotalk:20014:thread:200140010,momotalk,MANDATORY_COMPLETE_REVIEW,02_CANONICAL_STORIES/MOMOTALK/CH0144/THREAD_200140010.md,d31f42b147507b3a08cc236d9aea9a25473901eda59e2447683c3d7696908d4e,ADMITTED,series/blue-archive/02 Sequential Readings/BOND/SAKI/BLUE_ARCHIVE_SAKI_PHASE2_PRIVATE_CONTEXTUAL_ACCOUNT_20261008.md,REF:CYCLE008_ACCEPTED,REF:CYCLE008_SCOPE,unresolved,,REF:CYCLE008_LIMITS,UNASSESSED,REF:PRIVATE_PRIORITY,,,
BA:momotalk:20014:thread:200140070,momotalk,MANDATORY_COMPLETE_REVIEW,02_CANONICAL_STORIES/MOMOTALK/CH0144/THREAD_200140070.md,4ae2ff532bcaedb27d438775981da4568de98380becfb0171eebb5f56478d3bc,ADMITTED,series/blue-archive/02 Sequential Readings/BOND/SAKI/BLUE_ARCHIVE_SAKI_PHASE2_PRIVATE_CONTEXTUAL_ACCOUNT_20261008.md,REF:CYCLE008_ACCEPTED,REF:CYCLE008_SCOPE,unresolved,,REF:CYCLE008_LIMITS,UNASSESSED,REF:PRIVATE_PRIORITY,,,
BA:momotalk:20014:thread:200140160,momotalk,MANDATORY_COMPLETE_REVIEW,02_CANONICAL_STORIES/MOMOTALK/CH0144/THREAD_200140160.md,72a3bba7a00b63d304b66ba3f7906b06f5117821435a9928e2434953d53bccc6,ADMITTED,series/blue-archive/02 Sequential Readings/BOND/SAKI/BLUE_ARCHIVE_SAKI_PHASE2_PRIVATE_CONTEXTUAL_ACCOUNT_20261008.md,REF:CYCLE008_ACCEPTED,REF:CYCLE008_SCOPE,unresolved,,REF:CYCLE008_LIMITS,UNASSESSED,REF:PRIVATE_PRIORITY,,,
BA:momotalk:20014:thread:200140240,momotalk,MANDATORY_COMPLETE_REVIEW,02_CANONICAL_STORIES/MOMOTALK/CH0144/THREAD_200140240.md,342c379be1de82f7a7afb5ccc3095288c9ddd60c0a34bd7cd3c15fa36bcd6863,ADMITTED,series/blue-archive/02 Sequential Readings/BOND/SAKI/BLUE_ARCHIVE_SAKI_PHASE2_PRIVATE_CONTEXTUAL_ACCOUNT_20261008.md,REF:CYCLE008_ACCEPTED,REF:CYCLE008_SCOPE,unresolved,,REF:CYCLE008_LIMITS,UNASSESSED,REF:PRIVATE_PRIORITY,,,
BA:momotalk:20014:thread:200140320,momotalk,MANDATORY_COMPLETE_REVIEW,02_CANONICAL_STORIES/MOMOTALK/CH0144/THREAD_200140320.md,3dd2445c2a3b4ab273ae7458afd8460080eb13f5aea507f3754d2b057c302134,ADMITTED,series/blue-archive/02 Sequential Readings/BOND/SAKI/BLUE_ARCHIVE_SAKI_PHASE2_PRIVATE_CONTEXTUAL_ACCOUNT_20261008.md,REF:CYCLE008_ACCEPTED,REF:CYCLE008_SCOPE,unresolved,,REF:CYCLE008_LIMITS,UNASSESSED,REF:PRIVATE_PRIORITY,,,
BA:momotalk:20015:thread:200150010,momotalk,MANDATORY_COMPLETE_REVIEW,02_CANONICAL_STORIES/MOMOTALK/KAEDE/THREAD_200150010.md,c567f40f15fbd9abb9b90ad5727e90879cc0d400bd466b63c4903cebade7c5de,ADMITTED,series/blue-archive/02 Sequential Readings/BOND/BLUE_ARCHIVE_TRAINING_KAEDE_MIMORI_TSUBAKI_PHASE2_PRIVATE_CONTEXTUAL_ACCOUNT_20261008.md,REF:CYCLE008_ACCEPTED,REF:CYCLE008_SCOPE,unresolved,,REF:CYCLE008_LIMITS,UNASSESSED,REF:PRIVATE_PRIORITY,,,
BA:momotalk:20015:thread:200150150,momotalk,MANDATORY_COMPLETE_REVIEW,02_CANONICAL_STORIES/MOMOTALK/KAEDE/THREAD_200150150.md,a7ff209f31fe53ecf2baa5d0ee646e2ab26b78d378eb31fd0e5200ca89d5c022,ADMITTED,series/blue-archive/02 Sequential Readings/BOND/BLUE_ARCHIVE_TRAINING_KAEDE_MIMORI_TSUBAKI_PHASE2_PRIVATE_CONTEXTUAL_ACCOUNT_20261008.md,REF:CYCLE008_ACCEPTED,REF:CYCLE008_SCOPE,unresolved,,REF:CYCLE008_LIMITS,UNASSESSED,REF:PRIVATE_PRIORITY,,,
BA:momotalk:20015:thread:200150230,momotalk,MANDATORY_COMPLETE_REVIEW,02_CANONICAL_STORIES/MOMOTALK/KAEDE/THREAD_200150230.md,ee7300325ade84d5eb37fe3c97b0b24d5bdd40a2d1f0c520ff323ca163e10220,ADMITTED,series/blue-archive/02 Sequential Readings/BOND/BLUE_ARCHIVE_TRAINING_KAEDE_MIMORI_TSUBAKI_PHASE2_PRIVATE_CONTEXTUAL_ACCOUNT_20261008.md,REF:CYCLE008_ACCEPTED,REF:CYCLE008_SCOPE,unresolved,,REF:CYCLE008_LIMITS,UNASSESSED,REF:PRIVATE_PRIORITY,,,
BA:momotalk:20015:thread:200150380,momotalk,MANDATORY_COMPLETE_REVIEW,02_CANONICAL_STORIES/MOMOTALK/KAEDE/THREAD_200150380.md,e841c5689f7bc8041fa7a099ae7ebea9c8b029d33eadb1bfc3cdd09a1ef6c06b,ADMITTED,series/blue-archive/02 Sequential Readings/BOND/BLUE_ARCHIVE_TRAINING_KAEDE_MIMORI_TSUBAKI_PHASE2_PRIVATE_CONTEXTUAL_ACCOUNT_20261008.md,REF:CYCLE008_ACCEPTED,REF:CYCLE008_SCOPE,unresolved,,REF:CYCLE008_LIMITS,UNASSESSED,REF:PRIVATE_PRIORITY,,,
BA:momotalk:20015:thread:200150510,momotalk,MANDATORY_COMPLETE_REVIEW,02_CANONICAL_STORIES/MOMOTALK/KAEDE/THREAD_200150510.md,d692cd7202295deaacd2a361bbe8ee33c81615800a00b3e0753a2d9904113d10,ADMITTED,series/blue-archive/02 Sequential Readings/BOND/BLUE_ARCHIVE_TRAINING_KAEDE_MIMORI_TSUBAKI_PHASE2_PRIVATE_CONTEXTUAL_ACCOUNT_20261008.md,REF:CYCLE008_ACCEPTED,REF:CYCLE008_SCOPE,unresolved,,REF:CYCLE008_LIMITS,UNASSESSED,REF:PRIVATE_PRIORITY,,,
BA:momotalk:20016:thread:200160010,momotalk,MANDATORY_COMPLETE_REVIEW,02_CANONICAL_STORIES/MOMOTALK/CH0156/THREAD_200160010.md,3188241381162332186a1139a106c418eb1f04db60f6cd54b88850d2ad4658a8,ADMITTED,series/blue-archive/02 Sequential Readings/BOND/BLUE_ARCHIVE_GEHENNA20_PHASE2_PRIVATE_CONTEXTUAL_ACCOUNT_20261008.md,REF:CYCLE008_ACCEPTED,REF:CYCLE008_SCOPE,unresolved,,REF:CYCLE008_LIMITS,UNASSESSED,REF:PRIVATE_PRIORITY,,,
BA:momotalk:20016:thread:200160050,momotalk,MANDATORY_COMPLETE_REVIEW,02_CANONICAL_STORIES/MOMOTALK/CH0156/THREAD_200160050.md,3a7ae92ab9b4f34118a9b58cfb86f883dc703abc7ec5c84becf70ea332c7c857,ADMITTED,series/blue-archive/02 Sequential Readings/BOND/BLUE_ARCHIVE_GEHENNA20_PHASE2_PRIVATE_CONTEXTUAL_ACCOUNT_20261008.md,REF:CYCLE008_ACCEPTED,REF:CYCLE008_SCOPE,unresolved,,REF:CYCLE008_LIMITS,UNASSESSED,REF:PRIVATE_PRIORITY,,,
BA:momotalk:20016:thread:200160080,momotalk,MANDATORY_COMPLETE_REVIEW,02_CANONICAL_STORIES/MOMOTALK/CH0156/THREAD_200160080.md,232c525bad5c82e448c89a5d861ffc444e91f9b5524211e641cb7cabcde453a4,ADMITTED,series/blue-archive/02 Sequential Readings/BOND/BLUE_ARCHIVE_GEHENNA20_PHASE2_PRIVATE_CONTEXTUAL_ACCOUNT_20261008.md,REF:CYCLE008_ACCEPTED,REF:CYCLE008_SCOPE,unresolved,,REF:CYCLE008_LIMITS,UNASSESSED,REF:PRIVATE_PRIORITY,,,
BA:momotalk:20016:thread:200160170,momotalk,MANDATORY_COMPLETE_REVIEW,02_CANONICAL_STORIES/MOMOTALK/CH0156/THREAD_200160170.md,b5db8ef15a18ae6b7e7357004a25998390f0fa1c1b18d7d4591c2ad51042fa22,ADMITTED,series/blue-archive/02 Sequential Readings/BOND/BLUE_ARCHIVE_GEHENNA20_PHASE2_PRIVATE_CONTEXTUAL_ACCOUNT_20261008.md,REF:CYCLE008_ACCEPTED,REF:CYCLE008_SCOPE,unresolved,,REF:CYCLE008_LIMITS,UNASSESSED,REF:PRIVATE_PRIORITY,,,
BA:momotalk:20016:thread:200160240,momotalk,MANDATORY_COMPLETE_REVIEW,02_CANONICAL_STORIES/MOMOTALK/CH0156/THREAD_200160240.md,1075d5f3d1fb568b7ca9802b99ce06adf474922fb57b590218fc4972af1541eb,ADMITTED,series/blue-archive/02 Sequential Readings/BOND/BLUE_ARCHIVE_GEHENNA20_PHASE2_PRIVATE_CONTEXTUAL_ACCOUNT_20261008.md,REF:CYCLE008_ACCEPTED,REF:CYCLE008_SCOPE,unresolved,,REF:CYCLE008_LIMITS,UNASSESSED,REF:PRIVATE_PRIORITY,,,
BA:momotalk:20017:thread:200170010,momotalk,MANDATORY_COMPLETE_REVIEW,02_CANONICAL_STORIES/MOMOTALK/HIYORI/THREAD_200170010.md,4df10a4bf868ddf6f39fb8e9a774cd9c5d33f54e5bdc59a1d34ad4627a6aed6c,ADMITTED,series/blue-archive/02 Sequential Readings/BOND/BLUE_ARCHIVE_MISAKI_HIYORI_SUBARU_PRIVATE_CONTEXTUALIZATION_CHECKPOINT.md,REF:CYCLE008_ACCEPTED,REF:CYCLE008_SCOPE,unresolved,,REF:CYCLE008_LIMITS,UNASSESSED,REF:PRIVATE_PRIORITY,,,
BA:momotalk:20017:thread:200170120,momotalk,MANDATORY_COMPLETE_REVIEW,02_CANONICAL_STORIES/MOMOTALK/HIYORI/THREAD_200170120.md,535ba560171e9bd320dff33232bcdd4964c865d2d0d8ace4d05b4238e258c38c,ADMITTED,series/blue-archive/02 Sequential Readings/BOND/BLUE_ARCHIVE_MISAKI_HIYORI_SUBARU_PRIVATE_CONTEXTUALIZATION_CHECKPOINT.md,REF:CYCLE008_ACCEPTED,REF:CYCLE008_SCOPE,unresolved,,REF:CYCLE008_LIMITS,UNASSESSED,REF:PRIVATE_PRIORITY,,,
BA:momotalk:20017:thread:200170250,momotalk,MANDATORY_COMPLETE_REVIEW,02_CANONICAL_STORIES/MOMOTALK/HIYORI/THREAD_200170250.md,b6113215c94c7c0426569515d24719c5d41cfbd8c74481d9d8de769bcf6cd06b,ADMITTED,series/blue-archive/02 Sequential Readings/BOND/BLUE_ARCHIVE_MISAKI_HIYORI_SUBARU_PRIVATE_CONTEXTUALIZATION_CHECKPOINT.md,REF:CYCLE008_ACCEPTED,REF:CYCLE008_SCOPE,unresolved,,REF:CYCLE008_LIMITS,UNASSESSED,REF:PRIVATE_PRIORITY,,,
BA:momotalk:20018:thread:200180010,momotalk,MANDATORY_COMPLETE_REVIEW,02_CANONICAL_STORIES/MOMOTALK/MOE/THREAD_200180010.md,00044918faf19af9b6bf874a71e772edf47a719a78deb5daa0c1f2ae1824ca3b,ADMITTED,series/blue-archive/02 Sequential Readings/BOND/MOE/BLUE_ARCHIVE_MOE_PHASE2_PRIVATE_CONTEXTUAL_ACCOUNT_20261008.md,REF:CYCLE008_ACCEPTED,REF:CYCLE008_SCOPE,unresolved,,REF:CYCLE008_LIMITS,UNASSESSED,REF:PRIVATE_PRIORITY,,,
BA:momotalk:20018:thread:200180060,momotalk,MANDATORY_COMPLETE_REVIEW,02_CANONICAL_STORIES/MOMOTALK/MOE/THREAD_200180060.md,6d00032a55c8d7d6728038715730b5c3df5c2d4879d7a2bc19028e0bdd3211ae,ADMITTED,series/blue-archive/02 Sequential Readings/BOND/MOE/BLUE_ARCHIVE_MOE_PHASE2_PRIVATE_CONTEXTUAL_ACCOUNT_20261008.md,REF:CYCLE008_ACCEPTED,REF:CYCLE008_SCOPE,unresolved,,REF:CYCLE008_LIMITS,UNASSESSED,REF:PRIVATE_PRIORITY,,,
BA:momotalk:20018:thread:200180120,momotalk,MANDATORY_COMPLETE_REVIEW,02_CANONICAL_STORIES/MOMOTALK/MOE/THREAD_200180120.md,fa8e27eafa992c27f053da70b8ba910d43af6808c02ee083c2c98a2c3eed317d,ADMITTED,series/blue-archive/02 Sequential Readings/BOND/MOE/BLUE_ARCHIVE_MOE_PHASE2_PRIVATE_CONTEXTUAL_ACCOUNT_20261008.md,REF:CYCLE008_ACCEPTED,REF:CYCLE008_SCOPE,unresolved,,REF:CYCLE008_LIMITS,UNASSESSED,REF:PRIVATE_PRIORITY,,,
BA:momotalk:20018:thread:200180190,momotalk,MANDATORY_COMPLETE_REVIEW,02_CANONICAL_STORIES/MOMOTALK/MOE/THREAD_200180190.md,a16e5e7a4d26e50bd3451f4adcf47e9296cb0d5aab20ba93b75c99a9bc52c846,ADMITTED,series/blue-archive/02 Sequential Readings/BOND/MOE/BLUE_ARCHIVE_MOE_PHASE2_PRIVATE_CONTEXTUAL_ACCOUNT_20261008.md,REF:CYCLE008_ACCEPTED,REF:CYCLE008_SCOPE,unresolved,,REF:CYCLE008_LIMITS,UNASSESSED,REF:PRIVATE_PRIORITY,,,
BA:momotalk:20018:thread:200180250,momotalk,MANDATORY_COMPLETE_REVIEW,02_CANONICAL_STORIES/MOMOTALK/MOE/THREAD_200180250.md,99903b61b8cf5109701e1559ad28d8cdba42ca3b9c252fbec1321be5005e3edf,ADMITTED,series/blue-archive/02 Sequential Readings/BOND/MOE/BLUE_ARCHIVE_MOE_PHASE2_PRIVATE_CONTEXTUAL_ACCOUNT_20261008.md,REF:CYCLE008_ACCEPTED,REF:CYCLE008_SCOPE,unresolved,,REF:CYCLE008_LIMITS,UNASSESSED,REF:PRIVATE_PRIORITY,,,
BA:momotalk:20019:thread:200190010,momotalk,MANDATORY_COMPLETE_REVIEW,02_CANONICAL_STORIES/MOMOTALK/AKANE/THREAD_200190010.md,905f5cd3c1cb5281e7797db57caff1ae1e90b1273f2b32a56058fcc3071a38d5,ADMITTED,series/blue-archive/02 Sequential Readings/BOND/BLUE_ARCHIVE_AKANE_PHASE2_PRIVATE_CONTEXTUAL_ACCOUNT_20261008.md,REF:CYCLE008_ACCEPTED,REF:CYCLE008_SCOPE,unresolved,,REF:CYCLE008_LIMITS,UNASSESSED,REF:PRIVATE_PRIORITY,,,
BA:momotalk:20019:thread:200190090,momotalk,MANDATORY_COMPLETE_REVIEW,02_CANONICAL_STORIES/MOMOTALK/AKANE/THREAD_200190090.md,1c72b17f1b8b5e8069bfca46b0b0f56743261c2de125e876abe94beb8d97c63b,ADMITTED,series/blue-archive/02 Sequential Readings/BOND/BLUE_ARCHIVE_AKANE_PHASE2_PRIVATE_CONTEXTUAL_ACCOUNT_20261008.md,REF:CYCLE008_ACCEPTED,REF:CYCLE008_SCOPE,unresolved,,REF:CYCLE008_LIMITS,UNASSESSED,REF:PRIVATE_PRIORITY,,,
BA:momotalk:20019:thread:200190280,momotalk,MANDATORY_COMPLETE_REVIEW,02_CANONICAL_STORIES/MOMOTALK/AKANE/THREAD_200190280.md,2bad15535a6d90770f28418e160942f037b313e2fe181fde6aeea32638b882f8,ADMITTED,series/blue-archive/02 Sequential Readings/BOND/BLUE_ARCHIVE_AKANE_PHASE2_PRIVATE_CONTEXTUAL_ACCOUNT_20261008.md,REF:CYCLE008_ACCEPTED,REF:CYCLE008_SCOPE,unresolved,,REF:CYCLE008_LIMITS,UNASSESSED,REF:PRIVATE_PRIORITY,,,
BA:momotalk:20019:thread:200190350,momotalk,MANDATORY_COMPLETE_REVIEW,02_CANONICAL_STORIES/MOMOTALK/AKANE/THREAD_200190350.md,8b3dbd5d810b8ee41bedf5d86dfdff51ff8efd4a06acc8e75d5ed9a3ace423ad,ADMITTED,series/blue-archive/02 Sequential Readings/BOND/BLUE_ARCHIVE_AKANE_PHASE2_PRIVATE_CONTEXTUAL_ACCOUNT_20261008.md,REF:CYCLE008_ACCEPTED,REF:CYCLE008_SCOPE,unresolved,,REF:CYCLE008_LIMITS,UNASSESSED,REF:PRIVATE_PRIORITY,,,
BA:momotalk:20020:thread:200200010,momotalk,MANDATORY_COMPLETE_REVIEW,02_CANONICAL_STORIES/MOMOTALK/CH0159/THREAD_200200010.md,11604767da3ed38f951048a64caa53bb18e5260aa8c7f00c2b4c6aad664aa707,ADMITTED,series/blue-archive/02 Sequential Readings/BOND/BLUE_ARCHIVE_HIMARI_PHASE2_PRIVATE_CONTEXTUAL_ACCOUNT_20261008.md,REF:CYCLE008_ACCEPTED,REF:CYCLE008_SCOPE,unresolved,,REF:CYCLE008_LIMITS,UNASSESSED,REF:PRIVATE_PRIORITY,,,
BA:momotalk:20020:thread:200200180,momotalk,MANDATORY_COMPLETE_REVIEW,02_CANONICAL_STORIES/MOMOTALK/CH0159/THREAD_200200180.md,6846d552f31f0af7d64416598552e159215feef0ba2648069834be8c540a2d64,ADMITTED,series/blue-archive/02 Sequential Readings/BOND/BLUE_ARCHIVE_HIMARI_PHASE2_PRIVATE_CONTEXTUAL_ACCOUNT_20261008.md,REF:CYCLE008_ACCEPTED,REF:CYCLE008_SCOPE,unresolved,,REF:CYCLE008_LIMITS,UNASSESSED,REF:PRIVATE_PRIORITY,,,
BA:momotalk:20020:thread:200200230,momotalk,MANDATORY_COMPLETE_REVIEW,02_CANONICAL_STORIES/MOMOTALK/CH0159/THREAD_200200230.md,94905cc6085b4e61b1c7751be8c3d61226c3fabe6d16f55de4795947b98aa5da,ADMITTED,series/blue-archive/02 Sequential Readings/BOND/BLUE_ARCHIVE_HIMARI_PHASE2_PRIVATE_CONTEXTUAL_ACCOUNT_20261008.md,REF:CYCLE008_ACCEPTED,REF:CYCLE008_SCOPE,unresolved,,REF:CYCLE008_LIMITS,UNASSESSED,REF:PRIVATE_PRIORITY,,,
BA:momotalk:20020:thread:200200260,momotalk,MANDATORY_COMPLETE_REVIEW,02_CANONICAL_STORIES/MOMOTALK/CH0159/THREAD_200200260.md,39580ff99db314b3e60306d2e28fa1956004c988e1374148a99364e35eabdbb6,ADMITTED,series/blue-archive/02 Sequential Readings/BOND/BLUE_ARCHIVE_HIMARI_PHASE2_PRIVATE_CONTEXTUAL_ACCOUNT_20261008.md,REF:CYCLE008_ACCEPTED,REF:CYCLE008_SCOPE,unresolved,,REF:CYCLE008_LIMITS,UNASSESSED,REF:PRIVATE_PRIORITY,,,
BA:momotalk:20021:thread:200210010,momotalk,MANDATORY_COMPLETE_REVIEW,02_CANONICAL_STORIES/MOMOTALK/HANAE/THREAD_200210010.md,b86171e3d33cc4b0fd04427e69b83fd874e9cdb389d33219d044555719e5aabd,ADMITTED,series/blue-archive/02 Sequential Readings/BOND/HANAE/BLUE_ARCHIVE_HANAE_PRIVATE_CONTEXTUALIZATION_CHECKPOINT.md,REF:ORIGINAL_ADMISSION_RECORD_0007,REF:ORIGINAL_ADMITTED_CLAIM_SCOPE_0049,LOCAL_RELATIVE_ONLY,Positive FavorSchedule consultation join and local festive framing; no main or absolute-date placement.,REF:ORIGINAL_ATTRIBUTION_LIMITS_0050,CORE,REF:ORIGINAL_PRIORITY_REASON_0051,,,
BA:momotalk:20021:thread:200210060,momotalk,MANDATORY_COMPLETE_REVIEW,02_CANONICAL_STORIES/MOMOTALK/HANAE/THREAD_200210060.md,6532ec1d4f2c93f6c2c9f53e03a66f6aa9a84e1c7688987ede8bae8fb8802dac,ADMITTED,series/blue-archive/02 Sequential Readings/BOND/HANAE/BLUE_ARCHIVE_HANAE_PRIVATE_CONTEXTUALIZATION_CHECKPOINT.md,REF:ORIGINAL_ADMISSION_RECORD_0007,REF:ORIGINAL_ADMITTED_CLAIM_SCOPE_0052,LOCAL_RELATIVE_ONLY,Positive FavorSchedule join and the represented training day only; no main or release-order chronology.,REF:ORIGINAL_ATTRIBUTION_LIMITS_0053,CORE,REF:ORIGINAL_PRIORITY_REASON_0054,,,
BA:momotalk:20021:thread:200210110,momotalk,MANDATORY_COMPLETE_REVIEW,02_CANONICAL_STORIES/MOMOTALK/HANAE/THREAD_200210110.md,49917d871200b15e1fd26eb8503595b14b0c322d2ba3c89bbcb7fef035c85ef8,ADMITTED,series/blue-archive/02 Sequential Readings/BOND/HANAE/BLUE_ARCHIVE_HANAE_PRIVATE_CONTEXTUALIZATION_CHECKPOINT.md,REF:ORIGINAL_ADMISSION_RECORD_0007,REF:ORIGINAL_ADMITTED_CLAIM_SCOPE_0055,LOCAL_RELATIVE_ONLY,"Positive FavorSchedule join and local invitation, making and message aftermath; no global festive placement.",REF:ORIGINAL_ATTRIBUTION_LIMITS_0056,CORE,REF:ORIGINAL_PRIORITY_REASON_0057,,,
BA:momotalk:20021:thread:200210260,momotalk,MANDATORY_COMPLETE_REVIEW,02_CANONICAL_STORIES/MOMOTALK/HANAE/THREAD_200210260.md,92ab3313670d2764ae6f4143dd7cf8d0e2b5468860856960c44f5f56d523716b,ADMITTED,series/blue-archive/02 Sequential Readings/BOND/HANAE/BLUE_ARCHIVE_HANAE_PRIVATE_CONTEXTUALIZATION_CHECKPOINT.md,REF:ORIGINAL_ADMISSION_RECORD_0007,REF:ORIGINAL_ADMITTED_CLAIM_SCOPE_0058,LOCAL_RELATIVE_ONLY,Positive FavorSchedule important-errand join and local shopping sequence only; no event or main edge.,REF:ORIGINAL_ATTRIBUTION_LIMITS_0059,CORE,REF:ORIGINAL_PRIORITY_REASON_0060,,,
BA:momotalk:20022:thread:200220010,momotalk,MANDATORY_COMPLETE_REVIEW,02_CANONICAL_STORIES/MOMOTALK/FUUKA/THREAD_200220010.md,7235584b6b59e9cd0e4a1c8bc8a4f9ebd69b3eb29bb9dbbb71d79f08ded070e5,ADMITTED,series/blue-archive/02 Sequential Readings/BOND/BLUE_ARCHIVE_GEHENNA20_PHASE2_PRIVATE_CONTEXTUAL_ACCOUNT_20261008.md,REF:CYCLE008_ACCEPTED,REF:CYCLE008_SCOPE,unresolved,,REF:CYCLE008_LIMITS,UNASSESSED,REF:PRIVATE_PRIORITY,,,
BA:momotalk:20022:thread:200220070,momotalk,MANDATORY_COMPLETE_REVIEW,02_CANONICAL_STORIES/MOMOTALK/FUUKA/THREAD_200220070.md,e03481a956c26f87aa1bdae4ee24d1da478a1b251d8c175241c108d36f65dd40,ADMITTED,series/blue-archive/02 Sequential Readings/BOND/BLUE_ARCHIVE_GEHENNA20_PHASE2_PRIVATE_CONTEXTUAL_ACCOUNT_20261008.md,REF:CYCLE008_ACCEPTED,REF:CYCLE008_SCOPE,unresolved,,REF:CYCLE008_LIMITS,UNASSESSED,REF:PRIVATE_PRIORITY,,,
BA:momotalk:20022:thread:200220170,momotalk,MANDATORY_COMPLETE_REVIEW,02_CANONICAL_STORIES/MOMOTALK/FUUKA/THREAD_200220170.md,c208a558ecf82839c10638f986fb7d81023ff030836289208ffe82291d9a6d83,ADMITTED,series/blue-archive/02 Sequential Readings/BOND/BLUE_ARCHIVE_GEHENNA20_PHASE2_PRIVATE_CONTEXTUAL_ACCOUNT_20261008.md,REF:CYCLE008_ACCEPTED,REF:CYCLE008_SCOPE,unresolved,,REF:CYCLE008_LIMITS,UNASSESSED,REF:PRIVATE_PRIORITY,,,
BA:momotalk:20023:thread:200230010,momotalk,MANDATORY_COMPLETE_REVIEW,02_CANONICAL_STORIES/MOMOTALK/CH0170/THREAD_200230010.md,2b3de6b5ede17b23edd3c1384c55d4d806b38d7a6ed724f8f37e5f31a9f466e5,ADMITTED,series/blue-archive/02 Sequential Readings/BOND/KANNA/BLUE_ARCHIVE_KANNA_PHASE2_PRIVATE_CONTEXTUAL_ACCOUNT_20261008.md,REF:CYCLE008_ACCEPTED,REF:CYCLE008_SCOPE,unresolved,,REF:CYCLE008_LIMITS,UNASSESSED,REF:PRIVATE_PRIORITY,,,
BA:momotalk:20023:thread:200230090,momotalk,MANDATORY_COMPLETE_REVIEW,02_CANONICAL_STORIES/MOMOTALK/CH0170/THREAD_200230090.md,179bb6fde6bb103c4dfc30a39d944ce5d79801116b1285d6a4aa9e4d673ebc28,ADMITTED,series/blue-archive/02 Sequential Readings/BOND/KANNA/BLUE_ARCHIVE_KANNA_PHASE2_PRIVATE_CONTEXTUAL_ACCOUNT_20261008.md,REF:CYCLE008_ACCEPTED,REF:CYCLE008_SCOPE,unresolved,,REF:CYCLE008_LIMITS,UNASSESSED,REF:PRIVATE_PRIORITY,,,
BA:momotalk:20023:thread:200230210,momotalk,MANDATORY_COMPLETE_REVIEW,02_CANONICAL_STORIES/MOMOTALK/CH0170/THREAD_200230210.md,21d80033779da493967cad28645964d8e1f3d47b45fc2ec7745d06da274477cb,ADMITTED,series/blue-archive/02 Sequential Readings/BOND/KANNA/BLUE_ARCHIVE_KANNA_PHASE2_PRIVATE_CONTEXTUAL_ACCOUNT_20261008.md,REF:CYCLE008_ACCEPTED,REF:CYCLE008_SCOPE,unresolved,,REF:CYCLE008_LIMITS,UNASSESSED,REF:PRIVATE_PRIORITY,,,
BA:momotalk:20023:thread:200230260,momotalk,MANDATORY_COMPLETE_REVIEW,02_CANONICAL_STORIES/MOMOTALK/CH0170/THREAD_200230260.md,a6192d32afdcd3c64637342992e9edd5b69b729962b5b95afa4c81e53b59ccc7,ADMITTED,series/blue-archive/02 Sequential Readings/BOND/KANNA/BLUE_ARCHIVE_KANNA_PHASE2_PRIVATE_CONTEXTUAL_ACCOUNT_20261008.md,REF:CYCLE008_ACCEPTED,REF:CYCLE008_SCOPE,unresolved,,REF:CYCLE008_LIMITS,UNASSESSED,REF:PRIVATE_PRIORITY,,,
BA:momotalk:20024:thread:200240010,momotalk,MANDATORY_COMPLETE_REVIEW,02_CANONICAL_STORIES/MOMOTALK/NAGISA/THREAD_200240010.md,71a340e21b8c18093c1d4fb88e21e699fe495ca10f7e9533e20afd2254f5b731,ADMITTED,series/blue-archive/02 Sequential Readings/BOND/NAGISA/BLUE_ARCHIVE_NAGISA_PRIVATE_CONTEXTUALIZATION_CHECKPOINT.md,REF:CYCLE008_ACCEPTED,REF:CYCLE008_SCOPE,unresolved,,REF:CYCLE008_LIMITS,UNASSESSED,REF:PRIVATE_PRIORITY,,,
BA:momotalk:20024:thread:200240150,momotalk,MANDATORY_COMPLETE_REVIEW,02_CANONICAL_STORIES/MOMOTALK/NAGISA/THREAD_200240150.md,b9ae3c7610482c417346ff1111b4c885b086b1eeefb0fa5787f809567fe8b847,ADMITTED,series/blue-archive/02 Sequential Readings/BOND/NAGISA/BLUE_ARCHIVE_NAGISA_PRIVATE_CONTEXTUALIZATION_CHECKPOINT.md,REF:CYCLE008_ACCEPTED,REF:CYCLE008_SCOPE,unresolved,,REF:CYCLE008_LIMITS,UNASSESSED,REF:PRIVATE_PRIORITY,,,
BA:momotalk:20024:thread:200240230,momotalk,MANDATORY_COMPLETE_REVIEW,02_CANONICAL_STORIES/MOMOTALK/NAGISA/THREAD_200240230.md,17ffd07e7b0f26fd0fc15915c9726d6cd2a0975c5090283c7780470a78734de6,ADMITTED,series/blue-archive/02 Sequential Readings/BOND/NAGISA/BLUE_ARCHIVE_NAGISA_PRIVATE_CONTEXTUALIZATION_CHECKPOINT.md,REF:CYCLE008_ACCEPTED,REF:CYCLE008_SCOPE,unresolved,,REF:CYCLE008_LIMITS,UNASSESSED,REF:PRIVATE_PRIORITY,,,
BA:momotalk:20024:thread:200240310,momotalk,MANDATORY_COMPLETE_REVIEW,02_CANONICAL_STORIES/MOMOTALK/NAGISA/THREAD_200240310.md,95b0ae36bc469d866f14fa02e65c16f3ce5891e635380fb8a2881e5eb7adcfaf,ADMITTED,series/blue-archive/02 Sequential Readings/BOND/NAGISA/BLUE_ARCHIVE_NAGISA_PRIVATE_CONTEXTUALIZATION_CHECKPOINT.md,REF:CYCLE008_ACCEPTED,REF:CYCLE008_SCOPE,unresolved,,REF:CYCLE008_LIMITS,UNASSESSED,REF:PRIVATE_PRIORITY,,,
BA:momotalk:20025:thread:200250010,momotalk,MANDATORY_COMPLETE_REVIEW,02_CANONICAL_STORIES/MOMOTALK/HARUKA/THREAD_200250010.md,8b5394bf48ee8321387988400507db8a3f54f37f16ad73e8d994e8774c34203d,ADMITTED,series/blue-archive/02 Sequential Readings/BOND/HARUKA/BLUE_ARCHIVE_HARUKA_PRIVATE_CONTEXTUALIZATION_CHECKPOINT.md,REF:CYCLE008_ACCEPTED,REF:CYCLE008_SCOPE,unresolved,,REF:CYCLE008_LIMITS,UNASSESSED,REF:PRIVATE_PRIORITY,,,
BA:momotalk:20025:thread:200250080,momotalk,MANDATORY_COMPLETE_REVIEW,02_CANONICAL_STORIES/MOMOTALK/HARUKA/THREAD_200250080.md,9272cb073e8f4de13f4df132469abe3fc0bd04ca290d4740ae88db70b519d03f,ADMITTED,series/blue-archive/02 Sequential Readings/BOND/HARUKA/BLUE_ARCHIVE_HARUKA_PRIVATE_CONTEXTUALIZATION_CHECKPOINT.md,REF:CYCLE008_ACCEPTED,REF:CYCLE008_SCOPE,unresolved,,REF:CYCLE008_LIMITS,UNASSESSED,REF:PRIVATE_PRIORITY,,,
BA:momotalk:20025:thread:200250210,momotalk,MANDATORY_COMPLETE_REVIEW,02_CANONICAL_STORIES/MOMOTALK/HARUKA/THREAD_200250210.md,5f5b7484fdf91bb06d50240710d25867f4db9ef39cf10229f7a9f38d694f4aa6,ADMITTED,series/blue-archive/02 Sequential Readings/BOND/HARUKA/BLUE_ARCHIVE_HARUKA_PRIVATE_CONTEXTUALIZATION_CHECKPOINT.md,REF:CYCLE008_ACCEPTED,REF:CYCLE008_SCOPE,unresolved,,REF:CYCLE008_LIMITS,UNASSESSED,REF:PRIVATE_PRIORITY,,,
BA:momotalk:20026:thread:200260010,momotalk,MANDATORY_COMPLETE_REVIEW,02_CANONICAL_STORIES/MOMOTALK/CH0214/THREAD_200260010.md,d6944737c48034d3f398dca16a361f7548639a850902471dba94f14af43efc1d,ADMITTED,series/blue-archive/02 Sequential Readings/BOND/BLUE_ARCHIVE_RED_WINTER7_PHASE2_PRIVATE_CONTEXTUAL_ACCOUNT_20261008.md,REF:CYCLE008_ACCEPTED,REF:CYCLE008_SCOPE,unresolved,,REF:CYCLE008_LIMITS,UNASSESSED,REF:PRIVATE_PRIORITY,0,0,0
BA:momotalk:20026:thread:200260120,momotalk,MANDATORY_COMPLETE_REVIEW,02_CANONICAL_STORIES/MOMOTALK/CH0214/THREAD_200260120.md,1afa77c1368ecf3c69710b18fba909f70244632484e64250ae5c1ae4186a983e,ADMITTED,series/blue-archive/02 Sequential Readings/BOND/BLUE_ARCHIVE_RED_WINTER7_PHASE2_PRIVATE_CONTEXTUAL_ACCOUNT_20261008.md,REF:CYCLE008_ACCEPTED,REF:CYCLE008_SCOPE,unresolved,,REF:CYCLE008_LIMITS,UNASSESSED,REF:PRIVATE_PRIORITY,0,0,0
BA:momotalk:20026:thread:200260210,momotalk,MANDATORY_COMPLETE_REVIEW,02_CANONICAL_STORIES/MOMOTALK/CH0214/THREAD_200260210.md,8be19530c3a686bb80fa118b60629631ae339d22ced0da90f49c0d2f55f6048d,ADMITTED,series/blue-archive/02 Sequential Readings/BOND/BLUE_ARCHIVE_RED_WINTER7_PHASE2_PRIVATE_CONTEXTUAL_ACCOUNT_20261008.md,REF:CYCLE008_ACCEPTED,REF:CYCLE008_SCOPE,unresolved,,REF:CYCLE008_LIMITS,UNASSESSED,REF:PRIVATE_PRIORITY,0,0,0
BA:momotalk:20026:thread:200260280,momotalk,MANDATORY_COMPLETE_REVIEW,02_CANONICAL_STORIES/MOMOTALK/CH0214/THREAD_200260280.md,a3897f816ebdcbe04a2cc65147076cf48941fbad7292e5bf28156b83730ff470,ADMITTED,series/blue-archive/02 Sequential Readings/BOND/BLUE_ARCHIVE_RED_WINTER7_PHASE2_PRIVATE_CONTEXTUAL_ACCOUNT_20261008.md,REF:CYCLE008_ACCEPTED,REF:CYCLE008_SCOPE,unresolved,,REF:CYCLE008_LIMITS,UNASSESSED,REF:PRIVATE_PRIORITY,0,0,0
BA:momotalk:20027:thread:200270010,momotalk,MANDATORY_COMPLETE_REVIEW,02_CANONICAL_STORIES/MOMOTALK/SHIROKO/THREAD_200270010.md,e99856641ed685e175bd4ed4e6a0612bf174bfb994f808eb2e1463e38785ef55,ADMITTED,series/blue-archive/02 Sequential Readings/BOND/BLUE_ARCHIVE_SHIROKO_PHASE2_PRIVATE_CONTEXTUAL_ACCOUNT_20261008.md,REF:CYCLE008_ACCEPTED,REF:CYCLE008_SCOPE,unresolved,,REF:CYCLE008_LIMITS,UNASSESSED,REF:PRIVATE_PRIORITY,,,
BA:momotalk:20027:thread:200270130,momotalk,MANDATORY_COMPLETE_REVIEW,02_CANONICAL_STORIES/MOMOTALK/SHIROKO/THREAD_200270130.md,0c44ff39017b6308bbea98385ca5004b20a54a9324cde5dc8fce313752f1b54c,ADMITTED,series/blue-archive/02 Sequential Readings/BOND/BLUE_ARCHIVE_SHIROKO_PHASE2_PRIVATE_CONTEXTUAL_ACCOUNT_20261008.md,REF:CYCLE008_ACCEPTED,REF:CYCLE008_SCOPE,unresolved,,REF:CYCLE008_LIMITS,UNASSESSED,REF:PRIVATE_PRIORITY,,,
BA:momotalk:20027:thread:200270180,momotalk,MANDATORY_COMPLETE_REVIEW,02_CANONICAL_STORIES/MOMOTALK/SHIROKO/THREAD_200270180.md,20bf0e0052e7fca2cfa556f9b13fdb419ed2bb6ff40239cd11f606d47bc4649b,ADMITTED,series/blue-archive/02 Sequential Readings/BOND/BLUE_ARCHIVE_SHIROKO_PHASE2_PRIVATE_CONTEXTUAL_ACCOUNT_20261008.md,REF:CYCLE008_ACCEPTED,REF:CYCLE008_SCOPE,unresolved,,REF:CYCLE008_LIMITS,UNASSESSED,REF:PRIVATE_PRIORITY,,,
BA:momotalk:20028:thread:200280010,momotalk,MANDATORY_COMPLETE_REVIEW,02_CANONICAL_STORIES/MOMOTALK/HINATA/THREAD_200280010.md,e8685a3d48a831b160ea093afd2ffa9ec7fa628141911246cc7c0402de83351f,ADMITTED,series/blue-archive/02 Sequential Readings/BOND/BLUE_ARCHIVE_HINATA_UI_SHIMIKO_PRIVATE_CONTEXTUALIZATION_CHECKPOINT.md,REF:CYCLE008_ACCEPTED,REF:CYCLE008_SCOPE,unresolved,,REF:CYCLE008_LIMITS,UNASSESSED,REF:PRIVATE_PRIORITY,,,
BA:momotalk:20028:thread:200280140,momotalk,MANDATORY_COMPLETE_REVIEW,02_CANONICAL_STORIES/MOMOTALK/HINATA/THREAD_200280140.md,1dddf319d3b34c6dd56778eec34c6f2a7529a634f95e693ba6c69a08dfe6c392,ADMITTED,series/blue-archive/02 Sequential Readings/BOND/BLUE_ARCHIVE_HINATA_UI_SHIMIKO_PRIVATE_CONTEXTUALIZATION_CHECKPOINT.md,REF:CYCLE008_ACCEPTED,REF:CYCLE008_SCOPE,unresolved,,REF:CYCLE008_LIMITS,UNASSESSED,REF:PRIVATE_PRIORITY,,,
BA:momotalk:20028:thread:200280210,momotalk,MANDATORY_COMPLETE_REVIEW,02_CANONICAL_STORIES/MOMOTALK/HINATA/THREAD_200280210.md,52fa1e00dd487f0e8e2eecf56f141b5a283e23292b223938dd07076a0a676be4,ADMITTED,series/blue-archive/02 Sequential Readings/BOND/BLUE_ARCHIVE_HINATA_UI_SHIMIKO_PRIVATE_CONTEXTUALIZATION_CHECKPOINT.md,REF:CYCLE008_ACCEPTED,REF:CYCLE008_SCOPE,unresolved,,REF:CYCLE008_LIMITS,UNASSESSED,REF:PRIVATE_PRIORITY,,,
BA:momotalk:20029:thread:200290010,momotalk,MANDATORY_COMPLETE_REVIEW,02_CANONICAL_STORIES/MOMOTALK/MIMORI/THREAD_200290010.md,5edc9194a0cdbd11d5a46dd3ba64fcbd293a6b6f735381a16449652c9415f184,ADMITTED,series/blue-archive/02 Sequential Readings/BOND/BLUE_ARCHIVE_TRAINING_KAEDE_MIMORI_TSUBAKI_PHASE2_PRIVATE_CONTEXTUAL_ACCOUNT_20261008.md,REF:CYCLE008_ACCEPTED,REF:CYCLE008_SCOPE,unresolved,,REF:CYCLE008_LIMITS,UNASSESSED,REF:PRIVATE_PRIORITY,,,
BA:momotalk:20029:thread:200290140,momotalk,MANDATORY_COMPLETE_REVIEW,02_CANONICAL_STORIES/MOMOTALK/MIMORI/THREAD_200290140.md,3dd150aaa18aaa1f6ccea6e4a36dc369c412b2d7316c6bf2466acefa8f741223,ADMITTED,series/blue-archive/02 Sequential Readings/BOND/BLUE_ARCHIVE_TRAINING_KAEDE_MIMORI_TSUBAKI_PHASE2_PRIVATE_CONTEXTUAL_ACCOUNT_20261008.md,REF:CYCLE008_ACCEPTED,REF:CYCLE008_SCOPE,unresolved,,REF:CYCLE008_LIMITS,UNASSESSED,REF:PRIVATE_PRIORITY,,,
BA:momotalk:20029:thread:200290180,momotalk,MANDATORY_COMPLETE_REVIEW,02_CANONICAL_STORIES/MOMOTALK/MIMORI/THREAD_200290180.md,59f01871cadc5763aacd3d395eac09aa17d08e37782b3e133e2a098921e99870,ADMITTED,series/blue-archive/02 Sequential Readings/BOND/BLUE_ARCHIVE_TRAINING_KAEDE_MIMORI_TSUBAKI_PHASE2_PRIVATE_CONTEXTUAL_ACCOUNT_20261008.md,REF:CYCLE008_ACCEPTED,REF:CYCLE008_SCOPE,unresolved,,REF:CYCLE008_LIMITS,UNASSESSED,REF:PRIVATE_PRIORITY,,,
BA:momotalk:20030:thread:200300010,momotalk,MANDATORY_COMPLETE_REVIEW,02_CANONICAL_STORIES/MOMOTALK/HARUNA/THREAD_200300010.md,bd6b1c6d940e27929adf1c62a5acc494b4bb83ca18d16a89d273fb50a1f2dd2b,ADMITTED,series/blue-archive/02 Sequential Readings/BOND/BLUE_ARCHIVE_GEHENNA20_PHASE2_PRIVATE_CONTEXTUAL_ACCOUNT_20261008.md,REF:CYCLE008_ACCEPTED,REF:CYCLE008_SCOPE,unresolved,,REF:CYCLE008_LIMITS,UNASSESSED,REF:PRIVATE_PRIORITY,,,
BA:momotalk:20030:thread:200300120,momotalk,MANDATORY_COMPLETE_REVIEW,02_CANONICAL_STORIES/MOMOTALK/HARUNA/THREAD_200300120.md,7efdc078003d3d848de425ab707b3e76c0bbee48b5b0894875014e6db0a87c30,ADMITTED,series/blue-archive/02 Sequential Readings/BOND/BLUE_ARCHIVE_GEHENNA20_PHASE2_PRIVATE_CONTEXTUAL_ACCOUNT_20261008.md,REF:CYCLE008_ACCEPTED,REF:CYCLE008_SCOPE,unresolved,,REF:CYCLE008_LIMITS,UNASSESSED,REF:PRIVATE_PRIORITY,,,
BA:momotalk:20030:thread:200300210,momotalk,MANDATORY_COMPLETE_REVIEW,02_CANONICAL_STORIES/MOMOTALK/HARUNA/THREAD_200300210.md,18a19cfbed1e1cdc887d1e0b824dcfbb7c3d0f19ffb24c4c8b6387a02f235426,ADMITTED,series/blue-archive/02 Sequential Readings/BOND/BLUE_ARCHIVE_GEHENNA20_PHASE2_PRIVATE_CONTEXTUAL_ACCOUNT_20261008.md,REF:CYCLE008_ACCEPTED,REF:CYCLE008_SCOPE,unresolved,,REF:CYCLE008_LIMITS,UNASSESSED,REF:PRIVATE_PRIORITY,,,
BA:momotalk:20030:thread:200300340,momotalk,MANDATORY_COMPLETE_REVIEW,02_CANONICAL_STORIES/MOMOTALK/HARUNA/THREAD_200300340.md,241fd31b2e0a5c8c6e999c8eb7739e9e660a0f8756a47e325e3adc01f2fbd5d6,ADMITTED,series/blue-archive/02 Sequential Readings/BOND/BLUE_ARCHIVE_GEHENNA20_PHASE2_PRIVATE_CONTEXTUAL_ACCOUNT_20261008.md,REF:CYCLE008_ACCEPTED,REF:CYCLE008_SCOPE,unresolved,,REF:CYCLE008_LIMITS,UNASSESSED,REF:PRIVATE_PRIORITY,,,
BA:momotalk:20031:thread:200310010,momotalk,MANDATORY_COMPLETE_REVIEW,02_CANONICAL_STORIES/MOMOTALK/SHIGURE/THREAD_200310010.md,0a994240f01767151c05981a788a23b98102bef8f820a6ce2f0e1eb840899dce,ADMITTED,series/blue-archive/02 Sequential Readings/BOND/BLUE_ARCHIVE_RED_WINTER7_PHASE2_PRIVATE_CONTEXTUAL_ACCOUNT_20261008.md,REF:CYCLE008_ACCEPTED,REF:CYCLE008_SCOPE,unresolved,,REF:CYCLE008_LIMITS,UNASSESSED,REF:PRIVATE_PRIORITY,0,0,0
BA:momotalk:20031:thread:200310140,momotalk,MANDATORY_COMPLETE_REVIEW,02_CANONICAL_STORIES/MOMOTALK/SHIGURE/THREAD_200310140.md,19a459adcb57c694e2402fc8707035e24ace4651d7e63c66eaa85da887d5783e,ADMITTED,series/blue-archive/02 Sequential Readings/BOND/BLUE_ARCHIVE_RED_WINTER7_PHASE2_PRIVATE_CONTEXTUAL_ACCOUNT_20261008.md,REF:CYCLE008_ACCEPTED,REF:CYCLE008_SCOPE,unresolved,,REF:CYCLE008_LIMITS,UNASSESSED,REF:PRIVATE_PRIORITY,0,0,0
BA:momotalk:20031:thread:200310220,momotalk,MANDATORY_COMPLETE_REVIEW,02_CANONICAL_STORIES/MOMOTALK/SHIGURE/THREAD_200310220.md,2b0d372c600b79f615a0ce6b3d8bb07bb72806645bae86062c205b1a58599eb3,ADMITTED,series/blue-archive/02 Sequential Readings/BOND/BLUE_ARCHIVE_RED_WINTER7_PHASE2_PRIVATE_CONTEXTUAL_ACCOUNT_20261008.md,REF:CYCLE008_ACCEPTED,REF:CYCLE008_SCOPE,unresolved,,REF:CYCLE008_LIMITS,UNASSESSED,REF:PRIVATE_PRIORITY,0,0,0
BA:momotalk:20031:thread:200310390,momotalk,MANDATORY_COMPLETE_REVIEW,02_CANONICAL_STORIES/MOMOTALK/SHIGURE/THREAD_200310390.md,15d75946d682599e5fb3367559caeb3ac3bd5045c6c2d64cc907f88e31b4996e,ADMITTED,series/blue-archive/02 Sequential Readings/BOND/BLUE_ARCHIVE_RED_WINTER7_PHASE2_PRIVATE_CONTEXTUAL_ACCOUNT_20261008.md,REF:CYCLE008_ACCEPTED,REF:CYCLE008_SCOPE,unresolved,,REF:CYCLE008_LIMITS,UNASSESSED,REF:PRIVATE_PRIORITY,0,0,0
BA:momotalk:20032:thread:200320010,momotalk,MANDATORY_COMPLETE_REVIEW,02_CANONICAL_STORIES/MOMOTALK/EIMI/THREAD_200320010.md,a58469428838a4018798a1427d8f612051ebe50a264ae6642d7d4aff6b379599,ADMITTED,series/blue-archive/02 Sequential Readings/BOND/BLUE_ARCHIVE_EIMI_PHASE2_PRIVATE_CONTEXTUAL_ACCOUNT_20261008.md,REF:CYCLE008_ACCEPTED,REF:CYCLE008_SCOPE,unresolved,,REF:CYCLE008_LIMITS,UNASSESSED,REF:PRIVATE_PRIORITY,,,
BA:momotalk:20032:thread:200320080,momotalk,MANDATORY_COMPLETE_REVIEW,02_CANONICAL_STORIES/MOMOTALK/EIMI/THREAD_200320080.md,3ead87867291b1d4ab8411520235c0200d880f6df12fb3fe6bf3d69ef05b1485,ADMITTED,series/blue-archive/02 Sequential Readings/BOND/BLUE_ARCHIVE_EIMI_PHASE2_PRIVATE_CONTEXTUAL_ACCOUNT_20261008.md,REF:CYCLE008_ACCEPTED,REF:CYCLE008_SCOPE,unresolved,,REF:CYCLE008_LIMITS,UNASSESSED,REF:PRIVATE_PRIORITY,,,
BA:momotalk:20032:thread:200320180,momotalk,MANDATORY_COMPLETE_REVIEW,02_CANONICAL_STORIES/MOMOTALK/EIMI/THREAD_200320180.md,e667ac23621d1e7a28a70221024c1f88d146f5bff267477b12219b208b25b566,ADMITTED,series/blue-archive/02 Sequential Readings/BOND/BLUE_ARCHIVE_EIMI_PHASE2_PRIVATE_CONTEXTUAL_ACCOUNT_20261008.md,REF:CYCLE008_ACCEPTED,REF:CYCLE008_SCOPE,unresolved,,REF:CYCLE008_LIMITS,UNASSESSED,REF:PRIVATE_PRIORITY,,,
BA:momotalk:20032:thread:200320300,momotalk,MANDATORY_COMPLETE_REVIEW,02_CANONICAL_STORIES/MOMOTALK/EIMI/THREAD_200320300.md,7f4b1d74702b9d03abe2216b06d39009623f90d016d191dac2147f9b30998a72,ADMITTED,series/blue-archive/02 Sequential Readings/BOND/BLUE_ARCHIVE_EIMI_PHASE2_PRIVATE_CONTEXTUAL_ACCOUNT_20261008.md,REF:CYCLE008_ACCEPTED,REF:CYCLE008_SCOPE,unresolved,,REF:CYCLE008_LIMITS,UNASSESSED,REF:PRIVATE_PRIORITY,,,
BA:momotalk:20033:thread:200330010,momotalk,MANDATORY_COMPLETE_REVIEW,02_CANONICAL_STORIES/MOMOTALK/CH0079/THREAD_200330010.md,421109f469a0f184eb4f1284cfba54f56c2acd645ccfe849fe4c3fd538ac5c9d,ADMITTED,series/blue-archive/02 Sequential Readings/BOND/BLUE_ARCHIVE_GEHENNA20_PHASE2_PRIVATE_CONTEXTUAL_ACCOUNT_20261008.md,REF:CYCLE008_ACCEPTED,REF:CYCLE008_SCOPE,unresolved,,REF:CYCLE008_LIMITS,UNASSESSED,REF:PRIVATE_PRIORITY,,,
BA:momotalk:20033:thread:200330090,momotalk,MANDATORY_COMPLETE_REVIEW,02_CANONICAL_STORIES/MOMOTALK/CH0079/THREAD_200330090.md,01113c99720264a518cec44bb0f618c08b89cb6b9305ebf7064dfc337937c9c6,ADMITTED,series/blue-archive/02 Sequential Readings/BOND/BLUE_ARCHIVE_GEHENNA20_PHASE2_PRIVATE_CONTEXTUAL_ACCOUNT_20261008.md,REF:CYCLE008_ACCEPTED,REF:CYCLE008_SCOPE,unresolved,,REF:CYCLE008_LIMITS,UNASSESSED,REF:PRIVATE_PRIORITY,,,
BA:momotalk:20033:thread:200330200,momotalk,MANDATORY_COMPLETE_REVIEW,02_CANONICAL_STORIES/MOMOTALK/CH0079/THREAD_200330200.md,8d6ce2ee13db558fc9d38a33c6f27b468fa33fb2aefc04fbf9b1ce08185c0e5f,ADMITTED,series/blue-archive/02 Sequential Readings/BOND/BLUE_ARCHIVE_GEHENNA20_PHASE2_PRIVATE_CONTEXTUAL_ACCOUNT_20261008.md,REF:CYCLE008_ACCEPTED,REF:CYCLE008_SCOPE,unresolved,,REF:CYCLE008_LIMITS,UNASSESSED,REF:PRIVATE_PRIORITY,,,
BA:momotalk:20033:thread:200330310,momotalk,MANDATORY_COMPLETE_REVIEW,02_CANONICAL_STORIES/MOMOTALK/CH0079/THREAD_200330310.md,6a907ed20bed549fe99121359d6ae473f7671e9afe1e910321406460a83e5940,ADMITTED,series/blue-archive/02 Sequential Readings/BOND/BLUE_ARCHIVE_GEHENNA20_PHASE2_PRIVATE_CONTEXTUAL_ACCOUNT_20261008.md,REF:CYCLE008_ACCEPTED,REF:CYCLE008_SCOPE,unresolved,,REF:CYCLE008_LIMITS,UNASSESSED,REF:PRIVATE_PRIORITY,,,
BA:momotalk:20034:thread:200340010,momotalk,MANDATORY_COMPLETE_REVIEW,02_CANONICAL_STORIES/MOMOTALK/AKARI/THREAD_200340010.md,715870fabbb673bc59f3e30d3d6c979412b95f1bf371c9d5f98a68b5f11e4158,ADMITTED,series/blue-archive/02 Sequential Readings/BOND/BLUE_ARCHIVE_GEHENNA20_PHASE2_PRIVATE_CONTEXTUAL_ACCOUNT_20261008.md,REF:CYCLE008_ACCEPTED,REF:CYCLE008_SCOPE,unresolved,,REF:CYCLE008_LIMITS,UNASSESSED,REF:PRIVATE_PRIORITY,,,
BA:momotalk:20034:thread:200340060,momotalk,MANDATORY_COMPLETE_REVIEW,02_CANONICAL_STORIES/MOMOTALK/AKARI/THREAD_200340060.md,c8b9b2dcadf46983ad2f4b69d19fd9f2b27106b0a6956432e4e54320b49ce7c7,ADMITTED,series/blue-archive/02 Sequential Readings/BOND/BLUE_ARCHIVE_GEHENNA20_PHASE2_PRIVATE_CONTEXTUAL_ACCOUNT_20261008.md,REF:CYCLE008_ACCEPTED,REF:CYCLE008_SCOPE,unresolved,,REF:CYCLE008_LIMITS,UNASSESSED,REF:PRIVATE_PRIORITY,,,
BA:momotalk:20034:thread:200340140,momotalk,MANDATORY_COMPLETE_REVIEW,02_CANONICAL_STORIES/MOMOTALK/AKARI/THREAD_200340140.md,4f6066786af758cb90af1ba8382aa359b62f7c6a500fb9c15f50d13c9b89d4db,ADMITTED,series/blue-archive/02 Sequential Readings/BOND/BLUE_ARCHIVE_GEHENNA20_PHASE2_PRIVATE_CONTEXTUAL_ACCOUNT_20261008.md,REF:CYCLE008_ACCEPTED,REF:CYCLE008_SCOPE,unresolved,,REF:CYCLE008_LIMITS,UNASSESSED,REF:PRIVATE_PRIORITY,,,
BA:momotalk:20035:thread:200350010,momotalk,MANDATORY_COMPLETE_REVIEW,02_CANONICAL_STORIES/MOMOTALK/TSUBAKI/THREAD_200350010.md,27a6aad2ea56065b25e7abb8b47b251f511c5b5c2358075546128c55eec4a268,ADMITTED,series/blue-archive/02 Sequential Readings/BOND/BLUE_ARCHIVE_TRAINING_KAEDE_MIMORI_TSUBAKI_PHASE2_PRIVATE_CONTEXTUAL_ACCOUNT_20261008.md,REF:CYCLE008_ACCEPTED,REF:CYCLE008_SCOPE,unresolved,,REF:CYCLE008_LIMITS,UNASSESSED,REF:PRIVATE_PRIORITY,,,
BA:momotalk:20035:thread:200350090,momotalk,MANDATORY_COMPLETE_REVIEW,02_CANONICAL_STORIES/MOMOTALK/TSUBAKI/THREAD_200350090.md,f9ccf2abb092a7fe52b5c54431633af009058a0fbd0d7e244117140ddf78a681,ADMITTED,series/blue-archive/02 Sequential Readings/BOND/BLUE_ARCHIVE_TRAINING_KAEDE_MIMORI_TSUBAKI_PHASE2_PRIVATE_CONTEXTUAL_ACCOUNT_20261008.md,REF:CYCLE008_ACCEPTED,REF:CYCLE008_SCOPE,unresolved,,REF:CYCLE008_LIMITS,UNASSESSED,REF:PRIVATE_PRIORITY,,,
BA:momotalk:20035:thread:200350160,momotalk,MANDATORY_COMPLETE_REVIEW,02_CANONICAL_STORIES/MOMOTALK/TSUBAKI/THREAD_200350160.md,5b10df202b8c0a46d215cf3d3d3cf81ca61940568b804dd7e696e153e12df068,ADMITTED,series/blue-archive/02 Sequential Readings/BOND/BLUE_ARCHIVE_TRAINING_KAEDE_MIMORI_TSUBAKI_PHASE2_PRIVATE_CONTEXTUAL_ACCOUNT_20261008.md,REF:CYCLE008_ACCEPTED,REF:CYCLE008_SCOPE,unresolved,,REF:CYCLE008_LIMITS,UNASSESSED,REF:PRIVATE_PRIORITY,,,
BA:momotalk:20036:thread:200360010,momotalk,MANDATORY_COMPLETE_REVIEW,02_CANONICAL_STORIES/MOMOTALK/SERIKA/THREAD_200360010.md,c54f2297ca2167728bcdd54c562201561dcbed563769511d00e39426be9b2b08,ADMITTED,series/blue-archive/02 Sequential Readings/BOND/SERIKA/BLUE_ARCHIVE_SERIKA_PRIVATE_CONTEXTUALIZATION_CHECKPOINT.md,REF:ORIGINAL_ADMISSION_RECORD_0030,REF:ORIGINAL_ADMITTED_CLAIM_SCOPE_0031,LOCAL_RELATIVE_ONLY,Explicit prior consultation/collapse/resort only; no comprehensive variant order or main placement.,REF:ORIGINAL_ATTRIBUTION_LIMITS_0032,HIGH,REF:ORIGINAL_PRIORITY_REASON_0033,,,
BA:momotalk:20036:thread:200360130,momotalk,MANDATORY_COMPLETE_REVIEW,02_CANONICAL_STORIES/MOMOTALK/SERIKA/THREAD_200360130.md,cfa06a1dde7504c189d9ac8f11eb42866b27ee4ed3f5607a0015cc6e5996530e,ADMITTED,series/blue-archive/02 Sequential Readings/BOND/SERIKA/BLUE_ARCHIVE_SERIKA_PRIVATE_CONTEXTUALIZATION_CHECKPOINT.md,REF:ORIGINAL_ADMISSION_RECORD_0030,REF:ORIGINAL_ADMITTED_CLAIM_SCOPE_0031,LOCAL_RELATIVE_ONLY,Explicit prior consultation/collapse/resort only; no comprehensive variant order or main placement.,REF:ORIGINAL_ATTRIBUTION_LIMITS_0032,HIGH,REF:ORIGINAL_PRIORITY_REASON_0033,,,
BA:momotalk:20036:thread:200360230,momotalk,MANDATORY_COMPLETE_REVIEW,02_CANONICAL_STORIES/MOMOTALK/SERIKA/THREAD_200360230.md,5a81bd63bdfd8b0bc6fcd378579693b3f19a5ef1462a59d2aadf1025efc51455,ADMITTED,series/blue-archive/02 Sequential Readings/BOND/SERIKA/BLUE_ARCHIVE_SERIKA_PRIVATE_CONTEXTUALIZATION_CHECKPOINT.md,REF:ORIGINAL_ADMISSION_RECORD_0030,REF:ORIGINAL_ADMITTED_CLAIM_SCOPE_0031,LOCAL_RELATIVE_ONLY,Explicit prior consultation/collapse/resort only; no comprehensive variant order or main placement.,REF:ORIGINAL_ATTRIBUTION_LIMITS_0032,HIGH,REF:ORIGINAL_PRIORITY_REASON_0033,,,
BA:momotalk:20037:thread:200370010,momotalk,MANDATORY_COMPLETE_REVIEW,02_CANONICAL_STORIES/MOMOTALK/CH0141/THREAD_200370010.md,5e293d2dea9bf68abe8db0df13155537b607f594cc372b499ef8da8cd1653ee8,ADMITTED,series/blue-archive/02 Sequential Readings/BOND/FUBUKI/BLUE_ARCHIVE_FUBUKI_PHASE2_PRIVATE_CONTEXTUAL_ACCOUNT_20261008.md,REF:CYCLE008_ACCEPTED,REF:CYCLE008_SCOPE,unresolved,,REF:CYCLE008_LIMITS,UNASSESSED,REF:PRIVATE_PRIORITY,,,
BA:momotalk:20037:thread:200370070,momotalk,MANDATORY_COMPLETE_REVIEW,02_CANONICAL_STORIES/MOMOTALK/CH0141/THREAD_200370070.md,3c7c57875936d58ba6f467d66e53661af53fc80571672faaacd2f1ac12abe48c,ADMITTED,series/blue-archive/02 Sequential Readings/BOND/FUBUKI/BLUE_ARCHIVE_FUBUKI_PHASE2_PRIVATE_CONTEXTUAL_ACCOUNT_20261008.md,REF:CYCLE008_ACCEPTED,REF:CYCLE008_SCOPE,unresolved,,REF:CYCLE008_LIMITS,UNASSESSED,REF:PRIVATE_PRIORITY,,,
BA:momotalk:20037:thread:200370180,momotalk,MANDATORY_COMPLETE_REVIEW,02_CANONICAL_STORIES/MOMOTALK/CH0141/THREAD_200370180.md,84d13f7e8bdbfe3168cf9c8db6b64f58007a440b009346e84aef3dad53c214ed,ADMITTED,series/blue-archive/02 Sequential Readings/BOND/FUBUKI/BLUE_ARCHIVE_FUBUKI_PHASE2_PRIVATE_CONTEXTUAL_ACCOUNT_20261008.md,REF:CYCLE008_ACCEPTED,REF:CYCLE008_SCOPE,unresolved,,REF:CYCLE008_LIMITS,UNASSESSED,REF:PRIVATE_PRIORITY,,,
BA:momotalk:20038:thread:200380010,momotalk,MANDATORY_COMPLETE_REVIEW,02_CANONICAL_STORIES/MOMOTALK/TOMOE/THREAD_200380010.md,03101c5800c4979ccf404852405e49aac6e12d95c4a789d3e7f9c84af00ed9c0,ADMITTED,series/blue-archive/02 Sequential Readings/BOND/BLUE_ARCHIVE_RED_WINTER7_PHASE2_PRIVATE_CONTEXTUAL_ACCOUNT_20261008.md,REF:CYCLE008_ACCEPTED,REF:CYCLE008_SCOPE,unresolved,,REF:CYCLE008_LIMITS,UNASSESSED,REF:PRIVATE_PRIORITY,0,0,0
BA:momotalk:20038:thread:200380070,momotalk,MANDATORY_COMPLETE_REVIEW,02_CANONICAL_STORIES/MOMOTALK/TOMOE/THREAD_200380070.md,fdf554b36037fa466b0a046c5267e297073fbf788798b1defe62a3415b1dfbb4,ADMITTED,series/blue-archive/02 Sequential Readings/BOND/BLUE_ARCHIVE_RED_WINTER7_PHASE2_PRIVATE_CONTEXTUAL_ACCOUNT_20261008.md,REF:CYCLE008_ACCEPTED,REF:CYCLE008_SCOPE,unresolved,,REF:CYCLE008_LIMITS,UNASSESSED,REF:PRIVATE_PRIORITY,0,0,0
BA:momotalk:20038:thread:200380150,momotalk,MANDATORY_COMPLETE_REVIEW,02_CANONICAL_STORIES/MOMOTALK/TOMOE/THREAD_200380150.md,7f4875e56911d136a9c5e399a3256c74a79e030d8de1d84564f42ce5a7559064,ADMITTED,series/blue-archive/02 Sequential Readings/BOND/BLUE_ARCHIVE_RED_WINTER7_PHASE2_PRIVATE_CONTEXTUAL_ACCOUNT_20261008.md,REF:CYCLE008_ACCEPTED,REF:CYCLE008_SCOPE,unresolved,,REF:CYCLE008_LIMITS,UNASSESSED,REF:PRIVATE_PRIORITY,0,0,0
BA:momotalk:20039:thread:200390010,momotalk,MANDATORY_COMPLETE_REVIEW,02_CANONICAL_STORIES/MOMOTALK/CH0139/THREAD_200390010.md,51361a048cee860f1a4c1f91fe722ec0bac43d75897e4bad25d5d91c76c1ae80,ADMITTED,series/blue-archive/02 Sequential Readings/BOND/BLUE_ARCHIVE_SHANHAIJING6_AND_SAYA_PHASE2_PRIVATE_CONTEXTUAL_ACCOUNT_20261008.md,REF:CYCLE008_ACCEPTED,REF:CYCLE008_SCOPE,unresolved,,REF:CYCLE008_LIMITS,UNASSESSED,REF:PRIVATE_PRIORITY,0,0,0
BA:momotalk:20039:thread:200390210,momotalk,MANDATORY_COMPLETE_REVIEW,02_CANONICAL_STORIES/MOMOTALK/CH0139/THREAD_200390210.md,35650834dc6c77618b78ef0e26c2d8935b6138b105edffc601c96ee04486580d,ADMITTED,series/blue-archive/02 Sequential Readings/BOND/BLUE_ARCHIVE_SHANHAIJING6_AND_SAYA_PHASE2_PRIVATE_CONTEXTUAL_ACCOUNT_20261008.md,REF:CYCLE008_ACCEPTED,REF:CYCLE008_SCOPE,unresolved,,REF:CYCLE008_LIMITS,UNASSESSED,REF:PRIVATE_PRIORITY,0,0,0
BA:momotalk:20039:thread:200390390,momotalk,MANDATORY_COMPLETE_REVIEW,02_CANONICAL_STORIES/MOMOTALK/CH0139/THREAD_200390390.md,a399a73b140d5040a6d9ffedcdc0e86abcafd210e5841169dedf87332c0c5539,ADMITTED,series/blue-archive/02 Sequential Readings/BOND/BLUE_ARCHIVE_SHANHAIJING6_AND_SAYA_PHASE2_PRIVATE_CONTEXTUAL_ACCOUNT_20261008.md,REF:CYCLE008_ACCEPTED,REF:CYCLE008_SCOPE,unresolved,,REF:CYCLE008_LIMITS,UNASSESSED,REF:PRIVATE_PRIORITY,0,0,0
BA:momotalk:20039:thread:200390500,momotalk,MANDATORY_COMPLETE_REVIEW,02_CANONICAL_STORIES/MOMOTALK/CH0139/THREAD_200390500.md,5d2cecd47820e76dc990267304550887887e9454b75527a5b76dec03d659eb56,ADMITTED,series/blue-archive/02 Sequential Readings/BOND/BLUE_ARCHIVE_SHANHAIJING6_AND_SAYA_PHASE2_PRIVATE_CONTEXTUAL_ACCOUNT_20261008.md,REF:CYCLE008_ACCEPTED,REF:CYCLE008_SCOPE,unresolved,,REF:CYCLE008_LIMITS,UNASSESSED,REF:PRIVATE_PRIORITY,0,0,0
BA:momotalk:20040:thread:200400010,momotalk,MANDATORY_COMPLETE_REVIEW,02_CANONICAL_STORIES/MOMOTALK/CH0080/THREAD_200400010.md,554379472e1bf432bc1adc70b00cd5e41275d28345dbc42263caecee9fe978d6,ADMITTED,series/blue-archive/02 Sequential Readings/BOND/BLUE_ARCHIVE_GEHENNA20_PHASE2_PRIVATE_CONTEXTUAL_ACCOUNT_20261008.md,REF:CYCLE008_ACCEPTED,REF:CYCLE008_SCOPE,unresolved,,REF:CYCLE008_LIMITS,UNASSESSED,REF:PRIVATE_PRIORITY,,,
BA:momotalk:20040:thread:200400070,momotalk,MANDATORY_COMPLETE_REVIEW,02_CANONICAL_STORIES/MOMOTALK/CH0080/THREAD_200400070.md,2a89ffd16986a545a41a5a46959002b7f8eda2780bd0ccf5cd3e45676dbeeb03,ADMITTED,series/blue-archive/02 Sequential Readings/BOND/BLUE_ARCHIVE_GEHENNA20_PHASE2_PRIVATE_CONTEXTUAL_ACCOUNT_20261008.md,REF:CYCLE008_ACCEPTED,REF:CYCLE008_SCOPE,unresolved,,REF:CYCLE008_LIMITS,UNASSESSED,REF:PRIVATE_PRIORITY,,,
BA:momotalk:20040:thread:200400150,momotalk,MANDATORY_COMPLETE_REVIEW,02_CANONICAL_STORIES/MOMOTALK/CH0080/THREAD_200400150.md,5cce3b951981c806c6807eae8353595423bec1247db7261819dd815109a57deb,ADMITTED,series/blue-archive/02 Sequential Readings/BOND/BLUE_ARCHIVE_GEHENNA20_PHASE2_PRIVATE_CONTEXTUAL_ACCOUNT_20261008.md,REF:CYCLE008_ACCEPTED,REF:CYCLE008_SCOPE,unresolved,,REF:CYCLE008_LIMITS,UNASSESSED,REF:PRIVATE_PRIORITY,,,
BA:momotalk:20040:thread:200400310,momotalk,MANDATORY_COMPLETE_REVIEW,02_CANONICAL_STORIES/MOMOTALK/CH0080/THREAD_200400310.md,22f08f78530717c07265283f4453f0df1a38d4e76183ffad10fe32f7209d29ce,ADMITTED,series/blue-archive/02 Sequential Readings/BOND/BLUE_ARCHIVE_GEHENNA20_PHASE2_PRIVATE_CONTEXTUAL_ACCOUNT_20261008.md,REF:CYCLE008_ACCEPTED,REF:CYCLE008_SCOPE,unresolved,,REF:CYCLE008_LIMITS,UNASSESSED,REF:PRIVATE_PRIORITY,,,
BA:momotalk:20040:thread:200400430,momotalk,MANDATORY_COMPLETE_REVIEW,02_CANONICAL_STORIES/MOMOTALK/CH0080/THREAD_200400430.md,084adc5fddc15babd4976ec4c6a537f9e100892ac2a63b0e0653b36e3b215fc6,ADMITTED,series/blue-archive/02 Sequential Readings/BOND/BLUE_ARCHIVE_GEHENNA20_PHASE2_PRIVATE_CONTEXTUAL_ACCOUNT_20261008.md,REF:CYCLE008_ACCEPTED,REF:CYCLE008_SCOPE,unresolved,,REF:CYCLE008_LIMITS,UNASSESSED,REF:PRIVATE_PRIORITY,,,
BA:momotalk:20041:thread:200410010,momotalk,MANDATORY_COMPLETE_REVIEW,02_CANONICAL_STORIES/MOMOTALK/CH0158/THREAD_200410010.md,ae68f113ad859c7866b43e75134a2dc00028d9030dbd56e2ff79cd6319902565,ADMITTED,series/blue-archive/02 Sequential Readings/BOND/BLUE_ARCHIVE_RIO_PHASE2_PRIVATE_CONTEXTUAL_ACCOUNT_20261008.md,REF:CYCLE008_ACCEPTED,REF:CYCLE008_SCOPE,unresolved,,REF:CYCLE008_LIMITS,UNASSESSED,REF:PRIVATE_PRIORITY,,,
BA:momotalk:20041:thread:200410270,momotalk,MANDATORY_COMPLETE_REVIEW,02_CANONICAL_STORIES/MOMOTALK/CH0158/THREAD_200410270.md,d305a963c2445b00a95a432c0a479d8ac9130d3083f1388e3dd5da9b2a1d7981,ADMITTED,series/blue-archive/02 Sequential Readings/BOND/BLUE_ARCHIVE_RIO_PHASE2_PRIVATE_CONTEXTUAL_ACCOUNT_20261008.md,REF:CYCLE008_ACCEPTED,REF:CYCLE008_SCOPE,unresolved,,REF:CYCLE008_LIMITS,UNASSESSED,REF:PRIVATE_PRIORITY,,,
BA:momotalk:20041:thread:200410390,momotalk,MANDATORY_COMPLETE_REVIEW,02_CANONICAL_STORIES/MOMOTALK/CH0158/THREAD_200410390.md,8fa84961d5f3f1a2d8789a049f252901aab27d27330bc044c484ba494841f146,ADMITTED,series/blue-archive/02 Sequential Readings/BOND/BLUE_ARCHIVE_RIO_PHASE2_PRIVATE_CONTEXTUAL_ACCOUNT_20261008.md,REF:CYCLE008_ACCEPTED,REF:CYCLE008_SCOPE,unresolved,,REF:CYCLE008_LIMITS,UNASSESSED,REF:PRIVATE_PRIORITY,,,
BA:momotalk:20041:thread:200410540,momotalk,MANDATORY_COMPLETE_REVIEW,02_CANONICAL_STORIES/MOMOTALK/CH0158/THREAD_200410540.md,8947100dd7e1917fc97ac147013d65869cce2c3a65826bd37cbb7c554ea62ff4,ADMITTED,series/blue-archive/02 Sequential Readings/BOND/BLUE_ARCHIVE_RIO_PHASE2_PRIVATE_CONTEXTUAL_ACCOUNT_20261008.md,REF:CYCLE008_ACCEPTED,REF:CYCLE008_SCOPE,unresolved,,REF:CYCLE008_LIMITS,UNASSESSED,REF:PRIVATE_PRIORITY,,,
BA:momotalk:20042:thread:200420010,momotalk,MANDATORY_COMPLETE_REVIEW,02_CANONICAL_STORIES/MOMOTALK/MAKI/THREAD_200420010.md,d3b0fba7098d56efa6662ba9939914b08a1bf33936e148ae6197c432a36937f0,ADMITTED,series/blue-archive/02 Sequential Readings/BOND/BLUE_ARCHIVE_MAKI_PHASE2_PRIVATE_CONTEXTUAL_ACCOUNT_20261008.md,REF:CYCLE008_ACCEPTED,REF:CYCLE008_SCOPE,unresolved,,REF:CYCLE008_LIMITS,UNASSESSED,REF:PRIVATE_PRIORITY,,,
BA:momotalk:20042:thread:200420130,momotalk,MANDATORY_COMPLETE_REVIEW,02_CANONICAL_STORIES/MOMOTALK/MAKI/THREAD_200420130.md,29d7b2383cc5e8bc32ea9d9605e9d3e84258822d76d382113b7736c397e5d963,ADMITTED,series/blue-archive/02 Sequential Readings/BOND/BLUE_ARCHIVE_MAKI_PHASE2_PRIVATE_CONTEXTUAL_ACCOUNT_20261008.md,REF:CYCLE008_ACCEPTED,REF:CYCLE008_SCOPE,unresolved,,REF:CYCLE008_LIMITS,UNASSESSED,REF:PRIVATE_PRIORITY,,,
BA:momotalk:20042:thread:200420250,momotalk,MANDATORY_COMPLETE_REVIEW,02_CANONICAL_STORIES/MOMOTALK/MAKI/THREAD_200420250.md,842ddd404235144d2f17fcaabbe62d66611f936b820c8706bad0acb86be634d7,ADMITTED,series/blue-archive/02 Sequential Readings/BOND/BLUE_ARCHIVE_MAKI_PHASE2_PRIVATE_CONTEXTUAL_ACCOUNT_20261008.md,REF:CYCLE008_ACCEPTED,REF:CYCLE008_SCOPE,unresolved,,REF:CYCLE008_LIMITS,UNASSESSED,REF:PRIVATE_PRIORITY,,,
BA:momotalk:20042:thread:200420360,momotalk,MANDATORY_COMPLETE_REVIEW,02_CANONICAL_STORIES/MOMOTALK/MAKI/THREAD_200420360.md,70534837a78ea6f01a0e3e7575813f48676cc70af615ee9a4e7e19d4bcbcb349,ADMITTED,series/blue-archive/02 Sequential Readings/BOND/BLUE_ARCHIVE_MAKI_PHASE2_PRIVATE_CONTEXTUAL_ACCOUNT_20261008.md,REF:CYCLE008_ACCEPTED,REF:CYCLE008_SCOPE,unresolved,,REF:CYCLE008_LIMITS,UNASSESSED,REF:PRIVATE_PRIORITY,,,
BA:momotalk:20043:thread:200430010,momotalk,MANDATORY_COMPLETE_REVIEW,02_CANONICAL_STORIES/MOMOTALK/IZUMI/THREAD_200430010.md,fa92a87d4a75d4bca21f0db86282e29c1349c2643637704021e33df7f880fad4,ADMITTED,series/blue-archive/02 Sequential Readings/BOND/BLUE_ARCHIVE_GEHENNA20_PHASE2_PRIVATE_CONTEXTUAL_ACCOUNT_20261008.md,REF:CYCLE008_ACCEPTED,REF:CYCLE008_SCOPE,unresolved,,REF:CYCLE008_LIMITS,UNASSESSED,REF:PRIVATE_PRIORITY,,,
BA:momotalk:20043:thread:200430070,momotalk,MANDATORY_COMPLETE_REVIEW,02_CANONICAL_STORIES/MOMOTALK/IZUMI/THREAD_200430070.md,2bd2e65d4f3cb1d8732e54fe13ecc5d97615a482175188769e64e621357f06c9,ADMITTED,series/blue-archive/02 Sequential Readings/BOND/BLUE_ARCHIVE_GEHENNA20_PHASE2_PRIVATE_CONTEXTUAL_ACCOUNT_20261008.md,REF:CYCLE008_ACCEPTED,REF:CYCLE008_SCOPE,unresolved,,REF:CYCLE008_LIMITS,UNASSESSED,REF:PRIVATE_PRIORITY,,,
BA:momotalk:20043:thread:200430120,momotalk,MANDATORY_COMPLETE_REVIEW,02_CANONICAL_STORIES/MOMOTALK/IZUMI/THREAD_200430120.md,2564ef9966b7295ee394c4069484b241d4c6ea528109fce74e4cacf106bb379f,ADMITTED,series/blue-archive/02 Sequential Readings/BOND/BLUE_ARCHIVE_GEHENNA20_PHASE2_PRIVATE_CONTEXTUAL_ACCOUNT_20261008.md,REF:CYCLE008_ACCEPTED,REF:CYCLE008_SCOPE,unresolved,,REF:CYCLE008_LIMITS,UNASSESSED,REF:PRIVATE_PRIORITY,,,
BA:momotalk:20044:thread:200440010,momotalk,MANDATORY_COMPLETE_REVIEW,02_CANONICAL_STORIES/MOMOTALK/SUMIRE/THREAD_200440010.md,52f0505d59fd4485777eb8ada03d7910b6e544c142552885baeb79b31adc4169,ADMITTED,series/blue-archive/02 Sequential Readings/BOND/BLUE_ARCHIVE_SUMIRE_PHASE2_PRIVATE_CONTEXTUAL_ACCOUNT_20261008.md,REF:CYCLE008_ACCEPTED,REF:CYCLE008_SCOPE,unresolved,,REF:CYCLE008_LIMITS,UNASSESSED,REF:PRIVATE_PRIORITY,,,
BA:momotalk:20044:thread:200440290,momotalk,MANDATORY_COMPLETE_REVIEW,02_CANONICAL_STORIES/MOMOTALK/SUMIRE/THREAD_200440290.md,663a2c9868071716a3788621b3d5253de52176b7d590002d4038ca90a4710086,ADMITTED,series/blue-archive/02 Sequential Readings/BOND/BLUE_ARCHIVE_SUMIRE_PHASE2_PRIVATE_CONTEXTUAL_ACCOUNT_20261008.md,REF:CYCLE008_ACCEPTED,REF:CYCLE008_SCOPE,unresolved,,REF:CYCLE008_LIMITS,UNASSESSED,REF:PRIVATE_PRIORITY,,,
BA:momotalk:20044:thread:200440370,momotalk,MANDATORY_COMPLETE_REVIEW,02_CANONICAL_STORIES/MOMOTALK/SUMIRE/THREAD_200440370.md,88bc2145584f20d9b809dda0a301b8f3b51ad0a321be817844903cd5f3510ac3,ADMITTED,series/blue-archive/02 Sequential Readings/BOND/BLUE_ARCHIVE_SUMIRE_PHASE2_PRIVATE_CONTEXTUAL_ACCOUNT_20261008.md,REF:CYCLE008_ACCEPTED,REF:CYCLE008_SCOPE,unresolved,,REF:CYCLE008_LIMITS,UNASSESSED,REF:PRIVATE_PRIORITY,,,
BA:momotalk:20044:thread:200440440,momotalk,MANDATORY_COMPLETE_REVIEW,02_CANONICAL_STORIES/MOMOTALK/SUMIRE/THREAD_200440440.md,0273772cb6fb14b7965e8a29e57c3aec62baa7aea728595655373bd56a9d9709,ADMITTED,series/blue-archive/02 Sequential Readings/BOND/BLUE_ARCHIVE_SUMIRE_PHASE2_PRIVATE_CONTEXTUAL_ACCOUNT_20261008.md,REF:CYCLE008_ACCEPTED,REF:CYCLE008_SCOPE,unresolved,,REF:CYCLE008_LIMITS,UNASSESSED,REF:PRIVATE_PRIORITY,,,
BA:momotalk:20045:thread:200450010,momotalk,MANDATORY_COMPLETE_REVIEW,02_CANONICAL_STORIES/MOMOTALK/PINA/THREAD_200450010.md,c79edb37e72624e830f7b7b97255265d98b3294f352188a6e722c08bc88e3c9b,ADMITTED,series/blue-archive/02 Sequential Readings/BOND/BLUE_ARCHIVE_FESTIVAL_SHIZUKO_FINA_UMIKA_PHASE2_PRIVATE_CONTEXTUAL_ACCOUNT_20261008.md,REF:CYCLE008_ACCEPTED,REF:CYCLE008_SCOPE,unresolved,,REF:CYCLE008_LIMITS,UNASSESSED,REF:PRIVATE_PRIORITY,,,
BA:momotalk:20045:thread:200450160,momotalk,MANDATORY_COMPLETE_REVIEW,02_CANONICAL_STORIES/MOMOTALK/PINA/THREAD_200450160.md,2acec0c83beaafd46f8888eb4dfa2a6a247a3af26e4e3ce4ea6e00663de3605b,ADMITTED,series/blue-archive/02 Sequential Readings/BOND/BLUE_ARCHIVE_FESTIVAL_SHIZUKO_FINA_UMIKA_PHASE2_PRIVATE_CONTEXTUAL_ACCOUNT_20261008.md,REF:CYCLE008_ACCEPTED,REF:CYCLE008_SCOPE,unresolved,,REF:CYCLE008_LIMITS,UNASSESSED,REF:PRIVATE_PRIORITY,,,
BA:momotalk:20045:thread:200450260,momotalk,MANDATORY_COMPLETE_REVIEW,02_CANONICAL_STORIES/MOMOTALK/PINA/THREAD_200450260.md,fdf1adf17c7d9a5e63bafd4095ce128964dee7f525bcedf7eba65df9b6f84c32,ADMITTED,series/blue-archive/02 Sequential Readings/BOND/BLUE_ARCHIVE_FESTIVAL_SHIZUKO_FINA_UMIKA_PHASE2_PRIVATE_CONTEXTUAL_ACCOUNT_20261008.md,REF:CYCLE008_ACCEPTED,REF:CYCLE008_SCOPE,unresolved,,REF:CYCLE008_LIMITS,UNASSESSED,REF:PRIVATE_PRIORITY,,,
BA:momotalk:20045:thread:200450350,momotalk,MANDATORY_COMPLETE_REVIEW,02_CANONICAL_STORIES/MOMOTALK/PINA/THREAD_200450350.md,ad35230bc1dc414875585e4ed1170d9b3093aa6315362d949f11b3f817eb1b2f,ADMITTED,series/blue-archive/02 Sequential Readings/BOND/BLUE_ARCHIVE_FESTIVAL_SHIZUKO_FINA_UMIKA_PHASE2_PRIVATE_CONTEXTUAL_ACCOUNT_20261008.md,REF:CYCLE008_ACCEPTED,REF:CYCLE008_SCOPE,unresolved,,REF:CYCLE008_LIMITS,UNASSESSED,REF:PRIVATE_PRIORITY,,,
BA:momotalk:20046:thread:200460010,momotalk,MANDATORY_COMPLETE_REVIEW,02_CANONICAL_STORIES/MOMOTALK/CH0109/THREAD_200460010.md,62483716ebd89112b9e9d53a14f055baec74b70cf44f4ba570e0e11fc1cf37a6,ADMITTED,series/blue-archive/02 Sequential Readings/BOND/BLUE_ARCHIVE_YINYANG_NIYA_KAHO_CHISE_PHASE2_PRIVATE_CONTEXTUAL_ACCOUNT_20261008.md,REF:CYCLE008_ACCEPTED,REF:CYCLE008_SCOPE,unresolved,,REF:CYCLE008_LIMITS,UNASSESSED,REF:PRIVATE_PRIORITY,,,
BA:momotalk:20046:thread:200460220,momotalk,MANDATORY_COMPLETE_REVIEW,02_CANONICAL_STORIES/MOMOTALK/CH0109/THREAD_200460220.md,8f32a44c86c672a8ed5d386f66e63b00c6614b9ffd4ae8878ae25caf3b66769b,ADMITTED,series/blue-archive/02 Sequential Readings/BOND/BLUE_ARCHIVE_YINYANG_NIYA_KAHO_CHISE_PHASE2_PRIVATE_CONTEXTUAL_ACCOUNT_20261008.md,REF:CYCLE008_ACCEPTED,REF:CYCLE008_SCOPE,unresolved,,REF:CYCLE008_LIMITS,UNASSESSED,REF:PRIVATE_PRIORITY,,,
BA:momotalk:20046:thread:200460380,momotalk,MANDATORY_COMPLETE_REVIEW,02_CANONICAL_STORIES/MOMOTALK/CH0109/THREAD_200460380.md,ccfc241d0b8b2b36fcf3e7406816cf209d095f83115aaab132f0d61fd5954ce9,ADMITTED,series/blue-archive/02 Sequential Readings/BOND/BLUE_ARCHIVE_YINYANG_NIYA_KAHO_CHISE_PHASE2_PRIVATE_CONTEXTUAL_ACCOUNT_20261008.md,REF:CYCLE008_ACCEPTED,REF:CYCLE008_SCOPE,unresolved,,REF:CYCLE008_LIMITS,UNASSESSED,REF:PRIVATE_PRIORITY,,,
BA:momotalk:20046:thread:200460530,momotalk,MANDATORY_COMPLETE_REVIEW,02_CANONICAL_STORIES/MOMOTALK/CH0109/THREAD_200460530.md,5e9d8dec3a69b42532080a0e68cf593bac2efcf5d3d6332dc2dbfdb717d1ec98,ADMITTED,series/blue-archive/02 Sequential Readings/BOND/BLUE_ARCHIVE_YINYANG_NIYA_KAHO_CHISE_PHASE2_PRIVATE_CONTEXTUAL_ACCOUNT_20261008.md,REF:CYCLE008_ACCEPTED,REF:CYCLE008_SCOPE,unresolved,,REF:CYCLE008_LIMITS,UNASSESSED,REF:PRIVATE_PRIORITY,,,
BA:momotalk:20046:thread:200460690,momotalk,MANDATORY_COMPLETE_REVIEW,02_CANONICAL_STORIES/MOMOTALK/CH0109/THREAD_200460690.md,05702ada3ba7ef6535b9bc5b5cf68035e352aed6e049c79e3ba505434c97d4e2,ADMITTED,series/blue-archive/02 Sequential Readings/BOND/BLUE_ARCHIVE_YINYANG_NIYA_KAHO_CHISE_PHASE2_PRIVATE_CONTEXTUAL_ACCOUNT_20261008.md,REF:CYCLE008_ACCEPTED,REF:CYCLE008_SCOPE,unresolved,,REF:CYCLE008_LIMITS,UNASSESSED,REF:PRIVATE_PRIORITY,,,
BA:momotalk:20047:thread:200470010,momotalk,MANDATORY_COMPLETE_REVIEW,02_CANONICAL_STORIES/MOMOTALK/CH0225/THREAD_200470010.md,9f061074a785e33afc9c04f98a279831727ddd432ece1ef82b321570b2bb7080,ADMITTED,series/blue-archive/02 Sequential Readings/BOND/BLUE_ARCHIVE_HYAKKA_YUKARI_NAGUSA_KIKYOU_RENGE_PHASE2_PRIVATE_CONTEXTUAL_ACCOUNT_20261008.md,REF:CYCLE008_ACCEPTED,REF:CYCLE008_SCOPE,unresolved,,REF:CYCLE008_LIMITS,UNASSESSED,REF:PRIVATE_PRIORITY,,,
BA:momotalk:20047:thread:200470160,momotalk,MANDATORY_COMPLETE_REVIEW,02_CANONICAL_STORIES/MOMOTALK/CH0225/THREAD_200470160.md,259296b2420bed88a896e01e00b8a65bccb9bf27958cd4c12e77f8e58cf1a54f,ADMITTED,series/blue-archive/02 Sequential Readings/BOND/BLUE_ARCHIVE_HYAKKA_YUKARI_NAGUSA_KIKYOU_RENGE_PHASE2_PRIVATE_CONTEXTUAL_ACCOUNT_20261008.md,REF:CYCLE008_ACCEPTED,REF:CYCLE008_SCOPE,unresolved,,REF:CYCLE008_LIMITS,UNASSESSED,REF:PRIVATE_PRIORITY,,,
BA:momotalk:20047:thread:200470370,momotalk,MANDATORY_COMPLETE_REVIEW,02_CANONICAL_STORIES/MOMOTALK/CH0225/THREAD_200470370.md,79daad74e431631850f3b7915e0bb53bd458cef29b4a30d26a37196fc576542d,ADMITTED,series/blue-archive/02 Sequential Readings/BOND/BLUE_ARCHIVE_HYAKKA_YUKARI_NAGUSA_KIKYOU_RENGE_PHASE2_PRIVATE_CONTEXTUAL_ACCOUNT_20261008.md,REF:CYCLE008_ACCEPTED,REF:CYCLE008_SCOPE,unresolved,,REF:CYCLE008_LIMITS,UNASSESSED,REF:PRIVATE_PRIORITY,,,
BA:momotalk:20047:thread:200470510,momotalk,MANDATORY_COMPLETE_REVIEW,02_CANONICAL_STORIES/MOMOTALK/CH0225/THREAD_200470510.md,72725a2dd39dad777c62fb0d394f45d280b32dc29763bcf2029661a793810387,ADMITTED,series/blue-archive/02 Sequential Readings/BOND/BLUE_ARCHIVE_HYAKKA_YUKARI_NAGUSA_KIKYOU_RENGE_PHASE2_PRIVATE_CONTEXTUAL_ACCOUNT_20261008.md,REF:CYCLE008_ACCEPTED,REF:CYCLE008_SCOPE,unresolved,,REF:CYCLE008_LIMITS,UNASSESSED,REF:PRIVATE_PRIORITY,,,
BA:momotalk:20048:thread:200480010,momotalk,MANDATORY_COMPLETE_REVIEW,02_CANONICAL_STORIES/MOMOTALK/NAGISA/THREAD_200480010.md,64ea6e71f7d9602d8ce8ff20b7652e70a2bff04313aeb4fd682c8e118676df08,ADMITTED,series/blue-archive/02 Sequential Readings/BOND/NAGISA/BLUE_ARCHIVE_NAGISA_PRIVATE_CONTEXTUALIZATION_CHECKPOINT.md,REF:CYCLE008_ACCEPTED,REF:CYCLE008_SCOPE,unresolved,,REF:CYCLE008_LIMITS,UNASSESSED,REF:PRIVATE_PRIORITY,,,
BA:momotalk:20048:thread:200480070,momotalk,MANDATORY_COMPLETE_REVIEW,02_CANONICAL_STORIES/MOMOTALK/NAGISA/THREAD_200480070.md,626d60a4a7b4e63f680c73aae21cc5cd213aac25299239388f82e555bb73e990,ADMITTED,series/blue-archive/02 Sequential Readings/BOND/NAGISA/BLUE_ARCHIVE_NAGISA_PRIVATE_CONTEXTUALIZATION_CHECKPOINT.md,REF:CYCLE008_ACCEPTED,REF:CYCLE008_SCOPE,unresolved,,REF:CYCLE008_LIMITS,UNASSESSED,REF:PRIVATE_PRIORITY,,,
BA:momotalk:20048:thread:200480130,momotalk,MANDATORY_COMPLETE_REVIEW,02_CANONICAL_STORIES/MOMOTALK/NAGISA/THREAD_200480130.md,7485a42ac7207bd72a17b15635afa1954db42e29a85c12e98961e5cf15e41f3d,ADMITTED,series/blue-archive/02 Sequential Readings/BOND/NAGISA/BLUE_ARCHIVE_NAGISA_PRIVATE_CONTEXTUALIZATION_CHECKPOINT.md,REF:CYCLE008_ACCEPTED,REF:CYCLE008_SCOPE,unresolved,,REF:CYCLE008_LIMITS,UNASSESSED,REF:PRIVATE_PRIORITY,,,
BA:momotalk:20048:thread:200480160,momotalk,MANDATORY_COMPLETE_REVIEW,02_CANONICAL_STORIES/MOMOTALK/NAGISA/THREAD_200480160.md,e7ff23f7816ac8aa11bf41be799edc7987b9fddecb07d198b555cf9721455ed7,ADMITTED,series/blue-archive/02 Sequential Readings/BOND/NAGISA/BLUE_ARCHIVE_NAGISA_PRIVATE_CONTEXTUALIZATION_CHECKPOINT.md,REF:CYCLE008_ACCEPTED,REF:CYCLE008_SCOPE,unresolved,,REF:CYCLE008_LIMITS,UNASSESSED,REF:PRIVATE_PRIORITY,,,
BA:momotalk:20049:thread:200490010,momotalk,MANDATORY_COMPLETE_REVIEW,02_CANONICAL_STORIES/MOMOTALK/MISAKI/THREAD_200490010.md,0b6043b35a6776a8f1e76d1345bd1e54fd9fdc46e6aeedf49227e9b43ba9a6a0,ADMITTED,series/blue-archive/02 Sequential Readings/BOND/BLUE_ARCHIVE_MISAKI_HIYORI_SUBARU_PRIVATE_CONTEXTUALIZATION_CHECKPOINT.md,REF:CYCLE008_ACCEPTED,REF:CYCLE008_SCOPE,unresolved,,REF:CYCLE008_LIMITS,UNASSESSED,REF:PRIVATE_PRIORITY,,,
BA:momotalk:20049:thread:200490150,momotalk,MANDATORY_COMPLETE_REVIEW,02_CANONICAL_STORIES/MOMOTALK/MISAKI/THREAD_200490150.md,3fb6122182a361e66c9953890664b4c0c8ef7a8c69de2b5b89b1977dd9f8501c,ADMITTED,series/blue-archive/02 Sequential Readings/BOND/BLUE_ARCHIVE_MISAKI_HIYORI_SUBARU_PRIVATE_CONTEXTUALIZATION_CHECKPOINT.md,REF:CYCLE008_ACCEPTED,REF:CYCLE008_SCOPE,unresolved,,REF:CYCLE008_LIMITS,UNASSESSED,REF:PRIVATE_PRIORITY,,,
BA:momotalk:20049:thread:200490210,momotalk,MANDATORY_COMPLETE_REVIEW,02_CANONICAL_STORIES/MOMOTALK/MISAKI/THREAD_200490210.md,998c93a28f36cf013b30e68d93a6a927d7f3aeb5da0e1da1a6d8e61f8d27fcd5,ADMITTED,series/blue-archive/02 Sequential Readings/BOND/BLUE_ARCHIVE_MISAKI_HIYORI_SUBARU_PRIVATE_CONTEXTUALIZATION_CHECKPOINT.md,REF:CYCLE008_ACCEPTED,REF:CYCLE008_SCOPE,unresolved,,REF:CYCLE008_LIMITS,UNASSESSED,REF:PRIVATE_PRIORITY,,,
BA:momotalk:20050:thread:200500010,momotalk,MANDATORY_COMPLETE_REVIEW,02_CANONICAL_STORIES/MOMOTALK/CH0319/THREAD_200500010.md,864f9a21eb5cdcd525a2fc3e43ed9a7d9896b8d3937154397ef41c4250ec4736,ADMITTED,series/blue-archive/02 Sequential Readings/BOND/BLUE_ARCHIVE_WILDHUNT5_PHASE2_PRIVATE_CONTEXTUAL_ACCOUNT_20261008.md,REF:CYCLE008_ACCEPTED,REF:CYCLE008_SCOPE,unresolved,,REF:CYCLE008_LIMITS,UNASSESSED,REF:PRIVATE_PRIORITY,,,
BA:momotalk:20050:thread:200500050,momotalk,MANDATORY_COMPLETE_REVIEW,02_CANONICAL_STORIES/MOMOTALK/CH0319/THREAD_200500050.md,f2a20a0283b8cd7141dcb85f76bd5004ee2c085467faae00d868da6a27d5a403,ADMITTED,series/blue-archive/02 Sequential Readings/BOND/BLUE_ARCHIVE_WILDHUNT5_PHASE2_PRIVATE_CONTEXTUAL_ACCOUNT_20261008.md,REF:CYCLE008_ACCEPTED,REF:CYCLE008_SCOPE,unresolved,,REF:CYCLE008_LIMITS,UNASSESSED,REF:PRIVATE_PRIORITY,,,
BA:momotalk:20050:thread:200500110,momotalk,MANDATORY_COMPLETE_REVIEW,02_CANONICAL_STORIES/MOMOTALK/CH0319/THREAD_200500110.md,a935a3fc014aee2093e843d7708620914ad737a7344163171cce8346789fc9f4,ADMITTED,series/blue-archive/02 Sequential Readings/BOND/BLUE_ARCHIVE_WILDHUNT5_PHASE2_PRIVATE_CONTEXTUAL_ACCOUNT_20261008.md,REF:CYCLE008_ACCEPTED,REF:CYCLE008_SCOPE,unresolved,,REF:CYCLE008_LIMITS,UNASSESSED,REF:PRIVATE_PRIORITY,,,
BA:momotalk:20050:thread:200500180,momotalk,MANDATORY_COMPLETE_REVIEW,02_CANONICAL_STORIES/MOMOTALK/CH0319/THREAD_200500180.md,2a8ce4beb17a5a8267dbaa4ea152642e28f9a987be484bd2848d4f2d0078d30b,ADMITTED,series/blue-archive/02 Sequential Readings/BOND/BLUE_ARCHIVE_WILDHUNT5_PHASE2_PRIVATE_CONTEXTUAL_ACCOUNT_20261008.md,REF:CYCLE008_ACCEPTED,REF:CYCLE008_SCOPE,unresolved,,REF:CYCLE008_LIMITS,UNASSESSED,REF:PRIVATE_PRIORITY,,,
BA:momotalk:20051:thread:200510010,momotalk,MANDATORY_COMPLETE_REVIEW,02_CANONICAL_STORIES/MOMOTALK/CH0167/THREAD_200510010.md,08ded7b03a01146f637f7ad7fcf5bc209f66b18900f332cb8d13967718bf8f5f,ADMITTED,series/blue-archive/02 Sequential Readings/BOND/BLUE_ARCHIVE_SUZUMI_REISA_ICHIKA_PRIVATE_CONTEXTUALIZATION_CHECKPOINT.md,REF:CYCLE008_ACCEPTED,REF:CYCLE008_SCOPE,unresolved,,REF:CYCLE008_LIMITS,UNASSESSED,REF:PRIVATE_PRIORITY,,,
BA:momotalk:20051:thread:200510240,momotalk,MANDATORY_COMPLETE_REVIEW,02_CANONICAL_STORIES/MOMOTALK/CH0167/THREAD_200510240.md,ad5842dc14563c4a8b4d36fc308396ee5f7eccf24b88e5e9a6ff6c9457fef838,ADMITTED,series/blue-archive/02 Sequential Readings/BOND/BLUE_ARCHIVE_SUZUMI_REISA_ICHIKA_PRIVATE_CONTEXTUALIZATION_CHECKPOINT.md,REF:CYCLE008_ACCEPTED,REF:CYCLE008_SCOPE,unresolved,,REF:CYCLE008_LIMITS,UNASSESSED,REF:PRIVATE_PRIORITY,,,
BA:momotalk:20051:thread:200510540,momotalk,MANDATORY_COMPLETE_REVIEW,02_CANONICAL_STORIES/MOMOTALK/CH0167/THREAD_200510540.md,78b22f1e12ee8c12cd1a85c4471da9bd83e3c40223a93e8c848881efa0bbe6cd,ADMITTED,series/blue-archive/02 Sequential Readings/BOND/BLUE_ARCHIVE_SUZUMI_REISA_ICHIKA_PRIVATE_CONTEXTUALIZATION_CHECKPOINT.md,REF:CYCLE008_ACCEPTED,REF:CYCLE008_SCOPE,unresolved,,REF:CYCLE008_LIMITS,UNASSESSED,REF:PRIVATE_PRIORITY,,,
BA:momotalk:20051:thread:200510710,momotalk,MANDATORY_COMPLETE_REVIEW,02_CANONICAL_STORIES/MOMOTALK/CH0167/THREAD_200510710.md,0bd40fe9a20c41ea7ea275c9df46fa7edf82492282b8abb2fc5d45f7d39b7c14,ADMITTED,series/blue-archive/02 Sequential Readings/BOND/BLUE_ARCHIVE_SUZUMI_REISA_ICHIKA_PRIVATE_CONTEXTUALIZATION_CHECKPOINT.md,REF:CYCLE008_ACCEPTED,REF:CYCLE008_SCOPE,unresolved,,REF:CYCLE008_LIMITS,UNASSESSED,REF:PRIVATE_PRIORITY,,,
BA:momotalk:20052:thread:200520010,momotalk,MANDATORY_COMPLETE_REVIEW,02_CANONICAL_STORIES/MOMOTALK/CH0228/THREAD_200520010.md,648147f2a0831ca3ada7e90b02587022c5c6c4d4c220ba1557ada4813d54553c,ADMITTED,series/blue-archive/02 Sequential Readings/BOND/BLUE_ARCHIVE_TAKANE_YAKUMO_PHASE2_PRIVATE_CONTEXTUAL_ACCOUNT_20261008.md,REF:CYCLE008_ACCEPTED,REF:CYCLE008_SCOPE,unresolved,,REF:CYCLE008_LIMITS,UNASSESSED,REF:PRIVATE_PRIORITY,,,
BA:momotalk:20052:thread:200520100,momotalk,MANDATORY_COMPLETE_REVIEW,02_CANONICAL_STORIES/MOMOTALK/CH0228/THREAD_200520100.md,876c9afa1ff03691fe3bc4c63f803457b5d30311269fd4e7a0ffcb979f405a53,ADMITTED,series/blue-archive/02 Sequential Readings/BOND/BLUE_ARCHIVE_TAKANE_YAKUMO_PHASE2_PRIVATE_CONTEXTUAL_ACCOUNT_20261008.md,REF:CYCLE008_ACCEPTED,REF:CYCLE008_SCOPE,unresolved,,REF:CYCLE008_LIMITS,UNASSESSED,REF:PRIVATE_PRIORITY,,,
BA:momotalk:20052:thread:200520150,momotalk,MANDATORY_COMPLETE_REVIEW,02_CANONICAL_STORIES/MOMOTALK/CH0228/THREAD_200520150.md,f01a272628f76a0a9bab916abe6c8ad91d556067b4365d1d994f4b0b5b3e6a87,ADMITTED,series/blue-archive/02 Sequential Readings/BOND/BLUE_ARCHIVE_TAKANE_YAKUMO_PHASE2_PRIVATE_CONTEXTUAL_ACCOUNT_20261008.md,REF:CYCLE008_ACCEPTED,REF:CYCLE008_SCOPE,unresolved,,REF:CYCLE008_LIMITS,UNASSESSED,REF:PRIVATE_PRIORITY,,,
BA:momotalk:20052:thread:200520290,momotalk,MANDATORY_COMPLETE_REVIEW,02_CANONICAL_STORIES/MOMOTALK/CH0228/THREAD_200520290.md,9054b99186391f6413b26b41210e973375b6bc9b472a7e947cb198fc352e477a,ADMITTED,series/blue-archive/02 Sequential Readings/BOND/BLUE_ARCHIVE_TAKANE_YAKUMO_PHASE2_PRIVATE_CONTEXTUAL_ACCOUNT_20261008.md,REF:CYCLE008_ACCEPTED,REF:CYCLE008_SCOPE,unresolved,,REF:CYCLE008_LIMITS,UNASSESSED,REF:PRIVATE_PRIORITY,,,
BA:momotalk:20053:thread:200530010,momotalk,MANDATORY_COMPLETE_REVIEW,02_CANONICAL_STORIES/MOMOTALK/CH0113/THREAD_200530010.md,c1764d9e9fcfa9dc74507c7c98d5fb12b40ba59554fbf7bb22c46f8635337eb8,ADMITTED,series/blue-archive/02 Sequential Readings/BOND/BLUE_ARCHIVE_NINJA_MICHIRU_IZUNA_TSUKUYO_PHASE2_PRIVATE_CONTEXTUAL_ACCOUNT_20261008.md,REF:CYCLE008_ACCEPTED,REF:CYCLE008_SCOPE,unresolved,,REF:CYCLE008_LIMITS,UNASSESSED,REF:PRIVATE_PRIORITY,,,
BA:momotalk:20053:thread:200530170,momotalk,MANDATORY_COMPLETE_REVIEW,02_CANONICAL_STORIES/MOMOTALK/CH0113/THREAD_200530170.md,2b9675c1046d1456b8ea18772cdfe680a8a20a91bc622d75faaae33983ec1944,ADMITTED,series/blue-archive/02 Sequential Readings/BOND/BLUE_ARCHIVE_NINJA_MICHIRU_IZUNA_TSUKUYO_PHASE2_PRIVATE_CONTEXTUAL_ACCOUNT_20261008.md,REF:CYCLE008_ACCEPTED,REF:CYCLE008_SCOPE,unresolved,,REF:CYCLE008_LIMITS,UNASSESSED,REF:PRIVATE_PRIORITY,,,
BA:momotalk:20053:thread:200530310,momotalk,MANDATORY_COMPLETE_REVIEW,02_CANONICAL_STORIES/MOMOTALK/CH0113/THREAD_200530310.md,6bfb6672117f3891d59df42d9b0e8e8953d31167fd9d607a4b338afa39fe9766,ADMITTED,series/blue-archive/02 Sequential Readings/BOND/BLUE_ARCHIVE_NINJA_MICHIRU_IZUNA_TSUKUYO_PHASE2_PRIVATE_CONTEXTUAL_ACCOUNT_20261008.md,REF:CYCLE008_ACCEPTED,REF:CYCLE008_SCOPE,unresolved,,REF:CYCLE008_LIMITS,UNASSESSED,REF:PRIVATE_PRIORITY,,,
BA:momotalk:20053:thread:200530440,momotalk,MANDATORY_COMPLETE_REVIEW,02_CANONICAL_STORIES/MOMOTALK/CH0113/THREAD_200530440.md,bb182f60b3697119352a4bbe5b79179cb8f412888ab9b6acc41a82ebfca6d7e2,ADMITTED,series/blue-archive/02 Sequential Readings/BOND/BLUE_ARCHIVE_NINJA_MICHIRU_IZUNA_TSUKUYO_PHASE2_PRIVATE_CONTEXTUAL_ACCOUNT_20261008.md,REF:CYCLE008_ACCEPTED,REF:CYCLE008_SCOPE,unresolved,,REF:CYCLE008_LIMITS,UNASSESSED,REF:PRIVATE_PRIORITY,,,
BA:momotalk:20054:thread:200540010,momotalk,MANDATORY_COMPLETE_REVIEW,02_CANONICAL_STORIES/MOMOTALK/CH0159/THREAD_200540010.md,00fe937f1934b6f569e3baaafc30494d5e9e73bbf78dc3ecbed96ba287410a64,ADMITTED,series/blue-archive/02 Sequential Readings/BOND/BLUE_ARCHIVE_HIMARI_PHASE2_PRIVATE_CONTEXTUAL_ACCOUNT_20261008.md,REF:CYCLE008_ACCEPTED,REF:CYCLE008_SCOPE,unresolved,,REF:CYCLE008_LIMITS,UNASSESSED,REF:PRIVATE_PRIORITY,,,
BA:momotalk:20054:thread:200540040,momotalk,MANDATORY_COMPLETE_REVIEW,02_CANONICAL_STORIES/MOMOTALK/CH0159/THREAD_200540040.md,f95e39892d2bd03a1cb7f776b4d93bbefde6de666f7c99533ae31cf5b566da30,ADMITTED,series/blue-archive/02 Sequential Readings/BOND/BLUE_ARCHIVE_HIMARI_PHASE2_PRIVATE_CONTEXTUAL_ACCOUNT_20261008.md,REF:CYCLE008_ACCEPTED,REF:CYCLE008_SCOPE,unresolved,,REF:CYCLE008_LIMITS,UNASSESSED,REF:PRIVATE_PRIORITY,,,
BA:momotalk:20054:thread:200540100,momotalk,MANDATORY_COMPLETE_REVIEW,02_CANONICAL_STORIES/MOMOTALK/CH0159/THREAD_200540100.md,c1851e9392101706e9cbf754f1f5a675e99898eadd5b267b6751d060b5f42dd5,ADMITTED,series/blue-archive/02 Sequential Readings/BOND/BLUE_ARCHIVE_HIMARI_PHASE2_PRIVATE_CONTEXTUAL_ACCOUNT_20261008.md,REF:CYCLE008_ACCEPTED,REF:CYCLE008_SCOPE,unresolved,,REF:CYCLE008_LIMITS,UNASSESSED,REF:PRIVATE_PRIORITY,,,
BA:momotalk:20054:thread:200540240,momotalk,MANDATORY_COMPLETE_REVIEW,02_CANONICAL_STORIES/MOMOTALK/CH0159/THREAD_200540240.md,b355db54e17d6ca5b733a42cc8f6cbf02bd5ee8ed7c53332e3c34bad2c0212e1,ADMITTED,series/blue-archive/02 Sequential Readings/BOND/BLUE_ARCHIVE_HIMARI_PHASE2_PRIVATE_CONTEXTUAL_ACCOUNT_20261008.md,REF:CYCLE008_ACCEPTED,REF:CYCLE008_SCOPE,unresolved,,REF:CYCLE008_LIMITS,UNASSESSED,REF:PRIVATE_PRIORITY,,,
BA:momotalk:20055:thread:200550010,momotalk,MANDATORY_COMPLETE_REVIEW,02_CANONICAL_STORIES/MOMOTALK/CH0336/THREAD_200550010.md,789829e14554dd55a855a8f238bd03013c0cd40711cc1dfa72b1d5e6dab9ba17,ADMITTED,series/blue-archive/02 Sequential Readings/BOND/BLUE_ARCHIVE_YUZU_PHASE2_PRIVATE_CONTEXTUAL_ACCOUNT_20261008.md,REF:CYCLE008_ACCEPTED,REF:CYCLE008_SCOPE,unresolved,,REF:CYCLE008_LIMITS,UNASSESSED,REF:PRIVATE_PRIORITY,,,
BA:momotalk:20055:thread:200550080,momotalk,MANDATORY_COMPLETE_REVIEW,02_CANONICAL_STORIES/MOMOTALK/CH0336/THREAD_200550080.md,55a93ef679113d09400f675f0b66b872f0633e1e7e9ab8e729d577aa7f9e5e9f,ADMITTED,series/blue-archive/02 Sequential Readings/BOND/BLUE_ARCHIVE_YUZU_PHASE2_PRIVATE_CONTEXTUAL_ACCOUNT_20261008.md,REF:CYCLE008_ACCEPTED,REF:CYCLE008_SCOPE,unresolved,,REF:CYCLE008_LIMITS,UNASSESSED,REF:PRIVATE_PRIORITY,,,
BA:momotalk:20055:thread:200550130,momotalk,MANDATORY_COMPLETE_REVIEW,02_CANONICAL_STORIES/MOMOTALK/CH0336/THREAD_200550130.md,d12847a9f9c2c11ba77cd68a383a7e85a280bb9ca14603683a22cc9d7e4cf4b5,ADMITTED,series/blue-archive/02 Sequential Readings/BOND/BLUE_ARCHIVE_YUZU_PHASE2_PRIVATE_CONTEXTUAL_ACCOUNT_20261008.md,REF:CYCLE008_ACCEPTED,REF:CYCLE008_SCOPE,unresolved,,REF:CYCLE008_LIMITS,UNASSESSED,REF:PRIVATE_PRIORITY,,,
BA:momotalk:20055:thread:200550320,momotalk,MANDATORY_COMPLETE_REVIEW,02_CANONICAL_STORIES/MOMOTALK/CH0336/THREAD_200550320.md,55edcb35a0ad8139d06a660a4a93ded782e94d3d00a9fc60869e1a87a66c30e3,ADMITTED,series/blue-archive/02 Sequential Readings/BOND/BLUE_ARCHIVE_YUZU_PHASE2_PRIVATE_CONTEXTUAL_ACCOUNT_20261008.md,REF:CYCLE008_ACCEPTED,REF:CYCLE008_SCOPE,unresolved,,REF:CYCLE008_LIMITS,UNASSESSED,REF:PRIVATE_PRIORITY,,,
BA:momotalk:20056:thread:200560010,momotalk,MANDATORY_COMPLETE_REVIEW,02_CANONICAL_STORIES/MOMOTALK/CH0198/THREAD_200560010.md,fa08c7c86c15f152ac28e50167a77fbc01576623c0bffbd6d1ee73efb3233c2a,ADMITTED,series/blue-archive/02 Sequential Readings/BOND/BLUE_ARCHIVE_KOYUKI_PHASE2_PRIVATE_CONTEXTUAL_ACCOUNT_20261008.md,REF:CYCLE008_ACCEPTED,REF:CYCLE008_SCOPE,unresolved,,REF:CYCLE008_LIMITS,UNASSESSED,REF:PRIVATE_PRIORITY,,,
BA:momotalk:20056:thread:200560200,momotalk,MANDATORY_COMPLETE_REVIEW,02_CANONICAL_STORIES/MOMOTALK/CH0198/THREAD_200560200.md,83407ca866424361049a9fea7bbcd1147cf682bcf21523b9433f0d00d1caa425,ADMITTED,series/blue-archive/02 Sequential Readings/BOND/BLUE_ARCHIVE_KOYUKI_PHASE2_PRIVATE_CONTEXTUAL_ACCOUNT_20261008.md,REF:CYCLE008_ACCEPTED,REF:CYCLE008_SCOPE,unresolved,,REF:CYCLE008_LIMITS,UNASSESSED,REF:PRIVATE_PRIORITY,,,
BA:momotalk:20056:thread:200560320,momotalk,MANDATORY_COMPLETE_REVIEW,02_CANONICAL_STORIES/MOMOTALK/CH0198/THREAD_200560320.md,7fcfa5e27803df3a2dd77fa8ba2a6c62614069a959ff383278b48b5a1cdb4979,ADMITTED,series/blue-archive/02 Sequential Readings/BOND/BLUE_ARCHIVE_KOYUKI_PHASE2_PRIVATE_CONTEXTUAL_ACCOUNT_20261008.md,REF:CYCLE008_ACCEPTED,REF:CYCLE008_SCOPE,unresolved,,REF:CYCLE008_LIMITS,UNASSESSED,REF:PRIVATE_PRIORITY,,,
BA:momotalk:20056:thread:200560490,momotalk,MANDATORY_COMPLETE_REVIEW,02_CANONICAL_STORIES/MOMOTALK/CH0198/THREAD_200560490.md,0d661921fe272cdbabbd9dba867c6c16c253d56b91643a6cf48ecb6e02cf53c0,ADMITTED,series/blue-archive/02 Sequential Readings/BOND/BLUE_ARCHIVE_KOYUKI_PHASE2_PRIVATE_CONTEXTUAL_ACCOUNT_20261008.md,REF:CYCLE008_ACCEPTED,REF:CYCLE008_SCOPE,unresolved,,REF:CYCLE008_LIMITS,UNASSESSED,REF:PRIVATE_PRIORITY,,,
BA:momotalk:20057:thread:200570010,momotalk,MANDATORY_COMPLETE_REVIEW,02_CANONICAL_STORIES/MOMOTALK/AKANE/THREAD_200570010.md,9220d2b20467d84cdc6978f48a47c3d929691541264d59f4668090c7dc02e51d,ADMITTED,series/blue-archive/02 Sequential Readings/BOND/BLUE_ARCHIVE_AKANE_PHASE2_PRIVATE_CONTEXTUAL_ACCOUNT_20261008.md,REF:CYCLE008_ACCEPTED,REF:CYCLE008_SCOPE,unresolved,,REF:CYCLE008_LIMITS,UNASSESSED,REF:PRIVATE_PRIORITY,,,
BA:momotalk:20057:thread:200570120,momotalk,MANDATORY_COMPLETE_REVIEW,02_CANONICAL_STORIES/MOMOTALK/AKANE/THREAD_200570120.md,1dc28d1dfcdbd1e786c0a2853c478258b9fc81c1eec70ef2bdf244a49913e649,ADMITTED,series/blue-archive/02 Sequential Readings/BOND/BLUE_ARCHIVE_AKANE_PHASE2_PRIVATE_CONTEXTUAL_ACCOUNT_20261008.md,REF:CYCLE008_ACCEPTED,REF:CYCLE008_SCOPE,unresolved,,REF:CYCLE008_LIMITS,UNASSESSED,REF:PRIVATE_PRIORITY,,,
BA:momotalk:20057:thread:200570160,momotalk,MANDATORY_COMPLETE_REVIEW,02_CANONICAL_STORIES/MOMOTALK/AKANE/THREAD_200570160.md,5ac543aac1982390b872939f0dd39781151c379558892aaf9a8acad2cc90f35b,ADMITTED,series/blue-archive/02 Sequential Readings/BOND/BLUE_ARCHIVE_AKANE_PHASE2_PRIVATE_CONTEXTUAL_ACCOUNT_20261008.md,REF:CYCLE008_ACCEPTED,REF:CYCLE008_SCOPE,unresolved,,REF:CYCLE008_LIMITS,UNASSESSED,REF:PRIVATE_PRIORITY,,,
BA:momotalk:20057:thread:200570280,momotalk,MANDATORY_COMPLETE_REVIEW,02_CANONICAL_STORIES/MOMOTALK/AKANE/THREAD_200570280.md,28488208f233d8526f025f788458491a62a765dc2463ae0b159a194962d89312,ADMITTED,series/blue-archive/02 Sequential Readings/BOND/BLUE_ARCHIVE_AKANE_PHASE2_PRIVATE_CONTEXTUAL_ACCOUNT_20261008.md,REF:CYCLE008_ACCEPTED,REF:CYCLE008_SCOPE,unresolved,,REF:CYCLE008_LIMITS,UNASSESSED,REF:PRIVATE_PRIORITY,,,
BA:momotalk:20058:thread:200580010,momotalk,MANDATORY_COMPLETE_REVIEW,02_CANONICAL_STORIES/MOMOTALK/CH0076/THREAD_200580010.md,18701f42ba895086a64bd203c17b8e42c56147ad96611e549d0d0d699b7680be,ADMITTED,series/blue-archive/02 Sequential Readings/BOND/BLUE_ARCHIVE_GEHENNA20_PHASE2_PRIVATE_CONTEXTUAL_ACCOUNT_20261008.md,REF:CYCLE008_ACCEPTED,REF:CYCLE008_SCOPE,unresolved,,REF:CYCLE008_LIMITS,UNASSESSED,REF:PRIVATE_PRIORITY,,,
BA:momotalk:20058:thread:200580100,momotalk,MANDATORY_COMPLETE_REVIEW,02_CANONICAL_STORIES/MOMOTALK/CH0076/THREAD_200580100.md,5c195bc86a5c8c8f3ad870418fffda0a881de5b7bfbc578c1ef0fc5877bb8113,ADMITTED,series/blue-archive/02 Sequential Readings/BOND/BLUE_ARCHIVE_GEHENNA20_PHASE2_PRIVATE_CONTEXTUAL_ACCOUNT_20261008.md,REF:CYCLE008_ACCEPTED,REF:CYCLE008_SCOPE,unresolved,,REF:CYCLE008_LIMITS,UNASSESSED,REF:PRIVATE_PRIORITY,,,
BA:momotalk:20058:thread:200580260,momotalk,MANDATORY_COMPLETE_REVIEW,02_CANONICAL_STORIES/MOMOTALK/CH0076/THREAD_200580260.md,938d38b98e67c562afd6598e08edf04dba31e64f0cefbff5e8e80aa7c4bb5a0e,ADMITTED,series/blue-archive/02 Sequential Readings/BOND/BLUE_ARCHIVE_GEHENNA20_PHASE2_PRIVATE_CONTEXTUAL_ACCOUNT_20261008.md,REF:CYCLE008_ACCEPTED,REF:CYCLE008_SCOPE,unresolved,,REF:CYCLE008_LIMITS,UNASSESSED,REF:PRIVATE_PRIORITY,,,
BA:momotalk:20058:thread:200580370,momotalk,MANDATORY_COMPLETE_REVIEW,02_CANONICAL_STORIES/MOMOTALK/CH0076/THREAD_200580370.md,dee9a9058968fe868bdf8f140a7d4fe946b37a28c862e95df9d66a4090a7d30d,ADMITTED,series/blue-archive/02 Sequential Readings/BOND/BLUE_ARCHIVE_GEHENNA20_PHASE2_PRIVATE_CONTEXTUAL_ACCOUNT_20261008.md,REF:CYCLE008_ACCEPTED,REF:CYCLE008_SCOPE,unresolved,,REF:CYCLE008_LIMITS,UNASSESSED,REF:PRIVATE_PRIORITY,,,
BA:momotalk:20058:thread:200580510,momotalk,MANDATORY_COMPLETE_REVIEW,02_CANONICAL_STORIES/MOMOTALK/CH0076/THREAD_200580510.md,85e00b63795cb7a0b0d129a77b4c5bcb0bf68d0d72a3706d4a52f281874597ef,ADMITTED,series/blue-archive/02 Sequential Readings/BOND/BLUE_ARCHIVE_GEHENNA20_PHASE2_PRIVATE_CONTEXTUAL_ACCOUNT_20261008.md,REF:CYCLE008_ACCEPTED,REF:CYCLE008_SCOPE,unresolved,,REF:CYCLE008_LIMITS,UNASSESSED,REF:PRIVATE_PRIORITY,,,
BA:momotalk:20059:thread:200590010,momotalk,MANDATORY_COMPLETE_REVIEW,02_CANONICAL_STORIES/MOMOTALK/MUTSUKI/THREAD_200590010.md,2c01d9276eb7dd1ecfa608275ce8d76c88796a66d311aad86f31afe45337d647,ADMITTED,series/blue-archive/02 Sequential Readings/BOND/MUTSUKI/BLUE_ARCHIVE_MUTSUKI_PRIVATE_CONTEXTUALIZATION_CHECKPOINT.md,REF:CYCLE008_ACCEPTED,REF:CYCLE008_SCOPE,unresolved,,REF:CYCLE008_LIMITS,UNASSESSED,REF:PRIVATE_PRIORITY,,,
BA:momotalk:20059:thread:200590260,momotalk,MANDATORY_COMPLETE_REVIEW,02_CANONICAL_STORIES/MOMOTALK/MUTSUKI/THREAD_200590260.md,6a803b99aa7d5b785383affaa8d836d8104d72d8791d9fef855db413fea98d92,ADMITTED,series/blue-archive/02 Sequential Readings/BOND/MUTSUKI/BLUE_ARCHIVE_MUTSUKI_PRIVATE_CONTEXTUALIZATION_CHECKPOINT.md,REF:CYCLE008_ACCEPTED,REF:CYCLE008_SCOPE,unresolved,,REF:CYCLE008_LIMITS,UNASSESSED,REF:PRIVATE_PRIORITY,,,
BA:momotalk:20059:thread:200590300,momotalk,MANDATORY_COMPLETE_REVIEW,02_CANONICAL_STORIES/MOMOTALK/MUTSUKI/THREAD_200590300.md,bafec56f4b37d9ee3ab12ef425db65b009d54fa704e0b9c0b10793d50c2b2921,ADMITTED,series/blue-archive/02 Sequential Readings/BOND/MUTSUKI/BLUE_ARCHIVE_MUTSUKI_PRIVATE_CONTEXTUALIZATION_CHECKPOINT.md,REF:CYCLE008_ACCEPTED,REF:CYCLE008_SCOPE,unresolved,,REF:CYCLE008_LIMITS,UNASSESSED,REF:PRIVATE_PRIORITY,,,
BA:momotalk:20059:thread:200590500,momotalk,MANDATORY_COMPLETE_REVIEW,02_CANONICAL_STORIES/MOMOTALK/MUTSUKI/THREAD_200590500.md,e0d27a9603c77c9ae9c7cee2d51335122d397ed444b38075d191ddd8583e690d,ADMITTED,series/blue-archive/02 Sequential Readings/BOND/MUTSUKI/BLUE_ARCHIVE_MUTSUKI_PRIVATE_CONTEXTUALIZATION_CHECKPOINT.md,REF:CYCLE008_ACCEPTED,REF:CYCLE008_SCOPE,unresolved,,REF:CYCLE008_LIMITS,UNASSESSED,REF:PRIVATE_PRIORITY,,,
BA:momotalk:20060:thread:200600010,momotalk,MANDATORY_COMPLETE_REVIEW,02_CANONICAL_STORIES/MOMOTALK/CH0077/THREAD_200600010.md,c030fa577e7272981f38d076c0589761800ed1f9011e335bc40945acf4f5edeb,ADMITTED,series/blue-archive/02 Sequential Readings/BOND/BLUE_ARCHIVE_GEHENNA20_PHASE2_PRIVATE_CONTEXTUAL_ACCOUNT_20261008.md,REF:CYCLE008_ACCEPTED,REF:CYCLE008_SCOPE,unresolved,,REF:CYCLE008_LIMITS,UNASSESSED,REF:PRIVATE_PRIORITY,,,
BA:momotalk:20060:thread:200600050,momotalk,MANDATORY_COMPLETE_REVIEW,02_CANONICAL_STORIES/MOMOTALK/CH0077/THREAD_200600050.md,65b21d0647d968db8c034da96397510d1f11ded09acc92642bf6882794389805,ADMITTED,series/blue-archive/02 Sequential Readings/BOND/BLUE_ARCHIVE_GEHENNA20_PHASE2_PRIVATE_CONTEXTUAL_ACCOUNT_20261008.md,REF:CYCLE008_ACCEPTED,REF:CYCLE008_SCOPE,unresolved,,REF:CYCLE008_LIMITS,UNASSESSED,REF:PRIVATE_PRIORITY,,,
BA:momotalk:20060:thread:200600150,momotalk,MANDATORY_COMPLETE_REVIEW,02_CANONICAL_STORIES/MOMOTALK/CH0077/THREAD_200600150.md,0b56b7d912aa023b0812b0fec38f604b215d65cf95d5d6cb39fdfd1e37c5dbb3,ADMITTED,series/blue-archive/02 Sequential Readings/BOND/BLUE_ARCHIVE_GEHENNA20_PHASE2_PRIVATE_CONTEXTUAL_ACCOUNT_20261008.md,REF:CYCLE008_ACCEPTED,REF:CYCLE008_SCOPE,unresolved,,REF:CYCLE008_LIMITS,UNASSESSED,REF:PRIVATE_PRIORITY,,,
BA:momotalk:20060:thread:200600200,momotalk,MANDATORY_COMPLETE_REVIEW,02_CANONICAL_STORIES/MOMOTALK/CH0077/THREAD_200600200.md,272e93b9b54492cbb8588970470e0989ee5622239402372ebe9e57e9b6fc0bca,ADMITTED,series/blue-archive/02 Sequential Readings/BOND/BLUE_ARCHIVE_GEHENNA20_PHASE2_PRIVATE_CONTEXTUAL_ACCOUNT_20261008.md,REF:CYCLE008_ACCEPTED,REF:CYCLE008_SCOPE,unresolved,,REF:CYCLE008_LIMITS,UNASSESSED,REF:PRIVATE_PRIORITY,,,
BA:momotalk:20061:thread:200610010,momotalk,MANDATORY_COMPLETE_REVIEW,02_CANONICAL_STORIES/MOMOTALK/CH0089/THREAD_200610010.md,2bdabeedc3507eb9561def9280d8f24c0ea9ef8ba439dea31fa0f6521e343b7c,ADMITTED,series/blue-archive/02 Sequential Readings/BOND/BLUE_ARCHIVE_GEHENNA20_PHASE2_PRIVATE_CONTEXTUAL_ACCOUNT_20261008.md,REF:CYCLE008_ACCEPTED,REF:CYCLE008_SCOPE,unresolved,,REF:CYCLE008_LIMITS,UNASSESSED,REF:PRIVATE_PRIORITY,,,
BA:momotalk:20061:thread:200610150,momotalk,MANDATORY_COMPLETE_REVIEW,02_CANONICAL_STORIES/MOMOTALK/CH0089/THREAD_200610150.md,a9b876125742c01cdbd682848a6d373fc89993486a17adc512afa6ad97bec99e,ADMITTED,series/blue-archive/02 Sequential Readings/BOND/BLUE_ARCHIVE_GEHENNA20_PHASE2_PRIVATE_CONTEXTUAL_ACCOUNT_20261008.md,REF:CYCLE008_ACCEPTED,REF:CYCLE008_SCOPE,unresolved,,REF:CYCLE008_LIMITS,UNASSESSED,REF:PRIVATE_PRIORITY,,,
BA:momotalk:20061:thread:200610250,momotalk,MANDATORY_COMPLETE_REVIEW,02_CANONICAL_STORIES/MOMOTALK/CH0089/THREAD_200610250.md,fe6f82e93d159858d9ffd4517e7d8a67bf5560014b1442b96cfce40147f981e3,ADMITTED,series/blue-archive/02 Sequential Readings/BOND/BLUE_ARCHIVE_GEHENNA20_PHASE2_PRIVATE_CONTEXTUAL_ACCOUNT_20261008.md,REF:CYCLE008_ACCEPTED,REF:CYCLE008_SCOPE,unresolved,,REF:CYCLE008_LIMITS,UNASSESSED,REF:PRIVATE_PRIORITY,,,
BA:momotalk:20061:thread:200610380,momotalk,MANDATORY_COMPLETE_REVIEW,02_CANONICAL_STORIES/MOMOTALK/CH0089/THREAD_200610380.md,f51f2c2c21b8b8dcea516931cd746d9a5db7d7bd1474f1612b0175a01a8448bb,ADMITTED,series/blue-archive/02 Sequential Readings/BOND/BLUE_ARCHIVE_GEHENNA20_PHASE2_PRIVATE_CONTEXTUAL_ACCOUNT_20261008.md,REF:CYCLE008_ACCEPTED,REF:CYCLE008_SCOPE,unresolved,,REF:CYCLE008_LIMITS,UNASSESSED,REF:PRIVATE_PRIORITY,,,
BA:momotalk:20061:thread:200610470,momotalk,MANDATORY_COMPLETE_REVIEW,02_CANONICAL_STORIES/MOMOTALK/CH0089/THREAD_200610470.md,68313c25faf8ec6cbdb12030fbf9ec7ad5c5a6b52533c4918c10707e37e70bf0,ADMITTED,series/blue-archive/02 Sequential Readings/BOND/BLUE_ARCHIVE_GEHENNA20_PHASE2_PRIVATE_CONTEXTUAL_ACCOUNT_20261008.md,REF:CYCLE008_ACCEPTED,REF:CYCLE008_SCOPE,unresolved,,REF:CYCLE008_LIMITS,UNASSESSED,REF:PRIVATE_PRIORITY,,,
BA:momotalk:20062:thread:200620010,momotalk,MANDATORY_COMPLETE_REVIEW,02_CANONICAL_STORIES/MOMOTALK/CH0321/THREAD_200620010.md,a74daf2677de2ff990ccb19afa870b229f0224e1d841972f8679cc0ca4601944,ADMITTED,series/blue-archive/02 Sequential Readings/BOND/BLUE_ARCHIVE_ANNA_ERINA_PHASE2_PRIVATE_CONTEXTUAL_ACCOUNT_20261009.md,REF:CYCLE008_ACCEPTED,REF:CYCLE008_SCOPE,unresolved,,REF:CYCLE008_LIMITS;REF:NEW80_ROOT_QUALIFIED;REF:NEW80_IDENTITY_MODES,UNASSESSED,REF:PRIVATE_PRIORITY,,,
BA:momotalk:20062:thread:200620160,momotalk,MANDATORY_COMPLETE_REVIEW,02_CANONICAL_STORIES/MOMOTALK/CH0321/THREAD_200620160.md,8aa1f0e9c29b18acf5608cb64dcfbb3c7fd11d288089dacfa73cba30be4338b5,ADMITTED,series/blue-archive/02 Sequential Readings/BOND/BLUE_ARCHIVE_ANNA_ERINA_PHASE2_PRIVATE_CONTEXTUAL_ACCOUNT_20261009.md,REF:CYCLE008_ACCEPTED,REF:CYCLE008_SCOPE,unresolved,,REF:CYCLE008_LIMITS;REF:NEW80_ROOT_QUALIFIED;REF:NEW80_IDENTITY_MODES,UNASSESSED,REF:PRIVATE_PRIORITY,,,
BA:momotalk:20062:thread:200620280,momotalk,MANDATORY_COMPLETE_REVIEW,02_CANONICAL_STORIES/MOMOTALK/CH0321/THREAD_200620280.md,32c45525793009036de8b5c31d00a1ba7154154088122b1a170e94dd519eda6e,ADMITTED,series/blue-archive/02 Sequential Readings/BOND/BLUE_ARCHIVE_ANNA_ERINA_PHASE2_PRIVATE_CONTEXTUAL_ACCOUNT_20261009.md,REF:CYCLE008_ACCEPTED,REF:CYCLE008_SCOPE,unresolved,,REF:CYCLE008_LIMITS;REF:NEW80_ROOT_QUALIFIED;REF:NEW80_IDENTITY_MODES,UNASSESSED,REF:PRIVATE_PRIORITY,,,
BA:momotalk:20062:thread:200620420,momotalk,MANDATORY_COMPLETE_REVIEW,02_CANONICAL_STORIES/MOMOTALK/CH0321/THREAD_200620420.md,a713ab8f92a1c6a8d443589742e8ecab94808db51d703f7a1b955f11ce5a2187,ADMITTED,series/blue-archive/02 Sequential Readings/BOND/BLUE_ARCHIVE_ANNA_ERINA_PHASE2_PRIVATE_CONTEXTUAL_ACCOUNT_20261009.md,REF:CYCLE008_ACCEPTED,REF:CYCLE008_SCOPE,unresolved,,REF:CYCLE008_LIMITS;REF:NEW80_ROOT_QUALIFIED;REF:NEW80_IDENTITY_MODES,UNASSESSED,REF:PRIVATE_PRIORITY,,,
BA:momotalk:23000:thread:230000010,momotalk,MANDATORY_COMPLETE_REVIEW,02_CANONICAL_STORIES/MOMOTALK/AIRI/THREAD_230000010.md,4f10253e048a05c71f4832aee40ca775b103f472be05e4c6024f054687bd1322,ADMITTED,series/blue-archive/02 Sequential Readings/BOND/BLUE_ARCHIVE_AIRI_KAZUSA_YOSHIMI_NATSU_PRIVATE_CONTEXTUALIZATION_CHECKPOINT.md,REF:CYCLE008_ACCEPTED,REF:CYCLE008_SCOPE,unresolved,,REF:CYCLE008_LIMITS,UNASSESSED,REF:PRIVATE_PRIORITY,,,
BA:momotalk:23000:thread:230000100,momotalk,MANDATORY_COMPLETE_REVIEW,02_CANONICAL_STORIES/MOMOTALK/AIRI/THREAD_230000100.md,07a32681797e99e2fa324429b12930841155c9fb713cff4ac0f6dd1fec0f1060,ADMITTED,series/blue-archive/02 Sequential Readings/BOND/BLUE_ARCHIVE_AIRI_KAZUSA_YOSHIMI_NATSU_PRIVATE_CONTEXTUALIZATION_CHECKPOINT.md,REF:CYCLE008_ACCEPTED,REF:CYCLE008_SCOPE,unresolved,,REF:CYCLE008_LIMITS,UNASSESSED,REF:PRIVATE_PRIORITY,,,
BA:momotalk:23000:thread:230000190,momotalk,MANDATORY_COMPLETE_REVIEW,02_CANONICAL_STORIES/MOMOTALK/AIRI/THREAD_230000190.md,a0a388daec67355deaadd2051726dc00bfba9d989c11bb88c96750a32005a4fd,ADMITTED,series/blue-archive/02 Sequential Readings/BOND/BLUE_ARCHIVE_AIRI_KAZUSA_YOSHIMI_NATSU_PRIVATE_CONTEXTUALIZATION_CHECKPOINT.md,REF:CYCLE008_ACCEPTED,REF:CYCLE008_SCOPE,unresolved,,REF:CYCLE008_LIMITS,UNASSESSED,REF:PRIVATE_PRIORITY,,,
BA:momotalk:23000:thread:230000250,momotalk,MANDATORY_COMPLETE_REVIEW,02_CANONICAL_STORIES/MOMOTALK/AIRI/THREAD_230000250.md,71d1138fea645889906b4aeaf7d1ae858a78278667ad76e0cb48b3fb05f0415a,ADMITTED,series/blue-archive/02 Sequential Readings/BOND/BLUE_ARCHIVE_AIRI_KAZUSA_YOSHIMI_NATSU_PRIVATE_CONTEXTUALIZATION_CHECKPOINT.md,REF:CYCLE008_ACCEPTED,REF:CYCLE008_SCOPE,unresolved,,REF:CYCLE008_LIMITS,UNASSESSED,REF:PRIVATE_PRIORITY,,,
BA:momotalk:23001:thread:230010010,momotalk,MANDATORY_COMPLETE_REVIEW,02_CANONICAL_STORIES/MOMOTALK/FUUKA/THREAD_230010010.md,b22c0c7fdf5da88f44d9aa42914e462e11b1f5d461844c0d8ec72253374d9d33,ADMITTED,series/blue-archive/02 Sequential Readings/BOND/BLUE_ARCHIVE_GEHENNA20_PHASE2_PRIVATE_CONTEXTUAL_ACCOUNT_20261008.md,REF:CYCLE008_ACCEPTED,REF:CYCLE008_SCOPE,unresolved,,REF:CYCLE008_LIMITS,UNASSESSED,REF:PRIVATE_PRIORITY,,,
BA:momotalk:23001:thread:230010080,momotalk,MANDATORY_COMPLETE_REVIEW,02_CANONICAL_STORIES/MOMOTALK/FUUKA/THREAD_230010080.md,d5518379f1690f68d221d1eadddff6603b587cb7e07ec178fc9bc2afe2c85ee2,ADMITTED,series/blue-archive/02 Sequential Readings/BOND/BLUE_ARCHIVE_GEHENNA20_PHASE2_PRIVATE_CONTEXTUAL_ACCOUNT_20261008.md,REF:CYCLE008_ACCEPTED,REF:CYCLE008_SCOPE,unresolved,,REF:CYCLE008_LIMITS,UNASSESSED,REF:PRIVATE_PRIORITY,,,
BA:momotalk:23001:thread:230010130,momotalk,MANDATORY_COMPLETE_REVIEW,02_CANONICAL_STORIES/MOMOTALK/FUUKA/THREAD_230010130.md,321962b0860b1d4eaffc3863a54a38879309b3ba7d68d331b0a6a2b8227abdaa,ADMITTED,series/blue-archive/02 Sequential Readings/BOND/BLUE_ARCHIVE_GEHENNA20_PHASE2_PRIVATE_CONTEXTUAL_ACCOUNT_20261008.md,REF:CYCLE008_ACCEPTED,REF:CYCLE008_SCOPE,unresolved,,REF:CYCLE008_LIMITS,UNASSESSED,REF:PRIVATE_PRIORITY,,,
BA:momotalk:23001:thread:230010210,momotalk,MANDATORY_COMPLETE_REVIEW,02_CANONICAL_STORIES/MOMOTALK/FUUKA/THREAD_230010210.md,05af7d061e9087347565b6160958cd99698dbbc9dc911db122ab2d33ec91a4fa,ADMITTED,series/blue-archive/02 Sequential Readings/BOND/BLUE_ARCHIVE_GEHENNA20_PHASE2_PRIVATE_CONTEXTUAL_ACCOUNT_20261008.md,REF:CYCLE008_ACCEPTED,REF:CYCLE008_SCOPE,unresolved,,REF:CYCLE008_LIMITS,UNASSESSED,REF:PRIVATE_PRIORITY,,,
BA:momotalk:23001:thread:230010250,momotalk,MANDATORY_COMPLETE_REVIEW,02_CANONICAL_STORIES/MOMOTALK/FUUKA/THREAD_230010250.md,6b7b033186799eff3dcf5523a8470c0db039d322037474422513aa587888674f,ADMITTED,series/blue-archive/02 Sequential Readings/BOND/BLUE_ARCHIVE_GEHENNA20_PHASE2_PRIVATE_CONTEXTUAL_ACCOUNT_20261008.md,REF:CYCLE008_ACCEPTED,REF:CYCLE008_SCOPE,unresolved,,REF:CYCLE008_LIMITS,UNASSESSED,REF:PRIVATE_PRIORITY,,,
BA:momotalk:23002:thread:230020010,momotalk,MANDATORY_COMPLETE_REVIEW,02_CANONICAL_STORIES/MOMOTALK/HANAE/THREAD_230020010.md,ef1408bf59a96b00c41bbb3f54372a45f0bd970a4b1b7a07dbc8f50ad8c194de,ADMITTED,series/blue-archive/02 Sequential Readings/BOND/HANAE/BLUE_ARCHIVE_HANAE_PRIVATE_CONTEXTUALIZATION_CHECKPOINT.md,REF:ORIGINAL_ADMISSION_RECORD_0007,REF:ORIGINAL_ADMITTED_CLAIM_SCOPE_0061,LOCAL_RELATIVE_ONLY,Positive FavorSchedule preparation join and local practice aftermath; no main chronology or competence progression.,REF:ORIGINAL_ATTRIBUTION_LIMITS_0062,CORE,REF:ORIGINAL_PRIORITY_REASON_0063,,,
BA:momotalk:23002:thread:230020070,momotalk,MANDATORY_COMPLETE_REVIEW,02_CANONICAL_STORIES/MOMOTALK/HANAE/THREAD_230020070.md,a7aa820d6e4662161ea61b0483123c76edeaff0ec31a99090163c0e8961697e8,ADMITTED,series/blue-archive/02 Sequential Readings/BOND/HANAE/BLUE_ARCHIVE_HANAE_PRIVATE_CONTEXTUALIZATION_CHECKPOINT.md,REF:ORIGINAL_ADMISSION_RECORD_0007,REF:ORIGINAL_ADMITTED_CLAIM_SCOPE_0064,LOCAL_RELATIVE_ONLY,Positive FavorSchedule join and complete messages before/after the rest scene; no main or lasting-repair edge.,REF:ORIGINAL_ATTRIBUTION_LIMITS_0065,CORE,REF:ORIGINAL_PRIORITY_REASON_0066,,,
BA:momotalk:23002:thread:230020150,momotalk,MANDATORY_COMPLETE_REVIEW,02_CANONICAL_STORIES/MOMOTALK/HANAE/THREAD_230020150.md,620782c3a959220bec4799b46df482de97ddbe7ba2ac9b812994b44ed77be402,ADMITTED,series/blue-archive/02 Sequential Readings/BOND/HANAE/BLUE_ARCHIVE_HANAE_PRIVATE_CONTEXTUALIZATION_CHECKPOINT.md,REF:ORIGINAL_ADMISSION_RECORD_0007,REF:ORIGINAL_ADMITTED_CLAIM_SCOPE_0067,LOCAL_RELATIVE_ONLY,Positive FavorSchedule join and explicit holiday/local aftermath only; release and rank do not date it against main.,REF:ORIGINAL_ATTRIBUTION_LIMITS_0068,CORE,REF:ORIGINAL_PRIORITY_REASON_0069,,,
BA:momotalk:23002:thread:230020270,momotalk,MANDATORY_COMPLETE_REVIEW,02_CANONICAL_STORIES/MOMOTALK/HANAE/THREAD_230020270.md,e1e09cdae99a264969e0e04e305008ee0af67e8449f2a7aa0e8d581bd35d77cd,ADMITTED,series/blue-archive/02 Sequential Readings/BOND/HANAE/BLUE_ARCHIVE_HANAE_PRIVATE_CONTEXTUALIZATION_CHECKPOINT.md,REF:ORIGINAL_ADMISSION_RECORD_0007,REF:ORIGINAL_ADMITTED_CLAIM_SCOPE_0070,LOCAL_RELATIVE_ONLY,Positive FavorSchedule store-room join and local wound-care sequence; no Trinity-wide or main chronology.,REF:ORIGINAL_ATTRIBUTION_LIMITS_0071,CORE,REF:ORIGINAL_PRIORITY_REASON_0072,,,
BA:momotalk:23002:thread:230020330,momotalk,MANDATORY_COMPLETE_REVIEW,02_CANONICAL_STORIES/MOMOTALK/HANAE/THREAD_230020330.md,3bef977509118e19a007ae998d7f68105f951e6a1737e7be1b6e29ff00ccc75a,ADMITTED,series/blue-archive/02 Sequential Readings/BOND/HANAE/BLUE_ARCHIVE_HANAE_PRIVATE_CONTEXTUALIZATION_CHECKPOINT.md,REF:ORIGINAL_ADMISSION_RECORD_0007,REF:ORIGINAL_ADMITTED_CLAIM_SCOPE_0073,LOCAL_RELATIVE_ONLY,Positive FavorSchedule invitation join and local cultivation plans; no event or main ordering.,REF:ORIGINAL_ATTRIBUTION_LIMITS_0074,CORE,REF:ORIGINAL_PRIORITY_REASON_0075,,,
BA:momotalk:23003:thread:230030010,momotalk,MANDATORY_COMPLETE_REVIEW,02_CANONICAL_STORIES/MOMOTALK/HARE/THREAD_230030010.md,6dfcfa029e794c73b4f0c46f06cab09887c06cf3822633a258bbf32d6dcddb98,ADMITTED,series/blue-archive/02 Sequential Readings/BOND/BLUE_ARCHIVE_HARE_PHASE2_PRIVATE_CONTEXTUAL_ACCOUNT_20261008.md,REF:CYCLE008_ACCEPTED,REF:CYCLE008_SCOPE,unresolved,,REF:CYCLE008_LIMITS,UNASSESSED,REF:PRIVATE_PRIORITY,,,
BA:momotalk:23003:thread:230030070,momotalk,MANDATORY_COMPLETE_REVIEW,02_CANONICAL_STORIES/MOMOTALK/HARE/THREAD_230030070.md,e617a465561ab6b6de7419b35057e97906615063798710cfddb168171a1f9976,ADMITTED,series/blue-archive/02 Sequential Readings/BOND/BLUE_ARCHIVE_HARE_PHASE2_PRIVATE_CONTEXTUAL_ACCOUNT_20261008.md,REF:CYCLE008_ACCEPTED,REF:CYCLE008_SCOPE,unresolved,,REF:CYCLE008_LIMITS,UNASSESSED,REF:PRIVATE_PRIORITY,,,
BA:momotalk:23003:thread:230030120,momotalk,MANDATORY_COMPLETE_REVIEW,02_CANONICAL_STORIES/MOMOTALK/HARE/THREAD_230030120.md,86b1d3833ec6554e8d1649999961882944bc012eb17fb44105ec146f9f013641,ADMITTED,series/blue-archive/02 Sequential Readings/BOND/BLUE_ARCHIVE_HARE_PHASE2_PRIVATE_CONTEXTUAL_ACCOUNT_20261008.md,REF:CYCLE008_ACCEPTED,REF:CYCLE008_SCOPE,unresolved,,REF:CYCLE008_LIMITS,UNASSESSED,REF:PRIVATE_PRIORITY,,,
BA:momotalk:23003:thread:230030190,momotalk,MANDATORY_COMPLETE_REVIEW,02_CANONICAL_STORIES/MOMOTALK/HARE/THREAD_230030190.md,a78cbc21866ac2f1732709628a3fcdd9aca6666acc4b5ac83e196696194190bd,ADMITTED,series/blue-archive/02 Sequential Readings/BOND/BLUE_ARCHIVE_HARE_PHASE2_PRIVATE_CONTEXTUAL_ACCOUNT_20261008.md,REF:CYCLE008_ACCEPTED,REF:CYCLE008_SCOPE,unresolved,,REF:CYCLE008_LIMITS,UNASSESSED,REF:PRIVATE_PRIORITY,,,
BA:momotalk:23003:thread:230030250,momotalk,MANDATORY_COMPLETE_REVIEW,02_CANONICAL_STORIES/MOMOTALK/HARE/THREAD_230030250.md,e809933dbef85ee2020650194aaef40c13520da129025cca3e1cdfa8ddef3849,ADMITTED,series/blue-archive/02 Sequential Readings/BOND/BLUE_ARCHIVE_HARE_PHASE2_PRIVATE_CONTEXTUAL_ACCOUNT_20261008.md,REF:CYCLE008_ACCEPTED,REF:CYCLE008_SCOPE,unresolved,,REF:CYCLE008_LIMITS,UNASSESSED,REF:PRIVATE_PRIORITY,,,
BA:momotalk:23004:thread:230040010,momotalk,MANDATORY_COMPLETE_REVIEW,02_CANONICAL_STORIES/MOMOTALK/UTAHA/THREAD_230040010.md,4e1f9c0d6553f628625f4d2acdb31c775376e0223c4f28298e2470ddd102ba92,ADMITTED,series/blue-archive/02 Sequential Readings/BOND/BLUE_ARCHIVE_UTAHA_PHASE2_PRIVATE_CONTEXTUAL_ACCOUNT_20261008.md,REF:CYCLE008_ACCEPTED,REF:CYCLE008_SCOPE,unresolved,,REF:CYCLE008_LIMITS,UNASSESSED,REF:PRIVATE_PRIORITY,,,
BA:momotalk:23004:thread:230040090,momotalk,MANDATORY_COMPLETE_REVIEW,02_CANONICAL_STORIES/MOMOTALK/UTAHA/THREAD_230040090.md,9ed53b5cdc3b633b2d9e2ded7a4f4df42c53461de25af19569c51a1388e212be,ADMITTED,series/blue-archive/02 Sequential Readings/BOND/BLUE_ARCHIVE_UTAHA_PHASE2_PRIVATE_CONTEXTUAL_ACCOUNT_20261008.md,REF:CYCLE008_ACCEPTED,REF:CYCLE008_SCOPE,unresolved,,REF:CYCLE008_LIMITS,UNASSESSED,REF:PRIVATE_PRIORITY,,,
BA:momotalk:23004:thread:230040150,momotalk,MANDATORY_COMPLETE_REVIEW,02_CANONICAL_STORIES/MOMOTALK/UTAHA/THREAD_230040150.md,b1681c2b906cdd18b46f28722bf985c67ca1456cffb21afac54c1e6f02f1b671,ADMITTED,series/blue-archive/02 Sequential Readings/BOND/BLUE_ARCHIVE_UTAHA_PHASE2_PRIVATE_CONTEXTUAL_ACCOUNT_20261008.md,REF:CYCLE008_ACCEPTED,REF:CYCLE008_SCOPE,unresolved,,REF:CYCLE008_LIMITS,UNASSESSED,REF:PRIVATE_PRIORITY,,,
BA:momotalk:23004:thread:230040240,momotalk,MANDATORY_COMPLETE_REVIEW,02_CANONICAL_STORIES/MOMOTALK/UTAHA/THREAD_230040240.md,9f9356e5ce37b551854da44f51a102c98aa319fc763920ef216f14392dd972df,ADMITTED,series/blue-archive/02 Sequential Readings/BOND/BLUE_ARCHIVE_UTAHA_PHASE2_PRIVATE_CONTEXTUAL_ACCOUNT_20261008.md,REF:CYCLE008_ACCEPTED,REF:CYCLE008_SCOPE,unresolved,,REF:CYCLE008_LIMITS,UNASSESSED,REF:PRIVATE_PRIORITY,,,
BA:momotalk:23004:thread:230040340,momotalk,MANDATORY_COMPLETE_REVIEW,02_CANONICAL_STORIES/MOMOTALK/UTAHA/THREAD_230040340.md,39626120f22dac61d59828462ea2c1e01cd8d12f4e63df11dd30a15b6cbd9439,ADMITTED,series/blue-archive/02 Sequential Readings/BOND/BLUE_ARCHIVE_UTAHA_PHASE2_PRIVATE_CONTEXTUAL_ACCOUNT_20261008.md,REF:CYCLE008_ACCEPTED,REF:CYCLE008_SCOPE,unresolved,,REF:CYCLE008_LIMITS,UNASSESSED,REF:PRIVATE_PRIORITY,,,
BA:momotalk:23004:thread:230040400,momotalk,MANDATORY_COMPLETE_REVIEW,02_CANONICAL_STORIES/MOMOTALK/UTAHA/THREAD_230040400.md,566f9ccc65d09a80088ce742d13683c99875f8fbd2a30edb6dc7cb1680d4f151,ADMITTED,series/blue-archive/02 Sequential Readings/BOND/BLUE_ARCHIVE_UTAHA_PHASE2_PRIVATE_CONTEXTUAL_ACCOUNT_20261008.md,REF:CYCLE008_ACCEPTED,REF:CYCLE008_SCOPE,unresolved,,REF:CYCLE008_LIMITS,UNASSESSED,REF:PRIVATE_PRIORITY,,,
BA:momotalk:23005:thread:230050010,momotalk,MANDATORY_COMPLETE_REVIEW,02_CANONICAL_STORIES/MOMOTALK/AYANE/THREAD_230050010.md,be090d7abeeca5573ca798a8857fbf3ca848ec29fba8ec80803c78282c9770b3,ADMITTED,series/blue-archive/02 Sequential Readings/BOND/AYANE/BLUE_ARCHIVE_AYANE_PRIVATE_CONTEXTUALIZATION_CHECKPOINT.md,REF:ORIGINAL_ADMISSION_RECORD_0020,REF:ORIGINAL_ADMITTED_CLAIM_SCOPE_0076,LOCAL_RELATIVE_ONLY,Holiday/yesterday/this-morning/crash/middle-school anchors only; no event/main edge.,REF:ORIGINAL_ATTRIBUTION_LIMITS_0077,HIGH,REF:ORIGINAL_PRIORITY_REASON_0078,,,
BA:momotalk:23005:thread:230050160,momotalk,MANDATORY_COMPLETE_REVIEW,02_CANONICAL_STORIES/MOMOTALK/AYANE/THREAD_230050160.md,ca1f046d54ea3f2155195991b868a84a88b2a505b8dfd61ccea075d52bdf802f,ADMITTED,series/blue-archive/02 Sequential Readings/BOND/AYANE/BLUE_ARCHIVE_AYANE_PRIVATE_CONTEXTUALIZATION_CHECKPOINT.md,REF:ORIGINAL_ADMISSION_RECORD_0020,REF:ORIGINAL_ADMITTED_CLAIM_SCOPE_0076,LOCAL_RELATIVE_ONLY,Holiday/yesterday/this-morning/crash/middle-school anchors only; no event/main edge.,REF:ORIGINAL_ATTRIBUTION_LIMITS_0077,HIGH,REF:ORIGINAL_PRIORITY_REASON_0078,,,
BA:momotalk:23005:thread:230050270,momotalk,MANDATORY_COMPLETE_REVIEW,02_CANONICAL_STORIES/MOMOTALK/AYANE/THREAD_230050270.md,82f1b58daa82e88b71184fdeff8f43677bdd205fc21ac1ed9cef6c2d2b3d0963,ADMITTED,series/blue-archive/02 Sequential Readings/BOND/AYANE/BLUE_ARCHIVE_AYANE_PRIVATE_CONTEXTUALIZATION_CHECKPOINT.md,REF:ORIGINAL_ADMISSION_RECORD_0020,REF:ORIGINAL_ADMITTED_CLAIM_SCOPE_0076,LOCAL_RELATIVE_ONLY,Holiday/yesterday/this-morning/crash/middle-school anchors only; no event/main edge.,REF:ORIGINAL_ATTRIBUTION_LIMITS_0077,HIGH,REF:ORIGINAL_PRIORITY_REASON_0078,,,
BA:momotalk:23005:thread:230050430,momotalk,MANDATORY_COMPLETE_REVIEW,02_CANONICAL_STORIES/MOMOTALK/AYANE/THREAD_230050430.md,51b589eb44c119d311a6ecb1d38b6a72bce4ed6c798ca299d11e9b4dac4da027,ADMITTED,series/blue-archive/02 Sequential Readings/BOND/AYANE/BLUE_ARCHIVE_AYANE_PRIVATE_CONTEXTUALIZATION_CHECKPOINT.md,REF:ORIGINAL_ADMISSION_RECORD_0020,REF:ORIGINAL_ADMITTED_CLAIM_SCOPE_0076,LOCAL_RELATIVE_ONLY,Holiday/yesterday/this-morning/crash/middle-school anchors only; no event/main edge.,REF:ORIGINAL_ATTRIBUTION_LIMITS_0077,HIGH,REF:ORIGINAL_PRIORITY_REASON_0078,,,
BA:momotalk:23006:thread:230060010,momotalk,MANDATORY_COMPLETE_REVIEW,02_CANONICAL_STORIES/MOMOTALK/SHIZUKO/THREAD_230060010.md,3d879c0114770bd1d89900b2e4b1dcb137ff94ddbbc56d78241c5123c45b47ad,ADMITTED,series/blue-archive/02 Sequential Readings/BOND/BLUE_ARCHIVE_FESTIVAL_SHIZUKO_FINA_UMIKA_PHASE2_PRIVATE_CONTEXTUAL_ACCOUNT_20261008.md,REF:CYCLE008_ACCEPTED,REF:CYCLE008_SCOPE,unresolved,,REF:CYCLE008_LIMITS,UNASSESSED,REF:PRIVATE_PRIORITY,,,
BA:momotalk:23006:thread:2300600170,momotalk,MANDATORY_COMPLETE_REVIEW,02_CANONICAL_STORIES/MOMOTALK/SHIZUKO/THREAD_2300600170.md,6316dde2b8e12bcf053d92502784f68383669aa4abf3261cbdec88465578636a,ADMITTED,series/blue-archive/02 Sequential Readings/BOND/BLUE_ARCHIVE_FESTIVAL_SHIZUKO_FINA_UMIKA_PHASE2_PRIVATE_CONTEXTUAL_ACCOUNT_20261008.md,REF:CYCLE008_ACCEPTED,REF:CYCLE008_SCOPE,unresolved,,REF:CYCLE008_LIMITS,UNASSESSED,REF:PRIVATE_PRIORITY,,,
BA:momotalk:23006:thread:2300600280,momotalk,MANDATORY_COMPLETE_REVIEW,02_CANONICAL_STORIES/MOMOTALK/SHIZUKO/THREAD_2300600280.md,58f90960c5dcd41994c22273238347a75e96d3c5012dcd71704f763e0835c17f,ADMITTED,series/blue-archive/02 Sequential Readings/BOND/BLUE_ARCHIVE_FESTIVAL_SHIZUKO_FINA_UMIKA_PHASE2_PRIVATE_CONTEXTUAL_ACCOUNT_20261008.md,REF:CYCLE008_ACCEPTED,REF:CYCLE008_SCOPE,unresolved,,REF:CYCLE008_LIMITS,UNASSESSED,REF:PRIVATE_PRIORITY,,,
BA:momotalk:23006:thread:2300600320,momotalk,MANDATORY_COMPLETE_REVIEW,02_CANONICAL_STORIES/MOMOTALK/SHIZUKO/THREAD_2300600320.md,9aecc49edc0212db8add08875e458c4ced49d3477f620bc37260fb73140c8c59,ADMITTED,series/blue-archive/02 Sequential Readings/BOND/BLUE_ARCHIVE_FESTIVAL_SHIZUKO_FINA_UMIKA_PHASE2_PRIVATE_CONTEXTUAL_ACCOUNT_20261008.md,REF:CYCLE008_ACCEPTED,REF:CYCLE008_SCOPE,unresolved,,REF:CYCLE008_LIMITS,UNASSESSED,REF:PRIVATE_PRIORITY,,,
BA:momotalk:23006:thread:2300600400,momotalk,MANDATORY_COMPLETE_REVIEW,02_CANONICAL_STORIES/MOMOTALK/SHIZUKO/THREAD_2300600400.md,6be8e9c4556ec7d260972ce71ad30e37bd6b502a20f76589ad720afb70934cf2,ADMITTED,series/blue-archive/02 Sequential Readings/BOND/BLUE_ARCHIVE_FESTIVAL_SHIZUKO_FINA_UMIKA_PHASE2_PRIVATE_CONTEXTUAL_ACCOUNT_20261008.md,REF:CYCLE008_ACCEPTED,REF:CYCLE008_SCOPE,unresolved,,REF:CYCLE008_LIMITS,UNASSESSED,REF:PRIVATE_PRIORITY,,,
BA:momotalk:23007:thread:230070010,momotalk,MANDATORY_COMPLETE_REVIEW,02_CANONICAL_STORIES/MOMOTALK/HANAKO/THREAD_230070010.md,a3b4bf0ebc6216c491ebb132660071dbc89e881e03fbc0a28d36b970641d4e75,ADMITTED,series/blue-archive/02 Sequential Readings/BOND/HANAKO/BLUE_ARCHIVE_HANAKO_PRIVATE_CONTEXTUALIZATION_CHECKPOINT.md,REF:CYCLE008_ACCEPTED,REF:CYCLE008_SCOPE,unresolved,,REF:CYCLE008_LIMITS,UNASSESSED,REF:PRIVATE_PRIORITY,,,
BA:momotalk:23007:thread:230070130,momotalk,MANDATORY_COMPLETE_REVIEW,02_CANONICAL_STORIES/MOMOTALK/HANAKO/THREAD_230070130.md,5c53818eca5b93355895eadc361e750fd6743266e59fafc4818b431f1309384b,ADMITTED,series/blue-archive/02 Sequential Readings/BOND/HANAKO/BLUE_ARCHIVE_HANAKO_PRIVATE_CONTEXTUALIZATION_CHECKPOINT.md,REF:CYCLE008_ACCEPTED,REF:CYCLE008_SCOPE,unresolved,,REF:CYCLE008_LIMITS,UNASSESSED,REF:PRIVATE_PRIORITY,,,
BA:momotalk:23007:thread:230070230,momotalk,MANDATORY_COMPLETE_REVIEW,02_CANONICAL_STORIES/MOMOTALK/HANAKO/THREAD_230070230.md,ffb916dbd079f72c8bc30ec47da8a80c37b0649261417c18d4d6fdd02b2f056e,ADMITTED,series/blue-archive/02 Sequential Readings/BOND/HANAKO/BLUE_ARCHIVE_HANAKO_PRIVATE_CONTEXTUALIZATION_CHECKPOINT.md,REF:CYCLE008_ACCEPTED,REF:CYCLE008_SCOPE,unresolved,,REF:CYCLE008_LIMITS,UNASSESSED,REF:PRIVATE_PRIORITY,,,
BA:momotalk:23007:thread:230070340,momotalk,MANDATORY_COMPLETE_REVIEW,02_CANONICAL_STORIES/MOMOTALK/HANAKO/THREAD_230070340.md,27a72805f99eac3a93ebaa4c03f13cba9b91e1748cab5952275c7f7e03b79ff8,ADMITTED,series/blue-archive/02 Sequential Readings/BOND/HANAKO/BLUE_ARCHIVE_HANAKO_PRIVATE_CONTEXTUALIZATION_CHECKPOINT.md,REF:CYCLE008_ACCEPTED,REF:CYCLE008_SCOPE,unresolved,,REF:CYCLE008_LIMITS,UNASSESSED,REF:PRIVATE_PRIORITY,,,
BA:momotalk:23007:thread:230070410,momotalk,MANDATORY_COMPLETE_REVIEW,02_CANONICAL_STORIES/MOMOTALK/HANAKO/THREAD_230070410.md,baf6ce57176b6cb7b8380cc5883897ff3e0b1df1a1d41fbb48bb6763f8aa1292,ADMITTED,series/blue-archive/02 Sequential Readings/BOND/HANAKO/BLUE_ARCHIVE_HANAKO_PRIVATE_CONTEXTUALIZATION_CHECKPOINT.md,REF:CYCLE008_ACCEPTED,REF:CYCLE008_SCOPE,unresolved,,REF:CYCLE008_LIMITS,UNASSESSED,REF:PRIVATE_PRIORITY,,,
BA:momotalk:23008:thread:230080010,momotalk,MANDATORY_COMPLETE_REVIEW,02_CANONICAL_STORIES/MOMOTALK/MARI/THREAD_230080010.md,92441c7ee538f5d4b710c0a635bc2e1b82a293e79d7a1309e73ee55d53f76431,ADMITTED,series/blue-archive/02 Sequential Readings/BOND/BLUE_ARCHIVE_SAKURAKO_MARI_PRIVATE_CONTEXTUALIZATION_CHECKPOINT.md,REF:CYCLE008_ACCEPTED,REF:CYCLE008_SCOPE,unresolved,,REF:CYCLE008_LIMITS,UNASSESSED,REF:PRIVATE_PRIORITY,,,
BA:momotalk:23008:thread:230080130,momotalk,MANDATORY_COMPLETE_REVIEW,02_CANONICAL_STORIES/MOMOTALK/MARI/THREAD_230080130.md,4b39293e1eb67731965f26f9cf03f2444b574c84b156ae8a6a597c7564b8a185,ADMITTED,series/blue-archive/02 Sequential Readings/BOND/BLUE_ARCHIVE_SAKURAKO_MARI_PRIVATE_CONTEXTUALIZATION_CHECKPOINT.md,REF:CYCLE008_ACCEPTED,REF:CYCLE008_SCOPE,unresolved,,REF:CYCLE008_LIMITS,UNASSESSED,REF:PRIVATE_PRIORITY,,,
BA:momotalk:23008:thread:230080250,momotalk,MANDATORY_COMPLETE_REVIEW,02_CANONICAL_STORIES/MOMOTALK/MARI/THREAD_230080250.md,c8e3349c809be6445254770cb5b4094accb9b3597e4f6f2796a750189477a5f9,ADMITTED,series/blue-archive/02 Sequential Readings/BOND/BLUE_ARCHIVE_SAKURAKO_MARI_PRIVATE_CONTEXTUALIZATION_CHECKPOINT.md,REF:CYCLE008_ACCEPTED,REF:CYCLE008_SCOPE,unresolved,,REF:CYCLE008_LIMITS,UNASSESSED,REF:PRIVATE_PRIORITY,,,
BA:momotalk:23008:thread:230080340,momotalk,MANDATORY_COMPLETE_REVIEW,02_CANONICAL_STORIES/MOMOTALK/MARI/THREAD_230080340.md,9067b14999a816cb3a03162cd45347c6aee61ffa67fe57e3c412e17d48d174dc,ADMITTED,series/blue-archive/02 Sequential Readings/BOND/BLUE_ARCHIVE_SAKURAKO_MARI_PRIVATE_CONTEXTUALIZATION_CHECKPOINT.md,REF:CYCLE008_ACCEPTED,REF:CYCLE008_SCOPE,unresolved,,REF:CYCLE008_LIMITS,UNASSESSED,REF:PRIVATE_PRIORITY,,,
BA:momotalk:23008:thread:230080460,momotalk,MANDATORY_COMPLETE_REVIEW,02_CANONICAL_STORIES/MOMOTALK/MARI/THREAD_230080460.md,59a82eab2b21f190b26dc1508b658f16e7ef1425b50f0276c572a87944dd7416,ADMITTED,series/blue-archive/02 Sequential Readings/BOND/BLUE_ARCHIVE_SAKURAKO_MARI_PRIVATE_CONTEXTUALIZATION_CHECKPOINT.md,REF:CYCLE008_ACCEPTED,REF:CYCLE008_SCOPE,unresolved,,REF:CYCLE008_LIMITS,UNASSESSED,REF:PRIVATE_PRIORITY,,,
BA:momotalk:26000:thread:260000010,momotalk,MANDATORY_COMPLETE_REVIEW,02_CANONICAL_STORIES/MOMOTALK/CHINATSU/THREAD_260000010.md,6404822f814d23d3cff5241b263e878372bac4c8235420adf964d7123f7f06ae,ADMITTED,series/blue-archive/02 Sequential Readings/BOND/BLUE_ARCHIVE_GEHENNA20_PHASE2_PRIVATE_CONTEXTUAL_ACCOUNT_20261008.md,REF:CYCLE008_ACCEPTED,REF:CYCLE008_SCOPE,unresolved,,REF:CYCLE008_LIMITS,UNASSESSED,REF:PRIVATE_PRIORITY,,,
BA:momotalk:26000:thread:260000060,momotalk,MANDATORY_COMPLETE_REVIEW,02_CANONICAL_STORIES/MOMOTALK/CHINATSU/THREAD_260000060.md,a916507cd25e29323a4c479af18c7ad8c95ec43afd2d5a68ac16b56332f5ffb4,ADMITTED,series/blue-archive/02 Sequential Readings/BOND/BLUE_ARCHIVE_GEHENNA20_PHASE2_PRIVATE_CONTEXTUAL_ACCOUNT_20261008.md,REF:CYCLE008_ACCEPTED,REF:CYCLE008_SCOPE,unresolved,,REF:CYCLE008_LIMITS,UNASSESSED,REF:PRIVATE_PRIORITY,,,
BA:momotalk:26000:thread:260000160,momotalk,MANDATORY_COMPLETE_REVIEW,02_CANONICAL_STORIES/MOMOTALK/CHINATSU/THREAD_260000160.md,ce43285b3ad21d7b44e588df9ef99a4d15cafa4d535d581be7dced3eb1099dff,ADMITTED,series/blue-archive/02 Sequential Readings/BOND/BLUE_ARCHIVE_GEHENNA20_PHASE2_PRIVATE_CONTEXTUAL_ACCOUNT_20261008.md,REF:CYCLE008_ACCEPTED,REF:CYCLE008_SCOPE,unresolved,,REF:CYCLE008_LIMITS,UNASSESSED,REF:PRIVATE_PRIORITY,,,
BA:momotalk:26000:thread:260000230,momotalk,MANDATORY_COMPLETE_REVIEW,02_CANONICAL_STORIES/MOMOTALK/CHINATSU/THREAD_260000230.md,28a16314eb1f04104be72853dba91c8a5743962af7d58d6e1fe77214166d9e1e,ADMITTED,series/blue-archive/02 Sequential Readings/BOND/BLUE_ARCHIVE_GEHENNA20_PHASE2_PRIVATE_CONTEXTUAL_ACCOUNT_20261008.md,REF:CYCLE008_ACCEPTED,REF:CYCLE008_SCOPE,unresolved,,REF:CYCLE008_LIMITS,UNASSESSED,REF:PRIVATE_PRIORITY,,,
BA:momotalk:26000:thread:260000460,momotalk,MANDATORY_COMPLETE_REVIEW,02_CANONICAL_STORIES/MOMOTALK/CHINATSU/THREAD_260000460.md,a00bb73e31b84595ffe2ff798cf2255c251862f0c5dc9abaece0bcbe53deb835,ADMITTED,series/blue-archive/02 Sequential Readings/BOND/BLUE_ARCHIVE_GEHENNA20_PHASE2_PRIVATE_CONTEXTUAL_ACCOUNT_20261008.md,REF:CYCLE008_ACCEPTED,REF:CYCLE008_SCOPE,unresolved,,REF:CYCLE008_LIMITS,UNASSESSED,REF:PRIVATE_PRIORITY,,,
BA:momotalk:26001:thread:260010010,momotalk,MANDATORY_COMPLETE_REVIEW,02_CANONICAL_STORIES/MOMOTALK/KOTAMA/THREAD_260010010.md,008cd79c2c292d4d224d563bad8980f7ad8ff71c4cf4ce721c8a2d22b0bea1cc,ADMITTED,series/blue-archive/02 Sequential Readings/BOND/BLUE_ARCHIVE_KOTAMA_PHASE2_PRIVATE_CONTEXTUAL_ACCOUNT_20261008.md,REF:CYCLE008_ACCEPTED,REF:CYCLE008_SCOPE,unresolved,,REF:CYCLE008_LIMITS,UNASSESSED,REF:PRIVATE_PRIORITY,,,
BA:momotalk:26001:thread:260010090,momotalk,MANDATORY_COMPLETE_REVIEW,02_CANONICAL_STORIES/MOMOTALK/KOTAMA/THREAD_260010090.md,e49f17898825d520130cf13b0dc7db39c51b8b5510f52b01e385f3aaa8686a86,ADMITTED,series/blue-archive/02 Sequential Readings/BOND/BLUE_ARCHIVE_KOTAMA_PHASE2_PRIVATE_CONTEXTUAL_ACCOUNT_20261008.md,REF:CYCLE008_ACCEPTED,REF:CYCLE008_SCOPE,unresolved,,REF:CYCLE008_LIMITS,UNASSESSED,REF:PRIVATE_PRIORITY,,,
BA:momotalk:26001:thread:260010160,momotalk,MANDATORY_COMPLETE_REVIEW,02_CANONICAL_STORIES/MOMOTALK/KOTAMA/THREAD_260010160.md,08d5115ab8f4f1b7b84f6ab633eb3e54073434fe514d9dd13b3707bd976c6538,ADMITTED,series/blue-archive/02 Sequential Readings/BOND/BLUE_ARCHIVE_KOTAMA_PHASE2_PRIVATE_CONTEXTUAL_ACCOUNT_20261008.md,REF:CYCLE008_ACCEPTED,REF:CYCLE008_SCOPE,unresolved,,REF:CYCLE008_LIMITS,UNASSESSED,REF:PRIVATE_PRIORITY,,,
BA:momotalk:26001:thread:260010210,momotalk,MANDATORY_COMPLETE_REVIEW,02_CANONICAL_STORIES/MOMOTALK/KOTAMA/THREAD_260010210.md,2c50694aafc3c929ccecaa14bac3ce80c7f5dfe1622b7ddd6380de682aa0235d,ADMITTED,series/blue-archive/02 Sequential Readings/BOND/BLUE_ARCHIVE_KOTAMA_PHASE2_PRIVATE_CONTEXTUAL_ACCOUNT_20261008.md,REF:CYCLE008_ACCEPTED,REF:CYCLE008_SCOPE,unresolved,,REF:CYCLE008_LIMITS,UNASSESSED,REF:PRIVATE_PRIORITY,,,
BA:momotalk:26002:thread:260020010,momotalk,MANDATORY_COMPLETE_REVIEW,02_CANONICAL_STORIES/MOMOTALK/JURI/THREAD_260020010.md,090e79da52393333659ac8a5ee1cd5fc5e517f9e995ba7834c82a7c6b8065c81,ADMITTED,series/blue-archive/02 Sequential Readings/BOND/BLUE_ARCHIVE_GEHENNA20_PHASE2_PRIVATE_CONTEXTUAL_ACCOUNT_20261008.md,REF:CYCLE008_ACCEPTED,REF:CYCLE008_SCOPE,unresolved,,REF:CYCLE008_LIMITS,UNASSESSED,REF:PRIVATE_PRIORITY,,,
BA:momotalk:26002:thread:260020170,momotalk,MANDATORY_COMPLETE_REVIEW,02_CANONICAL_STORIES/MOMOTALK/JURI/THREAD_260020170.md,20ee7a99a218b57c46f4c3796856387e16f94270365f059291ee367d8e12e60a,ADMITTED,series/blue-archive/02 Sequential Readings/BOND/BLUE_ARCHIVE_GEHENNA20_PHASE2_PRIVATE_CONTEXTUAL_ACCOUNT_20261008.md,REF:CYCLE008_ACCEPTED,REF:CYCLE008_SCOPE,unresolved,,REF:CYCLE008_LIMITS,UNASSESSED,REF:PRIVATE_PRIORITY,,,
BA:momotalk:26002:thread:260020350,momotalk,MANDATORY_COMPLETE_REVIEW,02_CANONICAL_STORIES/MOMOTALK/JURI/THREAD_260020350.md,62c2ff9c734962b86910177ab35f1f7cc77ef12fb7e9a72018979b7b41c0463c,ADMITTED,series/blue-archive/02 Sequential Readings/BOND/BLUE_ARCHIVE_GEHENNA20_PHASE2_PRIVATE_CONTEXTUAL_ACCOUNT_20261008.md,REF:CYCLE008_ACCEPTED,REF:CYCLE008_SCOPE,unresolved,,REF:CYCLE008_LIMITS,UNASSESSED,REF:PRIVATE_PRIORITY,,,
BA:momotalk:26002:thread:260020490,momotalk,MANDATORY_COMPLETE_REVIEW,02_CANONICAL_STORIES/MOMOTALK/JURI/THREAD_260020490.md,1ee474b3bd86624d10874f79436c6405218d1cedff64f34d40cbb5508985144d,ADMITTED,series/blue-archive/02 Sequential Readings/BOND/BLUE_ARCHIVE_GEHENNA20_PHASE2_PRIVATE_CONTEXTUAL_ACCOUNT_20261008.md,REF:CYCLE008_ACCEPTED,REF:CYCLE008_SCOPE,unresolved,,REF:CYCLE008_LIMITS,UNASSESSED,REF:PRIVATE_PRIORITY,,,
BA:momotalk:26003:thread:260030010,momotalk,MANDATORY_COMPLETE_REVIEW,02_CANONICAL_STORIES/MOMOTALK/SERINA/THREAD_260030010.md,7e111a46c1571443b8d05dabd60673e46e5b1e6a4666291f47aebd00650465b6,ADMITTED,series/blue-archive/02 Sequential Readings/BOND/SERINA/BLUE_ARCHIVE_SERINA_PRIVATE_CONTEXTUALIZATION_CHECKPOINT.md,REF:ORIGINAL_ADMISSION_RECORD_0001,REF:ORIGINAL_ADMITTED_CLAIM_SCOPE_0222,LOCAL_RELATIVE_ONLY,Printed pair/afterword links only; no main or variant order.,REF:ORIGINAL_ATTRIBUTION_LIMITS_0003,CORE,REF:ORIGINAL_PRIORITY_REASON_0004,,,
BA:momotalk:26003:thread:260030070,momotalk,MANDATORY_COMPLETE_REVIEW,02_CANONICAL_STORIES/MOMOTALK/SERINA/THREAD_260030070.md,c59ac713c158da6d8218f43323dccfafa84b0fe450b458e564a40a72dbe9c920,ADMITTED,series/blue-archive/02 Sequential Readings/BOND/SERINA/BLUE_ARCHIVE_SERINA_PRIVATE_CONTEXTUALIZATION_CHECKPOINT.md,REF:ORIGINAL_ADMISSION_RECORD_0001,REF:ORIGINAL_ADMITTED_CLAIM_SCOPE_0222,LOCAL_RELATIVE_ONLY,Printed pair/afterword links only; no main or variant order.,REF:ORIGINAL_ATTRIBUTION_LIMITS_0003,CORE,REF:ORIGINAL_PRIORITY_REASON_0004,,,
BA:momotalk:26003:thread:260030150,momotalk,MANDATORY_COMPLETE_REVIEW,02_CANONICAL_STORIES/MOMOTALK/SERINA/THREAD_260030150.md,a318b7ace7750fc989e17e88e80889671f22191152ae111884be4a448d4532e1,ADMITTED,series/blue-archive/02 Sequential Readings/BOND/SERINA/BLUE_ARCHIVE_SERINA_PRIVATE_CONTEXTUALIZATION_CHECKPOINT.md,REF:ORIGINAL_ADMISSION_RECORD_0001,REF:ORIGINAL_ADMITTED_CLAIM_SCOPE_0222,LOCAL_RELATIVE_ONLY,Printed pair/afterword links only; no main or variant order.,REF:ORIGINAL_ATTRIBUTION_LIMITS_0003,CORE,REF:ORIGINAL_PRIORITY_REASON_0004,,,
BA:momotalk:26003:thread:260030250,momotalk,MANDATORY_COMPLETE_REVIEW,02_CANONICAL_STORIES/MOMOTALK/SERINA/THREAD_260030250.md,337c4319955313df94cde60df3a785a28ee441ed047ed355b0eca7441dc2e4e1,ADMITTED,series/blue-archive/02 Sequential Readings/BOND/SERINA/BLUE_ARCHIVE_SERINA_PRIVATE_CONTEXTUALIZATION_CHECKPOINT.md,REF:ORIGINAL_ADMISSION_RECORD_0001,REF:ORIGINAL_ADMITTED_CLAIM_SCOPE_0222,LOCAL_RELATIVE_ONLY,Printed pair/afterword links only; no main or variant order.,REF:ORIGINAL_ATTRIBUTION_LIMITS_0003,CORE,REF:ORIGINAL_PRIORITY_REASON_0004,,,
BA:momotalk:26004:thread:260040010,momotalk,MANDATORY_COMPLETE_REVIEW,02_CANONICAL_STORIES/MOMOTALK/SHIMIKO/THREAD_260040010.md,ae84e8732aa0f555372bf93105c90d7445a3995bf7a040f4d24ea101e0e9cee2,ADMITTED,series/blue-archive/02 Sequential Readings/BOND/BLUE_ARCHIVE_HINATA_UI_SHIMIKO_PRIVATE_CONTEXTUALIZATION_CHECKPOINT.md,REF:CYCLE008_ACCEPTED,REF:CYCLE008_SCOPE,unresolved,,REF:CYCLE008_LIMITS,UNASSESSED,REF:PRIVATE_PRIORITY,,,
BA:momotalk:26004:thread:260040080,momotalk,MANDATORY_COMPLETE_REVIEW,02_CANONICAL_STORIES/MOMOTALK/SHIMIKO/THREAD_260040080.md,f7da473b5dd78e21a531b0e4d9f3068eb1ad503721872851d62e92ab1761c9c2,ADMITTED,series/blue-archive/02 Sequential Readings/BOND/BLUE_ARCHIVE_HINATA_UI_SHIMIKO_PRIVATE_CONTEXTUALIZATION_CHECKPOINT.md,REF:CYCLE008_ACCEPTED,REF:CYCLE008_SCOPE,unresolved,,REF:CYCLE008_LIMITS,UNASSESSED,REF:PRIVATE_PRIORITY,,,
BA:momotalk:26004:thread:260040150,momotalk,MANDATORY_COMPLETE_REVIEW,02_CANONICAL_STORIES/MOMOTALK/SHIMIKO/THREAD_260040150.md,094564037366d859c79784b248b4203d1fbec131e0dcdedb20f2adbe35a6ada9,ADMITTED,series/blue-archive/02 Sequential Readings/BOND/BLUE_ARCHIVE_HINATA_UI_SHIMIKO_PRIVATE_CONTEXTUALIZATION_CHECKPOINT.md,REF:CYCLE008_ACCEPTED,REF:CYCLE008_SCOPE,unresolved,,REF:CYCLE008_LIMITS,UNASSESSED,REF:PRIVATE_PRIORITY,,,
BA:momotalk:26004:thread:260040230,momotalk,MANDATORY_COMPLETE_REVIEW,02_CANONICAL_STORIES/MOMOTALK/SHIMIKO/THREAD_260040230.md,ecbaf0a710dd8d6cea4da0cd85ae69c438a2e416a4e0b010b184895217824212,ADMITTED,series/blue-archive/02 Sequential Readings/BOND/BLUE_ARCHIVE_HINATA_UI_SHIMIKO_PRIVATE_CONTEXTUALIZATION_CHECKPOINT.md,REF:CYCLE008_ACCEPTED,REF:CYCLE008_SCOPE,unresolved,,REF:CYCLE008_LIMITS,UNASSESSED,REF:PRIVATE_PRIORITY,,,
BA:momotalk:26004:thread:260040370,momotalk,MANDATORY_COMPLETE_REVIEW,02_CANONICAL_STORIES/MOMOTALK/SHIMIKO/THREAD_260040370.md,1297e22ffbc197984c1ae9dceb55e1da690a782e3bf67a33eded0487e506dfdb,ADMITTED,series/blue-archive/02 Sequential Readings/BOND/BLUE_ARCHIVE_HINATA_UI_SHIMIKO_PRIVATE_CONTEXTUALIZATION_CHECKPOINT.md,REF:CYCLE008_ACCEPTED,REF:CYCLE008_SCOPE,unresolved,,REF:CYCLE008_LIMITS,UNASSESSED,REF:PRIVATE_PRIORITY,,,
BA:momotalk:26005:thread:260050010,momotalk,MANDATORY_COMPLETE_REVIEW,02_CANONICAL_STORIES/MOMOTALK/YOSHIMI/THREAD_260050010.md,3fd8dadada2253c98d0da3b13ec653466c774aa86048ad175d4d1dcd01669cca,ADMITTED,series/blue-archive/02 Sequential Readings/BOND/BLUE_ARCHIVE_AIRI_KAZUSA_YOSHIMI_NATSU_PRIVATE_CONTEXTUALIZATION_CHECKPOINT.md,REF:CYCLE008_ACCEPTED,REF:CYCLE008_SCOPE,unresolved,,REF:CYCLE008_LIMITS,UNASSESSED,REF:PRIVATE_PRIORITY,,,
BA:momotalk:26005:thread:260050100,momotalk,MANDATORY_COMPLETE_REVIEW,02_CANONICAL_STORIES/MOMOTALK/YOSHIMI/THREAD_260050100.md,4c862a76ef0ace37f6c0ba906a03711c64d6db1104ffc7f2cbc8601dc0fb6ae8,ADMITTED,series/blue-archive/02 Sequential Readings/BOND/BLUE_ARCHIVE_AIRI_KAZUSA_YOSHIMI_NATSU_PRIVATE_CONTEXTUALIZATION_CHECKPOINT.md,REF:CYCLE008_ACCEPTED,REF:CYCLE008_SCOPE,unresolved,,REF:CYCLE008_LIMITS,UNASSESSED,REF:PRIVATE_PRIORITY,,,
BA:momotalk:26005:thread:260050180,momotalk,MANDATORY_COMPLETE_REVIEW,02_CANONICAL_STORIES/MOMOTALK/YOSHIMI/THREAD_260050180.md,36296b9965ca3559dc8fa109a2cd622d06f5ccde18e8b2ccd90edb65b9c6c907,ADMITTED,series/blue-archive/02 Sequential Readings/BOND/BLUE_ARCHIVE_AIRI_KAZUSA_YOSHIMI_NATSU_PRIVATE_CONTEXTUALIZATION_CHECKPOINT.md,REF:CYCLE008_ACCEPTED,REF:CYCLE008_SCOPE,unresolved,,REF:CYCLE008_LIMITS,UNASSESSED,REF:PRIVATE_PRIORITY,,,
BA:momotalk:26005:thread:260050270,momotalk,MANDATORY_COMPLETE_REVIEW,02_CANONICAL_STORIES/MOMOTALK/YOSHIMI/THREAD_260050270.md,f298b1537b142fcc52fd40fce5e1d0a3bb1314780860c6785d90aa21c6d4fefa,ADMITTED,series/blue-archive/02 Sequential Readings/BOND/BLUE_ARCHIVE_AIRI_KAZUSA_YOSHIMI_NATSU_PRIVATE_CONTEXTUALIZATION_CHECKPOINT.md,REF:CYCLE008_ACCEPTED,REF:CYCLE008_SCOPE,unresolved,,REF:CYCLE008_LIMITS,UNASSESSED,REF:PRIVATE_PRIORITY,,,
BA:momotalk:26005:thread:260050390,momotalk,MANDATORY_COMPLETE_REVIEW,02_CANONICAL_STORIES/MOMOTALK/YOSHIMI/THREAD_260050390.md,c1ecd1fb752c70e8edddbbdf8c264e890534639a71325baa47428fa96247096c,ADMITTED,series/blue-archive/02 Sequential Readings/BOND/BLUE_ARCHIVE_AIRI_KAZUSA_YOSHIMI_NATSU_PRIVATE_CONTEXTUALIZATION_CHECKPOINT.md,REF:CYCLE008_ACCEPTED,REF:CYCLE008_SCOPE,unresolved,,REF:CYCLE008_LIMITS,UNASSESSED,REF:PRIVATE_PRIORITY,,,
BA:momotalk:26006:thread:260060010,momotalk,MANDATORY_COMPLETE_REVIEW,02_CANONICAL_STORIES/MOMOTALK/NODOKA/THREAD_260060010.md,3b1f027712af90a86a32b495b3dcb71c1741da9e56a3d25b2baf72e249366fc8,ADMITTED,series/blue-archive/02 Sequential Readings/BOND/BLUE_ARCHIVE_RED_WINTER7_PHASE2_PRIVATE_CONTEXTUAL_ACCOUNT_20261008.md,REF:CYCLE008_ACCEPTED,REF:CYCLE008_SCOPE,unresolved,,REF:CYCLE008_LIMITS,UNASSESSED,REF:PRIVATE_PRIORITY,0,0,0
BA:momotalk:26006:thread:260060120,momotalk,MANDATORY_COMPLETE_REVIEW,02_CANONICAL_STORIES/MOMOTALK/NODOKA/THREAD_260060120.md,e3b999dfa2728c8414829e9d643b085af466ce71d16fe6417954fb6107a804a8,ADMITTED,series/blue-archive/02 Sequential Readings/BOND/BLUE_ARCHIVE_RED_WINTER7_PHASE2_PRIVATE_CONTEXTUAL_ACCOUNT_20261008.md,REF:CYCLE008_ACCEPTED,REF:CYCLE008_SCOPE,unresolved,,REF:CYCLE008_LIMITS,UNASSESSED,REF:PRIVATE_PRIORITY,0,0,0
BA:momotalk:26006:thread:260060160,momotalk,MANDATORY_COMPLETE_REVIEW,02_CANONICAL_STORIES/MOMOTALK/NODOKA/THREAD_260060160.md,630bbe9e74ff4abc6649d7995b3d62a3869ee79494191f47f8fa4b9d2c359801,ADMITTED,series/blue-archive/02 Sequential Readings/BOND/BLUE_ARCHIVE_RED_WINTER7_PHASE2_PRIVATE_CONTEXTUAL_ACCOUNT_20261008.md,REF:CYCLE008_ACCEPTED,REF:CYCLE008_SCOPE,unresolved,,REF:CYCLE008_LIMITS,UNASSESSED,REF:PRIVATE_PRIORITY,0,0,0
BA:momotalk:26006:thread:260060220,momotalk,MANDATORY_COMPLETE_REVIEW,02_CANONICAL_STORIES/MOMOTALK/NODOKA/THREAD_260060220.md,6cd0dd7e8dc7634e081072e896edfba0758978f1f9a1cb3092aa3afcecdaa593,ADMITTED,series/blue-archive/02 Sequential Readings/BOND/BLUE_ARCHIVE_RED_WINTER7_PHASE2_PRIVATE_CONTEXTUAL_ACCOUNT_20261008.md,REF:CYCLE008_ACCEPTED,REF:CYCLE008_SCOPE,unresolved,,REF:CYCLE008_LIMITS,UNASSESSED,REF:PRIVATE_PRIORITY,0,0,0
BA:momotalk:26006:thread:260060280,momotalk,MANDATORY_COMPLETE_REVIEW,02_CANONICAL_STORIES/MOMOTALK/NODOKA/THREAD_260060280.md,8b9538251a149697095a769fb867a9eabe4722100e3db198483bdc6943c895a3,ADMITTED,series/blue-archive/02 Sequential Readings/BOND/BLUE_ARCHIVE_RED_WINTER7_PHASE2_PRIVATE_CONTEXTUAL_ACCOUNT_20261008.md,REF:CYCLE008_ACCEPTED,REF:CYCLE008_SCOPE,unresolved,,REF:CYCLE008_LIMITS,UNASSESSED,REF:PRIVATE_PRIORITY,0,0,0
BA:momotalk:26007:thread:260070010,momotalk,MANDATORY_COMPLETE_REVIEW,02_CANONICAL_STORIES/MOMOTALK/AYANE/THREAD_260070010.md,c546d5b38046966149191a472eb8b35b6449c85b67cdd4bbdcaa5951fa6babd9,ADMITTED,series/blue-archive/02 Sequential Readings/BOND/AYANE/BLUE_ARCHIVE_AYANE_PRIVATE_CONTEXTUALIZATION_CHECKPOINT.md,REF:ORIGINAL_ADMISSION_RECORD_0020,REF:ORIGINAL_ADMITTED_CLAIM_SCOPE_0076,LOCAL_RELATIVE_ONLY,Holiday/yesterday/this-morning/crash/middle-school anchors only; no event/main edge.,REF:ORIGINAL_ATTRIBUTION_LIMITS_0077,HIGH,REF:ORIGINAL_PRIORITY_REASON_0078,,,
BA:momotalk:26007:thread:260070160,momotalk,MANDATORY_COMPLETE_REVIEW,02_CANONICAL_STORIES/MOMOTALK/AYANE/THREAD_260070160.md,38f9ca3746a0cef52d8a95965ce318ea99aaec6c2d38cd495b0b5c517e4bcc9f,ADMITTED,series/blue-archive/02 Sequential Readings/BOND/AYANE/BLUE_ARCHIVE_AYANE_PRIVATE_CONTEXTUALIZATION_CHECKPOINT.md,REF:ORIGINAL_ADMISSION_RECORD_0020,REF:ORIGINAL_ADMITTED_CLAIM_SCOPE_0076,LOCAL_RELATIVE_ONLY,Holiday/yesterday/this-morning/crash/middle-school anchors only; no event/main edge.,REF:ORIGINAL_ATTRIBUTION_LIMITS_0077,HIGH,REF:ORIGINAL_PRIORITY_REASON_0078,,,
BA:momotalk:26007:thread:260070260,momotalk,MANDATORY_COMPLETE_REVIEW,02_CANONICAL_STORIES/MOMOTALK/AYANE/THREAD_260070260.md,c633645bf0c424d7c9f0bb185a9b6298b268205fa1ddd1ef3ae110628c494e6d,ADMITTED,series/blue-archive/02 Sequential Readings/BOND/AYANE/BLUE_ARCHIVE_AYANE_PRIVATE_CONTEXTUALIZATION_CHECKPOINT.md,REF:ORIGINAL_ADMISSION_RECORD_0020,REF:ORIGINAL_ADMITTED_CLAIM_SCOPE_0076,LOCAL_RELATIVE_ONLY,Holiday/yesterday/this-morning/crash/middle-school anchors only; no event/main edge.,REF:ORIGINAL_ATTRIBUTION_LIMITS_0077,HIGH,REF:ORIGINAL_PRIORITY_REASON_0078,,,
BA:momotalk:26008:thread:260080010,momotalk,MANDATORY_COMPLETE_REVIEW,02_CANONICAL_STORIES/MOMOTALK/SHIZUKO/THREAD_260080010.md,30f23a8826f23a69be074c2422ea4e7393d2da50fd68c925bf67c7b32ceb7b3d,ADMITTED,series/blue-archive/02 Sequential Readings/BOND/BLUE_ARCHIVE_FESTIVAL_SHIZUKO_FINA_UMIKA_PHASE2_PRIVATE_CONTEXTUAL_ACCOUNT_20261008.md,REF:CYCLE008_ACCEPTED,REF:CYCLE008_SCOPE,unresolved,,REF:CYCLE008_LIMITS,UNASSESSED,REF:PRIVATE_PRIORITY,,,
BA:momotalk:26008:thread:260080130,momotalk,MANDATORY_COMPLETE_REVIEW,02_CANONICAL_STORIES/MOMOTALK/SHIZUKO/THREAD_260080130.md,a97ae15fe0d62fbf97676f6ac44458ad401bc1204d9a519a79d24d03edebab99,ADMITTED,series/blue-archive/02 Sequential Readings/BOND/BLUE_ARCHIVE_FESTIVAL_SHIZUKO_FINA_UMIKA_PHASE2_PRIVATE_CONTEXTUAL_ACCOUNT_20261008.md,REF:CYCLE008_ACCEPTED,REF:CYCLE008_SCOPE,unresolved,,REF:CYCLE008_LIMITS,UNASSESSED,REF:PRIVATE_PRIORITY,,,
BA:momotalk:26008:thread:260080230,momotalk,MANDATORY_COMPLETE_REVIEW,02_CANONICAL_STORIES/MOMOTALK/SHIZUKO/THREAD_260080230.md,ff2394b4a5a7cbf3097f7dddf28a266fa69c5be19dc357225b093c9aa5cee0e3,ADMITTED,series/blue-archive/02 Sequential Readings/BOND/BLUE_ARCHIVE_FESTIVAL_SHIZUKO_FINA_UMIKA_PHASE2_PRIVATE_CONTEXTUAL_ACCOUNT_20261008.md,REF:CYCLE008_ACCEPTED,REF:CYCLE008_SCOPE,unresolved,,REF:CYCLE008_LIMITS,UNASSESSED,REF:PRIVATE_PRIORITY,,,
BA:momotalk:26009:thread:260090010,momotalk,MANDATORY_COMPLETE_REVIEW,02_CANONICAL_STORIES/MOMOTALK/YUZU/THREAD_260090010.md,1807aa92ae688afe75cf3a6128fa6a9f1f83ee8fe777868e0a9868e4e8383a2b,ADMITTED,series/blue-archive/02 Sequential Readings/BOND/BLUE_ARCHIVE_YUZU_PHASE2_PRIVATE_CONTEXTUAL_ACCOUNT_20261008.md,REF:CYCLE008_ACCEPTED,REF:CYCLE008_SCOPE,unresolved,,REF:CYCLE008_LIMITS,UNASSESSED,REF:PRIVATE_PRIORITY,,,
BA:momotalk:26009:thread:260090110,momotalk,MANDATORY_COMPLETE_REVIEW,02_CANONICAL_STORIES/MOMOTALK/YUZU/THREAD_260090110.md,ea15eac64b7444c61562eefc51a9c7cafbb8c0ca31934126da8f93e1aa814b85,ADMITTED,series/blue-archive/02 Sequential Readings/BOND/BLUE_ARCHIVE_YUZU_PHASE2_PRIVATE_CONTEXTUAL_ACCOUNT_20261008.md,REF:CYCLE008_ACCEPTED,REF:CYCLE008_SCOPE,unresolved,,REF:CYCLE008_LIMITS,UNASSESSED,REF:PRIVATE_PRIORITY,,,
BA:momotalk:26009:thread:260090200,momotalk,MANDATORY_COMPLETE_REVIEW,02_CANONICAL_STORIES/MOMOTALK/YUZU/THREAD_260090200.md,9805f08282a1e00f0761a574405ddef83940187e5e89fd85830f5188698c13ef,ADMITTED,series/blue-archive/02 Sequential Readings/BOND/BLUE_ARCHIVE_YUZU_PHASE2_PRIVATE_CONTEXTUAL_ACCOUNT_20261008.md,REF:CYCLE008_ACCEPTED,REF:CYCLE008_SCOPE,unresolved,,REF:CYCLE008_LIMITS,UNASSESSED,REF:PRIVATE_PRIORITY,,,
BA:momotalk:26009:thread:260090280,momotalk,MANDATORY_COMPLETE_REVIEW,02_CANONICAL_STORIES/MOMOTALK/YUZU/THREAD_260090280.md,9ad5389d278f284a78e437ace307162de8ad00687a9ae7355253969e6c36a807,ADMITTED,series/blue-archive/02 Sequential Readings/BOND/BLUE_ARCHIVE_YUZU_PHASE2_PRIVATE_CONTEXTUAL_ACCOUNT_20261008.md,REF:CYCLE008_ACCEPTED,REF:CYCLE008_SCOPE,unresolved,,REF:CYCLE008_LIMITS,UNASSESSED,REF:PRIVATE_PRIORITY,,,
BA:momotalk:26010:thread:260100010,momotalk,MANDATORY_COMPLETE_REVIEW,02_CANONICAL_STORIES/MOMOTALK/CH0145/THREAD_260100010.md,054753e2234c97df74c8efb1a68cff100cc6442a3c44185cacc61a7b3f8ce4df,ADMITTED,series/blue-archive/02 Sequential Readings/BOND/MIYU/BLUE_ARCHIVE_MIYU_PHASE2_PRIVATE_CONTEXTUAL_ACCOUNT_20261008.md,REF:CYCLE008_ACCEPTED,REF:CYCLE008_SCOPE,unresolved,,REF:CYCLE008_LIMITS,UNASSESSED,REF:PRIVATE_PRIORITY,,,
BA:momotalk:26010:thread:260100160,momotalk,MANDATORY_COMPLETE_REVIEW,02_CANONICAL_STORIES/MOMOTALK/CH0145/THREAD_260100160.md,370ec9995081e94c65d27f9c91b893ac83401024ad591302b6bfda9dd7872759,ADMITTED,series/blue-archive/02 Sequential Readings/BOND/MIYU/BLUE_ARCHIVE_MIYU_PHASE2_PRIVATE_CONTEXTUAL_ACCOUNT_20261008.md,REF:CYCLE008_ACCEPTED,REF:CYCLE008_SCOPE,unresolved,,REF:CYCLE008_LIMITS,UNASSESSED,REF:PRIVATE_PRIORITY,,,
BA:momotalk:26010:thread:260100350,momotalk,MANDATORY_COMPLETE_REVIEW,02_CANONICAL_STORIES/MOMOTALK/CH0145/THREAD_260100350.md,f73869a200a6ba2a29ec87c7b18f850e2533a61563c8e44226f801fd5f5a937b,ADMITTED,series/blue-archive/02 Sequential Readings/BOND/MIYU/BLUE_ARCHIVE_MIYU_PHASE2_PRIVATE_CONTEXTUAL_ACCOUNT_20261008.md,REF:CYCLE008_ACCEPTED,REF:CYCLE008_SCOPE,unresolved,,REF:CYCLE008_LIMITS,UNASSESSED,REF:PRIVATE_PRIORITY,,,
BA:momotalk:26010:thread:260100450,momotalk,MANDATORY_COMPLETE_REVIEW,02_CANONICAL_STORIES/MOMOTALK/CH0145/THREAD_260100450.md,7c47163dad034e046079fa0ba13d6e2335d00b30a9d8d9cac3315e407b077996,ADMITTED,series/blue-archive/02 Sequential Readings/BOND/MIYU/BLUE_ARCHIVE_MIYU_PHASE2_PRIVATE_CONTEXTUAL_ACCOUNT_20261008.md,REF:CYCLE008_ACCEPTED,REF:CYCLE008_SCOPE,unresolved,,REF:CYCLE008_LIMITS,UNASSESSED,REF:PRIVATE_PRIORITY,,,
BA:momotalk:26011:thread:260110010,momotalk,MANDATORY_COMPLETE_REVIEW,02_CANONICAL_STORIES/MOMOTALK/CH9996/THREAD_260110010.md,373a3b971d6bedbb6b5143b0b81cb6c8aaaa8856c1e70c28c561d2b094017add,ADMITTED,series/blue-archive/02 Sequential Readings/BOND/BLUE_ARCHIVE_COLLABORATION4_PHASE2_PRIVATE_AND_MODE_CONTEXTUAL_ACCOUNT_20261009.md,REF:CYCLE008_ACCEPTED,REF:CYCLE008_SCOPE,unresolved,,REF:CYCLE008_LIMITS;REF:NEW80_ROOT_QUALIFIED;REF:NEW80_IDENTITY_MODES,UNASSESSED,REF:PRIVATE_PRIORITY,,,
BA:momotalk:26011:thread:260110100,momotalk,MANDATORY_COMPLETE_REVIEW,02_CANONICAL_STORIES/MOMOTALK/CH9996/THREAD_260110100.md,4db68eaec75e1d833fec773adf60f9391a7bd7476aa7cedb77aa966fed74c155,ADMITTED,series/blue-archive/02 Sequential Readings/BOND/BLUE_ARCHIVE_COLLABORATION4_PHASE2_PRIVATE_AND_MODE_CONTEXTUAL_ACCOUNT_20261009.md,REF:CYCLE008_ACCEPTED,REF:CYCLE008_SCOPE,unresolved,,REF:CYCLE008_LIMITS;REF:NEW80_ROOT_QUALIFIED;REF:NEW80_IDENTITY_MODES,UNASSESSED,REF:PRIVATE_PRIORITY,,,
BA:momotalk:26011:thread:260110190,momotalk,MANDATORY_COMPLETE_REVIEW,02_CANONICAL_STORIES/MOMOTALK/CH9996/THREAD_260110190.md,c02f7b7a8820625ca0b8e08e622fe21ae15a78405d6134bab2ce335f6ecfc6a0,ADMITTED,series/blue-archive/02 Sequential Readings/BOND/BLUE_ARCHIVE_COLLABORATION4_PHASE2_PRIVATE_AND_MODE_CONTEXTUAL_ACCOUNT_20261009.md,REF:CYCLE008_ACCEPTED,REF:CYCLE008_SCOPE,unresolved,,REF:CYCLE008_LIMITS;REF:NEW80_ROOT_QUALIFIED;REF:NEW80_IDENTITY_MODES,UNASSESSED,REF:PRIVATE_PRIORITY,,,
BA:momotalk:26011:thread:260110300,momotalk,MANDATORY_COMPLETE_REVIEW,02_CANONICAL_STORIES/MOMOTALK/CH9996/THREAD_260110300.md,ff5c6ea5e382c4a2936b748bb586a19595886cfab28b8e98dbb4e9c5d25d695e,ADMITTED,series/blue-archive/02 Sequential Readings/BOND/BLUE_ARCHIVE_COLLABORATION4_PHASE2_PRIVATE_AND_MODE_CONTEXTUAL_ACCOUNT_20261009.md,REF:CYCLE008_ACCEPTED,REF:CYCLE008_SCOPE,unresolved,,REF:CYCLE008_LIMITS;REF:NEW80_ROOT_QUALIFIED;REF:NEW80_IDENTITY_MODES,UNASSESSED,REF:PRIVATE_PRIORITY,,,
BA:momotalk:26012:thread:260120010,momotalk,MANDATORY_COMPLETE_REVIEW,02_CANONICAL_STORIES/MOMOTALK/KIRINO/THREAD_260120010.md,422aebfa0f58c48148ad591671a62df161d240964c1951afa49521f7b259308b,ADMITTED,series/blue-archive/02 Sequential Readings/BOND/KIRINO/BLUE_ARCHIVE_KIRINO_PHASE2_PRIVATE_CONTEXTUAL_ACCOUNT_20261008.md,REF:CYCLE008_ACCEPTED,REF:CYCLE008_SCOPE,unresolved,,REF:CYCLE008_LIMITS,UNASSESSED,REF:PRIVATE_PRIORITY,,,
BA:momotalk:26012:thread:260120080,momotalk,MANDATORY_COMPLETE_REVIEW,02_CANONICAL_STORIES/MOMOTALK/KIRINO/THREAD_260120080.md,c1c574a0fbd2de855dd744762a51543f46a1969894e4801870f66e31583fdad3,ADMITTED,series/blue-archive/02 Sequential Readings/BOND/KIRINO/BLUE_ARCHIVE_KIRINO_PHASE2_PRIVATE_CONTEXTUAL_ACCOUNT_20261008.md,REF:CYCLE008_ACCEPTED,REF:CYCLE008_SCOPE,unresolved,,REF:CYCLE008_LIMITS,UNASSESSED,REF:PRIVATE_PRIORITY,,,
BA:momotalk:26012:thread:260120200,momotalk,MANDATORY_COMPLETE_REVIEW,02_CANONICAL_STORIES/MOMOTALK/KIRINO/THREAD_260120200.md,5e475f90cac29c1bd9e8f5bc17ab6af6e2f8766917a1d33c39c4c3a2c5ff962c,ADMITTED,series/blue-archive/02 Sequential Readings/BOND/KIRINO/BLUE_ARCHIVE_KIRINO_PHASE2_PRIVATE_CONTEXTUAL_ACCOUNT_20261008.md,REF:CYCLE008_ACCEPTED,REF:CYCLE008_SCOPE,unresolved,,REF:CYCLE008_LIMITS,UNASSESSED,REF:PRIVATE_PRIORITY,,,
BA:momotalk:26013:thread:260130010,momotalk,MANDATORY_COMPLETE_REVIEW,02_CANONICAL_STORIES/MOMOTALK/ATSUKO/THREAD_260130010.md,cb531d4b649255bacf024a34a23c8c646ab0d9143cb753cd3884d784fa3ab8e7,ADMITTED,series/blue-archive/02 Sequential Readings/BOND/BLUE_ARCHIVE_SAORI_ATSUKO_PRIVATE_CONTEXTUALIZATION_CHECKPOINT.md,REF:CYCLE008_ACCEPTED,REF:CYCLE008_SCOPE,unresolved,,REF:CYCLE008_LIMITS,UNASSESSED,REF:PRIVATE_PRIORITY,,,
BA:momotalk:26013:thread:260130080,momotalk,MANDATORY_COMPLETE_REVIEW,02_CANONICAL_STORIES/MOMOTALK/ATSUKO/THREAD_260130080.md,309c162b991654f54523dd9c0a0a6448cb0a09e0ed0f9c0ac1cdaaf920d2b9cc,ADMITTED,series/blue-archive/02 Sequential Readings/BOND/BLUE_ARCHIVE_SAORI_ATSUKO_PRIVATE_CONTEXTUALIZATION_CHECKPOINT.md,REF:CYCLE008_ACCEPTED,REF:CYCLE008_SCOPE,unresolved,,REF:CYCLE008_LIMITS,UNASSESSED,REF:PRIVATE_PRIORITY,,,
BA:momotalk:26013:thread:260130130,momotalk,MANDATORY_COMPLETE_REVIEW,02_CANONICAL_STORIES/MOMOTALK/ATSUKO/THREAD_260130130.md,9e2ad58d554e0803ac7f89c17a6e6cb3ed18b293da61691528dec78a21f5d0eb,ADMITTED,series/blue-archive/02 Sequential Readings/BOND/BLUE_ARCHIVE_SAORI_ATSUKO_PRIVATE_CONTEXTUALIZATION_CHECKPOINT.md,REF:CYCLE008_ACCEPTED,REF:CYCLE008_SCOPE,unresolved,,REF:CYCLE008_LIMITS,UNASSESSED,REF:PRIVATE_PRIORITY,,,
BA:momotalk:26014:thread:260140010,momotalk,MANDATORY_COMPLETE_REVIEW,02_CANONICAL_STORIES/MOMOTALK/KARIN/THREAD_260140010.md,46fe8551e0432f54f71c7d20c5b6e6660f7b6292599d752522a10bb5acfb75a2,ADMITTED,series/blue-archive/02 Sequential Readings/BOND/BLUE_ARCHIVE_KARIN_PHASE2_PRIVATE_CONTEXTUAL_ACCOUNT_20261008.md,REF:CYCLE008_ACCEPTED,REF:CYCLE008_SCOPE,unresolved,,REF:CYCLE008_LIMITS,UNASSESSED,REF:PRIVATE_PRIORITY,,,
BA:momotalk:26014:thread:260140070,momotalk,MANDATORY_COMPLETE_REVIEW,02_CANONICAL_STORIES/MOMOTALK/KARIN/THREAD_260140070.md,912a4862ce12bf805d6235bfdf62e93e38959a330c947b9a0bd94765572197a3,ADMITTED,series/blue-archive/02 Sequential Readings/BOND/BLUE_ARCHIVE_KARIN_PHASE2_PRIVATE_CONTEXTUAL_ACCOUNT_20261008.md,REF:CYCLE008_ACCEPTED,REF:CYCLE008_SCOPE,unresolved,,REF:CYCLE008_LIMITS,UNASSESSED,REF:PRIVATE_PRIORITY,,,
BA:momotalk:26014:thread:260140190,momotalk,MANDATORY_COMPLETE_REVIEW,02_CANONICAL_STORIES/MOMOTALK/KARIN/THREAD_260140190.md,1e1a4a176b9ac67881a77eb3b0ec9cec9ffdd6672874836ff0601647c9c933fe,ADMITTED,series/blue-archive/02 Sequential Readings/BOND/BLUE_ARCHIVE_KARIN_PHASE2_PRIVATE_CONTEXTUAL_ACCOUNT_20261008.md,REF:CYCLE008_ACCEPTED,REF:CYCLE008_SCOPE,unresolved,,REF:CYCLE008_LIMITS,UNASSESSED,REF:PRIVATE_PRIORITY,,,
BA:momotalk:26015:thread:260150010,momotalk,MANDATORY_COMPLETE_REVIEW,02_CANONICAL_STORIES/MOMOTALK/CH0071/THREAD_260150010.md,08586a183e7626dd314e24d0741978e6b44c3535cf89b6fece3408269de0749f,ADMITTED,series/blue-archive/02 Sequential Readings/BOND/BLUE_ARCHIVE_SUZUMI_REISA_ICHIKA_PRIVATE_CONTEXTUALIZATION_CHECKPOINT.md,REF:CYCLE008_ACCEPTED,REF:CYCLE008_SCOPE,unresolved,,REF:CYCLE008_LIMITS,UNASSESSED,REF:PRIVATE_PRIORITY,,,
BA:momotalk:26015:thread:260150110,momotalk,MANDATORY_COMPLETE_REVIEW,02_CANONICAL_STORIES/MOMOTALK/CH0071/THREAD_260150110.md,c6f4008e9daba2464f1b74c01893096b34d0e396bd38eac37738942f63a013b5,ADMITTED,series/blue-archive/02 Sequential Readings/BOND/BLUE_ARCHIVE_SUZUMI_REISA_ICHIKA_PRIVATE_CONTEXTUALIZATION_CHECKPOINT.md,REF:CYCLE008_ACCEPTED,REF:CYCLE008_SCOPE,unresolved,,REF:CYCLE008_LIMITS,UNASSESSED,REF:PRIVATE_PRIORITY,,,
BA:momotalk:26015:thread:260150260,momotalk,MANDATORY_COMPLETE_REVIEW,02_CANONICAL_STORIES/MOMOTALK/CH0071/THREAD_260150260.md,4eb8fc38bedaf162346c57f52645fef4f176460826ca50ae614f639f8c22488b,ADMITTED,series/blue-archive/02 Sequential Readings/BOND/BLUE_ARCHIVE_SUZUMI_REISA_ICHIKA_PRIVATE_CONTEXTUALIZATION_CHECKPOINT.md,REF:CYCLE008_ACCEPTED,REF:CYCLE008_SCOPE,unresolved,,REF:CYCLE008_LIMITS,UNASSESSED,REF:PRIVATE_PRIORITY,,,
BA:momotalk:26015:thread:260150340,momotalk,MANDATORY_COMPLETE_REVIEW,02_CANONICAL_STORIES/MOMOTALK/CH0071/THREAD_260150340.md,0ad82f891f989ffd55ae7389666b5738a567d96b6390d96693fa63d9ed89cdaa,ADMITTED,series/blue-archive/02 Sequential Readings/BOND/BLUE_ARCHIVE_SUZUMI_REISA_ICHIKA_PRIVATE_CONTEXTUALIZATION_CHECKPOINT.md,REF:CYCLE008_ACCEPTED,REF:CYCLE008_SCOPE,unresolved,,REF:CYCLE008_LIMITS,UNASSESSED,REF:PRIVATE_PRIORITY,,,
BA:momotalk:26016:thread:260160010,momotalk,MANDATORY_COMPLETE_REVIEW,02_CANONICAL_STORIES/MOMOTALK/CH0238/THREAD_260160010.md,bdc8d5d0d4d1df0564a7acac236c9146355d8f5c6e8e94f55d98cf4a59b515b2,ADMITTED,series/blue-archive/02 Sequential Readings/BOND/BLUE_ARCHIVE_GEHENNA20_PHASE2_PRIVATE_CONTEXTUAL_ACCOUNT_20261008.md,REF:CYCLE008_ACCEPTED,REF:CYCLE008_SCOPE,unresolved,,REF:CYCLE008_LIMITS,UNASSESSED,REF:PRIVATE_PRIORITY,,,
BA:momotalk:26016:thread:260160150,momotalk,MANDATORY_COMPLETE_REVIEW,02_CANONICAL_STORIES/MOMOTALK/CH0238/THREAD_260160150.md,6dd11a210ef2f5a4fb60b1ef3e9e8598382c80d590a05cfa6a22f27cf2dd1884,ADMITTED,series/blue-archive/02 Sequential Readings/BOND/BLUE_ARCHIVE_GEHENNA20_PHASE2_PRIVATE_CONTEXTUAL_ACCOUNT_20261008.md,REF:CYCLE008_ACCEPTED,REF:CYCLE008_SCOPE,unresolved,,REF:CYCLE008_LIMITS,UNASSESSED,REF:PRIVATE_PRIORITY,,,
BA:momotalk:26016:thread:260160280,momotalk,MANDATORY_COMPLETE_REVIEW,02_CANONICAL_STORIES/MOMOTALK/CH0238/THREAD_260160280.md,4d3e3d216243a41b248925c5915eeb92bd4c014785cabf1925dc4e48ef3b90a1,ADMITTED,series/blue-archive/02 Sequential Readings/BOND/BLUE_ARCHIVE_GEHENNA20_PHASE2_PRIVATE_CONTEXTUAL_ACCOUNT_20261008.md,REF:CYCLE008_ACCEPTED,REF:CYCLE008_SCOPE,unresolved,,REF:CYCLE008_LIMITS,UNASSESSED,REF:PRIVATE_PRIORITY,,,
BA:momotalk:26016:thread:260160500,momotalk,MANDATORY_COMPLETE_REVIEW,02_CANONICAL_STORIES/MOMOTALK/CH0238/THREAD_260160500.md,1d96d8c7d86f575a2a3ca17fae2cbc24e596c8f8a9fefb5199ce33453a5e6f9e,ADMITTED,series/blue-archive/02 Sequential Readings/BOND/BLUE_ARCHIVE_GEHENNA20_PHASE2_PRIVATE_CONTEXTUAL_ACCOUNT_20261008.md,REF:CYCLE008_ACCEPTED,REF:CYCLE008_SCOPE,unresolved,,REF:CYCLE008_LIMITS,UNASSESSED,REF:PRIVATE_PRIORITY,,,
