story_id,source_type,phase2_requirement,canonical_path,canonical_sha256,review_state,analysis_path,admission_record,admitted_claim_scope,chronology_status,chronology_anchor,attribution_limits,analytical_priority,priority_reason,scene_count,utterance_count,choice_group_count
BA:event:80000:117,event,MANDATORY_COMPLETE_REVIEW,02_CANONICAL_STORIES/EVENT/EVENT_80000/EPISODE_117_80000117.md,c6fdc1f7b0b568d7270d1db5ed7a5faeaa2c15f4c9506db7fdceddc4fcd16313,ADMITTED,series/blue-archive/02 Sequential Readings/EVENTS/EVENT_80000/BLUE_ARCHIVE_EVENT_80000_PHASE2_CONTEXTUAL_COMPARISON_20261008.md,REF:ORIGINAL_ADMISSION_RECORD_0103,REF:ORIGINAL_ADMITTED_CLAIM_SCOPE_0104,relative,Local reported before/now only; release window documentary; independent encounters have no established mutual order.,REF:ORIGINAL_ATTRIBUTION_LIMITS_0105,HIGH,REF:EVENT:BA:event:80000:117,1,66,10
BA:event:80000:118,event,MANDATORY_COMPLETE_REVIEW,02_CANONICAL_STORIES/EVENT/EVENT_80000/EPISODE_118_80000118.md,ed5e50616f5c05715e30077eefffbdc620c8033165d30c57287d5612e8502846,ADMITTED,series/blue-archive/02 Sequential Readings/EVENTS/EVENT_80000/BLUE_ARCHIVE_EVENT_80000_PHASE2_CONTEXTUAL_COMPARISON_20261008.md,REF:ORIGINAL_ADMISSION_RECORD_0103,REF:ORIGINAL_ADMITTED_CLAIM_SCOPE_0104,relative,Local reported before/now only; release window documentary; independent encounters have no established mutual order.,REF:ORIGINAL_ATTRIBUTION_LIMITS_0105,HIGH,REF:EVENT:BA:event:80000:118,1,25,5
BA:event:80000:119,event,MANDATORY_COMPLETE_REVIEW,02_CANONICAL_STORIES/EVENT/EVENT_80000/EPISODE_119_80000119.md,e4a0bc847cf4cbde7cd47e381f782dc69e91aca438251519801d4f5ea5a8105b,ADMITTED,series/blue-archive/02 Sequential Readings/EVENTS/EVENT_80000/BLUE_ARCHIVE_EVENT_80000_PHASE2_CONTEXTUAL_COMPARISON_20261008.md,REF:ORIGINAL_ADMISSION_RECORD_0103,REF:ORIGINAL_ADMITTED_CLAIM_SCOPE_0104,relative,Local reported before/now only; release window documentary; independent encounters have no established mutual order.,REF:ORIGINAL_ATTRIBUTION_LIMITS_0105,CORE,REF:EVENT:BA:event:80000:119,1,42,3
BA:event:80000:120,event,MANDATORY_COMPLETE_REVIEW,02_CANONICAL_STORIES/EVENT/EVENT_80000/EPISODE_120_80000120.md,66c89828ceb7c03717d067dff64c863bcd15434a6a1ac6254053fc03178e338b,ADMITTED,series/blue-archive/02 Sequential Readings/EVENTS/EVENT_80000/BLUE_ARCHIVE_EVENT_80000_PHASE2_CONTEXTUAL_COMPARISON_20261008.md,REF:ORIGINAL_ADMISSION_RECORD_0103,REF:ORIGINAL_ADMITTED_CLAIM_SCOPE_0104,relative,Local reported before/now only; release window documentary; independent encounters have no established mutual order.,REF:ORIGINAL_ATTRIBUTION_LIMITS_0105,HIGH,REF:EVENT:BA:event:80000:120,1,56,8
BA:event:80000:121,event,MANDATORY_COMPLETE_REVIEW,02_CANONICAL_STORIES/EVENT/EVENT_80000/EPISODE_121_80000121.md,5fccb976359c790c4da5df216182472cb36d9b4e8c980a83a4069a6c669f62d1,ADMITTED,series/blue-archive/02 Sequential Readings/EVENTS/EVENT_80000/BLUE_ARCHIVE_EVENT_80000_PHASE2_CONTEXTUAL_COMPARISON_20261008.md,REF:ORIGINAL_ADMISSION_RECORD_0103,REF:ORIGINAL_ADMITTED_CLAIM_SCOPE_0104,relative,Local reported before/now only; release window documentary; independent encounters have no established mutual order.,REF:ORIGINAL_ATTRIBUTION_LIMITS_0105,HIGH,REF:EVENT:BA:event:80000:121,1,58,6
BA:event:80000:122,event,MANDATORY_COMPLETE_REVIEW,02_CANONICAL_STORIES/EVENT/EVENT_80000/EPISODE_122_80000122.md,265de6aa0636affd70f2a8865027f01fcd18ae6fc9e32e8b95fd7aa833dc9054,ADMITTED,series/blue-archive/02 Sequential Readings/EVENTS/EVENT_80000/BLUE_ARCHIVE_EVENT_80000_PHASE2_CONTEXTUAL_COMPARISON_20261008.md,REF:ORIGINAL_ADMISSION_RECORD_0103,REF:ORIGINAL_ADMITTED_CLAIM_SCOPE_0104,relative,Local reported before/now only; release window documentary; independent encounters have no established mutual order.,REF:ORIGINAL_ATTRIBUTION_LIMITS_0105,HIGH,REF:EVENT:BA:event:80000:122,1,39,8
BA:event:80000:123,event,MANDATORY_COMPLETE_REVIEW,02_CANONICAL_STORIES/EVENT/EVENT_80000/EPISODE_123_80000123.md,816840dd8ec75540045d7b18ff61f656f6be80650e0d8558d120d27ebb6386e9,ADMITTED,series/blue-archive/02 Sequential Readings/EVENTS/EVENT_80000/BLUE_ARCHIVE_EVENT_80000_PHASE2_CONTEXTUAL_COMPARISON_20261008.md,REF:ORIGINAL_ADMISSION_RECORD_0103,REF:ORIGINAL_ADMITTED_CLAIM_SCOPE_0104,relative,Local reported before/now only; release window documentary; independent encounters have no established mutual order.,REF:ORIGINAL_ATTRIBUTION_LIMITS_0105,HIGH,REF:EVENT:BA:event:80000:123,1,26,8
BA:event:80000:124,event,MANDATORY_COMPLETE_REVIEW,02_CANONICAL_STORIES/EVENT/EVENT_80000/EPISODE_124_80000124.md,4ff31e1bc494f922f0a55e7095a802f31907b3796f270af2447f21b1162c566d,ADMITTED,series/blue-archive/02 Sequential Readings/EVENTS/EVENT_80000/BLUE_ARCHIVE_EVENT_80000_PHASE2_CONTEXTUAL_COMPARISON_20261008.md,REF:ORIGINAL_ADMISSION_RECORD_0103,REF:ORIGINAL_ADMITTED_CLAIM_SCOPE_0104,relative,Local reported before/now only; release window documentary; independent encounters have no established mutual order.,REF:ORIGINAL_ATTRIBUTION_LIMITS_0105,HIGH,REF:EVENT:BA:event:80000:124,1,38,0
BA:event:80000:125,event,MANDATORY_COMPLETE_REVIEW,02_CANONICAL_STORIES/EVENT/EVENT_80000/EPISODE_125_80000125.md,2d6c8245380ba0a08625d6a0f8c558f3ba0efe00129ede2240193ed997662a2f,ADMITTED,series/blue-archive/02 Sequential Readings/EVENTS/EVENT_80000/BLUE_ARCHIVE_EVENT_80000_PHASE2_CONTEXTUAL_COMPARISON_20261008.md,REF:ORIGINAL_ADMISSION_RECORD_0103,REF:ORIGINAL_ADMITTED_CLAIM_SCOPE_0104,relative,Local reported before/now only; release window documentary; independent encounters have no established mutual order.,REF:ORIGINAL_ATTRIBUTION_LIMITS_0105,CORE,REF:EVENT:BA:event:80000:125,1,79,10
BA:event:80001:126,event,MANDATORY_COMPLETE_REVIEW,02_CANONICAL_STORIES/EVENT/EVENT_80001/EPISODE_126_80000126.md,dd93b0199fc78fe3d5ec10c9378eeb7f6896b07dca9a64c8bf1e48fa939c5548,ADMITTED,series/blue-archive/02 Sequential Readings/EVENTS/EVENT_80001/BLUE_ARCHIVE_EVENT_80001_PHASE2_CONTEXTUAL_COMPARISON_20261008.md,REF:ORIGINAL_ADMISSION_RECORD_0001,REF:ORIGINAL_ADMITTED_CLAIM_SCOPE_0115,LOCAL_RELATIVE_ONLY,"Local sequence/report only; independent encounters, no shared day or main placement.",REF:ORIGINAL_ATTRIBUTION_LIMITS_0116,HIGH,REF:EVENT:BA:event:80001:126,1,42,4
BA:event:80001:127,event,MANDATORY_COMPLETE_REVIEW,02_CANONICAL_STORIES/EVENT/EVENT_80001/EPISODE_127_80000127.md,50a1c6ce01b4927695025183d3950885f3bf83cf7cea419c5c1e8916aa10602b,ADMITTED,series/blue-archive/02 Sequential Readings/EVENTS/EVENT_80001/BLUE_ARCHIVE_EVENT_80001_PHASE2_CONTEXTUAL_COMPARISON_20261008.md,REF:ORIGINAL_ADMISSION_RECORD_0001,REF:ORIGINAL_ADMITTED_CLAIM_SCOPE_0118,LOCAL_RELATIVE_ONLY,"Local sequence/report only; independent encounters, no shared day or main placement.",REF:ORIGINAL_ATTRIBUTION_LIMITS_0116,HIGH,REF:EVENT:BA:event:80001:127,1,17,2
BA:event:80001:128,event,MANDATORY_COMPLETE_REVIEW,02_CANONICAL_STORIES/EVENT/EVENT_80001/EPISODE_128_80000128.md,bd3a960386e8fa76eb7db77c3790e666c06715f67bef98261589494d97f74041,ADMITTED,series/blue-archive/02 Sequential Readings/EVENTS/EVENT_80001/BLUE_ARCHIVE_EVENT_80001_PHASE2_CONTEXTUAL_COMPARISON_20261008.md,REF:ORIGINAL_ADMISSION_RECORD_0001,REF:ORIGINAL_ADMITTED_CLAIM_SCOPE_0119,LOCAL_RELATIVE_ONLY,"Local sequence/report only; independent encounters, no shared day or main placement.",REF:ORIGINAL_ATTRIBUTION_LIMITS_0116,HIGH,REF:EVENT:BA:event:80001:128,1,26,2
BA:event:80001:129,event,MANDATORY_COMPLETE_REVIEW,02_CANONICAL_STORIES/EVENT/EVENT_80001/EPISODE_129_80000129.md,6d6df0aa7fc62abc8ed45a980c0f026df75c2852ba350957810bab7212ed211e,ADMITTED,series/blue-archive/02 Sequential Readings/EVENTS/EVENT_80001/BLUE_ARCHIVE_EVENT_80001_PHASE2_CONTEXTUAL_COMPARISON_20261008.md,REF:ORIGINAL_ADMISSION_RECORD_0001,REF:ORIGINAL_ADMITTED_CLAIM_SCOPE_0120,LOCAL_RELATIVE_ONLY,"Local sequence/report only; independent encounters, no shared day or main placement.",REF:ORIGINAL_ATTRIBUTION_LIMITS_0116,CORE,REF:EVENT:BA:event:80001:129,1,48,5
BA:event:80001:130,event,MANDATORY_COMPLETE_REVIEW,02_CANONICAL_STORIES/EVENT/EVENT_80001/EPISODE_130_80000130.md,d9028fb6f343dbb344963a0af325a0f093f4ed34056153919316aa10a12da2ee,ADMITTED,series/blue-archive/02 Sequential Readings/EVENTS/EVENT_80001/BLUE_ARCHIVE_EVENT_80001_PHASE2_CONTEXTUAL_COMPARISON_20261008.md,REF:ORIGINAL_ADMISSION_RECORD_0001,REF:ORIGINAL_ADMITTED_CLAIM_SCOPE_0121,LOCAL_RELATIVE_ONLY,"Local sequence/report only; independent encounters, no shared day or main placement.",REF:ORIGINAL_ATTRIBUTION_LIMITS_0116,CORE,REF:EVENT:BA:event:80001:130,1,39,8
BA:event:80001:131,event,MANDATORY_COMPLETE_REVIEW,02_CANONICAL_STORIES/EVENT/EVENT_80001/EPISODE_131_80000131.md,03844104ba1db5edc60ec820c309da32e93d40d6e68a164b613eb03b67400f2d,ADMITTED,series/blue-archive/02 Sequential Readings/EVENTS/EVENT_80001/BLUE_ARCHIVE_EVENT_80001_PHASE2_CONTEXTUAL_COMPARISON_20261008.md,REF:ORIGINAL_ADMISSION_RECORD_0001,REF:ORIGINAL_ADMITTED_CLAIM_SCOPE_0122,LOCAL_RELATIVE_ONLY,"Local sequence/report only; independent encounters, no shared day or main placement.",REF:ORIGINAL_ATTRIBUTION_LIMITS_0116,CORE,REF:EVENT:BA:event:80001:131,1,62,4
BA:event:80001:132,event,MANDATORY_COMPLETE_REVIEW,02_CANONICAL_STORIES/EVENT/EVENT_80001/EPISODE_132_80000132.md,2b40f429145ec9a7802317d58a07d8703740b5ffda930c0651ee83bfa1721174,ADMITTED,series/blue-archive/02 Sequential Readings/EVENTS/EVENT_80001/BLUE_ARCHIVE_EVENT_80001_PHASE2_CONTEXTUAL_COMPARISON_20261008.md,REF:ORIGINAL_ADMISSION_RECORD_0001,REF:ORIGINAL_ADMITTED_CLAIM_SCOPE_0123,LOCAL_RELATIVE_ONLY,"Local sequence/report only; independent encounters, no shared day or main placement.",REF:ORIGINAL_ATTRIBUTION_LIMITS_0116,CORE,REF:EVENT:BA:event:80001:132,2,68,11
BA:event:80001:133,event,MANDATORY_COMPLETE_REVIEW,02_CANONICAL_STORIES/EVENT/EVENT_80001/EPISODE_133_80000133.md,bfdd6ab2c2bad102ee78540dc00ed614f7575758ae98c04b5b80ca702e69c070,ADMITTED,series/blue-archive/02 Sequential Readings/EVENTS/EVENT_80001/BLUE_ARCHIVE_EVENT_80001_PHASE2_CONTEXTUAL_COMPARISON_20261008.md,REF:ORIGINAL_ADMISSION_RECORD_0001,REF:ORIGINAL_ADMITTED_CLAIM_SCOPE_0124,LOCAL_RELATIVE_ONLY,"Local sequence/report only; independent encounters, no shared day or main placement.",REF:ORIGINAL_ATTRIBUTION_LIMITS_0116,CORE,REF:EVENT:BA:event:80001:133,1,58,8
BA:event:80001:134,event,MANDATORY_COMPLETE_REVIEW,02_CANONICAL_STORIES/EVENT/EVENT_80001/EPISODE_134_80000134.md,953c9b2e3a57bd8c3318a62b5c5854a48885cfd77365db9ad5c7fcd5b00d8db2,ADMITTED,series/blue-archive/02 Sequential Readings/EVENTS/EVENT_80001/BLUE_ARCHIVE_EVENT_80001_PHASE2_CONTEXTUAL_COMPARISON_20261008.md,REF:ORIGINAL_ADMISSION_RECORD_0001,REF:ORIGINAL_ADMITTED_CLAIM_SCOPE_0125,LOCAL_RELATIVE_ONLY,"Local sequence/report only; independent encounters, no shared day or main placement.",REF:ORIGINAL_ATTRIBUTION_LIMITS_0116,HIGH,REF:EVENT:BA:event:80001:134,2,43,11
BA:event:80001:135,event,MANDATORY_COMPLETE_REVIEW,02_CANONICAL_STORIES/EVENT/EVENT_80001/EPISODE_135_80000135.md,3a219d783ccf548617b219d762124f7ac8dbe43f327c1cb7cca04d60941ee44a,ADMITTED,series/blue-archive/02 Sequential Readings/EVENTS/EVENT_80001/BLUE_ARCHIVE_EVENT_80001_PHASE2_CONTEXTUAL_COMPARISON_20261008.md,REF:ORIGINAL_ADMISSION_RECORD_0001,REF:ORIGINAL_ADMITTED_CLAIM_SCOPE_0126,LOCAL_RELATIVE_ONLY,"Local sequence/report only; independent encounters, no shared day or main placement.",REF:ORIGINAL_ATTRIBUTION_LIMITS_0116,HIGH,REF:EVENT:BA:event:80001:135,1,52,11
BA:event:80001:136,event,MANDATORY_COMPLETE_REVIEW,02_CANONICAL_STORIES/EVENT/EVENT_80001/EPISODE_136_80000136.md,0911bb7ac88f3473567a74e92866dd91f1a450bc988c32cde281eea0f1c76ed0,ADMITTED,series/blue-archive/02 Sequential Readings/EVENTS/EVENT_80001/BLUE_ARCHIVE_EVENT_80001_PHASE2_CONTEXTUAL_COMPARISON_20261008.md,REF:ORIGINAL_ADMISSION_RECORD_0001,REF:ORIGINAL_ADMITTED_CLAIM_SCOPE_0127,LOCAL_RELATIVE_ONLY,"Local sequence/report only; independent encounters, no shared day or main placement.",REF:ORIGINAL_ATTRIBUTION_LIMITS_0116,HIGH,REF:EVENT:BA:event:80001:136,1,35,5
BA:event:80001:137,event,MANDATORY_COMPLETE_REVIEW,02_CANONICAL_STORIES/EVENT/EVENT_80001/EPISODE_137_80000137.md,219819f96c2c25b57a8ba4a1352d9f31c68b3ae8cb62166057171b081d2c4eda,ADMITTED,series/blue-archive/02 Sequential Readings/EVENTS/EVENT_80001/BLUE_ARCHIVE_EVENT_80001_PHASE2_CONTEXTUAL_COMPARISON_20261008.md,REF:ORIGINAL_ADMISSION_RECORD_0001,REF:ORIGINAL_ADMITTED_CLAIM_SCOPE_0128,LOCAL_RELATIVE_ONLY,"Local sequence/report only; independent encounters, no shared day or main placement.",REF:ORIGINAL_ATTRIBUTION_LIMITS_0116,CORE,REF:EVENT:BA:event:80001:137,2,43,6
BA:event:80001:138,event,MANDATORY_COMPLETE_REVIEW,02_CANONICAL_STORIES/EVENT/EVENT_80001/EPISODE_138_80000138.md,caec81ba93ff2e41c050c8a8201f6724b98886c7a9bc4d055a0b4c76c3cbe90d,ADMITTED,series/blue-archive/02 Sequential Readings/EVENTS/EVENT_80001/BLUE_ARCHIVE_EVENT_80001_PHASE2_CONTEXTUAL_COMPARISON_20261008.md,REF:ORIGINAL_ADMISSION_RECORD_0001,REF:ORIGINAL_ADMITTED_CLAIM_SCOPE_0129,LOCAL_RELATIVE_ONLY,"Local sequence/report only; independent encounters, no shared day or main placement.",REF:ORIGINAL_ATTRIBUTION_LIMITS_0116,CORE,REF:EVENT:BA:event:80001:138,1,61,7
BA:event:80001:139,event,MANDATORY_COMPLETE_REVIEW,02_CANONICAL_STORIES/EVENT/EVENT_80001/EPISODE_139_80000139.md,9b4b6761277fe7455fd86f3eb6ca4b192acb9b654dddaacac72b08e9fdf81f52,ADMITTED,series/blue-archive/02 Sequential Readings/EVENTS/EVENT_80001/BLUE_ARCHIVE_EVENT_80001_PHASE2_CONTEXTUAL_COMPARISON_20261008.md,REF:ORIGINAL_ADMISSION_RECORD_0001,REF:ORIGINAL_ADMITTED_CLAIM_SCOPE_0130,LOCAL_RELATIVE_ONLY,"Local sequence/report only; independent encounters, no shared day or main placement.",REF:ORIGINAL_ATTRIBUTION_LIMITS_0116,CORE,REF:EVENT:BA:event:80001:139,1,59,9
BA:event:80001:140,event,MANDATORY_COMPLETE_REVIEW,02_CANONICAL_STORIES/EVENT/EVENT_80001/EPISODE_140_80000140.md,f0eddefa7886da627d32fb7ea37f2d31a76e696efb0964deaa713d5175900f9c,ADMITTED,series/blue-archive/02 Sequential Readings/EVENTS/EVENT_80001/BLUE_ARCHIVE_EVENT_80001_PHASE2_CONTEXTUAL_COMPARISON_20261008.md,REF:ORIGINAL_ADMISSION_RECORD_0001,REF:ORIGINAL_ADMITTED_CLAIM_SCOPE_0131,LOCAL_RELATIVE_ONLY,"Local sequence/report only; independent encounters, no shared day or main placement.",REF:ORIGINAL_ATTRIBUTION_LIMITS_0116,HIGH,REF:EVENT:BA:event:80001:140,1,62,13
BA:event:80001:141,event,MANDATORY_COMPLETE_REVIEW,02_CANONICAL_STORIES/EVENT/EVENT_80001/EPISODE_141_80000141.md,8138b93c32881abb5e5c1e6f1d8a59c27aff78867757cf73c83d50e7185e3251,ADMITTED,series/blue-archive/02 Sequential Readings/EVENTS/EVENT_80001/BLUE_ARCHIVE_EVENT_80001_PHASE2_CONTEXTUAL_COMPARISON_20261008.md,REF:ORIGINAL_ADMISSION_RECORD_0001,REF:ORIGINAL_ADMITTED_CLAIM_SCOPE_0132,LOCAL_RELATIVE_ONLY,"Local sequence/report only; independent encounters, no shared day or main placement.",REF:ORIGINAL_ATTRIBUTION_LIMITS_0116,CORE,REF:EVENT:BA:event:80001:141,1,65,7
BA:event:801:001,event,MANDATORY_COMPLETE_REVIEW,02_CANONICAL_STORIES/EVENT/EVENT_801/EPISODE_001_10000005.md,ffe3eda2fcccd7cd2f43ff92cd9f9be5766a1779ea680b04e31bd0d13421b5f1,ADMITTED,series/blue-archive/02 Sequential Readings/EVENTS/EVENT_801/BLUE_ARCHIVE_EVENT_801_PHASE2_CONTEXTUAL_COMPARISON_20261008.md,REF:ORIGINAL_ADMISSION_RECORD_0007,REF:ORIGINAL_ADMITTED_CLAIM_SCOPE_0133,relative,Opening spring-festival invitation and local first meeting within801's sequence; release window gives no world date or main edge.,REF:ORIGINAL_ATTRIBUTION_LIMITS_0134,CORE,REF:EVENT:BA:event:801:001,3,104,15
BA:event:801:002,event,MANDATORY_COMPLETE_REVIEW,02_CANONICAL_STORIES/EVENT/EVENT_801/EPISODE_002_10000010.md,b75e82c9630adb97a557be3a91d4030060301b3c4fa50c5a1bb98bdaf3f6d5d3,ADMITTED,series/blue-archive/02 Sequential Readings/EVENTS/EVENT_801/BLUE_ARCHIVE_EVENT_801_PHASE2_CONTEXTUAL_COMPARISON_20261008.md,REF:ORIGINAL_ADMISSION_RECORD_0007,REF:ORIGINAL_ADMITTED_CLAIM_SCOPE_0136,relative,Cafe encounter follows the local invitation; release/numeric order do not place it against main.,REF:ORIGINAL_ATTRIBUTION_LIMITS_0137,CORE,REF:EVENT:BA:event:801:002,1,62,7
BA:event:801:003,event,MANDATORY_COMPLETE_REVIEW,02_CANONICAL_STORIES/EVENT/EVENT_801/EPISODE_003_10000025.md,2e1b2a33b8c3ba0c13b1f39d08e60c07ed7e2131f24a4b8492a1f13b34cffb10,ADMITTED,series/blue-archive/02 Sequential Readings/EVENTS/EVENT_801/BLUE_ARCHIVE_EVENT_801_PHASE2_CONTEXTUAL_COMPARISON_20261008.md,REF:ORIGINAL_ADMISSION_RECORD_0007,REF:ORIGINAL_ADMITTED_CLAIM_SCOPE_0139,relative,First defeat and reader-only employer scene within801; earlier student/adult knowledge is not retroactively enlarged.,REF:ORIGINAL_ATTRIBUTION_LIMITS_0140,CORE,REF:EVENT:BA:event:801:003,2,94,9
BA:event:801:004,event,MANDATORY_COMPLETE_REVIEW,02_CANONICAL_STORIES/EVENT/EVENT_801/EPISODE_004_10000030.md,f59b606cc9160ef4101231595c092b2ee7a1f8a42207d35ad4d173348ef3ebb0,ADMITTED,series/blue-archive/02 Sequential Readings/EVENTS/EVENT_801/BLUE_ARCHIVE_EVENT_801_PHASE2_CONTEXTUAL_COMPARISON_20261008.md,REF:ORIGINAL_ADMISSION_RECORD_0007,REF:ORIGINAL_ADMITTED_CLAIM_SCOPE_0142,relative,Inquiry and mediated referral are local801 developments; no absent institution head or main placement is supplied.,REF:ORIGINAL_ATTRIBUTION_LIMITS_0143,CORE,REF:EVENT:BA:event:801:004,1,98,9
BA:event:801:005,event,MANDATORY_COMPLETE_REVIEW,02_CANONICAL_STORIES/EVENT/EVENT_801/EPISODE_005_10000040.md,7264af549fd74ed50f61b614d6b1930348595042275e8ad24f706c5e8b36fa6c,ADMITTED,series/blue-archive/02 Sequential Readings/EVENTS/EVENT_801/BLUE_ARCHIVE_EVENT_801_PHASE2_CONTEXTUAL_COMPARISON_20261008.md,REF:ORIGINAL_ADMISSION_RECORD_0007,REF:ORIGINAL_ADMITTED_CLAIM_SCOPE_0145,relative,Referral-to-club encounter within801 only; entrance narration supplies no global chronology or mass unmasking.,REF:ORIGINAL_ATTRIBUTION_LIMITS_0146,CORE,REF:EVENT:BA:event:801:005,1,52,2
BA:event:801:006,event,MANDATORY_COMPLETE_REVIEW,02_CANONICAL_STORIES/EVENT/EVENT_801/EPISODE_006_10000045.md,ea8d1fbb095bdc756e00ee3edf2ca1f04c872fa9a6315d32510646f93e687f1f,ADMITTED,series/blue-archive/02 Sequential Readings/EVENTS/EVENT_801/BLUE_ARCHIVE_EVENT_801_PHASE2_CONTEXTUAL_COMPARISON_20261008.md,REF:ORIGINAL_ADMISSION_RECORD_0007,REF:ORIGINAL_ADMITTED_CLAIM_SCOPE_0148,relative,Second defeat and preparation discussion within801; limited replay identifies only the two exact earlier lines.,REF:ORIGINAL_ATTRIBUTION_LIMITS_0149,CORE,REF:EVENT:BA:event:801:006,1,61,8
BA:event:801:007,event,MANDATORY_COMPLETE_REVIEW,02_CANONICAL_STORIES/EVENT/EVENT_801/EPISODE_007_10000050.md,839a2acb2de83f5e40c508a21f8bd22c67682fa82eb09e74c779106862926966,ADMITTED,series/blue-archive/02 Sequential Readings/EVENTS/EVENT_801/BLUE_ARCHIVE_EVENT_801_PHASE2_CONTEXTUAL_COMPARISON_20261008.md,REF:ORIGINAL_ADMISSION_RECORD_0007,REF:ORIGINAL_ADMITTED_CLAIM_SCOPE_0151,relative,Festival preparation and employer/vendor encounter within801; no unshown whisper or completed preparation is supplied.,REF:ORIGINAL_ATTRIBUTION_LIMITS_0152,CORE,REF:EVENT:BA:event:801:007,2,89,6
BA:event:801:008,event,MANDATORY_COMPLETE_REVIEW,02_CANONICAL_STORIES/EVENT/EVENT_801/EPISODE_008_10000065.md,2b509ed3262a96b055a10dd0dce8d29f3753667f61177b7cc57bee320ab531cc,ADMITTED,series/blue-archive/02 Sequential Readings/EVENTS/EVENT_801/BLUE_ARCHIVE_EVENT_801_PHASE2_CONTEXTUAL_COMPARISON_20261008.md,REF:ORIGINAL_ADMISSION_RECORD_0007,REF:ORIGINAL_ADMITTED_CLAIM_SCOPE_0154,relative,Walk/escort and message arrival within801; escort does not establish whole foreknowledge or an immediate allegiance cure.,REF:ORIGINAL_ATTRIBUTION_LIMITS_0155,CORE,REF:EVENT:BA:event:801:008,1,93,12
BA:event:801:009,event,MANDATORY_COMPLETE_REVIEW,02_CANONICAL_STORIES/EVENT/EVENT_801/EPISODE_009_10000070.md,0d0b0093f103a258da2566de60512c84eb9d3df87f13a4f550cd3f75e863417f,ADMITTED,series/blue-archive/02 Sequential Readings/EVENTS/EVENT_801/BLUE_ARCHIVE_EVENT_801_PHASE2_CONTEXTUAL_COMPARISON_20261008.md,REF:ORIGINAL_ADMISSION_RECORD_0007,REF:ORIGINAL_ADMITTED_CLAIM_SCOPE_0157,relative,"Reader/student knowledge changes here; chairman/employer alias bridge is local801 evidence, not a global registry or main chronology.",REF:ORIGINAL_ATTRIBUTION_LIMITS_0158,CORE,REF:EVENT:BA:event:801:009,1,99,13
BA:event:801:010,event,MANDATORY_COMPLETE_REVIEW,02_CANONICAL_STORIES/EVENT/EVENT_801/EPISODE_010_10000080.md,414770643e54ea8114a32170244d4ac5cf3f21baf4bbb3d8e4a34122b6a4dab1,ADMITTED,series/blue-archive/02 Sequential Readings/EVENTS/EVENT_801/BLUE_ARCHIVE_EVENT_801_PHASE2_CONTEXTUAL_COMPARISON_20261008.md,REF:ORIGINAL_ADMISSION_RECORD_0007,REF:ORIGINAL_ADMITTED_CLAIM_SCOPE_0160,relative,"Reported helper request precedes phone confiscation within801; mentioned MomoTalk is event report, not a separate admitted thread.",REF:ORIGINAL_ATTRIBUTION_LIMITS_0161,CORE,REF:EVENT:BA:event:801:010,1,57,2
BA:event:801:011,event,MANDATORY_COMPLETE_REVIEW,02_CANONICAL_STORIES/EVENT/EVENT_801/EPISODE_011_10000085.md,561f9881e2283f9c869809f1b552a2df490e6fdd1706b091e641fde881860a52,ADMITTED,series/blue-archive/02 Sequential Readings/EVENTS/EVENT_801/BLUE_ARCHIVE_EVENT_801_PHASE2_CONTEXTUAL_COMPARISON_20261008.md,REF:ORIGINAL_ADMISSION_RECORD_0007,REF:ORIGINAL_ADMITTED_CLAIM_SCOPE_0163,relative,After local rescue and defeat within801; planned takeover and money language establish no institution-wide chronology or repaired accounts.,REF:ORIGINAL_ATTRIBUTION_LIMITS_0164,CORE,REF:EVENT:BA:event:801:011,1,36,0
BA:event:801:012,event,MANDATORY_COMPLETE_REVIEW,02_CANONICAL_STORIES/EVENT/EVENT_801/EPISODE_012_10000090.md,4452940c7dd4414d8e36b077c0cc118c3e3a1ecd04793826fd872b4f6daef03f,ADMITTED,series/blue-archive/02 Sequential Readings/EVENTS/EVENT_801/BLUE_ARCHIVE_EVENT_801_PHASE2_CONTEXTUAL_COMPARISON_20261008.md,REF:ORIGINAL_ADMISSION_RECORD_0007,REF:ORIGINAL_ADMITTED_CLAIM_SCOPE_0166,relative,Local aftermath before the finale within801; stopped scheme is not permanent public safety or main placement.,REF:ORIGINAL_ATTRIBUTION_LIMITS_0167,HIGH,REF:EVENT:BA:event:801:012,1,7,0
BA:event:801:013,event,MANDATORY_COMPLETE_REVIEW,02_CANONICAL_STORIES/EVENT/EVENT_801/EPISODE_013_10000095.md,d504b38069924267e4f38e2bf2a2418d3834e75c4c1e843e54dbc82e2aabb697,ADMITTED,series/blue-archive/02 Sequential Readings/EVENTS/EVENT_801/BLUE_ARCHIVE_EVENT_801_PHASE2_CONTEXTUAL_COMPARISON_20261008.md,REF:ORIGINAL_ADMISSION_RECORD_0007,REF:ORIGINAL_ADMITTED_CLAIM_SCOPE_0169,relative,Final-day spectacle and later prospective peer approach within801; tomorrow/local address origin gives no main date or enrollment.,REF:ORIGINAL_ATTRIBUTION_LIMITS_0170,CORE,REF:EVENT:BA:event:801:013,2,43,5
BA:event:802:001,event,MANDATORY_COMPLETE_REVIEW,02_CANONICAL_STORIES/EVENT/EVENT_802/EPISODE_001_10001005.md,a4cc86b077c4d3e8ce1aad08e60bedc3d37369b557fd49d69ab03a5c81ef3317,ADMITTED,series/blue-archive/02 Sequential Readings/EVENTS/EVENT_802/BLUE_ARCHIVE_EVENT_802_PHASE2_CONTEXTUAL_COMPARISON_20261008.md,REF:CYCLE008_ACCEPTED,REF:CYCLE008_SCOPE,unresolved,,REF:CYCLE008_LIMITS,CORE,REF:EVENT:BA:event:802:001,2,52,5
BA:event:802:002,event,MANDATORY_COMPLETE_REVIEW,02_CANONICAL_STORIES/EVENT/EVENT_802/EPISODE_002_10001010.md,c55f42d86fe0fb89ae795204388c193a57f8d897fb210b493b95e34e8ec00f74,ADMITTED,series/blue-archive/02 Sequential Readings/EVENTS/EVENT_802/BLUE_ARCHIVE_EVENT_802_PHASE2_CONTEXTUAL_COMPARISON_20261008.md,REF:CYCLE008_ACCEPTED,REF:CYCLE008_SCOPE,unresolved,,REF:CYCLE008_LIMITS,CORE,REF:EVENT:BA:event:802:002,3,107,2
BA:event:802:003,event,MANDATORY_COMPLETE_REVIEW,02_CANONICAL_STORIES/EVENT/EVENT_802/EPISODE_003_10001025.md,ba458149661e03122a558fbc93aebee8f92837ad61be661cdb057f9fe84456e4,ADMITTED,series/blue-archive/02 Sequential Readings/EVENTS/EVENT_802/BLUE_ARCHIVE_EVENT_802_PHASE2_CONTEXTUAL_COMPARISON_20261008.md,REF:CYCLE008_ACCEPTED,REF:CYCLE008_SCOPE,unresolved,,REF:CYCLE008_LIMITS,HIGH,REF:EVENT:BA:event:802:003,1,33,1
BA:event:802:004,event,MANDATORY_COMPLETE_REVIEW,02_CANONICAL_STORIES/EVENT/EVENT_802/EPISODE_004_10001030.md,643269ca4e56a9804e49866953bcb6562fbf3d2dc17df98327462a560afa9fd3,ADMITTED,series/blue-archive/02 Sequential Readings/EVENTS/EVENT_802/BLUE_ARCHIVE_EVENT_802_PHASE2_CONTEXTUAL_COMPARISON_20261008.md,REF:CYCLE008_ACCEPTED,REF:CYCLE008_SCOPE,unresolved,,REF:CYCLE008_LIMITS,CORE,REF:EVENT:BA:event:802:004,2,130,3
BA:event:802:005,event,MANDATORY_COMPLETE_REVIEW,02_CANONICAL_STORIES/EVENT/EVENT_802/EPISODE_005_10001045.md,5f2010ee2c3269d4ca7db7ab93fac818e7f612442b12a34e8166cb57ddd0376f,ADMITTED,series/blue-archive/02 Sequential Readings/EVENTS/EVENT_802/BLUE_ARCHIVE_EVENT_802_PHASE2_CONTEXTUAL_COMPARISON_20261008.md,REF:CYCLE008_ACCEPTED,REF:CYCLE008_SCOPE,unresolved,,REF:CYCLE008_LIMITS,CORE,REF:EVENT:BA:event:802:005,1,38,1
BA:event:802:006,event,MANDATORY_COMPLETE_REVIEW,02_CANONICAL_STORIES/EVENT/EVENT_802/EPISODE_006_10001050.md,fee4a39ec5bf7a5e1f86acb6250fcc68baf0a587083a54b89f90db4108236d55,ADMITTED,series/blue-archive/02 Sequential Readings/EVENTS/EVENT_802/BLUE_ARCHIVE_EVENT_802_PHASE2_CONTEXTUAL_COMPARISON_20261008.md,REF:CYCLE008_ACCEPTED,REF:CYCLE008_SCOPE,unresolved,,REF:CYCLE008_LIMITS,CORE,REF:EVENT:BA:event:802:006,2,102,6
BA:event:802:007,event,MANDATORY_COMPLETE_REVIEW,02_CANONICAL_STORIES/EVENT/EVENT_802/EPISODE_007_10001065.md,14b42c1d69f2c3d21e2d9c0b67f1bac746b6508924fd213736dd3f4efb305825,ADMITTED,series/blue-archive/02 Sequential Readings/EVENTS/EVENT_802/BLUE_ARCHIVE_EVENT_802_PHASE2_CONTEXTUAL_COMPARISON_20261008.md,REF:CYCLE008_ACCEPTED,REF:CYCLE008_SCOPE,unresolved,,REF:CYCLE008_LIMITS,CORE,REF:EVENT:BA:event:802:007,1,34,0
BA:event:802:008,event,MANDATORY_COMPLETE_REVIEW,02_CANONICAL_STORIES/EVENT/EVENT_802/EPISODE_008_10001070.md,8f40e4a8acb7812d05332030070d235b9e7c726d059f4a2986fa99e5741a48c3,ADMITTED,series/blue-archive/02 Sequential Readings/EVENTS/EVENT_802/BLUE_ARCHIVE_EVENT_802_PHASE2_CONTEXTUAL_COMPARISON_20261008.md,REF:CYCLE008_ACCEPTED,REF:CYCLE008_SCOPE,unresolved,,REF:CYCLE008_LIMITS,CORE,REF:EVENT:BA:event:802:008,1,81,3
BA:event:802:009,event,MANDATORY_COMPLETE_REVIEW,02_CANONICAL_STORIES/EVENT/EVENT_802/EPISODE_009_10001085.md,3ba102aec32098828936e860b947d61ee7de72f0cae8a3f167b38889fd49ec48,ADMITTED,series/blue-archive/02 Sequential Readings/EVENTS/EVENT_802/BLUE_ARCHIVE_EVENT_802_PHASE2_CONTEXTUAL_COMPARISON_20261008.md,REF:CYCLE008_ACCEPTED,REF:CYCLE008_SCOPE,unresolved,,REF:CYCLE008_LIMITS,CORE,REF:EVENT:BA:event:802:009,1,36,1
BA:event:802:010,event,MANDATORY_COMPLETE_REVIEW,02_CANONICAL_STORIES/EVENT/EVENT_802/EPISODE_010_10001090.md,059f0b7f53b844c9cba6855e9fec645baabdfdc9993b2729110a409095e1682d,ADMITTED,series/blue-archive/02 Sequential Readings/EVENTS/EVENT_802/BLUE_ARCHIVE_EVENT_802_PHASE2_CONTEXTUAL_COMPARISON_20261008.md,REF:CYCLE008_ACCEPTED,REF:CYCLE008_SCOPE,unresolved,,REF:CYCLE008_LIMITS,CORE,REF:EVENT:BA:event:802:010,1,30,0
BA:event:802:011,event,MANDATORY_COMPLETE_REVIEW,02_CANONICAL_STORIES/EVENT/EVENT_802/EPISODE_011_10001105.md,40bf2790650229c9bc4fbd4e63abc1df046e697e30b1792384d28ccd92206b56,ADMITTED,series/blue-archive/02 Sequential Readings/EVENTS/EVENT_802/BLUE_ARCHIVE_EVENT_802_PHASE2_CONTEXTUAL_COMPARISON_20261008.md,REF:CYCLE008_ACCEPTED,REF:CYCLE008_SCOPE,unresolved,,REF:CYCLE008_LIMITS,CORE,REF:EVENT:BA:event:802:011,3,88,5
BA:event:803:001,event,MANDATORY_COMPLETE_REVIEW,02_CANONICAL_STORIES/EVENT/EVENT_803/EPISODE_001_10002005.md,7a4bf5c9f4fb14541b4c1bc219390d37f4892426543a3bfc7c680c37e8858c73,ADMITTED,series/blue-archive/02 Sequential Readings/EVENTS/EVENT_803/BLUE_ARCHIVE_EVENT_803_PHASE2_CONTEXTUAL_COMPARISON_20261008.md,REF:CYCLE008_ACCEPTED,REF:CYCLE008_SCOPE,unresolved,,REF:CYCLE008_LIMITS,CORE,REF:EVENT:BA:event:803:001,1,185,5
BA:event:803:002,event,MANDATORY_COMPLETE_REVIEW,02_CANONICAL_STORIES/EVENT/EVENT_803/EPISODE_002_10002010.md,9f3220109ae0b1f2b1cdaf54b351c0c687cfa0476ad1280494d159411bd949d6,ADMITTED,series/blue-archive/02 Sequential Readings/EVENTS/EVENT_803/BLUE_ARCHIVE_EVENT_803_PHASE2_CONTEXTUAL_COMPARISON_20261008.md,REF:CYCLE008_ACCEPTED,REF:CYCLE008_SCOPE,unresolved,,REF:CYCLE008_LIMITS,CORE,REF:EVENT:BA:event:803:002,1,40,2
BA:event:803:003,event,MANDATORY_COMPLETE_REVIEW,02_CANONICAL_STORIES/EVENT/EVENT_803/EPISODE_003_10002025.md,19329beae9c67c0f181505a1aa77552af35a9c447baf3d63c6c7a0ef7ef9509f,ADMITTED,series/blue-archive/02 Sequential Readings/EVENTS/EVENT_803/BLUE_ARCHIVE_EVENT_803_PHASE2_CONTEXTUAL_COMPARISON_20261008.md,REF:CYCLE008_ACCEPTED,REF:CYCLE008_SCOPE,unresolved,,REF:CYCLE008_LIMITS,CORE,REF:EVENT:BA:event:803:003,1,11,2
BA:event:803:004,event,MANDATORY_COMPLETE_REVIEW,02_CANONICAL_STORIES/EVENT/EVENT_803/EPISODE_004_10002030.md,5489e47eb771c696386eebc3765d7c44a24271a6c4b3e1f578d6f959ad9d81e0,ADMITTED,series/blue-archive/02 Sequential Readings/EVENTS/EVENT_803/BLUE_ARCHIVE_EVENT_803_PHASE2_CONTEXTUAL_COMPARISON_20261008.md,REF:CYCLE008_ACCEPTED,REF:CYCLE008_SCOPE,unresolved,,REF:CYCLE008_LIMITS,CORE,REF:EVENT:BA:event:803:004,1,37,1
BA:event:803:005,event,MANDATORY_COMPLETE_REVIEW,02_CANONICAL_STORIES/EVENT/EVENT_803/EPISODE_005_10002045.md,503ced00ae5de46f4c957a10741dcd645eeb365ffb168680a957d5d98a8da2ec,ADMITTED,series/blue-archive/02 Sequential Readings/EVENTS/EVENT_803/BLUE_ARCHIVE_EVENT_803_PHASE2_CONTEXTUAL_COMPARISON_20261008.md,REF:CYCLE008_ACCEPTED,REF:CYCLE008_SCOPE,unresolved,,REF:CYCLE008_LIMITS,CORE,REF:EVENT:BA:event:803:005,1,24,1
BA:event:803:006,event,MANDATORY_COMPLETE_REVIEW,02_CANONICAL_STORIES/EVENT/EVENT_803/EPISODE_006_10002050.md,914974fb65f8c82ff8a7289dbb96b41647eb5430fd90fcb9ca08253d9bd0b305,ADMITTED,series/blue-archive/02 Sequential Readings/EVENTS/EVENT_803/BLUE_ARCHIVE_EVENT_803_PHASE2_CONTEXTUAL_COMPARISON_20261008.md,REF:CYCLE008_ACCEPTED,REF:CYCLE008_SCOPE,unresolved,,REF:CYCLE008_LIMITS,CORE,REF:EVENT:BA:event:803:006,1,52,4
BA:event:803:007,event,MANDATORY_COMPLETE_REVIEW,02_CANONICAL_STORIES/EVENT/EVENT_803/EPISODE_007_10002065.md,cff9239d7d6b173c0ce8b4f5900bb5814ca1aced5317a7e9ea80fbb8a71abc89,ADMITTED,series/blue-archive/02 Sequential Readings/EVENTS/EVENT_803/BLUE_ARCHIVE_EVENT_803_PHASE2_CONTEXTUAL_COMPARISON_20261008.md,REF:CYCLE008_ACCEPTED,REF:CYCLE008_SCOPE,unresolved,,REF:CYCLE008_LIMITS,CORE,REF:EVENT:BA:event:803:007,1,6,0
BA:event:803:008,event,MANDATORY_COMPLETE_REVIEW,02_CANONICAL_STORIES/EVENT/EVENT_803/EPISODE_008_10002070.md,03d7a93aa7fd8c02fa1693d725a210e7563157402569c37a119fb055d009a45a,ADMITTED,series/blue-archive/02 Sequential Readings/EVENTS/EVENT_803/BLUE_ARCHIVE_EVENT_803_PHASE2_CONTEXTUAL_COMPARISON_20261008.md,REF:CYCLE008_ACCEPTED,REF:CYCLE008_SCOPE,unresolved,,REF:CYCLE008_LIMITS,CORE,REF:EVENT:BA:event:803:008,2,72,9
BA:event:803:009,event,MANDATORY_COMPLETE_REVIEW,02_CANONICAL_STORIES/EVENT/EVENT_803/EPISODE_009_10002085.md,485c90a6901bed3661bda0973b1ee6871716b367b5c731ac9285f004946fbe30,ADMITTED,series/blue-archive/02 Sequential Readings/EVENTS/EVENT_803/BLUE_ARCHIVE_EVENT_803_PHASE2_CONTEXTUAL_COMPARISON_20261008.md,REF:CYCLE008_ACCEPTED,REF:CYCLE008_SCOPE,unresolved,,REF:CYCLE008_LIMITS,CORE,REF:EVENT:BA:event:803:009,1,24,1
BA:event:803:010,event,MANDATORY_COMPLETE_REVIEW,02_CANONICAL_STORIES/EVENT/EVENT_803/EPISODE_010_10002090.md,2d11bf4a6a0820d07adb179959ce8d577aa80f40270b34832cbc5dc1d5a191a3,ADMITTED,series/blue-archive/02 Sequential Readings/EVENTS/EVENT_803/BLUE_ARCHIVE_EVENT_803_PHASE2_CONTEXTUAL_COMPARISON_20261008.md,REF:CYCLE008_ACCEPTED,REF:CYCLE008_SCOPE,unresolved,,REF:CYCLE008_LIMITS,CORE,REF:EVENT:BA:event:803:010,1,53,2
BA:event:803:011,event,MANDATORY_COMPLETE_REVIEW,02_CANONICAL_STORIES/EVENT/EVENT_803/EPISODE_011_10002105.md,c0701acb3197c170d65ed5e5d1921d1ed2055ff72dcded9c828152777af8b3a3,ADMITTED,series/blue-archive/02 Sequential Readings/EVENTS/EVENT_803/BLUE_ARCHIVE_EVENT_803_PHASE2_CONTEXTUAL_COMPARISON_20261008.md,REF:CYCLE008_ACCEPTED,REF:CYCLE008_SCOPE,unresolved,,REF:CYCLE008_LIMITS,CORE,REF:EVENT:BA:event:803:011,1,11,0
BA:event:803:012,event,MANDATORY_COMPLETE_REVIEW,02_CANONICAL_STORIES/EVENT/EVENT_803/EPISODE_012_10002110.md,d7cfdef8721b842c6c8ae75ffbfec3ccbb5a82b02b83adf4319d65c733a44c13,ADMITTED,series/blue-archive/02 Sequential Readings/EVENTS/EVENT_803/BLUE_ARCHIVE_EVENT_803_PHASE2_CONTEXTUAL_COMPARISON_20261008.md,REF:CYCLE008_ACCEPTED,REF:CYCLE008_SCOPE,unresolved,,REF:CYCLE008_LIMITS,CORE,REF:EVENT:BA:event:803:012,1,21,1
BA:event:803:013,event,MANDATORY_COMPLETE_REVIEW,02_CANONICAL_STORIES/EVENT/EVENT_803/EPISODE_013_10002120.md,eeb3e5b417105b9e58a34f0e82f64410680969f183c629b1fabb33fc3a2fab67,ADMITTED,series/blue-archive/02 Sequential Readings/EVENTS/EVENT_803/BLUE_ARCHIVE_EVENT_803_PHASE2_CONTEXTUAL_COMPARISON_20261008.md,REF:CYCLE008_ACCEPTED,REF:CYCLE008_SCOPE,unresolved,,REF:CYCLE008_LIMITS,CORE,REF:EVENT:BA:event:803:013,1,93,6
BA:event:803:014,event,MANDATORY_COMPLETE_REVIEW,02_CANONICAL_STORIES/EVENT/EVENT_803/EPISODE_014_10002135.md,deadd3c683398bfc174c32bfac75f703b6edce7fac0dd591a23e9a05e78d1151,ADMITTED,series/blue-archive/02 Sequential Readings/EVENTS/EVENT_803/BLUE_ARCHIVE_EVENT_803_PHASE2_CONTEXTUAL_COMPARISON_20261008.md,REF:CYCLE008_ACCEPTED,REF:CYCLE008_SCOPE,unresolved,,REF:CYCLE008_LIMITS,CORE,REF:EVENT:BA:event:803:014,2,68,7
BA:event:803:015,event,MANDATORY_COMPLETE_REVIEW,02_CANONICAL_STORIES/EVENT/EVENT_803/EPISODE_015_10002140.md,8fc2b22e63122e1bc55c025341acb1e68ba19ed01fc0f7551e144db2705c9112,ADMITTED,series/blue-archive/02 Sequential Readings/EVENTS/EVENT_803/BLUE_ARCHIVE_EVENT_803_PHASE2_CONTEXTUAL_COMPARISON_20261008.md,REF:CYCLE008_ACCEPTED,REF:CYCLE008_SCOPE,unresolved,,REF:CYCLE008_LIMITS,CORE,REF:EVENT:BA:event:803:015,1,28,1
BA:event:803:016,event,MANDATORY_COMPLETE_REVIEW,02_CANONICAL_STORIES/EVENT/EVENT_803/EPISODE_016_10002150.md,79e16ba0d3fb3636e6030e91da56d50ac8eafd5d53cf7a99f3f87a0ee38f34ae,ADMITTED,series/blue-archive/02 Sequential Readings/EVENTS/EVENT_803/BLUE_ARCHIVE_EVENT_803_PHASE2_CONTEXTUAL_COMPARISON_20261008.md,REF:CYCLE008_ACCEPTED,REF:CYCLE008_SCOPE,unresolved,,REF:CYCLE008_LIMITS,CORE,REF:EVENT:BA:event:803:016,1,26,3
BA:event:803:017,event,MANDATORY_COMPLETE_REVIEW,02_CANONICAL_STORIES/EVENT/EVENT_803/EPISODE_017_10002160.md,06ac6eb141e117513579759714ea2982009d7f07a3798a693bd3003d8b4fed3a,ADMITTED,series/blue-archive/02 Sequential Readings/EVENTS/EVENT_803/BLUE_ARCHIVE_EVENT_803_PHASE2_CONTEXTUAL_COMPARISON_20261008.md,REF:CYCLE008_ACCEPTED,REF:CYCLE008_SCOPE,unresolved,,REF:CYCLE008_LIMITS,CORE,REF:EVENT:BA:event:803:017,1,23,0
BA:event:803:018,event,MANDATORY_COMPLETE_REVIEW,02_CANONICAL_STORIES/EVENT/EVENT_803/EPISODE_018_10002170.md,c8fed478710c0c8f4c48d27542ebce09d4c8ccf43c25084bb013f564382afb82,ADMITTED,series/blue-archive/02 Sequential Readings/EVENTS/EVENT_803/BLUE_ARCHIVE_EVENT_803_PHASE2_CONTEXTUAL_COMPARISON_20261008.md,REF:CYCLE008_ACCEPTED,REF:CYCLE008_SCOPE,unresolved,,REF:CYCLE008_LIMITS,CORE,REF:EVENT:BA:event:803:018,1,45,0
BA:event:803:019,event,MANDATORY_COMPLETE_REVIEW,02_CANONICAL_STORIES/EVENT/EVENT_803/EPISODE_019_10002180.md,d06c3216fe214696f2e9cf6e16960b65123c1c96f1edabf670289157807e3f5a,ADMITTED,series/blue-archive/02 Sequential Readings/EVENTS/EVENT_803/BLUE_ARCHIVE_EVENT_803_PHASE2_CONTEXTUAL_COMPARISON_20261008.md,REF:CYCLE008_ACCEPTED,REF:CYCLE008_SCOPE,unresolved,,REF:CYCLE008_LIMITS,CORE,REF:EVENT:BA:event:803:019,1,42,2
BA:event:803:020,event,MANDATORY_COMPLETE_REVIEW,02_CANONICAL_STORIES/EVENT/EVENT_803/EPISODE_020_10002190.md,20156abbe7e4586e68b54555e64d2677bb8e9bcc39de5f8f10e18e6a89371ce3,ADMITTED,series/blue-archive/02 Sequential Readings/EVENTS/EVENT_803/BLUE_ARCHIVE_EVENT_803_PHASE2_CONTEXTUAL_COMPARISON_20261008.md,REF:CYCLE008_ACCEPTED,REF:CYCLE008_SCOPE,unresolved,,REF:CYCLE008_LIMITS,CORE,REF:EVENT:BA:event:803:020,1,29,0
BA:event:803:021,event,MANDATORY_COMPLETE_REVIEW,02_CANONICAL_STORIES/EVENT/EVENT_803/EPISODE_021_10002200.md,d0d4bcb67d4750aaad8a10f49317e64179653d918e1eaf70fe6b4f398a9a46b7,ADMITTED,series/blue-archive/02 Sequential Readings/EVENTS/EVENT_803/BLUE_ARCHIVE_EVENT_803_PHASE2_CONTEXTUAL_COMPARISON_20261008.md,REF:CYCLE008_ACCEPTED,REF:CYCLE008_SCOPE,unresolved,,REF:CYCLE008_LIMITS,CORE,REF:EVENT:BA:event:803:021,1,36,0
BA:event:804:001,event,MANDATORY_COMPLETE_REVIEW,02_CANONICAL_STORIES/EVENT/EVENT_804/EPISODE_001_10003005.md,8e5c0ee412d40e93900f3644727ede89119196c1e8b60f3ce83606b02ed3b97c,ADMITTED,series/blue-archive/02 Sequential Readings/EVENTS/EVENT_804/BLUE_ARCHIVE_EVENT_804_PHASE2_CONTEXTUAL_COMPARISON_20261008.md,REF:CYCLE008_ACCEPTED,REF:CYCLE008_SCOPE,unresolved,,REF:CYCLE008_LIMITS,CORE,REF:EVENT:BA:event:804:001,1,170,5
BA:event:804:002,event,MANDATORY_COMPLETE_REVIEW,02_CANONICAL_STORIES/EVENT/EVENT_804/EPISODE_002_10003010.md,a698590955ed98b37f8b151f7176901fbca772c6ecde081000c8e201aa2893dd,ADMITTED,series/blue-archive/02 Sequential Readings/EVENTS/EVENT_804/BLUE_ARCHIVE_EVENT_804_PHASE2_CONTEXTUAL_COMPARISON_20261008.md,REF:CYCLE008_ACCEPTED,REF:CYCLE008_SCOPE,unresolved,,REF:CYCLE008_LIMITS,CORE,REF:EVENT:BA:event:804:002,2,115,9
BA:event:804:003,event,MANDATORY_COMPLETE_REVIEW,02_CANONICAL_STORIES/EVENT/EVENT_804/EPISODE_003_10003020.md,292a30a9a55e21a085931d6b47b2d26b33429ec69ce917b1057aa045e4ea647f,ADMITTED,series/blue-archive/02 Sequential Readings/EVENTS/EVENT_804/BLUE_ARCHIVE_EVENT_804_PHASE2_CONTEXTUAL_COMPARISON_20261008.md,REF:CYCLE008_ACCEPTED,REF:CYCLE008_SCOPE,unresolved,,REF:CYCLE008_LIMITS,CORE,REF:EVENT:BA:event:804:003,2,40,10
BA:event:804:004,event,MANDATORY_COMPLETE_REVIEW,02_CANONICAL_STORIES/EVENT/EVENT_804/EPISODE_004_10003030.md,b53b7759f69dfc6b59af171b6b737587dd4e1cc442dc509f2c4f8a558afcf431,ADMITTED,series/blue-archive/02 Sequential Readings/EVENTS/EVENT_804/BLUE_ARCHIVE_EVENT_804_PHASE2_CONTEXTUAL_COMPARISON_20261008.md,REF:CYCLE008_ACCEPTED,REF:CYCLE008_SCOPE,unresolved,,REF:CYCLE008_LIMITS,CORE,REF:EVENT:BA:event:804:004,1,102,17
BA:event:804:005,event,MANDATORY_COMPLETE_REVIEW,02_CANONICAL_STORIES/EVENT/EVENT_804/EPISODE_005_10003045.md,5ffa560112044cbbc06803f1dcce182758046f0b142f1ec406c9ae7698deff31,ADMITTED,series/blue-archive/02 Sequential Readings/EVENTS/EVENT_804/BLUE_ARCHIVE_EVENT_804_PHASE2_CONTEXTUAL_COMPARISON_20261008.md,REF:CYCLE008_ACCEPTED,REF:CYCLE008_SCOPE,unresolved,,REF:CYCLE008_LIMITS,CORE,REF:EVENT:BA:event:804:005,2,73,6
BA:event:804:006,event,MANDATORY_COMPLETE_REVIEW,02_CANONICAL_STORIES/EVENT/EVENT_804/EPISODE_006_10003050.md,ea715a98662f371be701e7ca9f056e2ae975bed0d92085ea1e537967d8ac218b,ADMITTED,series/blue-archive/02 Sequential Readings/EVENTS/EVENT_804/BLUE_ARCHIVE_EVENT_804_PHASE2_CONTEXTUAL_COMPARISON_20261008.md,REF:CYCLE008_ACCEPTED,REF:CYCLE008_SCOPE,unresolved,,REF:CYCLE008_LIMITS,CORE,REF:EVENT:BA:event:804:006,1,29,0
BA:event:804:007,event,MANDATORY_COMPLETE_REVIEW,02_CANONICAL_STORIES/EVENT/EVENT_804/EPISODE_007_10003055.md,84878f4bb20e5afc4d6814713db61115104b376ddfc92c4ed1b8d426281cf871,ADMITTED,series/blue-archive/02 Sequential Readings/EVENTS/EVENT_804/BLUE_ARCHIVE_EVENT_804_PHASE2_CONTEXTUAL_COMPARISON_20261008.md,REF:CYCLE008_ACCEPTED,REF:CYCLE008_SCOPE,unresolved,,REF:CYCLE008_LIMITS,CORE,REF:EVENT:BA:event:804:007,1,15,1
BA:event:804:008,event,MANDATORY_COMPLETE_REVIEW,02_CANONICAL_STORIES/EVENT/EVENT_804/EPISODE_008_10003065.md,9dc9049a77ebbe377f4c2e33467434d87bded8974acad68b59610303c06c0dc4,ADMITTED,series/blue-archive/02 Sequential Readings/EVENTS/EVENT_804/BLUE_ARCHIVE_EVENT_804_PHASE2_CONTEXTUAL_COMPARISON_20261008.md,REF:CYCLE008_ACCEPTED,REF:CYCLE008_SCOPE,unresolved,,REF:CYCLE008_LIMITS,CORE,REF:EVENT:BA:event:804:008,2,72,12
BA:event:804:009,event,MANDATORY_COMPLETE_REVIEW,02_CANONICAL_STORIES/EVENT/EVENT_804/EPISODE_009_10003070.md,f1f7ccc135f88bc770a2c140686485fe16b4f9382f7a3a487924bc83f837940a,ADMITTED,series/blue-archive/02 Sequential Readings/EVENTS/EVENT_804/BLUE_ARCHIVE_EVENT_804_PHASE2_CONTEXTUAL_COMPARISON_20261008.md,REF:CYCLE008_ACCEPTED,REF:CYCLE008_SCOPE,unresolved,,REF:CYCLE008_LIMITS,CORE,REF:EVENT:BA:event:804:009,1,138,3
BA:event:804:010,event,MANDATORY_COMPLETE_REVIEW,02_CANONICAL_STORIES/EVENT/EVENT_804/EPISODE_010_10003080.md,3a660dd63598e97cb8c1a0d94b1c1aa8b3644b79d977ea03dad9444f28052219,ADMITTED,series/blue-archive/02 Sequential Readings/EVENTS/EVENT_804/BLUE_ARCHIVE_EVENT_804_PHASE2_CONTEXTUAL_COMPARISON_20261008.md,REF:CYCLE008_ACCEPTED,REF:CYCLE008_SCOPE,unresolved,,REF:CYCLE008_LIMITS,CORE,REF:EVENT:BA:event:804:010,1,4,0
BA:event:804:011,event,MANDATORY_COMPLETE_REVIEW,02_CANONICAL_STORIES/EVENT/EVENT_804/EPISODE_011_10003095.md,422948d49987c53e22b5672e8cf4efea30fcb7a811dfbd4c8e758a9927e26ee1,ADMITTED,series/blue-archive/02 Sequential Readings/EVENTS/EVENT_804/BLUE_ARCHIVE_EVENT_804_PHASE2_CONTEXTUAL_COMPARISON_20261008.md,REF:CYCLE008_ACCEPTED,REF:CYCLE008_SCOPE,unresolved,,REF:CYCLE008_LIMITS,CORE,REF:EVENT:BA:event:804:011,1,23,0
BA:event:804:012,event,MANDATORY_COMPLETE_REVIEW,02_CANONICAL_STORIES/EVENT/EVENT_804/EPISODE_012_10003105.md,29c99e1f36eef717943658dcc1f5b5f25287d918c712c84b1939fe8c2807aa00,ADMITTED,series/blue-archive/02 Sequential Readings/EVENTS/EVENT_804/BLUE_ARCHIVE_EVENT_804_PHASE2_CONTEXTUAL_COMPARISON_20261008.md,REF:CYCLE008_ACCEPTED,REF:CYCLE008_SCOPE,unresolved,,REF:CYCLE008_LIMITS,CORE,REF:EVENT:BA:event:804:012,2,51,4
BA:event:804:013,event,MANDATORY_COMPLETE_REVIEW,02_CANONICAL_STORIES/EVENT/EVENT_804/EPISODE_013_10003110.md,d2063eafae3d1496edc76b89b2588c7ac1157323289e7db69a081afb56257382,ADMITTED,series/blue-archive/02 Sequential Readings/EVENTS/EVENT_804/BLUE_ARCHIVE_EVENT_804_PHASE2_CONTEXTUAL_COMPARISON_20261008.md,REF:CYCLE008_ACCEPTED,REF:CYCLE008_SCOPE,unresolved,,REF:CYCLE008_LIMITS,CORE,REF:EVENT:BA:event:804:013,1,20,0
BA:event:805:001,event,MANDATORY_COMPLETE_REVIEW,02_CANONICAL_STORIES/EVENT/EVENT_805/EPISODE_001_10004005.md,b5eef739a2d02e5187871291179f009573b45264dd6c167a190eaad10751876e,ADMITTED,series/blue-archive/02 Sequential Readings/EVENTS/EVENT_805/BLUE_ARCHIVE_EVENT_805_PHASE2_CONTEXTUAL_COMPARISON_20261008.md,REF:CYCLE008_ACCEPTED,REF:CYCLE008_SCOPE,unresolved,,REF:CYCLE008_LIMITS,CORE,REF:EVENT:BA:event:805:001,1,32,0
BA:event:805:002,event,MANDATORY_COMPLETE_REVIEW,02_CANONICAL_STORIES/EVENT/EVENT_805/EPISODE_002_10004010.md,eab9d9ae0573cf8ce9168fa725aa5e1383c6edcef606380b34a854b10e164bbd,ADMITTED,series/blue-archive/02 Sequential Readings/EVENTS/EVENT_805/BLUE_ARCHIVE_EVENT_805_PHASE2_CONTEXTUAL_COMPARISON_20261008.md,REF:CYCLE008_ACCEPTED,REF:CYCLE008_SCOPE,unresolved,,REF:CYCLE008_LIMITS,CORE,REF:EVENT:BA:event:805:002,2,119,5
BA:event:805:003,event,MANDATORY_COMPLETE_REVIEW,02_CANONICAL_STORIES/EVENT/EVENT_805/EPISODE_003_10004020.md,34022e78ba655ed20a93d30109b84565004639239922c0dcd7b594dab26a558a,ADMITTED,series/blue-archive/02 Sequential Readings/EVENTS/EVENT_805/BLUE_ARCHIVE_EVENT_805_PHASE2_CONTEXTUAL_COMPARISON_20261008.md,REF:CYCLE008_ACCEPTED,REF:CYCLE008_SCOPE,unresolved,,REF:CYCLE008_LIMITS,CORE,REF:EVENT:BA:event:805:003,1,38,6
BA:event:805:004,event,MANDATORY_COMPLETE_REVIEW,02_CANONICAL_STORIES/EVENT/EVENT_805/EPISODE_004_10004030.md,e1315280e58d33f605da0fbd8a69c4bcab905a584a19a025153bd30f959fab1e,ADMITTED,series/blue-archive/02 Sequential Readings/EVENTS/EVENT_805/BLUE_ARCHIVE_EVENT_805_PHASE2_CONTEXTUAL_COMPARISON_20261008.md,REF:CYCLE008_ACCEPTED,REF:CYCLE008_SCOPE,unresolved,,REF:CYCLE008_LIMITS,CORE,REF:EVENT:BA:event:805:004,1,65,8
BA:event:805:005,event,MANDATORY_COMPLETE_REVIEW,02_CANONICAL_STORIES/EVENT/EVENT_805/EPISODE_005_10004040.md,3f45361fb7997167dc889385cc782aaf6f269519793f83b7ba3e17dd943a52d5,ADMITTED,series/blue-archive/02 Sequential Readings/EVENTS/EVENT_805/BLUE_ARCHIVE_EVENT_805_PHASE2_CONTEXTUAL_COMPARISON_20261008.md,REF:CYCLE008_ACCEPTED,REF:CYCLE008_SCOPE,unresolved,,REF:CYCLE008_LIMITS,CORE,REF:EVENT:BA:event:805:005,1,70,10
BA:event:805:006,event,MANDATORY_COMPLETE_REVIEW,02_CANONICAL_STORIES/EVENT/EVENT_805/EPISODE_006_10004050.md,207dec6dfd110d9cd6dcda2e57a1f5408e02c458fa0410ac6481e25b5984a2a9,ADMITTED,series/blue-archive/02 Sequential Readings/EVENTS/EVENT_805/BLUE_ARCHIVE_EVENT_805_PHASE2_CONTEXTUAL_COMPARISON_20261008.md,REF:CYCLE008_ACCEPTED,REF:CYCLE008_SCOPE,unresolved,,REF:CYCLE008_LIMITS,CORE,REF:EVENT:BA:event:805:006,1,41,9
BA:event:805:007,event,MANDATORY_COMPLETE_REVIEW,02_CANONICAL_STORIES/EVENT/EVENT_805/EPISODE_007_10004060.md,dae1b0a5bf00b550ac6f116f7bfbae9e9f004c8843a22451885a9c43cde480ca,ADMITTED,series/blue-archive/02 Sequential Readings/EVENTS/EVENT_805/BLUE_ARCHIVE_EVENT_805_PHASE2_CONTEXTUAL_COMPARISON_20261008.md,REF:CYCLE008_ACCEPTED,REF:CYCLE008_SCOPE,unresolved,,REF:CYCLE008_LIMITS,CORE,REF:EVENT:BA:event:805:007,1,86,19
BA:event:805:008,event,MANDATORY_COMPLETE_REVIEW,02_CANONICAL_STORIES/EVENT/EVENT_805/EPISODE_008_10004075.md,58846698e0002b99a606fb041480df4f51e9b6022bf49b46b65819f95fd3f9b0,ADMITTED,series/blue-archive/02 Sequential Readings/EVENTS/EVENT_805/BLUE_ARCHIVE_EVENT_805_PHASE2_CONTEXTUAL_COMPARISON_20261008.md,REF:CYCLE008_ACCEPTED,REF:CYCLE008_SCOPE,unresolved,,REF:CYCLE008_LIMITS,CORE,REF:EVENT:BA:event:805:008,1,85,13
BA:event:805:009,event,MANDATORY_COMPLETE_REVIEW,02_CANONICAL_STORIES/EVENT/EVENT_805/EPISODE_009_10004085.md,2b7ee1460a0aa08f3014d84f6d17f249af3d29815d4d65d03d0ce1a4ff1e4c5c,ADMITTED,series/blue-archive/02 Sequential Readings/EVENTS/EVENT_805/BLUE_ARCHIVE_EVENT_805_PHASE2_CONTEXTUAL_COMPARISON_20261008.md,REF:CYCLE008_ACCEPTED,REF:CYCLE008_SCOPE,unresolved,,REF:CYCLE008_LIMITS,CORE,REF:EVENT:BA:event:805:009,1,43,2
BA:event:806:001,event,MANDATORY_COMPLETE_REVIEW,02_CANONICAL_STORIES/EVENT/EVENT_806/EPISODE_001_10005005.md,f464eefbeb0376d1b5224bfe9f7539a1b76ee580856cde673d8ad7b7e4d6d337,ADMITTED,series/blue-archive/02 Sequential Readings/EVENTS/EVENT_806/BLUE_ARCHIVE_EVENT_806_PHASE2_CONTEXTUAL_COMPARISON_20261008.md,REF:CYCLE008_ACCEPTED,REF:CYCLE008_SCOPE,unresolved,,REF:CYCLE008_LIMITS,CORE,REF:EVENT:BA:event:806:001,2,94,5
BA:event:806:002,event,MANDATORY_COMPLETE_REVIEW,02_CANONICAL_STORIES/EVENT/EVENT_806/EPISODE_002_10005010.md,f1e2c54e2caa6ad87021233470a869e4cd53a6d02b764e7efc0ce75a3de7a723,ADMITTED,series/blue-archive/02 Sequential Readings/EVENTS/EVENT_806/BLUE_ARCHIVE_EVENT_806_PHASE2_CONTEXTUAL_COMPARISON_20261008.md,REF:CYCLE008_ACCEPTED,REF:CYCLE008_SCOPE,unresolved,,REF:CYCLE008_LIMITS,CORE,REF:EVENT:BA:event:806:002,1,100,4
BA:event:806:003,event,MANDATORY_COMPLETE_REVIEW,02_CANONICAL_STORIES/EVENT/EVENT_806/EPISODE_003_10005015.md,0e9f7b7401f37df67d3a61cc91da8a1f7b1f8065c3c5d477c4406abf1afed13f,ADMITTED,series/blue-archive/02 Sequential Readings/EVENTS/EVENT_806/BLUE_ARCHIVE_EVENT_806_PHASE2_CONTEXTUAL_COMPARISON_20261008.md,REF:CYCLE008_ACCEPTED,REF:CYCLE008_SCOPE,unresolved,,REF:CYCLE008_LIMITS,CORE,REF:EVENT:BA:event:806:003,1,78,4
BA:event:806:004,event,MANDATORY_COMPLETE_REVIEW,02_CANONICAL_STORIES/EVENT/EVENT_806/EPISODE_004_10005020.md,44c4975deed2b4682798323be674a0fe0d3428b2cffa9e43bd3dbb0f33e7f54a,ADMITTED,series/blue-archive/02 Sequential Readings/EVENTS/EVENT_806/BLUE_ARCHIVE_EVENT_806_PHASE2_CONTEXTUAL_COMPARISON_20261008.md,REF:CYCLE008_ACCEPTED,REF:CYCLE008_SCOPE,unresolved,,REF:CYCLE008_LIMITS,CORE,REF:EVENT:BA:event:806:004,1,73,3
BA:event:806:005,event,MANDATORY_COMPLETE_REVIEW,02_CANONICAL_STORIES/EVENT/EVENT_806/EPISODE_005_10005025.md,b2685c95efe2f2ab50892cb54ad9a85ee0037314d591831daf4400518981ef19,ADMITTED,series/blue-archive/02 Sequential Readings/EVENTS/EVENT_806/BLUE_ARCHIVE_EVENT_806_PHASE2_CONTEXTUAL_COMPARISON_20261008.md,REF:CYCLE008_ACCEPTED,REF:CYCLE008_SCOPE,unresolved,,REF:CYCLE008_LIMITS,HIGH,REF:EVENT:BA:event:806:005,1,29,2
BA:event:806:006,event,MANDATORY_COMPLETE_REVIEW,02_CANONICAL_STORIES/EVENT/EVENT_806/EPISODE_006_10005030.md,a3444a6dec1fc988ddff6ca7691dde19c96a34067e2bba7fd7a772653c400d0d,ADMITTED,series/blue-archive/02 Sequential Readings/EVENTS/EVENT_806/BLUE_ARCHIVE_EVENT_806_PHASE2_CONTEXTUAL_COMPARISON_20261008.md,REF:CYCLE008_ACCEPTED,REF:CYCLE008_SCOPE,unresolved,,REF:CYCLE008_LIMITS,CORE,REF:EVENT:BA:event:806:006,1,134,6
BA:event:806:007,event,MANDATORY_COMPLETE_REVIEW,02_CANONICAL_STORIES/EVENT/EVENT_806/EPISODE_007_10005040.md,3319544e9b629bac63ecf00b24e183bab725547fde38249e408143707028c371,ADMITTED,series/blue-archive/02 Sequential Readings/EVENTS/EVENT_806/BLUE_ARCHIVE_EVENT_806_PHASE2_CONTEXTUAL_COMPARISON_20261008.md,REF:CYCLE008_ACCEPTED,REF:CYCLE008_SCOPE,unresolved,,REF:CYCLE008_LIMITS,CORE,REF:EVENT:BA:event:806:007,2,131,6
BA:event:806:008,event,MANDATORY_COMPLETE_REVIEW,02_CANONICAL_STORIES/EVENT/EVENT_806/EPISODE_008_10005050.md,37972f49695ba698ea85a794fd7bb61714a7fe45f0ad3f6ad4967bb63028783f,ADMITTED,series/blue-archive/02 Sequential Readings/EVENTS/EVENT_806/BLUE_ARCHIVE_EVENT_806_PHASE2_CONTEXTUAL_COMPARISON_20261008.md,REF:CYCLE008_ACCEPTED,REF:CYCLE008_SCOPE,unresolved,,REF:CYCLE008_LIMITS,CORE,REF:EVENT:BA:event:806:008,1,79,5
BA:event:806:009,event,MANDATORY_COMPLETE_REVIEW,02_CANONICAL_STORIES/EVENT/EVENT_806/EPISODE_009_10005055.md,5fba4bdc015803b87f771eb98db698c79d78a702948114e2a057cbf132ebf5b1,ADMITTED,series/blue-archive/02 Sequential Readings/EVENTS/EVENT_806/BLUE_ARCHIVE_EVENT_806_PHASE2_CONTEXTUAL_COMPARISON_20261008.md,REF:CYCLE008_ACCEPTED,REF:CYCLE008_SCOPE,unresolved,,REF:CYCLE008_LIMITS,HIGH,REF:EVENT:BA:event:806:009,1,48,2
BA:event:806:010,event,MANDATORY_COMPLETE_REVIEW,02_CANONICAL_STORIES/EVENT/EVENT_806/EPISODE_010_10005060.md,7daefa6c4df82d60ef87ba6c9437ffb68ddfa1f73b66f5ca77a8b24b9d001a99,ADMITTED,series/blue-archive/02 Sequential Readings/EVENTS/EVENT_806/BLUE_ARCHIVE_EVENT_806_PHASE2_CONTEXTUAL_COMPARISON_20261008.md,REF:CYCLE008_ACCEPTED,REF:CYCLE008_SCOPE,unresolved,,REF:CYCLE008_LIMITS,CORE,REF:EVENT:BA:event:806:010,1,18,2
BA:event:806:011,event,MANDATORY_COMPLETE_REVIEW,02_CANONICAL_STORIES/EVENT/EVENT_806/EPISODE_011_10005065.md,c18979f99340fb7efc38cb00debeb15d03a2e181a7896dda64940beeca02ff48,ADMITTED,series/blue-archive/02 Sequential Readings/EVENTS/EVENT_806/BLUE_ARCHIVE_EVENT_806_PHASE2_CONTEXTUAL_COMPARISON_20261008.md,REF:CYCLE008_ACCEPTED,REF:CYCLE008_SCOPE,unresolved,,REF:CYCLE008_LIMITS,CORE,REF:EVENT:BA:event:806:011,2,129,3
BA:event:807:001,event,MANDATORY_COMPLETE_REVIEW,02_CANONICAL_STORIES/EVENT/EVENT_807/EPISODE_001_10006010.md,3f9dee4733b579fb8bf7ac9a3398926bf1a945a3e886bec723354efb7a40ea89,ADMITTED,series/blue-archive/02 Sequential Readings/EVENTS/EVENT_807/BLUE_ARCHIVE_EVENT_807_PHASE2_CONTEXTUAL_COMPARISON_20261008.md,REF:ORIGINAL_ADMISSION_RECORD_0020,REF:ORIGINAL_ADMITTED_CLAIM_SCOPE_0172,UNRESOLVED_MAIN_PLACEMENT,"Single rehearsal context;2021 release is documentary, no main placement.",REF:ORIGINAL_ATTRIBUTION_LIMITS_0173,HIGH,REF:EVENT:BA:event:807:001,1,11,0
BA:event:808:001,event,MANDATORY_COMPLETE_REVIEW,02_CANONICAL_STORIES/EVENT/EVENT_808/EPISODE_001_10007005.md,00e6620ab711c60b571960738baa699b1e4b55003b34cd580c7101899432f35c,ADMITTED,series/blue-archive/02 Sequential Readings/EVENTS/EVENT_808/BLUE_ARCHIVE_EVENT_808_PHASE2_CONTEXTUAL_COMPARISON_20261008.md,REF:CYCLE008_ACCEPTED,REF:CYCLE008_SCOPE,unresolved,,REF:CYCLE008_LIMITS,CORE,REF:EVENT:BA:event:808:001,1,118,0
BA:event:808:002,event,MANDATORY_COMPLETE_REVIEW,02_CANONICAL_STORIES/EVENT/EVENT_808/EPISODE_002_10007010.md,1478529c6956716686ff0f6e0a43aa66c55e1381a899da5fdcc9c791ebecbad6,ADMITTED,series/blue-archive/02 Sequential Readings/EVENTS/EVENT_808/BLUE_ARCHIVE_EVENT_808_PHASE2_CONTEXTUAL_COMPARISON_20261008.md,REF:CYCLE008_ACCEPTED,REF:CYCLE008_SCOPE,unresolved,,REF:CYCLE008_LIMITS,CORE,REF:EVENT:BA:event:808:002,1,50,4
BA:event:808:003,event,MANDATORY_COMPLETE_REVIEW,02_CANONICAL_STORIES/EVENT/EVENT_808/EPISODE_003_10007025.md,8fa68190f509455bf37bdeb3b4e90dee9aa728f4656555b5f4eec1923c6cdb90,ADMITTED,series/blue-archive/02 Sequential Readings/EVENTS/EVENT_808/BLUE_ARCHIVE_EVENT_808_PHASE2_CONTEXTUAL_COMPARISON_20261008.md,REF:CYCLE008_ACCEPTED,REF:CYCLE008_SCOPE,unresolved,,REF:CYCLE008_LIMITS,CORE,REF:EVENT:BA:event:808:003,1,88,5
BA:event:808:004,event,MANDATORY_COMPLETE_REVIEW,02_CANONICAL_STORIES/EVENT/EVENT_808/EPISODE_004_10007030.md,90772e1672459bedd978b240bb39d26878f4c23ea8fcbece716506f7167b6402,ADMITTED,series/blue-archive/02 Sequential Readings/EVENTS/EVENT_808/BLUE_ARCHIVE_EVENT_808_PHASE2_CONTEXTUAL_COMPARISON_20261008.md,REF:CYCLE008_ACCEPTED,REF:CYCLE008_SCOPE,unresolved,,REF:CYCLE008_LIMITS,CORE,REF:EVENT:BA:event:808:004,1,55,7
BA:event:808:005,event,MANDATORY_COMPLETE_REVIEW,02_CANONICAL_STORIES/EVENT/EVENT_808/EPISODE_005_10007045.md,38981bb7fb1863ebb9165a985ec27ff1c4358c07f96ded86d36686fdd853d1bb,ADMITTED,series/blue-archive/02 Sequential Readings/EVENTS/EVENT_808/BLUE_ARCHIVE_EVENT_808_PHASE2_CONTEXTUAL_COMPARISON_20261008.md,REF:CYCLE008_ACCEPTED,REF:CYCLE008_SCOPE,unresolved,,REF:CYCLE008_LIMITS,CORE,REF:EVENT:BA:event:808:005,1,30,2
BA:event:808:006,event,MANDATORY_COMPLETE_REVIEW,02_CANONICAL_STORIES/EVENT/EVENT_808/EPISODE_006_10007050.md,8c136a3a57a33b1ea6496336cd392ecf74098b135ad82c72bf79d16583c1c1ee,ADMITTED,series/blue-archive/02 Sequential Readings/EVENTS/EVENT_808/BLUE_ARCHIVE_EVENT_808_PHASE2_CONTEXTUAL_COMPARISON_20261008.md,REF:CYCLE008_ACCEPTED,REF:CYCLE008_SCOPE,unresolved,,REF:CYCLE008_LIMITS,CORE,REF:EVENT:BA:event:808:006,2,68,3
BA:event:808:007,event,MANDATORY_COMPLETE_REVIEW,02_CANONICAL_STORIES/EVENT/EVENT_808/EPISODE_007_10007065.md,c42792c0204801a9251236f8319f6fe839a61a0614f5785a4e140de061a6a685,ADMITTED,series/blue-archive/02 Sequential Readings/EVENTS/EVENT_808/BLUE_ARCHIVE_EVENT_808_PHASE2_CONTEXTUAL_COMPARISON_20261008.md,REF:CYCLE008_ACCEPTED,REF:CYCLE008_SCOPE,unresolved,,REF:CYCLE008_LIMITS,CORE,REF:EVENT:BA:event:808:007,1,69,4
BA:event:808:008,event,MANDATORY_COMPLETE_REVIEW,02_CANONICAL_STORIES/EVENT/EVENT_808/EPISODE_008_10007070.md,d4078c0045d7e7e01a4005e6ea38ad3fa87315ace8f1b8fca93e901c932aa9c6,ADMITTED,series/blue-archive/02 Sequential Readings/EVENTS/EVENT_808/BLUE_ARCHIVE_EVENT_808_PHASE2_CONTEXTUAL_COMPARISON_20261008.md,REF:CYCLE008_ACCEPTED,REF:CYCLE008_SCOPE,unresolved,,REF:CYCLE008_LIMITS,CORE,REF:EVENT:BA:event:808:008,1,44,9
BA:event:808:009,event,MANDATORY_COMPLETE_REVIEW,02_CANONICAL_STORIES/EVENT/EVENT_808/EPISODE_009_10007080.md,4ee9a6142f3076d54c7913c7629a708d7eb3c3cd4926f374877a350e0f9efa1b,ADMITTED,series/blue-archive/02 Sequential Readings/EVENTS/EVENT_808/BLUE_ARCHIVE_EVENT_808_PHASE2_CONTEXTUAL_COMPARISON_20261008.md,REF:CYCLE008_ACCEPTED,REF:CYCLE008_SCOPE,unresolved,,REF:CYCLE008_LIMITS,CORE,REF:EVENT:BA:event:808:009,1,91,3
BA:event:808:010,event,MANDATORY_COMPLETE_REVIEW,02_CANONICAL_STORIES/EVENT/EVENT_808/EPISODE_010_10007090.md,0570496e41be0c0fa9e83924696c503c6a597de9d6efa5d124b9916c9860abe3,ADMITTED,series/blue-archive/02 Sequential Readings/EVENTS/EVENT_808/BLUE_ARCHIVE_EVENT_808_PHASE2_CONTEXTUAL_COMPARISON_20261008.md,REF:CYCLE008_ACCEPTED,REF:CYCLE008_SCOPE,unresolved,,REF:CYCLE008_LIMITS,CORE,REF:EVENT:BA:event:808:010,1,66,0
BA:event:808:011,event,MANDATORY_COMPLETE_REVIEW,02_CANONICAL_STORIES/EVENT/EVENT_808/EPISODE_011_10007105.md,b0b4582fd1bef9ed61e63bd9d0dd905cd4808df0066cfa695f12d1d8b8936ce9,ADMITTED,series/blue-archive/02 Sequential Readings/EVENTS/EVENT_808/BLUE_ARCHIVE_EVENT_808_PHASE2_CONTEXTUAL_COMPARISON_20261008.md,REF:CYCLE008_ACCEPTED,REF:CYCLE008_SCOPE,unresolved,,REF:CYCLE008_LIMITS,CORE,REF:EVENT:BA:event:808:011,1,66,3
BA:event:808:012,event,MANDATORY_COMPLETE_REVIEW,02_CANONICAL_STORIES/EVENT/EVENT_808/EPISODE_012_10007115.md,b0b60caf87f57b763785fa7906977e336956cf78822083845397cb0057806645,ADMITTED,series/blue-archive/02 Sequential Readings/EVENTS/EVENT_808/BLUE_ARCHIVE_EVENT_808_PHASE2_CONTEXTUAL_COMPARISON_20261008.md,REF:CYCLE008_ACCEPTED,REF:CYCLE008_SCOPE,unresolved,,REF:CYCLE008_LIMITS,CORE,REF:EVENT:BA:event:808:012,1,69,4
BA:event:809:001,event,MANDATORY_COMPLETE_REVIEW,02_CANONICAL_STORIES/EVENT/EVENT_809/EPISODE_001_10008005.md,489adf9d22ff8edfe8e906e7189bed0319894583672f0e6e184b6ff91e6ed61d,ADMITTED,series/blue-archive/02 Sequential Readings/EVENTS/EVENT_809/BLUE_ARCHIVE_EVENT_809_PHASE2_CONTEXTUAL_COMPARISON_20261008.md,REF:CYCLE008_ACCEPTED,REF:CYCLE008_SCOPE,unresolved,,REF:CYCLE008_LIMITS,CORE,REF:EVENT:BA:event:809:001,1,69,0
BA:event:809:002,event,MANDATORY_COMPLETE_REVIEW,02_CANONICAL_STORIES/EVENT/EVENT_809/EPISODE_002_10008010.md,c52e91082d8ca7fbef51084adee42837e025319771dab8fde0f1a67f42d4db6f,ADMITTED,series/blue-archive/02 Sequential Readings/EVENTS/EVENT_809/BLUE_ARCHIVE_EVENT_809_PHASE2_CONTEXTUAL_COMPARISON_20261008.md,REF:CYCLE008_ACCEPTED,REF:CYCLE008_SCOPE,unresolved,,REF:CYCLE008_LIMITS,CORE,REF:EVENT:BA:event:809:002,1,202,13
BA:event:809:003,event,MANDATORY_COMPLETE_REVIEW,02_CANONICAL_STORIES/EVENT/EVENT_809/EPISODE_003_10008025.md,47d3a1d26474dce86487d540b314a3aaa1bbff40020ac548580ec73bd896f53f,ADMITTED,series/blue-archive/02 Sequential Readings/EVENTS/EVENT_809/BLUE_ARCHIVE_EVENT_809_PHASE2_CONTEXTUAL_COMPARISON_20261008.md,REF:CYCLE008_ACCEPTED,REF:CYCLE008_SCOPE,unresolved,,REF:CYCLE008_LIMITS,CORE,REF:EVENT:BA:event:809:003,1,75,4
BA:event:809:004,event,MANDATORY_COMPLETE_REVIEW,02_CANONICAL_STORIES/EVENT/EVENT_809/EPISODE_004_10008030.md,44758eecdc365a13c0658304392586520be7aef02bb5fa8079359f918e4a03d2,ADMITTED,series/blue-archive/02 Sequential Readings/EVENTS/EVENT_809/BLUE_ARCHIVE_EVENT_809_PHASE2_CONTEXTUAL_COMPARISON_20261008.md,REF:CYCLE008_ACCEPTED,REF:CYCLE008_SCOPE,unresolved,,REF:CYCLE008_LIMITS,CORE,REF:EVENT:BA:event:809:004,1,35,0
BA:event:809:005,event,MANDATORY_COMPLETE_REVIEW,02_CANONICAL_STORIES/EVENT/EVENT_809/EPISODE_005_10008035.md,cbb4f5674eacccf3d956698834591982539239722ccf6d292f6bafb23ba938e2,ADMITTED,series/blue-archive/02 Sequential Readings/EVENTS/EVENT_809/BLUE_ARCHIVE_EVENT_809_PHASE2_CONTEXTUAL_COMPARISON_20261008.md,REF:CYCLE008_ACCEPTED,REF:CYCLE008_SCOPE,unresolved,,REF:CYCLE008_LIMITS,CORE,REF:EVENT:BA:event:809:005,1,9,0
BA:event:809:006,event,MANDATORY_COMPLETE_REVIEW,02_CANONICAL_STORIES/EVENT/EVENT_809/EPISODE_006_10008040.md,1643b2d6c8651292b9a04a07ac0befdb977c4ac33b574212deea9b0f1b897e80,ADMITTED,series/blue-archive/02 Sequential Readings/EVENTS/EVENT_809/BLUE_ARCHIVE_EVENT_809_PHASE2_CONTEXTUAL_COMPARISON_20261008.md,REF:CYCLE008_ACCEPTED,REF:CYCLE008_SCOPE,unresolved,,REF:CYCLE008_LIMITS,CORE,REF:EVENT:BA:event:809:006,1,16,0
BA:event:809:007,event,MANDATORY_COMPLETE_REVIEW,02_CANONICAL_STORIES/EVENT/EVENT_809/EPISODE_007_10008045.md,7f84eb890a0e4ed2357684b61dc1bf613f2ee703fa94201c832b845d4c3f3eaf,ADMITTED,series/blue-archive/02 Sequential Readings/EVENTS/EVENT_809/BLUE_ARCHIVE_EVENT_809_PHASE2_CONTEXTUAL_COMPARISON_20261008.md,REF:CYCLE008_ACCEPTED,REF:CYCLE008_SCOPE,unresolved,,REF:CYCLE008_LIMITS,CORE,REF:EVENT:BA:event:809:007,1,68,2
BA:event:809:008,event,MANDATORY_COMPLETE_REVIEW,02_CANONICAL_STORIES/EVENT/EVENT_809/EPISODE_008_10008050.md,8cfc8ac50cd138d72bd913006d0faec7b75df50780fb0fd1caaf5c804613d526,ADMITTED,series/blue-archive/02 Sequential Readings/EVENTS/EVENT_809/BLUE_ARCHIVE_EVENT_809_PHASE2_CONTEXTUAL_COMPARISON_20261008.md,REF:CYCLE008_ACCEPTED,REF:CYCLE008_SCOPE,unresolved,,REF:CYCLE008_LIMITS,CORE,REF:EVENT:BA:event:809:008,1,38,4
BA:event:809:009,event,MANDATORY_COMPLETE_REVIEW,02_CANONICAL_STORIES/EVENT/EVENT_809/EPISODE_009_10008055.md,c0ac8af111559e9d24e2f4c5cb22278cb2877ba61475e947e9a61b4122869b94,ADMITTED,series/blue-archive/02 Sequential Readings/EVENTS/EVENT_809/BLUE_ARCHIVE_EVENT_809_PHASE2_CONTEXTUAL_COMPARISON_20261008.md,REF:CYCLE008_ACCEPTED,REF:CYCLE008_SCOPE,unresolved,,REF:CYCLE008_LIMITS,CORE,REF:EVENT:BA:event:809:009,1,87,11
BA:event:809:010,event,MANDATORY_COMPLETE_REVIEW,02_CANONICAL_STORIES/EVENT/EVENT_809/EPISODE_010_10008060.md,523dc03f89657a51095d7542dcadf372af4e27e9af856ac9a20fadf53684218e,ADMITTED,series/blue-archive/02 Sequential Readings/EVENTS/EVENT_809/BLUE_ARCHIVE_EVENT_809_PHASE2_CONTEXTUAL_COMPARISON_20261008.md,REF:CYCLE008_ACCEPTED,REF:CYCLE008_SCOPE,unresolved,,REF:CYCLE008_LIMITS,CORE,REF:EVENT:BA:event:809:010,2,81,3
BA:event:809:011,event,MANDATORY_COMPLETE_REVIEW,02_CANONICAL_STORIES/EVENT/EVENT_809/EPISODE_011_10008070.md,349ba3791a68fb2707454a18a49bd730bf22b7e2700a4b323124e38296481eaa,ADMITTED,series/blue-archive/02 Sequential Readings/EVENTS/EVENT_809/BLUE_ARCHIVE_EVENT_809_PHASE2_CONTEXTUAL_COMPARISON_20261008.md,REF:CYCLE008_ACCEPTED,REF:CYCLE008_SCOPE,unresolved,,REF:CYCLE008_LIMITS,CORE,REF:EVENT:BA:event:809:011,1,53,4
BA:event:809:012,event,MANDATORY_COMPLETE_REVIEW,02_CANONICAL_STORIES/EVENT/EVENT_809/EPISODE_012_10008080.md,4e4882598bb8393d561a29ad27d722f48ed81f8f98aa0aba7edb9b76d4473467,ADMITTED,series/blue-archive/02 Sequential Readings/EVENTS/EVENT_809/BLUE_ARCHIVE_EVENT_809_PHASE2_CONTEXTUAL_COMPARISON_20261008.md,REF:CYCLE008_ACCEPTED,REF:CYCLE008_SCOPE,unresolved,,REF:CYCLE008_LIMITS,CORE,REF:EVENT:BA:event:809:012,1,44,2
BA:event:809:013,event,MANDATORY_COMPLETE_REVIEW,02_CANONICAL_STORIES/EVENT/EVENT_809/EPISODE_013_10008090.md,e858aaf432011861d0b33369a7bb5b9766efbf698e787e448d3ab09458bcc5fa,ADMITTED,series/blue-archive/02 Sequential Readings/EVENTS/EVENT_809/BLUE_ARCHIVE_EVENT_809_PHASE2_CONTEXTUAL_COMPARISON_20261008.md,REF:CYCLE008_ACCEPTED,REF:CYCLE008_SCOPE,unresolved,,REF:CYCLE008_LIMITS,CORE,REF:EVENT:BA:event:809:013,1,69,4
BA:event:809:014,event,MANDATORY_COMPLETE_REVIEW,02_CANONICAL_STORIES/EVENT/EVENT_809/EPISODE_014_10008100.md,42eeb3f73c94eeb650348a01262a3c732b5b561526fefe5a9ae72f5ed657bd73,ADMITTED,series/blue-archive/02 Sequential Readings/EVENTS/EVENT_809/BLUE_ARCHIVE_EVENT_809_PHASE2_CONTEXTUAL_COMPARISON_20261008.md,REF:CYCLE008_ACCEPTED,REF:CYCLE008_SCOPE,unresolved,,REF:CYCLE008_LIMITS,CORE,REF:EVENT:BA:event:809:014,1,49,2
BA:event:809:015,event,MANDATORY_COMPLETE_REVIEW,02_CANONICAL_STORIES/EVENT/EVENT_809/EPISODE_015_10008110.md,2fe96f72e7425d3d31e17613d7c4fadf6cde8c8143bc44008db08c846e2dcaab,ADMITTED,series/blue-archive/02 Sequential Readings/EVENTS/EVENT_809/BLUE_ARCHIVE_EVENT_809_PHASE2_CONTEXTUAL_COMPARISON_20261008.md,REF:CYCLE008_ACCEPTED,REF:CYCLE008_SCOPE,unresolved,,REF:CYCLE008_LIMITS,CORE,REF:EVENT:BA:event:809:015,1,44,1
BA:event:809:016,event,MANDATORY_COMPLETE_REVIEW,02_CANONICAL_STORIES/EVENT/EVENT_809/EPISODE_016_10008115.md,1049b1d5136a3daf00dfbccf1ade7858e8f6299fa71d8fb08d28c0b9e5838348,ADMITTED,series/blue-archive/02 Sequential Readings/EVENTS/EVENT_809/BLUE_ARCHIVE_EVENT_809_PHASE2_CONTEXTUAL_COMPARISON_20261008.md,REF:CYCLE008_ACCEPTED,REF:CYCLE008_SCOPE,unresolved,,REF:CYCLE008_LIMITS,CORE,REF:EVENT:BA:event:809:016,1,32,3
BA:event:809:017,event,MANDATORY_COMPLETE_REVIEW,02_CANONICAL_STORIES/EVENT/EVENT_809/EPISODE_017_10008120.md,13666cb0f70265844836bdf0d4a9d2726fca1b789c9e27ec6df13ea09352f670,ADMITTED,series/blue-archive/02 Sequential Readings/EVENTS/EVENT_809/BLUE_ARCHIVE_EVENT_809_PHASE2_CONTEXTUAL_COMPARISON_20261008.md,REF:CYCLE008_ACCEPTED,REF:CYCLE008_SCOPE,unresolved,,REF:CYCLE008_LIMITS,CORE,REF:EVENT:BA:event:809:017,1,27,3
BA:event:809:018,event,MANDATORY_COMPLETE_REVIEW,02_CANONICAL_STORIES/EVENT/EVENT_809/EPISODE_018_10008125.md,cea7c4f8ec51e99ce881a1e2236526d248f270ac10c55c3797d16e536b90f6ce,ADMITTED,series/blue-archive/02 Sequential Readings/EVENTS/EVENT_809/BLUE_ARCHIVE_EVENT_809_PHASE2_CONTEXTUAL_COMPARISON_20261008.md,REF:CYCLE008_ACCEPTED,REF:CYCLE008_SCOPE,unresolved,,REF:CYCLE008_LIMITS,CORE,REF:EVENT:BA:event:809:018,1,17,1
BA:event:809:019,event,MANDATORY_COMPLETE_REVIEW,02_CANONICAL_STORIES/EVENT/EVENT_809/EPISODE_019_10008130.md,14e360727bb80b62ea6daa35c73bcb77f5e3812b8a0b22c3edd8f4ca645b67d4,ADMITTED,series/blue-archive/02 Sequential Readings/EVENTS/EVENT_809/BLUE_ARCHIVE_EVENT_809_PHASE2_CONTEXTUAL_COMPARISON_20261008.md,REF:CYCLE008_ACCEPTED,REF:CYCLE008_SCOPE,unresolved,,REF:CYCLE008_LIMITS,CORE,REF:EVENT:BA:event:809:019,1,15,1
BA:event:809:020,event,MANDATORY_COMPLETE_REVIEW,02_CANONICAL_STORIES/EVENT/EVENT_809/EPISODE_020_10008135.md,b6af78d13a265d10e0c02c0f576a3e78b907d73fd959609a43d85ffdc43bc74f,ADMITTED,series/blue-archive/02 Sequential Readings/EVENTS/EVENT_809/BLUE_ARCHIVE_EVENT_809_PHASE2_CONTEXTUAL_COMPARISON_20261008.md,REF:CYCLE008_ACCEPTED,REF:CYCLE008_SCOPE,unresolved,,REF:CYCLE008_LIMITS,CORE,REF:EVENT:BA:event:809:020,1,53,7
BA:event:810:001,event,MANDATORY_COMPLETE_REVIEW,02_CANONICAL_STORIES/EVENT/EVENT_810/EPISODE_001_10009000.md,77d27ff9a9037d1ad7c6195b05052c5defe5c4160acdcc0388a65b2e0d93ba3d,ADMITTED,series/blue-archive/02 Sequential Readings/EVENTS/EVENT_810/BLUE_ARCHIVE_EVENT_810_PHASE2_CONTEXTUAL_COMPARISON_20261008.md,REF:CYCLE008_ACCEPTED,REF:CYCLE008_SCOPE,unresolved,,REF:CYCLE008_LIMITS,CORE,REF:EVENT:BA:event:810:001,3,51,6
BA:event:810:001:118,event,MANDATORY_COMPLETE_REVIEW,02_CANONICAL_STORIES/EVENT/EVENT_810/EPISODE_001_80000001.md,6c9c326cc8531657c4fbee909c642a7f6e6422f8b2e5593ef1c375ae86960c45,ADMITTED,series/blue-archive/02 Sequential Readings/EVENTS/EVENT_810/BLUE_ARCHIVE_EVENT_810_PHASE2_CONTEXTUAL_COMPARISON_20261008.md,REF:CYCLE008_ACCEPTED,REF:CYCLE008_SCOPE,unresolved,,REF:CYCLE008_LIMITS,CORE,REF:EVENT:BA:event:810:001:118,1,31,5
BA:event:810:002,event,MANDATORY_COMPLETE_REVIEW,02_CANONICAL_STORIES/EVENT/EVENT_810/EPISODE_002_10009005.md,244fc7e13ed3ea3261f1a15e360ad1b01128afdaf18f8b1ba094a568679e5a2d,ADMITTED,series/blue-archive/02 Sequential Readings/EVENTS/EVENT_810/BLUE_ARCHIVE_EVENT_810_PHASE2_CONTEXTUAL_COMPARISON_20261008.md,REF:CYCLE008_ACCEPTED,REF:CYCLE008_SCOPE,unresolved,,REF:CYCLE008_LIMITS,CORE,REF:EVENT:BA:event:810:002,1,111,14
BA:event:810:002:119,event,MANDATORY_COMPLETE_REVIEW,02_CANONICAL_STORIES/EVENT/EVENT_810/EPISODE_002_80000002.md,fcd42d46fb724d345154262facb29e7c7d908ce5dd37b832f937885346ff9dea,ADMITTED,series/blue-archive/02 Sequential Readings/EVENTS/EVENT_810/BLUE_ARCHIVE_EVENT_810_PHASE2_CONTEXTUAL_COMPARISON_20261008.md,REF:CYCLE008_ACCEPTED,REF:CYCLE008_SCOPE,unresolved,,REF:CYCLE008_LIMITS,CORE,REF:EVENT:BA:event:810:002:119,1,32,5
BA:event:810:003,event,MANDATORY_COMPLETE_REVIEW,02_CANONICAL_STORIES/EVENT/EVENT_810/EPISODE_003_10009075.md,b66deb64933b4c1660b487ca2e0746962822ce9a702756ab759c152b299a6fe2,ADMITTED,series/blue-archive/02 Sequential Readings/EVENTS/EVENT_810/BLUE_ARCHIVE_EVENT_810_PHASE2_CONTEXTUAL_COMPARISON_20261008.md,REF:CYCLE008_ACCEPTED,REF:CYCLE008_SCOPE,unresolved,,REF:CYCLE008_LIMITS,CORE,REF:EVENT:BA:event:810:003,1,62,10
BA:event:810:003:120,event,MANDATORY_COMPLETE_REVIEW,02_CANONICAL_STORIES/EVENT/EVENT_810/EPISODE_003_80000003.md,d72a3bc0c4b85eb571aebd7350ecab43da6e13cd6c623044e9b291e0271c52f5,ADMITTED,series/blue-archive/02 Sequential Readings/EVENTS/EVENT_810/BLUE_ARCHIVE_EVENT_810_PHASE2_CONTEXTUAL_COMPARISON_20261008.md,REF:CYCLE008_ACCEPTED,REF:CYCLE008_SCOPE,unresolved,,REF:CYCLE008_LIMITS,CORE,REF:EVENT:BA:event:810:003:120,1,29,7
BA:event:810:004,event,MANDATORY_COMPLETE_REVIEW,02_CANONICAL_STORIES/EVENT/EVENT_810/EPISODE_004_10009080.md,e82319d79d77407c3200b6ccf20945036a362d920d22616fb254d8fa14614a02,ADMITTED,series/blue-archive/02 Sequential Readings/EVENTS/EVENT_810/BLUE_ARCHIVE_EVENT_810_PHASE2_CONTEXTUAL_COMPARISON_20261008.md,REF:CYCLE008_ACCEPTED,REF:CYCLE008_SCOPE,unresolved,,REF:CYCLE008_LIMITS,CORE,REF:EVENT:BA:event:810:004,1,41,0
BA:event:810:004:121,event,MANDATORY_COMPLETE_REVIEW,02_CANONICAL_STORIES/EVENT/EVENT_810/EPISODE_004_80000004.md,54983900cb5d7ce347d59103e09365e7f294d2af2737d4b814d463673024a536,ADMITTED,series/blue-archive/02 Sequential Readings/EVENTS/EVENT_810/BLUE_ARCHIVE_EVENT_810_PHASE2_CONTEXTUAL_COMPARISON_20261008.md,REF:CYCLE008_ACCEPTED,REF:CYCLE008_SCOPE,unresolved,,REF:CYCLE008_LIMITS,CORE,REF:EVENT:BA:event:810:004:121,1,19,2
BA:event:810:005,event,MANDATORY_COMPLETE_REVIEW,02_CANONICAL_STORIES/EVENT/EVENT_810/EPISODE_005_10009090.md,79a1687e3f83f6e1d64d33d76f90ee02679345e743b20b4a72447c46f1cb7cc3,ADMITTED,series/blue-archive/02 Sequential Readings/EVENTS/EVENT_810/BLUE_ARCHIVE_EVENT_810_PHASE2_CONTEXTUAL_COMPARISON_20261008.md,REF:CYCLE008_ACCEPTED,REF:CYCLE008_SCOPE,unresolved,,REF:CYCLE008_LIMITS,CORE,REF:EVENT:BA:event:810:005,1,24,0
BA:event:810:005:122,event,MANDATORY_COMPLETE_REVIEW,02_CANONICAL_STORIES/EVENT/EVENT_810/EPISODE_005_80000005.md,9555ca1bdd144e4a416be154c5410922f544527017916a2a72a3e205be01f9b0,ADMITTED,series/blue-archive/02 Sequential Readings/EVENTS/EVENT_810/BLUE_ARCHIVE_EVENT_810_PHASE2_CONTEXTUAL_COMPARISON_20261008.md,REF:CYCLE008_ACCEPTED,REF:CYCLE008_SCOPE,unresolved,,REF:CYCLE008_LIMITS,CORE,REF:EVENT:BA:event:810:005:122,1,23,4
BA:event:810:006,event,MANDATORY_COMPLETE_REVIEW,02_CANONICAL_STORIES/EVENT/EVENT_810/EPISODE_006_10009100.md,bd203d5b1e3bc20580d6b289ba63a8345b9527f428ca7c481b7f363e14dfcd23,ADMITTED,series/blue-archive/02 Sequential Readings/EVENTS/EVENT_810/BLUE_ARCHIVE_EVENT_810_PHASE2_CONTEXTUAL_COMPARISON_20261008.md,REF:CYCLE008_ACCEPTED,REF:CYCLE008_SCOPE,unresolved,,REF:CYCLE008_LIMITS,CORE,REF:EVENT:BA:event:810:006,1,41,0
BA:event:810:006:123,event,MANDATORY_COMPLETE_REVIEW,02_CANONICAL_STORIES/EVENT/EVENT_810/EPISODE_006_80000006.md,ba7d9e9ae32c38bc2cc77fbe277c6758ca85adf0e88a4682f3b0646891c970b5,ADMITTED,series/blue-archive/02 Sequential Readings/EVENTS/EVENT_810/BLUE_ARCHIVE_EVENT_810_PHASE2_CONTEXTUAL_COMPARISON_20261008.md,REF:CYCLE008_ACCEPTED,REF:CYCLE008_SCOPE,unresolved,,REF:CYCLE008_LIMITS,CORE,REF:EVENT:BA:event:810:006:123,1,25,2
BA:event:810:007,event,MANDATORY_COMPLETE_REVIEW,02_CANONICAL_STORIES/EVENT/EVENT_810/EPISODE_007_10009110.md,2b6fbdab778f9eea89a2b03ff02e056e3e94ba4ce7868df61f3fcade3d085ed7,ADMITTED,series/blue-archive/02 Sequential Readings/EVENTS/EVENT_810/BLUE_ARCHIVE_EVENT_810_PHASE2_CONTEXTUAL_COMPARISON_20261008.md,REF:CYCLE008_ACCEPTED,REF:CYCLE008_SCOPE,unresolved,,REF:CYCLE008_LIMITS,CORE,REF:EVENT:BA:event:810:007,1,37,0
BA:event:810:007:124,event,MANDATORY_COMPLETE_REVIEW,02_CANONICAL_STORIES/EVENT/EVENT_810/EPISODE_007_80000007.md,d2be44e36dd5536cb33d0f718f275110ca6ca53062d3d4c9308caf74d7f55001,ADMITTED,series/blue-archive/02 Sequential Readings/EVENTS/EVENT_810/BLUE_ARCHIVE_EVENT_810_PHASE2_CONTEXTUAL_COMPARISON_20261008.md,REF:CYCLE008_ACCEPTED,REF:CYCLE008_SCOPE,unresolved,,REF:CYCLE008_LIMITS,CORE,REF:EVENT:BA:event:810:007:124,1,26,5
BA:event:810:008,event,MANDATORY_COMPLETE_REVIEW,02_CANONICAL_STORIES/EVENT/EVENT_810/EPISODE_008_10009120.md,0fd52ed6657bcaae64cdce7e37a1910d4cd8b33d6e7efb1cb18a871a5158e641,ADMITTED,series/blue-archive/02 Sequential Readings/EVENTS/EVENT_810/BLUE_ARCHIVE_EVENT_810_PHASE2_CONTEXTUAL_COMPARISON_20261008.md,REF:CYCLE008_ACCEPTED,REF:CYCLE008_SCOPE,unresolved,,REF:CYCLE008_LIMITS,CORE,REF:EVENT:BA:event:810:008,1,30,0
BA:event:810:008:125,event,MANDATORY_COMPLETE_REVIEW,02_CANONICAL_STORIES/EVENT/EVENT_810/EPISODE_008_80000008.md,1ec379cdfd62499c8743cbff63cd9e2e8db2e6960b20ff48a89ef421f8ab9d50,ADMITTED,series/blue-archive/02 Sequential Readings/EVENTS/EVENT_810/BLUE_ARCHIVE_EVENT_810_PHASE2_CONTEXTUAL_COMPARISON_20261008.md,REF:CYCLE008_ACCEPTED,REF:CYCLE008_SCOPE,unresolved,,REF:CYCLE008_LIMITS,CORE,REF:EVENT:BA:event:810:008:125,1,25,6
BA:event:810:009,event,MANDATORY_COMPLETE_REVIEW,02_CANONICAL_STORIES/EVENT/EVENT_810/EPISODE_009_10009130.md,18f0e2a155badb3f6ea382c4c37bb82c30bf6970b101c4dcc453b8d5aeac6352,ADMITTED,series/blue-archive/02 Sequential Readings/EVENTS/EVENT_810/BLUE_ARCHIVE_EVENT_810_PHASE2_CONTEXTUAL_COMPARISON_20261008.md,REF:CYCLE008_ACCEPTED,REF:CYCLE008_SCOPE,unresolved,,REF:CYCLE008_LIMITS,CORE,REF:EVENT:BA:event:810:009,1,58,0
BA:event:810:009:126,event,MANDATORY_COMPLETE_REVIEW,02_CANONICAL_STORIES/EVENT/EVENT_810/EPISODE_009_80000009.md,bdecac8f6bf28d1364b72f4e2f5f391808978ff20602ddbe71e4101424c40842,ADMITTED,series/blue-archive/02 Sequential Readings/EVENTS/EVENT_810/BLUE_ARCHIVE_EVENT_810_PHASE2_CONTEXTUAL_COMPARISON_20261008.md,REF:CYCLE008_ACCEPTED,REF:CYCLE008_SCOPE,unresolved,,REF:CYCLE008_LIMITS,CORE,REF:EVENT:BA:event:810:009:126,1,19,3
BA:event:810:010,event,MANDATORY_COMPLETE_REVIEW,02_CANONICAL_STORIES/EVENT/EVENT_810/EPISODE_010_80000010.md,037a32ea367e4672a17daf800c4a27acb9e4bd45080d74950047bcd2cc96b777,ADMITTED,series/blue-archive/02 Sequential Readings/EVENTS/EVENT_810/BLUE_ARCHIVE_EVENT_810_PHASE2_CONTEXTUAL_COMPARISON_20261008.md,REF:CYCLE008_ACCEPTED,REF:CYCLE008_SCOPE,unresolved,,REF:CYCLE008_LIMITS,CORE,REF:EVENT:BA:event:810:010,1,37,3
BA:event:810:011,event,MANDATORY_COMPLETE_REVIEW,02_CANONICAL_STORIES/EVENT/EVENT_810/EPISODE_011_80000011.md,46b392a878985be69d465959475abff3a86487608a117df8048717911ead0b63,ADMITTED,series/blue-archive/02 Sequential Readings/EVENTS/EVENT_810/BLUE_ARCHIVE_EVENT_810_PHASE2_CONTEXTUAL_COMPARISON_20261008.md,REF:CYCLE008_ACCEPTED,REF:CYCLE008_SCOPE,unresolved,,REF:CYCLE008_LIMITS,CORE,REF:EVENT:BA:event:810:011,1,28,4
BA:event:810:012,event,MANDATORY_COMPLETE_REVIEW,02_CANONICAL_STORIES/EVENT/EVENT_810/EPISODE_012_80000012.md,14bc85bd6e8fa72df7a6e44cab9cdbb486a7359b832e75724c736c0f86187c85,ADMITTED,series/blue-archive/02 Sequential Readings/EVENTS/EVENT_810/BLUE_ARCHIVE_EVENT_810_PHASE2_CONTEXTUAL_COMPARISON_20261008.md,REF:CYCLE008_ACCEPTED,REF:CYCLE008_SCOPE,unresolved,,REF:CYCLE008_LIMITS,CORE,REF:EVENT:BA:event:810:012,2,28,5
BA:event:810:013,event,MANDATORY_COMPLETE_REVIEW,02_CANONICAL_STORIES/EVENT/EVENT_810/EPISODE_013_80000013.md,5c87c259ce13f021b4ae4de2a16519e0157c15609721e20e24751c9eb9e88cfb,ADMITTED,series/blue-archive/02 Sequential Readings/EVENTS/EVENT_810/BLUE_ARCHIVE_EVENT_810_PHASE2_CONTEXTUAL_COMPARISON_20261008.md,REF:CYCLE008_ACCEPTED,REF:CYCLE008_SCOPE,unresolved,,REF:CYCLE008_LIMITS,CORE,REF:EVENT:BA:event:810:013,2,23,3
BA:event:810:014,event,MANDATORY_COMPLETE_REVIEW,02_CANONICAL_STORIES/EVENT/EVENT_810/EPISODE_014_80000014.md,5065b4f4c43be51b8f5e08931b14a6ab78b0089ba98f7ed27c34957e7e88de7b,ADMITTED,series/blue-archive/02 Sequential Readings/EVENTS/EVENT_810/BLUE_ARCHIVE_EVENT_810_PHASE2_CONTEXTUAL_COMPARISON_20261008.md,REF:CYCLE008_ACCEPTED,REF:CYCLE008_SCOPE,unresolved,,REF:CYCLE008_LIMITS,CORE,REF:EVENT:BA:event:810:014,1,19,2
BA:event:810:015,event,MANDATORY_COMPLETE_REVIEW,02_CANONICAL_STORIES/EVENT/EVENT_810/EPISODE_015_80000015.md,e86822f0fb63df38f1117355dba7397d684296a6e1282d351b5abe5695ed4721,ADMITTED,series/blue-archive/02 Sequential Readings/EVENTS/EVENT_810/BLUE_ARCHIVE_EVENT_810_PHASE2_CONTEXTUAL_COMPARISON_20261008.md,REF:CYCLE008_ACCEPTED,REF:CYCLE008_SCOPE,unresolved,,REF:CYCLE008_LIMITS,CORE,REF:EVENT:BA:event:810:015,1,16,3
BA:event:810:016,event,MANDATORY_COMPLETE_REVIEW,02_CANONICAL_STORIES/EVENT/EVENT_810/EPISODE_016_80000016.md,4087a39f7365766b297edf8edb30a645603057c544411c36c2ac35f5d6c206d9,ADMITTED,series/blue-archive/02 Sequential Readings/EVENTS/EVENT_810/BLUE_ARCHIVE_EVENT_810_PHASE2_CONTEXTUAL_COMPARISON_20261008.md,REF:CYCLE008_ACCEPTED,REF:CYCLE008_SCOPE,unresolved,,REF:CYCLE008_LIMITS,CORE,REF:EVENT:BA:event:810:016,1,23,5
BA:event:810:017,event,MANDATORY_COMPLETE_REVIEW,02_CANONICAL_STORIES/EVENT/EVENT_810/EPISODE_017_80000017.md,b4018eff9cbad2139fb021f4fb87dc3c7d3be22ad9cc3076c8a55f6e6ba9c615,ADMITTED,series/blue-archive/02 Sequential Readings/EVENTS/EVENT_810/BLUE_ARCHIVE_EVENT_810_PHASE2_CONTEXTUAL_COMPARISON_20261008.md,REF:CYCLE008_ACCEPTED,REF:CYCLE008_SCOPE,unresolved,,REF:CYCLE008_LIMITS,CORE,REF:EVENT:BA:event:810:017,1,28,3
BA:event:810:018,event,MANDATORY_COMPLETE_REVIEW,02_CANONICAL_STORIES/EVENT/EVENT_810/EPISODE_018_80000018.md,e862d2d21261ca5d4bafadb7a1036975d5489ade1484ba5cb4df82179e99a02b,ADMITTED,series/blue-archive/02 Sequential Readings/EVENTS/EVENT_810/BLUE_ARCHIVE_EVENT_810_PHASE2_CONTEXTUAL_COMPARISON_20261008.md,REF:CYCLE008_ACCEPTED,REF:CYCLE008_SCOPE,unresolved,,REF:CYCLE008_LIMITS,CORE,REF:EVENT:BA:event:810:018,2,31,3
BA:event:810:019,event,MANDATORY_COMPLETE_REVIEW,02_CANONICAL_STORIES/EVENT/EVENT_810/EPISODE_019_80000019.md,9548961c06596ca0b053f5735452b0fd71f39eb668a42d3ff4a07e1c2cdfaef4,ADMITTED,series/blue-archive/02 Sequential Readings/EVENTS/EVENT_810/BLUE_ARCHIVE_EVENT_810_PHASE2_CONTEXTUAL_COMPARISON_20261008.md,REF:CYCLE008_ACCEPTED,REF:CYCLE008_SCOPE,unresolved,,REF:CYCLE008_LIMITS,CORE,REF:EVENT:BA:event:810:019,1,22,3
BA:event:810:020,event,MANDATORY_COMPLETE_REVIEW,02_CANONICAL_STORIES/EVENT/EVENT_810/EPISODE_020_80000020.md,b90326ffdd0974a6e4e145e2c555bd8ab407e62dbac32aa973ae0a679a0fb437,ADMITTED,series/blue-archive/02 Sequential Readings/EVENTS/EVENT_810/BLUE_ARCHIVE_EVENT_810_PHASE2_CONTEXTUAL_COMPARISON_20261008.md,REF:CYCLE008_ACCEPTED,REF:CYCLE008_SCOPE,unresolved,,REF:CYCLE008_LIMITS,CORE,REF:EVENT:BA:event:810:020,1,21,6
BA:event:810:021,event,MANDATORY_COMPLETE_REVIEW,02_CANONICAL_STORIES/EVENT/EVENT_810/EPISODE_021_80000021.md,3f7a025d7919e02a42e58b41ab25309aff1e06fe835babc7ee90f4964077b1d9,ADMITTED,series/blue-archive/02 Sequential Readings/EVENTS/EVENT_810/BLUE_ARCHIVE_EVENT_810_PHASE2_CONTEXTUAL_COMPARISON_20261008.md,REF:CYCLE008_ACCEPTED,REF:CYCLE008_SCOPE,unresolved,,REF:CYCLE008_LIMITS,CORE,REF:EVENT:BA:event:810:021,2,17,3
BA:event:810:022,event,MANDATORY_COMPLETE_REVIEW,02_CANONICAL_STORIES/EVENT/EVENT_810/EPISODE_022_80000022.md,70fee764fbd1cf4545fb6ebeaffd35f1fac8c71e1b2e279509633a67b0429086,ADMITTED,series/blue-archive/02 Sequential Readings/EVENTS/EVENT_810/BLUE_ARCHIVE_EVENT_810_PHASE2_CONTEXTUAL_COMPARISON_20261008.md,REF:CYCLE008_ACCEPTED,REF:CYCLE008_SCOPE,unresolved,,REF:CYCLE008_LIMITS,CORE,REF:EVENT:BA:event:810:022,1,21,3
BA:event:810:023,event,MANDATORY_COMPLETE_REVIEW,02_CANONICAL_STORIES/EVENT/EVENT_810/EPISODE_023_80000023.md,e2356aab63f34a68f420541f6026d6a5ee29c3a027d72139040829233a5399d7,ADMITTED,series/blue-archive/02 Sequential Readings/EVENTS/EVENT_810/BLUE_ARCHIVE_EVENT_810_PHASE2_CONTEXTUAL_COMPARISON_20261008.md,REF:CYCLE008_ACCEPTED,REF:CYCLE008_SCOPE,unresolved,,REF:CYCLE008_LIMITS,CORE,REF:EVENT:BA:event:810:023,1,26,5
BA:event:810:024,event,MANDATORY_COMPLETE_REVIEW,02_CANONICAL_STORIES/EVENT/EVENT_810/EPISODE_024_80000024.md,9ec84534012797c1e49540d2d4bad891123fba369e281a472cff56366ad5fc4f,ADMITTED,series/blue-archive/02 Sequential Readings/EVENTS/EVENT_810/BLUE_ARCHIVE_EVENT_810_PHASE2_CONTEXTUAL_COMPARISON_20261008.md,REF:CYCLE008_ACCEPTED,REF:CYCLE008_SCOPE,unresolved,,REF:CYCLE008_LIMITS,CORE,REF:EVENT:BA:event:810:024,1,26,2
BA:event:810:025,event,MANDATORY_COMPLETE_REVIEW,02_CANONICAL_STORIES/EVENT/EVENT_810/EPISODE_025_80000025.md,6214deb7330b44c742adeb12cc86974873914bf6325fd4c087080f01499b9632,ADMITTED,series/blue-archive/02 Sequential Readings/EVENTS/EVENT_810/BLUE_ARCHIVE_EVENT_810_PHASE2_CONTEXTUAL_COMPARISON_20261008.md,REF:CYCLE008_ACCEPTED,REF:CYCLE008_SCOPE,unresolved,,REF:CYCLE008_LIMITS,CORE,REF:EVENT:BA:event:810:025,1,30,4
BA:event:810:026,event,MANDATORY_COMPLETE_REVIEW,02_CANONICAL_STORIES/EVENT/EVENT_810/EPISODE_026_80000026.md,dfb31a8f07b9a7cdea01acec4acb40e2a72821a4275993a31c266bbc13e1e33d,ADMITTED,series/blue-archive/02 Sequential Readings/EVENTS/EVENT_810/BLUE_ARCHIVE_EVENT_810_PHASE2_CONTEXTUAL_COMPARISON_20261008.md,REF:CYCLE008_ACCEPTED,REF:CYCLE008_SCOPE,unresolved,,REF:CYCLE008_LIMITS,CORE,REF:EVENT:BA:event:810:026,1,19,3
BA:event:810:027,event,MANDATORY_COMPLETE_REVIEW,02_CANONICAL_STORIES/EVENT/EVENT_810/EPISODE_027_80000027.md,607c8c498295fe6f4318f4c6771d33fb8ccf0b09afcc1cf0e0cb9e009efed71b,ADMITTED,series/blue-archive/02 Sequential Readings/EVENTS/EVENT_810/BLUE_ARCHIVE_EVENT_810_PHASE2_CONTEXTUAL_COMPARISON_20261008.md,REF:CYCLE008_ACCEPTED,REF:CYCLE008_SCOPE,unresolved,,REF:CYCLE008_LIMITS,CORE,REF:EVENT:BA:event:810:027,1,18,4
BA:event:810:028,event,MANDATORY_COMPLETE_REVIEW,02_CANONICAL_STORIES/EVENT/EVENT_810/EPISODE_028_80000028.md,ece6c31d2c0f4727b2bf7f33f17e380518de76aa459390fc4b53ec91d9de374e,ADMITTED,series/blue-archive/02 Sequential Readings/EVENTS/EVENT_810/BLUE_ARCHIVE_EVENT_810_PHASE2_CONTEXTUAL_COMPARISON_20261008.md,REF:CYCLE008_ACCEPTED,REF:CYCLE008_SCOPE,unresolved,,REF:CYCLE008_LIMITS,CORE,REF:EVENT:BA:event:810:028,1,23,5
BA:event:810:029,event,MANDATORY_COMPLETE_REVIEW,02_CANONICAL_STORIES/EVENT/EVENT_810/EPISODE_029_80000029.md,620f4e5806a2a7c929b675773bfc22f3a9304cf461e16165718e90604767d007,ADMITTED,series/blue-archive/02 Sequential Readings/EVENTS/EVENT_810/BLUE_ARCHIVE_EVENT_810_PHASE2_CONTEXTUAL_COMPARISON_20261008.md,REF:CYCLE008_ACCEPTED,REF:CYCLE008_SCOPE,unresolved,,REF:CYCLE008_LIMITS,CORE,REF:EVENT:BA:event:810:029,1,25,4
BA:event:810:030,event,MANDATORY_COMPLETE_REVIEW,02_CANONICAL_STORIES/EVENT/EVENT_810/EPISODE_030_80000030.md,8a9f87f08db10f2c492d8c6bdb5588c15a8e0372fb544b7b42e3db7c6fe6521e,ADMITTED,series/blue-archive/02 Sequential Readings/EVENTS/EVENT_810/BLUE_ARCHIVE_EVENT_810_PHASE2_CONTEXTUAL_COMPARISON_20261008.md,REF:CYCLE008_ACCEPTED,REF:CYCLE008_SCOPE,unresolved,,REF:CYCLE008_LIMITS,CORE,REF:EVENT:BA:event:810:030,1,22,2
BA:event:810:031,event,MANDATORY_COMPLETE_REVIEW,02_CANONICAL_STORIES/EVENT/EVENT_810/EPISODE_031_80000031.md,47114395b72d462e96454a3250635c084986d89b0827635bd7866ebac8a38238,ADMITTED,series/blue-archive/02 Sequential Readings/EVENTS/EVENT_810/BLUE_ARCHIVE_EVENT_810_PHASE2_CONTEXTUAL_COMPARISON_20261008.md,REF:CYCLE008_ACCEPTED,REF:CYCLE008_SCOPE,unresolved,,REF:CYCLE008_LIMITS,CORE,REF:EVENT:BA:event:810:031,1,22,4
BA:event:810:032,event,MANDATORY_COMPLETE_REVIEW,02_CANONICAL_STORIES/EVENT/EVENT_810/EPISODE_032_80000032.md,5217d9474aa95d6e36c4cac09b47facef5333c1174bd789753d4b476285aaf73,ADMITTED,series/blue-archive/02 Sequential Readings/EVENTS/EVENT_810/BLUE_ARCHIVE_EVENT_810_PHASE2_CONTEXTUAL_COMPARISON_20261008.md,REF:CYCLE008_ACCEPTED,REF:CYCLE008_SCOPE,unresolved,,REF:CYCLE008_LIMITS,CORE,REF:EVENT:BA:event:810:032,1,21,6
BA:event:810:033,event,MANDATORY_COMPLETE_REVIEW,02_CANONICAL_STORIES/EVENT/EVENT_810/EPISODE_033_80000033.md,c39ef4954bb420d8b2812deed2437cf0f11420ab47edb479da919cca94d4515c,ADMITTED,series/blue-archive/02 Sequential Readings/EVENTS/EVENT_810/BLUE_ARCHIVE_EVENT_810_PHASE2_CONTEXTUAL_COMPARISON_20261008.md,REF:CYCLE008_ACCEPTED,REF:CYCLE008_SCOPE,unresolved,,REF:CYCLE008_LIMITS,CORE,REF:EVENT:BA:event:810:033,2,41,12
BA:event:810:034,event,MANDATORY_COMPLETE_REVIEW,02_CANONICAL_STORIES/EVENT/EVENT_810/EPISODE_034_80000034.md,d8602a6a05ae19e10fbf208eef6e41d5d1f15ab36fd97890d444fc32e426b6e3,ADMITTED,series/blue-archive/02 Sequential Readings/EVENTS/EVENT_810/BLUE_ARCHIVE_EVENT_810_PHASE2_CONTEXTUAL_COMPARISON_20261008.md,REF:CYCLE008_ACCEPTED,REF:CYCLE008_SCOPE,unresolved,,REF:CYCLE008_LIMITS,CORE,REF:EVENT:BA:event:810:034,1,38,9
BA:event:810:035,event,MANDATORY_COMPLETE_REVIEW,02_CANONICAL_STORIES/EVENT/EVENT_810/EPISODE_035_80000035.md,6bd9bdc8e1861660c99fa3ccbadbac60e907cfdd76c73c177c127f8c0f711ff3,ADMITTED,series/blue-archive/02 Sequential Readings/EVENTS/EVENT_810/BLUE_ARCHIVE_EVENT_810_PHASE2_CONTEXTUAL_COMPARISON_20261008.md,REF:CYCLE008_ACCEPTED,REF:CYCLE008_SCOPE,unresolved,,REF:CYCLE008_LIMITS,CORE,REF:EVENT:BA:event:810:035,1,27,6
BA:event:810:036,event,MANDATORY_COMPLETE_REVIEW,02_CANONICAL_STORIES/EVENT/EVENT_810/EPISODE_036_80000036.md,a4d5323d19832850f80a061b42353430b8c93df82b339c423beb5c064bfae26b,ADMITTED,series/blue-archive/02 Sequential Readings/EVENTS/EVENT_810/BLUE_ARCHIVE_EVENT_810_PHASE2_CONTEXTUAL_COMPARISON_20261008.md,REF:CYCLE008_ACCEPTED,REF:CYCLE008_SCOPE,unresolved,,REF:CYCLE008_LIMITS,CORE,REF:EVENT:BA:event:810:036,1,43,9
BA:event:810:037,event,MANDATORY_COMPLETE_REVIEW,02_CANONICAL_STORIES/EVENT/EVENT_810/EPISODE_037_80000037.md,4a3bf2b63a8d7c05c1c91450cf69eb8d103420942200aef8221f5c705c74e424,ADMITTED,series/blue-archive/02 Sequential Readings/EVENTS/EVENT_810/BLUE_ARCHIVE_EVENT_810_PHASE2_CONTEXTUAL_COMPARISON_20261008.md,REF:CYCLE008_ACCEPTED,REF:CYCLE008_SCOPE,unresolved,,REF:CYCLE008_LIMITS,CORE,REF:EVENT:BA:event:810:037,1,62,10
BA:event:810:038,event,MANDATORY_COMPLETE_REVIEW,02_CANONICAL_STORIES/EVENT/EVENT_810/EPISODE_038_80000038.md,b9989292bd6d512a0adad930570d6aae6387cd7b51e49f160bdde1d08fe9074c,ADMITTED,series/blue-archive/02 Sequential Readings/EVENTS/EVENT_810/BLUE_ARCHIVE_EVENT_810_PHASE2_CONTEXTUAL_COMPARISON_20261008.md,REF:CYCLE008_ACCEPTED,REF:CYCLE008_SCOPE,unresolved,,REF:CYCLE008_LIMITS,CORE,REF:EVENT:BA:event:810:038,1,62,13
BA:event:810:039,event,MANDATORY_COMPLETE_REVIEW,02_CANONICAL_STORIES/EVENT/EVENT_810/EPISODE_039_80000039.md,c77afe23284d9a4d39b9894469c9efff987ec2dd65e92289afe15878c4a1f3ae,ADMITTED,series/blue-archive/02 Sequential Readings/EVENTS/EVENT_810/BLUE_ARCHIVE_EVENT_810_PHASE2_CONTEXTUAL_COMPARISON_20261008.md,REF:CYCLE008_ACCEPTED,REF:CYCLE008_SCOPE,unresolved,,REF:CYCLE008_LIMITS,CORE,REF:EVENT:BA:event:810:039,1,52,12
BA:event:810:040,event,MANDATORY_COMPLETE_REVIEW,02_CANONICAL_STORIES/EVENT/EVENT_810/EPISODE_040_80000040.md,1f8cc91a6a096b76ca1093d22ea4079362bf9833c9943bdff93bc7b61c64799d,ADMITTED,series/blue-archive/02 Sequential Readings/EVENTS/EVENT_810/BLUE_ARCHIVE_EVENT_810_PHASE2_CONTEXTUAL_COMPARISON_20261008.md,REF:CYCLE008_ACCEPTED,REF:CYCLE008_SCOPE,unresolved,,REF:CYCLE008_LIMITS,CORE,REF:EVENT:BA:event:810:040,2,40,11
BA:event:810:041,event,MANDATORY_COMPLETE_REVIEW,02_CANONICAL_STORIES/EVENT/EVENT_810/EPISODE_041_80000041.md,17b8fd3f5e9daae8f3fac116f6d71e2f555dd2a3ea9181a8009b321aaee380fb,ADMITTED,series/blue-archive/02 Sequential Readings/EVENTS/EVENT_810/BLUE_ARCHIVE_EVENT_810_PHASE2_CONTEXTUAL_COMPARISON_20261008.md,REF:CYCLE008_ACCEPTED,REF:CYCLE008_SCOPE,unresolved,,REF:CYCLE008_LIMITS,CORE,REF:EVENT:BA:event:810:041,1,34,9
BA:event:810:042,event,MANDATORY_COMPLETE_REVIEW,02_CANONICAL_STORIES/EVENT/EVENT_810/EPISODE_042_80000042.md,e50d835e579d79d4164d42914f057c9e647a4db238db9da10a52512b72777156,ADMITTED,series/blue-archive/02 Sequential Readings/EVENTS/EVENT_810/BLUE_ARCHIVE_EVENT_810_PHASE2_CONTEXTUAL_COMPARISON_20261008.md,REF:CYCLE008_ACCEPTED,REF:CYCLE008_SCOPE,unresolved,,REF:CYCLE008_LIMITS,CORE,REF:EVENT:BA:event:810:042,1,31,11
BA:event:810:043,event,MANDATORY_COMPLETE_REVIEW,02_CANONICAL_STORIES/EVENT/EVENT_810/EPISODE_043_80000043.md,4acc94a9b3432c5e71af2a4ced212939bf5617e30850a4e90614f9ca0e5d859a,ADMITTED,series/blue-archive/02 Sequential Readings/EVENTS/EVENT_810/BLUE_ARCHIVE_EVENT_810_PHASE2_CONTEXTUAL_COMPARISON_20261008.md,REF:CYCLE008_ACCEPTED,REF:CYCLE008_SCOPE,unresolved,,REF:CYCLE008_LIMITS,CORE,REF:EVENT:BA:event:810:043,1,34,10
BA:event:810:044,event,MANDATORY_COMPLETE_REVIEW,02_CANONICAL_STORIES/EVENT/EVENT_810/EPISODE_044_80000044.md,671366dcecf360c1126f1758941b706be76b45b432d37efc096f7761742a589c,ADMITTED,series/blue-archive/02 Sequential Readings/EVENTS/EVENT_810/BLUE_ARCHIVE_EVENT_810_PHASE2_CONTEXTUAL_COMPARISON_20261008.md,REF:CYCLE008_ACCEPTED,REF:CYCLE008_SCOPE,unresolved,,REF:CYCLE008_LIMITS,CORE,REF:EVENT:BA:event:810:044,1,42,8
BA:event:810:045,event,MANDATORY_COMPLETE_REVIEW,02_CANONICAL_STORIES/EVENT/EVENT_810/EPISODE_045_80000045.md,9bc0ec5157a189ee196a21bb18e4bed114b0f19c2ad8ff13340bc293752be616,ADMITTED,series/blue-archive/02 Sequential Readings/EVENTS/EVENT_810/BLUE_ARCHIVE_EVENT_810_PHASE2_CONTEXTUAL_COMPARISON_20261008.md,REF:CYCLE008_ACCEPTED,REF:CYCLE008_SCOPE,unresolved,,REF:CYCLE008_LIMITS,CORE,REF:EVENT:BA:event:810:045,1,39,8
BA:event:810:046,event,MANDATORY_COMPLETE_REVIEW,02_CANONICAL_STORIES/EVENT/EVENT_810/EPISODE_046_80000046.md,856bedbcc38308b3f27321406ba84bde9a67501ee8976e578ea15ccb2316fe0c,ADMITTED,series/blue-archive/02 Sequential Readings/EVENTS/EVENT_810/BLUE_ARCHIVE_EVENT_810_PHASE2_CONTEXTUAL_COMPARISON_20261008.md,REF:CYCLE008_ACCEPTED,REF:CYCLE008_SCOPE,unresolved,,REF:CYCLE008_LIMITS,CORE,REF:EVENT:BA:event:810:046,1,42,11
BA:event:810:047,event,MANDATORY_COMPLETE_REVIEW,02_CANONICAL_STORIES/EVENT/EVENT_810/EPISODE_047_80000047.md,4c580320fe756551b11c79826829ecd072ff1e7515fc629e709e93db834c55f9,ADMITTED,series/blue-archive/02 Sequential Readings/EVENTS/EVENT_810/BLUE_ARCHIVE_EVENT_810_PHASE2_CONTEXTUAL_COMPARISON_20261008.md,REF:CYCLE008_ACCEPTED,REF:CYCLE008_SCOPE,unresolved,,REF:CYCLE008_LIMITS,CORE,REF:EVENT:BA:event:810:047,1,37,8
BA:event:810:048,event,MANDATORY_COMPLETE_REVIEW,02_CANONICAL_STORIES/EVENT/EVENT_810/EPISODE_048_80000048.md,ea50b44ae3b6fce5d786f739fb3bdb39d61f88fb8163fe918b853f4587ce4441,ADMITTED,series/blue-archive/02 Sequential Readings/EVENTS/EVENT_810/BLUE_ARCHIVE_EVENT_810_PHASE2_CONTEXTUAL_COMPARISON_20261008.md,REF:CYCLE008_ACCEPTED,REF:CYCLE008_SCOPE,unresolved,,REF:CYCLE008_LIMITS,CORE,REF:EVENT:BA:event:810:048,1,32,7
BA:event:810:049,event,MANDATORY_COMPLETE_REVIEW,02_CANONICAL_STORIES/EVENT/EVENT_810/EPISODE_049_80000049.md,57507e09072bca1bd523f4248e98ef93b314c7ebfb20cffd36a02ba42910dd42,ADMITTED,series/blue-archive/02 Sequential Readings/EVENTS/EVENT_810/BLUE_ARCHIVE_EVENT_810_PHASE2_CONTEXTUAL_COMPARISON_20261008.md,REF:CYCLE008_ACCEPTED,REF:CYCLE008_SCOPE,unresolved,,REF:CYCLE008_LIMITS,CORE,REF:EVENT:BA:event:810:049,1,46,9
BA:event:810:050,event,MANDATORY_COMPLETE_REVIEW,02_CANONICAL_STORIES/EVENT/EVENT_810/EPISODE_050_80000050.md,63fef421d97b0cca13839165b90f15d3d77b9cb06a6a57abdb24670d52b69f12,ADMITTED,series/blue-archive/02 Sequential Readings/EVENTS/EVENT_810/BLUE_ARCHIVE_EVENT_810_PHASE2_CONTEXTUAL_COMPARISON_20261008.md,REF:CYCLE008_ACCEPTED,REF:CYCLE008_SCOPE,unresolved,,REF:CYCLE008_LIMITS,CORE,REF:EVENT:BA:event:810:050,1,61,14
BA:event:810:051,event,MANDATORY_COMPLETE_REVIEW,02_CANONICAL_STORIES/EVENT/EVENT_810/EPISODE_051_80000051.md,ba5b9194d50f8da3ab5f1a2911669cbf621676c4a4bb2e7fc5869d7fac39786f,ADMITTED,series/blue-archive/02 Sequential Readings/EVENTS/EVENT_810/BLUE_ARCHIVE_EVENT_810_PHASE2_CONTEXTUAL_COMPARISON_20261008.md,REF:CYCLE008_ACCEPTED,REF:CYCLE008_SCOPE,unresolved,,REF:CYCLE008_LIMITS,CORE,REF:EVENT:BA:event:810:051,1,55,17
BA:event:810:052,event,MANDATORY_COMPLETE_REVIEW,02_CANONICAL_STORIES/EVENT/EVENT_810/EPISODE_052_80000052.md,a6270ca3e70b451e8ee3d47d7777da6a013f987b2026c8815d2d0a97de180272,ADMITTED,series/blue-archive/02 Sequential Readings/EVENTS/EVENT_810/BLUE_ARCHIVE_EVENT_810_PHASE2_CONTEXTUAL_COMPARISON_20261008.md,REF:CYCLE008_ACCEPTED,REF:CYCLE008_SCOPE,unresolved,,REF:CYCLE008_LIMITS,CORE,REF:EVENT:BA:event:810:052,1,33,3
BA:event:810:053,event,MANDATORY_COMPLETE_REVIEW,02_CANONICAL_STORIES/EVENT/EVENT_810/EPISODE_053_80000053.md,61d0b29e7ba9548df598cc6ca3e60e8852ef2b1b5026cfc61cf82f06233b9d79,ADMITTED,series/blue-archive/02 Sequential Readings/EVENTS/EVENT_810/BLUE_ARCHIVE_EVENT_810_PHASE2_CONTEXTUAL_COMPARISON_20261008.md,REF:CYCLE008_ACCEPTED,REF:CYCLE008_SCOPE,unresolved,,REF:CYCLE008_LIMITS,CORE,REF:EVENT:BA:event:810:053,1,29,5
BA:event:810:054,event,MANDATORY_COMPLETE_REVIEW,02_CANONICAL_STORIES/EVENT/EVENT_810/EPISODE_054_80000054.md,5186a7f196e18054604c98083671d0887179724233f3b8de4fcb28aef6e53bee,ADMITTED,series/blue-archive/02 Sequential Readings/EVENTS/EVENT_810/BLUE_ARCHIVE_EVENT_810_PHASE2_CONTEXTUAL_COMPARISON_20261008.md,REF:CYCLE008_ACCEPTED,REF:CYCLE008_SCOPE,unresolved,,REF:CYCLE008_LIMITS,CORE,REF:EVENT:BA:event:810:054,1,31,5
BA:event:810:055,event,MANDATORY_COMPLETE_REVIEW,02_CANONICAL_STORIES/EVENT/EVENT_810/EPISODE_055_80000055.md,2303936975738a01628e85a5273e02af0c071b60f5b75e4d49538a05c1780bbb,ADMITTED,series/blue-archive/02 Sequential Readings/EVENTS/EVENT_810/BLUE_ARCHIVE_EVENT_810_PHASE2_CONTEXTUAL_COMPARISON_20261008.md,REF:CYCLE008_ACCEPTED,REF:CYCLE008_SCOPE,unresolved,,REF:CYCLE008_LIMITS,CORE,REF:EVENT:BA:event:810:055,1,33,1
BA:event:810:056,event,MANDATORY_COMPLETE_REVIEW,02_CANONICAL_STORIES/EVENT/EVENT_810/EPISODE_056_80000056.md,80660b58a7602c55ecf3dfdcc3911e16efb22ebb525fa247a4d1db096094b818,ADMITTED,series/blue-archive/02 Sequential Readings/EVENTS/EVENT_810/BLUE_ARCHIVE_EVENT_810_PHASE2_CONTEXTUAL_COMPARISON_20261008.md,REF:CYCLE008_ACCEPTED,REF:CYCLE008_SCOPE,unresolved,,REF:CYCLE008_LIMITS,CORE,REF:EVENT:BA:event:810:056,1,28,2
BA:event:810:057,event,MANDATORY_COMPLETE_REVIEW,02_CANONICAL_STORIES/EVENT/EVENT_810/EPISODE_057_80000057.md,5e3d04834125afc1f5babe7b166803859d5bb4ba3b1bdd2aabc97068e89e2dd7,ADMITTED,series/blue-archive/02 Sequential Readings/EVENTS/EVENT_810/BLUE_ARCHIVE_EVENT_810_PHASE2_CONTEXTUAL_COMPARISON_20261008.md,REF:CYCLE008_ACCEPTED,REF:CYCLE008_SCOPE,unresolved,,REF:CYCLE008_LIMITS,CORE,REF:EVENT:BA:event:810:057,1,27,3
BA:event:810:058,event,MANDATORY_COMPLETE_REVIEW,02_CANONICAL_STORIES/EVENT/EVENT_810/EPISODE_058_80000058.md,04b0e6c8845a61809ea5c7d956c2a7821c40dc442648f8cb4a9c8a0024518457,ADMITTED,series/blue-archive/02 Sequential Readings/EVENTS/EVENT_810/BLUE_ARCHIVE_EVENT_810_PHASE2_CONTEXTUAL_COMPARISON_20261008.md,REF:CYCLE008_ACCEPTED,REF:CYCLE008_SCOPE,unresolved,,REF:CYCLE008_LIMITS,CORE,REF:EVENT:BA:event:810:058,1,34,3
BA:event:810:059,event,MANDATORY_COMPLETE_REVIEW,02_CANONICAL_STORIES/EVENT/EVENT_810/EPISODE_059_80000059.md,3a18c265f3c1a6544aebd875331cc7d475c900f6638a5cd7adaff70f7cae380c,ADMITTED,series/blue-archive/02 Sequential Readings/EVENTS/EVENT_810/BLUE_ARCHIVE_EVENT_810_PHASE2_CONTEXTUAL_COMPARISON_20261008.md,REF:CYCLE008_ACCEPTED,REF:CYCLE008_SCOPE,unresolved,,REF:CYCLE008_LIMITS,CORE,REF:EVENT:BA:event:810:059,1,32,3
BA:event:810:060,event,MANDATORY_COMPLETE_REVIEW,02_CANONICAL_STORIES/EVENT/EVENT_810/EPISODE_060_80000060.md,749f43e0426269029677eacd56ea8ead939cc5b7b1a87347e23e181c910bdea4,ADMITTED,series/blue-archive/02 Sequential Readings/EVENTS/EVENT_810/BLUE_ARCHIVE_EVENT_810_PHASE2_CONTEXTUAL_COMPARISON_20261008.md,REF:CYCLE008_ACCEPTED,REF:CYCLE008_SCOPE,unresolved,,REF:CYCLE008_LIMITS,CORE,REF:EVENT:BA:event:810:060,1,32,1
BA:event:810:061,event,MANDATORY_COMPLETE_REVIEW,02_CANONICAL_STORIES/EVENT/EVENT_810/EPISODE_061_80000061.md,ffb5eb4ac39c609bb7ec3553ee0b0c2d1faaf543ad474966cde47fc1edf7ff95,ADMITTED,series/blue-archive/02 Sequential Readings/EVENTS/EVENT_810/BLUE_ARCHIVE_EVENT_810_PHASE2_CONTEXTUAL_COMPARISON_20261008.md,REF:CYCLE008_ACCEPTED,REF:CYCLE008_SCOPE,unresolved,,REF:CYCLE008_LIMITS,CORE,REF:EVENT:BA:event:810:061,1,36,3
BA:event:810:062,event,MANDATORY_COMPLETE_REVIEW,02_CANONICAL_STORIES/EVENT/EVENT_810/EPISODE_062_80000062.md,f7f88403e50503821553faa548e9ce92f2786c49e8bea7136dc934266ae22e35,ADMITTED,series/blue-archive/02 Sequential Readings/EVENTS/EVENT_810/BLUE_ARCHIVE_EVENT_810_PHASE2_CONTEXTUAL_COMPARISON_20261008.md,REF:CYCLE008_ACCEPTED,REF:CYCLE008_SCOPE,unresolved,,REF:CYCLE008_LIMITS,CORE,REF:EVENT:BA:event:810:062,1,29,2
BA:event:810:063,event,MANDATORY_COMPLETE_REVIEW,02_CANONICAL_STORIES/EVENT/EVENT_810/EPISODE_063_80000063.md,0a51128cfa3980f79267d7db2638c3ead153c7bdf61bde3e3ed8e26de96ab717,ADMITTED,series/blue-archive/02 Sequential Readings/EVENTS/EVENT_810/BLUE_ARCHIVE_EVENT_810_PHASE2_CONTEXTUAL_COMPARISON_20261008.md,REF:CYCLE008_ACCEPTED,REF:CYCLE008_SCOPE,unresolved,,REF:CYCLE008_LIMITS,CORE,REF:EVENT:BA:event:810:063,1,32,3
BA:event:810:064,event,MANDATORY_COMPLETE_REVIEW,02_CANONICAL_STORIES/EVENT/EVENT_810/EPISODE_064_80000064.md,0df23bad81846c6f428f85695e8e87194fb879119a6e25eee066860fbf9c5461,ADMITTED,series/blue-archive/02 Sequential Readings/EVENTS/EVENT_810/BLUE_ARCHIVE_EVENT_810_PHASE2_CONTEXTUAL_COMPARISON_20261008.md,REF:CYCLE008_ACCEPTED,REF:CYCLE008_SCOPE,unresolved,,REF:CYCLE008_LIMITS,CORE,REF:EVENT:BA:event:810:064,1,27,4
BA:event:810:065,event,MANDATORY_COMPLETE_REVIEW,02_CANONICAL_STORIES/EVENT/EVENT_810/EPISODE_065_80000065.md,f924ddab2abda2a1ae264853a9be29f320b5457e3fbf4fc403d66b7378ee5c94,ADMITTED,series/blue-archive/02 Sequential Readings/EVENTS/EVENT_810/BLUE_ARCHIVE_EVENT_810_PHASE2_CONTEXTUAL_COMPARISON_20261008.md,REF:CYCLE008_ACCEPTED,REF:CYCLE008_SCOPE,unresolved,,REF:CYCLE008_LIMITS,CORE,REF:EVENT:BA:event:810:065,1,32,3
BA:event:810:066,event,MANDATORY_COMPLETE_REVIEW,02_CANONICAL_STORIES/EVENT/EVENT_810/EPISODE_066_80000066.md,79d59b268197d751cbcf3d81943c0dc16115434e5ff432297d13d2195a9042a7,ADMITTED,series/blue-archive/02 Sequential Readings/EVENTS/EVENT_810/BLUE_ARCHIVE_EVENT_810_PHASE2_CONTEXTUAL_COMPARISON_20261008.md,REF:CYCLE008_ACCEPTED,REF:CYCLE008_SCOPE,unresolved,,REF:CYCLE008_LIMITS,CORE,REF:EVENT:BA:event:810:066,1,30,2
BA:event:810:067,event,MANDATORY_COMPLETE_REVIEW,02_CANONICAL_STORIES/EVENT/EVENT_810/EPISODE_067_80000067.md,718658ee2b0dddab65498213241f3e8ccbe99155d4ef07f503582b158a1fc613,ADMITTED,series/blue-archive/02 Sequential Readings/EVENTS/EVENT_810/BLUE_ARCHIVE_EVENT_810_PHASE2_CONTEXTUAL_COMPARISON_20261008.md,REF:CYCLE008_ACCEPTED,REF:CYCLE008_SCOPE,unresolved,,REF:CYCLE008_LIMITS,CORE,REF:EVENT:BA:event:810:067,1,31,4
BA:event:810:068,event,MANDATORY_COMPLETE_REVIEW,02_CANONICAL_STORIES/EVENT/EVENT_810/EPISODE_068_80000068.md,0bbed8a201bf20ee5d62f1487f87943550a99db4481ae6a3959228478101363f,ADMITTED,series/blue-archive/02 Sequential Readings/EVENTS/EVENT_810/BLUE_ARCHIVE_EVENT_810_PHASE2_CONTEXTUAL_COMPARISON_20261008.md,REF:CYCLE008_ACCEPTED,REF:CYCLE008_SCOPE,unresolved,,REF:CYCLE008_LIMITS,CORE,REF:EVENT:BA:event:810:068,1,29,3
BA:event:810:069,event,MANDATORY_COMPLETE_REVIEW,02_CANONICAL_STORIES/EVENT/EVENT_810/EPISODE_069_80000069.md,f0a6ab657bd7ea3ab32abf8ffb24b7189738ac1cdb0a57d10039c7cd68c55936,ADMITTED,series/blue-archive/02 Sequential Readings/EVENTS/EVENT_810/BLUE_ARCHIVE_EVENT_810_PHASE2_CONTEXTUAL_COMPARISON_20261008.md,REF:CYCLE008_ACCEPTED,REF:CYCLE008_SCOPE,unresolved,,REF:CYCLE008_LIMITS,CORE,REF:EVENT:BA:event:810:069,1,34,2
BA:event:810:070,event,MANDATORY_COMPLETE_REVIEW,02_CANONICAL_STORIES/EVENT/EVENT_810/EPISODE_070_80000070.md,f03e89d7abe800e4e5303874e9be5074fd375a829b6f0571606a91914a3129ba,ADMITTED,series/blue-archive/02 Sequential Readings/EVENTS/EVENT_810/BLUE_ARCHIVE_EVENT_810_PHASE2_CONTEXTUAL_COMPARISON_20261008.md,REF:CYCLE008_ACCEPTED,REF:CYCLE008_SCOPE,unresolved,,REF:CYCLE008_LIMITS,CORE,REF:EVENT:BA:event:810:070,1,17,5
BA:event:810:071,event,MANDATORY_COMPLETE_REVIEW,02_CANONICAL_STORIES/EVENT/EVENT_810/EPISODE_071_80000071.md,3ae4862e976ce656dea477a0b91fd53a4c5f82ade3d4321a13348c177a626ab2,ADMITTED,series/blue-archive/02 Sequential Readings/EVENTS/EVENT_810/BLUE_ARCHIVE_EVENT_810_PHASE2_CONTEXTUAL_COMPARISON_20261008.md,REF:CYCLE008_ACCEPTED,REF:CYCLE008_SCOPE,unresolved,,REF:CYCLE008_LIMITS,CORE,REF:EVENT:BA:event:810:071,1,32,6
BA:event:810:072,event,MANDATORY_COMPLETE_REVIEW,02_CANONICAL_STORIES/EVENT/EVENT_810/EPISODE_072_80000072.md,035383bce06fc78edaf65dcb94fa5e673123e4858b963fb22e556253827c63a4,ADMITTED,series/blue-archive/02 Sequential Readings/EVENTS/EVENT_810/BLUE_ARCHIVE_EVENT_810_PHASE2_CONTEXTUAL_COMPARISON_20261008.md,REF:CYCLE008_ACCEPTED,REF:CYCLE008_SCOPE,unresolved,,REF:CYCLE008_LIMITS,CORE,REF:EVENT:BA:event:810:072,1,31,3
BA:event:810:073,event,MANDATORY_COMPLETE_REVIEW,02_CANONICAL_STORIES/EVENT/EVENT_810/EPISODE_073_80000073.md,8a5288e44af6f4f99bcc7f60be033f0535184ebd10a3b6eeae4cbff34152a57e,ADMITTED,series/blue-archive/02 Sequential Readings/EVENTS/EVENT_810/BLUE_ARCHIVE_EVENT_810_PHASE2_CONTEXTUAL_COMPARISON_20261008.md,REF:CYCLE008_ACCEPTED,REF:CYCLE008_SCOPE,unresolved,,REF:CYCLE008_LIMITS,CORE,REF:EVENT:BA:event:810:073,1,40,3
BA:event:810:074,event,MANDATORY_COMPLETE_REVIEW,02_CANONICAL_STORIES/EVENT/EVENT_810/EPISODE_074_80000074.md,ebd463e6c9a30b9ad93013e03e49f96b8f8b0bc6d201574b2f1365b8ca14bc22,ADMITTED,series/blue-archive/02 Sequential Readings/EVENTS/EVENT_810/BLUE_ARCHIVE_EVENT_810_PHASE2_CONTEXTUAL_COMPARISON_20261008.md,REF:CYCLE008_ACCEPTED,REF:CYCLE008_SCOPE,unresolved,,REF:CYCLE008_LIMITS,CORE,REF:EVENT:BA:event:810:074,1,42,2
BA:event:810:075,event,MANDATORY_COMPLETE_REVIEW,02_CANONICAL_STORIES/EVENT/EVENT_810/EPISODE_075_80000075.md,edb6c84a92bcdc6e066d5e5619bce6c1370af3f8c4edc95da4b0ecf78be510d0,ADMITTED,series/blue-archive/02 Sequential Readings/EVENTS/EVENT_810/BLUE_ARCHIVE_EVENT_810_PHASE2_CONTEXTUAL_COMPARISON_20261008.md,REF:CYCLE008_ACCEPTED,REF:CYCLE008_SCOPE,unresolved,,REF:CYCLE008_LIMITS,CORE,REF:EVENT:BA:event:810:075,1,37,7
BA:event:810:076,event,MANDATORY_COMPLETE_REVIEW,02_CANONICAL_STORIES/EVENT/EVENT_810/EPISODE_076_80000076.md,b604d94582feec82e6a097b3facf7f16e99e01f02df79b2bd18642faa44e42bf,ADMITTED,series/blue-archive/02 Sequential Readings/EVENTS/EVENT_810/BLUE_ARCHIVE_EVENT_810_PHASE2_CONTEXTUAL_COMPARISON_20261008.md,REF:CYCLE008_ACCEPTED,REF:CYCLE008_SCOPE,unresolved,,REF:CYCLE008_LIMITS,CORE,REF:EVENT:BA:event:810:076,1,51,11
BA:event:810:077,event,MANDATORY_COMPLETE_REVIEW,02_CANONICAL_STORIES/EVENT/EVENT_810/EPISODE_077_80000077.md,f6712a71684420054afd00b3662dd09c1c681757e583808d6c6aa2dc910fef44,ADMITTED,series/blue-archive/02 Sequential Readings/EVENTS/EVENT_810/BLUE_ARCHIVE_EVENT_810_PHASE2_CONTEXTUAL_COMPARISON_20261008.md,REF:CYCLE008_ACCEPTED,REF:CYCLE008_SCOPE,unresolved,,REF:CYCLE008_LIMITS,CORE,REF:EVENT:BA:event:810:077,1,39,8
BA:event:810:078,event,MANDATORY_COMPLETE_REVIEW,02_CANONICAL_STORIES/EVENT/EVENT_810/EPISODE_078_80000078.md,304d32d67186538b71724f4b47fbe79bc905ae293ac639224246547f0688016f,ADMITTED,series/blue-archive/02 Sequential Readings/EVENTS/EVENT_810/BLUE_ARCHIVE_EVENT_810_PHASE2_CONTEXTUAL_COMPARISON_20261008.md,REF:CYCLE008_ACCEPTED,REF:CYCLE008_SCOPE,unresolved,,REF:CYCLE008_LIMITS,CORE,REF:EVENT:BA:event:810:078,1,42,8
BA:event:810:079,event,MANDATORY_COMPLETE_REVIEW,02_CANONICAL_STORIES/EVENT/EVENT_810/EPISODE_079_80000079.md,246fca75172b8b13e49fe0d340d43ba282ec503eb8c9ca7a7f0503ed1e040593,ADMITTED,series/blue-archive/02 Sequential Readings/EVENTS/EVENT_810/BLUE_ARCHIVE_EVENT_810_PHASE2_CONTEXTUAL_COMPARISON_20261008.md,REF:CYCLE008_ACCEPTED,REF:CYCLE008_SCOPE,unresolved,,REF:CYCLE008_LIMITS,CORE,REF:EVENT:BA:event:810:079,1,44,5
BA:event:810:080,event,MANDATORY_COMPLETE_REVIEW,02_CANONICAL_STORIES/EVENT/EVENT_810/EPISODE_080_80000080.md,71144caa433f997270f326ebadc3f74f4c16a89d4160d85e5f15b9859eb3e6a1,ADMITTED,series/blue-archive/02 Sequential Readings/EVENTS/EVENT_810/BLUE_ARCHIVE_EVENT_810_PHASE2_CONTEXTUAL_COMPARISON_20261008.md,REF:CYCLE008_ACCEPTED,REF:CYCLE008_SCOPE,unresolved,,REF:CYCLE008_LIMITS,CORE,REF:EVENT:BA:event:810:080,1,77,15
BA:event:810:081,event,MANDATORY_COMPLETE_REVIEW,02_CANONICAL_STORIES/EVENT/EVENT_810/EPISODE_081_80000081.md,9f615bd1203decf0829444f2b10be17002d12ba7cce8804a80c440ce53a8c11d,ADMITTED,series/blue-archive/02 Sequential Readings/EVENTS/EVENT_810/BLUE_ARCHIVE_EVENT_810_PHASE2_CONTEXTUAL_COMPARISON_20261008.md,REF:CYCLE008_ACCEPTED,REF:CYCLE008_SCOPE,unresolved,,REF:CYCLE008_LIMITS,CORE,REF:EVENT:BA:event:810:081,1,81,12
BA:event:810:082,event,MANDATORY_COMPLETE_REVIEW,02_CANONICAL_STORIES/EVENT/EVENT_810/EPISODE_082_80000082.md,316b30e66bfcc572b157b1c8ca9008af0e5c6f6156174be22f1ecbe7f078512e,ADMITTED,series/blue-archive/02 Sequential Readings/EVENTS/EVENT_810/BLUE_ARCHIVE_EVENT_810_PHASE2_CONTEXTUAL_COMPARISON_20261008.md,REF:CYCLE008_ACCEPTED,REF:CYCLE008_SCOPE,unresolved,,REF:CYCLE008_LIMITS,CORE,REF:EVENT:BA:event:810:082,1,63,13
BA:event:810:083,event,MANDATORY_COMPLETE_REVIEW,02_CANONICAL_STORIES/EVENT/EVENT_810/EPISODE_083_80000083.md,3c4e110d6ac500f73f73247911cc60cb5fde1acd5ee911d96577d9584005d25e,ADMITTED,series/blue-archive/02 Sequential Readings/EVENTS/EVENT_810/BLUE_ARCHIVE_EVENT_810_PHASE2_CONTEXTUAL_COMPARISON_20261008.md,REF:CYCLE008_ACCEPTED,REF:CYCLE008_SCOPE,unresolved,,REF:CYCLE008_LIMITS,CORE,REF:EVENT:BA:event:810:083,1,64,19
BA:event:810:084,event,MANDATORY_COMPLETE_REVIEW,02_CANONICAL_STORIES/EVENT/EVENT_810/EPISODE_084_80000084.md,860d04486052cac54200b5c54734907cafbb4280c811d0e1886ffb7ec309292e,ADMITTED,series/blue-archive/02 Sequential Readings/EVENTS/EVENT_810/BLUE_ARCHIVE_EVENT_810_PHASE2_CONTEXTUAL_COMPARISON_20261008.md,REF:CYCLE008_ACCEPTED,REF:CYCLE008_SCOPE,unresolved,,REF:CYCLE008_LIMITS,CORE,REF:EVENT:BA:event:810:084,1,110,25
BA:event:810:085,event,MANDATORY_COMPLETE_REVIEW,02_CANONICAL_STORIES/EVENT/EVENT_810/EPISODE_085_80000085.md,433ded341a00ec54e46dce2435a65fa6f2496485cd39b2777e1b7321d524142a,ADMITTED,series/blue-archive/02 Sequential Readings/EVENTS/EVENT_810/BLUE_ARCHIVE_EVENT_810_PHASE2_CONTEXTUAL_COMPARISON_20261008.md,REF:CYCLE008_ACCEPTED,REF:CYCLE008_SCOPE,unresolved,,REF:CYCLE008_LIMITS,CORE,REF:EVENT:BA:event:810:085,1,33,5
BA:event:810:086,event,MANDATORY_COMPLETE_REVIEW,02_CANONICAL_STORIES/EVENT/EVENT_810/EPISODE_086_80000086.md,2a45fe22898bf7a104c5ed2435a4285da9b13fc1f5b40a475eb0bef5edb33ce4,ADMITTED,series/blue-archive/02 Sequential Readings/EVENTS/EVENT_810/BLUE_ARCHIVE_EVENT_810_PHASE2_CONTEXTUAL_COMPARISON_20261008.md,REF:CYCLE008_ACCEPTED,REF:CYCLE008_SCOPE,unresolved,,REF:CYCLE008_LIMITS,CORE,REF:EVENT:BA:event:810:086,2,35,4
BA:event:810:087,event,MANDATORY_COMPLETE_REVIEW,02_CANONICAL_STORIES/EVENT/EVENT_810/EPISODE_087_80000087.md,e238ff44e216f8e3859200900560a033f40f11e03bf14f9056b9a730e307b804,ADMITTED,series/blue-archive/02 Sequential Readings/EVENTS/EVENT_810/BLUE_ARCHIVE_EVENT_810_PHASE2_CONTEXTUAL_COMPARISON_20261008.md,REF:CYCLE008_ACCEPTED,REF:CYCLE008_SCOPE,unresolved,,REF:CYCLE008_LIMITS,CORE,REF:EVENT:BA:event:810:087,1,39,8
BA:event:810:088,event,MANDATORY_COMPLETE_REVIEW,02_CANONICAL_STORIES/EVENT/EVENT_810/EPISODE_088_80000088.md,fa846c7394daec75cdc6328a26ff19e5edb7c928bf491bf08a2c30da31561a31,ADMITTED,series/blue-archive/02 Sequential Readings/EVENTS/EVENT_810/BLUE_ARCHIVE_EVENT_810_PHASE2_CONTEXTUAL_COMPARISON_20261008.md,REF:CYCLE008_ACCEPTED,REF:CYCLE008_SCOPE,unresolved,,REF:CYCLE008_LIMITS,CORE,REF:EVENT:BA:event:810:088,1,34,4
BA:event:810:089,event,MANDATORY_COMPLETE_REVIEW,02_CANONICAL_STORIES/EVENT/EVENT_810/EPISODE_089_80000089.md,6bcf655cead7ff7f8ed9fde03b7decb5b948a8f5ab5629f6a4305b5c89c79220,ADMITTED,series/blue-archive/02 Sequential Readings/EVENTS/EVENT_810/BLUE_ARCHIVE_EVENT_810_PHASE2_CONTEXTUAL_COMPARISON_20261008.md,REF:CYCLE008_ACCEPTED,REF:CYCLE008_SCOPE,unresolved,,REF:CYCLE008_LIMITS,CORE,REF:EVENT:BA:event:810:089,1,35,7
BA:event:810:090,event,MANDATORY_COMPLETE_REVIEW,02_CANONICAL_STORIES/EVENT/EVENT_810/EPISODE_090_80000090.md,861e02a44920d3d258c80717a940e30116dfa8c012af1150b3f94072ad3b2949,ADMITTED,series/blue-archive/02 Sequential Readings/EVENTS/EVENT_810/BLUE_ARCHIVE_EVENT_810_PHASE2_CONTEXTUAL_COMPARISON_20261008.md,REF:CYCLE008_ACCEPTED,REF:CYCLE008_SCOPE,unresolved,,REF:CYCLE008_LIMITS,CORE,REF:EVENT:BA:event:810:090,1,33,6
BA:event:810:091,event,MANDATORY_COMPLETE_REVIEW,02_CANONICAL_STORIES/EVENT/EVENT_810/EPISODE_091_80000091.md,978632bb0e2f81927976c8b5c3162250caa3b33c6e17f3fbb3899127b705d4dd,ADMITTED,series/blue-archive/02 Sequential Readings/EVENTS/EVENT_810/BLUE_ARCHIVE_EVENT_810_PHASE2_CONTEXTUAL_COMPARISON_20261008.md,REF:CYCLE008_ACCEPTED,REF:CYCLE008_SCOPE,unresolved,,REF:CYCLE008_LIMITS,CORE,REF:EVENT:BA:event:810:091,1,39,7
BA:event:810:092,event,MANDATORY_COMPLETE_REVIEW,02_CANONICAL_STORIES/EVENT/EVENT_810/EPISODE_092_80000092.md,5829259ce11c09c2916101073814f292fee780a3dd37f5c1c180bd7034566728,ADMITTED,series/blue-archive/02 Sequential Readings/EVENTS/EVENT_810/BLUE_ARCHIVE_EVENT_810_PHASE2_CONTEXTUAL_COMPARISON_20261008.md,REF:CYCLE008_ACCEPTED,REF:CYCLE008_SCOPE,unresolved,,REF:CYCLE008_LIMITS,CORE,REF:EVENT:BA:event:810:092,1,38,5
BA:event:810:093,event,MANDATORY_COMPLETE_REVIEW,02_CANONICAL_STORIES/EVENT/EVENT_810/EPISODE_093_80000093.md,7a1317b981ce0311d36fb941a7735b00a6d9a3a688b24a7894bd459774466d1e,ADMITTED,series/blue-archive/02 Sequential Readings/EVENTS/EVENT_810/BLUE_ARCHIVE_EVENT_810_PHASE2_CONTEXTUAL_COMPARISON_20261008.md,REF:CYCLE008_ACCEPTED,REF:CYCLE008_SCOPE,unresolved,,REF:CYCLE008_LIMITS,CORE,REF:EVENT:BA:event:810:093,1,44,11
BA:event:811:001,event,MANDATORY_COMPLETE_REVIEW,02_CANONICAL_STORIES/EVENT/EVENT_811/EPISODE_001_10009010.md,871e2fb638d615e48b7c25162f2c0632feae31642104704c5a47c05d23d74dc7,ADMITTED,series/blue-archive/02 Sequential Readings/EVENTS/EVENT_811/BLUE_ARCHIVE_EVENT_811_PHASE2_CONTEXTUAL_COMPARISON_20261008.md,REF:CYCLE008_ACCEPTED,REF:CYCLE008_SCOPE,unresolved,,REF:CYCLE008_LIMITS,CORE,REF:EVENT:BA:event:811:001,1,72,11
BA:event:811:002,event,MANDATORY_COMPLETE_REVIEW,02_CANONICAL_STORIES/EVENT/EVENT_811/EPISODE_002_10009015.md,fe78b8ac73c5d370c01de15c1a17f4af77607443cef820c6d84585bba9fbb1ef,ADMITTED,series/blue-archive/02 Sequential Readings/EVENTS/EVENT_811/BLUE_ARCHIVE_EVENT_811_PHASE2_CONTEXTUAL_COMPARISON_20261008.md,REF:CYCLE008_ACCEPTED,REF:CYCLE008_SCOPE,unresolved,,REF:CYCLE008_LIMITS,CORE,REF:EVENT:BA:event:811:002,1,36,5
BA:event:811:003,event,MANDATORY_COMPLETE_REVIEW,02_CANONICAL_STORIES/EVENT/EVENT_811/EPISODE_003_10009020.md,19b9832780bae5d01eb98b27cefd3be1d66e39ba70361b2c76411c9c1236cba6,ADMITTED,series/blue-archive/02 Sequential Readings/EVENTS/EVENT_811/BLUE_ARCHIVE_EVENT_811_PHASE2_CONTEXTUAL_COMPARISON_20261008.md,REF:CYCLE008_ACCEPTED,REF:CYCLE008_SCOPE,unresolved,,REF:CYCLE008_LIMITS,CORE,REF:EVENT:BA:event:811:003,1,29,1
BA:event:811:004,event,MANDATORY_COMPLETE_REVIEW,02_CANONICAL_STORIES/EVENT/EVENT_811/EPISODE_004_10009025.md,486ababa682677684d3b6637739194ab5baca43448bf7607476f8bb30b4f0b52,ADMITTED,series/blue-archive/02 Sequential Readings/EVENTS/EVENT_811/BLUE_ARCHIVE_EVENT_811_PHASE2_CONTEXTUAL_COMPARISON_20261008.md,REF:CYCLE008_ACCEPTED,REF:CYCLE008_SCOPE,unresolved,,REF:CYCLE008_LIMITS,CORE,REF:EVENT:BA:event:811:004,1,10,4
BA:event:811:005,event,MANDATORY_COMPLETE_REVIEW,02_CANONICAL_STORIES/EVENT/EVENT_811/EPISODE_005_10009030.md,d0bdeb3ff2f4ddd036bd1ecdb2898186557c8dd8f6dc526a9386cac07b49807e,ADMITTED,series/blue-archive/02 Sequential Readings/EVENTS/EVENT_811/BLUE_ARCHIVE_EVENT_811_PHASE2_CONTEXTUAL_COMPARISON_20261008.md,REF:CYCLE008_ACCEPTED,REF:CYCLE008_SCOPE,unresolved,,REF:CYCLE008_LIMITS,CORE,REF:EVENT:BA:event:811:005,1,12,1
BA:event:811:006,event,MANDATORY_COMPLETE_REVIEW,02_CANONICAL_STORIES/EVENT/EVENT_811/EPISODE_006_10009035.md,fd35a5efa354cab6f157fd4ae93f12ecc019104e20962981eedfd0f681f595c7,ADMITTED,series/blue-archive/02 Sequential Readings/EVENTS/EVENT_811/BLUE_ARCHIVE_EVENT_811_PHASE2_CONTEXTUAL_COMPARISON_20261008.md,REF:CYCLE008_ACCEPTED,REF:CYCLE008_SCOPE,unresolved,,REF:CYCLE008_LIMITS,CORE,REF:EVENT:BA:event:811:006,1,10,4
BA:event:811:007,event,MANDATORY_COMPLETE_REVIEW,02_CANONICAL_STORIES/EVENT/EVENT_811/EPISODE_007_10009040.md,121a27e55182007c8f65391953075015dbc7b644b64656b8ba12e57cda659588,ADMITTED,series/blue-archive/02 Sequential Readings/EVENTS/EVENT_811/BLUE_ARCHIVE_EVENT_811_PHASE2_CONTEXTUAL_COMPARISON_20261008.md,REF:CYCLE008_ACCEPTED,REF:CYCLE008_SCOPE,unresolved,,REF:CYCLE008_LIMITS,CORE,REF:EVENT:BA:event:811:007,1,12,3
BA:event:811:008,event,MANDATORY_COMPLETE_REVIEW,02_CANONICAL_STORIES/EVENT/EVENT_811/EPISODE_008_10009045.md,ffbbb56ddf41972fffe68868716de8424abab3f82104a8ff4a40ef80dba1a9eb,ADMITTED,series/blue-archive/02 Sequential Readings/EVENTS/EVENT_811/BLUE_ARCHIVE_EVENT_811_PHASE2_CONTEXTUAL_COMPARISON_20261008.md,REF:CYCLE008_ACCEPTED,REF:CYCLE008_SCOPE,unresolved,,REF:CYCLE008_LIMITS,CORE,REF:EVENT:BA:event:811:008,1,18,4
BA:event:811:009,event,MANDATORY_COMPLETE_REVIEW,02_CANONICAL_STORIES/EVENT/EVENT_811/EPISODE_009_10009050.md,9b15cf1e5fb84c17ccb5df6c50ce283693b6fc887a78d1f840ef9ec0d7cf42f4,ADMITTED,series/blue-archive/02 Sequential Readings/EVENTS/EVENT_811/BLUE_ARCHIVE_EVENT_811_PHASE2_CONTEXTUAL_COMPARISON_20261008.md,REF:CYCLE008_ACCEPTED,REF:CYCLE008_SCOPE,unresolved,,REF:CYCLE008_LIMITS,CORE,REF:EVENT:BA:event:811:009,1,53,13
BA:event:811:010,event,MANDATORY_COMPLETE_REVIEW,02_CANONICAL_STORIES/EVENT/EVENT_811/EPISODE_010_10009055.md,73b7ff03bd72e448b509edc974e10b1ee54ccf5726ca6159089926dd524f2a63,ADMITTED,series/blue-archive/02 Sequential Readings/EVENTS/EVENT_811/BLUE_ARCHIVE_EVENT_811_PHASE2_CONTEXTUAL_COMPARISON_20261008.md,REF:CYCLE008_ACCEPTED,REF:CYCLE008_SCOPE,unresolved,,REF:CYCLE008_LIMITS,CORE,REF:EVENT:BA:event:811:010,1,63,9
BA:event:811:011,event,MANDATORY_COMPLETE_REVIEW,02_CANONICAL_STORIES/EVENT/EVENT_811/EPISODE_011_10009060.md,4dad794480153fee50d3ef7633c749e586cf0a5ae7e5c1244990ae059fa99688,ADMITTED,series/blue-archive/02 Sequential Readings/EVENTS/EVENT_811/BLUE_ARCHIVE_EVENT_811_PHASE2_CONTEXTUAL_COMPARISON_20261008.md,REF:CYCLE008_ACCEPTED,REF:CYCLE008_SCOPE,unresolved,,REF:CYCLE008_LIMITS,CORE,REF:EVENT:BA:event:811:011,1,70,0
BA:event:811:012,event,MANDATORY_COMPLETE_REVIEW,02_CANONICAL_STORIES/EVENT/EVENT_811/EPISODE_012_10009065.md,ed3ad08e2ac7177ab073c21da9c68a0b27919e141b30dc77a19d26a215c57b0f,ADMITTED,series/blue-archive/02 Sequential Readings/EVENTS/EVENT_811/BLUE_ARCHIVE_EVENT_811_PHASE2_CONTEXTUAL_COMPARISON_20261008.md,REF:CYCLE008_ACCEPTED,REF:CYCLE008_SCOPE,unresolved,,REF:CYCLE008_LIMITS,CORE,REF:EVENT:BA:event:811:012,1,112,22
BA:event:812:001,event,MANDATORY_COMPLETE_REVIEW,02_CANONICAL_STORIES/EVENT/EVENT_812/EPISODE_001_10010005.md,a8d680ddee337e0e1514bde1b1ecd7c547f18d22091a44779c81e940121fefa5,ADMITTED,series/blue-archive/02 Sequential Readings/EVENTS/EVENT_812/BLUE_ARCHIVE_EVENT_812_CONTEXTUALIZATION_CHECKPOINT.md,REF:CYCLE008_ACCEPTED,REF:CYCLE008_SCOPE,unresolved,,REF:CYCLE008_LIMITS,CORE,REF:EVENT:BA:event:812:001,1,46,5
BA:event:812:002,event,MANDATORY_COMPLETE_REVIEW,02_CANONICAL_STORIES/EVENT/EVENT_812/EPISODE_002_10010010.md,df1b0c25169b50bb36fa48378910f6695b675e55e9b924feaa965795404baf67,ADMITTED,series/blue-archive/02 Sequential Readings/EVENTS/EVENT_812/BLUE_ARCHIVE_EVENT_812_CONTEXTUALIZATION_CHECKPOINT.md,REF:CYCLE008_ACCEPTED,REF:CYCLE008_SCOPE,unresolved,,REF:CYCLE008_LIMITS,CORE,REF:EVENT:BA:event:812:002,1,61,5
BA:event:812:003,event,MANDATORY_COMPLETE_REVIEW,02_CANONICAL_STORIES/EVENT/EVENT_812/EPISODE_003_10010020.md,faf865387b25786a5e773b85a53a6bf054c6a43bec35e49bcb1eac9e8ae90c84,ADMITTED,series/blue-archive/02 Sequential Readings/EVENTS/EVENT_812/BLUE_ARCHIVE_EVENT_812_CONTEXTUALIZATION_CHECKPOINT.md,REF:CYCLE008_ACCEPTED,REF:CYCLE008_SCOPE,unresolved,,REF:CYCLE008_LIMITS,CORE,REF:EVENT:BA:event:812:003,1,145,12
BA:event:812:004,event,MANDATORY_COMPLETE_REVIEW,02_CANONICAL_STORIES/EVENT/EVENT_812/EPISODE_004_10010030.md,b7739f3b57d79c8cc5e58253626f756c4c80eeeac836e1288de4347a15f1d375,ADMITTED,series/blue-archive/02 Sequential Readings/EVENTS/EVENT_812/BLUE_ARCHIVE_EVENT_812_CONTEXTUALIZATION_CHECKPOINT.md,REF:CYCLE008_ACCEPTED,REF:CYCLE008_SCOPE,unresolved,,REF:CYCLE008_LIMITS,CORE,REF:EVENT:BA:event:812:004,1,93,5
BA:event:812:005,event,MANDATORY_COMPLETE_REVIEW,02_CANONICAL_STORIES/EVENT/EVENT_812/EPISODE_005_10010045.md,c386447ee266b39eb917cd650d26e10da72824b9259e492dca1cfd5c2501f18d,ADMITTED,series/blue-archive/02 Sequential Readings/EVENTS/EVENT_812/BLUE_ARCHIVE_EVENT_812_CONTEXTUALIZATION_CHECKPOINT.md,REF:CYCLE008_ACCEPTED,REF:CYCLE008_SCOPE,unresolved,,REF:CYCLE008_LIMITS,CORE,REF:EVENT:BA:event:812:005,1,44,1
BA:event:812:006,event,MANDATORY_COMPLETE_REVIEW,02_CANONICAL_STORIES/EVENT/EVENT_812/EPISODE_006_10010050.md,bcc5462977ba8177ba48aa6aee7de4186abe9a00720bb5c7ea234eaa83073e0a,ADMITTED,series/blue-archive/02 Sequential Readings/EVENTS/EVENT_812/BLUE_ARCHIVE_EVENT_812_CONTEXTUALIZATION_CHECKPOINT.md,REF:CYCLE008_ACCEPTED,REF:CYCLE008_SCOPE,unresolved,,REF:CYCLE008_LIMITS,CORE,REF:EVENT:BA:event:812:006,1,66,5
BA:event:812:007,event,MANDATORY_COMPLETE_REVIEW,02_CANONICAL_STORIES/EVENT/EVENT_812/EPISODE_007_10010065.md,db88bcdb6356702d605a3c92ecabec6e930ec60898fadfb9d6a5cf562cfd85f0,ADMITTED,series/blue-archive/02 Sequential Readings/EVENTS/EVENT_812/BLUE_ARCHIVE_EVENT_812_CONTEXTUALIZATION_CHECKPOINT.md,REF:CYCLE008_ACCEPTED,REF:CYCLE008_SCOPE,unresolved,,REF:CYCLE008_LIMITS,CORE,REF:EVENT:BA:event:812:007,1,99,4
BA:event:812:008,event,MANDATORY_COMPLETE_REVIEW,02_CANONICAL_STORIES/EVENT/EVENT_812/EPISODE_008_10010070.md,ea553ce667e4c8bea4a38fb22ecdb044255f4324b75857b3d48ecf1279f947aa,ADMITTED,series/blue-archive/02 Sequential Readings/EVENTS/EVENT_812/BLUE_ARCHIVE_EVENT_812_CONTEXTUALIZATION_CHECKPOINT.md,REF:CYCLE008_ACCEPTED,REF:CYCLE008_SCOPE,unresolved,,REF:CYCLE008_LIMITS,CORE,REF:EVENT:BA:event:812:008,1,29,1
BA:event:812:009,event,MANDATORY_COMPLETE_REVIEW,02_CANONICAL_STORIES/EVENT/EVENT_812/EPISODE_009_10010085.md,98941492edf875098e6cac924862be952984668a0f7227a30a0a27aa76263152,ADMITTED,series/blue-archive/02 Sequential Readings/EVENTS/EVENT_812/BLUE_ARCHIVE_EVENT_812_CONTEXTUALIZATION_CHECKPOINT.md,REF:CYCLE008_ACCEPTED,REF:CYCLE008_SCOPE,unresolved,,REF:CYCLE008_LIMITS,CORE,REF:EVENT:BA:event:812:009,1,72,5
BA:event:812:010,event,MANDATORY_COMPLETE_REVIEW,02_CANONICAL_STORIES/EVENT/EVENT_812/EPISODE_010_10010090.md,5cd50ae851e02076fd62a96b090165f33481c7c86c26fbde0fb298a2af4a55ea,ADMITTED,series/blue-archive/02 Sequential Readings/EVENTS/EVENT_812/BLUE_ARCHIVE_EVENT_812_CONTEXTUALIZATION_CHECKPOINT.md,REF:CYCLE008_ACCEPTED,REF:CYCLE008_SCOPE,unresolved,,REF:CYCLE008_LIMITS,CORE,REF:EVENT:BA:event:812:010,1,27,2
BA:event:812:011,event,MANDATORY_COMPLETE_REVIEW,02_CANONICAL_STORIES/EVENT/EVENT_812/EPISODE_011_10010105.md,db4e4628e2b76ae0204951d69bf7a9f888b4b8f9ab805fbb47e0a4d03560ef29,ADMITTED,series/blue-archive/02 Sequential Readings/EVENTS/EVENT_812/BLUE_ARCHIVE_EVENT_812_CONTEXTUALIZATION_CHECKPOINT.md,REF:CYCLE008_ACCEPTED,REF:CYCLE008_SCOPE,unresolved,,REF:CYCLE008_LIMITS,CORE,REF:EVENT:BA:event:812:011,1,78,5
BA:event:812:012,event,MANDATORY_COMPLETE_REVIEW,02_CANONICAL_STORIES/EVENT/EVENT_812/EPISODE_012_10010110.md,a47b026042b7b21a9e8b6b75789c9508f6a5c1bba697afd5721ff8b9b3fb3f6f,ADMITTED,series/blue-archive/02 Sequential Readings/EVENTS/EVENT_812/BLUE_ARCHIVE_EVENT_812_CONTEXTUALIZATION_CHECKPOINT.md,REF:CYCLE008_ACCEPTED,REF:CYCLE008_SCOPE,unresolved,,REF:CYCLE008_LIMITS,CORE,REF:EVENT:BA:event:812:012,1,47,3
BA:event:812:013,event,MANDATORY_COMPLETE_REVIEW,02_CANONICAL_STORIES/EVENT/EVENT_812/EPISODE_013_10010125.md,6c95dbf319bbd94418fd7880510722f27824f3b27573667154e8eb8bcaa349da,ADMITTED,series/blue-archive/02 Sequential Readings/EVENTS/EVENT_812/BLUE_ARCHIVE_EVENT_812_CONTEXTUALIZATION_CHECKPOINT.md,REF:CYCLE008_ACCEPTED,REF:CYCLE008_SCOPE,unresolved,,REF:CYCLE008_LIMITS,CORE,REF:EVENT:BA:event:812:013,1,88,1
BA:event:812:014,event,MANDATORY_COMPLETE_REVIEW,02_CANONICAL_STORIES/EVENT/EVENT_812/EPISODE_014_10010130.md,fef182a1eb2ec3eaf1195478c4a15e86b8f05eecea2c170f4400ee0ed790f61b,ADMITTED,series/blue-archive/02 Sequential Readings/EVENTS/EVENT_812/BLUE_ARCHIVE_EVENT_812_CONTEXTUALIZATION_CHECKPOINT.md,REF:CYCLE008_ACCEPTED,REF:CYCLE008_SCOPE,unresolved,,REF:CYCLE008_LIMITS,CORE,REF:EVENT:BA:event:812:014,1,71,4
BA:event:812:015,event,MANDATORY_COMPLETE_REVIEW,02_CANONICAL_STORIES/EVENT/EVENT_812/EPISODE_015_10010145.md,7d702f5632d0e028e6edc56c4acf84a22ee19ec05222663ba1f0ea36298f765b,ADMITTED,series/blue-archive/02 Sequential Readings/EVENTS/EVENT_812/BLUE_ARCHIVE_EVENT_812_CONTEXTUALIZATION_CHECKPOINT.md,REF:CYCLE008_ACCEPTED,REF:CYCLE008_SCOPE,unresolved,,REF:CYCLE008_LIMITS,CORE,REF:EVENT:BA:event:812:015,1,53,2
BA:event:813:001,event,MANDATORY_COMPLETE_REVIEW,02_CANONICAL_STORIES/EVENT/EVENT_813/EPISODE_001_10011005.md,4d42dbdfe6a275d23a2cb2de34de48f33685db421c92b29a5b4e54177097334c,ADMITTED,series/blue-archive/02 Sequential Readings/EVENTS/EVENT_813/BLUE_ARCHIVE_EVENT_813_PHASE2_CONTEXTUAL_COMPARISON_20261008.md,REF:CYCLE008_ACCEPTED,REF:CYCLE008_SCOPE,unresolved,,REF:CYCLE008_LIMITS,HIGH,REF:EVENT:BA:event:813:001,2,109,19
BA:event:813:002,event,MANDATORY_COMPLETE_REVIEW,02_CANONICAL_STORIES/EVENT/EVENT_813/EPISODE_002_10011010.md,dbcc6963f0f4433fe9bc1b802736a8c5d3e52a58b0020bf34634dab4e85c3bb4,ADMITTED,series/blue-archive/02 Sequential Readings/EVENTS/EVENT_813/BLUE_ARCHIVE_EVENT_813_PHASE2_CONTEXTUAL_COMPARISON_20261008.md,REF:CYCLE008_ACCEPTED,REF:CYCLE008_SCOPE,unresolved,,REF:CYCLE008_LIMITS,HIGH,REF:EVENT:BA:event:813:002,1,118,20
BA:event:813:003,event,MANDATORY_COMPLETE_REVIEW,02_CANONICAL_STORIES/EVENT/EVENT_813/EPISODE_003_10011020.md,c546bf02316e98395b968114eea28d91b25877612bcc374be0c52122b8a4ba0d,ADMITTED,series/blue-archive/02 Sequential Readings/EVENTS/EVENT_813/BLUE_ARCHIVE_EVENT_813_PHASE2_CONTEXTUAL_COMPARISON_20261008.md,REF:CYCLE008_ACCEPTED,REF:CYCLE008_SCOPE,unresolved,,REF:CYCLE008_LIMITS,HIGH,REF:EVENT:BA:event:813:003,1,35,4
BA:event:813:004,event,MANDATORY_COMPLETE_REVIEW,02_CANONICAL_STORIES/EVENT/EVENT_813/EPISODE_004_10011025.md,8e56d63fe7c16ad33d99d42db83b2cd0ec5fe8f4ec50443e3842e45ac09b0d05,ADMITTED,series/blue-archive/02 Sequential Readings/EVENTS/EVENT_813/BLUE_ARCHIVE_EVENT_813_PHASE2_CONTEXTUAL_COMPARISON_20261008.md,REF:CYCLE008_ACCEPTED,REF:CYCLE008_SCOPE,unresolved,,REF:CYCLE008_LIMITS,HIGH,REF:EVENT:BA:event:813:004,1,56,11
BA:event:813:005,event,MANDATORY_COMPLETE_REVIEW,02_CANONICAL_STORIES/EVENT/EVENT_813/EPISODE_005_10011030.md,540ec26621e0c3bbf507aedb128e715bf03afe6029e7f2978ff47c485b3eac50,ADMITTED,series/blue-archive/02 Sequential Readings/EVENTS/EVENT_813/BLUE_ARCHIVE_EVENT_813_PHASE2_CONTEXTUAL_COMPARISON_20261008.md,REF:CYCLE008_ACCEPTED,REF:CYCLE008_SCOPE,unresolved,,REF:CYCLE008_LIMITS,HIGH,REF:EVENT:BA:event:813:005,1,128,10
BA:event:813:006,event,MANDATORY_COMPLETE_REVIEW,02_CANONICAL_STORIES/EVENT/EVENT_813/EPISODE_006_10011035.md,7e096ae95bfbbf23e431515e1600de20aedd457b835ee04e54547f3d6924aa22,ADMITTED,series/blue-archive/02 Sequential Readings/EVENTS/EVENT_813/BLUE_ARCHIVE_EVENT_813_PHASE2_CONTEXTUAL_COMPARISON_20261008.md,REF:CYCLE008_ACCEPTED,REF:CYCLE008_SCOPE,unresolved,,REF:CYCLE008_LIMITS,HIGH,REF:EVENT:BA:event:813:006,1,80,10
BA:event:813:007,event,MANDATORY_COMPLETE_REVIEW,02_CANONICAL_STORIES/EVENT/EVENT_813/EPISODE_007_10011040.md,f89cfa31271dbf923a228885773dedfcb8f44b4a72de428067abc37ec3d42c55,ADMITTED,series/blue-archive/02 Sequential Readings/EVENTS/EVENT_813/BLUE_ARCHIVE_EVENT_813_PHASE2_CONTEXTUAL_COMPARISON_20261008.md,REF:CYCLE008_ACCEPTED,REF:CYCLE008_SCOPE,unresolved,,REF:CYCLE008_LIMITS,HIGH,REF:EVENT:BA:event:813:007,1,77,4
BA:event:813:008,event,MANDATORY_COMPLETE_REVIEW,02_CANONICAL_STORIES/EVENT/EVENT_813/EPISODE_008_10011045.md,a3c5afe446465a205b63c9c489e4057f583bf0f41f6bbba9e3d136f109b8c194,ADMITTED,series/blue-archive/02 Sequential Readings/EVENTS/EVENT_813/BLUE_ARCHIVE_EVENT_813_PHASE2_CONTEXTUAL_COMPARISON_20261008.md,REF:CYCLE008_ACCEPTED,REF:CYCLE008_SCOPE,unresolved,,REF:CYCLE008_LIMITS,HIGH,REF:EVENT:BA:event:813:008,1,17,1
BA:event:813:009,event,MANDATORY_COMPLETE_REVIEW,02_CANONICAL_STORIES/EVENT/EVENT_813/EPISODE_009_10011050.md,edddfa42d6db9702e5dae6b37ac0dcc3ed06779621713033aeb41551eb5819ee,ADMITTED,series/blue-archive/02 Sequential Readings/EVENTS/EVENT_813/BLUE_ARCHIVE_EVENT_813_PHASE2_CONTEXTUAL_COMPARISON_20261008.md,REF:CYCLE008_ACCEPTED,REF:CYCLE008_SCOPE,unresolved,,REF:CYCLE008_LIMITS,CORE,REF:EVENT:BA:event:813:009,1,93,6
BA:event:813:010,event,MANDATORY_COMPLETE_REVIEW,02_CANONICAL_STORIES/EVENT/EVENT_813/EPISODE_010_10011055.md,bcc7c1cce375f922a5b2167f983cf632eaf43bc84907ba22e6400766d40eddf1,ADMITTED,series/blue-archive/02 Sequential Readings/EVENTS/EVENT_813/BLUE_ARCHIVE_EVENT_813_PHASE2_CONTEXTUAL_COMPARISON_20261008.md,REF:CYCLE008_ACCEPTED,REF:CYCLE008_SCOPE,unresolved,,REF:CYCLE008_LIMITS,HIGH,REF:EVENT:BA:event:813:010,1,17,1
BA:event:813:011,event,MANDATORY_COMPLETE_REVIEW,02_CANONICAL_STORIES/EVENT/EVENT_813/EPISODE_011_10011060.md,4bc047ef983492ae4e4eb1684550fd0e7082c2e9500689088e28a08365693b13,ADMITTED,series/blue-archive/02 Sequential Readings/EVENTS/EVENT_813/BLUE_ARCHIVE_EVENT_813_PHASE2_CONTEXTUAL_COMPARISON_20261008.md,REF:CYCLE008_ACCEPTED,REF:CYCLE008_SCOPE,unresolved,,REF:CYCLE008_LIMITS,CORE,REF:EVENT:BA:event:813:011,1,85,9
BA:event:813:012,event,MANDATORY_COMPLETE_REVIEW,02_CANONICAL_STORIES/EVENT/EVENT_813/EPISODE_012_10011065.md,bd054281116f2daebb1ce1fd91417c76ecf23f77262e2f10086e649147628021,ADMITTED,series/blue-archive/02 Sequential Readings/EVENTS/EVENT_813/BLUE_ARCHIVE_EVENT_813_PHASE2_CONTEXTUAL_COMPARISON_20261008.md,REF:CYCLE008_ACCEPTED,REF:CYCLE008_SCOPE,unresolved,,REF:CYCLE008_LIMITS,HIGH,REF:EVENT:BA:event:813:012,1,24,2
BA:event:813:013,event,MANDATORY_COMPLETE_REVIEW,02_CANONICAL_STORIES/EVENT/EVENT_813/EPISODE_013_10011070.md,b5a8a00328e9740cee011973ed6c8d98cb7e86f27bd81b2ea1cfb4da1e98c80f,ADMITTED,series/blue-archive/02 Sequential Readings/EVENTS/EVENT_813/BLUE_ARCHIVE_EVENT_813_PHASE2_CONTEXTUAL_COMPARISON_20261008.md,REF:CYCLE008_ACCEPTED,REF:CYCLE008_SCOPE,unresolved,,REF:CYCLE008_LIMITS,CORE,REF:EVENT:BA:event:813:013,1,121,16
BA:event:813:014,event,MANDATORY_COMPLETE_REVIEW,02_CANONICAL_STORIES/EVENT/EVENT_813/EPISODE_014_10011075.md,d914a50ede532367a152b2fc84c84fd2c3f314fdc66878c14fcb4f37a89b1ac2,ADMITTED,series/blue-archive/02 Sequential Readings/EVENTS/EVENT_813/BLUE_ARCHIVE_EVENT_813_PHASE2_CONTEXTUAL_COMPARISON_20261008.md,REF:CYCLE008_ACCEPTED,REF:CYCLE008_SCOPE,unresolved,,REF:CYCLE008_LIMITS,CORE,REF:EVENT:BA:event:813:014,1,22,2
BA:event:813:015,event,MANDATORY_COMPLETE_REVIEW,02_CANONICAL_STORIES/EVENT/EVENT_813/EPISODE_015_10011080.md,de6a27a18d52d5efc7edf4db2c06e97f629c65c534dc487969b4b304b321de1c,ADMITTED,series/blue-archive/02 Sequential Readings/EVENTS/EVENT_813/BLUE_ARCHIVE_EVENT_813_PHASE2_CONTEXTUAL_COMPARISON_20261008.md,REF:CYCLE008_ACCEPTED,REF:CYCLE008_SCOPE,unresolved,,REF:CYCLE008_LIMITS,CORE,REF:EVENT:BA:event:813:015,1,52,1
BA:event:813:016,event,MANDATORY_COMPLETE_REVIEW,02_CANONICAL_STORIES/EVENT/EVENT_813/EPISODE_016_10011085.md,d873d38a7685cf16fa9cdbe83eb6607d69cb6c743f69eddee9e83c6cf3e1c56b,ADMITTED,series/blue-archive/02 Sequential Readings/EVENTS/EVENT_813/BLUE_ARCHIVE_EVENT_813_PHASE2_CONTEXTUAL_COMPARISON_20261008.md,REF:CYCLE008_ACCEPTED,REF:CYCLE008_SCOPE,unresolved,,REF:CYCLE008_LIMITS,CORE,REF:EVENT:BA:event:813:016,1,44,2
BA:event:813:017,event,MANDATORY_COMPLETE_REVIEW,02_CANONICAL_STORIES/EVENT/EVENT_813/EPISODE_017_10011090.md,5ffd649f3143cf47ba9dccf0c51bf842d9777d8f37c21ba6d62a96c03b468751,ADMITTED,series/blue-archive/02 Sequential Readings/EVENTS/EVENT_813/BLUE_ARCHIVE_EVENT_813_PHASE2_CONTEXTUAL_COMPARISON_20261008.md,REF:CYCLE008_ACCEPTED,REF:CYCLE008_SCOPE,unresolved,,REF:CYCLE008_LIMITS,CORE,REF:EVENT:BA:event:813:017,1,35,1
BA:event:813:018,event,MANDATORY_COMPLETE_REVIEW,02_CANONICAL_STORIES/EVENT/EVENT_813/EPISODE_018_10011095.md,657639a7f631962d5beb022a1acc0cfe4f6d2d2498f784f116e675069a83c0c8,ADMITTED,series/blue-archive/02 Sequential Readings/EVENTS/EVENT_813/BLUE_ARCHIVE_EVENT_813_PHASE2_CONTEXTUAL_COMPARISON_20261008.md,REF:CYCLE008_ACCEPTED,REF:CYCLE008_SCOPE,unresolved,,REF:CYCLE008_LIMITS,CORE,REF:EVENT:BA:event:813:018,1,72,4
BA:event:813:019,event,MANDATORY_COMPLETE_REVIEW,02_CANONICAL_STORIES/EVENT/EVENT_813/EPISODE_019_10011105.md,1f12261e77aefd89306002a1534fcf5f4b211b91ebf565e5bf946e95173843ac,ADMITTED,series/blue-archive/02 Sequential Readings/EVENTS/EVENT_813/BLUE_ARCHIVE_EVENT_813_PHASE2_CONTEXTUAL_COMPARISON_20261008.md,REF:CYCLE008_ACCEPTED,REF:CYCLE008_SCOPE,unresolved,,REF:CYCLE008_LIMITS,CORE,REF:EVENT:BA:event:813:019,1,105,18
BA:event:814:001,event,MANDATORY_COMPLETE_REVIEW,02_CANONICAL_STORIES/EVENT/EVENT_814/EPISODE_001_10012005.md,2b86a5756e3dab7a886d0d8adc3eae3855284984f4ec298543275036fcc80d75,ADMITTED,series/blue-archive/02 Sequential Readings/EVENTS/EVENT_814/BLUE_ARCHIVE_EVENT_814_PHASE2_CONTEXTUAL_COMPARISON_20261008.md,REF:ORIGINAL_ADMISSION_RECORD_0020,REF:ORIGINAL_ADMITTED_CLAIM_SCOPE_0175,LOCAL_RELATIVE_ONLY,Packet-local before/after and explicit recollections only; release/variant order is not main time.,REF:ORIGINAL_ATTRIBUTION_LIMITS_0176,HIGH,REF:EVENT:BA:event:814:001,1,24,0
BA:event:814:002,event,MANDATORY_COMPLETE_REVIEW,02_CANONICAL_STORIES/EVENT/EVENT_814/EPISODE_002_10012010.md,5f64eae3aa75a1157c2744440ee6ecf0262b22c090eecdb9fada957f8b5e0c31,ADMITTED,series/blue-archive/02 Sequential Readings/EVENTS/EVENT_814/BLUE_ARCHIVE_EVENT_814_PHASE2_CONTEXTUAL_COMPARISON_20261008.md,REF:ORIGINAL_ADMISSION_RECORD_0020,REF:ORIGINAL_ADMITTED_CLAIM_SCOPE_0175,LOCAL_RELATIVE_ONLY,Packet-local before/after and explicit recollections only; release/variant order is not main time.,REF:ORIGINAL_ATTRIBUTION_LIMITS_0176,CORE,REF:EVENT:BA:event:814:002,1,37,3
BA:event:814:003,event,MANDATORY_COMPLETE_REVIEW,02_CANONICAL_STORIES/EVENT/EVENT_814/EPISODE_003_10012015.md,a21b25ff8ed4707ab8aee46693f463170311c068ff3fdea424335efe1d9f1ac9,ADMITTED,series/blue-archive/02 Sequential Readings/EVENTS/EVENT_814/BLUE_ARCHIVE_EVENT_814_PHASE2_CONTEXTUAL_COMPARISON_20261008.md,REF:ORIGINAL_ADMISSION_RECORD_0020,REF:ORIGINAL_ADMITTED_CLAIM_SCOPE_0175,LOCAL_RELATIVE_ONLY,Packet-local before/after and explicit recollections only; release/variant order is not main time.,REF:ORIGINAL_ATTRIBUTION_LIMITS_0176,CORE,REF:EVENT:BA:event:814:003,1,85,6
BA:event:814:004,event,MANDATORY_COMPLETE_REVIEW,02_CANONICAL_STORIES/EVENT/EVENT_814/EPISODE_004_10012020.md,d0a5048c03bc45a5fd409430aa1f6fdbebbc9326e742374b4ddbb25ab6294628,ADMITTED,series/blue-archive/02 Sequential Readings/EVENTS/EVENT_814/BLUE_ARCHIVE_EVENT_814_PHASE2_CONTEXTUAL_COMPARISON_20261008.md,REF:ORIGINAL_ADMISSION_RECORD_0020,REF:ORIGINAL_ADMITTED_CLAIM_SCOPE_0175,LOCAL_RELATIVE_ONLY,Packet-local before/after and explicit recollections only; release/variant order is not main time.,REF:ORIGINAL_ATTRIBUTION_LIMITS_0176,CORE,REF:EVENT:BA:event:814:004,1,116,10
BA:event:814:005,event,MANDATORY_COMPLETE_REVIEW,02_CANONICAL_STORIES/EVENT/EVENT_814/EPISODE_005_10012025.md,aee573c1a335224393aebf8d5187df87930ddcbeec0cacc32f0d7ce39fe56f9f,ADMITTED,series/blue-archive/02 Sequential Readings/EVENTS/EVENT_814/BLUE_ARCHIVE_EVENT_814_PHASE2_CONTEXTUAL_COMPARISON_20261008.md,REF:ORIGINAL_ADMISSION_RECORD_0020,REF:ORIGINAL_ADMITTED_CLAIM_SCOPE_0175,LOCAL_RELATIVE_ONLY,Packet-local before/after and explicit recollections only; release/variant order is not main time.,REF:ORIGINAL_ATTRIBUTION_LIMITS_0176,HIGH,REF:EVENT:BA:event:814:005,1,40,0
BA:event:814:006,event,MANDATORY_COMPLETE_REVIEW,02_CANONICAL_STORIES/EVENT/EVENT_814/EPISODE_006_10012030.md,1efbb4047266406e0a10d8346203d27b0756698ee8dfc0374e3047167e0a7198,ADMITTED,series/blue-archive/02 Sequential Readings/EVENTS/EVENT_814/BLUE_ARCHIVE_EVENT_814_PHASE2_CONTEXTUAL_COMPARISON_20261008.md,REF:ORIGINAL_ADMISSION_RECORD_0020,REF:ORIGINAL_ADMITTED_CLAIM_SCOPE_0175,LOCAL_RELATIVE_ONLY,Packet-local before/after and explicit recollections only; release/variant order is not main time.,REF:ORIGINAL_ATTRIBUTION_LIMITS_0176,CORE,REF:EVENT:BA:event:814:006,1,98,9
BA:event:814:007,event,MANDATORY_COMPLETE_REVIEW,02_CANONICAL_STORIES/EVENT/EVENT_814/EPISODE_007_10012035.md,ae72a56ff05097674f948841c6aa0606886e0ba977bf533323c86246dd3ee5b4,ADMITTED,series/blue-archive/02 Sequential Readings/EVENTS/EVENT_814/BLUE_ARCHIVE_EVENT_814_PHASE2_CONTEXTUAL_COMPARISON_20261008.md,REF:ORIGINAL_ADMISSION_RECORD_0020,REF:ORIGINAL_ADMITTED_CLAIM_SCOPE_0175,LOCAL_RELATIVE_ONLY,Packet-local before/after and explicit recollections only; release/variant order is not main time.,REF:ORIGINAL_ATTRIBUTION_LIMITS_0176,CORE,REF:EVENT:BA:event:814:007,1,28,2
BA:event:814:008,event,MANDATORY_COMPLETE_REVIEW,02_CANONICAL_STORIES/EVENT/EVENT_814/EPISODE_008_10012040.md,31c6d171fef547f46a474fce5ee6c8cb6f270709fe43ffd73e2e03ce462d76c5,ADMITTED,series/blue-archive/02 Sequential Readings/EVENTS/EVENT_814/BLUE_ARCHIVE_EVENT_814_PHASE2_CONTEXTUAL_COMPARISON_20261008.md,REF:ORIGINAL_ADMISSION_RECORD_0020,REF:ORIGINAL_ADMITTED_CLAIM_SCOPE_0175,LOCAL_RELATIVE_ONLY,Packet-local before/after and explicit recollections only; release/variant order is not main time.,REF:ORIGINAL_ATTRIBUTION_LIMITS_0176,HIGH,REF:EVENT:BA:event:814:008,1,101,3
BA:event:814:009,event,MANDATORY_COMPLETE_REVIEW,02_CANONICAL_STORIES/EVENT/EVENT_814/EPISODE_009_10012045.md,5565746da1315419c146a1caf4a289b4f72fba3ee94ac58ffdb40e89181a55d6,ADMITTED,series/blue-archive/02 Sequential Readings/EVENTS/EVENT_814/BLUE_ARCHIVE_EVENT_814_PHASE2_CONTEXTUAL_COMPARISON_20261008.md,REF:ORIGINAL_ADMISSION_RECORD_0020,REF:ORIGINAL_ADMITTED_CLAIM_SCOPE_0175,LOCAL_RELATIVE_ONLY,Packet-local before/after and explicit recollections only; release/variant order is not main time.,REF:ORIGINAL_ATTRIBUTION_LIMITS_0176,CORE,REF:EVENT:BA:event:814:009,1,43,1
BA:event:814:010,event,MANDATORY_COMPLETE_REVIEW,02_CANONICAL_STORIES/EVENT/EVENT_814/EPISODE_010_10012050.md,831d74c3fcc00035d262871512391e79812b76c9d71daa2aa5c43ebb307433a6,ADMITTED,series/blue-archive/02 Sequential Readings/EVENTS/EVENT_814/BLUE_ARCHIVE_EVENT_814_PHASE2_CONTEXTUAL_COMPARISON_20261008.md,REF:ORIGINAL_ADMISSION_RECORD_0020,REF:ORIGINAL_ADMITTED_CLAIM_SCOPE_0175,LOCAL_RELATIVE_ONLY,Packet-local before/after and explicit recollections only; release/variant order is not main time.,REF:ORIGINAL_ATTRIBUTION_LIMITS_0176,HIGH,REF:EVENT:BA:event:814:010,1,87,2
BA:event:814:011,event,MANDATORY_COMPLETE_REVIEW,02_CANONICAL_STORIES/EVENT/EVENT_814/EPISODE_011_10012055.md,bc547b6a28752505b8bd958d3a562520b5693f55ed88168c0d8b2c2e2d4564c9,ADMITTED,series/blue-archive/02 Sequential Readings/EVENTS/EVENT_814/BLUE_ARCHIVE_EVENT_814_PHASE2_CONTEXTUAL_COMPARISON_20261008.md,REF:ORIGINAL_ADMISSION_RECORD_0020,REF:ORIGINAL_ADMITTED_CLAIM_SCOPE_0175,LOCAL_RELATIVE_ONLY,Packet-local before/after and explicit recollections only; release/variant order is not main time.,REF:ORIGINAL_ATTRIBUTION_LIMITS_0176,HIGH,REF:EVENT:BA:event:814:011,1,15,1
BA:event:814:012,event,MANDATORY_COMPLETE_REVIEW,02_CANONICAL_STORIES/EVENT/EVENT_814/EPISODE_012_10012065.md,f2979dfa4c8416bdaf762ce5cf153225309eaa99c5ad19e690908b6bf0114b6a,ADMITTED,series/blue-archive/02 Sequential Readings/EVENTS/EVENT_814/BLUE_ARCHIVE_EVENT_814_PHASE2_CONTEXTUAL_COMPARISON_20261008.md,REF:ORIGINAL_ADMISSION_RECORD_0020,REF:ORIGINAL_ADMITTED_CLAIM_SCOPE_0175,LOCAL_RELATIVE_ONLY,Packet-local before/after and explicit recollections only; release/variant order is not main time.,REF:ORIGINAL_ATTRIBUTION_LIMITS_0176,CORE,REF:EVENT:BA:event:814:012,1,96,6
BA:event:814:013,event,MANDATORY_COMPLETE_REVIEW,02_CANONICAL_STORIES/EVENT/EVENT_814/EPISODE_013_10012070.md,3629d297f6e14cf6591cfc9f1d5bee048e02300000c1f2404f21333cdf6f913a,ADMITTED,series/blue-archive/02 Sequential Readings/EVENTS/EVENT_814/BLUE_ARCHIVE_EVENT_814_PHASE2_CONTEXTUAL_COMPARISON_20261008.md,REF:ORIGINAL_ADMISSION_RECORD_0020,REF:ORIGINAL_ADMITTED_CLAIM_SCOPE_0175,LOCAL_RELATIVE_ONLY,Packet-local before/after and explicit recollections only; release/variant order is not main time.,REF:ORIGINAL_ATTRIBUTION_LIMITS_0176,CORE,REF:EVENT:BA:event:814:013,1,80,5
BA:event:814:014,event,MANDATORY_COMPLETE_REVIEW,02_CANONICAL_STORIES/EVENT/EVENT_814/EPISODE_014_10012080.md,2283e85c105eea0d16cdeb28d0201e9c931a862193123f8a62a810a251abcfc4,ADMITTED,series/blue-archive/02 Sequential Readings/EVENTS/EVENT_814/BLUE_ARCHIVE_EVENT_814_PHASE2_CONTEXTUAL_COMPARISON_20261008.md,REF:ORIGINAL_ADMISSION_RECORD_0020,REF:ORIGINAL_ADMITTED_CLAIM_SCOPE_0175,LOCAL_RELATIVE_ONLY,Packet-local before/after and explicit recollections only; release/variant order is not main time.,REF:ORIGINAL_ATTRIBUTION_LIMITS_0176,CORE,REF:EVENT:BA:event:814:014,1,31,2
BA:event:814:015,event,MANDATORY_COMPLETE_REVIEW,02_CANONICAL_STORIES/EVENT/EVENT_814/EPISODE_015_10012090.md,86a7bb9a4f4738e61e75112f2ed170246c30bec79a20c7db020b440f0469dbea,ADMITTED,series/blue-archive/02 Sequential Readings/EVENTS/EVENT_814/BLUE_ARCHIVE_EVENT_814_PHASE2_CONTEXTUAL_COMPARISON_20261008.md,REF:ORIGINAL_ADMISSION_RECORD_0020,REF:ORIGINAL_ADMITTED_CLAIM_SCOPE_0175,LOCAL_RELATIVE_ONLY,Packet-local before/after and explicit recollections only; release/variant order is not main time.,REF:ORIGINAL_ATTRIBUTION_LIMITS_0176,CORE,REF:EVENT:BA:event:814:015,1,82,4
BA:event:814:016,event,MANDATORY_COMPLETE_REVIEW,02_CANONICAL_STORIES/EVENT/EVENT_814/EPISODE_016_10012095.md,d4acdeaf2a9964b8b9e74eeae1949f3ef36f1ec7a5f359d27bb911d023c6eadc,ADMITTED,series/blue-archive/02 Sequential Readings/EVENTS/EVENT_814/BLUE_ARCHIVE_EVENT_814_PHASE2_CONTEXTUAL_COMPARISON_20261008.md,REF:ORIGINAL_ADMISSION_RECORD_0020,REF:ORIGINAL_ADMITTED_CLAIM_SCOPE_0175,LOCAL_RELATIVE_ONLY,Packet-local before/after and explicit recollections only; release/variant order is not main time.,REF:ORIGINAL_ATTRIBUTION_LIMITS_0176,CORE,REF:EVENT:BA:event:814:016,1,52,4
BA:event:815:001,event,MANDATORY_COMPLETE_REVIEW,02_CANONICAL_STORIES/EVENT/EVENT_815/EPISODE_001_10013005.md,40896fc0509fa90c06b234f1f4ac161769ec52b237e18e14b1473c33efed666f,ADMITTED,series/blue-archive/02 Sequential Readings/EVENTS/EVENT_815/BLUE_ARCHIVE_EVENT_815_PHASE2_CONTEXTUAL_COMPARISON_20261008.md,REF:CYCLE008_ACCEPTED,REF:CYCLE008_SCOPE,unresolved,,REF:CYCLE008_LIMITS,HIGH,REF:EVENT:BA:event:815:001,2,111,28
BA:event:815:002,event,MANDATORY_COMPLETE_REVIEW,02_CANONICAL_STORIES/EVENT/EVENT_815/EPISODE_002_10013010.md,79ad51d1f7ade84c38753deb49373c288c0c871964891c5df5f3e05d03d8fffa,ADMITTED,series/blue-archive/02 Sequential Readings/EVENTS/EVENT_815/BLUE_ARCHIVE_EVENT_815_PHASE2_CONTEXTUAL_COMPARISON_20261008.md,REF:CYCLE008_ACCEPTED,REF:CYCLE008_SCOPE,unresolved,,REF:CYCLE008_LIMITS,HIGH,REF:EVENT:BA:event:815:002,1,145,15
BA:event:815:003,event,MANDATORY_COMPLETE_REVIEW,02_CANONICAL_STORIES/EVENT/EVENT_815/EPISODE_003_10013020.md,d6bc41476bc20016da7c2b0a8592685896a0ceea84d39c84e4d8cdd7ecde510d,ADMITTED,series/blue-archive/02 Sequential Readings/EVENTS/EVENT_815/BLUE_ARCHIVE_EVENT_815_PHASE2_CONTEXTUAL_COMPARISON_20261008.md,REF:CYCLE008_ACCEPTED,REF:CYCLE008_SCOPE,unresolved,,REF:CYCLE008_LIMITS,HIGH,REF:EVENT:BA:event:815:003,1,87,14
BA:event:815:004,event,MANDATORY_COMPLETE_REVIEW,02_CANONICAL_STORIES/EVENT/EVENT_815/EPISODE_004_10013030.md,17f86a83a1accc7861283de12427edc7c185965d87b583d5940390f7993d23f8,ADMITTED,series/blue-archive/02 Sequential Readings/EVENTS/EVENT_815/BLUE_ARCHIVE_EVENT_815_PHASE2_CONTEXTUAL_COMPARISON_20261008.md,REF:CYCLE008_ACCEPTED,REF:CYCLE008_SCOPE,unresolved,,REF:CYCLE008_LIMITS,CORE,REF:EVENT:BA:event:815:004,1,92,15
BA:event:815:005,event,MANDATORY_COMPLETE_REVIEW,02_CANONICAL_STORIES/EVENT/EVENT_815/EPISODE_005_10013035.md,1dee3852f63f8b8e72659c0a2b46bc2e00a5a9619e3926461974ef551c2097e1,ADMITTED,series/blue-archive/02 Sequential Readings/EVENTS/EVENT_815/BLUE_ARCHIVE_EVENT_815_PHASE2_CONTEXTUAL_COMPARISON_20261008.md,REF:CYCLE008_ACCEPTED,REF:CYCLE008_SCOPE,unresolved,,REF:CYCLE008_LIMITS,CORE,REF:EVENT:BA:event:815:005,1,107,8
BA:event:815:006,event,MANDATORY_COMPLETE_REVIEW,02_CANONICAL_STORIES/EVENT/EVENT_815/EPISODE_006_10013040.md,bb16d24de6b28e550a0dd13ce5bdfd9d5db668e5b1e6e1b8b91928ff009597f0,ADMITTED,series/blue-archive/02 Sequential Readings/EVENTS/EVENT_815/BLUE_ARCHIVE_EVENT_815_PHASE2_CONTEXTUAL_COMPARISON_20261008.md,REF:CYCLE008_ACCEPTED,REF:CYCLE008_SCOPE,unresolved,,REF:CYCLE008_LIMITS,HIGH,REF:EVENT:BA:event:815:006,1,16,6
BA:event:815:007,event,MANDATORY_COMPLETE_REVIEW,02_CANONICAL_STORIES/EVENT/EVENT_815/EPISODE_007_10013050.md,50c03bca6875e5efd69af05d9e4373861c081440071e2dcb1ce962f51b8778f6,ADMITTED,series/blue-archive/02 Sequential Readings/EVENTS/EVENT_815/BLUE_ARCHIVE_EVENT_815_PHASE2_CONTEXTUAL_COMPARISON_20261008.md,REF:CYCLE008_ACCEPTED,REF:CYCLE008_SCOPE,unresolved,,REF:CYCLE008_LIMITS,CORE,REF:EVENT:BA:event:815:007,1,99,13
BA:event:815:008,event,MANDATORY_COMPLETE_REVIEW,02_CANONICAL_STORIES/EVENT/EVENT_815/EPISODE_008_10013055.md,1939a9c5638485d566af89d042965f1dcbdd293d54bb7c38d3c3be4cfedad5ee,ADMITTED,series/blue-archive/02 Sequential Readings/EVENTS/EVENT_815/BLUE_ARCHIVE_EVENT_815_PHASE2_CONTEXTUAL_COMPARISON_20261008.md,REF:CYCLE008_ACCEPTED,REF:CYCLE008_SCOPE,unresolved,,REF:CYCLE008_LIMITS,CORE,REF:EVENT:BA:event:815:008,1,96,6
BA:event:815:009,event,MANDATORY_COMPLETE_REVIEW,02_CANONICAL_STORIES/EVENT/EVENT_815/EPISODE_009_10013060.md,a2794b692a1cdfda5497ec7070c41c4570fe2350bf77a9a4aad76025107777ad,ADMITTED,series/blue-archive/02 Sequential Readings/EVENTS/EVENT_815/BLUE_ARCHIVE_EVENT_815_PHASE2_CONTEXTUAL_COMPARISON_20261008.md,REF:CYCLE008_ACCEPTED,REF:CYCLE008_SCOPE,unresolved,,REF:CYCLE008_LIMITS,CORE,REF:EVENT:BA:event:815:009,1,74,10
BA:event:815:010,event,MANDATORY_COMPLETE_REVIEW,02_CANONICAL_STORIES/EVENT/EVENT_815/EPISODE_010_10013065.md,6ee43a8b92791cdab8d0785f220db67aea946600af6abb7150a8b43475441e24,ADMITTED,series/blue-archive/02 Sequential Readings/EVENTS/EVENT_815/BLUE_ARCHIVE_EVENT_815_PHASE2_CONTEXTUAL_COMPARISON_20261008.md,REF:CYCLE008_ACCEPTED,REF:CYCLE008_SCOPE,unresolved,,REF:CYCLE008_LIMITS,CORE,REF:EVENT:BA:event:815:010,1,46,5
BA:event:815:011,event,MANDATORY_COMPLETE_REVIEW,02_CANONICAL_STORIES/EVENT/EVENT_815/EPISODE_011_10013070.md,bdfec0a89689af746bdbdc6efe946e6d5de025149bae46fc8cbb028371cde56f,ADMITTED,series/blue-archive/02 Sequential Readings/EVENTS/EVENT_815/BLUE_ARCHIVE_EVENT_815_PHASE2_CONTEXTUAL_COMPARISON_20261008.md,REF:CYCLE008_ACCEPTED,REF:CYCLE008_SCOPE,unresolved,,REF:CYCLE008_LIMITS,CORE,REF:EVENT:BA:event:815:011,1,35,8
BA:event:815:012,event,MANDATORY_COMPLETE_REVIEW,02_CANONICAL_STORIES/EVENT/EVENT_815/EPISODE_012_10013080.md,b093b06efec9874af9f2df3385ace2481336dd568de1a4a857bdf26ed8a44c3d,ADMITTED,series/blue-archive/02 Sequential Readings/EVENTS/EVENT_815/BLUE_ARCHIVE_EVENT_815_PHASE2_CONTEXTUAL_COMPARISON_20261008.md,REF:CYCLE008_ACCEPTED,REF:CYCLE008_SCOPE,unresolved,,REF:CYCLE008_LIMITS,CORE,REF:EVENT:BA:event:815:012,1,130,13
BA:event:815:013,event,MANDATORY_COMPLETE_REVIEW,02_CANONICAL_STORIES/EVENT/EVENT_815/EPISODE_013_10013090.md,08e9e46051eff5e1352fb7198f3e99ca85b7b93682a72c037a8d6a98956e2f0c,ADMITTED,series/blue-archive/02 Sequential Readings/EVENTS/EVENT_815/BLUE_ARCHIVE_EVENT_815_PHASE2_CONTEXTUAL_COMPARISON_20261008.md,REF:CYCLE008_ACCEPTED,REF:CYCLE008_SCOPE,unresolved,,REF:CYCLE008_LIMITS,CORE,REF:EVENT:BA:event:815:013,1,185,25
BA:event:816:001,event,MANDATORY_COMPLETE_REVIEW,02_CANONICAL_STORIES/EVENT/EVENT_816/EPISODE_001_10014005.md,0e46fa8f19c52126c906aed4a778824fa4a09494f2d6713565662f41ba0c2cad,ADMITTED,series/blue-archive/02 Sequential Readings/EVENTS/EVENT_816/BLUE_ARCHIVE_EVENT_816_EPISODE_001_DEEP_READING.md,REF:ORIGINAL_ADMISSION_RECORD_0103,REF:ORIGINAL_ADMITTED_CLAIM_SCOPE_0178,relative,"Connected event-relative evenings/following days; recalled café cause reported, exact date/main placement unresolved.",REF:ORIGINAL_ATTRIBUTION_LIMITS_0179,CORE,REF:EVENT:BA:event:816:001,1,30,3
BA:event:816:002,event,MANDATORY_COMPLETE_REVIEW,02_CANONICAL_STORIES/EVENT/EVENT_816/EPISODE_002_10014010.md,105227bddd59bc0b915f89b700f89884fd1b8f593cf0cc948d54ae3896101195,ADMITTED,series/blue-archive/02 Sequential Readings/EVENTS/EVENT_816/BLUE_ARCHIVE_EVENT_816_EPISODE_002_DEEP_READING.md,REF:ORIGINAL_ADMISSION_RECORD_0103,REF:ORIGINAL_ADMITTED_CLAIM_SCOPE_0178,relative,"Connected event-relative evenings/following days; recalled café cause reported, exact date/main placement unresolved.",REF:ORIGINAL_ATTRIBUTION_LIMITS_0179,CORE,REF:EVENT:BA:event:816:002,1,34,1
BA:event:816:003,event,MANDATORY_COMPLETE_REVIEW,02_CANONICAL_STORIES/EVENT/EVENT_816/EPISODE_003_10014015.md,1ae6f1683f6c7844026ee2debbe97071a51eb63b3dfa5f73f8bf336d1a71a234,ADMITTED,series/blue-archive/02 Sequential Readings/EVENTS/EVENT_816/BLUE_ARCHIVE_EVENT_816_EPISODE_003_DEEP_READING.md,REF:ORIGINAL_ADMISSION_RECORD_0103,REF:ORIGINAL_ADMITTED_CLAIM_SCOPE_0178,relative,"Connected event-relative evenings/following days; recalled café cause reported, exact date/main placement unresolved.",REF:ORIGINAL_ATTRIBUTION_LIMITS_0179,CORE,REF:EVENT:BA:event:816:003,1,43,1
BA:event:816:004,event,MANDATORY_COMPLETE_REVIEW,02_CANONICAL_STORIES/EVENT/EVENT_816/EPISODE_004_10014020.md,0849db45aef5088b29a2fc2b0269a215d2bb7600b541136f7df0e0581a0ec1a8,ADMITTED,series/blue-archive/02 Sequential Readings/EVENTS/EVENT_816/BLUE_ARCHIVE_EVENT_816_EPISODE_004_DEEP_READING.md,REF:ORIGINAL_ADMISSION_RECORD_0103,REF:ORIGINAL_ADMITTED_CLAIM_SCOPE_0178,relative,"Connected event-relative evenings/following days; recalled café cause reported, exact date/main placement unresolved.",REF:ORIGINAL_ATTRIBUTION_LIMITS_0179,CORE,REF:EVENT:BA:event:816:004,1,85,6
BA:event:816:005,event,MANDATORY_COMPLETE_REVIEW,02_CANONICAL_STORIES/EVENT/EVENT_816/EPISODE_005_10014025.md,82d3f7e4f4d9918bea7d5f8432194f92b7f315240a1aa1008f76f660f1b0fd0d,ADMITTED,series/blue-archive/02 Sequential Readings/EVENTS/EVENT_816/BLUE_ARCHIVE_EVENT_816_EPISODE_005_DEEP_READING.md,REF:ORIGINAL_ADMISSION_RECORD_0103,REF:ORIGINAL_ADMITTED_CLAIM_SCOPE_0178,relative,"Connected event-relative evenings/following days; recalled café cause reported, exact date/main placement unresolved.",REF:ORIGINAL_ATTRIBUTION_LIMITS_0179,CORE,REF:EVENT:BA:event:816:005,1,83,8
BA:event:816:006,event,MANDATORY_COMPLETE_REVIEW,02_CANONICAL_STORIES/EVENT/EVENT_816/EPISODE_006_10014030.md,1493f2557f18f779ec9a81325902b722b1e85a9749b7a2a92d46c76e825c57cd,ADMITTED,series/blue-archive/02 Sequential Readings/EVENTS/EVENT_816/BLUE_ARCHIVE_EVENT_816_EPISODE_006_DEEP_READING.md,REF:ORIGINAL_ADMISSION_RECORD_0103,REF:ORIGINAL_ADMITTED_CLAIM_SCOPE_0178,relative,"Connected event-relative evenings/following days; recalled café cause reported, exact date/main placement unresolved.",REF:ORIGINAL_ATTRIBUTION_LIMITS_0179,CORE,REF:EVENT:BA:event:816:006,1,73,7
BA:event:816:007,event,MANDATORY_COMPLETE_REVIEW,02_CANONICAL_STORIES/EVENT/EVENT_816/EPISODE_007_10014035.md,6e0b16e27262925aef66a17076b951f547945096abaece0a95eae857c6738170,ADMITTED,series/blue-archive/02 Sequential Readings/EVENTS/EVENT_816/BLUE_ARCHIVE_EVENT_816_EPISODE_007_DEEP_READING.md,REF:ORIGINAL_ADMISSION_RECORD_0103,REF:ORIGINAL_ADMITTED_CLAIM_SCOPE_0178,relative,"Connected event-relative evenings/following days; recalled café cause reported, exact date/main placement unresolved.",REF:ORIGINAL_ATTRIBUTION_LIMITS_0179,CORE,REF:EVENT:BA:event:816:007,1,67,7
BA:event:816:008,event,MANDATORY_COMPLETE_REVIEW,02_CANONICAL_STORIES/EVENT/EVENT_816/EPISODE_008_10014040.md,dc5cfbde4ee4215b0ba6f566f2209d6a2bdcf06fa17afcc943096e67247e993d,ADMITTED,series/blue-archive/02 Sequential Readings/EVENTS/EVENT_816/BLUE_ARCHIVE_EVENT_816_EPISODE_008_DEEP_READING.md,REF:ORIGINAL_ADMISSION_RECORD_0103,REF:ORIGINAL_ADMITTED_CLAIM_SCOPE_0178,relative,"Connected event-relative evenings/following days; recalled café cause reported, exact date/main placement unresolved.",REF:ORIGINAL_ATTRIBUTION_LIMITS_0179,CORE,REF:EVENT:BA:event:816:008,1,87,4
BA:event:816:009,event,MANDATORY_COMPLETE_REVIEW,02_CANONICAL_STORIES/EVENT/EVENT_816/EPISODE_009_10014045.md,373f8a5e4183339e788692747d4ad9bd5dea5f0eccf08e10a23813dad1ee2572,ADMITTED,series/blue-archive/02 Sequential Readings/EVENTS/EVENT_816/BLUE_ARCHIVE_EVENT_816_EPISODE_009_DEEP_READING.md,REF:ORIGINAL_ADMISSION_RECORD_0103,REF:ORIGINAL_ADMITTED_CLAIM_SCOPE_0178,relative,"Connected event-relative evenings/following days; recalled café cause reported, exact date/main placement unresolved.",REF:ORIGINAL_ATTRIBUTION_LIMITS_0179,CORE,REF:EVENT:BA:event:816:009,1,53,2
BA:event:816:010,event,MANDATORY_COMPLETE_REVIEW,02_CANONICAL_STORIES/EVENT/EVENT_816/EPISODE_010_10014050.md,6366f45aebd1d26844513a689cf1874d5892296fb5f9d08c2f267726773d91a7,ADMITTED,series/blue-archive/02 Sequential Readings/EVENTS/EVENT_816/BLUE_ARCHIVE_EVENT_816_EPISODE_010_DEEP_READING.md,REF:ORIGINAL_ADMISSION_RECORD_0103,REF:ORIGINAL_ADMITTED_CLAIM_SCOPE_0178,relative,"Connected event-relative evenings/following days; recalled café cause reported, exact date/main placement unresolved.",REF:ORIGINAL_ATTRIBUTION_LIMITS_0179,CORE,REF:EVENT:BA:event:816:010,1,56,5
BA:event:816:011,event,MANDATORY_COMPLETE_REVIEW,02_CANONICAL_STORIES/EVENT/EVENT_816/EPISODE_011_10014055.md,0be110080c818dce8becb78982bedb623b9c473928e86882fe26aea80edd47ac,ADMITTED,series/blue-archive/02 Sequential Readings/EVENTS/EVENT_816/BLUE_ARCHIVE_EVENT_816_EPISODE_011_DEEP_READING.md,REF:ORIGINAL_ADMISSION_RECORD_0103,REF:ORIGINAL_ADMITTED_CLAIM_SCOPE_0178,relative,"Connected event-relative evenings/following days; recalled café cause reported, exact date/main placement unresolved.",REF:ORIGINAL_ATTRIBUTION_LIMITS_0179,CORE,REF:EVENT:BA:event:816:011,1,39,3
BA:event:816:012,event,MANDATORY_COMPLETE_REVIEW,02_CANONICAL_STORIES/EVENT/EVENT_816/EPISODE_012_10014060.md,623d2280c10dcd8daf1aefb30d5a7716de4c3caa42773438fcc4abad12981fe9,ADMITTED,series/blue-archive/02 Sequential Readings/EVENTS/EVENT_816/BLUE_ARCHIVE_EVENT_816_EPISODE_012_DEEP_READING.md,REF:ORIGINAL_ADMISSION_RECORD_0103,REF:ORIGINAL_ADMITTED_CLAIM_SCOPE_0178,relative,"Connected event-relative evenings/following days; recalled café cause reported, exact date/main placement unresolved.",REF:ORIGINAL_ATTRIBUTION_LIMITS_0179,CORE,REF:EVENT:BA:event:816:012,1,46,3
BA:event:816:013,event,MANDATORY_COMPLETE_REVIEW,02_CANONICAL_STORIES/EVENT/EVENT_816/EPISODE_013_10014065.md,ebfea5bf3f0a04d72bae888d388a35ca621db484349acb87d6a3c2c208537265,ADMITTED,series/blue-archive/02 Sequential Readings/EVENTS/EVENT_816/BLUE_ARCHIVE_EVENT_816_EPISODE_013_DEEP_READING.md,REF:ORIGINAL_ADMISSION_RECORD_0103,REF:ORIGINAL_ADMITTED_CLAIM_SCOPE_0178,relative,"Connected event-relative evenings/following days; recalled café cause reported, exact date/main placement unresolved.",REF:ORIGINAL_ATTRIBUTION_LIMITS_0179,CORE,REF:EVENT:BA:event:816:013,1,38,3
BA:event:816:014,event,MANDATORY_COMPLETE_REVIEW,02_CANONICAL_STORIES/EVENT/EVENT_816/EPISODE_014_10014070.md,db040ee18b77c7e3fba316683bfe02311f11b21326c3f39b48d1ac26e5edbd9c,ADMITTED,series/blue-archive/02 Sequential Readings/EVENTS/EVENT_816/BLUE_ARCHIVE_EVENT_816_EPISODE_014_DEEP_READING.md,REF:ORIGINAL_ADMISSION_RECORD_0103,REF:ORIGINAL_ADMITTED_CLAIM_SCOPE_0178,relative,"Connected event-relative evenings/following days; recalled café cause reported, exact date/main placement unresolved.",REF:ORIGINAL_ATTRIBUTION_LIMITS_0179,CORE,REF:EVENT:BA:event:816:014,1,80,3
BA:event:816:015,event,MANDATORY_COMPLETE_REVIEW,02_CANONICAL_STORIES/EVENT/EVENT_816/EPISODE_015_10014075.md,f3da66cfc523ec329ac4aad6a7fb46c5edfd32f3f8f8cc1192abe0ef5890150b,ADMITTED,series/blue-archive/02 Sequential Readings/EVENTS/EVENT_816/BLUE_ARCHIVE_EVENT_816_EPISODE_015_DEEP_READING.md,REF:ORIGINAL_ADMISSION_RECORD_0103,REF:ORIGINAL_ADMITTED_CLAIM_SCOPE_0178,relative,"Connected event-relative evenings/following days; recalled café cause reported, exact date/main placement unresolved.",REF:ORIGINAL_ATTRIBUTION_LIMITS_0179,CORE,REF:EVENT:BA:event:816:015,1,51,4
BA:event:816:016,event,MANDATORY_COMPLETE_REVIEW,02_CANONICAL_STORIES/EVENT/EVENT_816/EPISODE_016_10014080.md,ff025f03c91d1dd6237af9b323d7283f75b947ffa50ee3173e28c8a75cf3fa4a,ADMITTED,series/blue-archive/02 Sequential Readings/EVENTS/EVENT_816/BLUE_ARCHIVE_EVENT_816_EPISODE_016_DEEP_READING.md,REF:ORIGINAL_ADMISSION_RECORD_0103,REF:ORIGINAL_ADMITTED_CLAIM_SCOPE_0178,relative,"Connected event-relative evenings/following days; recalled café cause reported, exact date/main placement unresolved.",REF:ORIGINAL_ATTRIBUTION_LIMITS_0179,CORE,REF:EVENT:BA:event:816:016,1,56,4
BA:event:816:017,event,MANDATORY_COMPLETE_REVIEW,02_CANONICAL_STORIES/EVENT/EVENT_816/EPISODE_017_10014085.md,1030f03112f3cd3cd0f8001fd377db666d54992f89a1b95833b21b3fc2e55d4c,ADMITTED,series/blue-archive/02 Sequential Readings/EVENTS/EVENT_816/BLUE_ARCHIVE_EVENT_816_EPISODE_017_DEEP_READING.md,REF:ORIGINAL_ADMISSION_RECORD_0103,REF:ORIGINAL_ADMITTED_CLAIM_SCOPE_0178,relative,"Connected event-relative evenings/following days; recalled café cause reported, exact date/main placement unresolved.",REF:ORIGINAL_ATTRIBUTION_LIMITS_0179,CORE,REF:EVENT:BA:event:816:017,1,48,3
BA:event:817:001,event,MANDATORY_COMPLETE_REVIEW,02_CANONICAL_STORIES/EVENT/EVENT_817/EPISODE_001_10015005.md,6ca4ccb654e1b2b22c81ba6d0bdc2e2a8ad81a4a317de27962621b8b46fa663e,ADMITTED,series/blue-archive/02 Sequential Readings/EVENTS/EVENT_817/BLUE_ARCHIVE_EVENT_817_PHASE2_CONTEXTUAL_COMPARISON_20261008.md,REF:CYCLE008_ACCEPTED,REF:CYCLE008_SCOPE,unresolved,,REF:CYCLE008_LIMITS,CORE,REF:EVENT:BA:event:817:001,1,76,11
BA:event:817:002,event,MANDATORY_COMPLETE_REVIEW,02_CANONICAL_STORIES/EVENT/EVENT_817/EPISODE_002_10015010.md,2a303ce36a14e46aec2d0daaf7f5ceb0e683c98407b908616c467097c6741cbc,ADMITTED,series/blue-archive/02 Sequential Readings/EVENTS/EVENT_817/BLUE_ARCHIVE_EVENT_817_PHASE2_CONTEXTUAL_COMPARISON_20261008.md,REF:CYCLE008_ACCEPTED,REF:CYCLE008_SCOPE,unresolved,,REF:CYCLE008_LIMITS,CORE,REF:EVENT:BA:event:817:002,1,95,3
BA:event:817:003,event,MANDATORY_COMPLETE_REVIEW,02_CANONICAL_STORIES/EVENT/EVENT_817/EPISODE_003_10015020.md,55dd45658b798eaa045e3e8b4a6d17af640f2e9c3bddf36ff45d1d6501e50416,ADMITTED,series/blue-archive/02 Sequential Readings/EVENTS/EVENT_817/BLUE_ARCHIVE_EVENT_817_PHASE2_CONTEXTUAL_COMPARISON_20261008.md,REF:CYCLE008_ACCEPTED,REF:CYCLE008_SCOPE,unresolved,,REF:CYCLE008_LIMITS,CORE,REF:EVENT:BA:event:817:003,1,98,1
BA:event:817:004,event,MANDATORY_COMPLETE_REVIEW,02_CANONICAL_STORIES/EVENT/EVENT_817/EPISODE_004_10015030.md,4da82cb7802046aa54d5fff260f4be67d3be672316ab31cc7d7e281f8b67df25,ADMITTED,series/blue-archive/02 Sequential Readings/EVENTS/EVENT_817/BLUE_ARCHIVE_EVENT_817_PHASE2_CONTEXTUAL_COMPARISON_20261008.md,REF:CYCLE008_ACCEPTED,REF:CYCLE008_SCOPE,unresolved,,REF:CYCLE008_LIMITS,CORE,REF:EVENT:BA:event:817:004,2,76,8
BA:event:817:005,event,MANDATORY_COMPLETE_REVIEW,02_CANONICAL_STORIES/EVENT/EVENT_817/EPISODE_005_10015035.md,ec50556ce63d2975068c7ba4e9a0e7eaacc5e1bbc482921374d48dc49f28e56d,ADMITTED,series/blue-archive/02 Sequential Readings/EVENTS/EVENT_817/BLUE_ARCHIVE_EVENT_817_PHASE2_CONTEXTUAL_COMPARISON_20261008.md,REF:CYCLE008_ACCEPTED,REF:CYCLE008_SCOPE,unresolved,,REF:CYCLE008_LIMITS,CORE,REF:EVENT:BA:event:817:005,1,17,0
BA:event:817:006,event,MANDATORY_COMPLETE_REVIEW,02_CANONICAL_STORIES/EVENT/EVENT_817/EPISODE_006_10015040.md,1972f491ccc3d50e19fa63c34c071ed9b9a5bcbdc1b1a41fc3ab29b4dc6dccd2,ADMITTED,series/blue-archive/02 Sequential Readings/EVENTS/EVENT_817/BLUE_ARCHIVE_EVENT_817_PHASE2_CONTEXTUAL_COMPARISON_20261008.md,REF:CYCLE008_ACCEPTED,REF:CYCLE008_SCOPE,unresolved,,REF:CYCLE008_LIMITS,CORE,REF:EVENT:BA:event:817:006,1,76,9
BA:event:817:007,event,MANDATORY_COMPLETE_REVIEW,02_CANONICAL_STORIES/EVENT/EVENT_817/EPISODE_007_10015045.md,9ca7ab72ad2810509f68246dcd4fd3973573b0ad04a1ffdb6f3a8562ce9ea820,ADMITTED,series/blue-archive/02 Sequential Readings/EVENTS/EVENT_817/BLUE_ARCHIVE_EVENT_817_PHASE2_CONTEXTUAL_COMPARISON_20261008.md,REF:CYCLE008_ACCEPTED,REF:CYCLE008_SCOPE,unresolved,,REF:CYCLE008_LIMITS,CORE,REF:EVENT:BA:event:817:007,1,50,3
BA:event:817:008,event,MANDATORY_COMPLETE_REVIEW,02_CANONICAL_STORIES/EVENT/EVENT_817/EPISODE_008_10015050.md,b7f47282e40ec8fa774ab721cb3de4d9b1456679b50343ce742d916eaa1b2b4a,ADMITTED,series/blue-archive/02 Sequential Readings/EVENTS/EVENT_817/BLUE_ARCHIVE_EVENT_817_PHASE2_CONTEXTUAL_COMPARISON_20261008.md,REF:CYCLE008_ACCEPTED,REF:CYCLE008_SCOPE,unresolved,,REF:CYCLE008_LIMITS,CORE,REF:EVENT:BA:event:817:008,1,107,3
BA:event:817:009,event,MANDATORY_COMPLETE_REVIEW,02_CANONICAL_STORIES/EVENT/EVENT_817/EPISODE_009_10015060.md,6be24a098a530255d15c777549b3dc5b87466b6c0bdc8f479eb45156de23e1e6,ADMITTED,series/blue-archive/02 Sequential Readings/EVENTS/EVENT_817/BLUE_ARCHIVE_EVENT_817_PHASE2_CONTEXTUAL_COMPARISON_20261008.md,REF:CYCLE008_ACCEPTED,REF:CYCLE008_SCOPE,unresolved,,REF:CYCLE008_LIMITS,CORE,REF:EVENT:BA:event:817:009,1,79,0
BA:event:817:010,event,MANDATORY_COMPLETE_REVIEW,02_CANONICAL_STORIES/EVENT/EVENT_817/EPISODE_010_10015070.md,02bed330f54cad277cf9aedc5c534195c62558cb5573adeaf2bb07b39f07ddda,ADMITTED,series/blue-archive/02 Sequential Readings/EVENTS/EVENT_817/BLUE_ARCHIVE_EVENT_817_PHASE2_CONTEXTUAL_COMPARISON_20261008.md,REF:CYCLE008_ACCEPTED,REF:CYCLE008_SCOPE,unresolved,,REF:CYCLE008_LIMITS,CORE,REF:EVENT:BA:event:817:010,1,120,5
BA:event:817:011,event,MANDATORY_COMPLETE_REVIEW,02_CANONICAL_STORIES/EVENT/EVENT_817/EPISODE_011_10015075.md,7fb58c6209690ec94b275f52f176d15583d2126436ef96783fa24d6fe4d4382c,ADMITTED,series/blue-archive/02 Sequential Readings/EVENTS/EVENT_817/BLUE_ARCHIVE_EVENT_817_PHASE2_CONTEXTUAL_COMPARISON_20261008.md,REF:CYCLE008_ACCEPTED,REF:CYCLE008_SCOPE,unresolved,,REF:CYCLE008_LIMITS,CORE,REF:EVENT:BA:event:817:011,1,58,4
BA:event:818:001,event,MANDATORY_COMPLETE_REVIEW,02_CANONICAL_STORIES/EVENT/EVENT_818/EPISODE_001_10016005.md,b0c7ad6602f99edb03c4cf7254e4f92310eabf088fb94554e4991e765af343cd,ADMITTED,series/blue-archive/02 Sequential Readings/EVENTS/EVENT_818/BLUE_ARCHIVE_EVENT_818_CONTEXTUALIZATION_CHECKPOINT.md,REF:CYCLE008_ACCEPTED,REF:CYCLE008_SCOPE,unresolved,,REF:CYCLE008_LIMITS,CORE,REF:EVENT:BA:event:818:001,1,82,0
BA:event:818:002,event,MANDATORY_COMPLETE_REVIEW,02_CANONICAL_STORIES/EVENT/EVENT_818/EPISODE_002_10016010.md,c7843e96a039de88e9ab09bc6590f864d9d4a60c152c2b165ee763abb26124d7,ADMITTED,series/blue-archive/02 Sequential Readings/EVENTS/EVENT_818/BLUE_ARCHIVE_EVENT_818_CONTEXTUALIZATION_CHECKPOINT.md,REF:CYCLE008_ACCEPTED,REF:CYCLE008_SCOPE,unresolved,,REF:CYCLE008_LIMITS,CORE,REF:EVENT:BA:event:818:002,1,92,3
BA:event:818:003,event,MANDATORY_COMPLETE_REVIEW,02_CANONICAL_STORIES/EVENT/EVENT_818/EPISODE_003_10016020.md,dae65e5fb0e8af22b84be24cfbf7495df9797a50d0a0b4c40756444ba68a7c35,ADMITTED,series/blue-archive/02 Sequential Readings/EVENTS/EVENT_818/BLUE_ARCHIVE_EVENT_818_CONTEXTUALIZATION_CHECKPOINT.md,REF:CYCLE008_ACCEPTED,REF:CYCLE008_SCOPE,unresolved,,REF:CYCLE008_LIMITS,CORE,REF:EVENT:BA:event:818:003,1,104,11
BA:event:818:004,event,MANDATORY_COMPLETE_REVIEW,02_CANONICAL_STORIES/EVENT/EVENT_818/EPISODE_004_10016030.md,2ce666088958b7f57faaf9d7ecac4b30b9d32fbedb399e500792dc99ead1a973,ADMITTED,series/blue-archive/02 Sequential Readings/EVENTS/EVENT_818/BLUE_ARCHIVE_EVENT_818_CONTEXTUALIZATION_CHECKPOINT.md,REF:CYCLE008_ACCEPTED,REF:CYCLE008_SCOPE,unresolved,,REF:CYCLE008_LIMITS,HIGH,REF:EVENT:BA:event:818:004,1,22,0
BA:event:818:005,event,MANDATORY_COMPLETE_REVIEW,02_CANONICAL_STORIES/EVENT/EVENT_818/EPISODE_005_10016035.md,6639b01b502ac57dd9bfb41063824fcce01efe2064bf77ddf15fe782b9d2864d,ADMITTED,series/blue-archive/02 Sequential Readings/EVENTS/EVENT_818/BLUE_ARCHIVE_EVENT_818_CONTEXTUALIZATION_CHECKPOINT.md,REF:CYCLE008_ACCEPTED,REF:CYCLE008_SCOPE,unresolved,,REF:CYCLE008_LIMITS,CORE,REF:EVENT:BA:event:818:005,1,92,5
BA:event:818:006,event,MANDATORY_COMPLETE_REVIEW,02_CANONICAL_STORIES/EVENT/EVENT_818/EPISODE_006_10016040.md,68574b478685b4559b294909964acf9d824cd0c866a789cf3d2df6c3955cca08,ADMITTED,series/blue-archive/02 Sequential Readings/EVENTS/EVENT_818/BLUE_ARCHIVE_EVENT_818_CONTEXTUALIZATION_CHECKPOINT.md,REF:CYCLE008_ACCEPTED,REF:CYCLE008_SCOPE,unresolved,,REF:CYCLE008_LIMITS,CORE,REF:EVENT:BA:event:818:006,1,98,14
BA:event:818:007,event,MANDATORY_COMPLETE_REVIEW,02_CANONICAL_STORIES/EVENT/EVENT_818/EPISODE_007_10016050.md,675dc41466782c949dd614b3a8e256a1600ecc11a1417d81595b69c71e056009,ADMITTED,series/blue-archive/02 Sequential Readings/EVENTS/EVENT_818/BLUE_ARCHIVE_EVENT_818_CONTEXTUALIZATION_CHECKPOINT.md,REF:CYCLE008_ACCEPTED,REF:CYCLE008_SCOPE,unresolved,,REF:CYCLE008_LIMITS,CORE,REF:EVENT:BA:event:818:007,1,123,6
BA:event:818:008,event,MANDATORY_COMPLETE_REVIEW,02_CANONICAL_STORIES/EVENT/EVENT_818/EPISODE_008_10016060.md,cfe548a9e9c18542dc2b1121793e0272a3f02952ec102f69136a322553b72719,ADMITTED,series/blue-archive/02 Sequential Readings/EVENTS/EVENT_818/BLUE_ARCHIVE_EVENT_818_CONTEXTUALIZATION_CHECKPOINT.md,REF:CYCLE008_ACCEPTED,REF:CYCLE008_SCOPE,unresolved,,REF:CYCLE008_LIMITS,CORE,REF:EVENT:BA:event:818:008,1,102,5
BA:event:818:009,event,MANDATORY_COMPLETE_REVIEW,02_CANONICAL_STORIES/EVENT/EVENT_818/EPISODE_009_10016070.md,7dd8d6030ef3839e0b54c40e557008deeac3bf1dacc82500fe0e33cfe34ee937,ADMITTED,series/blue-archive/02 Sequential Readings/EVENTS/EVENT_818/BLUE_ARCHIVE_EVENT_818_CONTEXTUALIZATION_CHECKPOINT.md,REF:CYCLE008_ACCEPTED,REF:CYCLE008_SCOPE,unresolved,,REF:CYCLE008_LIMITS,CORE,REF:EVENT:BA:event:818:009,1,140,2
BA:event:818:010,event,MANDATORY_COMPLETE_REVIEW,02_CANONICAL_STORIES/EVENT/EVENT_818/EPISODE_010_10016080.md,e7dff72a1e7bb5f2d0fa8a1cff72f65262230c3a37752f8aa3f5c8ddf05c2924,ADMITTED,series/blue-archive/02 Sequential Readings/EVENTS/EVENT_818/BLUE_ARCHIVE_EVENT_818_CONTEXTUALIZATION_CHECKPOINT.md,REF:CYCLE008_ACCEPTED,REF:CYCLE008_SCOPE,unresolved,,REF:CYCLE008_LIMITS,CORE,REF:EVENT:BA:event:818:010,1,106,5
BA:event:818:011,event,MANDATORY_COMPLETE_REVIEW,02_CANONICAL_STORIES/EVENT/EVENT_818/EPISODE_011_10016085.md,0b62370416c87697962311c4895bb670b58aac2d2449eb3c2b7a710577a5a50a,ADMITTED,series/blue-archive/02 Sequential Readings/EVENTS/EVENT_818/BLUE_ARCHIVE_EVENT_818_CONTEXTUALIZATION_CHECKPOINT.md,REF:CYCLE008_ACCEPTED,REF:CYCLE008_SCOPE,unresolved,,REF:CYCLE008_LIMITS,CORE,REF:EVENT:BA:event:818:011,1,119,0
BA:event:818:012,event,MANDATORY_COMPLETE_REVIEW,02_CANONICAL_STORIES/EVENT/EVENT_818/EPISODE_012_10016090.md,2c9d054e1aeaf745ed5a6d3dbe229708c3d9e2d6e6ac707cb25c3d4aeda55492,ADMITTED,series/blue-archive/02 Sequential Readings/EVENTS/EVENT_818/BLUE_ARCHIVE_EVENT_818_CONTEXTUALIZATION_CHECKPOINT.md,REF:CYCLE008_ACCEPTED,REF:CYCLE008_SCOPE,unresolved,,REF:CYCLE008_LIMITS,CORE,REF:EVENT:BA:event:818:012,2,149,0
BA:event:818:013,event,MANDATORY_COMPLETE_REVIEW,02_CANONICAL_STORIES/EVENT/EVENT_818/EPISODE_013_10016100.md,0bfeb095fbedc64f11e7d1755b01b63e1db1ae156d9c327844afdc5f234ce29a,ADMITTED,series/blue-archive/02 Sequential Readings/EVENTS/EVENT_818/BLUE_ARCHIVE_EVENT_818_CONTEXTUALIZATION_CHECKPOINT.md,REF:CYCLE008_ACCEPTED,REF:CYCLE008_SCOPE,unresolved,,REF:CYCLE008_LIMITS,CORE,REF:EVENT:BA:event:818:013,1,62,3
BA:event:818:014,event,MANDATORY_COMPLETE_REVIEW,02_CANONICAL_STORIES/EVENT/EVENT_818/EPISODE_014_10016110.md,d0e312b14b32206b4e60c85ce6d22e73fb3e0305790077a57b7a244da61249fe,ADMITTED,series/blue-archive/02 Sequential Readings/EVENTS/EVENT_818/BLUE_ARCHIVE_EVENT_818_CONTEXTUALIZATION_CHECKPOINT.md,REF:CYCLE008_ACCEPTED,REF:CYCLE008_SCOPE,unresolved,,REF:CYCLE008_LIMITS,CORE,REF:EVENT:BA:event:818:014,1,57,0
BA:event:818:015,event,MANDATORY_COMPLETE_REVIEW,02_CANONICAL_STORIES/EVENT/EVENT_818/EPISODE_015_10016120.md,d2254a0f89c44cb03f284b38f50dcf0a83454835f3d0ccf51ff8f0ff1b075fcb,ADMITTED,series/blue-archive/02 Sequential Readings/EVENTS/EVENT_818/BLUE_ARCHIVE_EVENT_818_CONTEXTUALIZATION_CHECKPOINT.md,REF:CYCLE008_ACCEPTED,REF:CYCLE008_SCOPE,unresolved,,REF:CYCLE008_LIMITS,CORE,REF:EVENT:BA:event:818:015,1,61,0
BA:event:818:016,event,MANDATORY_COMPLETE_REVIEW,02_CANONICAL_STORIES/EVENT/EVENT_818/EPISODE_016_10016130.md,17d6fe0f73f194171aefe8aaeb4f44d16da242ad843152d545ec108ba8b244fb,ADMITTED,series/blue-archive/02 Sequential Readings/EVENTS/EVENT_818/BLUE_ARCHIVE_EVENT_818_CONTEXTUALIZATION_CHECKPOINT.md,REF:CYCLE008_ACCEPTED,REF:CYCLE008_SCOPE,unresolved,,REF:CYCLE008_LIMITS,CORE,REF:EVENT:BA:event:818:016,1,63,0
BA:event:818:017,event,MANDATORY_COMPLETE_REVIEW,02_CANONICAL_STORIES/EVENT/EVENT_818/EPISODE_017_10016140.md,492b17a9e518b25161c52280175cd33966ac8ad8927dd00d0384fb8454fa7a3f,ADMITTED,series/blue-archive/02 Sequential Readings/EVENTS/EVENT_818/BLUE_ARCHIVE_EVENT_818_CONTEXTUALIZATION_CHECKPOINT.md,REF:CYCLE008_ACCEPTED,REF:CYCLE008_SCOPE,unresolved,,REF:CYCLE008_LIMITS,CORE,REF:EVENT:BA:event:818:017,1,61,0
BA:event:818:018,event,MANDATORY_COMPLETE_REVIEW,02_CANONICAL_STORIES/EVENT/EVENT_818/EPISODE_018_10016150.md,6d652e3c4ece2ce78132e6bd501dc21a5589e3da7813fd3742d1b101bdcc9e73,ADMITTED,series/blue-archive/02 Sequential Readings/EVENTS/EVENT_818/BLUE_ARCHIVE_EVENT_818_CONTEXTUALIZATION_CHECKPOINT.md,REF:CYCLE008_ACCEPTED,REF:CYCLE008_SCOPE,unresolved,,REF:CYCLE008_LIMITS,CORE,REF:EVENT:BA:event:818:018,1,58,0
BA:event:818:019,event,MANDATORY_COMPLETE_REVIEW,02_CANONICAL_STORIES/EVENT/EVENT_818/EPISODE_019_10016160.md,7a5e25708c733c65db3a72907c3f1bb0aef3d69d151f19b72aad93212a798f25,ADMITTED,series/blue-archive/02 Sequential Readings/EVENTS/EVENT_818/BLUE_ARCHIVE_EVENT_818_CONTEXTUALIZATION_CHECKPOINT.md,REF:CYCLE008_ACCEPTED,REF:CYCLE008_SCOPE,unresolved,,REF:CYCLE008_LIMITS,CORE,REF:EVENT:BA:event:818:019,1,58,0
BA:event:819:001,event,MANDATORY_COMPLETE_REVIEW,02_CANONICAL_STORIES/EVENT/EVENT_819/EPISODE_001_10017005.md,960bce04164846b7c941c91ac4ecf82589fa09e8eea939b31bff24348d02b77b,ADMITTED,series/blue-archive/02 Sequential Readings/EVENTS/EVENT_819/BLUE_ARCHIVE_EVENT_819_CONTEXTUALIZATION_CHECKPOINT.md,REF:CYCLE008_ACCEPTED,REF:CYCLE008_SCOPE,unresolved,,REF:CYCLE008_LIMITS,CORE,REF:EVENT:BA:event:819:001,1,40,5
BA:event:819:002,event,MANDATORY_COMPLETE_REVIEW,02_CANONICAL_STORIES/EVENT/EVENT_819/EPISODE_002_10017010.md,a8944f8c87d06b7f9a9458809e7897d7e07d9bd861e78cc1d608761f13e2c785,ADMITTED,series/blue-archive/02 Sequential Readings/EVENTS/EVENT_819/BLUE_ARCHIVE_EVENT_819_CONTEXTUALIZATION_CHECKPOINT.md,REF:CYCLE008_ACCEPTED,REF:CYCLE008_SCOPE,unresolved,,REF:CYCLE008_LIMITS,CORE,REF:EVENT:BA:event:819:002,1,35,3
BA:event:819:003,event,MANDATORY_COMPLETE_REVIEW,02_CANONICAL_STORIES/EVENT/EVENT_819/EPISODE_003_10017025.md,ae9286b92a50f57d2dcc0f1a0b00fea17a8e6b88ec36773d50a36491982f6e25,ADMITTED,series/blue-archive/02 Sequential Readings/EVENTS/EVENT_819/BLUE_ARCHIVE_EVENT_819_CONTEXTUALIZATION_CHECKPOINT.md,REF:CYCLE008_ACCEPTED,REF:CYCLE008_SCOPE,unresolved,,REF:CYCLE008_LIMITS,CORE,REF:EVENT:BA:event:819:003,2,74,0
BA:event:819:004,event,MANDATORY_COMPLETE_REVIEW,02_CANONICAL_STORIES/EVENT/EVENT_819/EPISODE_004_10017030.md,a6210a4999cb03b9e5b08348f5dac5108def9ee702c4d05145f8f09b043762c2,ADMITTED,series/blue-archive/02 Sequential Readings/EVENTS/EVENT_819/BLUE_ARCHIVE_EVENT_819_CONTEXTUALIZATION_CHECKPOINT.md,REF:CYCLE008_ACCEPTED,REF:CYCLE008_SCOPE,unresolved,,REF:CYCLE008_LIMITS,CORE,REF:EVENT:BA:event:819:004,1,70,10
BA:event:819:005,event,MANDATORY_COMPLETE_REVIEW,02_CANONICAL_STORIES/EVENT/EVENT_819/EPISODE_005_10017040.md,113864d305b123ad9de5aef4387f94d6556eb770f8996761c1fec0eb5ce29fee,ADMITTED,series/blue-archive/02 Sequential Readings/EVENTS/EVENT_819/BLUE_ARCHIVE_EVENT_819_CONTEXTUALIZATION_CHECKPOINT.md,REF:CYCLE008_ACCEPTED,REF:CYCLE008_SCOPE,unresolved,,REF:CYCLE008_LIMITS,CORE,REF:EVENT:BA:event:819:005,1,69,7
BA:event:819:006,event,MANDATORY_COMPLETE_REVIEW,02_CANONICAL_STORIES/EVENT/EVENT_819/EPISODE_006_10017050.md,fdd03b5a65246f222ce9c295978ea83877e64885cec3a7f1062eb98e7e269cbd,ADMITTED,series/blue-archive/02 Sequential Readings/EVENTS/EVENT_819/BLUE_ARCHIVE_EVENT_819_CONTEXTUALIZATION_CHECKPOINT.md,REF:CYCLE008_ACCEPTED,REF:CYCLE008_SCOPE,unresolved,,REF:CYCLE008_LIMITS,CORE,REF:EVENT:BA:event:819:006,2,105,0
BA:event:819:007,event,MANDATORY_COMPLETE_REVIEW,02_CANONICAL_STORIES/EVENT/EVENT_819/EPISODE_007_10017060.md,a2e5b1a4546d9fbe0dffda95597eebf23117511ccb16ece137fcd34b71977a62,ADMITTED,series/blue-archive/02 Sequential Readings/EVENTS/EVENT_819/BLUE_ARCHIVE_EVENT_819_CONTEXTUALIZATION_CHECKPOINT.md,REF:CYCLE008_ACCEPTED,REF:CYCLE008_SCOPE,unresolved,,REF:CYCLE008_LIMITS,CORE,REF:EVENT:BA:event:819:007,2,104,3
BA:event:819:008,event,MANDATORY_COMPLETE_REVIEW,02_CANONICAL_STORIES/EVENT/EVENT_819/EPISODE_008_10017065.md,4ac82f98d996b49eb578fc094ff785d28f8627e1c620a3395308b9eadf1de0ad,ADMITTED,series/blue-archive/02 Sequential Readings/EVENTS/EVENT_819/BLUE_ARCHIVE_EVENT_819_CONTEXTUALIZATION_CHECKPOINT.md,REF:CYCLE008_ACCEPTED,REF:CYCLE008_SCOPE,unresolved,,REF:CYCLE008_LIMITS,CORE,REF:EVENT:BA:event:819:008,1,25,0
BA:event:819:009,event,MANDATORY_COMPLETE_REVIEW,02_CANONICAL_STORIES/EVENT/EVENT_819/EPISODE_009_10017070.md,1097d0b37dc10245f0d4b902605f3fa278d6f69cc4559952372fc21bffd70ca4,ADMITTED,series/blue-archive/02 Sequential Readings/EVENTS/EVENT_819/BLUE_ARCHIVE_EVENT_819_CONTEXTUALIZATION_CHECKPOINT.md,REF:CYCLE008_ACCEPTED,REF:CYCLE008_SCOPE,unresolved,,REF:CYCLE008_LIMITS,CORE,REF:EVENT:BA:event:819:009,1,74,2
BA:event:819:010,event,MANDATORY_COMPLETE_REVIEW,02_CANONICAL_STORIES/EVENT/EVENT_819/EPISODE_010_10017085.md,1655739897111ee7b370ac4b57649cbf825c6453232c9a91bd8cf65bed0e5dff,ADMITTED,series/blue-archive/02 Sequential Readings/EVENTS/EVENT_819/BLUE_ARCHIVE_EVENT_819_CONTEXTUALIZATION_CHECKPOINT.md,REF:CYCLE008_ACCEPTED,REF:CYCLE008_SCOPE,unresolved,,REF:CYCLE008_LIMITS,CORE,REF:EVENT:BA:event:819:010,1,69,3
BA:event:819:011,event,MANDATORY_COMPLETE_REVIEW,02_CANONICAL_STORIES/EVENT/EVENT_819/EPISODE_011_10017090.md,0826ed160aab35c615f1c0707a6801df080dffe8ccc8772c0b02978f61fe9734,ADMITTED,series/blue-archive/02 Sequential Readings/EVENTS/EVENT_819/BLUE_ARCHIVE_EVENT_819_CONTEXTUALIZATION_CHECKPOINT.md,REF:CYCLE008_ACCEPTED,REF:CYCLE008_SCOPE,unresolved,,REF:CYCLE008_LIMITS,CORE,REF:EVENT:BA:event:819:011,1,34,0
BA:event:820:001,event,MANDATORY_COMPLETE_REVIEW,02_CANONICAL_STORIES/EVENT/EVENT_820/EPISODE_001_10018005.md,4c46eb21f364b96d178d513416bc93b8a41b53e1840706037656cb194bb22497,ADMITTED,series/blue-archive/02 Sequential Readings/EVENTS/EVENT_820/BLUE_ARCHIVE_EVENT_820_PHASE2_CONTEXTUAL_COMPARISON_20261008.md,REF:CYCLE008_ACCEPTED,REF:CYCLE008_SCOPE,unresolved,,REF:CYCLE008_LIMITS,CORE,REF:EVENT:BA:event:820:001,1,42,0
BA:event:820:002,event,MANDATORY_COMPLETE_REVIEW,02_CANONICAL_STORIES/EVENT/EVENT_820/EPISODE_002_10018010.md,29cf2fd3e654af362036b7ccbc24eb242fa594036402e3472da2841f783a067f,ADMITTED,series/blue-archive/02 Sequential Readings/EVENTS/EVENT_820/BLUE_ARCHIVE_EVENT_820_PHASE2_CONTEXTUAL_COMPARISON_20261008.md,REF:CYCLE008_ACCEPTED,REF:CYCLE008_SCOPE,unresolved,,REF:CYCLE008_LIMITS,CORE,REF:EVENT:BA:event:820:002,1,92,3
BA:event:820:003,event,MANDATORY_COMPLETE_REVIEW,02_CANONICAL_STORIES/EVENT/EVENT_820/EPISODE_003_10018015.md,7faa38b88a6844d197b232f215b7f64e12357789c2f4d7107a3da6dc0e4239f7,ADMITTED,series/blue-archive/02 Sequential Readings/EVENTS/EVENT_820/BLUE_ARCHIVE_EVENT_820_PHASE2_CONTEXTUAL_COMPARISON_20261008.md,REF:CYCLE008_ACCEPTED,REF:CYCLE008_SCOPE,unresolved,,REF:CYCLE008_LIMITS,CORE,REF:EVENT:BA:event:820:003,1,65,2
BA:event:820:004,event,MANDATORY_COMPLETE_REVIEW,02_CANONICAL_STORIES/EVENT/EVENT_820/EPISODE_004_10018020.md,63aab5c0f5a91baef73d78c36ddcc24979c1ec6651da890e7bbb3ea4931dfc9c,ADMITTED,series/blue-archive/02 Sequential Readings/EVENTS/EVENT_820/BLUE_ARCHIVE_EVENT_820_PHASE2_CONTEXTUAL_COMPARISON_20261008.md,REF:CYCLE008_ACCEPTED,REF:CYCLE008_SCOPE,unresolved,,REF:CYCLE008_LIMITS,CORE,REF:EVENT:BA:event:820:004,1,91,3
BA:event:820:005,event,MANDATORY_COMPLETE_REVIEW,02_CANONICAL_STORIES/EVENT/EVENT_820/EPISODE_005_10018030.md,55dac7f7fea6db0a061092b9e98a29090574adce6890f3b490cb477f9da585b2,ADMITTED,series/blue-archive/02 Sequential Readings/EVENTS/EVENT_820/BLUE_ARCHIVE_EVENT_820_PHASE2_CONTEXTUAL_COMPARISON_20261008.md,REF:CYCLE008_ACCEPTED,REF:CYCLE008_SCOPE,unresolved,,REF:CYCLE008_LIMITS,CORE,REF:EVENT:BA:event:820:005,1,44,0
BA:event:820:006,event,MANDATORY_COMPLETE_REVIEW,02_CANONICAL_STORIES/EVENT/EVENT_820/EPISODE_006_10018040.md,44fcce53cb657bcba69b06da36588c0b864a2d874a11b802ff28b1bdb932dbbd,ADMITTED,series/blue-archive/02 Sequential Readings/EVENTS/EVENT_820/BLUE_ARCHIVE_EVENT_820_PHASE2_CONTEXTUAL_COMPARISON_20261008.md,REF:CYCLE008_ACCEPTED,REF:CYCLE008_SCOPE,unresolved,,REF:CYCLE008_LIMITS,CORE,REF:EVENT:BA:event:820:006,2,75,2
BA:event:820:007,event,MANDATORY_COMPLETE_REVIEW,02_CANONICAL_STORIES/EVENT/EVENT_820/EPISODE_007_10018050.md,99be1d4d718664d34616366e1819d35693faff923d82ddde86d7e07ed1e7b040,ADMITTED,series/blue-archive/02 Sequential Readings/EVENTS/EVENT_820/BLUE_ARCHIVE_EVENT_820_PHASE2_CONTEXTUAL_COMPARISON_20261008.md,REF:CYCLE008_ACCEPTED,REF:CYCLE008_SCOPE,unresolved,,REF:CYCLE008_LIMITS,CORE,REF:EVENT:BA:event:820:007,1,67,3
BA:event:820:008,event,MANDATORY_COMPLETE_REVIEW,02_CANONICAL_STORIES/EVENT/EVENT_820/EPISODE_008_10018060.md,7e5e2f053ee2c1d550346867f6d264ec4f66bae063c1b3162c11c34190ac2b08,ADMITTED,series/blue-archive/02 Sequential Readings/EVENTS/EVENT_820/BLUE_ARCHIVE_EVENT_820_PHASE2_CONTEXTUAL_COMPARISON_20261008.md,REF:CYCLE008_ACCEPTED,REF:CYCLE008_SCOPE,unresolved,,REF:CYCLE008_LIMITS,CORE,REF:EVENT:BA:event:820:008,1,70,5
BA:event:820:009,event,MANDATORY_COMPLETE_REVIEW,02_CANONICAL_STORIES/EVENT/EVENT_820/EPISODE_009_10018065.md,ed4a51f871ab729fc8f804d9f9880eb0910d58137cc939101a7f9425b1c86063,ADMITTED,series/blue-archive/02 Sequential Readings/EVENTS/EVENT_820/BLUE_ARCHIVE_EVENT_820_PHASE2_CONTEXTUAL_COMPARISON_20261008.md,REF:CYCLE008_ACCEPTED,REF:CYCLE008_SCOPE,unresolved,,REF:CYCLE008_LIMITS,CORE,REF:EVENT:BA:event:820:009,1,36,4
BA:event:820:010,event,MANDATORY_COMPLETE_REVIEW,02_CANONICAL_STORIES/EVENT/EVENT_820/EPISODE_010_10018070.md,bb8304c0cc1cb62c4317ac534e0293e9563d39a2a281777ad4578dfc225590ac,ADMITTED,series/blue-archive/02 Sequential Readings/EVENTS/EVENT_820/BLUE_ARCHIVE_EVENT_820_PHASE2_CONTEXTUAL_COMPARISON_20261008.md,REF:CYCLE008_ACCEPTED,REF:CYCLE008_SCOPE,unresolved,,REF:CYCLE008_LIMITS,CORE,REF:EVENT:BA:event:820:010,1,27,0
BA:event:820:011,event,MANDATORY_COMPLETE_REVIEW,02_CANONICAL_STORIES/EVENT/EVENT_820/EPISODE_011_10018075.md,d37a91dbaeafe4c0b9fc13847b76d9141224c870fac873bb8e0c8d819563ccb6,ADMITTED,series/blue-archive/02 Sequential Readings/EVENTS/EVENT_820/BLUE_ARCHIVE_EVENT_820_PHASE2_CONTEXTUAL_COMPARISON_20261008.md,REF:CYCLE008_ACCEPTED,REF:CYCLE008_SCOPE,unresolved,,REF:CYCLE008_LIMITS,CORE,REF:EVENT:BA:event:820:011,1,75,0
BA:event:820:012,event,MANDATORY_COMPLETE_REVIEW,02_CANONICAL_STORIES/EVENT/EVENT_820/EPISODE_012_10018080.md,8b8d7ffac26e2f4f7e14b455b719ab6bd3b4fa6712085067029d626e6cb2e99e,ADMITTED,series/blue-archive/02 Sequential Readings/EVENTS/EVENT_820/BLUE_ARCHIVE_EVENT_820_PHASE2_CONTEXTUAL_COMPARISON_20261008.md,REF:CYCLE008_ACCEPTED,REF:CYCLE008_SCOPE,unresolved,,REF:CYCLE008_LIMITS,CORE,REF:EVENT:BA:event:820:012,1,105,2
BA:event:820:013,event,MANDATORY_COMPLETE_REVIEW,02_CANONICAL_STORIES/EVENT/EVENT_820/EPISODE_013_10018090.md,145fced2262e7973752fa0870edee9c3fbe5193d418d6750a4c4131804afcfa4,ADMITTED,series/blue-archive/02 Sequential Readings/EVENTS/EVENT_820/BLUE_ARCHIVE_EVENT_820_PHASE2_CONTEXTUAL_COMPARISON_20261008.md,REF:CYCLE008_ACCEPTED,REF:CYCLE008_SCOPE,unresolved,,REF:CYCLE008_LIMITS,CORE,REF:EVENT:BA:event:820:013,1,129,12
BA:event:820:014,event,MANDATORY_COMPLETE_REVIEW,02_CANONICAL_STORIES/EVENT/EVENT_820/EPISODE_014_10018100.md,9fce26a66655aa34765efbcaaeed1e9bf9b241b0ae6199ff2afd55abede739fb,ADMITTED,series/blue-archive/02 Sequential Readings/EVENTS/EVENT_820/BLUE_ARCHIVE_EVENT_820_PHASE2_CONTEXTUAL_COMPARISON_20261008.md,REF:CYCLE008_ACCEPTED,REF:CYCLE008_SCOPE,unresolved,,REF:CYCLE008_LIMITS,CORE,REF:EVENT:BA:event:820:014,1,128,0
BA:event:820:015,event,MANDATORY_COMPLETE_REVIEW,02_CANONICAL_STORIES/EVENT/EVENT_820/EPISODE_015_10018105.md,55aac142e2d9bfa73aaf2d28e76d652583cfb376a469a5494c338b6b00581c3f,ADMITTED,series/blue-archive/02 Sequential Readings/EVENTS/EVENT_820/BLUE_ARCHIVE_EVENT_820_PHASE2_CONTEXTUAL_COMPARISON_20261008.md,REF:CYCLE008_ACCEPTED,REF:CYCLE008_SCOPE,unresolved,,REF:CYCLE008_LIMITS,CORE,REF:EVENT:BA:event:820:015,1,56,0
BA:event:821:001,event,MANDATORY_COMPLETE_REVIEW,02_CANONICAL_STORIES/EVENT/EVENT_821/EPISODE_001_10019005.md,ef3731a84349ff87bf77d000ebd1bf8757987cea0a4ef83877890947028c94e6,ADMITTED,series/blue-archive/02 Sequential Readings/EVENTS/EVENT_821/BLUE_ARCHIVE_EVENT_821_CONTEXTUALIZATION_CHECKPOINT.md,REF:CYCLE008_ACCEPTED,REF:CYCLE008_SCOPE,unresolved,,REF:CYCLE008_LIMITS,CORE,REF:EVENT:BA:event:821:001,1,12,0
BA:event:821:002,event,MANDATORY_COMPLETE_REVIEW,02_CANONICAL_STORIES/EVENT/EVENT_821/EPISODE_002_10019010.md,2d5fdf3e8f088ba81f82be6f5186d686b17be6d444e5264257a044aa77fe9855,ADMITTED,series/blue-archive/02 Sequential Readings/EVENTS/EVENT_821/BLUE_ARCHIVE_EVENT_821_CONTEXTUALIZATION_CHECKPOINT.md,REF:CYCLE008_ACCEPTED,REF:CYCLE008_SCOPE,unresolved,,REF:CYCLE008_LIMITS,CORE,REF:EVENT:BA:event:821:002,1,27,0
BA:event:821:003,event,MANDATORY_COMPLETE_REVIEW,02_CANONICAL_STORIES/EVENT/EVENT_821/EPISODE_003_10019015.md,d87d46310866443dab66d3d49efd1cbe431a94b473e5f1d7a04dd99cc41c0f36,ADMITTED,series/blue-archive/02 Sequential Readings/EVENTS/EVENT_821/BLUE_ARCHIVE_EVENT_821_CONTEXTUALIZATION_CHECKPOINT.md,REF:CYCLE008_ACCEPTED,REF:CYCLE008_SCOPE,unresolved,,REF:CYCLE008_LIMITS,CORE,REF:EVENT:BA:event:821:003,1,3,0
BA:event:821:004,event,MANDATORY_COMPLETE_REVIEW,02_CANONICAL_STORIES/EVENT/EVENT_821/EPISODE_004_10019020.md,de8eed5c093ed85e30b0fc6d2f35ff3acbcec8f3947a7a60ca33a77e823ee95f,ADMITTED,series/blue-archive/02 Sequential Readings/EVENTS/EVENT_821/BLUE_ARCHIVE_EVENT_821_CONTEXTUALIZATION_CHECKPOINT.md,REF:CYCLE008_ACCEPTED,REF:CYCLE008_SCOPE,unresolved,,REF:CYCLE008_LIMITS,CORE,REF:EVENT:BA:event:821:004,1,28,0
BA:event:821:005,event,MANDATORY_COMPLETE_REVIEW,02_CANONICAL_STORIES/EVENT/EVENT_821/EPISODE_005_10019025.md,c1cb77ccbeaa457789ae8fb22c29d56191019f7b7bbae8a9f0c04b363461ae50,ADMITTED,series/blue-archive/02 Sequential Readings/EVENTS/EVENT_821/BLUE_ARCHIVE_EVENT_821_CONTEXTUALIZATION_CHECKPOINT.md,REF:CYCLE008_ACCEPTED,REF:CYCLE008_SCOPE,unresolved,,REF:CYCLE008_LIMITS,CORE,REF:EVENT:BA:event:821:005,1,3,0
BA:event:821:006,event,MANDATORY_COMPLETE_REVIEW,02_CANONICAL_STORIES/EVENT/EVENT_821/EPISODE_006_10019030.md,79328e07247a5ce55ed73c75636a60d0296347cd76e6aa57901b8ec2534b2d39,ADMITTED,series/blue-archive/02 Sequential Readings/EVENTS/EVENT_821/BLUE_ARCHIVE_EVENT_821_CONTEXTUALIZATION_CHECKPOINT.md,REF:CYCLE008_ACCEPTED,REF:CYCLE008_SCOPE,unresolved,,REF:CYCLE008_LIMITS,CORE,REF:EVENT:BA:event:821:006,1,4,0
BA:event:821:007,event,MANDATORY_COMPLETE_REVIEW,02_CANONICAL_STORIES/EVENT/EVENT_821/EPISODE_007_10019035.md,e2f690ce94cffa9ab4a8cd14cf739ada2725a6fd37d01c5701b891d6b2abea7b,ADMITTED,series/blue-archive/02 Sequential Readings/EVENTS/EVENT_821/BLUE_ARCHIVE_EVENT_821_CONTEXTUALIZATION_CHECKPOINT.md,REF:CYCLE008_ACCEPTED,REF:CYCLE008_SCOPE,unresolved,,REF:CYCLE008_LIMITS,CORE,REF:EVENT:BA:event:821:007,1,3,0
BA:event:821:008,event,MANDATORY_COMPLETE_REVIEW,02_CANONICAL_STORIES/EVENT/EVENT_821/EPISODE_008_10019040.md,05a982063cc2b7598746c8709273b3c77d44f289ba9474a87e690871efbcd0c9,ADMITTED,series/blue-archive/02 Sequential Readings/EVENTS/EVENT_821/BLUE_ARCHIVE_EVENT_821_CONTEXTUALIZATION_CHECKPOINT.md,REF:CYCLE008_ACCEPTED,REF:CYCLE008_SCOPE,unresolved,,REF:CYCLE008_LIMITS,CORE,REF:EVENT:BA:event:821:008,1,6,0
BA:event:821:009,event,MANDATORY_COMPLETE_REVIEW,02_CANONICAL_STORIES/EVENT/EVENT_821/EPISODE_009_10019045.md,5cf2941940a64ca15079e4d3799b81ec1124e8200c00cd76501be522c3097f94,ADMITTED,series/blue-archive/02 Sequential Readings/EVENTS/EVENT_821/BLUE_ARCHIVE_EVENT_821_CONTEXTUALIZATION_CHECKPOINT.md,REF:CYCLE008_ACCEPTED,REF:CYCLE008_SCOPE,unresolved,,REF:CYCLE008_LIMITS,CORE,REF:EVENT:BA:event:821:009,1,3,0
BA:event:821:010,event,MANDATORY_COMPLETE_REVIEW,02_CANONICAL_STORIES/EVENT/EVENT_821/EPISODE_010_10019050.md,76ec1e2d35800168f054ee227d6bb3e671f686baf4f5f75bf15a136d400a943d,ADMITTED,series/blue-archive/02 Sequential Readings/EVENTS/EVENT_821/BLUE_ARCHIVE_EVENT_821_CONTEXTUALIZATION_CHECKPOINT.md,REF:CYCLE008_ACCEPTED,REF:CYCLE008_SCOPE,unresolved,,REF:CYCLE008_LIMITS,CORE,REF:EVENT:BA:event:821:010,2,9,0
BA:event:821:011,event,MANDATORY_COMPLETE_REVIEW,02_CANONICAL_STORIES/EVENT/EVENT_821/EPISODE_011_10019055.md,27cd12767e51c30106e6cf17f544d6ef53dc2bba79536156a0573b31955c890d,ADMITTED,series/blue-archive/02 Sequential Readings/EVENTS/EVENT_821/BLUE_ARCHIVE_EVENT_821_CONTEXTUALIZATION_CHECKPOINT.md,REF:CYCLE008_ACCEPTED,REF:CYCLE008_SCOPE,unresolved,,REF:CYCLE008_LIMITS,CORE,REF:EVENT:BA:event:821:011,1,3,0
BA:event:821:012,event,MANDATORY_COMPLETE_REVIEW,02_CANONICAL_STORIES/EVENT/EVENT_821/EPISODE_012_10019060.md,43d82b9955546cc7c5583bae2a9d5b9553cfe971a58eee782485e71e6cab1596,ADMITTED,series/blue-archive/02 Sequential Readings/EVENTS/EVENT_821/BLUE_ARCHIVE_EVENT_821_CONTEXTUALIZATION_CHECKPOINT.md,REF:CYCLE008_ACCEPTED,REF:CYCLE008_SCOPE,unresolved,,REF:CYCLE008_LIMITS,CORE,REF:EVENT:BA:event:821:012,1,22,0
BA:event:821:013,event,MANDATORY_COMPLETE_REVIEW,02_CANONICAL_STORIES/EVENT/EVENT_821/EPISODE_013_10019070.md,07a2ce402f7683a704c8daabe3dbc6d77651004713a36241904cf398e0dc6c67,ADMITTED,series/blue-archive/02 Sequential Readings/EVENTS/EVENT_821/BLUE_ARCHIVE_EVENT_821_CONTEXTUALIZATION_CHECKPOINT.md,REF:CYCLE008_ACCEPTED,REF:CYCLE008_SCOPE,unresolved,,REF:CYCLE008_LIMITS,CORE,REF:EVENT:BA:event:821:013,1,12,0
BA:event:821:014,event,MANDATORY_COMPLETE_REVIEW,02_CANONICAL_STORIES/EVENT/EVENT_821/EPISODE_014_10019075.md,50f8e553115236fc13ec2a496338b4df42720709fcba5384772769c325654b8c,ADMITTED,series/blue-archive/02 Sequential Readings/EVENTS/EVENT_821/BLUE_ARCHIVE_EVENT_821_CONTEXTUALIZATION_CHECKPOINT.md,REF:CYCLE008_ACCEPTED,REF:CYCLE008_SCOPE,unresolved,,REF:CYCLE008_LIMITS,CORE,REF:EVENT:BA:event:821:014,1,3,0
BA:event:821:015,event,MANDATORY_COMPLETE_REVIEW,02_CANONICAL_STORIES/EVENT/EVENT_821/EPISODE_015_10019080.md,98f3d6564dad2509c4e019da8403d2e442b3cac075d04728353e2736504f37f5,ADMITTED,series/blue-archive/02 Sequential Readings/EVENTS/EVENT_821/BLUE_ARCHIVE_EVENT_821_CONTEXTUALIZATION_CHECKPOINT.md,REF:CYCLE008_ACCEPTED,REF:CYCLE008_SCOPE,unresolved,,REF:CYCLE008_LIMITS,CORE,REF:EVENT:BA:event:821:015,1,53,5
BA:event:821:016,event,MANDATORY_COMPLETE_REVIEW,02_CANONICAL_STORIES/EVENT/EVENT_821/EPISODE_016_10019085.md,d903ea0ede61f8b0145368b1d73cdef640c53e4b93636446bd1825a97bdee678,ADMITTED,series/blue-archive/02 Sequential Readings/EVENTS/EVENT_821/BLUE_ARCHIVE_EVENT_821_CONTEXTUALIZATION_CHECKPOINT.md,REF:CYCLE008_ACCEPTED,REF:CYCLE008_SCOPE,unresolved,,REF:CYCLE008_LIMITS,CORE,REF:EVENT:BA:event:821:016,1,16,1
BA:event:822:001,event,MANDATORY_COMPLETE_REVIEW,02_CANONICAL_STORIES/EVENT/EVENT_822/EPISODE_001_10020005.md,b6ef67ed19cd7121abd77201969ad48674aa5d4dc86b29e8a6dc484077f6e24a,ADMITTED,series/blue-archive/02 Sequential Readings/EVENTS/EVENT_822/BLUE_ARCHIVE_EVENT_822_PHASE2_CONTEXTUAL_COMPARISON_20261008.md,REF:CYCLE008_ACCEPTED,REF:CYCLE008_SCOPE,unresolved,,REF:CYCLE008_LIMITS,CORE,REF:EVENT:BA:event:822:001,1,41,2
BA:event:822:002,event,MANDATORY_COMPLETE_REVIEW,02_CANONICAL_STORIES/EVENT/EVENT_822/EPISODE_002_10020010.md,7715a553ca1840fd9d2278535dee6a30429cdd5b2805e07b01332a48a2be4e2f,ADMITTED,series/blue-archive/02 Sequential Readings/EVENTS/EVENT_822/BLUE_ARCHIVE_EVENT_822_PHASE2_CONTEXTUAL_COMPARISON_20261008.md,REF:CYCLE008_ACCEPTED,REF:CYCLE008_SCOPE,unresolved,,REF:CYCLE008_LIMITS,HIGH,REF:EVENT:BA:event:822:002,1,24,2
BA:event:822:003,event,MANDATORY_COMPLETE_REVIEW,02_CANONICAL_STORIES/EVENT/EVENT_822/EPISODE_003_10020015.md,d68163602575577d1a75f51e9c35206505297e71c6db9e9bf9c192f6017846b6,ADMITTED,series/blue-archive/02 Sequential Readings/EVENTS/EVENT_822/BLUE_ARCHIVE_EVENT_822_PHASE2_CONTEXTUAL_COMPARISON_20261008.md,REF:CYCLE008_ACCEPTED,REF:CYCLE008_SCOPE,unresolved,,REF:CYCLE008_LIMITS,CORE,REF:EVENT:BA:event:822:003,1,23,0
BA:event:822:004,event,MANDATORY_COMPLETE_REVIEW,02_CANONICAL_STORIES/EVENT/EVENT_822/EPISODE_004_10020020.md,a340ff9055cddd8fc464ef6eecef02c18001ce7b97728db864c022084bd9e75d,ADMITTED,series/blue-archive/02 Sequential Readings/EVENTS/EVENT_822/BLUE_ARCHIVE_EVENT_822_PHASE2_CONTEXTUAL_COMPARISON_20261008.md,REF:CYCLE008_ACCEPTED,REF:CYCLE008_SCOPE,unresolved,,REF:CYCLE008_LIMITS,HIGH,REF:EVENT:BA:event:822:004,1,11,0
BA:event:822:005,event,MANDATORY_COMPLETE_REVIEW,02_CANONICAL_STORIES/EVENT/EVENT_822/EPISODE_005_10020025.md,3dd0ac04cb27c2589b0eb728b540f6c6b887cce2453663eaf8965924cb5486bf,ADMITTED,series/blue-archive/02 Sequential Readings/EVENTS/EVENT_822/BLUE_ARCHIVE_EVENT_822_PHASE2_CONTEXTUAL_COMPARISON_20261008.md,REF:CYCLE008_ACCEPTED,REF:CYCLE008_SCOPE,unresolved,,REF:CYCLE008_LIMITS,CORE,REF:EVENT:BA:event:822:005,1,33,0
BA:event:822:006,event,MANDATORY_COMPLETE_REVIEW,02_CANONICAL_STORIES/EVENT/EVENT_822/EPISODE_006_10020030.md,c3932e3bb52e41bdd04499bdbb8b8ca5eb759a508387c7daba8a34b8dba9775a,ADMITTED,series/blue-archive/02 Sequential Readings/EVENTS/EVENT_822/BLUE_ARCHIVE_EVENT_822_PHASE2_CONTEXTUAL_COMPARISON_20261008.md,REF:CYCLE008_ACCEPTED,REF:CYCLE008_SCOPE,unresolved,,REF:CYCLE008_LIMITS,CORE,REF:EVENT:BA:event:822:006,1,34,2
BA:event:822:007,event,MANDATORY_COMPLETE_REVIEW,02_CANONICAL_STORIES/EVENT/EVENT_822/EPISODE_007_10020035.md,f436c33da16202ccf41d3981051129c4849b90480f32ae21e29d4dec87029418,ADMITTED,series/blue-archive/02 Sequential Readings/EVENTS/EVENT_822/BLUE_ARCHIVE_EVENT_822_PHASE2_CONTEXTUAL_COMPARISON_20261008.md,REF:CYCLE008_ACCEPTED,REF:CYCLE008_SCOPE,unresolved,,REF:CYCLE008_LIMITS,CORE,REF:EVENT:BA:event:822:007,1,82,2
BA:event:822:008,event,MANDATORY_COMPLETE_REVIEW,02_CANONICAL_STORIES/EVENT/EVENT_822/EPISODE_008_10020040.md,5f58cd99a3ea76498f3598218555d783276a71660e69c485318d98ab9a195259,ADMITTED,series/blue-archive/02 Sequential Readings/EVENTS/EVENT_822/BLUE_ARCHIVE_EVENT_822_PHASE2_CONTEXTUAL_COMPARISON_20261008.md,REF:CYCLE008_ACCEPTED,REF:CYCLE008_SCOPE,unresolved,,REF:CYCLE008_LIMITS,CORE,REF:EVENT:BA:event:822:008,1,19,0
BA:event:822:009,event,MANDATORY_COMPLETE_REVIEW,02_CANONICAL_STORIES/EVENT/EVENT_822/EPISODE_009_10020045.md,3e64bc21034ee84bf77d6a77014665f6a449b1f486a7f9b87c981d21557c49bc,ADMITTED,series/blue-archive/02 Sequential Readings/EVENTS/EVENT_822/BLUE_ARCHIVE_EVENT_822_PHASE2_CONTEXTUAL_COMPARISON_20261008.md,REF:CYCLE008_ACCEPTED,REF:CYCLE008_SCOPE,unresolved,,REF:CYCLE008_LIMITS,CORE,REF:EVENT:BA:event:822:009,1,18,2
BA:event:823:001,event,MANDATORY_COMPLETE_REVIEW,02_CANONICAL_STORIES/EVENT/EVENT_823/EPISODE_001_10021005.md,4ab278cc765b20bbe522455fbbc38fd1bbf1bc74124dff3c3b67798645a829a0,ADMITTED,series/blue-archive/02 Sequential Readings/EVENTS/EVENT_823/BLUE_ARCHIVE_EVENT_823_CONTEXTUALIZATION_CHECKPOINT.md,REF:CYCLE008_ACCEPTED,REF:CYCLE008_SCOPE,unresolved,,REF:CYCLE008_LIMITS,CORE,REF:EVENT:BA:event:823:001,1,4,0
BA:event:823:002,event,MANDATORY_COMPLETE_REVIEW,02_CANONICAL_STORIES/EVENT/EVENT_823/EPISODE_002_10021010.md,84a865ed9a207a4cc53f6d53e1e9b6d7230b2e2411bdfa88736148c1548ec9ef,ADMITTED,series/blue-archive/02 Sequential Readings/EVENTS/EVENT_823/BLUE_ARCHIVE_EVENT_823_CONTEXTUALIZATION_CHECKPOINT.md,REF:CYCLE008_ACCEPTED,REF:CYCLE008_SCOPE,unresolved,,REF:CYCLE008_LIMITS,CORE,REF:EVENT:BA:event:823:002,1,6,0
BA:event:823:003,event,MANDATORY_COMPLETE_REVIEW,02_CANONICAL_STORIES/EVENT/EVENT_823/EPISODE_003_10021015.md,c21c89f5e04fb7f191453c8a13fd3d7708c4cde73bb3b2402749a9db5893c08b,ADMITTED,series/blue-archive/02 Sequential Readings/EVENTS/EVENT_823/BLUE_ARCHIVE_EVENT_823_CONTEXTUALIZATION_CHECKPOINT.md,REF:CYCLE008_ACCEPTED,REF:CYCLE008_SCOPE,unresolved,,REF:CYCLE008_LIMITS,CORE,REF:EVENT:BA:event:823:003,12,310,4
BA:event:823:004,event,MANDATORY_COMPLETE_REVIEW,02_CANONICAL_STORIES/EVENT/EVENT_823/EPISODE_004_10021020.md,b950813b2f05c182719d44d5f2d7fec9c1d180f1988c364a6e0baaf79948caa0,ADMITTED,series/blue-archive/02 Sequential Readings/EVENTS/EVENT_823/BLUE_ARCHIVE_EVENT_823_CONTEXTUALIZATION_CHECKPOINT.md,REF:CYCLE008_ACCEPTED,REF:CYCLE008_SCOPE,unresolved,,REF:CYCLE008_LIMITS,CORE,REF:EVENT:BA:event:823:004,1,6,0
BA:event:823:005,event,MANDATORY_COMPLETE_REVIEW,02_CANONICAL_STORIES/EVENT/EVENT_823/EPISODE_005_10021021.md,0de2bcc28aa4271d431e6ba16d094373bb6c6797a86547b09f6b31b3ebaad305,ADMITTED,series/blue-archive/02 Sequential Readings/EVENTS/EVENT_823/BLUE_ARCHIVE_EVENT_823_CONTEXTUALIZATION_CHECKPOINT.md,REF:CYCLE008_ACCEPTED,REF:CYCLE008_SCOPE,unresolved,,REF:CYCLE008_LIMITS,CORE,REF:EVENT:BA:event:823:005,3,13,0
BA:event:823:006,event,MANDATORY_COMPLETE_REVIEW,02_CANONICAL_STORIES/EVENT/EVENT_823/EPISODE_006_10021022.md,d7748b68a8bc133965d6e7cba558671c03354a4645d8fce18b08e4e839a39d2d,ADMITTED,series/blue-archive/02 Sequential Readings/EVENTS/EVENT_823/BLUE_ARCHIVE_EVENT_823_CONTEXTUALIZATION_CHECKPOINT.md,REF:CYCLE008_ACCEPTED,REF:CYCLE008_SCOPE,unresolved,,REF:CYCLE008_LIMITS,CORE,REF:EVENT:BA:event:823:006,1,65,0
BA:event:824:001,event,MANDATORY_COMPLETE_REVIEW,02_CANONICAL_STORIES/EVENT/EVENT_824/EPISODE_001_10022005.md,adf34ae16d89920ec2b7eb654d121b426a247711dc8d5b5080fcd7a5310f4935,ADMITTED,series/blue-archive/02 Sequential Readings/EVENTS/EVENT_824/BLUE_ARCHIVE_EVENT_824_CONTEXTUALIZATION_CHECKPOINT.md,REF:CYCLE008_ACCEPTED,REF:CYCLE008_SCOPE,unresolved,,REF:CYCLE008_LIMITS,CORE,REF:EVENT:BA:event:824:001,1,8,0
BA:event:825:001,event,MANDATORY_COMPLETE_REVIEW,02_CANONICAL_STORIES/EVENT/EVENT_825/EPISODE_001_10023005.md,3123202585b605f338b39647e40bf11af9f05cf082a644328e2c4f7c1acba24f,ADMITTED,series/blue-archive/02 Sequential Readings/EVENTS/EVENT_825/BLUE_ARCHIVE_EVENT_825_CONTEXTUALIZATION_CHECKPOINT.md,REF:CYCLE008_ACCEPTED,REF:CYCLE008_SCOPE,unresolved,,REF:CYCLE008_LIMITS,CORE,REF:EVENT:BA:event:825:001,1,43,10
BA:event:825:002,event,MANDATORY_COMPLETE_REVIEW,02_CANONICAL_STORIES/EVENT/EVENT_825/EPISODE_002_10023010.md,ce0cddafaf7dcda3a583a7b868c945c8bbd1196caa38f6c401612fca645edd53,ADMITTED,series/blue-archive/02 Sequential Readings/EVENTS/EVENT_825/BLUE_ARCHIVE_EVENT_825_CONTEXTUALIZATION_CHECKPOINT.md,REF:CYCLE008_ACCEPTED,REF:CYCLE008_SCOPE,unresolved,,REF:CYCLE008_LIMITS,CORE,REF:EVENT:BA:event:825:002,2,99,8
BA:event:825:003,event,MANDATORY_COMPLETE_REVIEW,02_CANONICAL_STORIES/EVENT/EVENT_825/EPISODE_003_10023020.md,a6383ec1a30c2883beeb1d814de4313655e98f0c4b63980544eec71fd3b472ab,ADMITTED,series/blue-archive/02 Sequential Readings/EVENTS/EVENT_825/BLUE_ARCHIVE_EVENT_825_CONTEXTUALIZATION_CHECKPOINT.md,REF:CYCLE008_ACCEPTED,REF:CYCLE008_SCOPE,unresolved,,REF:CYCLE008_LIMITS,CORE,REF:EVENT:BA:event:825:003,1,147,8
BA:event:825:004,event,MANDATORY_COMPLETE_REVIEW,02_CANONICAL_STORIES/EVENT/EVENT_825/EPISODE_004_10023030.md,96676265fd87b68132692ff7baffc580a62e0945ccb90cbb35fb088055497751,ADMITTED,series/blue-archive/02 Sequential Readings/EVENTS/EVENT_825/BLUE_ARCHIVE_EVENT_825_CONTEXTUALIZATION_CHECKPOINT.md,REF:CYCLE008_ACCEPTED,REF:CYCLE008_SCOPE,unresolved,,REF:CYCLE008_LIMITS,CORE,REF:EVENT:BA:event:825:004,1,138,5
BA:event:825:005,event,MANDATORY_COMPLETE_REVIEW,02_CANONICAL_STORIES/EVENT/EVENT_825/EPISODE_005_10023040.md,e36248acb3ff7a318416fcd176b825f5f610745714d9f434275a66bf4783c70b,ADMITTED,series/blue-archive/02 Sequential Readings/EVENTS/EVENT_825/BLUE_ARCHIVE_EVENT_825_CONTEXTUALIZATION_CHECKPOINT.md,REF:CYCLE008_ACCEPTED,REF:CYCLE008_SCOPE,unresolved,,REF:CYCLE008_LIMITS,CORE,REF:EVENT:BA:event:825:005,1,114,13
BA:event:825:006,event,MANDATORY_COMPLETE_REVIEW,02_CANONICAL_STORIES/EVENT/EVENT_825/EPISODE_006_10023050.md,8056211c1e53a619cde16992c6927e379e9cce9f1f2d7ebd2b650d6cc27e54f7,ADMITTED,series/blue-archive/02 Sequential Readings/EVENTS/EVENT_825/BLUE_ARCHIVE_EVENT_825_CONTEXTUALIZATION_CHECKPOINT.md,REF:CYCLE008_ACCEPTED,REF:CYCLE008_SCOPE,unresolved,,REF:CYCLE008_LIMITS,HIGH,REF:EVENT:BA:event:825:006,1,21,0
BA:event:825:007,event,MANDATORY_COMPLETE_REVIEW,02_CANONICAL_STORIES/EVENT/EVENT_825/EPISODE_007_10023055.md,bf3dd28014fe71a749ebf4e11b461f5a69262bbc0f720fda995ed3ff13ede8b9,ADMITTED,series/blue-archive/02 Sequential Readings/EVENTS/EVENT_825/BLUE_ARCHIVE_EVENT_825_CONTEXTUALIZATION_CHECKPOINT.md,REF:CYCLE008_ACCEPTED,REF:CYCLE008_SCOPE,unresolved,,REF:CYCLE008_LIMITS,CORE,REF:EVENT:BA:event:825:007,1,132,2
BA:event:825:008,event,MANDATORY_COMPLETE_REVIEW,02_CANONICAL_STORIES/EVENT/EVENT_825/EPISODE_008_10023060.md,e8c3aa109aabfbfcf7fd6468643d95743e4246697fe7ed41f7b99c94ee118364,ADMITTED,series/blue-archive/02 Sequential Readings/EVENTS/EVENT_825/BLUE_ARCHIVE_EVENT_825_CONTEXTUALIZATION_CHECKPOINT.md,REF:CYCLE008_ACCEPTED,REF:CYCLE008_SCOPE,unresolved,,REF:CYCLE008_LIMITS,CORE,REF:EVENT:BA:event:825:008,1,91,20
BA:event:825:009,event,MANDATORY_COMPLETE_REVIEW,02_CANONICAL_STORIES/EVENT/EVENT_825/EPISODE_009_10023070.md,a98103326f1d4081e4ac315e728cc80cbfdd1de4fb6945a27e962da70df60d60,ADMITTED,series/blue-archive/02 Sequential Readings/EVENTS/EVENT_825/BLUE_ARCHIVE_EVENT_825_CONTEXTUALIZATION_CHECKPOINT.md,REF:CYCLE008_ACCEPTED,REF:CYCLE008_SCOPE,unresolved,,REF:CYCLE008_LIMITS,HIGH,REF:EVENT:BA:event:825:009,1,58,4
BA:event:825:010,event,MANDATORY_COMPLETE_REVIEW,02_CANONICAL_STORIES/EVENT/EVENT_825/EPISODE_010_10023075.md,ee95dcf1e2e0696ec9dee8dd230837a31d108e182ad079e2a01ca1af25566e89,ADMITTED,series/blue-archive/02 Sequential Readings/EVENTS/EVENT_825/BLUE_ARCHIVE_EVENT_825_CONTEXTUALIZATION_CHECKPOINT.md,REF:CYCLE008_ACCEPTED,REF:CYCLE008_SCOPE,unresolved,,REF:CYCLE008_LIMITS,CORE,REF:EVENT:BA:event:825:010,1,91,8
BA:event:825:011,event,MANDATORY_COMPLETE_REVIEW,02_CANONICAL_STORIES/EVENT/EVENT_825/EPISODE_011_10023080.md,9c1e66409a78b390c496e6897b477858fe51d8d0af9f7ae9d7762f786cd584f0,ADMITTED,series/blue-archive/02 Sequential Readings/EVENTS/EVENT_825/BLUE_ARCHIVE_EVENT_825_CONTEXTUALIZATION_CHECKPOINT.md,REF:CYCLE008_ACCEPTED,REF:CYCLE008_SCOPE,unresolved,,REF:CYCLE008_LIMITS,CORE,REF:EVENT:BA:event:825:011,1,90,9
BA:event:825:012,event,MANDATORY_COMPLETE_REVIEW,02_CANONICAL_STORIES/EVENT/EVENT_825/EPISODE_012_10023090.md,85e6b3db3dd05e7511c7a787eb5d8b1feb6b110207bed8c71653871920b1d592,ADMITTED,series/blue-archive/02 Sequential Readings/EVENTS/EVENT_825/BLUE_ARCHIVE_EVENT_825_CONTEXTUALIZATION_CHECKPOINT.md,REF:CYCLE008_ACCEPTED,REF:CYCLE008_SCOPE,unresolved,,REF:CYCLE008_LIMITS,HIGH,REF:EVENT:BA:event:825:012,1,29,2
BA:event:825:013,event,MANDATORY_COMPLETE_REVIEW,02_CANONICAL_STORIES/EVENT/EVENT_825/EPISODE_013_10023095.md,b6acdc4499d30f5d6075fd182f130da0de51424776194208ba888d4e8596aff7,ADMITTED,series/blue-archive/02 Sequential Readings/EVENTS/EVENT_825/BLUE_ARCHIVE_EVENT_825_CONTEXTUALIZATION_CHECKPOINT.md,REF:CYCLE008_ACCEPTED,REF:CYCLE008_SCOPE,unresolved,,REF:CYCLE008_LIMITS,CORE,REF:EVENT:BA:event:825:013,1,57,0
BA:event:825:014,event,MANDATORY_COMPLETE_REVIEW,02_CANONICAL_STORIES/EVENT/EVENT_825/EPISODE_014_10023100.md,f1f55b7eb97e941741d5052bc8648148ffaa97c3065a10974f88e1b444669a25,ADMITTED,series/blue-archive/02 Sequential Readings/EVENTS/EVENT_825/BLUE_ARCHIVE_EVENT_825_CONTEXTUALIZATION_CHECKPOINT.md,REF:CYCLE008_ACCEPTED,REF:CYCLE008_SCOPE,unresolved,,REF:CYCLE008_LIMITS,CORE,REF:EVENT:BA:event:825:014,1,33,0
BA:event:825:015,event,MANDATORY_COMPLETE_REVIEW,02_CANONICAL_STORIES/EVENT/EVENT_825/EPISODE_015_10023105.md,f00ebb3037f3396e7faf4482debf0520ce8ddf4818e1e6a3d16dadd80c86ff61,ADMITTED,series/blue-archive/02 Sequential Readings/EVENTS/EVENT_825/BLUE_ARCHIVE_EVENT_825_CONTEXTUALIZATION_CHECKPOINT.md,REF:CYCLE008_ACCEPTED,REF:CYCLE008_SCOPE,unresolved,,REF:CYCLE008_LIMITS,CORE,REF:EVENT:BA:event:825:015,1,62,10
BA:event:825:016,event,MANDATORY_COMPLETE_REVIEW,02_CANONICAL_STORIES/EVENT/EVENT_825/EPISODE_016_10023110.md,124fb272a2b81abba0d9cc75d50a3c98e2e790bca42a2b8b7202c165c5376796,ADMITTED,series/blue-archive/02 Sequential Readings/EVENTS/EVENT_825/BLUE_ARCHIVE_EVENT_825_CONTEXTUALIZATION_CHECKPOINT.md,REF:CYCLE008_ACCEPTED,REF:CYCLE008_SCOPE,unresolved,,REF:CYCLE008_LIMITS,CORE,REF:EVENT:BA:event:825:016,1,138,6
BA:event:826:001,event,MANDATORY_COMPLETE_REVIEW,02_CANONICAL_STORIES/EVENT/EVENT_826/EPISODE_001_10024005.md,4c7f5472d7ee5f928766bb920bf27554025507d48bd057fd90996deef2ce38f8,ADMITTED,series/blue-archive/02 Sequential Readings/EVENTS/EVENT_826/BLUE_ARCHIVE_EVENT_826_CONTEXTUALIZATION_CHECKPOINT.md,REF:CYCLE008_ACCEPTED,REF:CYCLE008_SCOPE,unresolved,,REF:CYCLE008_LIMITS,CORE,REF:EVENT:BA:event:826:001,2,65,12
BA:event:826:002,event,MANDATORY_COMPLETE_REVIEW,02_CANONICAL_STORIES/EVENT/EVENT_826/EPISODE_002_10024010.md,87095a90fa2fd5784ec8cce6693b132ff6c38a52d74204cfda11031fd9499af7,ADMITTED,series/blue-archive/02 Sequential Readings/EVENTS/EVENT_826/BLUE_ARCHIVE_EVENT_826_CONTEXTUALIZATION_CHECKPOINT.md,REF:CYCLE008_ACCEPTED,REF:CYCLE008_SCOPE,unresolved,,REF:CYCLE008_LIMITS,CORE,REF:EVENT:BA:event:826:002,1,123,14
BA:event:826:003,event,MANDATORY_COMPLETE_REVIEW,02_CANONICAL_STORIES/EVENT/EVENT_826/EPISODE_003_10024020.md,cdbd0adc8e0d89b641e3baf8afad0567a2339b9ac767c19f183e5da7afb3e7c2,ADMITTED,series/blue-archive/02 Sequential Readings/EVENTS/EVENT_826/BLUE_ARCHIVE_EVENT_826_CONTEXTUALIZATION_CHECKPOINT.md,REF:CYCLE008_ACCEPTED,REF:CYCLE008_SCOPE,unresolved,,REF:CYCLE008_LIMITS,CORE,REF:EVENT:BA:event:826:003,1,105,9
BA:event:826:004,event,MANDATORY_COMPLETE_REVIEW,02_CANONICAL_STORIES/EVENT/EVENT_826/EPISODE_004_10024025.md,756fe6518372da428ae98bfeb7908bc71f53423acd911a2e3252dbd7c443f0f2,ADMITTED,series/blue-archive/02 Sequential Readings/EVENTS/EVENT_826/BLUE_ARCHIVE_EVENT_826_CONTEXTUALIZATION_CHECKPOINT.md,REF:CYCLE008_ACCEPTED,REF:CYCLE008_SCOPE,unresolved,,REF:CYCLE008_LIMITS,HIGH,REF:EVENT:BA:event:826:004,1,18,2
BA:event:826:005,event,MANDATORY_COMPLETE_REVIEW,02_CANONICAL_STORIES/EVENT/EVENT_826/EPISODE_005_10024030.md,b253102e11d369b8405feac5ad0b2e37ed83096e5b4d90d9c75c8d12b87d033b,ADMITTED,series/blue-archive/02 Sequential Readings/EVENTS/EVENT_826/BLUE_ARCHIVE_EVENT_826_CONTEXTUALIZATION_CHECKPOINT.md,REF:CYCLE008_ACCEPTED,REF:CYCLE008_SCOPE,unresolved,,REF:CYCLE008_LIMITS,CORE,REF:EVENT:BA:event:826:005,1,93,12
BA:event:826:006,event,MANDATORY_COMPLETE_REVIEW,02_CANONICAL_STORIES/EVENT/EVENT_826/EPISODE_006_10024040.md,09cd08b5f3e4d2b30783701a5f34310d002b852a372b4349c194fc63564ecc64,ADMITTED,series/blue-archive/02 Sequential Readings/EVENTS/EVENT_826/BLUE_ARCHIVE_EVENT_826_CONTEXTUALIZATION_CHECKPOINT.md,REF:CYCLE008_ACCEPTED,REF:CYCLE008_SCOPE,unresolved,,REF:CYCLE008_LIMITS,CORE,REF:EVENT:BA:event:826:006,1,31,3
BA:event:826:007,event,MANDATORY_COMPLETE_REVIEW,02_CANONICAL_STORIES/EVENT/EVENT_826/EPISODE_007_10024045.md,010c69ae25c3aced05d80224ea0786d67f6a24ee846c20e687c4dacccfd86dd0,ADMITTED,series/blue-archive/02 Sequential Readings/EVENTS/EVENT_826/BLUE_ARCHIVE_EVENT_826_CONTEXTUALIZATION_CHECKPOINT.md,REF:CYCLE008_ACCEPTED,REF:CYCLE008_SCOPE,unresolved,,REF:CYCLE008_LIMITS,CORE,REF:EVENT:BA:event:826:007,1,73,7
BA:event:826:008,event,MANDATORY_COMPLETE_REVIEW,02_CANONICAL_STORIES/EVENT/EVENT_826/EPISODE_008_10024050.md,6fcb8f63e1934a8a5f028f65fa3e19f3bd4fe99a9ff71d98d2edddb0d86151d3,ADMITTED,series/blue-archive/02 Sequential Readings/EVENTS/EVENT_826/BLUE_ARCHIVE_EVENT_826_CONTEXTUALIZATION_CHECKPOINT.md,REF:CYCLE008_ACCEPTED,REF:CYCLE008_SCOPE,unresolved,,REF:CYCLE008_LIMITS,CORE,REF:EVENT:BA:event:826:008,2,91,3
BA:event:826:009,event,MANDATORY_COMPLETE_REVIEW,02_CANONICAL_STORIES/EVENT/EVENT_826/EPISODE_009_10024060.md,3ac67261c8652920408703da5197f0aae72d3568119f1180b2a2e0b3a499d6ee,ADMITTED,series/blue-archive/02 Sequential Readings/EVENTS/EVENT_826/BLUE_ARCHIVE_EVENT_826_CONTEXTUALIZATION_CHECKPOINT.md,REF:CYCLE008_ACCEPTED,REF:CYCLE008_SCOPE,unresolved,,REF:CYCLE008_LIMITS,CORE,REF:EVENT:BA:event:826:009,1,119,19
BA:event:826:010,event,MANDATORY_COMPLETE_REVIEW,02_CANONICAL_STORIES/EVENT/EVENT_826/EPISODE_010_10024070.md,f93f7c55180d76bf19b15b6e3f10048ecdc4bc8e8c9b60383c3e11461729d4a8,ADMITTED,series/blue-archive/02 Sequential Readings/EVENTS/EVENT_826/BLUE_ARCHIVE_EVENT_826_CONTEXTUALIZATION_CHECKPOINT.md,REF:CYCLE008_ACCEPTED,REF:CYCLE008_SCOPE,unresolved,,REF:CYCLE008_LIMITS,CORE,REF:EVENT:BA:event:826:010,1,88,1
BA:event:826:011,event,MANDATORY_COMPLETE_REVIEW,02_CANONICAL_STORIES/EVENT/EVENT_826/EPISODE_011_10024080.md,baf14759cd47f7bd7b551997683d5adf6443686a8b948e2cdf89d47727eec647,ADMITTED,series/blue-archive/02 Sequential Readings/EVENTS/EVENT_826/BLUE_ARCHIVE_EVENT_826_CONTEXTUALIZATION_CHECKPOINT.md,REF:CYCLE008_ACCEPTED,REF:CYCLE008_SCOPE,unresolved,,REF:CYCLE008_LIMITS,CORE,REF:EVENT:BA:event:826:011,1,90,4
BA:event:826:012,event,MANDATORY_COMPLETE_REVIEW,02_CANONICAL_STORIES/EVENT/EVENT_826/EPISODE_012_10024090.md,bd0675e4421f6e5e2a08a89d21ae7145c0dd4c7ae687b9704f2e3f3d542dae53,ADMITTED,series/blue-archive/02 Sequential Readings/EVENTS/EVENT_826/BLUE_ARCHIVE_EVENT_826_CONTEXTUALIZATION_CHECKPOINT.md,REF:CYCLE008_ACCEPTED,REF:CYCLE008_SCOPE,unresolved,,REF:CYCLE008_LIMITS,CORE,REF:EVENT:BA:event:826:012,1,70,4
BA:event:826:013,event,MANDATORY_COMPLETE_REVIEW,02_CANONICAL_STORIES/EVENT/EVENT_826/EPISODE_013_10024100.md,ba9814806e248ec39a4a8a6e887ea4d12927f0f9809b9722814b504c75eb4412,ADMITTED,series/blue-archive/02 Sequential Readings/EVENTS/EVENT_826/BLUE_ARCHIVE_EVENT_826_CONTEXTUALIZATION_CHECKPOINT.md,REF:CYCLE008_ACCEPTED,REF:CYCLE008_SCOPE,unresolved,,REF:CYCLE008_LIMITS,CORE,REF:EVENT:BA:event:826:013,1,47,1
BA:event:827:001,event,MANDATORY_COMPLETE_REVIEW,02_CANONICAL_STORIES/EVENT/EVENT_827/EPISODE_001_10025005.md,6a278baab6f6c39bf27dd6912442942904dec29c7c8a5dafb032da510182417f,ADMITTED,series/blue-archive/02 Sequential Readings/EVENTS/EVENT_827/BLUE_ARCHIVE_EVENT_827_CONTEXTUALIZATION_CHECKPOINT.md,REF:CYCLE008_ACCEPTED,REF:CYCLE008_SCOPE,unresolved,,REF:CYCLE008_LIMITS,CORE,REF:EVENT:BA:event:827:001,1,104,5
BA:event:827:002,event,MANDATORY_COMPLETE_REVIEW,02_CANONICAL_STORIES/EVENT/EVENT_827/EPISODE_002_10025010.md,51fe1598a36ffd255fdb1893e74c940aeb807dc6f5eed07052763c3f2bf6e912,ADMITTED,series/blue-archive/02 Sequential Readings/EVENTS/EVENT_827/BLUE_ARCHIVE_EVENT_827_CONTEXTUALIZATION_CHECKPOINT.md,REF:CYCLE008_ACCEPTED,REF:CYCLE008_SCOPE,unresolved,,REF:CYCLE008_LIMITS,CORE,REF:EVENT:BA:event:827:002,1,65,2
BA:event:827:003,event,MANDATORY_COMPLETE_REVIEW,02_CANONICAL_STORIES/EVENT/EVENT_827/EPISODE_003_10025020.md,aae8c62ef985d9385abbf5a64ca5827cfb047d4587eeaed16d32be619a69548b,ADMITTED,series/blue-archive/02 Sequential Readings/EVENTS/EVENT_827/BLUE_ARCHIVE_EVENT_827_CONTEXTUALIZATION_CHECKPOINT.md,REF:CYCLE008_ACCEPTED,REF:CYCLE008_SCOPE,unresolved,,REF:CYCLE008_LIMITS,CORE,REF:EVENT:BA:event:827:003,2,90,0
BA:event:827:004,event,MANDATORY_COMPLETE_REVIEW,02_CANONICAL_STORIES/EVENT/EVENT_827/EPISODE_004_10025030.md,a361783c0469c7baf7ba4785dd362b0616462edbfc338cd1d009ba644db0d464,ADMITTED,series/blue-archive/02 Sequential Readings/EVENTS/EVENT_827/BLUE_ARCHIVE_EVENT_827_CONTEXTUALIZATION_CHECKPOINT.md,REF:CYCLE008_ACCEPTED,REF:CYCLE008_SCOPE,unresolved,,REF:CYCLE008_LIMITS,CORE,REF:EVENT:BA:event:827:004,1,114,2
BA:event:827:005,event,MANDATORY_COMPLETE_REVIEW,02_CANONICAL_STORIES/EVENT/EVENT_827/EPISODE_005_10025040.md,0b0b1567477c81a671dbbda48e033489231cfa72d32e8c6cb37d32c874490a21,ADMITTED,series/blue-archive/02 Sequential Readings/EVENTS/EVENT_827/BLUE_ARCHIVE_EVENT_827_CONTEXTUALIZATION_CHECKPOINT.md,REF:CYCLE008_ACCEPTED,REF:CYCLE008_SCOPE,unresolved,,REF:CYCLE008_LIMITS,CORE,REF:EVENT:BA:event:827:005,1,131,2
BA:event:827:006,event,MANDATORY_COMPLETE_REVIEW,02_CANONICAL_STORIES/EVENT/EVENT_827/EPISODE_006_10025050.md,f6a004735a570a7f65ec74749365a42987197930d6b8a47e87095e441488f6ea,ADMITTED,series/blue-archive/02 Sequential Readings/EVENTS/EVENT_827/BLUE_ARCHIVE_EVENT_827_CONTEXTUALIZATION_CHECKPOINT.md,REF:CYCLE008_ACCEPTED,REF:CYCLE008_SCOPE,unresolved,,REF:CYCLE008_LIMITS,CORE,REF:EVENT:BA:event:827:006,1,97,10
BA:event:827:007,event,MANDATORY_COMPLETE_REVIEW,02_CANONICAL_STORIES/EVENT/EVENT_827/EPISODE_007_10025060.md,7eb81f8fa60cab7763f86bf4db6fa6fbe869a85859ccc8dfc34f5d57b07333f2,ADMITTED,series/blue-archive/02 Sequential Readings/EVENTS/EVENT_827/BLUE_ARCHIVE_EVENT_827_CONTEXTUALIZATION_CHECKPOINT.md,REF:CYCLE008_ACCEPTED,REF:CYCLE008_SCOPE,unresolved,,REF:CYCLE008_LIMITS,CORE,REF:EVENT:BA:event:827:007,1,109,0
BA:event:827:008,event,MANDATORY_COMPLETE_REVIEW,02_CANONICAL_STORIES/EVENT/EVENT_827/EPISODE_008_10025070.md,f18f57007e21a2a0f6b55987d673453b5562aad62b410cc89622d4c3d62514ac,ADMITTED,series/blue-archive/02 Sequential Readings/EVENTS/EVENT_827/BLUE_ARCHIVE_EVENT_827_CONTEXTUALIZATION_CHECKPOINT.md,REF:CYCLE008_ACCEPTED,REF:CYCLE008_SCOPE,unresolved,,REF:CYCLE008_LIMITS,CORE,REF:EVENT:BA:event:827:008,1,122,1
BA:event:827:009,event,MANDATORY_COMPLETE_REVIEW,02_CANONICAL_STORIES/EVENT/EVENT_827/EPISODE_009_10025075.md,41d2fe690ff13499e5811a05a1a83b03006f5da9546968796f18acbd1a65c4e5,ADMITTED,series/blue-archive/02 Sequential Readings/EVENTS/EVENT_827/BLUE_ARCHIVE_EVENT_827_CONTEXTUALIZATION_CHECKPOINT.md,REF:CYCLE008_ACCEPTED,REF:CYCLE008_SCOPE,unresolved,,REF:CYCLE008_LIMITS,CORE,REF:EVENT:BA:event:827:009,1,13,0
BA:event:827:010,event,MANDATORY_COMPLETE_REVIEW,02_CANONICAL_STORIES/EVENT/EVENT_827/EPISODE_010_10025080.md,b9771386bbb4f829325e0cad988aee8c8b237f4076e7ab4ad7a755f3b859c676,ADMITTED,series/blue-archive/02 Sequential Readings/EVENTS/EVENT_827/BLUE_ARCHIVE_EVENT_827_CONTEXTUALIZATION_CHECKPOINT.md,REF:CYCLE008_ACCEPTED,REF:CYCLE008_SCOPE,unresolved,,REF:CYCLE008_LIMITS,CORE,REF:EVENT:BA:event:827:010,1,87,0
BA:event:827:011,event,MANDATORY_COMPLETE_REVIEW,02_CANONICAL_STORIES/EVENT/EVENT_827/EPISODE_011_10025090.md,4bf48c4fb9e90bd5026ddc2a919dfa2af66fe93689d9fe7dff7867e4f3950c11,ADMITTED,series/blue-archive/02 Sequential Readings/EVENTS/EVENT_827/BLUE_ARCHIVE_EVENT_827_CONTEXTUALIZATION_CHECKPOINT.md,REF:CYCLE008_ACCEPTED,REF:CYCLE008_SCOPE,unresolved,,REF:CYCLE008_LIMITS,CORE,REF:EVENT:BA:event:827:011,1,32,0
BA:event:827:012,event,MANDATORY_COMPLETE_REVIEW,02_CANONICAL_STORIES/EVENT/EVENT_827/EPISODE_012_10025100.md,2a000cf7c756c6fa07efa2ff3df97bc8dec3fbd6e9bda6990f5d13d5ebdf06b6,ADMITTED,series/blue-archive/02 Sequential Readings/EVENTS/EVENT_827/BLUE_ARCHIVE_EVENT_827_CONTEXTUALIZATION_CHECKPOINT.md,REF:CYCLE008_ACCEPTED,REF:CYCLE008_SCOPE,unresolved,,REF:CYCLE008_LIMITS,CORE,REF:EVENT:BA:event:827:012,1,84,0
BA:event:827:013,event,MANDATORY_COMPLETE_REVIEW,02_CANONICAL_STORIES/EVENT/EVENT_827/EPISODE_013_10025105.md,44724a12dc238240aedef10e1497ca60f5235bfb7076b66d2f7a18545518e83a,ADMITTED,series/blue-archive/02 Sequential Readings/EVENTS/EVENT_827/BLUE_ARCHIVE_EVENT_827_CONTEXTUALIZATION_CHECKPOINT.md,REF:CYCLE008_ACCEPTED,REF:CYCLE008_SCOPE,unresolved,,REF:CYCLE008_LIMITS,CORE,REF:EVENT:BA:event:827:013,1,41,0
BA:event:827:014,event,MANDATORY_COMPLETE_REVIEW,02_CANONICAL_STORIES/EVENT/EVENT_827/EPISODE_014_10025110.md,76df9e7e5dc00484e446db7d31f1ad485c4ef27e88ad220940020b9aa9e20f67,ADMITTED,series/blue-archive/02 Sequential Readings/EVENTS/EVENT_827/BLUE_ARCHIVE_EVENT_827_CONTEXTUALIZATION_CHECKPOINT.md,REF:CYCLE008_ACCEPTED,REF:CYCLE008_SCOPE,unresolved,,REF:CYCLE008_LIMITS,CORE,REF:EVENT:BA:event:827:014,2,137,0
BA:event:828:001,event,MANDATORY_COMPLETE_REVIEW,02_CANONICAL_STORIES/EVENT/EVENT_828/EPISODE_001_10026005.md,0159ed7817acea4aed59ddaf3054f7bc7f720e416d20e51132abd3990056617b,ADMITTED,series/blue-archive/02 Sequential Readings/EVENTS/EVENT_828/BLUE_ARCHIVE_EVENT_828_CONTEXTUALIZATION_CHECKPOINT.md,REF:CYCLE008_ACCEPTED,REF:CYCLE008_SCOPE,unresolved,,REF:CYCLE008_LIMITS,HIGH,REF:EVENT:BA:event:828:001,1,7,0
BA:event:828:002,event,MANDATORY_COMPLETE_REVIEW,02_CANONICAL_STORIES/EVENT/EVENT_828/EPISODE_002_10026010.md,8de51c2a8c111bd29de956a33fc0f28366ed304db2289964655daaa3db269d62,ADMITTED,series/blue-archive/02 Sequential Readings/EVENTS/EVENT_828/BLUE_ARCHIVE_EVENT_828_CONTEXTUALIZATION_CHECKPOINT.md,REF:CYCLE008_ACCEPTED,REF:CYCLE008_SCOPE,unresolved,,REF:CYCLE008_LIMITS,CORE,REF:EVENT:BA:event:828:002,1,116,0
BA:event:828:003,event,MANDATORY_COMPLETE_REVIEW,02_CANONICAL_STORIES/EVENT/EVENT_828/EPISODE_003_10026020.md,2d542650a7df1c96959d689b71b5b6db0b8ab06882a1ce2b0601a0d93cf2a78e,ADMITTED,series/blue-archive/02 Sequential Readings/EVENTS/EVENT_828/BLUE_ARCHIVE_EVENT_828_CONTEXTUALIZATION_CHECKPOINT.md,REF:CYCLE008_ACCEPTED,REF:CYCLE008_SCOPE,unresolved,,REF:CYCLE008_LIMITS,CORE,REF:EVENT:BA:event:828:003,1,118,6
BA:event:828:004,event,MANDATORY_COMPLETE_REVIEW,02_CANONICAL_STORIES/EVENT/EVENT_828/EPISODE_004_10026030.md,dfad6e6bc2ebe78f82c47cd5deb35561bc51e17b218465d70d98e8ab72af8ef7,ADMITTED,series/blue-archive/02 Sequential Readings/EVENTS/EVENT_828/BLUE_ARCHIVE_EVENT_828_CONTEXTUALIZATION_CHECKPOINT.md,REF:CYCLE008_ACCEPTED,REF:CYCLE008_SCOPE,unresolved,,REF:CYCLE008_LIMITS,CORE,REF:EVENT:BA:event:828:004,1,75,2
BA:event:828:005,event,MANDATORY_COMPLETE_REVIEW,02_CANONICAL_STORIES/EVENT/EVENT_828/EPISODE_005_10026035.md,f1afe20aa08dd2efe3788b606cda7820e0fd0af610ae4b7640b4be06441723d0,ADMITTED,series/blue-archive/02 Sequential Readings/EVENTS/EVENT_828/BLUE_ARCHIVE_EVENT_828_CONTEXTUALIZATION_CHECKPOINT.md,REF:CYCLE008_ACCEPTED,REF:CYCLE008_SCOPE,unresolved,,REF:CYCLE008_LIMITS,HIGH,REF:EVENT:BA:event:828:005,1,43,4
BA:event:828:006,event,MANDATORY_COMPLETE_REVIEW,02_CANONICAL_STORIES/EVENT/EVENT_828/EPISODE_006_10026040.md,b683347e3c1c5f82772e091e2d12da183307a5da11e8a6f480fc2071258e395e,ADMITTED,series/blue-archive/02 Sequential Readings/EVENTS/EVENT_828/BLUE_ARCHIVE_EVENT_828_CONTEXTUALIZATION_CHECKPOINT.md,REF:CYCLE008_ACCEPTED,REF:CYCLE008_SCOPE,unresolved,,REF:CYCLE008_LIMITS,CORE,REF:EVENT:BA:event:828:006,1,86,3
BA:event:828:007,event,MANDATORY_COMPLETE_REVIEW,02_CANONICAL_STORIES/EVENT/EVENT_828/EPISODE_007_10026045.md,97c02f180ccc2941619651d724d5de0753919343a21818cbc6ae5badef2d03e8,ADMITTED,series/blue-archive/02 Sequential Readings/EVENTS/EVENT_828/BLUE_ARCHIVE_EVENT_828_CONTEXTUALIZATION_CHECKPOINT.md,REF:CYCLE008_ACCEPTED,REF:CYCLE008_SCOPE,unresolved,,REF:CYCLE008_LIMITS,HIGH,REF:EVENT:BA:event:828:007,1,22,0
BA:event:828:008,event,MANDATORY_COMPLETE_REVIEW,02_CANONICAL_STORIES/EVENT/EVENT_828/EPISODE_008_10026050.md,ffa557dcf3013cc2845b656f0a8abf9a34be9964c882842e0241ae60ed8cc173,ADMITTED,series/blue-archive/02 Sequential Readings/EVENTS/EVENT_828/BLUE_ARCHIVE_EVENT_828_CONTEXTUALIZATION_CHECKPOINT.md,REF:CYCLE008_ACCEPTED,REF:CYCLE008_SCOPE,unresolved,,REF:CYCLE008_LIMITS,CORE,REF:EVENT:BA:event:828:008,1,72,7
BA:event:828:009,event,MANDATORY_COMPLETE_REVIEW,02_CANONICAL_STORIES/EVENT/EVENT_828/EPISODE_009_10026060.md,52b33647b8d90e3668826972872daea24b84e1ce1a7d6d3849eddccb3072f6a0,ADMITTED,series/blue-archive/02 Sequential Readings/EVENTS/EVENT_828/BLUE_ARCHIVE_EVENT_828_CONTEXTUALIZATION_CHECKPOINT.md,REF:CYCLE008_ACCEPTED,REF:CYCLE008_SCOPE,unresolved,,REF:CYCLE008_LIMITS,HIGH,REF:EVENT:BA:event:828:009,1,40,2
BA:event:828:010,event,MANDATORY_COMPLETE_REVIEW,02_CANONICAL_STORIES/EVENT/EVENT_828/EPISODE_010_10026065.md,19ae835b2eda6a291b583c766caee62ebc3e5e83a5d778dcab8051c7d793f268,ADMITTED,series/blue-archive/02 Sequential Readings/EVENTS/EVENT_828/BLUE_ARCHIVE_EVENT_828_CONTEXTUALIZATION_CHECKPOINT.md,REF:CYCLE008_ACCEPTED,REF:CYCLE008_SCOPE,unresolved,,REF:CYCLE008_LIMITS,CORE,REF:EVENT:BA:event:828:010,1,42,3
BA:event:828:011,event,MANDATORY_COMPLETE_REVIEW,02_CANONICAL_STORIES/EVENT/EVENT_828/EPISODE_011_10026070.md,041234d4f2eadb86bc4a4ae257691721697247f909d0bc02ec25b6f398be2363,ADMITTED,series/blue-archive/02 Sequential Readings/EVENTS/EVENT_828/BLUE_ARCHIVE_EVENT_828_CONTEXTUALIZATION_CHECKPOINT.md,REF:CYCLE008_ACCEPTED,REF:CYCLE008_SCOPE,unresolved,,REF:CYCLE008_LIMITS,CORE,REF:EVENT:BA:event:828:011,1,66,2
BA:event:828:012,event,MANDATORY_COMPLETE_REVIEW,02_CANONICAL_STORIES/EVENT/EVENT_828/EPISODE_012_10026080.md,c1808f0d067d12f160000352b451ebdf26e0e3b05225e49eaddd9d956dd5c9a1,ADMITTED,series/blue-archive/02 Sequential Readings/EVENTS/EVENT_828/BLUE_ARCHIVE_EVENT_828_CONTEXTUALIZATION_CHECKPOINT.md,REF:CYCLE008_ACCEPTED,REF:CYCLE008_SCOPE,unresolved,,REF:CYCLE008_LIMITS,CORE,REF:EVENT:BA:event:828:012,2,90,6
BA:event:828:013,event,MANDATORY_COMPLETE_REVIEW,02_CANONICAL_STORIES/EVENT/EVENT_828/EPISODE_013_10026090.md,dd023c28f238e841e6f5f4333d33b7ef17f1acc075fd03059857d4f79799032f,ADMITTED,series/blue-archive/02 Sequential Readings/EVENTS/EVENT_828/BLUE_ARCHIVE_EVENT_828_CONTEXTUALIZATION_CHECKPOINT.md,REF:CYCLE008_ACCEPTED,REF:CYCLE008_SCOPE,unresolved,,REF:CYCLE008_LIMITS,HIGH,REF:EVENT:BA:event:828:013,1,36,2
BA:event:828:014,event,MANDATORY_COMPLETE_REVIEW,02_CANONICAL_STORIES/EVENT/EVENT_828/EPISODE_014_10026095.md,460d77791621c4d1334fc841d1153ba665ef45a41c5c4a4be3ba6071ab7d0199,ADMITTED,series/blue-archive/02 Sequential Readings/EVENTS/EVENT_828/BLUE_ARCHIVE_EVENT_828_CONTEXTUALIZATION_CHECKPOINT.md,REF:CYCLE008_ACCEPTED,REF:CYCLE008_SCOPE,unresolved,,REF:CYCLE008_LIMITS,CORE,REF:EVENT:BA:event:828:014,1,42,2
BA:event:828:015,event,MANDATORY_COMPLETE_REVIEW,02_CANONICAL_STORIES/EVENT/EVENT_828/EPISODE_015_10026100.md,e6b7d207e27e5c3abbf97fc1d1af1ea863502d1471c77a2644dc0940cc527ecb,ADMITTED,series/blue-archive/02 Sequential Readings/EVENTS/EVENT_828/BLUE_ARCHIVE_EVENT_828_CONTEXTUALIZATION_CHECKPOINT.md,REF:CYCLE008_ACCEPTED,REF:CYCLE008_SCOPE,unresolved,,REF:CYCLE008_LIMITS,CORE,REF:EVENT:BA:event:828:015,1,192,7
BA:event:829:001,event,MANDATORY_COMPLETE_REVIEW,02_CANONICAL_STORIES/EVENT/EVENT_829/EPISODE_001_10027005.md,78bda661eedc6904ab4e89fd3007548d0c1569efcd1c116aa1cf786d632a0634,ADMITTED,series/blue-archive/02 Sequential Readings/EVENTS/EVENT_829/BLUE_ARCHIVE_EVENT_829_CONTEXTUALIZATION_CHECKPOINT.md,REF:CYCLE008_ACCEPTED,REF:CYCLE008_SCOPE,unresolved,,REF:CYCLE008_LIMITS,CORE,REF:EVENT:BA:event:829:001,1,93,0
BA:event:829:002,event,MANDATORY_COMPLETE_REVIEW,02_CANONICAL_STORIES/EVENT/EVENT_829/EPISODE_002_10027010.md,62f9a7ae307612d61aa8b725d50aa2835c35eceded3e9d0846286c0efdbb4fc0,ADMITTED,series/blue-archive/02 Sequential Readings/EVENTS/EVENT_829/BLUE_ARCHIVE_EVENT_829_CONTEXTUALIZATION_CHECKPOINT.md,REF:CYCLE008_ACCEPTED,REF:CYCLE008_SCOPE,unresolved,,REF:CYCLE008_LIMITS,CORE,REF:EVENT:BA:event:829:002,3,100,13
BA:event:829:003,event,MANDATORY_COMPLETE_REVIEW,02_CANONICAL_STORIES/EVENT/EVENT_829/EPISODE_003_10027020.md,7bf68240e6d0c298af8fcd332e8a85b744ed5fae8ef3a9c9f3fa198f9f66e7b1,ADMITTED,series/blue-archive/02 Sequential Readings/EVENTS/EVENT_829/BLUE_ARCHIVE_EVENT_829_CONTEXTUALIZATION_CHECKPOINT.md,REF:CYCLE008_ACCEPTED,REF:CYCLE008_SCOPE,unresolved,,REF:CYCLE008_LIMITS,HIGH,REF:EVENT:BA:event:829:003,1,83,4
BA:event:829:004,event,MANDATORY_COMPLETE_REVIEW,02_CANONICAL_STORIES/EVENT/EVENT_829/EPISODE_004_10027030.md,41048e4db7399ab553c822384fddb793f0189faeb585923e966534dfd89af519,ADMITTED,series/blue-archive/02 Sequential Readings/EVENTS/EVENT_829/BLUE_ARCHIVE_EVENT_829_CONTEXTUALIZATION_CHECKPOINT.md,REF:CYCLE008_ACCEPTED,REF:CYCLE008_SCOPE,unresolved,,REF:CYCLE008_LIMITS,CORE,REF:EVENT:BA:event:829:004,1,99,19
BA:event:829:005,event,MANDATORY_COMPLETE_REVIEW,02_CANONICAL_STORIES/EVENT/EVENT_829/EPISODE_005_10027045.md,1490f5b1d0f9b7c70e1ca34b8227ef090ff76c9905b6580cfab6716025121bdd,ADMITTED,series/blue-archive/02 Sequential Readings/EVENTS/EVENT_829/BLUE_ARCHIVE_EVENT_829_CONTEXTUALIZATION_CHECKPOINT.md,REF:CYCLE008_ACCEPTED,REF:CYCLE008_SCOPE,unresolved,,REF:CYCLE008_LIMITS,HIGH,REF:EVENT:BA:event:829:005,2,73,10
BA:event:829:006,event,MANDATORY_COMPLETE_REVIEW,02_CANONICAL_STORIES/EVENT/EVENT_829/EPISODE_006_10027050.md,867f1b1bcec9a1cb74e0763079c8ae488fa480f82935f4852fd59bfa940d9bbd,ADMITTED,series/blue-archive/02 Sequential Readings/EVENTS/EVENT_829/BLUE_ARCHIVE_EVENT_829_CONTEXTUALIZATION_CHECKPOINT.md,REF:CYCLE008_ACCEPTED,REF:CYCLE008_SCOPE,unresolved,,REF:CYCLE008_LIMITS,CORE,REF:EVENT:BA:event:829:006,1,81,7
BA:event:829:007,event,MANDATORY_COMPLETE_REVIEW,02_CANONICAL_STORIES/EVENT/EVENT_829/EPISODE_007_10027060.md,20e6deafc58abd936518b686b896f36fc8e468e877a3a07581c5b995377e5ca6,ADMITTED,series/blue-archive/02 Sequential Readings/EVENTS/EVENT_829/BLUE_ARCHIVE_EVENT_829_CONTEXTUALIZATION_CHECKPOINT.md,REF:CYCLE008_ACCEPTED,REF:CYCLE008_SCOPE,unresolved,,REF:CYCLE008_LIMITS,CORE,REF:EVENT:BA:event:829:007,2,155,12
BA:event:829:008,event,MANDATORY_COMPLETE_REVIEW,02_CANONICAL_STORIES/EVENT/EVENT_829/EPISODE_008_10027070.md,e5b774a87ffeca1c033776cf5eb73bef850d16905c3823e1f84111d2d69d1185,ADMITTED,series/blue-archive/02 Sequential Readings/EVENTS/EVENT_829/BLUE_ARCHIVE_EVENT_829_CONTEXTUALIZATION_CHECKPOINT.md,REF:CYCLE008_ACCEPTED,REF:CYCLE008_SCOPE,unresolved,,REF:CYCLE008_LIMITS,CORE,REF:EVENT:BA:event:829:008,2,75,8
BA:event:829:009,event,MANDATORY_COMPLETE_REVIEW,02_CANONICAL_STORIES/EVENT/EVENT_829/EPISODE_009_10027080.md,6fe8cb72c6c48a40765b635e84e5b6182f2676c16f0462ef9ed0211c57739c2d,ADMITTED,series/blue-archive/02 Sequential Readings/EVENTS/EVENT_829/BLUE_ARCHIVE_EVENT_829_CONTEXTUALIZATION_CHECKPOINT.md,REF:CYCLE008_ACCEPTED,REF:CYCLE008_SCOPE,unresolved,,REF:CYCLE008_LIMITS,CORE,REF:EVENT:BA:event:829:009,4,110,9
BA:event:829:010,event,MANDATORY_COMPLETE_REVIEW,02_CANONICAL_STORIES/EVENT/EVENT_829/EPISODE_010_10027090.md,bcf8998db811112d5f0a3f1e8e7285ff969b8e97b88028042af0d3ac20daea83,ADMITTED,series/blue-archive/02 Sequential Readings/EVENTS/EVENT_829/BLUE_ARCHIVE_EVENT_829_CONTEXTUALIZATION_CHECKPOINT.md,REF:CYCLE008_ACCEPTED,REF:CYCLE008_SCOPE,unresolved,,REF:CYCLE008_LIMITS,CORE,REF:EVENT:BA:event:829:010,1,38,2
BA:event:829:011,event,MANDATORY_COMPLETE_REVIEW,02_CANONICAL_STORIES/EVENT/EVENT_829/EPISODE_011_10027100.md,12d879170503bec4602b6a4805b1b97884584118646baa681af7ee46d3d88bb9,ADMITTED,series/blue-archive/02 Sequential Readings/EVENTS/EVENT_829/BLUE_ARCHIVE_EVENT_829_CONTEXTUALIZATION_CHECKPOINT.md,REF:CYCLE008_ACCEPTED,REF:CYCLE008_SCOPE,unresolved,,REF:CYCLE008_LIMITS,CORE,REF:EVENT:BA:event:829:011,1,35,1
BA:event:829:012,event,MANDATORY_COMPLETE_REVIEW,02_CANONICAL_STORIES/EVENT/EVENT_829/EPISODE_012_10027110.md,f7f425cc392a7f9199692dac093c54c1b4817bbf0665df1d166f5fd9a871911d,ADMITTED,series/blue-archive/02 Sequential Readings/EVENTS/EVENT_829/BLUE_ARCHIVE_EVENT_829_CONTEXTUALIZATION_CHECKPOINT.md,REF:CYCLE008_ACCEPTED,REF:CYCLE008_SCOPE,unresolved,,REF:CYCLE008_LIMITS,CORE,REF:EVENT:BA:event:829:012,1,16,0
BA:event:829:013,event,MANDATORY_COMPLETE_REVIEW,02_CANONICAL_STORIES/EVENT/EVENT_829/EPISODE_013_10027115.md,1065a8f6f0a2339302944f1b8fbf15d92ce2470c231631dc9e0229cdc15e22d1,ADMITTED,series/blue-archive/02 Sequential Readings/EVENTS/EVENT_829/BLUE_ARCHIVE_EVENT_829_CONTEXTUALIZATION_CHECKPOINT.md,REF:CYCLE008_ACCEPTED,REF:CYCLE008_SCOPE,unresolved,,REF:CYCLE008_LIMITS,CORE,REF:EVENT:BA:event:829:013,1,45,1
BA:event:829:014,event,MANDATORY_COMPLETE_REVIEW,02_CANONICAL_STORIES/EVENT/EVENT_829/EPISODE_014_10027120.md,638821a706439d2ba6007bab8b679db4ea3ddf1eeec2765dbc65df7524311e5f,ADMITTED,series/blue-archive/02 Sequential Readings/EVENTS/EVENT_829/BLUE_ARCHIVE_EVENT_829_CONTEXTUALIZATION_CHECKPOINT.md,REF:CYCLE008_ACCEPTED,REF:CYCLE008_SCOPE,unresolved,,REF:CYCLE008_LIMITS,CORE,REF:EVENT:BA:event:829:014,1,63,6
BA:event:829:015,event,MANDATORY_COMPLETE_REVIEW,02_CANONICAL_STORIES/EVENT/EVENT_829/EPISODE_015_10027125.md,836b095918fd2dd87aaad9f061cd091e5817c1861772e6b4aa2ce826cb403484,ADMITTED,series/blue-archive/02 Sequential Readings/EVENTS/EVENT_829/BLUE_ARCHIVE_EVENT_829_CONTEXTUALIZATION_CHECKPOINT.md,REF:CYCLE008_ACCEPTED,REF:CYCLE008_SCOPE,unresolved,,REF:CYCLE008_LIMITS,CORE,REF:EVENT:BA:event:829:015,1,79,5
BA:event:830:001,event,MANDATORY_COMPLETE_REVIEW,02_CANONICAL_STORIES/EVENT/EVENT_830/EPISODE_001_10028005.md,a9a71f983a6f415e7c8f08b8330801050aa64502d26b19518bb82e18802c75e9,ADMITTED,series/blue-archive/02 Sequential Readings/EVENTS/EVENT_830/BLUE_ARCHIVE_EVENT_830_CONTEXTUALIZATION_CHECKPOINT.md,REF:CYCLE008_ACCEPTED,REF:CYCLE008_SCOPE,unresolved,,REF:CYCLE008_LIMITS,CORE,REF:EVENT:BA:event:830:001,1,21,0
BA:event:830:002,event,MANDATORY_COMPLETE_REVIEW,02_CANONICAL_STORIES/EVENT/EVENT_830/EPISODE_002_10028010.md,df44badf98af9feeb1d0c0ba4572c906827c25f35c0984469336973c7622c6f9,ADMITTED,series/blue-archive/02 Sequential Readings/EVENTS/EVENT_830/BLUE_ARCHIVE_EVENT_830_CONTEXTUALIZATION_CHECKPOINT.md,REF:CYCLE008_ACCEPTED,REF:CYCLE008_SCOPE,unresolved,,REF:CYCLE008_LIMITS,CORE,REF:EVENT:BA:event:830:002,1,107,2
BA:event:830:003,event,MANDATORY_COMPLETE_REVIEW,02_CANONICAL_STORIES/EVENT/EVENT_830/EPISODE_003_10028020.md,a5bad2568280643de19e0b3b2753049eda407f1107c1c05d05194277fa19d21c,ADMITTED,series/blue-archive/02 Sequential Readings/EVENTS/EVENT_830/BLUE_ARCHIVE_EVENT_830_CONTEXTUALIZATION_CHECKPOINT.md,REF:CYCLE008_ACCEPTED,REF:CYCLE008_SCOPE,unresolved,,REF:CYCLE008_LIMITS,CORE,REF:EVENT:BA:event:830:003,1,57,3
BA:event:830:004,event,MANDATORY_COMPLETE_REVIEW,02_CANONICAL_STORIES/EVENT/EVENT_830/EPISODE_004_10028025.md,eadce570027ee8c0b1efe6fdd2e81d1d209eab8545db9d517462cb35e5c19b33,ADMITTED,series/blue-archive/02 Sequential Readings/EVENTS/EVENT_830/BLUE_ARCHIVE_EVENT_830_CONTEXTUALIZATION_CHECKPOINT.md,REF:CYCLE008_ACCEPTED,REF:CYCLE008_SCOPE,unresolved,,REF:CYCLE008_LIMITS,CORE,REF:EVENT:BA:event:830:004,1,59,5
BA:event:830:005,event,MANDATORY_COMPLETE_REVIEW,02_CANONICAL_STORIES/EVENT/EVENT_830/EPISODE_005_10028030.md,b09c4cb492c2d6145b471e29d1282d8f48d11569efba7ba4b1aaca47e1a11f12,ADMITTED,series/blue-archive/02 Sequential Readings/EVENTS/EVENT_830/BLUE_ARCHIVE_EVENT_830_CONTEXTUALIZATION_CHECKPOINT.md,REF:CYCLE008_ACCEPTED,REF:CYCLE008_SCOPE,unresolved,,REF:CYCLE008_LIMITS,CORE,REF:EVENT:BA:event:830:005,1,91,5
BA:event:830:006,event,MANDATORY_COMPLETE_REVIEW,02_CANONICAL_STORIES/EVENT/EVENT_830/EPISODE_006_10028035.md,20a74ba66a13e4f73660852b78c4cb0025f95b62c506c2c290c99717083fda90,ADMITTED,series/blue-archive/02 Sequential Readings/EVENTS/EVENT_830/BLUE_ARCHIVE_EVENT_830_CONTEXTUALIZATION_CHECKPOINT.md,REF:CYCLE008_ACCEPTED,REF:CYCLE008_SCOPE,unresolved,,REF:CYCLE008_LIMITS,CORE,REF:EVENT:BA:event:830:006,1,45,2
BA:event:830:007,event,MANDATORY_COMPLETE_REVIEW,02_CANONICAL_STORIES/EVENT/EVENT_830/EPISODE_007_10028040.md,7b86fb078b0670ed04ddcf32867c7dfe6ce77816053e00c740f97f5afdaaea16,ADMITTED,series/blue-archive/02 Sequential Readings/EVENTS/EVENT_830/BLUE_ARCHIVE_EVENT_830_CONTEXTUALIZATION_CHECKPOINT.md,REF:CYCLE008_ACCEPTED,REF:CYCLE008_SCOPE,unresolved,,REF:CYCLE008_LIMITS,CORE,REF:EVENT:BA:event:830:007,1,115,2
BA:event:830:008,event,MANDATORY_COMPLETE_REVIEW,02_CANONICAL_STORIES/EVENT/EVENT_830/EPISODE_008_10028045.md,1a562b3f3e247604bfc3020444b2a6501f8465363657e79632c9c64cb7b401e6,ADMITTED,series/blue-archive/02 Sequential Readings/EVENTS/EVENT_830/BLUE_ARCHIVE_EVENT_830_CONTEXTUALIZATION_CHECKPOINT.md,REF:CYCLE008_ACCEPTED,REF:CYCLE008_SCOPE,unresolved,,REF:CYCLE008_LIMITS,CORE,REF:EVENT:BA:event:830:008,1,111,5
BA:event:830:009,event,MANDATORY_COMPLETE_REVIEW,02_CANONICAL_STORIES/EVENT/EVENT_830/EPISODE_009_10028050.md,c43988b9f90aff09e0cb77966dfe4291bbc3b1fff1c74cf3a0c5844a6b821e7e,ADMITTED,series/blue-archive/02 Sequential Readings/EVENTS/EVENT_830/BLUE_ARCHIVE_EVENT_830_CONTEXTUALIZATION_CHECKPOINT.md,REF:CYCLE008_ACCEPTED,REF:CYCLE008_SCOPE,unresolved,,REF:CYCLE008_LIMITS,CORE,REF:EVENT:BA:event:830:009,1,76,1
BA:event:830:010,event,MANDATORY_COMPLETE_REVIEW,02_CANONICAL_STORIES/EVENT/EVENT_830/EPISODE_010_10028060.md,160a77b7ef8c7b9f0c3a744b9a8180e2bc6933d4ff83167673e10294693379c8,ADMITTED,series/blue-archive/02 Sequential Readings/EVENTS/EVENT_830/BLUE_ARCHIVE_EVENT_830_CONTEXTUALIZATION_CHECKPOINT.md,REF:CYCLE008_ACCEPTED,REF:CYCLE008_SCOPE,unresolved,,REF:CYCLE008_LIMITS,CORE,REF:EVENT:BA:event:830:010,1,111,8
BA:event:830:011,event,MANDATORY_COMPLETE_REVIEW,02_CANONICAL_STORIES/EVENT/EVENT_830/EPISODE_011_10028070.md,86de7111c02d245725357e97934e7869cdb7b4424611f8cf28a79847dd4dac90,ADMITTED,series/blue-archive/02 Sequential Readings/EVENTS/EVENT_830/BLUE_ARCHIVE_EVENT_830_CONTEXTUALIZATION_CHECKPOINT.md,REF:CYCLE008_ACCEPTED,REF:CYCLE008_SCOPE,unresolved,,REF:CYCLE008_LIMITS,CORE,REF:EVENT:BA:event:830:011,2,43,3
BA:event:830:012,event,MANDATORY_COMPLETE_REVIEW,02_CANONICAL_STORIES/EVENT/EVENT_830/EPISODE_012_10028080.md,2c2b14fc7d7d41a81e1babeab89bdfe1b2f5a2ff23b0402119dff27b583ee25f,ADMITTED,series/blue-archive/02 Sequential Readings/EVENTS/EVENT_830/BLUE_ARCHIVE_EVENT_830_CONTEXTUALIZATION_CHECKPOINT.md,REF:CYCLE008_ACCEPTED,REF:CYCLE008_SCOPE,unresolved,,REF:CYCLE008_LIMITS,CORE,REF:EVENT:BA:event:830:012,1,22,0
BA:event:831:001,event,MANDATORY_COMPLETE_REVIEW,02_CANONICAL_STORIES/EVENT/EVENT_831/EPISODE_001_10029005.md,bb33f4905388d6383658c27b19a0901c9cc0192fd69dafb92b047db5db9ab0ed,ADMITTED,series/blue-archive/02 Sequential Readings/EVENTS/EVENT_831/BLUE_ARCHIVE_EVENT_831_CONTEXTUALIZATION_CHECKPOINT.md,REF:CYCLE008_ACCEPTED,REF:CYCLE008_SCOPE,unresolved,,REF:CYCLE008_LIMITS,HIGH,REF:EVENT:BA:event:831:001,1,12,1
BA:event:831:002,event,MANDATORY_COMPLETE_REVIEW,02_CANONICAL_STORIES/EVENT/EVENT_831/EPISODE_002_10029010.md,4a048118410c347685c63e4ad13fe43570d6c42df37bd9264ceb3e2bc30bbaf7,ADMITTED,series/blue-archive/02 Sequential Readings/EVENTS/EVENT_831/BLUE_ARCHIVE_EVENT_831_CONTEXTUALIZATION_CHECKPOINT.md,REF:CYCLE008_ACCEPTED,REF:CYCLE008_SCOPE,unresolved,,REF:CYCLE008_LIMITS,CORE,REF:EVENT:BA:event:831:002,1,128,10
BA:event:831:003,event,MANDATORY_COMPLETE_REVIEW,02_CANONICAL_STORIES/EVENT/EVENT_831/EPISODE_003_10029020.md,7d7feacd49b57d07bf647ce69901b83383a7aa55fc4fe965c2163191f0fb86df,ADMITTED,series/blue-archive/02 Sequential Readings/EVENTS/EVENT_831/BLUE_ARCHIVE_EVENT_831_CONTEXTUALIZATION_CHECKPOINT.md,REF:CYCLE008_ACCEPTED,REF:CYCLE008_SCOPE,unresolved,,REF:CYCLE008_LIMITS,CORE,REF:EVENT:BA:event:831:003,1,72,3
BA:event:831:004,event,MANDATORY_COMPLETE_REVIEW,02_CANONICAL_STORIES/EVENT/EVENT_831/EPISODE_004_10029025.md,bd2b619c0056a494aafe4740687a6f17faeafd2b737363621640acf4166a2b9c,ADMITTED,series/blue-archive/02 Sequential Readings/EVENTS/EVENT_831/BLUE_ARCHIVE_EVENT_831_CONTEXTUALIZATION_CHECKPOINT.md,REF:CYCLE008_ACCEPTED,REF:CYCLE008_SCOPE,unresolved,,REF:CYCLE008_LIMITS,CORE,REF:EVENT:BA:event:831:004,1,43,4
BA:event:831:005,event,MANDATORY_COMPLETE_REVIEW,02_CANONICAL_STORIES/EVENT/EVENT_831/EPISODE_005_10029030.md,af09eb27d1e3311bc724e7c93aa2db40805e39ac42c4e8b03ce7670e58d0ea2f,ADMITTED,series/blue-archive/02 Sequential Readings/EVENTS/EVENT_831/BLUE_ARCHIVE_EVENT_831_CONTEXTUALIZATION_CHECKPOINT.md,REF:CYCLE008_ACCEPTED,REF:CYCLE008_SCOPE,unresolved,,REF:CYCLE008_LIMITS,CORE,REF:EVENT:BA:event:831:005,1,109,6
BA:event:831:006,event,MANDATORY_COMPLETE_REVIEW,02_CANONICAL_STORIES/EVENT/EVENT_831/EPISODE_006_10029040.md,0f7ee8ca1e911219e0903ffba34b65e091ac2e46b7acdeac52dd1a0b6c1b3beb,ADMITTED,series/blue-archive/02 Sequential Readings/EVENTS/EVENT_831/BLUE_ARCHIVE_EVENT_831_CONTEXTUALIZATION_CHECKPOINT.md,REF:CYCLE008_ACCEPTED,REF:CYCLE008_SCOPE,unresolved,,REF:CYCLE008_LIMITS,CORE,REF:EVENT:BA:event:831:006,1,67,3
BA:event:831:007,event,MANDATORY_COMPLETE_REVIEW,02_CANONICAL_STORIES/EVENT/EVENT_831/EPISODE_007_10029050.md,8353de05a3511f9a87a9cd8929ea52c4cba779c339247748759b2b1567897e28,ADMITTED,series/blue-archive/02 Sequential Readings/EVENTS/EVENT_831/BLUE_ARCHIVE_EVENT_831_CONTEXTUALIZATION_CHECKPOINT.md,REF:CYCLE008_ACCEPTED,REF:CYCLE008_SCOPE,unresolved,,REF:CYCLE008_LIMITS,HIGH,REF:EVENT:BA:event:831:007,1,26,2
BA:event:831:008,event,MANDATORY_COMPLETE_REVIEW,02_CANONICAL_STORIES/EVENT/EVENT_831/EPISODE_008_10029055.md,bfae47ff0d9745183e620c2093b9c06fa575c3646c85cf11e3fd63c0f39ef3b8,ADMITTED,series/blue-archive/02 Sequential Readings/EVENTS/EVENT_831/BLUE_ARCHIVE_EVENT_831_CONTEXTUALIZATION_CHECKPOINT.md,REF:CYCLE008_ACCEPTED,REF:CYCLE008_SCOPE,unresolved,,REF:CYCLE008_LIMITS,CORE,REF:EVENT:BA:event:831:008,1,101,1
BA:event:831:009,event,MANDATORY_COMPLETE_REVIEW,02_CANONICAL_STORIES/EVENT/EVENT_831/EPISODE_009_10029060.md,c4f9e3973c6514f4e91527aa2145a876f45c5ed768d654d8f99d51a7ee6e3aaf,ADMITTED,series/blue-archive/02 Sequential Readings/EVENTS/EVENT_831/BLUE_ARCHIVE_EVENT_831_CONTEXTUALIZATION_CHECKPOINT.md,REF:CYCLE008_ACCEPTED,REF:CYCLE008_SCOPE,unresolved,,REF:CYCLE008_LIMITS,CORE,REF:EVENT:BA:event:831:009,1,71,2
BA:event:831:010,event,MANDATORY_COMPLETE_REVIEW,02_CANONICAL_STORIES/EVENT/EVENT_831/EPISODE_010_10029065.md,d9ad2291e7c8a34b55426c7895c5458f5840ec202bcbf539e98fb1b22f5ca849,ADMITTED,series/blue-archive/02 Sequential Readings/EVENTS/EVENT_831/BLUE_ARCHIVE_EVENT_831_CONTEXTUALIZATION_CHECKPOINT.md,REF:CYCLE008_ACCEPTED,REF:CYCLE008_SCOPE,unresolved,,REF:CYCLE008_LIMITS,CORE,REF:EVENT:BA:event:831:010,1,55,3
BA:event:831:011,event,MANDATORY_COMPLETE_REVIEW,02_CANONICAL_STORIES/EVENT/EVENT_831/EPISODE_011_10029075.md,cf8fe5e1a14c1b8ac37c5d0f946fcdf783ab46228c0d385beae27c676595b99c,ADMITTED,series/blue-archive/02 Sequential Readings/EVENTS/EVENT_831/BLUE_ARCHIVE_EVENT_831_CONTEXTUALIZATION_CHECKPOINT.md,REF:CYCLE008_ACCEPTED,REF:CYCLE008_SCOPE,unresolved,,REF:CYCLE008_LIMITS,CORE,REF:EVENT:BA:event:831:011,1,60,4
BA:event:831:012,event,MANDATORY_COMPLETE_REVIEW,02_CANONICAL_STORIES/EVENT/EVENT_831/EPISODE_012_10029085.md,05becbc06fd2d78252aed1282eb64d65063912e776d6a72ff84abddfbf8e66c3,ADMITTED,series/blue-archive/02 Sequential Readings/EVENTS/EVENT_831/BLUE_ARCHIVE_EVENT_831_CONTEXTUALIZATION_CHECKPOINT.md,REF:CYCLE008_ACCEPTED,REF:CYCLE008_SCOPE,unresolved,,REF:CYCLE008_LIMITS,CORE,REF:EVENT:BA:event:831:012,1,105,7
BA:event:832:001,event,MANDATORY_COMPLETE_REVIEW,02_CANONICAL_STORIES/EVENT/EVENT_832/EPISODE_001_10030005.md,8eb63846d21bcaef477acf8f0decbfd591db85c91119025cdf1f95287cbe74ec,ADMITTED,series/blue-archive/02 Sequential Readings/EVENTS/EVENT_832/BLUE_ARCHIVE_EVENT_832_CONTEXTUALIZATION_CHECKPOINT.md,REF:CYCLE008_ACCEPTED,REF:CYCLE008_SCOPE,unresolved,,REF:CYCLE008_LIMITS,CORE,REF:EVENT:BA:event:832:001,1,69,0
BA:event:832:002,event,MANDATORY_COMPLETE_REVIEW,02_CANONICAL_STORIES/EVENT/EVENT_832/EPISODE_002_10030010.md,1eec1daa116a1755ee5a2dea05af7c2a768c130a61ab38106508d63568805c3c,ADMITTED,series/blue-archive/02 Sequential Readings/EVENTS/EVENT_832/BLUE_ARCHIVE_EVENT_832_CONTEXTUALIZATION_CHECKPOINT.md,REF:CYCLE008_ACCEPTED,REF:CYCLE008_SCOPE,unresolved,,REF:CYCLE008_LIMITS,CORE,REF:EVENT:BA:event:832:002,1,84,4
BA:event:832:003,event,MANDATORY_COMPLETE_REVIEW,02_CANONICAL_STORIES/EVENT/EVENT_832/EPISODE_003_10030020.md,e7fd7ac83900ddd20230ea947f5a100670cf703ed7d48ffc7fc1ecc912b32c16,ADMITTED,series/blue-archive/02 Sequential Readings/EVENTS/EVENT_832/BLUE_ARCHIVE_EVENT_832_CONTEXTUALIZATION_CHECKPOINT.md,REF:CYCLE008_ACCEPTED,REF:CYCLE008_SCOPE,unresolved,,REF:CYCLE008_LIMITS,CORE,REF:EVENT:BA:event:832:003,1,75,5
BA:event:832:004,event,MANDATORY_COMPLETE_REVIEW,02_CANONICAL_STORIES/EVENT/EVENT_832/EPISODE_004_10030030.md,d19553bd7485668feac214119a74061b586807b13595b1818576b89c001e0190,ADMITTED,series/blue-archive/02 Sequential Readings/EVENTS/EVENT_832/BLUE_ARCHIVE_EVENT_832_CONTEXTUALIZATION_CHECKPOINT.md,REF:CYCLE008_ACCEPTED,REF:CYCLE008_SCOPE,unresolved,,REF:CYCLE008_LIMITS,CORE,REF:EVENT:BA:event:832:004,1,96,11
BA:event:832:005,event,MANDATORY_COMPLETE_REVIEW,02_CANONICAL_STORIES/EVENT/EVENT_832/EPISODE_005_10030040.md,6ef540bf8c749c57f6d2f472458473fd04b7ee117a66963b3565823d95c4534f,ADMITTED,series/blue-archive/02 Sequential Readings/EVENTS/EVENT_832/BLUE_ARCHIVE_EVENT_832_CONTEXTUALIZATION_CHECKPOINT.md,REF:CYCLE008_ACCEPTED,REF:CYCLE008_SCOPE,unresolved,,REF:CYCLE008_LIMITS,CORE,REF:EVENT:BA:event:832:005,1,106,2
BA:event:832:006,event,MANDATORY_COMPLETE_REVIEW,02_CANONICAL_STORIES/EVENT/EVENT_832/EPISODE_006_10030050.md,effada769c5918ef53fed6ce4dcdf483fecaa2153e35fe219411fa530a0c0a61,ADMITTED,series/blue-archive/02 Sequential Readings/EVENTS/EVENT_832/BLUE_ARCHIVE_EVENT_832_CONTEXTUALIZATION_CHECKPOINT.md,REF:CYCLE008_ACCEPTED,REF:CYCLE008_SCOPE,unresolved,,REF:CYCLE008_LIMITS,CORE,REF:EVENT:BA:event:832:006,1,97,2
BA:event:832:007,event,MANDATORY_COMPLETE_REVIEW,02_CANONICAL_STORIES/EVENT/EVENT_832/EPISODE_007_10030060.md,26e86db0b93c04128e1fe7d63a9335f793349ddeeaa8fde0f42b51b12e40c1ab,ADMITTED,series/blue-archive/02 Sequential Readings/EVENTS/EVENT_832/BLUE_ARCHIVE_EVENT_832_CONTEXTUALIZATION_CHECKPOINT.md,REF:CYCLE008_ACCEPTED,REF:CYCLE008_SCOPE,unresolved,,REF:CYCLE008_LIMITS,CORE,REF:EVENT:BA:event:832:007,1,107,12
BA:event:832:008,event,MANDATORY_COMPLETE_REVIEW,02_CANONICAL_STORIES/EVENT/EVENT_832/EPISODE_008_10030070.md,e08d9eadacbe60a46c3c1c0a59004172b45e5d5899a4fc34bc5d66533161ba92,ADMITTED,series/blue-archive/02 Sequential Readings/EVENTS/EVENT_832/BLUE_ARCHIVE_EVENT_832_CONTEXTUALIZATION_CHECKPOINT.md,REF:CYCLE008_ACCEPTED,REF:CYCLE008_SCOPE,unresolved,,REF:CYCLE008_LIMITS,CORE,REF:EVENT:BA:event:832:008,1,116,3
BA:event:832:009,event,MANDATORY_COMPLETE_REVIEW,02_CANONICAL_STORIES/EVENT/EVENT_832/EPISODE_009_10030075.md,1fe5e5aacf60c3449667d9e60b4eb629ff8d8a285dbf51d1105c5ba9b74b5b8a,ADMITTED,series/blue-archive/02 Sequential Readings/EVENTS/EVENT_832/BLUE_ARCHIVE_EVENT_832_CONTEXTUALIZATION_CHECKPOINT.md,REF:CYCLE008_ACCEPTED,REF:CYCLE008_SCOPE,unresolved,,REF:CYCLE008_LIMITS,CORE,REF:EVENT:BA:event:832:009,1,30,3
BA:event:832:010,event,MANDATORY_COMPLETE_REVIEW,02_CANONICAL_STORIES/EVENT/EVENT_832/EPISODE_010_10030080.md,62bf307f616c6ab932dda93b968d089574161394bb1ad16c57cab441d0140803,ADMITTED,series/blue-archive/02 Sequential Readings/EVENTS/EVENT_832/BLUE_ARCHIVE_EVENT_832_CONTEXTUALIZATION_CHECKPOINT.md,REF:CYCLE008_ACCEPTED,REF:CYCLE008_SCOPE,unresolved,,REF:CYCLE008_LIMITS,CORE,REF:EVENT:BA:event:832:010,2,52,0
BA:event:833:001,event,MANDATORY_COMPLETE_REVIEW,02_CANONICAL_STORIES/EVENT/EVENT_833/EPISODE_001_10031005.md,ed77de19b35737284ecc0d4cd19053b982f31dd3eb3d581f39042750c513a036,ADMITTED,series/blue-archive/02 Sequential Readings/EVENTS/EVENT_833/BLUE_ARCHIVE_EVENT_833_CONTEXTUALIZATION_CHECKPOINT.md,REF:CYCLE008_ACCEPTED,REF:CYCLE008_SCOPE,unresolved,,REF:CYCLE008_LIMITS,CORE,REF:EVENT:BA:event:833:001,2,120,8
BA:event:833:002,event,MANDATORY_COMPLETE_REVIEW,02_CANONICAL_STORIES/EVENT/EVENT_833/EPISODE_002_10031010.md,eea825e26c3ce569e863c875fe124b09f7967327d895c67115b4a20d6b1cf6bf,ADMITTED,series/blue-archive/02 Sequential Readings/EVENTS/EVENT_833/BLUE_ARCHIVE_EVENT_833_CONTEXTUALIZATION_CHECKPOINT.md,REF:CYCLE008_ACCEPTED,REF:CYCLE008_SCOPE,unresolved,,REF:CYCLE008_LIMITS,CORE,REF:EVENT:BA:event:833:002,1,43,4
BA:event:833:003,event,MANDATORY_COMPLETE_REVIEW,02_CANONICAL_STORIES/EVENT/EVENT_833/EPISODE_003_10031020.md,fe398a1597ac4d4b6f6b4bf3ef88a41c5928b8a6995097f638a3196e63b6ff79,ADMITTED,series/blue-archive/02 Sequential Readings/EVENTS/EVENT_833/BLUE_ARCHIVE_EVENT_833_CONTEXTUALIZATION_CHECKPOINT.md,REF:CYCLE008_ACCEPTED,REF:CYCLE008_SCOPE,unresolved,,REF:CYCLE008_LIMITS,CORE,REF:EVENT:BA:event:833:003,1,100,17
BA:event:833:004,event,MANDATORY_COMPLETE_REVIEW,02_CANONICAL_STORIES/EVENT/EVENT_833/EPISODE_004_10031030.md,09d0780c155a698b117f15909a92955436559fa948eb74163ebcdb7b48c2559a,ADMITTED,series/blue-archive/02 Sequential Readings/EVENTS/EVENT_833/BLUE_ARCHIVE_EVENT_833_CONTEXTUALIZATION_CHECKPOINT.md,REF:CYCLE008_ACCEPTED,REF:CYCLE008_SCOPE,unresolved,,REF:CYCLE008_LIMITS,CORE,REF:EVENT:BA:event:833:004,1,91,7
BA:event:833:005,event,MANDATORY_COMPLETE_REVIEW,02_CANONICAL_STORIES/EVENT/EVENT_833/EPISODE_005_10031040.md,5e49f39e79562810f765e49ec47d7c2a8f80c04ea3383875261a6c0b81683825,ADMITTED,series/blue-archive/02 Sequential Readings/EVENTS/EVENT_833/BLUE_ARCHIVE_EVENT_833_CONTEXTUALIZATION_CHECKPOINT.md,REF:CYCLE008_ACCEPTED,REF:CYCLE008_SCOPE,unresolved,,REF:CYCLE008_LIMITS,CORE,REF:EVENT:BA:event:833:005,1,62,9
BA:event:833:006,event,MANDATORY_COMPLETE_REVIEW,02_CANONICAL_STORIES/EVENT/EVENT_833/EPISODE_006_10031050.md,763561fe479d18ed26062872eab21ce65d7cd0a79492465258932022987bc99b,ADMITTED,series/blue-archive/02 Sequential Readings/EVENTS/EVENT_833/BLUE_ARCHIVE_EVENT_833_CONTEXTUALIZATION_CHECKPOINT.md,REF:CYCLE008_ACCEPTED,REF:CYCLE008_SCOPE,unresolved,,REF:CYCLE008_LIMITS,CORE,REF:EVENT:BA:event:833:006,1,74,12
BA:event:833:007,event,MANDATORY_COMPLETE_REVIEW,02_CANONICAL_STORIES/EVENT/EVENT_833/EPISODE_007_10031060.md,8f35fa4b94cdc57de87734f1e1554caac858dd173093bd23aa828b716c1d0de7,ADMITTED,series/blue-archive/02 Sequential Readings/EVENTS/EVENT_833/BLUE_ARCHIVE_EVENT_833_CONTEXTUALIZATION_CHECKPOINT.md,REF:CYCLE008_ACCEPTED,REF:CYCLE008_SCOPE,unresolved,,REF:CYCLE008_LIMITS,CORE,REF:EVENT:BA:event:833:007,2,88,7
BA:event:833:008,event,MANDATORY_COMPLETE_REVIEW,02_CANONICAL_STORIES/EVENT/EVENT_833/EPISODE_008_10031070.md,8b32f1dcee415d982f3a0c06569d73e2ced9d021177e86e8a68dedc102902295,ADMITTED,series/blue-archive/02 Sequential Readings/EVENTS/EVENT_833/BLUE_ARCHIVE_EVENT_833_CONTEXTUALIZATION_CHECKPOINT.md,REF:CYCLE008_ACCEPTED,REF:CYCLE008_SCOPE,unresolved,,REF:CYCLE008_LIMITS,CORE,REF:EVENT:BA:event:833:008,2,160,17
BA:event:833:009,event,MANDATORY_COMPLETE_REVIEW,02_CANONICAL_STORIES/EVENT/EVENT_833/EPISODE_009_10031080.md,b56e217360381342a40aedf9fd37784bde4ddd5e4c9e249b3d030681f8c8a4dc,ADMITTED,series/blue-archive/02 Sequential Readings/EVENTS/EVENT_833/BLUE_ARCHIVE_EVENT_833_CONTEXTUALIZATION_CHECKPOINT.md,REF:CYCLE008_ACCEPTED,REF:CYCLE008_SCOPE,unresolved,,REF:CYCLE008_LIMITS,CORE,REF:EVENT:BA:event:833:009,1,53,7
BA:event:833:010,event,MANDATORY_COMPLETE_REVIEW,02_CANONICAL_STORIES/EVENT/EVENT_833/EPISODE_010_10031081.md,2d42907601058045c3a1cda153f4e6280b8edbaed2e94d67302b90a14d523e31,ADMITTED,series/blue-archive/02 Sequential Readings/EVENTS/EVENT_833/BLUE_ARCHIVE_EVENT_833_CONTEXTUALIZATION_CHECKPOINT.md,REF:CYCLE008_ACCEPTED,REF:CYCLE008_SCOPE,unresolved,,REF:CYCLE008_LIMITS,SUPPORTING,REF:EVENT:BA:event:833:010,1,1,0
BA:event:834:001,event,MANDATORY_COMPLETE_REVIEW,02_CANONICAL_STORIES/EVENT/EVENT_834/EPISODE_001_10032005.md,d9c45d5911a563d3d68a4bfbd2b959fd812e4e5e539f00f3b0d425bee765dbfa,ADMITTED,series/blue-archive/02 Sequential Readings/EVENTS/EVENT_834/BLUE_ARCHIVE_EVENT_834_CONTEXTUALIZATION_CHECKPOINT.md,REF:CYCLE008_ACCEPTED,REF:CYCLE008_SCOPE,unresolved,,REF:CYCLE008_LIMITS,CORE,REF:EVENT:BA:event:834:001,1,42,0
BA:event:834:002,event,MANDATORY_COMPLETE_REVIEW,02_CANONICAL_STORIES/EVENT/EVENT_834/EPISODE_002_10032010.md,ddbc746d78ef8ee85b3ec894373cb9f96d9fb7ff3ac87cda05fd46b353906587,ADMITTED,series/blue-archive/02 Sequential Readings/EVENTS/EVENT_834/BLUE_ARCHIVE_EVENT_834_CONTEXTUALIZATION_CHECKPOINT.md,REF:CYCLE008_ACCEPTED,REF:CYCLE008_SCOPE,unresolved,,REF:CYCLE008_LIMITS,CORE,REF:EVENT:BA:event:834:002,1,106,7
BA:event:834:003,event,MANDATORY_COMPLETE_REVIEW,02_CANONICAL_STORIES/EVENT/EVENT_834/EPISODE_003_10032015.md,3ca302cc1082195ee2baeef0fe46dd0f19091daea59aa42e7a0a5f92cfcf7032,ADMITTED,series/blue-archive/02 Sequential Readings/EVENTS/EVENT_834/BLUE_ARCHIVE_EVENT_834_CONTEXTUALIZATION_CHECKPOINT.md,REF:CYCLE008_ACCEPTED,REF:CYCLE008_SCOPE,unresolved,,REF:CYCLE008_LIMITS,CORE,REF:EVENT:BA:event:834:003,1,28,2
BA:event:834:004,event,MANDATORY_COMPLETE_REVIEW,02_CANONICAL_STORIES/EVENT/EVENT_834/EPISODE_004_10032020.md,33195f337947268ad0d532b28212aabedd944d391554442ab6953f3acda9da2e,ADMITTED,series/blue-archive/02 Sequential Readings/EVENTS/EVENT_834/BLUE_ARCHIVE_EVENT_834_CONTEXTUALIZATION_CHECKPOINT.md,REF:CYCLE008_ACCEPTED,REF:CYCLE008_SCOPE,unresolved,,REF:CYCLE008_LIMITS,CORE,REF:EVENT:BA:event:834:004,1,111,3
BA:event:834:005,event,MANDATORY_COMPLETE_REVIEW,02_CANONICAL_STORIES/EVENT/EVENT_834/EPISODE_005_10032030.md,de94023a1589b79735bc6477ada11c6577d1d349d433ee037706dcf7a58511a0,ADMITTED,series/blue-archive/02 Sequential Readings/EVENTS/EVENT_834/BLUE_ARCHIVE_EVENT_834_CONTEXTUALIZATION_CHECKPOINT.md,REF:CYCLE008_ACCEPTED,REF:CYCLE008_SCOPE,unresolved,,REF:CYCLE008_LIMITS,CORE,REF:EVENT:BA:event:834:005,1,80,2
BA:event:834:006,event,MANDATORY_COMPLETE_REVIEW,02_CANONICAL_STORIES/EVENT/EVENT_834/EPISODE_006_10032035.md,1ac56d37aebb6181ed1e56c45410059a6f212d28e89c9324c83c27ed894a0ac4,ADMITTED,series/blue-archive/02 Sequential Readings/EVENTS/EVENT_834/BLUE_ARCHIVE_EVENT_834_CONTEXTUALIZATION_CHECKPOINT.md,REF:CYCLE008_ACCEPTED,REF:CYCLE008_SCOPE,unresolved,,REF:CYCLE008_LIMITS,CORE,REF:EVENT:BA:event:834:006,1,40,2
BA:event:834:007,event,MANDATORY_COMPLETE_REVIEW,02_CANONICAL_STORIES/EVENT/EVENT_834/EPISODE_007_10032040.md,7eae2f8abd924a794f6d52fd43017c4772189d571a808b9290f2f8caaf855534,ADMITTED,series/blue-archive/02 Sequential Readings/EVENTS/EVENT_834/BLUE_ARCHIVE_EVENT_834_CONTEXTUALIZATION_CHECKPOINT.md,REF:CYCLE008_ACCEPTED,REF:CYCLE008_SCOPE,unresolved,,REF:CYCLE008_LIMITS,CORE,REF:EVENT:BA:event:834:007,1,79,4
BA:event:834:008,event,MANDATORY_COMPLETE_REVIEW,02_CANONICAL_STORIES/EVENT/EVENT_834/EPISODE_008_10032045.md,92094fb8dda91bc1b3363c13e45a88ebd08beacc28c5b6f4354157b500979400,ADMITTED,series/blue-archive/02 Sequential Readings/EVENTS/EVENT_834/BLUE_ARCHIVE_EVENT_834_CONTEXTUALIZATION_CHECKPOINT.md,REF:CYCLE008_ACCEPTED,REF:CYCLE008_SCOPE,unresolved,,REF:CYCLE008_LIMITS,CORE,REF:EVENT:BA:event:834:008,1,39,1
BA:event:834:009,event,MANDATORY_COMPLETE_REVIEW,02_CANONICAL_STORIES/EVENT/EVENT_834/EPISODE_009_10032050.md,5c3abfc3c3dacf3265cf2c27eff1408e8f2b85854d72b260fd6d4fccdd82d2fc,ADMITTED,series/blue-archive/02 Sequential Readings/EVENTS/EVENT_834/BLUE_ARCHIVE_EVENT_834_CONTEXTUALIZATION_CHECKPOINT.md,REF:CYCLE008_ACCEPTED,REF:CYCLE008_SCOPE,unresolved,,REF:CYCLE008_LIMITS,CORE,REF:EVENT:BA:event:834:009,1,89,2
BA:event:834:010,event,MANDATORY_COMPLETE_REVIEW,02_CANONICAL_STORIES/EVENT/EVENT_834/EPISODE_010_10032055.md,821359ff852fd852364466873fa9f580b0cbb3e89e6042dac54be49a4d070220,ADMITTED,series/blue-archive/02 Sequential Readings/EVENTS/EVENT_834/BLUE_ARCHIVE_EVENT_834_CONTEXTUALIZATION_CHECKPOINT.md,REF:CYCLE008_ACCEPTED,REF:CYCLE008_SCOPE,unresolved,,REF:CYCLE008_LIMITS,CORE,REF:EVENT:BA:event:834:010,1,33,0
BA:event:834:011,event,MANDATORY_COMPLETE_REVIEW,02_CANONICAL_STORIES/EVENT/EVENT_834/EPISODE_011_10032060.md,f9b298eb726d16e11d8ac625c3e6913c4c4669d66d71d9635b1bf23c2f3b4766,ADMITTED,series/blue-archive/02 Sequential Readings/EVENTS/EVENT_834/BLUE_ARCHIVE_EVENT_834_CONTEXTUALIZATION_CHECKPOINT.md,REF:CYCLE008_ACCEPTED,REF:CYCLE008_SCOPE,unresolved,,REF:CYCLE008_LIMITS,CORE,REF:EVENT:BA:event:834:011,1,43,3
BA:event:834:012,event,MANDATORY_COMPLETE_REVIEW,02_CANONICAL_STORIES/EVENT/EVENT_834/EPISODE_012_10032065.md,ef52af5618eef065b8d10658ade95e40ea08e8d1c43faae0240465c81406b641,ADMITTED,series/blue-archive/02 Sequential Readings/EVENTS/EVENT_834/BLUE_ARCHIVE_EVENT_834_CONTEXTUALIZATION_CHECKPOINT.md,REF:CYCLE008_ACCEPTED,REF:CYCLE008_SCOPE,unresolved,,REF:CYCLE008_LIMITS,CORE,REF:EVENT:BA:event:834:012,1,102,5
BA:event:834:013,event,MANDATORY_COMPLETE_REVIEW,02_CANONICAL_STORIES/EVENT/EVENT_834/EPISODE_013_10032070.md,9638b00ac68305ed45572d05bfaa889f51abb6cdbc0c954788df65397539dcbf,ADMITTED,series/blue-archive/02 Sequential Readings/EVENTS/EVENT_834/BLUE_ARCHIVE_EVENT_834_CONTEXTUALIZATION_CHECKPOINT.md,REF:CYCLE008_ACCEPTED,REF:CYCLE008_SCOPE,unresolved,,REF:CYCLE008_LIMITS,CORE,REF:EVENT:BA:event:834:013,1,37,1
BA:event:834:014,event,MANDATORY_COMPLETE_REVIEW,02_CANONICAL_STORIES/EVENT/EVENT_834/EPISODE_014_10032075.md,cc63db957c44f204dcfd2f21dd080b134f0472c629ab6951e8dd718928c72a65,ADMITTED,series/blue-archive/02 Sequential Readings/EVENTS/EVENT_834/BLUE_ARCHIVE_EVENT_834_CONTEXTUALIZATION_CHECKPOINT.md,REF:CYCLE008_ACCEPTED,REF:CYCLE008_SCOPE,unresolved,,REF:CYCLE008_LIMITS,CORE,REF:EVENT:BA:event:834:014,1,77,3
BA:event:834:015,event,MANDATORY_COMPLETE_REVIEW,02_CANONICAL_STORIES/EVENT/EVENT_834/EPISODE_015_10032080.md,d88ff32a5fc059b73bcea03701a2fa9b66273316b4a857b22c5da6c57d6603fb,ADMITTED,series/blue-archive/02 Sequential Readings/EVENTS/EVENT_834/BLUE_ARCHIVE_EVENT_834_CONTEXTUALIZATION_CHECKPOINT.md,REF:CYCLE008_ACCEPTED,REF:CYCLE008_SCOPE,unresolved,,REF:CYCLE008_LIMITS,CORE,REF:EVENT:BA:event:834:015,1,57,3
BA:event:834:094,event,MANDATORY_COMPLETE_REVIEW,02_CANONICAL_STORIES/EVENT/EVENT_834/EPISODE_094_80000094.md,02e057c2cca2f0e86fdc75c3be79d9a961d0331817cbffee10b9c9796b2af3cd,ADMITTED,series/blue-archive/02 Sequential Readings/EVENTS/EVENT_834/BLUE_ARCHIVE_EVENT_834_CONTEXTUALIZATION_CHECKPOINT.md,REF:CYCLE008_ACCEPTED,REF:CYCLE008_SCOPE,unresolved,,REF:CYCLE008_LIMITS,CORE,REF:EVENT:BA:event:834:094,1,43,1
BA:event:834:095,event,MANDATORY_COMPLETE_REVIEW,02_CANONICAL_STORIES/EVENT/EVENT_834/EPISODE_095_80000095.md,0397a659230cb8c90ac26be9a439c8651f7df14c80e6380ea744274c1d98666c,ADMITTED,series/blue-archive/02 Sequential Readings/EVENTS/EVENT_834/BLUE_ARCHIVE_EVENT_834_CONTEXTUALIZATION_CHECKPOINT.md,REF:CYCLE008_ACCEPTED,REF:CYCLE008_SCOPE,unresolved,,REF:CYCLE008_LIMITS,CORE,REF:EVENT:BA:event:834:095,1,38,0
BA:event:834:096,event,MANDATORY_COMPLETE_REVIEW,02_CANONICAL_STORIES/EVENT/EVENT_834/EPISODE_096_80000096.md,415cfb2d6e87869721895edd42bd06d1cfc909d1942388f47e6d4fdc3f4bd00a,ADMITTED,series/blue-archive/02 Sequential Readings/EVENTS/EVENT_834/BLUE_ARCHIVE_EVENT_834_CONTEXTUALIZATION_CHECKPOINT.md,REF:CYCLE008_ACCEPTED,REF:CYCLE008_SCOPE,unresolved,,REF:CYCLE008_LIMITS,CORE,REF:EVENT:BA:event:834:096,1,39,3
BA:event:834:097,event,MANDATORY_COMPLETE_REVIEW,02_CANONICAL_STORIES/EVENT/EVENT_834/EPISODE_097_80000097.md,8ce18365cc8b730e333639b29a0a273d2e24bfbe1f48605fe136943caf520000,ADMITTED,series/blue-archive/02 Sequential Readings/EVENTS/EVENT_834/BLUE_ARCHIVE_EVENT_834_CONTEXTUALIZATION_CHECKPOINT.md,REF:CYCLE008_ACCEPTED,REF:CYCLE008_SCOPE,unresolved,,REF:CYCLE008_LIMITS,CORE,REF:EVENT:BA:event:834:097,1,35,5
BA:event:834:098,event,MANDATORY_COMPLETE_REVIEW,02_CANONICAL_STORIES/EVENT/EVENT_834/EPISODE_098_80000098.md,c94f4430ba1b692a3b529a9f2d5ad3fbbe42fc9031eaeade433733c42841bf38,ADMITTED,series/blue-archive/02 Sequential Readings/EVENTS/EVENT_834/BLUE_ARCHIVE_EVENT_834_CONTEXTUALIZATION_CHECKPOINT.md,REF:CYCLE008_ACCEPTED,REF:CYCLE008_SCOPE,unresolved,,REF:CYCLE008_LIMITS,CORE,REF:EVENT:BA:event:834:098,1,31,2
BA:event:834:099,event,MANDATORY_COMPLETE_REVIEW,02_CANONICAL_STORIES/EVENT/EVENT_834/EPISODE_099_80000099.md,d2fa47e62e8eea616944ce6d00cc226961f141e31f2108b06ab615cdac7c5906,ADMITTED,series/blue-archive/02 Sequential Readings/EVENTS/EVENT_834/BLUE_ARCHIVE_EVENT_834_CONTEXTUALIZATION_CHECKPOINT.md,REF:CYCLE008_ACCEPTED,REF:CYCLE008_SCOPE,unresolved,,REF:CYCLE008_LIMITS,CORE,REF:EVENT:BA:event:834:099,1,40,1
BA:event:834:100,event,MANDATORY_COMPLETE_REVIEW,02_CANONICAL_STORIES/EVENT/EVENT_834/EPISODE_100_80000100.md,be0eca81ff9b187be94502f30396d65b62562f154c9b944d980df49f3fd25287,ADMITTED,series/blue-archive/02 Sequential Readings/EVENTS/EVENT_834/BLUE_ARCHIVE_EVENT_834_CONTEXTUALIZATION_CHECKPOINT.md,REF:CYCLE008_ACCEPTED,REF:CYCLE008_SCOPE,unresolved,,REF:CYCLE008_LIMITS,CORE,REF:EVENT:BA:event:834:100,1,42,8
BA:event:834:101,event,MANDATORY_COMPLETE_REVIEW,02_CANONICAL_STORIES/EVENT/EVENT_834/EPISODE_101_80000101.md,2b26091effb0b638b7d3fcf7c336842aaeaab1ea28b449521fb0a917c66c0cec,ADMITTED,series/blue-archive/02 Sequential Readings/EVENTS/EVENT_834/BLUE_ARCHIVE_EVENT_834_CONTEXTUALIZATION_CHECKPOINT.md,REF:CYCLE008_ACCEPTED,REF:CYCLE008_SCOPE,unresolved,,REF:CYCLE008_LIMITS,CORE,REF:EVENT:BA:event:834:101,1,49,12
BA:event:834:102,event,MANDATORY_COMPLETE_REVIEW,02_CANONICAL_STORIES/EVENT/EVENT_834/EPISODE_102_80000102.md,7061db9d01475c32ff9badb743a7f4fdcfa57970f060a2b2658df795264f9509,ADMITTED,series/blue-archive/02 Sequential Readings/EVENTS/EVENT_834/BLUE_ARCHIVE_EVENT_834_CONTEXTUALIZATION_CHECKPOINT.md,REF:CYCLE008_ACCEPTED,REF:CYCLE008_SCOPE,unresolved,,REF:CYCLE008_LIMITS,CORE,REF:EVENT:BA:event:834:102,1,50,8
BA:event:834:103,event,MANDATORY_COMPLETE_REVIEW,02_CANONICAL_STORIES/EVENT/EVENT_834/EPISODE_103_80000103.md,3a6c6e5c66b6230031541bf618ac546361b78fa74f156842b8f001d6ec9cfdcc,ADMITTED,series/blue-archive/02 Sequential Readings/EVENTS/EVENT_834/BLUE_ARCHIVE_EVENT_834_CONTEXTUALIZATION_CHECKPOINT.md,REF:CYCLE008_ACCEPTED,REF:CYCLE008_SCOPE,unresolved,,REF:CYCLE008_LIMITS,CORE,REF:EVENT:BA:event:834:103,1,43,3
BA:event:834:104,event,MANDATORY_COMPLETE_REVIEW,02_CANONICAL_STORIES/EVENT/EVENT_834/EPISODE_104_80000104.md,912adb2e4b7a1682de8169ca24a24fed4ebbe131f6be94fb554a76ed960e24bf,ADMITTED,series/blue-archive/02 Sequential Readings/EVENTS/EVENT_834/BLUE_ARCHIVE_EVENT_834_CONTEXTUALIZATION_CHECKPOINT.md,REF:CYCLE008_ACCEPTED,REF:CYCLE008_SCOPE,unresolved,,REF:CYCLE008_LIMITS,CORE,REF:EVENT:BA:event:834:104,1,33,4
BA:event:834:105,event,MANDATORY_COMPLETE_REVIEW,02_CANONICAL_STORIES/EVENT/EVENT_834/EPISODE_105_80000105.md,5d953231877639a9ffc96502c937a3a30a27f14d7d50bab21d2534301e87f0a6,ADMITTED,series/blue-archive/02 Sequential Readings/EVENTS/EVENT_834/BLUE_ARCHIVE_EVENT_834_CONTEXTUALIZATION_CHECKPOINT.md,REF:CYCLE008_ACCEPTED,REF:CYCLE008_SCOPE,unresolved,,REF:CYCLE008_LIMITS,CORE,REF:EVENT:BA:event:834:105,1,35,4
BA:event:834:106,event,MANDATORY_COMPLETE_REVIEW,02_CANONICAL_STORIES/EVENT/EVENT_834/EPISODE_106_80000106.md,640f8060e1575849f6933f6f9717207798dfacaa65398960cd4f73adcc4b9e15,ADMITTED,series/blue-archive/02 Sequential Readings/EVENTS/EVENT_834/BLUE_ARCHIVE_EVENT_834_CONTEXTUALIZATION_CHECKPOINT.md,REF:CYCLE008_ACCEPTED,REF:CYCLE008_SCOPE,unresolved,,REF:CYCLE008_LIMITS,CORE,REF:EVENT:BA:event:834:106,1,20,4
BA:event:834:107,event,MANDATORY_COMPLETE_REVIEW,02_CANONICAL_STORIES/EVENT/EVENT_834/EPISODE_107_80000107.md,72f8cfebf7f12ba5eb11f1c3fcf76ebffd69340c9d014797e3abfef11c46171b,ADMITTED,series/blue-archive/02 Sequential Readings/EVENTS/EVENT_834/BLUE_ARCHIVE_EVENT_834_CONTEXTUALIZATION_CHECKPOINT.md,REF:CYCLE008_ACCEPTED,REF:CYCLE008_SCOPE,unresolved,,REF:CYCLE008_LIMITS,CORE,REF:EVENT:BA:event:834:107,1,63,9
BA:event:834:108,event,MANDATORY_COMPLETE_REVIEW,02_CANONICAL_STORIES/EVENT/EVENT_834/EPISODE_108_80000108.md,f6b4b4d479e12f788a0265ae69789127b23ba260e5c278f7cfd55b3aaad527ef,ADMITTED,series/blue-archive/02 Sequential Readings/EVENTS/EVENT_834/BLUE_ARCHIVE_EVENT_834_CONTEXTUALIZATION_CHECKPOINT.md,REF:CYCLE008_ACCEPTED,REF:CYCLE008_SCOPE,unresolved,,REF:CYCLE008_LIMITS,CORE,REF:EVENT:BA:event:834:108,1,54,13
BA:event:834:109,event,MANDATORY_COMPLETE_REVIEW,02_CANONICAL_STORIES/EVENT/EVENT_834/EPISODE_109_80000109.md,6c18e31f239f10ea245b64aca70142f10c749f711e3367d2d60cfc3fc2a59755,ADMITTED,series/blue-archive/02 Sequential Readings/EVENTS/EVENT_834/BLUE_ARCHIVE_EVENT_834_CONTEXTUALIZATION_CHECKPOINT.md,REF:CYCLE008_ACCEPTED,REF:CYCLE008_SCOPE,unresolved,,REF:CYCLE008_LIMITS,CORE,REF:EVENT:BA:event:834:109,1,53,8
BA:event:834:110,event,MANDATORY_COMPLETE_REVIEW,02_CANONICAL_STORIES/EVENT/EVENT_834/EPISODE_110_80000110.md,f1ca16e3585ab31617335b3d09ca1a6ded75788b0bc6bfdaa6b9c3798bae850f,ADMITTED,series/blue-archive/02 Sequential Readings/EVENTS/EVENT_834/BLUE_ARCHIVE_EVENT_834_CONTEXTUALIZATION_CHECKPOINT.md,REF:CYCLE008_ACCEPTED,REF:CYCLE008_SCOPE,unresolved,,REF:CYCLE008_LIMITS,CORE,REF:EVENT:BA:event:834:110,2,33,5
BA:event:834:111,event,MANDATORY_COMPLETE_REVIEW,02_CANONICAL_STORIES/EVENT/EVENT_834/EPISODE_111_80000111.md,43ac605e77f12761444cce9c9b11a7545182c10c26e789cfdf8c13fbefb53dad,ADMITTED,series/blue-archive/02 Sequential Readings/EVENTS/EVENT_834/BLUE_ARCHIVE_EVENT_834_CONTEXTUALIZATION_CHECKPOINT.md,REF:CYCLE008_ACCEPTED,REF:CYCLE008_SCOPE,unresolved,,REF:CYCLE008_LIMITS,CORE,REF:EVENT:BA:event:834:111,2,86,17
BA:event:834:112,event,MANDATORY_COMPLETE_REVIEW,02_CANONICAL_STORIES/EVENT/EVENT_834/EPISODE_112_80000112.md,555c6bc116b2a8f5521d265c25583500fdc76ccb9a85d102224c6cb973d7ac9a,ADMITTED,series/blue-archive/02 Sequential Readings/EVENTS/EVENT_834/BLUE_ARCHIVE_EVENT_834_CONTEXTUALIZATION_CHECKPOINT.md,REF:CYCLE008_ACCEPTED,REF:CYCLE008_SCOPE,unresolved,,REF:CYCLE008_LIMITS,CORE,REF:EVENT:BA:event:834:112,1,113,17
BA:event:834:113,event,MANDATORY_COMPLETE_REVIEW,02_CANONICAL_STORIES/EVENT/EVENT_834/EPISODE_113_80000113.md,792feb6fff09ce9d37af1da65c39ada109c3235cd85ac2a00342a5f61b8e65b7,ADMITTED,series/blue-archive/02 Sequential Readings/EVENTS/EVENT_834/BLUE_ARCHIVE_EVENT_834_CONTEXTUALIZATION_CHECKPOINT.md,REF:CYCLE008_ACCEPTED,REF:CYCLE008_SCOPE,unresolved,,REF:CYCLE008_LIMITS,CORE,REF:EVENT:BA:event:834:113,2,51,11
BA:event:834:114,event,MANDATORY_COMPLETE_REVIEW,02_CANONICAL_STORIES/EVENT/EVENT_834/EPISODE_114_80000114.md,043ceef586ab0937d9b4906e610d821a3e556795f8061baff40c98dd1d2b52b4,ADMITTED,series/blue-archive/02 Sequential Readings/EVENTS/EVENT_834/BLUE_ARCHIVE_EVENT_834_CONTEXTUALIZATION_CHECKPOINT.md,REF:CYCLE008_ACCEPTED,REF:CYCLE008_SCOPE,unresolved,,REF:CYCLE008_LIMITS,CORE,REF:EVENT:BA:event:834:114,1,35,10
BA:event:834:115,event,MANDATORY_COMPLETE_REVIEW,02_CANONICAL_STORIES/EVENT/EVENT_834/EPISODE_115_80000115.md,ce43af30e4578ba8ca38ccdf18d8ef9ba514c7882ba71251e9d48f25aea80fc4,ADMITTED,series/blue-archive/02 Sequential Readings/EVENTS/EVENT_834/BLUE_ARCHIVE_EVENT_834_CONTEXTUALIZATION_CHECKPOINT.md,REF:CYCLE008_ACCEPTED,REF:CYCLE008_SCOPE,unresolved,,REF:CYCLE008_LIMITS,CORE,REF:EVENT:BA:event:834:115,3,60,12
BA:event:834:116,event,MANDATORY_COMPLETE_REVIEW,02_CANONICAL_STORIES/EVENT/EVENT_834/EPISODE_116_80000116.md,95c1a4f1b37bfca444820380f0eb90360f3d64f379727913cb626a8e07932f95,ADMITTED,series/blue-archive/02 Sequential Readings/EVENTS/EVENT_834/BLUE_ARCHIVE_EVENT_834_CONTEXTUALIZATION_CHECKPOINT.md,REF:CYCLE008_ACCEPTED,REF:CYCLE008_SCOPE,unresolved,,REF:CYCLE008_LIMITS,CORE,REF:EVENT:BA:event:834:116,1,75,13
BA:event:835:001,event,MANDATORY_COMPLETE_REVIEW,02_CANONICAL_STORIES/EVENT/EVENT_835/EPISODE_001_10033005.md,6bc73ca565f8f9bf1090e038a417a6c04c83453aa17013c0c03ae4bf7d444bb5,ADMITTED,series/blue-archive/02 Sequential Readings/EVENTS/EVENT_835/BLUE_ARCHIVE_EVENT_835_CONTEXTUALIZATION_CHECKPOINT.md,REF:CYCLE008_ACCEPTED,REF:CYCLE008_SCOPE,unresolved,,REF:CYCLE008_LIMITS,CORE,REF:EVENT:BA:event:835:001,1,79,0
BA:event:835:002,event,MANDATORY_COMPLETE_REVIEW,02_CANONICAL_STORIES/EVENT/EVENT_835/EPISODE_002_10033010.md,e2b0a5fa5f8e301b498022bc59a0869599d05273ccc0904b83583f008dbedb46,ADMITTED,series/blue-archive/02 Sequential Readings/EVENTS/EVENT_835/BLUE_ARCHIVE_EVENT_835_CONTEXTUALIZATION_CHECKPOINT.md,REF:CYCLE008_ACCEPTED,REF:CYCLE008_SCOPE,unresolved,,REF:CYCLE008_LIMITS,CORE,REF:EVENT:BA:event:835:002,1,169,2
BA:event:835:003,event,MANDATORY_COMPLETE_REVIEW,02_CANONICAL_STORIES/EVENT/EVENT_835/EPISODE_003_10033020.md,b8f3cb07978d6274035359caf60b16e2f669059def70cc7faf467d30c559cf2b,ADMITTED,series/blue-archive/02 Sequential Readings/EVENTS/EVENT_835/BLUE_ARCHIVE_EVENT_835_CONTEXTUALIZATION_CHECKPOINT.md,REF:CYCLE008_ACCEPTED,REF:CYCLE008_SCOPE,unresolved,,REF:CYCLE008_LIMITS,CORE,REF:EVENT:BA:event:835:003,1,170,14
BA:event:835:004,event,MANDATORY_COMPLETE_REVIEW,02_CANONICAL_STORIES/EVENT/EVENT_835/EPISODE_004_10033030.md,76e311608f70994948dc01a8a3946132c1c43dfdad7e60bf26bf4e943b0d1402,ADMITTED,series/blue-archive/02 Sequential Readings/EVENTS/EVENT_835/BLUE_ARCHIVE_EVENT_835_CONTEXTUALIZATION_CHECKPOINT.md,REF:CYCLE008_ACCEPTED,REF:CYCLE008_SCOPE,unresolved,,REF:CYCLE008_LIMITS,CORE,REF:EVENT:BA:event:835:004,1,96,7
BA:event:835:005,event,MANDATORY_COMPLETE_REVIEW,02_CANONICAL_STORIES/EVENT/EVENT_835/EPISODE_005_10033040.md,b1f7922fe591fd3467df73217a5d95920b4640f4aea472704e1affaefd3945eb,ADMITTED,series/blue-archive/02 Sequential Readings/EVENTS/EVENT_835/BLUE_ARCHIVE_EVENT_835_CONTEXTUALIZATION_CHECKPOINT.md,REF:CYCLE008_ACCEPTED,REF:CYCLE008_SCOPE,unresolved,,REF:CYCLE008_LIMITS,CORE,REF:EVENT:BA:event:835:005,1,91,4
BA:event:835:006,event,MANDATORY_COMPLETE_REVIEW,02_CANONICAL_STORIES/EVENT/EVENT_835/EPISODE_006_10033045.md,36a2dc220f5f08d6a41ea430ab30c6cbd99664bc1b67f263f705345162d06d29,ADMITTED,series/blue-archive/02 Sequential Readings/EVENTS/EVENT_835/BLUE_ARCHIVE_EVENT_835_CONTEXTUALIZATION_CHECKPOINT.md,REF:CYCLE008_ACCEPTED,REF:CYCLE008_SCOPE,unresolved,,REF:CYCLE008_LIMITS,HIGH,REF:EVENT:BA:event:835:006,1,26,0
BA:event:835:007,event,MANDATORY_COMPLETE_REVIEW,02_CANONICAL_STORIES/EVENT/EVENT_835/EPISODE_007_10033050.md,1fba1a660e9c8908e04f7a408f05a5a35e5e3057ea9365ec09733e5a51740311,ADMITTED,series/blue-archive/02 Sequential Readings/EVENTS/EVENT_835/BLUE_ARCHIVE_EVENT_835_CONTEXTUALIZATION_CHECKPOINT.md,REF:CYCLE008_ACCEPTED,REF:CYCLE008_SCOPE,unresolved,,REF:CYCLE008_LIMITS,CORE,REF:EVENT:BA:event:835:007,1,63,3
BA:event:835:008,event,MANDATORY_COMPLETE_REVIEW,02_CANONICAL_STORIES/EVENT/EVENT_835/EPISODE_008_10033055.md,76b1ec70454d67e593b3fea993fefe05b8f21ef7b38a85f7142276127e51c2b6,ADMITTED,series/blue-archive/02 Sequential Readings/EVENTS/EVENT_835/BLUE_ARCHIVE_EVENT_835_CONTEXTUALIZATION_CHECKPOINT.md,REF:CYCLE008_ACCEPTED,REF:CYCLE008_SCOPE,unresolved,,REF:CYCLE008_LIMITS,HIGH,REF:EVENT:BA:event:835:008,1,10,0
BA:event:835:009,event,MANDATORY_COMPLETE_REVIEW,02_CANONICAL_STORIES/EVENT/EVENT_835/EPISODE_009_10033060.md,c33b1e92efb40f6b60e155129879bf292a1cafefad94fe1ce28e062373891bea,ADMITTED,series/blue-archive/02 Sequential Readings/EVENTS/EVENT_835/BLUE_ARCHIVE_EVENT_835_CONTEXTUALIZATION_CHECKPOINT.md,REF:CYCLE008_ACCEPTED,REF:CYCLE008_SCOPE,unresolved,,REF:CYCLE008_LIMITS,CORE,REF:EVENT:BA:event:835:009,1,80,1
BA:event:835:010,event,MANDATORY_COMPLETE_REVIEW,02_CANONICAL_STORIES/EVENT/EVENT_835/EPISODE_010_10033065.md,21b30a9cd6525dde31bc2d5605aec9a49101fa954630c52abb0a8c2758d3e246,ADMITTED,series/blue-archive/02 Sequential Readings/EVENTS/EVENT_835/BLUE_ARCHIVE_EVENT_835_CONTEXTUALIZATION_CHECKPOINT.md,REF:CYCLE008_ACCEPTED,REF:CYCLE008_SCOPE,unresolved,,REF:CYCLE008_LIMITS,HIGH,REF:EVENT:BA:event:835:010,1,55,1
BA:event:835:011,event,MANDATORY_COMPLETE_REVIEW,02_CANONICAL_STORIES/EVENT/EVENT_835/EPISODE_011_10033070.md,f754fcff5c0a0924a9e8bd289529b3f3cf8c0076d009ee4eafec88d59739ec25,ADMITTED,series/blue-archive/02 Sequential Readings/EVENTS/EVENT_835/BLUE_ARCHIVE_EVENT_835_CONTEXTUALIZATION_CHECKPOINT.md,REF:CYCLE008_ACCEPTED,REF:CYCLE008_SCOPE,unresolved,,REF:CYCLE008_LIMITS,CORE,REF:EVENT:BA:event:835:011,1,98,6
BA:event:835:012,event,MANDATORY_COMPLETE_REVIEW,02_CANONICAL_STORIES/EVENT/EVENT_835/EPISODE_012_10033080.md,611d54c0bb9c6a4ccb80bbaa6f73742eae88394183387ff8fb63fa0f46592854,ADMITTED,series/blue-archive/02 Sequential Readings/EVENTS/EVENT_835/BLUE_ARCHIVE_EVENT_835_CONTEXTUALIZATION_CHECKPOINT.md,REF:CYCLE008_ACCEPTED,REF:CYCLE008_SCOPE,unresolved,,REF:CYCLE008_LIMITS,CORE,REF:EVENT:BA:event:835:012,1,62,0
BA:event:835:013,event,MANDATORY_COMPLETE_REVIEW,02_CANONICAL_STORIES/EVENT/EVENT_835/EPISODE_013_10033090.md,5f78feb787e8c9620fd2e679e9d6422f9a052c67ced4c916a2ab7ef0c9f886e4,ADMITTED,series/blue-archive/02 Sequential Readings/EVENTS/EVENT_835/BLUE_ARCHIVE_EVENT_835_CONTEXTUALIZATION_CHECKPOINT.md,REF:CYCLE008_ACCEPTED,REF:CYCLE008_SCOPE,unresolved,,REF:CYCLE008_LIMITS,CORE,REF:EVENT:BA:event:835:013,1,49,1
BA:event:835:014,event,MANDATORY_COMPLETE_REVIEW,02_CANONICAL_STORIES/EVENT/EVENT_835/EPISODE_014_10033095.md,961ddb99aaa07cb36442497cfcafcf75b03790d8452794555b5a66a0ef41ecb2,ADMITTED,series/blue-archive/02 Sequential Readings/EVENTS/EVENT_835/BLUE_ARCHIVE_EVENT_835_CONTEXTUALIZATION_CHECKPOINT.md,REF:CYCLE008_ACCEPTED,REF:CYCLE008_SCOPE,unresolved,,REF:CYCLE008_LIMITS,HIGH,REF:EVENT:BA:event:835:014,1,17,0
BA:event:835:015,event,MANDATORY_COMPLETE_REVIEW,02_CANONICAL_STORIES/EVENT/EVENT_835/EPISODE_015_10033100.md,57a909c42792c3bb529bc8c099f231bd7015350de76c3f0a924a65ccfe26b46a,ADMITTED,series/blue-archive/02 Sequential Readings/EVENTS/EVENT_835/BLUE_ARCHIVE_EVENT_835_CONTEXTUALIZATION_CHECKPOINT.md,REF:CYCLE008_ACCEPTED,REF:CYCLE008_SCOPE,unresolved,,REF:CYCLE008_LIMITS,CORE,REF:EVENT:BA:event:835:015,1,163,6
BA:event:835:016,event,MANDATORY_COMPLETE_REVIEW,02_CANONICAL_STORIES/EVENT/EVENT_835/EPISODE_016_10033110.md,9b1f3d6f1fca8065f168c4783096026a7804a670a718df1d339446761a219368,ADMITTED,series/blue-archive/02 Sequential Readings/EVENTS/EVENT_835/BLUE_ARCHIVE_EVENT_835_CONTEXTUALIZATION_CHECKPOINT.md,REF:CYCLE008_ACCEPTED,REF:CYCLE008_SCOPE,unresolved,,REF:CYCLE008_LIMITS,CORE,REF:EVENT:BA:event:835:016,1,107,9
BA:event:836:001,event,MANDATORY_COMPLETE_REVIEW,02_CANONICAL_STORIES/EVENT/EVENT_836/EPISODE_001_10034005.md,d9a9459054b73719229d2725b3411947b031c059fd2ddd352329be85c04d3f80,ADMITTED,series/blue-archive/02 Sequential Readings/EVENTS/EVENT_836/BLUE_ARCHIVE_EVENT_836_CONTEXTUALIZATION_CHECKPOINT.md,REF:CYCLE008_ACCEPTED,REF:CYCLE008_SCOPE,unresolved,,REF:CYCLE008_LIMITS,HIGH,REF:EVENT:BA:event:836:001,2,40,0
BA:event:836:002,event,MANDATORY_COMPLETE_REVIEW,02_CANONICAL_STORIES/EVENT/EVENT_836/EPISODE_002_10034010.md,be1ea82c37a9fe69b52cfe37310d5c1e926ffc174a3cda0970e574f484622757,ADMITTED,series/blue-archive/02 Sequential Readings/EVENTS/EVENT_836/BLUE_ARCHIVE_EVENT_836_CONTEXTUALIZATION_CHECKPOINT.md,REF:CYCLE008_ACCEPTED,REF:CYCLE008_SCOPE,unresolved,,REF:CYCLE008_LIMITS,CORE,REF:EVENT:BA:event:836:002,1,140,4
BA:event:836:003,event,MANDATORY_COMPLETE_REVIEW,02_CANONICAL_STORIES/EVENT/EVENT_836/EPISODE_003_10034020.md,08e266517389dd9dcb4c1e62865f1ee3f69581820981bd05220b076a2c6a158a,ADMITTED,series/blue-archive/02 Sequential Readings/EVENTS/EVENT_836/BLUE_ARCHIVE_EVENT_836_CONTEXTUALIZATION_CHECKPOINT.md,REF:CYCLE008_ACCEPTED,REF:CYCLE008_SCOPE,unresolved,,REF:CYCLE008_LIMITS,CORE,REF:EVENT:BA:event:836:003,1,126,4
BA:event:836:004,event,MANDATORY_COMPLETE_REVIEW,02_CANONICAL_STORIES/EVENT/EVENT_836/EPISODE_004_10034030.md,dea67fb0f0b6f69596752547938a8bc17477264c898082965c8019cb9284ad6d,ADMITTED,series/blue-archive/02 Sequential Readings/EVENTS/EVENT_836/BLUE_ARCHIVE_EVENT_836_CONTEXTUALIZATION_CHECKPOINT.md,REF:CYCLE008_ACCEPTED,REF:CYCLE008_SCOPE,unresolved,,REF:CYCLE008_LIMITS,CORE,REF:EVENT:BA:event:836:004,1,118,2
BA:event:836:005,event,MANDATORY_COMPLETE_REVIEW,02_CANONICAL_STORIES/EVENT/EVENT_836/EPISODE_005_10034040.md,db1ce699aa7206a3fe13f7e1c0d19588b275c340cb25b33b9244a0050e71efaa,ADMITTED,series/blue-archive/02 Sequential Readings/EVENTS/EVENT_836/BLUE_ARCHIVE_EVENT_836_CONTEXTUALIZATION_CHECKPOINT.md,REF:CYCLE008_ACCEPTED,REF:CYCLE008_SCOPE,unresolved,,REF:CYCLE008_LIMITS,CORE,REF:EVENT:BA:event:836:005,1,131,8
BA:event:836:006,event,MANDATORY_COMPLETE_REVIEW,02_CANONICAL_STORIES/EVENT/EVENT_836/EPISODE_006_10034050.md,df50d82b2ed020ea1a24a680a12191cad691d5bd0227ddaf392509df5adfa800,ADMITTED,series/blue-archive/02 Sequential Readings/EVENTS/EVENT_836/BLUE_ARCHIVE_EVENT_836_CONTEXTUALIZATION_CHECKPOINT.md,REF:CYCLE008_ACCEPTED,REF:CYCLE008_SCOPE,unresolved,,REF:CYCLE008_LIMITS,CORE,REF:EVENT:BA:event:836:006,1,214,3
BA:event:836:007,event,MANDATORY_COMPLETE_REVIEW,02_CANONICAL_STORIES/EVENT/EVENT_836/EPISODE_007_10034060.md,87e8e6e316e01ff6006f3849033dbf29f296f5a21a8fdfd0083e4f15c3e22257,ADMITTED,series/blue-archive/02 Sequential Readings/EVENTS/EVENT_836/BLUE_ARCHIVE_EVENT_836_CONTEXTUALIZATION_CHECKPOINT.md,REF:CYCLE008_ACCEPTED,REF:CYCLE008_SCOPE,unresolved,,REF:CYCLE008_LIMITS,CORE,REF:EVENT:BA:event:836:007,1,88,3
BA:event:836:008,event,MANDATORY_COMPLETE_REVIEW,02_CANONICAL_STORIES/EVENT/EVENT_836/EPISODE_008_10034070.md,e33b74877873b05e09c131c9c76072524186121819c058c141e611e51d2a35bc,ADMITTED,series/blue-archive/02 Sequential Readings/EVENTS/EVENT_836/BLUE_ARCHIVE_EVENT_836_CONTEXTUALIZATION_CHECKPOINT.md,REF:CYCLE008_ACCEPTED,REF:CYCLE008_SCOPE,unresolved,,REF:CYCLE008_LIMITS,CORE,REF:EVENT:BA:event:836:008,1,185,8
BA:event:836:009,event,MANDATORY_COMPLETE_REVIEW,02_CANONICAL_STORIES/EVENT/EVENT_836/EPISODE_009_10034080.md,aefb0b16551983e79f715472ea4b97fa5312a5413b2b7ef18222bd2926c332ee,ADMITTED,series/blue-archive/02 Sequential Readings/EVENTS/EVENT_836/BLUE_ARCHIVE_EVENT_836_CONTEXTUALIZATION_CHECKPOINT.md,REF:CYCLE008_ACCEPTED,REF:CYCLE008_SCOPE,unresolved,,REF:CYCLE008_LIMITS,CORE,REF:EVENT:BA:event:836:009,1,48,0
BA:event:836:010,event,MANDATORY_COMPLETE_REVIEW,02_CANONICAL_STORIES/EVENT/EVENT_836/EPISODE_010_10034081.md,1b4e1ac0a07788083c7c6a86d49307134384ae47b14e482cddd0af37a58bd666,ADMITTED,series/blue-archive/02 Sequential Readings/EVENTS/EVENT_836/BLUE_ARCHIVE_EVENT_836_CONTEXTUALIZATION_CHECKPOINT.md,REF:CYCLE008_ACCEPTED,REF:CYCLE008_SCOPE,unresolved,,REF:CYCLE008_LIMITS,SUPPORTING,REF:EVENT:BA:event:836:010,1,1,0
BA:event:836:011,event,MANDATORY_COMPLETE_REVIEW,02_CANONICAL_STORIES/EVENT/EVENT_836/EPISODE_011_10034090.md,b016725ef7dcc0549a5e6aa84cca9158a6c56a60ce5489efed9dac0a8b318c51,ADMITTED,series/blue-archive/02 Sequential Readings/EVENTS/EVENT_836/BLUE_ARCHIVE_EVENT_836_CONTEXTUALIZATION_CHECKPOINT.md,REF:CYCLE008_ACCEPTED,REF:CYCLE008_SCOPE,unresolved,,REF:CYCLE008_LIMITS,HIGH,REF:EVENT:BA:event:836:011,1,29,2
BA:event:836:012,event,MANDATORY_COMPLETE_REVIEW,02_CANONICAL_STORIES/EVENT/EVENT_836/EPISODE_012_10034100.md,67cd3489e2bbd6e3e25593882ab1b78c3a852191915de58ff112c41dd4ade551,ADMITTED,series/blue-archive/02 Sequential Readings/EVENTS/EVENT_836/BLUE_ARCHIVE_EVENT_836_CONTEXTUALIZATION_CHECKPOINT.md,REF:CYCLE008_ACCEPTED,REF:CYCLE008_SCOPE,unresolved,,REF:CYCLE008_LIMITS,HIGH,REF:EVENT:BA:event:836:012,1,35,0
BA:event:836:013,event,MANDATORY_COMPLETE_REVIEW,02_CANONICAL_STORIES/EVENT/EVENT_836/EPISODE_013_10034110.md,cf55c79bc323a2281b2061faed15b853b1c3834a85fea33675deb2d0bcb177d1,ADMITTED,series/blue-archive/02 Sequential Readings/EVENTS/EVENT_836/BLUE_ARCHIVE_EVENT_836_CONTEXTUALIZATION_CHECKPOINT.md,REF:CYCLE008_ACCEPTED,REF:CYCLE008_SCOPE,unresolved,,REF:CYCLE008_LIMITS,HIGH,REF:EVENT:BA:event:836:013,1,20,0
BA:event:836:014,event,MANDATORY_COMPLETE_REVIEW,02_CANONICAL_STORIES/EVENT/EVENT_836/EPISODE_014_10034120.md,1d69f56bb9edc66ab621ab836f2223b3bd864d57707d74aaf59ef177ee8e1d2b,ADMITTED,series/blue-archive/02 Sequential Readings/EVENTS/EVENT_836/BLUE_ARCHIVE_EVENT_836_CONTEXTUALIZATION_CHECKPOINT.md,REF:CYCLE008_ACCEPTED,REF:CYCLE008_SCOPE,unresolved,,REF:CYCLE008_LIMITS,HIGH,REF:EVENT:BA:event:836:014,1,14,0
BA:event:836:015,event,MANDATORY_COMPLETE_REVIEW,02_CANONICAL_STORIES/EVENT/EVENT_836/EPISODE_015_10034130.md,912d1c0b0e7b89873d4fb4d141257ac154ff2db69af6d9fd37e060c7f5f0d479,ADMITTED,series/blue-archive/02 Sequential Readings/EVENTS/EVENT_836/BLUE_ARCHIVE_EVENT_836_CONTEXTUALIZATION_CHECKPOINT.md,REF:CYCLE008_ACCEPTED,REF:CYCLE008_SCOPE,unresolved,,REF:CYCLE008_LIMITS,HIGH,REF:EVENT:BA:event:836:015,1,24,0
BA:event:836:016,event,MANDATORY_COMPLETE_REVIEW,02_CANONICAL_STORIES/EVENT/EVENT_836/EPISODE_016_10034140.md,e82d73d67915519925870ccda41caf92fac2a12af4f0d9102fd092a1b06a26ac,ADMITTED,series/blue-archive/02 Sequential Readings/EVENTS/EVENT_836/BLUE_ARCHIVE_EVENT_836_CONTEXTUALIZATION_CHECKPOINT.md,REF:CYCLE008_ACCEPTED,REF:CYCLE008_SCOPE,unresolved,,REF:CYCLE008_LIMITS,HIGH,REF:EVENT:BA:event:836:016,1,18,0
BA:event:836:017,event,MANDATORY_COMPLETE_REVIEW,02_CANONICAL_STORIES/EVENT/EVENT_836/EPISODE_017_10034150.md,7550429b7c80597d8ffcf80e4071a7e6f5dae23fea7c6ce57cc1b2b34b525545,ADMITTED,series/blue-archive/02 Sequential Readings/EVENTS/EVENT_836/BLUE_ARCHIVE_EVENT_836_CONTEXTUALIZATION_CHECKPOINT.md,REF:CYCLE008_ACCEPTED,REF:CYCLE008_SCOPE,unresolved,,REF:CYCLE008_LIMITS,HIGH,REF:EVENT:BA:event:836:017,1,13,0
BA:event:836:018,event,MANDATORY_COMPLETE_REVIEW,02_CANONICAL_STORIES/EVENT/EVENT_836/EPISODE_018_10034160.md,46b4422e981391ea1e1599ab658cbd73bbd5c9d87165f846d1b3132af22ba7d0,ADMITTED,series/blue-archive/02 Sequential Readings/EVENTS/EVENT_836/BLUE_ARCHIVE_EVENT_836_CONTEXTUALIZATION_CHECKPOINT.md,REF:CYCLE008_ACCEPTED,REF:CYCLE008_SCOPE,unresolved,,REF:CYCLE008_LIMITS,HIGH,REF:EVENT:BA:event:836:018,1,18,0
BA:event:836:019,event,MANDATORY_COMPLETE_REVIEW,02_CANONICAL_STORIES/EVENT/EVENT_836/EPISODE_019_10034170.md,fcb32a7f2cca3bacfd7a3f5d600c816e2271f61d888366c27b6cff6ac3d096d5,ADMITTED,series/blue-archive/02 Sequential Readings/EVENTS/EVENT_836/BLUE_ARCHIVE_EVENT_836_CONTEXTUALIZATION_CHECKPOINT.md,REF:CYCLE008_ACCEPTED,REF:CYCLE008_SCOPE,unresolved,,REF:CYCLE008_LIMITS,HIGH,REF:EVENT:BA:event:836:019,1,13,0
BA:event:836:020,event,MANDATORY_COMPLETE_REVIEW,02_CANONICAL_STORIES/EVENT/EVENT_836/EPISODE_020_10034180.md,9fd705055668e33fda15bfa5c722090413fe37740e6a14aaa21a689d24bb126e,ADMITTED,series/blue-archive/02 Sequential Readings/EVENTS/EVENT_836/BLUE_ARCHIVE_EVENT_836_CONTEXTUALIZATION_CHECKPOINT.md,REF:CYCLE008_ACCEPTED,REF:CYCLE008_SCOPE,unresolved,,REF:CYCLE008_LIMITS,CORE,REF:EVENT:BA:event:836:020,1,24,0
BA:event:836:021,event,MANDATORY_COMPLETE_REVIEW,02_CANONICAL_STORIES/EVENT/EVENT_836/EPISODE_021_10034190.md,868ef1c6018d3c21668f061cff5f7198e07762e8cc9e497063a4c62e04eee8bb,ADMITTED,series/blue-archive/02 Sequential Readings/EVENTS/EVENT_836/BLUE_ARCHIVE_EVENT_836_CONTEXTUALIZATION_CHECKPOINT.md,REF:CYCLE008_ACCEPTED,REF:CYCLE008_SCOPE,unresolved,,REF:CYCLE008_LIMITS,HIGH,REF:EVENT:BA:event:836:021,1,15,0
BA:event:836:022,event,MANDATORY_COMPLETE_REVIEW,02_CANONICAL_STORIES/EVENT/EVENT_836/EPISODE_022_11434010.md,78c3c4da20c57164de9e580baf0de661f8debba41bbaa8d98dac74840a137466,ADMITTED,series/blue-archive/02 Sequential Readings/EVENTS/EVENT_836/BLUE_ARCHIVE_EVENT_836_CONTEXTUALIZATION_CHECKPOINT.md,REF:CYCLE008_ACCEPTED,REF:CYCLE008_SCOPE,unresolved,,REF:CYCLE008_LIMITS,CORE,REF:EVENT:BA:event:836:022,1,20,0
BA:event:836:023,event,MANDATORY_COMPLETE_REVIEW,02_CANONICAL_STORIES/EVENT/EVENT_836/EPISODE_023_11434020.md,489058f785709a91abc8cd6c0f00f0f5d3ed300a1c98a00fbe23deae12bccddd,ADMITTED,series/blue-archive/02 Sequential Readings/EVENTS/EVENT_836/BLUE_ARCHIVE_EVENT_836_CONTEXTUALIZATION_CHECKPOINT.md,REF:CYCLE008_ACCEPTED,REF:CYCLE008_SCOPE,unresolved,,REF:CYCLE008_LIMITS,CORE,REF:EVENT:BA:event:836:023,1,23,0
BA:event:836:024,event,MANDATORY_COMPLETE_REVIEW,02_CANONICAL_STORIES/EVENT/EVENT_836/EPISODE_024_11034030.md,8202593e7f287a86f7f0d1f2a43e46cf24e7ee9b96d4bf305cfb90b49c509644,ADMITTED,series/blue-archive/02 Sequential Readings/EVENTS/EVENT_836/BLUE_ARCHIVE_EVENT_836_CONTEXTUALIZATION_CHECKPOINT.md,REF:CYCLE008_ACCEPTED,REF:CYCLE008_SCOPE,unresolved,,REF:CYCLE008_LIMITS,HIGH,REF:EVENT:BA:event:836:024,1,27,0
BA:event:836:025,event,MANDATORY_COMPLETE_REVIEW,02_CANONICAL_STORIES/EVENT/EVENT_836/EPISODE_025_11034060.md,2f57679c303cdddda805b03c07062d8c14caad6f42fc34269654acfeff5abeb5,ADMITTED,series/blue-archive/02 Sequential Readings/EVENTS/EVENT_836/BLUE_ARCHIVE_EVENT_836_CONTEXTUALIZATION_CHECKPOINT.md,REF:CYCLE008_ACCEPTED,REF:CYCLE008_SCOPE,unresolved,,REF:CYCLE008_LIMITS,HIGH,REF:EVENT:BA:event:836:025,1,10,0
BA:event:836:026,event,MANDATORY_COMPLETE_REVIEW,02_CANONICAL_STORIES/EVENT/EVENT_836/EPISODE_026_11134030.md,1b16f65bacf74cfe117a74381934adf1eea899f5924df90554bf76845fa39753,ADMITTED,series/blue-archive/02 Sequential Readings/EVENTS/EVENT_836/BLUE_ARCHIVE_EVENT_836_CONTEXTUALIZATION_CHECKPOINT.md,REF:CYCLE008_ACCEPTED,REF:CYCLE008_SCOPE,unresolved,,REF:CYCLE008_LIMITS,HIGH,REF:EVENT:BA:event:836:026,1,19,0
BA:event:836:027,event,MANDATORY_COMPLETE_REVIEW,02_CANONICAL_STORIES/EVENT/EVENT_836/EPISODE_027_11134060.md,ec3c213249929985a24c9d7bbdfe04d82d5cde136eede0fbc7601cdc7259d8cf,ADMITTED,series/blue-archive/02 Sequential Readings/EVENTS/EVENT_836/BLUE_ARCHIVE_EVENT_836_CONTEXTUALIZATION_CHECKPOINT.md,REF:CYCLE008_ACCEPTED,REF:CYCLE008_SCOPE,unresolved,,REF:CYCLE008_LIMITS,HIGH,REF:EVENT:BA:event:836:027,1,12,0
BA:event:836:028,event,MANDATORY_COMPLETE_REVIEW,02_CANONICAL_STORIES/EVENT/EVENT_836/EPISODE_028_11234030.md,5a6cbbf1ad44c818acf0581fb0786d2fa0f3913f80726d7a9510f2c44ad51390,ADMITTED,series/blue-archive/02 Sequential Readings/EVENTS/EVENT_836/BLUE_ARCHIVE_EVENT_836_CONTEXTUALIZATION_CHECKPOINT.md,REF:CYCLE008_ACCEPTED,REF:CYCLE008_SCOPE,unresolved,,REF:CYCLE008_LIMITS,HIGH,REF:EVENT:BA:event:836:028,1,24,0
BA:event:836:029,event,MANDATORY_COMPLETE_REVIEW,02_CANONICAL_STORIES/EVENT/EVENT_836/EPISODE_029_11234060.md,e8b67da6768e733f594cf50cb0502b322c2d455838d7f88b424e7845cdaf22e2,ADMITTED,series/blue-archive/02 Sequential Readings/EVENTS/EVENT_836/BLUE_ARCHIVE_EVENT_836_CONTEXTUALIZATION_CHECKPOINT.md,REF:CYCLE008_ACCEPTED,REF:CYCLE008_SCOPE,unresolved,,REF:CYCLE008_LIMITS,HIGH,REF:EVENT:BA:event:836:029,1,22,0
BA:event:836:030,event,MANDATORY_COMPLETE_REVIEW,02_CANONICAL_STORIES/EVENT/EVENT_836/EPISODE_030_11334030.md,559e22178126f790c1196ede89803aeb776e00ac11116d1cfc80570fd91da2c9,ADMITTED,series/blue-archive/02 Sequential Readings/EVENTS/EVENT_836/BLUE_ARCHIVE_EVENT_836_CONTEXTUALIZATION_CHECKPOINT.md,REF:CYCLE008_ACCEPTED,REF:CYCLE008_SCOPE,unresolved,,REF:CYCLE008_LIMITS,HIGH,REF:EVENT:BA:event:836:030,1,23,0
BA:event:836:031,event,MANDATORY_COMPLETE_REVIEW,02_CANONICAL_STORIES/EVENT/EVENT_836/EPISODE_031_11334060.md,a114174421c3b3c962d67a74c48cfd88042429cbf595533299cf785957d92b51,ADMITTED,series/blue-archive/02 Sequential Readings/EVENTS/EVENT_836/BLUE_ARCHIVE_EVENT_836_CONTEXTUALIZATION_CHECKPOINT.md,REF:CYCLE008_ACCEPTED,REF:CYCLE008_SCOPE,unresolved,,REF:CYCLE008_LIMITS,HIGH,REF:EVENT:BA:event:836:031,1,17,0
BA:event:836:032,event,MANDATORY_COMPLETE_REVIEW,02_CANONICAL_STORIES/EVENT/EVENT_836/EPISODE_032_11034010.md,949144b47c1ee48b223c0f215d6f67981b626ba818fbe26ba20f1301025f85fe,ADMITTED,series/blue-archive/02 Sequential Readings/EVENTS/EVENT_836/BLUE_ARCHIVE_EVENT_836_CONTEXTUALIZATION_CHECKPOINT.md,REF:CYCLE008_ACCEPTED,REF:CYCLE008_SCOPE,unresolved,,REF:CYCLE008_LIMITS,HIGH,REF:EVENT:BA:event:836:032,1,7,0
BA:event:836:033,event,MANDATORY_COMPLETE_REVIEW,02_CANONICAL_STORIES/EVENT/EVENT_836/EPISODE_033_11334020.md,1075cd338f5e90520ed49e1d85cabbc09bcf8031c0db99840df54cc8cd3a1aba,ADMITTED,series/blue-archive/02 Sequential Readings/EVENTS/EVENT_836/BLUE_ARCHIVE_EVENT_836_CONTEXTUALIZATION_CHECKPOINT.md,REF:CYCLE008_ACCEPTED,REF:CYCLE008_SCOPE,unresolved,,REF:CYCLE008_LIMITS,HIGH,REF:EVENT:BA:event:836:033,1,7,0
BA:event:836:034,event,MANDATORY_COMPLETE_REVIEW,02_CANONICAL_STORIES/EVENT/EVENT_836/EPISODE_034_11234040.md,477143932561b64839db741db996ee9f75b8cfd5345000e5c372e3dd59a97095,ADMITTED,series/blue-archive/02 Sequential Readings/EVENTS/EVENT_836/BLUE_ARCHIVE_EVENT_836_CONTEXTUALIZATION_CHECKPOINT.md,REF:CYCLE008_ACCEPTED,REF:CYCLE008_SCOPE,unresolved,,REF:CYCLE008_LIMITS,HIGH,REF:EVENT:BA:event:836:034,1,8,0
BA:event:836:035,event,MANDATORY_COMPLETE_REVIEW,02_CANONICAL_STORIES/EVENT/EVENT_836/EPISODE_035_11134050.md,5ac591353df3c23390810be5555b1338b4bfd8cdd6c8c1885adc808276cf25e0,ADMITTED,series/blue-archive/02 Sequential Readings/EVENTS/EVENT_836/BLUE_ARCHIVE_EVENT_836_CONTEXTUALIZATION_CHECKPOINT.md,REF:CYCLE008_ACCEPTED,REF:CYCLE008_SCOPE,unresolved,,REF:CYCLE008_LIMITS,HIGH,REF:EVENT:BA:event:836:035,1,7,0
BA:event:836:036,event,MANDATORY_COMPLETE_REVIEW,02_CANONICAL_STORIES/EVENT/EVENT_836/EPISODE_036_11134010.md,3e600685077ab3bf93d4f0dcf6204a70df08a13050ce67d201af77f013c0708f,ADMITTED,series/blue-archive/02 Sequential Readings/EVENTS/EVENT_836/BLUE_ARCHIVE_EVENT_836_CONTEXTUALIZATION_CHECKPOINT.md,REF:CYCLE008_ACCEPTED,REF:CYCLE008_SCOPE,unresolved,,REF:CYCLE008_LIMITS,HIGH,REF:EVENT:BA:event:836:036,1,6,0
BA:event:836:037,event,MANDATORY_COMPLETE_REVIEW,02_CANONICAL_STORIES/EVENT/EVENT_836/EPISODE_037_11234020.md,ac3590464f9ee73dbc560a36eff745ee7b4081659c204302e460e629b8086a1d,ADMITTED,series/blue-archive/02 Sequential Readings/EVENTS/EVENT_836/BLUE_ARCHIVE_EVENT_836_CONTEXTUALIZATION_CHECKPOINT.md,REF:CYCLE008_ACCEPTED,REF:CYCLE008_SCOPE,unresolved,,REF:CYCLE008_LIMITS,HIGH,REF:EVENT:BA:event:836:037,1,8,0
BA:event:836:038,event,MANDATORY_COMPLETE_REVIEW,02_CANONICAL_STORIES/EVENT/EVENT_836/EPISODE_038_11334040.md,cbddb1cc1c84e451c0df8ce1ae93de1c54346a230298a7f6df66f9d765db8c7d,ADMITTED,series/blue-archive/02 Sequential Readings/EVENTS/EVENT_836/BLUE_ARCHIVE_EVENT_836_CONTEXTUALIZATION_CHECKPOINT.md,REF:CYCLE008_ACCEPTED,REF:CYCLE008_SCOPE,unresolved,,REF:CYCLE008_LIMITS,HIGH,REF:EVENT:BA:event:836:038,1,6,0
BA:event:836:039,event,MANDATORY_COMPLETE_REVIEW,02_CANONICAL_STORIES/EVENT/EVENT_836/EPISODE_039_11034050.md,923e6e13e114f440ccb2d8321ba85d43214563cc509fa477666145951e6fdbf3,ADMITTED,series/blue-archive/02 Sequential Readings/EVENTS/EVENT_836/BLUE_ARCHIVE_EVENT_836_CONTEXTUALIZATION_CHECKPOINT.md,REF:CYCLE008_ACCEPTED,REF:CYCLE008_SCOPE,unresolved,,REF:CYCLE008_LIMITS,HIGH,REF:EVENT:BA:event:836:039,1,9,0
BA:event:836:040,event,MANDATORY_COMPLETE_REVIEW,02_CANONICAL_STORIES/EVENT/EVENT_836/EPISODE_040_11334010.md,66f86dbc1a6fe74ba9ce4ad1deb073df0e627167b86aaa3f6a704f87f21147f9,ADMITTED,series/blue-archive/02 Sequential Readings/EVENTS/EVENT_836/BLUE_ARCHIVE_EVENT_836_CONTEXTUALIZATION_CHECKPOINT.md,REF:CYCLE008_ACCEPTED,REF:CYCLE008_SCOPE,unresolved,,REF:CYCLE008_LIMITS,CORE,REF:EVENT:BA:event:836:040,1,5,0
BA:event:836:041,event,MANDATORY_COMPLETE_REVIEW,02_CANONICAL_STORIES/EVENT/EVENT_836/EPISODE_041_11134020.md,32eaccfc16e2b59efab2ca5e112acd0dad22a1e66d088ff546353bd914b40c87,ADMITTED,series/blue-archive/02 Sequential Readings/EVENTS/EVENT_836/BLUE_ARCHIVE_EVENT_836_CONTEXTUALIZATION_CHECKPOINT.md,REF:CYCLE008_ACCEPTED,REF:CYCLE008_SCOPE,unresolved,,REF:CYCLE008_LIMITS,HIGH,REF:EVENT:BA:event:836:041,1,7,0
BA:event:836:042,event,MANDATORY_COMPLETE_REVIEW,02_CANONICAL_STORIES/EVENT/EVENT_836/EPISODE_042_11034040.md,6ea6e321f202993f0a91481e3dae85f1fd15769f0827f451fb5b1effe018a89b,ADMITTED,series/blue-archive/02 Sequential Readings/EVENTS/EVENT_836/BLUE_ARCHIVE_EVENT_836_CONTEXTUALIZATION_CHECKPOINT.md,REF:CYCLE008_ACCEPTED,REF:CYCLE008_SCOPE,unresolved,,REF:CYCLE008_LIMITS,HIGH,REF:EVENT:BA:event:836:042,1,4,0
BA:event:836:043,event,MANDATORY_COMPLETE_REVIEW,02_CANONICAL_STORIES/EVENT/EVENT_836/EPISODE_043_11234050.md,831173170a90b1045a71463801b876fd63f7f277386429b6de0600c848ce77cb,ADMITTED,series/blue-archive/02 Sequential Readings/EVENTS/EVENT_836/BLUE_ARCHIVE_EVENT_836_CONTEXTUALIZATION_CHECKPOINT.md,REF:CYCLE008_ACCEPTED,REF:CYCLE008_SCOPE,unresolved,,REF:CYCLE008_LIMITS,HIGH,REF:EVENT:BA:event:836:043,1,5,0
BA:event:836:044,event,MANDATORY_COMPLETE_REVIEW,02_CANONICAL_STORIES/EVENT/EVENT_836/EPISODE_044_11234010.md,d659c4d4be8bf69a935c54cad79f6538eb8c64e47073ff8e764671b6b5708064,ADMITTED,series/blue-archive/02 Sequential Readings/EVENTS/EVENT_836/BLUE_ARCHIVE_EVENT_836_CONTEXTUALIZATION_CHECKPOINT.md,REF:CYCLE008_ACCEPTED,REF:CYCLE008_SCOPE,unresolved,,REF:CYCLE008_LIMITS,HIGH,REF:EVENT:BA:event:836:044,1,6,0
BA:event:836:045,event,MANDATORY_COMPLETE_REVIEW,02_CANONICAL_STORIES/EVENT/EVENT_836/EPISODE_045_11034020.md,6f4a717bd0fa5dce64559f07bc84961640b6b2b0c17aaf3c4e0be34dc73ac012,ADMITTED,series/blue-archive/02 Sequential Readings/EVENTS/EVENT_836/BLUE_ARCHIVE_EVENT_836_CONTEXTUALIZATION_CHECKPOINT.md,REF:CYCLE008_ACCEPTED,REF:CYCLE008_SCOPE,unresolved,,REF:CYCLE008_LIMITS,HIGH,REF:EVENT:BA:event:836:045,1,7,0
BA:event:836:046,event,MANDATORY_COMPLETE_REVIEW,02_CANONICAL_STORIES/EVENT/EVENT_836/EPISODE_046_11134040.md,cde0a4346b4aa4bba793a1491abd97b4a781479cb4affdf926b633c3d5a2c10b,ADMITTED,series/blue-archive/02 Sequential Readings/EVENTS/EVENT_836/BLUE_ARCHIVE_EVENT_836_CONTEXTUALIZATION_CHECKPOINT.md,REF:CYCLE008_ACCEPTED,REF:CYCLE008_SCOPE,unresolved,,REF:CYCLE008_LIMITS,HIGH,REF:EVENT:BA:event:836:046,1,7,0
BA:event:836:047,event,MANDATORY_COMPLETE_REVIEW,02_CANONICAL_STORIES/EVENT/EVENT_836/EPISODE_047_11334050.md,c6f7556f3f0dfe9f55c07713dabdf35d78bb9b22acc78e0ce0795087bf5ee1b1,ADMITTED,series/blue-archive/02 Sequential Readings/EVENTS/EVENT_836/BLUE_ARCHIVE_EVENT_836_CONTEXTUALIZATION_CHECKPOINT.md,REF:CYCLE008_ACCEPTED,REF:CYCLE008_SCOPE,unresolved,,REF:CYCLE008_LIMITS,CORE,REF:EVENT:BA:event:836:047,1,7,0
BA:event:837:001,event,MANDATORY_COMPLETE_REVIEW,02_CANONICAL_STORIES/EVENT/EVENT_837/EPISODE_001_10035005.md,ddfe5eafecece3191136aeacbe8e7c82f84ae6ed483028e1afc17508f16d4b26,ADMITTED,series/blue-archive/02 Sequential Readings/EVENTS/EVENT_837/BLUE_ARCHIVE_EVENT_837_CONTEXTUALIZATION_CHECKPOINT.md,REF:CYCLE008_ACCEPTED,REF:CYCLE008_SCOPE,unresolved,,REF:CYCLE008_LIMITS,HIGH,REF:EVENT:BA:event:837:001,1,50,0
BA:event:837:002,event,MANDATORY_COMPLETE_REVIEW,02_CANONICAL_STORIES/EVENT/EVENT_837/EPISODE_002_10035010.md,bca16fba30ad59684a9c8f544a7359216cfbf86723f96ee48a5d9500d99dc698,ADMITTED,series/blue-archive/02 Sequential Readings/EVENTS/EVENT_837/BLUE_ARCHIVE_EVENT_837_CONTEXTUALIZATION_CHECKPOINT.md,REF:CYCLE008_ACCEPTED,REF:CYCLE008_SCOPE,unresolved,,REF:CYCLE008_LIMITS,CORE,REF:EVENT:BA:event:837:002,1,117,6
BA:event:837:003,event,MANDATORY_COMPLETE_REVIEW,02_CANONICAL_STORIES/EVENT/EVENT_837/EPISODE_003_10035020.md,4fb65ce131d54c3b1999bd377697e3823bcee55713645d2d980a9fa073737666,ADMITTED,series/blue-archive/02 Sequential Readings/EVENTS/EVENT_837/BLUE_ARCHIVE_EVENT_837_CONTEXTUALIZATION_CHECKPOINT.md,REF:CYCLE008_ACCEPTED,REF:CYCLE008_SCOPE,unresolved,,REF:CYCLE008_LIMITS,CORE,REF:EVENT:BA:event:837:003,1,125,2
BA:event:837:004,event,MANDATORY_COMPLETE_REVIEW,02_CANONICAL_STORIES/EVENT/EVENT_837/EPISODE_004_10035030.md,99f5f2007a7f3cbb5c0f30539b72565ddc06f550ec3702ae4e4b24bc5bcd178f,ADMITTED,series/blue-archive/02 Sequential Readings/EVENTS/EVENT_837/BLUE_ARCHIVE_EVENT_837_CONTEXTUALIZATION_CHECKPOINT.md,REF:CYCLE008_ACCEPTED,REF:CYCLE008_SCOPE,unresolved,,REF:CYCLE008_LIMITS,CORE,REF:EVENT:BA:event:837:004,1,127,6
BA:event:837:005,event,MANDATORY_COMPLETE_REVIEW,02_CANONICAL_STORIES/EVENT/EVENT_837/EPISODE_005_10035040.md,1c6a0f9fac03d3003dc23bb343c2c0051b9771d3a158d9e0b44bc922be57db23,ADMITTED,series/blue-archive/02 Sequential Readings/EVENTS/EVENT_837/BLUE_ARCHIVE_EVENT_837_CONTEXTUALIZATION_CHECKPOINT.md,REF:CYCLE008_ACCEPTED,REF:CYCLE008_SCOPE,unresolved,,REF:CYCLE008_LIMITS,CORE,REF:EVENT:BA:event:837:005,1,93,4
BA:event:837:006,event,MANDATORY_COMPLETE_REVIEW,02_CANONICAL_STORIES/EVENT/EVENT_837/EPISODE_006_10035050.md,1ab372c4cbdfad47b0db49ab7fd8f4c2b9fe0efeb11a520a762425599a0b8096,ADMITTED,series/blue-archive/02 Sequential Readings/EVENTS/EVENT_837/BLUE_ARCHIVE_EVENT_837_CONTEXTUALIZATION_CHECKPOINT.md,REF:CYCLE008_ACCEPTED,REF:CYCLE008_SCOPE,unresolved,,REF:CYCLE008_LIMITS,CORE,REF:EVENT:BA:event:837:006,1,77,5
BA:event:837:007,event,MANDATORY_COMPLETE_REVIEW,02_CANONICAL_STORIES/EVENT/EVENT_837/EPISODE_007_10035060.md,dca7a1706ec28c2b9c9cf94b267ded702cd9afa5b15b27bf8ad10521f1bcf8af,ADMITTED,series/blue-archive/02 Sequential Readings/EVENTS/EVENT_837/BLUE_ARCHIVE_EVENT_837_CONTEXTUALIZATION_CHECKPOINT.md,REF:CYCLE008_ACCEPTED,REF:CYCLE008_SCOPE,unresolved,,REF:CYCLE008_LIMITS,CORE,REF:EVENT:BA:event:837:007,1,82,9
BA:event:837:008,event,MANDATORY_COMPLETE_REVIEW,02_CANONICAL_STORIES/EVENT/EVENT_837/EPISODE_008_10035070.md,0cde16f6ba1e7ebd4f9a3a34748379d8dd94898a1fb29f7341ae74b1fa3725ef,ADMITTED,series/blue-archive/02 Sequential Readings/EVENTS/EVENT_837/BLUE_ARCHIVE_EVENT_837_CONTEXTUALIZATION_CHECKPOINT.md,REF:CYCLE008_ACCEPTED,REF:CYCLE008_SCOPE,unresolved,,REF:CYCLE008_LIMITS,CORE,REF:EVENT:BA:event:837:008,1,38,0
BA:event:837:009,event,MANDATORY_COMPLETE_REVIEW,02_CANONICAL_STORIES/EVENT/EVENT_837/EPISODE_009_10035075.md,397f8bac494645588f0eccc4bc04af512024985413418bf1dd5c0e19e8689ef1,ADMITTED,series/blue-archive/02 Sequential Readings/EVENTS/EVENT_837/BLUE_ARCHIVE_EVENT_837_CONTEXTUALIZATION_CHECKPOINT.md,REF:CYCLE008_ACCEPTED,REF:CYCLE008_SCOPE,unresolved,,REF:CYCLE008_LIMITS,HIGH,REF:EVENT:BA:event:837:009,1,37,2
BA:event:837:010,event,MANDATORY_COMPLETE_REVIEW,02_CANONICAL_STORIES/EVENT/EVENT_837/EPISODE_010_10035080.md,a8648126330a696dbf7dbbb70343b06167826c05b18f5ab7207a0e6a53bbc4b6,ADMITTED,series/blue-archive/02 Sequential Readings/EVENTS/EVENT_837/BLUE_ARCHIVE_EVENT_837_CONTEXTUALIZATION_CHECKPOINT.md,REF:CYCLE008_ACCEPTED,REF:CYCLE008_SCOPE,unresolved,,REF:CYCLE008_LIMITS,CORE,REF:EVENT:BA:event:837:010,1,88,5
BA:event:837:011,event,MANDATORY_COMPLETE_REVIEW,02_CANONICAL_STORIES/EVENT/EVENT_837/EPISODE_011_10035090.md,3e739651b798c9fcb478594cf2c1e5e293b5b44c37d4647aec753c78466daadb,ADMITTED,series/blue-archive/02 Sequential Readings/EVENTS/EVENT_837/BLUE_ARCHIVE_EVENT_837_CONTEXTUALIZATION_CHECKPOINT.md,REF:CYCLE008_ACCEPTED,REF:CYCLE008_SCOPE,unresolved,,REF:CYCLE008_LIMITS,CORE,REF:EVENT:BA:event:837:011,1,36,1
BA:event:837:012,event,MANDATORY_COMPLETE_REVIEW,02_CANONICAL_STORIES/EVENT/EVENT_837/EPISODE_012_10035095.md,2112cd6d185c614804c22aa51e14ffee298d32ba9a1dd48d912c2f559858d785,ADMITTED,series/blue-archive/02 Sequential Readings/EVENTS/EVENT_837/BLUE_ARCHIVE_EVENT_837_CONTEXTUALIZATION_CHECKPOINT.md,REF:CYCLE008_ACCEPTED,REF:CYCLE008_SCOPE,unresolved,,REF:CYCLE008_LIMITS,CORE,REF:EVENT:BA:event:837:012,1,56,1
BA:event:837:013,event,MANDATORY_COMPLETE_REVIEW,02_CANONICAL_STORIES/EVENT/EVENT_837/EPISODE_013_10035100.md,70f1e99864909aaa48ebda0e72b13e8adae6c8b53a524dc30338249530aa94a2,ADMITTED,series/blue-archive/02 Sequential Readings/EVENTS/EVENT_837/BLUE_ARCHIVE_EVENT_837_CONTEXTUALIZATION_CHECKPOINT.md,REF:CYCLE008_ACCEPTED,REF:CYCLE008_SCOPE,unresolved,,REF:CYCLE008_LIMITS,CORE,REF:EVENT:BA:event:837:013,1,108,3
BA:event:837:014,event,MANDATORY_COMPLETE_REVIEW,02_CANONICAL_STORIES/EVENT/EVENT_837/EPISODE_014_10035110.md,a9f4c82e3c8b879ec8a2bf2b3a380f75df285267beec8751ecacde7d1b744ae0,ADMITTED,series/blue-archive/02 Sequential Readings/EVENTS/EVENT_837/BLUE_ARCHIVE_EVENT_837_CONTEXTUALIZATION_CHECKPOINT.md,REF:CYCLE008_ACCEPTED,REF:CYCLE008_SCOPE,unresolved,,REF:CYCLE008_LIMITS,CORE,REF:EVENT:BA:event:837:014,1,55,0
BA:event:837:015,event,MANDATORY_COMPLETE_REVIEW,02_CANONICAL_STORIES/EVENT/EVENT_837/EPISODE_015_10035120.md,0e7d7015ac1a368304aef7258bb4dea3424c45742ac5a59b22dd448575554e20,ADMITTED,series/blue-archive/02 Sequential Readings/EVENTS/EVENT_837/BLUE_ARCHIVE_EVENT_837_CONTEXTUALIZATION_CHECKPOINT.md,REF:CYCLE008_ACCEPTED,REF:CYCLE008_SCOPE,unresolved,,REF:CYCLE008_LIMITS,HIGH,REF:EVENT:BA:event:837:015,1,50,0
BA:event:837:016,event,MANDATORY_COMPLETE_REVIEW,02_CANONICAL_STORIES/EVENT/EVENT_837/EPISODE_016_10035130.md,46b25df96a2f7f07b5d846a7ab5de3aab7869ddc7070bdd2ed875cb4d7d87d07,ADMITTED,series/blue-archive/02 Sequential Readings/EVENTS/EVENT_837/BLUE_ARCHIVE_EVENT_837_CONTEXTUALIZATION_CHECKPOINT.md,REF:CYCLE008_ACCEPTED,REF:CYCLE008_SCOPE,unresolved,,REF:CYCLE008_LIMITS,CORE,REF:EVENT:BA:event:837:016,1,73,0
BA:event:837:017,event,MANDATORY_COMPLETE_REVIEW,02_CANONICAL_STORIES/EVENT/EVENT_837/EPISODE_017_10035140.md,19243855ffad3b58b262bed248b45210225e3fbc69b6156a02592db0777c7b28,ADMITTED,series/blue-archive/02 Sequential Readings/EVENTS/EVENT_837/BLUE_ARCHIVE_EVENT_837_CONTEXTUALIZATION_CHECKPOINT.md,REF:CYCLE008_ACCEPTED,REF:CYCLE008_SCOPE,unresolved,,REF:CYCLE008_LIMITS,CORE,REF:EVENT:BA:event:837:017,1,61,0
BA:event:837:018,event,MANDATORY_COMPLETE_REVIEW,02_CANONICAL_STORIES/EVENT/EVENT_837/EPISODE_018_10035150.md,d33a3fe83bce0999f8056941eed6f15b5cf81562a7a23c403e5c1e8f45a36a10,ADMITTED,series/blue-archive/02 Sequential Readings/EVENTS/EVENT_837/BLUE_ARCHIVE_EVENT_837_CONTEXTUALIZATION_CHECKPOINT.md,REF:CYCLE008_ACCEPTED,REF:CYCLE008_SCOPE,unresolved,,REF:CYCLE008_LIMITS,CORE,REF:EVENT:BA:event:837:018,1,67,0
BA:event:837:019,event,MANDATORY_COMPLETE_REVIEW,02_CANONICAL_STORIES/EVENT/EVENT_837/EPISODE_019_10035160.md,5160aa7176a76cf882a91aee843b41c013bb4ef12ca2040facfb62284a958e7a,ADMITTED,series/blue-archive/02 Sequential Readings/EVENTS/EVENT_837/BLUE_ARCHIVE_EVENT_837_CONTEXTUALIZATION_CHECKPOINT.md,REF:CYCLE008_ACCEPTED,REF:CYCLE008_SCOPE,unresolved,,REF:CYCLE008_LIMITS,CORE,REF:EVENT:BA:event:837:019,1,77,0
BA:event:838:001,event,MANDATORY_COMPLETE_REVIEW,02_CANONICAL_STORIES/EVENT/EVENT_838/EPISODE_001_10036005.md,d22ceeab56d028acc6102f47995a981087fcd1ad8a4a789ad0ffc869a3fadf39,ADMITTED,series/blue-archive/02 Sequential Readings/EVENTS/EVENT_838/BLUE_ARCHIVE_EVENT_838_CONTEXTUALIZATION_CHECKPOINT.md,REF:CYCLE008_ACCEPTED,REF:CYCLE008_SCOPE,unresolved,,REF:CYCLE008_LIMITS,CORE,REF:EVENT:BA:event:838:001,1,46,0
BA:event:838:002,event,MANDATORY_COMPLETE_REVIEW,02_CANONICAL_STORIES/EVENT/EVENT_838/EPISODE_002_10036010.md,7210d3de221cd1739070ab7ff15b3b33fd00ca57c3f90b03e2c473cc7a31ca75,ADMITTED,series/blue-archive/02 Sequential Readings/EVENTS/EVENT_838/BLUE_ARCHIVE_EVENT_838_CONTEXTUALIZATION_CHECKPOINT.md,REF:CYCLE008_ACCEPTED,REF:CYCLE008_SCOPE,unresolved,,REF:CYCLE008_LIMITS,CORE,REF:EVENT:BA:event:838:002,1,56,1
BA:event:838:003,event,MANDATORY_COMPLETE_REVIEW,02_CANONICAL_STORIES/EVENT/EVENT_838/EPISODE_003_10036020.md,1d98c3699dd4c6c77e7699eff2aaf87abde8c55c77790812307773974508c7ed,ADMITTED,series/blue-archive/02 Sequential Readings/EVENTS/EVENT_838/BLUE_ARCHIVE_EVENT_838_CONTEXTUALIZATION_CHECKPOINT.md,REF:CYCLE008_ACCEPTED,REF:CYCLE008_SCOPE,unresolved,,REF:CYCLE008_LIMITS,CORE,REF:EVENT:BA:event:838:003,1,141,21
BA:event:838:004,event,MANDATORY_COMPLETE_REVIEW,02_CANONICAL_STORIES/EVENT/EVENT_838/EPISODE_004_10036030.md,e3469a7a37933bcd21d1bac9490ad5f254f68d440724185c5d845122e3ab70cc,ADMITTED,series/blue-archive/02 Sequential Readings/EVENTS/EVENT_838/BLUE_ARCHIVE_EVENT_838_CONTEXTUALIZATION_CHECKPOINT.md,REF:CYCLE008_ACCEPTED,REF:CYCLE008_SCOPE,unresolved,,REF:CYCLE008_LIMITS,CORE,REF:EVENT:BA:event:838:004,1,129,6
BA:event:838:005,event,MANDATORY_COMPLETE_REVIEW,02_CANONICAL_STORIES/EVENT/EVENT_838/EPISODE_005_10036035.md,062920c1e7c8597838b3337f426beb346ddb5e1342f144eada9f473d72aae32e,ADMITTED,series/blue-archive/02 Sequential Readings/EVENTS/EVENT_838/BLUE_ARCHIVE_EVENT_838_CONTEXTUALIZATION_CHECKPOINT.md,REF:CYCLE008_ACCEPTED,REF:CYCLE008_SCOPE,unresolved,,REF:CYCLE008_LIMITS,CORE,REF:EVENT:BA:event:838:005,1,59,6
BA:event:838:006,event,MANDATORY_COMPLETE_REVIEW,02_CANONICAL_STORIES/EVENT/EVENT_838/EPISODE_006_10036040.md,3fe1fa969013ae9a27f20c03c5deb0d7bbccd6bcdbef7e5015f07772650fe75e,ADMITTED,series/blue-archive/02 Sequential Readings/EVENTS/EVENT_838/BLUE_ARCHIVE_EVENT_838_CONTEXTUALIZATION_CHECKPOINT.md,REF:CYCLE008_ACCEPTED,REF:CYCLE008_SCOPE,unresolved,,REF:CYCLE008_LIMITS,CORE,REF:EVENT:BA:event:838:006,2,139,9
BA:event:838:007,event,MANDATORY_COMPLETE_REVIEW,02_CANONICAL_STORIES/EVENT/EVENT_838/EPISODE_007_10036045.md,ce2699ca1c56a4fb32b2fe1ca69ef0cbc47ee1e1dd99d23bc0400c4c6ffba007,ADMITTED,series/blue-archive/02 Sequential Readings/EVENTS/EVENT_838/BLUE_ARCHIVE_EVENT_838_CONTEXTUALIZATION_CHECKPOINT.md,REF:CYCLE008_ACCEPTED,REF:CYCLE008_SCOPE,unresolved,,REF:CYCLE008_LIMITS,CORE,REF:EVENT:BA:event:838:007,1,45,4
BA:event:838:008,event,MANDATORY_COMPLETE_REVIEW,02_CANONICAL_STORIES/EVENT/EVENT_838/EPISODE_008_10036050.md,d7a1d3f7b848c505fc37da2b87d8fa3a2fcc6e1248183bca3962371696c7b9c7,ADMITTED,series/blue-archive/02 Sequential Readings/EVENTS/EVENT_838/BLUE_ARCHIVE_EVENT_838_CONTEXTUALIZATION_CHECKPOINT.md,REF:CYCLE008_ACCEPTED,REF:CYCLE008_SCOPE,unresolved,,REF:CYCLE008_LIMITS,CORE,REF:EVENT:BA:event:838:008,1,115,6
BA:event:838:009,event,MANDATORY_COMPLETE_REVIEW,02_CANONICAL_STORIES/EVENT/EVENT_838/EPISODE_009_10036055.md,a3420f95c2312ea97cf62b035b3413d46dad3b8a74c172b560ca95bd24b6d328,ADMITTED,series/blue-archive/02 Sequential Readings/EVENTS/EVENT_838/BLUE_ARCHIVE_EVENT_838_CONTEXTUALIZATION_CHECKPOINT.md,REF:CYCLE008_ACCEPTED,REF:CYCLE008_SCOPE,unresolved,,REF:CYCLE008_LIMITS,CORE,REF:EVENT:BA:event:838:009,1,23,2
BA:event:838:010,event,MANDATORY_COMPLETE_REVIEW,02_CANONICAL_STORIES/EVENT/EVENT_838/EPISODE_010_10036060.md,7071d63bf35894919b88335e70c965a36950880e2b3f5db833f10fb95557908b,ADMITTED,series/blue-archive/02 Sequential Readings/EVENTS/EVENT_838/BLUE_ARCHIVE_EVENT_838_CONTEXTUALIZATION_CHECKPOINT.md,REF:CYCLE008_ACCEPTED,REF:CYCLE008_SCOPE,unresolved,,REF:CYCLE008_LIMITS,CORE,REF:EVENT:BA:event:838:010,1,103,8
BA:event:838:011,event,MANDATORY_COMPLETE_REVIEW,02_CANONICAL_STORIES/EVENT/EVENT_838/EPISODE_011_10036070.md,94b61c87e6d3add6035413ac3b4bb061e6aff2883e793afea99f628837f3be0f,ADMITTED,series/blue-archive/02 Sequential Readings/EVENTS/EVENT_838/BLUE_ARCHIVE_EVENT_838_CONTEXTUALIZATION_CHECKPOINT.md,REF:CYCLE008_ACCEPTED,REF:CYCLE008_SCOPE,unresolved,,REF:CYCLE008_LIMITS,CORE,REF:EVENT:BA:event:838:011,1,143,2
BA:event:838:012,event,MANDATORY_COMPLETE_REVIEW,02_CANONICAL_STORIES/EVENT/EVENT_838/EPISODE_012_10036080.md,b5e2d240a5f9e3569302dad12e139cb1089ea6fea5e4327353c7b25843012de3,ADMITTED,series/blue-archive/02 Sequential Readings/EVENTS/EVENT_838/BLUE_ARCHIVE_EVENT_838_CONTEXTUALIZATION_CHECKPOINT.md,REF:CYCLE008_ACCEPTED,REF:CYCLE008_SCOPE,unresolved,,REF:CYCLE008_LIMITS,CORE,REF:EVENT:BA:event:838:012,1,65,3
BA:event:838:013,event,MANDATORY_COMPLETE_REVIEW,02_CANONICAL_STORIES/EVENT/EVENT_838/EPISODE_013_10036090.md,0979cc6499a0ff8ccc8034031b0c9a5a7c045b02669f2e46964c892b920a18f6,ADMITTED,series/blue-archive/02 Sequential Readings/EVENTS/EVENT_838/BLUE_ARCHIVE_EVENT_838_CONTEXTUALIZATION_CHECKPOINT.md,REF:CYCLE008_ACCEPTED,REF:CYCLE008_SCOPE,unresolved,,REF:CYCLE008_LIMITS,CORE,REF:EVENT:BA:event:838:013,1,59,3
BA:event:838:014,event,MANDATORY_COMPLETE_REVIEW,02_CANONICAL_STORIES/EVENT/EVENT_838/EPISODE_014_10036095.md,b07acdf4be2c77ba0b510151506792e46f67f1e721a7627afa276bf6da59e599,ADMITTED,series/blue-archive/02 Sequential Readings/EVENTS/EVENT_838/BLUE_ARCHIVE_EVENT_838_CONTEXTUALIZATION_CHECKPOINT.md,REF:CYCLE008_ACCEPTED,REF:CYCLE008_SCOPE,unresolved,,REF:CYCLE008_LIMITS,CORE,REF:EVENT:BA:event:838:014,1,54,4
BA:event:838:015,event,MANDATORY_COMPLETE_REVIEW,02_CANONICAL_STORIES/EVENT/EVENT_838/EPISODE_015_10036100.md,fa68319c5aade4cf50afb13e003ae8858d12bac551910abaddc0036ab02f26f3,ADMITTED,series/blue-archive/02 Sequential Readings/EVENTS/EVENT_838/BLUE_ARCHIVE_EVENT_838_CONTEXTUALIZATION_CHECKPOINT.md,REF:CYCLE008_ACCEPTED,REF:CYCLE008_SCOPE,unresolved,,REF:CYCLE008_LIMITS,CORE,REF:EVENT:BA:event:838:015,1,55,7
BA:event:838:016,event,MANDATORY_COMPLETE_REVIEW,02_CANONICAL_STORIES/EVENT/EVENT_838/EPISODE_016_10036110.md,8d66ca5170e4ace20bd091ca5b487cfc48de6058b5c81ec4e241e3613c968348,ADMITTED,series/blue-archive/02 Sequential Readings/EVENTS/EVENT_838/BLUE_ARCHIVE_EVENT_838_CONTEXTUALIZATION_CHECKPOINT.md,REF:CYCLE008_ACCEPTED,REF:CYCLE008_SCOPE,unresolved,,REF:CYCLE008_LIMITS,CORE,REF:EVENT:BA:event:838:016,1,58,6
BA:event:838:017,event,MANDATORY_COMPLETE_REVIEW,02_CANONICAL_STORIES/EVENT/EVENT_838/EPISODE_017_10036120.md,4c9402244aa74be6c041169f4a414d7c8e1eafb6e08a488cf7ecef1f32f165d5,ADMITTED,series/blue-archive/02 Sequential Readings/EVENTS/EVENT_838/BLUE_ARCHIVE_EVENT_838_CONTEXTUALIZATION_CHECKPOINT.md,REF:CYCLE008_ACCEPTED,REF:CYCLE008_SCOPE,unresolved,,REF:CYCLE008_LIMITS,HIGH,REF:EVENT:BA:event:838:017,1,39,0
BA:event:838:018,event,MANDATORY_COMPLETE_REVIEW,02_CANONICAL_STORIES/EVENT/EVENT_838/EPISODE_018_10036130.md,ca8bf40ab6950458a7e714ea8f76bd8462356efbb431a5db405baf9927a36273,ADMITTED,series/blue-archive/02 Sequential Readings/EVENTS/EVENT_838/BLUE_ARCHIVE_EVENT_838_CONTEXTUALIZATION_CHECKPOINT.md,REF:CYCLE008_ACCEPTED,REF:CYCLE008_SCOPE,unresolved,,REF:CYCLE008_LIMITS,HIGH,REF:EVENT:BA:event:838:018,1,25,0
BA:event:838:019,event,MANDATORY_COMPLETE_REVIEW,02_CANONICAL_STORIES/EVENT/EVENT_838/EPISODE_019_10036140.md,5b137e84aaad76fb9ebe002a9d5fe64fc63db06648429e8e6d3f8333537e8d04,ADMITTED,series/blue-archive/02 Sequential Readings/EVENTS/EVENT_838/BLUE_ARCHIVE_EVENT_838_CONTEXTUALIZATION_CHECKPOINT.md,REF:CYCLE008_ACCEPTED,REF:CYCLE008_SCOPE,unresolved,,REF:CYCLE008_LIMITS,HIGH,REF:EVENT:BA:event:838:019,1,16,0
BA:event:838:020,event,MANDATORY_COMPLETE_REVIEW,02_CANONICAL_STORIES/EVENT/EVENT_838/EPISODE_020_10036150.md,d063c8f01582d2814478cac4878b4e1112bd2392433fbd580d896e2e4b599f78,ADMITTED,series/blue-archive/02 Sequential Readings/EVENTS/EVENT_838/BLUE_ARCHIVE_EVENT_838_CONTEXTUALIZATION_CHECKPOINT.md,REF:CYCLE008_ACCEPTED,REF:CYCLE008_SCOPE,unresolved,,REF:CYCLE008_LIMITS,HIGH,REF:EVENT:BA:event:838:020,1,31,0
BA:event:838:021,event,MANDATORY_COMPLETE_REVIEW,02_CANONICAL_STORIES/EVENT/EVENT_838/EPISODE_021_10036160.md,01bbf42f3d81b53ec9793555a599f18d3e6eb2d188ee1bda038b3d3518260469,ADMITTED,series/blue-archive/02 Sequential Readings/EVENTS/EVENT_838/BLUE_ARCHIVE_EVENT_838_CONTEXTUALIZATION_CHECKPOINT.md,REF:CYCLE008_ACCEPTED,REF:CYCLE008_SCOPE,unresolved,,REF:CYCLE008_LIMITS,CORE,REF:EVENT:BA:event:838:021,1,45,0
BA:event:839:001,event,MANDATORY_COMPLETE_REVIEW,02_CANONICAL_STORIES/EVENT/EVENT_839/EPISODE_001_10037005.md,7c53c5f9216bd79f5208bd7a95ec4a934f2b0a8f528f3653c5eadb12a73f3565,ADMITTED,series/blue-archive/02 Sequential Readings/EVENTS/EVENT_839/BLUE_ARCHIVE_EVENT_839_CONTEXTUALIZATION_CHECKPOINT.md,REF:CYCLE008_ACCEPTED,REF:CYCLE008_SCOPE,unresolved,,REF:CYCLE008_LIMITS,HIGH,REF:EVENT:BA:event:839:001,1,52,0
BA:event:839:002,event,MANDATORY_COMPLETE_REVIEW,02_CANONICAL_STORIES/EVENT/EVENT_839/EPISODE_002_10037010.md,6e4f969d5959f6086d9212e6eef84301587379ca155a617c50f77333271d6b85,ADMITTED,series/blue-archive/02 Sequential Readings/EVENTS/EVENT_839/BLUE_ARCHIVE_EVENT_839_CONTEXTUALIZATION_CHECKPOINT.md,REF:CYCLE008_ACCEPTED,REF:CYCLE008_SCOPE,unresolved,,REF:CYCLE008_LIMITS,CORE,REF:EVENT:BA:event:839:002,1,105,11
BA:event:839:003,event,MANDATORY_COMPLETE_REVIEW,02_CANONICAL_STORIES/EVENT/EVENT_839/EPISODE_003_10037020.md,724ebe94895848a0fb0ca88a92821e76475f5da1064b1ef5d291633b59fe2c55,ADMITTED,series/blue-archive/02 Sequential Readings/EVENTS/EVENT_839/BLUE_ARCHIVE_EVENT_839_CONTEXTUALIZATION_CHECKPOINT.md,REF:CYCLE008_ACCEPTED,REF:CYCLE008_SCOPE,unresolved,,REF:CYCLE008_LIMITS,CORE,REF:EVENT:BA:event:839:003,1,165,11
BA:event:839:004,event,MANDATORY_COMPLETE_REVIEW,02_CANONICAL_STORIES/EVENT/EVENT_839/EPISODE_004_10037030.md,86e64f7ef0267a04333c0602b8616a8217197e91ec07de805fdf9caf3d252bff,ADMITTED,series/blue-archive/02 Sequential Readings/EVENTS/EVENT_839/BLUE_ARCHIVE_EVENT_839_CONTEXTUALIZATION_CHECKPOINT.md,REF:CYCLE008_ACCEPTED,REF:CYCLE008_SCOPE,unresolved,,REF:CYCLE008_LIMITS,CORE,REF:EVENT:BA:event:839:004,1,169,6
BA:event:839:005,event,MANDATORY_COMPLETE_REVIEW,02_CANONICAL_STORIES/EVENT/EVENT_839/EPISODE_005_10037040.md,7a8c6ef37b877bc73bcee50a3ae13db95dae65663263b17d511dea935dab0325,ADMITTED,series/blue-archive/02 Sequential Readings/EVENTS/EVENT_839/BLUE_ARCHIVE_EVENT_839_CONTEXTUALIZATION_CHECKPOINT.md,REF:CYCLE008_ACCEPTED,REF:CYCLE008_SCOPE,unresolved,,REF:CYCLE008_LIMITS,CORE,REF:EVENT:BA:event:839:005,1,110,8
BA:event:839:006,event,MANDATORY_COMPLETE_REVIEW,02_CANONICAL_STORIES/EVENT/EVENT_839/EPISODE_006_10037050.md,6a81320692811e3d6a72706a274e058b750ecfceff7563d121fc8df6122064fc,ADMITTED,series/blue-archive/02 Sequential Readings/EVENTS/EVENT_839/BLUE_ARCHIVE_EVENT_839_CONTEXTUALIZATION_CHECKPOINT.md,REF:CYCLE008_ACCEPTED,REF:CYCLE008_SCOPE,unresolved,,REF:CYCLE008_LIMITS,CORE,REF:EVENT:BA:event:839:006,1,148,10
BA:event:839:007,event,MANDATORY_COMPLETE_REVIEW,02_CANONICAL_STORIES/EVENT/EVENT_839/EPISODE_007_10037060.md,618a47d1a2f6353bce0a2cb8f12847617bef14be556ec9e20888b3d349948496,ADMITTED,series/blue-archive/02 Sequential Readings/EVENTS/EVENT_839/BLUE_ARCHIVE_EVENT_839_CONTEXTUALIZATION_CHECKPOINT.md,REF:CYCLE008_ACCEPTED,REF:CYCLE008_SCOPE,unresolved,,REF:CYCLE008_LIMITS,CORE,REF:EVENT:BA:event:839:007,1,100,1
BA:event:839:008,event,MANDATORY_COMPLETE_REVIEW,02_CANONICAL_STORIES/EVENT/EVENT_839/EPISODE_008_10037070.md,ece3408b5b8494e32bac7c73906a8815e18cef1d76a774b6e7bedb2d7c4dea0d,ADMITTED,series/blue-archive/02 Sequential Readings/EVENTS/EVENT_839/BLUE_ARCHIVE_EVENT_839_CONTEXTUALIZATION_CHECKPOINT.md,REF:CYCLE008_ACCEPTED,REF:CYCLE008_SCOPE,unresolved,,REF:CYCLE008_LIMITS,CORE,REF:EVENT:BA:event:839:008,1,129,15
BA:event:839:009,event,MANDATORY_COMPLETE_REVIEW,02_CANONICAL_STORIES/EVENT/EVENT_839/EPISODE_009_10037080.md,20b247347527f2b9caff19d622cb588acbe03b78290cf62d1293dc3fa4091204,ADMITTED,series/blue-archive/02 Sequential Readings/EVENTS/EVENT_839/BLUE_ARCHIVE_EVENT_839_CONTEXTUALIZATION_CHECKPOINT.md,REF:CYCLE008_ACCEPTED,REF:CYCLE008_SCOPE,unresolved,,REF:CYCLE008_LIMITS,CORE,REF:EVENT:BA:event:839:009,1,143,0
BA:event:839:010,event,MANDATORY_COMPLETE_REVIEW,02_CANONICAL_STORIES/EVENT/EVENT_839/EPISODE_010_10037090.md,4d17b85801abe91d7c695ae171f528a1f8efd27ba907ddecebea499ce496731b,ADMITTED,series/blue-archive/02 Sequential Readings/EVENTS/EVENT_839/BLUE_ARCHIVE_EVENT_839_CONTEXTUALIZATION_CHECKPOINT.md,REF:CYCLE008_ACCEPTED,REF:CYCLE008_SCOPE,unresolved,,REF:CYCLE008_LIMITS,CORE,REF:EVENT:BA:event:839:010,1,42,0
BA:event:839:011,event,MANDATORY_COMPLETE_REVIEW,02_CANONICAL_STORIES/EVENT/EVENT_839/EPISODE_011_10037095.md,49b4d6b7a57335f7f0958037807b930236b2722c3969c7cd61b49c5980d9c1c0,ADMITTED,series/blue-archive/02 Sequential Readings/EVENTS/EVENT_839/BLUE_ARCHIVE_EVENT_839_CONTEXTUALIZATION_CHECKPOINT.md,REF:CYCLE008_ACCEPTED,REF:CYCLE008_SCOPE,unresolved,,REF:CYCLE008_LIMITS,CORE,REF:EVENT:BA:event:839:011,1,20,5
BA:event:839:012,event,MANDATORY_COMPLETE_REVIEW,02_CANONICAL_STORIES/EVENT/EVENT_839/EPISODE_012_10037100.md,6ec25d6dddf3b896c69b759c4aa03aa1100ac324d6a6a5faa58547e51c95725f,ADMITTED,series/blue-archive/02 Sequential Readings/EVENTS/EVENT_839/BLUE_ARCHIVE_EVENT_839_CONTEXTUALIZATION_CHECKPOINT.md,REF:CYCLE008_ACCEPTED,REF:CYCLE008_SCOPE,unresolved,,REF:CYCLE008_LIMITS,CORE,REF:EVENT:BA:event:839:012,1,29,0
BA:event:839:013,event,MANDATORY_COMPLETE_REVIEW,02_CANONICAL_STORIES/EVENT/EVENT_839/EPISODE_013_10037105.md,fa6100c4417a5028c2ec7fd57491c0b8debd7709a8e503dbdbc50f107c577563,ADMITTED,series/blue-archive/02 Sequential Readings/EVENTS/EVENT_839/BLUE_ARCHIVE_EVENT_839_CONTEXTUALIZATION_CHECKPOINT.md,REF:CYCLE008_ACCEPTED,REF:CYCLE008_SCOPE,unresolved,,REF:CYCLE008_LIMITS,CORE,REF:EVENT:BA:event:839:013,1,25,1
BA:event:839:014,event,MANDATORY_COMPLETE_REVIEW,02_CANONICAL_STORIES/EVENT/EVENT_839/EPISODE_014_10037110.md,fba9876172b1302bc78e465dfd1b3a0a3cfd9df51e23fad88d61cac055ef1165,ADMITTED,series/blue-archive/02 Sequential Readings/EVENTS/EVENT_839/BLUE_ARCHIVE_EVENT_839_CONTEXTUALIZATION_CHECKPOINT.md,REF:CYCLE008_ACCEPTED,REF:CYCLE008_SCOPE,unresolved,,REF:CYCLE008_LIMITS,CORE,REF:EVENT:BA:event:839:014,1,107,0
BA:event:839:015,event,MANDATORY_COMPLETE_REVIEW,02_CANONICAL_STORIES/EVENT/EVENT_839/EPISODE_015_10037115.md,e6be83dd24ad7e8613509b9dd52fe31a60707247f75dfed1c62bbb10d8f2d87a,ADMITTED,series/blue-archive/02 Sequential Readings/EVENTS/EVENT_839/BLUE_ARCHIVE_EVENT_839_CONTEXTUALIZATION_CHECKPOINT.md,REF:CYCLE008_ACCEPTED,REF:CYCLE008_SCOPE,unresolved,,REF:CYCLE008_LIMITS,HIGH,REF:EVENT:BA:event:839:015,1,18,0
BA:event:840:001,event,MANDATORY_COMPLETE_REVIEW,02_CANONICAL_STORIES/EVENT/EVENT_840/EPISODE_001_10038005.md,1f5c1f7f6d8a74e31d0b3f43b6e6611a0756a42a5774f94d7fef3ca5d46093be,ADMITTED,series/blue-archive/02 Sequential Readings/EVENTS/EVENT_840/BLUE_ARCHIVE_EVENT_840_CONTEXTUALIZATION_CHECKPOINT.md,REF:CYCLE008_ACCEPTED,REF:CYCLE008_SCOPE,unresolved,,REF:CYCLE008_LIMITS,CORE,REF:EVENT:BA:event:840:001,1,123,10
BA:event:840:002,event,MANDATORY_COMPLETE_REVIEW,02_CANONICAL_STORIES/EVENT/EVENT_840/EPISODE_002_10038010.md,662aab9549a4bd6f099a36edcac883bfbb885b0b56c7b4cbbf12f662184483af,ADMITTED,series/blue-archive/02 Sequential Readings/EVENTS/EVENT_840/BLUE_ARCHIVE_EVENT_840_CONTEXTUALIZATION_CHECKPOINT.md,REF:CYCLE008_ACCEPTED,REF:CYCLE008_SCOPE,unresolved,,REF:CYCLE008_LIMITS,CORE,REF:EVENT:BA:event:840:002,1,178,5
BA:event:840:003,event,MANDATORY_COMPLETE_REVIEW,02_CANONICAL_STORIES/EVENT/EVENT_840/EPISODE_003_10038020.md,42fc1d29ae382e53dd5d42ed835bc62b5329f79f3d34547b1a81088cf08aacff,ADMITTED,series/blue-archive/02 Sequential Readings/EVENTS/EVENT_840/BLUE_ARCHIVE_EVENT_840_CONTEXTUALIZATION_CHECKPOINT.md,REF:CYCLE008_ACCEPTED,REF:CYCLE008_SCOPE,unresolved,,REF:CYCLE008_LIMITS,CORE,REF:EVENT:BA:event:840:003,1,201,14
BA:event:840:004,event,MANDATORY_COMPLETE_REVIEW,02_CANONICAL_STORIES/EVENT/EVENT_840/EPISODE_004_10038030.md,c19d6132ca3d61a28b7c5e5bbf8e0652015d9ae26945869e595dba3e47d9b71e,ADMITTED,series/blue-archive/02 Sequential Readings/EVENTS/EVENT_840/BLUE_ARCHIVE_EVENT_840_CONTEXTUALIZATION_CHECKPOINT.md,REF:CYCLE008_ACCEPTED,REF:CYCLE008_SCOPE,unresolved,,REF:CYCLE008_LIMITS,CORE,REF:EVENT:BA:event:840:004,1,154,12
BA:event:840:005,event,MANDATORY_COMPLETE_REVIEW,02_CANONICAL_STORIES/EVENT/EVENT_840/EPISODE_005_10038040.md,279a7574f25ee1685b1bcb6172f43eee15918d93c01d896c5bf6b612788dd932,ADMITTED,series/blue-archive/02 Sequential Readings/EVENTS/EVENT_840/BLUE_ARCHIVE_EVENT_840_CONTEXTUALIZATION_CHECKPOINT.md,REF:CYCLE008_ACCEPTED,REF:CYCLE008_SCOPE,unresolved,,REF:CYCLE008_LIMITS,CORE,REF:EVENT:BA:event:840:005,1,78,0
BA:event:840:006,event,MANDATORY_COMPLETE_REVIEW,02_CANONICAL_STORIES/EVENT/EVENT_840/EPISODE_006_10038045.md,c09cd9dac496bcbeebba1c4043b0251e807ed9a3eb48a059f04274e157ad7899,ADMITTED,series/blue-archive/02 Sequential Readings/EVENTS/EVENT_840/BLUE_ARCHIVE_EVENT_840_CONTEXTUALIZATION_CHECKPOINT.md,REF:CYCLE008_ACCEPTED,REF:CYCLE008_SCOPE,unresolved,,REF:CYCLE008_LIMITS,CORE,REF:EVENT:BA:event:840:006,1,37,0
BA:event:840:007,event,MANDATORY_COMPLETE_REVIEW,02_CANONICAL_STORIES/EVENT/EVENT_840/EPISODE_007_10038050.md,b629c2ec2e7390211ec556952f58b6c33c55457412ac32527e312c8a1573a28d,ADMITTED,series/blue-archive/02 Sequential Readings/EVENTS/EVENT_840/BLUE_ARCHIVE_EVENT_840_CONTEXTUALIZATION_CHECKPOINT.md,REF:CYCLE008_ACCEPTED,REF:CYCLE008_SCOPE,unresolved,,REF:CYCLE008_LIMITS,CORE,REF:EVENT:BA:event:840:007,1,79,1
BA:event:840:008,event,MANDATORY_COMPLETE_REVIEW,02_CANONICAL_STORIES/EVENT/EVENT_840/EPISODE_008_10038055.md,6b6398afb25097ab4c52a8a78bb1c9bad0ce44052d42a19013004bb4e168393e,ADMITTED,series/blue-archive/02 Sequential Readings/EVENTS/EVENT_840/BLUE_ARCHIVE_EVENT_840_CONTEXTUALIZATION_CHECKPOINT.md,REF:CYCLE008_ACCEPTED,REF:CYCLE008_SCOPE,unresolved,,REF:CYCLE008_LIMITS,CORE,REF:EVENT:BA:event:840:008,1,69,1
BA:event:840:009,event,MANDATORY_COMPLETE_REVIEW,02_CANONICAL_STORIES/EVENT/EVENT_840/EPISODE_009_10038060.md,cd53c4f78de0df0f2bfc916de794a6102741cfcf21a2b67050b96de940f8feef,ADMITTED,series/blue-archive/02 Sequential Readings/EVENTS/EVENT_840/BLUE_ARCHIVE_EVENT_840_CONTEXTUALIZATION_CHECKPOINT.md,REF:CYCLE008_ACCEPTED,REF:CYCLE008_SCOPE,unresolved,,REF:CYCLE008_LIMITS,CORE,REF:EVENT:BA:event:840:009,1,170,8
BA:event:840:010,event,MANDATORY_COMPLETE_REVIEW,02_CANONICAL_STORIES/EVENT/EVENT_840/EPISODE_010_10038070.md,cc4046c6ba91ea46d45e618aeddf2c42b449405361ccafbd80cb2f80c0eb0cc9,ADMITTED,series/blue-archive/02 Sequential Readings/EVENTS/EVENT_840/BLUE_ARCHIVE_EVENT_840_CONTEXTUALIZATION_CHECKPOINT.md,REF:CYCLE008_ACCEPTED,REF:CYCLE008_SCOPE,unresolved,,REF:CYCLE008_LIMITS,CORE,REF:EVENT:BA:event:840:010,1,132,13
BA:event:840:011,event,MANDATORY_COMPLETE_REVIEW,02_CANONICAL_STORIES/EVENT/EVENT_840/EPISODE_011_10038080.md,08e7101993e7bd121b53e621b8009acffbb0b80a5ef79fcde4fc8710b83f65b3,ADMITTED,series/blue-archive/02 Sequential Readings/EVENTS/EVENT_840/BLUE_ARCHIVE_EVENT_840_CONTEXTUALIZATION_CHECKPOINT.md,REF:CYCLE008_ACCEPTED,REF:CYCLE008_SCOPE,unresolved,,REF:CYCLE008_LIMITS,CORE,REF:EVENT:BA:event:840:011,1,90,1
BA:event:840:012,event,MANDATORY_COMPLETE_REVIEW,02_CANONICAL_STORIES/EVENT/EVENT_840/EPISODE_012_10038085.md,b9ebe0c45cee6d2c6dc79259368ced8c289804efe9c6e2520980e6b9813a8120,ADMITTED,series/blue-archive/02 Sequential Readings/EVENTS/EVENT_840/BLUE_ARCHIVE_EVENT_840_CONTEXTUALIZATION_CHECKPOINT.md,REF:CYCLE008_ACCEPTED,REF:CYCLE008_SCOPE,unresolved,,REF:CYCLE008_LIMITS,CORE,REF:EVENT:BA:event:840:012,1,19,0
BA:event:840:013,event,MANDATORY_COMPLETE_REVIEW,02_CANONICAL_STORIES/EVENT/EVENT_840/EPISODE_013_10038090.md,d8f1618b1f004db7beeb3412131eb961ad4cd2d3daab4421887143a8682f7548,ADMITTED,series/blue-archive/02 Sequential Readings/EVENTS/EVENT_840/BLUE_ARCHIVE_EVENT_840_CONTEXTUALIZATION_CHECKPOINT.md,REF:CYCLE008_ACCEPTED,REF:CYCLE008_SCOPE,unresolved,,REF:CYCLE008_LIMITS,CORE,REF:EVENT:BA:event:840:013,1,26,0
BA:event:840:014,event,MANDATORY_COMPLETE_REVIEW,02_CANONICAL_STORIES/EVENT/EVENT_840/EPISODE_014_10038095.md,ac612209aff71df96494007966124a27b224334d5d29ecfe1c9e2536f5139457,ADMITTED,series/blue-archive/02 Sequential Readings/EVENTS/EVENT_840/BLUE_ARCHIVE_EVENT_840_CONTEXTUALIZATION_CHECKPOINT.md,REF:CYCLE008_ACCEPTED,REF:CYCLE008_SCOPE,unresolved,,REF:CYCLE008_LIMITS,CORE,REF:EVENT:BA:event:840:014,1,16,0
BA:event:840:015,event,MANDATORY_COMPLETE_REVIEW,02_CANONICAL_STORIES/EVENT/EVENT_840/EPISODE_015_10038100.md,9bd8a77b1f6c2c04e66933d8c9daea236744b9fdff7439d352149f5b6b3c9a69,ADMITTED,series/blue-archive/02 Sequential Readings/EVENTS/EVENT_840/BLUE_ARCHIVE_EVENT_840_CONTEXTUALIZATION_CHECKPOINT.md,REF:CYCLE008_ACCEPTED,REF:CYCLE008_SCOPE,unresolved,,REF:CYCLE008_LIMITS,CORE,REF:EVENT:BA:event:840:015,1,72,3
BA:event:840:016,event,MANDATORY_COMPLETE_REVIEW,02_CANONICAL_STORIES/EVENT/EVENT_840/EPISODE_016_10038105.md,d8cfcbd09dd057a52b88eb97d8ac6e468a3f7c319ac479bcd98226931a9a6498,ADMITTED,series/blue-archive/02 Sequential Readings/EVENTS/EVENT_840/BLUE_ARCHIVE_EVENT_840_CONTEXTUALIZATION_CHECKPOINT.md,REF:CYCLE008_ACCEPTED,REF:CYCLE008_SCOPE,unresolved,,REF:CYCLE008_LIMITS,CORE,REF:EVENT:BA:event:840:016,1,59,6
BA:event:840:017,event,MANDATORY_COMPLETE_REVIEW,02_CANONICAL_STORIES/EVENT/EVENT_840/EPISODE_017_10038110.md,5f974529dcbe4a9ecd3edc7e4e64efd4e60940457c7e50e464926252ea11f9e2,ADMITTED,series/blue-archive/02 Sequential Readings/EVENTS/EVENT_840/BLUE_ARCHIVE_EVENT_840_CONTEXTUALIZATION_CHECKPOINT.md,REF:CYCLE008_ACCEPTED,REF:CYCLE008_SCOPE,unresolved,,REF:CYCLE008_LIMITS,CORE,REF:EVENT:BA:event:840:017,1,106,0
BA:event:841:001,event,MANDATORY_COMPLETE_REVIEW,02_CANONICAL_STORIES/EVENT/EVENT_841/EPISODE_001_10039005.md,fbe91402965f7cf1febcee2eb8b47c0d3810a1013ed5efe83ec05d704e0b226d,ADMITTED,series/blue-archive/02 Sequential Readings/EVENTS/EVENT_841/BLUE_ARCHIVE_EVENT_841_CONTEXTUALIZATION_CHECKPOINT.md,REF:CYCLE008_ACCEPTED,REF:CYCLE008_SCOPE,unresolved,,REF:CYCLE008_LIMITS,HIGH,REF:EVENT:BA:event:841:001,1,36,0
BA:event:841:002,event,MANDATORY_COMPLETE_REVIEW,02_CANONICAL_STORIES/EVENT/EVENT_841/EPISODE_002_10039010.md,eab16bb2bf3cb80b1f4a2241ac71e5ab9c58695b480cd8d48cdb9f41755ad2b7,ADMITTED,series/blue-archive/02 Sequential Readings/EVENTS/EVENT_841/BLUE_ARCHIVE_EVENT_841_CONTEXTUALIZATION_CHECKPOINT.md,REF:CYCLE008_ACCEPTED,REF:CYCLE008_SCOPE,unresolved,,REF:CYCLE008_LIMITS,CORE,REF:EVENT:BA:event:841:002,1,158,2
BA:event:841:003,event,MANDATORY_COMPLETE_REVIEW,02_CANONICAL_STORIES/EVENT/EVENT_841/EPISODE_003_10039020.md,dd2842e3241b48f2a78f98f7a2897843f87d179e7faf74d20941d7650320f96e,ADMITTED,series/blue-archive/02 Sequential Readings/EVENTS/EVENT_841/BLUE_ARCHIVE_EVENT_841_CONTEXTUALIZATION_CHECKPOINT.md,REF:CYCLE008_ACCEPTED,REF:CYCLE008_SCOPE,unresolved,,REF:CYCLE008_LIMITS,HIGH,REF:EVENT:BA:event:841:003,1,83,3
BA:event:841:004,event,MANDATORY_COMPLETE_REVIEW,02_CANONICAL_STORIES/EVENT/EVENT_841/EPISODE_004_10039025.md,221b025b8b53cc392dc0b78d4da94d5245b3565878f4763e3ace3a6e54ba7913,ADMITTED,series/blue-archive/02 Sequential Readings/EVENTS/EVENT_841/BLUE_ARCHIVE_EVENT_841_CONTEXTUALIZATION_CHECKPOINT.md,REF:CYCLE008_ACCEPTED,REF:CYCLE008_SCOPE,unresolved,,REF:CYCLE008_LIMITS,CORE,REF:EVENT:BA:event:841:004,1,59,3
BA:event:841:005,event,MANDATORY_COMPLETE_REVIEW,02_CANONICAL_STORIES/EVENT/EVENT_841/EPISODE_005_10039030.md,77bd4c66c918cea3b09dcefead5499eef7e187c8aa7f11e7813f9a413af1af65,ADMITTED,series/blue-archive/02 Sequential Readings/EVENTS/EVENT_841/BLUE_ARCHIVE_EVENT_841_CONTEXTUALIZATION_CHECKPOINT.md,REF:CYCLE008_ACCEPTED,REF:CYCLE008_SCOPE,unresolved,,REF:CYCLE008_LIMITS,HIGH,REF:EVENT:BA:event:841:005,1,109,1
BA:event:841:006,event,MANDATORY_COMPLETE_REVIEW,02_CANONICAL_STORIES/EVENT/EVENT_841/EPISODE_006_10039035.md,2435ea59da9ef556bac684d483a905457faf878f0cd3836ed6a86546d914226d,ADMITTED,series/blue-archive/02 Sequential Readings/EVENTS/EVENT_841/BLUE_ARCHIVE_EVENT_841_CONTEXTUALIZATION_CHECKPOINT.md,REF:CYCLE008_ACCEPTED,REF:CYCLE008_SCOPE,unresolved,,REF:CYCLE008_LIMITS,HIGH,REF:EVENT:BA:event:841:006,1,27,2
BA:event:841:007,event,MANDATORY_COMPLETE_REVIEW,02_CANONICAL_STORIES/EVENT/EVENT_841/EPISODE_007_10039040.md,6d1782b48033cb5f778e72729f1027cd8d53d0a801f680cfecbeee49e78b6c08,ADMITTED,series/blue-archive/02 Sequential Readings/EVENTS/EVENT_841/BLUE_ARCHIVE_EVENT_841_CONTEXTUALIZATION_CHECKPOINT.md,REF:CYCLE008_ACCEPTED,REF:CYCLE008_SCOPE,unresolved,,REF:CYCLE008_LIMITS,CORE,REF:EVENT:BA:event:841:007,1,131,5
BA:event:841:008,event,MANDATORY_COMPLETE_REVIEW,02_CANONICAL_STORIES/EVENT/EVENT_841/EPISODE_008_10039050.md,9bf680a88513c1df56e57da0be985c54567c3ed8c779c4668947d7cc28cd2096,ADMITTED,series/blue-archive/02 Sequential Readings/EVENTS/EVENT_841/BLUE_ARCHIVE_EVENT_841_CONTEXTUALIZATION_CHECKPOINT.md,REF:CYCLE008_ACCEPTED,REF:CYCLE008_SCOPE,unresolved,,REF:CYCLE008_LIMITS,CORE,REF:EVENT:BA:event:841:008,1,180,1
BA:event:841:009,event,MANDATORY_COMPLETE_REVIEW,02_CANONICAL_STORIES/EVENT/EVENT_841/EPISODE_009_10039060.md,2e67b5cdb4f663bb8527adbd6cbf102f24a9d9b199e6559eb939c2b5d95f12f0,ADMITTED,series/blue-archive/02 Sequential Readings/EVENTS/EVENT_841/BLUE_ARCHIVE_EVENT_841_CONTEXTUALIZATION_CHECKPOINT.md,REF:CYCLE008_ACCEPTED,REF:CYCLE008_SCOPE,unresolved,,REF:CYCLE008_LIMITS,CORE,REF:EVENT:BA:event:841:009,1,126,1
BA:event:841:010,event,MANDATORY_COMPLETE_REVIEW,02_CANONICAL_STORIES/EVENT/EVENT_841/EPISODE_010_10039070.md,c4528f7169d33560f6419ec35f0376b904750920089a8fa6510a1dc9cd51c06f,ADMITTED,series/blue-archive/02 Sequential Readings/EVENTS/EVENT_841/BLUE_ARCHIVE_EVENT_841_CONTEXTUALIZATION_CHECKPOINT.md,REF:CYCLE008_ACCEPTED,REF:CYCLE008_SCOPE,unresolved,,REF:CYCLE008_LIMITS,CORE,REF:EVENT:BA:event:841:010,1,110,0
BA:event:841:011,event,MANDATORY_COMPLETE_REVIEW,02_CANONICAL_STORIES/EVENT/EVENT_841/EPISODE_011_10039080.md,0c51995d90fee1dc2696e024d23c96e7c986b05e20831f356af7571a15c32015,ADMITTED,series/blue-archive/02 Sequential Readings/EVENTS/EVENT_841/BLUE_ARCHIVE_EVENT_841_CONTEXTUALIZATION_CHECKPOINT.md,REF:CYCLE008_ACCEPTED,REF:CYCLE008_SCOPE,unresolved,,REF:CYCLE008_LIMITS,CORE,REF:EVENT:BA:event:841:011,1,110,2
BA:event:841:012,event,MANDATORY_COMPLETE_REVIEW,02_CANONICAL_STORIES/EVENT/EVENT_841/EPISODE_012_10039090.md,747287e7667ae2968abe67e4d25b5a501b4c8ab9b89180ddb8d3833329801eb3,ADMITTED,series/blue-archive/02 Sequential Readings/EVENTS/EVENT_841/BLUE_ARCHIVE_EVENT_841_CONTEXTUALIZATION_CHECKPOINT.md,REF:CYCLE008_ACCEPTED,REF:CYCLE008_SCOPE,unresolved,,REF:CYCLE008_LIMITS,HIGH,REF:EVENT:BA:event:841:012,1,107,10
BA:event:841:013,event,MANDATORY_COMPLETE_REVIEW,02_CANONICAL_STORIES/EVENT/EVENT_841/EPISODE_013_10039100.md,a2efaf9846f6a9fcfeda756d903087aeeaa76acf31d6d9e763b0cfb3dbf0352b,ADMITTED,series/blue-archive/02 Sequential Readings/EVENTS/EVENT_841/BLUE_ARCHIVE_EVENT_841_CONTEXTUALIZATION_CHECKPOINT.md,REF:CYCLE008_ACCEPTED,REF:CYCLE008_SCOPE,unresolved,,REF:CYCLE008_LIMITS,CORE,REF:EVENT:BA:event:841:013,1,103,8
BA:event:841:014,event,MANDATORY_COMPLETE_REVIEW,02_CANONICAL_STORIES/EVENT/EVENT_841/EPISODE_014_10039110.md,2a8c6563bc3b2a2f4eb35361fbb528256a24e11e7e2d0145ef9bb702bab599ac,ADMITTED,series/blue-archive/02 Sequential Readings/EVENTS/EVENT_841/BLUE_ARCHIVE_EVENT_841_CONTEXTUALIZATION_CHECKPOINT.md,REF:CYCLE008_ACCEPTED,REF:CYCLE008_SCOPE,unresolved,,REF:CYCLE008_LIMITS,HIGH,REF:EVENT:BA:event:841:014,1,109,2
BA:event:841:015,event,MANDATORY_COMPLETE_REVIEW,02_CANONICAL_STORIES/EVENT/EVENT_841/EPISODE_015_10039120.md,f217000c66c7bf7d4ad49e78dd4aefdc8c92d668bfdefec62336596b4142a365,ADMITTED,series/blue-archive/02 Sequential Readings/EVENTS/EVENT_841/BLUE_ARCHIVE_EVENT_841_CONTEXTUALIZATION_CHECKPOINT.md,REF:CYCLE008_ACCEPTED,REF:CYCLE008_SCOPE,unresolved,,REF:CYCLE008_LIMITS,HIGH,REF:EVENT:BA:event:841:015,1,129,0
BA:event:841:016,event,MANDATORY_COMPLETE_REVIEW,02_CANONICAL_STORIES/EVENT/EVENT_841/EPISODE_016_10039130.md,3b9c342d82a684ce787250d6146b358ddc54275c0c78b307805764e9ab5bb9e3,ADMITTED,series/blue-archive/02 Sequential Readings/EVENTS/EVENT_841/BLUE_ARCHIVE_EVENT_841_CONTEXTUALIZATION_CHECKPOINT.md,REF:CYCLE008_ACCEPTED,REF:CYCLE008_SCOPE,unresolved,,REF:CYCLE008_LIMITS,CORE,REF:EVENT:BA:event:841:016,1,189,21
BA:event:841:017,event,MANDATORY_COMPLETE_REVIEW,02_CANONICAL_STORIES/EVENT/EVENT_841/EPISODE_017_10039140.md,4b4a7eca89d272dbf18d44b88a7bbccc382474d36a569aa2556fc60820410d71,ADMITTED,series/blue-archive/02 Sequential Readings/EVENTS/EVENT_841/BLUE_ARCHIVE_EVENT_841_CONTEXTUALIZATION_CHECKPOINT.md,REF:CYCLE008_ACCEPTED,REF:CYCLE008_SCOPE,unresolved,,REF:CYCLE008_LIMITS,CORE,REF:EVENT:BA:event:841:017,1,92,9
BA:event:841:018,event,MANDATORY_COMPLETE_REVIEW,02_CANONICAL_STORIES/EVENT/EVENT_841/EPISODE_018_10039150.md,28511f1b73110510bb6d4f4dc3ff6a0abbf463106bef07dbc7484277765702aa,ADMITTED,series/blue-archive/02 Sequential Readings/EVENTS/EVENT_841/BLUE_ARCHIVE_EVENT_841_CONTEXTUALIZATION_CHECKPOINT.md,REF:CYCLE008_ACCEPTED,REF:CYCLE008_SCOPE,unresolved,,REF:CYCLE008_LIMITS,CORE,REF:EVENT:BA:event:841:018,1,81,11
BA:event:841:019,event,MANDATORY_COMPLETE_REVIEW,02_CANONICAL_STORIES/EVENT/EVENT_841/EPISODE_019_10039160.md,2096ce0b08942f2417548d865a322a1e1e31e0ec5fcb002d3d4996195e70e949,ADMITTED,series/blue-archive/02 Sequential Readings/EVENTS/EVENT_841/BLUE_ARCHIVE_EVENT_841_CONTEXTUALIZATION_CHECKPOINT.md,REF:CYCLE008_ACCEPTED,REF:CYCLE008_SCOPE,unresolved,,REF:CYCLE008_LIMITS,HIGH,REF:EVENT:BA:event:841:019,1,137,14
BA:event:842:001,event,MANDATORY_COMPLETE_REVIEW,02_CANONICAL_STORIES/EVENT/EVENT_842/EPISODE_001_10040005.md,2e6a9338251ca99f9787fd704ab515f4c96759040448c77650dbee53cef34770,ADMITTED,series/blue-archive/02 Sequential Readings/EVENTS/EVENT_842/BLUE_ARCHIVE_EVENT_842_CONTEXTUALIZATION_CHECKPOINT.md,REF:CYCLE008_ACCEPTED,REF:CYCLE008_SCOPE,unresolved,,REF:CYCLE008_LIMITS,SUPPORTING,REF:EVENT:BA:event:842:001,1,10,0
BA:event:842:002,event,MANDATORY_COMPLETE_REVIEW,02_CANONICAL_STORIES/EVENT/EVENT_842/EPISODE_002_10040010.md,634a10f2716fe2a73c857781b9c17ae6d3ae8e3b8d876fb47d95c0774ac78603,ADMITTED,series/blue-archive/02 Sequential Readings/EVENTS/EVENT_842/BLUE_ARCHIVE_EVENT_842_CONTEXTUALIZATION_CHECKPOINT.md,REF:CYCLE008_ACCEPTED,REF:CYCLE008_SCOPE,unresolved,,REF:CYCLE008_LIMITS,CORE,REF:EVENT:BA:event:842:002,1,178,7
BA:event:842:003,event,MANDATORY_COMPLETE_REVIEW,02_CANONICAL_STORIES/EVENT/EVENT_842/EPISODE_003_10040020.md,80504b8cac10cb9ff7e84cd8aebd533296482b7f6cf2e5ca43a516583434589d,ADMITTED,series/blue-archive/02 Sequential Readings/EVENTS/EVENT_842/BLUE_ARCHIVE_EVENT_842_CONTEXTUALIZATION_CHECKPOINT.md,REF:CYCLE008_ACCEPTED,REF:CYCLE008_SCOPE,unresolved,,REF:CYCLE008_LIMITS,CORE,REF:EVENT:BA:event:842:003,1,150,0
BA:event:842:004,event,MANDATORY_COMPLETE_REVIEW,02_CANONICAL_STORIES/EVENT/EVENT_842/EPISODE_004_10040030.md,ea49931c230f6f73ad731ceeda3013d5cc406a594eb7caeaf7e27966f9d1fdb9,ADMITTED,series/blue-archive/02 Sequential Readings/EVENTS/EVENT_842/BLUE_ARCHIVE_EVENT_842_CONTEXTUALIZATION_CHECKPOINT.md,REF:CYCLE008_ACCEPTED,REF:CYCLE008_SCOPE,unresolved,,REF:CYCLE008_LIMITS,CORE,REF:EVENT:BA:event:842:004,1,134,8
BA:event:842:005,event,MANDATORY_COMPLETE_REVIEW,02_CANONICAL_STORIES/EVENT/EVENT_842/EPISODE_005_10040040.md,1c46e5ccd7a6b2b8483725d0f0ed62ede75b20fd690ae5253cbd6700e9e8f523,ADMITTED,series/blue-archive/02 Sequential Readings/EVENTS/EVENT_842/BLUE_ARCHIVE_EVENT_842_CONTEXTUALIZATION_CHECKPOINT.md,REF:CYCLE008_ACCEPTED,REF:CYCLE008_SCOPE,unresolved,,REF:CYCLE008_LIMITS,CORE,REF:EVENT:BA:event:842:005,1,137,5
BA:event:842:006,event,MANDATORY_COMPLETE_REVIEW,02_CANONICAL_STORIES/EVENT/EVENT_842/EPISODE_006_10040050.md,46fcf46d2aff86466a267d2106d8acabf387f7353ecccc1b8ce647d02339bf83,ADMITTED,series/blue-archive/02 Sequential Readings/EVENTS/EVENT_842/BLUE_ARCHIVE_EVENT_842_CONTEXTUALIZATION_CHECKPOINT.md,REF:CYCLE008_ACCEPTED,REF:CYCLE008_SCOPE,unresolved,,REF:CYCLE008_LIMITS,CORE,REF:EVENT:BA:event:842:006,1,147,5
BA:event:842:007,event,MANDATORY_COMPLETE_REVIEW,02_CANONICAL_STORIES/EVENT/EVENT_842/EPISODE_007_10040060.md,79a5b32348a084a257b277db71874167e8657968be2b208c8daddb03b40a00ef,ADMITTED,series/blue-archive/02 Sequential Readings/EVENTS/EVENT_842/BLUE_ARCHIVE_EVENT_842_CONTEXTUALIZATION_CHECKPOINT.md,REF:CYCLE008_ACCEPTED,REF:CYCLE008_SCOPE,unresolved,,REF:CYCLE008_LIMITS,CORE,REF:EVENT:BA:event:842:007,1,41,2
BA:event:842:008,event,MANDATORY_COMPLETE_REVIEW,02_CANONICAL_STORIES/EVENT/EVENT_842/EPISODE_008_10040065.md,7c407e8aa7d5ab2b184ee1a61dea7e28ba2aba3f96be447c30d3b2ebedfc86d3,ADMITTED,series/blue-archive/02 Sequential Readings/EVENTS/EVENT_842/BLUE_ARCHIVE_EVENT_842_CONTEXTUALIZATION_CHECKPOINT.md,REF:CYCLE008_ACCEPTED,REF:CYCLE008_SCOPE,unresolved,,REF:CYCLE008_LIMITS,CORE,REF:EVENT:BA:event:842:008,1,60,3
BA:event:842:009,event,MANDATORY_COMPLETE_REVIEW,02_CANONICAL_STORIES/EVENT/EVENT_842/EPISODE_009_10040070.md,27c5992dde4e843a1bdc34c31edf1131faee129b96e9ec377e7582cf6cf73582,ADMITTED,series/blue-archive/02 Sequential Readings/EVENTS/EVENT_842/BLUE_ARCHIVE_EVENT_842_CONTEXTUALIZATION_CHECKPOINT.md,REF:CYCLE008_ACCEPTED,REF:CYCLE008_SCOPE,unresolved,,REF:CYCLE008_LIMITS,CORE,REF:EVENT:BA:event:842:009,1,94,5
BA:event:842:010,event,MANDATORY_COMPLETE_REVIEW,02_CANONICAL_STORIES/EVENT/EVENT_842/EPISODE_010_10040080.md,42ce7fd7c2a116b6a56bcdbaf6abff02046d7139387e7511dd10289b0d5111ba,ADMITTED,series/blue-archive/02 Sequential Readings/EVENTS/EVENT_842/BLUE_ARCHIVE_EVENT_842_CONTEXTUALIZATION_CHECKPOINT.md,REF:CYCLE008_ACCEPTED,REF:CYCLE008_SCOPE,unresolved,,REF:CYCLE008_LIMITS,CORE,REF:EVENT:BA:event:842:010,1,94,3
BA:event:842:011,event,MANDATORY_COMPLETE_REVIEW,02_CANONICAL_STORIES/EVENT/EVENT_842/EPISODE_011_10040090.md,42e7b98a3352e9808e923ca6cc1e5aa2026b0da301d85cbbc8705f52d52428f0,ADMITTED,series/blue-archive/02 Sequential Readings/EVENTS/EVENT_842/BLUE_ARCHIVE_EVENT_842_CONTEXTUALIZATION_CHECKPOINT.md,REF:CYCLE008_ACCEPTED,REF:CYCLE008_SCOPE,unresolved,,REF:CYCLE008_LIMITS,CORE,REF:EVENT:BA:event:842:011,1,66,0
BA:event:842:012,event,MANDATORY_COMPLETE_REVIEW,02_CANONICAL_STORIES/EVENT/EVENT_842/EPISODE_012_10040100.md,ecd1566f26a39fd01ad87ca47028b1ef124938000309f1318c923f9e5dfa684d,ADMITTED,series/blue-archive/02 Sequential Readings/EVENTS/EVENT_842/BLUE_ARCHIVE_EVENT_842_CONTEXTUALIZATION_CHECKPOINT.md,REF:CYCLE008_ACCEPTED,REF:CYCLE008_SCOPE,unresolved,,REF:CYCLE008_LIMITS,CORE,REF:EVENT:BA:event:842:012,1,39,0
BA:event:842:013,event,MANDATORY_COMPLETE_REVIEW,02_CANONICAL_STORIES/EVENT/EVENT_842/EPISODE_013_10040110.md,3e6eadd965a638e5c2b84f29b9467fd66a875e62fbb7e935764cc3c685b8dd50,ADMITTED,series/blue-archive/02 Sequential Readings/EVENTS/EVENT_842/BLUE_ARCHIVE_EVENT_842_CONTEXTUALIZATION_CHECKPOINT.md,REF:CYCLE008_ACCEPTED,REF:CYCLE008_SCOPE,unresolved,,REF:CYCLE008_LIMITS,CORE,REF:EVENT:BA:event:842:013,1,88,0
BA:event:842:014,event,MANDATORY_COMPLETE_REVIEW,02_CANONICAL_STORIES/EVENT/EVENT_842/EPISODE_014_10040120.md,a87a57129f451d74ae67f4f89723671eecd752169ff80aa0964c030645619b2e,ADMITTED,series/blue-archive/02 Sequential Readings/EVENTS/EVENT_842/BLUE_ARCHIVE_EVENT_842_CONTEXTUALIZATION_CHECKPOINT.md,REF:CYCLE008_ACCEPTED,REF:CYCLE008_SCOPE,unresolved,,REF:CYCLE008_LIMITS,CORE,REF:EVENT:BA:event:842:014,1,86,0
BA:event:842:015,event,MANDATORY_COMPLETE_REVIEW,02_CANONICAL_STORIES/EVENT/EVENT_842/EPISODE_015_10040130.md,115fc502bf3b3fa393465fcd9aaf92d36aaa42ec45e9d599d1003b6e6a526cd0,ADMITTED,series/blue-archive/02 Sequential Readings/EVENTS/EVENT_842/BLUE_ARCHIVE_EVENT_842_CONTEXTUALIZATION_CHECKPOINT.md,REF:CYCLE008_ACCEPTED,REF:CYCLE008_SCOPE,unresolved,,REF:CYCLE008_LIMITS,CORE,REF:EVENT:BA:event:842:015,1,38,0
BA:event:843:001,event,MANDATORY_COMPLETE_REVIEW,02_CANONICAL_STORIES/EVENT/EVENT_843/EPISODE_001_10041005.md,093679dfef9c2ac976e2b19932c2011f3e28f446199fca0461581ede88e0332e,ADMITTED,series/blue-archive/02 Sequential Readings/EVENTS/EVENT_843/BLUE_ARCHIVE_EVENT_843_CONTEXTUALIZATION_CHECKPOINT.md,REF:CYCLE008_ACCEPTED,REF:CYCLE008_SCOPE,unresolved,,REF:CYCLE008_LIMITS,HIGH,REF:EVENT:BA:event:843:001,1,13,0
BA:event:843:002,event,MANDATORY_COMPLETE_REVIEW,02_CANONICAL_STORIES/EVENT/EVENT_843/EPISODE_002_10041010.md,a504468c1abda11f7634e128ee42766513bd3b3397cd81e750a5cacfb0ee79dc,ADMITTED,series/blue-archive/02 Sequential Readings/EVENTS/EVENT_843/BLUE_ARCHIVE_EVENT_843_CONTEXTUALIZATION_CHECKPOINT.md,REF:CYCLE008_ACCEPTED,REF:CYCLE008_SCOPE,unresolved,,REF:CYCLE008_LIMITS,CORE,REF:EVENT:BA:event:843:002,1,127,5
BA:event:843:003,event,MANDATORY_COMPLETE_REVIEW,02_CANONICAL_STORIES/EVENT/EVENT_843/EPISODE_003_10041020.md,059f0a74b497a1c9cb3284008f385040a5c6f007cfe31a9dec40dd59efec54d0,ADMITTED,series/blue-archive/02 Sequential Readings/EVENTS/EVENT_843/BLUE_ARCHIVE_EVENT_843_CONTEXTUALIZATION_CHECKPOINT.md,REF:CYCLE008_ACCEPTED,REF:CYCLE008_SCOPE,unresolved,,REF:CYCLE008_LIMITS,HIGH,REF:EVENT:BA:event:843:003,1,39,0
BA:event:843:004,event,MANDATORY_COMPLETE_REVIEW,02_CANONICAL_STORIES/EVENT/EVENT_843/EPISODE_004_10041030.md,d2fbc5c27261030c29688f616eb4b476481f392fc7a3df0cfa3d22114cd70243,ADMITTED,series/blue-archive/02 Sequential Readings/EVENTS/EVENT_843/BLUE_ARCHIVE_EVENT_843_CONTEXTUALIZATION_CHECKPOINT.md,REF:CYCLE008_ACCEPTED,REF:CYCLE008_SCOPE,unresolved,,REF:CYCLE008_LIMITS,HIGH,REF:EVENT:BA:event:843:004,1,55,0
BA:event:843:005,event,MANDATORY_COMPLETE_REVIEW,02_CANONICAL_STORIES/EVENT/EVENT_843/EPISODE_005_10041040.md,d42cdc7204c999d774922d21528d2f1c96b6994fd4979e6f3efd3459b95395e2,ADMITTED,series/blue-archive/02 Sequential Readings/EVENTS/EVENT_843/BLUE_ARCHIVE_EVENT_843_CONTEXTUALIZATION_CHECKPOINT.md,REF:CYCLE008_ACCEPTED,REF:CYCLE008_SCOPE,unresolved,,REF:CYCLE008_LIMITS,CORE,REF:EVENT:BA:event:843:005,1,56,0
BA:event:843:006,event,MANDATORY_COMPLETE_REVIEW,02_CANONICAL_STORIES/EVENT/EVENT_843/EPISODE_006_10041050.md,97c32bb307e627b62480fa952eef1112576507e7a648b0ed5bc21f91e4b7b4a3,ADMITTED,series/blue-archive/02 Sequential Readings/EVENTS/EVENT_843/BLUE_ARCHIVE_EVENT_843_CONTEXTUALIZATION_CHECKPOINT.md,REF:CYCLE008_ACCEPTED,REF:CYCLE008_SCOPE,unresolved,,REF:CYCLE008_LIMITS,CORE,REF:EVENT:BA:event:843:006,1,56,0
BA:event:843:007,event,MANDATORY_COMPLETE_REVIEW,02_CANONICAL_STORIES/EVENT/EVENT_843/EPISODE_007_10041060.md,3a6166805e4ada7fa1d926483831af4674ec508479d401dddcaa79b76d769e60,ADMITTED,series/blue-archive/02 Sequential Readings/EVENTS/EVENT_843/BLUE_ARCHIVE_EVENT_843_CONTEXTUALIZATION_CHECKPOINT.md,REF:CYCLE008_ACCEPTED,REF:CYCLE008_SCOPE,unresolved,,REF:CYCLE008_LIMITS,CORE,REF:EVENT:BA:event:843:007,1,71,0
BA:event:843:008,event,MANDATORY_COMPLETE_REVIEW,02_CANONICAL_STORIES/EVENT/EVENT_843/EPISODE_008_10041070.md,046d5e76ebc41d1066bc6629278d69cb6d304c724521086e935d1c28b69114aa,ADMITTED,series/blue-archive/02 Sequential Readings/EVENTS/EVENT_843/BLUE_ARCHIVE_EVENT_843_CONTEXTUALIZATION_CHECKPOINT.md,REF:CYCLE008_ACCEPTED,REF:CYCLE008_SCOPE,unresolved,,REF:CYCLE008_LIMITS,CORE,REF:EVENT:BA:event:843:008,1,103,5
BA:event:843:009,event,MANDATORY_COMPLETE_REVIEW,02_CANONICAL_STORIES/EVENT/EVENT_843/EPISODE_009_10041080.md,4d1006b5023f438b0511b5b6238f3d14f40507a55624558884e19722b60b3bf3,ADMITTED,series/blue-archive/02 Sequential Readings/EVENTS/EVENT_843/BLUE_ARCHIVE_EVENT_843_CONTEXTUALIZATION_CHECKPOINT.md,REF:CYCLE008_ACCEPTED,REF:CYCLE008_SCOPE,unresolved,,REF:CYCLE008_LIMITS,CORE,REF:EVENT:BA:event:843:009,1,50,0
BA:event:844:001,event,MANDATORY_COMPLETE_REVIEW,02_CANONICAL_STORIES/EVENT/EVENT_844/EPISODE_001_10042005.md,ed729b813b3e05fb8ef090535f65d4924b2a1a9ff398c18a1b0acb0e725b233b,ADMITTED,series/blue-archive/02 Sequential Readings/EVENTS/EVENT_844/BLUE_ARCHIVE_EVENT_844_CONTEXTUALIZATION_CHECKPOINT.md,REF:CYCLE008_ACCEPTED,REF:CYCLE008_SCOPE,unresolved,,REF:CYCLE008_LIMITS,CORE,REF:EVENT:BA:event:844:001,4,156,0
BA:event:844:002,event,MANDATORY_COMPLETE_REVIEW,02_CANONICAL_STORIES/EVENT/EVENT_844/EPISODE_002_10042010.md,59291e7a294be92e8e8c87d3082ea9c0aede9a628ef0d51864b706625bb0f60c,ADMITTED,series/blue-archive/02 Sequential Readings/EVENTS/EVENT_844/BLUE_ARCHIVE_EVENT_844_CONTEXTUALIZATION_CHECKPOINT.md,REF:CYCLE008_ACCEPTED,REF:CYCLE008_SCOPE,unresolved,,REF:CYCLE008_LIMITS,CORE,REF:EVENT:BA:event:844:002,2,84,6
BA:event:844:003,event,MANDATORY_COMPLETE_REVIEW,02_CANONICAL_STORIES/EVENT/EVENT_844/EPISODE_003_10042020.md,c05dd0954bbb38d701f9c4abdc3861b2e94e88164a63fd6000e12468b00150fb,ADMITTED,series/blue-archive/02 Sequential Readings/EVENTS/EVENT_844/BLUE_ARCHIVE_EVENT_844_CONTEXTUALIZATION_CHECKPOINT.md,REF:CYCLE008_ACCEPTED,REF:CYCLE008_SCOPE,unresolved,,REF:CYCLE008_LIMITS,CORE,REF:EVENT:BA:event:844:003,1,109,7
BA:event:844:004,event,MANDATORY_COMPLETE_REVIEW,02_CANONICAL_STORIES/EVENT/EVENT_844/EPISODE_004_10042030.md,281722014d83349ca217cd0e70fb467f97e5836514b0e7300c300b9364429e21,ADMITTED,series/blue-archive/02 Sequential Readings/EVENTS/EVENT_844/BLUE_ARCHIVE_EVENT_844_CONTEXTUALIZATION_CHECKPOINT.md,REF:CYCLE008_ACCEPTED,REF:CYCLE008_SCOPE,unresolved,,REF:CYCLE008_LIMITS,CORE,REF:EVENT:BA:event:844:004,2,130,5
BA:event:844:005,event,MANDATORY_COMPLETE_REVIEW,02_CANONICAL_STORIES/EVENT/EVENT_844/EPISODE_005_10042040.md,4940b44b5331a3450c72e626d8604cecf8fda196ab87c8d0789957d52b8f4596,ADMITTED,series/blue-archive/02 Sequential Readings/EVENTS/EVENT_844/BLUE_ARCHIVE_EVENT_844_CONTEXTUALIZATION_CHECKPOINT.md,REF:CYCLE008_ACCEPTED,REF:CYCLE008_SCOPE,unresolved,,REF:CYCLE008_LIMITS,CORE,REF:EVENT:BA:event:844:005,2,89,10
BA:event:844:006,event,MANDATORY_COMPLETE_REVIEW,02_CANONICAL_STORIES/EVENT/EVENT_844/EPISODE_006_10042050.md,16b226ab769585d2bbb72efa96d24e562f23fb9fecf308e3ebe01a21d2ff38a8,ADMITTED,series/blue-archive/02 Sequential Readings/EVENTS/EVENT_844/BLUE_ARCHIVE_EVENT_844_CONTEXTUALIZATION_CHECKPOINT.md,REF:CYCLE008_ACCEPTED,REF:CYCLE008_SCOPE,unresolved,,REF:CYCLE008_LIMITS,CORE,REF:EVENT:BA:event:844:006,1,75,5
BA:event:844:007,event,MANDATORY_COMPLETE_REVIEW,02_CANONICAL_STORIES/EVENT/EVENT_844/EPISODE_007_10042055.md,3c8855a53db6de997937a5b271b637d2c830a59f818f5709a30ecfffca2dce39,ADMITTED,series/blue-archive/02 Sequential Readings/EVENTS/EVENT_844/BLUE_ARCHIVE_EVENT_844_CONTEXTUALIZATION_CHECKPOINT.md,REF:CYCLE008_ACCEPTED,REF:CYCLE008_SCOPE,unresolved,,REF:CYCLE008_LIMITS,CORE,REF:EVENT:BA:event:844:007,1,12,0
BA:event:844:008,event,MANDATORY_COMPLETE_REVIEW,02_CANONICAL_STORIES/EVENT/EVENT_844/EPISODE_008_10042060.md,27550e10af0c7657a39023800bede7e812147877b0644cded6da17c00c9d9443,ADMITTED,series/blue-archive/02 Sequential Readings/EVENTS/EVENT_844/BLUE_ARCHIVE_EVENT_844_CONTEXTUALIZATION_CHECKPOINT.md,REF:CYCLE008_ACCEPTED,REF:CYCLE008_SCOPE,unresolved,,REF:CYCLE008_LIMITS,CORE,REF:EVENT:BA:event:844:008,1,81,5
BA:event:844:009,event,MANDATORY_COMPLETE_REVIEW,02_CANONICAL_STORIES/EVENT/EVENT_844/EPISODE_009_10042070.md,a4e3d643e71959853fa1c7bbdfb5b0b50d4d2be7225793309abf9522b8b29875,ADMITTED,series/blue-archive/02 Sequential Readings/EVENTS/EVENT_844/BLUE_ARCHIVE_EVENT_844_CONTEXTUALIZATION_CHECKPOINT.md,REF:CYCLE008_ACCEPTED,REF:CYCLE008_SCOPE,unresolved,,REF:CYCLE008_LIMITS,CORE,REF:EVENT:BA:event:844:009,1,48,2
BA:event:844:010,event,MANDATORY_COMPLETE_REVIEW,02_CANONICAL_STORIES/EVENT/EVENT_844/EPISODE_010_10042080.md,4eac61aa9d1dc0333e797d62eb8ca87c8e66a429d5cc36f89c269237bb470a8f,ADMITTED,series/blue-archive/02 Sequential Readings/EVENTS/EVENT_844/BLUE_ARCHIVE_EVENT_844_CONTEXTUALIZATION_CHECKPOINT.md,REF:CYCLE008_ACCEPTED,REF:CYCLE008_SCOPE,unresolved,,REF:CYCLE008_LIMITS,CORE,REF:EVENT:BA:event:844:010,3,114,4
BA:event:845:001,event,MANDATORY_COMPLETE_REVIEW,02_CANONICAL_STORIES/EVENT/EVENT_845/EPISODE_001_10043005.md,011a40eab957b0dd36d31598087a8baf2379acc33abd790bbe6086468d51ac08,ADMITTED,series/blue-archive/02 Sequential Readings/EVENTS/EVENT_845/BLUE_ARCHIVE_EVENT_845_CONTEXTUALIZATION_CHECKPOINT.md,REF:CYCLE008_ACCEPTED,REF:CYCLE008_SCOPE,unresolved,,REF:CYCLE008_LIMITS,HIGH,REF:EVENT:BA:event:845:001,1,63,4
BA:event:845:002,event,MANDATORY_COMPLETE_REVIEW,02_CANONICAL_STORIES/EVENT/EVENT_845/EPISODE_002_10043010.md,b8fd7615596aad07acc6a9d2b3501ce2e06db76a3823f6061a5c99b8f7ae6afb,ADMITTED,series/blue-archive/02 Sequential Readings/EVENTS/EVENT_845/BLUE_ARCHIVE_EVENT_845_CONTEXTUALIZATION_CHECKPOINT.md,REF:CYCLE008_ACCEPTED,REF:CYCLE008_SCOPE,unresolved,,REF:CYCLE008_LIMITS,CORE,REF:EVENT:BA:event:845:002,1,104,8
BA:event:845:003,event,MANDATORY_COMPLETE_REVIEW,02_CANONICAL_STORIES/EVENT/EVENT_845/EPISODE_003_10043020.md,b1f7dc9cb98e219a68e5fcfdb289e7ad03eed8bf7fc90382bc252d7d1aaa94f1,ADMITTED,series/blue-archive/02 Sequential Readings/EVENTS/EVENT_845/BLUE_ARCHIVE_EVENT_845_CONTEXTUALIZATION_CHECKPOINT.md,REF:CYCLE008_ACCEPTED,REF:CYCLE008_SCOPE,unresolved,,REF:CYCLE008_LIMITS,CORE,REF:EVENT:BA:event:845:003,1,81,6
BA:event:845:004,event,MANDATORY_COMPLETE_REVIEW,02_CANONICAL_STORIES/EVENT/EVENT_845/EPISODE_004_10043025.md,973baf46a0e2e3333a3ffacacc2126378302652e08bfe064f8d31d6151e730de,ADMITTED,series/blue-archive/02 Sequential Readings/EVENTS/EVENT_845/BLUE_ARCHIVE_EVENT_845_CONTEXTUALIZATION_CHECKPOINT.md,REF:CYCLE008_ACCEPTED,REF:CYCLE008_SCOPE,unresolved,,REF:CYCLE008_LIMITS,CORE,REF:EVENT:BA:event:845:004,1,13,2
BA:event:845:005,event,MANDATORY_COMPLETE_REVIEW,02_CANONICAL_STORIES/EVENT/EVENT_845/EPISODE_005_10043030.md,1fd0b06a8108493129dc0841c5fe82e4ca3045d368545e6fa1382d048236f02d,ADMITTED,series/blue-archive/02 Sequential Readings/EVENTS/EVENT_845/BLUE_ARCHIVE_EVENT_845_CONTEXTUALIZATION_CHECKPOINT.md,REF:CYCLE008_ACCEPTED,REF:CYCLE008_SCOPE,unresolved,,REF:CYCLE008_LIMITS,HIGH,REF:EVENT:BA:event:845:005,1,112,10
BA:event:845:006,event,MANDATORY_COMPLETE_REVIEW,02_CANONICAL_STORIES/EVENT/EVENT_845/EPISODE_006_10043040.md,6cfee50b64a120b76e40426e04eeacc6230c63c19cbed95af85e1e506dde13a6,ADMITTED,series/blue-archive/02 Sequential Readings/EVENTS/EVENT_845/BLUE_ARCHIVE_EVENT_845_CONTEXTUALIZATION_CHECKPOINT.md,REF:CYCLE008_ACCEPTED,REF:CYCLE008_SCOPE,unresolved,,REF:CYCLE008_LIMITS,CORE,REF:EVENT:BA:event:845:006,1,130,9
BA:event:845:007,event,MANDATORY_COMPLETE_REVIEW,02_CANONICAL_STORIES/EVENT/EVENT_845/EPISODE_007_10043050.md,b783059b986135f521b1842dda689de3aff57521b69af7421916c98389990fa1,ADMITTED,series/blue-archive/02 Sequential Readings/EVENTS/EVENT_845/BLUE_ARCHIVE_EVENT_845_CONTEXTUALIZATION_CHECKPOINT.md,REF:CYCLE008_ACCEPTED,REF:CYCLE008_SCOPE,unresolved,,REF:CYCLE008_LIMITS,CORE,REF:EVENT:BA:event:845:007,1,166,18
BA:event:845:008,event,MANDATORY_COMPLETE_REVIEW,02_CANONICAL_STORIES/EVENT/EVENT_845/EPISODE_008_10043060.md,cd4fd9fb4adb5f2e5c02ed817c429d6db793c15543956f973fe952f2a7534539,ADMITTED,series/blue-archive/02 Sequential Readings/EVENTS/EVENT_845/BLUE_ARCHIVE_EVENT_845_CONTEXTUALIZATION_CHECKPOINT.md,REF:CYCLE008_ACCEPTED,REF:CYCLE008_SCOPE,unresolved,,REF:CYCLE008_LIMITS,CORE,REF:EVENT:BA:event:845:008,1,107,10
BA:event:845:009,event,MANDATORY_COMPLETE_REVIEW,02_CANONICAL_STORIES/EVENT/EVENT_845/EPISODE_009_10043070.md,75695e7b40b40a0d156031f5e02800ba9a27aa6263cf59915c4408d77ba9c081,ADMITTED,series/blue-archive/02 Sequential Readings/EVENTS/EVENT_845/BLUE_ARCHIVE_EVENT_845_CONTEXTUALIZATION_CHECKPOINT.md,REF:CYCLE008_ACCEPTED,REF:CYCLE008_SCOPE,unresolved,,REF:CYCLE008_LIMITS,CORE,REF:EVENT:BA:event:845:009,1,57,0
BA:event:845:010,event,MANDATORY_COMPLETE_REVIEW,02_CANONICAL_STORIES/EVENT/EVENT_845/EPISODE_010_10043075.md,6a16e5cb9a59ee389383754f50c7e99c0ef60be0c89eb61e1eedaa9bc5fda5ba,ADMITTED,series/blue-archive/02 Sequential Readings/EVENTS/EVENT_845/BLUE_ARCHIVE_EVENT_845_CONTEXTUALIZATION_CHECKPOINT.md,REF:CYCLE008_ACCEPTED,REF:CYCLE008_SCOPE,unresolved,,REF:CYCLE008_LIMITS,CORE,REF:EVENT:BA:event:845:010,1,31,2
BA:event:845:011,event,MANDATORY_COMPLETE_REVIEW,02_CANONICAL_STORIES/EVENT/EVENT_845/EPISODE_011_10043080.md,689e566b65073cd7c88dc4fa81ce0f7cf47ede77ccb39280d3fb4153b4467361,ADMITTED,series/blue-archive/02 Sequential Readings/EVENTS/EVENT_845/BLUE_ARCHIVE_EVENT_845_CONTEXTUALIZATION_CHECKPOINT.md,REF:CYCLE008_ACCEPTED,REF:CYCLE008_SCOPE,unresolved,,REF:CYCLE008_LIMITS,CORE,REF:EVENT:BA:event:845:011,1,123,5
BA:event:845:012,event,MANDATORY_COMPLETE_REVIEW,02_CANONICAL_STORIES/EVENT/EVENT_845/EPISODE_012_10043090.md,69d6fa551bb61bfcc98068799b468ca773720443c3f3eed470690d7735e15b23,ADMITTED,series/blue-archive/02 Sequential Readings/EVENTS/EVENT_845/BLUE_ARCHIVE_EVENT_845_CONTEXTUALIZATION_CHECKPOINT.md,REF:CYCLE008_ACCEPTED,REF:CYCLE008_SCOPE,unresolved,,REF:CYCLE008_LIMITS,CORE,REF:EVENT:BA:event:845:012,2,74,8
BA:event:846:001,event,MANDATORY_COMPLETE_REVIEW,02_CANONICAL_STORIES/EVENT/EVENT_846/EPISODE_001_10044005.md,3fdb98d115c7a152fd9af1680132850ac6d8c7529696a4d9e838c730d70c9336,ADMITTED,series/blue-archive/02 Sequential Readings/EVENTS/EVENT_846/BLUE_ARCHIVE_EVENT_846_CONTEXTUALIZATION_CHECKPOINT.md,REF:CYCLE008_ACCEPTED,REF:CYCLE008_SCOPE,unresolved,,REF:CYCLE008_LIMITS,SUPPORTING,REF:EVENT:BA:event:846:001,1,7,0
BA:event:846:002,event,MANDATORY_COMPLETE_REVIEW,02_CANONICAL_STORIES/EVENT/EVENT_846/EPISODE_002_10044010.md,1f250d29e86386f4e55d811c3bd5978cc57f7b1c493eec51c4a0d461761675fb,ADMITTED,series/blue-archive/02 Sequential Readings/EVENTS/EVENT_846/BLUE_ARCHIVE_EVENT_846_CONTEXTUALIZATION_CHECKPOINT.md,REF:CYCLE008_ACCEPTED,REF:CYCLE008_SCOPE,unresolved,,REF:CYCLE008_LIMITS,CORE,REF:EVENT:BA:event:846:002,2,156,0
BA:event:846:003,event,MANDATORY_COMPLETE_REVIEW,02_CANONICAL_STORIES/EVENT/EVENT_846/EPISODE_003_10044020.md,f068dad246f3880446c2f24c29a59edd8d9ad3b1cf2071c50f7c7dfb88efc850,ADMITTED,series/blue-archive/02 Sequential Readings/EVENTS/EVENT_846/BLUE_ARCHIVE_EVENT_846_CONTEXTUALIZATION_CHECKPOINT.md,REF:CYCLE008_ACCEPTED,REF:CYCLE008_SCOPE,unresolved,,REF:CYCLE008_LIMITS,CORE,REF:EVENT:BA:event:846:003,1,117,3
BA:event:846:004,event,MANDATORY_COMPLETE_REVIEW,02_CANONICAL_STORIES/EVENT/EVENT_846/EPISODE_004_10044030.md,9bdfc190e3733451d51b1a405f3bf2d32c3d47d2b2c49d8ba74d3d16bdaa98f4,ADMITTED,series/blue-archive/02 Sequential Readings/EVENTS/EVENT_846/BLUE_ARCHIVE_EVENT_846_CONTEXTUALIZATION_CHECKPOINT.md,REF:CYCLE008_ACCEPTED,REF:CYCLE008_SCOPE,unresolved,,REF:CYCLE008_LIMITS,CORE,REF:EVENT:BA:event:846:004,1,128,4
BA:event:846:005,event,MANDATORY_COMPLETE_REVIEW,02_CANONICAL_STORIES/EVENT/EVENT_846/EPISODE_005_10044040.md,a2771f97083f2f35251fbc3cc54b4b1542a34ae935eb3420e4970c23985b9d22,ADMITTED,series/blue-archive/02 Sequential Readings/EVENTS/EVENT_846/BLUE_ARCHIVE_EVENT_846_CONTEXTUALIZATION_CHECKPOINT.md,REF:CYCLE008_ACCEPTED,REF:CYCLE008_SCOPE,unresolved,,REF:CYCLE008_LIMITS,CORE,REF:EVENT:BA:event:846:005,1,88,3
BA:event:846:006,event,MANDATORY_COMPLETE_REVIEW,02_CANONICAL_STORIES/EVENT/EVENT_846/EPISODE_006_10044050.md,978138bcd9ea86a07623a7000b2ed36b3947aaf74e409c460db0ed4637281a46,ADMITTED,series/blue-archive/02 Sequential Readings/EVENTS/EVENT_846/BLUE_ARCHIVE_EVENT_846_CONTEXTUALIZATION_CHECKPOINT.md,REF:CYCLE008_ACCEPTED,REF:CYCLE008_SCOPE,unresolved,,REF:CYCLE008_LIMITS,CORE,REF:EVENT:BA:event:846:006,1,55,0
BA:event:846:007,event,MANDATORY_COMPLETE_REVIEW,02_CANONICAL_STORIES/EVENT/EVENT_846/EPISODE_007_10044055.md,ec46b8c2930e75419fcf0fc76c3b09649afb2a9dae497a1272cd530c27e67bfa,ADMITTED,series/blue-archive/02 Sequential Readings/EVENTS/EVENT_846/BLUE_ARCHIVE_EVENT_846_CONTEXTUALIZATION_CHECKPOINT.md,REF:CYCLE008_ACCEPTED,REF:CYCLE008_SCOPE,unresolved,,REF:CYCLE008_LIMITS,HIGH,REF:EVENT:BA:event:846:007,1,15,0
BA:event:846:008,event,MANDATORY_COMPLETE_REVIEW,02_CANONICAL_STORIES/EVENT/EVENT_846/EPISODE_008_10044060.md,c55a9a5f3179310a9fef63a59a3d952883d8434e610d9fed8be6b62a7adc2243,ADMITTED,series/blue-archive/02 Sequential Readings/EVENTS/EVENT_846/BLUE_ARCHIVE_EVENT_846_CONTEXTUALIZATION_CHECKPOINT.md,REF:CYCLE008_ACCEPTED,REF:CYCLE008_SCOPE,unresolved,,REF:CYCLE008_LIMITS,CORE,REF:EVENT:BA:event:846:008,1,95,0
BA:event:846:009,event,MANDATORY_COMPLETE_REVIEW,02_CANONICAL_STORIES/EVENT/EVENT_846/EPISODE_009_10044070.md,1f408bfb9ab1893324f6b5af0fe0d16a7d1d5db7bcbad3592283a7e9913b5d91,ADMITTED,series/blue-archive/02 Sequential Readings/EVENTS/EVENT_846/BLUE_ARCHIVE_EVENT_846_CONTEXTUALIZATION_CHECKPOINT.md,REF:CYCLE008_ACCEPTED,REF:CYCLE008_SCOPE,unresolved,,REF:CYCLE008_LIMITS,HIGH,REF:EVENT:BA:event:846:009,1,34,2
BA:event:846:010,event,MANDATORY_COMPLETE_REVIEW,02_CANONICAL_STORIES/EVENT/EVENT_846/EPISODE_010_10044075.md,1d8dc38b7e7c4dbe6fb6b3c2dd17a0e3bc3ca46cd2b99ecbb8f39e9d86117953,ADMITTED,series/blue-archive/02 Sequential Readings/EVENTS/EVENT_846/BLUE_ARCHIVE_EVENT_846_CONTEXTUALIZATION_CHECKPOINT.md,REF:CYCLE008_ACCEPTED,REF:CYCLE008_SCOPE,unresolved,,REF:CYCLE008_LIMITS,CORE,REF:EVENT:BA:event:846:010,1,60,2
BA:event:846:011,event,MANDATORY_COMPLETE_REVIEW,02_CANONICAL_STORIES/EVENT/EVENT_846/EPISODE_011_10044080.md,ee311f8f30ac7a7811987a8640b89288293171a2b2aae91be9d93edd9e137cea,ADMITTED,series/blue-archive/02 Sequential Readings/EVENTS/EVENT_846/BLUE_ARCHIVE_EVENT_846_CONTEXTUALIZATION_CHECKPOINT.md,REF:CYCLE008_ACCEPTED,REF:CYCLE008_SCOPE,unresolved,,REF:CYCLE008_LIMITS,CORE,REF:EVENT:BA:event:846:011,1,79,3
BA:event:846:012,event,MANDATORY_COMPLETE_REVIEW,02_CANONICAL_STORIES/EVENT/EVENT_846/EPISODE_012_10044090.md,7ba67a3299312cff6c4ac319b86abb740436237742dce47479d4760b7b17e172,ADMITTED,series/blue-archive/02 Sequential Readings/EVENTS/EVENT_846/BLUE_ARCHIVE_EVENT_846_CONTEXTUALIZATION_CHECKPOINT.md,REF:CYCLE008_ACCEPTED,REF:CYCLE008_SCOPE,unresolved,,REF:CYCLE008_LIMITS,CORE,REF:EVENT:BA:event:846:012,1,138,4
BA:event:846:013,event,MANDATORY_COMPLETE_REVIEW,02_CANONICAL_STORIES/EVENT/EVENT_846/EPISODE_013_10044100.md,0ed08d9a73177725e979c27b7a128b4d13e2cddf4ee4c41f767b9e1122554ed3,ADMITTED,series/blue-archive/02 Sequential Readings/EVENTS/EVENT_846/BLUE_ARCHIVE_EVENT_846_CONTEXTUALIZATION_CHECKPOINT.md,REF:CYCLE008_ACCEPTED,REF:CYCLE008_SCOPE,unresolved,,REF:CYCLE008_LIMITS,CORE,REF:EVENT:BA:event:846:013,1,134,3
BA:event:847:001,event,MANDATORY_COMPLETE_REVIEW,02_CANONICAL_STORIES/EVENT/EVENT_847/EPISODE_001_10045005.md,0a5aa68de3798ff13bca4e67ba2781b04c82762b72cf8ac6139cee1b77751871,ADMITTED,series/blue-archive/02 Sequential Readings/EVENTS/EVENT_847/BLUE_ARCHIVE_EVENT_847_CONTEXTUALIZATION_CHECKPOINT.md,REF:CYCLE008_ACCEPTED,REF:CYCLE008_SCOPE,unresolved,,REF:CYCLE008_LIMITS,CORE,REF:EVENT:BA:event:847:001,1,42,0
BA:event:847:002,event,MANDATORY_COMPLETE_REVIEW,02_CANONICAL_STORIES/EVENT/EVENT_847/EPISODE_002_10045010.md,a3668b9ab6f7f90bb525376c629f269a9d3bcb3220848d738cd79ab44769f563,ADMITTED,series/blue-archive/02 Sequential Readings/EVENTS/EVENT_847/BLUE_ARCHIVE_EVENT_847_CONTEXTUALIZATION_CHECKPOINT.md,REF:CYCLE008_ACCEPTED,REF:CYCLE008_SCOPE,unresolved,,REF:CYCLE008_LIMITS,CORE,REF:EVENT:BA:event:847:002,1,72,4
BA:event:847:003,event,MANDATORY_COMPLETE_REVIEW,02_CANONICAL_STORIES/EVENT/EVENT_847/EPISODE_003_10045020.md,395b0d3631b16eceff0dcb82fffb42a4250087f3283971dcc07a91ed791e7a79,ADMITTED,series/blue-archive/02 Sequential Readings/EVENTS/EVENT_847/BLUE_ARCHIVE_EVENT_847_CONTEXTUALIZATION_CHECKPOINT.md,REF:CYCLE008_ACCEPTED,REF:CYCLE008_SCOPE,unresolved,,REF:CYCLE008_LIMITS,CORE,REF:EVENT:BA:event:847:003,1,51,0
BA:event:847:004,event,MANDATORY_COMPLETE_REVIEW,02_CANONICAL_STORIES/EVENT/EVENT_847/EPISODE_004_10045025.md,2254984648c4fc28e429935cae8a4d6c7da657d84d58ebb22b0ffb91d5c0b18a,ADMITTED,series/blue-archive/02 Sequential Readings/EVENTS/EVENT_847/BLUE_ARCHIVE_EVENT_847_CONTEXTUALIZATION_CHECKPOINT.md,REF:CYCLE008_ACCEPTED,REF:CYCLE008_SCOPE,unresolved,,REF:CYCLE008_LIMITS,HIGH,REF:EVENT:BA:event:847:004,1,28,0
BA:event:847:005,event,MANDATORY_COMPLETE_REVIEW,02_CANONICAL_STORIES/EVENT/EVENT_847/EPISODE_005_10045030.md,73af043c31e53e5a736d086a66570520ffe7c5a090192afa0921e82b406d62a2,ADMITTED,series/blue-archive/02 Sequential Readings/EVENTS/EVENT_847/BLUE_ARCHIVE_EVENT_847_CONTEXTUALIZATION_CHECKPOINT.md,REF:CYCLE008_ACCEPTED,REF:CYCLE008_SCOPE,unresolved,,REF:CYCLE008_LIMITS,CORE,REF:EVENT:BA:event:847:005,1,73,2
BA:event:847:006,event,MANDATORY_COMPLETE_REVIEW,02_CANONICAL_STORIES/EVENT/EVENT_847/EPISODE_006_10045040.md,b41c53d024302dc0edb8c883f55c1a323cb9cf2ef4671999878e19b6af1c099b,ADMITTED,series/blue-archive/02 Sequential Readings/EVENTS/EVENT_847/BLUE_ARCHIVE_EVENT_847_CONTEXTUALIZATION_CHECKPOINT.md,REF:CYCLE008_ACCEPTED,REF:CYCLE008_SCOPE,unresolved,,REF:CYCLE008_LIMITS,CORE,REF:EVENT:BA:event:847:006,1,129,1
BA:event:847:007,event,MANDATORY_COMPLETE_REVIEW,02_CANONICAL_STORIES/EVENT/EVENT_847/EPISODE_007_10045050.md,e78c6630b46ec33a31f45f71784a4c53585ec567213e86abefa2e70a550e44fa,ADMITTED,series/blue-archive/02 Sequential Readings/EVENTS/EVENT_847/BLUE_ARCHIVE_EVENT_847_CONTEXTUALIZATION_CHECKPOINT.md,REF:CYCLE008_ACCEPTED,REF:CYCLE008_SCOPE,unresolved,,REF:CYCLE008_LIMITS,CORE,REF:EVENT:BA:event:847:007,1,70,2
BA:event:847:008,event,MANDATORY_COMPLETE_REVIEW,02_CANONICAL_STORIES/EVENT/EVENT_847/EPISODE_008_10045060.md,25dbfa213522b307962751bbe64d6af74b4e79bd77e77b992c649a08852472b0,ADMITTED,series/blue-archive/02 Sequential Readings/EVENTS/EVENT_847/BLUE_ARCHIVE_EVENT_847_CONTEXTUALIZATION_CHECKPOINT.md,REF:CYCLE008_ACCEPTED,REF:CYCLE008_SCOPE,unresolved,,REF:CYCLE008_LIMITS,CORE,REF:EVENT:BA:event:847:008,1,126,0
BA:event:847:009,event,MANDATORY_COMPLETE_REVIEW,02_CANONICAL_STORIES/EVENT/EVENT_847/EPISODE_009_10045070.md,0b9094d8de581d8d03528ff17b55f8224c2cb5c9ee900a79f4eeed3006695589,ADMITTED,series/blue-archive/02 Sequential Readings/EVENTS/EVENT_847/BLUE_ARCHIVE_EVENT_847_CONTEXTUALIZATION_CHECKPOINT.md,REF:CYCLE008_ACCEPTED,REF:CYCLE008_SCOPE,unresolved,,REF:CYCLE008_LIMITS,CORE,REF:EVENT:BA:event:847:009,1,95,0
BA:event:847:010,event,MANDATORY_COMPLETE_REVIEW,02_CANONICAL_STORIES/EVENT/EVENT_847/EPISODE_010_10045080.md,8a142c1c4203deed1d8d7106d370ffb6926635c6a7df686a9eb4c675955b917f,ADMITTED,series/blue-archive/02 Sequential Readings/EVENTS/EVENT_847/BLUE_ARCHIVE_EVENT_847_CONTEXTUALIZATION_CHECKPOINT.md,REF:CYCLE008_ACCEPTED,REF:CYCLE008_SCOPE,unresolved,,REF:CYCLE008_LIMITS,CORE,REF:EVENT:BA:event:847:010,1,146,0
BA:event:847:011,event,MANDATORY_COMPLETE_REVIEW,02_CANONICAL_STORIES/EVENT/EVENT_847/EPISODE_011_10045090.md,e1858333f82f536875643ca54ab756b1567d5e43b63e3f83d768d6f1cbdeba1a,ADMITTED,series/blue-archive/02 Sequential Readings/EVENTS/EVENT_847/BLUE_ARCHIVE_EVENT_847_CONTEXTUALIZATION_CHECKPOINT.md,REF:CYCLE008_ACCEPTED,REF:CYCLE008_SCOPE,unresolved,,REF:CYCLE008_LIMITS,CORE,REF:EVENT:BA:event:847:011,1,114,1
BA:event:847:012,event,MANDATORY_COMPLETE_REVIEW,02_CANONICAL_STORIES/EVENT/EVENT_847/EPISODE_012_10045100.md,4622434fb5c2579b37ba0cbc35ea5af2dc78f960c4fdb19aa088cbe16d1ad4db,ADMITTED,series/blue-archive/02 Sequential Readings/EVENTS/EVENT_847/BLUE_ARCHIVE_EVENT_847_CONTEXTUALIZATION_CHECKPOINT.md,REF:CYCLE008_ACCEPTED,REF:CYCLE008_SCOPE,unresolved,,REF:CYCLE008_LIMITS,CORE,REF:EVENT:BA:event:847:012,1,111,2
BA:event:847:013,event,MANDATORY_COMPLETE_REVIEW,02_CANONICAL_STORIES/EVENT/EVENT_847/EPISODE_013_10045105.md,0a1e02af0e1044452f4b3eb192b6cb48505d013306afee928d2083ccbeb38d64,ADMITTED,series/blue-archive/02 Sequential Readings/EVENTS/EVENT_847/BLUE_ARCHIVE_EVENT_847_CONTEXTUALIZATION_CHECKPOINT.md,REF:CYCLE008_ACCEPTED,REF:CYCLE008_SCOPE,unresolved,,REF:CYCLE008_LIMITS,CORE,REF:EVENT:BA:event:847:013,1,25,1
BA:event:847:014,event,MANDATORY_COMPLETE_REVIEW,02_CANONICAL_STORIES/EVENT/EVENT_847/EPISODE_014_10045110.md,1a5b54f383ca17adb12185d93c5151f6b779f224b082a8d83695d908ccf2b7f5,ADMITTED,series/blue-archive/02 Sequential Readings/EVENTS/EVENT_847/BLUE_ARCHIVE_EVENT_847_CONTEXTUALIZATION_CHECKPOINT.md,REF:CYCLE008_ACCEPTED,REF:CYCLE008_SCOPE,unresolved,,REF:CYCLE008_LIMITS,CORE,REF:EVENT:BA:event:847:014,1,98,3
BA:event:847:015,event,MANDATORY_COMPLETE_REVIEW,02_CANONICAL_STORIES/EVENT/EVENT_847/EPISODE_015_10045120.md,46afb2cd1abf377b109bf351c97cb73a3afd9fcd36327a8ca5797b0dc2e55e94,ADMITTED,series/blue-archive/02 Sequential Readings/EVENTS/EVENT_847/BLUE_ARCHIVE_EVENT_847_CONTEXTUALIZATION_CHECKPOINT.md,REF:CYCLE008_ACCEPTED,REF:CYCLE008_SCOPE,unresolved,,REF:CYCLE008_LIMITS,CORE,REF:EVENT:BA:event:847:015,1,59,2
BA:event:848:001,event,MANDATORY_COMPLETE_REVIEW,02_CANONICAL_STORIES/EVENT/EVENT_848/EPISODE_001_10046005.md,ffb2aa2bdabd213812a47a2caba4a3e2f88b83b1cc2cb26b85a0f65beed5345e,ADMITTED,series/blue-archive/02 Sequential Readings/EVENTS/EVENT_848/BLUE_ARCHIVE_EVENT_848_CONTEXTUALIZATION_CHECKPOINT.md,REF:CYCLE008_ACCEPTED,REF:CYCLE008_SCOPE,unresolved,,REF:CYCLE008_LIMITS,HIGH,REF:EVENT:BA:event:848:001,1,61,0
BA:event:848:002,event,MANDATORY_COMPLETE_REVIEW,02_CANONICAL_STORIES/EVENT/EVENT_848/EPISODE_002_10046010.md,36b0d8215dbaafb99d12b339cb9210bcd251ab468bacbe71e8d9293de9a5f363,ADMITTED,series/blue-archive/02 Sequential Readings/EVENTS/EVENT_848/BLUE_ARCHIVE_EVENT_848_CONTEXTUALIZATION_CHECKPOINT.md,REF:CYCLE008_ACCEPTED,REF:CYCLE008_SCOPE,unresolved,,REF:CYCLE008_LIMITS,CORE,REF:EVENT:BA:event:848:002,1,136,6
BA:event:848:003,event,MANDATORY_COMPLETE_REVIEW,02_CANONICAL_STORIES/EVENT/EVENT_848/EPISODE_003_10046020.md,f95f0de4a2571621700247f0c9a9c36cc85836525a870aa30c70347123a84fc1,ADMITTED,series/blue-archive/02 Sequential Readings/EVENTS/EVENT_848/BLUE_ARCHIVE_EVENT_848_CONTEXTUALIZATION_CHECKPOINT.md,REF:CYCLE008_ACCEPTED,REF:CYCLE008_SCOPE,unresolved,,REF:CYCLE008_LIMITS,HIGH,REF:EVENT:BA:event:848:003,1,124,6
BA:event:848:004,event,MANDATORY_COMPLETE_REVIEW,02_CANONICAL_STORIES/EVENT/EVENT_848/EPISODE_004_10046025.md,b10b72acbd6416fef7fb776b64b289609776d4f26f432145c4317c2417f933ab,ADMITTED,series/blue-archive/02 Sequential Readings/EVENTS/EVENT_848/BLUE_ARCHIVE_EVENT_848_CONTEXTUALIZATION_CHECKPOINT.md,REF:CYCLE008_ACCEPTED,REF:CYCLE008_SCOPE,unresolved,,REF:CYCLE008_LIMITS,HIGH,REF:EVENT:BA:event:848:004,1,51,3
BA:event:848:005,event,MANDATORY_COMPLETE_REVIEW,02_CANONICAL_STORIES/EVENT/EVENT_848/EPISODE_005_10046030.md,a54e01778c8a9c3126d297b40542f9eda4fddab5d8aee4b4bc2f0cb528b168be,ADMITTED,series/blue-archive/02 Sequential Readings/EVENTS/EVENT_848/BLUE_ARCHIVE_EVENT_848_CONTEXTUALIZATION_CHECKPOINT.md,REF:CYCLE008_ACCEPTED,REF:CYCLE008_SCOPE,unresolved,,REF:CYCLE008_LIMITS,CORE,REF:EVENT:BA:event:848:005,1,177,5
BA:event:848:006,event,MANDATORY_COMPLETE_REVIEW,02_CANONICAL_STORIES/EVENT/EVENT_848/EPISODE_006_10046040.md,580c5891b49ba2ca46d9f2baa997074f893b8239ebd14c193e98f2b71a29f7c0,ADMITTED,series/blue-archive/02 Sequential Readings/EVENTS/EVENT_848/BLUE_ARCHIVE_EVENT_848_CONTEXTUALIZATION_CHECKPOINT.md,REF:CYCLE008_ACCEPTED,REF:CYCLE008_SCOPE,unresolved,,REF:CYCLE008_LIMITS,CORE,REF:EVENT:BA:event:848:006,1,180,6
BA:event:848:007,event,MANDATORY_COMPLETE_REVIEW,02_CANONICAL_STORIES/EVENT/EVENT_848/EPISODE_007_10046050.md,e28633a010d55bb7f5d34dec46827ed08a51f729b26b95e97bc73ed9de2a8d3c,ADMITTED,series/blue-archive/02 Sequential Readings/EVENTS/EVENT_848/BLUE_ARCHIVE_EVENT_848_CONTEXTUALIZATION_CHECKPOINT.md,REF:CYCLE008_ACCEPTED,REF:CYCLE008_SCOPE,unresolved,,REF:CYCLE008_LIMITS,CORE,REF:EVENT:BA:event:848:007,1,147,2
BA:event:848:008,event,MANDATORY_COMPLETE_REVIEW,02_CANONICAL_STORIES/EVENT/EVENT_848/EPISODE_008_10046060.md,77b31fd5ba70cdc2288d52c667b3e171f820b219717a1e1848444cbead0cb1a5,ADMITTED,series/blue-archive/02 Sequential Readings/EVENTS/EVENT_848/BLUE_ARCHIVE_EVENT_848_CONTEXTUALIZATION_CHECKPOINT.md,REF:CYCLE008_ACCEPTED,REF:CYCLE008_SCOPE,unresolved,,REF:CYCLE008_LIMITS,CORE,REF:EVENT:BA:event:848:008,1,124,2
BA:event:848:009,event,MANDATORY_COMPLETE_REVIEW,02_CANONICAL_STORIES/EVENT/EVENT_848/EPISODE_009_10046070.md,5f01e760c72b40dfe3545e1a548c29cf639ea0a10c0bafd5daebaf6fb6001403,ADMITTED,series/blue-archive/02 Sequential Readings/EVENTS/EVENT_848/BLUE_ARCHIVE_EVENT_848_CONTEXTUALIZATION_CHECKPOINT.md,REF:CYCLE008_ACCEPTED,REF:CYCLE008_SCOPE,unresolved,,REF:CYCLE008_LIMITS,CORE,REF:EVENT:BA:event:848:009,1,134,4
BA:event:848:010,event,MANDATORY_COMPLETE_REVIEW,02_CANONICAL_STORIES/EVENT/EVENT_848/EPISODE_010_10046080.md,5bb6392c9b4617dd40a751b23bc21832fc10fa6ea8d839223021c42ba943cc3b,ADMITTED,series/blue-archive/02 Sequential Readings/EVENTS/EVENT_848/BLUE_ARCHIVE_EVENT_848_CONTEXTUALIZATION_CHECKPOINT.md,REF:CYCLE008_ACCEPTED,REF:CYCLE008_SCOPE,unresolved,,REF:CYCLE008_LIMITS,CORE,REF:EVENT:BA:event:848:010,2,150,6
BA:event:848:011,event,MANDATORY_COMPLETE_REVIEW,02_CANONICAL_STORIES/EVENT/EVENT_848/EPISODE_011_10046090.md,71b9e791f747968d58881883fdb7c502e373b0a50eedb953d41aa2048267e784,ADMITTED,series/blue-archive/02 Sequential Readings/EVENTS/EVENT_848/BLUE_ARCHIVE_EVENT_848_CONTEXTUALIZATION_CHECKPOINT.md,REF:CYCLE008_ACCEPTED,REF:CYCLE008_SCOPE,unresolved,,REF:CYCLE008_LIMITS,CORE,REF:EVENT:BA:event:848:011,1,108,5
BA:event:848:012,event,MANDATORY_COMPLETE_REVIEW,02_CANONICAL_STORIES/EVENT/EVENT_848/EPISODE_012_10046100.md,6469882c0df3bc71fd91a6729717125e04d1a644f40c59a5cb756de067191ec1,ADMITTED,series/blue-archive/02 Sequential Readings/EVENTS/EVENT_848/BLUE_ARCHIVE_EVENT_848_CONTEXTUALIZATION_CHECKPOINT.md,REF:CYCLE008_ACCEPTED,REF:CYCLE008_SCOPE,unresolved,,REF:CYCLE008_LIMITS,CORE,REF:EVENT:BA:event:848:012,1,35,0
BA:event:848:013,event,MANDATORY_COMPLETE_REVIEW,02_CANONICAL_STORIES/EVENT/EVENT_848/EPISODE_013_10046110.md,f4e3fffc431fdfb66cbf0791ff5389cb9e694fddbddde380c785bca27fba6a9a,ADMITTED,series/blue-archive/02 Sequential Readings/EVENTS/EVENT_848/BLUE_ARCHIVE_EVENT_848_CONTEXTUALIZATION_CHECKPOINT.md,REF:CYCLE008_ACCEPTED,REF:CYCLE008_SCOPE,unresolved,,REF:CYCLE008_LIMITS,CORE,REF:EVENT:BA:event:848:013,1,5,0
BA:event:848:014,event,MANDATORY_COMPLETE_REVIEW,02_CANONICAL_STORIES/EVENT/EVENT_848/EPISODE_014_10046120.md,c3074e4797590b9e6735c1487b5e386fa05c2c964f22f8be965e68c3200cedf0,ADMITTED,series/blue-archive/02 Sequential Readings/EVENTS/EVENT_848/BLUE_ARCHIVE_EVENT_848_CONTEXTUALIZATION_CHECKPOINT.md,REF:CYCLE008_ACCEPTED,REF:CYCLE008_SCOPE,unresolved,,REF:CYCLE008_LIMITS,CORE,REF:EVENT:BA:event:848:014,1,8,0
BA:event:848:015,event,MANDATORY_COMPLETE_REVIEW,02_CANONICAL_STORIES/EVENT/EVENT_848/EPISODE_015_10046130.md,8ecd303acd71451b13c78dda1659d83089f075b8e2b9c7b5900a031446759935,ADMITTED,series/blue-archive/02 Sequential Readings/EVENTS/EVENT_848/BLUE_ARCHIVE_EVENT_848_CONTEXTUALIZATION_CHECKPOINT.md,REF:CYCLE008_ACCEPTED,REF:CYCLE008_SCOPE,unresolved,,REF:CYCLE008_LIMITS,CORE,REF:EVENT:BA:event:848:015,1,21,0
BA:event:848:016,event,MANDATORY_COMPLETE_REVIEW,02_CANONICAL_STORIES/EVENT/EVENT_848/EPISODE_016_10046140.md,e7a8c8aa1b08dce94460628d0453b887c47e70268c7d6c9dbb2956dc9133d1c4,ADMITTED,series/blue-archive/02 Sequential Readings/EVENTS/EVENT_848/BLUE_ARCHIVE_EVENT_848_CONTEXTUALIZATION_CHECKPOINT.md,REF:CYCLE008_ACCEPTED,REF:CYCLE008_SCOPE,unresolved,,REF:CYCLE008_LIMITS,CORE,REF:EVENT:BA:event:848:016,1,26,0
BA:event:848:017,event,MANDATORY_COMPLETE_REVIEW,02_CANONICAL_STORIES/EVENT/EVENT_848/EPISODE_017_10046150.md,37f71e21731732e0a62ffe9c7de91b176c8c602c8cca7a8d7de3dffd439dcfc4,ADMITTED,series/blue-archive/02 Sequential Readings/EVENTS/EVENT_848/BLUE_ARCHIVE_EVENT_848_CONTEXTUALIZATION_CHECKPOINT.md,REF:CYCLE008_ACCEPTED,REF:CYCLE008_SCOPE,unresolved,,REF:CYCLE008_LIMITS,HIGH,REF:EVENT:BA:event:848:017,1,27,0
BA:event:848:018,event,MANDATORY_COMPLETE_REVIEW,02_CANONICAL_STORIES/EVENT/EVENT_848/EPISODE_018_10046160.md,ce9f70c8d58df6c52b06529a9ba63408d0e348379cea2c4daed081563bdb379f,ADMITTED,series/blue-archive/02 Sequential Readings/EVENTS/EVENT_848/BLUE_ARCHIVE_EVENT_848_CONTEXTUALIZATION_CHECKPOINT.md,REF:CYCLE008_ACCEPTED,REF:CYCLE008_SCOPE,unresolved,,REF:CYCLE008_LIMITS,CORE,REF:EVENT:BA:event:848:018,1,23,0
BA:event:848:019,event,MANDATORY_COMPLETE_REVIEW,02_CANONICAL_STORIES/EVENT/EVENT_848/EPISODE_019_10046170.md,82b7773c0f9097ab7d4465a3c0756c153365e0368f493d6ab4fbb437fcc20bc7,ADMITTED,series/blue-archive/02 Sequential Readings/EVENTS/EVENT_848/BLUE_ARCHIVE_EVENT_848_CONTEXTUALIZATION_CHECKPOINT.md,REF:CYCLE008_ACCEPTED,REF:CYCLE008_SCOPE,unresolved,,REF:CYCLE008_LIMITS,CORE,REF:EVENT:BA:event:848:019,1,34,0
BA:event:848:020,event,MANDATORY_COMPLETE_REVIEW,02_CANONICAL_STORIES/EVENT/EVENT_848/EPISODE_020_10046180.md,d0c497c71a113300766e67e371606131d5f03da6913f94d8c5aee8545ff5ed4d,ADMITTED,series/blue-archive/02 Sequential Readings/EVENTS/EVENT_848/BLUE_ARCHIVE_EVENT_848_CONTEXTUALIZATION_CHECKPOINT.md,REF:CYCLE008_ACCEPTED,REF:CYCLE008_SCOPE,unresolved,,REF:CYCLE008_LIMITS,HIGH,REF:EVENT:BA:event:848:020,1,32,0
BA:event:848:021,event,MANDATORY_COMPLETE_REVIEW,02_CANONICAL_STORIES/EVENT/EVENT_848/EPISODE_021_10046190.md,3571a83601eb4d648e40446e88c33fe51de7a1947a1df9b0f7fd988bc021c90f,ADMITTED,series/blue-archive/02 Sequential Readings/EVENTS/EVENT_848/BLUE_ARCHIVE_EVENT_848_CONTEXTUALIZATION_CHECKPOINT.md,REF:CYCLE008_ACCEPTED,REF:CYCLE008_SCOPE,unresolved,,REF:CYCLE008_LIMITS,HIGH,REF:EVENT:BA:event:848:021,1,23,0
BA:event:848:022,event,MANDATORY_COMPLETE_REVIEW,02_CANONICAL_STORIES/EVENT/EVENT_848/EPISODE_022_10046200.md,63a68e83ee801009fb04b4bb7c8efdbd4e9d7a7e72356576d4dd8a19fb71320c,ADMITTED,series/blue-archive/02 Sequential Readings/EVENTS/EVENT_848/BLUE_ARCHIVE_EVENT_848_CONTEXTUALIZATION_CHECKPOINT.md,REF:CYCLE008_ACCEPTED,REF:CYCLE008_SCOPE,unresolved,,REF:CYCLE008_LIMITS,CORE,REF:EVENT:BA:event:848:022,1,37,0
BA:event:848:023,event,MANDATORY_COMPLETE_REVIEW,02_CANONICAL_STORIES/EVENT/EVENT_848/EPISODE_023_10046210.md,31afd12a975e90f10d62a51bcad38e308c11c37fd3d4191a47617ad352428e06,ADMITTED,series/blue-archive/02 Sequential Readings/EVENTS/EVENT_848/BLUE_ARCHIVE_EVENT_848_CONTEXTUALIZATION_CHECKPOINT.md,REF:CYCLE008_ACCEPTED,REF:CYCLE008_SCOPE,unresolved,,REF:CYCLE008_LIMITS,CORE,REF:EVENT:BA:event:848:023,1,41,0
BA:event:848:024,event,MANDATORY_COMPLETE_REVIEW,02_CANONICAL_STORIES/EVENT/EVENT_848/EPISODE_024_10046220.md,d673f13f33a784419f15b0f0c6d527304c130d696cb38a64febf4e835c2e4908,ADMITTED,series/blue-archive/02 Sequential Readings/EVENTS/EVENT_848/BLUE_ARCHIVE_EVENT_848_CONTEXTUALIZATION_CHECKPOINT.md,REF:CYCLE008_ACCEPTED,REF:CYCLE008_SCOPE,unresolved,,REF:CYCLE008_LIMITS,CORE,REF:EVENT:BA:event:848:024,1,27,0
BA:event:848:025,event,MANDATORY_COMPLETE_REVIEW,02_CANONICAL_STORIES/EVENT/EVENT_848/EPISODE_025_10046230.md,e9c3b4af6aa39bcfc7d61ad3a8bc5bebe56cc54e385a8ab58f0ed7cff825af77,ADMITTED,series/blue-archive/02 Sequential Readings/EVENTS/EVENT_848/BLUE_ARCHIVE_EVENT_848_CONTEXTUALIZATION_CHECKPOINT.md,REF:CYCLE008_ACCEPTED,REF:CYCLE008_SCOPE,unresolved,,REF:CYCLE008_LIMITS,HIGH,REF:EVENT:BA:event:848:025,1,16,0
BA:event:848:026,event,MANDATORY_COMPLETE_REVIEW,02_CANONICAL_STORIES/EVENT/EVENT_848/EPISODE_026_10046240.md,784e4a666e5c160de04fbf150f75e7ce83a19d7461c170141aad9f8d341f7272,ADMITTED,series/blue-archive/02 Sequential Readings/EVENTS/EVENT_848/BLUE_ARCHIVE_EVENT_848_CONTEXTUALIZATION_CHECKPOINT.md,REF:CYCLE008_ACCEPTED,REF:CYCLE008_SCOPE,unresolved,,REF:CYCLE008_LIMITS,CORE,REF:EVENT:BA:event:848:026,1,26,0
BA:event:848:027,event,MANDATORY_COMPLETE_REVIEW,02_CANONICAL_STORIES/EVENT/EVENT_848/EPISODE_027_10046250.md,e91d529d05d99a68d023bc00bc1da5ae1f9b6c31917e7661071f5f11e1f6dc93,ADMITTED,series/blue-archive/02 Sequential Readings/EVENTS/EVENT_848/BLUE_ARCHIVE_EVENT_848_CONTEXTUALIZATION_CHECKPOINT.md,REF:CYCLE008_ACCEPTED,REF:CYCLE008_SCOPE,unresolved,,REF:CYCLE008_LIMITS,HIGH,REF:EVENT:BA:event:848:027,1,36,0
BA:event:848:028,event,MANDATORY_COMPLETE_REVIEW,02_CANONICAL_STORIES/EVENT/EVENT_848/EPISODE_028_10046260.md,15904d8036cbc4f87d78fc18dc6cb08cadc8aa1c464e1eb4ca9f219505567f4b,ADMITTED,series/blue-archive/02 Sequential Readings/EVENTS/EVENT_848/BLUE_ARCHIVE_EVENT_848_CONTEXTUALIZATION_CHECKPOINT.md,REF:CYCLE008_ACCEPTED,REF:CYCLE008_SCOPE,unresolved,,REF:CYCLE008_LIMITS,HIGH,REF:EVENT:BA:event:848:028,1,32,0
BA:event:848:029,event,MANDATORY_COMPLETE_REVIEW,02_CANONICAL_STORIES/EVENT/EVENT_848/EPISODE_029_10046270.md,2202145482dc0488237fa0172625f810fcef8a07891fe86785a0d5e0bfd35802,ADMITTED,series/blue-archive/02 Sequential Readings/EVENTS/EVENT_848/BLUE_ARCHIVE_EVENT_848_CONTEXTUALIZATION_CHECKPOINT.md,REF:CYCLE008_ACCEPTED,REF:CYCLE008_SCOPE,unresolved,,REF:CYCLE008_LIMITS,CORE,REF:EVENT:BA:event:848:029,1,19,0
BA:event:848:030,event,MANDATORY_COMPLETE_REVIEW,02_CANONICAL_STORIES/EVENT/EVENT_848/EPISODE_030_10046280.md,09da7645dd1b4f0e88bf53051e902aaf36d3a6532a9db0d9e2a698f6194fdfc0,ADMITTED,series/blue-archive/02 Sequential Readings/EVENTS/EVENT_848/BLUE_ARCHIVE_EVENT_848_CONTEXTUALIZATION_CHECKPOINT.md,REF:CYCLE008_ACCEPTED,REF:CYCLE008_SCOPE,unresolved,,REF:CYCLE008_LIMITS,CORE,REF:EVENT:BA:event:848:030,1,16,0
BA:event:849:001,event,MANDATORY_COMPLETE_REVIEW,02_CANONICAL_STORIES/EVENT/EVENT_849/EPISODE_001_10047005.md,ca823532b9be10e53231fe8bcd4beee59b94ea2688e7ab83da932e33198d0e2a,ADMITTED,series/blue-archive/02 Sequential Readings/EVENTS/EVENT_849/BLUE_ARCHIVE_EVENT_849_CONTEXTUALIZATION_CHECKPOINT.md,REF:CYCLE008_ACCEPTED,REF:CYCLE008_SCOPE,unresolved,,REF:CYCLE008_LIMITS,HIGH,REF:EVENT:BA:event:849:001,1,17,0
BA:event:849:002,event,MANDATORY_COMPLETE_REVIEW,02_CANONICAL_STORIES/EVENT/EVENT_849/EPISODE_002_10047010.md,9cffe109e23788dfdc73bcefbc713c0f72b739a4bb8596662aa80c00782ee1d1,ADMITTED,series/blue-archive/02 Sequential Readings/EVENTS/EVENT_849/BLUE_ARCHIVE_EVENT_849_CONTEXTUALIZATION_CHECKPOINT.md,REF:CYCLE008_ACCEPTED,REF:CYCLE008_SCOPE,unresolved,,REF:CYCLE008_LIMITS,CORE,REF:EVENT:BA:event:849:002,1,76,14
BA:event:849:003,event,MANDATORY_COMPLETE_REVIEW,02_CANONICAL_STORIES/EVENT/EVENT_849/EPISODE_003_10047020.md,29969696acd123f3b6c15d495132499e6d99c16f41f9a6d6ac78ac211c2afc87,ADMITTED,series/blue-archive/02 Sequential Readings/EVENTS/EVENT_849/BLUE_ARCHIVE_EVENT_849_CONTEXTUALIZATION_CHECKPOINT.md,REF:CYCLE008_ACCEPTED,REF:CYCLE008_SCOPE,unresolved,,REF:CYCLE008_LIMITS,HIGH,REF:EVENT:BA:event:849:003,2,127,12
BA:event:849:004,event,MANDATORY_COMPLETE_REVIEW,02_CANONICAL_STORIES/EVENT/EVENT_849/EPISODE_004_10047030.md,1291153b6bb64b920275efcffd602d5ee8e6ee966bd3ba7738304ae67e43d1bd,ADMITTED,series/blue-archive/02 Sequential Readings/EVENTS/EVENT_849/BLUE_ARCHIVE_EVENT_849_CONTEXTUALIZATION_CHECKPOINT.md,REF:CYCLE008_ACCEPTED,REF:CYCLE008_SCOPE,unresolved,,REF:CYCLE008_LIMITS,HIGH,REF:EVENT:BA:event:849:004,2,98,7
BA:event:849:005,event,MANDATORY_COMPLETE_REVIEW,02_CANONICAL_STORIES/EVENT/EVENT_849/EPISODE_005_10047040.md,a2932df03f7af3286d8f67ab4b0c0f39055cb5a4538c8d34befc8e7703e7066b,ADMITTED,series/blue-archive/02 Sequential Readings/EVENTS/EVENT_849/BLUE_ARCHIVE_EVENT_849_CONTEXTUALIZATION_CHECKPOINT.md,REF:CYCLE008_ACCEPTED,REF:CYCLE008_SCOPE,unresolved,,REF:CYCLE008_LIMITS,CORE,REF:EVENT:BA:event:849:005,6,118,13
BA:event:849:006,event,MANDATORY_COMPLETE_REVIEW,02_CANONICAL_STORIES/EVENT/EVENT_849/EPISODE_006_10047050.md,41e415af3bd389618508f4f0871f5159736b4f8fda43d7f39a340f4487e2183f,ADMITTED,series/blue-archive/02 Sequential Readings/EVENTS/EVENT_849/BLUE_ARCHIVE_EVENT_849_CONTEXTUALIZATION_CHECKPOINT.md,REF:CYCLE008_ACCEPTED,REF:CYCLE008_SCOPE,unresolved,,REF:CYCLE008_LIMITS,CORE,REF:EVENT:BA:event:849:006,1,119,6
BA:event:849:007,event,MANDATORY_COMPLETE_REVIEW,02_CANONICAL_STORIES/EVENT/EVENT_849/EPISODE_007_10047060.md,ac2a3462b70637b5664e47eb55e5f3a2151e93fa336a9723a77416401ce7f8fa,ADMITTED,series/blue-archive/02 Sequential Readings/EVENTS/EVENT_849/BLUE_ARCHIVE_EVENT_849_CONTEXTUALIZATION_CHECKPOINT.md,REF:CYCLE008_ACCEPTED,REF:CYCLE008_SCOPE,unresolved,,REF:CYCLE008_LIMITS,CORE,REF:EVENT:BA:event:849:007,1,86,5
BA:event:849:008,event,MANDATORY_COMPLETE_REVIEW,02_CANONICAL_STORIES/EVENT/EVENT_849/EPISODE_008_10047070.md,05ad05909cbf424845fe8bc9c9756624292e547067b13b8b90bdd4a9aaeacfa2,ADMITTED,series/blue-archive/02 Sequential Readings/EVENTS/EVENT_849/BLUE_ARCHIVE_EVENT_849_CONTEXTUALIZATION_CHECKPOINT.md,REF:CYCLE008_ACCEPTED,REF:CYCLE008_SCOPE,unresolved,,REF:CYCLE008_LIMITS,CORE,REF:EVENT:BA:event:849:008,2,113,3
BA:event:849:009,event,MANDATORY_COMPLETE_REVIEW,02_CANONICAL_STORIES/EVENT/EVENT_849/EPISODE_009_10047080.md,517cf93c529caf2d2d339b91baa6d05204408417f17bc46020c154b57d8158f6,ADMITTED,series/blue-archive/02 Sequential Readings/EVENTS/EVENT_849/BLUE_ARCHIVE_EVENT_849_CONTEXTUALIZATION_CHECKPOINT.md,REF:CYCLE008_ACCEPTED,REF:CYCLE008_SCOPE,unresolved,,REF:CYCLE008_LIMITS,CORE,REF:EVENT:BA:event:849:009,1,107,3
BA:event:849:010,event,MANDATORY_COMPLETE_REVIEW,02_CANONICAL_STORIES/EVENT/EVENT_849/EPISODE_010_10047090.md,f39c626aa04eec05baae8984b3f7144fc4f5fa1e36c34e1a5e871822d678b737,ADMITTED,series/blue-archive/02 Sequential Readings/EVENTS/EVENT_849/BLUE_ARCHIVE_EVENT_849_CONTEXTUALIZATION_CHECKPOINT.md,REF:CYCLE008_ACCEPTED,REF:CYCLE008_SCOPE,unresolved,,REF:CYCLE008_LIMITS,CORE,REF:EVENT:BA:event:849:010,1,48,2
BA:event:849:011,event,MANDATORY_COMPLETE_REVIEW,02_CANONICAL_STORIES/EVENT/EVENT_849/EPISODE_011_10047095.md,229af772b3bb1526dbf37eb773a224b55d342be1fee5c381764e972f8fc083ac,ADMITTED,series/blue-archive/02 Sequential Readings/EVENTS/EVENT_849/BLUE_ARCHIVE_EVENT_849_CONTEXTUALIZATION_CHECKPOINT.md,REF:CYCLE008_ACCEPTED,REF:CYCLE008_SCOPE,unresolved,,REF:CYCLE008_LIMITS,CORE,REF:EVENT:BA:event:849:011,1,19,0
BA:event:849:012,event,MANDATORY_COMPLETE_REVIEW,02_CANONICAL_STORIES/EVENT/EVENT_849/EPISODE_012_10047100.md,97a7f4216df87157c8c902383a6917dd66449ca0acf40c35f431b8e9e3ed3813,ADMITTED,series/blue-archive/02 Sequential Readings/EVENTS/EVENT_849/BLUE_ARCHIVE_EVENT_849_CONTEXTUALIZATION_CHECKPOINT.md,REF:CYCLE008_ACCEPTED,REF:CYCLE008_SCOPE,unresolved,,REF:CYCLE008_LIMITS,CORE,REF:EVENT:BA:event:849:012,2,19,0
BA:event:849:013,event,MANDATORY_COMPLETE_REVIEW,02_CANONICAL_STORIES/EVENT/EVENT_849/EPISODE_013_10047105.md,0efa38e61ee24827d94712491c4ef9ab5fbaec36e7dec61e7eb9573a148680d8,ADMITTED,series/blue-archive/02 Sequential Readings/EVENTS/EVENT_849/BLUE_ARCHIVE_EVENT_849_CONTEXTUALIZATION_CHECKPOINT.md,REF:CYCLE008_ACCEPTED,REF:CYCLE008_SCOPE,unresolved,,REF:CYCLE008_LIMITS,CORE,REF:EVENT:BA:event:849:013,1,74,0
BA:event:849:014,event,MANDATORY_COMPLETE_REVIEW,02_CANONICAL_STORIES/EVENT/EVENT_849/EPISODE_014_10047110.md,2c68986ce5a5a0916c3918ff1190bcffab0c7cbaf106222434329705900c018f,ADMITTED,series/blue-archive/02 Sequential Readings/EVENTS/EVENT_849/BLUE_ARCHIVE_EVENT_849_CONTEXTUALIZATION_CHECKPOINT.md,REF:CYCLE008_ACCEPTED,REF:CYCLE008_SCOPE,unresolved,,REF:CYCLE008_LIMITS,CORE,REF:EVENT:BA:event:849:014,1,85,1
BA:event:850:001,event,MANDATORY_COMPLETE_REVIEW,02_CANONICAL_STORIES/EVENT/EVENT_850/EPISODE_001_10048005.md,cfe0eae87bc606806392d9e8c2325fd26b45e50c4b452fb45e97806cd59d915f,ADMITTED,series/blue-archive/02 Sequential Readings/EVENTS/EVENT_850/BLUE_ARCHIVE_EVENT_850_CONTEXTUALIZATION_CHECKPOINT.md,REF:CYCLE008_ACCEPTED,REF:CYCLE008_SCOPE,unresolved,,REF:CYCLE008_LIMITS,CORE,REF:EVENT:BA:event:850:001,1,42,9
BA:event:850:002,event,MANDATORY_COMPLETE_REVIEW,02_CANONICAL_STORIES/EVENT/EVENT_850/EPISODE_002_10048010.md,177774347b7c143f424adc79936d89ea8c2b499d76194d37963cf84483d04a6d,ADMITTED,series/blue-archive/02 Sequential Readings/EVENTS/EVENT_850/BLUE_ARCHIVE_EVENT_850_CONTEXTUALIZATION_CHECKPOINT.md,REF:CYCLE008_ACCEPTED,REF:CYCLE008_SCOPE,unresolved,,REF:CYCLE008_LIMITS,CORE,REF:EVENT:BA:event:850:002,3,110,13
BA:event:850:003,event,MANDATORY_COMPLETE_REVIEW,02_CANONICAL_STORIES/EVENT/EVENT_850/EPISODE_003_10048020.md,5a35cca41b4eecd6db82b5b1f5f08fbb320fd6281fd9f6473a250a6f224164e2,ADMITTED,series/blue-archive/02 Sequential Readings/EVENTS/EVENT_850/BLUE_ARCHIVE_EVENT_850_CONTEXTUALIZATION_CHECKPOINT.md,REF:CYCLE008_ACCEPTED,REF:CYCLE008_SCOPE,unresolved,,REF:CYCLE008_LIMITS,CORE,REF:EVENT:BA:event:850:003,4,124,12
BA:event:850:004,event,MANDATORY_COMPLETE_REVIEW,02_CANONICAL_STORIES/EVENT/EVENT_850/EPISODE_004_10048030.md,d7c0c8f5fab3594a23ed3c157c8a69f310b211c3719079436a5e4a35cf65176a,ADMITTED,series/blue-archive/02 Sequential Readings/EVENTS/EVENT_850/BLUE_ARCHIVE_EVENT_850_CONTEXTUALIZATION_CHECKPOINT.md,REF:CYCLE008_ACCEPTED,REF:CYCLE008_SCOPE,unresolved,,REF:CYCLE008_LIMITS,CORE,REF:EVENT:BA:event:850:004,2,137,4
BA:event:850:005,event,MANDATORY_COMPLETE_REVIEW,02_CANONICAL_STORIES/EVENT/EVENT_850/EPISODE_005_10048040.md,54b4316d4f0b7957058c1d24f44adc89fb796e6674f2829676dacf81da205ca4,ADMITTED,series/blue-archive/02 Sequential Readings/EVENTS/EVENT_850/BLUE_ARCHIVE_EVENT_850_CONTEXTUALIZATION_CHECKPOINT.md,REF:CYCLE008_ACCEPTED,REF:CYCLE008_SCOPE,unresolved,,REF:CYCLE008_LIMITS,HIGH,REF:EVENT:BA:event:850:005,2,113,0
BA:event:850:006,event,MANDATORY_COMPLETE_REVIEW,02_CANONICAL_STORIES/EVENT/EVENT_850/EPISODE_006_10048050.md,2ba07345d7868245a92cc4c42c707f50089915b8eee0a7d3fa7e0291bb150475,ADMITTED,series/blue-archive/02 Sequential Readings/EVENTS/EVENT_850/BLUE_ARCHIVE_EVENT_850_CONTEXTUALIZATION_CHECKPOINT.md,REF:CYCLE008_ACCEPTED,REF:CYCLE008_SCOPE,unresolved,,REF:CYCLE008_LIMITS,CORE,REF:EVENT:BA:event:850:006,3,118,0
BA:event:850:007,event,MANDATORY_COMPLETE_REVIEW,02_CANONICAL_STORIES/EVENT/EVENT_850/EPISODE_007_10048060.md,e377492a4d8a92a824236740759bf7dfb1018b4209fb3f799aa146a99b263fec,ADMITTED,series/blue-archive/02 Sequential Readings/EVENTS/EVENT_850/BLUE_ARCHIVE_EVENT_850_CONTEXTUALIZATION_CHECKPOINT.md,REF:CYCLE008_ACCEPTED,REF:CYCLE008_SCOPE,unresolved,,REF:CYCLE008_LIMITS,CORE,REF:EVENT:BA:event:850:007,1,135,10
BA:event:850:008,event,MANDATORY_COMPLETE_REVIEW,02_CANONICAL_STORIES/EVENT/EVENT_850/EPISODE_008_10048070.md,d92ac91a14bdf6ef86995af4c8e541bc0778d1c2c51c6d4cc1b30e16a9f6000c,ADMITTED,series/blue-archive/02 Sequential Readings/EVENTS/EVENT_850/BLUE_ARCHIVE_EVENT_850_CONTEXTUALIZATION_CHECKPOINT.md,REF:CYCLE008_ACCEPTED,REF:CYCLE008_SCOPE,unresolved,,REF:CYCLE008_LIMITS,CORE,REF:EVENT:BA:event:850:008,3,116,0
BA:event:850:009,event,MANDATORY_COMPLETE_REVIEW,02_CANONICAL_STORIES/EVENT/EVENT_850/EPISODE_009_10048080.md,1c70c440216753d0b517a287909abf5699c2abb0245ee4ea1526946cfce55cec,ADMITTED,series/blue-archive/02 Sequential Readings/EVENTS/EVENT_850/BLUE_ARCHIVE_EVENT_850_CONTEXTUALIZATION_CHECKPOINT.md,REF:CYCLE008_ACCEPTED,REF:CYCLE008_SCOPE,unresolved,,REF:CYCLE008_LIMITS,CORE,REF:EVENT:BA:event:850:009,1,106,5
BA:event:850:010,event,MANDATORY_COMPLETE_REVIEW,02_CANONICAL_STORIES/EVENT/EVENT_850/EPISODE_010_10048090.md,f6dff7d6fd05d2f551029e6a63839bc2d8d5237307bbd08eab90b4055e618678,ADMITTED,series/blue-archive/02 Sequential Readings/EVENTS/EVENT_850/BLUE_ARCHIVE_EVENT_850_CONTEXTUALIZATION_CHECKPOINT.md,REF:CYCLE008_ACCEPTED,REF:CYCLE008_SCOPE,unresolved,,REF:CYCLE008_LIMITS,CORE,REF:EVENT:BA:event:850:010,1,123,0
BA:event:850:011,event,MANDATORY_COMPLETE_REVIEW,02_CANONICAL_STORIES/EVENT/EVENT_850/EPISODE_011_10048100.md,e1160974ea969c151a23c9d7666c39e680031a146387b2fb15735ed2f6e05978,ADMITTED,series/blue-archive/02 Sequential Readings/EVENTS/EVENT_850/BLUE_ARCHIVE_EVENT_850_CONTEXTUALIZATION_CHECKPOINT.md,REF:CYCLE008_ACCEPTED,REF:CYCLE008_SCOPE,unresolved,,REF:CYCLE008_LIMITS,CORE,REF:EVENT:BA:event:850:011,3,129,6
BA:event:850:012,event,MANDATORY_COMPLETE_REVIEW,02_CANONICAL_STORIES/EVENT/EVENT_850/EPISODE_012_10048110.md,e084d45e177bba5ee594ae590c1d568b85fefda2bbbbd1f2796a394b39595772,ADMITTED,series/blue-archive/02 Sequential Readings/EVENTS/EVENT_850/BLUE_ARCHIVE_EVENT_850_CONTEXTUALIZATION_CHECKPOINT.md,REF:CYCLE008_ACCEPTED,REF:CYCLE008_SCOPE,unresolved,,REF:CYCLE008_LIMITS,CORE,REF:EVENT:BA:event:850:012,1,72,3
BA:event:851:001,event,MANDATORY_COMPLETE_REVIEW,02_CANONICAL_STORIES/EVENT/EVENT_851/EPISODE_001_10049005.md,5091ed940a14ed179e2df41267d1ba6abe03d5f9a6cd85b671bf5cba4eebe8fa,ADMITTED,series/blue-archive/02 Sequential Readings/EVENTS/EVENT_851/BLUE_ARCHIVE_EVENT_851_CONTEXTUALIZATION_CHECKPOINT.md,REF:CYCLE008_ACCEPTED,REF:CYCLE008_SCOPE,unresolved,,REF:CYCLE008_LIMITS,HIGH,REF:EVENT:BA:event:851:001,1,10,0
BA:event:851:002,event,MANDATORY_COMPLETE_REVIEW,02_CANONICAL_STORIES/EVENT/EVENT_851/EPISODE_002_10049010.md,4b59e5dc29cd426c4c5f8e3053ebb5ea1db6ebfe4fae212be27c001ebbb346d2,ADMITTED,series/blue-archive/02 Sequential Readings/EVENTS/EVENT_851/BLUE_ARCHIVE_EVENT_851_CONTEXTUALIZATION_CHECKPOINT.md,REF:CYCLE008_ACCEPTED,REF:CYCLE008_SCOPE,unresolved,,REF:CYCLE008_LIMITS,CORE,REF:EVENT:BA:event:851:002,2,80,0
BA:event:851:003,event,MANDATORY_COMPLETE_REVIEW,02_CANONICAL_STORIES/EVENT/EVENT_851/EPISODE_003_10049020.md,f3f38d8cfd3709c79c643bc49a58a9d4fc292ef1ff82ae4ae4ef0cdae55dd87f,ADMITTED,series/blue-archive/02 Sequential Readings/EVENTS/EVENT_851/BLUE_ARCHIVE_EVENT_851_CONTEXTUALIZATION_CHECKPOINT.md,REF:CYCLE008_ACCEPTED,REF:CYCLE008_SCOPE,unresolved,,REF:CYCLE008_LIMITS,CORE,REF:EVENT:BA:event:851:003,3,118,0
BA:event:851:004,event,MANDATORY_COMPLETE_REVIEW,02_CANONICAL_STORIES/EVENT/EVENT_851/EPISODE_004_10049030.md,f5c0804d877408401e3b9f55ed89244f86854982e94598225e0b0b549b493f97,ADMITTED,series/blue-archive/02 Sequential Readings/EVENTS/EVENT_851/BLUE_ARCHIVE_EVENT_851_CONTEXTUALIZATION_CHECKPOINT.md,REF:CYCLE008_ACCEPTED,REF:CYCLE008_SCOPE,unresolved,,REF:CYCLE008_LIMITS,CORE,REF:EVENT:BA:event:851:004,1,136,4
BA:event:851:005,event,MANDATORY_COMPLETE_REVIEW,02_CANONICAL_STORIES/EVENT/EVENT_851/EPISODE_005_10049040.md,1c65eb270bea3b8c4c6c91841389b590335a028a13e7252bbab075344cd9ebd4,ADMITTED,series/blue-archive/02 Sequential Readings/EVENTS/EVENT_851/BLUE_ARCHIVE_EVENT_851_CONTEXTUALIZATION_CHECKPOINT.md,REF:CYCLE008_ACCEPTED,REF:CYCLE008_SCOPE,unresolved,,REF:CYCLE008_LIMITS,CORE,REF:EVENT:BA:event:851:005,1,114,1
BA:event:851:006,event,MANDATORY_COMPLETE_REVIEW,02_CANONICAL_STORIES/EVENT/EVENT_851/EPISODE_006_10049050.md,8d78c88d39780f08bb7f3eaf439c76908d0ad19dae72ad3d638fed32a6e18d2b,ADMITTED,series/blue-archive/02 Sequential Readings/EVENTS/EVENT_851/BLUE_ARCHIVE_EVENT_851_CONTEXTUALIZATION_CHECKPOINT.md,REF:CYCLE008_ACCEPTED,REF:CYCLE008_SCOPE,unresolved,,REF:CYCLE008_LIMITS,CORE,REF:EVENT:BA:event:851:006,1,76,1
BA:event:851:007,event,MANDATORY_COMPLETE_REVIEW,02_CANONICAL_STORIES/EVENT/EVENT_851/EPISODE_007_10049055.md,4b039d8c5c9c9ba695245236946d5254e8afe49917c5d352e0444c1541bf1001,ADMITTED,series/blue-archive/02 Sequential Readings/EVENTS/EVENT_851/BLUE_ARCHIVE_EVENT_851_CONTEXTUALIZATION_CHECKPOINT.md,REF:CYCLE008_ACCEPTED,REF:CYCLE008_SCOPE,unresolved,,REF:CYCLE008_LIMITS,CORE,REF:EVENT:BA:event:851:007,1,50,0
BA:event:851:008,event,MANDATORY_COMPLETE_REVIEW,02_CANONICAL_STORIES/EVENT/EVENT_851/EPISODE_008_10049060.md,f2b739b0c490d13f12fee9dc487190fe871575788e99cc300489bd0081d7ecdf,ADMITTED,series/blue-archive/02 Sequential Readings/EVENTS/EVENT_851/BLUE_ARCHIVE_EVENT_851_CONTEXTUALIZATION_CHECKPOINT.md,REF:CYCLE008_ACCEPTED,REF:CYCLE008_SCOPE,unresolved,,REF:CYCLE008_LIMITS,CORE,REF:EVENT:BA:event:851:008,1,134,6
BA:event:851:009,event,MANDATORY_COMPLETE_REVIEW,02_CANONICAL_STORIES/EVENT/EVENT_851/EPISODE_009_10049070.md,297c5c8a468e4770bde4757601d228a05566e546fa700681c7f288a7b4e27db9,ADMITTED,series/blue-archive/02 Sequential Readings/EVENTS/EVENT_851/BLUE_ARCHIVE_EVENT_851_CONTEXTUALIZATION_CHECKPOINT.md,REF:CYCLE008_ACCEPTED,REF:CYCLE008_SCOPE,unresolved,,REF:CYCLE008_LIMITS,HIGH,REF:EVENT:BA:event:851:009,1,48,0
BA:event:851:010,event,MANDATORY_COMPLETE_REVIEW,02_CANONICAL_STORIES/EVENT/EVENT_851/EPISODE_010_10049075.md,ff343f6fa81e0bc417dc8bc6272a506498e6f2872a4f5b2604452f37ba8a15a7,ADMITTED,series/blue-archive/02 Sequential Readings/EVENTS/EVENT_851/BLUE_ARCHIVE_EVENT_851_CONTEXTUALIZATION_CHECKPOINT.md,REF:CYCLE008_ACCEPTED,REF:CYCLE008_SCOPE,unresolved,,REF:CYCLE008_LIMITS,CORE,REF:EVENT:BA:event:851:010,1,31,0
BA:event:851:011,event,MANDATORY_COMPLETE_REVIEW,02_CANONICAL_STORIES/EVENT/EVENT_851/EPISODE_011_10049080.md,4ac2c21c2efbff09507b21708ad80ece378a21ad9f60edfb5e9f5fd9c29c47db,ADMITTED,series/blue-archive/02 Sequential Readings/EVENTS/EVENT_851/BLUE_ARCHIVE_EVENT_851_CONTEXTUALIZATION_CHECKPOINT.md,REF:CYCLE008_ACCEPTED,REF:CYCLE008_SCOPE,unresolved,,REF:CYCLE008_LIMITS,CORE,REF:EVENT:BA:event:851:011,1,100,1
BA:event:851:012,event,MANDATORY_COMPLETE_REVIEW,02_CANONICAL_STORIES/EVENT/EVENT_851/EPISODE_012_10049090.md,4640ac5272a8ddf2a80cf1cd592fe538e62722ea32b95149d07068d6ec07d0f4,ADMITTED,series/blue-archive/02 Sequential Readings/EVENTS/EVENT_851/BLUE_ARCHIVE_EVENT_851_CONTEXTUALIZATION_CHECKPOINT.md,REF:CYCLE008_ACCEPTED,REF:CYCLE008_SCOPE,unresolved,,REF:CYCLE008_LIMITS,CORE,REF:EVENT:BA:event:851:012,1,48,1
BA:event:851:013,event,MANDATORY_COMPLETE_REVIEW,02_CANONICAL_STORIES/EVENT/EVENT_851/EPISODE_013_10049100.md,3adf019c06b965c82aec410fdcd3da03aac92cef230eb8b11daac48787338b22,ADMITTED,series/blue-archive/02 Sequential Readings/EVENTS/EVENT_851/BLUE_ARCHIVE_EVENT_851_CONTEXTUALIZATION_CHECKPOINT.md,REF:CYCLE008_ACCEPTED,REF:CYCLE008_SCOPE,unresolved,,REF:CYCLE008_LIMITS,CORE,REF:EVENT:BA:event:851:013,1,156,1
BA:event:851:014,event,MANDATORY_COMPLETE_REVIEW,02_CANONICAL_STORIES/EVENT/EVENT_851/EPISODE_014_10049110.md,b5156f93f0621825765b3de9480f0beff5a0616c2dfde1a6838a413359916e1b,ADMITTED,series/blue-archive/02 Sequential Readings/EVENTS/EVENT_851/BLUE_ARCHIVE_EVENT_851_CONTEXTUALIZATION_CHECKPOINT.md,REF:CYCLE008_ACCEPTED,REF:CYCLE008_SCOPE,unresolved,,REF:CYCLE008_LIMITS,CORE,REF:EVENT:BA:event:851:014,1,87,0
BA:event:851:015,event,MANDATORY_COMPLETE_REVIEW,02_CANONICAL_STORIES/EVENT/EVENT_851/EPISODE_015_10049120.md,d39247076b6888ef10b84a125989adc048b1ac00f0dc48a936e72cb3a202dd5b,ADMITTED,series/blue-archive/02 Sequential Readings/EVENTS/EVENT_851/BLUE_ARCHIVE_EVENT_851_CONTEXTUALIZATION_CHECKPOINT.md,REF:CYCLE008_ACCEPTED,REF:CYCLE008_SCOPE,unresolved,,REF:CYCLE008_LIMITS,HIGH,REF:EVENT:BA:event:851:015,1,16,0
BA:event:851:016,event,MANDATORY_COMPLETE_REVIEW,02_CANONICAL_STORIES/EVENT/EVENT_851/EPISODE_016_10049130.md,40c3140a1bb2ec2110664661752270f05d6081f9cb4db5e86b0993764391d79d,ADMITTED,series/blue-archive/02 Sequential Readings/EVENTS/EVENT_851/BLUE_ARCHIVE_EVENT_851_CONTEXTUALIZATION_CHECKPOINT.md,REF:CYCLE008_ACCEPTED,REF:CYCLE008_SCOPE,unresolved,,REF:CYCLE008_LIMITS,HIGH,REF:EVENT:BA:event:851:016,1,99,0
BA:event:851:017,event,MANDATORY_COMPLETE_REVIEW,02_CANONICAL_STORIES/EVENT/EVENT_851/EPISODE_017_10049140.md,73fdc256a8f9953da4bdfd97b0f30c0fd69aeab32d4acb4cdba1aab6b59ce17f,ADMITTED,series/blue-archive/02 Sequential Readings/EVENTS/EVENT_851/BLUE_ARCHIVE_EVENT_851_CONTEXTUALIZATION_CHECKPOINT.md,REF:CYCLE008_ACCEPTED,REF:CYCLE008_SCOPE,unresolved,,REF:CYCLE008_LIMITS,HIGH,REF:EVENT:BA:event:851:017,1,94,0
BA:event:852:001,event,MANDATORY_COMPLETE_REVIEW,02_CANONICAL_STORIES/EVENT/EVENT_852/EPISODE_001_10050005.md,ddb5951e4bf0b96cfdef26c1452981766adf60b346725b42f455cf2a76000693,ADMITTED,series/blue-archive/02 Sequential Readings/EVENTS/EVENT_852/BLUE_ARCHIVE_EVENT_852_CONTEXTUALIZATION_CHECKPOINT.md,REF:CYCLE008_ACCEPTED,REF:CYCLE008_SCOPE,unresolved,,REF:CYCLE008_LIMITS,CORE,REF:EVENT:BA:event:852:001,2,160,0
BA:event:852:002,event,MANDATORY_COMPLETE_REVIEW,02_CANONICAL_STORIES/EVENT/EVENT_852/EPISODE_002_10050010.md,1d72c546db5d54f7a4862063fe14c6419534ddb4a8f7a1d63f38cdfc916ce9b6,ADMITTED,series/blue-archive/02 Sequential Readings/EVENTS/EVENT_852/BLUE_ARCHIVE_EVENT_852_CONTEXTUALIZATION_CHECKPOINT.md,REF:CYCLE008_ACCEPTED,REF:CYCLE008_SCOPE,unresolved,,REF:CYCLE008_LIMITS,CORE,REF:EVENT:BA:event:852:002,1,136,0
BA:event:852:003,event,MANDATORY_COMPLETE_REVIEW,02_CANONICAL_STORIES/EVENT/EVENT_852/EPISODE_003_10050020.md,5e5bbd81a57c8195d54215fd2185e13f8fb7cc089c12657d010be0f621a00ac2,ADMITTED,series/blue-archive/02 Sequential Readings/EVENTS/EVENT_852/BLUE_ARCHIVE_EVENT_852_CONTEXTUALIZATION_CHECKPOINT.md,REF:CYCLE008_ACCEPTED,REF:CYCLE008_SCOPE,unresolved,,REF:CYCLE008_LIMITS,CORE,REF:EVENT:BA:event:852:003,1,130,15
BA:event:852:004,event,MANDATORY_COMPLETE_REVIEW,02_CANONICAL_STORIES/EVENT/EVENT_852/EPISODE_004_10050030.md,26fa157842ac3d821e11460334ef97eca102c6f95749b9e240c30e25eaef38b8,ADMITTED,series/blue-archive/02 Sequential Readings/EVENTS/EVENT_852/BLUE_ARCHIVE_EVENT_852_CONTEXTUALIZATION_CHECKPOINT.md,REF:CYCLE008_ACCEPTED,REF:CYCLE008_SCOPE,unresolved,,REF:CYCLE008_LIMITS,HIGH,REF:EVENT:BA:event:852:004,2,110,6
BA:event:852:005,event,MANDATORY_COMPLETE_REVIEW,02_CANONICAL_STORIES/EVENT/EVENT_852/EPISODE_005_10050040.md,63a192eeadafc36153331f5ec69ff9a3cf9ca64be7fff195a65d6b569bf7e6ba,ADMITTED,series/blue-archive/02 Sequential Readings/EVENTS/EVENT_852/BLUE_ARCHIVE_EVENT_852_CONTEXTUALIZATION_CHECKPOINT.md,REF:CYCLE008_ACCEPTED,REF:CYCLE008_SCOPE,unresolved,,REF:CYCLE008_LIMITS,HIGH,REF:EVENT:BA:event:852:005,3,126,3
BA:event:852:006,event,MANDATORY_COMPLETE_REVIEW,02_CANONICAL_STORIES/EVENT/EVENT_852/EPISODE_006_10050050.md,2b16c25dd97d65e58a7021158ff9f5c5ba30d02f8a79408ff45e9bf4feae8573,ADMITTED,series/blue-archive/02 Sequential Readings/EVENTS/EVENT_852/BLUE_ARCHIVE_EVENT_852_CONTEXTUALIZATION_CHECKPOINT.md,REF:CYCLE008_ACCEPTED,REF:CYCLE008_SCOPE,unresolved,,REF:CYCLE008_LIMITS,CORE,REF:EVENT:BA:event:852:006,2,202,14
BA:event:852:007,event,MANDATORY_COMPLETE_REVIEW,02_CANONICAL_STORIES/EVENT/EVENT_852/EPISODE_007_10050060.md,00f20c584c7bbfbcd09267a0a9deb11c16f0b3d3ed74a918bcdb76ab9462ce02,ADMITTED,series/blue-archive/02 Sequential Readings/EVENTS/EVENT_852/BLUE_ARCHIVE_EVENT_852_CONTEXTUALIZATION_CHECKPOINT.md,REF:CYCLE008_ACCEPTED,REF:CYCLE008_SCOPE,unresolved,,REF:CYCLE008_LIMITS,CORE,REF:EVENT:BA:event:852:007,1,131,2
BA:event:852:008,event,MANDATORY_COMPLETE_REVIEW,02_CANONICAL_STORIES/EVENT/EVENT_852/EPISODE_008_10050070.md,ab07ead2fb625a29858fcc7ef3cfb14e892a9a6169c54cc0dab1fad6d3f8f14f,ADMITTED,series/blue-archive/02 Sequential Readings/EVENTS/EVENT_852/BLUE_ARCHIVE_EVENT_852_CONTEXTUALIZATION_CHECKPOINT.md,REF:CYCLE008_ACCEPTED,REF:CYCLE008_SCOPE,unresolved,,REF:CYCLE008_LIMITS,CORE,REF:EVENT:BA:event:852:008,1,84,11
BA:event:852:009,event,MANDATORY_COMPLETE_REVIEW,02_CANONICAL_STORIES/EVENT/EVENT_852/EPISODE_009_10050080.md,0706c4ecf77b5090570e3d09bfd44f000de7efdea641f906cab372e9700b3298,ADMITTED,series/blue-archive/02 Sequential Readings/EVENTS/EVENT_852/BLUE_ARCHIVE_EVENT_852_CONTEXTUALIZATION_CHECKPOINT.md,REF:CYCLE008_ACCEPTED,REF:CYCLE008_SCOPE,unresolved,,REF:CYCLE008_LIMITS,CORE,REF:EVENT:BA:event:852:009,1,181,6
BA:event:852:010,event,MANDATORY_COMPLETE_REVIEW,02_CANONICAL_STORIES/EVENT/EVENT_852/EPISODE_010_10050090.md,7d1b97ab72a9739fca11a8f359ba29d223f9016e14b3b42abf7d9bdf2daf0157,ADMITTED,series/blue-archive/02 Sequential Readings/EVENTS/EVENT_852/BLUE_ARCHIVE_EVENT_852_CONTEXTUALIZATION_CHECKPOINT.md,REF:CYCLE008_ACCEPTED,REF:CYCLE008_SCOPE,unresolved,,REF:CYCLE008_LIMITS,CORE,REF:EVENT:BA:event:852:010,1,122,7
BA:event:853:001,event,MANDATORY_COMPLETE_REVIEW,02_CANONICAL_STORIES/EVENT/EVENT_853/EPISODE_001_10051005.md,5ebeaada2af8e8eca8e694f64ed3fe5060544575a5c993cdffbe57a3c29a1cdc,ADMITTED,series/blue-archive/02 Sequential Readings/EVENTS/EVENT_853/BLUE_ARCHIVE_EVENT_853_CONTEXTUALIZATION_CHECKPOINT.md,REF:CYCLE008_ACCEPTED,REF:CYCLE008_SCOPE,unresolved,,REF:CYCLE008_LIMITS,HIGH,REF:EVENT:BA:event:853:001,2,66,0
BA:event:853:002,event,MANDATORY_COMPLETE_REVIEW,02_CANONICAL_STORIES/EVENT/EVENT_853/EPISODE_002_10051010.md,1983bd8231987b89735124051fc048a654e42a40304ac9ee2e61c0d7f0b6de49,ADMITTED,series/blue-archive/02 Sequential Readings/EVENTS/EVENT_853/BLUE_ARCHIVE_EVENT_853_CONTEXTUALIZATION_CHECKPOINT.md,REF:CYCLE008_ACCEPTED,REF:CYCLE008_SCOPE,unresolved,,REF:CYCLE008_LIMITS,CORE,REF:EVENT:BA:event:853:002,2,152,0
BA:event:853:003,event,MANDATORY_COMPLETE_REVIEW,02_CANONICAL_STORIES/EVENT/EVENT_853/EPISODE_003_10051020.md,1864563a8dde77174c028e15a145a8082bb730dee785bf0e8de31085121f50ba,ADMITTED,series/blue-archive/02 Sequential Readings/EVENTS/EVENT_853/BLUE_ARCHIVE_EVENT_853_CONTEXTUALIZATION_CHECKPOINT.md,REF:CYCLE008_ACCEPTED,REF:CYCLE008_SCOPE,unresolved,,REF:CYCLE008_LIMITS,CORE,REF:EVENT:BA:event:853:003,1,179,3
BA:event:853:004,event,MANDATORY_COMPLETE_REVIEW,02_CANONICAL_STORIES/EVENT/EVENT_853/EPISODE_004_10051030.md,210ac0f31309ad3a782c603ec9654fcdbc750b20704b247022201decd58c0c96,ADMITTED,series/blue-archive/02 Sequential Readings/EVENTS/EVENT_853/BLUE_ARCHIVE_EVENT_853_CONTEXTUALIZATION_CHECKPOINT.md,REF:CYCLE008_ACCEPTED,REF:CYCLE008_SCOPE,unresolved,,REF:CYCLE008_LIMITS,HIGH,REF:EVENT:BA:event:853:004,4,129,1
BA:event:853:005,event,MANDATORY_COMPLETE_REVIEW,02_CANONICAL_STORIES/EVENT/EVENT_853/EPISODE_005_10051040.md,1152ed3e788c45b4c6ac0de2347ced8b9f43fb8aebd11955f8a5e93120bc3cb8,ADMITTED,series/blue-archive/02 Sequential Readings/EVENTS/EVENT_853/BLUE_ARCHIVE_EVENT_853_CONTEXTUALIZATION_CHECKPOINT.md,REF:CYCLE008_ACCEPTED,REF:CYCLE008_SCOPE,unresolved,,REF:CYCLE008_LIMITS,HIGH,REF:EVENT:BA:event:853:005,4,116,7
BA:event:853:006,event,MANDATORY_COMPLETE_REVIEW,02_CANONICAL_STORIES/EVENT/EVENT_853/EPISODE_006_10051045.md,a13eb649b734fed15b22c6ea0cd83158ad3db779de1ca8c084238ff7b9ea4ef1,ADMITTED,series/blue-archive/02 Sequential Readings/EVENTS/EVENT_853/BLUE_ARCHIVE_EVENT_853_CONTEXTUALIZATION_CHECKPOINT.md,REF:CYCLE008_ACCEPTED,REF:CYCLE008_SCOPE,unresolved,,REF:CYCLE008_LIMITS,HIGH,REF:EVENT:BA:event:853:006,1,24,1
BA:event:853:007,event,MANDATORY_COMPLETE_REVIEW,02_CANONICAL_STORIES/EVENT/EVENT_853/EPISODE_007_10051050.md,486848e0879a1ecb09f2c9994a596726ebe4d57ec43d656b79b56d3e2d5318be,ADMITTED,series/blue-archive/02 Sequential Readings/EVENTS/EVENT_853/BLUE_ARCHIVE_EVENT_853_CONTEXTUALIZATION_CHECKPOINT.md,REF:CYCLE008_ACCEPTED,REF:CYCLE008_SCOPE,unresolved,,REF:CYCLE008_LIMITS,CORE,REF:EVENT:BA:event:853:007,5,124,2
BA:event:853:008,event,MANDATORY_COMPLETE_REVIEW,02_CANONICAL_STORIES/EVENT/EVENT_853/EPISODE_008_10051060.md,e34e3661c29e1be6564c81e8810fa3ccf9460303d755834f0a41f5108569da62,ADMITTED,series/blue-archive/02 Sequential Readings/EVENTS/EVENT_853/BLUE_ARCHIVE_EVENT_853_CONTEXTUALIZATION_CHECKPOINT.md,REF:CYCLE008_ACCEPTED,REF:CYCLE008_SCOPE,unresolved,,REF:CYCLE008_LIMITS,CORE,REF:EVENT:BA:event:853:008,5,107,0
BA:event:853:009,event,MANDATORY_COMPLETE_REVIEW,02_CANONICAL_STORIES/EVENT/EVENT_853/EPISODE_009_10051070.md,3143ee8cace0e9832dbccc794082ebcd360829cf2ad667a6ec4d740c3479c5d6,ADMITTED,series/blue-archive/02 Sequential Readings/EVENTS/EVENT_853/BLUE_ARCHIVE_EVENT_853_CONTEXTUALIZATION_CHECKPOINT.md,REF:CYCLE008_ACCEPTED,REF:CYCLE008_SCOPE,unresolved,,REF:CYCLE008_LIMITS,CORE,REF:EVENT:BA:event:853:009,1,145,6
BA:event:853:010,event,MANDATORY_COMPLETE_REVIEW,02_CANONICAL_STORIES/EVENT/EVENT_853/EPISODE_010_10051080.md,3d3262420108848980a26beb6bfa2249159e7cf3b7934c6666a2e364322c8bb9,ADMITTED,series/blue-archive/02 Sequential Readings/EVENTS/EVENT_853/BLUE_ARCHIVE_EVENT_853_CONTEXTUALIZATION_CHECKPOINT.md,REF:CYCLE008_ACCEPTED,REF:CYCLE008_SCOPE,unresolved,,REF:CYCLE008_LIMITS,CORE,REF:EVENT:BA:event:853:010,3,141,2
BA:event:853:011,event,MANDATORY_COMPLETE_REVIEW,02_CANONICAL_STORIES/EVENT/EVENT_853/EPISODE_011_10051090.md,6c46b82de38f016c63b8a63fec1d3fa88394a050b661852f269c9aca4642f41a,ADMITTED,series/blue-archive/02 Sequential Readings/EVENTS/EVENT_853/BLUE_ARCHIVE_EVENT_853_CONTEXTUALIZATION_CHECKPOINT.md,REF:CYCLE008_ACCEPTED,REF:CYCLE008_SCOPE,unresolved,,REF:CYCLE008_LIMITS,HIGH,REF:EVENT:BA:event:853:011,3,119,10
BA:event:853:012,event,MANDATORY_COMPLETE_REVIEW,02_CANONICAL_STORIES/EVENT/EVENT_853/EPISODE_012_10051100.md,094f8ff11fb62c95cf1a87be5d9b28350b7a98488d35407039cace1eec46ef5c,ADMITTED,series/blue-archive/02 Sequential Readings/EVENTS/EVENT_853/BLUE_ARCHIVE_EVENT_853_CONTEXTUALIZATION_CHECKPOINT.md,REF:CYCLE008_ACCEPTED,REF:CYCLE008_SCOPE,unresolved,,REF:CYCLE008_LIMITS,CORE,REF:EVENT:BA:event:853:012,1,172,2
BA:event:853:013,event,MANDATORY_COMPLETE_REVIEW,02_CANONICAL_STORIES/EVENT/EVENT_853/EPISODE_013_10051110.md,e9d951d52757977ae52cc2572bb8e3f0df512285b50f0f9de7a0bd5167952dc3,ADMITTED,series/blue-archive/02 Sequential Readings/EVENTS/EVENT_853/BLUE_ARCHIVE_EVENT_853_CONTEXTUALIZATION_CHECKPOINT.md,REF:CYCLE008_ACCEPTED,REF:CYCLE008_SCOPE,unresolved,,REF:CYCLE008_LIMITS,CORE,REF:EVENT:BA:event:853:013,3,43,3
BA:event:854:001,event,MANDATORY_COMPLETE_REVIEW,02_CANONICAL_STORIES/EVENT/EVENT_854/EPISODE_001_10052010.md,b1640a1b48e033f59c21ba8276f8523cb0f56ed6aa37800465cee2789b1ee94a,ADMITTED,series/blue-archive/02 Sequential Readings/EVENTS/EVENT_854/BLUE_ARCHIVE_EVENT_854_CONTEXTUALIZATION_CHECKPOINT.md,REF:CYCLE008_ACCEPTED,REF:CYCLE008_SCOPE,unresolved,,REF:CYCLE008_LIMITS,CORE,REF:EVENT:BA:event:854:001,1,47,3
BA:event:854:002,event,MANDATORY_COMPLETE_REVIEW,02_CANONICAL_STORIES/EVENT/EVENT_854/EPISODE_002_10052015.md,49982740ca4a2c1aa57b606f137821219a3f3c2ea74d689b9f9f213f0d050870,ADMITTED,series/blue-archive/02 Sequential Readings/EVENTS/EVENT_854/BLUE_ARCHIVE_EVENT_854_CONTEXTUALIZATION_CHECKPOINT.md,REF:CYCLE008_ACCEPTED,REF:CYCLE008_SCOPE,unresolved,,REF:CYCLE008_LIMITS,CORE,REF:EVENT:BA:event:854:002,1,27,0
BA:event:854:003,event,MANDATORY_COMPLETE_REVIEW,02_CANONICAL_STORIES/EVENT/EVENT_854/EPISODE_003_10052020.md,ff49a48bbbe1e0d079316e70c33839a6ac572285805c8be312dde53bb08453f5,ADMITTED,series/blue-archive/02 Sequential Readings/EVENTS/EVENT_854/BLUE_ARCHIVE_EVENT_854_CONTEXTUALIZATION_CHECKPOINT.md,REF:CYCLE008_ACCEPTED,REF:CYCLE008_SCOPE,unresolved,,REF:CYCLE008_LIMITS,CORE,REF:EVENT:BA:event:854:003,1,146,1
BA:event:854:004,event,MANDATORY_COMPLETE_REVIEW,02_CANONICAL_STORIES/EVENT/EVENT_854/EPISODE_004_10052030.md,70c03221d38ce74016b23df094cad9bab7183f6697beb602003f0f1ecea6401b,ADMITTED,series/blue-archive/02 Sequential Readings/EVENTS/EVENT_854/BLUE_ARCHIVE_EVENT_854_CONTEXTUALIZATION_CHECKPOINT.md,REF:CYCLE008_ACCEPTED,REF:CYCLE008_SCOPE,unresolved,,REF:CYCLE008_LIMITS,CORE,REF:EVENT:BA:event:854:004,1,41,0
BA:event:854:005,event,MANDATORY_COMPLETE_REVIEW,02_CANONICAL_STORIES/EVENT/EVENT_854/EPISODE_005_10052040.md,ba9829db9f5bd89e547c89024fa771228ce115e01b634e53d6eb1e66bf65819d,ADMITTED,series/blue-archive/02 Sequential Readings/EVENTS/EVENT_854/BLUE_ARCHIVE_EVENT_854_CONTEXTUALIZATION_CHECKPOINT.md,REF:CYCLE008_ACCEPTED,REF:CYCLE008_SCOPE,unresolved,,REF:CYCLE008_LIMITS,CORE,REF:EVENT:BA:event:854:005,1,62,4
BA:event:854:006,event,MANDATORY_COMPLETE_REVIEW,02_CANONICAL_STORIES/EVENT/EVENT_854/EPISODE_006_10052050.md,30be9397d10061838461e4d9e11ef3f294190b53e002a7981c1431a21a2d99f9,ADMITTED,series/blue-archive/02 Sequential Readings/EVENTS/EVENT_854/BLUE_ARCHIVE_EVENT_854_CONTEXTUALIZATION_CHECKPOINT.md,REF:CYCLE008_ACCEPTED,REF:CYCLE008_SCOPE,unresolved,,REF:CYCLE008_LIMITS,CORE,REF:EVENT:BA:event:854:006,1,126,3
BA:event:854:007,event,MANDATORY_COMPLETE_REVIEW,02_CANONICAL_STORIES/EVENT/EVENT_854/EPISODE_007_10052055.md,5934b072c726a8a37a1ae0b1e9f18e5a1f5e52ce07ce97076dfa5fcbaa66b8b7,ADMITTED,series/blue-archive/02 Sequential Readings/EVENTS/EVENT_854/BLUE_ARCHIVE_EVENT_854_CONTEXTUALIZATION_CHECKPOINT.md,REF:CYCLE008_ACCEPTED,REF:CYCLE008_SCOPE,unresolved,,REF:CYCLE008_LIMITS,CORE,REF:EVENT:BA:event:854:007,1,12,4
BA:event:854:008,event,MANDATORY_COMPLETE_REVIEW,02_CANONICAL_STORIES/EVENT/EVENT_854/EPISODE_008_10052060.md,0653784befd56d2282de6ab11374bd1b15f2459b32a3986f9ebd6baab4cf4761,ADMITTED,series/blue-archive/02 Sequential Readings/EVENTS/EVENT_854/BLUE_ARCHIVE_EVENT_854_CONTEXTUALIZATION_CHECKPOINT.md,REF:CYCLE008_ACCEPTED,REF:CYCLE008_SCOPE,unresolved,,REF:CYCLE008_LIMITS,CORE,REF:EVENT:BA:event:854:008,1,59,2
BA:event:854:009,event,MANDATORY_COMPLETE_REVIEW,02_CANONICAL_STORIES/EVENT/EVENT_854/EPISODE_009_10052065.md,b8b935d0c7531efe61c0e813330f081e5db61eff272298e977f51bae60917e3a,ADMITTED,series/blue-archive/02 Sequential Readings/EVENTS/EVENT_854/BLUE_ARCHIVE_EVENT_854_CONTEXTUALIZATION_CHECKPOINT.md,REF:CYCLE008_ACCEPTED,REF:CYCLE008_SCOPE,unresolved,,REF:CYCLE008_LIMITS,CORE,REF:EVENT:BA:event:854:009,1,53,1
BA:event:854:010,event,MANDATORY_COMPLETE_REVIEW,02_CANONICAL_STORIES/EVENT/EVENT_854/EPISODE_010_10052070.md,271f09f2677021050690ebdd484d32bc6b0cca5aaeafb7a45de619d16dee4b61,ADMITTED,series/blue-archive/02 Sequential Readings/EVENTS/EVENT_854/BLUE_ARCHIVE_EVENT_854_CONTEXTUALIZATION_CHECKPOINT.md,REF:CYCLE008_ACCEPTED,REF:CYCLE008_SCOPE,unresolved,,REF:CYCLE008_LIMITS,CORE,REF:EVENT:BA:event:854:010,1,61,0
BA:event:854:011,event,MANDATORY_COMPLETE_REVIEW,02_CANONICAL_STORIES/EVENT/EVENT_854/EPISODE_011_10052075.md,3c435aa6cff1f7c347442782813a0a4ede9fa01d4d1d352578f7ec1814af0f6e,ADMITTED,series/blue-archive/02 Sequential Readings/EVENTS/EVENT_854/BLUE_ARCHIVE_EVENT_854_CONTEXTUALIZATION_CHECKPOINT.md,REF:CYCLE008_ACCEPTED,REF:CYCLE008_SCOPE,unresolved,,REF:CYCLE008_LIMITS,CORE,REF:EVENT:BA:event:854:011,1,18,1
BA:event:854:012,event,MANDATORY_COMPLETE_REVIEW,02_CANONICAL_STORIES/EVENT/EVENT_854/EPISODE_012_10052080.md,ad63fbb82944b1a83f7e790aa407c4da666b38c14d448bd007efae086f04ce19,ADMITTED,series/blue-archive/02 Sequential Readings/EVENTS/EVENT_854/BLUE_ARCHIVE_EVENT_854_CONTEXTUALIZATION_CHECKPOINT.md,REF:CYCLE008_ACCEPTED,REF:CYCLE008_SCOPE,unresolved,,REF:CYCLE008_LIMITS,CORE,REF:EVENT:BA:event:854:012,1,133,6
BA:event:854:013,event,MANDATORY_COMPLETE_REVIEW,02_CANONICAL_STORIES/EVENT/EVENT_854/EPISODE_013_10052090.md,5c6a1a2dec15e71202dceac3e6ff5c27e243d004111e27ca31f5b9fc893a0675,ADMITTED,series/blue-archive/02 Sequential Readings/EVENTS/EVENT_854/BLUE_ARCHIVE_EVENT_854_CONTEXTUALIZATION_CHECKPOINT.md,REF:CYCLE008_ACCEPTED,REF:CYCLE008_SCOPE,unresolved,,REF:CYCLE008_LIMITS,CORE,REF:EVENT:BA:event:854:013,1,40,6
BA:event:854:014,event,MANDATORY_COMPLETE_REVIEW,02_CANONICAL_STORIES/EVENT/EVENT_854/EPISODE_014_10052095.md,0a6679957f55617649d7bfc96648997a86911302b6afa715095c66f0595b7951,ADMITTED,series/blue-archive/02 Sequential Readings/EVENTS/EVENT_854/BLUE_ARCHIVE_EVENT_854_CONTEXTUALIZATION_CHECKPOINT.md,REF:CYCLE008_ACCEPTED,REF:CYCLE008_SCOPE,unresolved,,REF:CYCLE008_LIMITS,CORE,REF:EVENT:BA:event:854:014,1,11,1
BA:event:854:015,event,MANDATORY_COMPLETE_REVIEW,02_CANONICAL_STORIES/EVENT/EVENT_854/EPISODE_015_10052100.md,3221a6002fcb17f4db1b603865b2ffca54b7a7b869a50ffa083b01ae05c56c64,ADMITTED,series/blue-archive/02 Sequential Readings/EVENTS/EVENT_854/BLUE_ARCHIVE_EVENT_854_CONTEXTUALIZATION_CHECKPOINT.md,REF:CYCLE008_ACCEPTED,REF:CYCLE008_SCOPE,unresolved,,REF:CYCLE008_LIMITS,CORE,REF:EVENT:BA:event:854:015,1,24,4
BA:event:854:016,event,MANDATORY_COMPLETE_REVIEW,02_CANONICAL_STORIES/EVENT/EVENT_854/EPISODE_016_10052105.md,5d6efb19afc1d3b337e79e3894ff57ee3d03ffc4d6fa48372dc111eb9bd8dd1e,ADMITTED,series/blue-archive/02 Sequential Readings/EVENTS/EVENT_854/BLUE_ARCHIVE_EVENT_854_CONTEXTUALIZATION_CHECKPOINT.md,REF:CYCLE008_ACCEPTED,REF:CYCLE008_SCOPE,unresolved,,REF:CYCLE008_LIMITS,HIGH,REF:EVENT:BA:event:854:016,1,5,1
BA:event:854:017,event,MANDATORY_COMPLETE_REVIEW,02_CANONICAL_STORIES/EVENT/EVENT_854/EPISODE_017_10052110.md,a37af64c88b42c9754543acbd6a9d80418e444c208c376c50d0a1da9ead5813a,ADMITTED,series/blue-archive/02 Sequential Readings/EVENTS/EVENT_854/BLUE_ARCHIVE_EVENT_854_CONTEXTUALIZATION_CHECKPOINT.md,REF:CYCLE008_ACCEPTED,REF:CYCLE008_SCOPE,unresolved,,REF:CYCLE008_LIMITS,CORE,REF:EVENT:BA:event:854:017,1,71,2
BA:event:854:018,event,MANDATORY_COMPLETE_REVIEW,02_CANONICAL_STORIES/EVENT/EVENT_854/EPISODE_018_10052115.md,95ac374ef8287ca1e1cdab4063358badfff6635c3953bc5ae481ddd677c8443d,ADMITTED,series/blue-archive/02 Sequential Readings/EVENTS/EVENT_854/BLUE_ARCHIVE_EVENT_854_CONTEXTUALIZATION_CHECKPOINT.md,REF:CYCLE008_ACCEPTED,REF:CYCLE008_SCOPE,unresolved,,REF:CYCLE008_LIMITS,CORE,REF:EVENT:BA:event:854:018,1,76,16
BA:event:854:019,event,MANDATORY_COMPLETE_REVIEW,02_CANONICAL_STORIES/EVENT/EVENT_854/EPISODE_019_10052120.md,0c8a154664ee79c3eb1497a3d79f2d6a4e0ac25bf109940717c4fe8face9c8d5,ADMITTED,series/blue-archive/02 Sequential Readings/EVENTS/EVENT_854/BLUE_ARCHIVE_EVENT_854_CONTEXTUALIZATION_CHECKPOINT.md,REF:CYCLE008_ACCEPTED,REF:CYCLE008_SCOPE,unresolved,,REF:CYCLE008_LIMITS,CORE,REF:EVENT:BA:event:854:019,1,119,0
BA:event:854:020,event,MANDATORY_COMPLETE_REVIEW,02_CANONICAL_STORIES/EVENT/EVENT_854/EPISODE_020_10052130.md,f067556d4b599fb15239c05b6526795839c99d71199a7042a770cc1ab9efc484,ADMITTED,series/blue-archive/02 Sequential Readings/EVENTS/EVENT_854/BLUE_ARCHIVE_EVENT_854_CONTEXTUALIZATION_CHECKPOINT.md,REF:CYCLE008_ACCEPTED,REF:CYCLE008_SCOPE,unresolved,,REF:CYCLE008_LIMITS,CORE,REF:EVENT:BA:event:854:020,1,88,0
BA:event:854:021,event,MANDATORY_COMPLETE_REVIEW,02_CANONICAL_STORIES/EVENT/EVENT_854/EPISODE_021_10052135.md,f6144a3870606d946dd0806895e27e0acd68068e488400a628de6b2b378ccf25,ADMITTED,series/blue-archive/02 Sequential Readings/EVENTS/EVENT_854/BLUE_ARCHIVE_EVENT_854_CONTEXTUALIZATION_CHECKPOINT.md,REF:CYCLE008_ACCEPTED,REF:CYCLE008_SCOPE,unresolved,,REF:CYCLE008_LIMITS,CORE,REF:EVENT:BA:event:854:021,1,12,2
BA:event:854:022,event,MANDATORY_COMPLETE_REVIEW,02_CANONICAL_STORIES/EVENT/EVENT_854/EPISODE_022_10052140.md,c11fa6dc592039df05c7b072ee5ea9478765bda559fe766b391132f39a07958a,ADMITTED,series/blue-archive/02 Sequential Readings/EVENTS/EVENT_854/BLUE_ARCHIVE_EVENT_854_CONTEXTUALIZATION_CHECKPOINT.md,REF:CYCLE008_ACCEPTED,REF:CYCLE008_SCOPE,unresolved,,REF:CYCLE008_LIMITS,CORE,REF:EVENT:BA:event:854:022,1,164,11
BA:event:854:023,event,MANDATORY_COMPLETE_REVIEW,02_CANONICAL_STORIES/EVENT/EVENT_854/EPISODE_023_10052150.md,cd943af15f7e45228b0f741e6da47daecd0f6e60887e3b69c68287acf3255c10,ADMITTED,series/blue-archive/02 Sequential Readings/EVENTS/EVENT_854/BLUE_ARCHIVE_EVENT_854_CONTEXTUALIZATION_CHECKPOINT.md,REF:CYCLE008_ACCEPTED,REF:CYCLE008_SCOPE,unresolved,,REF:CYCLE008_LIMITS,CORE,REF:EVENT:BA:event:854:023,3,167,2
BA:event:854:024,event,MANDATORY_COMPLETE_REVIEW,02_CANONICAL_STORIES/EVENT/EVENT_854/EPISODE_024_10052160.md,e196159a43d1814c368f6a954834a4e07b2af5b53357ca2c8698f97451822968,ADMITTED,series/blue-archive/02 Sequential Readings/EVENTS/EVENT_854/BLUE_ARCHIVE_EVENT_854_CONTEXTUALIZATION_CHECKPOINT.md,REF:CYCLE008_ACCEPTED,REF:CYCLE008_SCOPE,unresolved,,REF:CYCLE008_LIMITS,CORE,REF:EVENT:BA:event:854:024,1,71,0
BA:event:854:025,event,MANDATORY_COMPLETE_REVIEW,02_CANONICAL_STORIES/EVENT/EVENT_854/EPISODE_025_10052170.md,8907276a43599f2cebacaeb9a6486ad1a7840ac31f8f78f107b380a38a6a700a,ADMITTED,series/blue-archive/02 Sequential Readings/EVENTS/EVENT_854/BLUE_ARCHIVE_EVENT_854_CONTEXTUALIZATION_CHECKPOINT.md,REF:CYCLE008_ACCEPTED,REF:CYCLE008_SCOPE,unresolved,,REF:CYCLE008_LIMITS,HIGH,REF:EVENT:BA:event:854:025,1,3,0
BA:event:854:026,event,MANDATORY_COMPLETE_REVIEW,02_CANONICAL_STORIES/EVENT/EVENT_854/EPISODE_026_10052175.md,f4962140ffeaf06d8b347a268de64a2a661fd8e7469613e79d7e9a6e1e589d4d,ADMITTED,series/blue-archive/02 Sequential Readings/EVENTS/EVENT_854/BLUE_ARCHIVE_EVENT_854_CONTEXTUALIZATION_CHECKPOINT.md,REF:CYCLE008_ACCEPTED,REF:CYCLE008_SCOPE,unresolved,,REF:CYCLE008_LIMITS,CORE,REF:EVENT:BA:event:854:026,1,131,2
BA:event:854:027,event,MANDATORY_COMPLETE_REVIEW,02_CANONICAL_STORIES/EVENT/EVENT_854/EPISODE_027_10052180.md,44d52f6ac9464447847d061bcc856d97fce2d50dd348563b704bf5f9446aafe8,ADMITTED,series/blue-archive/02 Sequential Readings/EVENTS/EVENT_854/BLUE_ARCHIVE_EVENT_854_CONTEXTUALIZATION_CHECKPOINT.md,REF:CYCLE008_ACCEPTED,REF:CYCLE008_SCOPE,unresolved,,REF:CYCLE008_LIMITS,CORE,REF:EVENT:BA:event:854:027,1,45,1
BA:event:854:028,event,MANDATORY_COMPLETE_REVIEW,02_CANONICAL_STORIES/EVENT/EVENT_854/EPISODE_028_10052190.md,fc96f2c7eb734b29e7859010be6cc34ad4a9aa381c0e024e16d77eea5a970275,ADMITTED,series/blue-archive/02 Sequential Readings/EVENTS/EVENT_854/BLUE_ARCHIVE_EVENT_854_CONTEXTUALIZATION_CHECKPOINT.md,REF:CYCLE008_ACCEPTED,REF:CYCLE008_SCOPE,unresolved,,REF:CYCLE008_LIMITS,CORE,REF:EVENT:BA:event:854:028,1,25,1
BA:event:854:029,event,MANDATORY_COMPLETE_REVIEW,02_CANONICAL_STORIES/EVENT/EVENT_854/EPISODE_029_10052195.md,60d70daa6ec7ab4cc343c59f8ee3f8f435ed8308cf79786866f9f315ca7ce8f9,ADMITTED,series/blue-archive/02 Sequential Readings/EVENTS/EVENT_854/BLUE_ARCHIVE_EVENT_854_CONTEXTUALIZATION_CHECKPOINT.md,REF:CYCLE008_ACCEPTED,REF:CYCLE008_SCOPE,unresolved,,REF:CYCLE008_LIMITS,CORE,REF:EVENT:BA:event:854:029,1,352,8
BA:event:856:001,event,MANDATORY_COMPLETE_REVIEW,02_CANONICAL_STORIES/EVENT/EVENT_856/EPISODE_001_10053005.md,818ea469a61548a1d95a8d2cdfb450eb44cf57dd289094c99dc4ab8d6675f688,ADMITTED,series/blue-archive/02 Sequential Readings/EVENTS/EVENT_856/BLUE_ARCHIVE_EVENT_856_CONTEXTUALIZATION_CHECKPOINT.md,REF:CYCLE008_ACCEPTED,REF:CYCLE008_SCOPE,unresolved,,REF:CYCLE008_LIMITS,HIGH,REF:EVENT:BA:event:856:001,1,152,0
BA:event:856:002,event,MANDATORY_COMPLETE_REVIEW,02_CANONICAL_STORIES/EVENT/EVENT_856/EPISODE_002_10053010.md,e9287fbad430966a39bc84005bf093feaf53895d06da757fb3438efc796b93a4,ADMITTED,series/blue-archive/02 Sequential Readings/EVENTS/EVENT_856/BLUE_ARCHIVE_EVENT_856_CONTEXTUALIZATION_CHECKPOINT.md,REF:CYCLE008_ACCEPTED,REF:CYCLE008_SCOPE,unresolved,,REF:CYCLE008_LIMITS,CORE,REF:EVENT:BA:event:856:002,1,73,7
BA:event:856:003,event,MANDATORY_COMPLETE_REVIEW,02_CANONICAL_STORIES/EVENT/EVENT_856/EPISODE_003_10053020.md,3f06c4f707af3f15e0a4baf34019dc8e1af00607853fbf92b8b572132687e957,ADMITTED,series/blue-archive/02 Sequential Readings/EVENTS/EVENT_856/BLUE_ARCHIVE_EVENT_856_CONTEXTUALIZATION_CHECKPOINT.md,REF:CYCLE008_ACCEPTED,REF:CYCLE008_SCOPE,unresolved,,REF:CYCLE008_LIMITS,CORE,REF:EVENT:BA:event:856:003,1,117,5
BA:event:856:004,event,MANDATORY_COMPLETE_REVIEW,02_CANONICAL_STORIES/EVENT/EVENT_856/EPISODE_004_10053030.md,181137d3c1098471f73b9eb06faf5c38b8e8a7497f556ba58bfe8450fbc7a3d0,ADMITTED,series/blue-archive/02 Sequential Readings/EVENTS/EVENT_856/BLUE_ARCHIVE_EVENT_856_CONTEXTUALIZATION_CHECKPOINT.md,REF:CYCLE008_ACCEPTED,REF:CYCLE008_SCOPE,unresolved,,REF:CYCLE008_LIMITS,HIGH,REF:EVENT:BA:event:856:004,1,178,5
BA:event:856:005,event,MANDATORY_COMPLETE_REVIEW,02_CANONICAL_STORIES/EVENT/EVENT_856/EPISODE_005_10053040.md,a583971d673983327845b335bf6bd6dc5450bc5ce55e479531a27c553a2ee3cf,ADMITTED,series/blue-archive/02 Sequential Readings/EVENTS/EVENT_856/BLUE_ARCHIVE_EVENT_856_CONTEXTUALIZATION_CHECKPOINT.md,REF:CYCLE008_ACCEPTED,REF:CYCLE008_SCOPE,unresolved,,REF:CYCLE008_LIMITS,CORE,REF:EVENT:BA:event:856:005,1,136,4
BA:event:856:006,event,MANDATORY_COMPLETE_REVIEW,02_CANONICAL_STORIES/EVENT/EVENT_856/EPISODE_006_10053050.md,55f6eee8843452ee329363e3f6dd7c4186966cd6e039a9f001123d24e041a6ad,ADMITTED,series/blue-archive/02 Sequential Readings/EVENTS/EVENT_856/BLUE_ARCHIVE_EVENT_856_CONTEXTUALIZATION_CHECKPOINT.md,REF:CYCLE008_ACCEPTED,REF:CYCLE008_SCOPE,unresolved,,REF:CYCLE008_LIMITS,CORE,REF:EVENT:BA:event:856:006,1,100,2
BA:event:856:007,event,MANDATORY_COMPLETE_REVIEW,02_CANONICAL_STORIES/EVENT/EVENT_856/EPISODE_007_10053060.md,f4db38c0a1fd76815ef343fdfb17082f80f1417083ae2d282a7c8bfb49db414f,ADMITTED,series/blue-archive/02 Sequential Readings/EVENTS/EVENT_856/BLUE_ARCHIVE_EVENT_856_CONTEXTUALIZATION_CHECKPOINT.md,REF:CYCLE008_ACCEPTED,REF:CYCLE008_SCOPE,unresolved,,REF:CYCLE008_LIMITS,CORE,REF:EVENT:BA:event:856:007,1,151,10
BA:event:856:008,event,MANDATORY_COMPLETE_REVIEW,02_CANONICAL_STORIES/EVENT/EVENT_856/EPISODE_008_10053070.md,e848ff4c14f630e72a17d28f1a9ba4482a8d59ea149c83b7e0da485430523bc0,ADMITTED,series/blue-archive/02 Sequential Readings/EVENTS/EVENT_856/BLUE_ARCHIVE_EVENT_856_CONTEXTUALIZATION_CHECKPOINT.md,REF:CYCLE008_ACCEPTED,REF:CYCLE008_SCOPE,unresolved,,REF:CYCLE008_LIMITS,CORE,REF:EVENT:BA:event:856:008,1,118,5
BA:event:856:009,event,MANDATORY_COMPLETE_REVIEW,02_CANONICAL_STORIES/EVENT/EVENT_856/EPISODE_009_10053080.md,3014b728e7ef6b369abd35d0c0217edb4505a2699d45e99e5dabae10bac1f72a,ADMITTED,series/blue-archive/02 Sequential Readings/EVENTS/EVENT_856/BLUE_ARCHIVE_EVENT_856_CONTEXTUALIZATION_CHECKPOINT.md,REF:CYCLE008_ACCEPTED,REF:CYCLE008_SCOPE,unresolved,,REF:CYCLE008_LIMITS,HIGH,REF:EVENT:BA:event:856:009,1,84,1
BA:event:856:010,event,MANDATORY_COMPLETE_REVIEW,02_CANONICAL_STORIES/EVENT/EVENT_856/EPISODE_010_10053085.md,d52da0466b82773c6ac2c7f43cbf25e3c3ef02ca6a2dedb157b25f209611055b,ADMITTED,series/blue-archive/02 Sequential Readings/EVENTS/EVENT_856/BLUE_ARCHIVE_EVENT_856_CONTEXTUALIZATION_CHECKPOINT.md,REF:CYCLE008_ACCEPTED,REF:CYCLE008_SCOPE,unresolved,,REF:CYCLE008_LIMITS,CORE,REF:EVENT:BA:event:856:010,1,138,4
BA:event:856:011,event,MANDATORY_COMPLETE_REVIEW,02_CANONICAL_STORIES/EVENT/EVENT_856/EPISODE_011_10053090.md,8fa0c6b4334a4a339ff313caaa7edb4f033963f743ab0f898dff5435ab64881f,ADMITTED,series/blue-archive/02 Sequential Readings/EVENTS/EVENT_856/BLUE_ARCHIVE_EVENT_856_CONTEXTUALIZATION_CHECKPOINT.md,REF:CYCLE008_ACCEPTED,REF:CYCLE008_SCOPE,unresolved,,REF:CYCLE008_LIMITS,CORE,REF:EVENT:BA:event:856:011,1,62,0
BA:event:856:012,event,MANDATORY_COMPLETE_REVIEW,02_CANONICAL_STORIES/EVENT/EVENT_856/EPISODE_012_10053100.md,076f8355c9d4245f2fec7dea5d6588c3d26ef63b1cd8d80a8b1f550e89b474d3,ADMITTED,series/blue-archive/02 Sequential Readings/EVENTS/EVENT_856/BLUE_ARCHIVE_EVENT_856_CONTEXTUALIZATION_CHECKPOINT.md,REF:CYCLE008_ACCEPTED,REF:CYCLE008_SCOPE,unresolved,,REF:CYCLE008_LIMITS,CORE,REF:EVENT:BA:event:856:012,1,68,0
BA:event:856:013,event,MANDATORY_COMPLETE_REVIEW,02_CANONICAL_STORIES/EVENT/EVENT_856/EPISODE_013_10053110.md,9ca6a880d4fde035e2cd2c853f5f065587c48202da7b0a1fad4e9fa786617164,ADMITTED,series/blue-archive/02 Sequential Readings/EVENTS/EVENT_856/BLUE_ARCHIVE_EVENT_856_CONTEXTUALIZATION_CHECKPOINT.md,REF:CYCLE008_ACCEPTED,REF:CYCLE008_SCOPE,unresolved,,REF:CYCLE008_LIMITS,CORE,REF:EVENT:BA:event:856:013,1,48,0
BA:event:856:014,event,MANDATORY_COMPLETE_REVIEW,02_CANONICAL_STORIES/EVENT/EVENT_856/EPISODE_014_10053120.md,b1315ea63bd3fda2e3fbe504e8b75baa3e4ec4c2f8412f7347f85c21635850ae,ADMITTED,series/blue-archive/02 Sequential Readings/EVENTS/EVENT_856/BLUE_ARCHIVE_EVENT_856_CONTEXTUALIZATION_CHECKPOINT.md,REF:CYCLE008_ACCEPTED,REF:CYCLE008_SCOPE,unresolved,,REF:CYCLE008_LIMITS,HIGH,REF:EVENT:BA:event:856:014,1,28,0
BA:event:856:015,event,MANDATORY_COMPLETE_REVIEW,02_CANONICAL_STORIES/EVENT/EVENT_856/EPISODE_015_10053130.md,78019e11cce0cc0f77dffd609d02a05bf2c7b345b6e927d3576eaee136e9efdf,ADMITTED,series/blue-archive/02 Sequential Readings/EVENTS/EVENT_856/BLUE_ARCHIVE_EVENT_856_CONTEXTUALIZATION_CHECKPOINT.md,REF:CYCLE008_ACCEPTED,REF:CYCLE008_SCOPE,unresolved,,REF:CYCLE008_LIMITS,CORE,REF:EVENT:BA:event:856:015,1,24,0
BA:event:859:001,event,MANDATORY_COMPLETE_REVIEW,02_CANONICAL_STORIES/EVENT/EVENT_859/EPISODE_001_10054005.md,dcd0a5dd8a0a058c7af60813c4365fe3641f7ca7210857384f8e97ae2759c1bf,ADMITTED,series/blue-archive/02 Sequential Readings/EVENTS/EVENT_859/BLUE_ARCHIVE_EVENT_859_CONTEXTUALIZATION_CHECKPOINT.md,REF:CYCLE008_ACCEPTED,REF:CYCLE008_SCOPE,unresolved,,REF:CYCLE008_LIMITS,HIGH,REF:EVENT:BA:event:859:001,1,78,2
BA:event:859:002,event,MANDATORY_COMPLETE_REVIEW,02_CANONICAL_STORIES/EVENT/EVENT_859/EPISODE_002_10054010.md,42af79f43957d6123bd93a1644bd3b1887ac5f3b5a6e7375439998df809da44f,ADMITTED,series/blue-archive/02 Sequential Readings/EVENTS/EVENT_859/BLUE_ARCHIVE_EVENT_859_CONTEXTUALIZATION_CHECKPOINT.md,REF:CYCLE008_ACCEPTED,REF:CYCLE008_SCOPE,unresolved,,REF:CYCLE008_LIMITS,CORE,REF:EVENT:BA:event:859:002,1,152,10
BA:event:859:003,event,MANDATORY_COMPLETE_REVIEW,02_CANONICAL_STORIES/EVENT/EVENT_859/EPISODE_003_10054020.md,d0e7db6ce9132d846f2cc5a7e1af7dc0a0889eeca7f5710b380747f784b6e704,ADMITTED,series/blue-archive/02 Sequential Readings/EVENTS/EVENT_859/BLUE_ARCHIVE_EVENT_859_CONTEXTUALIZATION_CHECKPOINT.md,REF:CYCLE008_ACCEPTED,REF:CYCLE008_SCOPE,unresolved,,REF:CYCLE008_LIMITS,HIGH,REF:EVENT:BA:event:859:003,1,186,5
BA:event:859:004,event,MANDATORY_COMPLETE_REVIEW,02_CANONICAL_STORIES/EVENT/EVENT_859/EPISODE_004_10054030.md,8091f503841242ff428758b9f081b93d295d4ac21d4a8b31927d20f86ec2780e,ADMITTED,series/blue-archive/02 Sequential Readings/EVENTS/EVENT_859/BLUE_ARCHIVE_EVENT_859_CONTEXTUALIZATION_CHECKPOINT.md,REF:CYCLE008_ACCEPTED,REF:CYCLE008_SCOPE,unresolved,,REF:CYCLE008_LIMITS,CORE,REF:EVENT:BA:event:859:004,1,92,7
BA:event:859:005,event,MANDATORY_COMPLETE_REVIEW,02_CANONICAL_STORIES/EVENT/EVENT_859/EPISODE_005_10054040.md,2eb94f0aae000c728d8425a0625bd50680e19880469320a35e65172e6a88f474,ADMITTED,series/blue-archive/02 Sequential Readings/EVENTS/EVENT_859/BLUE_ARCHIVE_EVENT_859_CONTEXTUALIZATION_CHECKPOINT.md,REF:CYCLE008_ACCEPTED,REF:CYCLE008_SCOPE,unresolved,,REF:CYCLE008_LIMITS,HIGH,REF:EVENT:BA:event:859:005,1,224,5
BA:event:859:006,event,MANDATORY_COMPLETE_REVIEW,02_CANONICAL_STORIES/EVENT/EVENT_859/EPISODE_006_10054050.md,f239e7d013084dbc31af1a5b1e148221a96473fd07eca1a8349a7f88490a4dbc,ADMITTED,series/blue-archive/02 Sequential Readings/EVENTS/EVENT_859/BLUE_ARCHIVE_EVENT_859_CONTEXTUALIZATION_CHECKPOINT.md,REF:CYCLE008_ACCEPTED,REF:CYCLE008_SCOPE,unresolved,,REF:CYCLE008_LIMITS,CORE,REF:EVENT:BA:event:859:006,1,169,1
BA:event:859:007,event,MANDATORY_COMPLETE_REVIEW,02_CANONICAL_STORIES/EVENT/EVENT_859/EPISODE_007_10054060.md,e1ad412153ab1bdc3a4733edbfd6d8aa819b63d23322189d0435b6d5deb310cf,ADMITTED,series/blue-archive/02 Sequential Readings/EVENTS/EVENT_859/BLUE_ARCHIVE_EVENT_859_CONTEXTUALIZATION_CHECKPOINT.md,REF:CYCLE008_ACCEPTED,REF:CYCLE008_SCOPE,unresolved,,REF:CYCLE008_LIMITS,CORE,REF:EVENT:BA:event:859:007,1,133,7
BA:event:859:008,event,MANDATORY_COMPLETE_REVIEW,02_CANONICAL_STORIES/EVENT/EVENT_859/EPISODE_008_10054070.md,6d74995c0917b722f12867fe339bf5ff74cb0ae1636a7a1d3f1c92e2962fb522,ADMITTED,series/blue-archive/02 Sequential Readings/EVENTS/EVENT_859/BLUE_ARCHIVE_EVENT_859_CONTEXTUALIZATION_CHECKPOINT.md,REF:CYCLE008_ACCEPTED,REF:CYCLE008_SCOPE,unresolved,,REF:CYCLE008_LIMITS,HIGH,REF:EVENT:BA:event:859:008,1,150,0
BA:event:859:009,event,MANDATORY_COMPLETE_REVIEW,02_CANONICAL_STORIES/EVENT/EVENT_859/EPISODE_009_10054080.md,348c9815958cbbfe45887f00792da6afff12cbb3a4348871fa4dc75a55288c5f,ADMITTED,series/blue-archive/02 Sequential Readings/EVENTS/EVENT_859/BLUE_ARCHIVE_EVENT_859_CONTEXTUALIZATION_CHECKPOINT.md,REF:CYCLE008_ACCEPTED,REF:CYCLE008_SCOPE,unresolved,,REF:CYCLE008_LIMITS,CORE,REF:EVENT:BA:event:859:009,1,141,15
BA:event:859:010,event,MANDATORY_COMPLETE_REVIEW,02_CANONICAL_STORIES/EVENT/EVENT_859/EPISODE_010_10054090.md,8814d584bbdeb926236c76a8749be4e73cce79c09ccbca3d3c81e6b8c4e25f9b,ADMITTED,series/blue-archive/02 Sequential Readings/EVENTS/EVENT_859/BLUE_ARCHIVE_EVENT_859_CONTEXTUALIZATION_CHECKPOINT.md,REF:CYCLE008_ACCEPTED,REF:CYCLE008_SCOPE,unresolved,,REF:CYCLE008_LIMITS,CORE,REF:EVENT:BA:event:859:010,1,86,0
BA:event:859:011,event,MANDATORY_COMPLETE_REVIEW,02_CANONICAL_STORIES/EVENT/EVENT_859/EPISODE_011_10054095.md,d9e7f9e66985c4958dfcdddf3f4d604d7b2c8cf8771a842295f3a39065c46e62,ADMITTED,series/blue-archive/02 Sequential Readings/EVENTS/EVENT_859/BLUE_ARCHIVE_EVENT_859_CONTEXTUALIZATION_CHECKPOINT.md,REF:CYCLE008_ACCEPTED,REF:CYCLE008_SCOPE,unresolved,,REF:CYCLE008_LIMITS,CORE,REF:EVENT:BA:event:859:011,1,16,0
BA:event:859:012,event,MANDATORY_COMPLETE_REVIEW,02_CANONICAL_STORIES/EVENT/EVENT_859/EPISODE_012_10054100.md,95579247e877f59da7319dd29abe7ee758e5a9b4a6d8d41fbade0206970aa755,ADMITTED,series/blue-archive/02 Sequential Readings/EVENTS/EVENT_859/BLUE_ARCHIVE_EVENT_859_CONTEXTUALIZATION_CHECKPOINT.md,REF:CYCLE008_ACCEPTED,REF:CYCLE008_SCOPE,unresolved,,REF:CYCLE008_LIMITS,CORE,REF:EVENT:BA:event:859:012,1,88,0
BA:event:859:013,event,MANDATORY_COMPLETE_REVIEW,02_CANONICAL_STORIES/EVENT/EVENT_859/EPISODE_013_10054110.md,577c3673fe1d749bcd4e20b3a87e4241f2e3162203a8c1ea51be649b657f7c26,ADMITTED,series/blue-archive/02 Sequential Readings/EVENTS/EVENT_859/BLUE_ARCHIVE_EVENT_859_CONTEXTUALIZATION_CHECKPOINT.md,REF:CYCLE008_ACCEPTED,REF:CYCLE008_SCOPE,unresolved,,REF:CYCLE008_LIMITS,CORE,REF:EVENT:BA:event:859:013,1,148,13
BA:event:859:014,event,MANDATORY_COMPLETE_REVIEW,02_CANONICAL_STORIES/EVENT/EVENT_859/EPISODE_014_10054120.md,cce3a3305127f19d9b7ccfd7db80eee984d1417146387fe765434963ddbfc067,ADMITTED,series/blue-archive/02 Sequential Readings/EVENTS/EVENT_859/BLUE_ARCHIVE_EVENT_859_CONTEXTUALIZATION_CHECKPOINT.md,REF:CYCLE008_ACCEPTED,REF:CYCLE008_SCOPE,unresolved,,REF:CYCLE008_LIMITS,CORE,REF:EVENT:BA:event:859:014,1,41,1
BA:event:860:001,event,MANDATORY_COMPLETE_REVIEW,02_CANONICAL_STORIES/EVENT/EVENT_860/EPISODE_001_10055005.md,2307c3dc016b926cf4290c82db5afaaf6de75a719a98ebb3537c8d54fbc6e31f,ADMITTED,series/blue-archive/02 Sequential Readings/EVENTS/EVENT_860/BLUE_ARCHIVE_EVENT_860_CONTEXTUALIZATION_CHECKPOINT.md,REF:CYCLE008_ACCEPTED,REF:CYCLE008_SCOPE,unresolved,,REF:CYCLE008_LIMITS,HIGH,REF:EVENT:BA:event:860:001,1,37,0
BA:event:860:002,event,MANDATORY_COMPLETE_REVIEW,02_CANONICAL_STORIES/EVENT/EVENT_860/EPISODE_002_10055010.md,f8239035ab263e7b26228559a64d4d2f98b4615ba4aaaa0149ea7d62d877bec3,ADMITTED,series/blue-archive/02 Sequential Readings/EVENTS/EVENT_860/BLUE_ARCHIVE_EVENT_860_CONTEXTUALIZATION_CHECKPOINT.md,REF:CYCLE008_ACCEPTED,REF:CYCLE008_SCOPE,unresolved,,REF:CYCLE008_LIMITS,CORE,REF:EVENT:BA:event:860:002,1,117,4
BA:event:860:003,event,MANDATORY_COMPLETE_REVIEW,02_CANONICAL_STORIES/EVENT/EVENT_860/EPISODE_003_10055020.md,6d1bdd4d9e66fa79d5f68aabd4fc3a1dbbe2b04e4594d175db6c37e41d717b01,ADMITTED,series/blue-archive/02 Sequential Readings/EVENTS/EVENT_860/BLUE_ARCHIVE_EVENT_860_CONTEXTUALIZATION_CHECKPOINT.md,REF:CYCLE008_ACCEPTED,REF:CYCLE008_SCOPE,unresolved,,REF:CYCLE008_LIMITS,CORE,REF:EVENT:BA:event:860:003,1,220,8
BA:event:860:004,event,MANDATORY_COMPLETE_REVIEW,02_CANONICAL_STORIES/EVENT/EVENT_860/EPISODE_004_10055030.md,90b9433ed8049c75a5b9144b47983eb083d417b4e31c839d5d61e66020d0b089,ADMITTED,series/blue-archive/02 Sequential Readings/EVENTS/EVENT_860/BLUE_ARCHIVE_EVENT_860_CONTEXTUALIZATION_CHECKPOINT.md,REF:CYCLE008_ACCEPTED,REF:CYCLE008_SCOPE,unresolved,,REF:CYCLE008_LIMITS,CORE,REF:EVENT:BA:event:860:004,1,155,5
BA:event:860:005,event,MANDATORY_COMPLETE_REVIEW,02_CANONICAL_STORIES/EVENT/EVENT_860/EPISODE_005_10055040.md,8a4f3f905da586221d1e06870d781c6e50a415f778abddb446ad6fe84671b1f1,ADMITTED,series/blue-archive/02 Sequential Readings/EVENTS/EVENT_860/BLUE_ARCHIVE_EVENT_860_CONTEXTUALIZATION_CHECKPOINT.md,REF:CYCLE008_ACCEPTED,REF:CYCLE008_SCOPE,unresolved,,REF:CYCLE008_LIMITS,HIGH,REF:EVENT:BA:event:860:005,1,105,0
BA:event:860:006,event,MANDATORY_COMPLETE_REVIEW,02_CANONICAL_STORIES/EVENT/EVENT_860/EPISODE_006_10055050.md,e683e7a9a7373c10c80db8fb7e3da9689b777cf71884d4fde238565e0df130d1,ADMITTED,series/blue-archive/02 Sequential Readings/EVENTS/EVENT_860/BLUE_ARCHIVE_EVENT_860_CONTEXTUALIZATION_CHECKPOINT.md,REF:CYCLE008_ACCEPTED,REF:CYCLE008_SCOPE,unresolved,,REF:CYCLE008_LIMITS,CORE,REF:EVENT:BA:event:860:006,1,128,7
BA:event:860:007,event,MANDATORY_COMPLETE_REVIEW,02_CANONICAL_STORIES/EVENT/EVENT_860/EPISODE_007_10055060.md,ccb3aba5b17146d5195c3da94a8c69c7cf855be0b4c6e960cbe3785d6c3fec62,ADMITTED,series/blue-archive/02 Sequential Readings/EVENTS/EVENT_860/BLUE_ARCHIVE_EVENT_860_CONTEXTUALIZATION_CHECKPOINT.md,REF:CYCLE008_ACCEPTED,REF:CYCLE008_SCOPE,unresolved,,REF:CYCLE008_LIMITS,CORE,REF:EVENT:BA:event:860:007,1,160,4
BA:event:860:008,event,MANDATORY_COMPLETE_REVIEW,02_CANONICAL_STORIES/EVENT/EVENT_860/EPISODE_008_10055070.md,73a21f2b02aea019949aa108ae0ed19d3af06239faa48463948e59fa6b969153,ADMITTED,series/blue-archive/02 Sequential Readings/EVENTS/EVENT_860/BLUE_ARCHIVE_EVENT_860_CONTEXTUALIZATION_CHECKPOINT.md,REF:CYCLE008_ACCEPTED,REF:CYCLE008_SCOPE,unresolved,,REF:CYCLE008_LIMITS,CORE,REF:EVENT:BA:event:860:008,1,159,1
BA:event:860:009,event,MANDATORY_COMPLETE_REVIEW,02_CANONICAL_STORIES/EVENT/EVENT_860/EPISODE_009_10055080.md,3d36da300b151249aa6b1afaa79fc629c33d648669a6f7b458857b264ced0bbe,ADMITTED,series/blue-archive/02 Sequential Readings/EVENTS/EVENT_860/BLUE_ARCHIVE_EVENT_860_CONTEXTUALIZATION_CHECKPOINT.md,REF:CYCLE008_ACCEPTED,REF:CYCLE008_SCOPE,unresolved,,REF:CYCLE008_LIMITS,HIGH,REF:EVENT:BA:event:860:009,1,58,0
BA:event:860:010,event,MANDATORY_COMPLETE_REVIEW,02_CANONICAL_STORIES/EVENT/EVENT_860/EPISODE_010_10055085.md,abf7220554b2308c8580cf8a23a280d5ed8bee224a2abb9c56fa14bac24ad13a,ADMITTED,series/blue-archive/02 Sequential Readings/EVENTS/EVENT_860/BLUE_ARCHIVE_EVENT_860_CONTEXTUALIZATION_CHECKPOINT.md,REF:CYCLE008_ACCEPTED,REF:CYCLE008_SCOPE,unresolved,,REF:CYCLE008_LIMITS,CORE,REF:EVENT:BA:event:860:010,1,63,1
BA:event:860:011,event,MANDATORY_COMPLETE_REVIEW,02_CANONICAL_STORIES/EVENT/EVENT_860/EPISODE_011_10055090.md,813fde960e3c19ba7bf259e201d27ce1636199bbb1e9caeb35fc9405025cc0ab,ADMITTED,series/blue-archive/02 Sequential Readings/EVENTS/EVENT_860/BLUE_ARCHIVE_EVENT_860_CONTEXTUALIZATION_CHECKPOINT.md,REF:CYCLE008_ACCEPTED,REF:CYCLE008_SCOPE,unresolved,,REF:CYCLE008_LIMITS,CORE,REF:EVENT:BA:event:860:011,2,125,7
BA:event:860:012,event,MANDATORY_COMPLETE_REVIEW,02_CANONICAL_STORIES/EVENT/EVENT_860/EPISODE_012_10055100.md,830ca03457da5abc93213854a25ecde2d8c736733533af64e02864eb970ddf68,ADMITTED,series/blue-archive/02 Sequential Readings/EVENTS/EVENT_860/BLUE_ARCHIVE_EVENT_860_CONTEXTUALIZATION_CHECKPOINT.md,REF:CYCLE008_ACCEPTED,REF:CYCLE008_SCOPE,unresolved,,REF:CYCLE008_LIMITS,HIGH,REF:EVENT:BA:event:860:012,1,48,2
BA:event:860:013,event,MANDATORY_COMPLETE_REVIEW,02_CANONICAL_STORIES/EVENT/EVENT_860/EPISODE_013_10055110.md,ec994bf975a0c90c3dc2c0a19c86655fd9798c5de07331fda4e06f2ed48eeb13,ADMITTED,series/blue-archive/02 Sequential Readings/EVENTS/EVENT_860/BLUE_ARCHIVE_EVENT_860_CONTEXTUALIZATION_CHECKPOINT.md,REF:CYCLE008_ACCEPTED,REF:CYCLE008_SCOPE,unresolved,,REF:CYCLE008_LIMITS,HIGH,REF:EVENT:BA:event:860:013,1,38,1
BA:event:860:014,event,MANDATORY_COMPLETE_REVIEW,02_CANONICAL_STORIES/EVENT/EVENT_860/EPISODE_014_10055120.md,cfdaa078dbdbc07cd62f52fb0a1a73b0e9b244946494f2f6ef82d6c627a1eb7a,ADMITTED,series/blue-archive/02 Sequential Readings/EVENTS/EVENT_860/BLUE_ARCHIVE_EVENT_860_CONTEXTUALIZATION_CHECKPOINT.md,REF:CYCLE008_ACCEPTED,REF:CYCLE008_SCOPE,unresolved,,REF:CYCLE008_LIMITS,CORE,REF:EVENT:BA:event:860:014,1,42,0
BA:event:860:015,event,MANDATORY_COMPLETE_REVIEW,02_CANONICAL_STORIES/EVENT/EVENT_860/EPISODE_015_10055130.md,5cdcb67c2fb611e8b46886113d5ae9f0e3fa7de98f7baa64597e04a83de0dff8,ADMITTED,series/blue-archive/02 Sequential Readings/EVENTS/EVENT_860/BLUE_ARCHIVE_EVENT_860_CONTEXTUALIZATION_CHECKPOINT.md,REF:CYCLE008_ACCEPTED,REF:CYCLE008_SCOPE,unresolved,,REF:CYCLE008_LIMITS,HIGH,REF:EVENT:BA:event:860:015,2,57,0
BA:event:860:016,event,MANDATORY_COMPLETE_REVIEW,02_CANONICAL_STORIES/EVENT/EVENT_860/EPISODE_016_10055140.md,a935f4d84970961582f90c6ee94333feea2c40b10335a40922644bc0b5c088f9,ADMITTED,series/blue-archive/02 Sequential Readings/EVENTS/EVENT_860/BLUE_ARCHIVE_EVENT_860_CONTEXTUALIZATION_CHECKPOINT.md,REF:CYCLE008_ACCEPTED,REF:CYCLE008_SCOPE,unresolved,,REF:CYCLE008_LIMITS,HIGH,REF:EVENT:BA:event:860:016,1,91,6
BA:event:860:017,event,MANDATORY_COMPLETE_REVIEW,02_CANONICAL_STORIES/EVENT/EVENT_860/EPISODE_017_10055150.md,0b4af692d2c6f388356cf1843bd6e43fd28bf409fb2594ca8faf571aef09d398,ADMITTED,series/blue-archive/02 Sequential Readings/EVENTS/EVENT_860/BLUE_ARCHIVE_EVENT_860_CONTEXTUALIZATION_CHECKPOINT.md,REF:CYCLE008_ACCEPTED,REF:CYCLE008_SCOPE,unresolved,,REF:CYCLE008_LIMITS,HIGH,REF:EVENT:BA:event:860:017,1,60,0
BA:event:860:018,event,MANDATORY_COMPLETE_REVIEW,02_CANONICAL_STORIES/EVENT/EVENT_860/EPISODE_018_10055155.md,8c1f6c0828f8db5d9c157ae0d83cadf865eb881f01099b13196392181f992bb8,ADMITTED,series/blue-archive/02 Sequential Readings/EVENTS/EVENT_860/BLUE_ARCHIVE_EVENT_860_CONTEXTUALIZATION_CHECKPOINT.md,REF:CYCLE008_ACCEPTED,REF:CYCLE008_SCOPE,unresolved,,REF:CYCLE008_LIMITS,HIGH,REF:EVENT:BA:event:860:018,1,40,0
BA:event:860:019,event,MANDATORY_COMPLETE_REVIEW,02_CANONICAL_STORIES/EVENT/EVENT_860/EPISODE_019_10055160.md,877fd0b59d09865f1b078c59f81577334ee74139123a4754c9944241a8f8701f,ADMITTED,series/blue-archive/02 Sequential Readings/EVENTS/EVENT_860/BLUE_ARCHIVE_EVENT_860_CONTEXTUALIZATION_CHECKPOINT.md,REF:CYCLE008_ACCEPTED,REF:CYCLE008_SCOPE,unresolved,,REF:CYCLE008_LIMITS,HIGH,REF:EVENT:BA:event:860:019,1,46,0
BA:event:860:020,event,MANDATORY_COMPLETE_REVIEW,02_CANONICAL_STORIES/EVENT/EVENT_860/EPISODE_020_10055165.md,a497721bebac06ad734814f3a08a11c12a3e410959f3b99d18dc079a8223e0c8,ADMITTED,series/blue-archive/02 Sequential Readings/EVENTS/EVENT_860/BLUE_ARCHIVE_EVENT_860_CONTEXTUALIZATION_CHECKPOINT.md,REF:CYCLE008_ACCEPTED,REF:CYCLE008_SCOPE,unresolved,,REF:CYCLE008_LIMITS,HIGH,REF:EVENT:BA:event:860:020,1,17,0
BA:event:860:021,event,MANDATORY_COMPLETE_REVIEW,02_CANONICAL_STORIES/EVENT/EVENT_860/EPISODE_021_10055170.md,d5199fe86e9f50867ac1d98180f7819c3670db5e4d7ad99ce094f976ad2fd6c4,ADMITTED,series/blue-archive/02 Sequential Readings/EVENTS/EVENT_860/BLUE_ARCHIVE_EVENT_860_CONTEXTUALIZATION_CHECKPOINT.md,REF:CYCLE008_ACCEPTED,REF:CYCLE008_SCOPE,unresolved,,REF:CYCLE008_LIMITS,CORE,REF:EVENT:BA:event:860:021,1,92,0
BA:event:860:022,event,MANDATORY_COMPLETE_REVIEW,02_CANONICAL_STORIES/EVENT/EVENT_860/EPISODE_022_10055175.md,f6c19f06664a9f265ca8fe853ef04bf019dce7ea2a27669db08131ec470f823d,ADMITTED,series/blue-archive/02 Sequential Readings/EVENTS/EVENT_860/BLUE_ARCHIVE_EVENT_860_CONTEXTUALIZATION_CHECKPOINT.md,REF:CYCLE008_ACCEPTED,REF:CYCLE008_SCOPE,unresolved,,REF:CYCLE008_LIMITS,HIGH,REF:EVENT:BA:event:860:022,1,41,0
BA:event:860:023,event,MANDATORY_COMPLETE_REVIEW,02_CANONICAL_STORIES/EVENT/EVENT_860/EPISODE_023_10055180.md,5c18f2b6933d3a58c7660a53bc1c26c2b4daf907dd28dfe52d7fb1a73f0db9c1,ADMITTED,series/blue-archive/02 Sequential Readings/EVENTS/EVENT_860/BLUE_ARCHIVE_EVENT_860_CONTEXTUALIZATION_CHECKPOINT.md,REF:CYCLE008_ACCEPTED,REF:CYCLE008_SCOPE,unresolved,,REF:CYCLE008_LIMITS,CORE,REF:EVENT:BA:event:860:023,1,61,1
BA:event:860:024,event,MANDATORY_COMPLETE_REVIEW,02_CANONICAL_STORIES/EVENT/EVENT_860/EPISODE_024_10055185.md,ce971dfb8ebb101f0b1879c15d211614e83b35c998c4851387ea3d0b02b37602,ADMITTED,series/blue-archive/02 Sequential Readings/EVENTS/EVENT_860/BLUE_ARCHIVE_EVENT_860_CONTEXTUALIZATION_CHECKPOINT.md,REF:CYCLE008_ACCEPTED,REF:CYCLE008_SCOPE,unresolved,,REF:CYCLE008_LIMITS,HIGH,REF:EVENT:BA:event:860:024,1,19,0
BA:event:860:025,event,MANDATORY_COMPLETE_REVIEW,02_CANONICAL_STORIES/EVENT/EVENT_860/EPISODE_025_10055190.md,6936048f3d8dcfb0230fcbd8141f12f60d14362c3fe4ea8d279e5dffc76efa34,ADMITTED,series/blue-archive/02 Sequential Readings/EVENTS/EVENT_860/BLUE_ARCHIVE_EVENT_860_CONTEXTUALIZATION_CHECKPOINT.md,REF:CYCLE008_ACCEPTED,REF:CYCLE008_SCOPE,unresolved,,REF:CYCLE008_LIMITS,HIGH,REF:EVENT:BA:event:860:025,1,60,0
BA:event:860:026,event,MANDATORY_COMPLETE_REVIEW,02_CANONICAL_STORIES/EVENT/EVENT_860/EPISODE_026_10055195.md,a0e731060020ac102daead52356be35fdbe24f4cd210560a475cedec1da545c0,ADMITTED,series/blue-archive/02 Sequential Readings/EVENTS/EVENT_860/BLUE_ARCHIVE_EVENT_860_CONTEXTUALIZATION_CHECKPOINT.md,REF:CYCLE008_ACCEPTED,REF:CYCLE008_SCOPE,unresolved,,REF:CYCLE008_LIMITS,CORE,REF:EVENT:BA:event:860:026,1,47,0
BA:event:860:027,event,MANDATORY_COMPLETE_REVIEW,02_CANONICAL_STORIES/EVENT/EVENT_860/EPISODE_027_10055200.md,b2a64c00ee405c556d164b273d28746eced3d5c6e4bb0c0bbebde0bcead56ec1,ADMITTED,series/blue-archive/02 Sequential Readings/EVENTS/EVENT_860/BLUE_ARCHIVE_EVENT_860_CONTEXTUALIZATION_CHECKPOINT.md,REF:CYCLE008_ACCEPTED,REF:CYCLE008_SCOPE,unresolved,,REF:CYCLE008_LIMITS,CORE,REF:EVENT:BA:event:860:027,1,16,0
BA:event:861:001,event,MANDATORY_COMPLETE_REVIEW,02_CANONICAL_STORIES/EVENT/EVENT_861/EPISODE_001_10056005.md,d079ffaae0b678c44cd74dfd254397f1d039a15271c6aaa409385d13286a8db9,ADMITTED,series/blue-archive/02 Sequential Readings/EVENTS/EVENT_861/BLUE_ARCHIVE_EVENT_861_CONTEXTUALIZATION_CHECKPOINT.md,REF:CYCLE008_ACCEPTED,REF:CYCLE008_SCOPE,unresolved,,REF:CYCLE008_LIMITS,HIGH,REF:EVENT:BA:event:861:001,2,97,9
BA:event:861:002,event,MANDATORY_COMPLETE_REVIEW,02_CANONICAL_STORIES/EVENT/EVENT_861/EPISODE_002_10056010.md,3c7c5d4a97431477f804fc31ee6fc9daf32c904fd15a133961b8d48046079437,ADMITTED,series/blue-archive/02 Sequential Readings/EVENTS/EVENT_861/BLUE_ARCHIVE_EVENT_861_CONTEXTUALIZATION_CHECKPOINT.md,REF:CYCLE008_ACCEPTED,REF:CYCLE008_SCOPE,unresolved,,REF:CYCLE008_LIMITS,CORE,REF:EVENT:BA:event:861:002,2,96,16
BA:event:861:003,event,MANDATORY_COMPLETE_REVIEW,02_CANONICAL_STORIES/EVENT/EVENT_861/EPISODE_003_10056020.md,19eb9b444fb1fc45d27187dd5382c145298ab9975e675706c899b8732f78373c,ADMITTED,series/blue-archive/02 Sequential Readings/EVENTS/EVENT_861/BLUE_ARCHIVE_EVENT_861_CONTEXTUALIZATION_CHECKPOINT.md,REF:CYCLE008_ACCEPTED,REF:CYCLE008_SCOPE,unresolved,,REF:CYCLE008_LIMITS,HIGH,REF:EVENT:BA:event:861:003,1,37,11
BA:event:861:004,event,MANDATORY_COMPLETE_REVIEW,02_CANONICAL_STORIES/EVENT/EVENT_861/EPISODE_004_10056030.md,22e5ced17d3af3bb6b1f28af6a475e0466d4a25cc0f1d7f470041b401ade36cb,ADMITTED,series/blue-archive/02 Sequential Readings/EVENTS/EVENT_861/BLUE_ARCHIVE_EVENT_861_CONTEXTUALIZATION_CHECKPOINT.md,REF:CYCLE008_ACCEPTED,REF:CYCLE008_SCOPE,unresolved,,REF:CYCLE008_LIMITS,HIGH,REF:EVENT:BA:event:861:004,1,67,10
BA:event:861:005,event,MANDATORY_COMPLETE_REVIEW,02_CANONICAL_STORIES/EVENT/EVENT_861/EPISODE_005_10056040.md,8637a0c131bf5886c7f7f8485fb53d1057f0fe3f9ac099488e4d5767d0ecb82a,ADMITTED,series/blue-archive/02 Sequential Readings/EVENTS/EVENT_861/BLUE_ARCHIVE_EVENT_861_CONTEXTUALIZATION_CHECKPOINT.md,REF:CYCLE008_ACCEPTED,REF:CYCLE008_SCOPE,unresolved,,REF:CYCLE008_LIMITS,CORE,REF:EVENT:BA:event:861:005,2,77,7
BA:event:861:006,event,MANDATORY_COMPLETE_REVIEW,02_CANONICAL_STORIES/EVENT/EVENT_861/EPISODE_006_10056050.md,cab9494930c6037bc44f90da8d3ee58786eff5547b5fc7cf2ca5353f8547f80b,ADMITTED,series/blue-archive/02 Sequential Readings/EVENTS/EVENT_861/BLUE_ARCHIVE_EVENT_861_CONTEXTUALIZATION_CHECKPOINT.md,REF:CYCLE008_ACCEPTED,REF:CYCLE008_SCOPE,unresolved,,REF:CYCLE008_LIMITS,CORE,REF:EVENT:BA:event:861:006,1,63,2
BA:event:861:007,event,MANDATORY_COMPLETE_REVIEW,02_CANONICAL_STORIES/EVENT/EVENT_861/EPISODE_007_10056060.md,c5d7469fb899ae2e8bebb8541c1496652aa6b619757288f110140ae85afb8644,ADMITTED,series/blue-archive/02 Sequential Readings/EVENTS/EVENT_861/BLUE_ARCHIVE_EVENT_861_CONTEXTUALIZATION_CHECKPOINT.md,REF:CYCLE008_ACCEPTED,REF:CYCLE008_SCOPE,unresolved,,REF:CYCLE008_LIMITS,HIGH,REF:EVENT:BA:event:861:007,1,87,10
BA:event:861:008,event,MANDATORY_COMPLETE_REVIEW,02_CANONICAL_STORIES/EVENT/EVENT_861/EPISODE_008_10056070.md,4a298079567dd5743425646d4bf61eb21622a03bb00c5168c180d951822ed62d,ADMITTED,series/blue-archive/02 Sequential Readings/EVENTS/EVENT_861/BLUE_ARCHIVE_EVENT_861_CONTEXTUALIZATION_CHECKPOINT.md,REF:CYCLE008_ACCEPTED,REF:CYCLE008_SCOPE,unresolved,,REF:CYCLE008_LIMITS,CORE,REF:EVENT:BA:event:861:008,1,100,12
BA:event:861:009,event,MANDATORY_COMPLETE_REVIEW,02_CANONICAL_STORIES/EVENT/EVENT_861/EPISODE_009_10056080.md,ca51f5590ca5253ef1891bf141e91c7276edb0ba23ff678395bddf67c806c52b,ADMITTED,series/blue-archive/02 Sequential Readings/EVENTS/EVENT_861/BLUE_ARCHIVE_EVENT_861_CONTEXTUALIZATION_CHECKPOINT.md,REF:CYCLE008_ACCEPTED,REF:CYCLE008_SCOPE,unresolved,,REF:CYCLE008_LIMITS,CORE,REF:EVENT:BA:event:861:009,1,94,8
BA:event:861:010,event,MANDATORY_COMPLETE_REVIEW,02_CANONICAL_STORIES/EVENT/EVENT_861/EPISODE_010_10056090.md,06ceb4978feb5fe4c3ea1dd4f66f95197d98e41bd4bb197a00732e55b02455d1,ADMITTED,series/blue-archive/02 Sequential Readings/EVENTS/EVENT_861/BLUE_ARCHIVE_EVENT_861_CONTEXTUALIZATION_CHECKPOINT.md,REF:CYCLE008_ACCEPTED,REF:CYCLE008_SCOPE,unresolved,,REF:CYCLE008_LIMITS,CORE,REF:EVENT:BA:event:861:010,1,50,8
BA:event:861:011,event,MANDATORY_COMPLETE_REVIEW,02_CANONICAL_STORIES/EVENT/EVENT_861/EPISODE_011_10056100.md,e6e4936fa6de9932ad174b7dce9408766976fc3a464351248fdfaabc08b0bcb5,ADMITTED,series/blue-archive/02 Sequential Readings/EVENTS/EVENT_861/BLUE_ARCHIVE_EVENT_861_CONTEXTUALIZATION_CHECKPOINT.md,REF:CYCLE008_ACCEPTED,REF:CYCLE008_SCOPE,unresolved,,REF:CYCLE008_LIMITS,CORE,REF:EVENT:BA:event:861:011,1,57,1
BA:event:861:012,event,MANDATORY_COMPLETE_REVIEW,02_CANONICAL_STORIES/EVENT/EVENT_861/EPISODE_012_10056105.md,adb211b40a0843e540fe1c71ec09e412f9aac834f9ff5d85b7277de28786ba26,ADMITTED,series/blue-archive/02 Sequential Readings/EVENTS/EVENT_861/BLUE_ARCHIVE_EVENT_861_CONTEXTUALIZATION_CHECKPOINT.md,REF:CYCLE008_ACCEPTED,REF:CYCLE008_SCOPE,unresolved,,REF:CYCLE008_LIMITS,CORE,REF:EVENT:BA:event:861:012,1,57,4
BA:event:861:013,event,MANDATORY_COMPLETE_REVIEW,02_CANONICAL_STORIES/EVENT/EVENT_861/EPISODE_013_10056110.md,0f6d4613dd791076e46e49e322e02d07b0ee03adda9e378cf5690838c16fa8ce,ADMITTED,series/blue-archive/02 Sequential Readings/EVENTS/EVENT_861/BLUE_ARCHIVE_EVENT_861_CONTEXTUALIZATION_CHECKPOINT.md,REF:CYCLE008_ACCEPTED,REF:CYCLE008_SCOPE,unresolved,,REF:CYCLE008_LIMITS,CORE,REF:EVENT:BA:event:861:013,1,68,4
BA:event:862:001,event,MANDATORY_COMPLETE_REVIEW,02_CANONICAL_STORIES/EVENT/EVENT_862/EPISODE_001_10057005.md,b3662047bcf9d438d3a4094ed8899d45d01b29f5970fc33bb3b97e2d6b7e7d7e,ADMITTED,series/blue-archive/02 Sequential Readings/EVENTS/EVENT_862/BLUE_ARCHIVE_EVENT_862_CONTEXTUALIZATION_CHECKPOINT.md,REF:CYCLE008_ACCEPTED,REF:CYCLE008_SCOPE,unresolved,,REF:CYCLE008_LIMITS,HIGH,REF:EVENT:BA:event:862:001,2,30,5
BA:event:862:002,event,MANDATORY_COMPLETE_REVIEW,02_CANONICAL_STORIES/EVENT/EVENT_862/EPISODE_002_10057010.md,777e9ff9707e6cdf1f439bdb95e1098cd6d063e6f419cae8fc670ad05c214a0c,ADMITTED,series/blue-archive/02 Sequential Readings/EVENTS/EVENT_862/BLUE_ARCHIVE_EVENT_862_CONTEXTUALIZATION_CHECKPOINT.md,REF:CYCLE008_ACCEPTED,REF:CYCLE008_SCOPE,unresolved,,REF:CYCLE008_LIMITS,HIGH,REF:EVENT:BA:event:862:002,2,93,11
BA:event:862:003,event,MANDATORY_COMPLETE_REVIEW,02_CANONICAL_STORIES/EVENT/EVENT_862/EPISODE_003_10057020.md,f41330772fe30b1315611145460bd957fa3052f0d19ee5cee7fbac8f32ebe997,ADMITTED,series/blue-archive/02 Sequential Readings/EVENTS/EVENT_862/BLUE_ARCHIVE_EVENT_862_CONTEXTUALIZATION_CHECKPOINT.md,REF:CYCLE008_ACCEPTED,REF:CYCLE008_SCOPE,unresolved,,REF:CYCLE008_LIMITS,CORE,REF:EVENT:BA:event:862:003,1,47,3
BA:event:862:004,event,MANDATORY_COMPLETE_REVIEW,02_CANONICAL_STORIES/EVENT/EVENT_862/EPISODE_004_10057030.md,86c7ff2ed8a10cb957b8f8447058d508a0cb4caa56fc9c98348a16ab3cb4c963,ADMITTED,series/blue-archive/02 Sequential Readings/EVENTS/EVENT_862/BLUE_ARCHIVE_EVENT_862_CONTEXTUALIZATION_CHECKPOINT.md,REF:CYCLE008_ACCEPTED,REF:CYCLE008_SCOPE,unresolved,,REF:CYCLE008_LIMITS,CORE,REF:EVENT:BA:event:862:004,1,116,9
BA:event:862:005,event,MANDATORY_COMPLETE_REVIEW,02_CANONICAL_STORIES/EVENT/EVENT_862/EPISODE_005_10057040.md,a409a3976638b2325cff431d5e3c6fdd33549f1c69da12c782ad0a0c17ba9a4b,ADMITTED,series/blue-archive/02 Sequential Readings/EVENTS/EVENT_862/BLUE_ARCHIVE_EVENT_862_CONTEXTUALIZATION_CHECKPOINT.md,REF:CYCLE008_ACCEPTED,REF:CYCLE008_SCOPE,unresolved,,REF:CYCLE008_LIMITS,CORE,REF:EVENT:BA:event:862:005,1,126,12
BA:event:862:006,event,MANDATORY_COMPLETE_REVIEW,02_CANONICAL_STORIES/EVENT/EVENT_862/EPISODE_006_10057050.md,fcbb0b644a4ce044f95ab75ba9a7685cc3a7886e22b9ff576b0e9dce3340f812,ADMITTED,series/blue-archive/02 Sequential Readings/EVENTS/EVENT_862/BLUE_ARCHIVE_EVENT_862_CONTEXTUALIZATION_CHECKPOINT.md,REF:CYCLE008_ACCEPTED,REF:CYCLE008_SCOPE,unresolved,,REF:CYCLE008_LIMITS,CORE,REF:EVENT:BA:event:862:006,1,106,16
BA:event:862:007,event,MANDATORY_COMPLETE_REVIEW,02_CANONICAL_STORIES/EVENT/EVENT_862/EPISODE_007_10057060.md,fe7568a53df63090a216e78e0d65d07183bf502200c5521d2622ba6d5f933e10,ADMITTED,series/blue-archive/02 Sequential Readings/EVENTS/EVENT_862/BLUE_ARCHIVE_EVENT_862_CONTEXTUALIZATION_CHECKPOINT.md,REF:CYCLE008_ACCEPTED,REF:CYCLE008_SCOPE,unresolved,,REF:CYCLE008_LIMITS,HIGH,REF:EVENT:BA:event:862:007,1,73,1
BA:event:862:008,event,MANDATORY_COMPLETE_REVIEW,02_CANONICAL_STORIES/EVENT/EVENT_862/EPISODE_008_10057070.md,97a38348a309b300455b88d17d4b19df8d8fb3b8a9a2a55730bc348942485f27,ADMITTED,series/blue-archive/02 Sequential Readings/EVENTS/EVENT_862/BLUE_ARCHIVE_EVENT_862_CONTEXTUALIZATION_CHECKPOINT.md,REF:CYCLE008_ACCEPTED,REF:CYCLE008_SCOPE,unresolved,,REF:CYCLE008_LIMITS,CORE,REF:EVENT:BA:event:862:008,3,111,2
BA:event:862:009,event,MANDATORY_COMPLETE_REVIEW,02_CANONICAL_STORIES/EVENT/EVENT_862/EPISODE_009_10057080.md,bd96c28dc359c9d321b40cfc55dec96348da77415a7e77f5bf044fa1c0b1ae77,ADMITTED,series/blue-archive/02 Sequential Readings/EVENTS/EVENT_862/BLUE_ARCHIVE_EVENT_862_CONTEXTUALIZATION_CHECKPOINT.md,REF:CYCLE008_ACCEPTED,REF:CYCLE008_SCOPE,unresolved,,REF:CYCLE008_LIMITS,CORE,REF:EVENT:BA:event:862:009,1,87,5
BA:event:862:010,event,MANDATORY_COMPLETE_REVIEW,02_CANONICAL_STORIES/EVENT/EVENT_862/EPISODE_010_10057090.md,ecfdefb0fa62d2de1397c4af4e7edece77e36b804e09b9e732f9060b227cbc4f,ADMITTED,series/blue-archive/02 Sequential Readings/EVENTS/EVENT_862/BLUE_ARCHIVE_EVENT_862_CONTEXTUALIZATION_CHECKPOINT.md,REF:CYCLE008_ACCEPTED,REF:CYCLE008_SCOPE,unresolved,,REF:CYCLE008_LIMITS,CORE,REF:EVENT:BA:event:862:010,1,60,2
BA:event:862:011,event,MANDATORY_COMPLETE_REVIEW,02_CANONICAL_STORIES/EVENT/EVENT_862/EPISODE_011_10057100.md,f4e79fed5423da68516543ebbd1a1e99e0faa3a465c4ce29bdf6734194ba4111,ADMITTED,series/blue-archive/02 Sequential Readings/EVENTS/EVENT_862/BLUE_ARCHIVE_EVENT_862_CONTEXTUALIZATION_CHECKPOINT.md,REF:CYCLE008_ACCEPTED,REF:CYCLE008_SCOPE,unresolved,,REF:CYCLE008_LIMITS,CORE,REF:EVENT:BA:event:862:011,1,117,3
BA:event:862:012,event,MANDATORY_COMPLETE_REVIEW,02_CANONICAL_STORIES/EVENT/EVENT_862/EPISODE_012_10057110.md,1ed9289e006aa1f854265dc67203ab8d64a8e5f008b5fd7c60b263091af86065,ADMITTED,series/blue-archive/02 Sequential Readings/EVENTS/EVENT_862/BLUE_ARCHIVE_EVENT_862_CONTEXTUALIZATION_CHECKPOINT.md,REF:CYCLE008_ACCEPTED,REF:CYCLE008_SCOPE,unresolved,,REF:CYCLE008_LIMITS,CORE,REF:EVENT:BA:event:862:012,2,108,2
BA:event:862:013,event,MANDATORY_COMPLETE_REVIEW,02_CANONICAL_STORIES/EVENT/EVENT_862/EPISODE_013_10057120.md,be9d253dc0b91f4dba036c8c619c4ea5dc38e4d699a5886448d69424dc9154e3,ADMITTED,series/blue-archive/02 Sequential Readings/EVENTS/EVENT_862/BLUE_ARCHIVE_EVENT_862_CONTEXTUALIZATION_CHECKPOINT.md,REF:CYCLE008_ACCEPTED,REF:CYCLE008_SCOPE,unresolved,,REF:CYCLE008_LIMITS,CORE,REF:EVENT:BA:event:862:013,2,114,0
BA:event:862:014,event,MANDATORY_COMPLETE_REVIEW,02_CANONICAL_STORIES/EVENT/EVENT_862/EPISODE_014_10057130.md,cb0ff3b1724fff704936bd816dcab901b3851ab524efceb5faf935171b63038b,ADMITTED,series/blue-archive/02 Sequential Readings/EVENTS/EVENT_862/BLUE_ARCHIVE_EVENT_862_CONTEXTUALIZATION_CHECKPOINT.md,REF:CYCLE008_ACCEPTED,REF:CYCLE008_SCOPE,unresolved,,REF:CYCLE008_LIMITS,HIGH,REF:EVENT:BA:event:862:014,1,49,0
BA:event:862:015,event,MANDATORY_COMPLETE_REVIEW,02_CANONICAL_STORIES/EVENT/EVENT_862/EPISODE_015_10057140.md,2b61751643cce45b72a7e1625cdd58996d8e3a0610463172a41b13b5f52d7e3b,ADMITTED,series/blue-archive/02 Sequential Readings/EVENTS/EVENT_862/BLUE_ARCHIVE_EVENT_862_CONTEXTUALIZATION_CHECKPOINT.md,REF:CYCLE008_ACCEPTED,REF:CYCLE008_SCOPE,unresolved,,REF:CYCLE008_LIMITS,HIGH,REF:EVENT:BA:event:862:015,1,678,0
