story_id,analytical_priority,evidence_function,workflow_decision,priority_reason,analysis_path,reason_locator,decision_basis
BA:event:80000:117,HIGH,ordinary repertoire; relations/care; institution/work; provenance/identity/modes,ADMITTED_WITH_LIMITS_CYCLE008; QUALIFIED_CONTENT_COMPLETE; PUBLICATION_STATUS_IN_CYCLE008_CHECKPOINT,"HIGH, collective enjoyment and attributed mentorship. Umika's festival pleasure includes streets full of attractive chocolate and other people's happiness(u1–11/choices1–4). Sensei's doubts help revise chocolate-firework implementation without extinguishing her aim. She credits the president for seasonal commercial success, then aspires to management competence that could support a Kivotos-wide festival(u14–26/choices5–7). That is an ambition, not proven expertise.",series/blue-archive/02 Sequential Readings/EVENTS/EVENT_80000/BLUE_ARCHIVE_EVENT_80000_PHASE2_CONTEXTUAL_COMPARISON_20261008.md,"{'owner_route_key': '80000', 'line': 77}",EXPLICIT_CURRENT_EPISODE_MAP
BA:event:80000:118,HIGH,ordinary repertoire; institution/work; provenance/identity/modes,ADMITTED_WITH_LIMITS_CYCLE008; QUALIFIED_CONTENT_COMPLETE; PUBLICATION_STATUS_IN_CYCLE008_CHECKPOINT,"HIGH, an indirect invitation discloses its pretext. A possible failing grade summons Sensei(u1–6), but no independent grade is established. Thin batter and heat actually require joint trials before a round attractive crepe(u8–18/choice2); that real labor persists after Kirara admits the assessment emergency was false(u19–22). She wanted Sensei to eat her handmade crepe, and final shared eating/praise(u23–25/choices4–5) accomplishes situated enjoyment.",series/blue-archive/02 Sequential Readings/EVENTS/EVENT_80000/BLUE_ARCHIVE_EVENT_80000_PHASE2_CONTEXTUAL_COMPARISON_20261008.md,"{'owner_route_key': '80000', 'line': 82}",EXPLICIT_CURRENT_EPISODE_MAP
BA:event:80000:119,CORE,ordinary repertoire; relations/care; provenance/identity/modes,ADMITTED_WITH_LIMITS_CYCLE008; QUALIFIED_CONTENT_COMPLETE; PUBLICATION_STATUS_IN_CYCLE008_CHECKPOINT,"CORE, care travels from student to adult alongside rivalry. The visitor's late office arrival, surprise and teasing depend on familiarity(u1–13). Her increased gift quantity and “can now do various things”(u14–17) are self-reported capacity, not a recovery audit. Other Shiroko's matching gift triggers competitive claims and an explicit denial of rivalry(u18–25/choice1). Both the behavior and denial belong in the interpretation.",series/blue-archive/02 Sequential Readings/EVENTS/EVENT_80000/BLUE_ARCHIVE_EVENT_80000_PHASE2_CONTEXTUAL_COMPARISON_20261008.md,"{'owner_route_key': '80000', 'line': 86}",EXPLICIT_CURRENT_EPISODE_MAP
BA:event:80000:120,HIGH,ordinary repertoire; relations/care,ADMITTED_WITH_LIMITS_CYCLE008; QUALIFIED_CONTENT_COMPLETE; PUBLICATION_STATUS_IN_CYCLE008_CHECKPOINT,"HIGH, sensory hospitality retains an undisclosed addition. Kisaki's 門主participation in a new custom(u1–4) is local office self-positioning, not a whole Shanhaijing reform. Cacao-nib tea, color/scent/flavor and tea art as enjoyment with a friend(u7–14) have intrinsic sensory value. Her anticipation that Sensei is tired of sweetness is an appraisal, not a taste survey.",series/blue-archive/02 Sequential Readings/EVENTS/EVENT_80000/BLUE_ARCHIVE_EVENT_80000_PHASE2_CONTEXTUAL_COMPARISON_20261008.md,"{'owner_route_key': '80000', 'line': 91}",EXPLICIT_CURRENT_EPISODE_MAP
BA:event:80000:121,HIGH,ordinary repertoire; institution/work; provenance/identity/modes,ADMITTED_WITH_LIMITS_CYCLE008; QUALIFIED_CONTENT_COMPLETE; PUBLICATION_STATUS_IN_CYCLE008_CHECKPOINT,"HIGH, peaceful craft preserves fallibility and different reception. Reijo worries about busy Sensei's time and about being memorable(u1–12). Choice2firstgift/othergifts are alternatives, not two concurrent histories. She makes fist-shaped chocolate via iron-sand-palm practice, but admits she did not expect the cacao crushing to work(u15–33). The result is particular surprising success, not universal martial competence or independently validated training.",series/blue-archive/02 Sequential Readings/EVENTS/EVENT_80000/BLUE_ARCHIVE_EVENT_80000_PHASE2_CONTEXTUAL_COMPARISON_20261008.md,"{'owner_route_key': '80000', 'line': 96}",EXPLICIT_CURRENT_EPISODE_MAP
BA:event:80000:122,HIGH,relations/care; institution/work,ADMITTED_WITH_LIMITS_CYCLE008; QUALIFIED_CONTENT_COMPLETE; PUBLICATION_STATUS_IN_CYCLE008_CHECKPOINT,"HIGH, accepting care is not recruitment. Satsuki arrives voluntarily while Sensei is exhausted, offers handmade chocolate and calls the adult a potential Pandemonium collaborator(u1–14). Practical attention, personal intimacy and recruitment self-presentation coexist. Suspicious tasting setup and her “too late/effect?” rhetoric(u16–26) generate anticipation, not independent evidence of a drug.",series/blue-archive/02 Sequential Readings/EVENTS/EVENT_80000/BLUE_ARCHIVE_EVENT_80000_PHASE2_CONTEXTUAL_COMPARISON_20261008.md,"{'owner_route_key': '80000', 'line': 101}",EXPLICIT_CURRENT_EPISODE_MAP
BA:event:80000:123,HIGH,recipient agency/contrary endpoint; provenance/identity/modes,ADMITTED_WITH_LIMITS_CYCLE008; QUALIFIED_CONTENT_COMPLETE; PUBLICATION_STATUS_IN_CYCLE008_CHECKPOINT,"HIGH, professional representation and edible object differ. After an interview, Chiaki promises stimulating copy while Sensei worries about overtalk and damage to image(u1–7/choices1–2). There is no finished article to certify accuracy or injury.",series/blue-archive/02 Sequential Readings/EVENTS/EVENT_80000/BLUE_ARCHIVE_EVENT_80000_PHASE2_CONTEXTUAL_COMPARISON_20261008.md,"{'owner_route_key': '80000', 'line': 106}",EXPLICIT_CURRENT_EPISODE_MAP
BA:event:80000:124,HIGH,recipient agency/contrary endpoint; provenance/identity/modes,ADMITTED_WITH_LIMITS_CYCLE008; QUALIFIED_CONTENT_COMPLETE; PUBLICATION_STATUS_IN_CYCLE008_CHECKPOINT,"HIGH, Seia wants time and pressures its recipient. Knowing Sensei's ended business and room invitation script availability while claiming “先生次第”; narrated intimidation precedes the visit(u1–10). A wish for contact and information asymmetry both matter.",series/blue-archive/02 Sequential Readings/EVENTS/EVENT_80000/BLUE_ARCHIVE_EVENT_80000_PHASE2_CONTEXTUAL_COMPARISON_20261008.md,"{'owner_route_key': '80000', 'line': 111}",EXPLICIT_CURRENT_EPISODE_MAP
BA:event:80000:125,CORE,ordinary repertoire; institution/work,ADMITTED_WITH_LIMITS_CYCLE008; QUALIFIED_CONTENT_COMPLETE; PUBLICATION_STATUS_IN_CYCLE008_CHECKPOINT,"CORE, Rio's manufactured gift exceeds her emotional account. Rio says she previously rejected Valentine participation as irrational, then now suspects a neglected reason and credits Sensei(u1–19). Her historical/commercial speech is self-account, not externally audited history, and今まではdoes not date a full-main transformation.",series/blue-archive/02 Sequential Readings/EVENTS/EVENT_80000/BLUE_ARCHIVE_EVENT_80000_PHASE2_CONTEXTUAL_COMPARISON_20261008.md,"{'owner_route_key': '80000', 'line': 116}",EXPLICIT_CURRENT_EPISODE_MAP
BA:event:80001:126,HIGH,institution/work,ADMITTED_WITH_LIMITS_CYCLE008; QUALIFIED_CONTENT_COMPLETE; PUBLICATION_STATUS_IN_CYCLE008_CHECKPOINT,"mediated making is still personal work. Rei rehearses handover, nearly leaves and approaches despite embarrassment(u2–13). Millennium/TrainingClub metadata does not supply acted club peers or governance.",series/blue-archive/02 Sequential Readings/EVENTS/EVENT_80001/BLUE_ARCHIVE_EVENT_80001_PHASE2_CONTEXTUAL_COMPARISON_20261008.md,"{'owner_route_key': '80001', 'line': 108}",EXPLICIT_CURRENT_EPISODE_MAP
BA:event:80001:127,HIGH,ordinary repertoire; recipient agency/contrary endpoint; relations/care; institution/work; provenance/identity/modes,ADMITTED_WITH_LIMITS_CYCLE008; QUALIFIED_CONTENT_COMPLETE; PUBLICATION_STATUS_IN_CYCLE008_CHECKPOINT,"wanted product, affection and a sour joke. Hikari explicitly is not on duty(u1–2), gives to大好きな人(u3–4), and reports finding a sought newフレーミングコンポジションC型chocoボール(u5–9). 無敵モードis play, not observed invincibility/explosive effect. Sensei initiates sharing, she agrees, and eating/laughter at the sour expression is narrated(u10–17). No injury or complaint is printed, but formal romance/exclusivity and prior exact-reaction knowledge remain unproved. Numbered thanks/receipt and sharing formulations(u10/u12) are parser-grouped inward alternatives, not extra guaranteed utterances or formal groups. This ordinary pleasure is not reducible to railway work.",series/blue-archive/02 Sequential Readings/EVENTS/EVENT_80001/BLUE_ARCHIVE_EVENT_80001_PHASE2_CONTEXTUAL_COMPARISON_20261008.md,"{'owner_route_key': '80001', 'line': 111}",EXPLICIT_CURRENT_EPISODE_MAP
BA:event:80001:128,HIGH,ordinary repertoire; institution/work; provenance/identity/modes,ADMITTED_WITH_LIMITS_CYCLE008; QUALIFIED_CONTENT_COMPLETE; PUBLICATION_STATUS_IN_CYCLE008_CHECKPOINT,"convenience, mutual play and chosen reciprocity. An exhausted office opening(u1–2) receives an initially unknown call(u3); local recognition suggests Nozomi, without erasing the unknown label. She chooses gummies because the busy adult already has chocolate and can conveniently eat while working(u7–11); fatigue benefit is her claim, not treatment. Store-bought does not mean thoughtless.",series/blue-archive/02 Sequential Readings/EVENTS/EVENT_80001/BLUE_ARCHIVE_EVENT_80001_PHASE2_CONTEXTUAL_COMPARISON_20261008.md,"{'owner_route_key': '80001', 'line': 114}",EXPLICIT_CURRENT_EPISODE_MAP
BA:event:80001:129,CORE,ordinary repertoire; recipient agency/contrary endpoint; provenance/identity/modes,ADMITTED_WITH_LIMITS_CYCLE008; QUALIFIED_CONTENT_COMPLETE; PUBLICATION_STATUS_IN_CYCLE008_CHECKPOINT,"price does not determine effort, and letter timing is a real boundary. Aoba's awkward arrival and inferred sofa exchange(u1–10) lead to a cheap gift she wished to improve. She reports daily overtime and closed shops(u12–19), not an audited employer history. Gratitude/feeling-focused alternatives(changechoice2/u20–26) alter reception without claiming completed homemade plans.",series/blue-archive/02 Sequential Readings/EVENTS/EVENT_80001/BLUE_ARCHIVE_EVENT_80001_PHASE2_CONTEXTUAL_COMPARISON_20261008.md,"{'owner_route_key': '80001', 'line': 118}",EXPLICIT_CURRENT_EPISODE_MAP
BA:event:80001:130,CORE,ordinary repertoire; institution/work; provenance/identity/modes,ADMITTED_WITH_LIMITS_CYCLE008; QUALIFIED_CONTENT_COMPLETE; PUBLICATION_STATUS_IN_CYCLE008_CHECKPOINT,"favorite taste and conditional use of cold hands. Nagusa says patrol taught her the custom, making gratitude easier(u1–9). She shares preferred白い乙女cookies with Hyakkiyako/Ebisu dairy provenance and reports other members rarely eat them(u10–14); no peer rejection is witnessed. Tasting is enjoyed(u15–17); she misreads a pause as poor choice/dislike(u18–21) before the practical concern about chocolate on work papers(u22–23).",series/blue-archive/02 Sequential Readings/EVENTS/EVENT_80001/BLUE_ARCHIVE_EVENT_80001_PHASE2_CONTEXTUAL_COMPARISON_20261008.md,"{'owner_route_key': '80001', 'line': 122}",EXPLICIT_CURRENT_EPISODE_MAP
BA:event:80001:131,CORE,ordinary repertoire; recipient agency/contrary endpoint,ADMITTED_WITH_LIMITS_CYCLE008; QUALIFIED_CONTENT_COMPLETE; PUBLICATION_STATUS_IN_CYCLE008_CHECKPOINT,"finite responsibility is voiced through a pressured bitter lesson. An invitation document/logwrapper names Onmyou head天地ニヤ(u1–5), followed within less than a day by arrival and teasing(u6–17). Niya withholds bitterness while invoking a cute student's handmade gift/taste now(u26–31); the adult tastes, then she identifies abundantヨモギdark chocolate(u32–34). No toxic/occult mechanism is established.",series/blue-archive/02 Sequential Readings/EVENTS/EVENT_80001/BLUE_ARCHIVE_EVENT_80001_PHASE2_CONTEXTUAL_COMPARISON_20261008.md,"{'owner_route_key': '80001', 'line': 126}",EXPLICIT_CURRENT_EPISODE_MAP
BA:event:80001:132,CORE,relations/care,ADMITTED_WITH_LIMITS_CYCLE008; QUALIFIED_CONTENT_COMPLETE; PUBLICATION_STATUS_IN_CYCLE008_CHECKPOINT,"hat privacy, chosen care and an explicit off-ramp. Eri asks for a secret Wild Hunt vacant-lot meeting(scene001u1–5), calling it high-mana/low-interference and agreeing she wants privacy(scene002u2–6). Magic properties are her account. 脱ぐis clarified as hat removal(u7–19); like nakedness is her comparison, not depicted nudity, sexual act or observed peer bathing.",series/blue-archive/02 Sequential Readings/EVENTS/EVENT_80001/BLUE_ARCHIVE_EVENT_80001_PHASE2_CONTEXTUAL_COMPARISON_20261008.md,"{'owner_route_key': '80001', 'line': 130}",EXPLICIT_CURRENT_EPISODE_MAP
BA:event:80001:133,CORE,ordinary repertoire; relations/care; institution/work; provenance/identity/modes,ADMITTED_WITH_LIMITS_CYCLE008; QUALIFIED_CONTENT_COMPLETE; PUBLICATION_STATUS_IN_CYCLE008_CHECKPOINT,"delicious food accompanies unsuccessful claimed memory. Kanoe communication offers a special muffin/red-thread former-life bond(u2–11), presses immediate tasting against work/later alternatives(choice4/u12–14). Crow calls(u15/u25), black-cat call(u26) and local arrival do not prove prophecy/teleportation or named-person continuity.",series/blue-archive/02 Sequential Readings/EVENTS/EVENT_80001/BLUE_ARCHIVE_EVENT_80001_PHASE2_CONTEXTUAL_COMPARISON_20261008.md,"{'owner_route_key': '80001', 'line': 134}",EXPLICIT_CURRENT_EPISODE_MAP
BA:event:80001:134,HIGH,ordinary repertoire; relations/care; institution/work; provenance/identity/modes,ADMITTED_WITH_LIMITS_CYCLE008; QUALIFIED_CONTENT_COMPLETE; PUBLICATION_STATUS_IN_CYCLE008_CHECKPOINT,"first-time craft and waiting are wanted company. The dorm invitation uses narrated slack-check timing(scene001u1–2), not a full security rule. Miyo reports stalled fiction/easy smuggling ideas(scene002u2–5) and temporary outing restrictions(u6–7). The teacher's kidnapping joke(choice4) is denied; brief feasibility calculation and renewed denial(u8–11) are not enacted abduction or certified capability.",series/blue-archive/02 Sequential Readings/EVENTS/EVENT_80001/BLUE_ARCHIVE_EVENT_80001_PHASE2_CONTEXTUAL_COMPARISON_20261008.md,"{'owner_route_key': '80001', 'line': 138}",EXPLICIT_CURRENT_EPISODE_MAP
BA:event:80001:135,HIGH,institution/work; provenance/identity/modes,ADMITTED_WITH_LIMITS_CYCLE008; QUALIFIED_CONTENT_COMPLETE; PUBLICATION_STATUS_IN_CYCLE008_CHECKPOINT,"commerce, duration and private embarrassment coexist. Fuyu's completed procurement report(u2–8), aborted bomb agreement/candy correction and explosives digression(u9–15) are source-world speech, not an admitted weapon or realworld guide. Gobstopper layers/hardness and tooth-break/prohibition/demand(u16–24) remain technical and institutional reports without audited rules/market.",series/blue-archive/02 Sequential Readings/EVENTS/EVENT_80001/BLUE_ARCHIVE_EVENT_80001_PHASE2_CONTEXTUAL_COMPARISON_20261008.md,"{'owner_route_key': '80001', 'line': 142}",EXPLICIT_CURRENT_EPISODE_MAP
BA:event:80001:136,HIGH,ordinary repertoire; provenance/identity/modes,ADMITTED_WITH_LIMITS_CYCLE008; QUALIFIED_CONTENT_COMPLETE; PUBLICATION_STATUS_IN_CYCLE008_CHECKPOINT,"non-edible art reverses instruction while raising access. The chocolate-like huge gift surprises Sensei(u2–12); local recognition rhetoric does not prove all-student identification. Touch and Ritsu's brown-marble explanation(u13–25) correct the medium. No impossible edible/meltproof chocolate technology follows. She enjoys two surprises and teaches sculpture, narrated observation/lesson(u26–31); actual instruction is not transcribed total technique or universal mastery.",series/blue-archive/02 Sequential Readings/EVENTS/EVENT_80001/BLUE_ARCHIVE_EVENT_80001_PHASE2_CONTEXTUAL_COMPARISON_20261008.md,"{'owner_route_key': '80001', 'line': 146}",EXPLICIT_CURRENT_EPISODE_MAP
BA:event:80001:137,CORE,ordinary repertoire; recipient agency/contrary endpoint; provenance/identity/modes,ADMITTED_WITH_LIMITS_CYCLE008; QUALIFIED_CONTENT_COMPLETE; PUBLICATION_STATUS_IN_CYCLE008_CHECKPOINT,"wanting to give properly survives unfinished sharing. Love adjusts hair(scene001u1–2/scene002u2–3), is startled by the adult's exuberant greeting(u4–8), and offers convenience-store chocolate with homemade uncertainty(u12–15). The choice2hat/diary/album guesses are alternatives, not actual gifts. Mouthful misreading(u16–20/choice3) and possible dropped secondbar(u21) retain comic frustration/offscreen uncertainty.",series/blue-archive/02 Sequential Readings/EVENTS/EVENT_80001/BLUE_ARCHIVE_EVENT_80001_PHASE2_CONTEXTUAL_COMPARISON_20261008.md,"{'owner_route_key': '80001', 'line': 150}",EXPLICIT_CURRENT_EPISODE_MAP
BA:event:80001:138,CORE,ordinary repertoire; relations/care; institution/work; provenance/identity/modes,ADMITTED_WITH_LIMITS_CYCLE008; QUALIFIED_CONTENT_COMPLETE; PUBLICATION_STATUS_IN_CYCLE008_CHECKPOINT,"Subaru's food ethic and bodily craft are ordinary Arius evidence. This exact admitted source isBA:event:80001:138「チョコメレンゲクッキー」, not an unverified event route or new source. Early appointment/thanks and café familiarity from part-time work(u1–19) do not audit workplace/academic progress. 外の世界self-correction and indignation over discarded yolks(u22–34) express strong anti-waste conviction, experiments and reported uses for Arius children. No universal business waste or observed child feeding follows.",series/blue-archive/02 Sequential Readings/EVENTS/EVENT_80001/BLUE_ARCHIVE_EVENT_80001_PHASE2_CONTEXTUAL_COMPARISON_20261008.md,"{'owner_route_key': '80001', 'line': 154}",EXPLICIT_CURRENT_EPISODE_MAP
BA:event:80001:139,CORE,ordinary repertoire; relations/care; institution/work; provenance/identity/modes,ADMITTED_WITH_LIMITS_CYCLE008; QUALIFIED_CONTENT_COMPLETE; PUBLICATION_STATUS_IN_CYCLE008_CHECKPOINT,"criticism attends ordinary happiness and ambiguous affection. Takane rejects stale repetition of commercialization critique(u1–5), affirming sharing/つかの間の幸せand attention to what people think/want(u6–11). This is positive critical purpose, not abandonment of criticism. Her symbolic uncertain gift/gray ambiguity(u12–25) coexists with flustered desire to be understood; definitive romantic/exclusive content is unprinted.",series/blue-archive/02 Sequential Readings/EVENTS/EVENT_80001/BLUE_ARCHIVE_EVENT_80001_PHASE2_CONTEXTUAL_COMPARISON_20261008.md,"{'owner_route_key': '80001', 'line': 159}",EXPLICIT_CURRENT_EPISODE_MAP
BA:event:80001:140,HIGH,ordinary repertoire; recipient agency/contrary endpoint; relations/care; institution/work,ADMITTED_WITH_LIMITS_CYCLE008; QUALIFIED_CONTENT_COMPLETE; PUBLICATION_STATUS_IN_CYCLE008_CHECKPOINT,"whose hands made a gift changes the account. Yakumo's trust/benefit/listening inversions(u1–11) receive an adult objection, not ethical endorsement. Favoriteメドヴィクlayers like books/banknotes(u12–24) carry particular work-imagination/pleasure; profit does not exhaust feeling.",series/blue-archive/02 Sequential Readings/EVENTS/EVENT_80001/BLUE_ARCHIVE_EVENT_80001_PHASE2_CONTEXTUAL_COMPARISON_20261008.md,"{'owner_route_key': '80001', 'line': 163}",EXPLICIT_CURRENT_EPISODE_MAP
BA:event:80001:141,CORE,ordinary repertoire; recipient agency/contrary endpoint; institution/work,ADMITTED_WITH_LIMITS_CYCLE008; QUALIFIED_CONTENT_COMPLETE; PUBLICATION_STATUS_IN_CYCLE008_CHECKPOINT,"failed quality, ignored retrieval and later allowance are separate. Event-localケイtries to call her gift cheap/commercial(u1–13), while wrapping/shape/aroma and salt, shock/sofadive/private lament(u16–32) strongly support concealed handmade effort with unshown production cause. Taste-test provocation, silence demand, thrown cushion and dodge(u33–36) are actual friction.",series/blue-archive/02 Sequential Readings/EVENTS/EVENT_80001/BLUE_ARCHIVE_EVENT_80001_PHASE2_CONTEXTUAL_COMPARISON_20261008.md,"{'owner_route_key': '80001', 'line': 168}",EXPLICIT_CURRENT_EPISODE_MAP
BA:event:801:001,CORE,ordinary repertoire; recipient agency/contrary endpoint; institution/work; provenance/identity/modes,ADMITTED_WITH_LIMITS_CYCLE008; QUALIFIED_CONTENT_COMPLETE; PUBLICATION_STATUS_IN_CYCLE008_CHECKPOINT,"Schale work/invitation leads to encounter, breathing assistance, ordinary food and Izuna's loved view; embarrassing dream recognition has direct character value, not verified pursuit history or every mutually exclusive injury reply.",series/blue-archive/02 Sequential Readings/EVENTS/EVENT_801/BLUE_ARCHIVE_EVENT_801_PHASE2_CONTEXTUAL_COMPARISON_20261008.md,"{'owner_route_key': '801', 'line': 71}",EXPLICIT_CURRENT_EPISODE_MAP
BA:event:801:002,CORE,ordinary repertoire; recipient agency/contrary endpoint; relations/care,ADMITTED_WITH_LIMITS_CYCLE008; QUALIFIED_CONTENT_COMPLETE; PUBLICATION_STATUS_IN_CYCLE008_CHECKPOINT,"Shizuko's charming/stressed hospitality, Fina's honor/media tastes and café/vendor/crowd responses give concrete reasons to protect a festival; named passers do not become broader biographies.",series/blue-archive/02 Sequential Readings/EVENTS/EVENT_801/BLUE_ARCHIVE_EVENT_801_PHASE2_CONTEXTUAL_COMPARISON_20261008.md,"{'owner_route_key': '801', 'line': 72}",EXPLICIT_CURRENT_EPISODE_MAP
BA:event:801:003,CORE,recipient agency/contrary endpoint; provenance/identity/modes,ADMITTED_WITH_LIMITS_CYCLE008; QUALIFIED_CONTENT_COMPLETE; PUBLICATION_STATUS_IN_CYCLE008_CHECKPOINT,"Izuna's dream loyalty meets reported growth, contested innovation/spending and the employer's private deadline/control. Scene2 is reader knowledge before the adult's later discovery; chairman tradition speculation is not proven motive or demonstrated commissioned machinery.",series/blue-archive/02 Sequential Readings/EVENTS/EVENT_801/BLUE_ARCHIVE_EVENT_801_PHASE2_CONTEXTUAL_COMPARISON_20261008.md,"{'owner_route_key': '801', 'line': 73}",EXPLICIT_CURRENT_EPISODE_MAP
BA:event:801:004,CORE,provenance/identity/modes,ADMITTED_WITH_LIMITS_CYCLE008; QUALIFIED_CONTENT_COMPLETE; PUBLICATION_STATUS_IN_CYCLE008_CHECKPOINT,"bureaucracy/delay, poetry/associative replies and a reported absent leader's route support mediated coordination. An unnamed Onmyou/Hyakka head is reported/quoted, not directly present or automatically identified from another source.",series/blue-archive/02 Sequential Readings/EVENTS/EVENT_801/BLUE_ARCHIVE_EVENT_801_PHASE2_CONTEXTUAL_COMPARISON_20261008.md,"{'owner_route_key': '801', 'line': 74}",EXPLICIT_CURRENT_EPISODE_MAP
BA:event:801:005,CORE,ordinary repertoire; institution/work,ADMITTED_WITH_LIMITS_CYCLE008; QUALIFIED_CONTENT_COMPLETE; PUBLICATION_STATUS_IN_CYCLE008_CHECKPOINT,"theatrical entrance play, Kaede's ladyhood goal, Mimori's caution and Tsubaki's sleep/club work differ within shared public-safety purpose.",series/blue-archive/02 Sequential Readings/EVENTS/EVENT_801/BLUE_ARCHIVE_EVENT_801_PHASE2_CONTEXTUAL_COMPARISON_20261008.md,"{'owner_route_key': '801', 'line': 75}",EXPLICIT_CURRENT_EPISODE_MAP
BA:event:801:006,CORE,relations/care; institution/work,ADMITTED_WITH_LIMITS_CYCLE008; QUALIFIED_CONTENT_COMPLETE; PUBLICATION_STATUS_IN_CYCLE008_CHECKPOINT,"defeat and shared protection coexist with guessed motives, corrections and proposed kidnapping/interrogation/punishment. Plans are not executed acts or settled authority; reconstructed recall is not a new source episode.",series/blue-archive/02 Sequential Readings/EVENTS/EVENT_801/BLUE_ARCHIVE_EVENT_801_PHASE2_CONTEXTUAL_COMPARISON_20261008.md,"{'owner_route_key': '801', 'line': 76}",EXPLICIT_CURRENT_EPISODE_MAP
BA:event:801:007,CORE,institution/work; provenance/identity/modes,ADMITTED_WITH_LIMITS_CYCLE008; QUALIFIED_CONTENT_COMPLETE; PUBLICATION_STATUS_IN_CYCLE008_CHECKPOINT,"ordinary stall work, finding a child, harassment and performance preparation divide the patrol and complicate adult surveillance. The employer's private contract/plan is reader knowledge; local work/actors are not automatically his agents.",series/blue-archive/02 Sequential Readings/EVENTS/EVENT_801/BLUE_ARCHIVE_EVENT_801_PHASE2_CONTEXTUAL_COMPARISON_20261008.md,"{'owner_route_key': '801', 'line': 77}",EXPLICIT_CURRENT_EPISODE_MAP
BA:event:801:008,CORE,ordinary repertoire; recipient agency/contrary endpoint; relations/care,ADMITTED_WITH_LIMITS_CYCLE008; QUALIFIED_CONTENT_COMPLETE; PUBLICATION_STATUS_IN_CYCLE008_CHECKPOINT,shared food and wanted company coexist with Izuna's refusal to name the employer and adult pursuit/risk. Enjoyment can be real before allegiance changes; the adult's respect/blame/harm-boundary options do not make exposure harmless.,series/blue-archive/02 Sequential Readings/EVENTS/EVENT_801/BLUE_ARCHIVE_EVENT_801_PHASE2_CONTEXTUAL_COMPARISON_20261008.md,"{'owner_route_key': '801', 'line': 78}",EXPLICIT_CURRENT_EPISODE_MAP
BA:event:801:009,CORE,ordinary repertoire; relations/care; institution/work; provenance/identity/modes,ADMITTED_WITH_LIMITS_CYCLE008; QUALIFIED_CONTENT_COMPLETE; PUBLICATION_STATUS_IN_CYCLE008_CHECKPOINT,"employer identity bridge, mockery/labor extraction and Izuna's own following/listening/intervening lead to chosen rescue and changed address. Absolute devotion remains asymmetric rather than universally safe.",series/blue-archive/02 Sequential Readings/EVENTS/EVENT_801/BLUE_ARCHIVE_EVENT_801_PHASE2_CONTEXTUAL_COMPARISON_20261008.md,"{'owner_route_key': '801', 'line': 79}",EXPLICIT_CURRENT_EPISODE_MAP
BA:event:801:010,CORE,relations/care; provenance/identity/modes,ADMITTED_WITH_LIMITS_CYCLE008; QUALIFIED_CONTENT_COMPLETE; PUBLICATION_STATUS_IN_CYCLE008_CHECKPOINT,"Izuna's resolve alone is insufficient; peer arrival, Shizuko's earlier-message report and ordinary witnesses distribute help. Message report is not a separately read MomoTalk source or adult omniscience.",series/blue-archive/02 Sequential Readings/EVENTS/EVENT_801/BLUE_ARCHIVE_EVENT_801_PHASE2_CONTEXTUAL_COMPARISON_20261008.md,"{'owner_route_key': '801', 'line': 80}",EXPLICIT_CURRENT_EPISODE_MAP
BA:event:801:011,CORE,ordinary repertoire; provenance/identity/modes,ADMITTED_WITH_LIMITS_CYCLE008; QUALIFIED_CONTENT_COMPLETE; PUBLICATION_STATUS_IN_CYCLE008_CHECKPOINT,"reported hired members want the festival rather than paid disruption; chairman's account of all funds available to him as chairman is not an audited office account, lawful budget transfer or restitution.",series/blue-archive/02 Sequential Readings/EVENTS/EVENT_801/BLUE_ARCHIVE_EVENT_801_PHASE2_CONTEXTUAL_COMPARISON_20261008.md,"{'owner_route_key': '801', 'line': 81}",EXPLICIT_CURRENT_EPISODE_MAP
BA:event:801:012,HIGH,relations/care,ADMITTED_WITH_LIMITS_CYCLE008; QUALIFIED_CONTENT_COMPLETE; PUBLICATION_STATUS_IN_CYCLE008_CHECKPOINT,seven-unit narrated continuation states the scheme stopped while students still protect the finale. Brevity does not remove residual protection or complete safety/closure limits.,series/blue-archive/02 Sequential Readings/EVENTS/EVENT_801/BLUE_ARCHIVE_EVENT_801_PHASE2_CONTEXTUAL_COMPARISON_20261008.md,"{'owner_route_key': '801', 'line': 82}",EXPLICIT_CURRENT_EPISODE_MAP
BA:event:801:013,CORE,relations/care; institution/work,ADMITTED_WITH_LIMITS_CYCLE008; QUALIFIED_CONTENT_COMPLETE; PUBLICATION_STATUS_IN_CYCLE008_CHECKPOINT,"viewed fireworks, shared transient beauty, apology and a separate club-door inquiry supply actual local positive outcomes and a possible peer route. Inquiry is not enrollment; E013 passers are not joined to E002 passers by letter alone.",series/blue-archive/02 Sequential Readings/EVENTS/EVENT_801/BLUE_ARCHIVE_EVENT_801_PHASE2_CONTEXTUAL_COMPARISON_20261008.md,"{'owner_route_key': '801', 'line': 83}",EXPLICIT_CURRENT_EPISODE_MAP
BA:event:802:001,CORE,ordinary repertoire; institution/work; provenance/identity/modes,ADMITTED_WITH_LIMITS_CYCLE008; QUALIFIED_CONTENT_COMPLETE; PUBLICATION_STATUS_IN_CYCLE008_CHECKPOINT,"prompting, title memory, ceremonial photography and preferred pudding/nap/height show dependent authority and wanted pleasure together (s2u13–29/36–47). Production250% is reported, not audited. Adult publicity options and inward typing remain represented choices, not all enacted.",series/blue-archive/02 Sequential Readings/EVENTS/EVENT_802/BLUE_ARCHIVE_EVENT_802_PHASE2_CONTEXTUAL_COMPARISON_20261008.md,"{'owner_route_key': '802', 'line': 65}",EXPLICIT_CURRENT_EPISODE_MAP
BA:event:802:002,CORE,recipient agency/contrary endpoint; institution/work,ADMITTED_WITH_LIMITS_CYCLE008; QUALIFIED_CONTENT_COMPLETE; PUBLICATION_STATUS_IN_CYCLE008_CHECKPOINT,"doubled-pudding labor and ingredients, image-compositing versus editorial accuracy, then Marina’s reader-visible statue accident/fear/preemption explain revolt through specific work and status pressures (s1u3–20;s2u5–26;s3u4–32). Lower-back pain after a fall is not a diagnosed injury. The lack is a step stool, not a missing stairway. Marina’s imagined Cherino sentence (s3u14–17) was not actually issued. Editor gender is unestablished.",series/blue-archive/02 Sequential Readings/EVENTS/EVENT_802/BLUE_ARCHIVE_EVENT_802_PHASE2_CONTEXTUAL_COMPARISON_20261008.md,"{'owner_route_key': '802', 'line': 66}",EXPLICIT_CURRENT_EPISODE_MAP
BA:event:802:003,HIGH,ordinary repertoire,ADMITTED_WITH_LIMITS_CYCLE008; QUALIFIED_CONTENT_COMPLETE; PUBLICATION_STATUS_IN_CYCLE008_CHECKPOINT,"interrupted rest, incomplete pudding diagnosis, evacuation and narrated walking expose unequal knowledge. Cherino’s saved pudding/bear attachment is meaningful but not the cause of revolt (u2–33). HIGH orders interpretation, never removes mandatory coverage.",series/blue-archive/02 Sequential Readings/EVENTS/EVENT_802/BLUE_ARCHIVE_EVENT_802_PHASE2_CONTEXTUAL_COMPARISON_20261008.md,"{'owner_route_key': '802', 'line': 67}",EXPLICIT_CURRENT_EPISODE_MAP
BA:event:802:004,CORE,ordinary repertoire; recipient agency/contrary endpoint,ADMITTED_WITH_LIMITS_CYCLE008; QUALIFIED_CONTENT_COMPLETE; PUBLICATION_STATUS_IN_CYCLE008_CHECKPOINT,"wanted higher view, bodily carrying, cute rabbits and rest coexist with adult pressure; refusal/pretend-not-to-hear options converge on carrying (s1u13–38). Nodoka’s deprivation, heat/food/bedding and resentment, her wish to return and proximity to Sensei, and Shigure’s prepared sweet drink/play make excluded peers more than recruits (s2u21–45/58–92). Preparation last autumn does not establish current alcohol content.",series/blue-archive/02 Sequential Readings/EVENTS/EVENT_802/BLUE_ARCHIVE_EVENT_802_PHASE2_CONTEXTUAL_COMPARISON_20261008.md,"{'owner_route_key': '802', 'line': 68}",EXPLICIT_CURRENT_EPISODE_MAP
BA:event:802:005,CORE,ordinary repertoire; relations/care,ADMITTED_WITH_LIMITS_CYCLE008; QUALIFIED_CONTENT_COMPLETE; PUBLICATION_STATUS_IN_CYCLE008_CHECKPOINT,"contest pleasure becomes acknowledgment and conditional cooperation, not completed repair. Cherino praises endurance/promises release; Nodoka replies that release was owed without a contest and joins for authorization and desired company (u25–38).",series/blue-archive/02 Sequential Readings/EVENTS/EVENT_802/BLUE_ARCHIVE_EVENT_802_PHASE2_CONTEXTUAL_COMPARISON_20261008.md,"{'owner_route_key': '802', 'line': 69}",EXPLICIT_CURRENT_EPISODE_MAP
BA:event:802:006,CORE,ordinary repertoire; recipient agency/contrary endpoint; institution/work; provenance/identity/modes,ADMITTED_WITH_LIMITS_CYCLE008; QUALIFIED_CONTENT_COMPLETE; PUBLICATION_STATUS_IN_CYCLE008_CHECKPOINT,nap and quiet literature are independent wants sharing a contested space; Momiji’s romance weekend and rare edition matter before political recruitment (s2u2–6/37–55). Tomoe’s tactical reinterpretation does not erase adult labor pressure or arbitrary library restrictions. Reported third coup this month is not a complete school history.,series/blue-archive/02 Sequential Readings/EVENTS/EVENT_802/BLUE_ARCHIVE_EVENT_802_PHASE2_CONTEXTUAL_COMPARISON_20261008.md,"{'owner_route_key': '802', 'line': 70}",EXPLICIT_CURRENT_EPISODE_MAP
BA:event:802:007,CORE,ordinary repertoire,ADMITTED_WITH_LIMITS_CYCLE008; QUALIFIED_CONTENT_COMPLETE; PUBLICATION_STATUS_IN_CYCLE008_CHECKPOINT,"Cherino returns the valued book partly because her own need changed and also acknowledges its importance (u7–10). Momiji’s collecting/access explanation (u13–24) supports a conditional alliance; her proposed frightening punishments (u31–34), opposed by Cherino, complicate any uniformly gentle bibliophile. No punishment is shown enacted; conquest and Trinity-library access promises remain infeasible/unfulfilled.",series/blue-archive/02 Sequential Readings/EVENTS/EVENT_802/BLUE_ARCHIVE_EVENT_802_PHASE2_CONTEXTUAL_COMPARISON_20261008.md,"{'owner_route_key': '802', 'line': 71}",EXPLICIT_CURRENT_EPISODE_MAP
BA:event:802:008,CORE,ordinary repertoire; recipient agency/contrary endpoint; relations/care; institution/work,ADMITTED_WITH_LIMITS_CYCLE008; QUALIFIED_CONTENT_COMPLETE; PUBLICATION_STATUS_IN_CYCLE008_CHECKPOINT,"home, play/date invitations, cake, festival company and workers’ leave/pay/rest/two puddings deserve their own account (u2–7/32–38/54–64). Binding pressure is not excused by deprivation, while satire does not cancel the grievance. Tomoe’s cream care/restraint/altar correction has local help and limits rather than a universal controller role.",series/blue-archive/02 Sequential Readings/EVENTS/EVENT_802/BLUE_ARCHIVE_EVENT_802_PHASE2_CONTEXTUAL_COMPARISON_20261008.md,"{'owner_route_key': '802', 'line': 72}",EXPLICIT_CURRENT_EPISODE_MAP
BA:event:802:009,CORE,relations/care; provenance/identity/modes,ADMITTED_WITH_LIMITS_CYCLE008; QUALIFIED_CONTENT_COMPLETE; PUBLICATION_STATUS_IN_CYCLE008_CHECKPOINT,"the adult’s accurate incumbent correction redirects Minori’s protest; it does not satisfy benefits or establish ideological loyalty (choice1/u13–36). Printed rescue/interference credit (u6) is preserved with unknown mechanics. Distributed participation depends on contingent peer choices, not sole adult strategy.",series/blue-archive/02 Sequential Readings/EVENTS/EVENT_802/BLUE_ARCHIVE_EVENT_802_PHASE2_CONTEXTUAL_COMPARISON_20261008.md,"{'owner_route_key': '802', 'line': 73}",EXPLICIT_CURRENT_EPISODE_MAP
BA:event:802:010,CORE,institution/work; provenance/identity/modes,ADMITTED_WITH_LIMITS_CYCLE008; QUALIFIED_CONTENT_COMPLETE; PUBLICATION_STATUS_IN_CYCLE008_CHECKPOINT,"Marina’s office comfort, soft chair, snacks, naps and contemplated cocoa for Cherino coexist with ambition, service habit and fear (u2–25). Guard participation report and Marina’s incredulous persuasion question do not establish charisma as the cause; her gamble is locally situated.",series/blue-archive/02 Sequential Readings/EVENTS/EVENT_802/BLUE_ARCHIVE_EVENT_802_PHASE2_CONTEXTUAL_COMPARISON_20261008.md,"{'owner_route_key': '802', 'line': 74}",EXPLICIT_CURRENT_EPISODE_MAP
BA:event:802:011,CORE,ordinary repertoire; relations/care; institution/work; provenance/identity/modes,ADMITTED_WITH_LIMITS_CYCLE008; QUALIFIED_CONTENT_COMPLETE; PUBLICATION_STATUS_IN_CYCLE008_CHECKPOINT,"restored comfort/gratitude, Cherino’s explicit value of Marina above a statue, and a month-cleaning punishment coexist (s1u10–45). Festival invitation and desired private company are actual textual positives. Claimed listening growth is self-report; the direct promise test finds postponed conquest and renewed exclusion over insult. Return of three factions and depleted guards gives the closing recurrence causal weight (s3u16–36). Actual escape, pay/leave/pudding, sustainable relief and stable governance remain unshown.",series/blue-archive/02 Sequential Readings/EVENTS/EVENT_802/BLUE_ARCHIVE_EVENT_802_PHASE2_CONTEXTUAL_COMPARISON_20261008.md,"{'owner_route_key': '802', 'line': 75}",EXPLICIT_CURRENT_EPISODE_MAP
BA:event:803:001,CORE,ordinary repertoire; relations/care; provenance/identity/modes,ADMITTED_WITH_LIMITS_CYCLE008; QUALIFIED_CONTENT_COMPLETE; PUBLICATION_STATUS_IN_CYCLE008_CHECKPOINT,"E001 frames Hifumi's concrete tank/seaside wish and Azusa's first sea beside pursuit damage, fear of punishment, formal-loan/alternative-sanction reports and Hasumi's effort to arrange colleagues' rest. Its printed order moves from arrival to detention/assignment backstory, back to the beach, then a few-days-earlier duty scene. Hifumi's tank/sea pleasure u0061–0076/u0152–0157 and Tsurugi's youth/companionship wish u0174–0178 are intrinsic ends, not incidental evidence for later combat. A task/photo requirement can help awkward people share time while still producing fear and constrained participation.",series/blue-archive/02 Sequential Readings/EVENTS/EVENT_803/BLUE_ARCHIVE_EVENT_803_PHASE2_CONTEXTUAL_COMPARISON_20261008.md,"{'owner_route_key': '803', 'line': 92}",EXPLICIT_CURRENT_PACKAGE_OR_EPISODE_MAP
BA:event:803:002,CORE,ordinary repertoire,ADMITTED_WITH_LIMITS_CYCLE008; QUALIFIED_CONTENT_COMPLETE; PUBLICATION_STATUS_IN_CYCLE008_CHECKPOINT,"E002 gives a small castle value before Azusa defends it from attackers, u0036–0039. Hifumi's photo anxiety u0006–0011 retains the difference between doing an enjoyable activity and demonstrating that enjoyment for a sanction process.",series/blue-archive/02 Sequential Readings/EVENTS/EVENT_803/BLUE_ARCHIVE_EVENT_803_PHASE2_CONTEXTUAL_COMPARISON_20261008.md,"{'owner_route_key': '803', 'line': 93}",EXPLICIT_CURRENT_PACKAGE_OR_EPISODE_MAP
BA:event:803:003,CORE,relations/care,ADMITTED_WITH_LIMITS_CYCLE008; QUALIFIED_CONTENT_COMPLETE; PUBLICATION_STATUS_IN_CYCLE008_CHECKPOINT,"E003's eleven units make Tsurugi's hoped-for friendship and disappointed response recoverable, u0009–0011. Victory is not the requested relational endpoint. E004 lets different fortress/castle ideas generate affinity and exposes practical safety limits, u0008–0023; no engineering certification follows.",series/blue-archive/02 Sequential Readings/EVENTS/EVENT_803/BLUE_ARCHIVE_EVENT_803_PHASE2_CONTEXTUAL_COMPARISON_20261008.md,"{'owner_route_key': '803', 'line': 94}",EXPLICIT_CURRENT_PACKAGE_OR_EPISODE_MAP
BA:event:803:004,CORE,relations/care,ADMITTED_WITH_LIMITS_CYCLE008; QUALIFIED_CONTENT_COMPLETE; PUBLICATION_STATUS_IN_CYCLE008_CHECKPOINT,"E003's eleven units make Tsurugi's hoped-for friendship and disappointed response recoverable, u0009–0011. Victory is not the requested relational endpoint. E004 lets different fortress/castle ideas generate affinity and exposes practical safety limits, u0008–0023; no engineering certification follows.",series/blue-archive/02 Sequential Readings/EVENTS/EVENT_803/BLUE_ARCHIVE_EVENT_803_PHASE2_CONTEXTUAL_COMPARISON_20261008.md,"{'owner_route_key': '803', 'line': 94}",EXPLICIT_CURRENT_PACKAGE_OR_EPISODE_MAP
BA:event:803:005,CORE,ordinary repertoire; recipient agency/contrary endpoint; relations/care; provenance/identity/modes,ADMITTED_WITH_LIMITS_CYCLE008; QUALIFIED_CONTENT_COMPLETE; PUBLICATION_STATUS_IN_CYCLE008_CHECKPOINT,"E005 keeps the collapse, proposed rebuilding u0001–0007 and adult photograph-before-help u0021. Warm memories and a humorous sand-bath label do not eliminate the ethical timing or certify the pictured recipients' consent.",series/blue-archive/02 Sequential Readings/EVENTS/EVENT_803/BLUE_ARCHIVE_EVENT_803_PHASE2_CONTEXTUAL_COMPARISON_20261008.md,"{'owner_route_key': '803', 'line': 95}",EXPLICIT_CURRENT_PACKAGE_OR_EPISODE_MAP
BA:event:803:006,CORE,relations/care; institution/work; provenance/identity/modes,ADMITTED_WITH_LIMITS_CYCLE008; QUALIFIED_CONTENT_COMPLETE; PUBLICATION_STATUS_IN_CYCLE008_CHECKPOINT,"E006 makes staged swimming instruction into an attention opportunity that opponents mistake for vulnerability, u0019–0052. E007's six units retain concern for floating defeated people and a shore-extraction request u0003–0004. Neither brevity nor an opponent's status warrants dropping the care obligation; a request is not proof of complete medical recovery.",series/blue-archive/02 Sequential Readings/EVENTS/EVENT_803/BLUE_ARCHIVE_EVENT_803_PHASE2_CONTEXTUAL_COMPARISON_20261008.md,"{'owner_route_key': '803', 'line': 96}",EXPLICIT_CURRENT_PACKAGE_OR_EPISODE_MAP
BA:event:803:007,CORE,ordinary repertoire; relations/care; provenance/identity/modes,ADMITTED_WITH_LIMITS_CYCLE008; QUALIFIED_CONTENT_COMPLETE; PUBLICATION_STATUS_IN_CYCLE008_CHECKPOINT,"E001 frames Hifumi's concrete tank/seaside wish and Azusa's first sea beside pursuit damage, fear of punishment, formal-loan/alternative-sanction reports and Hasumi's effort to arrange colleagues' rest. Its printed order moves from arrival to detention/assignment backstory, back to the beach, then a few-days-earlier duty scene. Hifumi's tank/sea pleasure u0061–0076/u0152–0157 and Tsurugi's youth/companionship wish u0174–0178 are intrinsic ends, not incidental evidence for later combat. A task/photo requirement can help awkward people share time while still producing fear and constrained participation.",series/blue-archive/02 Sequential Readings/EVENTS/EVENT_803/BLUE_ARCHIVE_EVENT_803_PHASE2_CONTEXTUAL_COMPARISON_20261008.md,"{'owner_route_key': '803', 'line': 92}",EXPLICIT_CURRENT_PACKAGE_OR_EPISODE_MAP
BA:event:803:008,CORE,ordinary repertoire; recipient agency/contrary endpoint,ADMITTED_WITH_LIMITS_CYCLE008; QUALIFIED_CONTENT_COMPLETE; PUBLICATION_STATUS_IN_CYCLE008_CHECKPOINT,"E008's two scenes combine the progress of the wish list, unusual menu interest, service delegated to Izumi and partial knowledge of the proprietor's situation. Its s1u0002 says the second activity is complete, not that the full list was audited. E009's sincere gratitude gives an unwelcome food effect. E010's Azusa/Mashiro competitive pleasure u0019–0036 and disputed use of food remain real, while E011u0011 gives an opponent's objection and Izumi's food preference a place beside the protagonists' enjoyment.",series/blue-archive/02 Sequential Readings/EVENTS/EVENT_803/BLUE_ARCHIVE_EVENT_803_PHASE2_CONTEXTUAL_COMPARISON_20261008.md,"{'owner_route_key': '803', 'line': 97}",EXPLICIT_CURRENT_PACKAGE_OR_EPISODE_MAP
BA:event:803:009,CORE,ordinary repertoire; recipient agency/contrary endpoint,ADMITTED_WITH_LIMITS_CYCLE008; QUALIFIED_CONTENT_COMPLETE; PUBLICATION_STATUS_IN_CYCLE008_CHECKPOINT,"E008's two scenes combine the progress of the wish list, unusual menu interest, service delegated to Izumi and partial knowledge of the proprietor's situation. Its s1u0002 says the second activity is complete, not that the full list was audited. E009's sincere gratitude gives an unwelcome food effect. E010's Azusa/Mashiro competitive pleasure u0019–0036 and disputed use of food remain real, while E011u0011 gives an opponent's objection and Izumi's food preference a place beside the protagonists' enjoyment.",series/blue-archive/02 Sequential Readings/EVENTS/EVENT_803/BLUE_ARCHIVE_EVENT_803_PHASE2_CONTEXTUAL_COMPARISON_20261008.md,"{'owner_route_key': '803', 'line': 97}",EXPLICIT_CURRENT_PACKAGE_OR_EPISODE_MAP
BA:event:803:010,CORE,ordinary repertoire; recipient agency/contrary endpoint,ADMITTED_WITH_LIMITS_CYCLE008; QUALIFIED_CONTENT_COMPLETE; PUBLICATION_STATUS_IN_CYCLE008_CHECKPOINT,"E008's two scenes combine the progress of the wish list, unusual menu interest, service delegated to Izumi and partial knowledge of the proprietor's situation. Its s1u0002 says the second activity is complete, not that the full list was audited. E009's sincere gratitude gives an unwelcome food effect. E010's Azusa/Mashiro competitive pleasure u0019–0036 and disputed use of food remain real, while E011u0011 gives an opponent's objection and Izumi's food preference a place beside the protagonists' enjoyment.",series/blue-archive/02 Sequential Readings/EVENTS/EVENT_803/BLUE_ARCHIVE_EVENT_803_PHASE2_CONTEXTUAL_COMPARISON_20261008.md,"{'owner_route_key': '803', 'line': 97}",EXPLICIT_CURRENT_PACKAGE_OR_EPISODE_MAP
BA:event:803:011,CORE,ordinary repertoire; recipient agency/contrary endpoint,ADMITTED_WITH_LIMITS_CYCLE008; QUALIFIED_CONTENT_COMPLETE; PUBLICATION_STATUS_IN_CYCLE008_CHECKPOINT,"E008's two scenes combine the progress of the wish list, unusual menu interest, service delegated to Izumi and partial knowledge of the proprietor's situation. Its s1u0002 says the second activity is complete, not that the full list was audited. E009's sincere gratitude gives an unwelcome food effect. E010's Azusa/Mashiro competitive pleasure u0019–0036 and disputed use of food remain real, while E011u0011 gives an opponent's objection and Izumi's food preference a place beside the protagonists' enjoyment.",series/blue-archive/02 Sequential Readings/EVENTS/EVENT_803/BLUE_ARCHIVE_EVENT_803_PHASE2_CONTEXTUAL_COMPARISON_20261008.md,"{'owner_route_key': '803', 'line': 97}",EXPLICIT_CURRENT_PACKAGE_OR_EPISODE_MAP
BA:event:803:012,CORE,ordinary repertoire; relations/care; provenance/identity/modes,ADMITTED_WITH_LIMITS_CYCLE008; QUALIFIED_CONTENT_COMPLETE; PUBLICATION_STATUS_IN_CYCLE008_CHECKPOINT,E012 separates Mashiro's enjoyment and reported adult ball purchase u0004 from Hifumi's exhaustion and wish for fewer attacks u0012–0016. A friend's positive answer cannot settle the organizer's cost.,series/blue-archive/02 Sequential Readings/EVENTS/EVENT_803/BLUE_ARCHIVE_EVENT_803_PHASE2_CONTEXTUAL_COMPARISON_20261008.md,"{'owner_route_key': '803', 'line': 98}",EXPLICIT_CURRENT_PACKAGE_OR_EPISODE_MAP
BA:event:803:013,CORE,ordinary repertoire; recipient agency/contrary endpoint; relations/care; provenance/identity/modes,ADMITTED_WITH_LIMITS_CYCLE008; QUALIFIED_CONTENT_COMPLETE; PUBLICATION_STATUS_IN_CYCLE008_CHECKPOINT,"E013 allows shared sunset beauty and uncertainty to interrupt premature threat inference. Azusa's contrary shop evidence u0055–0059 and withdrawn preemption u0048–0065 are local revisions, not proof all suspicions were irrational or all later threats absent. Rivalry and the subsequently low-trajectory display alter the encounter again. Tsurugi's hesitant wish and wanted food/company u0022–0029/u0064 cannot be flattened into violent enthusiasm.",series/blue-archive/02 Sequential Readings/EVENTS/EVENT_803/BLUE_ARCHIVE_EVENT_803_PHASE2_CONTEXTUAL_COMPARISON_20261008.md,"{'owner_route_key': '803', 'line': 99}",EXPLICIT_CURRENT_PACKAGE_OR_EPISODE_MAP
BA:event:803:014,CORE,ordinary repertoire; provenance/identity/modes,ADMITTED_WITH_LIMITS_CYCLE008; QUALIFIED_CONTENT_COMPLETE; PUBLICATION_STATUS_IN_CYCLE008_CHECKPOINT,"E014 contains actual partial cleanup until dawn, return and a next-day report of improved energy. Hifumi's tired driving remains the exception to sleeping faces. Hasumi's list came from her own tired wish; facilitating others and appreciating their pleasure do not fulfill her leave, s2u0028–0037. Full cleanup, restitution and durable recovery remain unprinted.",series/blue-archive/02 Sequential Readings/EVENTS/EVENT_803/BLUE_ARCHIVE_EVENT_803_PHASE2_CONTEXTUAL_COMPARISON_20261008.md,"{'owner_route_key': '803', 'line': 100}",EXPLICIT_CURRENT_PACKAGE_OR_EPISODE_MAP
BA:event:803:015,CORE,ordinary repertoire; relations/care; institution/work,ADMITTED_WITH_LIMITS_CYCLE008; QUALIFIED_CONTENT_COMPLETE; PUBLICATION_STATUS_IN_CYCLE008_CHECKPOINT,"E015 returns to the castle wish and gives two different receptions: Tsurugi asks to make another with Hifumi u0011–0018, while the interview ends in distress without clear acceptance u0014–0028. The collective memory must retain that asymmetry. E016 supplies Azusa/Mashiro's explicit reciprocal revision of prior problem-student/rigid-committee appraisals u0018–0020 and a new collaborative start u0021–0026; it does not finish an indestructible construction or make every club member a friend.",series/blue-archive/02 Sequential Readings/EVENTS/EVENT_803/BLUE_ARCHIVE_EVENT_803_PHASE2_CONTEXTUAL_COMPARISON_20261008.md,"{'owner_route_key': '803', 'line': 101}",EXPLICIT_CURRENT_PACKAGE_OR_EPISODE_MAP
BA:event:803:016,CORE,ordinary repertoire; relations/care; institution/work,ADMITTED_WITH_LIMITS_CYCLE008; QUALIFIED_CONTENT_COMPLETE; PUBLICATION_STATUS_IN_CYCLE008_CHECKPOINT,"E015 returns to the castle wish and gives two different receptions: Tsurugi asks to make another with Hifumi u0011–0018, while the interview ends in distress without clear acceptance u0014–0028. The collective memory must retain that asymmetry. E016 supplies Azusa/Mashiro's explicit reciprocal revision of prior problem-student/rigid-committee appraisals u0018–0020 and a new collaborative start u0021–0026; it does not finish an indestructible construction or make every club member a friend.",series/blue-archive/02 Sequential Readings/EVENTS/EVENT_803/BLUE_ARCHIVE_EVENT_803_PHASE2_CONTEXTUAL_COMPARISON_20261008.md,"{'owner_route_key': '803', 'line': 101}",EXPLICIT_CURRENT_PACKAGE_OR_EPISODE_MAP
BA:event:803:017,CORE,ordinary repertoire; relations/care; institution/work,ADMITTED_WITH_LIMITS_CYCLE008; QUALIFIED_CONTENT_COMPLETE; PUBLICATION_STATUS_IN_CYCLE008_CHECKPOINT,"E017 gives an unnamed aggressor an admitted history of aggression, misread staged drowning, tears and the wish to win once and face tomorrow brightly u0014–0023. Comfort at the interview's end is locally accomplished; dignity neither excuses violence nor supplies a stable named biography. E018 gives the meal proprietor craft pride, welcome to appetite, help and risky tasting, while Izumi enjoys adventurous food and wants reciprocity u0003–0033/u0041–0045. Juri is a sauce-source mention u0031, not a directly received event voice or newly completed private family.",series/blue-archive/02 Sequential Readings/EVENTS/EVENT_803/BLUE_ARCHIVE_EVENT_803_PHASE2_CONTEXTUAL_COMPARISON_20261008.md,"{'owner_route_key': '803', 'line': 102}",EXPLICIT_CURRENT_PACKAGE_OR_EPISODE_MAP
BA:event:803:018,CORE,ordinary repertoire; relations/care; institution/work,ADMITTED_WITH_LIMITS_CYCLE008; QUALIFIED_CONTENT_COMPLETE; PUBLICATION_STATUS_IN_CYCLE008_CHECKPOINT,"E017 gives an unnamed aggressor an admitted history of aggression, misread staged drowning, tears and the wish to win once and face tomorrow brightly u0014–0023. Comfort at the interview's end is locally accomplished; dignity neither excuses violence nor supplies a stable named biography. E018 gives the meal proprietor craft pride, welcome to appetite, help and risky tasting, while Izumi enjoys adventurous food and wants reciprocity u0003–0033/u0041–0045. Juri is a sauce-source mention u0031, not a directly received event voice or newly completed private family.",series/blue-archive/02 Sequential Readings/EVENTS/EVENT_803/BLUE_ARCHIVE_EVENT_803_PHASE2_CONTEXTUAL_COMPARISON_20261008.md,"{'owner_route_key': '803', 'line': 102}",EXPLICIT_CURRENT_PACKAGE_OR_EPISODE_MAP
BA:event:803:019,CORE,ordinary repertoire; recipient agency/contrary endpoint; institution/work; provenance/identity/modes,ADMITTED_WITH_LIMITS_CYCLE008; QUALIFIED_CONTENT_COMPLETE; PUBLICATION_STATUS_IN_CYCLE008_CHECKPOINT,"E019 recovers fruit and shared pleasure while the adult's valued figurine prompts a reversal from sport permission to restraint; the two permission/reversal choices are sequential, not mutually exclusive alternatives. E020 makes abruptly compliant opponents, a gentler-serve request and narrated all-opponent incapacity a countercase to harmless sport. The unprinted assent trigger and clinical result remain unknown.",series/blue-archive/02 Sequential Readings/EVENTS/EVENT_803/BLUE_ARCHIVE_EVENT_803_PHASE2_CONTEXTUAL_COMPARISON_20261008.md,"{'owner_route_key': '803', 'line': 103}",EXPLICIT_CURRENT_PACKAGE_OR_EPISODE_MAP
BA:event:803:020,CORE,ordinary repertoire; recipient agency/contrary endpoint; institution/work; provenance/identity/modes,ADMITTED_WITH_LIMITS_CYCLE008; QUALIFIED_CONTENT_COMPLETE; PUBLICATION_STATUS_IN_CYCLE008_CHECKPOINT,"E019 recovers fruit and shared pleasure while the adult's valued figurine prompts a reversal from sport permission to restraint; the two permission/reversal choices are sequential, not mutually exclusive alternatives. E020 makes abruptly compliant opponents, a gentler-serve request and narrated all-opponent incapacity a countercase to harmless sport. The unprinted assent trigger and clinical result remain unknown.",series/blue-archive/02 Sequential Readings/EVENTS/EVENT_803/BLUE_ARCHIVE_EVENT_803_PHASE2_CONTEXTUAL_COMPARISON_20261008.md,"{'owner_route_key': '803', 'line': 103}",EXPLICIT_CURRENT_PACKAGE_OR_EPISODE_MAP
BA:event:803:021,CORE,ordinary repertoire; recipient agency/contrary endpoint; institution/work; provenance/identity/modes,ADMITTED_WITH_LIMITS_CYCLE008; QUALIFIED_CONTENT_COMPLETE; PUBLICATION_STATUS_IN_CYCLE008_CHECKPOINT,"E019 recovers fruit and shared pleasure while the adult's valued figurine prompts a reversal from sport permission to restraint; the two permission/reversal choices are sequential, not mutually exclusive alternatives. E020 makes abruptly compliant opponents, a gentler-serve request and narrated all-opponent incapacity a countercase to harmless sport. The unprinted assent trigger and clinical result remain unknown.",series/blue-archive/02 Sequential Readings/EVENTS/EVENT_803/BLUE_ARCHIVE_EVENT_803_PHASE2_CONTEXTUAL_COMPARISON_20261008.md,"{'owner_route_key': '803', 'line': 103}",EXPLICIT_CURRENT_PACKAGE_OR_EPISODE_MAP
BA:event:804:001,CORE,source-specific local progression and endpoint,ADMITTED_WITH_LIMITS_CYCLE008; QUALIFIED_CONTENT_COMPLETE; PUBLICATION_STATUS_IN_CYCLE008_CHECKPOINT,E012 local morning/four-hour wait/two-hour fighting/sunset/night/next-morning/one-night-two-days references support only packet chronology; release2021-07-29–08-12 is documentary. E013 placement unresolved. E012 closingヒナ委員長のなつやすみっ！ does not fill null overarching-title metadata. All thirteen have one context; onlyE013is_omnibus. No source-order growth inference.,series/blue-archive/02 Sequential Readings/EVENTS/EVENT_804/BLUE_ARCHIVE_EVENT_804_PHASE2_CONTEXTUAL_COMPARISON_20261008.md,"{'owner_route_key': '804', 'line': 85}",EXPLICIT_CURRENT_PACKAGE_OR_EPISODE_MAP
BA:event:804:002,CORE,ordinary repertoire; recipient agency/contrary endpoint; institution/work,ADMITTED_WITH_LIMITS_CYCLE008; QUALIFIED_CONTENT_COMPLETE; PUBLICATION_STATUS_IN_CYCLE008_CHECKPOINT,"quiet resort plan conceals danger; hotel renovation, hoped tickets and workers’ rest remain material desires. Ako calls teammates pieces/gears (s2u23–27), suppresses contrary wishes and later returns to handle remote authority (u95–103). Chinatsu’s preparation and anticipated duty differ from Iori’s objection, rather than identical willingness.",series/blue-archive/02 Sequential Readings/EVENTS/EVENT_804/BLUE_ARCHIVE_EVENT_804_PHASE2_CONTEXTUAL_COMPARISON_20261008.md,"{'owner_route_key': '804', 'line': 69}",EXPLICIT_CURRENT_PACKAGE_OR_EPISODE_MAP
BA:event:804:003,CORE,ordinary repertoire; recipient agency/contrary endpoint; relations/care; institution/work,ADMITTED_WITH_LIMITS_CYCLE008; QUALIFIED_CONTENT_COMPLETE; PUBLICATION_STATUS_IN_CYCLE008_CHECKPOINT,"reusable swimsuit/efficiency, delegated trust/recognition and wanted conversation make Hina an active chooser (s2u5–8/18–30). Hidden work interrupts company; trust does not mean knowledge of concealed danger. Intrusive age/clothing alternatives are not all enacted or automatically harmless.",series/blue-archive/02 Sequential Readings/EVENTS/EVENT_804/BLUE_ARCHIVE_EVENT_804_PHASE2_CONTEXTUAL_COMPARISON_20261008.md,"{'owner_route_key': '804', 'line': 70}",EXPLICIT_CURRENT_PACKAGE_OR_EPISODE_MAP
BA:event:804:004,CORE,ordinary repertoire; institution/work; provenance/identity/modes,ADMITTED_WITH_LIMITS_CYCLE008; QUALIFIED_CONTENT_COMPLETE; PUBLICATION_STATUS_IN_CYCLE008_CHECKPOINT,"Hina initiates seaside escape, attends to footprints/waves and adult time (u68–88). Competing command work interrupts this actual wanted sensory leisure. Reported month-earlier coastal defeat (u24) does not identify Event803 or the same generic actors.",series/blue-archive/02 Sequential Readings/EVENTS/EVENT_804/BLUE_ARCHIVE_EVENT_804_PHASE2_CONTEXTUAL_COMPARISON_20261008.md,"{'owner_route_key': '804', 'line': 71}",EXPLICIT_CURRENT_PACKAGE_OR_EPISODE_MAP
BA:event:804:005,CORE,ordinary repertoire,ADMITTED_WITH_LIMITS_CYCLE008; QUALIFIED_CONTENT_COMPLETE; PUBLICATION_STATUS_IN_CYCLE008_CHECKPOINT,"game/ice-cream wishes, concern for adult complexion and repeated requests matter despite interruption (s1u3/11/24–27). Roughly two hours of fighting and roughly one hour before scheduled walk are narrated local timing, not general clinical measurement or fulfilled leisure.",series/blue-archive/02 Sequential Readings/EVENTS/EVENT_804/BLUE_ARCHIVE_EVENT_804_PHASE2_CONTEXTUAL_COMPARISON_20261008.md,"{'owner_route_key': '804', 'line': 72}",EXPLICIT_CURRENT_PACKAGE_OR_EPISODE_MAP
BA:event:804:006,CORE,ordinary repertoire; provenance/identity/modes,ADMITTED_WITH_LIMITS_CYCLE008; QUALIFIED_CONTENT_COMPLETE; PUBLICATION_STATUS_IN_CYCLE008_CHECKPOINT,"corn’s sensory/practical value precedes opportunistic conflict (u7–18). Haruna’s taste/atmosphere hypothesis, Junko’s selling/carrying criticism, Izumi’s leftovers and jam, and Akari’s spectacle/unclear explanation remain different wants. No direct Sensei choice appears here.",series/blue-archive/02 Sequential Readings/EVENTS/EVENT_804/BLUE_ARCHIVE_EVENT_804_PHASE2_CONTEXTUAL_COMPARISON_20261008.md,"{'owner_route_key': '804', 'line': 73}",EXPLICIT_CURRENT_PACKAGE_OR_EPISODE_MAP
BA:event:804:007,CORE,ordinary repertoire; provenance/identity/modes,ADMITTED_WITH_LIMITS_CYCLE008; QUALIFIED_CONTENT_COMPLETE; PUBLICATION_STATUS_IN_CYCLE008_CHECKPOINT,"fifteen units with no printed title retain restraint, promised aftermath and painful sunset walk (u14–15); adult/junior fatigue is not erased by successful aid. The analytical heading is not a recovered source title.",series/blue-archive/02 Sequential Readings/EVENTS/EVENT_804/BLUE_ARCHIVE_EVENT_804_PHASE2_CONTEXTUAL_COMPARISON_20261008.md,"{'owner_route_key': '804', 'line': 74}",EXPLICIT_CURRENT_PACKAGE_OR_EPISODE_MAP
BA:event:804:008,CORE,source-specific local progression and endpoint,ADMITTED_WITH_LIMITS_CYCLE008; QUALIFIED_CONTENT_COMPLETE; PUBLICATION_STATUS_IN_CYCLE008_CHECKPOINT,"Hina’s own night message, explicitly identified teasing and named boredom expand her ordinary repertoire (s1u4/24–26); she chooses a swimming lesson next morning (u48–55). This is desired skill, not established swimming mastery.",series/blue-archive/02 Sequential Readings/EVENTS/EVENT_804/BLUE_ARCHIVE_EVENT_804_PHASE2_CONTEXTUAL_COMPARISON_20261008.md,"{'owner_route_key': '804', 'line': 75}",EXPLICIT_CURRENT_PACKAGE_OR_EPISODE_MAP
BA:event:804:009,CORE,ordinary repertoire; recipient agency/contrary endpoint; relations/care; provenance/identity/modes,ADMITTED_WITH_LIMITS_CYCLE008; QUALIFIED_CONTENT_COMPLETE; PUBLICATION_STATUS_IN_CYCLE008_CHECKPOINT,"chosen lesson becomes operation, distributed reports, escalation and refusal of reporting/reinforcements (u54–61). Ako supports Hina’s chosen instructor while wanting to teach herself (u20–22); her useful care and envy/pressure coexist. Iori’s rights objection is u16, not Ako’s own stance. Meg’s development wish and an unnamed chief’s geological guess (u84–92) do not establish Kasumi attendance or survey. Adult misses meeting(u129).",series/blue-archive/02 Sequential Readings/EVENTS/EVENT_804/BLUE_ARCHIVE_EVENT_804_PHASE2_CONTEXTUAL_COMPARISON_20261008.md,"{'owner_route_key': '804', 'line': 76}",EXPLICIT_CURRENT_PACKAGE_OR_EPISODE_MAP
BA:event:804:010,CORE,source-specific local progression and endpoint,ADMITTED_WITH_LIMITS_CYCLE008; QUALIFIED_CONTENT_COMPLETE; PUBLICATION_STATUS_IN_CYCLE008_CHECKPOINT,"four units preserve opponent disagreement about numerical superiority and Hina’s announced action, not a unanimous mob or fully shown battle. Quiet/compressed evidence remains CORE.",series/blue-archive/02 Sequential Readings/EVENTS/EVENT_804/BLUE_ARCHIVE_EVENT_804_PHASE2_CONTEXTUAL_COMPARISON_20261008.md,"{'owner_route_key': '804', 'line': 77}",EXPLICIT_CURRENT_EPISODE_MAP
BA:event:804:011,CORE,ordinary repertoire; recipient agency/contrary endpoint; relations/care; provenance/identity/modes,ADMITTED_WITH_LIMITS_CYCLE008; QUALIFIED_CONTENT_COMPLETE; PUBLICATION_STATUS_IN_CYCLE008_CHECKPOINT,"local victory/reporting follows but promised capture/review remain future (u11–13). Apology does not equal restitution, hotel reopening or comprehensive arrest. No direct choices appear here.",series/blue-archive/02 Sequential Readings/EVENTS/EVENT_804/BLUE_ARCHIVE_EVENT_804_PHASE2_CONTEXTUAL_COMPARISON_20261008.md,"{'owner_route_key': '804', 'line': 78}",EXPLICIT_CURRENT_PACKAGE_OR_EPISODE_MAP
BA:event:804:012,CORE,ordinary repertoire; recipient agency/contrary endpoint; institution/work; provenance/identity/modes,ADMITTED_WITH_LIMITS_CYCLE008; QUALIFIED_CONTENT_COMPLETE; PUBLICATION_STATUS_IN_CYCLE008_CHECKPOINT,"Hina corrects the stress inference, recognizes rest/positive aspects and criticizes methods (s2u18–28), yet work feels more settling than idle confinement. Her assumption peers enjoyed two days conflicts with narrated effort/fatigue. Restart under anticipated institutional criticism bans sea/free time and orders36hours/all-night training (u30–43). An answer ofありません！ is not proof of willing consent/proportionality/safety/completed training. Deferred makeup lesson(u47) remains future.",series/blue-archive/02 Sequential Readings/EVENTS/EVENT_804/BLUE_ARCHIVE_EVENT_804_PHASE2_CONTEXTUAL_COMPARISON_20261008.md,"{'owner_route_key': '804', 'line': 79}",EXPLICIT_CURRENT_PACKAGE_OR_EPISODE_MAP
BA:event:804:013,CORE,ordinary repertoire; recipient agency/contrary endpoint; institution/work; provenance/identity/modes,ADMITTED_WITH_LIMITS_CYCLE008; QUALIFIED_CONTENT_COMPLETE; PUBLICATION_STATUS_IN_CYCLE008_CHECKPOINT,"rhythm-demonstration proposal can be pedagogical support, but acting-chair authority removes refusal (u12–20). No performance, adult turn, learning, completed minigame or unlimited mandate follows. Omnibus classification and explicit MiniGameRhythm prologue association retain source-mode provenance, not a date afterE012 or causal continuity.",series/blue-archive/02 Sequential Readings/EVENTS/EVENT_804/BLUE_ARCHIVE_EVENT_804_PHASE2_CONTEXTUAL_COMPARISON_20261008.md,"{'owner_route_key': '804', 'line': 80}",EXPLICIT_CURRENT_PACKAGE_OR_EPISODE_MAP
BA:event:805:001,CORE,ordinary repertoire; institution/work; provenance/identity/modes,ADMITTED_WITH_LIMITS_CYCLE008; QUALIFIED_CONTENT_COMPLETE; PUBLICATION_STATUS_IN_CYCLE008_CHECKPOINT,"the craft visit, Nekota's dream-inspiring generosity, children's individual questions/toilet/tiredness and ensuing damage matter before damage-control duty. Workshop restoration is unshown; video10004 at u0032 is no inspected performance.",series/blue-archive/02 Sequential Readings/EVENTS/EVENT_805/BLUE_ARCHIVE_EVENT_805_PHASE2_CONTEXTUAL_COMPARISON_20261008.md,"{'owner_route_key': '805', 'line': 62}",EXPLICIT_CURRENT_PACKAGE_OR_EPISODE_MAP
BA:event:805:002,CORE,recipient agency/contrary endpoint,ADMITTED_WITH_LIMITS_CYCLE008; QUALIFIED_CONTENT_COMPLETE; PUBLICATION_STATUS_IN_CYCLE008_CHECKPOINT,"missed rum-raisin ice cream, Kokona's offered corn-potage flavor/carrot dislike and teacher fatigue motivate a risky remedy and adopted role. The missed treat stays unserved; actual changed form is textual, not pharmacological validation (s1u0009–0026; s2u0038–0046).",series/blue-archive/02 Sequential Readings/EVENTS/EVENT_805/BLUE_ARCHIVE_EVENT_805_PHASE2_CONTEXTUAL_COMPARISON_20261008.md,"{'owner_route_key': '805', 'line': 63}",EXPLICIT_CURRENT_PACKAGE_OR_EPISODE_MAP
BA:event:805:003,CORE,ordinary repertoire; provenance/identity/modes,ADMITTED_WITH_LIMITS_CYCLE008; QUALIFIED_CONTENT_COMPLETE; PUBLICATION_STATUS_IN_CYCLE008_CHECKPOINT,tasted mandarin tanghulu and retained professional/local knowledge complicate generic “childishness.” Appearance/coating/desire have intrinsic value (u0002–0018); a form change does not prove every act caused by medicine.,series/blue-archive/02 Sequential Readings/EVENTS/EVENT_805/BLUE_ARCHIVE_EVENT_805_PHASE2_CONTEXTUAL_COMPARISON_20261008.md,"{'owner_route_key': '805', 'line': 64}",EXPLICIT_CURRENT_PACKAGE_OR_EPISODE_MAP
BA:event:805:004,CORE,ordinary repertoire; recipient agency/contrary endpoint,ADMITTED_WITH_LIMITS_CYCLE008; QUALIFIED_CONTENT_COMPLETE; PUBLICATION_STATUS_IN_CYCLE008_CHECKPOINT,"park bodily comfort, a long-desired but unperformed swing ride and small revenge sit beside Kokona's recognition/privacy wound. Shun reveals private height/food worries and later concedes excess (u0027–0029,0043–0062); relief does not erase harm.",series/blue-archive/02 Sequential Readings/EVENTS/EVENT_805/BLUE_ARCHIVE_EVENT_805_PHASE2_CONTEXTUAL_COMPARISON_20261008.md,"{'owner_route_key': '805', 'line': 65}",EXPLICIT_CURRENT_PACKAGE_OR_EPISODE_MAP
BA:event:805:005,CORE,ordinary repertoire; institution/work; provenance/identity/modes,ADMITTED_WITH_LIMITS_CYCLE008; QUALIFIED_CONTENT_COMPLETE; PUBLICATION_STATUS_IN_CYCLE008_CHECKPOINT,"tea/confection and police ambition/service coexist with deliberate false alarms followed by a true disturbance that Kirino still answers (u0023–0033,0034–0070). Actor seams prevent assigning the false-alarm words to Kirino herself.",series/blue-archive/02 Sequential Readings/EVENTS/EVENT_805/BLUE_ARCHIVE_EVENT_805_PHASE2_CONTEXTUAL_COMPARISON_20261008.md,"{'owner_route_key': '805', 'line': 66}",EXPLICIT_CURRENT_PACKAGE_OR_EPISODE_MAP
BA:event:805:006,CORE,relations/care; provenance/identity/modes,ADMITTED_WITH_LIMITS_CYCLE008; QUALIFIED_CONTENT_COMPLETE; PUBLICATION_STATUS_IN_CYCLE008_CHECKPOINT,naming/briefing links the person across forms and permits requested quiet company; attributed identity is stronger than speculative causes. Exact biological cause/safety and every behavior's mechanism remain unverified (u0016–0033).,series/blue-archive/02 Sequential Readings/EVENTS/EVENT_805/BLUE_ARCHIVE_EVENT_805_PHASE2_CONTEXTUAL_COMPARISON_20261008.md,"{'owner_route_key': '805', 'line': 67}",EXPLICIT_CURRENT_PACKAGE_OR_EPISODE_MAP
BA:event:805:007,CORE,ordinary repertoire; recipient agency/contrary endpoint; relations/care,ADMITTED_WITH_LIMITS_CYCLE008; QUALIFIED_CONTENT_COMPLETE; PUBLICATION_STATUS_IN_CYCLE008_CHECKPOINT,"refusal, retained competence and failed coercion are central. Shun refuses unknown food using the teacher's own boundary, evades devices and objects to throwing; proposed forced medicine and performed deceptive/restraint conduct cannot be normalized as listening care (u0015–0019,0039–0064,0071–0086).",series/blue-archive/02 Sequential Readings/EVENTS/EVENT_805/BLUE_ARCHIVE_EVENT_805_PHASE2_CONTEXTUAL_COMPARISON_20261008.md,"{'owner_route_key': '805', 'line': 68}",EXPLICIT_CURRENT_PACKAGE_OR_EPISODE_MAP
BA:event:805:008,CORE,ordinary repertoire; relations/care; institution/work,ADMITTED_WITH_LIMITS_CYCLE008; QUALIFIED_CONTENT_COMPLETE; PUBLICATION_STATUS_IN_CYCLE008_CHECKPOINT,"fatigue, missed duties and freedom remain meaningful while she chooses antidote/return after listening and seeing children's/Kokona's needs. A smile's stated irreplaceable worth is not reduced to whether it stops war or is useful (u0025–0066); textual restoration, apology and qualified forgiveness do not repair staffing/workshop/clinical outcomes.",series/blue-archive/02 Sequential Readings/EVENTS/EVENT_805/BLUE_ARCHIVE_EVENT_805_PHASE2_CONTEXTUAL_COMPARISON_20261008.md,"{'owner_route_key': '805', 'line': 69}",EXPLICIT_CURRENT_PACKAGE_OR_EPISODE_MAP
BA:event:805:009,CORE,ordinary repertoire; recipient agency/contrary endpoint; relations/care,ADMITTED_WITH_LIMITS_CYCLE008; QUALIFIED_CONTENT_COMPLETE; PUBLICATION_STATUS_IN_CYCLE008_CHECKPOINT,"actual child apologies, ordinary teaching and the restored teacher's direct continued wish to be indulged preserve the person beyond adopted form (u0007–0024,0033–0042). Adult side-effect speculation is not her causal truth or permanent cure.",series/blue-archive/02 Sequential Readings/EVENTS/EVENT_805/BLUE_ARCHIVE_EVENT_805_PHASE2_CONTEXTUAL_COMPARISON_20261008.md,"{'owner_route_key': '805', 'line': 70}",EXPLICIT_CURRENT_PACKAGE_OR_EPISODE_MAP
BA:event:806:001,CORE,source-specific local progression and endpoint,ADMITTED_WITH_LIMITS_CYCLE008; QUALIFIED_CONTENT_COMPLETE; PUBLICATION_STATUS_IN_CYCLE008_CHECKPOINT,001_10005005;002_10005010;003_10005015;004_10005020;005_10005025;006_10005030;007_10005040;008_10005050;009_10005055;010_10005060;011_10005065.,series/blue-archive/02 Sequential Readings/EVENTS/EVENT_806/BLUE_ARCHIVE_EVENT_806_PHASE2_CONTEXTUAL_COMPARISON_20261008.md,"{'owner_route_key': '806', 'line': 63}",EXPLICIT_CURRENT_PACKAGE_OR_EPISODE_MAP
BA:event:806:002,CORE,source-specific local progression and endpoint,ADMITTED_WITH_LIMITS_CYCLE008; QUALIFIED_CONTENT_COMPLETE; PUBLICATION_STATUS_IN_CYCLE008_CHECKPOINT,001_10005005;002_10005010;003_10005015;004_10005020;005_10005025;006_10005030;007_10005040;008_10005050;009_10005055;010_10005060;011_10005065.,series/blue-archive/02 Sequential Readings/EVENTS/EVENT_806/BLUE_ARCHIVE_EVENT_806_PHASE2_CONTEXTUAL_COMPARISON_20261008.md,"{'owner_route_key': '806', 'line': 63}",EXPLICIT_CURRENT_PACKAGE_OR_EPISODE_MAP
BA:event:806:003,CORE,source-specific local progression and endpoint,ADMITTED_WITH_LIMITS_CYCLE008; QUALIFIED_CONTENT_COMPLETE; PUBLICATION_STATUS_IN_CYCLE008_CHECKPOINT,001_10005005;002_10005010;003_10005015;004_10005020;005_10005025;006_10005030;007_10005040;008_10005050;009_10005055;010_10005060;011_10005065.,series/blue-archive/02 Sequential Readings/EVENTS/EVENT_806/BLUE_ARCHIVE_EVENT_806_PHASE2_CONTEXTUAL_COMPARISON_20261008.md,"{'owner_route_key': '806', 'line': 63}",EXPLICIT_CURRENT_PACKAGE_OR_EPISODE_MAP
BA:event:806:004,CORE,source-specific local progression and endpoint,ADMITTED_WITH_LIMITS_CYCLE008; QUALIFIED_CONTENT_COMPLETE; PUBLICATION_STATUS_IN_CYCLE008_CHECKPOINT,001_10005005;002_10005010;003_10005015;004_10005020;005_10005025;006_10005030;007_10005040;008_10005050;009_10005055;010_10005060;011_10005065.,series/blue-archive/02 Sequential Readings/EVENTS/EVENT_806/BLUE_ARCHIVE_EVENT_806_PHASE2_CONTEXTUAL_COMPARISON_20261008.md,"{'owner_route_key': '806', 'line': 63}",EXPLICIT_CURRENT_PACKAGE_OR_EPISODE_MAP
BA:event:806:005,HIGH,source-specific local progression and endpoint,ADMITTED_WITH_LIMITS_CYCLE008; QUALIFIED_CONTENT_COMPLETE; PUBLICATION_STATUS_IN_CYCLE008_CHECKPOINT,001_10005005;002_10005010;003_10005015;004_10005020;005_10005025;006_10005030;007_10005040;008_10005050;009_10005055;010_10005060;011_10005065.,series/blue-archive/02 Sequential Readings/EVENTS/EVENT_806/BLUE_ARCHIVE_EVENT_806_PHASE2_CONTEXTUAL_COMPARISON_20261008.md,"{'owner_route_key': '806', 'line': 63}",EXPLICIT_CURRENT_PACKAGE_OR_EPISODE_MAP
BA:event:806:006,CORE,source-specific local progression and endpoint,ADMITTED_WITH_LIMITS_CYCLE008; QUALIFIED_CONTENT_COMPLETE; PUBLICATION_STATUS_IN_CYCLE008_CHECKPOINT,001_10005005;002_10005010;003_10005015;004_10005020;005_10005025;006_10005030;007_10005040;008_10005050;009_10005055;010_10005060;011_10005065.,series/blue-archive/02 Sequential Readings/EVENTS/EVENT_806/BLUE_ARCHIVE_EVENT_806_PHASE2_CONTEXTUAL_COMPARISON_20261008.md,"{'owner_route_key': '806', 'line': 63}",EXPLICIT_CURRENT_PACKAGE_OR_EPISODE_MAP
BA:event:806:007,CORE,source-specific local progression and endpoint,ADMITTED_WITH_LIMITS_CYCLE008; QUALIFIED_CONTENT_COMPLETE; PUBLICATION_STATUS_IN_CYCLE008_CHECKPOINT,001_10005005;002_10005010;003_10005015;004_10005020;005_10005025;006_10005030;007_10005040;008_10005050;009_10005055;010_10005060;011_10005065.,series/blue-archive/02 Sequential Readings/EVENTS/EVENT_806/BLUE_ARCHIVE_EVENT_806_PHASE2_CONTEXTUAL_COMPARISON_20261008.md,"{'owner_route_key': '806', 'line': 63}",EXPLICIT_CURRENT_PACKAGE_OR_EPISODE_MAP
BA:event:806:008,CORE,source-specific local progression and endpoint,ADMITTED_WITH_LIMITS_CYCLE008; QUALIFIED_CONTENT_COMPLETE; PUBLICATION_STATUS_IN_CYCLE008_CHECKPOINT,001_10005005;002_10005010;003_10005015;004_10005020;005_10005025;006_10005030;007_10005040;008_10005050;009_10005055;010_10005060;011_10005065.,series/blue-archive/02 Sequential Readings/EVENTS/EVENT_806/BLUE_ARCHIVE_EVENT_806_PHASE2_CONTEXTUAL_COMPARISON_20261008.md,"{'owner_route_key': '806', 'line': 63}",EXPLICIT_CURRENT_PACKAGE_OR_EPISODE_MAP
BA:event:806:009,HIGH,source-specific local progression and endpoint,ADMITTED_WITH_LIMITS_CYCLE008; QUALIFIED_CONTENT_COMPLETE; PUBLICATION_STATUS_IN_CYCLE008_CHECKPOINT,001_10005005;002_10005010;003_10005015;004_10005020;005_10005025;006_10005030;007_10005040;008_10005050;009_10005055;010_10005060;011_10005065.,series/blue-archive/02 Sequential Readings/EVENTS/EVENT_806/BLUE_ARCHIVE_EVENT_806_PHASE2_CONTEXTUAL_COMPARISON_20261008.md,"{'owner_route_key': '806', 'line': 63}",EXPLICIT_CURRENT_PACKAGE_OR_EPISODE_MAP
BA:event:806:010,CORE,source-specific local progression and endpoint,ADMITTED_WITH_LIMITS_CYCLE008; QUALIFIED_CONTENT_COMPLETE; PUBLICATION_STATUS_IN_CYCLE008_CHECKPOINT,001_10005005;002_10005010;003_10005015;004_10005020;005_10005025;006_10005030;007_10005040;008_10005050;009_10005055;010_10005060;011_10005065.,series/blue-archive/02 Sequential Readings/EVENTS/EVENT_806/BLUE_ARCHIVE_EVENT_806_PHASE2_CONTEXTUAL_COMPARISON_20261008.md,"{'owner_route_key': '806', 'line': 63}",EXPLICIT_CURRENT_PACKAGE_OR_EPISODE_MAP
BA:event:806:011,CORE,source-specific local progression and endpoint,ADMITTED_WITH_LIMITS_CYCLE008; QUALIFIED_CONTENT_COMPLETE; PUBLICATION_STATUS_IN_CYCLE008_CHECKPOINT,001_10005005;002_10005010;003_10005015;004_10005020;005_10005025;006_10005030;007_10005040;008_10005050;009_10005055;010_10005060;011_10005065.,series/blue-archive/02 Sequential Readings/EVENTS/EVENT_806/BLUE_ARCHIVE_EVENT_806_PHASE2_CONTEXTUAL_COMPARISON_20261008.md,"{'owner_route_key': '806', 'line': 63}",EXPLICIT_CURRENT_PACKAGE_OR_EPISODE_MAP
BA:event:807:001,HIGH,ordinary repertoire; provenance/identity/modes,ADMITTED_WITH_LIMITS_CYCLE008; QUALIFIED_CONTENT_COMPLETE; PUBLICATION_STATUS_IN_CYCLE008_CHECKPOINT,"Wanted audience encounter and delight in a prepared body coexist with acknowledged imperfect rhythm. Rehearsal, support and later attendance are requested; no completed concert, tuning success, singing, dance or audience agreement is printed (u0001–0011).",series/blue-archive/02 Sequential Readings/EVENTS/EVENT_807/BLUE_ARCHIVE_EVENT_807_PHASE2_CONTEXTUAL_COMPARISON_20261008.md,"{'owner_route_key': '807', 'line': 47}",EXPLICIT_CURRENT_PACKAGE_OR_EPISODE_MAP
BA:event:808:001,CORE,ordinary repertoire; recipient agency/contrary endpoint; institution/work; provenance/identity/modes,ADMITTED_WITH_LIMITS_CYCLE008; QUALIFIED_CONTENT_COMPLETE; PUBLICATION_STATUS_IN_CYCLE008_CHECKPOINT,firewood/cocoa/washing wishes and cold punishment-class hardships have worth before development(u2–48). Shigure’s promise report and Nodoka’s sensation remain source-qualified. External spa work begins before limited permission after inspection; permission is not informed prior development consent. Meg’s actual work/immersion pleasure differs from its costs.,series/blue-archive/02 Sequential Readings/EVENTS/EVENT_808/BLUE_ARCHIVE_EVENT_808_PHASE2_CONTEXTUAL_COMPARISON_20261008.md,"{'owner_route_key': '808', 'line': 65}",EXPLICIT_CURRENT_PACKAGE_OR_EPISODE_MAP
BA:event:808:002,CORE,ordinary repertoire; institution/work; provenance/identity/modes,ADMITTED_WITH_LIMITS_CYCLE008; QUALIFIED_CONTENT_COMPLETE; PUBLICATION_STATUS_IN_CYCLE008_CHECKPOINT,"official permission/claimed illegality and beard authority expose reversible, interest-sensitive governance; singletonchoice2 is not two options and beard replacement unshown. No lawful title/permit audit follows.",series/blue-archive/02 Sequential Readings/EVENTS/EVENT_808/BLUE_ARCHIVE_EVENT_808_PHASE2_CONTEXTUAL_COMPARISON_20261008.md,"{'owner_route_key': '808', 'line': 66}",EXPLICIT_CURRENT_PACKAGE_OR_EPISODE_MAP
BA:event:808:003,CORE,ordinary repertoire; recipient agency/contrary endpoint; institution/work; provenance/identity/modes,ADMITTED_WITH_LIMITS_CYCLE008; QUALIFIED_CONTENT_COMPLETE; PUBLICATION_STATUS_IN_CYCLE008_CHECKPOINT,"Trinity/Gehenna anonymous guests enjoy tea/snow and own tastes, not school-wide prevalence(u6–10). Nodoka’s service/lenses/extra puddings and Cherino’s detailed dumpling enjoyment(u31–60) are intrinsic. Beards drawn on dumplings are actual joke details; conceded office burden is not whole administrative reform. Text actor ofu61isTomoe, secure Marina firstu62 despite empty derived person join.",series/blue-archive/02 Sequential Readings/EVENTS/EVENT_808/BLUE_ARCHIVE_EVENT_808_PHASE2_CONTEXTUAL_COMPARISON_20261008.md,"{'owner_route_key': '808', 'line': 67}",EXPLICIT_CURRENT_PACKAGE_OR_EPISODE_MAP
BA:event:808:004,CORE,relations/care,ADMITTED_WITH_LIMITS_CYCLE008; QUALIFIED_CONTENT_COMPLETE; PUBLICATION_STATUS_IN_CYCLE008_CHECKPOINT,"Mel’s rereading,response,sharing and making, including equal worth of reader/creator(u23–28), deserve direct attention. Drawing bathing guest and manager’s jealous/pretextual protection(u38–55) raise privacy independently of aesthetic merit. Subjective photographs/imagined roles/romance do not certify real intimacy or attendees.",series/blue-archive/02 Sequential Readings/EVENTS/EVENT_808/BLUE_ARCHIVE_EVENT_808_PHASE2_CONTEXTUAL_COMPARISON_20261008.md,"{'owner_route_key': '808', 'line': 68}",EXPLICIT_CURRENT_PACKAGE_OR_EPISODE_MAP
BA:event:808:005,CORE,ordinary repertoire; recipient agency/contrary endpoint; institution/work,ADMITTED_WITH_LIMITS_CYCLE008; QUALIFIED_CONTENT_COMPLETE; PUBLICATION_STATUS_IN_CYCLE008_CHECKPOINT,portrait transaction and hidden adult separate artist/host interests from guest’s wished quiet bath(u14–30). Japanese hiding differs from Korean disposal; new pages/collaboration remain unshown. Art enjoyment cannot retroactively confer consent.,series/blue-archive/02 Sequential Readings/EVENTS/EVENT_808/BLUE_ARCHIVE_EVENT_808_PHASE2_CONTEXTUAL_COMPARISON_20261008.md,"{'owner_route_key': '808', 'line': 69}",EXPLICIT_CURRENT_PACKAGE_OR_EPISODE_MAP
BA:event:808:006,CORE,ordinary repertoire; institution/work,ADMITTED_WITH_LIMITS_CYCLE008; QUALIFIED_CONTENT_COMPLETE; PUBLICATION_STATUS_IN_CYCLE008_CHECKPOINT,"dry garden’s nature/restraint and Nodoka’s actual no-rest workload(s1u1–6;s2u12) complicate luxury-as-leisure. Minori’s building pride/outsourcing hurt(s2u33–38) differ from generic anti-authority. Chorus is a role/channel, not an individual worker count.",series/blue-archive/02 Sequential Readings/EVENTS/EVENT_808/BLUE_ARCHIVE_EVENT_808_PHASE2_CONTEXTUAL_COMPARISON_20261008.md,"{'owner_route_key': '808', 'line': 70}",EXPLICIT_CURRENT_PACKAGE_OR_EPISODE_MAP
BA:event:808:007,CORE,ordinary repertoire; recipient agency/contrary endpoint,ADMITTED_WITH_LIMITS_CYCLE008; QUALIFIED_CONTENT_COMPLETE; PUBLICATION_STATUS_IN_CYCLE008_CHECKPOINT,"sensory drink enjoyment and invitation permit face-saving rest/inspection pretext(u16–60). Fermentation possibility explicitly disclosed,酵素 differs from Korean yeast, altered spellings/dizziness not measured alcohol level or performed slur. No intentional intoxication confession/safety audit. Adult narrated refusal(u69) is actual boundary respected here, distinct from other failed requests.",series/blue-archive/02 Sequential Readings/EVENTS/EVENT_808/BLUE_ARCHIVE_EVENT_808_PHASE2_CONTEXTUAL_COMPARISON_20261008.md,"{'owner_route_key': '808', 'line': 71}",EXPLICIT_CURRENT_PACKAGE_OR_EPISODE_MAP
BA:event:808:008,CORE,ordinary repertoire; recipient agency/contrary endpoint; provenance/identity/modes,ADMITTED_WITH_LIMITS_CYCLE008; QUALIFIED_CONTENT_COMPLETE; PUBLICATION_STATUS_IN_CYCLE008_CHECKPOINT,"Chinatsu bath/chair pleasure,fatigue and wished further rest(u4–5/27/40–41) remain wanted ends. Wrong control unidentified; serious safety concern does not prove chair trap. She refuses adult massage and leaves(choice9/u42–44): no touch/recovery invented.",series/blue-archive/02 Sequential Readings/EVENTS/EVENT_808/BLUE_ARCHIVE_EVENT_808_PHASE2_CONTEXTUAL_COMPARISON_20261008.md,"{'owner_route_key': '808', 'line': 72}",EXPLICIT_CURRENT_PACKAGE_OR_EPISODE_MAP
BA:event:808:009,CORE,ordinary repertoire; recipient agency/contrary endpoint; provenance/identity/modes,ADMITTED_WITH_LIMITS_CYCLE008; QUALIFIED_CONTENT_COMPLETE; PUBLICATION_STATUS_IN_CYCLE008_CHECKPOINT,"Meg’s development joy escalates into unwanted district destruction justified by guessed compensation(u63–91). Honors do not satisfy her own values; size exceeds expectation rather than inspected plan. Absent Kasumi leader is a report/probable foresight interpretation, not independently inspected knowledge or appearance.",series/blue-archive/02 Sequential Readings/EVENTS/EVENT_808/BLUE_ARCHIVE_EVENT_808_PHASE2_CONTEXTUAL_COMPARISON_20261008.md,"{'owner_route_key': '808', 'line': 73}",EXPLICIT_CURRENT_PACKAGE_OR_EPISODE_MAP
BA:event:808:010,CORE,ordinary repertoire; recipient agency/contrary endpoint; institution/work,ADMITTED_WITH_LIMITS_CYCLE008; QUALIFIED_CONTENT_COMPLETE; PUBLICATION_STATUS_IN_CYCLE008_CHECKPOINT,"Nodoka calls spa solehope/livelihood and refuses return to deprivation(u26–32/36–39/46–47), with those defiant lines text-owned by her despite Cherino display. Received Japanese upfront payment/Minori workplace rationale(u48–61) support local paid coalition, not audited contract/budget/legal reform. Pleasure can motivate serious material resistance.",series/blue-archive/02 Sequential Readings/EVENTS/EVENT_808/BLUE_ARCHIVE_EVENT_808_PHASE2_CONTEXTUAL_COMPARISON_20261008.md,"{'owner_route_key': '808', 'line': 74}",EXPLICIT_CURRENT_PACKAGE_OR_EPISODE_MAP
BA:event:808:011,CORE,ordinary repertoire; relations/care; institution/work,ADMITTED_WITH_LIMITS_CYCLE008; QUALIFIED_CONTENT_COMPLETE; PUBLICATION_STATUS_IN_CYCLE008_CHECKPOINT,"tank victory defeats workers(u1–7); paid solidarity does not guarantee protection. Shigure’s togetherness made old life enjoyable while acknowledging deprivation(u31–38), comforting without negating Nodoka’s different material need. Tomoe/adult correction helps Cherino actually defer demolition/allow reuse(u40–45); this limited revision is real. Meg rejects reuse and actually triggers foundation blast(u49–66), destroying buildings; neither compromise nor good intention supplies saving ending.",series/blue-archive/02 Sequential Readings/EVENTS/EVENT_808/BLUE_ARCHIVE_EVENT_808_PHASE2_CONTEXTUAL_COMPARISON_20261008.md,"{'owner_route_key': '808', 'line': 75}",EXPLICIT_CURRENT_PACKAGE_OR_EPISODE_MAP
BA:event:808:012,CORE,ordinary repertoire; recipient agency/contrary endpoint; institution/work; provenance/identity/modes,ADMITTED_WITH_LIMITS_CYCLE008; QUALIFIED_CONTENT_COMPLETE; PUBLICATION_STATUS_IN_CYCLE008_CHECKPOINT,"survival relief, wished beautiful things, final crowded bath and renewed invitation(u3–16/24–48/60–68) are affirmative after loss. A usable remaining bath alongside spring-drying report and post-service no-more-springs claim does not prove stored-water geology or timing. Pleasure does not restore housing/water/work, repay defense cost, transfer medals, settle all conflict or prove universal consent/reform.",series/blue-archive/02 Sequential Readings/EVENTS/EVENT_808/BLUE_ARCHIVE_EVENT_808_PHASE2_CONTEXTUAL_COMPARISON_20261008.md,"{'owner_route_key': '808', 'line': 76}",EXPLICIT_CURRENT_PACKAGE_OR_EPISODE_MAP
BA:event:809:001,CORE,ordinary repertoire; relations/care; provenance/identity/modes,ADMITTED_WITH_LIMITS_CYCLE008; QUALIFIED_CONTENT_COMPLETE; PUBLICATION_STATUS_IN_CYCLE008_CHECKPOINT,"dressed-up rental/company and Kayoko’s already chosen shrine plan are ordinary participation before crisis(u39–59/66). Early morning(u12) versus deep-nightE008u16 remains unresolved clock seam, not fabricated overnight transition. Haruka’s actual first speechu11 is printed Aru; Kayoko’su66 music/shrine/tiredness is printed Haruka, with accepted text-actor ownership.",series/blue-archive/02 Sequential Readings/EVENTS/EVENT_809/BLUE_ARCHIVE_EVENT_809_PHASE2_CONTEXTUAL_COMPARISON_20261008.md,"{'owner_route_key': '809', 'line': 82}",EXPLICIT_CURRENT_PACKAGE_OR_EPISODE_MAP
BA:event:809:002,CORE,ordinary repertoire; recipient agency/contrary endpoint; institution/work; provenance/identity/modes,ADMITTED_WITH_LIMITS_CYCLE008; QUALIFIED_CONTENT_COMPLETE; PUBLICATION_STATUS_IN_CYCLE008_CHECKPOINT,"different offerings—Kayoko album savings(u114–118), Haruka labor/exhaustion(u122–135), Mutsuki toy money(u171–188), Serika attractive guide pay/service(u49–81), Aru business wish/inward fear(u144–167)—give resources distinct meanings. Aru’s actual attempt to stop Haruka’s excess(u130) is contrary evidence, not prevention of loss. Goro’s courteous/public display and Shinon’s full-name/ruby(u27) do not verify charity or sincerity.",series/blue-archive/02 Sequential Readings/EVENTS/EVENT_809/BLUE_ARCHIVE_EVENT_809_PHASE2_CONTEXTUAL_COMPARISON_20261008.md,"{'owner_route_key': '809', 'line': 83}",EXPLICIT_CURRENT_PACKAGE_OR_EPISODE_MAP
BA:event:809:003,CORE,ordinary repertoire; recipient agency/contrary endpoint; provenance/identity/modes,ADMITTED_WITH_LIMITS_CYCLE008; QUALIFIED_CONTENT_COMPLETE; PUBLICATION_STATUS_IN_CYCLE008_CHECKPOINT,"stolen box, Mutsuki’s enjoyment and Kayoko’s objection/independent route(u40–43/61–65) disperse agency. Serika rejects subordinate/suspect frames. Recognition/history alternatives and masked-swimsuit past report do not secure MAIN date or all actors’ shared knowledge.",series/blue-archive/02 Sequential Readings/EVENTS/EVENT_809/BLUE_ARCHIVE_EVENT_809_PHASE2_CONTEXTUAL_COMPARISON_20261008.md,"{'owner_route_key': '809', 'line': 84}",EXPLICIT_CURRENT_PACKAGE_OR_EPISODE_MAP
BA:event:809:004,CORE,ordinary repertoire; recipient agency/contrary endpoint; provenance/identity/modes,ADMITTED_WITH_LIMITS_CYCLE008; QUALIFIED_CONTENT_COMPLETE; PUBLICATION_STATUS_IN_CYCLE008_CHECKPOINT,continued pursuit meets local helmets’ claims; Serika’s direct refusal(u34–35) survives the collective joke. Rival interests neither excuse theft nor cease to be ordinary evidence.,series/blue-archive/02 Sequential Readings/EVENTS/EVENT_809/BLUE_ARCHIVE_EVENT_809_PHASE2_CONTEXTUAL_COMPARISON_20261008.md,"{'owner_route_key': '809', 'line': 85}",EXPLICIT_CURRENT_PACKAGE_OR_EPISODE_MAP
BA:event:809:005,CORE,provenance/identity/modes,ADMITTED_WITH_LIMITS_CYCLE008; QUALIFIED_CONTENT_COMPLETE; PUBLICATION_STATUS_IN_CYCLE008_CHECKPOINT,"nine-unit untitled causal pause gives Kayoko’s unanswered route-awareness question(u4–5), rival dream/new-year wish and actual Mutsukiu6. No choice groups; shortness is not filler.",series/blue-archive/02 Sequential Readings/EVENTS/EVENT_809/BLUE_ARCHIVE_EVENT_809_PHASE2_CONTEXTUAL_COMPARISON_20261008.md,"{'owner_route_key': '809', 'line': 86}",EXPLICIT_CURRENT_PACKAGE_OR_EPISODE_MAP
BA:event:809:006,CORE,source-specific local progression and endpoint,ADMITTED_WITH_LIMITS_CYCLE008; QUALIFIED_CONTENT_COMPLETE; PUBLICATION_STATUS_IN_CYCLE008_CHECKPOINT,"sixteen-unit rival gun conversation/time-to-speak and interrupted mercenary desires(u6–9), defeated local groups and Mutsukiu11 remain differentiated. Quick conflict does not license global enemy identities or all motives collapsed into greed.",series/blue-archive/02 Sequential Readings/EVENTS/EVENT_809/BLUE_ARCHIVE_EVENT_809_PHASE2_CONTEXTUAL_COMPARISON_20261008.md,"{'owner_route_key': '809', 'line': 87}",EXPLICIT_CURRENT_PACKAGE_OR_EPISODE_MAP
BA:event:809:007,CORE,ordinary repertoire; provenance/identity/modes,ADMITTED_WITH_LIMITS_CYCLE008; QUALIFIED_CONTENT_COMPLETE; PUBLICATION_STATUS_IN_CYCLE008_CHECKPOINT,"phone/broadcast discovery answers the pursuit-knowledge problem(u11–34); reward communication changes incentives. Serika’s earlier message(u63), separate Mai context and repeated visitor curse/Red words retain report/replay modes, not new witnesses.",series/blue-archive/02 Sequential Readings/EVENTS/EVENT_809/BLUE_ARCHIVE_EVENT_809_PHASE2_CONTEXTUAL_COMPARISON_20261008.md,"{'owner_route_key': '809', 'line': 88}",EXPLICIT_CURRENT_PACKAGE_OR_EPISODE_MAP
BA:event:809:008,CORE,ordinary repertoire; institution/work,ADMITTED_WITH_LIMITS_CYCLE008; QUALIFIED_CONTENT_COMPLETE; PUBLICATION_STATUS_IN_CYCLE008_CHECKPOINT,"Prefect entry misidentifies/attacks; Iori’s wanted holiday and sleep/work tension(u33) differ from a flawless police intervention. The early/deep-night inconsistency stays visible. Adult calming is unsuccessful, not de-escalation merely because offered.",series/blue-archive/02 Sequential Readings/EVENTS/EVENT_809/BLUE_ARCHIVE_EVENT_809_PHASE2_CONTEXTUAL_COMPARISON_20261008.md,"{'owner_route_key': '809', 'line': 89}",EXPLICIT_CURRENT_PACKAGE_OR_EPISODE_MAP
BA:event:809:009,CORE,provenance/identity/modes,ADMITTED_WITH_LIMITS_CYCLE008; QUALIFIED_CONTENT_COMPLETE; PUBLICATION_STATUS_IN_CYCLE008_CHECKPOINT,"briefing corrects attack on Schale but task burden continues(u29–35/82). Ako’s hedgedu75/admitted uncertaintyu76 and reported Hina absenceu78 are preserved; no direct Hina appearance or certain motive. Adult choices/replies are represented alternatives, not all incidents.",series/blue-archive/02 Sequential Readings/EVENTS/EVENT_809/BLUE_ARCHIVE_EVENT_809_PHASE2_CONTEXTUAL_COMPARISON_20261008.md,"{'owner_route_key': '809', 'line': 90}",EXPLICIT_CURRENT_PACKAGE_OR_EPISODE_MAP
BA:event:809:010,CORE,provenance/identity/modes,ADMITTED_WITH_LIMITS_CYCLE008; QUALIFIED_CONTENT_COMPLETE; PUBLICATION_STATUS_IN_CYCLE008_CHECKPOINT,"Aru’s public recovery decision now concerns real peers’ wishes/resources(s1u27–40), beside prior fear/pride and later hesitation. Kayoko’s anti-teasing/qualified acquiescence and Serika’s hesitantu51 do not establish unanimous willing service. The second scene’s black-market encounter has actual Aru under Red labelu11; neither fullscene is omitted.",series/blue-archive/02 Sequential Readings/EVENTS/EVENT_809/BLUE_ARCHIVE_EVENT_809_PHASE2_CONTEXTUAL_COMPARISON_20261008.md,"{'owner_route_key': '809', 'line': 91}",EXPLICIT_CURRENT_PACKAGE_OR_EPISODE_MAP
BA:event:809:011,CORE,source-specific local progression and endpoint,ADMITTED_WITH_LIMITS_CYCLE008; QUALIFIED_CONTENT_COMPLETE; PUBLICATION_STATUS_IN_CYCLE008_CHECKPOINT,"Goro admits false reward/manipulation(rawtext-ownedu43), not merely analyst suspicion. Questioning of altered recovery terms and outnumbering remain; tactical escape/aid not guaranteed by public image.",series/blue-archive/02 Sequential Readings/EVENTS/EVENT_809/BLUE_ARCHIVE_EVENT_809_PHASE2_CONTEXTUAL_COMPARISON_20261008.md,"{'owner_route_key': '809', 'line': 92}",EXPLICIT_CURRENT_PACKAGE_OR_EPISODE_MAP
BA:event:809:012,CORE,institution/work; provenance/identity/modes,ADMITTED_WITH_LIMITS_CYCLE008; QUALIFIED_CONTENT_COMPLETE; PUBLICATION_STATUS_IN_CYCLE008_CHECKPOINT,"threatened group, gang command and reader-only inward thought precede Hoshino entrance(u40–44). The inward representation remains separate from accepted C002 greeting/public knowledge. Apparent Meg units belong to Kurokame gang roles, not Hot Springs. Masked Hoshino entrance is documentary, not extra person.",series/blue-archive/02 Sequential Readings/EVENTS/EVENT_809/BLUE_ARCHIVE_EVENT_809_PHASE2_CONTEXTUAL_COMPARISON_20261008.md,"{'owner_route_key': '809', 'line': 93}",EXPLICIT_CURRENT_PACKAGE_OR_EPISODE_MAP
BA:event:809:013,CORE,provenance/identity/modes,ADMITTED_WITH_LIMITS_CYCLE008; QUALIFIED_CONTENT_COMPLETE; PUBLICATION_STATUS_IN_CYCLE008_CHECKPOINT,"Abydos aid depends on earlier message/broadcast, distinct peer choices and Hoshino sympathy that still calls theft wrong(u50–51). Shiroko’su40/48–49 denial is not Hoshino’s expectation or Nonomi’s disappointment interpretation. Mutsuki’s recorded contempt/post(u60–66) produces an actual local communication mechanism, not universal media truth.",series/blue-archive/02 Sequential Readings/EVENTS/EVENT_809/BLUE_ARCHIVE_EVENT_809_PHASE2_CONTEXTUAL_COMPARISON_20261008.md,"{'owner_route_key': '809', 'line': 94}",EXPLICIT_CURRENT_PACKAGE_OR_EPISODE_MAP
BA:event:809:014,CORE,ordinary repertoire; institution/work; provenance/identity/modes,ADMITTED_WITH_LIMITS_CYCLE008; QUALIFIED_CONTENT_COMPLETE; PUBLICATION_STATUS_IN_CYCLE008_CHECKPOINT,"replayed manager speech reaches Shinon/public and reverses incentives(u7–29), not a new live confession. Serika’s former-worker entrance knowledge(u32–39) has specific competence; Kayoko/Haruka/Mutsuki each ownu47–49 response. Proposed front/back coordination retains actor degree.",series/blue-archive/02 Sequential Readings/EVENTS/EVENT_809/BLUE_ARCHIVE_EVENT_809_PHASE2_CONTEXTUAL_COMPARISON_20261008.md,"{'owner_route_key': '809', 'line': 95}",EXPLICIT_CURRENT_PACKAGE_OR_EPISODE_MAP
BA:event:809:015,CORE,recipient agency/contrary endpoint; provenance/identity/modes,ADMITTED_WITH_LIMITS_CYCLE008; QUALIFIED_CONTENT_COMPLETE; PUBLICATION_STATUS_IN_CYCLE008_CHECKPOINT,"manager defeat/obstruction and practical coalition are situated; Kayoko credits luck/cooperation(u39), contrary to loneadult/Aru omnipotence. Local gangA/B reports do not certify legal judgment or complete custody.",series/blue-archive/02 Sequential Readings/EVENTS/EVENT_809/BLUE_ARCHIVE_EVENT_809_PHASE2_CONTEXTUAL_COMPARISON_20261008.md,"{'owner_route_key': '809', 'line': 96}",EXPLICIT_CURRENT_PACKAGE_OR_EPISODE_MAP
BA:event:809:016,CORE,ordinary repertoire; recipient agency/contrary endpoint,ADMITTED_WITH_LIMITS_CYCLE008; QUALIFIED_CONTENT_COMPLETE; PUBLICATION_STATUS_IN_CYCLE008_CHECKPOINT,"safe recovered empty; Aru hesitates despite image. Nonomi’su12/17 reminder/future meeting is not a wish to depart or received reward; Ayaneu14 is remote communication, not on-site person. Red’s return/appearance leads to final disclosure, not restored funds.",series/blue-archive/02 Sequential Readings/EVENTS/EVENT_809/BLUE_ARCHIVE_EVENT_809_PHASE2_CONTEXTUAL_COMPARISON_20261008.md,"{'owner_route_key': '809', 'line': 97}",EXPLICIT_CURRENT_PACKAGE_OR_EPISODE_MAP
BA:event:809:017,CORE,ordinary repertoire; provenance/identity/modes,ADMITTED_WITH_LIMITS_CYCLE008; QUALIFIED_CONTENT_COMPLETE; PUBLICATION_STATUS_IN_CYCLE008_CHECKPOINT,"Red says funds built/rebuilt robot; history/specifications remain his account(u9–11). ロマン is a wanted dream(u16/18), not public-benefit justification. Actual Serikau17 rejects self-serving expenditure despite Red printed label. Alternate adult recognition cannot repair global chronology.",series/blue-archive/02 Sequential Readings/EVENTS/EVENT_809/BLUE_ARCHIVE_EVENT_809_PHASE2_CONTEXTUAL_COMPARISON_20261008.md,"{'owner_route_key': '809', 'line': 98}",EXPLICIT_CURRENT_PACKAGE_OR_EPISODE_MAP
BA:event:809:018,CORE,institution/work,ADMITTED_WITH_LIMITS_CYCLE008; QUALIFIED_CONTENT_COMPLETE; PUBLICATION_STATUS_IN_CYCLE008_CHECKPOINT,"retreat/hedged later capture leaves Pink’s unequal labor complaint(u4), Black security and Green renewal/income question beside nofunds(u5–10). Haruka’s actual earn-again offeru13 can comfort Aru and renew an exhausted member’s burden; it is not reimbursement.",series/blue-archive/02 Sequential Readings/EVENTS/EVENT_809/BLUE_ARCHIVE_EVENT_809_PHASE2_CONTEXTUAL_COMPARISON_20261008.md,"{'owner_route_key': '809', 'line': 99}",EXPLICIT_CURRENT_PACKAGE_OR_EPISODE_MAP
BA:event:809:019,CORE,ordinary repertoire; recipient agency/contrary endpoint; institution/work,ADMITTED_WITH_LIMITS_CYCLE008; QUALIFIED_CONTENT_COMPLETE; PUBLICATION_STATUS_IN_CYCLE008_CHECKPOINT,"Serika’s prayer, Iori wanting sleep while work persists(u6–7), journalist interview request and rival wished helmet(u11–13) retain separate outcomes. Requested interview is not performed; wanted rest/helmet not verified future fulfillment.",series/blue-archive/02 Sequential Readings/EVENTS/EVENT_809/BLUE_ARCHIVE_EVENT_809_PHASE2_CONTEXTUAL_COMPARISON_20261008.md,"{'owner_route_key': '809', 'line': 100}",EXPLICIT_CURRENT_PACKAGE_OR_EPISODE_MAP
BA:event:809:020,CORE,ordinary repertoire; recipient agency/contrary endpoint,ADMITTED_WITH_LIMITS_CYCLE008; QUALIFIED_CONTENT_COMPLETE; PUBLICATION_STATUS_IN_CYCLE008_CHECKPOINT,"unpaid wages(u1–3), hunger and loss coexist with Mutsuki’s actual renewed toy-offering ritual(u10–29). Private wishes remain undisclosed; Aru/adult unshared thoughts are not public guarantees. Haruka’su39 hunger/u49 conditional ramen and Kayoko’su47 food question differ from a received meal. Proposed treat/conditional willingness is not eaten/paid food, universal consent or magical fulfilled wishes.",series/blue-archive/02 Sequential Readings/EVENTS/EVENT_809/BLUE_ARCHIVE_EVENT_809_PHASE2_CONTEXTUAL_COMPARISON_20261008.md,"{'owner_route_key': '809', 'line': 101}",EXPLICIT_CURRENT_PACKAGE_OR_EPISODE_MAP
BA:event:810:001,CORE,ordinary repertoire; relations/care; institution/work; provenance/identity/modes,ADMITTED_WITH_LIMITS_CYCLE008; QUALIFIED_CONTENT_COMPLETE; PUBLICATION_STATUS_IN_CYCLE008_CHECKPOINT,"Wanted working-holiday donuts, smiles and practical cooperation survive the literal-luck rejection. Fubuki, Kirino and the local Helmet actor retain different aims. Helping without the reward does not erase the reward's ordinary desirability or certify a permanent character change.",series/blue-archive/02 Sequential Readings/EVENTS/EVENT_810/BLUE_ARCHIVE_EVENT_810_PHASE2_CONTEXTUAL_COMPARISON_20261008.md,"{'owner_route_key': '810_reasoned_judgment', 'line': 32}",EXPLICIT_CURRENT_PACKAGE_OR_EPISODE_MAP
BA:event:810:001:118,CORE,ordinary repertoire; recipient agency/contrary endpoint,ADMITTED_WITH_LIMITS_CYCLE008; QUALIFIED_CONTENT_COMPLETE; PUBLICATION_STATUS_IN_CYCLE008_CHECKPOINT,"Salt-mentaiko crunch, sour-cream allowance and a failed chocolate experiment retain particular taste and initiative. The half-eaten offer and future chip wish do not establish a rigid whole-person taste or completed future exchange.",series/blue-archive/02 Sequential Readings/EVENTS/EVENT_810/BLUE_ARCHIVE_EVENT_810_PHASE2_CONTEXTUAL_COMPARISON_20261008.md,"{'owner_route_key': '810_reasoned_judgment', 'line': 48}",EXPLICIT_CURRENT_PACKAGE_OR_EPISODE_MAP
BA:event:810:002,CORE,ordinary repertoire; recipient agency/contrary endpoint,ADMITTED_WITH_LIMITS_CYCLE008; QUALIFIED_CONTENT_COMPLETE; PUBLICATION_STATUS_IN_CYCLE008_CHECKPOINT,"Fubuki's call and Kirino's shot receive separate credit. Sena's expression and duty, Fubuki's bonus interest and student cooperation do not become a single authorial intention. Arrest, custody, clinical outcome, payment and the larger security history remain unfinished; adjacent811 is not admitted.",series/blue-archive/02 Sequential Readings/EVENTS/EVENT_810/BLUE_ARCHIVE_EVENT_810_PHASE2_CONTEXTUAL_COMPARISON_20261008.md,"{'owner_route_key': '810_reasoned_judgment', 'line': 33}",EXPLICIT_CURRENT_PACKAGE_OR_EPISODE_MAP
BA:event:810:002:119,CORE,relations/care; institution/work,ADMITTED_WITH_LIMITS_CYCLE008; QUALIFIED_CONTENT_COMPLETE; PUBLICATION_STATUS_IN_CYCLE008_CHECKPOINT,"The work mistake, contingent trust and personal purchase remain hers. A passing student's contribution prevents assigning the sellout solely to Sensei. Employer liability and comprehensive workplace repair remain open.",series/blue-archive/02 Sequential Readings/EVENTS/EVENT_810/BLUE_ARCHIVE_EVENT_810_PHASE2_CONTEXTUAL_COMPARISON_20261008.md,"{'owner_route_key': '810_reasoned_judgment', 'line': 49}",EXPLICIT_CURRENT_PACKAGE_OR_EPISODE_MAP
BA:event:810:003,CORE,relations/care,ADMITTED_WITH_LIMITS_CYCLE008; QUALIFIED_CONTENT_COMPLETE; PUBLICATION_STATUS_IN_CYCLE008_CHECKPOINT,"Tiredness, apology, company and Chihiro's accountability remain particular. Messages attributed through Kirino to Yuuka, Hasumi, Chinatsu and Suzumi stay relayed evidence. Equipment recovery, breakage, missing Wakamo and security limits do not become a completed repair or direct absent-character performance.",series/blue-archive/02 Sequential Readings/EVENTS/EVENT_810/BLUE_ARCHIVE_EVENT_810_PHASE2_CONTEXTUAL_COMPARISON_20261008.md,"{'owner_route_key': '810_reasoned_judgment', 'line': 34}",EXPLICIT_CURRENT_PACKAGE_OR_EPISODE_MAP
BA:event:810:003:120,CORE,ordinary repertoire; institution/work; provenance/identity/modes,ADMITTED_WITH_LIMITS_CYCLE008; QUALIFIED_CONTENT_COMPLETE; PUBLICATION_STATUS_IN_CYCLE008_CHECKPOINT,"Fatigue, correction, gifting and awkward seasonal denial coexist. The denial is not overwritten by a hidden-romance certainty; reports, rest and work are not shown universally complete.",series/blue-archive/02 Sequential Readings/EVENTS/EVENT_810/BLUE_ARCHIVE_EVENT_810_PHASE2_CONTEXTUAL_COMPARISON_20261008.md,"{'owner_route_key': '810_reasoned_judgment', 'line': 50}",EXPLICIT_CURRENT_PACKAGE_OR_EPISODE_MAP
BA:event:810:004,CORE,ordinary repertoire; relations/care; provenance/identity/modes,ADMITTED_WITH_LIMITS_CYCLE008; QUALIFIED_CONTENT_COMPLETE; PUBLICATION_STATUS_IN_CYCLE008_CHECKPOINT,Mine's response to Hanae/Serina's gifting and Serina's worried correction preserve different forms of care. Moral reorientation is local; blast/broadcast wording does not prove a clinical or combat result. No unseen adult participation or pooled choice sequence is supplied.,series/blue-archive/02 Sequential Readings/EVENTS/EVENT_810/BLUE_ARCHIVE_EVENT_810_PHASE2_CONTEXTUAL_COMPARISON_20261008.md,"{'owner_route_key': '810_reasoned_judgment', 'line': 35}",EXPLICIT_CURRENT_PACKAGE_OR_EPISODE_MAP
BA:event:810:004:121,CORE,ordinary repertoire; institution/work,ADMITTED_WITH_LIMITS_CYCLE008; QUALIFIED_CONTENT_COMPLETE; PUBLICATION_STATUS_IN_CYCLE008_CHECKPOINT,"Crafting the paired likeness and wanting sensory appreciation matter even without acted eating. Representation does not establish another being, counterpart ontology or an Arona/Plana merge.",series/blue-archive/02 Sequential Readings/EVENTS/EVENT_810/BLUE_ARCHIVE_EVENT_810_PHASE2_CONTEXTUAL_COMPARISON_20261008.md,"{'owner_route_key': '810_reasoned_judgment', 'line': 51}",EXPLICIT_CURRENT_PACKAGE_OR_EPISODE_MAP
BA:event:810:005,CORE,source-specific local progression and endpoint,ADMITTED_WITH_LIMITS_CYCLE008; QUALIFIED_CONTENT_COMPLETE; PUBLICATION_STATUS_IN_CYCLE008_CHECKPOINT,Chihiro's absorbed instruction and the physical hinge vulnerability belong to different explanatory levels. The unnamed officer's question is not reassigned to Chihiro. Wakamo's entry establishes neither a complete security-policy audit nor adult presence.,series/blue-archive/02 Sequential Readings/EVENTS/EVENT_810/BLUE_ARCHIVE_EVENT_810_PHASE2_CONTEXTUAL_COMPARISON_20261008.md,"{'owner_route_key': '810_reasoned_judgment', 'line': 36}",EXPLICIT_CURRENT_PACKAGE_OR_EPISODE_MAP
BA:event:810:005:122,CORE,source-specific local progression and endpoint,ADMITTED_WITH_LIMITS_CYCLE008; QUALIFIED_CONTENT_COMPLETE; PUBLICATION_STATUS_IN_CYCLE008_CHECKPOINT,"A scarce Peroro purchase is a favored, deliberate present rather than disposable merchandise. A local qualified couple description does not settle romance, supply policy or broader chronology.",series/blue-archive/02 Sequential Readings/EVENTS/EVENT_810/BLUE_ARCHIVE_EVENT_810_PHASE2_CONTEXTUAL_COMPARISON_20261008.md,"{'owner_route_key': '810_reasoned_judgment', 'line': 52}",EXPLICIT_CURRENT_PACKAGE_OR_EPISODE_MAP
BA:event:810:006,CORE,ordinary repertoire; institution/work; provenance/identity/modes,ADMITTED_WITH_LIMITS_CYCLE008; QUALIFIED_CONTENT_COMPLETE; PUBLICATION_STATUS_IN_CYCLE008_CHECKPOINT,The artisan's chosen craft and innovation have value alongside Suzumi's assistance. A grenade/recipe extension remains the artisan's extrapolation rather than Suzumi's instruction. Product safety is unverified; local artisan inward material is not generic biography.,series/blue-archive/02 Sequential Readings/EVENTS/EVENT_810/BLUE_ARCHIVE_EVENT_810_PHASE2_CONTEXTUAL_COMPARISON_20261008.md,"{'owner_route_key': '810_reasoned_judgment', 'line': 37}",EXPLICIT_CURRENT_PACKAGE_OR_EPISODE_MAP
BA:event:810:006:123,CORE,ordinary repertoire; provenance/identity/modes,ADMITTED_WITH_LIMITS_CYCLE008; QUALIFIED_CONTENT_COMPLETE; PUBLICATION_STATUS_IN_CYCLE008_CHECKPOINT,Survival-food/justice gratitude has a sensory dimension. A sampled taste stays distinct from consuming the entire gift; expiry and safety claims remain character testimony.,series/blue-archive/02 Sequential Readings/EVENTS/EVENT_810/BLUE_ARCHIVE_EVENT_810_PHASE2_CONTEXTUAL_COMPARISON_20261008.md,"{'owner_route_key': '810_reasoned_judgment', 'line': 53}",EXPLICIT_CURRENT_PACKAGE_OR_EPISODE_MAP
BA:event:810:007,CORE,source-specific local progression and endpoint,ADMITTED_WITH_LIMITS_CYCLE008; QUALIFIED_CONTENT_COMPLETE; PUBLICATION_STATUS_IN_CYCLE008_CHECKPOINT,"Casualty/treatment concerns and procedural protest stay visible within Mine, Serina, Hanae and Wakamo's different responses. Opportunistic timing is not intentional partnership. An officer's view does not establish law, nor does it create a Kanna appearance or close custody.",series/blue-archive/02 Sequential Readings/EVENTS/EVENT_810/BLUE_ARCHIVE_EVENT_810_PHASE2_CONTEXTUAL_COMPARISON_20261008.md,"{'owner_route_key': '810_reasoned_judgment', 'line': 38}",EXPLICIT_CURRENT_PACKAGE_OR_EPISODE_MAP
BA:event:810:007:124,CORE,ordinary repertoire; recipient agency/contrary endpoint; relations/care,ADMITTED_WITH_LIMITS_CYCLE008; QUALIFIED_CONTENT_COMPLETE; PUBLICATION_STATUS_IN_CYCLE008_CHECKPOINT,She revises excessive care in response to a preference and prepares selected hot chocolate. That responsive act is not a clinical cure or a guarantee of universal future responsiveness.,series/blue-archive/02 Sequential Readings/EVENTS/EVENT_810/BLUE_ARCHIVE_EVENT_810_PHASE2_CONTEXTUAL_COMPARISON_20261008.md,"{'owner_route_key': '810_reasoned_judgment', 'line': 54}",EXPLICIT_CURRENT_PACKAGE_OR_EPISODE_MAP
BA:event:810:008,CORE,ordinary repertoire; recipient agency/contrary endpoint; provenance/identity/modes,ADMITTED_WITH_LIMITS_CYCLE008; QUALIFIED_CONTENT_COMPLETE; PUBLICATION_STATUS_IN_CYCLE008_CHECKPOINT,"A local antagonist's interest in cute clothes, comfort and excited freedom preserves ordinary agency within the bargain with Wakamo. It neither reduces that actor to a prop nor proves harmless, fully informed assent. The choice's later outcome and adult involvement remain absent.",series/blue-archive/02 Sequential Readings/EVENTS/EVENT_810/BLUE_ARCHIVE_EVENT_810_PHASE2_CONTEXTUAL_COMPARISON_20261008.md,"{'owner_route_key': '810_reasoned_judgment', 'line': 39}",EXPLICIT_CURRENT_PACKAGE_OR_EPISODE_MAP
BA:event:810:008:125,CORE,ordinary repertoire; recipient agency/contrary endpoint; institution/work; provenance/identity/modes,ADMITTED_WITH_LIMITS_CYCLE008; QUALIFIED_CONTENT_COMPLETE; PUBLICATION_STATUS_IN_CYCLE008_CHECKPOINT,"Desk work and portable chocolate explain the reported committee practice without proving her verified taste. Nonrequest, denied meaning, refusal and adult licking stay visible; acceptance is not inferred backwards.",series/blue-archive/02 Sequential Readings/EVENTS/EVENT_810/BLUE_ARCHIVE_EVENT_810_PHASE2_CONTEXTUAL_COMPARISON_20261008.md,"{'owner_route_key': '810_reasoned_judgment', 'line': 55}",EXPLICIT_CURRENT_PACKAGE_OR_EPISODE_MAP
BA:event:810:009,CORE,institution/work,ADMITTED_WITH_LIMITS_CYCLE008; QUALIFIED_CONTENT_COMPLETE; PUBLICATION_STATUS_IN_CYCLE008_CHECKPOINT,"Mine's deferral of expression correction and the juniors' concerns coexist with Wakamo's destructive vow. This is a local before-expression marker, not a universal afterstory itinerary, successful treatment, closed custody or exoneration. The final Mine commands retain their precise ownership.",series/blue-archive/02 Sequential Readings/EVENTS/EVENT_810/BLUE_ARCHIVE_EVENT_810_PHASE2_CONTEXTUAL_COMPARISON_20261008.md,"{'owner_route_key': '810_reasoned_judgment', 'line': 40}",EXPLICIT_CURRENT_PACKAGE_OR_EPISODE_MAP
BA:event:810:009:126,CORE,ordinary repertoire; recipient agency/contrary endpoint,ADMITTED_WITH_LIMITS_CYCLE008; QUALIFIED_CONTENT_COMPLETE; PUBLICATION_STATUS_IN_CYCLE008_CHECKPOINT,"New competition, nerves, shared practice, unequal portions and the adult's failure remain distinct. Contest completion and health efficacy are not supplied by the pleasure of practicing.",series/blue-archive/02 Sequential Readings/EVENTS/EVENT_810/BLUE_ARCHIVE_EVENT_810_PHASE2_CONTEXTUAL_COMPARISON_20261008.md,"{'owner_route_key': '810_reasoned_judgment', 'line': 56}",EXPLICIT_CURRENT_PACKAGE_OR_EPISODE_MAP
BA:event:810:010,CORE,ordinary repertoire; provenance/identity/modes,ADMITTED_WITH_LIMITS_CYCLE008; QUALIFIED_CONTENT_COMPLETE; PUBLICATION_STATUS_IN_CYCLE008_CHECKPOINT,"The chosen treat, destroyed opportunity to taste and accumulating anger matter. A local gang's first-meeting counterclaim does not identify an earlier perpetrator or establish completed legal restoration.",series/blue-archive/02 Sequential Readings/EVENTS/EVENT_810/BLUE_ARCHIVE_EVENT_810_PHASE2_CONTEXTUAL_COMPARISON_20261008.md,"{'owner_route_key': '810_reasoned_judgment', 'line': 57}",EXPLICIT_CURRENT_PACKAGE_OR_EPISODE_MAP
BA:event:810:011,CORE,ordinary repertoire; relations/care; provenance/identity/modes,ADMITTED_WITH_LIMITS_CYCLE008; QUALIFIED_CONTENT_COMPLETE; PUBLICATION_STATUS_IN_CYCLE008_CHECKPOINT,Musical curiosity and a nonwaste bonus are retained together with explicit denial of Valentine's special meaning. Tactful transport/decor care is not a performed listening session or proof of interest/disinterest in love songs.,series/blue-archive/02 Sequential Readings/EVENTS/EVENT_810/BLUE_ARCHIVE_EVENT_810_PHASE2_CONTEXTUAL_COMPARISON_20261008.md,"{'owner_route_key': '810_reasoned_judgment', 'line': 58}",EXPLICIT_CURRENT_PACKAGE_OR_EPISODE_MAP
BA:event:810:012,CORE,recipient agency/contrary endpoint; institution/work,ADMITTED_WITH_LIMITS_CYCLE008; QUALIFIED_CONTENT_COMPLETE; PUBLICATION_STATUS_IN_CYCLE008_CHECKPOINT,Her50km baseline and the adult's objection permit local mutual support and school arrival. A first-meeting memory does not set the MAIN calendar or validate that distance as a universal norm.,series/blue-archive/02 Sequential Readings/EVENTS/EVENT_810/BLUE_ARCHIVE_EVENT_810_PHASE2_CONTEXTUAL_COMPARISON_20261008.md,"{'owner_route_key': '810_reasoned_judgment', 'line': 59}",EXPLICIT_CURRENT_PACKAGE_OR_EPISODE_MAP
BA:event:810:013,CORE,ordinary repertoire; recipient agency/contrary endpoint; provenance/identity/modes,ADMITTED_WITH_LIMITS_CYCLE008; QUALIFIED_CONTENT_COMPLETE; PUBLICATION_STATUS_IN_CYCLE008_CHECKPOINT,"Museum pleasure and a favorite whale souvenir are positive evidence because the object is valued. Giving it does not make it unwanted surplus or prove a completed resolution of grief, office or other private-family questions.",series/blue-archive/02 Sequential Readings/EVENTS/EVENT_810/BLUE_ARCHIVE_EVENT_810_PHASE2_CONTEXTUAL_COMPARISON_20261008.md,"{'owner_route_key': '810_reasoned_judgment', 'line': 60}",EXPLICIT_CURRENT_PACKAGE_OR_EPISODE_MAP
BA:event:810:014,CORE,recipient agency/contrary endpoint; relations/care,ADMITTED_WITH_LIMITS_CYCLE008; QUALIFIED_CONTENT_COMPLETE; PUBLICATION_STATUS_IN_CYCLE008_CHECKPOINT,Practical care becomes acknowledged seasonal affection with continuing agitation. Imagined peers remain imagined; calming here is not an emotional cure or verified shared knowledge.,series/blue-archive/02 Sequential Readings/EVENTS/EVENT_810/BLUE_ARCHIVE_EVENT_810_PHASE2_CONTEXTUAL_COMPARISON_20261008.md,"{'owner_route_key': '810_reasoned_judgment', 'line': 61}",EXPLICIT_CURRENT_PACKAGE_OR_EPISODE_MAP
BA:event:810:015,CORE,provenance/identity/modes,ADMITTED_WITH_LIMITS_CYCLE008; QUALIFIED_CONTENT_COMPLETE; PUBLICATION_STATUS_IN_CYCLE008_CHECKPOINT,"Composition, price, sharing and symbolic shape choices have distinct recipient meanings. The unseen shape and empty join do not authorize visual reconstruction or a local-officer identity merge.",series/blue-archive/02 Sequential Readings/EVENTS/EVENT_810/BLUE_ARCHIVE_EVENT_810_PHASE2_CONTEXTUAL_COMPARISON_20261008.md,"{'owner_route_key': '810_reasoned_judgment', 'line': 62}",EXPLICIT_CURRENT_PACKAGE_OR_EPISODE_MAP
BA:event:810:016,CORE,recipient agency/contrary endpoint; relations/care,ADMITTED_WITH_LIMITS_CYCLE008; QUALIFIED_CONTENT_COMPLETE; PUBLICATION_STATUS_IN_CYCLE008_CHECKPOINT,A personalized present coexists with surveillance denial and admission. The adult's bodily/privacy objection and help call stay consequential; ingestion and actual recording remain unshown.,series/blue-archive/02 Sequential Readings/EVENTS/EVENT_810/BLUE_ARCHIVE_EVENT_810_PHASE2_CONTEXTUAL_COMPARISON_20261008.md,"{'owner_route_key': '810_reasoned_judgment', 'line': 63}",EXPLICIT_CURRENT_PACKAGE_OR_EPISODE_MAP
BA:event:810:017,CORE,ordinary repertoire; recipient agency/contrary endpoint,ADMITTED_WITH_LIMITS_CYCLE008; QUALIFIED_CONTENT_COMPLETE; PUBLICATION_STATUS_IN_CYCLE008_CHECKPOINT,"Requested coffee, favored midnight drink and reciprocity remain particular pleasures under fatigue. The DDoS comparison is not an attack, nor does an unfinished comparison disclose the entire private handover.",series/blue-archive/02 Sequential Readings/EVENTS/EVENT_810/BLUE_ARCHIVE_EVENT_810_PHASE2_CONTEXTUAL_COMPARISON_20261008.md,"{'owner_route_key': '810_reasoned_judgment', 'line': 64}",EXPLICIT_CURRENT_PACKAGE_OR_EPISODE_MAP
BA:event:810:018,CORE,ordinary repertoire; institution/work,ADMITTED_WITH_LIMITS_CYCLE008; QUALIFIED_CONTENT_COMPLETE; PUBLICATION_STATUS_IN_CYCLE008_CHECKPOINT,An expensive personal gift and receipt splitting complicate the stated5000 limit. Her two receipts do not establish a Seminar fraud policy; the adult's quiet tact is not institutional approval.,series/blue-archive/02 Sequential Readings/EVENTS/EVENT_810/BLUE_ARCHIVE_EVENT_810_PHASE2_CONTEXTUAL_COMPARISON_20261008.md,"{'owner_route_key': '810_reasoned_judgment', 'line': 65}",EXPLICIT_CURRENT_PACKAGE_OR_EPISODE_MAP
BA:event:810:019,CORE,ordinary repertoire,ADMITTED_WITH_LIMITS_CYCLE008; QUALIFIED_CONTENT_COMPLETE; PUBLICATION_STATUS_IN_CYCLE008_CHECKPOINT,"Active cooperative play, a desired item, mutual credit and actual inventory safekeeping preserve the value of a virtual gift. These do not reduce her to passivity or require a physical item to count as pleasure.",series/blue-archive/02 Sequential Readings/EVENTS/EVENT_810/BLUE_ARCHIVE_EVENT_810_PHASE2_CONTEXTUAL_COMPARISON_20261008.md,"{'owner_route_key': '810_reasoned_judgment', 'line': 66}",EXPLICIT_CURRENT_PACKAGE_OR_EPISODE_MAP
BA:event:810:020,CORE,ordinary repertoire; relations/care; institution/work; provenance/identity/modes,ADMITTED_WITH_LIMITS_CYCLE008; QUALIFIED_CONTENT_COMPLETE; PUBLICATION_STATUS_IN_CYCLE008_CHECKPOINT,"Game-monster crafting, trial/error and beginner care have ordinary value. Reported Momoi assistance remains reported; game-stat language does not create a physical buff, observed eating or new cognition model.",series/blue-archive/02 Sequential Readings/EVENTS/EVENT_810/BLUE_ARCHIVE_EVENT_810_PHASE2_CONTEXTUAL_COMPARISON_20261008.md,"{'owner_route_key': '810_reasoned_judgment', 'line': 67}",EXPLICIT_CURRENT_PACKAGE_OR_EPISODE_MAP
BA:event:810:021,CORE,ordinary repertoire; recipient agency/contrary endpoint; institution/work,ADMITTED_WITH_LIMITS_CYCLE008; QUALIFIED_CONTENT_COMPLETE; PUBLICATION_STATUS_IN_CYCLE008_CHECKPOINT,"Inquiry, expertise, tiredness and limited sharing of a scarce favored drink remain distinct. The case and workload stay unfinished; scarcity is not a leftovers-only motive or medical sleep cure.",series/blue-archive/02 Sequential Readings/EVENTS/EVENT_810/BLUE_ARCHIVE_EVENT_810_PHASE2_CONTEXTUAL_COMPARISON_20261008.md,"{'owner_route_key': '810_reasoned_judgment', 'line': 68}",EXPLICIT_CURRENT_PACKAGE_OR_EPISODE_MAP
BA:event:810:022,CORE,ordinary repertoire; recipient agency/contrary endpoint; relations/care; institution/work,ADMITTED_WITH_LIMITS_CYCLE008; QUALIFIED_CONTENT_COMPLETE; PUBLICATION_STATUS_IN_CYCLE008_CHECKPOINT,"Edible-spray creativity, prank, hope and apology coexist with the adult's objection and student prohibition. Later sweet taste does not confer advance assent, validate safety or execute her graffiti plan.",series/blue-archive/02 Sequential Readings/EVENTS/EVENT_810/BLUE_ARCHIVE_EVENT_810_PHASE2_CONTEXTUAL_COMPARISON_20261008.md,"{'owner_route_key': '810_reasoned_judgment', 'line': 69}",EXPLICIT_CURRENT_PACKAGE_OR_EPISODE_MAP
BA:event:810:023,CORE,ordinary repertoire; recipient agency/contrary endpoint; institution/work; provenance/identity/modes,ADMITTED_WITH_LIMITS_CYCLE008; QUALIFIED_CONTENT_COMPLETE; PUBLICATION_STATUS_IN_CYCLE008_CHECKPOINT,"Craft effort and untested power matter, while the Trinity target and recipient objections constrain the gift. Device firing, injury, technical validation and permission are not invented.",series/blue-archive/02 Sequential Readings/EVENTS/EVENT_810/BLUE_ARCHIVE_EVENT_810_PHASE2_CONTEXTUAL_COMPARISON_20261008.md,"{'owner_route_key': '810_reasoned_judgment', 'line': 70}",EXPLICIT_CURRENT_PACKAGE_OR_EPISODE_MAP
BA:event:810:024,CORE,ordinary repertoire; provenance/identity/modes,ADMITTED_WITH_LIMITS_CYCLE008; QUALIFIED_CONTENT_COMPLETE; PUBLICATION_STATUS_IN_CYCLE008_CHECKPOINT,"The mistaken chocolate part, acknowledgement of her own fault and replacement plan preserve initiative and responsibility. Reported peers are not direct witnesses; planned restoration is not completed repair.",series/blue-archive/02 Sequential Readings/EVENTS/EVENT_810/BLUE_ARCHIVE_EVENT_810_PHASE2_CONTEXTUAL_COMPARISON_20261008.md,"{'owner_route_key': '810_reasoned_judgment', 'line': 71}",EXPLICIT_CURRENT_PACKAGE_OR_EPISODE_MAP
BA:event:810:025,CORE,ordinary repertoire; provenance/identity/modes,ADMITTED_WITH_LIMITS_CYCLE008; QUALIFIED_CONTENT_COMPLETE; PUBLICATION_STATUS_IN_CYCLE008_CHECKPOINT,"Favored sweetness and publicity ambitions coexist with shortage and blame. The purge is a threat/report, not performed punishment; the adult is not an accepted ambassador by assertion alone.",series/blue-archive/02 Sequential Readings/EVENTS/EVENT_810/BLUE_ARCHIVE_EVENT_810_PHASE2_CONTEXTUAL_COMPARISON_20261008.md,"{'owner_route_key': '810_reasoned_judgment', 'line': 72}",EXPLICIT_CURRENT_PACKAGE_OR_EPISODE_MAP
BA:event:810:026,CORE,source-specific local progression and endpoint,ADMITTED_WITH_LIMITS_CYCLE008; QUALIFIED_CONTENT_COMPLETE; PUBLICATION_STATUS_IN_CYCLE008_CHECKPOINT,The cute portrait prototype and aesthetic disagreement stand alongside cost and feedback plans. Neither actual persuasion nor profit continuity follows from planned promotion.,series/blue-archive/02 Sequential Readings/EVENTS/EVENT_810/BLUE_ARCHIVE_EVENT_810_PHASE2_CONTEXTUAL_COMPARISON_20261008.md,"{'owner_route_key': '810_reasoned_judgment', 'line': 73}",EXPLICIT_CURRENT_PACKAGE_OR_EPISODE_MAP
BA:event:810:027,CORE,ordinary repertoire; recipient agency/contrary endpoint,ADMITTED_WITH_LIMITS_CYCLE008; QUALIFIED_CONTENT_COMPLETE; PUBLICATION_STATUS_IN_CYCLE008_CHECKPOINT,Scarce raw chocolate and an intended but unmade future present remain different from a failed processing attempt. The actual returned taste example can matter without making a safety or manufacture guarantee.,series/blue-archive/02 Sequential Readings/EVENTS/EVENT_810/BLUE_ARCHIVE_EVENT_810_PHASE2_CONTEXTUAL_COMPARISON_20261008.md,"{'owner_route_key': '810_reasoned_judgment', 'line': 74}",EXPLICIT_CURRENT_PACKAGE_OR_EPISODE_MAP
BA:event:810:028,CORE,ordinary repertoire; recipient agency/contrary endpoint; provenance/identity/modes,ADMITTED_WITH_LIMITS_CYCLE008; QUALIFIED_CONTENT_COMPLETE; PUBLICATION_STATUS_IN_CYCLE008_CHECKPOINT,"Chocolate dislike, failed experimentation and side-effect concerns preserve preference and contrary evidence. Alchemy and immortality language is not a validated clinical result or consent proof.",series/blue-archive/02 Sequential Readings/EVENTS/EVENT_810/BLUE_ARCHIVE_EVENT_810_PHASE2_CONTEXTUAL_COMPARISON_20261008.md,"{'owner_route_key': '810_reasoned_judgment', 'line': 75}",EXPLICIT_CURRENT_PACKAGE_OR_EPISODE_MAP
BA:event:810:029,CORE,ordinary repertoire,ADMITTED_WITH_LIMITS_CYCLE008; QUALIFIED_CONTENT_COMPLETE; PUBLICATION_STATUS_IN_CYCLE008_CHECKPOINT,"Rum aroma preference, unrecognized alcohol and instructor embarrassment remain locally complex. Remainder transfer and rest do not measure sobriety, supply a diagnosis or authorize a variant merge.",series/blue-archive/02 Sequential Readings/EVENTS/EVENT_810/BLUE_ARCHIVE_EVENT_810_PHASE2_CONTEXTUAL_COMPARISON_20261008.md,"{'owner_route_key': '810_reasoned_judgment', 'line': 76}",EXPLICIT_CURRENT_PACKAGE_OR_EPISODE_MAP
BA:event:810:030,CORE,ordinary repertoire; institution/work; provenance/identity/modes,ADMITTED_WITH_LIMITS_CYCLE008; QUALIFIED_CONTENT_COMPLETE; PUBLICATION_STATUS_IN_CYCLE008_CHECKPOINT,"Inventive edible cuffs, a counterexample and revision into a gift preserve more than a general incompetence trope. Expense/report language is not law or institutional authorization.",series/blue-archive/02 Sequential Readings/EVENTS/EVENT_810/BLUE_ARCHIVE_EVENT_810_PHASE2_CONTEXTUAL_COMPARISON_20261008.md,"{'owner_route_key': '810_reasoned_judgment', 'line': 77}",EXPLICIT_CURRENT_PACKAGE_OR_EPISODE_MAP
BA:event:810:031,CORE,institution/work; provenance/identity/modes,ADMITTED_WITH_LIMITS_CYCLE008; QUALIFIED_CONTENT_COMPLETE; PUBLICATION_STATUS_IN_CYCLE008_CHECKPOINT,"Seasonal donut anticipation, texture and distracted work remain intrinsic ordinary evidence. The final piece is offered, not shown accepted or eaten; duty closure and a romantic wait remain unproved.",series/blue-archive/02 Sequential Readings/EVENTS/EVENT_810/BLUE_ARCHIVE_EVENT_810_PHASE2_CONTEXTUAL_COMPARISON_20261008.md,"{'owner_route_key': '810_reasoned_judgment', 'line': 78}",EXPLICIT_CURRENT_PACKAGE_OR_EPISODE_MAP
BA:event:810:032,CORE,ordinary repertoire; recipient agency/contrary endpoint; institution/work,ADMITTED_WITH_LIMITS_CYCLE008; QUALIFIED_CONTENT_COMPLETE; PUBLICATION_STATUS_IN_CYCLE008_CHECKPOINT,First-craft embarrassment and later unknown contents resist an assumption that she cannot be shy. A qualified willingness to receive is not unlimited consent or invented knowledge of the box.,series/blue-archive/02 Sequential Readings/EVENTS/EVENT_810/BLUE_ARCHIVE_EVENT_810_PHASE2_CONTEXTUAL_COMPARISON_20261008.md,"{'owner_route_key': '810_reasoned_judgment', 'line': 79}",EXPLICIT_CURRENT_PACKAGE_OR_EPISODE_MAP
BA:event:810:033,CORE,ordinary repertoire; relations/care,ADMITTED_WITH_LIMITS_CYCLE008; QUALIFIED_CONTENT_COMPLETE; PUBLICATION_STATUS_IN_CYCLE008_CHECKPOINT,"Recognition, dietary quantity conflict, a small chosen gift and tea remain particular. Advice helps doubt while adult overeating concerns persist; there is no medical or emotional success verdict.",series/blue-archive/02 Sequential Readings/EVENTS/EVENT_810/BLUE_ARCHIVE_EVENT_810_PHASE2_CONTEXTUAL_COMPARISON_20261008.md,"{'owner_route_key': '810_reasoned_judgment', 'line': 80}",EXPLICIT_CURRENT_PACKAGE_OR_EPISODE_MAP
BA:event:810:034,CORE,ordinary repertoire; recipient agency/contrary endpoint; institution/work,ADMITTED_WITH_LIMITS_CYCLE008; QUALIFIED_CONTENT_COMPLETE; PUBLICATION_STATUS_IN_CYCLE008_CHECKPOINT,"Handcraft uncertainty, laughter, wanted eating and an explicit distance request broaden quiet contrast. Approach discomfort is retained; no actual consumption, lasting cure or gaze assent is supplied.",series/blue-archive/02 Sequential Readings/EVENTS/EVENT_810/BLUE_ARCHIVE_EVENT_810_PHASE2_CONTEXTUAL_COMPARISON_20261008.md,"{'owner_route_key': '810_reasoned_judgment', 'line': 81}",EXPLICIT_CURRENT_PACKAGE_OR_EPISODE_MAP
BA:event:810:035,CORE,ordinary repertoire; recipient agency/contrary endpoint; relations/care; institution/work,ADMITTED_WITH_LIMITS_CYCLE008; QUALIFIED_CONTENT_COMPLETE; PUBLICATION_STATUS_IN_CYCLE008_CHECKPOINT,"Real reward handovers, craft feedback, espresso and a chosen listening break have value within unfinished work and teasing. This is not complete workload restoration or uniformly frictionless care.",series/blue-archive/02 Sequential Readings/EVENTS/EVENT_810/BLUE_ARCHIVE_EVENT_810_PHASE2_CONTEXTUAL_COMPARISON_20261008.md,"{'owner_route_key': '810_reasoned_judgment', 'line': 82}",EXPLICIT_CURRENT_PACKAGE_OR_EPISODE_MAP
BA:event:810:036,CORE,ordinary repertoire; recipient agency/contrary endpoint; institution/work; provenance/identity/modes,ADMITTED_WITH_LIMITS_CYCLE008; QUALIFIED_CONTENT_COMPLETE; PUBLICATION_STATUS_IN_CYCLE008_CHECKPOINT,"Ideal-seeking craft can actually succeed pleasantly here. A fixed inevitable-failure reading is narrowed, while the local mask, food claims and venue permission stay separately limited.",series/blue-archive/02 Sequential Readings/EVENTS/EVENT_810/BLUE_ARCHIVE_EVENT_810_PHASE2_CONTEXTUAL_COMPARISON_20261008.md,"{'owner_route_key': '810_reasoned_judgment', 'line': 83}",EXPLICIT_CURRENT_PACKAGE_OR_EPISODE_MAP
BA:event:810:037,CORE,relations/care,ADMITTED_WITH_LIMITS_CYCLE008; QUALIFIED_CONTENT_COMPLETE; PUBLICATION_STATUS_IN_CYCLE008_CHECKPOINT,"Expensive chosen giving, reliability concerns and discount shock make retaliation/reassurance recur. Accompaniment is planned and de-escalation remains incomplete; a fraud raid is not enacted.",series/blue-archive/02 Sequential Readings/EVENTS/EVENT_810/BLUE_ARCHIVE_EVENT_810_PHASE2_CONTEXTUAL_COMPARISON_20261008.md,"{'owner_route_key': '810_reasoned_judgment', 'line': 84}",EXPLICIT_CURRENT_PACKAGE_OR_EPISODE_MAP
BA:event:810:038,CORE,ordinary repertoire; recipient agency/contrary endpoint,ADMITTED_WITH_LIMITS_CYCLE008; QUALIFIED_CONTENT_COMPLETE; PUBLICATION_STATUS_IN_CYCLE008_CHECKPOINT,"Deceptive packaging, objection and spicy pleasure remain together. A confirmation framed misleadingly is not fair-game assent; force, health outcomes and uninterrupted consent are not invented.",series/blue-archive/02 Sequential Readings/EVENTS/EVENT_810/BLUE_ARCHIVE_EVENT_810_PHASE2_CONTEXTUAL_COMPARISON_20261008.md,"{'owner_route_key': '810_reasoned_judgment', 'line': 85}",EXPLICIT_CURRENT_PACKAGE_OR_EPISODE_MAP
BA:event:810:039,CORE,ordinary repertoire; recipient agency/contrary endpoint; relations/care; provenance/identity/modes,ADMITTED_WITH_LIMITS_CYCLE008; QUALIFIED_CONTENT_COMPLETE; PUBLICATION_STATUS_IN_CYCLE008_CHECKPOINT,"A visit, homemade cocoa and actual shared taste/warmth remain ordinary care. Denied matching-cup meaning, a farm claim and a future container return do not become romance, an audited source or completed return.",series/blue-archive/02 Sequential Readings/EVENTS/EVENT_810/BLUE_ARCHIVE_EVENT_810_PHASE2_CONTEXTUAL_COMPARISON_20261008.md,"{'owner_route_key': '810_reasoned_judgment', 'line': 86}",EXPLICIT_CURRENT_PACKAGE_OR_EPISODE_MAP
BA:event:810:040,CORE,ordinary repertoire; recipient agency/contrary endpoint; relations/care; institution/work,ADMITTED_WITH_LIMITS_CYCLE008; QUALIFIED_CONTENT_COMPLETE; PUBLICATION_STATUS_IN_CYCLE008_CHECKPOINT,"Craft, fallback and protective withholding coexist with acceptance followed by fading consciousness. Validation of her care does not establish safety, a clinical cause, rescue or lasting injury.",series/blue-archive/02 Sequential Readings/EVENTS/EVENT_810/BLUE_ARCHIVE_EVENT_810_PHASE2_CONTEXTUAL_COMPARISON_20261008.md,"{'owner_route_key': '810_reasoned_judgment', 'line': 87}",EXPLICIT_CURRENT_PACKAGE_OR_EPISODE_MAP
BA:event:810:041,CORE,ordinary repertoire; recipient agency/contrary endpoint; institution/work; provenance/identity/modes,ADMITTED_WITH_LIMITS_CYCLE008; QUALIFIED_CONTENT_COMPLETE; PUBLICATION_STATUS_IN_CYCLE008_CHECKPOINT,"Paid/overtime cake work, acquisition and her own present matter. Initial head-pat permission then a stop and refused soothing remain chronological limits; EVENT809's different unpaid work is not rewritten.",series/blue-archive/02 Sequential Readings/EVENTS/EVENT_810/BLUE_ARCHIVE_EVENT_810_PHASE2_CONTEXTUAL_COMPARISON_20261008.md,"{'owner_route_key': '810_reasoned_judgment', 'line': 88}",EXPLICIT_CURRENT_PACKAGE_OR_EPISODE_MAP
BA:event:810:042,CORE,ordinary repertoire,ADMITTED_WITH_LIMITS_CYCLE008; QUALIFIED_CONTENT_COMPLETE; PUBLICATION_STATUS_IN_CYCLE008_CHECKPOINT,"Fatigue recognition, scenic rest, varied snacks and a feeding request preserve a wanted small deviation from duty. They do not audit wages, criminalize the break or show the whole pile consumed.",series/blue-archive/02 Sequential Readings/EVENTS/EVENT_810/BLUE_ARCHIVE_EVENT_810_PHASE2_CONTEXTUAL_COMPARISON_20261008.md,"{'owner_route_key': '810_reasoned_judgment', 'line': 89}",EXPLICIT_CURRENT_PACKAGE_OR_EPISODE_MAP
BA:event:810:043,CORE,ordinary repertoire; recipient agency/contrary endpoint; provenance/identity/modes,ADMITTED_WITH_LIMITS_CYCLE008; QUALIFIED_CONTENT_COMPLETE; PUBLICATION_STATUS_IN_CYCLE008_CHECKPOINT,"Remembered effort, flexible holiday practice and actual exercise start resist an ascetic-only image. The100-product report and20km surprise are not surveillance assent, measured health or performance certification.",series/blue-archive/02 Sequential Readings/EVENTS/EVENT_810/BLUE_ARCHIVE_EVENT_810_PHASE2_CONTEXTUAL_COMPARISON_20261008.md,"{'owner_route_key': '810_reasoned_judgment', 'line': 90}",EXPLICIT_CURRENT_PACKAGE_OR_EPISODE_MAP
BA:event:810:044,CORE,ordinary repertoire; recipient agency/contrary endpoint,ADMITTED_WITH_LIMITS_CYCLE008; QUALIFIED_CONTENT_COMPLETE; PUBLICATION_STATUS_IN_CYCLE008_CHECKPOINT,"Tournament loss, a self-won alternative gift and planned shared toy play preserve agency after failure. A nonbanned strategy is not cheating, and the future toy duel is not completed.",series/blue-archive/02 Sequential Readings/EVENTS/EVENT_810/BLUE_ARCHIVE_EVENT_810_PHASE2_CONTEXTUAL_COMPARISON_20261008.md,"{'owner_route_key': '810_reasoned_judgment', 'line': 91}",EXPLICIT_CURRENT_PACKAGE_OR_EPISODE_MAP
BA:event:810:045,CORE,ordinary repertoire; institution/work; provenance/identity/modes,ADMITTED_WITH_LIMITS_CYCLE008; QUALIFIED_CONTENT_COMPLETE; PUBLICATION_STATUS_IN_CYCLE008_CHECKPOINT,"Early crafting, rehearsal and wanting to give first remain positive even with late/unreceived feedback. They do not prove actual precedence or a unified clock across all gifts.",series/blue-archive/02 Sequential Readings/EVENTS/EVENT_810/BLUE_ARCHIVE_EVENT_810_PHASE2_CONTEXTUAL_COMPARISON_20261008.md,"{'owner_route_key': '810_reasoned_judgment', 'line': 92}",EXPLICIT_CURRENT_PACKAGE_OR_EPISODE_MAP
BA:event:810:046,CORE,ordinary repertoire; institution/work; provenance/identity/modes,ADMITTED_WITH_LIMITS_CYCLE008; QUALIFIED_CONTENT_COMPLETE; PUBLICATION_STATUS_IN_CYCLE008_CHECKPOINT,"Word finding, a favored slip, snacks, parallel work and the exact literary language are intrinsic pleasures. The inward phrases are not a completed work/finance outcome or externally established taxonomy.",series/blue-archive/02 Sequential Readings/EVENTS/EVENT_810/BLUE_ARCHIVE_EVENT_810_PHASE2_CONTEXTUAL_COMPARISON_20261008.md,"{'owner_route_key': '810_reasoned_judgment', 'line': 93}",EXPLICIT_CURRENT_PACKAGE_OR_EPISODE_MAP
BA:event:810:047,CORE,ordinary repertoire; provenance/identity/modes,ADMITTED_WITH_LIMITS_CYCLE008; QUALIFIED_CONTENT_COMPLETE; PUBLICATION_STATUS_IN_CYCLE008_CHECKPOINT,"Personal tasting and a recipient menu lead to adopted options and feedback. One opinion is not universal product perfection, complete public sales evidence or a proved preference census.",series/blue-archive/02 Sequential Readings/EVENTS/EVENT_810/BLUE_ARCHIVE_EVENT_810_PHASE2_CONTEXTUAL_COMPARISON_20261008.md,"{'owner_route_key': '810_reasoned_judgment', 'line': 94}",EXPLICIT_CURRENT_PACKAGE_OR_EPISODE_MAP
BA:event:810:048,CORE,ordinary repertoire; relations/care; provenance/identity/modes,ADMITTED_WITH_LIMITS_CYCLE008; QUALIFIED_CONTENT_COMPLETE; PUBLICATION_STATUS_IN_CYCLE008_CHECKPOINT,"Hard-won favored fandom and an actual shared meal preserve pleasure and company. 主殿 and tools do not prove powers, media performance or a release-derived itinerary.",series/blue-archive/02 Sequential Readings/EVENTS/EVENT_810/BLUE_ARCHIVE_EVENT_810_PHASE2_CONTEXTUAL_COMPARISON_20261008.md,"{'owner_route_key': '810_reasoned_judgment', 'line': 95}",EXPLICIT_CURRENT_PACKAGE_OR_EPISODE_MAP
BA:event:810:049,CORE,ordinary repertoire; recipient agency/contrary endpoint; institution/work; provenance/identity/modes,ADMITTED_WITH_LIMITS_CYCLE008; QUALIFIED_CONTENT_COMPLETE; PUBLICATION_STATUS_IN_CYCLE008_CHECKPOINT,"Rest, a selected lap pillow and an actual pleasant nap are source-bounded experience. Voiced chocolate danger and potency claims do not certify chemistry, consent elsewhere or a work/rest cure.",series/blue-archive/02 Sequential Readings/EVENTS/EVENT_810/BLUE_ARCHIVE_EVENT_810_PHASE2_CONTEXTUAL_COMPARISON_20261008.md,"{'owner_route_key': '810_reasoned_judgment', 'line': 96}",EXPLICIT_CURRENT_PACKAGE_OR_EPISODE_MAP
BA:event:810:050,CORE,ordinary repertoire; relations/care,ADMITTED_WITH_LIMITS_CYCLE008; QUALIFIED_CONTENT_COMPLETE; PUBLICATION_STATUS_IN_CYCLE008_CHECKPOINT,"Affection, search and local restraint coexist with the adult's dispute. The threatened rampage is prevented here; following remains unanswered, and a metaphorical self-gift proves neither contamination nor universal reform.",series/blue-archive/02 Sequential Readings/EVENTS/EVENT_810/BLUE_ARCHIVE_EVENT_810_PHASE2_CONTEXTUAL_COMPARISON_20261008.md,"{'owner_route_key': '810_reasoned_judgment', 'line': 97}",EXPLICIT_CURRENT_PACKAGE_OR_EPISODE_MAP
BA:event:810:051,CORE,ordinary repertoire; recipient agency/contrary endpoint; institution/work; provenance/identity/modes,ADMITTED_WITH_LIMITS_CYCLE008; QUALIFIED_CONTENT_COMPLETE; PUBLICATION_STATUS_IN_CYCLE008_CHECKPOINT,"Comparison, persistent craft and an actual sweeter taste result coexist with a surprised emotional hypothesis. Sudden feeding and cooperation pressure remain; monsters, emotional chemistry and prior permission are not verified.",series/blue-archive/02 Sequential Readings/EVENTS/EVENT_810/BLUE_ARCHIVE_EVENT_810_PHASE2_CONTEXTUAL_COMPARISON_20261008.md,"{'owner_route_key': '810_reasoned_judgment', 'line': 98}",EXPLICIT_CURRENT_PACKAGE_OR_EPISODE_MAP
BA:event:810:052,CORE,ordinary repertoire,ADMITTED_WITH_LIMITS_CYCLE008; QUALIFIED_CONTENT_COMPLETE; PUBLICATION_STATUS_IN_CYCLE008_CHECKPOINT,"A quiet setting, precious cute gift, slower-looking wish and accepted role-play preserve her own agency. Rapid eating remains a pacing mismatch, not perfect attentiveness, a real Skullman merge or lasting end to caution.",series/blue-archive/02 Sequential Readings/EVENTS/EVENT_810/BLUE_ARCHIVE_EVENT_810_PHASE2_CONTEXTUAL_COMPARISON_20261008.md,"{'owner_route_key': '810_reasoned_judgment', 'line': 99}",EXPLICIT_CURRENT_PACKAGE_OR_EPISODE_MAP
BA:event:810:053,CORE,ordinary repertoire; recipient agency/contrary endpoint; relations/care; institution/work,ADMITTED_WITH_LIMITS_CYCLE008; QUALIFIED_CONTENT_COMPLETE; PUBLICATION_STATUS_IN_CYCLE008_CHECKPOINT,"A wanted special response and material packaging care remain important even with permission to eat. Requests about manner and box care, unresolved anger and the unseen design prevent blanket assent or a secure malicious-intent reading.",series/blue-archive/02 Sequential Readings/EVENTS/EVENT_810/BLUE_ARCHIVE_EVENT_810_PHASE2_CONTEXTUAL_COMPARISON_20261008.md,"{'owner_route_key': '810_reasoned_judgment', 'line': 100}",EXPLICIT_CURRENT_PACKAGE_OR_EPISODE_MAP
BA:event:810:054,CORE,ordinary repertoire,ADMITTED_WITH_LIMITS_CYCLE008; QUALIFIED_CONTENT_COMPLETE; PUBLICATION_STATUS_IN_CYCLE008_CHECKPOINT,"An intuitive star/sparkle preference, offered substitution and completed escort are sufficient quiet evidence. A flash-grenade joke is not her established motive; the unknown opening greeting stays unknown.",series/blue-archive/02 Sequential Readings/EVENTS/EVENT_810/BLUE_ARCHIVE_EVENT_810_PHASE2_CONTEXTUAL_COMPARISON_20261008.md,"{'owner_route_key': '810_reasoned_judgment', 'line': 101}",EXPLICIT_CURRENT_PACKAGE_OR_EPISODE_MAP
BA:event:810:055,CORE,ordinary repertoire,ADMITTED_WITH_LIMITS_CYCLE008; QUALIFIED_CONTENT_COMPLETE; PUBLICATION_STATUS_IN_CYCLE008_CHECKPOINT,"Deliberate purchase, nerves and concern for represented form culminate in a keep/display decision. A valued uneaten gift is not useless; no later installation, named sacred figure, doctrinal ruling or actual eating is supplied.",series/blue-archive/02 Sequential Readings/EVENTS/EVENT_810/BLUE_ARCHIVE_EVENT_810_PHASE2_CONTEXTUAL_COMPARISON_20261008.md,"{'owner_route_key': '810_reasoned_judgment', 'line': 102}",EXPLICIT_CURRENT_PACKAGE_OR_EPISODE_MAP
BA:event:810:056,CORE,ordinary repertoire; recipient agency/contrary endpoint; relations/care; institution/work; provenance/identity/modes,ADMITTED_WITH_LIMITS_CYCLE008; QUALIFIED_CONTENT_COMPLETE; PUBLICATION_STATUS_IN_CYCLE008_CHECKPOINT,"Book aesthetics, a chosen shared work/eating invitation and quiet blanket care broaden a disciplinarian-only image. Late-hour apology, reported returns/coating popularity and unfinished recovery remain qualified.",series/blue-archive/02 Sequential Readings/EVENTS/EVENT_810/BLUE_ARCHIVE_EVENT_810_PHASE2_CONTEXTUAL_COMPARISON_20261008.md,"{'owner_route_key': '810_reasoned_judgment', 'line': 103}",EXPLICIT_CURRENT_PACKAGE_OR_EPISODE_MAP
BA:event:810:057,CORE,recipient agency/contrary endpoint; relations/care,ADMITTED_WITH_LIMITS_CYCLE008; QUALIFIED_CONTENT_COMPLETE; PUBLICATION_STATUS_IN_CYCLE008_CHECKPOINT,A discreet present and an explicit holiday motive broaden her clinical role. Hospitality and local accustomed trust do not replace the ordinary-entrance option or authorize all future access.,series/blue-archive/02 Sequential Readings/EVENTS/EVENT_810/BLUE_ARCHIVE_EVENT_810_PHASE2_CONTEXTUAL_COMPARISON_20261008.md,"{'owner_route_key': '810_reasoned_judgment', 'line': 104}",EXPLICIT_CURRENT_PACKAGE_OR_EPISODE_MAP
BA:event:810:058,CORE,ordinary repertoire,ADMITTED_WITH_LIMITS_CYCLE008; QUALIFIED_CONTENT_COMPLETE; PUBLICATION_STATUS_IN_CYCLE008_CHECKPOINT,A familiar mint preference includes formulation deliberation and a difference she wants recognized. Taste pleasure with limited comprehension is not thoughtless repetition; Japanese eating and the differing Korean return account remain unpooled.,series/blue-archive/02 Sequential Readings/EVENTS/EVENT_810/BLUE_ARCHIVE_EVENT_810_PHASE2_CONTEXTUAL_COMPARISON_20261008.md,"{'owner_route_key': '810_reasoned_judgment', 'line': 105}",EXPLICIT_CURRENT_PACKAGE_OR_EPISODE_MAP
BA:event:810:059,CORE,recipient agency/contrary endpoint,ADMITTED_WITH_LIMITS_CYCLE008; QUALIFIED_CONTENT_COMPLETE; PUBLICATION_STATUS_IN_CYCLE008_CHECKPOINT,"Scarcity, failed purchase, handmade fallback and persistent doubt preserve effort without requiring a superior price or appearance. Appreciation does not erase suspected lip service or complete emotional repair.",series/blue-archive/02 Sequential Readings/EVENTS/EVENT_810/BLUE_ARCHIVE_EVENT_810_PHASE2_CONTEXTUAL_COMPARISON_20261008.md,"{'owner_route_key': '810_reasoned_judgment', 'line': 106}",EXPLICIT_CURRENT_PACKAGE_OR_EPISODE_MAP
BA:event:810:060,CORE,provenance/identity/modes,ADMITTED_WITH_LIMITS_CYCLE008; QUALIFIED_CONTENT_COMPLETE; PUBLICATION_STATUS_IN_CYCLE008_CHECKPOINT,"Love of the holiday coexists with self-qualified critique and a wish for nonverbal reception. The adult's receptiveness does not establish handmade provenance, complete motive knowledge or forced romance.",series/blue-archive/02 Sequential Readings/EVENTS/EVENT_810/BLUE_ARCHIVE_EVENT_810_PHASE2_CONTEXTUAL_COMPARISON_20261008.md,"{'owner_route_key': '810_reasoned_judgment', 'line': 107}",EXPLICIT_CURRENT_PACKAGE_OR_EPISODE_MAP
BA:event:810:061,CORE,recipient agency/contrary endpoint,ADMITTED_WITH_LIMITS_CYCLE008; QUALIFIED_CONTENT_COMPLETE; PUBLICATION_STATUS_IN_CYCLE008_CHECKPOINT,"A chosen fortune and particular here/now hope coexist with alarm and a direct stop request. Repeated opening does not establish all-cookie contents, complete disclosure assent or a resolved final conversation.",series/blue-archive/02 Sequential Readings/EVENTS/EVENT_810/BLUE_ARCHIVE_EVENT_810_PHASE2_CONTEXTUAL_COMPARISON_20261008.md,"{'owner_route_key': '810_reasoned_judgment', 'line': 108}",EXPLICIT_CURRENT_PACKAGE_OR_EPISODE_MAP
BA:event:810:062,CORE,recipient agency/contrary endpoint; provenance/identity/modes,ADMITTED_WITH_LIMITS_CYCLE008; QUALIFIED_CONTENT_COMPLETE; PUBLICATION_STATUS_IN_CYCLE008_CHECKPOINT,"Seasonal intention, improvised making, worry and relief remain positive while forced feeding remains explicit. Pleasant flavor does not certify compound/hygiene claims or convert hesitation into consent.",series/blue-archive/02 Sequential Readings/EVENTS/EVENT_810/BLUE_ARCHIVE_EVENT_810_PHASE2_CONTEXTUAL_COMPARISON_20261008.md,"{'owner_route_key': '810_reasoned_judgment', 'line': 109}",EXPLICIT_CURRENT_PACKAGE_OR_EPISODE_MAP
BA:event:810:063,CORE,ordinary repertoire; relations/care; provenance/identity/modes,ADMITTED_WITH_LIMITS_CYCLE008; QUALIFIED_CONTENT_COMPLETE; PUBLICATION_STATUS_IN_CYCLE008_CHECKPOINT,"Preparation, careful carrying and affordability/quantity selection are agency. Local smiling thanks and wanted reception do not prove permanent confidence, audited finances, prophecy or an enacted compensation threat.",series/blue-archive/02 Sequential Readings/EVENTS/EVENT_810/BLUE_ARCHIVE_EVENT_810_PHASE2_CONTEXTUAL_COMPARISON_20261008.md,"{'owner_route_key': '810_reasoned_judgment', 'line': 110}",EXPLICIT_CURRENT_PACKAGE_OR_EPISODE_MAP
BA:event:810:064,CORE,ordinary repertoire,ADMITTED_WITH_LIMITS_CYCLE008; QUALIFIED_CONTENT_COMPLETE; PUBLICATION_STATUS_IN_CYCLE008_CHECKPOINT,"A wanted surprise, intent to amuse and personal present coexist with unilateral tag interpretation and adult retreat/capture. Playfulness is not automatic advance agreement, shared intention or imported visual knowledge.",series/blue-archive/02 Sequential Readings/EVENTS/EVENT_810/BLUE_ARCHIVE_EVENT_810_PHASE2_CONTEXTUAL_COMPARISON_20261008.md,"{'owner_route_key': '810_reasoned_judgment', 'line': 111}",EXPLICIT_CURRENT_PACKAGE_OR_EPISODE_MAP
BA:event:810:065,CORE,ordinary repertoire; institution/work; provenance/identity/modes,ADMITTED_WITH_LIMITS_CYCLE008; QUALIFIED_CONTENT_COMPLETE; PUBLICATION_STATUS_IN_CYCLE008_CHECKPOINT,"Explicit liking for confectionery making and a self-chosen student-to-teacher frame preserve craft beyond service. The ご主人様→先生 shift, embarrassment and bomb anxiety do not prove a shown explosive or lasting habit change.",series/blue-archive/02 Sequential Readings/EVENTS/EVENT_810/BLUE_ARCHIVE_EVENT_810_PHASE2_CONTEXTUAL_COMPARISON_20261008.md,"{'owner_route_key': '810_reasoned_judgment', 'line': 112}",EXPLICIT_CURRENT_PACKAGE_OR_EPISODE_MAP
BA:event:810:066,CORE,ordinary repertoire; recipient agency/contrary endpoint,ADMITTED_WITH_LIMITS_CYCLE008; QUALIFIED_CONTENT_COMPLETE; PUBLICATION_STATUS_IN_CYCLE008_CHECKPOINT,"A recipient-specific café dish, gratitude and attempted chant preserve chosen adaptation. Her final inability is an active limit; neither a completed chant, actual taste result nor effortless continued-service consent is invented.",series/blue-archive/02 Sequential Readings/EVENTS/EVENT_810/BLUE_ARCHIVE_EVENT_810_PHASE2_CONTEXTUAL_COMPARISON_20261008.md,"{'owner_route_key': '810_reasoned_judgment', 'line': 113}",EXPLICIT_CURRENT_PACKAGE_OR_EPISODE_MAP
BA:event:810:067,CORE,ordinary repertoire; provenance/identity/modes,ADMITTED_WITH_LIMITS_CYCLE008; QUALIFIED_CONTENT_COMPLETE; PUBLICATION_STATUS_IN_CYCLE008_CHECKPOINT,"Deliberate striking design and enjoyable shared eating coexist with the adult's remaining design concern. Unseen shape and unnamed gazes do not settle symbolism, spectators' motives or the unknown written opening identity.",series/blue-archive/02 Sequential Readings/EVENTS/EVENT_810/BLUE_ARCHIVE_EVENT_810_PHASE2_CONTEXTUAL_COMPARISON_20261008.md,"{'owner_route_key': '810_reasoned_judgment', 'line': 114}",EXPLICIT_CURRENT_PACKAGE_OR_EPISODE_MAP
BA:event:810:068,CORE,source-specific local progression and endpoint,ADMITTED_WITH_LIMITS_CYCLE008; QUALIFIED_CONTENT_COMPLETE; PUBLICATION_STATUS_IN_CYCLE008_CHECKPOINT,"Purposeful reproduction, adaptation to time and welcomed curiosity prevent a lecture-only reading. The origin story and omitted lecture stay testimony, and alternatives are not both executed.",series/blue-archive/02 Sequential Readings/EVENTS/EVENT_810/BLUE_ARCHIVE_EVENT_810_PHASE2_CONTEXTUAL_COMPARISON_20261008.md,"{'owner_route_key': '810_reasoned_judgment', 'line': 115}",EXPLICIT_CURRENT_PACKAGE_OR_EPISODE_MAP
BA:event:810:069,CORE,ordinary repertoire; recipient agency/contrary endpoint; relations/care,ADMITTED_WITH_LIMITS_CYCLE008; QUALIFIED_CONTENT_COMPLETE; PUBLICATION_STATUS_IN_CYCLE008_CHECKPOINT,"Prepared scenic tea, a first cup experiment, gratitude and a future company wish have ordinary value. The toast is not an actual alcohol oath, flavor mechanism or fulfilled future promise.",series/blue-archive/02 Sequential Readings/EVENTS/EVENT_810/BLUE_ARCHIVE_EVENT_810_PHASE2_CONTEXTUAL_COMPARISON_20261008.md,"{'owner_route_key': '810_reasoned_judgment', 'line': 116}",EXPLICIT_CURRENT_PACKAGE_OR_EPISODE_MAP
BA:event:810:070,CORE,ordinary repertoire; relations/care; provenance/identity/modes,ADMITTED_WITH_LIMITS_CYCLE008; QUALIFIED_CONTENT_COMPLETE; PUBLICATION_STATUS_IN_CYCLE008_CHECKPOINT,Attempted expression and a valued dropped/received gift matter without reconstructing truncated wording. Inward action/thanks remains distinct from heard response; neither a kiss/confession nor actual tasted product is supplied.,series/blue-archive/02 Sequential Readings/EVENTS/EVENT_810/BLUE_ARCHIVE_EVENT_810_PHASE2_CONTEXTUAL_COMPARISON_20261008.md,"{'owner_route_key': '810_reasoned_judgment', 'line': 117}",EXPLICIT_CURRENT_PACKAGE_OR_EPISODE_MAP
BA:event:810:071,CORE,ordinary repertoire; recipient agency/contrary endpoint; relations/care; institution/work,ADMITTED_WITH_LIMITS_CYCLE008; QUALIFIED_CONTENT_COMPLETE; PUBLICATION_STATUS_IN_CYCLE008_CHECKPOINT,"Children's-snack work and a personal gift coexist with a firm delayed, alone-use requirement and apology for teasing. Uncertain handmaking/wrapping/shop attribution and repeated refusal are preserved; later tasting is not shown.",series/blue-archive/02 Sequential Readings/EVENTS/EVENT_810/BLUE_ARCHIVE_EVENT_810_PHASE2_CONTEXTUAL_COMPARISON_20261008.md,"{'owner_route_key': '810_reasoned_judgment', 'line': 118}",EXPLICIT_CURRENT_PACKAGE_OR_EPISODE_MAP
BA:event:810:072,CORE,ordinary repertoire; recipient agency/contrary endpoint,ADMITTED_WITH_LIMITS_CYCLE008; QUALIFIED_CONTENT_COMPLETE; PUBLICATION_STATUS_IN_CYCLE008_CHECKPOINT,"Cleaning pleasure, knowledge of tastes and improvisation prevent a stock-surplus-only reading. Actual shared pleasure does not name the unknown greetings/children, inspect every flavor or reveal her unfinished explanation.",series/blue-archive/02 Sequential Readings/EVENTS/EVENT_810/BLUE_ARCHIVE_EVENT_810_PHASE2_CONTEXTUAL_COMPARISON_20261008.md,"{'owner_route_key': '810_reasoned_judgment', 'line': 119}",EXPLICIT_CURRENT_PACKAGE_OR_EPISODE_MAP
BA:event:810:073,CORE,ordinary repertoire; recipient agency/contrary endpoint; provenance/identity/modes,ADMITTED_WITH_LIMITS_CYCLE008; QUALIFIED_CONTENT_COMPLETE; PUBLICATION_STATUS_IN_CYCLE008_CHECKPOINT,"Preparing a shared setting is effort even with ritual disinterest and an explicitly nonfavorite anti-mess choice. Unidentified あの子たち and a local equal-fluster claim do not prove books/people, global equality, recovery or blanket proximity consent.",series/blue-archive/02 Sequential Readings/EVENTS/EVENT_810/BLUE_ARCHIVE_EVENT_810_PHASE2_CONTEXTUAL_COMPARISON_20261008.md,"{'owner_route_key': '810_reasoned_judgment', 'line': 120}",EXPLICIT_CURRENT_PACKAGE_OR_EPISODE_MAP
BA:event:810:074,CORE,ordinary repertoire; recipient agency/contrary endpoint; provenance/identity/modes,ADMITTED_WITH_LIMITS_CYCLE008; QUALIFIED_CONTENT_COMPLETE; PUBLICATION_STATUS_IN_CYCLE008_CHECKPOINT,"Strawberry-cake repertoire and recognizing frequent ordinary sharing matter alongside continued embarrassment. Local recalled encounters do not become inspected peer gifts, secure external callbacks, fixed chronology or model readiness.",series/blue-archive/02 Sequential Readings/EVENTS/EVENT_810/BLUE_ARCHIVE_EVENT_810_PHASE2_CONTEXTUAL_COMPARISON_20261008.md,"{'owner_route_key': '810_reasoned_judgment', 'line': 121}",EXPLICIT_CURRENT_PACKAGE_OR_EPISODE_MAP
BA:event:810:075,CORE,recipient agency/contrary endpoint,ADMITTED_WITH_LIMITS_CYCLE008; QUALIFIED_CONTENT_COMPLETE; PUBLICATION_STATUS_IN_CYCLE008_CHECKPOINT,"Selling valued magazines for a chosen present preserves a material tradeoff and her wish to reciprocate. The sale is unquantified; reassurance is not a cure, and unrequested touch/surprise stay visible. Earlier part2 debt is closed historical reuse, not a new source read.",series/blue-archive/02 Sequential Readings/EVENTS/EVENT_810/BLUE_ARCHIVE_EVENT_810_PHASE2_CONTEXTUAL_COMPARISON_20261008.md,"{'owner_route_key': '810_reasoned_judgment', 'line': 122}",EXPLICIT_CURRENT_PACKAGE_OR_EPISODE_MAP
BA:event:810:076,CORE,relations/care; institution/work,ADMITTED_WITH_LIMITS_CYCLE008; QUALIFIED_CONTENT_COMPLETE; PUBLICATION_STATUS_IN_CYCLE008_CHECKPOINT,"Utilities/routes work, practical help and deliberated offering coexist with emphatic denied meaning and a silence request. Denial is not overridden by blush; quick tasks do not certify total safety or complete institutional rescue.",series/blue-archive/02 Sequential Readings/EVENTS/EVENT_810/BLUE_ARCHIVE_EVENT_810_PHASE2_CONTEXTUAL_COMPARISON_20261008.md,"{'owner_route_key': '810_reasoned_judgment', 'line': 123}",EXPLICIT_CURRENT_PACKAGE_OR_EPISODE_MAP
BA:event:810:077,CORE,ordinary repertoire; relations/care; provenance/identity/modes,ADMITTED_WITH_LIMITS_CYCLE008; QUALIFIED_CONTENT_COMPLETE; PUBLICATION_STATUS_IN_CYCLE008_CHECKPOINT,"Gardening, beauty, secrecy, preservation knowledge and wanting shared viewing retain positive agency. Reported Hiyori advice, conditional manufacture and promised lifetime care are not direct speech, confirmed handmaking or achieved political restoration.",series/blue-archive/02 Sequential Readings/EVENTS/EVENT_810/BLUE_ARCHIVE_EVENT_810_PHASE2_CONTEXTUAL_COMPARISON_20261008.md,"{'owner_route_key': '810_reasoned_judgment', 'line': 124}",EXPLICIT_CURRENT_PACKAGE_OR_EPISODE_MAP
BA:event:810:078,CORE,recipient agency/contrary endpoint; relations/care; provenance/identity/modes,ADMITTED_WITH_LIMITS_CYCLE008; QUALIFIED_CONTENT_COMPLETE; PUBLICATION_STATUS_IN_CYCLE008_CHECKPOINT,"Chosen costly thanks, misleading advice and learning another shared custom are not total incompetence. Actual relaxed eating does not identify a deceiver, validate the false rule, audit costs or heal reported job injuries.",series/blue-archive/02 Sequential Readings/EVENTS/EVENT_810/BLUE_ARCHIVE_EVENT_810_PHASE2_CONTEXTUAL_COMPARISON_20261008.md,"{'owner_route_key': '810_reasoned_judgment', 'line': 125}",EXPLICIT_CURRENT_PACKAGE_OR_EPISODE_MAP
BA:event:810:079,CORE,ordinary repertoire; institution/work,ADMITTED_WITH_LIMITS_CYCLE008; QUALIFIED_CONTENT_COMPLETE; PUBLICATION_STATUS_IN_CYCLE008_CHECKPOINT,Capable teaching and private wanted suspense coexist with a rejection of possession and admitted limits on reading feelings. Three local students are not continuous biographies; reassurance/taste is not psychic authority or universal selflessness.,series/blue-archive/02 Sequential Readings/EVENTS/EVENT_810/BLUE_ARCHIVE_EVENT_810_PHASE2_CONTEXTUAL_COMPARISON_20261008.md,"{'owner_route_key': '810_reasoned_judgment', 'line': 126}",EXPLICIT_CURRENT_PACKAGE_OR_EPISODE_MAP
BA:event:810:080,CORE,ordinary repertoire; recipient agency/contrary endpoint,ADMITTED_WITH_LIMITS_CYCLE008; QUALIFIED_CONTENT_COMPLETE; PUBLICATION_STATUS_IN_CYCLE008_CHECKPOINT,"Dinosaur enthusiasm, choosing her own method, three actual failures and intact-part recombination retain creative agency. Fifteen single-option prompts are not invented branches; future instruction, excavation success and medical assessment remain absent.",series/blue-archive/02 Sequential Readings/EVENTS/EVENT_810/BLUE_ARCHIVE_EVENT_810_PHASE2_CONTEXTUAL_COMPARISON_20261008.md,"{'owner_route_key': '810_reasoned_judgment', 'line': 127}",EXPLICIT_CURRENT_PACKAGE_OR_EPISODE_MAP
BA:event:810:081,CORE,recipient agency/contrary endpoint; provenance/identity/modes,ADMITTED_WITH_LIMITS_CYCLE008; QUALIFIED_CONTENT_COMPLETE; PUBLICATION_STATUS_IN_CYCLE008_CHECKPOINT,"A self-devised delivery, melting failure and relief at acceptance preserve valued effort and her immediate-feedback request. Unknown opening reactions, first secure self-name and inward praise stay separate; insecurity is not cured.",series/blue-archive/02 Sequential Readings/EVENTS/EVENT_810/BLUE_ARCHIVE_EVENT_810_PHASE2_CONTEXTUAL_COMPARISON_20261008.md,"{'owner_route_key': '810_reasoned_judgment', 'line': 128}",EXPLICIT_CURRENT_PACKAGE_OR_EPISODE_MAP
BA:event:810:082,CORE,ordinary repertoire; recipient agency/contrary endpoint; institution/work; provenance/identity/modes,ADMITTED_WITH_LIMITS_CYCLE008; QUALIFIED_CONTENT_COMPLETE; PUBLICATION_STATUS_IN_CYCLE008_CHECKPOINT,"Proud representational craft and actually successful later taste coexist with a changed boundary: invitation, stop, Schale-only consumption and requested future written feedback. No onsite override, completed report, literal duplicate or new institutional hierarchy is supplied.",series/blue-archive/02 Sequential Readings/EVENTS/EVENT_810/BLUE_ARCHIVE_EVENT_810_PHASE2_CONTEXTUAL_COMPARISON_20261008.md,"{'owner_route_key': '810_reasoned_judgment', 'line': 129}",EXPLICIT_CURRENT_PACKAGE_OR_EPISODE_MAP
BA:event:810:083,CORE,ordinary repertoire; recipient agency/contrary endpoint; institution/work,ADMITTED_WITH_LIMITS_CYCLE008; QUALIFIED_CONTENT_COMPLETE; PUBLICATION_STATUS_IN_CYCLE008_CHECKPOINT,"Practical redirection, personal craft and excessive teasing coexist with method-specific refusal and withdrawal. Shopping completion does not show absent recipients receiving gifts, a kiss/mouth-to-mouth act, the guessed piece or completed MomoTalk feedback.",series/blue-archive/02 Sequential Readings/EVENTS/EVENT_810/BLUE_ARCHIVE_EVENT_810_PHASE2_CONTEXTUAL_COMPARISON_20261008.md,"{'owner_route_key': '810_reasoned_judgment', 'line': 130}",EXPLICIT_CURRENT_PACKAGE_OR_EPISODE_MAP
BA:event:810:084,CORE,recipient agency/contrary endpoint,ADMITTED_WITH_LIMITS_CYCLE008; QUALIFIED_CONTENT_COMPLETE; PUBLICATION_STATUS_IN_CYCLE008_CHECKPOINT,"Prepared media plans, revisions, fatigue and shy strategy culminate in a chosen ordinary present despite performance failure. Footage, upload/growth, consumed drinks/chocolate and an actual chief appointment remain unshown.",series/blue-archive/02 Sequential Readings/EVENTS/EVENT_810/BLUE_ARCHIVE_EVENT_810_PHASE2_CONTEXTUAL_COMPARISON_20261008.md,"{'owner_route_key': '810_reasoned_judgment', 'line': 131}",EXPLICIT_CURRENT_PACKAGE_OR_EPISODE_MAP
BA:event:810:085,CORE,ordinary repertoire; institution/work,ADMITTED_WITH_LIMITS_CYCLE008; QUALIFIED_CONTENT_COMPLETE; PUBLICATION_STATUS_IN_CYCLE008_CHECKPOINT,"Squad sweetness, camp craft, nostalgia and maker participation preserve pleasure beyond ration utility. The adult supplies space/ingredients rather than taking sole agency; three teammate cakes remain undelivered here.",series/blue-archive/02 Sequential Readings/EVENTS/EVENT_810/BLUE_ARCHIVE_EVENT_810_PHASE2_CONTEXTUAL_COMPARISON_20261008.md,"{'owner_route_key': '810_reasoned_judgment', 'line': 132}",EXPLICIT_CURRENT_PACKAGE_OR_EPISODE_MAP
BA:event:810:086,CORE,ordinary repertoire; provenance/identity/modes,ADMITTED_WITH_LIMITS_CYCLE008; QUALIFIED_CONTENT_COMPLETE; PUBLICATION_STATUS_IN_CYCLE008_CHECKPOINT,"Practical fire-making, concern, remembered treats and actual warm sharing qualify the destructive idiom. Two local contexts do not prove a catastrophe, completed drying, diagnosed illness or calorie rule.",series/blue-archive/02 Sequential Readings/EVENTS/EVENT_810/BLUE_ARCHIVE_EVENT_810_PHASE2_CONTEXTUAL_COMPARISON_20261008.md,"{'owner_route_key': '810_reasoned_judgment', 'line': 133}",EXPLICIT_CURRENT_PACKAGE_OR_EPISODE_MAP
BA:event:810:087,CORE,ordinary repertoire; recipient agency/contrary endpoint,ADMITTED_WITH_LIMITS_CYCLE008; QUALIFIED_CONTENT_COMPLETE; PUBLICATION_STATUS_IN_CYCLE008_CHECKPOINT,"Repeated openings, provision knowledge, leisure rhythms and a deliberately brought gift coexist with emphatic holiday denial. Future trial is not actual eating, efficacy or insomnia; late lights cannot override stated adequate-sleep alternatives.",series/blue-archive/02 Sequential Readings/EVENTS/EVENT_810/BLUE_ARCHIVE_EVENT_810_PHASE2_CONTEXTUAL_COMPARISON_20261008.md,"{'owner_route_key': '810_reasoned_judgment', 'line': 134}",EXPLICIT_CURRENT_PACKAGE_OR_EPISODE_MAP
BA:event:810:088,CORE,ordinary repertoire; recipient agency/contrary endpoint; provenance/identity/modes,ADMITTED_WITH_LIMITS_CYCLE008; QUALIFIED_CONTENT_COMPLETE; PUBLICATION_STATUS_IN_CYCLE008_CHECKPOINT,"An economical bark gift, wanted gratitude and fear of forgetting coexist with concern that changes reception to waiting and slow enjoyment. Rushed consumption/coughing is not measured injury, lifetime remembrance or a heard inward promise.",series/blue-archive/02 Sequential Readings/EVENTS/EVENT_810/BLUE_ARCHIVE_EVENT_810_PHASE2_CONTEXTUAL_COMPARISON_20261008.md,"{'owner_route_key': '810_reasoned_judgment', 'line': 135}",EXPLICIT_CURRENT_PACKAGE_OR_EPISODE_MAP
BA:event:810:089,CORE,ordinary repertoire; relations/care; institution/work,ADMITTED_WITH_LIMITS_CYCLE008; QUALIFIED_CONTENT_COMPLETE; PUBLICATION_STATUS_IN_CYCLE008_CHECKPOINT,"Stated calligraphy interest and temporary edible material coexist with alarm, acknowledged prank and an offered apology gift. Actual taste belongs to the proper owner; no completed writing/message, adult gift eating or confession is invented.",series/blue-archive/02 Sequential Readings/EVENTS/EVENT_810/BLUE_ARCHIVE_EVENT_810_PHASE2_CONTEXTUAL_COMPARISON_20261008.md,"{'owner_route_key': '810_reasoned_judgment', 'line': 136}",EXPLICIT_CURRENT_PACKAGE_OR_EPISODE_MAP
BA:event:810:090,CORE,institution/work; provenance/identity/modes,ADMITTED_WITH_LIMITS_CYCLE008; QUALIFIED_CONTENT_COMPLETE; PUBLICATION_STATUS_IN_CYCLE008_CHECKPOINT,"Material pride, perishable honor and chosen grateful recipient preserve rather than erase the work's value. Japanese200%last-year and Korean>200%average reports remain distinct; no factory audit, actual spoilage/eating or certified collective memory follows.",series/blue-archive/02 Sequential Readings/EVENTS/EVENT_810/BLUE_ARCHIVE_EVENT_810_PHASE2_CONTEXTUAL_COMPARISON_20261008.md,"{'owner_route_key': '810_reasoned_judgment', 'line': 137}",EXPLICIT_CURRENT_PACKAGE_OR_EPISODE_MAP
BA:event:810:091,CORE,ordinary repertoire; recipient agency/contrary endpoint; provenance/identity/modes,ADMITTED_WITH_LIMITS_CYCLE008; QUALIFIED_CONTENT_COMPLETE; PUBLICATION_STATUS_IN_CYCLE008_CHECKPOINT,"Researched sweetness, taste, selective disclosure and gratitude support a generous speaker-owned advice analogy. CurrentV2 preserves u38 character-narration and u39 future goodwill without invented MODE; nonalcoholic perception is not chemical proof or a global mechanism.",series/blue-archive/02 Sequential Readings/EVENTS/EVENT_810/BLUE_ARCHIVE_EVENT_810_PHASE2_CONTEXTUAL_COMPARISON_20261008.md,"{'owner_route_key': '810_reasoned_judgment', 'line': 138}",EXPLICIT_CURRENT_PACKAGE_OR_EPISODE_MAP
BA:event:810:092,CORE,recipient agency/contrary endpoint; relations/care,ADMITTED_WITH_LIMITS_CYCLE008; QUALIFIED_CONTENT_COMPLETE; PUBLICATION_STATUS_IN_CYCLE008_CHECKPOINT,"Explicit love of beautiful/cute things and collecting desire sit beside rescue utility and self-image conflict. Sudden feeding without prior assent, embarrassment and unfinished waiting persist; neither motive is cancelled and no clinical study or actual return is shown.",series/blue-archive/02 Sequential Readings/EVENTS/EVENT_810/BLUE_ARCHIVE_EVENT_810_PHASE2_CONTEXTUAL_COMPARISON_20261008.md,"{'owner_route_key': '810_reasoned_judgment', 'line': 139}",EXPLICIT_CURRENT_PACKAGE_OR_EPISODE_MAP
BA:event:810:093,CORE,recipient agency/contrary endpoint; relations/care; institution/work; provenance/identity/modes,ADMITTED_WITH_LIMITS_CYCLE008; QUALIFIED_CONTENT_COMPLETE; PUBLICATION_STATUS_IN_CYCLE008_CHECKPOINT,"Tailored coffee, available-material giving and companionship matter within unequal, unfinished work. The ill-timed work reminder and relief coexist; the unnamed chip eater is not Momoka, and efficacy/report/reprimand/meeting completion remain unproved.",series/blue-archive/02 Sequential Readings/EVENTS/EVENT_810/BLUE_ARCHIVE_EVENT_810_PHASE2_CONTEXTUAL_COMPARISON_20261008.md,"{'owner_route_key': '810_reasoned_judgment', 'line': 140}",EXPLICIT_CURRENT_PACKAGE_OR_EPISODE_MAP
BA:event:811:001,CORE,ordinary repertoire; recipient agency/contrary endpoint; relations/care; institution/work; provenance/identity/modes,ADMITTED_WITH_LIMITS_CYCLE008; QUALIFIED_CONTENT_COMPLETE; PUBLICATION_STATUS_IN_CYCLE008_CHECKPOINT,"Sena values peace because it means no emergency work, while curiosity and residual disappointment coexist,u2–9. Chihiro performs a restart and expects operation,u11–34, under a formal maintenance commission while Himari is away. Shopkeeper relief is actual at that encounter, not universal security. Her Japanese same-direction walking invitation differs from Korean accompaniment to the next check. Fubuki's boredom and attraction to beautiful mask/clothes remain real preferences rather than failed heroism,u38/u56/u67. Written expectation and chosen company give work an ordinary object.",series/blue-archive/02 Sequential Readings/EVENTS/EVENT_811/BLUE_ARCHIVE_EVENT_811_PHASE2_CONTEXTUAL_COMPARISON_20261008.md,"{'owner_route_key': '811', 'line': 76}",EXPLICIT_CURRENT_PACKAGE_OR_EPISODE_MAP
BA:event:811:002,CORE,recipient agency/contrary endpoint; provenance/identity/modes,ADMITTED_WITH_LIMITS_CYCLE008; QUALIFIED_CONTENT_COMPLETE; PUBLICATION_STATUS_IN_CYCLE008_CHECKPOINT,"narrationu1 establishes collective subdual. Authentication questions, hedged birthday password/memo reports and proposed inspectionu5–20 remain untested. Japanese conspicuous vehicle memo and Korean glovebox are distinct versions, not a silently pooled location. Actual capture does not confer sole-adult credit or secure credentials.",series/blue-archive/02 Sequential Readings/EVENTS/EVENT_811/BLUE_ARCHIVE_EVENT_811_PHASE2_CONTEXTUAL_COMPARISON_20261008.md,"{'owner_route_key': '811', 'line': 77}",EXPLICIT_CURRENT_PACKAGE_OR_EPISODE_MAP
BA:event:811:003,CORE,ordinary repertoire; recipient agency/contrary endpoint; institution/work; provenance/identity/modes,ADMITTED_WITH_LIMITS_CYCLE008; QUALIFIED_CONTENT_COMPLETE; PUBLICATION_STATUS_IN_CYCLE008_CHECKPOINT,"hygiene, selective address/refusal and recipient choice belong to Wakamo/local officers' actual positions. The officer legal threats and six text-command seams remain bounded; a choice to speak to Sensei does not prove reciprocal romance or verified law. E004's short aftermath gives an aged-facility report, inferred exploitation and intended modern transfer; no engineering inspection or completed secure move is printed.",series/blue-archive/02 Sequential Readings/EVENTS/EVENT_811/BLUE_ARCHIVE_EVENT_811_PHASE2_CONTEXTUAL_COMPARISON_20261008.md,"{'owner_route_key': '811', 'line': 78}",EXPLICIT_CURRENT_PACKAGE_OR_EPISODE_MAP
BA:event:811:004,CORE,ordinary repertoire; recipient agency/contrary endpoint; institution/work; provenance/identity/modes,ADMITTED_WITH_LIMITS_CYCLE008; QUALIFIED_CONTENT_COMPLETE; PUBLICATION_STATUS_IN_CYCLE008_CHECKPOINT,"hygiene, selective address/refusal and recipient choice belong to Wakamo/local officers' actual positions. The officer legal threats and six text-command seams remain bounded; a choice to speak to Sensei does not prove reciprocal romance or verified law. E004's short aftermath gives an aged-facility report, inferred exploitation and intended modern transfer; no engineering inspection or completed secure move is printed.",series/blue-archive/02 Sequential Readings/EVENTS/EVENT_811/BLUE_ARCHIVE_EVENT_811_PHASE2_CONTEXTUAL_COMPARISON_20261008.md,"{'owner_route_key': '811', 'line': 78}",EXPLICIT_CURRENT_PACKAGE_OR_EPISODE_MAP
BA:event:811:005,CORE,recipient agency/contrary endpoint; institution/work; provenance/identity/modes,ADMITTED_WITH_LIMITS_CYCLE008; QUALIFIED_CONTENT_COMPLETE; PUBLICATION_STATUS_IN_CYCLE008_CHECKPOINT,"an offered delicious oyakodon, Wakamo's confession-drug conjecture and guardA's denial are distinct. Eating, pharmacology and confession remain unshown. E006 reports a handcuff/oyakodon incident, substitutes proposed soba dinner and expresses a learning ideal,u7; neither mechanism, consumption nor tested procedure is supplied. The adult's parenthesized formal closing choice is not merged with an inward opening or a performed completed patrol.",series/blue-archive/02 Sequential Readings/EVENTS/EVENT_811/BLUE_ARCHIVE_EVENT_811_PHASE2_CONTEXTUAL_COMPARISON_20261008.md,"{'owner_route_key': '811', 'line': 79}",EXPLICIT_CURRENT_PACKAGE_OR_EPISODE_MAP
BA:event:811:006,CORE,recipient agency/contrary endpoint; institution/work; provenance/identity/modes,ADMITTED_WITH_LIMITS_CYCLE008; QUALIFIED_CONTENT_COMPLETE; PUBLICATION_STATUS_IN_CYCLE008_CHECKPOINT,"an offered delicious oyakodon, Wakamo's confession-drug conjecture and guardA's denial are distinct. Eating, pharmacology and confession remain unshown. E006 reports a handcuff/oyakodon incident, substitutes proposed soba dinner and expresses a learning ideal,u7; neither mechanism, consumption nor tested procedure is supplied. The adult's parenthesized formal closing choice is not merged with an inward opening or a performed completed patrol.",series/blue-archive/02 Sequential Readings/EVENTS/EVENT_811/BLUE_ARCHIVE_EVENT_811_PHASE2_CONTEXTUAL_COMPARISON_20261008.md,"{'owner_route_key': '811', 'line': 79}",EXPLICIT_CURRENT_PACKAGE_OR_EPISODE_MAP
BA:event:811:007,CORE,relations/care; provenance/identity/modes,ADMITTED_WITH_LIMITS_CYCLE008; QUALIFIED_CONTENT_COMPLETE; PUBLICATION_STATUS_IN_CYCLE008_CHECKPOINT,"apology, macarons and proposed calming give seasonal kindness an intrinsic place. Japanese North Wind and Sun is absent in Korean; the empty cell blocks a claim of shared eating or successful persuasion, without proving kindness universally futile. E008 preserves a question for grounds,u7/u10–11, no supplied grounds, then volunteered trust. Trust is an achieved relational act, not a security test or reliable later custody.",series/blue-archive/02 Sequential Readings/EVENTS/EVENT_811/BLUE_ARCHIVE_EVENT_811_PHASE2_CONTEXTUAL_COMPARISON_20261008.md,"{'owner_route_key': '811', 'line': 80}",EXPLICIT_CURRENT_PACKAGE_OR_EPISODE_MAP
BA:event:811:008,CORE,relations/care; provenance/identity/modes,ADMITTED_WITH_LIMITS_CYCLE008; QUALIFIED_CONTENT_COMPLETE; PUBLICATION_STATUS_IN_CYCLE008_CHECKPOINT,"apology, macarons and proposed calming give seasonal kindness an intrinsic place. Japanese North Wind and Sun is absent in Korean; the empty cell blocks a claim of shared eating or successful persuasion, without proving kindness universally futile. E008 preserves a question for grounds,u7/u10–11, no supplied grounds, then volunteered trust. Trust is an achieved relational act, not a security test or reliable later custody.",series/blue-archive/02 Sequential Readings/EVENTS/EVENT_811/BLUE_ARCHIVE_EVENT_811_PHASE2_CONTEXTUAL_COMPARISON_20261008.md,"{'owner_route_key': '811', 'line': 80}",EXPLICIT_CURRENT_PACKAGE_OR_EPISODE_MAP
BA:event:811:009,CORE,ordinary repertoire; relations/care; provenance/identity/modes,ADMITTED_WITH_LIMITS_CYCLE008; QUALIFIED_CONTENT_COMPLETE; PUBLICATION_STATUS_IN_CYCLE008_CHECKPOINT,"many local gifts are received and organized on a park bench,u5–21. Sena appreciates small problem-solving, advice, visiting and listening,u23–36. Her everyone-grateful generalization and worse-without-teacher counterfactual are not population measurements or sole-adult causal proof. Concern for risk, proposed withdrawal to fortified Schale and uncertain admirationu38–52 coexist with this gratitude. Two reasons for continuing patrol remain alternatives. Fulfilled ordinary exchange explains what protection serves without becoming only a model variable.",series/blue-archive/02 Sequential Readings/EVENTS/EVENT_811/BLUE_ARCHIVE_EVENT_811_PHASE2_CONTEXTUAL_COMPARISON_20261008.md,"{'owner_route_key': '811', 'line': 81}",EXPLICIT_CURRENT_PACKAGE_OR_EPISODE_MAP
BA:event:811:010,CORE,ordinary repertoire; relations/care; institution/work; provenance/identity/modes,ADMITTED_WITH_LIMITS_CYCLE008; QUALIFIED_CONTENT_COMPLETE; PUBLICATION_STATUS_IN_CYCLE008_CHECKPOINT,"neighborhood checks and needed adjustments are reported in Japanese, versus a Korean no-issue statement. Reported chief acknowledgment of insufficient capacity prompts cross-school aid. Actual text actor Yuuka's introduction isu42/raw268998 despite typedSuzumi; Hasumi,Suzumi,Chinatsu then contribute separately. Volunteered help to protect enjoyment and Yuuka/Chihiro teasing are individual motives, not generic reinforcement, fixed rivalry or romance. A guard promise still has no verified durable containment.",series/blue-archive/02 Sequential Readings/EVENTS/EVENT_811/BLUE_ARCHIVE_EVENT_811_PHASE2_CONTEXTUAL_COMPARISON_20261008.md,"{'owner_route_key': '811', 'line': 82}",EXPLICIT_CURRENT_PACKAGE_OR_EPISODE_MAP
BA:event:811:011,CORE,ordinary repertoire; provenance/identity/modes,ADMITTED_WITH_LIMITS_CYCLE008; QUALIFIED_CONTENT_COMPLETE; PUBLICATION_STATUS_IN_CYCLE008_CHECKPOINT,"the silent masked captive addressed as Wakamo is revealed as a local unjoined impostor,u60/raw269138. Masked-Wakamo tokensu32/raw269086 andu37/raw269091 do not certify the true person. Multiple camera appearances and numbers two/three are Chihiro's report, not cloning or an independently counted census. Leave/bonus worries and100 reflection-page threat are marked bravado/not-truth; no lost leave, paid bonus or performed punishment is shown. True Wakamo elsewhere says she waited for attention to move to the facility,u66–70; intention does not validate each implementation step.",series/blue-archive/02 Sequential Readings/EVENTS/EVENT_811/BLUE_ARCHIVE_EVENT_811_PHASE2_CONTEXTUAL_COMPARISON_20261008.md,"{'owner_route_key': '811', 'line': 83}",EXPLICIT_CURRENT_PACKAGE_OR_EPISODE_MAP
BA:event:811:012,CORE,ordinary repertoire; recipient agency/contrary endpoint; relations/care; provenance/identity/modes,ADMITTED_WITH_LIMITS_CYCLE008; QUALIFIED_CONTENT_COMPLETE; PUBLICATION_STATUS_IN_CYCLE008_CHECKPOINT,"Sena's neutralization/equipment contribution is reported; her protective pursuit is self-chosen and departure narrated. Chihiro reports nearby-system hacking and plans camera/traffic routing, but intermittent contact and Wakamo's stolen-gear jamming claim limit assurance. A local promise and toleration of parting do not establish reform, restitution, repaired injuries or final custody.",series/blue-archive/02 Sequential Readings/EVENTS/EVENT_811/BLUE_ARCHIVE_EVENT_811_PHASE2_CONTEXTUAL_COMPARISON_20261008.md,"{'owner_route_key': '811', 'line': 84}",EXPLICIT_CURRENT_PACKAGE_OR_EPISODE_MAP
BA:event:812:001,CORE,ordinary repertoire; relations/care,ADMITTED_WITH_LIMITS_CYCLE008; QUALIFIED_CONTENT_COMPLETE; PUBLICATION_STATUS_IN_CYCLE008_CHECKPOINT,"Careful intention, admired language and a fragile book that exceeds ordinary handling",series/blue-archive/02 Sequential Readings/EVENTS/EVENT_812/BLUE_ARCHIVE_EVENT_812_CONTEXTUALIZATION_CHECKPOINT.md,"{'owner_route_key': '812', 'line': 33}",EXPLICIT_CURRENT_EPISODE_MAP
BA:event:812:002,CORE,source-specific local progression and endpoint,ADMITTED_WITH_LIMITS_CYCLE008; QUALIFIED_CONTENT_COMPLETE; PUBLICATION_STATUS_IN_CYCLE008_CHECKPOINT,A librarian preserves professional limits while a concealment creates a new risk,series/blue-archive/02 Sequential Readings/EVENTS/EVENT_812/BLUE_ARCHIVE_EVENT_812_CONTEXTUALIZATION_CHECKPOINT.md,"{'owner_route_key': '812', 'line': 34}",EXPLICIT_CURRENT_EPISODE_MAP
BA:event:812:003,CORE,ordinary repertoire; recipient agency/contrary endpoint,ADMITTED_WITH_LIMITS_CYCLE008; QUALIFIED_CONTENT_COMPLETE; PUBLICATION_STATUS_IN_CYCLE008_CHECKPOINT,"Ui's book-centered expertise includes anger, boundaries, suspicion and a requested cake",series/blue-archive/02 Sequential Readings/EVENTS/EVENT_812/BLUE_ARCHIVE_EVENT_812_CONTEXTUALIZATION_CHECKPOINT.md,"{'owner_route_key': '812', 'line': 35}",EXPLICIT_CURRENT_EPISODE_MAP
BA:event:812:004,CORE,ordinary repertoire; institution/work,ADMITTED_WITH_LIMITS_CYCLE008; QUALIFIED_CONTENT_COMPLETE; PUBLICATION_STATUS_IN_CYCLE008_CHECKPOINT,"Sweets lovers organize around pleasure, scarcity and the release of a working maker",series/blue-archive/02 Sequential Readings/EVENTS/EVENT_812/BLUE_ARCHIVE_EVENT_812_CONTEXTUALIZATION_CHECKPOINT.md,"{'owner_route_key': '812', 'line': 36}",EXPLICIT_CURRENT_EPISODE_MAP
BA:event:812:005,CORE,ordinary repertoire,ADMITTED_WITH_LIMITS_CYCLE008; QUALIFIED_CONTENT_COMPLETE; PUBLICATION_STATUS_IN_CYCLE008_CHECKPOINT,A last cake is freely yielded while its maker wants to resume making,series/blue-archive/02 Sequential Readings/EVENTS/EVENT_812/BLUE_ARCHIVE_EVENT_812_CONTEXTUALIZATION_CHECKPOINT.md,"{'owner_route_key': '812', 'line': 37}",EXPLICIT_CURRENT_EPISODE_MAP
BA:event:812:006,CORE,ordinary repertoire; relations/care; provenance/identity/modes,ADMITTED_WITH_LIMITS_CYCLE008; QUALIFIED_CONTENT_COMPLETE; PUBLICATION_STATUS_IN_CYCLE008_CHECKPOINT,"Protective habits, reported imitation and a cake kept in hand",series/blue-archive/02 Sequential Readings/EVENTS/EVENT_812/BLUE_ARCHIVE_EVENT_812_CONTEXTUALIZATION_CHECKPOINT.md,"{'owner_route_key': '812', 'line': 38}",EXPLICIT_CURRENT_EPISODE_MAP
BA:event:812:007,CORE,relations/care,ADMITTED_WITH_LIMITS_CYCLE008; QUALIFIED_CONTENT_COMPLETE; PUBLICATION_STATUS_IN_CYCLE008_CHECKPOINT,An opponent's ordinary life becomes eligible for care before usefulness as material,series/blue-archive/02 Sequential Readings/EVENTS/EVENT_812/BLUE_ARCHIVE_EVENT_812_CONTEXTUALIZATION_CHECKPOINT.md,"{'owner_route_key': '812', 'line': 39}",EXPLICIT_CURRENT_EPISODE_MAP
BA:event:812:008,CORE,ordinary repertoire; recipient agency/contrary endpoint; institution/work,ADMITTED_WITH_LIMITS_CYCLE008; QUALIFIED_CONTENT_COMPLETE; PUBLICATION_STATUS_IN_CYCLE008_CHECKPOINT,"A crushed cake is accepted, but the book's work still has a material boundary",series/blue-archive/02 Sequential Readings/EVENTS/EVENT_812/BLUE_ARCHIVE_EVENT_812_CONTEXTUALIZATION_CHECKPOINT.md,"{'owner_route_key': '812', 'line': 40}",EXPLICIT_CURRENT_EPISODE_MAP
BA:event:812:009,CORE,ordinary repertoire; relations/care,ADMITTED_WITH_LIMITS_CYCLE008; QUALIFIED_CONTENT_COMPLETE; PUBLICATION_STATUS_IN_CYCLE008_CHECKPOINT,Serina's wanted visit and finite care redirect a deadline-bound errand,series/blue-archive/02 Sequential Readings/EVENTS/EVENT_812/BLUE_ARCHIVE_EVENT_812_CONTEXTUALIZATION_CHECKPOINT.md,"{'owner_route_key': '812', 'line': 41}",EXPLICIT_CURRENT_EPISODE_MAP
BA:event:812:010,CORE,ordinary repertoire; recipient agency/contrary endpoint; institution/work,ADMITTED_WITH_LIMITS_CYCLE008; QUALIFIED_CONTENT_COMPLETE; PUBLICATION_STATUS_IN_CYCLE008_CHECKPOINT,Permission to rest comes with a repaired request and an explicit personal boundary,series/blue-archive/02 Sequential Readings/EVENTS/EVENT_812/BLUE_ARCHIVE_EVENT_812_CONTEXTUALIZATION_CHECKPOINT.md,"{'owner_route_key': '812', 'line': 42}",EXPLICIT_CURRENT_EPISODE_MAP
BA:event:812:011,CORE,relations/care,ADMITTED_WITH_LIMITS_CYCLE008; QUALIFIED_CONTENT_COMPLETE; PUBLICATION_STATUS_IN_CYCLE008_CHECKPOINT,"A tentative change in company meets noise, dorm anxiety and a newly shortened deadline",series/blue-archive/02 Sequential Readings/EVENTS/EVENT_812/BLUE_ARCHIVE_EVENT_812_CONTEXTUALIZATION_CHECKPOINT.md,"{'owner_route_key': '812', 'line': 43}",EXPLICIT_CURRENT_EPISODE_MAP
BA:event:812:012,CORE,ordinary repertoire,ADMITTED_WITH_LIMITS_CYCLE008; QUALIFIED_CONTENT_COMPLETE; PUBLICATION_STATUS_IN_CYCLE008_CHECKPOINT,Hinata retains the day's pleasure and the book's value while choosing personal accountability,series/blue-archive/02 Sequential Readings/EVENTS/EVENT_812/BLUE_ARCHIVE_EVENT_812_CONTEXTUALIZATION_CHECKPOINT.md,"{'owner_route_key': '812', 'line': 44}",EXPLICIT_CURRENT_EPISODE_MAP
BA:event:812:013,CORE,ordinary repertoire; institution/work,ADMITTED_WITH_LIMITS_CYCLE008; QUALIFIED_CONTENT_COMPLETE; PUBLICATION_STATUS_IN_CYCLE008_CHECKPOINT,"Finished restoration, uneasy counterfactuals and a confession interrupted by security work",series/blue-archive/02 Sequential Readings/EVENTS/EVENT_812/BLUE_ARCHIVE_EVENT_812_CONTEXTUALIZATION_CHECKPOINT.md,"{'owner_route_key': '812', 'line': 45}",EXPLICIT_CURRENT_EPISODE_MAP
BA:event:812:014,CORE,ordinary repertoire; institution/work,ADMITTED_WITH_LIMITS_CYCLE008; QUALIFIED_CONTENT_COMPLETE; PUBLICATION_STATUS_IN_CYCLE008_CHECKPOINT,Shared appetite crosses rank while a diversion resolves the immediate book crisis,series/blue-archive/02 Sequential Readings/EVENTS/EVENT_812/BLUE_ARCHIVE_EVENT_812_CONTEXTUALIZATION_CHECKPOINT.md,"{'owner_route_key': '812', 'line': 46}",EXPLICIT_CURRENT_EPISODE_MAP
BA:event:812:015,CORE,ordinary repertoire; recipient agency/contrary endpoint,ADMITTED_WITH_LIMITS_CYCLE008; QUALIFIED_CONTENT_COMPLETE; PUBLICATION_STATUS_IN_CYCLE008_CHECKPOINT,"Ui's real tastes, chosen future access and private reading remain distinct from a total conversion",series/blue-archive/02 Sequential Readings/EVENTS/EVENT_812/BLUE_ARCHIVE_EVENT_812_CONTEXTUALIZATION_CHECKPOINT.md,"{'owner_route_key': '812', 'line': 47}",EXPLICIT_CURRENT_EPISODE_MAP
BA:event:813:001,HIGH,recipient agency/contrary endpoint; institution/work; provenance/identity/modes,ADMITTED_WITH_LIMITS_CYCLE008; QUALIFIED_CONTENT_COMPLETE; PUBLICATION_STATUS_IN_CYCLE008_CHECKPOINT,"encounter, support and counterpressure establish local ordinary reasons to meet; participant claims do not establish an institution-wide result.",series/blue-archive/02 Sequential Readings/EVENTS/EVENT_813/BLUE_ARCHIVE_EVENT_813_PHASE2_CONTEXTUAL_COMPARISON_20261008.md,"{'owner_route_key': '813', 'line': 86}",EXPLICIT_CURRENT_EPISODE_MAP
BA:event:813:002,HIGH,provenance/identity/modes,ADMITTED_WITH_LIMITS_CYCLE008; QUALIFIED_CONTENT_COMPLETE; PUBLICATION_STATUS_IN_CYCLE008_CHECKPOINT,continued encounter/ordinary material retains twenty-seven declared speaking seams; the typed projection cannot repair raw actors.,series/blue-archive/02 Sequential Readings/EVENTS/EVENT_813/BLUE_ARCHIVE_EVENT_813_PHASE2_CONTEXTUAL_COMPARISON_20261008.md,"{'owner_route_key': '813', 'line': 87}",EXPLICIT_CURRENT_EPISODE_MAP
BA:event:813:003,HIGH,source-specific local progression and endpoint,ADMITTED_WITH_LIMITS_CYCLE008; QUALIFIED_CONTENT_COMPLETE; PUBLICATION_STATUS_IN_CYCLE008_CHECKPOINT,"role assignment and interruption matter; the Japanese battle-entry ending and Korean wait-only ending are different formulations, not one performed endpoint.",series/blue-archive/02 Sequential Readings/EVENTS/EVENT_813/BLUE_ARCHIVE_EVENT_813_PHASE2_CONTEXTUAL_COMPARISON_20261008.md,"{'owner_route_key': '813', 'line': 88}",EXPLICIT_CURRENT_EPISODE_MAP
BA:event:813:004,HIGH,recipient agency/contrary endpoint; provenance/identity/modes,ADMITTED_WITH_LIMITS_CYCLE008; QUALIFIED_CONTENT_COMPLETE; PUBLICATION_STATUS_IN_CYCLE008_CHECKPOINT,"welcome, recollection and qualified effort; Korean finished-preparation report versus Japanese waiting does not establish an observed failed performance.",series/blue-archive/02 Sequential Readings/EVENTS/EVENT_813/BLUE_ARCHIVE_EVENT_813_PHASE2_CONTEXTUAL_COMPARISON_20261008.md,"{'owner_route_key': '813', 'line': 89}",EXPLICIT_CURRENT_EPISODE_MAP
BA:event:813:005,HIGH,relations/care; provenance/identity/modes,ADMITTED_WITH_LIMITS_CYCLE008; QUALIFIED_CONTENT_COMPLETE; PUBLICATION_STATUS_IN_CYCLE008_CHECKPOINT,"autograph, a loan's handling, thanks, collectible care and anticipation are desired ordinary exchanges beside protection promises; no later unprinted completion follows.",series/blue-archive/02 Sequential Readings/EVENTS/EVENT_813/BLUE_ARCHIVE_EVENT_813_PHASE2_CONTEXTUAL_COMPARISON_20261008.md,"{'owner_route_key': '813', 'line': 90}",EXPLICIT_CURRENT_EPISODE_MAP
BA:event:813:006,HIGH,provenance/identity/modes,ADMITTED_WITH_LIMITS_CYCLE008; QUALIFIED_CONTENT_COMPLETE; PUBLICATION_STATUS_IN_CYCLE008_CHECKPOINT,"mixed motives and broadcast/local response matter; u19/u20 attribution remains unresolved, with reports and conditions separate.",series/blue-archive/02 Sequential Readings/EVENTS/EVENT_813/BLUE_ARCHIVE_EVENT_813_PHASE2_CONTEXTUAL_COMPARISON_20261008.md,"{'owner_route_key': '813', 'line': 91}",EXPLICIT_CURRENT_EPISODE_MAP
BA:event:813:007,HIGH,provenance/identity/modes,ADMITTED_WITH_LIMITS_CYCLE008; QUALIFIED_CONTENT_COMPLETE; PUBLICATION_STATUS_IN_CYCLE008_CHECKPOINT,"mistaken identities, roles, open challenge and ordinary wishes coexist; a role contest neither settles identity errors nor erases small wants.",series/blue-archive/02 Sequential Readings/EVENTS/EVENT_813/BLUE_ARCHIVE_EVENT_813_PHASE2_CONTEXTUAL_COMPARISON_20261008.md,"{'owner_route_key': '813', 'line': 92}",EXPLICIT_CURRENT_EPISODE_MAP
BA:event:813:008,HIGH,ordinary repertoire; recipient agency/contrary endpoint,ADMITTED_WITH_LIMITS_CYCLE008; QUALIFIED_CONTENT_COMPLETE; PUBLICATION_STATUS_IN_CYCLE008_CHECKPOINT,"recognition, encouragement and deferred complaints/conversation; local passage is not already future arrival or guidance.",series/blue-archive/02 Sequential Readings/EVENTS/EVENT_813/BLUE_ARCHIVE_EVENT_813_PHASE2_CONTEXTUAL_COMPARISON_20261008.md,"{'owner_route_key': '813', 'line': 93}",EXPLICIT_CURRENT_EPISODE_MAP
BA:event:813:009,CORE,institution/work,ADMITTED_WITH_LIMITS_CYCLE008; QUALIFIED_CONTENT_COMPLETE; PUBLICATION_STATUS_IN_CYCLE008_CHECKPOINT,individual passage exposes collective/institutional limits; encouragement is not group-wide recognition.,series/blue-archive/02 Sequential Readings/EVENTS/EVENT_813/BLUE_ARCHIVE_EVENT_813_PHASE2_CONTEXTUAL_COMPARISON_20261008.md,"{'owner_route_key': '813', 'line': 94}",EXPLICIT_CURRENT_EPISODE_MAP
BA:event:813:010,HIGH,institution/work,ADMITTED_WITH_LIMITS_CYCLE008; QUALIFIED_CONTENT_COMPLETE; PUBLICATION_STATUS_IN_CYCLE008_CHECKPOINT,qualified permission/praise and tentative memory; no completed onward travel from a locally unshown ending.,series/blue-archive/02 Sequential Readings/EVENTS/EVENT_813/BLUE_ARCHIVE_EVENT_813_PHASE2_CONTEXTUAL_COMPARISON_20261008.md,"{'owner_route_key': '813', 'line': 95}",EXPLICIT_CURRENT_EPISODE_MAP
BA:event:813:011,CORE,recipient agency/contrary endpoint; relations/care,ADMITTED_WITH_LIMITS_CYCLE008; QUALIFIED_CONTENT_COMPLETE; PUBLICATION_STATUS_IN_CYCLE008_CHECKPOINT,public attention and mind-reader role with friendly practical counterpressure; the role is not verified supernatural efficacy.,series/blue-archive/02 Sequential Readings/EVENTS/EVENT_813/BLUE_ARCHIVE_EVENT_813_PHASE2_CONTEXTUAL_COMPARISON_20261008.md,"{'owner_route_key': '813', 'line': 96}",EXPLICIT_CURRENT_EPISODE_MAP
BA:event:813:012,HIGH,recipient agency/contrary endpoint; relations/care; provenance/identity/modes,ADMITTED_WITH_LIMITS_CYCLE008; QUALIFIED_CONTENT_COMPLETE; PUBLICATION_STATUS_IN_CYCLE008_CHECKPOINT,"local passage/care and qualified friend-strength opinion; achieved local result is distinct from the method claim, future arrival/rescue/conversation.",series/blue-archive/02 Sequential Readings/EVENTS/EVENT_813/BLUE_ARCHIVE_EVENT_813_PHASE2_CONTEXTUAL_COMPARISON_20261008.md,"{'owner_route_key': '813', 'line': 97}",EXPLICIT_CURRENT_EPISODE_MAP
BA:event:813:013,CORE,relations/care; institution/work,ADMITTED_WITH_LIMITS_CYCLE008; QUALIFIED_CONTENT_COMPLETE; PUBLICATION_STATUS_IN_CYCLE008_CHECKPOINT,"recognition, responsibility, friends' agency and manga route complicate a leader-only institutional account.",series/blue-archive/02 Sequential Readings/EVENTS/EVENT_813/BLUE_ARCHIVE_EVENT_813_PHASE2_CONTEXTUAL_COMPARISON_20261008.md,"{'owner_route_key': '813', 'line': 98}",EXPLICIT_CURRENT_EPISODE_MAP
BA:event:813:014,CORE,source-specific local progression and endpoint,ADMITTED_WITH_LIMITS_CYCLE008; QUALIFIED_CONTENT_COMPLETE; PUBLICATION_STATUS_IN_CYCLE008_CHECKPOINT,"local clearance, recommendation, reunion and interrupted disclosure are separate predicates, not one fulfilled explanation.",series/blue-archive/02 Sequential Readings/EVENTS/EVENT_813/BLUE_ARCHIVE_EVENT_813_PHASE2_CONTEXTUAL_COMPARISON_20261008.md,"{'owner_route_key': '813', 'line': 99}",EXPLICIT_CURRENT_EPISODE_MAP
BA:event:813:015,CORE,recipient agency/contrary endpoint; relations/care; provenance/identity/modes,ADMITTED_WITH_LIMITS_CYCLE008; QUALIFIED_CONTENT_COMPLETE; PUBLICATION_STATUS_IN_CYCLE008_CHECKPOINT,Kaho's failure assessment and attributed damage/recognition claims meet Tsukuyo's dissent and Michiru's apology/frustration/fear that Ibuki might cry.,series/blue-archive/02 Sequential Readings/EVENTS/EVENT_813/BLUE_ARCHIVE_EVENT_813_PHASE2_CONTEXTUAL_COMPARISON_20261008.md,"{'owner_route_key': '813', 'line': 100}",EXPLICIT_CURRENT_EPISODE_MAP
BA:event:813:016,CORE,recipient agency/contrary endpoint; relations/care; institution/work,ADMITTED_WITH_LIMITS_CYCLE008; QUALIFIED_CONTENT_COMPLETE; PUBLICATION_STATUS_IN_CYCLE008_CHECKPOINT,"friend solidarity and remembered height-linked invitation preserve conditional commitment; Iroha's future rescue help is still prospective, not club authorization.",series/blue-archive/02 Sequential Readings/EVENTS/EVENT_813/BLUE_ARCHIVE_EVENT_813_PHASE2_CONTEXTUAL_COMPARISON_20261008.md,"{'owner_route_key': '813', 'line': 101}",EXPLICIT_CURRENT_EPISODE_MAP
BA:event:813:017,CORE,ordinary repertoire; relations/care; provenance/identity/modes,ADMITTED_WITH_LIMITS_CYCLE008; QUALIFIED_CONTENT_COMPLETE; PUBLICATION_STATUS_IN_CYCLE008_CHECKPOINT,Iroha's film/cannon/distance reasoning and an improvised crossing plan reach movement/effect instructions without a locally printed landing/rescue.,series/blue-archive/02 Sequential Readings/EVENTS/EVENT_813/BLUE_ARCHIVE_EVENT_813_PHASE2_CONTEXTUAL_COMPARISON_20261008.md,"{'owner_route_key': '813', 'line': 102}",EXPLICIT_CURRENT_EPISODE_MAP
BA:event:813:018,CORE,relations/care; institution/work,ADMITTED_WITH_LIMITS_CYCLE008; QUALIFIED_CONTENT_COMPLETE; PUBLICATION_STATUS_IN_CYCLE008_CHECKPOINT,"specific catch/pull/help, relief, gratitude and Ibuki's quiet trust supply actual local rescue; they are not medical clearance or formal club recognition.",series/blue-archive/02 Sequential Readings/EVENTS/EVENT_813/BLUE_ARCHIVE_EVENT_813_PHASE2_CONTEXTUAL_COMPARISON_20261008.md,"{'owner_route_key': '813', 'line': 103}",EXPLICIT_CURRENT_EPISODE_MAP
BA:event:813:019,CORE,recipient agency/contrary endpoint; provenance/identity/modes,ADMITTED_WITH_LIMITS_CYCLE008; QUALIFIED_CONTENT_COMPLETE; PUBLICATION_STATUS_IN_CYCLE008_CHECKPOINT,"reported received toy, future goods wishes, fatigue, postponed application, cost dispute, public performance framing and Niya's admission of planning retain differentiated endings.",series/blue-archive/02 Sequential Readings/EVENTS/EVENT_813/BLUE_ARCHIVE_EVENT_813_PHASE2_CONTEXTUAL_COMPARISON_20261008.md,"{'owner_route_key': '813', 'line': 104}",EXPLICIT_CURRENT_EPISODE_MAP
BA:event:814:001,HIGH,source-specific local progression and endpoint,ADMITTED_WITH_LIMITS_CYCLE008; QUALIFIED_CONTENT_COMPLETE; PUBLICATION_STATUS_IN_CYCLE008_CHECKPOINT,"committee courtesy, saving/equipment decisions and sudden prize luck begin the holiday; terminal u0024 video token10012 is not inspected footage.",series/blue-archive/02 Sequential Readings/EVENTS/EVENT_814/BLUE_ARCHIVE_EVENT_814_PHASE2_CONTEXTUAL_COMPARISON_20261008.md,"{'owner_route_key': '814', 'line': 75}",EXPLICIT_CURRENT_EPISODE_MAP
BA:event:814:002,CORE,ordinary repertoire; relations/care,ADMITTED_WITH_LIMITS_CYCLE008; QUALIFIED_CONTENT_COMPLETE; PUBLICATION_STATUS_IN_CYCLE008_CHECKPOINT,"a noncash prize protects desired leisure from becoming debt repayment (u0012–0017); debt, accompaniment and rest desire persist.",series/blue-archive/02 Sequential Readings/EVENTS/EVENT_814/BLUE_ARCHIVE_EVENT_814_PHASE2_CONTEXTUAL_COMPARISON_20261008.md,"{'owner_route_key': '814', 'line': 76}",EXPLICIT_CURRENT_EPISODE_MAP
BA:event:814:003,CORE,relations/care,ADMITTED_WITH_LIMITS_CYCLE008; QUALIFIED_CONTENT_COMPLETE; PUBLICATION_STATUS_IN_CYCLE008_CHECKPOINT,"crash/fine print/ruins frustrate Serika's wish to give peers a good holiday; pilot fault protection, tears and renewed commitment have intrinsic value (u0025–0028,0055–0062,0082–0084).",series/blue-archive/02 Sequential Readings/EVENTS/EVENT_814/BLUE_ARCHIVE_EVENT_814_PHASE2_CONTEXTUAL_COMPARISON_20261008.md,"{'owner_route_key': '814', 'line': 77}",EXPLICIT_CURRENT_EPISODE_MAP
BA:event:814:004,CORE,recipient agency/contrary endpoint; relations/care; institution/work; provenance/identity/modes,ADMITTED_WITH_LIMITS_CYCLE008; QUALIFIED_CONTENT_COMPLETE; PUBLICATION_STATUS_IN_CYCLE008_CHECKPOINT,"Hoshino's guarded festival-memory objects, protective request and shared cleaning sit beside the broken contact promise (u0040–0065); no named unprinted tragedy follows.",series/blue-archive/02 Sequential Readings/EVENTS/EVENT_814/BLUE_ARCHIVE_EVENT_814_PHASE2_CONTEXTUAL_COMPARISON_20261008.md,"{'owner_route_key': '814', 'line': 78}",EXPLICIT_CURRENT_EPISODE_MAP
BA:event:814:005,HIGH,source-specific local progression and endpoint,ADMITTED_WITH_LIMITS_CYCLE008; QUALIFIED_CONTENT_COMPLETE; PUBLICATION_STATUS_IN_CYCLE008_CHECKPOINT,earlier cleaning is undone by destructive battle; misunderstanding can be corrected while opponent pain and preferred withdrawal remain.,series/blue-archive/02 Sequential Readings/EVENTS/EVENT_814/BLUE_ARCHIVE_EVENT_814_PHASE2_CONTEXTUAL_COMPARISON_20261008.md,"{'owner_route_key': '814', 'line': 79}",EXPLICIT_CURRENT_EPISODE_MAP
BA:event:814:006,CORE,recipient agency/contrary endpoint; relations/care,ADMITTED_WITH_LIMITS_CYCLE008; QUALIFIED_CONTENT_COMPLETE; PUBLICATION_STATUS_IN_CYCLE008_CHECKPOINT,"prepared fishing, Serika's practical objections, faulty fish-shooting improvisation, net use and Shiroko's explicit trust in Ayane coexist with preemptive attack (u0043–0073,0097–0098).",series/blue-archive/02 Sequential Readings/EVENTS/EVENT_814/BLUE_ARCHIVE_EVENT_814_PHASE2_CONTEXTUAL_COMPARISON_20261008.md,"{'owner_route_key': '814', 'line': 80}",EXPLICIT_CURRENT_EPISODE_MAP
BA:event:814:007,CORE,ordinary repertoire,ADMITTED_WITH_LIMITS_CYCLE008; QUALIFIED_CONTENT_COMPLETE; PUBLICATION_STATUS_IN_CYCLE008_CHECKPOINT,"a ruined rod disappoints Shiroko after tactical success (u0024–0028). The hobby's loss is a real ending, not negated by winning.",series/blue-archive/02 Sequential Readings/EVENTS/EVENT_814/BLUE_ARCHIVE_EVENT_814_PHASE2_CONTEXTUAL_COMPARISON_20261008.md,"{'owner_route_key': '814', 'line': 81}",EXPLICIT_CURRENT_EPISODE_MAP
BA:event:814:008,HIGH,ordinary repertoire; recipient agency/contrary endpoint; relations/care,ADMITTED_WITH_LIMITS_CYCLE008; QUALIFIED_CONTENT_COMPLETE; PUBLICATION_STATUS_IN_CYCLE008_CHECKPOINT,Wakamo's rescue appraisal ignores supposed-victim testimony and offered negotiation; force/polite address does not grant recipient assent.,series/blue-archive/02 Sequential Readings/EVENTS/EVENT_814/BLUE_ARCHIVE_EVENT_814_PHASE2_CONTEXTUAL_COMPARISON_20261008.md,"{'owner_route_key': '814', 'line': 82}",EXPLICIT_CURRENT_EPISODE_MAP
BA:event:814:009,CORE,recipient agency/contrary endpoint,ADMITTED_WITH_LIMITS_CYCLE008; QUALIFIED_CONTENT_COMPLETE; PUBLICATION_STATUS_IN_CYCLE008_CHECKPOINT,the gang's boat is home/return route; Love and subordinates resist its surrender while coerced assistance and exhaustion matter (u0028–0043).,series/blue-archive/02 Sequential Readings/EVENTS/EVENT_814/BLUE_ARCHIVE_EVENT_814_PHASE2_CONTEXTUAL_COMPARISON_20261008.md,"{'owner_route_key': '814', 'line': 83}",EXPLICIT_CURRENT_EPISODE_MAP
BA:event:814:010,HIGH,relations/care; institution/work; provenance/identity/modes,ADMITTED_WITH_LIMITS_CYCLE008; QUALIFIED_CONTENT_COMPLETE; PUBLICATION_STATUS_IN_CYCLE008_CHECKPOINT,"ticket-use permission and technical registration differ; activation produces an immediate security problem, not complete protection.",series/blue-archive/02 Sequential Readings/EVENTS/EVENT_814/BLUE_ARCHIVE_EVENT_814_PHASE2_CONTEXTUAL_COMPARISON_20261008.md,"{'owner_route_key': '814', 'line': 84}",EXPLICIT_CURRENT_EPISODE_MAP
BA:event:814:011,HIGH,recipient agency/contrary endpoint,ADMITTED_WITH_LIMITS_CYCLE008; QUALIFIED_CONTENT_COMPLETE; PUBLICATION_STATUS_IN_CYCLE008_CHECKPOINT,quick registration succeeds and credit is distributed; the system also harms outsiders. Local authentication is not enduring safety.,series/blue-archive/02 Sequential Readings/EVENTS/EVENT_814/BLUE_ARCHIVE_EVENT_814_PHASE2_CONTEXTUAL_COMPARISON_20261008.md,"{'owner_route_key': '814', 'line': 85}",EXPLICIT_CURRENT_EPISODE_MAP
BA:event:814:012,CORE,source-specific local progression and endpoint,ADMITTED_WITH_LIMITS_CYCLE008; QUALIFIED_CONTENT_COMPLETE; PUBLICATION_STATUS_IN_CYCLE008_CHECKPOINT,"barbecue/night leisure and Nonomi/Hoshino's bounded reciprocal conversation are central character evidence (u0056–0096); an old poster/set is revealed memory, not a newly occurred past event.",series/blue-archive/02 Sequential Readings/EVENTS/EVENT_814/BLUE_ARCHIVE_EVENT_814_PHASE2_CONTEXTUAL_COMPARISON_20261008.md,"{'owner_route_key': '814', 'line': 86}",EXPLICIT_CURRENT_EPISODE_MAP
BA:event:814:013,CORE,ordinary repertoire; relations/care; provenance/identity/modes,ADMITTED_WITH_LIMITS_CYCLE008; QUALIFIED_CONTENT_COMPLETE; PUBLICATION_STATUS_IN_CYCLE008_CHECKPOINT,next-day watch/rest reciprocity and repair/machine help are actually available; planned repair is not a full technical or safety audit.,series/blue-archive/02 Sequential Readings/EVENTS/EVENT_814/BLUE_ARCHIVE_EVENT_814_PHASE2_CONTEXTUAL_COMPARISON_20261008.md,"{'owner_route_key': '814', 'line': 87}",EXPLICIT_CURRENT_EPISODE_MAP
BA:event:814:014,CORE,relations/care,ADMITTED_WITH_LIMITS_CYCLE008; QUALIFIED_CONTENT_COMPLETE; PUBLICATION_STATUS_IN_CYCLE008_CHECKPOINT,"Hoshino explicitly contrasts former solitary fighting with expecting peer help; timely local assistance supports that expectation (u0018–0031), without dating former/current states against MAIN.",series/blue-archive/02 Sequential Readings/EVENTS/EVENT_814/BLUE_ARCHIVE_EVENT_814_PHASE2_CONTEXTUAL_COMPARISON_20261008.md,"{'owner_route_key': '814', 'line': 88}",EXPLICIT_CURRENT_EPISODE_MAP
BA:event:814:015,CORE,institution/work,ADMITTED_WITH_LIMITS_CYCLE008; QUALIFIED_CONTENT_COMPLETE; PUBLICATION_STATUS_IN_CYCLE008_CHECKPOINT,"defense, continuing hostility and an explanation of shared archipelago permissions revise exclusive entitlement (u0056–0071); opponents' retreat is not reform.",series/blue-archive/02 Sequential Readings/EVENTS/EVENT_814/BLUE_ARCHIVE_EVENT_814_PHASE2_CONTEXTUAL_COMPARISON_20261008.md,"{'owner_route_key': '814', 'line': 89}",EXPLICIT_CURRENT_EPISODE_MAP
BA:event:814:016,CORE,ordinary repertoire; institution/work; provenance/identity/modes,ADMITTED_WITH_LIMITS_CYCLE008; QUALIFIED_CONTENT_COMPLETE; PUBLICATION_STATUS_IN_CYCLE008_CHECKPOINT,"imperfect enjoyment, a souvenir, resumed work and planned cleanup/departure coexist with an unprinted rights-holder clue (u0011–0029,0035–0052). No ownership/issuer solution is provided.",series/blue-archive/02 Sequential Readings/EVENTS/EVENT_814/BLUE_ARCHIVE_EVENT_814_PHASE2_CONTEXTUAL_COMPARISON_20261008.md,"{'owner_route_key': '814', 'line': 90}",EXPLICIT_CURRENT_EPISODE_MAP
BA:event:815:001,HIGH,ordinary repertoire; relations/care; institution/work; provenance/identity/modes,ADMITTED_WITH_LIMITS_CYCLE008; QUALIFIED_CONTENT_COMPLETE; PUBLICATION_STATUS_IN_CYCLE008_CHECKPOINT,the separately represented two-scene summer frame makes the ending's wanted memories/company intelligible; it does not pre-settle commercial/property outcomes. Its21 attributed actor seams remain qualified.,series/blue-archive/02 Sequential Readings/EVENTS/EVENT_815/BLUE_ARCHIVE_EVENT_815_PHASE2_CONTEXTUAL_COMPARISON_20261008.md,"{'owner_route_key': '815', 'line': 71}",EXPLICIT_CURRENT_EPISODE_MAP
BA:event:815:002,HIGH,source-specific local progression and endpoint,ADMITTED_WITH_LIMITS_CYCLE008; QUALIFIED_CONTENT_COMPLETE; PUBLICATION_STATUS_IN_CYCLE008_CHECKPOINT,"introductions, investigation and explanatory communication matter before u145's proposed information exchange. The proposed terminal exchange does not annul earlier actual communication or become completed in002.",series/blue-archive/02 Sequential Readings/EVENTS/EVENT_815/BLUE_ARCHIVE_EVENT_815_PHASE2_CONTEXTUAL_COMPARISON_20261008.md,"{'owner_route_key': '815', 'line': 72}",EXPLICIT_CURRENT_EPISODE_MAP
BA:event:815:003,HIGH,recipient agency/contrary endpoint,ADMITTED_WITH_LIMITS_CYCLE008; QUALIFIED_CONTENT_COMPLETE; PUBLICATION_STATUS_IN_CYCLE008_CHECKPOINT,"local situation-sorting/exchange advances understanding; a terminal campaign announcement is future activity, not execution/profit. Exact stable scene001 prevents inventing a scene002.",series/blue-archive/02 Sequential Readings/EVENTS/EVENT_815/BLUE_ARCHIVE_EVENT_815_PHASE2_CONTEXTUAL_COMPARISON_20261008.md,"{'owner_route_key': '815', 'line': 73}",EXPLICIT_CURRENT_EPISODE_MAP
BA:event:815:004,CORE,institution/work,ADMITTED_WITH_LIMITS_CYCLE008; QUALIFIED_CONTENT_COMPLETE; PUBLICATION_STATUS_IN_CYCLE008_CHECKPOINT,sulphur-miner work/negotiation supplies another party's ordinary reactions and accommodation context. The JP/KR difference within C006's one option is not an additional alternative or one common enacted response.,series/blue-archive/02 Sequential Readings/EVENTS/EVENT_815/BLUE_ARCHIVE_EVENT_815_PHASE2_CONTEXTUAL_COMPARISON_20261008.md,"{'owner_route_key': '815', 'line': 74}",EXPLICIT_CURRENT_EPISODE_MAP
BA:event:815:005,CORE,recipient agency/contrary endpoint; institution/work; provenance/identity/modes,ADMITTED_WITH_LIMITS_CYCLE008; QUALIFIED_CONTENT_COMPLETE; PUBLICATION_STATUS_IN_CYCLE008_CHECKPOINT,"reciprocal cooperation and concession are actual local progress; future activity, signed-paper status and deep-sea goal are not fulfilled here. A ruthless analogy is not a fixed moral identity or additional observed act.",series/blue-archive/02 Sequential Readings/EVENTS/EVENT_815/BLUE_ARCHIVE_EVENT_815_PHASE2_CONTEXTUAL_COMPARISON_20261008.md,"{'owner_route_key': '815', 'line': 75}",EXPLICIT_CURRENT_EPISODE_MAP
BA:event:815:006,HIGH,relations/care,ADMITTED_WITH_LIMITS_CYCLE008; QUALIFIED_CONTENT_COMPLETE; PUBLICATION_STATUS_IN_CYCLE008_CHECKPOINT,"concern, communication and entrusting remain significant in a short transition. Radio statements are local conversational evidence, not directly witnessed combat or recovery.",series/blue-archive/02 Sequential Readings/EVENTS/EVENT_815/BLUE_ARCHIVE_EVENT_815_PHASE2_CONTEXTUAL_COMPARISON_20261008.md,"{'owner_route_key': '815', 'line': 76}",EXPLICIT_CURRENT_EPISODE_MAP
BA:event:815:007,CORE,recipient agency/contrary endpoint,ADMITTED_WITH_LIMITS_CYCLE008; QUALIFIED_CONTENT_COMPLETE; PUBLICATION_STATUS_IN_CYCLE008_CHECKPOINT,"call offers, acknowledgment, reliance and Mimori's conditional alternative expose possibilities of substitution. Entry, victory, prizes and recovery remain pending within007.",series/blue-archive/02 Sequential Readings/EVENTS/EVENT_815/BLUE_ARCHIVE_EVENT_815_PHASE2_CONTEXTUAL_COMPARISON_20261008.md,"{'owner_route_key': '815', 'line': 77}",EXPLICIT_CURRENT_EPISODE_MAP
BA:event:815:008,CORE,recipient agency/contrary endpoint,ADMITTED_WITH_LIMITS_CYCLE008; QUALIFIED_CONTENT_COMPLETE; PUBLICATION_STATUS_IN_CYCLE008_CHECKPOINT,the represented substitute victory and verbal commitment supply actual local fulfillment beyond007's offers; future rules/documents/continuing compliance are not complete.,series/blue-archive/02 Sequential Readings/EVENTS/EVENT_815/BLUE_ARCHIVE_EVENT_815_PHASE2_CONTEXTUAL_COMPARISON_20261008.md,"{'owner_route_key': '815', 'line': 78}",EXPLICIT_CURRENT_EPISODE_MAP
BA:event:815:009,CORE,recipient agency/contrary endpoint; institution/work; provenance/identity/modes,ADMITTED_WITH_LIMITS_CYCLE008; QUALIFIED_CONTENT_COMPLETE; PUBLICATION_STATUS_IN_CYCLE008_CHECKPOINT,"Genbu appetite, smell/hunger, pricing, corporate claims, return request/refusal and support turn participation into a control dispute. No ingestion,009 battle/burning, payment/refund or inspected contract follows.",series/blue-archive/02 Sequential Readings/EVENTS/EVENT_815/BLUE_ARCHIVE_EVENT_815_PHASE2_CONTEXTUAL_COMPARISON_20261008.md,"{'owner_route_key': '815', 'line': 79}",EXPLICIT_CURRENT_EPISODE_MAP
BA:event:815:010,CORE,recipient agency/contrary endpoint; institution/work; provenance/identity/modes,ADMITTED_WITH_LIMITS_CYCLE008; QUALIFIED_CONTENT_COMPLETE; PUBLICATION_STATUS_IN_CYCLE008_CHECKPOINT,"Izuna's represented victory, Shizuko's refusal and practical radio agreement resist the demand. PMC defeat is reported; dispatch/accepted contract/lasting repair are not certified, and a future social meeting may still be declined.",series/blue-archive/02 Sequential Readings/EVENTS/EVENT_815/BLUE_ARCHIVE_EVENT_815_PHASE2_CONTEXTUAL_COMPARISON_20261008.md,"{'owner_route_key': '815', 'line': 80}",EXPLICIT_CURRENT_EPISODE_MAP
BA:event:815:011,CORE,ordinary repertoire; recipient agency/contrary endpoint; relations/care; institution/work; provenance/identity/modes,ADMITTED_WITH_LIMITS_CYCLE008; QUALIFIED_CONTENT_COMPLETE; PUBLICATION_STATUS_IN_CYCLE008_CHECKPOINT,"Shizuko protects festival pleasure and project identity through refusal; strategic exchange, praise/fluster, concern and Serika's dissent matter alongside institutional pressure. Conditional willingness to give up is not abandonment, and Hoshino's undisclosed plan is not unanimity or completed execution.",series/blue-archive/02 Sequential Readings/EVENTS/EVENT_815/BLUE_ARCHIVE_EVENT_815_PHASE2_CONTEXTUAL_COMPARISON_20261008.md,"{'owner_route_key': '815', 'line': 81}",EXPLICIT_CURRENT_EPISODE_MAP
BA:event:815:012,CORE,ordinary repertoire; recipient agency/contrary endpoint; relations/care,ADMITTED_WITH_LIMITS_CYCLE008; QUALIFIED_CONTENT_COMPLETE; PUBLICATION_STATUS_IN_CYCLE008_CHECKPOINT,"earnest effort, festival fun, companions' affirmation, Shizuko's explicit refusal, masked Shiroko's reveal and allied arrival are actual positive extent. An attractive franchise proposal/pause is not signature/money/profit/restored reputation; operation start u130 does not pre-complete013.",series/blue-archive/02 Sequential Readings/EVENTS/EVENT_815/BLUE_ARCHIVE_EVENT_815_PHASE2_CONTEXTUAL_COMPARISON_20261008.md,"{'owner_route_key': '815', 'line': 82}",EXPLICIT_CURRENT_EPISODE_MAP
BA:event:815:013,CORE,ordinary repertoire; recipient agency/contrary endpoint; relations/care; provenance/identity/modes,ADMITTED_WITH_LIMITS_CYCLE008; QUALIFIED_CONTENT_COMPLETE; PUBLICATION_STATUS_IN_CYCLE008_CHECKPOINT,"local escape, reported collective victory, permitted/enacted feast, taste/company, requested praise and chosen memories culminate the project. Three-day departure, proposed fund recovery, an unaccepted offered bite and future advice/support retain different unfinished endpoints.",series/blue-archive/02 Sequential Readings/EVENTS/EVENT_815/BLUE_ARCHIVE_EVENT_815_PHASE2_CONTEXTUAL_COMPARISON_20261008.md,"{'owner_route_key': '815', 'line': 83}",EXPLICIT_CURRENT_EPISODE_MAP
BA:event:816:001,CORE,ordinary repertoire; institution/work,ADMITTED_WITH_LIMITS_CYCLE008; QUALIFIED_CONTENT_COMPLETE; PUBLICATION_STATUS_IN_CYCLE008_CHECKPOINT,"An initially anonymous caller checks that the phone connects, asks whether Sensei is at Schale, then identifies herself as first-year Trinity student Kyoyama Kazusa of the After-School Sweets Club (`u:0001–0005`). Hesitation and self-correction make requesting an appointment into the scene's action: she sends a crossing-area photograph and asks to meet, rather than arriving with a fully formulated demand (`u:0006–0009`). The `#video;10014` marker at `u:0030` supplies no inspected visual or performed voice.",series/blue-archive/02 Sequential Readings/EVENTS/EVENT_816/BLUE_ARCHIVE_EVENT_816_EPISODE_001_DEEP_READING.md,"{'owner_route_key': '816_episode_001', 'line': 24}",EXPLICIT_CURRENT_PACKAGE_MAP_WITH_ADMITTED_SOURCE_FACING_ARGUMENT
BA:event:816:002,CORE,recipient agency/contrary endpoint; provenance/identity/modes,ADMITTED_WITH_LIMITS_CYCLE008; QUALIFIED_CONTENT_COMPLETE; PUBLICATION_STATUS_IN_CYCLE008_CHECKPOINT,"Kazusa immediately narrows Sensei's alarming interpretation of “stalker.” She first suggests that a simple case would merely require contacting the Justice Task Force, then retracts that route (`u:0001–0009`). The retraction is important: familiarity with a formal enforcement channel does not make it her chosen solution. The text supplies a disruptive pursuit and challenge; it does not yet establish the rival's motive or prove a completed attack/injury.",series/blue-archive/02 Sequential Readings/EVENTS/EVENT_816/BLUE_ARCHIVE_EVENT_816_EPISODE_002_DEEP_READING.md,"{'owner_route_key': '816_episode_002', 'line': 24}",EXPLICIT_CURRENT_PACKAGE_MAP_WITH_ADMITTED_SOURCE_FACING_ARGUMENT
BA:event:816:003,CORE,ordinary repertoire,ADMITTED_WITH_LIMITS_CYCLE008; QUALIFIED_CONTENT_COMPLETE; PUBLICATION_STATUS_IN_CYCLE008_CHECKPOINT,"The opening exchange is pursuit and rejection: Reisa orders Kazusa to stop, while Kazusa tells her to leave (`u:0001–0002`). Kazusa returns exhausted but checks whether Sensei was caught in the incident (`u:0003–0008`). The transcript represents a shown photograph through dialogue; its pixels, clothing details beyond the speech, and provenance are not inspected.",series/blue-archive/02 Sequential Readings/EVENTS/EVENT_816/BLUE_ARCHIVE_EVENT_816_EPISODE_003_DEEP_READING.md,"{'owner_route_key': '816_episode_003', 'line': 24}",EXPLICIT_CURRENT_PACKAGE_MAP_WITH_ADMITTED_SOURCE_FACING_ARGUMENT
BA:event:816:004,CORE,relations/care; institution/work; provenance/identity/modes,ADMITTED_WITH_LIMITS_CYCLE008; QUALIFIED_CONTENT_COMPLETE; PUBLICATION_STATUS_IN_CYCLE008_CHECKPOINT,"Near the school gate Kazusa thanks Sensei in a conspicuously formal register. Asked about it, she explains that Sensei is an elder (`u:0001–0010; choice:001`). The explanation remains incomplete.",series/blue-archive/02 Sequential Readings/EVENTS/EVENT_816/BLUE_ARCHIVE_EVENT_816_EPISODE_004_DEEP_READING.md,"{'owner_route_key': '816_episode_004', 'line': 24}",EXPLICIT_CURRENT_PACKAGE_MAP_WITH_ADMITTED_SOURCE_FACING_ARGUMENT
BA:event:816:005,CORE,source-specific local progression and endpoint,ADMITTED_WITH_LIMITS_CYCLE008; QUALIFIED_CONTENT_COMPLETE; PUBLICATION_STATUS_IN_CYCLE008_CHECKPOINT,Defeated delinquents complain about surprise attack and Reisa's changing heroic names (`u:0001–0005`). Suzumi observes Reisa has solved the immediate situation alone; Reisa says expected support gave courage even though timing made her enter first (`u:0006–0013`). The latter is not yet a diagnosis or a statement Kazusa hears.,series/blue-archive/02 Sequential Readings/EVENTS/EVENT_816/BLUE_ARCHIVE_EVENT_816_EPISODE_005_DEEP_READING.md,"{'owner_route_key': '816_episode_005', 'line': 26}",EXPLICIT_CURRENT_PACKAGE_MAP_WITH_ADMITTED_SOURCE_FACING_ARGUMENT
BA:event:816:006,CORE,provenance/identity/modes,ADMITTED_WITH_LIMITS_CYCLE008; QUALIFIED_CONTENT_COMPLETE; PUBLICATION_STATUS_IN_CYCLE008_CHECKPOINT,"Sensei visits Airi, Yoshimi and Natsu. Yoshimi doubts the claim of a casual visit, while Airi becomes anxious (`u:0001–0013; choices:001–002`).",series/blue-archive/02 Sequential Readings/EVENTS/EVENT_816/BLUE_ARCHIVE_EVENT_816_EPISODE_006_DEEP_READING.md,"{'owner_route_key': '816_episode_006', 'line': 24}",EXPLICIT_CURRENT_PACKAGE_MAP_WITH_ADMITTED_SOURCE_FACING_ARGUMENT
BA:event:816:007,CORE,relations/care; provenance/identity/modes,ADMITTED_WITH_LIMITS_CYCLE008; QUALIFIED_CONTENT_COMPLETE; PUBLICATION_STATUS_IN_CYCLE008_CHECKPOINT,"Kazusa notices Sensei has arrived early, thanks the patience, and jokes that repeated “it's fine” makes the adult's true availability hard to judge (`u:0002–0006; choice:001`). This is an ordinary interaction about reliability, not merely a plot bridge. Her claim that she suddenly realized this supplies a self-account, not yet a complete causal history.",series/blue-archive/02 Sequential Readings/EVENTS/EVENT_816/BLUE_ARCHIVE_EVENT_816_EPISODE_007_DEEP_READING.md,"{'owner_route_key': '816_episode_007', 'line': 24}",EXPLICIT_CURRENT_PACKAGE_MAP_WITH_ADMITTED_SOURCE_FACING_ARGUMENT
BA:event:816:008,CORE,recipient agency/contrary endpoint; provenance/identity/modes,ADMITTED_WITH_LIMITS_CYCLE008; QUALIFIED_CONTENT_COMPLETE; PUBLICATION_STATUS_IN_CYCLE008_CHECKPOINT,"Kazusa expects continued consultation about Reisa and is puzzled when Sensei makes her the consultation subject. She accepts the adult's judgment without understanding the rationale (`u:0002–0011`). This doubt is her interpretation of an embarrassing escalation, not authorial proof that she failed to change.",series/blue-archive/02 Sequential Readings/EVENTS/EVENT_816/BLUE_ARCHIVE_EVENT_816_EPISODE_008_DEEP_READING.md,"{'owner_route_key': '816_episode_008', 'line': 24}",EXPLICIT_CURRENT_PACKAGE_MAP_WITH_ADMITTED_SOURCE_FACING_ARGUMENT
BA:event:816:009,CORE,recipient agency/contrary endpoint; relations/care,ADMITTED_WITH_LIMITS_CYCLE008; QUALIFIED_CONTENT_COMPLETE; PUBLICATION_STATUS_IN_CYCLE008_CHECKPOINT,"Kazusa values the friends’ caring intention and says it makes her happy, while asking whether she requested their performance and setting future noninterference. Gratitude corrects the form of friendship; it does not waive the boundary or explain silent Reisa’s feelings (u0026–0053).",series/blue-archive/02 Sequential Readings/EVENTS/EVENT_816/BLUE_ARCHIVE_EVENT_816_EPISODE_009_DEEP_READING.md,"{'owner_route_key': '816_episode_009', 'line': 28}",EXPLICIT_CURRENT_PACKAGE_MAP_WITH_ADMITTED_SOURCE_FACING_ARGUMENT
BA:event:816:010,CORE,source-specific local progression and endpoint,ADMITTED_WITH_LIMITS_CYCLE008; QUALIFIED_CONTENT_COMPLETE; PUBLICATION_STATUS_IN_CYCLE008_CHECKPOINT,"Sensei initiates the meeting. Reisa performs an emphatic formal greeting, then immediately assures Sensei that she has heard Kazusa's wish and will stop interfering with her ordinary life (`u:0001–0012`). The result is not shown in this unit.",series/blue-archive/02 Sequential Readings/EVENTS/EVENT_816/BLUE_ARCHIVE_EVENT_816_EPISODE_010_DEEP_READING.md,"{'owner_route_key': '816_episode_010', 'line': 24}",EXPLICIT_CURRENT_PACKAGE_MAP_WITH_ADMITTED_SOURCE_FACING_ARGUMENT
BA:event:816:011,CORE,recipient agency/contrary endpoint; provenance/identity/modes,ADMITTED_WITH_LIMITS_CYCLE008; QUALIFIED_CONTENT_COMPLETE; PUBLICATION_STATUS_IN_CYCLE008_CHECKPOINT,"Reisa checks whether Sensei is injured and is reassured (`u:0001–0005; choice:001`). This supports present concern, not a clinical examination. Reisa leaves to avoid troubling Sensei and hopes to meet the adult somewhere without Kazusa (`u:0033–0039`).",series/blue-archive/02 Sequential Readings/EVENTS/EVENT_816/BLUE_ARCHIVE_EVENT_816_EPISODE_011_DEEP_READING.md,"{'owner_route_key': '816_episode_011', 'line': 24}",EXPLICIT_CURRENT_PACKAGE_MAP_WITH_ADMITTED_SOURCE_FACING_ARGUMENT
BA:event:816:012,CORE,ordinary repertoire; recipient agency/contrary endpoint; relations/care,ADMITTED_WITH_LIMITS_CYCLE008; QUALIFIED_CONTENT_COMPLETE; PUBLICATION_STATUS_IN_CYCLE008_CHECKPOINT,"Sensei brings the letter and warns indirectly that the topic may displease Kazusa. She interprets it as the surprisingly quick resolution of unwanted challenges, rationalizes Reisa's behavior as a passing adolescent fever, and expresses relief (`u:0001–0015`). It does not reverse her aversion into unqualified affection; it establishes concern despite it.",series/blue-archive/02 Sequential Readings/EVENTS/EVENT_816/BLUE_ARCHIVE_EVENT_816_EPISODE_012_DEEP_READING.md,"{'owner_route_key': '816_episode_012', 'line': 24}",EXPLICIT_CURRENT_PACKAGE_MAP_WITH_ADMITTED_SOURCE_FACING_ARGUMENT
BA:event:816:013,CORE,recipient agency/contrary endpoint; relations/care; provenance/identity/modes,ADMITTED_WITH_LIMITS_CYCLE008; QUALIFIED_CONTENT_COMPLETE; PUBLICATION_STATUS_IN_CYCLE008_CHECKPOINT,"Kazusa asks how Sensei found the place; both first-choice alternatives point to conspicuous delinquent crowds. She infers Reisa was driven outside Trinity because this scale of disturbance would bring the Justice Task Force, and predicts Valkyrie intervention by the next day (`u:0001–0007`). They have committed to action; the rescue itself remains unopened at this local boundary.",series/blue-archive/02 Sequential Readings/EVENTS/EVENT_816/BLUE_ARCHIVE_EVENT_816_EPISODE_013_DEEP_READING.md,"{'owner_route_key': '816_episode_013', 'line': 24}",EXPLICIT_CURRENT_PACKAGE_MAP_WITH_ADMITTED_SOURCE_FACING_ARGUMENT
BA:event:816:014,CORE,relations/care; provenance/identity/modes,ADMITTED_WITH_LIMITS_CYCLE008; QUALIFIED_CONTENT_COMPLETE; PUBLICATION_STATUS_IN_CYCLE008_CHECKPOINT,"Reisa is exhausted but jokes that being sought by so many people is a new experience (`u:0001–0003`). Delinquents recognize her endurance, hurry to extract Kazusa's identity before discovery, and keep weapons trained on her (`u:0004–0010`). Rescue does not instantly reconcile her with the group's naming behavior, and the combat outcome still is not printed here.",series/blue-archive/02 Sequential Readings/EVENTS/EVENT_816/BLUE_ARCHIVE_EVENT_816_EPISODE_014_DEEP_READING.md,"{'owner_route_key': '816_episode_014', 'line': 24}",EXPLICIT_CURRENT_PACKAGE_MAP_WITH_ADMITTED_SOURCE_FACING_ARGUMENT
BA:event:816:015,CORE,ordinary repertoire; recipient agency/contrary endpoint; institution/work; provenance/identity/modes,ADMITTED_WITH_LIMITS_CYCLE008; QUALIFIED_CONTENT_COMPLETE; PUBLICATION_STATUS_IN_CYCLE008_CHECKPOINT,"The group has fled back to Trinity territory. Yoshimi wonders why they ran after nearly winning; Airi-labelled `u:0052` predicts Valkyrie police arrival, and Kazusa says remaining would have meant arrest (`u:0001–0007`). Because the slang line is printed under Airi, it cannot securely prove Kazusa used that exact slang.",series/blue-archive/02 Sequential Readings/EVENTS/EVENT_816/BLUE_ARCHIVE_EVENT_816_EPISODE_015_DEEP_READING.md,"{'owner_route_key': '816_episode_015', 'line': 24}",EXPLICIT_CURRENT_PACKAGE_MAP_WITH_ADMITTED_SOURCE_FACING_ARGUMENT
BA:event:816:016,CORE,ordinary repertoire; relations/care,ADMITTED_WITH_LIMITS_CYCLE008; QUALIFIED_CONTENT_COMPLETE; PUBLICATION_STATUS_IN_CYCLE008_CHECKPOINT,"Remembered café warmth, cake/parfait, friendship and an attractive ordinary smile motivated Kazusa’s gradual change; she qualifies wanting exact sameness. This quiet positive alternative materially revises the earlier shame-only cessation account, without naming the girl or certifying lasting cure (u0036–0049).",series/blue-archive/02 Sequential Readings/EVENTS/EVENT_816/BLUE_ARCHIVE_EVENT_816_EPISODE_016_DEEP_READING.md,"{'owner_route_key': '816_episode_016', 'line': 28}",EXPLICIT_CURRENT_PACKAGE_MAP_WITH_ADMITTED_SOURCE_FACING_ARGUMENT
BA:event:816:017,CORE,ordinary repertoire; recipient agency/contrary endpoint; relations/care; institution/work; provenance/identity/modes,ADMITTED_WITH_LIMITS_CYCLE008; QUALIFIED_CONTENT_COMPLETE; PUBLICATION_STATUS_IN_CYCLE008_CHECKPOINT,"Food preferences, ordering work and amusement have independent value. Reisa renews a challenge after distorted collective-rescue reporting; Kazusa again demands accurate explanation. Daily integration retains friction, not permanent cessation, agreed friendship or harmless teasing (u0001–0048).",series/blue-archive/02 Sequential Readings/EVENTS/EVENT_816/BLUE_ARCHIVE_EVENT_816_EPISODE_017_DEEP_READING.md,"{'owner_route_key': '816_episode_017', 'line': 24}",EXPLICIT_CURRENT_PACKAGE_MAP_WITH_ADMITTED_SOURCE_FACING_ARGUMENT
BA:event:817:001,CORE,ordinary repertoire; provenance/identity/modes,ADMITTED_WITH_LIMITS_CYCLE008; QUALIFIED_CONTENT_COMPLETE; PUBLICATION_STATUS_IN_CYCLE008_CHECKPOINT,"Noa’s complete record/teasing,tea and personal preparation request place organizer leisure beside Yuuka’s schedule and bodily sleep(checkpoint§4). Noa’s interpretation that Yuuka wants to impress Sensei is not private motive certainty; tea effect not clinical mechanism. Accepted actor list removesu19false seam: Yuuka’s text/display already agree. Other qualified Noa/Yuuka exchanges(u8/10/12/16/18/22/24/27) remain.",series/blue-archive/02 Sequential Readings/EVENTS/EVENT_817/BLUE_ARCHIVE_EVENT_817_PHASE2_CONTEXTUAL_COMPARISON_20261008.md,"{'owner_route_key': '817', 'line': 65}",EXPLICIT_CURRENT_PACKAGE_OR_EPISODE_MAP
BA:event:817:002,CORE,ordinary repertoire; recipient agency/contrary endpoint; institution/work,ADMITTED_WITH_LIMITS_CYCLE008; QUALIFIED_CONTENT_COMPLETE; PUBLICATION_STATUS_IN_CYCLE008_CHECKPOINT,"diagnosis of shaft,joints/board,tradeoffs,parts/deadline and reasonable-request condition gives makers real competence/client voice(§5). Drill-grinder/flamethrower-vacuum/cannon imagination has positive convenience/craft aims yet disregards unwanted features/cost. Promise is not successful fabrication,safe use or secret tank intent.",series/blue-archive/02 Sequential Readings/EVENTS/EVENT_817/BLUE_ARCHIVE_EVENT_817_PHASE2_CONTEXTUAL_COMPARISON_20261008.md,"{'owner_route_key': '817', 'line': 66}",EXPLICIT_CURRENT_PACKAGE_OR_EPISODE_MAP
BA:event:817:003,CORE,ordinary repertoire; recipient agency/contrary endpoint; relations/care; institution/work; provenance/identity/modes,ADMITTED_WITH_LIMITS_CYCLE008; QUALIFIED_CONTENT_COMPLETE; PUBLICATION_STATUS_IN_CYCLE008_CHECKPOINT,"Maki’s craft boast,Kotama’s wanted eavesdropping,Hare’s exercise aversion and Chihiro’s mundane alternative/roster-permission objection differ(§6). Personal junior-help request does not reconcile absent Rio/Himari leaders. Internal-IP/blocked-attack clue is finite,not culprit/completeaudit/authorizedroster proof; concealment advice/logic-bomb counterfactual complicates spotless guardian portrait.",series/blue-archive/02 Sequential Readings/EVENTS/EVENT_817/BLUE_ARCHIVE_EVENT_817_PHASE2_CONTEXTUAL_COMPARISON_20261008.md,"{'owner_route_key': '817', 'line': 67}",EXPLICIT_CURRENT_PACKAGE_OR_EPISODE_MAP
BA:event:817:004,CORE,ordinary repertoire; recipient agency/contrary endpoint,ADMITTED_WITH_LIMITS_CYCLE008; QUALIFIED_CONTENT_COMPLETE; PUBLICATION_STATUS_IN_CYCLE008_CHECKPOINT,Sumire’s sincere sport/training pleasure and individualized-scientific rationale meet athletes’ expanding-last-set objections/collapse fear(§7). Preparedprotein/instructionoffers unfulfilled; no measured efficacy/medical injury. Adult attempted exit fails and narrated exhaustion remains. Noa’s urgent-departure explanation is neither authenticated business nor proved lie.,series/blue-archive/02 Sequential Readings/EVENTS/EVENT_817/BLUE_ARCHIVE_EVENT_817_PHASE2_CONTEXTUAL_COMPARISON_20261008.md,"{'owner_route_key': '817', 'line': 68}",EXPLICIT_CURRENT_PACKAGE_OR_EPISODE_MAP
BA:event:817:005,CORE,source-specific local progression and endpoint,ADMITTED_WITH_LIMITS_CYCLE008; QUALIFIED_CONTENT_COMPLETE; PUBLICATION_STATUS_IN_CYCLE008_CHECKPOINT,blank title/place and private unsuccessful sabotage/conjectured found-robot plan preserve reader-only knowledge(§3). Cancellation wish/interpersonal disagreement belong to quiet account; investigators do not know this exchange. Local A/B/C not automatically athletes004or persistent persons.,series/blue-archive/02 Sequential Readings/EVENTS/EVENT_817/BLUE_ARCHIVE_EVENT_817_PHASE2_CONTEXTUAL_COMPARISON_20261008.md,"{'owner_route_key': '817', 'line': 69}",EXPLICIT_CURRENT_PACKAGE_OR_EPISODE_MAP
BA:event:817:006,CORE,ordinary repertoire; recipient agency/contrary endpoint; institution/work; provenance/identity/modes,ADMITTED_WITH_LIMITS_CYCLE008; QUALIFIED_CONTENT_COMPLETE; PUBLICATION_STATUS_IN_CYCLE008_CHECKPOINT,"Noa appreciates ordinary participation yet admits reluctance; distinct tastes/costumes/craft and delivery failure coexist. Current accepted correction atBA:event:817:006:scene:001:u40–42: Hibiki wanted gakuran outfits for all three but completed only Utaha’s; Hibiki and Kotori wear cheer outfits Hibiki made earlier,whose workmanship embarrasses her. Older summarizing “wanted a gakuran/received old pattern” cannot replace accurate authorship/partial fulfillment. Peer approval does not cancel embarrassment or prove performance/hackcause.",series/blue-archive/02 Sequential Readings/EVENTS/EVENT_817/BLUE_ARCHIVE_EVENT_817_PHASE2_CONTEXTUAL_COMPARISON_20261008.md,"{'owner_route_key': '817', 'line': 70}",EXPLICIT_CURRENT_PACKAGE_OR_EPISODE_MAP
BA:event:817:007,CORE,ordinary repertoire; recipient agency/contrary endpoint; institution/work,ADMITTED_WITH_LIMITS_CYCLE008; QUALIFIED_CONTENT_COMPLETE; PUBLICATION_STATUS_IN_CYCLE008_CHECKPOINT,"Chihiro refuses imagined cheer request and peers say none was made: boundary and mistaken premise both retained. Hibiki wants longer outfit,Kotori sports explanation,Maki design,while Kotama says skirt somewhatshort(u28),not general skirt liking/dislike. Hare urgency does not erase preferences. Directionalantenna requires remote-control premise; equipment-checkpromise not executedsecuritytest/listeningpermission.",series/blue-archive/02 Sequential Readings/EVENTS/EVENT_817/BLUE_ARCHIVE_EVENT_817_PHASE2_CONTEXTUAL_COMPARISON_20261008.md,"{'owner_route_key': '817', 'line': 71}",EXPLICIT_CURRENT_PACKAGE_OR_EPISODE_MAP
BA:event:817:008,CORE,ordinary repertoire; recipient agency/contrary endpoint; relations/care; provenance/identity/modes,ADMITTED_WITH_LIMITS_CYCLE008; QUALIFIED_CONTENT_COMPLETE; PUBLICATION_STATUS_IN_CYCLE008_CHECKPOINT,"attempted dissent is repeatedly interrupted by Sumire enthusiasm; Noa admits motive ignorance while invoking other wishes and rumored Yuukasanction. Harmful means do not erase frightened opponents’ particular aims. Utaha namingwish/peercriticism/temporary alternative accepted are ordinarymaking/company,not inspectedrobotapproval/battleresult. Current correction removes falseu94Noa-not-Utahalistitem; Noa remains actor,displayalready agrees. Other Sumire/junior/maker attributions retain accepted qualifications.",series/blue-archive/02 Sequential Readings/EVENTS/EVENT_817/BLUE_ARCHIVE_EVENT_817_PHASE2_CONTEXTUAL_COMPARISON_20261008.md,"{'owner_route_key': '817', 'line': 72}",EXPLICIT_CURRENT_PACKAGE_OR_EPISODE_MAP
BA:event:817:009,CORE,recipient agency/contrary endpoint,ADMITTED_WITH_LIMITS_CYCLE008; QUALIFIED_CONTENT_COMPLETE; PUBLICATION_STATUS_IN_CYCLE008_CHECKPOINT,"bait/wire plan locally stops machine with contrarypredictions/designgap explanation(§3/5); useful competence is real. No durable repair,fullsafetyorperformed specialtraining; local recovery does not validate every design.",series/blue-archive/02 Sequential Readings/EVENTS/EVENT_817/BLUE_ARCHIVE_EVENT_817_PHASE2_CONTEXTUAL_COMPARISON_20261008.md,"{'owner_route_key': '817', 'line': 73}",EXPLICIT_CURRENT_PACKAGE_OR_EPISODE_MAP
BA:event:817:010,CORE,ordinary repertoire; recipient agency/contrary endpoint; relations/care; institution/work; provenance/identity/modes,ADMITTED_WITH_LIMITS_CYCLE008; QUALIFIED_CONTENT_COMPLETE; PUBLICATION_STATUS_IN_CYCLE008_CHECKPOINT,"articulated ridicule,ranking,unwantedgazes/PEhumiliation explains opponents’ dissatisfaction without backdating Noa’s knowledge(§7). Newcontests/flexibleentry/consultation are recipient-shaped commitments; conditionaldeadline-conscious agreement/help actual,fullconsultationservice/datarestore/securityalarm resolution unprinted. Chihiroboundedhelp and all-night company retain separate scopes/motives.",series/blue-archive/02 Sequential Readings/EVENTS/EVENT_817/BLUE_ARCHIVE_EVENT_817_PHASE2_CONTEXTUAL_COMPARISON_20261008.md,"{'owner_route_key': '817', 'line': 74}",EXPLICIT_CURRENT_PACKAGE_OR_EPISODE_MAP
BA:event:817:011,CORE,ordinary repertoire; relations/care; institution/work; provenance/identity/modes,ADMITTED_WITH_LIMITS_CYCLE008; QUALIFIED_CONTENT_COMPLETE; PUBLICATION_STATUS_IN_CYCLE008_CHECKPOINT,"Yuuka nightmaremissiles/bankruptcy are dream,not actualsanctions/prophecy. Sleepbenefit,wakingguilt and reportedhelpers’work show rest/bodilycost and selfblame,not analystsloth diagnosis. ReciprocalSenseirest request meaningful but neither accepted nor performed. Openingceremony reached with poorrobot,tiredhelpers and complaints aboutlatechanges: not universal satisfaction. Hibiki dreamed adultswimsuitcheer request not realrequest; Hanako/Ayane announcements are mentions,not newvoicereadings.",series/blue-archive/02 Sequential Readings/EVENTS/EVENT_817/BLUE_ARCHIVE_EVENT_817_PHASE2_CONTEXTUAL_COMPARISON_20261008.md,"{'owner_route_key': '817', 'line': 75}",EXPLICIT_CURRENT_PACKAGE_OR_EPISODE_MAP
BA:event:818:001,CORE,recipient agency/contrary endpoint; provenance/identity/modes,ADMITTED_WITH_LIMITS_CYCLE008; QUALIFIED_CONTENT_COMPLETE; PUBLICATION_STATUS_IN_CYCLE008_CHECKPOINT,"Broadcast spectacle, Ayane/Hanako and public togetherness with objection",series/blue-archive/02 Sequential Readings/EVENTS/EVENT_818/BLUE_ARCHIVE_EVENT_818_CONTEXTUALIZATION_CHECKPOINT.md,"{'owner_route_key': '818', 'line': 42}",EXPLICIT_CURRENT_EPISODE_MAP
BA:event:818:002,CORE,relations/care; institution/work,ADMITTED_WITH_LIMITS_CYCLE008; QUALIFIED_CONTENT_COMPLETE; PUBLICATION_STATUS_IN_CYCLE008_CHECKPOINT,"Shared administration, Marie's chosen help, rivalry and fairness limits",series/blue-archive/02 Sequential Readings/EVENTS/EVENT_818/BLUE_ARCHIVE_EVENT_818_CONTEXTUALIZATION_CHECKPOINT.md,"{'owner_route_key': '818', 'line': 43}",EXPLICIT_CURRENT_EPISODE_MAP
BA:event:818:003,CORE,ordinary repertoire,ADMITTED_WITH_LIMITS_CYCLE008; QUALIFIED_CONTENT_COMPLETE; PUBLICATION_STATUS_IN_CYCLE008_CHECKPOINT,"Regional food, heterogeneous wants and Hasumi's temptation",series/blue-archive/02 Sequential Readings/EVENTS/EVENT_818/BLUE_ARCHIVE_EVENT_818_CONTEXTUALIZATION_CHECKPOINT.md,"{'owner_route_key': '818', 'line': 44}",EXPLICIT_CURRENT_EPISODE_MAP
BA:event:818:004,HIGH,provenance/identity/modes,ADMITTED_WITH_LIMITS_CYCLE008; QUALIFIED_CONTENT_COMPLETE; PUBLICATION_STATUS_IN_CYCLE008_CHECKPOINT,Interim reporting and Yuuka's decision to participate,series/blue-archive/02 Sequential Readings/EVENTS/EVENT_818/BLUE_ARCHIVE_EVENT_818_CONTEXTUALIZATION_CHECKPOINT.md,"{'owner_route_key': '818', 'line': 45}",EXPLICIT_CURRENT_EPISODE_MAP
BA:event:818:005,CORE,ordinary repertoire,ADMITTED_WITH_LIMITS_CYCLE008; QUALIFIED_CONTENT_COMPLETE; PUBLICATION_STATUS_IN_CYCLE008_CHECKPOINT,"Rest, rule/teasing, public inference and unresolved prompt",series/blue-archive/02 Sequential Readings/EVENTS/EVENT_818/BLUE_ARCHIVE_EVENT_818_CONTEXTUALIZATION_CHECKPOINT.md,"{'owner_route_key': '818', 'line': 46}",EXPLICIT_CURRENT_EPISODE_MAP
BA:event:818:006,CORE,ordinary repertoire; provenance/identity/modes,ADMITTED_WITH_LIMITS_CYCLE008; QUALIFIED_CONTENT_COMPLETE; PUBLICATION_STATUS_IN_CYCLE008_CHECKPOINT,"Marie's novel meal, task allocation and bounded clinical claims",series/blue-archive/02 Sequential Readings/EVENTS/EVENT_818/BLUE_ARCHIVE_EVENT_818_CONTEXTUALIZATION_CHECKPOINT.md,"{'owner_route_key': '818', 'line': 47}",EXPLICIT_CURRENT_EPISODE_MAP
BA:event:818:007,CORE,ordinary repertoire; institution/work,ADMITTED_WITH_LIMITS_CYCLE008; QUALIFIED_CONTENT_COMPLETE; PUBLICATION_STATUS_IN_CYCLE008_CHECKPOINT,"Craft/taste/inspiration, discomfort, rules, rest and police reciprocity",series/blue-archive/02 Sequential Readings/EVENTS/EVENT_818/BLUE_ARCHIVE_EVENT_818_CONTEXTUALIZATION_CHECKPOINT.md,"{'owner_route_key': '818', 'line': 48}",EXPLICIT_CURRENT_EPISODE_MAP
BA:event:818:008,CORE,ordinary repertoire; institution/work,ADMITTED_WITH_LIMITS_CYCLE008; QUALIFIED_CONTENT_COMPLETE; PUBLICATION_STATUS_IN_CYCLE008_CHECKPOINT,"Reluctant coalition work, evidence workflow and rest demand",series/blue-archive/02 Sequential Readings/EVENTS/EVENT_818/BLUE_ARCHIVE_EVENT_818_CONTEXTUALIZATION_CHECKPOINT.md,"{'owner_route_key': '818', 'line': 49}",EXPLICIT_CURRENT_EPISODE_MAP
BA:event:818:009,CORE,recipient agency/contrary endpoint,ADMITTED_WITH_LIMITS_CYCLE008; QUALIFIED_CONTENT_COMPLETE; PUBLICATION_STATUS_IN_CYCLE008_CHECKPOINT,"Distinct team wants, contested force and automation failure",series/blue-archive/02 Sequential Readings/EVENTS/EVENT_818/BLUE_ARCHIVE_EVENT_818_CONTEXTUALIZATION_CHECKPOINT.md,"{'owner_route_key': '818', 'line': 50}",EXPLICIT_CURRENT_EPISODE_MAP
BA:event:818:010,CORE,relations/care,ADMITTED_WITH_LIMITS_CYCLE008; QUALIFIED_CONTENT_COMPLETE; PUBLICATION_STATUS_IN_CYCLE008_CHECKPOINT,"Height-as-resource, recognition, strategy and asked-for help",series/blue-archive/02 Sequential Readings/EVENTS/EVENT_818/BLUE_ARCHIVE_EVENT_818_CONTEXTUALIZATION_CHECKPOINT.md,"{'owner_route_key': '818', 'line': 51}",EXPLICIT_CURRENT_EPISODE_MAP
BA:event:818:011,CORE,ordinary repertoire; institution/work,ADMITTED_WITH_LIMITS_CYCLE008; QUALIFIED_CONTENT_COMPLETE; PUBLICATION_STATUS_IN_CYCLE008_CHECKPOINT,"Effective uncertain skill, cross-school pleasure and rule countercase",series/blue-archive/02 Sequential Readings/EVENTS/EVENT_818/BLUE_ARCHIVE_EVENT_818_CONTEXTUALIZATION_CHECKPOINT.md,"{'owner_route_key': '818', 'line': 52}",EXPLICIT_CURRENT_EPISODE_MAP
BA:event:818:012,CORE,institution/work,ADMITTED_WITH_LIMITS_CYCLE008; QUALIFIED_CONTENT_COMPLETE; PUBLICATION_STATUS_IN_CYCLE008_CHECKPOINT,"Opportunity, invisible work, felt exhilaration and sixth place",series/blue-archive/02 Sequential Readings/EVENTS/EVENT_818/BLUE_ARCHIVE_EVENT_818_CONTEXTUALIZATION_CHECKPOINT.md,"{'owner_route_key': '818', 'line': 53}",EXPLICIT_CURRENT_EPISODE_MAP
BA:event:818:013,CORE,ordinary repertoire,ADMITTED_WITH_LIMITS_CYCLE008; QUALIFIED_CONTENT_COMPLETE; PUBLICATION_STATUS_IN_CYCLE008_CHECKPOINT,"Mixed evaluation, qualified leisure, hospitality and possible dance",series/blue-archive/02 Sequential Readings/EVENTS/EVENT_818/BLUE_ARCHIVE_EVENT_818_CONTEXTUALIZATION_CHECKPOINT.md,"{'owner_route_key': '818', 'line': 54}",EXPLICIT_CURRENT_EPISODE_MAP
BA:event:818:014,CORE,ordinary repertoire,ADMITTED_WITH_LIMITS_CYCLE008; QUALIFIED_CONTENT_COMPLETE; PUBLICATION_STATUS_IN_CYCLE008_CHECKPOINT,"Familiar daily food/life, poor-result satisfaction and playful misinformation",series/blue-archive/02 Sequential Readings/EVENTS/EVENT_818/BLUE_ARCHIVE_EVENT_818_CONTEXTUALIZATION_CHECKPOINT.md,"{'owner_route_key': '818', 'line': 55}",EXPLICIT_CURRENT_EPISODE_MAP
BA:event:818:015,CORE,ordinary repertoire; recipient agency/contrary endpoint; relations/care,ADMITTED_WITH_LIMITS_CYCLE008; QUALIFIED_CONTENT_COMPLETE; PUBLICATION_STATUS_IN_CYCLE008_CHECKPOINT,"Protection's everyday object, pleasure, fatigue and hunger",series/blue-archive/02 Sequential Readings/EVENTS/EVENT_818/BLUE_ARCHIVE_EVENT_818_CONTEXTUALIZATION_CHECKPOINT.md,"{'owner_route_key': '818', 'line': 56}",EXPLICIT_CURRENT_EPISODE_MAP
BA:event:818:016,CORE,ordinary repertoire; relations/care,ADMITTED_WITH_LIMITS_CYCLE008; QUALIFIED_CONTENT_COMPLETE; PUBLICATION_STATUS_IN_CYCLE008_CHECKPOINT,"Hina's rest, Ako's reliance, apology and shared invitation",series/blue-archive/02 Sequential Readings/EVENTS/EVENT_818/BLUE_ARCHIVE_EVENT_818_CONTEXTUALIZATION_CHECKPOINT.md,"{'owner_route_key': '818', 'line': 57}",EXPLICIT_CURRENT_EPISODE_MAP
BA:event:818:017,CORE,ordinary repertoire; recipient agency/contrary endpoint; institution/work,ADMITTED_WITH_LIMITS_CYCLE008; QUALIFIED_CONTENT_COMPLETE; PUBLICATION_STATUS_IN_CYCLE008_CHECKPOINT,"Craft joy, senior burden, refusal and design-accountability dispute",series/blue-archive/02 Sequential Readings/EVENTS/EVENT_818/BLUE_ARCHIVE_EVENT_818_CONTEXTUALIZATION_CHECKPOINT.md,"{'owner_route_key': '818', 'line': 58}",EXPLICIT_CURRENT_EPISODE_MAP
BA:event:818:018,CORE,relations/care; institution/work,ADMITTED_WITH_LIMITS_CYCLE008; QUALIFIED_CONTENT_COMPLETE; PUBLICATION_STATUS_IN_CYCLE008_CHECKPOINT,"Concrete cross-school care, macabre idiom and rumor limits",series/blue-archive/02 Sequential Readings/EVENTS/EVENT_818/BLUE_ARCHIVE_EVENT_818_CONTEXTUALIZATION_CHECKPOINT.md,"{'owner_route_key': '818', 'line': 59}",EXPLICIT_CURRENT_EPISODE_MAP
BA:event:818:019,CORE,ordinary repertoire; recipient agency/contrary endpoint,ADMITTED_WITH_LIMITS_CYCLE008; QUALIFIED_CONTENT_COMPLETE; PUBLICATION_STATUS_IN_CYCLE008_CHECKPOINT,"Tea's sensory/social value, chosen ideals and unfinished duty",series/blue-archive/02 Sequential Readings/EVENTS/EVENT_818/BLUE_ARCHIVE_EVENT_818_CONTEXTUALIZATION_CHECKPOINT.md,"{'owner_route_key': '818', 'line': 60}",EXPLICIT_CURRENT_EPISODE_MAP
BA:event:819:001,CORE,ordinary repertoire; institution/work,ADMITTED_WITH_LIMITS_CYCLE008; QUALIFIED_CONTENT_COMPLETE; PUBLICATION_STATUS_IN_CYCLE008_CHECKPOINT,"001, scene001: Serina and Hanae enjoy the season, snow, tree, carols, presents and Santa anticipation (u0002–0012). Their Santa clothes are deliberately prepared for their volunteer work, with teacher fit-feedback alternatives and early preparation (u0015–0020). The final video reference was not played.",series/blue-archive/02 Sequential Readings/EVENTS/EVENT_819/BLUE_ARCHIVE_EVENT_819_CONTEXTUALIZATION_CHECKPOINT.md,"{'owner_route_key': '819', 'line': 73}",EXPLICIT_CURRENT_PACKAGE_OR_EPISODE_MAP
BA:event:819:002,CORE,ordinary repertoire; recipient agency/contrary endpoint; institution/work,ADMITTED_WITH_LIMITS_CYCLE008; QUALIFIED_CONTENT_COMPLETE; PUBLICATION_STATUS_IN_CYCLE008_CHECKPOINT,"002, scene001: The juniors carry their prepared gifts and Serina anticipates a separate teacher present after they settle (u0003–0004, still future). A generic Justice member describes a rare White&Mason party, with Koharu's prior Make-Up appointment and Ichika's Hyakkiyako year-end duty since the preceding week (u0005–0024). Hanae genuinely enjoys the work while hoping for a Santa gift; Serina's parenthetical intention to arrange that with the teacher remains a plan (u0029–0035).",series/blue-archive/02 Sequential Readings/EVENTS/EVENT_819/BLUE_ARCHIVE_EVENT_819_CONTEXTUALIZATION_CHECKPOINT.md,"{'owner_route_key': '819', 'line': 75}",EXPLICIT_CURRENT_PACKAGE_OR_EPISODE_MAP
BA:event:819:003,CORE,provenance/identity/modes,ADMITTED_WITH_LIMITS_CYCLE008; QUALIFIED_CONTENT_COMPLETE; PUBLICATION_STATUS_IN_CYCLE008_CHECKPOINT,"Scene001 shows Justice pursuing two delinquents, Mashiro's support shots, explosions, their pain and their claims to want a peaceful Christmas (u0002–0025). Hasumi reports the item retrieved and mission complete, and the group heads toward its party (u0026–0045). The later disclosure is not a reversal that retroactively makes every early word a lie: distress and tactical deception coexist.",series/blue-archive/02 Sequential Readings/EVENTS/EVENT_819/BLUE_ARCHIVE_EVENT_819_CONTEXTUALIZATION_CHECKPOINT.md,"{'owner_route_key': '819', 'line': 77}",EXPLICIT_CURRENT_PACKAGE_OR_EPISODE_MAP
BA:event:819:004,CORE,ordinary repertoire; recipient agency/contrary endpoint; relations/care,ADMITTED_WITH_LIMITS_CYCLE008; QUALIFIED_CONTENT_COMPLETE; PUBLICATION_STATUS_IN_CYCLE008_CHECKPOINT,"Real public donors recognize the annual activity, receive the handmade gifts and are thanked without a demanded amount; Serina resists an excessive contribution while Hanae values the feeling (u0002–0014). The delinquents initially request listening rather than injury treatment. The chicken complaint has not yet been adjudicated.",series/blue-archive/02 Sequential Readings/EVENTS/EVENT_819/BLUE_ARCHIVE_EVENT_819_CONTEXTUALIZATION_CHECKPOINT.md,"{'owner_route_key': '819', 'line': 79}",EXPLICIT_CURRENT_PACKAGE_OR_EPISODE_MAP
BA:event:819:005,CORE,provenance/identity/modes,ADMITTED_WITH_LIMITS_CYCLE008; QUALIFIED_CONTENT_COMPLETE; PUBLICATION_STATUS_IN_CYCLE008_CHECKPOINT,"Mine reports a peaceful patrol yet fears that a quiet surface may conceal need (u0002–0007). Hearing the relay, she values the request to remember and blames her own lateness; Serina contests that self-blame (u0008–0026). Her departure and the teacher/juniors' following do not yet produce correction.",series/blue-archive/02 Sequential Readings/EVENTS/EVENT_819/BLUE_ARCHIVE_EVENT_819_CONTEXTUALIZATION_CHECKPOINT.md,"{'owner_route_key': '819', 'line': 81}",EXPLICIT_CURRENT_PACKAGE_OR_EPISODE_MAP
BA:event:819:006,CORE,ordinary repertoire; provenance/identity/modes,ADMITTED_WITH_LIMITS_CYCLE008; QUALIFIED_CONTENT_COMPLETE; PUBLICATION_STATUS_IN_CYCLE008_CHECKPOINT,"Scene001 begins with Justice members unfamiliar and nervous at a fine tea party. Hasumi explicitly tells them that knowledge can enrich pleasure but is not a prerequisite: they may enjoy scones, cake and tea in their own way because the party recognizes their year's effort (u0002–0012). Tsurugi says she does not dislike the refreshments but fears that merely sitting there makes others tense; Hasumi reassures her, without the script proving that all unease vanishes (u0037–0048, printed unit order retained).",series/blue-archive/02 Sequential Readings/EVENTS/EVENT_819/BLUE_ARCHIVE_EVENT_819_CONTEXTUALIZATION_CHECKPOINT.md,"{'owner_route_key': '819', 'line': 83}",EXPLICIT_CURRENT_PACKAGE_OR_EPISODE_MAP
BA:event:819:007,CORE,ordinary repertoire; recipient agency/contrary endpoint,ADMITTED_WITH_LIMITS_CYCLE008; QUALIFIED_CONTENT_COMPLETE; PUBLICATION_STATUS_IN_CYCLE008_CHECKPOINT,"Scene001 preserves Hanae/Serina's unsettled Christmas, worry about injury and reaction to an explosion. Scene002 begins with Mashiro exhausted and Mine/Tsurugi still in conflict (u0002–0019). Their threatened disclosure of old pound-cake/pudding incidents reveals shared history and personal embarrassment, not fully known past events (u0054–0063).",series/blue-archive/02 Sequential Readings/EVENTS/EVENT_819/BLUE_ARCHIVE_EVENT_819_CONTEXTUALIZATION_CHECKPOINT.md,"{'owner_route_key': '819', 'line': 86}",EXPLICIT_CURRENT_PACKAGE_OR_EPISODE_MAP
BA:event:819:008,CORE,recipient agency/contrary endpoint,ADMITTED_WITH_LIMITS_CYCLE008; QUALIFIED_CONTENT_COMPLETE; PUBLICATION_STATUS_IN_CYCLE008_CHECKPOINT,"008, scene001: Hasumi thinks of absent Ichika but resolves to act with her own resources (u0002–0003). Mine finally names the chicken as the reason; Hasumi distinguishes that from the grave political cause she had expected (u0006–0019). The delinquents interrupt the pending explanation and openly celebrate revenge before Serina asks what they mean (u0020–0025). This short required object is the disclosure hinge, not dispensable filler.",series/blue-archive/02 Sequential Readings/EVENTS/EVENT_819/BLUE_ARCHIVE_EVENT_819_CONTEXTUALIZATION_CHECKPOINT.md,"{'owner_route_key': '819', 'line': 89}",EXPLICIT_CURRENT_PACKAGE_OR_EPISODE_MAP
BA:event:819:009,CORE,ordinary repertoire; recipient agency/contrary endpoint,ADMITTED_WITH_LIMITS_CYCLE008; QUALIFIED_CONTENT_COMPLETE; PUBLICATION_STATUS_IN_CYCLE008_CHECKPOINT,"009, scene001: The delinquents admit using the confiscation to engineer the internal clash. Hasumi admits recovery and distinguishes the disputed nature of the object (u0006–0010). Their taste-experiment rhetoric and reference to an unidentified Gehenna person do not register a named Gourmet member or legitimate nonconsensual sale.",series/blue-archive/02 Sequential Readings/EVENTS/EVENT_819/BLUE_ARCHIVE_EVENT_819_CONTEXTUALIZATION_CHECKPOINT.md,"{'owner_route_key': '819', 'line': 91}",EXPLICIT_CURRENT_PACKAGE_OR_EPISODE_MAP
BA:event:819:010,CORE,ordinary repertoire,ADMITTED_WITH_LIMITS_CYCLE008; QUALIFIED_CONTENT_COMPLETE; PUBLICATION_STATUS_IN_CYCLE008_CHECKPOINT,"010, scene001: The delinquents lose, criticize Mine's destructiveness, then escape; Hasumi states the escape and points to Mine's responsibility for the group's weakened condition (u0002–0021). There is neither arrest nor complete restitution. The interpretation remains Hasumi's, not an independent transcript of a fully articulated Tsurugi answer.",series/blue-archive/02 Sequential Readings/EVENTS/EVENT_819/BLUE_ARCHIVE_EVENT_819_CONTEXTUALIZATION_CHECKPOINT.md,"{'owner_route_key': '819', 'line': 94}",EXPLICIT_CURRENT_PACKAGE_OR_EPISODE_MAP
BA:event:819:011,CORE,ordinary repertoire; relations/care; institution/work,ADMITTED_WITH_LIMITS_CYCLE008; QUALIFIED_CONTENT_COMPLETE; PUBLICATION_STATUS_IN_CYCLE008_CHECKPOINT,"011, scene001: The party actually occurs. Serina recalls the earlier conditional invitation; Mashiro celebrates justice, and Hanae's optimistic hindsight is met with Hasumi's warmth (u0001–0010). Craft, gratitude and ordinary company are actual endpoints; no separate teacher gift or delivered Santa surprise is shown.",series/blue-archive/02 Sequential Readings/EVENTS/EVENT_819/BLUE_ARCHIVE_EVENT_819_CONTEXTUALIZATION_CHECKPOINT.md,"{'owner_route_key': '819', 'line': 96}",EXPLICIT_CURRENT_PACKAGE_OR_EPISODE_MAP
BA:event:820:001,CORE,ordinary repertoire; relations/care,ADMITTED_WITH_LIMITS_CYCLE008; QUALIFIED_CONTENT_COMPLETE; PUBLICATION_STATUS_IN_CYCLE008_CHECKPOINT,"Wanted food and an uncertain closure. Haruna's praise of New Year dishes includes a parenthetical reservation, rather than uniform satisfaction (u1–8). Haruna's prospective plan and request for trust (u35–41) do not identify a completed contact, helper or rescue.",series/blue-archive/02 Sequential Readings/EVENTS/EVENT_820/BLUE_ARCHIVE_EVENT_820_PHASE2_CONTEXTUAL_COMPARISON_20261008.md,"{'owner_route_key': '820', 'line': 89}",EXPLICIT_CURRENT_PACKAGE_OR_EPISODE_MAP
BA:event:820:002,CORE,ordinary repertoire; recipient agency/contrary endpoint; provenance/identity/modes,ADMITTED_WITH_LIMITS_CYCLE008; QUALIFIED_CONTENT_COMPLETE; PUBLICATION_STATUS_IN_CYCLE008_CHECKPOINT,An interrupted private holiday and coercive recruitment. Fuuka reports good rest and a successful breakfast. The final announcement begins the activity (u92); it does not show a cancelled eviction or reopened restaurant.,series/blue-archive/02 Sequential Readings/EVENTS/EVENT_820/BLUE_ARCHIVE_EVENT_820_PHASE2_CONTEXTUAL_COMPARISON_20261008.md,"{'owner_route_key': '820', 'line': 91}",EXPLICIT_CURRENT_PACKAGE_OR_EPISODE_MAP
BA:event:820:003,CORE,recipient agency/contrary endpoint,ADMITTED_WITH_LIMITS_CYCLE008; QUALIFIED_CONTENT_COMPLETE; PUBLICATION_STATUS_IN_CYCLE008_CHECKPOINT,"Listening changes Fuuka's own decision. The proprietor describes a franchise, supply prices, rent adjustments and his inherited shop (u5–19, u24–34). Haruna's optimism is checked by Sensei's doubt and the final question about the sigh (u60–65); a business remedy is still unfinished.",series/blue-archive/02 Sequential Readings/EVENTS/EVENT_820/BLUE_ARCHIVE_EVENT_820_PHASE2_CONTEXTUAL_COMPARISON_20261008.md,"{'owner_route_key': '820', 'line': 93}",EXPLICIT_CURRENT_PACKAGE_OR_EPISODE_MAP
BA:event:820:004,CORE,ordinary repertoire; relations/care; institution/work; provenance/identity/modes,ADMITTED_WITH_LIMITS_CYCLE008; QUALIFIED_CONTENT_COMPLETE; PUBLICATION_STATUS_IN_CYCLE008_CHECKPOINT,"Craft, teaching and a meal interrupted. Used, scratched but clean equipment, separated wrapped ingredients and periodic seasoning replacement support situated care (u1–9). Their breach and penalty threat is an interested claim without a verified contract; her anger is not a narrated attack, punishment or restored plate.",series/blue-archive/02 Sequential Readings/EVENTS/EVENT_820/BLUE_ARCHIVE_EVENT_820_PHASE2_CONTEXTUAL_COMPARISON_20261008.md,"{'owner_route_key': '820', 'line': 95}",EXPLICIT_CURRENT_PACKAGE_OR_EPISODE_MAP
BA:event:820:005,CORE,ordinary repertoire; relations/care; provenance/identity/modes,ADMITTED_WITH_LIMITS_CYCLE008; QUALIFIED_CONTENT_COMPLETE; PUBLICATION_STATUS_IN_CYCLE008_CHECKPOINT,"Labels and threats do not resolve the dispute. Haruna's food-centered pilgrimage and EAT or DIE rhetoric establish a chosen identity, not a literal fatal capacity (u3–4). The food-based condemnation ends the exchange, not the company's defeat.",series/blue-archive/02 Sequential Readings/EVENTS/EVENT_820/BLUE_ARCHIVE_EVENT_820_PHASE2_CONTEXTUAL_COMPARISON_20261008.md,"{'owner_route_key': '820', 'line': 97}",EXPLICIT_CURRENT_PACKAGE_OR_EPISODE_MAP
BA:event:820:006,CORE,ordinary repertoire; recipient agency/contrary endpoint; institution/work,ADMITTED_WITH_LIMITS_CYCLE008; QUALIFIED_CONTENT_COMPLETE; PUBLICATION_STATUS_IN_CYCLE008_CHECKPOINT,"Extractive food policy meets enjoyment of imperfect work. Kan's quantity, profit, cheapening and hygiene rhetoric is interested policy speech, not an inspection or an observed injury (u2–8). The laughter locator is u15, not episode “#15.”",series/blue-archive/02 Sequential Readings/EVENTS/EVENT_820/BLUE_ARCHIVE_EVENT_820_PHASE2_CONTEXTUAL_COMPARISON_20261008.md,"{'owner_route_key': '820', 'line': 99}",EXPLICIT_CURRENT_PACKAGE_OR_EPISODE_MAP
BA:event:820:007,CORE,ordinary repertoire; recipient agency/contrary endpoint; institution/work,ADMITTED_WITH_LIMITS_CYCLE008; QUALIFIED_CONTENT_COMPLETE; PUBLICATION_STATUS_IN_CYCLE008_CHECKPOINT,"Different customers change the plan. Passersby actually taste and praise richness and texture (u2–12). Shopping, payment, workload relief and sustained survival remain future.",series/blue-archive/02 Sequential Readings/EVENTS/EVENT_820/BLUE_ARCHIVE_EVENT_820_PHASE2_CONTEXTUAL_COMPARISON_20261008.md,"{'owner_route_key': '820', 'line': 101}",EXPLICIT_CURRENT_PACKAGE_OR_EPISODE_MAP
BA:event:820:008,CORE,ordinary repertoire; recipient agency/contrary endpoint; institution/work; provenance/identity/modes,ADMITTED_WITH_LIMITS_CYCLE008; QUALIFIED_CONTENT_COMPLETE; PUBLICATION_STATUS_IN_CYCLE008_CHECKPOINT,"Shopping pleasure encounters supply pressure. Juri enjoys an unfamiliar shopping trip, respects her senior and wants to contribute to school meals. The u57 inward material is not a formal choice.",series/blue-archive/02 Sequential Readings/EVENTS/EVENT_820/BLUE_ARCHIVE_EVENT_820_PHASE2_CONTEXTUAL_COMPARISON_20261008.md,"{'owner_route_key': '820', 'line': 103}",EXPLICIT_CURRENT_PACKAGE_OR_EPISODE_MAP
BA:event:820:009,CORE,ordinary repertoire; institution/work; provenance/identity/modes,ADMITTED_WITH_LIMITS_CYCLE008; QUALIFIED_CONTENT_COMPLETE; PUBLICATION_STATUS_IN_CYCLE008_CHECKPOINT,"Work dependence and an interested moral story. Helmet E describes food collection, processing and storage in Japanese, while Korean emphasizes packaging and distribution. The departure and Izumi's escape report leave destination unknown; planning headquarters action is not an arrival or meal.",series/blue-archive/02 Sequential Readings/EVENTS/EVENT_820/BLUE_ARCHIVE_EVENT_820_PHASE2_CONTEXTUAL_COMPARISON_20261008.md,"{'owner_route_key': '820', 'line': 105}",EXPLICIT_CURRENT_PACKAGE_OR_EPISODE_MAP
BA:event:820:010,CORE,ordinary repertoire,ADMITTED_WITH_LIMITS_CYCLE008; QUALIFIED_CONTENT_COMPLETE; PUBLICATION_STATUS_IN_CYCLE008_CHECKPOINT,"Listening and conditional perseverance. Haruna's attention and culinary reward coexist with Junko's concern and food humor. Reserve preparation, deployment, battle and a meal are not shown.",series/blue-archive/02 Sequential Readings/EVENTS/EVENT_820/BLUE_ARCHIVE_EVENT_820_PHASE2_CONTEXTUAL_COMPARISON_20261008.md,"{'owner_route_key': '820', 'line': 107}",EXPLICIT_CURRENT_PACKAGE_OR_EPISODE_MAP
BA:event:820:011,CORE,ordinary repertoire; recipient agency/contrary endpoint,ADMITTED_WITH_LIMITS_CYCLE008; QUALIFIED_CONTENT_COMPLETE; PUBLICATION_STATUS_IN_CYCLE008_CHECKPOINT,"Agreement defines a future contest, not its fairness. Haruna's criticism of ingredient quality and taste opposes Kan's quantity, price and efficiency assertions. Publicity and confidence coexist with a subordinate's overtime question and deferred pay; payment is not narrated.",series/blue-archive/02 Sequential Readings/EVENTS/EVENT_820/BLUE_ARCHIVE_EVENT_820_PHASE2_CONTEXTUAL_COMPARISON_20261008.md,"{'owner_route_key': '820', 'line': 109}",EXPLICIT_CURRENT_PACKAGE_OR_EPISODE_MAP
BA:event:820:012,CORE,recipient agency/contrary endpoint; provenance/identity/modes,ADMITTED_WITH_LIMITS_CYCLE008; QUALIFIED_CONTENT_COMPLETE; PUBLICATION_STATUS_IN_CYCLE008_CHECKPOINT,"Asking again matters, while procurement remains imperfect. Fuuka objects to being forced into the contest. N017 is Haruna's written ellipsis, not missing dialogue or a confession.",series/blue-archive/02 Sequential Readings/EVENTS/EVENT_820/BLUE_ARCHIVE_EVENT_820_PHASE2_CONTEXTUAL_COMPARISON_20261008.md,"{'owner_route_key': '820', 'line': 111}",EXPLICIT_CURRENT_PACKAGE_OR_EPISODE_MAP
BA:event:820:013,CORE,relations/care; institution/work; provenance/identity/modes,ADMITTED_WITH_LIMITS_CYCLE008; QUALIFIED_CONTENT_COMPLETE; PUBLICATION_STATUS_IN_CYCLE008_CHECKPOINT,"Work, company and concern for affected workers. Fuuka values a calm roof, speaks about work constraints and feels an obligation to cafeteria peers. Factory lines and all overtime are reported production, not an output or wage audit.",series/blue-archive/02 Sequential Readings/EVENTS/EVENT_820/BLUE_ARCHIVE_EVENT_820_PHASE2_CONTEXTUAL_COMPARISON_20261008.md,"{'owner_route_key': '820', 'line': 113}",EXPLICIT_CURRENT_PACKAGE_OR_EPISODE_MAP
BA:event:820:014,CORE,ordinary repertoire; institution/work; provenance/identity/modes,ADMITTED_WITH_LIMITS_CYCLE008; QUALIFIED_CONTENT_COMPLETE; PUBLICATION_STATUS_IN_CYCLE008_CHECKPOINT,"A real announced victory does not close every endpoint. The reporter's public greeting and play, sponsor disclosure and guest introductions stage a local publicity setting. The episode does not narrate the final battle, firing or contract execution.",series/blue-archive/02 Sequential Readings/EVENTS/EVENT_820/BLUE_ARCHIVE_EVENT_820_PHASE2_CONTEXTUAL_COMPARISON_20261008.md,"{'owner_route_key': '820', 'line': 115}",EXPLICIT_CURRENT_PACKAGE_OR_EPISODE_MAP
BA:event:820:015,CORE,provenance/identity/modes,ADMITTED_WITH_LIMITS_CYCLE008; QUALIFIED_CONTENT_COMPLETE; PUBLICATION_STATUS_IN_CYCLE008_CHECKPOINT,Festival hospitality and responsibility end in ordinary comic continuity. A reported settled incident and local festival atmosphere provide closure at the narrative's own scale. It does not change the hospitality reading.,series/blue-archive/02 Sequential Readings/EVENTS/EVENT_820/BLUE_ARCHIVE_EVENT_820_PHASE2_CONTEXTUAL_COMPARISON_20261008.md,"{'owner_route_key': '820', 'line': 117}",EXPLICIT_CURRENT_PACKAGE_OR_EPISODE_MAP
BA:event:821:001,CORE,ordinary repertoire; recipient agency/contrary endpoint; relations/care; provenance/identity/modes,ADMITTED_WITH_LIMITS_CYCLE008; QUALIFIED_CONTENT_COMPLETE; PUBLICATION_STATUS_IN_CYCLE008_CHECKPOINT,"Rin/Ayumu's countdown and timekeeping establish acknowledgment, launch announcement and solicited collective care (u0001–0012; raw4885–4917). The unfinished remaining-time line supplies no timer result. Momoka/Arona are named nontext production witnesses in the inherited account, not extra speaking participants. An eating cue does not prove a chosen meal. The final request to care for Kivotos is not yet fulfilled merely by being uttered.",series/blue-archive/02 Sequential Readings/EVENTS/EVENT_821/BLUE_ARCHIVE_EVENT_821_CONTEXTUALIZATION_CHECKPOINT.md,"{'owner_route_key': '821', 'line': 84}",EXPLICIT_CURRENT_PACKAGE_OR_EPISODE_MAP
BA:event:821:002,CORE,recipient agency/contrary endpoint; provenance/identity/modes,ADMITTED_WITH_LIMITS_CYCLE008; QUALIFIED_CONTENT_COMPLETE; PUBLICATION_STATUS_IN_CYCLE008_CHECKPOINT,"Serika reports emergence, Nonomi urges running and Hoshino states a lure plan; Maki warns and Ayane cannot secure evasive timing (u0001–0006). Aru reassures her group and urges the plan, followed by Haruka/Mutsuki's uptake (u0009–0012). Native0021 labels Hoshino while raw supplies Serika speech; both witnesses remain unresolved.",series/blue-archive/02 Sequential Readings/EVENTS/EVENT_821/BLUE_ARCHIVE_EVENT_821_CONTEXTUALIZATION_CHECKPOINT.md,"{'owner_route_key': '821', 'line': 86}",EXPLICIT_CURRENT_PACKAGE_OR_EPISODE_MAP
BA:event:821:003,CORE,institution/work; provenance/identity/modes,ADMITTED_WITH_LIMITS_CYCLE008; QUALIFIED_CONTENT_COMPLETE; PUBLICATION_STATUS_IN_CYCLE008_CHECKPOINT,"Rin reports Binah defeated, confirms the first sanctum destroyed and acknowledges Sensei's labor (u0001–0003). These are genuine attributed completed endpoints and courtesy. They do not certify an inspected fight or sole Sensei causation. The positive completion is not downgraded to a mere request.",series/blue-archive/02 Sequential Readings/EVENTS/EVENT_821/BLUE_ARCHIVE_EVENT_821_CONTEXTUALIZATION_CHECKPOINT.md,"{'owner_route_key': '821', 'line': 88}",EXPLICIT_CURRENT_PACKAGE_OR_EPISODE_MAP
BA:event:821:004,CORE,institution/work; provenance/identity/modes,ADMITTED_WITH_LIMITS_CYCLE008; QUALIFIED_CONTENT_COMPLETE; PUBLICATION_STATUS_IN_CYCLE008_CHECKPOINT,"Eimi reports conjunction of defending and descending/parachute forces. Prolonged fighting, surprise, recognition of Red Winter assistance and a renewed battle intention follow. Assistance is reported recognized; formation/battle commands do not complete a victory.",series/blue-archive/02 Sequential Readings/EVENTS/EVENT_821/BLUE_ARCHIVE_EVENT_821_CONTEXTUALIZATION_CHECKPOINT.md,"{'owner_route_key': '821', 'line': 90}",EXPLICIT_CURRENT_PACKAGE_OR_EPISODE_MAP
BA:event:821:005,CORE,ordinary repertoire; institution/work; provenance/identity/modes,ADMITTED_WITH_LIMITS_CYCLE008; QUALIFIED_CONTENT_COMPLETE; PUBLICATION_STATUS_IN_CYCLE008_CHECKPOINT,"Momoka reports the second sanctum's destruction and praises Sensei. JP reports Chesed defeat; KR's silence-status wording is narrower. The destruction confirmation survives both forms, without death or sole-attacker credit. Casual elongation, question-marked address and praise are eligible relationship evidence. Eating sound remains a cue, not a witnessed meal.",series/blue-archive/02 Sequential Readings/EVENTS/EVENT_821/BLUE_ARCHIVE_EVENT_821_CONTEXTUALIZATION_CHECKPOINT.md,"{'owner_route_key': '821', 'line': 92}",EXPLICIT_CURRENT_PACKAGE_OR_EPISODE_MAP
BA:event:821:006,CORE,ordinary repertoire; provenance/identity/modes,ADMITTED_WITH_LIMITS_CYCLE008; QUALIFIED_CONTENT_COMPLETE; PUBLICATION_STATUS_IN_CYCLE008_CHECKPOINT,"Yuzu reports preparation for the third sanctum completed, says an attack can begin, Hina declares commencement and Alice/Aris affirms raid start. Their hesitation, concise initiative and raid vocabulary preserve different forms of participation. Named Yuzu speech is positive despite empty person normalization; Hina/Aris have actual printed person keys. No completed combat follows inside006.",series/blue-archive/02 Sequential Readings/EVENTS/EVENT_821/BLUE_ARCHIVE_EVENT_821_CONTEXTUALIZATION_CHECKPOINT.md,"{'owner_route_key': '821', 'line': 94}",EXPLICIT_CURRENT_PACKAGE_OR_EPISODE_MAP
BA:event:821:007,CORE,relations/care; institution/work; provenance/identity/modes,ADMITTED_WITH_LIMITS_CYCLE008; QUALIFIED_CONTENT_COMPLETE; PUBLICATION_STATUS_IN_CYCLE008_CHECKPOINT,"Ayumu reports completed Shiro&Kuro defeat in JP and completed conquest/operation in KR, confirms the third sanctum's destruction, then hesitantly acknowledges the teacher's effort. The composite guardian name does not become two repaired people. Both the reported endpoint and ordinary thanks remain positive; empty scene setting and no teacher reply limit extensions.",series/blue-archive/02 Sequential Readings/EVENTS/EVENT_821/BLUE_ARCHIVE_EVENT_821_CONTEXTUALIZATION_CHECKPOINT.md,"{'owner_route_key': '821', 'line': 96}",EXPLICIT_CURRENT_PACKAGE_OR_EPISODE_MAP
BA:event:821:008,CORE,relations/care; institution/work; provenance/identity/modes,ADMITTED_WITH_LIMITS_CYCLE008; QUALIFIED_CONTENT_COMPLETE; PUBLICATION_STATUS_IN_CYCLE008_CHECKPOINT,"Mine reports arrival at the fourth guardian in JP and secure-front completion in KR, then announces a coming operation and her rescue credo. Hanako acknowledges and requests the Squad's joining. Named sound resources do not identify the unnamed guardian or prove treatment.",series/blue-archive/02 Sequential Readings/EVENTS/EVENT_821/BLUE_ARCHIVE_EVENT_821_CONTEXTUALIZATION_CHECKPOINT.md,"{'owner_route_key': '821', 'line': 98}",EXPLICIT_CURRENT_PACKAGE_OR_EPISODE_MAP
BA:event:821:009,CORE,source-specific local progression and endpoint,ADMITTED_WITH_LIMITS_CYCLE008; QUALIFIED_CONTENT_COMPLETE; PUBLICATION_STATUS_IN_CYCLE008_CHECKPOINT,"Rin confirms Hieronymus defeat and successful destruction of the fourth sanctum (U1/U2; raw5182–5183). Japanese adds effort acknowledgment absent from Korean. The final teacher-directed next-step request supplies reliance and courtesy, not a fulfilled onward action (U3/raw5184). A confirmation cue is not an independent verifier.",series/blue-archive/02 Sequential Readings/EVENTS/EVENT_821/BLUE_ARCHIVE_EVENT_821_CONTEXTUALIZATION_CHECKPOINT.md,"{'owner_route_key': '821', 'line': 100}",EXPLICIT_CURRENT_PACKAGE_OR_EPISODE_MAP
BA:event:821:010,CORE,institution/work; provenance/identity/modes,ADMITTED_WITH_LIMITS_CYCLE008; QUALIFIED_CONTENT_COMPLETE; PUBLICATION_STATUS_IN_CYCLE008_CHECKPOINT,"Yuuka reports Hod lured to the surface. Noa's polite barrier request, Koyuki's exasperated acknowledgment and the Veritas-clubroom SYSTEM location marker retain their modes. Barrier release and Hod removal are not completed in010.",series/blue-archive/02 Sequential Readings/EVENTS/EVENT_821/BLUE_ARCHIVE_EVENT_821_CONTEXTUALIZATION_CHECKPOINT.md,"{'owner_route_key': '821', 'line': 102}",EXPLICIT_CURRENT_PACKAGE_OR_EPISODE_MAP
BA:event:821:011,CORE,ordinary repertoire; recipient agency/contrary endpoint; relations/care; institution/work; provenance/identity/modes,ADMITTED_WITH_LIMITS_CYCLE008; QUALIFIED_CONTENT_COMPLETE; PUBLICATION_STATUS_IN_CYCLE008_CHECKPOINT,Momoka reports Hod defeat/operation completion and confirms the fifth sanctum destroyed (N1/N2). Her colloquial request for continued teacher help is actual warmth and working rapport while the future assistance remains requested (N3). Its musical note and greeting cue do not prove heard performance. Later011's local achievement can contextualize010's plans without certifying every proposed method or every individual's causal contribution.,series/blue-archive/02 Sequential Readings/EVENTS/EVENT_821/BLUE_ARCHIVE_EVENT_821_CONTEXTUALIZATION_CHECKPOINT.md,"{'owner_route_key': '821', 'line': 104}",EXPLICIT_CURRENT_PACKAGE_OR_EPISODE_MAP
BA:event:821:012,CORE,institution/work; provenance/identity/modes,ADMITTED_WITH_LIMITS_CYCLE008; QUALIFIED_CONTENT_COMPLETE; PUBLICATION_STATUS_IN_CYCLE008_CHECKPOINT,"Momoka reports five operations complete and the central D.U. sixth remaining. Reassurance, concern and responsive work retain value without a clinical profile.",series/blue-archive/02 Sequential Readings/EVENTS/EVENT_821/BLUE_ARCHIVE_EVENT_821_CONTEXTUALIZATION_CHECKPOINT.md,"{'owner_route_key': '821', 'line': 106}",EXPLICIT_CURRENT_PACKAGE_OR_EPISODE_MAP
BA:event:821:013,CORE,provenance/identity/modes,ADMITTED_WITH_LIMITS_CYCLE008; QUALIFIED_CONTENT_COMPLETE; PUBLICATION_STATUS_IN_CYCLE008_CHECKPOINT,"Hifumi and Azusa jointly recognize Perorozilla; their combined label remains one represented unit, not an invented split binding (N1–N3). Azusa asks whether Hifumi's remembered claim that it is in everyone's hearts meant this; Hifumi denies that intended meaning. No vehicle/driver, completed arrival or fulfilled stop is invented from the requests.",series/blue-archive/02 Sequential Readings/EVENTS/EVENT_821/BLUE_ARCHIVE_EVENT_821_CONTEXTUALIZATION_CHECKPOINT.md,"{'owner_route_key': '821', 'line': 108}",EXPLICIT_CURRENT_PACKAGE_OR_EPISODE_MAP
BA:event:821:014,CORE,provenance/identity/modes,ADMITTED_WITH_LIMITS_CYCLE008; QUALIFIED_CONTENT_COMPLETE; PUBLICATION_STATUS_IN_CYCLE008_CHECKPOINT,Ayumu reports the Perorozilla operation completed in JP/successful in KR. Momoka pleads/hopes that this is the end. Rin gives an elliptical response. Completion remains positive without permanent elimination or fulfillment of each earlier method. Desired closure is not achieved simply because wished; ellipsis supplies no hidden sentence or foreknowledge. These ordinary responses stay eligible alongside the success.,series/blue-archive/02 Sequential Readings/EVENTS/EVENT_821/BLUE_ARCHIVE_EVENT_821_CONTEXTUALIZATION_CHECKPOINT.md,"{'owner_route_key': '821', 'line': 110}",EXPLICIT_CURRENT_PACKAGE_OR_EPISODE_MAP
BA:event:821:015,CORE,recipient agency/contrary endpoint; relations/care; provenance/identity/modes,ADMITTED_WITH_LIMITS_CYCLE008; QUALIFIED_CONTENT_COMPLETE; PUBLICATION_STATUS_IN_CYCLE008_CHECKPOINT,"Ayumu reports disappearance of all five sanctums. Momoka's sixth-energy increase and Himari's final-tower explanation mark further change (N01–N06). Rin thanks, requests preparation and probably expects a final battle. Himari reports a newly completed secret weapon; Chihiro reports ready preparations while refusing guarantees. The proposed matter-enlargement phenomenon is limited and attributed, with incomplete understanding, analysis reports and theoretical roughly three-minute duration under stated conditions (N08–N26). No trial, measured maximum or supernatural fortune mechanism is certified.",series/blue-archive/02 Sequential Readings/EVENTS/EVENT_821/BLUE_ARCHIVE_EVENT_821_CONTEXTUALIZATION_CHECKPOINT.md,"{'owner_route_key': '821', 'line': 112}",EXPLICIT_CURRENT_PACKAGE_OR_EPISODE_MAP
BA:event:821:016,CORE,recipient agency/contrary endpoint; relations/care; provenance/identity/modes,ADMITTED_WITH_LIMITS_CYCLE008; QUALIFIED_CONTENT_COMPLETE; PUBLICATION_STATUS_IN_CYCLE008_CHECKPOINT,N03 reports final sanctum disappearance; N05–N06 announce all six gone and operation completion/success. N09 celebrates protecting Kivotos in JP/saving it in KR. Completed protection and continuing responsibility coexist; future tasks neither negate success nor certify their eventual fulfillment.,series/blue-archive/02 Sequential Readings/EVENTS/EVENT_821/BLUE_ARCHIVE_EVENT_821_CONTEXTUALIZATION_CHECKPOINT.md,"{'owner_route_key': '821', 'line': 115}",EXPLICIT_CURRENT_PACKAGE_OR_EPISODE_MAP
BA:event:822:001,CORE,source-specific local progression and endpoint,ADMITTED_WITH_LIMITS_CYCLE008; QUALIFIED_CONTENT_COMPLETE; PUBLICATION_STATUS_IN_CYCLE008_CHECKPOINT,"An explanation becomes a shared conditional plan. Veritas describes four areas and engines, with control followed by available self-destruction. The operation is announced, not won.",series/blue-archive/02 Sequential Readings/EVENTS/EVENT_822/BLUE_ARCHIVE_EVENT_822_PHASE2_CONTEXTUAL_COMPARISON_20261008.md,"{'owner_route_key': '822', 'line': 80}",EXPLICIT_CURRENT_EPISODE_MAP
BA:event:822:002,HIGH,provenance/identity/modes,ADMITTED_WITH_LIMITS_CYCLE008; QUALIFIED_CONTENT_COMPLETE; PUBLICATION_STATUS_IN_CYCLE008_CHECKPOINT,"Personal urgency conflicts with defensive responsibility. A crew-labeled speaker identifies an engine, Ayumu reports its defenses, and the opponent expresses an intention to prevent destruction of the ark so Kivotos reaches its planned end. This is an unresolved confrontation, not a victory.",series/blue-archive/02 Sequential Readings/EVENTS/EVENT_822/BLUE_ARCHIVE_EVENT_822_PHASE2_CONTEXTUAL_COMPARISON_20261008.md,"{'owner_route_key': '822', 'line': 82}",EXPLICIT_CURRENT_EPISODE_MAP
BA:event:822:003,CORE,ordinary repertoire; provenance/identity/modes,ADMITTED_WITH_LIMITS_CYCLE008; QUALIFIED_CONTENT_COMPLETE; PUBLICATION_STATUS_IN_CYCLE008_CHECKPOINT,"Reported success leaves the encounter open. Momoka announces first-engine destruction; Chihiro reports area 1 occupation and destruction as a good start. Entry into area 2 is announced, not yet completed in this episode.",series/blue-archive/02 Sequential Readings/EVENTS/EVENT_822/BLUE_ARCHIVE_EVENT_822_PHASE2_CONTEXTUAL_COMPARISON_20261008.md,"{'owner_route_key': '822', 'line': 84}",EXPLICIT_CURRENT_EPISODE_MAP
BA:event:822:004,HIGH,provenance/identity/modes,ADMITTED_WITH_LIMITS_CYCLE008; QUALIFIED_CONTENT_COMPLETE; PUBLICATION_STATUS_IN_CYCLE008_CHECKPOINT,Arrival creates a requested interval. The crew positively reports arrival before the area 2 engine. Zero choices is positive metadata and does not mean incomplete extraction.,series/blue-archive/02 Sequential Readings/EVENTS/EVENT_822/BLUE_ARCHIVE_EVENT_822_PHASE2_CONTEXTUAL_COMPARISON_20261008.md,"{'owner_route_key': '822', 'line': 86}",EXPLICIT_CURRENT_EPISODE_MAP
BA:event:822:005,CORE,provenance/identity/modes,ADMITTED_WITH_LIMITS_CYCLE008; QUALIFIED_CONTENT_COMPLETE; PUBLICATION_STATUS_IN_CYCLE008_CHECKPOINT,"Operational gain does not establish lasting retention. Ayumu reports area 2 engine destruction and Chihiro confirms it, then reports two of four areas; Himari reports half the computing function. Those assignments do not certify performed defense or arrival.",series/blue-archive/02 Sequential Readings/EVENTS/EVENT_822/BLUE_ARCHIVE_EVENT_822_PHASE2_CONTEXTUAL_COMPARISON_20261008.md,"{'owner_route_key': '822', 'line': 88}",EXPLICIT_CURRENT_EPISODE_MAP
BA:event:822:006,CORE,recipient agency/contrary endpoint; institution/work,ADMITTED_WITH_LIMITS_CYCLE008; QUALIFIED_CONTENT_COMPLETE; PUBLICATION_STATUS_IN_CYCLE008_CHECKPOINT,"A local epistemic revision does not settle ontology. Shiroko says the Chroma's Guide follows her orders, reversing the assumed command relation. Renewed combat readiness, intended suppression, engine destruction and a command request end the scene; the truth and those outcomes are unfinished.",series/blue-archive/02 Sequential Readings/EVENTS/EVENT_822/BLUE_ARCHIVE_EVENT_822_PHASE2_CONTEXTUAL_COMPARISON_20261008.md,"{'owner_route_key': '822', 'line': 90}",EXPLICIT_CURRENT_EPISODE_MAP
BA:event:822:007,CORE,ordinary repertoire; provenance/identity/modes,ADMITTED_WITH_LIMITS_CYCLE008; QUALIFIED_CONTENT_COMPLETE; PUBLICATION_STATUS_IN_CYCLE008_CHECKPOINT,Recognition is grounded in ordinary conduct and remembered restraint. U01–U08 leave assessment of the unfamiliar figure open. Native Aris versus Midori/Momoi at U78/U80 remain seams.,series/blue-archive/02 Sequential Readings/EVENTS/EVENT_822/BLUE_ARCHIVE_EVENT_822_PHASE2_CONTEXTUAL_COMPARISON_20261008.md,"{'owner_route_key': '822', 'line': 92}",EXPLICIT_CURRENT_EPISODE_MAP
BA:event:822:008,CORE,relations/care; institution/work; provenance/identity/modes,ADMITTED_WITH_LIMITS_CYCLE008; QUALIFIED_CONTENT_COMPLETE; PUBLICATION_STATUS_IN_CYCLE008_CHECKPOINT,Labor is thanked amid nonidentical progress reports. Crew cannot see the other Shiroko; Momoka's speculation that she gave up is checked by Ayumu's admitted uncertainty and alertness (U01–U03). No control-room result occurs yet.,series/blue-archive/02 Sequential Readings/EVENTS/EVENT_822/BLUE_ARCHIVE_EVENT_822_PHASE2_CONTEXTUAL_COMPARISON_20261008.md,"{'owner_route_key': '822', 'line': 94}",EXPLICIT_CURRENT_EPISODE_MAP
BA:event:822:009,CORE,provenance/identity/modes,ADMITTED_WITH_LIMITS_CYCLE008; QUALIFIED_CONTENT_COMPLETE; PUBLICATION_STATUS_IN_CYCLE008_CHECKPOINT,"Completed reported operations coexist with deferred listening. Maki celebrates, Chihiro reports all four engines destroyed, Kotama reports completed hacking and 100-percent occupation, and Hare says self-destruct can now be activated (U1–U4). U18 inward uptake acknowledges/proposes going, but evacuation and ship arrival remain unverified.",series/blue-archive/02 Sequential Readings/EVENTS/EVENT_822/BLUE_ARCHIVE_EVENT_822_PHASE2_CONTEXTUAL_COMPARISON_20261008.md,"{'owner_route_key': '822', 'line': 96}",EXPLICIT_CURRENT_EPISODE_MAP
BA:event:823:001,CORE,recipient agency/contrary endpoint; relations/care; provenance/identity/modes,ADMITTED_WITH_LIMITS_CYCLE008; QUALIFIED_CONTENT_COMPLETE; PUBLICATION_STATUS_IN_CYCLE008_CHECKPOINT,"001, u0001–0004/raw6185–6188: Arona reports the Ark entering self-destruction preparation, unnamed students approaching to help, and a need for joint action against Shiroko/Phrenapates at a named throne pending aid. The possible-final-battle forecast and polite teacher request are performed communications; explosion, arrival, victory and Sensei acceptance are not shown. The terminal presentation does not gain an invented Continued marker.",series/blue-archive/02 Sequential Readings/EVENTS/EVENT_823/BLUE_ARCHIVE_EVENT_823_CONTEXTUALIZATION_CHECKPOINT.md,"{'owner_route_key': '823', 'line': 70}",EXPLICIT_CURRENT_PACKAGE_OR_EPISODE_MAP
BA:event:823:002,CORE,recipient agency/contrary endpoint; relations/care; provenance/identity/modes,ADMITTED_WITH_LIMITS_CYCLE008; QUALIFIED_CONTENT_COMPLETE; PUBLICATION_STATUS_IN_CYCLE008_CHECKPOINT,"Protective concern forecasts an ending and lack of means, without proving objective impossibility. Combat commencement/support is announced; native Phrenapates versus raw Black Arona attribution remains unresolved, so no merged actor or proven support efficacy follows (u0001–0006/raw6191–6204).",series/blue-archive/02 Sequential Readings/EVENTS/EVENT_823/BLUE_ARCHIVE_EVENT_823_CONTEXTUALIZATION_CHECKPOINT.md,"{'owner_route_key': '823', 'line': 72}",EXPLICIT_CURRENT_PACKAGE_OR_EPISODE_MAP
BA:event:823:003,CORE,recipient agency/contrary endpoint; relations/care; institution/work; provenance/identity/modes,ADMITTED_WITH_LIMITS_CYCLE008; QUALIFIED_CONTENT_COMPLETE; PUBLICATION_STATUS_IN_CYCLE008_CHECKPOINT,"003, all28 findings,12 scenes: F01–F04/raw6205–6342 establish other Shiroko's refusal/apology, inquiry and trust offered through actual written alternatives, Abydos arrival/concern and three native/raw attribution seams. Hanako raises betrayal; JP trust-to-begin/adult-wish and KR teacher/adult-work formulations differ. Japanese6297 asks whether Shiroko is safe while Korean supplies arrival/location wording. Native Serika/raw Hoshino6340, native Nonomi/raw Serika6341 and native Hoshino/raw Nonomi6342 remain competing witnesses, not repairs. Alternate choices are not all performed selections.",series/blue-archive/02 Sequential Readings/EVENTS/EVENT_823/BLUE_ARCHIVE_EVENT_823_CONTEXTUALIZATION_CHECKPOINT.md,"{'owner_route_key': '823', 'line': 74}",EXPLICIT_CURRENT_PACKAGE_OR_EPISODE_MAP
BA:event:823:004,CORE,recipient agency/contrary endpoint,ADMITTED_WITH_LIMITS_CYCLE008; QUALIFIED_CONTENT_COMPLETE; PUBLICATION_STATUS_IN_CYCLE008_CHECKPOINT,"004, u1–u6/raw6901–6909: generic JP crew/KR Rin-crew offers Utnapishtim main-cannon support, explains lock-on/firing delay and asks the teacher to endure. The target/timing explanation is an expectation, not a fired shot. Nonfulfillment is bounded to this episode, not global failure after later material.",series/blue-archive/02 Sequential Readings/EVENTS/EVENT_823/BLUE_ARCHIVE_EVENT_823_CONTEXTUALIZATION_CHECKPOINT.md,"{'owner_route_key': '823', 'line': 88}",EXPLICIT_CURRENT_PACKAGE_OR_EPISODE_MAP
BA:event:823:005,CORE,recipient agency/contrary endpoint; institution/work; provenance/identity/modes,ADMITTED_WITH_LIMITS_CYCLE008; QUALIFIED_CONTENT_COMPLETE; PUBLICATION_STATUS_IN_CYCLE008_CHECKPOINT,"005, all13units/raw6910–6936: Ayane reports Phrenapates fallen, not dead or clinically resolved. Collapse report and later impending-complete-collapse wording retain temporal/localization tension. Final teacher command, activation, reunion and complete escape are not shown.",series/blue-archive/02 Sequential Readings/EVENTS/EVENT_823/BLUE_ARCHIVE_EVENT_823_CONTEXTUALIZATION_CHECKPOINT.md,"{'owner_route_key': '823', 'line': 90}",EXPLICIT_CURRENT_PACKAGE_OR_EPISODE_MAP
BA:event:823:006,CORE,recipient agency/contrary endpoint; relations/care; provenance/identity/modes,ADMITTED_WITH_LIMITS_CYCLE008; QUALIFIED_CONTENT_COMPLETE; PUBLICATION_STATUS_IN_CYCLE008_CHECKPOINT,"006, all65units: remaining1 follows positive Rin-crew teleport staging but no certified escape endpoint. Sensei's inward earlier communication deficit and adult-duty resolve do not cancel his later listening/response orientation. Other Shiroko's apologies, self-blame, cries and objections are meaningful, not factual culpability or agreed control.",series/blue-archive/02 Sequential Readings/EVENTS/EVENT_823/BLUE_ARCHIVE_EVENT_823_CONTEXTUALIZATION_CHECKPOINT.md,"{'owner_route_key': '823', 'line': 92}",EXPLICIT_CURRENT_PACKAGE_OR_EPISODE_MAP
BA:event:824:001,CORE,institution/work; provenance/identity/modes,ADMITTED_WITH_LIMITS_CYCLE008; QUALIFIED_CONTENT_COMPLETE; PUBLICATION_STATUS_IN_CYCLE008_CHECKPOINT,"At scene001u0001 Ayumu greets the adult and acknowledges their work. This small courtesy identifies a relation of civic cooperation without making the adult sole worker. At u0002 she reports that the present incident has ended but autonomous districts, especially D.U. Shiratori, suffered grave damage. Crisis conclusion and material recovery are explicitly distinct endpoints. No damage survey, named incident identification, casualty count or completed rebuild is shown.",series/blue-archive/02 Sequential Readings/EVENTS/EVENT_824/BLUE_ARCHIVE_EVENT_824_CONTEXTUALIZATION_CHECKPOINT.md,"{'owner_route_key': '824', 'line': 41}",EXPLICIT_CURRENT_PACKAGE_OR_EPISODE_MAP
BA:event:825:001,CORE,ordinary repertoire,ADMITTED_WITH_LIMITS_CYCLE008; QUALIFIED_CONTENT_COMPLETE; PUBLICATION_STATUS_IN_CYCLE008_CHECKPOINT,"In her sparse office, Toki welcomes Sensei, offers relaxation and later tea, and says seniors have left on missions. Her “calm water” denial sits beside repeated insistence that she is not lonely, anxious or bored enough to cause trouble (u0006–0025). The ending names Game Development Department and a video cue, not watched footage.",series/blue-archive/02 Sequential Readings/EVENTS/EVENT_825/BLUE_ARCHIVE_EVENT_825_CONTEXTUALIZATION_CHECKPOINT.md,"{'owner_route_key': '825', 'line': 87}",EXPLICIT_CURRENT_EPISODE_MAP
BA:event:825:002,CORE,ordinary repertoire; recipient agency/contrary endpoint; provenance/identity/modes,ADMITTED_WITH_LIMITS_CYCLE008; QUALIFIED_CONTENT_COMPLETE; PUBLICATION_STATUS_IN_CYCLE008_CHECKPOINT,"Momoi achieves a locally announced fighting-game win (u0012–0017), after recalling defeats. Rumors that she plays until she wins, glares at departing opponents and still avoids cabinet punching/real fighting are other gamers' claims (u0018–0038); her partial admission concerns frantic lever movement. At scene 002 Toki promises secrecy and anticipates a future repayment; no repayment is shown.",series/blue-archive/02 Sequential Readings/EVENTS/EVENT_825/BLUE_ARCHIVE_EVENT_825_CONTEXTUALIZATION_CHECKPOINT.md,"{'owner_route_key': '825', 'line': 89}",EXPLICIT_CURRENT_EPISODE_MAP
BA:event:825:003,CORE,recipient agency/contrary endpoint; relations/care; provenance/identity/modes,ADMITTED_WITH_LIMITS_CYCLE008; QUALIFIED_CONTENT_COMPLETE; PUBLICATION_STATUS_IN_CYCLE008_CHECKPOINT,Momoi wants her outfit seen and praised; Midori thanks for praise; Yuzu is uneasy about a fluttering skirt. Aris initially refuses because she associates maids with Neru and C&C's capability (u0022–0031). The dealer's broader sniper/luck/strategist reputation claims are not certified competence.,series/blue-archive/02 Sequential Readings/EVENTS/EVENT_825/BLUE_ARCHIVE_EVENT_825_CONTEXTUALIZATION_CHECKPOINT.md,"{'owner_route_key': '825', 'line': 91}",EXPLICIT_CURRENT_EPISODE_MAP
BA:event:825:004,CORE,ordinary repertoire; institution/work,ADMITTED_WITH_LIMITS_CYCLE008; QUALIFIED_CONTENT_COMPLETE; PUBLICATION_STATUS_IN_CYCLE008_CHECKPOINT,"The warning's full four-line riddle is displayed (u0015–0018). Yuzu's tentative analog-clock explanation, stated hand rates and inferred window coexist with Aris's NPC analogy, ordinary phone-time joke and the group's incomplete interpretation (u0023–0058). Fear of institutional trouble and Neru's anger is prospective, not a real abolition threat.",series/blue-archive/02 Sequential Readings/EVENTS/EVENT_825/BLUE_ARCHIVE_EVENT_825_CONTEXTUALIZATION_CHECKPOINT.md,"{'owner_route_key': '825', 'line': 93}",EXPLICIT_CURRENT_EPISODE_MAP
BA:event:825:005,CORE,ordinary repertoire; institution/work; provenance/identity/modes,ADMITTED_WITH_LIMITS_CYCLE008; QUALIFIED_CONTENT_COMPLETE; PUBLICATION_STATUS_IN_CYCLE008_CHECKPOINT,"Cleaning and guarding past 5:20 a.m. coexist with fatigue, extra-pay testimony and Aris's concern about Sensei's sleep (u0001–0016, inserted u0115). Her universal claims about publicity, naming and value are a stated philosophy, not narrative law.",series/blue-archive/02 Sequential Readings/EVENTS/EVENT_825/BLUE_ARCHIVE_EVENT_825_CONTEXTUALIZATION_CHECKPOINT.md,"{'owner_route_key': '825', 'line': 95}",EXPLICIT_CURRENT_EPISODE_MAP
BA:event:825:006,HIGH,recipient agency/contrary endpoint; provenance/identity/modes,ADMITTED_WITH_LIMITS_CYCLE008; QUALIFIED_CONTENT_COMPLETE; PUBLICATION_STATUS_IN_CYCLE008_CHECKPOINT,"Toki and the thief exchange assessments, courtesy and deliberate insult. Toki asks about a stolen crown; the thief corrects “thief” to her preferred role. The very short object ends before that correction is completed. Compliment, misunderstanding and naming friction are substantive evidence, without an inferred unseen duel or a completed search. u0013's aesthetic lament is printed under Toki but fits the adjacent thief position; it is retained as a heading/wording seam rather than normalized into Toki's beliefs.",series/blue-archive/02 Sequential Readings/EVENTS/EVENT_825/BLUE_ARCHIVE_EVENT_825_CONTEXTUALIZATION_CHECKPOINT.md,"{'owner_route_key': '825', 'line': 97}",EXPLICIT_CURRENT_EPISODE_MAP
BA:event:825:007,CORE,ordinary repertoire; relations/care; institution/work,ADMITTED_WITH_LIMITS_CYCLE008; QUALIFIED_CONTENT_COMPLETE; PUBLICATION_STATUS_IN_CYCLE008_CHECKPOINT,"Toki encounters a trap; the club actually intervenes. Aris's attack, Yuzu's shot and the thief's withdrawal to the ceiling force her to retract a weak-children judgment (u0004–0035). The companionship thesis rests on explicit, coherent invitation/thanks/narration, not silent repair of every heading or invention of a particular embrace.",series/blue-archive/02 Sequential Readings/EVENTS/EVENT_825/BLUE_ARCHIVE_EVENT_825_CONTEXTUALIZATION_CHECKPOINT.md,"{'owner_route_key': '825', 'line': 99}",EXPLICIT_CURRENT_EPISODE_MAP
BA:event:825:008,CORE,ordinary repertoire; recipient agency/contrary endpoint; relations/care,ADMITTED_WITH_LIMITS_CYCLE008; QUALIFIED_CONTENT_COMPLETE; PUBLICATION_STATUS_IN_CYCLE008_CHECKPOINT,"Day two brings fatigue, Momoi's apology and represented assurances that Sensei enjoys company and can be called again (u0001–0012). Guests' belief that the thief never hurts people is hearsay, and treating danger as entertainment is their response, not universal recipient consent. The offered shelter is not performed concealment.",series/blue-archive/02 Sequential Readings/EVENTS/EVENT_825/BLUE_ARCHIVE_EVENT_825_CONTEXTUALIZATION_CHECKPOINT.md,"{'owner_route_key': '825', 'line': 101}",EXPLICIT_CURRENT_EPISODE_MAP
BA:event:825:009,HIGH,recipient agency/contrary endpoint,ADMITTED_WITH_LIMITS_CYCLE008; QUALIFIED_CONTENT_COMPLETE; PUBLICATION_STATUS_IN_CYCLE008_CHECKPOINT,"Poor visibility, slipping, a stepped foot and hair discomfort give the approach a bodily ordinary texture (u0001–0011). The overheard underground auction is genuinely current, ahead of the supposedly next-day auction. The dealer orders their supposedly courteous detention; the selected object does not end with a completed custody or conviction.",series/blue-archive/02 Sequential Readings/EVENTS/EVENT_825/BLUE_ARCHIVE_EVENT_825_CONTEXTUALIZATION_CHECKPOINT.md,"{'owner_route_key': '825', 'line': 103}",EXPLICIT_CURRENT_EPISODE_MAP
BA:event:825:010,CORE,institution/work; provenance/identity/modes,ADMITTED_WITH_LIMITS_CYCLE008; QUALIFIED_CONTENT_COMPLETE; PUBLICATION_STATUS_IN_CYCLE008_CHECKPOINT,"Meitaro invokes Genryumon backup as his account, not an independently received group packet or institution-wide complicity finding. The crowd and Toki's lack of her powered suit create a practical limit. An alliance and information exchange are proposed; the thief's account of illegal trading is partly corroborated by Toki's witnessed collection, but her claim that the exhibition diverted Valkyrie remains her inference (u0071–0087).",series/blue-archive/02 Sequential Readings/EVENTS/EVENT_825/BLUE_ARCHIVE_EVENT_825_CONTEXTUALIZATION_CHECKPOINT.md,"{'owner_route_key': '825', 'line': 105}",EXPLICIT_CURRENT_EPISODE_MAP
BA:event:825:011,CORE,ordinary repertoire; institution/work,ADMITTED_WITH_LIMITS_CYCLE008; QUALIFIED_CONTENT_COMPLETE; PUBLICATION_STATUS_IN_CYCLE008_CHECKPOINT,"Toki admits that her feelings are unsettled (u0001–0004), uses playful descriptions of different club members and proposes that Sensei/the club withdraw so she can bear the danger (u0019–0030). She is not a uniformly impassive instrument. The original riddle needed the crown's name, withheld from the group (u0057–0064); the false sword solution was not simply incompetent children.",series/blue-archive/02 Sequential Readings/EVENTS/EVENT_825/BLUE_ARCHIVE_EVENT_825_CONTEXTUALIZATION_CHECKPOINT.md,"{'owner_route_key': '825', 'line': 107}",EXPLICIT_CURRENT_EPISODE_MAP
BA:event:825:012,HIGH,ordinary repertoire; relations/care; institution/work; provenance/identity/modes,ADMITTED_WITH_LIMITS_CYCLE008; QUALIFIED_CONTENT_COMPLETE; PUBLICATION_STATUS_IN_CYCLE008_CHECKPOINT,"Yuzu has actually scouted and reports the distribution of security, with local visibility limits (u0001–0006). The plan waits for the thief's signal. Fireworks actually display her five-character title and guards announce pursuit (u0010–0018). That written narrated sound is not independently heard audio. Toki announces a one-minute delay and requests Aris's help; Aris's light call and the group's beginning provide represented attack/entry preparation (u0019–0029), not a completed mansion-wide suppression. The title 所有権の移転 frames the episode but does not itself execute a legal transfer.",series/blue-archive/02 Sequential Readings/EVENTS/EVENT_825/BLUE_ARCHIVE_EVENT_825_CONTEXTUALIZATION_CHECKPOINT.md,"{'owner_route_key': '825', 'line': 109}",EXPLICIT_CURRENT_EPISODE_MAP
BA:event:825:013,CORE,provenance/identity/modes,ADMITTED_WITH_LIMITS_CYCLE008; QUALIFIED_CONTENT_COMPLETE; PUBLICATION_STATUS_IN_CYCLE008_CHECKPOINT,The dealer asserts ownership; the thief denies his worthiness and invokes the girls' claim. These are contested assertions. u0036's quest fanfare is under Toki and self-description patterns elsewhere suggest a seam; no personality merger is made.,series/blue-archive/02 Sequential Readings/EVENTS/EVENT_825/BLUE_ARCHIVE_EVENT_825_CONTEXTUALIZATION_CHECKPOINT.md,"{'owner_route_key': '825', 'line': 111}",EXPLICIT_CURRENT_EPISODE_MAP
BA:event:825:014,CORE,ordinary repertoire; provenance/identity/modes,ADMITTED_WITH_LIMITS_CYCLE008; QUALIFIED_CONTENT_COMPLETE; PUBLICATION_STATUS_IN_CYCLE008_CHECKPOINT,"The thief says alliance meant coincident interests rather than common aesthetics, admits betrayal/any means/sacrifice and rejects expectation of understanding (u0001–0015). Toki argues that other solutions existed. Akira's exclusion history and universal art principle are attributed beliefs, not proven biography or authorization.",series/blue-archive/02 Sequential Readings/EVENTS/EVENT_825/BLUE_ARCHIVE_EVENT_825_CONTEXTUALIZATION_CHECKPOINT.md,"{'owner_route_key': '825', 'line': 113}",EXPLICIT_CURRENT_EPISODE_MAP
BA:event:825:015,CORE,relations/care,ADMITTED_WITH_LIMITS_CYCLE008; QUALIFIED_CONTENT_COMPLETE; PUBLICATION_STATUS_IN_CYCLE008_CHECKPOINT,"The crown is secured again (u0003) and, after further smoke, Yuzu's continued hold is positively confirmed in narration (u0050–0053). Eye discomfort, coughing and Toki's offered handkerchief preserve immediate bodily care without a clinical diagnosis or external safety examination. It should not be collapsed into Akira's capture.",series/blue-archive/02 Sequential Readings/EVENTS/EVENT_825/BLUE_ARCHIVE_EVENT_825_CONTEXTUALIZATION_CHECKPOINT.md,"{'owner_route_key': '825', 'line': 115}",EXPLICIT_CURRENT_EPISODE_MAP
BA:event:825:016,CORE,relations/care; institution/work,ADMITTED_WITH_LIMITS_CYCLE008; QUALIFIED_CONTENT_COMPLETE; PUBLICATION_STATUS_IN_CYCLE008_CHECKPOINT,"The epilogue corrects the club's expectation of Neru's anger, abolition or lethal punishment: those fears are not enacted sanctions. Toki admits she should have contacted seniors and chose to fight as the club's friend, offering to share any responsibility (u0030–0039). Inconsistent headings at u0063/u0077 are not silently used to make Neru thank herself or deliver someone else's assessment.",series/blue-archive/02 Sequential Readings/EVENTS/EVENT_825/BLUE_ARCHIVE_EVENT_825_CONTEXTUALIZATION_CHECKPOINT.md,"{'owner_route_key': '825', 'line': 117}",EXPLICIT_CURRENT_EPISODE_MAP
BA:event:826:001,CORE,ordinary repertoire; recipient agency/contrary endpoint; relations/care; institution/work,ADMITTED_WITH_LIMITS_CYCLE008; QUALIFIED_CONTENT_COMPLETE; PUBLICATION_STATUS_IN_CYCLE008_CHECKPOINT,"001scene1u0007/0011 positively introduces 朱城ルミ as Genbu chair. The represented telephone joke meets her criticism that it is not very funny, apology and request for a better joke next time. A heavy institutional request and curiosity about the teacher coexist. Her question about being trusted when doing wrong obtains a contextual response about being scolded, and she enjoys being treated as the teacher’s studentu0025–0030. This is wanted attention and a particular conversational response, not unlimited immunity or blanket good conduct. Her promise to protect the adult and provide the best welcome is future at this point.",series/blue-archive/02 Sequential Readings/EVENTS/EVENT_826/BLUE_ARCHIVE_EVENT_826_CONTEXTUALIZATION_CHECKPOINT.md,"{'owner_route_key': '826', 'line': 67}",EXPLICIT_CURRENT_PACKAGE_OR_EPISODE_MAP
BA:event:826:002,CORE,ordinary repertoire; relations/care,ADMITTED_WITH_LIMITS_CYCLE008; QUALIFIED_CONTENT_COMPLETE; PUBLICATION_STATUS_IN_CYCLE008_CHECKPOINT,"002u0004 prints the adult’s delighted first taste of 全家福. Rumi says a customer’s delicious judgment is her strongest pleasureu0005. Film-derived kung-fu interpretation is corrected by the adult’s friendship explanation, without treating an imagined conversational technique as actual combat mastery.",series/blue-archive/02 Sequential Readings/EVENTS/EVENT_826/BLUE_ARCHIVE_EVENT_826_CONTEXTUALIZATION_CHECKPOINT.md,"{'owner_route_key': '826', 'line': 71}",EXPLICIT_CURRENT_PACKAGE_OR_EPISODE_MAP
BA:event:826:003,CORE,ordinary repertoire; recipient agency/contrary endpoint; institution/work; provenance/identity/modes,ADMITTED_WITH_LIMITS_CYCLE008; QUALIFIED_CONTENT_COMPLETE; PUBLICATION_STATUS_IN_CYCLE008_CHECKPOINT,"003’s unappointed visit is admitted after pressure about reputation and teacher status. The adult calls the approach somewhat forceful(choice003); Rumi minimizes that concern. This remains a method limit, even when it obtains access. Kisaki permits familiar address despite members’ objectionsu0031–0035 and rejects a rumor that the adult will use any meansu0037–0040. That is her situated assessment rather than an exhaustive ethics model.",series/blue-archive/02 Sequential Readings/EVENTS/EVENT_826/BLUE_ARCHIVE_EVENT_826_CONTEXTUALIZATION_CHECKPOINT.md,"{'owner_route_key': '826', 'line': 77}",EXPLICIT_CURRENT_PACKAGE_OR_EPISODE_MAP
BA:event:826:004,HIGH,recipient agency/contrary endpoint; provenance/identity/modes,ADMITTED_WITH_LIMITS_CYCLE008; QUALIFIED_CONTENT_COMPLETE; PUBLICATION_STATUS_IN_CYCLE008_CHECKPOINT,"Departure follows a failed unauthorized attack and threatened formal protest. Rumi claims knowledge of Kisaki while acknowledging words may differ from inward feelings (u0004–0006). This limits both perfect-host and uniform-hostility readings; no formal protest, punishment or injury assessment is completed.",series/blue-archive/02 Sequential Readings/EVENTS/EVENT_826/BLUE_ARCHIVE_EVENT_826_CONTEXTUALIZATION_CHECKPOINT.md,"{'owner_route_key': '826', 'line': 81}",EXPLICIT_CURRENT_PACKAGE_OR_EPISODE_MAP
BA:event:826:005,CORE,ordinary repertoire; recipient agency/contrary endpoint; institution/work,ADMITTED_WITH_LIMITS_CYCLE008; QUALIFIED_CONTENT_COMPLETE; PUBLICATION_STATUS_IN_CYCLE008_CHECKPOINT,"005 shows Rumi admitting no culinary use of 萬年参 while separately describing a small taste testu0004/0038–0040. These are compatible; tasting is not completed use in a dish. She refuses a proposed kung-fu shortcut and explicitly declines her own training invitationu0050–0058. Work and cooking are her selected priorities, not evidence she has no interests outside office.",series/blue-archive/02 Sequential Readings/EVENTS/EVENT_826/BLUE_ARCHIVE_EVENT_826_CONTEXTUALIZATION_CHECKPOINT.md,"{'owner_route_key': '826', 'line': 85}",EXPLICIT_CURRENT_PACKAGE_OR_EPISODE_MAP
BA:event:826:006,CORE,ordinary repertoire; recipient agency/contrary endpoint; institution/work; provenance/identity/modes,ADMITTED_WITH_LIMITS_CYCLE008; QUALIFIED_CONTENT_COMPLETE; PUBLICATION_STATUS_IN_CYCLE008_CHECKPOINT,"006’s steep climb leads Reijo to propose kung-fu training, connecting stamina to real cooking/work demands. The adult’s resistance and Rumi’s amusement remain. There is no completed training program. 近衛ミナ names herself at u0016, refuses to identify her orders and assumes returning to the site identifies a culprit. Reijo explicitly warns against premature certaintyu0020–0024. Mina’s claim that her institution never makes such a mistake is challenged by what follows, not accepted because it sounds confident. Burning a fake meal ticket and regretting inability to smokeu0028–0031 are written genre performance; no real meal voucher destruction or actual cigarette is established.",series/blue-archive/02 Sequential Readings/EVENTS/EVENT_826/BLUE_ARCHIVE_EVENT_826_CONTEXTUALIZATION_CHECKPOINT.md,"{'owner_route_key': '826', 'line': 97}",EXPLICIT_CURRENT_PACKAGE_OR_EPISODE_MAP
BA:event:826:007,CORE,ordinary repertoire; recipient agency/contrary endpoint; institution/work; provenance/identity/modes,ADMITTED_WITH_LIMITS_CYCLE008; QUALIFIED_CONTENT_COMPLETE; PUBLICATION_STATUS_IN_CYCLE008_CHECKPOINT,"007 follows actual confrontation: Mina is defeated, attempts a dramatic failure quotation and receives bafflement. Her love of hardboiled/cool fiction is expressly affirmedu0015–0016. That ordinary taste is independently meaningful. Her inference that Genbu and Alchemy must be connected is not established by their meeting, and even her own account says there is no physical evidence against Alchemyu0020. Reijo’s inverse conspiracy theory is also an argument, not proved institutional framing. A generic cardboard’s broad availabilityu0036 and both institutions’ surveillance matter more than a simple faction choice. The adult asks both to calm down.",series/blue-archive/02 Sequential Readings/EVENTS/EVENT_826/BLUE_ARCHIVE_EVENT_826_CONTEXTUALIZATION_CHECKPOINT.md,"{'owner_route_key': '826', 'line': 99}",EXPLICIT_CURRENT_PACKAGE_OR_EPISODE_MAP
BA:event:826:008,CORE,ordinary repertoire; recipient agency/contrary endpoint; institution/work; provenance/identity/modes,ADMITTED_WITH_LIMITS_CYCLE008; QUALIFIED_CONTENT_COMPLETE; PUBLICATION_STATUS_IN_CYCLE008_CHECKPOINT,"008 gives Kokona actual completed grading, fatigue, difficulty understanding pupils’ struggles and fear of Shun’s rebuke for excessive question difficultyu0002–0006. Her objection to 教官ちゃん and preference for her name/teacher recognitionu0009–0012 matter beside the investigation. Adult stop signals interrupt Mina/Reijo’s partisan insults in front of her(choice001). Her uncertain visitor welcome is neither secret collaboration nor informed consent to a trap.",series/blue-archive/02 Sequential Readings/EVENTS/EVENT_826/BLUE_ARCHIVE_EVENT_826_CONTEXTUALIZATION_CHECKPOINT.md,"{'owner_route_key': '826', 'line': 105}",EXPLICIT_CURRENT_PACKAGE_OR_EPISODE_MAP
BA:event:826:009,CORE,ordinary repertoire; institution/work; provenance/identity/modes,ADMITTED_WITH_LIMITS_CYCLE008; QUALIFIED_CONTENT_COMPLETE; PUBLICATION_STATUS_IN_CYCLE008_CHECKPOINT,"009u0010–0014 differentiates Rumi’s own wished-for cooking from the chair role. She values effort, discovery of tastes and customers’ reactions; she says she would like to focus on cooking without other concerns. At u0120, placed afteru0016, increasing responsibility creates choices that exceed her hands and affect others. Confidence from peers does not establish intrinsic superiority. A day resolved yields temporary relief, not a guarantee of tomorrowu0021–0027. Wanted craft has affirmative value before it contributes to a public solution.",series/blue-archive/02 Sequential Readings/EVENTS/EVENT_826/BLUE_ARCHIVE_EVENT_826_CONTEXTUALIZATION_CHECKPOINT.md,"{'owner_route_key': '826', 'line': 113}",EXPLICIT_CURRENT_PACKAGE_OR_EPISODE_MAP
BA:event:826:010,CORE,ordinary repertoire; relations/care; institution/work; provenance/identity/modes,ADMITTED_WITH_LIMITS_CYCLE008; QUALIFIED_CONTENT_COMPLETE; PUBLICATION_STATUS_IN_CYCLE008_CHECKPOINT,"010’s password, discussion of ordinary carrots and betrayal concerns supply direct audience access to the transaction. The collaborators are genuinely confronted by the joint team, and011u0003 reports completed suppression. Prototype food is promised in thanks, not yet eaten in this scene.",series/blue-archive/02 Sequential Readings/EVENTS/EVENT_826/BLUE_ARCHIVE_EVENT_826_CONTEXTUALIZATION_CHECKPOINT.md,"{'owner_route_key': '826', 'line': 123}",EXPLICIT_CURRENT_PACKAGE_OR_EPISODE_MAP
BA:event:826:011,CORE,institution/work; provenance/identity/modes,ADMITTED_WITH_LIMITS_CYCLE008; QUALIFIED_CONTENT_COMPLETE; PUBLICATION_STATUS_IN_CYCLE008_CHECKPOINT,"Saya names 申谷カイ/五塵の獼猴011u0017 and supplies former Alchemy presidency, prisoner and exile historyu0025–0029. Those historical/legal facts are attributed testimony here. Broker denials and claims of merely receiving goodsu0033–0034 coexist with inner discussion about hiding Kaiu0035–0036. Inner evidence strongly qualifies innocence; it does not give the investigators direct access to those thoughts or document a sentence. Subsequent threats of endless interrogation, retrieval and institutional responsibility are announcedu0046–0048, not completed outcomes.",series/blue-archive/02 Sequential Readings/EVENTS/EVENT_826/BLUE_ARCHIVE_EVENT_826_CONTEXTUALIZATION_CHECKPOINT.md,"{'owner_route_key': '826', 'line': 125}",EXPLICIT_CURRENT_PACKAGE_OR_EPISODE_MAP
BA:event:826:012,CORE,recipient agency/contrary endpoint; relations/care; institution/work,ADMITTED_WITH_LIMITS_CYCLE008; QUALIFIED_CONTENT_COMPLETE; PUBLICATION_STATUS_IN_CYCLE008_CHECKPOINT,"012u0010–0012 shows executives deflecting responsibility to individuals. Kisaki actually lowers her head and formally apologizes for unsupported accusation, reputational harm, school confusion and failed oversightu0022–0028. That is an achieved institutional speech act, unlike Mina’s earlier deferral. Her no-recurrence promise is prospective. Literal tags at u0029/0033 carry subordinate protests under Kisaki’s name; the turn functions remain qualified.",series/blue-archive/02 Sequential Readings/EVENTS/EVENT_826/BLUE_ARCHIVE_EVENT_826_CONTEXTUALIZATION_CHECKPOINT.md,"{'owner_route_key': '826', 'line': 133}",EXPLICIT_CURRENT_PACKAGE_OR_EPISODE_MAP
BA:event:826:013,CORE,ordinary repertoire; recipient agency/contrary endpoint; relations/care; institution/work,ADMITTED_WITH_LIMITS_CYCLE008; QUALIFIED_CONTENT_COMPLETE; PUBLICATION_STATUS_IN_CYCLE008_CHECKPOINT,"013 makes the banquet actual. Cross-school food forms—Red Winter-style soup, Wild Hunt-style meat/grapes, Trinity-style sweets and milk tea—are offered amid traditionalists’ apprehensionu0002–0010. This is actual culinary encounter, not every institutional member cured of prejudice or every offered item consumed. Shun and Kokona oversee children’s conduct and thanks/teeth routines; Kokona objects to infantilizing address. Shun’s proposed adult business shifts child supervision to Kokona, who protests the asymmetry and threatens future ice cream consumptionu0018–0022. That pleasure and burden remain beside the public celebration.",series/blue-archive/02 Sequential Readings/EVENTS/EVENT_826/BLUE_ARCHIVE_EVENT_826_CONTEXTUALIZATION_CHECKPOINT.md,"{'owner_route_key': '826', 'line': 137}",EXPLICIT_CURRENT_PACKAGE_OR_EPISODE_MAP
BA:event:827:001,CORE,ordinary repertoire; provenance/identity/modes,ADMITTED_WITH_LIMITS_CYCLE008; QUALIFIED_CONTENT_COMPLETE; PUBLICATION_STATUS_IN_CYCLE008_CHECKPOINT,"Heat, appetite, and a departure negotiated through duty At CampRABBIT, heat affects each member differently. Saki’s admonition to endure ends in her own acknowledgment that it is hot(u0012–0022); Moe distinguishes explosion heat from summer and prefers winter equipment exhaust; Miyu names exposed sniper positions/heavy camouflage and winter preference; Miyako worries about sweating and spoiled food(u0023–0034). Moe’s wanted shrimp-basil sandwich, Miyu’s supermarket notice, Saki’s reported diving-instructor explanation and Miyako’s cautious suspicion do not yet prove organized crime(u0035–0054).",series/blue-archive/02 Sequential Readings/EVENTS/EVENT_827/BLUE_ARCHIVE_EVENT_827_CONTEXTUALIZATION_CHECKPOINT.md,"{'owner_route_key': '827', 'line': 79}",EXPLICIT_CURRENT_PACKAGE_OR_EPISODE_MAP
BA:event:827:002,CORE,ordinary repertoire; recipient agency/contrary endpoint; relations/care; provenance/identity/modes,ADMITTED_WITH_LIMITS_CYCLE008; QUALIFIED_CONTENT_COMPLETE; PUBLICATION_STATUS_IN_CYCLE008_CHECKPOINT,"Each disguise has a wanted and practical dimension Moe uses contacts and smartphone access because the terminal is not waterproof, acknowledging weaker security(u0005–0007); this is her technical assessment, not an audited compromise. Miyako favors unobtrusive information gathering and cute frills/float ring despite Saki’s mobility objection(u0011–0021). Moe’s teasing about showing the teacher is an interpretation, not sole narrator-certified motive. Saki’s reduced but conspicuous gear and preferred bag differ from Miyu’s deliberately worn fishing bag hiding sniper equipment(u0023–0038). The teacher’s praise and Saki’s uncertain thanks retain the source’s inward/choice modes(u0039–0046).",series/blue-archive/02 Sequential Readings/EVENTS/EVENT_827/BLUE_ARCHIVE_EVENT_827_CONTEXTUALIZATION_CHECKPOINT.md,"{'owner_route_key': '827', 'line': 85}",EXPLICIT_CURRENT_PACKAGE_OR_EPISODE_MAP
BA:event:827:003,CORE,ordinary repertoire; recipient agency/contrary endpoint; relations/care; institution/work; provenance/identity/modes,ADMITTED_WITH_LIMITS_CYCLE008; QUALIFIED_CONTENT_COMPLETE; PUBLICATION_STATUS_IN_CYCLE008_CHECKPOINT,"Three local encounters, no complete village consensus The elderly fisher permits sightseeing while refusing interference, answers selectively and invokes thedeepones(u0003–0033 ofscene1). His restricted knowledge of post-catch handling is a claim, not a complete logistics audit. Scene2’s coastguard reports unwanted posting, poor prospects and lack of work, then invokes busyness and does not provide a reliable accident record(u0003–0024). Career pressure and local fear complicate calling this mere timeless laziness.",series/blue-archive/02 Sequential Readings/EVENTS/EVENT_827/BLUE_ARCHIVE_EVENT_827_CONTEXTUALIZATION_CHECKPOINT.md,"{'owner_route_key': '827', 'line': 91}",EXPLICIT_CURRENT_PACKAGE_OR_EPISODE_MAP
BA:event:827:004,CORE,ordinary repertoire; institution/work; provenance/identity/modes,ADMITTED_WITH_LIMITS_CYCLE008; QUALIFIED_CONTENT_COMPLETE; PUBLICATION_STATUS_IN_CYCLE008_CHECKPOINT,"Contradictory evidence and a consequential scary account Miyako reports modest catch decline, Saki no apparent factory accident, Moe no alternative large transport route and Miyu a visitor seeming to seek something besides fish(u0001–0016). These are bounded reports and inference, not proof every resident lies. Saki explicitly contrasts the encounter with usually kind Valkyrie students(u0017–0019), complicating a uniform hostile-police claim. Moe’s teasing about a sleeping Saki is stopped(u0023–0024).",series/blue-archive/02 Sequential Readings/EVENTS/EVENT_827/BLUE_ARCHIVE_EVENT_827_CONTEXTUALIZATION_CHECKPOINT.md,"{'owner_route_key': '827', 'line': 97}",EXPLICIT_CURRENT_PACKAGE_OR_EPISODE_MAP
BA:event:827:005,CORE,ordinary repertoire; relations/care; provenance/identity/modes,ADMITTED_WITH_LIMITS_CYCLE008; QUALIFIED_CONTENT_COMPLETE; PUBLICATION_STATUS_IN_CYCLE008_CHECKPOINT,"Care for a frightened peer, then an uncontrolled inference The night operation notices stronger odor/skin sensation, preserves the teacher’s limited response, and includes contested sea-breeze explanation(u0009–0022). These are represented perceptions/claims, not a toxicology or weather finding. Miyako wants clandestine investigation to avoid conflict over a sacred site while deliberately using the warned tide day(u0024–0034). The directional microphone gives incomplete fragments of a food/odor/light dispute(u0042–0056); missing words must not be filled with sacrifice language.",series/blue-archive/02 Sequential Readings/EVENTS/EVENT_827/BLUE_ARCHIVE_EVENT_827_CONTEXTUALIZATION_CHECKPOINT.md,"{'owner_route_key': '827', 'line': 103}",EXPLICIT_CURRENT_PACKAGE_OR_EPISODE_MAP
BA:event:827:006,CORE,ordinary repertoire; recipient agency/contrary endpoint; relations/care; institution/work; provenance/identity/modes,ADMITTED_WITH_LIMITS_CYCLE008; QUALIFIED_CONTENT_COMPLETE; PUBLICATION_STATUS_IN_CYCLE008_CHECKPOINT,"A prevented escalation, apology and unfinished inquiry Miyako inwardly considers collateral damage dispensable if this is truly a suspicious ritual village, then requests airburst fire(u0009–0016). This is a serious contrary case to automatic restraint; the proposed explosion is interrupted, not performed. The teacher and coastguard arrive. Kusaya production and failed street lighting explain the earlier odor/darkness fragments, with repeated repair requests reportedly left unfulfilled for a month(u0031–0047). Familiar taste is not a condition of belonging: the coastguard explicitly defends having dislikes(u0035–0036).",series/blue-archive/02 Sequential Readings/EVENTS/EVENT_827/BLUE_ARCHIVE_EVENT_827_CONTEXTUALIZATION_CHECKPOINT.md,"{'owner_route_key': '827', 'line': 109}",EXPLICIT_CURRENT_PACKAGE_OR_EPISODE_MAP
BA:event:827:007,CORE,ordinary repertoire; recipient agency/contrary endpoint; institution/work; provenance/identity/modes,ADMITTED_WITH_LIMITS_CYCLE008; QUALIFIED_CONTENT_COMPLETE; PUBLICATION_STATUS_IN_CYCLE008_CHECKPOINT,"Practical repair creates room for a different encounter Next morning, the cooking area is already cleaned and equipment reportedly repaired(u0001–0009). Saki and Moe restore lighting; Saki states isolation checks and temporary replacement/rust work, asks for later professional inspection and explicitly leaves grounding unfinished(u0010–0043). These are situated fictional work/safety claims, not a safe electrical-work method or completed village safety audit. Fluorescent paint is proposed because fences interfere with mooring; no measured fall-prevention rate is printed. Moe’s cost objection survives.",series/blue-archive/02 Sequential Readings/EVENTS/EVENT_827/BLUE_ARCHIVE_EVENT_827_CONTEXTUALIZATION_CHECKPOINT.md,"{'owner_route_key': '827', 'line': 115}",EXPLICIT_CURRENT_PACKAGE_OR_EPISODE_MAP
BA:event:827:008,CORE,ordinary repertoire; recipient agency/contrary endpoint; relations/care,ADMITTED_WITH_LIMITS_CYCLE008; QUALIFIED_CONTENT_COMPLETE; PUBLICATION_STATUS_IN_CYCLE008_CHECKPOINT,"Fishing skill is distributed: Miyu’s limited verbal instruction draws criticism, the elder coaches and an actual first catch occurs. They actually grill otherwise unsaleable seafood and enjoy late-night company (u32–104,122). Kusaya still draws dislike and a bed-sharing boundary; Moe pressures Saki, who says stop (u107–121). Shared pleasure does not revoke preference or certify that everyone ate it.",series/blue-archive/02 Sequential Readings/EVENTS/EVENT_827/BLUE_ARCHIVE_EVENT_827_CONTEXTUALIZATION_CHECKPOINT.md,"{'owner_route_key': '827', 'line': 121}",EXPLICIT_CURRENT_PACKAGE_OR_EPISODE_MAP
BA:event:827:009,CORE,ordinary repertoire; recipient agency/contrary endpoint; relations/care; provenance/identity/modes,ADMITTED_WITH_LIMITS_CYCLE008; QUALIFIED_CONTENT_COMPLETE; PUBLICATION_STATUS_IN_CYCLE008_CHECKPOINT,"The short untitled scene is causal evidence Privately the company representative dislikes villagers’ new fishing/meal enjoyment, treats the legend as false, fears discovery of his vessel and keeps the next-morning loading plan despite exposure risk(u0001–0013). His intended black-market sale and departure are prospective; this scene does not complete them. It gives strong contrary evidence to his innocent poor-catch explanation and identifies his use of concealed logistics. It does not prove every villager already knew the scheme.",series/blue-archive/02 Sequential Readings/EVENTS/EVENT_827/BLUE_ARCHIVE_EVENT_827_CONTEXTUALIZATION_CHECKPOINT.md,"{'owner_route_key': '827', 'line': 127}",EXPLICIT_CURRENT_PACKAGE_OR_EPISODE_MAP
BA:event:827:010,CORE,relations/care; institution/work; provenance/identity/modes,ADMITTED_WITH_LIMITS_CYCLE008; QUALIFIED_CONTENT_COMPLETE; PUBLICATION_STATUS_IN_CYCLE008_CHECKPOINT,"Useful information work and reasoned investigation Moe completes data migration and a ship/cargo app; the coastguard thanks her for reduced labor, while the fisher still needs instruction(u0008–0016). The app’s usefulness is locally represented, not a complete security/accounting audit. The visitor’s wish for a thumbnail brings a photograph of an anomalous ship; the account receives text about the picture, not pixels(u0017–0041). The fisher recounts the return-vessel legend and lost followers; those historical claims remain reports.",series/blue-archive/02 Sequential Readings/EVENTS/EVENT_827/BLUE_ARCHIVE_EVENT_827_CONTEXTUALIZATION_CHECKPOINT.md,"{'owner_route_key': '827', 'line': 131}",EXPLICIT_CURRENT_PACKAGE_OR_EPISODE_MAP
BA:event:827:011,CORE,ordinary repertoire; recipient agency/contrary endpoint; institution/work; provenance/identity/modes,ADMITTED_WITH_LIMITS_CYCLE008; QUALIFIED_CONTENT_COMPLETE; PUBLICATION_STATUS_IN_CYCLE008_CHECKPOINT,"Actual immobilization, commanded food waste The captain orders replacement of cargo contents, throws away edible shrimp and dismisses a subordinate’s objection about wasting food(u0001–0016). His profit claim contrasts with the villagers’ labor and the squad’s taste; costly sashimi is a promise, not served food. The boat approaches, attempted escape is interrupted, and propeller failure/manual control failure are reported(u0017–0032). The sequence supports actual planned immobilization at narrative scope. It does not give independently inspected damage, casualty or engineering efficacy. The captain orders resistance; arrest is not completed in this object.",series/blue-archive/02 Sequential Readings/EVENTS/EVENT_827/BLUE_ARCHIVE_EVENT_827_CONTEXTUALIZATION_CHECKPOINT.md,"{'owner_route_key': '827', 'line': 137}",EXPLICIT_CURRENT_PACKAGE_OR_EPISODE_MAP
BA:event:827:012,CORE,ordinary repertoire; institution/work; provenance/identity/modes,ADMITTED_WITH_LIMITS_CYCLE008; QUALIFIED_CONTENT_COMPLETE; PUBLICATION_STATUS_IN_CYCLE008_CHECKPOINT,"Recovered evidence, explicit allegations and a threatened recipient The fisher recognizes his selected shrimp among waste. Containers carry luxury goods; Moe reports only seafood permits, and duties/application requirements are her legal/institutional account(u0007–0029). The representative confirms the vessel is his, says shrimp is unprofitable and describes the substitution as ten/twentyfold profit(u0036–0050). Payment/ownership rhetoric is his attempted justification, not the account’s acceptance of lawful disposal. The visitor defends the fisher’s effort.",series/blue-archive/02 Sequential Readings/EVENTS/EVENT_827/BLUE_ARCHIVE_EVENT_827_CONTEXTUALIZATION_CHECKPOINT.md,"{'owner_route_key': '827', 'line': 141}",EXPLICIT_CURRENT_PACKAGE_OR_EPISODE_MAP
BA:event:827:013,CORE,ordinary repertoire; recipient agency/contrary endpoint; relations/care; provenance/identity/modes,ADMITTED_WITH_LIMITS_CYCLE008; QUALIFIED_CONTENT_COMPLETE; PUBLICATION_STATUS_IN_CYCLE008_CHECKPOINT,"A local victory does not settle custody ethics Miyako reports all hostile forces neutralized and the operation ended; Moe’s request to sink the still-occupied vessel is refused(u0001–0012). No missile is fired. Miyako apologizes for the disguise; the fisher thanks the squad, and she offers future help on the ground that the village is part of Kivotos(u0013–0026). This is recognition and commitment, not a charter granting universal power or tested future availability.",series/blue-archive/02 Sequential Readings/EVENTS/EVENT_827/BLUE_ARCHIVE_EVENT_827_CONTEXTUALIZATION_CHECKPOINT.md,"{'owner_route_key': '827', 'line': 147}",EXPLICIT_CURRENT_PACKAGE_OR_EPISODE_MAP
BA:event:827:014,CORE,ordinary repertoire; institution/work; provenance/identity/modes,ADMITTED_WITH_LIMITS_CYCLE008; QUALIFIED_CONTENT_COMPLETE; PUBLICATION_STATUS_IN_CYCLE008_CHECKPOINT,"Media report tourism and view counts without independent audit; a later escape/search aside leaves contextual confinement concerns unresolved (scene1u36–50). Back at the hot park, the squad values actual rest and seafood but lacks refrigeration/school restoration. Expensive gratitude shrimp is actually delivered, and a substantial hosted barbecue actually occurs (scene2u44–85); separate kusaya fuss preserves recipient differences. Hospitality and custody limits coexist.",series/blue-archive/02 Sequential Readings/EVENTS/EVENT_827/BLUE_ARCHIVE_EVENT_827_CONTEXTUALIZATION_CHECKPOINT.md,"{'owner_route_key': '827', 'line': 153}",EXPLICIT_CURRENT_PACKAGE_OR_EPISODE_MAP
BA:event:828:001,HIGH,recipient agency/contrary endpoint,ADMITTED_WITH_LIMITS_CYCLE008; QUALIFIED_CONTENT_COMPLETE; PUBLICATION_STATUS_IN_CYCLE008_CHECKPOINT,Specialist invitation and video-only framing set inquiry scope; no performance credit or free-assent assumption.,series/blue-archive/02 Sequential Readings/EVENTS/EVENT_828/BLUE_ARCHIVE_EVENT_828_CONTEXTUALIZATION_CHECKPOINT.md,"{'owner_route_key': '828', 'line': 1098}",EXPLICIT_CURRENT_EPISODE_MAP
BA:event:828:002,CORE,recipient agency/contrary endpoint; institution/work,ADMITTED_WITH_LIMITS_CYCLE008; QUALIFIED_CONTENT_COMPLETE; PUBLICATION_STATUS_IN_CYCLE008_CHECKPOINT,Intimidating invitation/consultation bargain and distinction between reading/copying govern institutional consent.,series/blue-archive/02 Sequential Readings/EVENTS/EVENT_828/BLUE_ARCHIVE_EVENT_828_CONTEXTUALIZATION_CHECKPOINT.md,"{'owner_route_key': '828', 'line': 1112}",EXPLICIT_CURRENT_EPISODE_MAP
BA:event:828:003,CORE,ordinary repertoire; recipient agency/contrary endpoint; relations/care,ADMITTED_WITH_LIMITS_CYCLE008; QUALIFIED_CONTENT_COMPLETE; PUBLICATION_STATUS_IN_CYCLE008_CHECKPOINT,Koharu objections and limits coexist with help and apparent enjoyment; cannot collapse recipients into universal comfort.,series/blue-archive/02 Sequential Readings/EVENTS/EVENT_828/BLUE_ARCHIVE_EVENT_828_CONTEXTUALIZATION_CHECKPOINT.md,"{'owner_route_key': '828', 'line': 1126}",EXPLICIT_CURRENT_EPISODE_MAP
BA:event:828:004,CORE,source-specific local progression and endpoint,ADMITTED_WITH_LIMITS_CYCLE008; QUALIFIED_CONTENT_COMPLETE; PUBLICATION_STATUS_IN_CYCLE008_CHECKPOINT,Ui’s chosen solitude versus dislike and Koharu’s ordinary greeting effort qualify social-rejection shorthand without high stakes.,series/blue-archive/02 Sequential Readings/EVENTS/EVENT_828/BLUE_ARCHIVE_EVENT_828_CONTEXTUALIZATION_CHECKPOINT.md,"{'owner_route_key': '828', 'line': 1140}",EXPLICIT_CURRENT_EPISODE_MAP
BA:event:828:005,HIGH,relations/care; provenance/identity/modes,ADMITTED_WITH_LIMITS_CYCLE008; QUALIFIED_CONTENT_COMPLETE; PUBLICATION_STATUS_IN_CYCLE008_CHECKPOINT,Actual protective carry and repeated teasing-denial preserve unequal response and modest safety bounds.,series/blue-archive/02 Sequential Readings/EVENTS/EVENT_828/BLUE_ARCHIVE_EVENT_828_CONTEXTUALIZATION_CHECKPOINT.md,"{'owner_route_key': '828', 'line': 1154}",EXPLICIT_CURRENT_EPISODE_MAP
BA:event:828:006,CORE,provenance/identity/modes,ADMITTED_WITH_LIMITS_CYCLE008; QUALIFIED_CONTENT_COMPLETE; PUBLICATION_STATUS_IN_CYCLE008_CHECKPOINT,Historical quiet/puddle appreciation and requested correction have intrinsic value while immediate relapse blocks finished-change claim.,series/blue-archive/02 Sequential Readings/EVENTS/EVENT_828/BLUE_ARCHIVE_EVENT_828_CONTEXTUALIZATION_CHECKPOINT.md,"{'owner_route_key': '828', 'line': 1168}",EXPLICIT_CURRENT_EPISODE_MAP
BA:event:828:007,HIGH,relations/care,ADMITTED_WITH_LIMITS_CYCLE008; QUALIFIED_CONTENT_COMPLETE; PUBLICATION_STATUS_IN_CYCLE008_CHECKPOINT,"Protective action and actual ruined structure coexist, rather than competence or kindness erasing damage.",series/blue-archive/02 Sequential Readings/EVENTS/EVENT_828/BLUE_ARCHIVE_EVENT_828_CONTEXTUALIZATION_CHECKPOINT.md,"{'owner_route_key': '828', 'line': 1182}",EXPLICIT_CURRENT_EPISODE_MAP
BA:event:828:008,CORE,ordinary repertoire; relations/care,ADMITTED_WITH_LIMITS_CYCLE008; QUALIFIED_CONTENT_COMPLETE; PUBLICATION_STATUS_IN_CYCLE008_CHECKPOINT,Hanako’s own wanted break/shared sea company prevents reducing her to a scheme or duty-only helper.,series/blue-archive/02 Sequential Readings/EVENTS/EVENT_828/BLUE_ARCHIVE_EVENT_828_CONTEXTUALIZATION_CHECKPOINT.md,"{'owner_route_key': '828', 'line': 1196}",EXPLICIT_CURRENT_EPISODE_MAP
BA:event:828:009,HIGH,source-specific local progression and endpoint,ADMITTED_WITH_LIMITS_CYCLE008; QUALIFIED_CONTENT_COMPLETE; PUBLICATION_STATUS_IN_CYCLE008_CHECKPOINT,Actual carrying and chosen assistance preserve differentiated competence/recipient agency.,series/blue-archive/02 Sequential Readings/EVENTS/EVENT_828/BLUE_ARCHIVE_EVENT_828_CONTEXTUALIZATION_CHECKPOINT.md,"{'owner_route_key': '828', 'line': 1210}",EXPLICIT_CURRENT_EPISODE_MAP
BA:event:828:010,CORE,ordinary repertoire; recipient agency/contrary endpoint; relations/care,ADMITTED_WITH_LIMITS_CYCLE008; QUALIFIED_CONTENT_COMPLETE; PUBLICATION_STATUS_IN_CYCLE008_CHECKPOINT,"Concealment, pressured return, conscience question and actual rest prevent a universal transparent-help account.",series/blue-archive/02 Sequential Readings/EVENTS/EVENT_828/BLUE_ARCHIVE_EVENT_828_CONTEXTUALIZATION_CHECKPOINT.md,"{'owner_route_key': '828', 'line': 1224}",EXPLICIT_CURRENT_EPISODE_MAP
BA:event:828:011,CORE,recipient agency/contrary endpoint; relations/care; provenance/identity/modes,ADMITTED_WITH_LIMITS_CYCLE008; QUALIFIED_CONTENT_COMPLETE; PUBLICATION_STATUS_IN_CYCLE008_CHECKPOINT,"Actual revision of hypothesis and material map revelation ground knowledge limits, curiosity and object care.",series/blue-archive/02 Sequential Readings/EVENTS/EVENT_828/BLUE_ARCHIVE_EVENT_828_CONTEXTUALIZATION_CHECKPOINT.md,"{'owner_route_key': '828', 'line': 1238}",EXPLICIT_CURRENT_EPISODE_MAP
BA:event:828:012,CORE,recipient agency/contrary endpoint; relations/care,ADMITTED_WITH_LIMITS_CYCLE008; QUALIFIED_CONTENT_COMPLETE; PUBLICATION_STATUS_IN_CYCLE008_CHECKPOINT,Explicit opt-out and differentiated protective assumptions are necessary to qualify consent and unknowable box contents.,series/blue-archive/02 Sequential Readings/EVENTS/EVENT_828/BLUE_ARCHIVE_EVENT_828_CONTEXTUALIZATION_CHECKPOINT.md,"{'owner_route_key': '828', 'line': 1252}",EXPLICIT_CURRENT_EPISODE_MAP
BA:event:828:013,HIGH,recipient agency/contrary endpoint; provenance/identity/modes,ADMITTED_WITH_LIMITS_CYCLE008; QUALIFIED_CONTENT_COMPLETE; PUBLICATION_STATUS_IN_CYCLE008_CHECKPOINT,"Fatigue/objection coexist with local safe return and later threat, no all-hazards-ended claim.",series/blue-archive/02 Sequential Readings/EVENTS/EVENT_828/BLUE_ARCHIVE_EVENT_828_CONTEXTUALIZATION_CHECKPOINT.md,"{'owner_route_key': '828', 'line': 1266}",EXPLICIT_CURRENT_EPISODE_MAP
BA:event:828:014,CORE,source-specific local progression and endpoint,ADMITTED_WITH_LIMITS_CYCLE008; QUALIFIED_CONTENT_COMPLETE; PUBLICATION_STATUS_IN_CYCLE008_CHECKPOINT,Residual paper/inferred capsule meaning prevents invented original letter or universal past intention.,series/blue-archive/02 Sequential Readings/EVENTS/EVENT_828/BLUE_ARCHIVE_EVENT_828_CONTEXTUALIZATION_CHECKPOINT.md,"{'owner_route_key': '828', 'line': 1280}",EXPLICIT_CURRENT_EPISODE_MAP
BA:event:828:015,CORE,recipient agency/contrary endpoint; relations/care; provenance/identity/modes,ADMITTED_WITH_LIMITS_CYCLE008; QUALIFIED_CONTENT_COMPLETE; PUBLICATION_STATUS_IN_CYCLE008_CHECKPOINT,"Actual bargain, chosen conscience, unreported capsule, retained visitor refusal/thanks and Koharu’s ordinary pool gratitude ground whole ending.",series/blue-archive/02 Sequential Readings/EVENTS/EVENT_828/BLUE_ARCHIVE_EVENT_828_CONTEXTUALIZATION_CHECKPOINT.md,"{'owner_route_key': '828', 'line': 1294}",EXPLICIT_CURRENT_EPISODE_MAP
BA:event:829:001,CORE,ordinary repertoire,ADMITTED_WITH_LIMITS_CYCLE008; QUALIFIED_CONTENT_COMPLETE; PUBLICATION_STATUS_IN_CYCLE008_CHECKPOINT,"001 opens with dust and a library in which Mel and Momiji live. Momiji offers the possibility of finding a rare book; Mel asks whether rarity matters without personal value. The discovered Luna4–21 and Momiji's possession of1–3 become actual shared reading, not a neutral library inventory. Her enthusiastic account combines life, punk, band and film, then presses Mel to read under the Knowledge Liberation Front's equal-knowledge principle. Mel calls this personal desire dressed as collective duty (001u0004–0036).",series/blue-archive/02 Sequential Readings/EVENTS/EVENT_829/BLUE_ARCHIVE_EVENT_829_CONTEXTUALIZATION_CHECKPOINT.md,"{'owner_route_key': '829', 'line': 74}",PRESENT_PER_OBJECT_RECONCILIATION_FROM_CURRENT_ARGUMENT
BA:event:829:002,CORE,ordinary repertoire; recipient agency/contrary endpoint; relations/care; institution/work; provenance/identity/modes,ADMITTED_WITH_LIMITS_CYCLE008; QUALIFIED_CONTENT_COMPLETE; PUBLICATION_STATUS_IN_CYCLE008_CHECKPOINT,"Mel first notices Teacher's exhaustion and offers to end the call so Teacher can rest. Teacher's work-avoidance joke, willingness to arrive and attempts to suggest direct apology are represented support with mixed motives, not a limitless adult competence claim. Mel says words are insufficient, then proposes finding Luna22 for Momiji. Her online investigation initially reports a scarce final volume. The three-hour search and failed shop prediction are real local failures, despite her confidence in a perfect calculation (002s001;002s002u0018–0057;s003u0020–0030).",series/blue-archive/02 Sequential Readings/EVENTS/EVENT_829/BLUE_ARCHIVE_EVENT_829_CONTEXTUALIZATION_CHECKPOINT.md,"{'owner_route_key': '829', 'line': 82}",PRESENT_PER_OBJECT_RECONCILIATION_FROM_CURRENT_ARGUMENT
BA:event:829:003,HIGH,ordinary repertoire; institution/work,ADMITTED_WITH_LIMITS_CYCLE008; QUALIFIED_CONTENT_COMPLETE; PUBLICATION_STATUS_IN_CYCLE008_CHECKPOINT,"Her account of used books preserves pleasure in browsing, possible treasures, deceptive premium displays and uncertain authenticity. These are Mel's industry formulations, not a verified market survey or legal finding. Their disagreement about creation needing criticism and criticism needing works is not resolved by the narrator declaring a single winner (002s003u0003–0016;003u0016–0027/0039–0059).",series/blue-archive/02 Sequential Readings/EVENTS/EVENT_829/BLUE_ARCHIVE_EVENT_829_CONTEXTUALIZATION_CHECKPOINT.md,"{'owner_route_key': '829', 'line': 84}",PRESENT_PER_OBJECT_RECONCILIATION_FROM_CURRENT_ARGUMENT
BA:event:829:004,CORE,institution/work,ADMITTED_WITH_LIMITS_CYCLE008; QUALIFIED_CONTENT_COMPLETE; PUBLICATION_STATUS_IN_CYCLE008_CHECKPOINT,"Yakumo identifies herself as 荒槇ヤクモ and Publishing Club head, responsible for printing, binding, sales and expansion. Printing both Cherino praise and condemnatory leaflets is her expressed commercial logic: serving both audiences rather than selecting one. Later dialogue says a contract was exchanged, but the exact legal text, validity and enforceability are not inspected (004u0015–0044/0063–0099;014u0012–0016).",series/blue-archive/02 Sequential Readings/EVENTS/EVENT_829/BLUE_ARCHIVE_EVENT_829_CONTEXTUALIZATION_CHECKPOINT.md,"{'owner_route_key': '829', 'line': 86}",PRESENT_PER_OBJECT_RECONCILIATION_FROM_CURRENT_ARGUMENT
BA:event:829:005,HIGH,ordinary repertoire,ADMITTED_WITH_LIMITS_CYCLE008; QUALIFIED_CONTENT_COMPLETE; PUBLICATION_STATUS_IN_CYCLE008_CHECKPOINT,The mountain journey includes actual offered heat packs and Mel's memory of Momiji describing an old book as new because it is new to them. That memory changes the earlier preference dispute: knowledge can enrich a recipient without being newly published. It does not erase unequal tastes (005s001u0002–0016).,series/blue-archive/02 Sequential Readings/EVENTS/EVENT_829/BLUE_ARCHIVE_EVENT_829_CONTEXTUALIZATION_CHECKPOINT.md,"{'owner_route_key': '829', 'line': 88}",PRESENT_PER_OBJECT_RECONCILIATION_FROM_CURRENT_ARGUMENT
BA:event:829:006,CORE,ordinary repertoire; institution/work,ADMITTED_WITH_LIMITS_CYCLE008; QUALIFIED_CONTENT_COMPLETE; PUBLICATION_STATUS_IN_CYCLE008_CHECKPOINT,"At the fan event Teacher enjoys action spectacle, separation and artwork; Mel recognizes construction, emotional framing and drawing while questioning each purported ending's continuity. These positive responses retain value even when a work is not the missing original. Her account of unfair evaluation and later recognition is her historical explanation, not independently verified publishing history.",series/blue-archive/02 Sequential Readings/EVENTS/EVENT_829/BLUE_ARCHIVE_EVENT_829_CONTEXTUALIZATION_CHECKPOINT.md,"{'owner_route_key': '829', 'line': 90}",PRESENT_PER_OBJECT_RECONCILIATION_FROM_CURRENT_ARGUMENT
BA:event:829:007,CORE,ordinary repertoire; institution/work; provenance/identity/modes,ADMITTED_WITH_LIMITS_CYCLE008; QUALIFIED_CONTENT_COMPLETE; PUBLICATION_STATUS_IN_CYCLE008_CHECKPOINT,"Takane's concealed fandom becomes explicit: she heads the Luna fan club and wants an ending. Her commitment to respecting multiple interpretations coexists with embarrassment, threatened silencing, particular ambition and later gatekeeping against a newcomer. Equal respect therefore does not make her conduct uniformly generous or establish that interpretations have identical evidential support. Mel's choice to draw her own ending comes from being moved by fans' actual making, not merely buying a gift that guarantees forgiveness (006u0039–0081;007s001u0004–0033).",series/blue-archive/02 Sequential Readings/EVENTS/EVENT_829/BLUE_ARCHIVE_EVENT_829_CONTEXTUALIZATION_CHECKPOINT.md,"{'owner_route_key': '829', 'line': 92}",PRESENT_PER_OBJECT_RECONCILIATION_FROM_CURRENT_ARGUMENT
BA:event:829:008,CORE,ordinary repertoire; provenance/identity/modes,ADMITTED_WITH_LIMITS_CYCLE008; QUALIFIED_CONTENT_COMPLETE; PUBLICATION_STATUS_IN_CYCLE008_CHECKPOINT,"008 gives stronger endpoints: Mel asks to be left alone, falls asleep, and is narrated as having lost consciousness before Teacher puts her in bed. That supplied description is retained without diagnosis. The awkwardness is not fixed by Teacher pretending to handle everything: the supplied choice explicitly recognizes adult limits before suggesting a face-to-face meeting (008s001u0005–0011;s002u0013–0064).",series/blue-archive/02 Sequential Readings/EVENTS/EVENT_829/BLUE_ARCHIVE_EVENT_829_CONTEXTUALIZATION_CHECKPOINT.md,"{'owner_route_key': '829', 'line': 102}",PRESENT_PER_OBJECT_RECONCILIATION_FROM_CURRENT_ARGUMENT
BA:event:829:009,CORE,ordinary repertoire; recipient agency/contrary endpoint,ADMITTED_WITH_LIMITS_CYCLE008; QUALIFIED_CONTENT_COMPLETE; PUBLICATION_STATUS_IN_CYCLE008_CHECKPOINT,"009 begins with an important contrary act. Mel objects that Teacher's guidance produced a meeting before she is ready, refuses to go, and calls being carried away kidnapping. No legal classification is supplied, but her refusal and represented physical removal must remain alongside the successful meeting (009s002u0002–0006).",series/blue-archive/02 Sequential Readings/EVENTS/EVENT_829/BLUE_ARCHIVE_EVENT_829_CONTEXTUALIZATION_CHECKPOINT.md,"{'owner_route_key': '829', 'line': 106}",PRESENT_PER_OBJECT_RECONCILIATION_FROM_CURRENT_ARGUMENT
BA:event:829:010,CORE,ordinary repertoire; recipient agency/contrary endpoint; relations/care; provenance/identity/modes,ADMITTED_WITH_LIMITS_CYCLE008; QUALIFIED_CONTENT_COMPLETE; PUBLICATION_STATUS_IN_CYCLE008_CHECKPOINT,"The Secretariat's medal is conditional on inserting Cherino, with a further award if she becomes protagonist. Mel refuses, proposes creating their own book or paying proper outsourcing compensation, and still personally declines. Momiji affirms knowledge's protection. The subsequent threat of force and next episode's report of repelling the Secretariat are actual local conflict, not a proven universal censorship statute or lasting liberation (010u0007–0038;011u0002–0009).",series/blue-archive/02 Sequential Readings/EVENTS/EVENT_829/BLUE_ARCHIVE_EVENT_829_CONTEXTUALIZATION_CHECKPOINT.md,"{'owner_route_key': '829', 'line': 116}",PRESENT_PER_OBJECT_RECONCILIATION_FROM_CURRENT_ARGUMENT
BA:event:829:011,CORE,ordinary repertoire; recipient agency/contrary endpoint; relations/care; provenance/identity/modes,ADMITTED_WITH_LIMITS_CYCLE008; QUALIFIED_CONTENT_COMPLETE; PUBLICATION_STATUS_IN_CYCLE008_CHECKPOINT,"The Secretariat's medal is conditional on inserting Cherino, with a further award if she becomes protagonist. Mel refuses, proposes creating their own book or paying proper outsourcing compensation, and still personally declines. Momiji affirms knowledge's protection. The subsequent threat of force and next episode's report of repelling the Secretariat are actual local conflict, not a proven universal censorship statute or lasting liberation (010u0007–0038;011u0002–0009).",series/blue-archive/02 Sequential Readings/EVENTS/EVENT_829/BLUE_ARCHIVE_EVENT_829_CONTEXTUALIZATION_CHECKPOINT.md,"{'owner_route_key': '829', 'line': 116}",PRESENT_PER_OBJECT_RECONCILIATION_FROM_CURRENT_ARGUMENT
BA:event:829:012,CORE,ordinary repertoire; recipient agency/contrary endpoint; provenance/identity/modes,ADMITTED_WITH_LIMITS_CYCLE008; QUALIFIED_CONTENT_COMPLETE; PUBLICATION_STATUS_IN_CYCLE008_CHECKPOINT,"Nodoka wants heating, bedding and freedom from insects/bears; Shigure proposes a stove bargain, but appropriation of the authors’ book is refused. No stove, suspension release or battle is printed. The prior Minori encounter is reported resolved without full combat mechanics.",series/blue-archive/02 Sequential Readings/EVENTS/EVENT_829/BLUE_ARCHIVE_EVENT_829_CONTEXTUALIZATION_CHECKPOINT.md,"{'owner_route_key': '829', 'line': 118}",PRESENT_PER_OBJECT_RECONCILIATION_FROM_CURRENT_ARGUMENT
BA:event:829:013,CORE,source-specific local progression and endpoint,ADMITTED_WITH_LIMITS_CYCLE008; QUALIFIED_CONTENT_COMPLETE; PUBLICATION_STATUS_IN_CYCLE008_CHECKPOINT,"Delivery and actual manuscript acceptance occur (013:u0007–0012). This secures a limited completion endpoint; it does not certify a finished print run, sales, distribution or publication of the original missing volume.",series/blue-archive/02 Sequential Readings/EVENTS/EVENT_829/BLUE_ARCHIVE_EVENT_829_CONTEXTUALIZATION_CHECKPOINT.md,"{'owner_route_key': '829', 'line': 112}",PRESENT_PER_OBJECT_RECONCILIATION_FROM_CURRENT_ARGUMENT
BA:event:829:014,CORE,institution/work,ADMITTED_WITH_LIMITS_CYCLE008; QUALIFIED_CONTENT_COMPLETE; PUBLICATION_STATUS_IN_CYCLE008_CHECKPOINT,"Yakumo identifies herself as 荒槇ヤクモ and Publishing Club head, responsible for printing, binding, sales and expansion. Printing both Cherino praise and condemnatory leaflets is her expressed commercial logic: serving both audiences rather than selecting one. Later dialogue says a contract was exchanged, but the exact legal text, validity and enforceability are not inspected (004u0015–0044/0063–0099;014u0012–0016).",series/blue-archive/02 Sequential Readings/EVENTS/EVENT_829/BLUE_ARCHIVE_EVENT_829_CONTEXTUALIZATION_CHECKPOINT.md,"{'owner_route_key': '829', 'line': 86}",PRESENT_PER_OBJECT_RECONCILIATION_FROM_CURRENT_ARGUMENT
BA:event:829:015,CORE,recipient agency/contrary endpoint; institution/work; provenance/identity/modes,ADMITTED_WITH_LIMITS_CYCLE008; QUALIFIED_CONTENT_COMPLETE; PUBLICATION_STATUS_IN_CYCLE008_CHECKPOINT,"015 begins after defeat: Yakumo withdraws this manuscript claim, yet keeps the next-manuscript demand alive. No final rescission or complete institutional reform follows. Takane distinguishes herself from her club head. Her review acknowledges plain/classic storytelling, sincerity and the possibility of better work with more time; effort alone is not a universally superior artwork claim. Her earlier response to the unfinished half and later qualified praise keep criticism and fandom together rather than removing evaluative difference (015u0001–0054).",series/blue-archive/02 Sequential Readings/EVENTS/EVENT_829/BLUE_ARCHIVE_EVENT_829_CONTEXTUALIZATION_CHECKPOINT.md,"{'owner_route_key': '829', 'line': 122}",PRESENT_PER_OBJECT_RECONCILIATION_FROM_CURRENT_ARGUMENT
BA:event:830:001,CORE,ordinary repertoire; institution/work; provenance/identity/modes,ADMITTED_WITH_LIMITS_CYCLE008; QUALIFIED_CONTENT_COMPLETE; PUBLICATION_STATUS_IN_CYCLE008_CHECKPOINT,"001, seven blocks/raw56131–56244: escort staff give arrival/restraint commands, a completed fixation report, appearance-based doubt, alleged dangerous reputation, threatening headquarters-disposal predictions, coupling all-clear and departure announcement. Completed reports count positively; legal sentence, disposal/death, HQ arrival and permanent restraint do not follow. NativeKasumi/raworganizationA at u4/u12/u13 stays unresolved; UNKNOWN arrival/nonreply/note labels are not proved one person. Clock-string manipulation and video10028 are production cues, not world time or viewed video. Work routine, doubt and tonal shift are eligible without an inferred cheerful escape plan.",series/blue-archive/02 Sequential Readings/EVENTS/EVENT_830/BLUE_ARCHIVE_EVENT_830_CONTEXTUALIZATION_CHECKPOINT.md,"{'owner_route_key': '830', 'line': 88}",EXPLICIT_CURRENT_PACKAGE_OR_EPISODE_MAP
BA:event:830:002,CORE,ordinary repertoire; relations/care; provenance/identity/modes,ADMITTED_WITH_LIMITS_CYCLE008; QUALIFIED_CONTENT_COMPLETE; PUBLICATION_STATUS_IN_CYCLE008_CHECKPOINT,"002, all15claims/u1–107: Hasumi's early summons includes apology, sleep concern and reported Tsurugi consultation. The assigned task is the bag/relic; she personally wants Sensei to rest on the train and explicitly permits dropping that support if it interferes with recovery (u26–34). Bag checking/freight placement are reports.3/6:10 timetable confusion and the Gehenna announcement end in recognition, not recovery or boarding.",series/blue-archive/02 Sequential Readings/EVENTS/EVENT_830/BLUE_ARCHIVE_EVENT_830_CONTEXTUALIZATION_CHECKPOINT.md,"{'owner_route_key': '830', 'line': 90}",EXPLICIT_CURRENT_PACKAGE_OR_EPISODE_MAP
BA:event:830:003,CORE,ordinary repertoire; recipient agency/contrary endpoint; relations/care; provenance/identity/modes,ADMITTED_WITH_LIMITS_CYCLE008; QUALIFIED_CONTENT_COMPLETE; PUBLICATION_STATUS_IN_CYCLE008_CHECKPOINT,"003, all14claims/u1–57: Ichika reports somehow boarding and worries about the teacher; JP illness/KR running-injury questions differ. JP personal rest wish/KR reported comfortable-return instruction are separate, neither a completed rest. Ordinary apology, gratitude and unease remain alongside escalation.",series/blue-archive/02 Sequential Readings/EVENTS/EVENT_830/BLUE_ARCHIVE_EVENT_830_CONTEXTUALIZATION_CHECKPOINT.md,"{'owner_route_key': '830', 'line': 92}",EXPLICIT_CURRENT_PACKAGE_OR_EPISODE_MAP
BA:event:830:004,CORE,ordinary repertoire; recipient agency/contrary endpoint; relations/care; provenance/identity/modes,ADMITTED_WITH_LIMITS_CYCLE008; QUALIFIED_CONTENT_COMPLETE; PUBLICATION_STATUS_IN_CYCLE008_CHECKPOINT,"004, all14claims/u1–59: Ichika's embarrassment and desire for peaceful negotiation follow a local confrontation; KR win-report and written falling crew remain positive without deaths or lasting safety. Her proposed restraint to protect the teacher is reluctant, not executed free consent. Later Kasumi reveal is a contextual association, not retroactive UNKNOWN repair.",series/blue-archive/02 Sequential Readings/EVENTS/EVENT_830/BLUE_ARCHIVE_EVENT_830_CONTEXTUALIZATION_CHECKPOINT.md,"{'owner_route_key': '830', 'line': 94}",EXPLICIT_CURRENT_PACKAGE_OR_EPISODE_MAP
BA:event:830:005,CORE,relations/care; institution/work; provenance/identity/modes,ADMITTED_WITH_LIMITS_CYCLE008; QUALIFIED_CONTENT_COMPLETE; PUBLICATION_STATUS_IN_CYCLE008_CHECKPOINT,"005, all16claims/u1–91: greetings, teasing and reassurance lead to Kasumi's temporary-companion argument. Ichika distinguishes circumstances and resists accompaniment; her hearing of the account does not certify agreement. Announced guards are not universal completed deployment; unselected options/internal controls do not become performed replies.",series/blue-archive/02 Sequential Readings/EVENTS/EVENT_830/BLUE_ARCHIVE_EVENT_830_CONTEXTUALIZATION_CHECKPOINT.md,"{'owner_route_key': '830', 'line': 96}",EXPLICIT_CURRENT_PACKAGE_OR_EPISODE_MAP
BA:event:830:006,CORE,ordinary repertoire; relations/care; institution/work; provenance/identity/modes,ADMITTED_WITH_LIMITS_CYCLE008; QUALIFIED_CONTENT_COMPLETE; PUBLICATION_STATUS_IN_CYCLE008_CHECKPOINT,"006, all13claims/u1–45: Kasumi praises useful work with continued patronizing address and partial apologies. NativeIchika/rawKasumi nine-row conflict prevents self-praise attribution. Predicted passenger support and front-car call do not complete arrival.",series/blue-archive/02 Sequential Readings/EVENTS/EVENT_830/BLUE_ARCHIVE_EVENT_830_CONTEXTUALIZATION_CHECKPOINT.md,"{'owner_route_key': '830', 'line': 98}",EXPLICIT_CURRENT_PACKAGE_OR_EPISODE_MAP
BA:event:830:007,CORE,relations/care; institution/work; provenance/identity/modes,ADMITTED_WITH_LIMITS_CYCLE008; QUALIFIED_CONTENT_COMPLETE; PUBLICATION_STATUS_IN_CYCLE008_CHECKPOINT,"007, all9claims/u1–115: Discipline/Iori report pursuit distances/speeds and anticipated contact; reports/predictions are not measured physics. Kasumi's car-count correction and Ichika's account of helpful fighting/incitement preserve practical work and unease. Iori's later attack order demonstrates continuation, not a completed win inside007.",series/blue-archive/02 Sequential Readings/EVENTS/EVENT_830/BLUE_ARCHIVE_EVENT_830_CONTEXTUALIZATION_CHECKPOINT.md,"{'owner_route_key': '830', 'line': 100}",EXPLICIT_CURRENT_PACKAGE_OR_EPISODE_MAP
BA:event:830:008,CORE,ordinary repertoire; recipient agency/contrary endpoint; relations/care; provenance/identity/modes,ADMITTED_WITH_LIMITS_CYCLE008; QUALIFIED_CONTENT_COMPLETE; PUBLICATION_STATUS_IN_CYCLE008_CHECKPOINT,"008, all15claims/u1–111: Ichika's local win report is positive; fatigue, praise and offered teacher thanks matter. Threatened Prefect transport/special-cell detention coexists with later investigation-not-arrest qualification, not lawfulness or completed custody. Ichika's ellipses are not assent or deliberate withholding; the closing know-what-to-do claim has no reply/fulfilled action.20seams are retained and nonfulfillment is only local not-shown-here.",series/blue-archive/02 Sequential Readings/EVENTS/EVENT_830/BLUE_ARCHIVE_EVENT_830_CONTEXTUALIZATION_CHECKPOINT.md,"{'owner_route_key': '830', 'line': 102}",EXPLICIT_CURRENT_PACKAGE_OR_EPISODE_MAP
BA:event:830:009,CORE,recipient agency/contrary endpoint; provenance/identity/modes,ADMITTED_WITH_LIMITS_CYCLE008; QUALIFIED_CONTENT_COMPLETE; PUBLICATION_STATUS_IN_CYCLE008_CHECKPOINT,"009, all15claims/u1–76: Iori hesitantly requests reassurance about ethics; Kasumi asserts political treasure and proposes aligning stop/capture/handover/withdrawal goals. Iori refuses overlooking her and states duty, without certified warrant/jurisdiction. Reactions and closing conflict cues end without final stop, intervention success, handover or safety.",series/blue-archive/02 Sequential Readings/EVENTS/EVENT_830/BLUE_ARCHIVE_EVENT_830_CONTEXTUALIZATION_CHECKPOINT.md,"{'owner_route_key': '830', 'line': 104}",EXPLICIT_CURRENT_PACKAGE_OR_EPISODE_MAP
BA:event:830:010,CORE,recipient agency/contrary endpoint; relations/care; provenance/identity/modes,ADMITTED_WITH_LIMITS_CYCLE008; QUALIFIED_CONTENT_COMPLETE; PUBLICATION_STATUS_IN_CYCLE008_CHECKPOINT,"010, all12claims/u1–111: Ichika reports front arrival and fatigue, leaving stop pending. Defensive artifact humor leads to apology and self-reproach. Textless boom/clink/fall/footsteps supply no particular final victim or engineering result.",series/blue-archive/02 Sequential Readings/EVENTS/EVENT_830/BLUE_ARCHIVE_EVENT_830_CONTEXTUALIZATION_CHECKPOINT.md,"{'owner_route_key': '830', 'line': 106}",EXPLICIT_CURRENT_PACKAGE_OR_EPISODE_MAP
BA:event:830:011,CORE,ordinary repertoire; recipient agency/contrary endpoint; relations/care; provenance/identity/modes,ADMITTED_WITH_LIMITS_CYCLE008; QUALIFIED_CONTENT_COMPLETE; PUBLICATION_STATUS_IN_CYCLE008_CHECKPOINT,"011, bothscenes/all12claims: Scene001 apology and internal formulations precede Nagisa's scene002 acknowledgment, reciprocal apology and broken-is-okay statement (s2u6–10). Her stated concern is loss rather than damage; she gives a conditional restoration account and attributed expert/authenticity confidence (s2u12–15). Future meetings remain future while wanted contact is actual expressed preference.",series/blue-archive/02 Sequential Readings/EVENTS/EVENT_830/BLUE_ARCHIVE_EVENT_830_CONTEXTUALIZATION_CHECKPOINT.md,"{'owner_route_key': '830', 'line': 108}",EXPLICIT_CURRENT_PACKAGE_OR_EPISODE_MAP
BA:event:830:012,CORE,ordinary repertoire; institution/work; provenance/identity/modes,ADMITTED_WITH_LIMITS_CYCLE008; QUALIFIED_CONTENT_COMPLETE; PUBLICATION_STATUS_IN_CYCLE008_CHECKPOINT,"012, all12claims/u1–22: disciplinary intake/restraint fixation and departure are positively reported/staged. Seven nativeKasumi/rawguardA seams prevent self-restraint/escort-officer attribution. Earlier local-only not-shown outcomes are not global absence claims after this later report.",series/blue-archive/02 Sequential Readings/EVENTS/EVENT_830/BLUE_ARCHIVE_EVENT_830_CONTEXTUALIZATION_CHECKPOINT.md,"{'owner_route_key': '830', 'line': 110}",EXPLICIT_CURRENT_PACKAGE_OR_EPISODE_MAP
BA:event:831:001,HIGH,ordinary repertoire; institution/work; provenance/identity/modes,ADMITTED_WITH_LIMITS_CYCLE008; QUALIFIED_CONTENT_COMPLETE; PUBLICATION_STATUS_IN_CYCLE008_CHECKPOINT,"Sensei's afternoon rest after work is interrupted by Eimi's request and retrospective briefing, E001U1–11. Her initial thought that explaining during travel would be efficient is changed by the practical need to communicate. She reports finding three unconscious visitors and taking them to Millennium; Himari's other-world explanation is reported, not independently established cosmology. The inserted video marker was not viewed. This quiet entry makes rest and communication part of the event rather than disposable setup.",series/blue-archive/02 Sequential Readings/EVENTS/EVENT_831/BLUE_ARCHIVE_EVENT_831_CONTEXTUALIZATION_CHECKPOINT.md,"{'owner_route_key': '831', 'line': 69}",EXPLICIT_CURRENT_EPISODE_MAP
BA:event:831:002,CORE,ordinary repertoire; provenance/identity/modes,ADMITTED_WITH_LIMITS_CYCLE008; QUALIFIED_CONTENT_COMPLETE; PUBLICATION_STATUS_IN_CYCLE008_CHECKPOINT,"Eimi returns to an empty infirmary and cannot establish whether the visitors only woke or had been feigning sleep, E002U4–16. An electrical discharge is reported and an explosion narrated before the local encounter; this is not a clinical diagnosis of the newcomers. Himari's self-praise and Eimi's testimony about her reliability do not supply omniscience.",series/blue-archive/02 Sequential Readings/EVENTS/EVENT_831/BLUE_ARCHIVE_EVENT_831_CONTEXTUALIZATION_CHECKPOINT.md,"{'owner_route_key': '831', 'line': 71}",EXPLICIT_CURRENT_EPISODE_MAP
BA:event:831:003,CORE,ordinary repertoire,ADMITTED_WITH_LIMITS_CYCLE008; QUALIFIED_CONTENT_COMPLETE; PUBLICATION_STATUS_IN_CYCLE008_CHECKPOINT,"The engineers have actually made three guns; Hibiki's enjoyment of making them and the others' curiosity have intrinsic value, E003U1–6. They are also interested in seeing an unfamiliar ability. Kotori's joke about naked people being more common than gunless ones is no population census.",series/blue-archive/02 Sequential Readings/EVENTS/EVENT_831/BLUE_ARCHIVE_EVENT_831_CONTEXTUALIZATION_CHECKPOINT.md,"{'owner_route_key': '831', 'line': 73}",EXPLICIT_CURRENT_EPISODE_MAP
BA:event:831:004,CORE,relations/care; provenance/identity/modes,ADMITTED_WITH_LIMITS_CYCLE008; QUALIFIED_CONTENT_COMPLETE; PUBLICATION_STATUS_IN_CYCLE008_CHECKPOINT,"Shokuho withholds the extent and limits of her power; Mikoto reports dizziness and poor concentration when using hers, E004U14–23. This is an epistemic and bodily limit that later engineering enthusiasm cannot erase. The alleged friendship is not retrospectively established by the eventual joint effort.",series/blue-archive/02 Sequential Readings/EVENTS/EVENT_831/BLUE_ARCHIVE_EVENT_831_CONTEXTUALIZATION_CHECKPOINT.md,"{'owner_route_key': '831', 'line': 75}",EXPLICIT_CURRENT_EPISODE_MAP
BA:event:831:005,CORE,recipient agency/contrary endpoint; relations/care; provenance/identity/modes,ADMITTED_WITH_LIMITS_CYCLE008; QUALIFIED_CONTENT_COMPLETE; PUBLICATION_STATUS_IN_CYCLE008_CHECKPOINT,"Saten Ruiko's enthusiasm differs from her companions' wariness. Himari reports a structure/principle analysis and supplies a chip for a future repair; her return account includes a hypothesis that the visitors will lose memories and revert to their prior state, E005U30–49. Those actual ordinary experiences deserve attention even though the event later shifts to danger and memory uncertainty.",series/blue-archive/02 Sequential Readings/EVENTS/EVENT_831/BLUE_ARCHIVE_EVENT_831_CONTEXTUALIZATION_CHECKPOINT.md,"{'owner_route_key': '831', 'line': 77}",EXPLICIT_CURRENT_EPISODE_MAP
BA:event:831:006,CORE,relations/care,ADMITTED_WITH_LIMITS_CYCLE008; QUALIFIED_CONTENT_COMPLETE; PUBLICATION_STATUS_IN_CYCLE008_CHECKPOINT,"On the next day, thanks and embarrassment over Eimi carrying the visitors give care a reciprocal and practical dimension, E006U8–12. Himari warns about security, hostile detection and possible unintended transfer; this danger is anticipated rather than already accomplished, E006U17–27. Represented Sensei responses concerning responsibility or her beauty/genius joke remain alternatives, not a single performed exchange.",series/blue-archive/02 Sequential Readings/EVENTS/EVENT_831/BLUE_ARCHIVE_EVENT_831_CONTEXTUALIZATION_CHECKPOINT.md,"{'owner_route_key': '831', 'line': 79}",EXPLICIT_CURRENT_EPISODE_MAP
BA:event:831:007,HIGH,ordinary repertoire,ADMITTED_WITH_LIMITS_CYCLE008; QUALIFIED_CONTENT_COMPLETE; PUBLICATION_STATUS_IN_CYCLE008_CHECKPOINT,"The underground approach gives ordinary wants room within danger: Saten wonders about eating canned mackerel after returning, E007U7. No meal is then cooked or eaten. Mechanical sounds and Eimi's announced pattern analysis lead toward combat without supplying a victory in this episode.",series/blue-archive/02 Sequential Readings/EVENTS/EVENT_831/BLUE_ARCHIVE_EVENT_831_CONTEXTUALIZATION_CHECKPOINT.md,"{'owner_route_key': '831', 'line': 81}",EXPLICIT_CURRENT_EPISODE_MAP
BA:event:831:008,CORE,ordinary repertoire; provenance/identity/modes,ADMITTED_WITH_LIMITS_CYCLE008; QUALIFIED_CONTENT_COMPLETE; PUBLICATION_STATUS_IN_CYCLE008_CHECKPOINT,"The manufactured gun fails to produce the expected result, E008U23–34. Mikoto's coin attack supplies an actual represented display of ability after a warning to stand back, while she reports head heaviness and limited capacity to repeat, E008U37–54. This episode does not itself narrate the second requested shot.",series/blue-archive/02 Sequential Readings/EVENTS/EVENT_831/BLUE_ARCHIVE_EVENT_831_CONTEXTUALIZATION_CHECKPOINT.md,"{'owner_route_key': '831', 'line': 83}",EXPLICIT_CURRENT_EPISODE_MAP
BA:event:831:009,CORE,ordinary repertoire; recipient agency/contrary endpoint; provenance/identity/modes,ADMITTED_WITH_LIMITS_CYCLE008; QUALIFIED_CONTENT_COMPLETE; PUBLICATION_STATUS_IN_CYCLE008_CHECKPOINT,"The team reaches the facility using Himari's reported analysis. Mikoto dislikes the railgun epithet; Eimi asks to be addressed by name so she can recognize a call in combat, E009U12–30. That criticism is consequential contrary evidence, not an incidental joke to remove.",series/blue-archive/02 Sequential Readings/EVENTS/EVENT_831/BLUE_ARCHIVE_EVENT_831_CONTEXTUALIZATION_CHECKPOINT.md,"{'owner_route_key': '831', 'line': 85}",EXPLICIT_CURRENT_EPISODE_MAP
BA:event:831:010,CORE,ordinary repertoire,ADMITTED_WITH_LIMITS_CYCLE008; QUALIFIED_CONTENT_COMPLETE; PUBLICATION_STATUS_IN_CYCLE008_CHECKPOINT,"Saten uses the gun barrel physically against the barrier rather than shooting through it; the others acknowledge the act, E010U14–25. She denies being a famous baseball player, so a good swing does not establish that occupation. It also does not establish that all unusual bodily effects have been clinically ruled out.",series/blue-archive/02 Sequential Readings/EVENTS/EVENT_831/BLUE_ARCHIVE_EVENT_831_CONTEXTUALIZATION_CHECKPOINT.md,"{'owner_route_key': '831', 'line': 87}",EXPLICIT_CURRENT_EPISODE_MAP
BA:event:831:011,CORE,ordinary repertoire; relations/care; institution/work; provenance/identity/modes,ADMITTED_WITH_LIMITS_CYCLE008; QUALIFIED_CONTENT_COMPLETE; PUBLICATION_STATUS_IN_CYCLE008_CHECKPOINT,"Helmet gang members, Market Guard and Kaiser PMC arrive and start hostile preparations. Saten's new-world hypothesis is corrected by Sensei's represented recognition, E011U3–23; their known adversarial relation is not friendly familiarity or proof of shared planning. Eimi/Mikoto handle still-moving machinery while the engineers promise fast work, E011U52–60; the three-minute promise is not a measured completed duration.",series/blue-archive/02 Sequential Readings/EVENTS/EVENT_831/BLUE_ARCHIVE_EVENT_831_CONTEXTUALIZATION_CHECKPOINT.md,"{'owner_route_key': '831', 'line': 89}",EXPLICIT_CURRENT_EPISODE_MAP
BA:event:831:012,CORE,provenance/identity/modes,ADMITTED_WITH_LIMITS_CYCLE008; QUALIFIED_CONTENT_COMPLETE; PUBLICATION_STATUS_IN_CYCLE008_CHECKPOINT,"The engineers announce completion and chip insertion; the activation has a different represented sound in Sensei's inward passage, E012U4–13. Opponents disappear in sequence, and Eimi calls the return successful. Shokuho says the calmer time was not bad but the end exhausted her, E012U63–64.",series/blue-archive/02 Sequential Readings/EVENTS/EVENT_831/BLUE_ARCHIVE_EVENT_831_CONTEXTUALIZATION_CHECKPOINT.md,"{'owner_route_key': '831', 'line': 91}",EXPLICIT_CURRENT_EPISODE_MAP
BA:event:832:001,CORE,ordinary repertoire; recipient agency/contrary endpoint; institution/work; provenance/identity/modes,ADMITTED_WITH_LIMITS_CYCLE008; QUALIFIED_CONTENT_COMPLETE; PUBLICATION_STATUS_IN_CYCLE008_CHECKPOINT,"the trio's technical-sounding struggle turns out to concern a sandbox game's new mode, not a security audit, E001U2–39. Their analytical labour, wanted update, guild memories and urgency are meaningful game activities. This supplies an authority conflict, not prior unanimous consent.",series/blue-archive/02 Sequential Readings/EVENTS/EVENT_832/BLUE_ARCHIVE_EVENT_832_CONTEXTUALIZATION_CHECKPOINT.md,"{'owner_route_key': '832', 'line': 63}",EXPLICIT_CURRENT_EPISODE_MAP
BA:event:832:002,CORE,ordinary repertoire; recipient agency/contrary endpoint; relations/care,ADMITTED_WITH_LIMITS_CYCLE008; QUALIFIED_CONTENT_COMPLETE; PUBLICATION_STATUS_IN_CYCLE008_CHECKPOINT,"early rising, headache, desired city sounds, clothes and Sensei's welcome remain differentiated wants. Chihiro reveals camping only on departure; recipients object and ask Sensei for help, E002U21–40. Snack allowance is unlimited; Hare's five-hundred-yen worry is a question, not a rule actually imposed.",series/blue-archive/02 Sequential Readings/EVENTS/EVENT_832/BLUE_ARCHIVE_EVENT_832_CONTEXTUALIZATION_CHECKPOINT.md,"{'owner_route_key': '832', 'line': 65}",EXPLICIT_CURRENT_EPISODE_MAP
BA:event:832:003,CORE,ordinary repertoire; institution/work; provenance/identity/modes,ADMITTED_WITH_LIMITS_CYCLE008; QUALIFIED_CONTENT_COMPLETE; PUBLICATION_STATUS_IN_CYCLE008_CHECKPOINT,"the East Alps/Higashidake setting supplies a Millennium district with undeveloped areas, on Chihiro's account, E003U1–6. Signal absence, a reported convenience-store distance of30km and fatigue are local experiences, not a complete geography or endurance measurement. Sensei's paper-work proposal is prohibited because she wants him to rest; the narrator actually establishes enjoyable shared reading, E003U67–75.",series/blue-archive/02 Sequential Readings/EVENTS/EVENT_832/BLUE_ARCHIVE_EVENT_832_CONTEXTUALIZATION_CHECKPOINT.md,"{'owner_route_key': '832', 'line': 67}",EXPLICIT_CURRENT_EPISODE_MAP
BA:event:832:004,CORE,ordinary repertoire; recipient agency/contrary endpoint; relations/care; provenance/identity/modes,ADMITTED_WITH_LIMITS_CYCLE008; QUALIFIED_CONTENT_COMPLETE; PUBLICATION_STATUS_IN_CYCLE008_CHECKPOINT,"Hare searches for an energy-drink substitute in grass, describes taste and tongue stimulation, then shaking and inadequate caffeine, E004U21–30. Chihiro suspects allergy and withdrawal and tells her to stop; these are questions/interpretations, not confirmed diagnoses. Sensei's coffee offer is printed inwardly, followed by Hare's affirmative response, improved feeling and thanks, E004U32–36. This supports a local received benefit, not cure, a prescribed dose or lasting reduced consumption. Her wish to pack powdered energy drink for another trip does not prove she requested all future mandatory trips; Chihiro's enthusiasm is met with a groan.",series/blue-archive/02 Sequential Readings/EVENTS/EVENT_832/BLUE_ARCHIVE_EVENT_832_CONTEXTUALIZATION_CHECKPOINT.md,"{'owner_route_key': '832', 'line': 69}",EXPLICIT_CURRENT_EPISODE_MAP
BA:event:832:005,CORE,ordinary repertoire; recipient agency/contrary endpoint; institution/work,ADMITTED_WITH_LIMITS_CYCLE008; QUALIFIED_CONTENT_COMPLETE; PUBLICATION_STATUS_IN_CYCLE008_CHECKPOINT,"Kotama hid a recorder in her shoe despite the inspection and enjoys real environmental sounds, E005U1–10. Wanting a record of time with Sensei is intrinsically relevant yet supplies no permission to secretly record him; Chihiro demands the recorder because of his privacy, E005U60–66. This remains both comic and consequential recipient refusal.",series/blue-archive/02 Sequential Readings/EVENTS/EVENT_832/BLUE_ARCHIVE_EVENT_832_CONTEXTUALIZATION_CHECKPOINT.md,"{'owner_route_key': '832', 'line': 73}",EXPLICIT_CURRENT_EPISODE_MAP
BA:event:832:006,CORE,recipient agency/contrary endpoint; relations/care; institution/work; provenance/identity/modes,ADMITTED_WITH_LIMITS_CYCLE008; QUALIFIED_CONTENT_COMPLETE; PUBLICATION_STATUS_IN_CYCLE008_CHECKPOINT,"the return establishes that the bear has gone elsewhere and the Training Club's diversion helped, E006U11–18; no exact chase path or injury audit is narrated. Veritas interprets continuing training as Rei's dedication, but Sensei inwardly notices a mismatch. Her help differentiates this demand from abandoning all work to subordinates, without retroactively making it their chosen menu.",series/blue-archive/02 Sequential Readings/EVENTS/EVENT_832/BLUE_ARCHIVE_EVENT_832_CONTEXTUALIZATION_CHECKPOINT.md,"{'owner_route_key': '832', 'line': 75}",EXPLICIT_CURRENT_EPISODE_MAP
BA:event:832:007,CORE,ordinary repertoire; institution/work,ADMITTED_WITH_LIMITS_CYCLE008; QUALIFIED_CONTENT_COMPLETE; PUBLICATION_STATUS_IN_CYCLE008_CHECKPOINT,"Chihiro cooks mizutaki, a dish she liked on an earlier work visit and then made herself, E007U1–19. Wanted taste and skill are not merely medical fuel. NewYear greetings, wishing rest and Sensei watching the fire before a nap are actual quiet endings, E007U101–107.",series/blue-archive/02 Sequential Readings/EVENTS/EVENT_832/BLUE_ARCHIVE_EVENT_832_CONTEXTUALIZATION_CHECKPOINT.md,"{'owner_route_key': '832', 'line': 77}",EXPLICIT_CURRENT_EPISODE_MAP
BA:event:832:008,CORE,recipient agency/contrary endpoint; relations/care; provenance/identity/modes,ADMITTED_WITH_LIMITS_CYCLE008; QUALIFIED_CONTENT_COMPLETE; PUBLICATION_STATUS_IN_CYCLE008_CHECKPOINT,"Chihiro supplies coffee and chocolate bars and asks for immediate reports of bodily trouble before the climb, E008U19–23. That concrete care does not create a comprehensive health assessment. The proposed shared breakfast, bread drawings, one slice, coffee and protein are differentiated future choices, E008U109–116; this episode does not narrate the breakfast consumed.",series/blue-archive/02 Sequential Readings/EVENTS/EVENT_832/BLUE_ARCHIVE_EVENT_832_CONTEXTUALIZATION_CHECKPOINT.md,"{'owner_route_key': '832', 'line': 79}",EXPLICIT_CURRENT_EPISODE_MAP
BA:event:832:009,CORE,provenance/identity/modes,ADMITTED_WITH_LIMITS_CYCLE008; QUALIFIED_CONTENT_COMPLETE; PUBLICATION_STATUS_IN_CYCLE008_CHECKPOINT,"the mural's consequence arrives as a news crew and crowd. Mai reports online archaeological/prophecy speculation and a D.U. The narrator establishes difficult explanation to the assembled people, E009U30, not that every online rumour was eliminated or that the mural was finally scrubbed.",series/blue-archive/02 Sequential Readings/EVENTS/EVENT_832/BLUE_ARCHIVE_EVENT_832_CONTEXTUALIZATION_CHECKPOINT.md,"{'owner_route_key': '832', 'line': 81}",EXPLICIT_CURRENT_EPISODE_MAP
BA:event:832:010,CORE,ordinary repertoire; provenance/identity/modes,ADMITTED_WITH_LIMITS_CYCLE008; QUALIFIED_CONTENT_COMPLETE; PUBLICATION_STATUS_IN_CYCLE008_CHECKPOINT,"one week after NewYear, Scene002U2–10 appears at first to report Hare's ten-kilogram improvement. Scene002U26–36 expressly reveals the fitness simulator's game character; no actual muscle or endurance gain is established by those numbers. The punning epilogue does not erase the actual dinner or sunrise, and those pleasures do not prove durable lifestyle change.",series/blue-archive/02 Sequential Readings/EVENTS/EVENT_832/BLUE_ARCHIVE_EVENT_832_CONTEXTUALIZATION_CHECKPOINT.md,"{'owner_route_key': '832', 'line': 83}",EXPLICIT_CURRENT_EPISODE_MAP
BA:event:833:001,CORE,ordinary repertoire; provenance/identity/modes,ADMITTED_WITH_LIMITS_CYCLE008; QUALIFIED_CONTENT_COMPLETE; PUBLICATION_STATUS_IN_CYCLE008_CHECKPOINT,"office life is more than conquest rhetoric. The complete effective V2 distinguishes Makoto's conditional allegiance/conquest proposal from Ibuki's positive climb/piggyback accomplishment, praise, play and photographic attention (scene002:u0068–0070; C08/C17). Thirteen native/producer speaker disagreements, eight choice groups/ten alternatives and the zero-based/physical-ordinal distinction are inherited producer qualifications, not new replayed checks.",series/blue-archive/02 Sequential Readings/EVENTS/EVENT_833/BLUE_ARCHIVE_EVENT_833_CONTEXTUALIZATION_CHECKPOINT.md,"{'owner_route_key': '833', 'line': 84}",EXPLICIT_CURRENT_PACKAGE_OR_EPISODE_MAP
BA:event:833:002,CORE,relations/care; institution/work; provenance/identity/modes,ADMITTED_WITH_LIMITS_CYCLE008; QUALIFIED_CONTENT_COMPLETE; PUBLICATION_STATUS_IN_CYCLE008_CHECKPOINT,"agreement to help does not complete alliance or party. Makoto's declared five-day interval, hall expected to finish, annual Valentine-season custom and hoped-for political admiration are reported/prospective institutional context (u0015,u0018–0032). Care for student requests and curiosity about the party are distinct available Sensei motives; runtime choice remains unknown.",series/blue-archive/02 Sequential Readings/EVENTS/EVENT_833/BLUE_ARCHIVE_EVENT_833_CONTEXTUALIZATION_CHECKPOINT.md,"{'owner_route_key': '833', 'line': 87}",EXPLICIT_CURRENT_PACKAGE_OR_EPISODE_MAP
BA:event:833:003,CORE,provenance/identity/modes,ADMITTED_WITH_LIMITS_CYCLE008; QUALIFIED_CONTENT_COMPLETE; PUBLICATION_STATUS_IN_CYCLE008_CHECKPOINT,"client terms, service pride and professional intervention. The complete V2 preserves the next-day/full-assistance local transition and Makoto's report that the assembly hall was built. The source ends at preparation/resistance/run-and-gunfire staging, so victory, damage quantities, the ceremony and repairs are not supplied yet.",series/blue-archive/02 Sequential Readings/EVENTS/EVENT_833/BLUE_ARCHIVE_EVENT_833_CONTEXTUALIZATION_CHECKPOINT.md,"{'owner_route_key': '833', 'line': 90}",EXPLICIT_CURRENT_PACKAGE_OR_EPISODE_MAP
BA:event:833:004,CORE,recipient agency/contrary endpoint; provenance/identity/modes,ADMITTED_WITH_LIMITS_CYCLE008; QUALIFIED_CONTENT_COMPLETE; PUBLICATION_STATUS_IN_CYCLE008_CHECKPOINT,"responsibility accepted before an exact piano demand. The effective V2 reports the Hot Spring retreat plan, Sensei's positive internal observation of broken hall/interior, disputed causal blame and Hina's willingness to take a share of responsibility (u0012–0034). The existing V2's genuine local acceptance must not be weakened into an unperformed proposal just because the future performance was unknown then.",series/blue-archive/02 Sequential Readings/EVENTS/EVENT_833/BLUE_ARCHIVE_EVENT_833_CONTEXTUALIZATION_CHECKPOINT.md,"{'owner_route_key': '833', 'line': 93}",EXPLICIT_CURRENT_PACKAGE_OR_EPISODE_MAP
BA:event:833:005,CORE,ordinary repertoire; provenance/identity/modes,ADMITTED_WITH_LIMITS_CYCLE008; QUALIFIED_CONTENT_COMPLETE; PUBLICATION_STATUS_IN_CYCLE008_CHECKPOINT,"food, professional enthusiasm and an unsettled causal guess. The complete existing account locates the second preparation day, Makoto's already-placed catering order, narrated Sensei arrival and branch-local political versus food-satisfaction explanations. That uncertainty is not resolved by later Pan-chan's separate rampage report in008.",series/blue-archive/02 Sequential Readings/EVENTS/EVENT_833/BLUE_ARCHIVE_EVENT_833_CONTEXTUALIZATION_CHECKPOINT.md,"{'owner_route_key': '833', 'line': 96}",EXPLICIT_CURRENT_PACKAGE_OR_EPISODE_MAP
BA:event:833:006,CORE,ordinary repertoire; provenance/identity/modes,ADMITTED_WITH_LIMITS_CYCLE008; QUALIFIED_CONTENT_COMPLETE; PUBLICATION_STATUS_IN_CYCLE008_CHECKPOINT,"publicity received as humour and obstruction rather than obedient admiration. Preparation day3 brings an actual narrated encounter with Erika and Kirara. Their four-leaf-clover analogy expresses pleasure at meeting Sensei, while interest in amusing statues/SNS likes supplies a peer public response separate from Makoto's purpose (u0004–0030). Searching for a shareable statue does not prove an achieved number of likes. Makoto says she lost memory midway yesterday but is all right; her normalization of the loss is a self-report, not a clinical all-clear or proven prototype-food mechanism (u0031–0037).",series/blue-archive/02 Sequential Readings/EVENTS/EVENT_833/BLUE_ARCHIVE_EVENT_833_CONTEXTUALIZATION_CHECKPOINT.md,"{'owner_route_key': '833', 'line': 101}",EXPLICIT_CURRENT_PACKAGE_OR_EPISODE_MAP
BA:event:833:007,CORE,ordinary repertoire; recipient agency/contrary endpoint; relations/care; provenance/identity/modes,ADMITTED_WITH_LIMITS_CYCLE008; QUALIFIED_CONTENT_COMPLETE; PUBLICATION_STATUS_IN_CYCLE008_CHECKPOINT,"attempted coercive respect, affectionate reaction and local reversal. Preparation day4 begins with Iroha's request to come early, actual narrated hurried arrival and Makoto's unusually courteous reception. Special tea offered and Ibuki's wanted cocoa are ordinary hospitality; Ibuki later says the cocoa is delicious (scene001:u0015–0017;scene002:u0060), an actual reported taste rather than a merely proposed beverage. Peers find the altered manner frightening while Ibuki says she likes this Makoto too. Reactions differ; neither universal rejection nor complete approval is warranted.",series/blue-archive/02 Sequential Readings/EVENTS/EVENT_833/BLUE_ARCHIVE_EVENT_833_CONTEXTUALIZATION_CHECKPOINT.md,"{'owner_route_key': '833', 'line': 106}",EXPLICIT_CURRENT_PACKAGE_OR_EPISODE_MAP
BA:event:833:008,CORE,ordinary repertoire; relations/care; provenance/identity/modes,ADMITTED_WITH_LIMITS_CYCLE008; QUALIFIED_CONTENT_COMPLETE; PUBLICATION_STATUS_IN_CYCLE008_CHECKPOINT,"wanted clothing, public manipulation and the cost of announcing absence. The party day actually arrives in scene001. Sensei's care/no-plan/reassurance bullets remain represented alternatives, not an all-knowing safety guarantee that could erase the covert plans now printed.",series/blue-archive/02 Sequential Readings/EVENTS/EVENT_833/BLUE_ARCHIVE_EVENT_833_CONTEXTUALIZATION_CHECKPOINT.md,"{'owner_route_key': '833', 'line': 113}",EXPLICIT_CURRENT_PACKAGE_OR_EPISODE_MAP
BA:event:833:009,CORE,ordinary repertoire,ADMITTED_WITH_LIMITS_CYCLE008; QUALIFIED_CONTENT_COMPLETE; PUBLICATION_STATUS_IN_CYCLE008_CHECKPOINT,"locally resolved disturbance and positively represented music/party pleasure. The opening narration says all the problems were resolved and the party restarted (u0001). They are her situated internal-style formulation, not a lesson log or audible performance record.",series/blue-archive/02 Sequential Readings/EVENTS/EVENT_833/BLUE_ARCHIVE_EVENT_833_CONTEXTUALIZATION_CHECKPOINT.md,"{'owner_route_key': '833', 'line': 122}",EXPLICIT_CURRENT_PACKAGE_OR_EPISODE_MAP
BA:event:833:010,SUPPORTING,provenance/identity/modes; bounded textual framing,ADMITTED_WITH_LIMITS_CYCLE008; QUALIFIED_CONTENT_COMPLETE; PUBLICATION_STATUS_IN_CYCLE008_CHECKPOINT,"The complete short written object contains only narrator #video;11004 with its header and scene (scene001u0001). The effective owner reports all472bytes received, while the resource body remains uninspected. Secure written coverage adds a source-class/representation limit; it supplies no invented dialogue, performed music, party conclusion or AV credit.",series/blue-archive/02 Sequential Readings/EVENTS/EVENT_833/BLUE_ARCHIVE_EVENT_833_CONTEXTUALIZATION_CHECKPOINT.md,"{'owner_route_key': '833', 'line': 129}",EXPLICIT_CURRENT_PACKAGE_OR_EPISODE_MAP
BA:event:834:001,CORE,ordinary repertoire; relations/care; institution/work; provenance/identity/modes,ADMITTED_WITH_LIMITS_CYCLE008; QUALIFIED_CONTENT_COMPLETE; PUBLICATION_STATUS_IN_CYCLE008_CHECKPOINT,"001 establishes PS68's professional self-presentation alongside useful modest work, preferred boss address, gratitude, familiar teasing, cat-finding and friend-tailing history. Haruka's JP gladness in helping and KR surprise at usefulness are different self-presentations, not a durable deficiency. The U34–35 Teacher-presence report is positive, while native Aru/raw Kayoko attribution remains explicit and direct Teacher encounter is unestablished there. Aspiration and interrupted commission talk are evidence before capture or pay can be certified.",series/blue-archive/02 Sequential Readings/EVENTS/EVENT_834/BLUE_ARCHIVE_EVENT_834_CONTEXTUALIZATION_CHECKPOINT.md,"{'owner_route_key': '834', 'line': 129}",EXPLICIT_CURRENT_PACKAGE_OR_EPISODE_MAP
BA:event:834:002,CORE,relations/care; institution/work; provenance/identity/modes,ADMITTED_WITH_LIMITS_CYCLE008; QUALIFIED_CONTENT_COMPLETE; PUBLICATION_STATUS_IN_CYCLE008_CHECKPOINT,002 sets company desire beside work discretion. Aru's completed-preparation report U45 coexists with attributed capture presupposition/prospective escort U32 and an anticipated target. U35's unnumbered date question remains native sensei_internal; hidden work and hedged date framing establish neither public delivery nor mutual romance.,series/blue-archive/02 Sequential Readings/EVENTS/EVENT_834/BLUE_ARCHIVE_EVENT_834_CONTEXTUALIZATION_CHECKPOINT.md,"{'owner_route_key': '834', 'line': 131}",EXPLICIT_CURRENT_PACKAGE_OR_EPISODE_MAP
BA:event:834:003,CORE,relations/care; institution/work,ADMITTED_WITH_LIMITS_CYCLE008; QUALIFIED_CONTENT_COMPLETE; PUBLICATION_STATUS_IN_CYCLE008_CHECKPOINT,"003 distinguishes a local win from settlement(U5). Haruka's apology, Kayoko's offered substitution, Aru's boss apology for troubling the adviser(U18), questions and willingness to hear details are real local speech acts even though acceptance and durable repair are open. Unnamed commission authority and exclusive-capability rhetoric remain attributed. This local adviser mistake does not close MAIN V001's Shiba culpability/acknowledgment/repair gap.",series/blue-archive/02 Sequential Readings/EVENTS/EVENT_834/BLUE_ARCHIVE_EVENT_834_CONTEXTUALIZATION_CHECKPOINT.md,"{'owner_route_key': '834', 'line': 133}",EXPLICIT_CURRENT_PACKAGE_OR_EPISODE_MAP
BA:event:834:004,CORE,ordinary repertoire; relations/care; institution/work; provenance/identity/modes,ADMITTED_WITH_LIMITS_CYCLE008; QUALIFIED_CONTENT_COMPLETE; PUBLICATION_STATUS_IN_CYCLE008_CHECKPOINT,"004 makes precaution fallible rather than omniscient. Ordinary jobs, camping preferences, dignity, nerves, teasing, laughter and apology coexist with a device offer, positive spare report(U99), safety purpose and a preference that Teacher leave(U100–103). KR's replacement purpose does not establish an actual break. Kayoko's current assessment and hunch(U109–111) are limited judgments, not prophecy. G1's JP trust-everyone/KR trust-Aru alternatives differ; choice delivery, working calls and durable possession are unknown. Actor seams constrain individual assignments, not the value of modest work.",series/blue-archive/02 Sequential Readings/EVENTS/EVENT_834/BLUE_ARCHIVE_EVENT_834_CONTEXTUALIZATION_CHECKPOINT.md,"{'owner_route_key': '834', 'line': 135}",EXPLICIT_CURRENT_PACKAGE_OR_EPISODE_MAP
BA:event:834:005,CORE,recipient agency/contrary endpoint; relations/care; institution/work,ADMITTED_WITH_LIMITS_CYCLE008; QUALIFIED_CONTENT_COMPLETE; PUBLICATION_STATUS_IN_CYCLE008_CHECKPOINT,"005 preserves civilian concern together with coercive counterevidence. Aru directly protests harm to theater visitors(U10), refuses the alliance and states a work policy; KR supplies a case/prior-contract qualification. Expertise delight, workload teasing and help solicitation do not erase this conduct.",series/blue-archive/02 Sequential Readings/EVENTS/EVENT_834/BLUE_ARCHIVE_EVENT_834_CONTEXTUALIZATION_CHECKPOINT.md,"{'owner_route_key': '834', 'line': 137}",EXPLICIT_CURRENT_PACKAGE_OR_EPISODE_MAP
BA:event:834:006,CORE,recipient agency/contrary endpoint; relations/care; institution/work; provenance/identity/modes,ADMITTED_WITH_LIMITS_CYCLE008; QUALIFIED_CONTENT_COMPLETE; PUBLICATION_STATUS_IN_CYCLE008_CHECKPOINT,"006 depicts useful work and its disclosed limits. Haruka reports all collected bombs put into the back-alley bin(U7); disposal/relocation is reported achieved, neutralization and safe storage unestablished. Aru declines group intrusion. Kayoko's no-suspicious-person/bomb report(U30–31) explicitly leaves exhaustive face comparison incomplete; JP quick roster checking and KR full-name comparison remain different. Waiting, life-protection commitment, fatigue, courtesy and contact contingency are substantive ordinary relations. A future/imminent target-arrival claim U40 is not achieved arrival.",series/blue-archive/02 Sequential Readings/EVENTS/EVENT_834/BLUE_ARCHIVE_EVENT_834_CONTEXTUALIZATION_CHECKPOINT.md,"{'owner_route_key': '834', 'line': 139}",EXPLICIT_CURRENT_PACKAGE_OR_EPISODE_MAP
BA:event:834:007,CORE,ordinary repertoire; recipient agency/contrary endpoint; relations/care; provenance/identity/modes,ADMITTED_WITH_LIMITS_CYCLE008; QUALIFIED_CONTENT_COMPLETE; PUBLICATION_STATUS_IN_CYCLE008_CHECKPOINT,"007 contests a procedure that PS68 both uses and benefits from. General list forgability(U51) differs from Mutsuki's reported altered entry(U52), and neither independently authenticates the whole roster. The earlier check is not erased. Don's taste, impatience, venue appraisal and courtesy, group amusement, objections to laughter, bodily discomfort and Aru's self-steadying U55 are intrinsic. Honorific outrage and pursuit directives accompany written shots/escalation without a named casualty or completed capture. All11 native/raw seams remain unresolved; surname ruby and inward literary function do not rewrite native dialogue mode.",series/blue-archive/02 Sequential Readings/EVENTS/EVENT_834/BLUE_ARCHIVE_EVENT_834_CONTEXTUALIZATION_CHECKPOINT.md,"{'owner_route_key': '834', 'line': 141}",EXPLICIT_CURRENT_PACKAGE_OR_EPISODE_MAP
BA:event:834:008,CORE,relations/care; institution/work,ADMITTED_WITH_LIMITS_CYCLE008; QUALIFIED_CONTENT_COMPLETE; PUBLICATION_STATUS_IN_CYCLE008_CHECKPOINT,008 retains actual local communication U12–14 while leaving the intended aid/radio/protection mechanism open. U18 JP hopes he has not yet escaped; KR hopes they are not too late. This is not desire to prevent escape by an achieved trap. Aru's attempt to stop Haruka and alone-entry warning precede escalation; U29's internal flight reaction/wellbeing question is positive concern with cause and medical recovery unknown. UNKNOWN work/client speech U31–32 and Kayoko's tentative familiar-voice/name association U35–39 support a conditional Saori comparison; staging cannot fill empty native person fields.,series/blue-archive/02 Sequential Readings/EVENTS/EVENT_834/BLUE_ARCHIVE_EVENT_834_CONTEXTUALIZATION_CHECKPOINT.md,"{'owner_route_key': '834', 'line': 143}",EXPLICIT_CURRENT_PACKAGE_OR_EPISODE_MAP
BA:event:834:009,CORE,institution/work,ADMITTED_WITH_LIMITS_CYCLE008; QUALIFIED_CONTENT_COMPLETE; PUBLICATION_STATUS_IN_CYCLE008_CHECKPOINT,"009 corrects generic recognition into specific located reactions. Kayoko names Saori U7, describes Arius-origin mercenary work U8 and recalls prior contact U9; they are separate from sighs, echoes and questions. Reciprocal hardship U47, return-to-work U52, prospective post-evacuation contact U53 and present wish not to fight U63 permit relations/work comparison without verified fair wage, permanent peace or successful evacuation.",series/blue-archive/02 Sequential Readings/EVENTS/EVENT_834/BLUE_ARCHIVE_EVENT_834_CONTEXTUALIZATION_CHECKPOINT.md,"{'owner_route_key': '834', 'line': 145}",EXPLICIT_CURRENT_PACKAGE_OR_EPISODE_MAP
BA:event:834:010,CORE,recipient agency/contrary endpoint; relations/care,ADMITTED_WITH_LIMITS_CYCLE008; QUALIFIED_CONTENT_COMPLETE; PUBLICATION_STATUS_IN_CYCLE008_CHECKPOINT,"010 makes professional courtesy and troubling efficiency coexist. Saori apologizes U8 to the employer after his complaint, with JP future verbal care/KR near-loss-of-trust differing U9. Uninspected popup content prevents describing that method but does not erase the apology or represented action.",series/blue-archive/02 Sequential Readings/EVENTS/EVENT_834/BLUE_ARCHIVE_EVENT_834_CONTEXTUALIZATION_CHECKPOINT.md,"{'owner_route_key': '834', 'line': 147}",EXPLICIT_CURRENT_PACKAGE_OR_EPISODE_MAP
BA:event:834:011,CORE,recipient agency/contrary endpoint; relations/care; institution/work; provenance/identity/modes,ADMITTED_WITH_LIMITS_CYCLE008; QUALIFIED_CONTENT_COMPLETE; PUBLICATION_STATUS_IN_CYCLE008_CHECKPOINT,"011 reports fast accompaniment, not a verified lifting/carrying technique. Fallen-person and Saori-capacity statements are attributed inference, not audited victim count or powerscale. The rival retrieval/escape win criteria U21–22 remain proposed. Kayoko offers Teacher return U14–15, Aru worries about diverting BD work U26–32, and laughter/appreciation/goodwill U38–40 matter alongside pursuing objectives. Repayment vows U41–42 are commitments, not fulfilled legal liabilities. Prospective parking proximity U43 is not certified arrival.",series/blue-archive/02 Sequential Readings/EVENTS/EVENT_834/BLUE_ARCHIVE_EVENT_834_CONTEXTUALIZATION_CHECKPOINT.md,"{'owner_route_key': '834', 'line': 149}",EXPLICIT_CURRENT_PACKAGE_OR_EPISODE_MAP
BA:event:834:012,CORE,institution/work,ADMITTED_WITH_LIMITS_CYCLE008; QUALIFIED_CONTENT_COMPLETE; PUBLICATION_STATUS_IN_CYCLE008_CHECKPOINT,"012 reaches situated underground-parking recognition and exposes practical disagreement. Saori's progress/safe-escort account, Haruka's hedged appraisal, Mutsuki's laughter/locale-specific approval and Kayoko's rejection U18–20 retain different perspectives. The unit ends in commands, not completed tactics.",series/blue-archive/02 Sequential Readings/EVENTS/EVENT_834/BLUE_ARCHIVE_EVENT_834_CONTEXTUALIZATION_CHECKPOINT.md,"{'owner_route_key': '834', 'line': 151}",EXPLICIT_CURRENT_PACKAGE_OR_EPISODE_MAP
BA:event:834:013,CORE,provenance/identity/modes,ADMITTED_WITH_LIMITS_CYCLE008; QUALIFIED_CONTENT_COMPLETE; PUBLICATION_STATUS_IN_CYCLE008_CHECKPOINT,"013 holds tactical uncertainty beside praise and contribution. Arancino's apparent unconsciousness and guessed cause U3–6 are testimony, not clinical measurement. Episode 013's positive printed第7話 title remains distinct from intake ordinal13.",series/blue-archive/02 Sequential Readings/EVENTS/EVENT_834/BLUE_ARCHIVE_EVENT_834_CONTEXTUALIZATION_CHECKPOINT.md,"{'owner_route_key': '834', 'line': 153}",EXPLICIT_CURRENT_PACKAGE_OR_EPISODE_MAP
BA:event:834:014,CORE,relations/care; provenance/identity/modes,ADMITTED_WITH_LIMITS_CYCLE008; QUALIFIED_CONTENT_COMPLETE; PUBLICATION_STATUS_IN_CYCLE008_CHECKPOINT,"014 preserves accomplished-help testimony and ensuing danger. Saori thanks PS68 and reports received help U7–13 even while Aru denies a Saori-directed motive. Post-text Boom/Blow writing alone certifies no casualties, survival or safe aftermath.",series/blue-archive/02 Sequential Readings/EVENTS/EVENT_834/BLUE_ARCHIVE_EVENT_834_CONTEXTUALIZATION_CHECKPOINT.md,"{'owner_route_key': '834', 'line': 155}",EXPLICIT_CURRENT_PACKAGE_OR_EPISODE_MAP
BA:event:834:015,CORE,ordinary repertoire; recipient agency/contrary endpoint; relations/care; institution/work; provenance/identity/modes,ADMITTED_WITH_LIMITS_CYCLE008; QUALIFIED_CONTENT_COMPLETE; PUBLICATION_STATUS_IN_CYCLE008_CHECKPOINT,"015 gives the sequence its actual finite ending and ordinary objection to easy coping. The proprietor's meal hospitality, achieved shared seating U4–5 and Mutsuki's permission for Haruka to stay seated U7 are substantive care. Saori reports safe escape/severed ties U26 and gratitude; offered generosity is not certified payment.",series/blue-archive/02 Sequential Readings/EVENTS/EVENT_834/BLUE_ARCHIVE_EVENT_834_CONTEXTUALIZATION_CHECKPOINT.md,"{'owner_route_key': '834', 'line': 157}",EXPLICIT_CURRENT_PACKAGE_OR_EPISODE_MAP
BA:event:834:094,CORE,ordinary repertoire; recipient agency/contrary endpoint; relations/care; institution/work; provenance/identity/modes,ADMITTED_WITH_LIMITS_CYCLE008; QUALIFIED_CONTENT_COMPLETE; PUBLICATION_STATUS_IN_CYCLE008_CHECKPOINT,"094 Ichika(CH0071): mat preparation, greeting, reported handmade work, readily received gift from her perspective(U12), local directness preference U17 and desired room for recounting effort U26 deserve equal weight. Her criticism asks for delicacy, not global hostility. Attributed assurance and responsibility language are not independent blanket Teacher consent. U43 finally asks Teacher to open his mouth; feeding/taste/repair remain unshown rather than failed. Named character narration, formal thanks/reception alternatives and personal self-description are not numeric-age evidence.",series/blue-archive/02 Sequential Readings/EVENTS/EVENT_834/BLUE_ARCHIVE_EVENT_834_CONTEXTUALIZATION_CHECKPOINT.md,"{'owner_route_key': '834', 'line': 161}",EXPLICIT_CURRENT_PACKAGE_OR_EPISODE_MAP
BA:event:834:095,CORE,ordinary repertoire; relations/care; provenance/identity/modes,ADMITTED_WITH_LIMITS_CYCLE008; QUALIFIED_CONTENT_COMPLETE; PUBLICATION_STATUS_IN_CYCLE008_CHECKPOINT,"095 Kasumi(CH0089): apology and achieved local arrival, welcome, remembered replacement-footwear help U17(JP brought sandals/KR bought slippers), novelty and reciprocal gift design coexist with uncertain pursuers and hand/foot teasing. U35–36 permit recipient choice of wearing/eating. U37 narrates receipt, Schale return and examination; U38 completes enjoyable consumption, with KR texture distinctions not inserted into JP. A mystery about manufacture cannot reduce this to a never-received offer or erase remembered small care.",series/blue-archive/02 Sequential Readings/EVENTS/EVENT_834/BLUE_ARCHIVE_EVENT_834_CONTEXTUALIZATION_CHECKPOINT.md,"{'owner_route_key': '834', 'line': 163}",EXPLICIT_CURRENT_PACKAGE_OR_EPISODE_MAP
BA:event:834:096,CORE,ordinary repertoire; recipient agency/contrary endpoint; relations/care; provenance/identity/modes,ADMITTED_WITH_LIMITS_CYCLE008; QUALIFIED_CONTENT_COMPLETE; PUBLICATION_STATUS_IN_CYCLE008_CHECKPOINT,"096 Koyuki(CH0198): courtesy/log gratitude and a concealed rescue plea are both retained. Letter testimony reports confinement, route/time planning and reliance, not an audited custody mechanism. Renunciation of easy repentance premises is local counterpressure. Handmade concealment purpose coexists with pleasure in taste feedback and perceived recognition; it is not her certified sole motive. U37 requests continuing company/help. U38 narrates leaving together, while U39 narrates disclosure to Seminar and inability to reuse that method. Achieved exit survives failed secrecy and constrains perfect-method rhetoric without universal surveillance claims.",series/blue-archive/02 Sequential Readings/EVENTS/EVENT_834/BLUE_ARCHIVE_EVENT_834_CONTEXTUALIZATION_CHECKPOINT.md,"{'owner_route_key': '834', 'line': 165}",EXPLICIT_CURRENT_PACKAGE_OR_EPISODE_MAP
BA:event:834:097,CORE,recipient agency/contrary endpoint; provenance/identity/modes,ADMITTED_WITH_LIMITS_CYCLE008; QUALIFIED_CONTENT_COMPLETE; PUBLICATION_STATUS_IN_CYCLE008_CHECKPOINT,"097 Sakurako: delayed giving, gratitude, independent judgment and rejection of fashion prescriptions are personal agency. U18 reports accomplished giving; eating and manufacture remain unestablished. Native internal encouragement U21–22 and later response must retain their reception tension rather than becoming inaudible by decree or public dialogue by repair. Her respectful qualification of Teacher's advice and proposed exception for things concerning Sensei U31–35 are positive boundaries/intention, not general obedience, exclusive romance or proof of future fulfillment. U32's unfinished qualification stays unfinished.",series/blue-archive/02 Sequential Readings/EVENTS/EVENT_834/BLUE_ARCHIVE_EVENT_834_CONTEXTUALIZATION_CHECKPOINT.md,"{'owner_route_key': '834', 'line': 167}",EXPLICIT_CURRENT_PACKAGE_OR_EPISODE_MAP
BA:event:834:098,CORE,ordinary repertoire; recipient agency/contrary endpoint; relations/care; institution/work; provenance/identity/modes,ADMITTED_WITH_LIMITS_CYCLE008; QUALIFIED_CONTENT_COMPLETE; PUBLICATION_STATUS_IN_CYCLE008_CHECKPOINT,"098 Reisa(CH0167): reception U3 is accomplished(JP catching/KR blocking). Modifying a commercial gift/covering and decorating a letter are real effort, not inferior evidence to complete homemade confectionery. U16 refuses immediate reading; JP later-alone versus KR return-to-Schale conditions U18 differ. Craft vulnerability, apology, welcomed reassurance and delight coexist. U30 narrates shared chocolate, return and completed reading; U31 appreciates decorative work. Undisclosed words and unverified solitude constrain those claims without erasing achieved company and reading.",series/blue-archive/02 Sequential Readings/EVENTS/EVENT_834/BLUE_ARCHIVE_EVENT_834_CONTEXTUALIZATION_CHECKPOINT.md,"{'owner_route_key': '834', 'line': 169}",EXPLICIT_CURRENT_PACKAGE_OR_EPISODE_MAP
BA:event:834:099,CORE,ordinary repertoire; provenance/identity/modes,ADMITTED_WITH_LIMITS_CYCLE008; QUALIFIED_CONTENT_COMPLETE; PUBLICATION_STATUS_IN_CYCLE008_CHECKPOINT,"099 Megu(CH0088): limited-ability testimony explicitly retains construction competence. Choice of an achievable gift, teasing, reported hot-spring method, received-item opening U20 and chocolate discovery U21 build an ordinary learning account. Internal taste U27 supports sampling/deliciousness without full consumption or invented public transmission. Her relief, prototype lesson and earlier one-made/first-time locale distinction remain. U39 completes large joint production; JP refrigerator-filling scale/KR receipt and Schale storage U40 differ. Learning is not a completed prior prototype or food-safety certificate.",series/blue-archive/02 Sequential Readings/EVENTS/EVENT_834/BLUE_ARCHIVE_EVENT_834_CONTEXTUALIZATION_CHECKPOINT.md,"{'owner_route_key': '834', 'line': 171}",EXPLICIT_CURRENT_PACKAGE_OR_EPISODE_MAP
BA:event:834:100,CORE,ordinary repertoire; recipient agency/contrary endpoint; relations/care; institution/work,ADMITTED_WITH_LIMITS_CYCLE008; QUALIFIED_CONTENT_COMPLETE; PUBLICATION_STATUS_IN_CYCLE008_CHECKPOINT,"100 Rumi(CH0135): achieved travel, tea drinking U7, all-kind mooncake tasting U21–23 and shared eating/conversation U42 supply substantive hospitality and pleasure. Recipe variants and yesterday's practice are testimony. Insufficient hints, difficulty ranking, refusal of indirectness and openness preference remain counterpressure beside thanks. ROOT P01 retains G7 option6's unfinished first person as Sensei, not Rumi. Promised extra tea, exact favorite, full disclosure and total portions are unknown; accomplished tasting/company do not depend on those completions.",series/blue-archive/02 Sequential Readings/EVENTS/EVENT_834/BLUE_ARCHIVE_EVENT_834_CONTEXTUALIZATION_CHECKPOINT.md,"{'owner_route_key': '834', 'line': 173}",EXPLICIT_CURRENT_PACKAGE_OR_EPISODE_MAP
BA:event:834:101,CORE,ordinary repertoire; recipient agency/contrary endpoint; relations/care; institution/work; provenance/identity/modes,ADMITTED_WITH_LIMITS_CYCLE008; QUALIFIED_CONTENT_COMPLETE; PUBLICATION_STATUS_IN_CYCLE008_CHECKPOINT,"101 Mina(CH0138): sunglasses/coat/pistols preferences, institutional responsibilities and emblem-shaped gift dedication show ordinary care. Refusal to split, one-bite instruction and practical difficulty are not universal incapacity. U32 admits her own emblem damage independently of choice cues; fear/apology and concealment alternatives remain. U40–42 retrospectively support shared eating and effort, not verified secrecy or exoneration. Honorary-role recommendation and refusal uptake U43–46 are positive; appointment unestablished. U49 narrates diversion/end of conversation without memory erasure.",series/blue-archive/02 Sequential Readings/EVENTS/EVENT_834/BLUE_ARCHIVE_EVENT_834_CONTEXTUALIZATION_CHECKPOINT.md,"{'owner_route_key': '834', 'line': 175}",EXPLICIT_CURRENT_PACKAGE_OR_EPISODE_MAP
BA:event:834:102,CORE,ordinary repertoire; recipient agency/contrary endpoint,ADMITTED_WITH_LIMITS_CYCLE008; QUALIFIED_CONTENT_COMPLETE; PUBLICATION_STATUS_IN_CYCLE008_CHECKPOINT,"102 Momiji: out-of-print reissue collecting and preservation/reading/dissemination copies are exact distinct purposes U8–11. U12 JP gifts the disseminating copy/KR offers first-reading access; permanent ownership is not common. U13 achieves receipt and opening. ROOT P01 prevents displaced glosses at U8–11/13–14. Bonus luck is attributed, not probability; offered return, refusal, unfinished explanation and paired-display request preserve their own pressures. U26 achieves her own opening. U50 narrates shared manga reading/chocolate eating with positive affect; desk installation, finishing the volume and romance remain unknown.",series/blue-archive/02 Sequential Readings/EVENTS/EVENT_834/BLUE_ARCHIVE_EVENT_834_CONTEXTUALIZATION_CHECKPOINT.md,"{'owner_route_key': '834', 'line': 177}",EXPLICIT_CURRENT_PACKAGE_OR_EPISODE_MAP
BA:event:834:103,CORE,ordinary repertoire; recipient agency/contrary endpoint; institution/work; provenance/identity/modes,ADMITTED_WITH_LIMITS_CYCLE008; QUALIFIED_CONTENT_COMPLETE; PUBLICATION_STATUS_IN_CYCLE008_CHECKPOINT,"103 Nagisa: quiet main-gate preparation, personal gratitude and accomplished-giving testimony coexist with anticipated Tea Party/Schale interpretation pressure. Limited rumor tolerance differs from absolute secrecy. U30's personal-gift denial is her account, not exhaustive motive proof. ROOT P01 reads U31 forgetting here/on the spot rather than forgetting the place. Offered person-versus-role recognition and positive uptake remain; U43 is Nagisa-bound character narration with JP prospective self-dislike/KR current self-criticism. Neither a purely diplomatic reading nor unmediated private-gift reading preserves the full tension. No completed alliance or durable secrecy follows.",series/blue-archive/02 Sequential Readings/EVENTS/EVENT_834/BLUE_ARCHIVE_EVENT_834_CONTEXTUALIZATION_CHECKPOINT.md,"{'owner_route_key': '834', 'line': 179}",EXPLICIT_CURRENT_PACKAGE_OR_EPISODE_MAP
BA:event:834:104,CORE,ordinary repertoire; recipient agency/contrary endpoint; institution/work; provenance/identity/modes,ADMITTED_WITH_LIMITS_CYCLE008; QUALIFIED_CONTENT_COMPLETE; PUBLICATION_STATUS_IN_CYCLE008_CHECKPOINT,"104 Minori(CH0214): emphatic commercial-occasion refusal and criticism coexist coherently with a promised introduction, achieved shared meal/evaluation U20–21, work-linked chocolate preference and gifting. U27 expressly distinguishes corporate exploitation from giving chocolate. Later giving is not persuasion into repudiating her values. Hesitation, discomfort at attention and courtesy matter without hidden-motive certainty. U33 positively supplies taste. Reported price/nutrition comparisons and department-role testimony are not external economic or medical facts.",series/blue-archive/02 Sequential Readings/EVENTS/EVENT_834/BLUE_ARCHIVE_EVENT_834_CONTEXTUALIZATION_CHECKPOINT.md,"{'owner_route_key': '834', 'line': 181}",EXPLICIT_CURRENT_PACKAGE_OR_EPISODE_MAP
BA:event:834:105,CORE,ordinary repertoire; recipient agency/contrary endpoint; relations/care; institution/work,ADMITTED_WITH_LIMITS_CYCLE008; QUALIFIED_CONTENT_COMPLETE; PUBLICATION_STATUS_IN_CYCLE008_CHECKPOINT,"105 named Aoi: gratitude, nonhostility, asymmetrical perceived closeness, frustration, a coffee offer and listening support are ordinary relations. Empty native person/variant fields remain empty. U34 achieves departure with destination/business unknown; U35 affirms gift reception/taste. Coffee payment/drinking and later counseling are open, not failed. This allows a located S2V001 rest/friendship/duty comparison without authenticating council effectiveness or reciprocal romance.",series/blue-archive/02 Sequential Readings/EVENTS/EVENT_834/BLUE_ARCHIVE_EVENT_834_CONTEXTUALIZATION_CHECKPOINT.md,"{'owner_route_key': '834', 'line': 183}",EXPLICIT_CURRENT_PACKAGE_OR_EPISODE_MAP
BA:event:834:106,CORE,ordinary repertoire; recipient agency/contrary endpoint; relations/care; provenance/identity/modes,ADMITTED_WITH_LIMITS_CYCLE008; QUALIFIED_CONTENT_COMPLETE; PUBLICATION_STATUS_IN_CYCLE008_CHECKPOINT,"106 named Plana: completed preparation/manufacture testimony, offered care, familiarity claims, secrecy/alone-time emphasis and teasing are substantive. Arona's sleep is reported, not inspected; knowledge parity is Plana's claim, not merged identity. U17 refuses a question and U19 later acknowledges at its actual narrow scope. G4 appreciates/prospectively accepts; named character-narration U20 replies. Consumption/taste is not achieved in this ending, without implying gift failure. All native person/variant fields remain empty and actor/popup labels do not repair them.",series/blue-archive/02 Sequential Readings/EVENTS/EVENT_834/BLUE_ARCHIVE_EVENT_834_CONTEXTUALIZATION_CHECKPOINT.md,"{'owner_route_key': '834', 'line': 185}",EXPLICIT_CURRENT_PACKAGE_OR_EPISODE_MAP
BA:event:834:107,CORE,recipient agency/contrary endpoint; institution/work; provenance/identity/modes,ADMITTED_WITH_LIMITS_CYCLE008; QUALIFIED_CONTENT_COMPLETE; PUBLICATION_STATUS_IN_CYCLE008_CHECKPOINT,"107 Mel(CH0124): presentation/process/result ambitions encounter repeated attempts and her own demanding standard. U22's inward completed-work appraisal and U41–42 approach/pickup preserve artifacts despite her no-proper-result judgment. Encouragement/uptake, reclaiming U49 and personal giving agency coexist with dissatisfied standards. Direct final handover is not certified by an offer. Concern about where to eat the portrait yields achieved lengthy discussion U63, not eating or its solution. Failed-attempt testimony and recipient valuation retain separate perspectives; exact attempt count is not invented.",series/blue-archive/02 Sequential Readings/EVENTS/EVENT_834/BLUE_ARCHIVE_EVENT_834_CONTEXTUALIZATION_CHECKPOINT.md,"{'owner_route_key': '834', 'line': 187}",EXPLICIT_CURRENT_PACKAGE_OR_EPISODE_MAP
BA:event:834:108,CORE,ordinary repertoire; recipient agency/contrary endpoint; institution/work; provenance/identity/modes,ADMITTED_WITH_LIMITS_CYCLE008; QUALIFIED_CONTENT_COMPLETE; PUBLICATION_STATUS_IN_CYCLE008_CHECKPOINT,"108 Toki(CH0187): chosen hosting work includes setup narration U7, preference-aware menu testimony, handmade cake report U31 and selection/direct tasting effort U43. Enough-satisfaction counterpressure does not become blanket permission for all later hosting. Mentioned Trinity/Gourmet internet reviewers are collectives, not individual appearances or checked institutional positions.",series/blue-archive/02 Sequential Readings/EVENTS/EVENT_834/BLUE_ARCHIVE_EVENT_834_CONTEXTUALIZATION_CHECKPOINT.md,"{'owner_route_key': '834', 'line': 189}",EXPLICIT_CURRENT_PACKAGE_OR_EPISODE_MAP
BA:event:834:109,CORE,ordinary repertoire; relations/care; institution/work; provenance/identity/modes,ADMITTED_WITH_LIMITS_CYCLE008; QUALIFIED_CONTENT_COMPLETE; PUBLICATION_STATUS_IN_CYCLE008_CHECKPOINT,"109 Kaho(CH0107): professional publicity-goods explanation and personal gift effort coexist. Named collective crafts, care in handling, near-drop report and JP holding/KR handing U32 are specific work evidence. Early publicity goods cannot be silently merged with the later personal chocolate. U41 reports completed personal making; self-assessed insincerity/lying is not a certified misconduct or clinical verdict. Formal reassurance, inward understanding, relief at proper giving U51 and terminal kindness/sweetness U53 are positive. Exact romantic meaning and reciprocal feelings remain unestablished.",series/blue-archive/02 Sequential Readings/EVENTS/EVENT_834/BLUE_ARCHIVE_EVENT_834_CONTEXTUALIZATION_CHECKPOINT.md,"{'owner_route_key': '834', 'line': 191}",EXPLICIT_CURRENT_PACKAGE_OR_EPISODE_MAP
BA:event:834:110,CORE,ordinary repertoire; recipient agency/contrary endpoint; relations/care; institution/work; provenance/identity/modes,ADMITTED_WITH_LIMITS_CYCLE008; QUALIFIED_CONTENT_COMPLETE; PUBLICATION_STATUS_IN_CYCLE008_CHECKPOINT,"110 Kanna(CH0170): concern, ordinary report drafting, unfinished expenditure/shop-damage account and colleague patrol attention expand her repertoire beyond force. Exact榴弾/유탄 wording does not certify a weapon/cause. Work-related forgetting is not incompetence. Coffee offer/provision U20–23 and narrated drinking/enjoyment/work resumption U33 are achieved hospitality. Prior-beans reference belongs explicitly toKR U29, not U22. Tentative scent and coffee knowledge are perception/testimony, not chemistry; emotion-mixed metaphor U31 is qualified warmth, not ingredient/confession. JP mutual/KR directed encouragement U32 differs.",series/blue-archive/02 Sequential Readings/EVENTS/EVENT_834/BLUE_ARCHIVE_EVENT_834_CONTEXTUALIZATION_CHECKPOINT.md,"{'owner_route_key': '834', 'line': 193}",EXPLICIT_CURRENT_PACKAGE_OR_EPISODE_MAP
BA:event:834:111,CORE,ordinary repertoire; relations/care; provenance/identity/modes,ADMITTED_WITH_LIMITS_CYCLE008; QUALIFIED_CONTENT_COMPLETE; PUBLICATION_STATUS_IN_CYCLE008_CHECKPOINT,"111 Renge(CH0224): youth values, self-demanding ambition, calls, apologies, descending self-estimates and learning testimony retain intrinsic value. Estimates are not calibrated manufacture measurements. Unknown character-narration U54 remains person-empty despite raw Renge association. Discouragement/weak-cooking self-appraisal coexists with renewed request and narrator-supported joint making; it is not universal incapacity. U80 reports completion before day change; U86 achieves warm/deliciousJP or warm/sweetKR joint-made taste. The exact U2/U11/U71/U72 address shifts stay at their rows. Handover/ownership, recipe and durable psychological effect are open.",series/blue-archive/02 Sequential Readings/EVENTS/EVENT_834/BLUE_ARCHIVE_EVENT_834_CONTEXTUALIZATION_CHECKPOINT.md,"{'owner_route_key': '834', 'line': 195}",EXPLICIT_CURRENT_PACKAGE_OR_EPISODE_MAP
BA:event:834:112,CORE,ordinary repertoire; relations/care; institution/work; provenance/identity/modes,ADMITTED_WITH_LIMITS_CYCLE008; QUALIFIED_CONTENT_COMPLETE; PUBLICATION_STATUS_IN_CYCLE008_CHECKPOINT,"112 Kikyou(CH0225): reciprocal concern for Teacher's strain, calling, meeting, performed district craft/contest/haiku help U28–32, attributed praise and enjoyment are substantive work/company. U40 resident-native/raw Kikyou seam remains. A4 impressions request U110 is ten pagesJP/approximately tenKR, not a delivered report.",series/blue-archive/02 Sequential Readings/EVENTS/EVENT_834/BLUE_ARCHIVE_EVENT_834_CONTEXTUALIZATION_CHECKPOINT.md,"{'owner_route_key': '834', 'line': 197}",EXPLICIT_CURRENT_PACKAGE_OR_EPISODE_MAP
BA:event:834:113,CORE,ordinary repertoire; recipient agency/contrary endpoint; relations/care; institution/work; provenance/identity/modes,ADMITTED_WITH_LIMITS_CYCLE008; QUALIFIED_CONTENT_COMPLETE; PUBLICATION_STATUS_IN_CYCLE008_CHECKPOINT,"113 Yukari(CH0161): household snack memories, learning, courtesy, comic dress presentation, ritual preparation and successful acquisition are ordinary care. U11 acknowledges unknown originator, not a question to Teacher. Achieved next-day travel is independent of unprintedJP follow-up. JP before-dawn/KR dawn preparation differs; claimed benefits are not fulfilled health/fortune. One person articulates family/club roles, not split identities. KR amulet handover testimony U42, successful snack acquisition U45, recognition and joyful eating assent U51 are positive. The ending contains willingness, not narrated eating/taste or ritual efficacy.",series/blue-archive/02 Sequential Readings/EVENTS/EVENT_834/BLUE_ARCHIVE_EVENT_834_CONTEXTUALIZATION_CHECKPOINT.md,"{'owner_route_key': '834', 'line': 199}",EXPLICIT_CURRENT_PACKAGE_OR_EPISODE_MAP
BA:event:834:114,CORE,ordinary repertoire; recipient agency/contrary endpoint; institution/work; provenance/identity/modes,ADMITTED_WITH_LIMITS_CYCLE008; QUALIFIED_CONTENT_COMPLETE; PUBLICATION_STATUS_IN_CYCLE008_CHECKPOINT,"114 Ibuki(CH0077): quiz/play, handmade gift report and preference are intrinsic. U18 internally represents another bite, not a decoded ingestion cue. Initial refusal U21, reported premeal senior warning and voiced recipient boundary are not erased by later assent. JP number-unmarked senior/KR plural remains unnamed, not certified school policy. Secret-small-snack persuasion and negotiation retain contrary ethical pressure. U35 independently narrates shared pudding(JP secretly/KR tasting together); this is stronger than113's invitation/assent. Spoon retrieval, dinner, appetite consequence and lasting secrecy are unknown, not failed.",series/blue-archive/02 Sequential Readings/EVENTS/EVENT_834/BLUE_ARCHIVE_EVENT_834_CONTEXTUALIZATION_CHECKPOINT.md,"{'owner_route_key': '834', 'line': 201}",EXPLICIT_CURRENT_PACKAGE_OR_EPISODE_MAP
BA:event:834:115,CORE,ordinary repertoire; recipient agency/contrary endpoint; relations/care; institution/work; provenance/identity/modes,ADMITTED_WITH_LIMITS_CYCLE008; QUALIFIED_CONTENT_COMPLETE; PUBLICATION_STATUS_IN_CYCLE008_CHECKPOINT,"115 Mika(CH0069): invitation/anticipation, reported help for an unnamed unwell girl, appearance concern, craft constraints and preference for a familiar cake deserve full weight. JP 14th/KR several-days-later timing differs. Her explicit no-approach request and waiting-next-door compliance are positive boundaries despite reassurance. Completed making is testimony; surprise disappointment does not erase effort. A familiar roll-cake choice is practical preference, not permanent aversion. Schedule/room explanations are offered alternatives, not omniscience. Local encouragement and pleased attention close positively, while consumption/taste, total relief and future improvement remain unshown.",series/blue-archive/02 Sequential Readings/EVENTS/EVENT_834/BLUE_ARCHIVE_EVENT_834_CONTEXTUALIZATION_CHECKPOINT.md,"{'owner_route_key': '834', 'line': 203}",EXPLICIT_CURRENT_PACKAGE_OR_EPISODE_MAP
BA:event:834:116,CORE,ordinary repertoire; recipient agency/contrary endpoint,ADMITTED_WITH_LIMITS_CYCLE008; QUALIFIED_CONTENT_COMPLETE; PUBLICATION_STATUS_IN_CYCLE008_CHECKPOINT,"116 Makoto(CH0079): enjoyment ideology, personal design effort, hall/fountain preparation and humor are eligible alongside recipient mixed gratitude/burden. Annual gifts are testimony; JP caveat denies usual personal preparation. Individual future attractions, clothing change, repair, injury absence and home return remain unknown.",series/blue-archive/02 Sequential Readings/EVENTS/EVENT_834/BLUE_ARCHIVE_EVENT_834_CONTEXTUALIZATION_CHECKPOINT.md,"{'owner_route_key': '834', 'line': 205}",EXPLICIT_CURRENT_PACKAGE_OR_EPISODE_MAP
BA:event:835:001,CORE,relations/care; provenance/identity/modes,ADMITTED_WITH_LIMITS_CYCLE008; QUALIFIED_CONTENT_COMPLETE; PUBLICATION_STATUS_IN_CYCLE008_CHECKPOINT,"The opening gives Kaho and Chise quiet poetic company rather than a threat briefing. The koi poem and reflected ripples in001:u0007–0009 offer a pleasing small observation; figurative stopped time does not establish a frozen clock or world peace. The video marker is written metadata, not viewed performance.",series/blue-archive/02 Sequential Readings/EVENTS/EVENT_835/BLUE_ARCHIVE_EVENT_835_CONTEXTUALIZATION_CHECKPOINT.md,"{'owner_route_key': '835', 'line': 73}",EXPLICIT_CURRENT_PACKAGE_OR_EPISODE_MAP
BA:event:835:002,CORE,ordinary repertoire; recipient agency/contrary endpoint; institution/work; provenance/identity/modes,ADMITTED_WITH_LIMITS_CYCLE008; QUALIFIED_CONTENT_COMPLETE; PUBLICATION_STATUS_IN_CYCLE008_CHECKPOINT,"Niya's roulette allocates the work to the festival committee in002:u0005–0019. Its fairness is her claim and is doubted, not an audited allocation. Shizuko's Trinity business trip is reported, not proof that she normally abandons the committee. Umika is frightened by her first large assignment and is offered a way to refuse, but chooses to take responsibility (002:u0025–0034). Her wish to make the whole trip a festival emerges before the Teacher arrives. Fina worries about budget and memorable experiences, proposes an immersive film-village visit, and accepts that it does not fit this trip. Her enthusiasm is not an automatic institutional solution.",series/blue-archive/02 Sequential Readings/EVENTS/EVENT_835/BLUE_ARCHIVE_EVENT_835_CONTEXTUALIZATION_CHECKPOINT.md,"{'owner_route_key': '835', 'line': 75}",EXPLICIT_CURRENT_PACKAGE_OR_EPISODE_MAP
BA:event:835:003,CORE,ordinary repertoire; recipient agency/contrary endpoint; provenance/identity/modes,ADMITTED_WITH_LIMITS_CYCLE008; QUALIFIED_CONTENT_COMPLETE; PUBLICATION_STATUS_IN_CYCLE008_CHECKPOINT,"003 contrasts Makoto's self-celebration with sleeping or unruly listeners. Chiaki wants to photograph Ibuki at the centre; Makoto agrees to be at the edge if Ibuki looks good (003:u0022–0027). Iroha leads Ibuki by the hand. These are local caring choices, not a general acquittal of Pandemonium's political conduct. Erika and Kirara want tourism, rest and lunch. Erika declines joining the lunch fight to preserve her hair (003:u0087–0100); that small refusal is intrinsically meaningful, not expendable for lack of plot stakes.",series/blue-archive/02 Sequential Readings/EVENTS/EVENT_835/BLUE_ARCHIVE_EVENT_835_CONTEXTUALIZATION_CHECKPOINT.md,"{'owner_route_key': '835', 'line': 81}",EXPLICIT_CURRENT_PACKAGE_OR_EPISODE_MAP
BA:event:835:004,CORE,ordinary repertoire; relations/care; institution/work,ADMITTED_WITH_LIMITS_CYCLE008; QUALIFIED_CONTENT_COMPLETE; PUBLICATION_STATUS_IN_CYCLE008_CHECKPOINT,"u0003–0028 gives actual scenic pleasure, a completed shared photograph, offered contact exchange and Kaede's pleased response to recognition. Erika explicitly offers a way to say if Kirara's proximity becomes difficult. Her private thanks for rescheduling the sacred-tree festival (004:u0034), later echoed by Arata, explains the timing without making the tree a speaking authority.",series/blue-archive/02 Sequential Readings/EVENTS/EVENT_835/BLUE_ARCHIVE_EVENT_835_CONTEXTUALIZATION_CHECKPOINT.md,"{'owner_route_key': '835', 'line': 85}",EXPLICIT_CURRENT_PACKAGE_OR_EPISODE_MAP
BA:event:835:005,CORE,ordinary repertoire; recipient agency/contrary endpoint; institution/work; provenance/identity/modes,ADMITTED_WITH_LIMITS_CYCLE008; QUALIFIED_CONTENT_COMPLETE; PUBLICATION_STATUS_IN_CYCLE008_CHECKPOINT,005 begins with actual clay craft and surprising forms. The artisan's openness to cultural mixture (005:u0015–0023) is not consent to explosives or engineering proof that all introduced material is safe. Meg's vanished-water interpretation is still not established cause.,series/blue-archive/02 Sequential Readings/EVENTS/EVENT_835/BLUE_ARCHIVE_EVENT_835_CONTEXTUALIZATION_CHECKPOINT.md,"{'owner_route_key': '835', 'line': 91}",EXPLICIT_CURRENT_PACKAGE_OR_EPISODE_MAP
BA:event:835:006,HIGH,ordinary repertoire; relations/care; institution/work,ADMITTED_WITH_LIMITS_CYCLE008; QUALIFIED_CONTENT_COMPLETE; PUBLICATION_STATUS_IN_CYCLE008_CHECKPOINT,"u0007–0022 matters especially for non-crisis characterisation. Umika thanks the visitors while worried she has burdened customers. Kirara calls them friends, Erika checks whether the closeness is exhausting, and Umika answers that it makes her happy. A friendship handshake is accepted; Kaede asks to join and Fina names shared hardship as friendship. Their pleasure has direct evidential status. Umika's private thirty-four-minute delay anxiety remains at the ending, so social success has not repaired the timetable.",series/blue-archive/02 Sequential Readings/EVENTS/EVENT_835/BLUE_ARCHIVE_EVENT_835_CONTEXTUALIZATION_CHECKPOINT.md,"{'owner_route_key': '835', 'line': 93}",EXPLICIT_CURRENT_PACKAGE_OR_EPISODE_MAP
BA:event:835:007,CORE,ordinary repertoire,ADMITTED_WITH_LIMITS_CYCLE008; QUALIFIED_CONTENT_COMPLETE; PUBLICATION_STATUS_IN_CYCLE008_CHECKPOINT,"007 preserves the Gourmet Research Society's desire for active discovery, varied taste and food experimentation. Haruna appreciates the provided meal but rejects treating it as the whole of gastronomy. The escape is not capture or a completed licensing remedy.",series/blue-archive/02 Sequential Readings/EVENTS/EVENT_835/BLUE_ARCHIVE_EVENT_835_CONTEXTUALIZATION_CHECKPOINT.md,"{'owner_route_key': '835', 'line': 95}",EXPLICIT_CURRENT_PACKAGE_OR_EPISODE_MAP
BA:event:835:008,HIGH,ordinary repertoire; recipient agency/contrary endpoint,ADMITTED_WITH_LIMITS_CYCLE008; QUALIFIED_CONTENT_COMPLETE; PUBLICATION_STATUS_IN_CYCLE008_CHECKPOINT,"A local concession is obtained after the unlicensed Gourmet-food dispute, but the stall disappears before inquiry and the host timetable worsens. The brief continuation preserves practical success beside failed capture/licensing repair; it is distinctive contextual evidence rather than an exemption from coverage.",series/blue-archive/02 Sequential Readings/EVENTS/EVENT_835/BLUE_ARCHIVE_EVENT_835_CONTEXTUALIZATION_CHECKPOINT.md,"{'owner_route_key': '835', 'line': 95}",EXPLICIT_CURRENT_PACKAGE_OR_EPISODE_MAP
BA:event:835:009,CORE,ordinary repertoire; institution/work,ADMITTED_WITH_LIMITS_CYCLE008; QUALIFIED_CONTENT_COMPLETE; PUBLICATION_STATUS_IN_CYCLE008_CHECKPOINT,"009 contrasts the guides' late work and sore backs with the wanted thrill of a test of courage. Umika's festival definition is hers: many people cooperate to make surprise, laughter and memory. Satsuki's hypnosis is proposed without a successful effect.",series/blue-archive/02 Sequential Readings/EVENTS/EVENT_835/BLUE_ARCHIVE_EVENT_835_CONTEXTUALIZATION_CHECKPOINT.md,"{'owner_route_key': '835', 'line': 99}",EXPLICIT_CURRENT_PACKAGE_OR_EPISODE_MAP
BA:event:835:010,HIGH,provenance/identity/modes,ADMITTED_WITH_LIMITS_CYCLE008; QUALIFIED_CONTENT_COMPLETE; PUBLICATION_STATUS_IN_CYCLE008_CHECKPOINT,"010 shows the target still moving after the first response. Iroha's contemplated escalation is stopped when Umika asks the group to retreat. A ghost photograph is requested and a posed “cheese” moment follows, not evidence that a paranormal identity has been authenticated.",series/blue-archive/02 Sequential Readings/EVENTS/EVENT_835/BLUE_ARCHIVE_EVENT_835_CONTEXTUALIZATION_CHECKPOINT.md,"{'owner_route_key': '835', 'line': 101}",EXPLICIT_CURRENT_PACKAGE_OR_EPISODE_MAP
BA:event:835:011,CORE,ordinary repertoire; relations/care; institution/work; provenance/identity/modes,ADMITTED_WITH_LIMITS_CYCLE008; QUALIFIED_CONTENT_COMPLETE; PUBLICATION_STATUS_IN_CYCLE008_CHECKPOINT,"u0001–0040 provides the troupe's own account: polished floor, moving craft, strange food and courage-course interventions were their sabotage. Arata's retreat and her claim that she protects the traditional festival coexist with subordinates who enjoy some of those very experiences and want to see Chise. Their disagreement matters. Arata alleges the sacred tree is unhappy; subordinates imagine it happy to see people gather. Neither view establishes the tree's mental state. Arata is challenged that her intended protection itself disrupts the festival. She answers that some damage should be acceptable; the account does not endorse her answer.",series/blue-archive/02 Sequential Readings/EVENTS/EVENT_835/BLUE_ARCHIVE_EVENT_835_CONTEXTUALIZATION_CHECKPOINT.md,"{'owner_route_key': '835', 'line': 103}",EXPLICIT_CURRENT_PACKAGE_OR_EPISODE_MAP
BA:event:835:012,CORE,ordinary repertoire; relations/care; institution/work; provenance/identity/modes,ADMITTED_WITH_LIMITS_CYCLE008; QUALIFIED_CONTENT_COMPLETE; PUBLICATION_STATUS_IN_CYCLE008_CHECKPOINT,"012 presents a shortened sacred-tree ceremony. The lore about harvest, luck, music, petals and gohei is explicitly reported tradition; Kaede even leaves causation uncertain (012:u0045–0046). The selected text prints Chise's ritual verses and her ascent, not verified vocals, music or choreography quality. Umika has moved the fireworks early to recover lost time (012:u0020–0024). This apparently helpful choice becomes a physical vulnerability. Gehenna visitors speculate wildly about bad luck and throw an incendiary grenade; their ignorance of a school anthem does not prove no anthem exists. Arata interrupts the ceremony before the expected dance (012:u0058–0062).",series/blue-archive/02 Sequential Readings/EVENTS/EVENT_835/BLUE_ARCHIVE_EVENT_835_CONTEXTUALIZATION_CHECKPOINT.md,"{'owner_route_key': '835', 'line': 109}",EXPLICIT_CURRENT_PACKAGE_OR_EPISODE_MAP
BA:event:835:013,CORE,institution/work; provenance/identity/modes,ADMITTED_WITH_LIMITS_CYCLE008; QUALIFIED_CONTENT_COMPLETE; PUBLICATION_STATUS_IN_CYCLE008_CHECKPOINT,"013 gives the exact sabotage threat: launch the nighttime fireworks in daylight. It is not a threat to extinguish all culture or proven intent to kill. The printed chain does not uniquely identify whose bullet first lit the bundle, and Fina's reassurance that a small fire cannot launch the enormous fireworks is immediately undermined by the escalation.",series/blue-archive/02 Sequential Readings/EVENTS/EVENT_835/BLUE_ARCHIVE_EVENT_835_CONTEXTUALIZATION_CHECKPOINT.md,"{'owner_route_key': '835', 'line': 111}",EXPLICIT_CURRENT_PACKAGE_OR_EPISODE_MAP
BA:event:835:014,HIGH,ordinary repertoire; recipient agency/contrary endpoint,ADMITTED_WITH_LIMITS_CYCLE008; QUALIFIED_CONTENT_COMPLETE; PUBLICATION_STATUS_IN_CYCLE008_CHECKPOINT,"Ignition is explicitly attributed to fighting; a late participant distracted by tasty food arrives with a burning warhead. The exact first igniting bullet is not uniquely identified, and Fina’s small-fire reassurance fails. This necessary causal continuation qualifies blame without certifying harmless play.",series/blue-archive/02 Sequential Readings/EVENTS/EVENT_835/BLUE_ARCHIVE_EVENT_835_CONTEXTUALIZATION_CHECKPOINT.md,"{'owner_route_key': '835', 'line': 111}",EXPLICIT_CURRENT_PACKAGE_OR_EPISODE_MAP
BA:event:835:015,CORE,institution/work; provenance/identity/modes,ADMITTED_WITH_LIMITS_CYCLE008; QUALIFIED_CONTENT_COMPLETE; PUBLICATION_STATUS_IN_CYCLE008_CHECKPOINT,"u0001–0037 shows actual daytime launch, dangerous heat, inaccessible fireworks and risk to the buildings and Chise. Chise finds the sight beautiful; that observation does not cancel the fire. Arata denies wanting this result. Umika cries and attributes everything to herself, imagining Shizuko would have prevented it. That is distressed counterfactual self-blame, not omniscient proof that every cause was hers or that Shizuko is flawless. Her real early relocation is retained alongside sabotage, fighting, the late arrival and the adult's supervisory limits.",series/blue-archive/02 Sequential Readings/EVENTS/EVENT_835/BLUE_ARCHIVE_EVENT_835_CONTEXTUALIZATION_CHECKPOINT.md,"{'owner_route_key': '835', 'line': 113}",EXPLICIT_CURRENT_PACKAGE_OR_EPISODE_MAP
BA:event:835:016,CORE,ordinary repertoire; recipient agency/contrary endpoint; relations/care; provenance/identity/modes,ADMITTED_WITH_LIMITS_CYCLE008; QUALIFIED_CONTENT_COMPLETE; PUBLICATION_STATUS_IN_CYCLE008_CHECKPOINT,"u0001–0009 has Niya say she expected some disorder but got more than expected. She admits arranging things for amusement, deflects the Teacher's suggestion of deliberate care and accepts the convenient explanation. This leaves room for inference that meeting placement helped while withholding confirmation of an all-controlling plan. The troupe is actually cleaning under threat of a larger area; their participation in firefighting has not erased accountability (016:u0010–0028). Complaints that punishment is unfair are theirs. Their renewed distractions, enjoyment of the procession/sumo and Arata's future threat remain; no durable rehabilitation or total completed cleanup is claimed.",series/blue-archive/02 Sequential Readings/EVENTS/EVENT_835/BLUE_ARCHIVE_EVENT_835_CONTEXTUALIZATION_CHECKPOINT.md,"{'owner_route_key': '835', 'line': 121}",EXPLICIT_CURRENT_PACKAGE_OR_EPISODE_MAP
BA:event:836:001,HIGH,recipient agency/contrary endpoint; relations/care; provenance/identity/modes,ADMITTED_WITH_LIMITS_CYCLE008; QUALIFIED_CONTENT_COMPLETE; PUBLICATION_STATUS_IN_CYCLE008_CHECKPOINT,"002 initially grounds adult help in a failure of receiving. The story of a queen dying after fourteen portions is a reported legend; Natsu's inference that a TeaParty event would not offer a fake is a character judgment, not an independently certified culinary history.",series/blue-archive/02 Sequential Readings/EVENTS/EVENT_836/BLUE_ARCHIVE_EVENT_836_CONTEXTUALIZATION_CHECKPOINT.md,"{'owner_route_key': '836', 'line': 150}",EXPLICIT_CURRENT_PACKAGE_OR_EPISODE_MAP
BA:event:836:002,CORE,recipient agency/contrary endpoint; relations/care; provenance/identity/modes,ADMITTED_WITH_LIMITS_CYCLE008; QUALIFIED_CONTENT_COMPLETE; PUBLICATION_STATUS_IN_CYCLE008_CHECKPOINT,"002 initially grounds adult help in a failure of receiving. The story of a queen dying after fourteen portions is a reported legend; Natsu's inference that a TeaParty event would not offer a fake is a character judgment, not an independently certified culinary history.",series/blue-archive/02 Sequential Readings/EVENTS/EVENT_836/BLUE_ARCHIVE_EVENT_836_CONTEXTUALIZATION_CHECKPOINT.md,"{'owner_route_key': '836', 'line': 150}",EXPLICIT_CURRENT_PACKAGE_OR_EPISODE_MAP
BA:event:836:003,CORE,recipient agency/contrary endpoint; relations/care; provenance/identity/modes,ADMITTED_WITH_LIMITS_CYCLE008; QUALIFIED_CONTENT_COMPLETE; PUBLICATION_STATUS_IN_CYCLE008_CHECKPOINT,"002 initially grounds adult help in a failure of receiving. The story of a queen dying after fourteen portions is a reported legend; Natsu's inference that a TeaParty event would not offer a fake is a character judgment, not an independently certified culinary history.",series/blue-archive/02 Sequential Readings/EVENTS/EVENT_836/BLUE_ARCHIVE_EVENT_836_CONTEXTUALIZATION_CHECKPOINT.md,"{'owner_route_key': '836', 'line': 150}",EXPLICIT_CURRENT_PACKAGE_OR_EPISODE_MAP
BA:event:836:004,CORE,ordinary repertoire; recipient agency/contrary endpoint; relations/care; provenance/identity/modes,ADMITTED_WITH_LIMITS_CYCLE008; QUALIFIED_CONTENT_COMPLETE; PUBLICATION_STATUS_IN_CYCLE008_CHECKPOINT,"004's search actually takes them until the sky brightens (s1u0034–0045). The musician's possible location is uncertain, and Airi worries about consuming teacher's time. Tsumugi is actually found; her princess/spy/heroine language explicitly trades in emotion and mood rather than proving those identities (u0050–0084). Airi asks for a song likely to receive approval, while Tsumugi declines to dictate another person's motive and warns that fearful music has no future (u0090–0118). This is a voiced artistic position and promise of help, not independent proof that anxiety precludes creativity.",series/blue-archive/02 Sequential Readings/EVENTS/EVENT_836/BLUE_ARCHIVE_EVENT_836_CONTEXTUALIZATION_CHECKPOINT.md,"{'owner_route_key': '836', 'line': 154}",EXPLICIT_CURRENT_PACKAGE_OR_EPISODE_MAP
BA:event:836:005,CORE,recipient agency/contrary endpoint; relations/care; provenance/identity/modes,ADMITTED_WITH_LIMITS_CYCLE008; QUALIFIED_CONTENT_COMPLETE; PUBLICATION_STATUS_IN_CYCLE008_CHECKPOINT,"002 initially grounds adult help in a failure of receiving. The story of a queen dying after fourteen portions is a reported legend; Natsu's inference that a TeaParty event would not offer a fake is a character judgment, not an independently certified culinary history.",series/blue-archive/02 Sequential Readings/EVENTS/EVENT_836/BLUE_ARCHIVE_EVENT_836_CONTEXTUALIZATION_CHECKPOINT.md,"{'owner_route_key': '836', 'line': 150}",EXPLICIT_CURRENT_PACKAGE_OR_EPISODE_MAP
BA:event:836:006,CORE,recipient agency/contrary endpoint,ADMITTED_WITH_LIMITS_CYCLE008; QUALIFIED_CONTENT_COMPLETE; PUBLICATION_STATUS_IN_CYCLE008_CHECKPOINT,006 preserves different distributions of knowledge. Kazusa repeatedly objects to the leap but eventually participates.,series/blue-archive/02 Sequential Readings/EVENTS/EVENT_836/BLUE_ARCHIVE_EVENT_836_CONTEXTUALIZATION_CHECKPOINT.md,"{'owner_route_key': '836', 'line': 162}",EXPLICIT_CURRENT_PACKAGE_OR_EPISODE_MAP
BA:event:836:007,CORE,ordinary repertoire; provenance/identity/modes,ADMITTED_WITH_LIMITS_CYCLE008; QUALIFIED_CONTENT_COMPLETE; PUBLICATION_STATUS_IN_CYCLE008_CHECKPOINT,003 exposes the costs of turning preferences into assigned roles. Reading her late visit as omniscient adult prediction would exceed the represented noticing/choice evidence.,series/blue-archive/02 Sequential Readings/EVENTS/EVENT_836/BLUE_ARCHIVE_EVENT_836_CONTEXTUALIZATION_CHECKPOINT.md,"{'owner_route_key': '836', 'line': 152}",EXPLICIT_CURRENT_PACKAGE_OR_EPISODE_MAP
BA:event:836:008,CORE,ordinary repertoire; provenance/identity/modes,ADMITTED_WITH_LIMITS_CYCLE008; QUALIFIED_CONTENT_COMPLETE; PUBLICATION_STATUS_IN_CYCLE008_CHECKPOINT,003 exposes the costs of turning preferences into assigned roles. Reading her late visit as omniscient adult prediction would exceed the represented noticing/choice evidence.,series/blue-archive/02 Sequential Readings/EVENTS/EVENT_836/BLUE_ARCHIVE_EVENT_836_CONTEXTUALIZATION_CHECKPOINT.md,"{'owner_route_key': '836', 'line': 152}",EXPLICIT_CURRENT_PACKAGE_OR_EPISODE_MAP
BA:event:836:009,CORE,ordinary repertoire; recipient agency/contrary endpoint; relations/care; provenance/identity/modes,ADMITTED_WITH_LIMITS_CYCLE008; QUALIFIED_CONTENT_COMPLETE; PUBLICATION_STATUS_IN_CYCLE008_CHECKPOINT,"004's search actually takes them until the sky brightens (s1u0034–0045). The musician's possible location is uncertain, and Airi worries about consuming teacher's time. Tsumugi is actually found; her princess/spy/heroine language explicitly trades in emotion and mood rather than proving those identities (u0050–0084). Airi asks for a song likely to receive approval, while Tsumugi declines to dictate another person's motive and warns that fearful music has no future (u0090–0118). This is a voiced artistic position and promise of help, not independent proof that anxiety precludes creativity.",series/blue-archive/02 Sequential Readings/EVENTS/EVENT_836/BLUE_ARCHIVE_EVENT_836_CONTEXTUALIZATION_CHECKPOINT.md,"{'owner_route_key': '836', 'line': 154}",EXPLICIT_CURRENT_PACKAGE_OR_EPISODE_MAP
BA:event:836:010,SUPPORTING,provenance/identity/modes; bounded textual framing,ADMITTED_WITH_LIMITS_CYCLE008; QUALIFIED_CONTENT_COMPLETE; PUBLICATION_STATUS_IN_CYCLE008_CHECKPOINT,"The selected untitled written object contains only #video;11005 (scene1u0001). Its complete textual metadata is secure context, while the AV remains unreceived. No winning result, additional lyrics/performance or the preceding episode’s agency/practice account is transferred into this object.",series/blue-archive/02 Sequential Readings/EVENTS/EVENT_836/BLUE_ARCHIVE_EVENT_836_CONTEXTUALIZATION_CHECKPOINT.md,"{'owner_route_key': '836', 'line': 176}",EXPLICIT_CURRENT_PACKAGE_OR_EPISODE_MAP
BA:event:836:011,HIGH,recipient agency/contrary endpoint; relations/care; provenance/identity/modes,ADMITTED_WITH_LIMITS_CYCLE008; QUALIFIED_CONTENT_COMPLETE; PUBLICATION_STATUS_IN_CYCLE008_CHECKPOINT,"002 initially grounds adult help in a failure of receiving. The story of a queen dying after fourteen portions is a reported legend; Natsu's inference that a TeaParty event would not offer a fake is a character judgment, not an independently certified culinary history.",series/blue-archive/02 Sequential Readings/EVENTS/EVENT_836/BLUE_ARCHIVE_EVENT_836_CONTEXTUALIZATION_CHECKPOINT.md,"{'owner_route_key': '836', 'line': 150}",EXPLICIT_CURRENT_PACKAGE_OR_EPISODE_MAP
BA:event:836:012,HIGH,ordinary repertoire; provenance/identity/modes,ADMITTED_WITH_LIMITS_CYCLE008; QUALIFIED_CONTENT_COMPLETE; PUBLICATION_STATUS_IN_CYCLE008_CHECKPOINT,003 exposes the costs of turning preferences into assigned roles. Reading her late visit as omniscient adult prediction would exceed the represented noticing/choice evidence.,series/blue-archive/02 Sequential Readings/EVENTS/EVENT_836/BLUE_ARCHIVE_EVENT_836_CONTEXTUALIZATION_CHECKPOINT.md,"{'owner_route_key': '836', 'line': 152}",EXPLICIT_CURRENT_PACKAGE_OR_EPISODE_MAP
BA:event:836:013,HIGH,ordinary repertoire; relations/care,ADMITTED_WITH_LIMITS_CYCLE008; QUALIFIED_CONTENT_COMPLETE; PUBLICATION_STATUS_IN_CYCLE008_CHECKPOINT,"Seven days before, Airi moves from tentative optimism to wanting to do it with her friends, Kazusa joins the effort and Yoshimi notices changed participation (u0010–0019). Natsu's limited “rock” persona until the live/outfit ending and the joke about game limited-period voice do not furnish a real-world release or costume timeline.",series/blue-archive/02 Sequential Readings/EVENTS/EVENT_836/BLUE_ARCHIVE_EVENT_836_CONTEXTUALIZATION_CHECKPOINT.md,"{'owner_route_key': '836', 'line': 186}",EXPLICIT_CURRENT_EPISODE_MAP
BA:event:836:014,HIGH,ordinary repertoire,ADMITTED_WITH_LIMITS_CYCLE008; QUALIFIED_CONTENT_COMPLETE; PUBLICATION_STATUS_IN_CYCLE008_CHECKPOINT,"Six days before, theory is more painful than playing for Yoshimi/Kazusa; Airi proposes following foundations to address errors and Natsu accepts preceding learners' path (u0003–0014). Starting study is not final mastery.",series/blue-archive/02 Sequential Readings/EVENTS/EVENT_836/BLUE_ARCHIVE_EVENT_836_CONTEXTUALIZATION_CHECKPOINT.md,"{'owner_route_key': '836', 'line': 187}",EXPLICIT_CURRENT_EPISODE_MAP
BA:event:836:015,HIGH,relations/care; provenance/identity/modes,ADMITTED_WITH_LIMITS_CYCLE008; QUALIFIED_CONTENT_COMPLETE; PUBLICATION_STATUS_IN_CYCLE008_CHECKPOINT,"Five days before, Kazusa suggests partners to inspect posture; Yoshimi's local family chant グッパージャス draws laughter. Kazusa apologizes but calls another chant normal; Yoshimi insists on regional difference. Airi validates it, teasing continues and Yoshimi yields before the group chants the familiar version (u0004–0024). Comedy does not prove everyone was comfortable or independently verify a dialect geography.",series/blue-archive/02 Sequential Readings/EVENTS/EVENT_836/BLUE_ARCHIVE_EVENT_836_CONTEXTUALIZATION_CHECKPOINT.md,"{'owner_route_key': '836', 'line': 188}",EXPLICIT_CURRENT_EPISODE_MAP
BA:event:836:016,HIGH,ordinary repertoire; relations/care; institution/work; provenance/identity/modes,ADMITTED_WITH_LIMITS_CYCLE008; QUALIFIED_CONTENT_COMPLETE; PUBLICATION_STATUS_IN_CYCLE008_CHECKPOINT,"Five days before, Natsu calls her plan perfect but Yoshimi questions her authority. Kazusa recognizes she has monopolized the turn and gives Airi time to play; Airi asks for feedback (u0005–0018). Reciprocal practical attention is actual, not merely an adult claim that friends care.",series/blue-archive/02 Sequential Readings/EVENTS/EVENT_836/BLUE_ARCHIVE_EVENT_836_CONTEXTUALIZATION_CHECKPOINT.md,"{'owner_route_key': '836', 'line': 189}",EXPLICIT_CURRENT_EPISODE_MAP
BA:event:836:017,HIGH,ordinary repertoire; institution/work; provenance/identity/modes,ADMITTED_WITH_LIMITS_CYCLE008; QUALIFIED_CONTENT_COMPLETE; PUBLICATION_STATUS_IN_CYCLE008_CHECKPOINT,"Four days before, practice has displaced snacks; Natsu invokes club identity, Yoshimi questions the grand label and Kazusa recognizes their habitual eating. Airi proposes food together (u0002–0013). The scene prints the invitation, not completed consumption.",series/blue-archive/02 Sequential Readings/EVENTS/EVENT_836/BLUE_ARCHIVE_EVENT_836_CONTEXTUALIZATION_CHECKPOINT.md,"{'owner_route_key': '836', 'line': 190}",EXPLICIT_CURRENT_EPISODE_MAP
BA:event:836:018,HIGH,recipient agency/contrary endpoint,ADMITTED_WITH_LIMITS_CYCLE008; QUALIFIED_CONTENT_COMPLETE; PUBLICATION_STATUS_IN_CYCLE008_CHECKPOINT,"Three days before, shoulder pain/fatigue and the burden of fixed posture are voiced; Kazusa's endurance differs from Yoshimi's, while the rejected Cath Palug name recurs (u0004–0016). Freedom-of-expression rhetoric is Natsu's answer, not a rule overriding Kazusa's refusal. No medical cure or new assault is narrated.",series/blue-archive/02 Sequential Readings/EVENTS/EVENT_836/BLUE_ARCHIVE_EVENT_836_CONTEXTUALIZATION_CHECKPOINT.md,"{'owner_route_key': '836', 'line': 191}",EXPLICIT_CURRENT_EPISODE_MAP
BA:event:836:019,HIGH,ordinary repertoire,ADMITTED_WITH_LIMITS_CYCLE008; QUALIFIED_CONTENT_COMPLETE; PUBLICATION_STATUS_IN_CYCLE008_CHECKPOINT,"Two days before, a full run is proposed. Natsu values results and semla now, despite the account's intrinsic valuation of process and memory; her corpse rhetoric is not actual death (u0003–0013). Wanted result and wanted process can conflict without one being discarded.",series/blue-archive/02 Sequential Readings/EVENTS/EVENT_836/BLUE_ARCHIVE_EVENT_836_CONTEXTUALIZATION_CHECKPOINT.md,"{'owner_route_key': '836', 'line': 192}",EXPLICIT_CURRENT_EPISODE_MAP
BA:event:836:020,CORE,ordinary repertoire; relations/care; institution/work,ADMITTED_WITH_LIMITS_CYCLE008; QUALIFIED_CONTENT_COMPLETE; PUBLICATION_STATUS_IN_CYCLE008_CHECKPOINT,"Two days before, Reisa's welcome is explicitly expanded beyond being Kazusa's friend. She feels she should leave because she is not a club member; Airi invites her even when Kazusa is absent and to rest/eat after vigilante work. Reisa accepts, and Kazusa returns with an actually purchased extra ice cream because she anticipated her (u0003–0024). “Sweets gang” blood-oath language is playful, not registry membership. Peer-authored hospitality is a substantial outcome independent of teacher's rescue.",series/blue-archive/02 Sequential Readings/EVENTS/EVENT_836/BLUE_ARCHIVE_EVENT_836_CONTEXTUALIZATION_CHECKPOINT.md,"{'owner_route_key': '836', 'line': 193}",EXPLICIT_CURRENT_EPISODE_MAP
BA:event:836:021,HIGH,source-specific local progression and endpoint,ADMITTED_WITH_LIMITS_CYCLE008; QUALIFIED_CONTENT_COMPLETE; PUBLICATION_STATUS_IN_CYCLE008_CHECKPOINT,"One day before, Natsu explicitly admits nobody knows what will happen at the real performance while resolving to pursue the prize (u0009–0015). This qualifies her perfect-plan assurance. Silence by other members is not an additional unanimous spoken promise.",series/blue-archive/02 Sequential Readings/EVENTS/EVENT_836/BLUE_ARCHIVE_EVENT_836_CONTEXTUALIZATION_CHECKPOINT.md,"{'owner_route_key': '836', 'line': 194}",EXPLICIT_CURRENT_EPISODE_MAP
BA:event:836:022,CORE,ordinary repertoire; recipient agency/contrary endpoint; relations/care; provenance/identity/modes,ADMITTED_WITH_LIMITS_CYCLE008; QUALIFIED_CONTENT_COMPLETE; PUBLICATION_STATUS_IN_CYCLE008_CHECKPOINT,"The object is explicitly “normal ending.” Airi finds their names in results and Kazusa confirms selection (u0009–0011); they plan legitimate prize collection (u0014–0020). Selection is printed at this branch. Collection and eating are prospective, not a narrated feast, exact revenue or permanent musical career.",series/blue-archive/02 Sequential Readings/EVENTS/EVENT_836/BLUE_ARCHIVE_EVENT_836_CONTEXTUALIZATION_CHECKPOINT.md,"{'owner_route_key': '836', 'line': 196}",EXPLICIT_CURRENT_EPISODE_MAP
BA:event:836:023,CORE,ordinary repertoire; recipient agency/contrary endpoint; provenance/identity/modes,ADMITTED_WITH_LIMITS_CYCLE008; QUALIFIED_CONTENT_COMPLETE; PUBLICATION_STATUS_IN_CYCLE008_CHECKPOINT,"The object is explicitly “hidden ending.” Running from interview demands expresses mixed happiness and burden. Questions about band name/agency and praise for the performance are reported audience speech, not signed representation. Narration actually says they explain and are understood (u0012–0023). This branch adds successful explanation after unwanted attention; it is not automatically sequential with022.",series/blue-archive/02 Sequential Readings/EVENTS/EVENT_836/BLUE_ARCHIVE_EVENT_836_CONTEXTUALIZATION_CHECKPOINT.md,"{'owner_route_key': '836', 'line': 197}",EXPLICIT_CURRENT_EPISODE_MAP
BA:event:836:024,HIGH,ordinary repertoire; recipient agency/contrary endpoint; provenance/identity/modes,ADMITTED_WITH_LIMITS_CYCLE008; QUALIFIED_CONTENT_COMPLETE; PUBLICATION_STATUS_IN_CYCLE008_CHECKPOINT,"“Performance / competition1”: Yoshimi reports a finger cut, Kazusa has no bandages and Natsu says she used many. Rest is urged while competitive session invitations continue (u0001–0027). The old injury counts are peer reports, not a recaptured medical history; no treatment result is printed.",series/blue-archive/02 Sequential Readings/EVENTS/EVENT_836/BLUE_ARCHIVE_EVENT_836_CONTEXTUALIZATION_CHECKPOINT.md,"{'owner_route_key': '836', 'line': 199}",EXPLICIT_CURRENT_EPISODE_MAP
BA:event:836:025,HIGH,recipient agency/contrary endpoint; provenance/identity/modes,ADMITTED_WITH_LIMITS_CYCLE008; QUALIFIED_CONTENT_COMPLETE; PUBLICATION_STATUS_IN_CYCLE008_CHECKPOINT,"“Competition2”: all are breathless, including Airi pulled into the wave; they stop for today (u0001–0010). No secure competition winner or severe diagnosis is printed.",series/blue-archive/02 Sequential Readings/EVENTS/EVENT_836/BLUE_ARCHIVE_EVENT_836_CONTEXTUALIZATION_CHECKPOINT.md,"{'owner_route_key': '836', 'line': 200}",EXPLICIT_CURRENT_EPISODE_MAP
BA:event:836:026,HIGH,ordinary repertoire; relations/care; provenance/identity/modes,ADMITTED_WITH_LIMITS_CYCLE008; QUALIFIED_CONTENT_COMPLETE; PUBLICATION_STATUS_IN_CYCLE008_CHECKPOINT,"“Sense / cramming1”: Yoshimi and Kazusa feel textbook study helped, then propose finishing the book; Airi fetches materials and Natsu names a cramming plan (u0001–0019). Perceived benefit is actual testimony, not proof of completed mastery.",series/blue-archive/02 Sequential Readings/EVENTS/EVENT_836/BLUE_ARCHIVE_EVENT_836_CONTEXTUALIZATION_CHECKPOINT.md,"{'owner_route_key': '836', 'line': 201}",EXPLICIT_CURRENT_EPISODE_MAP
BA:event:836:027,HIGH,ordinary repertoire; recipient agency/contrary endpoint; relations/care,ADMITTED_WITH_LIMITS_CYCLE008; QUALIFIED_CONTENT_COMPLETE; PUBLICATION_STATUS_IN_CYCLE008_CHECKPOINT,"“Cramming2”: silence and groans mark the limited afterstate; Airi anticipated something like this but thanks everyone (u0001–0012). The source does not explicitly say all fell asleep, failed an exam or completed the whole text.",series/blue-archive/02 Sequential Readings/EVENTS/EVENT_836/BLUE_ARCHIVE_EVENT_836_CONTEXTUALIZATION_CHECKPOINT.md,"{'owner_route_key': '836', 'line': 202}",EXPLICIT_CURRENT_EPISODE_MAP
BA:event:836:028,HIGH,ordinary repertoire; institution/work,ADMITTED_WITH_LIMITS_CYCLE008; QUALIFIED_CONTENT_COMPLETE; PUBLICATION_STATUS_IN_CYCLE008_CHECKPOINT,"“Teamwork1”: better individual skills do not eliminate slight mistiming; Natsu proposes group gymnastics, surprising people already practicing together (u0005–0024). A bodily program is not automatically verified musical coordination.",series/blue-archive/02 Sequential Readings/EVENTS/EVENT_836/BLUE_ARCHIVE_EVENT_836_CONTEXTUALIZATION_CHECKPOINT.md,"{'owner_route_key': '836', 'line': 203}",EXPLICIT_CURRENT_EPISODE_MAP
BA:event:836:029,HIGH,institution/work,ADMITTED_WITH_LIMITS_CYCLE008; QUALIFIED_CONTENT_COMPLETE; PUBLICATION_STATUS_IN_CYCLE008_CHECKPOINT,"“Teamwork2”: Kazusa thinks enough is enough, Airi wants another try and Yoshimi directs concentration. They declare a completed maneuver and celebrate, while Kazusa still asks why they are doing it (u0001–0022). Practical completion and loss of purpose coexist.",series/blue-archive/02 Sequential Readings/EVENTS/EVENT_836/BLUE_ARCHIVE_EVENT_836_CONTEXTUALIZATION_CHECKPOINT.md,"{'owner_route_key': '836', 'line': 204}",EXPLICIT_CURRENT_EPISODE_MAP
BA:event:836:030,HIGH,ordinary repertoire; provenance/identity/modes,ADMITTED_WITH_LIMITS_CYCLE008; QUALIFIED_CONTENT_COMPLETE; PUBLICATION_STATUS_IN_CYCLE008_CHECKPOINT,"“Condition1”: Kazusa finds exhausted peers, recognizes hard practice and actually has bought sweets to offer; their enthusiasm leads her to a motivation idea (u0002–0023). Food does not prove clinical recovery.",series/blue-archive/02 Sequential Readings/EVENTS/EVENT_836/BLUE_ARCHIVE_EVENT_836_CONTEXTUALIZATION_CHECKPOINT.md,"{'owner_route_key': '836', 'line': 205}",EXPLICIT_CURRENT_EPISODE_MAP
BA:event:836:031,HIGH,institution/work,ADMITTED_WITH_LIMITS_CYCLE008; QUALIFIED_CONTENT_COMPLETE; PUBLICATION_STATUS_IN_CYCLE008_CHECKPOINT,“Condition2”: the group actually performs semla call-and-response. Yoshimi feels it works; Natsu calls it a kind of hypnosis and Airi accepts renewed motivation (u0002–0017). The title/analogy is not verified mental control or biomedical efficacy.,series/blue-archive/02 Sequential Readings/EVENTS/EVENT_836/BLUE_ARCHIVE_EVENT_836_CONTEXTUALIZATION_CHECKPOINT.md,"{'owner_route_key': '836', 'line': 206}",EXPLICIT_CURRENT_EPISODE_MAP
BA:event:836:032,HIGH,institution/work; provenance/identity/modes,ADMITTED_WITH_LIMITS_CYCLE008; QUALIFIED_CONTENT_COMPLETE; PUBLICATION_STATUS_IN_CYCLE008_CHECKPOINT,#Y-01: Yoshimi wants instrumental skill as a distinction beyond ordinary school life; peers tease boasting and Airi reflects on herself (u0002–0007). Ordinary personhood has not been proved inadequate.,series/blue-archive/02 Sequential Readings/EVENTS/EVENT_836/BLUE_ARCHIVE_EVENT_836_CONTEXTUALIZATION_CHECKPOINT.md,"{'owner_route_key': '836', 'line': 208}",EXPLICIT_CURRENT_EPISODE_MAP
BA:event:836:033,HIGH,ordinary repertoire,ADMITTED_WITH_LIMITS_CYCLE008; QUALIFIED_CONTENT_COMPLETE; PUBLICATION_STATUS_IN_CYCLE008_CHECKPOINT,#Y-02: Yoshimi researched teeth-guitar playing but explicitly denies wanting to do it (u0002–0007). A question or stereotype is not an actual performance.,series/blue-archive/02 Sequential Readings/EVENTS/EVENT_836/BLUE_ARCHIVE_EVENT_836_CONTEXTUALIZATION_CHECKPOINT.md,"{'owner_route_key': '836', 'line': 209}",EXPLICIT_CURRENT_EPISODE_MAP
BA:event:836:034,HIGH,ordinary repertoire; provenance/identity/modes,ADMITTED_WITH_LIMITS_CYCLE008; QUALIFIED_CONTENT_COMPLETE; PUBLICATION_STATUS_IN_CYCLE008_CHECKPOINT,"#Y-03: frustrated playing leads to a sugar claim; peers question repeated eating and tease secrecy, anger persists and Airi tries to calm it (u0002–0008). No medically necessary sugar quantity is established.",series/blue-archive/02 Sequential Readings/EVENTS/EVENT_836/BLUE_ARCHIVE_EVENT_836_CONTEXTUALIZATION_CHECKPOINT.md,"{'owner_route_key': '836', 'line': 210}",EXPLICIT_CURRENT_EPISODE_MAP
BA:event:836:035,HIGH,source-specific local progression and endpoint,ADMITTED_WITH_LIMITS_CYCLE008; QUALIFIED_CONTENT_COMPLETE; PUBLICATION_STATUS_IN_CYCLE008_CHECKPOINT,"#Y-04: Yoshimi's shirts are actually being worn. Natsu proposes that Airi's cat comparison caused Kazusa's wearing; Kazusa denies it. Removing a shirt is proposed, not performed (u0002–0007).",series/blue-archive/02 Sequential Readings/EVENTS/EVENT_836/BLUE_ARCHIVE_EVENT_836_CONTEXTUALIZATION_CHECKPOINT.md,"{'owner_route_key': '836', 'line': 211}",EXPLICIT_CURRENT_EPISODE_MAP
BA:event:836:036,HIGH,provenance/identity/modes,ADMITTED_WITH_LIMITS_CYCLE008; QUALIFIED_CONTENT_COMPLETE; PUBLICATION_STATUS_IN_CYCLE008_CHECKPOINT,"#K-01: Kazusa is surprised to sing in public, receives a band-image evaluation and asks that other images not be voiced (u0002–0006). Public participation does not accept all reputational labels.",series/blue-archive/02 Sequential Readings/EVENTS/EVENT_836/BLUE_ARCHIVE_EVENT_836_CONTEXTUALIZATION_CHECKPOINT.md,"{'owner_route_key': '836', 'line': 212}",EXPLICIT_CURRENT_EPISODE_MAP
BA:event:836:037,HIGH,provenance/identity/modes,ADMITTED_WITH_LIMITS_CYCLE008; QUALIFIED_CONTENT_COMPLETE; PUBLICATION_STATUS_IN_CYCLE008_CHECKPOINT,"#K-02: mask use receives curiosity, Natsu asks whether it is permissible to intrude, Yoshimi compliments suitability and a genuine blush makes the complimenter uncomfortable (u0002–0008). Mask motive is unprinted; attention affects both directions.",series/blue-archive/02 Sequential Readings/EVENTS/EVENT_836/BLUE_ARCHIVE_EVENT_836_CONTEXTUALIZATION_CHECKPOINT.md,"{'owner_route_key': '836', 'line': 213}",EXPLICIT_CURRENT_EPISODE_MAP
BA:event:836:038,HIGH,recipient agency/contrary endpoint,ADMITTED_WITH_LIMITS_CYCLE008; QUALIFIED_CONTENT_COMPLETE; PUBLICATION_STATUS_IN_CYCLE008_CHECKPOINT,"#K-03: heat and sweat persist despite the cooler; Kazusa says teacher must absolutely be told not to come (u0002–0006). It is a prospective boundary, not another completed intrusion.",series/blue-archive/02 Sequential Readings/EVENTS/EVENT_836/BLUE_ARCHIVE_EVENT_836_CONTEXTUALIZATION_CHECKPOINT.md,"{'owner_route_key': '836', 'line': 214}",EXPLICIT_CURRENT_EPISODE_MAP
BA:event:836:039,HIGH,source-specific local progression and endpoint,ADMITTED_WITH_LIMITS_CYCLE008; QUALIFIED_CONTENT_COMPLETE; PUBLICATION_STATUS_IN_CYCLE008_CHECKPOINT,#K-04: Kazusa likes the current singing but expects nerves; Natsu's stick show is funny yet seems insufficiently serious (u0002–0009). Progress is limited and mixed.,series/blue-archive/02 Sequential Readings/EVENTS/EVENT_836/BLUE_ARCHIVE_EVENT_836_CONTEXTUALIZATION_CHECKPOINT.md,"{'owner_route_key': '836', 'line': 215}",EXPLICIT_CURRENT_EPISODE_MAP
BA:event:836:040,CORE,recipient agency/contrary endpoint; relations/care,ADMITTED_WITH_LIMITS_CYCLE008; QUALIFIED_CONTENT_COMPLETE; PUBLICATION_STATUS_IN_CYCLE008_CHECKPOINT,"#A-01: Airi wants to experiment amid unknowns and says she does not fear failure with her friends (u0002–0005). This is concrete contrary evidence to replacement-through-fear in007, not total future cure.",series/blue-archive/02 Sequential Readings/EVENTS/EVENT_836/BLUE_ARCHIVE_EVENT_836_CONTEXTUALIZATION_CHECKPOINT.md,"{'owner_route_key': '836', 'line': 216}",EXPLICIT_CURRENT_EPISODE_MAP
BA:event:836:041,HIGH,relations/care,ADMITTED_WITH_LIMITS_CYCLE008; QUALIFIED_CONTENT_COMPLETE; PUBLICATION_STATUS_IN_CYCLE008_CHECKPOINT,#A-02: Airi's energy/embarrassment produces a sound; Kazusa wrongly blames Natsu and Airi apologizes parenthetically without public correction (u0002–0007). Airi's preserved image has a peer cost.,series/blue-archive/02 Sequential Readings/EVENTS/EVENT_836/BLUE_ARCHIVE_EVENT_836_CONTEXTUALIZATION_CHECKPOINT.md,"{'owner_route_key': '836', 'line': 217}",EXPLICIT_CURRENT_EPISODE_MAP
BA:event:836:042,HIGH,ordinary repertoire; provenance/identity/modes,ADMITTED_WITH_LIMITS_CYCLE008; QUALIFIED_CONTENT_COMPLETE; PUBLICATION_STATUS_IN_CYCLE008_CHECKPOINT,#A-03: Airi hopes disappearing mint sweets mean converts; Yoshimi says Airi ate them herself (u0002–0004). Desired shared taste and the other person's report remain distinct.,series/blue-archive/02 Sequential Readings/EVENTS/EVENT_836/BLUE_ARCHIVE_EVENT_836_CONTEXTUALIZATION_CHECKPOINT.md,"{'owner_route_key': '836', 'line': 218}",EXPLICIT_CURRENT_EPISODE_MAP
BA:event:836:043,HIGH,recipient agency/contrary endpoint,ADMITTED_WITH_LIMITS_CYCLE008; QUALIFIED_CONTENT_COMPLETE; PUBLICATION_STATUS_IN_CYCLE008_CHECKPOINT,"#A-04: Airi considers making future occasions to see teacher, then questions her own emerging feelings (u0002–0005). No settled relationship follows.",series/blue-archive/02 Sequential Readings/EVENTS/EVENT_836/BLUE_ARCHIVE_EVENT_836_CONTEXTUALIZATION_CHECKPOINT.md,"{'owner_route_key': '836', 'line': 219}",EXPLICIT_CURRENT_EPISODE_MAP
BA:event:836:044,HIGH,provenance/identity/modes,ADMITTED_WITH_LIMITS_CYCLE008; QUALIFIED_CONTENT_COMPLETE; PUBLICATION_STATUS_IN_CYCLE008_CHECKPOINT,#N-01: Natsu declares stick-spinning success; Kazusa asks her not to do it publicly or with them (u0002–0006). Technical joy has audience limits.,series/blue-archive/02 Sequential Readings/EVENTS/EVENT_836/BLUE_ARCHIVE_EVENT_836_CONTEXTUALIZATION_CHECKPOINT.md,"{'owner_route_key': '836', 'line': 220}",EXPLICIT_CURRENT_EPISODE_MAP
BA:event:836:045,HIGH,ordinary repertoire; recipient agency/contrary endpoint,ADMITTED_WITH_LIMITS_CYCLE008; QUALIFIED_CONTENT_COMPLETE; PUBLICATION_STATUS_IN_CYCLE008_CHECKPOINT,#N-02: Natsu wants to create more occasions after enjoying a common goal; Yoshimi wants someone to stop her (u0002–0007). Enthusiasm is not unanimous consent to future plans.,series/blue-archive/02 Sequential Readings/EVENTS/EVENT_836/BLUE_ARCHIVE_EVENT_836_CONTEXTUALIZATION_CHECKPOINT.md,"{'owner_route_key': '836', 'line': 221}",EXPLICIT_CURRENT_EPISODE_MAP
BA:event:836:046,HIGH,ordinary repertoire,ADMITTED_WITH_LIMITS_CYCLE008; QUALIFIED_CONTENT_COMPLETE; PUBLICATION_STATUS_IN_CYCLE008_CHECKPOINT,"#N-03: Natsu merely wants to ask lunch preferences, while peers assume another odd idea (u0002–0007). Their shorthand can misread her ordinary consideration.",series/blue-archive/02 Sequential Readings/EVENTS/EVENT_836/BLUE_ARCHIVE_EVENT_836_CONTEXTUALIZATION_CHECKPOINT.md,"{'owner_route_key': '836', 'line': 222}",EXPLICIT_CURRENT_EPISODE_MAP
BA:event:836:047,CORE,provenance/identity/modes,ADMITTED_WITH_LIMITS_CYCLE008; QUALIFIED_CONTENT_COMPLETE; PUBLICATION_STATUS_IN_CYCLE008_CHECKPOINT,"#N-04: Natsu knows this time is temporary and considers photographs, then chooses some photographs plus inhabiting the moment so documentation will not displace daily life (u0002–0007). This is a stated balance, not proof photos were taken, shared or formally permitted.",series/blue-archive/02 Sequential Readings/EVENTS/EVENT_836/BLUE_ARCHIVE_EVENT_836_CONTEXTUALIZATION_CHECKPOINT.md,"{'owner_route_key': '836', 'line': 223}",EXPLICIT_CURRENT_EPISODE_MAP
BA:event:837:001,HIGH,recipient agency/contrary endpoint; institution/work,ADMITTED_WITH_LIMITS_CYCLE008; QUALIFIED_CONTENT_COMPLETE; PUBLICATION_STATUS_IN_CYCLE008_CHECKPOINT,"001 establishes unequal hoped-for rewards. Kirino treats the shortage of lifesavers at the new エーギル waterpark as a service opportunity; Fubuki hopes a free pass means floating and eating rather than complaints and paperwork. Kanna questions why public police should fill a private enterprise's staffing gap and notes the proper Life Safety route before discovering that her own secondment is already on the list. Her concern is a real institutional question, not merely a joke about refusing fun. The invitation to relax has entered an administrative work arrangement.",series/blue-archive/02 Sequential Readings/EVENTS/EVENT_837/BLUE_ARCHIVE_EVENT_837_CONTEXTUALIZATION_CHECKPOINT.md,"{'owner_route_key': '837', 'line': 88}",EXPLICIT_CURRENT_PACKAGE_OR_EPISODE_MAP
BA:event:837:002,CORE,recipient agency/contrary endpoint; institution/work; provenance/identity/modes,ADMITTED_WITH_LIMITS_CYCLE008; QUALIFIED_CONTENT_COMPLETE; PUBLICATION_STATUS_IN_CYCLE008_CHECKPOINT,"002 supplies Konoka's motive and Kanna's resistance. The deputy wants an overworked superior to have a different experience, reads her earlier Life Safety aspiration with deputy access, and reports that approvals and personnel arrangements are already made. Conversely,007:u0039–0043 explicitly says Kanna could still refuse and chose not to: the chance appealed to the surviving first-year wish.",series/blue-archive/02 Sequential Readings/EVENTS/EVENT_837/BLUE_ARCHIVE_EVENT_837_CONTEXTUALIZATION_CHECKPOINT.md,"{'owner_route_key': '837', 'line': 90}",EXPLICIT_CURRENT_PACKAGE_OR_EPISODE_MAP
BA:event:837:003,CORE,source-specific local progression and endpoint,ADMITTED_WITH_LIMITS_CYCLE008; QUALIFIED_CONTENT_COMPLETE; PUBLICATION_STATUS_IN_CYCLE008_CHECKPOINT,003 makes the officers' service faults consequential before any heroic correction. Kirino fears the high slide and accidentally launches the helmeted visitor on two rather than the promised count of three. Kanna's later accurate hazard perception does not retract this criticism.,series/blue-archive/02 Sequential Readings/EVENTS/EVENT_837/BLUE_ARCHIVE_EVENT_837_CONTEXTUALIZATION_CHECKPOINT.md,"{'owner_route_key': '837', 'line': 92}",EXPLICIT_CURRENT_PACKAGE_OR_EPISODE_MAP
BA:event:837:004,CORE,provenance/identity/modes,ADMITTED_WITH_LIMITS_CYCLE008; QUALIFIED_CONTENT_COMPLETE; PUBLICATION_STATUS_IN_CYCLE008_CHECKPOINT,004 differentiates junior competence. Kirino proposes 奉仕、傾聴、誠実 and a smile; her reported high citizen-service score coexists with the reported shooting weakness. The robot later corrects the dismissal; it does not prove the first smile succeeded.,series/blue-archive/02 Sequential Readings/EVENTS/EVENT_837/BLUE_ARCHIVE_EVENT_837_CONTEXTUALIZATION_CHECKPOINT.md,"{'owner_route_key': '837', 'line': 94}",EXPLICIT_CURRENT_PACKAGE_OR_EPISODE_MAP
BA:event:837:005,CORE,relations/care,ADMITTED_WITH_LIMITS_CYCLE008; QUALIFIED_CONTENT_COMPLETE; PUBLICATION_STATUS_IN_CYCLE008_CHECKPOINT,"Fubuki actually pulls a drowning visitor to the float and receives thanks; Kirino explains the device rule and gains cooperation. Concrete service competence contradicts a uniformly incompetent-junior reading, without erasing their separate faults.",series/blue-archive/02 Sequential Readings/EVENTS/EVENT_837/BLUE_ARCHIVE_EVENT_837_CONTEXTUALIZATION_CHECKPOINT.md,"{'owner_route_key': '837', 'line': 96}",EXPLICIT_CURRENT_PACKAGE_OR_EPISODE_MAP
BA:event:837:006,CORE,recipient agency/contrary endpoint; institution/work; provenance/identity/modes,ADMITTED_WITH_LIMITS_CYCLE008; QUALIFIED_CONTENT_COMPLETE; PUBLICATION_STATUS_IN_CYCLE008_CHECKPOINT,"Kanna sees a large underwater shadow, orders evacuation and stays until visitors leave. Teacher and lifesavers assist; the owner rejects the hazard and imposes a failed-search/work-repayment condition. Failed search does not disprove the hazard or settle damages.",series/blue-archive/02 Sequential Readings/EVENTS/EVENT_837/BLUE_ARCHIVE_EVENT_837_CONTEXTUALIZATION_CHECKPOINT.md,"{'owner_route_key': '837', 'line': 96}",EXPLICIT_CURRENT_PACKAGE_OR_EPISODE_MAP
BA:event:837:007,CORE,ordinary repertoire; institution/work; provenance/identity/modes,ADMITTED_WITH_LIMITS_CYCLE008; QUALIFIED_CONTENT_COMPLETE; PUBLICATION_STATUS_IN_CYCLE008_CHECKPOINT,"007 gives a quieter center to the action. Kanna has cooked takoyaki and offers it in gratitude; Teacher prefers buying food that can be shared. The shadow claim is vindicated by an external hazard, not by Teacher's authority alone.",series/blue-archive/02 Sequential Readings/EVENTS/EVENT_837/BLUE_ARCHIVE_EVENT_837_CONTEXTUALIZATION_CHECKPOINT.md,"{'owner_route_key': '837', 'line': 98}",EXPLICIT_CURRENT_PACKAGE_OR_EPISODE_MAP
BA:event:837:008,CORE,relations/care,ADMITTED_WITH_LIMITS_CYCLE008; QUALIFIED_CONTENT_COMPLETE; PUBLICATION_STATUS_IN_CYCLE008_CHECKPOINT,"The armed robot makes evacuation necessary; the owner apologizes for disbelief (u0030), supports the response and drains the pool. Corrected testimony and useful cooperation are real, while visitors’ lost recreation and the robot’s escape remain.",series/blue-archive/02 Sequential Readings/EVENTS/EVENT_837/BLUE_ARCHIVE_EVENT_837_CONTEXTUALIZATION_CHECKPOINT.md,"{'owner_route_key': '837', 'line': 100}",EXPLICIT_CURRENT_PACKAGE_OR_EPISODE_MAP
BA:event:837:009,HIGH,ordinary repertoire; relations/care; institution/work,ADMITTED_WITH_LIMITS_CYCLE008; QUALIFIED_CONTENT_COMPLETE; PUBLICATION_STATUS_IN_CYCLE008_CHECKPOINT,The escaped robot and broken drain mesh sustain search; indoor visitors want to leave and trust the doors prematurely. Guard observations and owner deductions are distinct. Immediate evacuation has not restored leisure or guaranteed containment.,series/blue-archive/02 Sequential Readings/EVENTS/EVENT_837/BLUE_ARCHIVE_EVENT_837_CONTEXTUALIZATION_CHECKPOINT.md,"{'owner_route_key': '837', 'line': 100}",EXPLICIT_CURRENT_PACKAGE_OR_EPISODE_MAP
BA:event:837:010,CORE,relations/care; institution/work; provenance/identity/modes,ADMITTED_WITH_LIMITS_CYCLE008; QUALIFIED_CONTENT_COMPLETE; PUBLICATION_STATUS_IN_CYCLE008_CHECKPOINT,"Kirino actually catches Love (u0025–0030), but flight does not prove machine sabotage. Love’s work-paid shared holiday account prompts Kanna’s actual apology (u0076–0077); the robot then reaches the refuge. Recipient testimony corrects policing without acquittal of all past conduct.",series/blue-archive/02 Sequential Readings/EVENTS/EVENT_837/BLUE_ARCHIVE_EVENT_837_CONTEXTUALIZATION_CHECKPOINT.md,"{'owner_route_key': '837', 'line': 100}",EXPLICIT_CURRENT_PACKAGE_OR_EPISODE_MAP
BA:event:837:011,CORE,relations/care; institution/work; provenance/identity/modes,ADMITTED_WITH_LIMITS_CYCLE008; QUALIFIED_CONTENT_COMPLETE; PUBLICATION_STATUS_IN_CYCLE008_CHECKPOINT,"Kanna intervenes at the children’s pool; Fubuki confirms the child safe (u0025). Her command precedes the robot’s sudden stop and the group’s finishing opportunity. Actual rescue is central, but technical cause remains speculative until the later explanation.",series/blue-archive/02 Sequential Readings/EVENTS/EVENT_837/BLUE_ARCHIVE_EVENT_837_CONTEXTUALIZATION_CHECKPOINT.md,"{'owner_route_key': '837', 'line': 102}",EXPLICIT_CURRENT_PACKAGE_OR_EPISODE_MAP
BA:event:837:012,CORE,recipient agency/contrary endpoint; relations/care; provenance/identity/modes,ADMITTED_WITH_LIMITS_CYCLE008; QUALIFIED_CONTENT_COMPLETE; PUBLICATION_STATUS_IN_CYCLE008_CHECKPOINT,"The machine is completely stopped with a smoking engine (u0002–0004). Injury care and searching for companions are ordered; a twisted ankle is reported despite no-serious-injury assessment. Containment is achieved, not complete clinical recovery or universal reunion.",series/blue-archive/02 Sequential Readings/EVENTS/EVENT_837/BLUE_ARCHIVE_EVENT_837_CONTEXTUALIZATION_CHECKPOINT.md,"{'owner_route_key': '837', 'line': 102}",EXPLICIT_CURRENT_PACKAGE_OR_EPISODE_MAP
BA:event:837:013,CORE,source-specific local progression and endpoint,ADMITTED_WITH_LIMITS_CYCLE008; QUALIFIED_CONTENT_COMPLETE; PUBLICATION_STATUS_IN_CYCLE008_CHECKPOINT,"013 brings cause, accountability promise and emotional recognition together without collapsing them. Utaha acknowledges that the robot came from Engineering. Love sees that her expression remains dark.",series/blue-archive/02 Sequential Readings/EVENTS/EVENT_837/BLUE_ARCHIVE_EVENT_837_CONTEXTUALIZATION_CHECKPOINT.md,"{'owner_route_key': '837', 'line': 104}",EXPLICIT_CURRENT_PACKAGE_OR_EPISODE_MAP
BA:event:837:014,CORE,ordinary repertoire; recipient agency/contrary endpoint; provenance/identity/modes,ADMITTED_WITH_LIMITS_CYCLE008; QUALIFIED_CONTENT_COMPLETE; PUBLICATION_STATUS_IN_CYCLE008_CHECKPOINT,"014 retains recipient preference after success. Fubuki wants leave or donuts and would decline a promotion; Kirino hopes for recruitment. Konoka instead presents park admission tickets and expects them to become happy memories. Fubuki has had enough, Kirino still has sore muscles, and Kanna explicitly declines (u0046–0048). Konoka's report that Kanna returned smiling is not proof that she enjoys water play: Kanna says the smile had another reason and calls it confidential. An improved service wish and a refused leisure venue can coexist. No return visit, food outing, transfer, donor-approved reward or disappearance of fatigue is shown.",series/blue-archive/02 Sequential Readings/EVENTS/EVENT_837/BLUE_ARCHIVE_EVENT_837_CONTEXTUALIZATION_CHECKPOINT.md,"{'owner_route_key': '837', 'line': 108}",EXPLICIT_CURRENT_PACKAGE_OR_EPISODE_MAP
BA:event:837:015,HIGH,ordinary repertoire; recipient agency/contrary endpoint; institution/work,ADMITTED_WITH_LIMITS_CYCLE008; QUALIFIED_CONTENT_COMPLETE; PUBLICATION_STATUS_IN_CYCLE008_CHECKPOINT,"Makers’ absorbed work costs them a summer plan, while they enjoy the completed marine-leisure body. They adapt a flower-arranging robot under a one-week deadline without prior marine experience. Body completion is actual; software adjustment and trials remain pending (u0040–0049).",series/blue-archive/02 Sequential Readings/EVENTS/EVENT_837/BLUE_ARCHIVE_EVENT_837_CONTEXTUALIZATION_CHECKPOINT.md,"{'owner_route_key': '837', 'line': 110}",EXPLICIT_CURRENT_PACKAGE_OR_EPISODE_MAP
BA:event:837:016,CORE,ordinary repertoire; recipient agency/contrary endpoint; institution/work,ADMITTED_WITH_LIMITS_CYCLE008; QUALIFIED_CONTENT_COMPLETE; PUBLICATION_STATUS_IN_CYCLE008_CHECKPOINT,An internet software shortcut under deadline pressure leads to actual destruction. Makers’ denial/false corroboration meets Chihiro’s inspection of untested software and a demolition programme (u0062–0067). Craft pleasure does not erase accountability; a corrective slogan is not a validated later process.,series/blue-archive/02 Sequential Readings/EVENTS/EVENT_837/BLUE_ARCHIVE_EVENT_837_CONTEXTUALIZATION_CHECKPOINT.md,"{'owner_route_key': '837', 'line': 110}",EXPLICIT_CURRENT_PACKAGE_OR_EPISODE_MAP
BA:event:837:017,CORE,ordinary repertoire; recipient agency/contrary endpoint; relations/care,ADMITTED_WITH_LIMITS_CYCLE008; QUALIFIED_CONTENT_COMPLETE; PUBLICATION_STATUS_IN_CYCLE008_CHECKPOINT,"Love and peers’ little money, wrongful vending-machine method and desire for an inclusive holiday establish ordinary material motives. A purported union invitation excludes her companions; she refuses to enjoy it alone. Care and exclusion matter without legitimizing the theft or authenticating the union.",series/blue-archive/02 Sequential Readings/EVENTS/EVENT_837/BLUE_ARCHIVE_EVENT_837_CONTEXTUALIZATION_CHECKPOINT.md,"{'owner_route_key': '837', 'line': 112}",EXPLICIT_CURRENT_PACKAGE_OR_EPISODE_MAP
BA:event:837:018,CORE,relations/care; institution/work,ADMITTED_WITH_LIMITS_CYCLE008; QUALIFIED_CONTENT_COMPLETE; PUBLICATION_STATUS_IN_CYCLE008_CHECKPOINT,"Love chooses the park with companions and offers labor when money/credential limits block entry. The group actually cleans and enters; the payment is labor, not a sexual bargain. A shared alternative is achieved, while the whole day’s leisure and artificial-park safety remain unguaranteed.",series/blue-archive/02 Sequential Readings/EVENTS/EVENT_837/BLUE_ARCHIVE_EVENT_837_CONTEXTUALIZATION_CHECKPOINT.md,"{'owner_route_key': '837', 'line': 112}",EXPLICIT_CURRENT_PACKAGE_OR_EPISODE_MAP
BA:event:837:019,CORE,ordinary repertoire; institution/work,ADMITTED_WITH_LIMITS_CYCLE008; QUALIFIED_CONTENT_COMPLETE; PUBLICATION_STATUS_IN_CYCLE008_CHECKPOINT,"019 also resists the easy equation of benevolent intent with recipient enjoyment. Konoka works quickly on a few approvals, then abandons paperwork she dislikes and assumes the subordinate must also want a pool. Her effort to give Kanna a chance cannot certify all her administrative and interpersonal conduct.",series/blue-archive/02 Sequential Readings/EVENTS/EVENT_837/BLUE_ARCHIVE_EVENT_837_CONTEXTUALIZATION_CHECKPOINT.md,"{'owner_route_key': '837', 'line': 114}",EXPLICIT_CURRENT_PACKAGE_OR_EPISODE_MAP
BA:event:838:001,CORE,institution/work; provenance/identity/modes,ADMITTED_WITH_LIMITS_CYCLE008; QUALIFIED_CONTENT_COMPLETE; PUBLICATION_STATUS_IN_CYCLE008_CHECKPOINT,"E001 (u13–22,34–45): paid commission, researched competence, week-margin self-report and economically constrained guard hire.",series/blue-archive/02 Sequential Readings/EVENTS/EVENT_838/BLUE_ARCHIVE_EVENT_838_CONTEXTUALIZATION_CHECKPOINT.md,"{'owner_route_key': '838', 'line': 134}",EXPLICIT_CURRENT_PACKAGE_OR_EPISODE_MAP
BA:event:838:002,CORE,ordinary repertoire; institution/work,ADMITTED_WITH_LIMITS_CYCLE008; QUALIFIED_CONTENT_COMPLETE; PUBLICATION_STATUS_IN_CYCLE008_CHECKPOINT,"E002 (u14–16,23,36,47–56): attributed jurisdiction, extra work, wanted sea and absent-Azusa reference, crab and melting ice cream.",series/blue-archive/02 Sequential Readings/EVENTS/EVENT_838/BLUE_ARCHIVE_EVENT_838_CONTEXTUALIZATION_CHECKPOINT.md,"{'owner_route_key': '838', 'line': 135}",EXPLICIT_CURRENT_PACKAGE_OR_EPISODE_MAP
BA:event:838:003,CORE,recipient agency/contrary endpoint,ADMITTED_WITH_LIMITS_CYCLE008; QUALIFIED_CONTENT_COMPLETE; PUBLICATION_STATUS_IN_CYCLE008_CHECKPOINT,"E003 (u5–23,37–44,55–63,77–94,97–136): distinct wishes, failed service, camera, wallet, secrecy and Saori’s not-ready refusal.",series/blue-archive/02 Sequential Readings/EVENTS/EVENT_838/BLUE_ARCHIVE_EVENT_838_CONTEXTUALIZATION_CHECKPOINT.md,"{'owner_route_key': '838', 'line': 136}",EXPLICIT_CURRENT_PACKAGE_OR_EPISODE_MAP
BA:event:838:004,CORE,relations/care,ADMITTED_WITH_LIMITS_CYCLE008; QUALIFIED_CONTENT_COMPLETE; PUBLICATION_STATUS_IN_CYCLE008_CHECKPOINT,"E004 (u25–52,76–97,105–129): abusive DJ demands, protective force, threat/contact/gagging, proposed traps and attempted kidnapping.",series/blue-archive/02 Sequential Readings/EVENTS/EVENT_838/BLUE_ARCHIVE_EVENT_838_CONTEXTUALIZATION_CHECKPOINT.md,"{'owner_route_key': '838', 'line': 137}",EXPLICIT_CURRENT_PACKAGE_OR_EPISODE_MAP
BA:event:838:005,CORE,relations/care,ADMITTED_WITH_LIMITS_CYCLE008; QUALIFIED_CONTENT_COMPLETE; PUBLICATION_STATUS_IN_CYCLE008_CHECKPOINT,"E005 (u10–42,47–57): actual retreat, DJ apology and accommodation, adult conceals peer intervention.",series/blue-archive/02 Sequential Readings/EVENTS/EVENT_838/BLUE_ARCHIVE_EVENT_838_CONTEXTUALIZATION_CHECKPOINT.md,"{'owner_route_key': '838', 'line': 138}",EXPLICIT_CURRENT_PACKAGE_OR_EPISODE_MAP
BA:event:838:006,CORE,ordinary repertoire; recipient agency/contrary endpoint,ADMITTED_WITH_LIMITS_CYCLE008; QUALIFIED_CONTENT_COMPLETE; PUBLICATION_STATUS_IN_CYCLE008_CHECKPOINT,"E006 (Scene001 u3–27,29–52,61–112; Scene002 u6,16–26): Professor’s failed scheme, wanted DJ practice, high-price food, one bought serving and disputed tenfold charge.",series/blue-archive/02 Sequential Readings/EVENTS/EVENT_838/BLUE_ARCHIVE_EVENT_838_CONTEXTUALIZATION_CHECKPOINT.md,"{'owner_route_key': '838', 'line': 139}",EXPLICIT_CURRENT_PACKAGE_OR_EPISODE_MAP
BA:event:838:007,CORE,ordinary repertoire; provenance/identity/modes,ADMITTED_WITH_LIMITS_CYCLE008; QUALIFIED_CONTENT_COMPLETE; PUBLICATION_STATUS_IN_CYCLE008_CHECKPOINT,"E007 (u1–21,26–45): vendor defeated, Saori rejects free handout, orders three yakisoba and one each corn/shaved ice/ice cream; no printed payment amount; delivered food and adult lunch offer.",series/blue-archive/02 Sequential Readings/EVENTS/EVENT_838/BLUE_ARCHIVE_EVENT_838_CONTEXTUALIZATION_CHECKPOINT.md,"{'owner_route_key': '838', 'line': 140}",EXPLICIT_CURRENT_PACKAGE_OR_EPISODE_MAP
BA:event:838:008,CORE,ordinary repertoire; relations/care; institution/work,ADMITTED_WITH_LIMITS_CYCLE008; QUALIFIED_CONTENT_COMPLETE; PUBLICATION_STATUS_IN_CYCLE008_CHECKPOINT,"E008 (u7–18,47–61,68–95,106–115): paid-work restraint, rigged contest, Saori unaware, Hiyori requests shoulder ride, friends’ differing reactions.",series/blue-archive/02 Sequential Readings/EVENTS/EVENT_838/BLUE_ARCHIVE_EVENT_838_CONTEXTUALIZATION_CHECKPOINT.md,"{'owner_route_key': '838', 'line': 141}",EXPLICIT_CURRENT_PACKAGE_OR_EPISODE_MAP
BA:event:838:009,CORE,relations/care,ADMITTED_WITH_LIMITS_CYCLE008; QUALIFIED_CONTENT_COMPLETE; PUBLICATION_STATUS_IN_CYCLE008_CHECKPOINT,"E009 (u5–23): announced winner, covert-help inference, possible toss protested, Atsuko’s still-unmet wish to be together.",series/blue-archive/02 Sequential Readings/EVENTS/EVENT_838/BLUE_ARCHIVE_EVENT_838_CONTEXTUALIZATION_CHECKPOINT.md,"{'owner_route_key': '838', 'line': 142}",EXPLICIT_CURRENT_PACKAGE_OR_EPISODE_MAP
BA:event:838:010,CORE,ordinary repertoire; recipient agency/contrary endpoint; relations/care; provenance/identity/modes,ADMITTED_WITH_LIMITS_CYCLE008; QUALIFIED_CONTENT_COMPLETE; PUBLICATION_STATUS_IN_CYCLE008_CHECKPOINT,"E010 (u1–20,27–48,57–90,95–103): security redistribution, protection of pleasure, attacks stopped and failed fun reported.",series/blue-archive/02 Sequential Readings/EVENTS/EVENT_838/BLUE_ARCHIVE_EVENT_838_CONTEXTUALIZATION_CHECKPOINT.md,"{'owner_route_key': '838', 'line': 143}",EXPLICIT_CURRENT_PACKAGE_OR_EPISODE_MAP
BA:event:838:011,CORE,recipient agency/contrary endpoint,ADMITTED_WITH_LIMITS_CYCLE008; QUALIFIED_CONTENT_COMPLETE; PUBLICATION_STATUS_IN_CYCLE008_CHECKPOINT,"E011 (u1–38,43–55,62–83,99–106,114–143): wounds/ointment not cure, Professor’s failed calculation, chosen revenge, Saori’s crowd sensation, Akemi arrival and denied attacker attribution.",series/blue-archive/02 Sequential Readings/EVENTS/EVENT_838/BLUE_ARCHIVE_EVENT_838_CONTEXTUALIZATION_CHECKPOINT.md,"{'owner_route_key': '838', 'line': 144}",EXPLICIT_CURRENT_PACKAGE_OR_EPISODE_MAP
BA:event:838:012,CORE,recipient agency/contrary endpoint; relations/care,ADMITTED_WITH_LIMITS_CYCLE008; QUALIFIED_CONTENT_COMPLETE; PUBLICATION_STATUS_IN_CYCLE008_CHECKPOINT,"E012 (u1–21,23–36,42–65): attributed old damage/escape, revenge threat, Misaki protection, weapon interruption and refused withdrawal.",series/blue-archive/02 Sequential Readings/EVENTS/EVENT_838/BLUE_ARCHIVE_EVENT_838_CONTEXTUALIZATION_CHECKPOINT.md,"{'owner_route_key': '838', 'line': 145}",EXPLICIT_CURRENT_PACKAGE_OR_EPISODE_MAP
BA:event:838:013,CORE,relations/care; institution/work; provenance/identity/modes,ADMITTED_WITH_LIMITS_CYCLE008; QUALIFIED_CONTENT_COMPLETE; PUBLICATION_STATUS_IN_CYCLE008_CHECKPOINT,"E013 (u2–6,14–41,46–59): observational reload tactic, breathing-method claim, enemy trust, Hiyori fires and adult command is requested.",series/blue-archive/02 Sequential Readings/EVENTS/EVENT_838/BLUE_ARCHIVE_EVENT_838_CONTEXTUALIZATION_CHECKPOINT.md,"{'owner_route_key': '838', 'line': 146}",EXPLICIT_CURRENT_PACKAGE_OR_EPISODE_MAP
BA:event:838:014,CORE,ordinary repertoire; recipient agency/contrary endpoint,ADMITTED_WITH_LIMITS_CYCLE008; QUALIFIED_CONTENT_COMPLETE; PUBLICATION_STATUS_IN_CYCLE008_CHECKPOINT,"E014 (u1–32,36–54): enemy defeat and retreat, future rematch, mutual support disclosed, enjoyment and Misaki’s reservation.",series/blue-archive/02 Sequential Readings/EVENTS/EVENT_838/BLUE_ARCHIVE_EVENT_838_CONTEXTUALIZATION_CHECKPOINT.md,"{'owner_route_key': '838', 'line': 147}",EXPLICIT_CURRENT_PACKAGE_OR_EPISODE_MAP
BA:event:838:015,CORE,ordinary repertoire; recipient agency/contrary endpoint,ADMITTED_WITH_LIMITS_CYCLE008; QUALIFIED_CONTENT_COMPLETE; PUBLICATION_STATUS_IN_CYCLE008_CHECKPOINT,"E015 (u1–14,25–45,46–55): repaired setup, absent DJ, recruitment pressure, no stage experience, Saori’s own wanted sensation and music-start/video token.",series/blue-archive/02 Sequential Readings/EVENTS/EVENT_838/BLUE_ARCHIVE_EVENT_838_CONTEXTUALIZATION_CHECKPOINT.md,"{'owner_route_key': '838', 'line': 148}",EXPLICIT_CURRENT_PACKAGE_OR_EPISODE_MAP
BA:event:838:016,CORE,ordinary repertoire,ADMITTED_WITH_LIMITS_CYCLE008; QUALIFIED_CONTENT_COMPLETE; PUBLICATION_STATUS_IN_CYCLE008_CHECKPOINT,"E016 (u2–19,20–45,47–58): prior-show reception, wanted quiet, continuing self-search, contact request, unpaid wages and pursuit without recovery.",series/blue-archive/02 Sequential Readings/EVENTS/EVENT_838/BLUE_ARCHIVE_EVENT_838_CONTEXTUALIZATION_CHECKPOINT.md,"{'owner_route_key': '838', 'line': 149}",EXPLICIT_CURRENT_PACKAGE_OR_EPISODE_MAP
BA:event:838:017,HIGH,ordinary repertoire; recipient agency/contrary endpoint,ADMITTED_WITH_LIMITS_CYCLE008; QUALIFIED_CONTENT_COMPLETE; PUBLICATION_STATUS_IN_CYCLE008_CHECKPOINT,"E017 (u1–20,21–39): after-show rest/sightseeing, imperative encouragement, wanted jellyfish/play, crowd/light objections and acceptance to try.",series/blue-archive/02 Sequential Readings/EVENTS/EVENT_838/BLUE_ARCHIVE_EVENT_838_CONTEXTUALIZATION_CHECKPOINT.md,"{'owner_route_key': '838', 'line': 150}",EXPLICIT_CURRENT_PACKAGE_OR_EPISODE_MAP
BA:event:838:018,HIGH,ordinary repertoire,ADMITTED_WITH_LIMITS_CYCLE008; QUALIFIED_CONTENT_COMPLETE; PUBLICATION_STATUS_IN_CYCLE008_CHECKPOINT,"E018 (u5–25): prize options, wanted magazine, shared challenge rhetoric, actual beginner start only.",series/blue-archive/02 Sequential Readings/EVENTS/EVENT_838/BLUE_ARCHIVE_EVENT_838_CONTEXTUALIZATION_CHECKPOINT.md,"{'owner_route_key': '838', 'line': 151}",EXPLICIT_CURRENT_PACKAGE_OR_EPISODE_MAP
BA:event:838:019,HIGH,ordinary repertoire,ADMITTED_WITH_LIMITS_CYCLE008; QUALIFIED_CONTENT_COMPLETE; PUBLICATION_STATUS_IN_CYCLE008_CHECKPOINT,"E019 (u1–16): actual beginner clear, humor/repair of misunderstanding, intermediate start only.",series/blue-archive/02 Sequential Readings/EVENTS/EVENT_838/BLUE_ARCHIVE_EVENT_838_CONTEXTUALIZATION_CHECKPOINT.md,"{'owner_route_key': '838', 'line': 152}",EXPLICIT_CURRENT_PACKAGE_OR_EPISODE_MAP
BA:event:838:020,HIGH,ordinary repertoire,ADMITTED_WITH_LIMITS_CYCLE008; QUALIFIED_CONTENT_COMPLETE; PUBLICATION_STATUS_IN_CYCLE008_CHECKPOINT,"E020 (u1–31): actual intermediate clear, one-attempt limit, sadness that joint play ends, advanced start only.",series/blue-archive/02 Sequential Readings/EVENTS/EVENT_838/BLUE_ARCHIVE_EVENT_838_CONTEXTUALIZATION_CHECKPOINT.md,"{'owner_route_key': '838', 'line': 153}",EXPLICIT_CURRENT_PACKAGE_OR_EPISODE_MAP
BA:event:838:021,CORE,provenance/identity/modes,ADMITTED_WITH_LIMITS_CYCLE008; QUALIFIED_CONTENT_COMPLETE; PUBLICATION_STATUS_IN_CYCLE008_CHECKPOINT,"E021 (u1–45): actual advanced clear, Hiyori’s genuine photograph choice, explicit no-accommodation demand, photographed copies and more fun today.",series/blue-archive/02 Sequential Readings/EVENTS/EVENT_838/BLUE_ARCHIVE_EVENT_838_CONTEXTUALIZATION_CHECKPOINT.md,"{'owner_route_key': '838', 'line': 154}",EXPLICIT_CURRENT_PACKAGE_OR_EPISODE_MAP
BA:event:839:001,HIGH,ordinary repertoire; relations/care; institution/work; provenance/identity/modes,ADMITTED_WITH_LIMITS_CYCLE008; QUALIFIED_CONTENT_COMPLETE; PUBLICATION_STATUS_IN_CYCLE008_CHECKPOINT,"001 begins with a supplied recap of scarce protected ginseng, the false allegation against Rumi's Genbu association, a lower official's admission and dealings with expelled Kai. This is source-local recap credit, not a new full reading of its earlier event. The scene then gives Cherino's sweet-filled dream, nap, wish for five more minutes, delegated paperwork, fear of a coup and changed enthusiasm once Tomoe calls the invitation a trip. Political office and travel desire coexist. Cherino's long list of offices and pudding/castella roles is a represented self-description, not a new formal registry audit (001u0001–0019/0020–0051).",series/blue-archive/02 Sequential Readings/EVENTS/EVENT_839/BLUE_ARCHIVE_EVENT_839_CONTEXTUALIZATION_CHECKPOINT.md,"{'owner_route_key': '839', 'line': 74}",PRESENT_PER_OBJECT_RECONCILIATION_FROM_CURRENT_ARGUMENT
BA:event:839:002,CORE,relations/care,ADMITTED_WITH_LIMITS_CYCLE008; QUALIFIED_CONTENT_COMPLETE; PUBLICATION_STATUS_IN_CYCLE008_CHECKPOINT,"Kisaki requests Teacher's help as the Genryumon head while members resist an outsider entering her room. She invokes reciprocal gratitude for earlier help to overrule them. She too has no exchange experience and explicitly says Genryumon belongs to itself, including its head.",series/blue-archive/02 Sequential Readings/EVENTS/EVENT_839/BLUE_ARCHIVE_EVENT_839_CONTEXTUALIZATION_CHECKPOINT.md,"{'owner_route_key': '839', 'line': 76}",PRESENT_PER_OBJECT_RECONCILIATION_FROM_CURRENT_ARGUMENT
BA:event:839:003,CORE,relations/care; provenance/identity/modes,ADMITTED_WITH_LIMITS_CYCLE008; QUALIFIED_CONTENT_COMPLETE; PUBLICATION_STATUS_IN_CYCLE008_CHECKPOINT,"Kisaki asks for attentive observation while retaining confidence in staff; her inward worry about Mina making things larger differs from her spoken assignment of important protection. Staff enthusiastically interpret Genryumon-style welcome as interrogation. Cherino becomes a named suspect in a represented interrogation record, separated from companions and ordered to answer only questions. When Kisaki corrects the order to treat guests as important visitors, they move them to a cell and threaten to take bamboo from a young panda unless they confess a conspiracy. Marina's distress concerns the animal, not only herself (003u0021–0077/0088–0110).",series/blue-archive/02 Sequential Readings/EVENTS/EVENT_839/BLUE_ARCHIVE_EVENT_839_CONTEXTUALIZATION_CHECKPOINT.md,"{'owner_route_key': '839', 'line': 82}",PRESENT_PER_OBJECT_RECONCILIATION_FROM_CURRENT_ARGUMENT
BA:event:839:004,CORE,recipient agency/contrary endpoint; provenance/identity/modes,ADMITTED_WITH_LIMITS_CYCLE008; QUALIFIED_CONTENT_COMPLETE; PUBLICATION_STATUS_IN_CYCLE008_CHECKPOINT,"The first performance is a fully represented drama. Cherino begins with unfamiliar sound, discomfort and questions about symbolic movement; Kisaki gives selective explanations without claiming that every meaning must be fixed. Cherino notices the central performer, condemns advisers, objects to the staged woman's self-killing because of its effect on survivors, feels the loss and eventually calls it good theatre. This actual change in her response is not professional comprehension of every tradition, permanent political wisdom or witnessed real-world death. The text supports represented performance and audience response, not the analyst hearing its acoustics (004u0001–0065).",series/blue-archive/02 Sequential Readings/EVENTS/EVENT_839/BLUE_ARCHIVE_EVENT_839_CONTEXTUALIZATION_CHECKPOINT.md,"{'owner_route_key': '839', 'line': 90}",PRESENT_PER_OBJECT_RECONCILIATION_FROM_CURRENT_ARGUMENT
BA:event:839:005,CORE,ordinary repertoire; recipient agency/contrary endpoint; relations/care; institution/work,ADMITTED_WITH_LIMITS_CYCLE008; QUALIFIED_CONTENT_COMPLETE; PUBLICATION_STATUS_IN_CYCLE008_CHECKPOINT,Rumi actually serves abundant food while Cherino both praises taste and says she cannot eat so much. Rumi selects both duck preparations rather than one and treats insufficient provision as institutional shame. Teacher encourages Cherino to show office dignity instead of attending to her appeal for help. Narration later prints Cherino crying while taking stomach medicine. That is actual supplied ingestion/distress; it is not a clinically demonstrated cure or a safe volume. Rumi's care and recipient preference are genuinely unequal (005u0001–0032).,series/blue-archive/02 Sequential Readings/EVENTS/EVENT_839/BLUE_ARCHIVE_EVENT_839_CONTEXTUALIZATION_CHECKPOINT.md,"{'owner_route_key': '839', 'line': 94}",PRESENT_PER_OBJECT_RECONCILIATION_FROM_CURRENT_ARGUMENT
BA:event:839:006,CORE,institution/work; provenance/identity/modes,ADMITTED_WITH_LIMITS_CYCLE008; QUALIFIED_CONTENT_COMPLETE; PUBLICATION_STATUS_IN_CYCLE008_CHECKPOINT,"Tomoe explicitly limits her assessment to a one-day outsider view. She finds the school beautiful, notices hidden matters its students may not recognize as hidden, wonders about Kisaki's unannounced departure, and senses conditions for sudden conflict. The later crisis does not validate every psychological inference or an all-school survey. Her coup experience is a reported basis, not a forecasting model (006u0001–0049).",series/blue-archive/02 Sequential Readings/EVENTS/EVENT_839/BLUE_ARCHIVE_EVENT_839_CONTEXTUALIZATION_CHECKPOINT.md,"{'owner_route_key': '839', 'line': 102}",PRESENT_PER_OBJECT_RECONCILIATION_FROM_CURRENT_ARGUMENT
BA:event:839:007,CORE,ordinary repertoire; recipient agency/contrary endpoint; provenance/identity/modes,ADMITTED_WITH_LIMITS_CYCLE008; QUALIFIED_CONTENT_COMPLETE; PUBLICATION_STATUS_IN_CYCLE008_CHECKPOINT,"007 later supplies Marina's delight and felt calm watching pandas, a permitted closer approach with distance guidance, and Cherino's particular recollection of bamboo shoots.008 reports Marina trying to hug a panda and Mina struggling to prevent trouble; it does not print a completed safe hug.014 supplies an actually offered three-color-jade panda model, Marina's appreciation and Cherino's promised office display/invitation. The gift is real; installation and a reciprocal visit remain future (007u0001–0057;008u0013–0023;014u0021–0028).",series/blue-archive/02 Sequential Readings/EVENTS/EVENT_839/BLUE_ARCHIVE_EVENT_839_CONTEXTUALIZATION_CHECKPOINT.md,"{'owner_route_key': '839', 'line': 98}",PRESENT_PER_OBJECT_RECONCILIATION_FROM_CURRENT_ARGUMENT
BA:event:839:008,CORE,ordinary repertoire; recipient agency/contrary endpoint; provenance/identity/modes,ADMITTED_WITH_LIMITS_CYCLE008; QUALIFIED_CONTENT_COMPLETE; PUBLICATION_STATUS_IN_CYCLE008_CHECKPOINT,"007 later supplies Marina's delight and felt calm watching pandas, a permitted closer approach with distance guidance, and Cherino's particular recollection of bamboo shoots.008 reports Marina trying to hug a panda and Mina struggling to prevent trouble; it does not print a completed safe hug.014 supplies an actually offered three-color-jade panda model, Marina's appreciation and Cherino's promised office display/invitation. The gift is real; installation and a reciprocal visit remain future (007u0001–0057;008u0013–0023;014u0021–0028).",series/blue-archive/02 Sequential Readings/EVENTS/EVENT_839/BLUE_ARCHIVE_EVENT_839_CONTEXTUALIZATION_CHECKPOINT.md,"{'owner_route_key': '839', 'line': 98}",PRESENT_PER_OBJECT_RECONCILIATION_FROM_CURRENT_ARGUMENT
BA:event:839:009,CORE,ordinary repertoire; recipient agency/contrary endpoint; institution/work; provenance/identity/modes,ADMITTED_WITH_LIMITS_CYCLE008; QUALIFIED_CONTENT_COMPLETE; PUBLICATION_STATUS_IN_CYCLE008_CHECKPOINT,"The second drama first offers conventional landscape and then a black ruler caricature, opened gates, disasters, solitude and condemnation. Students partly recognize and resist the allegory while others identify the visitors as its object. Cherino admires the ruler's defiance, missing its immediate directed force; Kisaki recognizes remonstrance while in pain. Kaguya finally explicitly names Kisaki. Complete performance includes hostile forecasts and claims, not actual subsequent floods, starvation or a verified ruined future. Symbolic craft, audience effects and denunciation are distinct evidential acts (009u0001–0143).",series/blue-archive/02 Sequential Readings/EVENTS/EVENT_839/BLUE_ARCHIVE_EVENT_839_CONTEXTUALIZATION_CHECKPOINT.md,"{'owner_route_key': '839', 'line': 114}",PRESENT_PER_OBJECT_RECONCILIATION_FROM_CURRENT_ARGUMENT
BA:event:839:010,CORE,recipient agency/contrary endpoint; relations/care; institution/work; provenance/identity/modes,ADMITTED_WITH_LIMITS_CYCLE008; QUALIFIED_CONTENT_COMPLETE; PUBLICATION_STATUS_IN_CYCLE008_CHECKPOINT,"010 supplies encirclement and Kaguya's demand to choose the school or the head, while she calls her own method loyalty rather than rebellion. Genryumon hesitates rather than uniformly joining. Mina explicitly chooses protecting Kisaki even against the school; Marina helps in reciprocity and refuses to let Mina have the only heroic line. After their numerical defeat, Teacher helps them up and stands before Kisaki while keeping her condition secret. Kisaki's willingness to give herself up follows a claimed loss of confidence, not an installed resignation or actual transfer of office (010u0006–0042;011u0001–0020).",series/blue-archive/02 Sequential Readings/EVENTS/EVENT_839/BLUE_ARCHIVE_EVENT_839_CONTEXTUALIZATION_CHECKPOINT.md,"{'owner_route_key': '839', 'line': 116}",PRESENT_PER_OBJECT_RECONCILIATION_FROM_CURRENT_ARGUMENT
BA:event:839:011,CORE,recipient agency/contrary endpoint; relations/care; institution/work; provenance/identity/modes,ADMITTED_WITH_LIMITS_CYCLE008; QUALIFIED_CONTENT_COMPLETE; PUBLICATION_STATUS_IN_CYCLE008_CHECKPOINT,"010 supplies encirclement and Kaguya's demand to choose the school or the head, while she calls her own method loyalty rather than rebellion. Genryumon hesitates rather than uniformly joining. Mina explicitly chooses protecting Kisaki even against the school; Marina helps in reciprocity and refuses to let Mina have the only heroic line. After their numerical defeat, Teacher helps them up and stands before Kisaki while keeping her condition secret. Kisaki's willingness to give herself up follows a claimed loss of confidence, not an installed resignation or actual transfer of office (010u0006–0042;011u0001–0020).",series/blue-archive/02 Sequential Readings/EVENTS/EVENT_839/BLUE_ARCHIVE_EVENT_839_CONTEXTUALIZATION_CHECKPOINT.md,"{'owner_route_key': '839', 'line': 116}",PRESENT_PER_OBJECT_RECONCILIATION_FROM_CURRENT_ARGUMENT
BA:event:839:012,CORE,recipient agency/contrary endpoint; relations/care; institution/work,ADMITTED_WITH_LIMITS_CYCLE008; QUALIFIED_CONTENT_COMPLETE; PUBLICATION_STATUS_IN_CYCLE008_CHECKPOINT,"Cherino's speech asserts rights to voice opinion and lead, then asks why coercive remonstrance is not itself change. Tomoe argues from duties to protect the club and organization head; some staff accept it. These are speeches and bounded effects, not a universal democratic doctrine. Marina's charge leads to the local defeat.013 gives continued leader-centered discipline, toilet-cleaning threats, and a spoken formula about sending greater figures to227 qualified by the assertion that none exist. Those contrary clauses prevent the visitors' help being turned into permanent anti-authoritarian reform (012u0001–0029;013u0001–0025).",series/blue-archive/02 Sequential Readings/EVENTS/EVENT_839/BLUE_ARCHIVE_EVENT_839_CONTEXTUALIZATION_CHECKPOINT.md,"{'owner_route_key': '839', 'line': 118}",PRESENT_PER_OBJECT_RECONCILIATION_FROM_CURRENT_ARGUMENT
BA:event:839:013,CORE,recipient agency/contrary endpoint; relations/care; institution/work,ADMITTED_WITH_LIMITS_CYCLE008; QUALIFIED_CONTENT_COMPLETE; PUBLICATION_STATUS_IN_CYCLE008_CHECKPOINT,"Cherino's speech asserts rights to voice opinion and lead, then asks why coercive remonstrance is not itself change. Tomoe argues from duties to protect the club and organization head; some staff accept it. These are speeches and bounded effects, not a universal democratic doctrine. Marina's charge leads to the local defeat.013 gives continued leader-centered discipline, toilet-cleaning threats, and a spoken formula about sending greater figures to227 qualified by the assertion that none exist. Those contrary clauses prevent the visitors' help being turned into permanent anti-authoritarian reform (012u0001–0029;013u0001–0025).",series/blue-archive/02 Sequential Readings/EVENTS/EVENT_839/BLUE_ARCHIVE_EVENT_839_CONTEXTUALIZATION_CHECKPOINT.md,"{'owner_route_key': '839', 'line': 118}",PRESENT_PER_OBJECT_RECONCILIATION_FROM_CURRENT_ARGUMENT
BA:event:839:014,CORE,ordinary repertoire; recipient agency/contrary endpoint; provenance/identity/modes,ADMITTED_WITH_LIMITS_CYCLE008; QUALIFIED_CONTENT_COMPLETE; PUBLICATION_STATUS_IN_CYCLE008_CHECKPOINT,"007 later supplies Marina's delight and felt calm watching pandas, a permitted closer approach with distance guidance, and Cherino's particular recollection of bamboo shoots.008 reports Marina trying to hug a panda and Mina struggling to prevent trouble; it does not print a completed safe hug.014 supplies an actually offered three-color-jade panda model, Marina's appreciation and Cherino's promised office display/invitation. The gift is real; installation and a reciprocal visit remain future (007u0001–0057;008u0013–0023;014u0021–0028).",series/blue-archive/02 Sequential Readings/EVENTS/EVENT_839/BLUE_ARCHIVE_EVENT_839_CONTEXTUALIZATION_CHECKPOINT.md,"{'owner_route_key': '839', 'line': 98}",PRESENT_PER_OBJECT_RECONCILIATION_FROM_CURRENT_ARGUMENT
BA:event:839:015,HIGH,ordinary repertoire; recipient agency/contrary endpoint; provenance/identity/modes,ADMITTED_WITH_LIMITS_CYCLE008; QUALIFIED_CONTENT_COMPLETE; PUBLICATION_STATUS_IN_CYCLE008_CHECKPOINT,"015 is explicitly 予告編, a preview. It includes future festival preparation, Saya's important-reference-person summons, statements of loyalty, Kai's claim that he can cure Kisaki and caused her condition, Kisaki's refusal to trade her rest for others' harm, and Shuerin's greeting. Those are actually received preview words, not completed chronological scenes within001–014 or independently verified causation/cure. The next whole package remains its own mandatory responsibility; quoted teaser material does not discharge it.",series/blue-archive/02 Sequential Readings/EVENTS/EVENT_839/BLUE_ARCHIVE_EVENT_839_CONTEXTUALIZATION_CHECKPOINT.md,"{'owner_route_key': '839', 'line': 126}",PRESENT_PER_OBJECT_RECONCILIATION_FROM_CURRENT_ARGUMENT
BA:event:840:001,CORE,ordinary repertoire; institution/work; provenance/identity/modes,ADMITTED_WITH_LIMITS_CYCLE008; QUALIFIED_CONTENT_COMPLETE; PUBLICATION_STATUS_IN_CYCLE008_CHECKPOINT,"u0036–0089 combines rumors, staff knowledge limits and Mina's festival explanation. The established lanterns, fireworks, food and theatre are not background decoration: they are the ordinary repertoire residents expect to share. Mina initially treats outsiders largely through diplomatic burden and interference, yet says differing opinions deserve hearing (u0079–0081). Kisaki initially decides that the customary festival should demonstrate resilience after the prior crisis (u0093–0109). Her own desire to meet Teacher, hear music and offer mooncakes remains distinct from the office's public justification; joking medicinal spices do not prove nutritional efficacy.",series/blue-archive/02 Sequential Readings/EVENTS/EVENT_840/BLUE_ARCHIVE_EVENT_840_CONTEXTUALIZATION_CHECKPOINT.md,"{'owner_route_key': '840', 'line': 76}",PRESENT_PER_OBJECT_RECONCILIATION_FROM_CURRENT_ARGUMENT
BA:event:840:002,CORE,institution/work; provenance/identity/modes,ADMITTED_WITH_LIMITS_CYCLE008; QUALIFIED_CONTENT_COMPLETE; PUBLICATION_STATUS_IN_CYCLE008_CHECKPOINT,"002 makes the costs concrete. Genbu personnel claim they can cope while the surrounding dialogue records exhausted setup and security labor; Rumi acknowledges Reijo's work (u0001–0027). Saya denies responsibility, requests exoneration and keeps the earlier Shun incident secret; her skin-softening account is a cover, not an accepted causal explanation.",series/blue-archive/02 Sequential Readings/EVENTS/EVENT_840/BLUE_ARCHIVE_EVENT_840_CONTEXTUALIZATION_CHECKPOINT.md,"{'owner_route_key': '840', 'line': 78}",PRESENT_PER_OBJECT_RECONCILIATION_FROM_CURRENT_ARGUMENT
BA:event:840:003,CORE,ordinary repertoire; relations/care,ADMITTED_WITH_LIMITS_CYCLE008; QUALIFIED_CONTENT_COMPLETE; PUBLICATION_STATUS_IN_CYCLE008_CHECKPOINT,"003 lets Reijo explain matters privately over tea. Her stomachache/night-watch worries, provisional responsibility and wish to be heard are intelligible both as business interests and personally wanted company (u0001–0019). Teacher pressing Mina to rest also encounters her request not to push her (u0115–0130).",series/blue-archive/02 Sequential Readings/EVENTS/EVENT_840/BLUE_ARCHIVE_EVENT_840_CONTEXTUALIZATION_CHECKPOINT.md,"{'owner_route_key': '840', 'line': 80}",PRESENT_PER_OBJECT_RECONCILIATION_FROM_CURRENT_ARGUMENT
BA:event:840:004,CORE,ordinary repertoire; recipient agency/contrary endpoint; relations/care; institution/work,ADMITTED_WITH_LIMITS_CYCLE008; QUALIFIED_CONTENT_COMPLETE; PUBLICATION_STATUS_IN_CYCLE008_CHECKPOINT,"u0001–0043 fulfills the outing: egg tarts, the wanted fruit-and-cream crepe, matcha pairing, walking and feeding pandas. The reference to some older students avoiding a supposedly untraditional crepe makes small tastes a real site of tradition and variation. Kisaki's enthusiastic request and satisfied return are actual positive endpoints, not inferred wellbeing from a policy success. Teacher cautions against approaching pandas too closely. Kokona enjoys being called instructor but explicitly tells Teacher not to pat her head (u0044–0059); the care interpretation must preserve that boundary and her continuing work rather than treat her delight as blanket permission.",series/blue-archive/02 Sequential Readings/EVENTS/EVENT_840/BLUE_ARCHIVE_EVENT_840_CONTEXTUALIZATION_CHECKPOINT.md,"{'owner_route_key': '840', 'line': 85}",PRESENT_PER_OBJECT_RECONCILIATION_FROM_CURRENT_ARGUMENT
BA:event:840:005,CORE,institution/work; provenance/identity/modes,ADMITTED_WITH_LIMITS_CYCLE008; QUALIFIED_CONTENT_COMPLETE; PUBLICATION_STATUS_IN_CYCLE008_CHECKPOINT,"005 begins with distressed research members; the betrayer's assertion that their lives are not threatened is not a printed recovery. Kai returns to a hidden facility preserved from Saya and calls the club hers, while her follower endorses that possession (u0001–0030). Kai's ownership is contested speech, not an installed institutional fact. Mina and Reijo fight through hired mercenaries, with physical exhaustion and their noir/strength teasing intact. Reijo suspects redirected security made intrusion possible; the causal explanation remains her proposal (u0067–0078), alongside her actual complaint about commercial losses.",series/blue-archive/02 Sequential Readings/EVENTS/EVENT_840/BLUE_ARCHIVE_EVENT_840_CONTEXTUALIZATION_CHECKPOINT.md,"{'owner_route_key': '840', 'line': 92}",PRESENT_PER_OBJECT_RECONCILIATION_FROM_CURRENT_ARGUMENT
BA:event:840:006,CORE,recipient agency/contrary endpoint; provenance/identity/modes,ADMITTED_WITH_LIMITS_CYCLE008; QUALIFIED_CONTENT_COMPLETE; PUBLICATION_STATUS_IN_CYCLE008_CHECKPOINT,"Kai announces the first elixir completed, takes it and reports vitality. Her follower’s painful response has no printed recovery; Kai values deliberately disrupted festival preparation. The immortals legend and claimed benefits remain her interpretation, not validated medicine or harmless research.",series/blue-archive/02 Sequential Readings/EVENTS/EVENT_840/BLUE_ARCHIVE_EVENT_840_CONTEXTUALIZATION_CHECKPOINT.md,"{'owner_route_key': '840', 'line': 94}",PRESENT_PER_OBJECT_RECONCILIATION_FROM_CURRENT_ARGUMENT
BA:event:840:007,CORE,recipient agency/contrary endpoint; institution/work; provenance/identity/modes,ADMITTED_WITH_LIMITS_CYCLE008; QUALIFIED_CONTENT_COMPLETE; PUBLICATION_STATUS_IN_CYCLE008_CHECKPOINT,007 shows Kisaki relieving exhausted Mina rather than accepting her request for punishment. Kai claims the right to the club; Kisaki denies it and recalls student suffering. Kai says she caused Kisaki's condition and can resolve it within one month if allowed ownership and the research processes in her name (u0058–0071). Kisaki recognizes a prior suspicion but refuses her own ease purchased through renewed harm to others (u0073–0077). This is an actual refusal of a coercive offer. It does not establish the proposed cure works or that enduring illness is obligatory virtue.,series/blue-archive/02 Sequential Readings/EVENTS/EVENT_840/BLUE_ARCHIVE_EVENT_840_CONTEXTUALIZATION_CHECKPOINT.md,"{'owner_route_key': '840', 'line': 96}",PRESENT_PER_OBJECT_RECONCILIATION_FROM_CURRENT_ARGUMENT
BA:event:840:008,CORE,relations/care; institution/work; provenance/identity/modes,ADMITTED_WITH_LIMITS_CYCLE008; QUALIFIED_CONTENT_COMPLETE; PUBLICATION_STATUS_IN_CYCLE008_CHECKPOINT,"008 escalates from bodily threat to an attack on legitimacy. Kai invokes exile, belonging and resentment, then says all her revenge is Kisaki's fault. Some members doubt the head, others challenge swallowing a criminal's claims; dissent is neither unanimous nor uniform. Teacher directs Mina and Reijo to remove Kisaki, frustrating Kai's immediate effort (u0057–0065). That evacuation is a completed protective intervention, not proof of long-term institutional recovery. Kai returns to her elixir goal, unconcerned with everything else.",series/blue-archive/02 Sequential Readings/EVENTS/EVENT_840/BLUE_ARCHIVE_EVENT_840_CONTEXTUALIZATION_CHECKPOINT.md,"{'owner_route_key': '840', 'line': 98}",PRESENT_PER_OBJECT_RECONCILIATION_FROM_CURRENT_ARGUMENT
BA:event:840:009,CORE,recipient agency/contrary endpoint; relations/care; institution/work; provenance/identity/modes,ADMITTED_WITH_LIMITS_CYCLE008; QUALIFIED_CONTENT_COMPLETE; PUBLICATION_STATUS_IN_CYCLE008_CHECKPOINT,"009 Reijo uses Genbu's functioning information network to report the crisis while sheltering Kisaki, Mina and Rumi. She identifies the strategic debt Genbu might gain without making shelter unreal care. Strong and moderate factions argue over Kisaki's second-year appointment; moderates recall its prior unanimous endorsement and the previous head's fall. Reijo's testimony that Genryumon is necessary to balance does not erase her dislike of it. The class-like conversation with Teacher considers imposed rather than sought power; her estimate that Kaguya is a stubborn artist, not an ambitious politician, anticipates the actual refusal (u0074–0090).",series/blue-archive/02 Sequential Readings/EVENTS/EVENT_840/BLUE_ARCHIVE_EVENT_840_CONTEXTUALIZATION_CHECKPOINT.md,"{'owner_route_key': '840', 'line': 101}",PRESENT_PER_OBJECT_RECONCILIATION_FROM_CURRENT_ARGUMENT
BA:event:840:010,CORE,ordinary repertoire; recipient agency/contrary endpoint,ADMITTED_WITH_LIMITS_CYCLE008; QUALIFIED_CONTENT_COMPLETE; PUBLICATION_STATUS_IN_CYCLE008_CHECKPOINT,"010 Rumi leaves Teacher and Kisaki space, but does so by pushing Reijo despite her objection (u0013–0018). Kind intention and unequal participation coexist. Kisaki's account of one-year-earlier Kai is retrospective testimony: promised enhancements brought enduring bodily or taste difficulties, and antidotes became instruments of forced obedience (u0036–0057). The unnamed taste victim is not automatically Izumi or another registered person. Kisaki distinguishes Saya's troublemaking and freely supplied requested antidotes from Kai's dependency, without declaring Saya's every experiment safe. Teacher in015 likewise admits difficulties.",series/blue-archive/02 Sequential Readings/EVENTS/EVENT_840/BLUE_ARCHIVE_EVENT_840_CONTEXTUALIZATION_CHECKPOINT.md,"{'owner_route_key': '840', 'line': 106}",PRESENT_PER_OBJECT_RECONCILIATION_FROM_CURRENT_ARGUMENT
BA:event:840:011,CORE,ordinary repertoire; recipient agency/contrary endpoint; relations/care; institution/work; provenance/identity/modes,ADMITTED_WITH_LIMITS_CYCLE008; QUALIFIED_CONTENT_COMPLETE; PUBLICATION_STATUS_IN_CYCLE008_CHECKPOINT,"011 Kisaki asks what tradition protects: the weak against immoral strength, gratitude and the right path, rather than automatic opposition to new influence. Kaguya reiterates theatre's purpose and wants Kisaki to defeat her publicly to restore authority. She admits greater caution was needed in the earlier action but has no regret about remonstrating (u0061–0066). Reconciliation therefore does not require erasing her objection. Her willingness to be repeatedly imprisoned or expelled is her stated devotion, not proof those punishments are fair or harmless.",series/blue-archive/02 Sequential Readings/EVENTS/EVENT_840/BLUE_ARCHIVE_EVENT_840_CONTEXTUALIZATION_CHECKPOINT.md,"{'owner_route_key': '840', 'line': 111}",PRESENT_PER_OBJECT_RECONCILIATION_FROM_CURRENT_ARGUMENT
BA:event:840:012,CORE,relations/care; provenance/identity/modes,ADMITTED_WITH_LIMITS_CYCLE008; QUALIFIED_CONTENT_COMPLETE; PUBLICATION_STATUS_IN_CYCLE008_CHECKPOINT,"Kaguya’s poor condition after the encounter prompts treatment, safe transfer and nursing orders; Kisaki postpones adjudication. Actual care responsibility qualifies sacrifice rhetoric, without a bloodless-combat claim, completed recovery or final judgment.",series/blue-archive/02 Sequential Readings/EVENTS/EVENT_840/BLUE_ARCHIVE_EVENT_840_CONTEXTUALIZATION_CHECKPOINT.md,"{'owner_route_key': '840', 'line': 113}",PRESENT_PER_OBJECT_RECONCILIATION_FROM_CURRENT_ARGUMENT
BA:event:840:013,CORE,recipient agency/contrary endpoint; institution/work,ADMITTED_WITH_LIMITS_CYCLE008; QUALIFIED_CONTENT_COMPLETE; PUBLICATION_STATUS_IN_CYCLE008_CHECKPOINT,"Guards explicitly cannot release Saya because of medicine dependence. Kisaki rebukes Mina’s unequal threat, listens and assumes Genryumon responsibility for release (u0010–0026). Dependence explains coercive power without reducing opponents to ideology or proving universal reform.",series/blue-archive/02 Sequential Readings/EVENTS/EVENT_840/BLUE_ARCHIVE_EVENT_840_CONTEXTUALIZATION_CHECKPOINT.md,"{'owner_route_key': '840', 'line': 113}",PRESENT_PER_OBJECT_RECONCILIATION_FROM_CURRENT_ARGUMENT
BA:event:840:014,CORE,ordinary repertoire; recipient agency/contrary endpoint; relations/care; institution/work,ADMITTED_WITH_LIMITS_CYCLE008; QUALIFIED_CONTENT_COMPLETE; PUBLICATION_STATUS_IN_CYCLE008_CHECKPOINT,"Saya is actually free and grateful, while worrying about Kisaki’s overexertion; retrieving the club remains necessary for medicine. The local release is real, and wanted care remains in tension with continuing work and unfinished bodily recovery.",series/blue-archive/02 Sequential Readings/EVENTS/EVENT_840/BLUE_ARCHIVE_EVENT_840_CONTEXTUALIZATION_CHECKPOINT.md,"{'owner_route_key': '840', 'line': 113}",PRESENT_PER_OBJECT_RECONCILIATION_FROM_CURRENT_ARGUMENT
BA:event:840:015,CORE,ordinary repertoire; recipient agency/contrary endpoint,ADMITTED_WITH_LIMITS_CYCLE008; QUALIFIED_CONTENT_COMPLETE; PUBLICATION_STATUS_IN_CYCLE008_CHECKPOINT,015 makes result-only experimentation confront recipients. Kai admits remembering damaged students as cases and insists they wanted the drugs. This argument does not annul agency or establish consent to the original harms.,series/blue-archive/02 Sequential Readings/EVENTS/EVENT_840/BLUE_ARCHIVE_EVENT_840_CONTEXTUALIZATION_CHECKPOINT.md,"{'owner_route_key': '840', 'line': 116}",PRESENT_PER_OBJECT_RECONCILIATION_FROM_CURRENT_ARGUMENT
BA:event:840:016,CORE,ordinary repertoire; recipient agency/contrary endpoint,ADMITTED_WITH_LIMITS_CYCLE008; QUALIFIED_CONTENT_COMPLETE; PUBLICATION_STATUS_IN_CYCLE008_CHECKPOINT,"016 explains Kisaki's current advantage as rejuvenation returning her to her best bodily period; its start is deliberately undisclosed (u0003–0010). This is in-world explanation of a temporary state, not a permanent cure. Kisaki chooses community recovery even though she would return to her prior frailty.017:u0001 narrates the incident's closure and the festival actually occurs; it supports broad local resolution, without printing individual assays, restored bodies of every victim, the follower's recovery, confinement transport or a cure of Kisaki's original illness.",series/blue-archive/02 Sequential Readings/EVENTS/EVENT_840/BLUE_ARCHIVE_EVENT_840_CONTEXTUALIZATION_CHECKPOINT.md,"{'owner_route_key': '840', 'line': 118}",PRESENT_PER_OBJECT_RECONCILIATION_FROM_CURRENT_ARGUMENT
BA:event:840:017,CORE,ordinary repertoire; recipient agency/contrary endpoint,ADMITTED_WITH_LIMITS_CYCLE008; QUALIFIED_CONTENT_COMPLETE; PUBLICATION_STATUS_IN_CYCLE008_CHECKPOINT,"016 explains Kisaki's current advantage as rejuvenation returning her to her best bodily period; its start is deliberately undisclosed (u0003–0010). This is in-world explanation of a temporary state, not a permanent cure. Kisaki chooses community recovery even though she would return to her prior frailty.017:u0001 narrates the incident's closure and the festival actually occurs; it supports broad local resolution, without printing individual assays, restored bodies of every victim, the follower's recovery, confinement transport or a cure of Kisaki's original illness.",series/blue-archive/02 Sequential Readings/EVENTS/EVENT_840/BLUE_ARCHIVE_EVENT_840_CONTEXTUALIZATION_CHECKPOINT.md,"{'owner_route_key': '840', 'line': 118}",PRESENT_PER_OBJECT_RECONCILIATION_FROM_CURRENT_ARGUMENT
BA:event:841:001,HIGH,source-specific local progression and endpoint,ADMITTED_WITH_LIMITS_CYCLE008; QUALIFIED_CONTENT_COMPLETE; PUBLICATION_STATUS_IN_CYCLE008_CHECKPOINT,The prologue frames Mari’s agency and guilt without completing the cause or outcome.,series/blue-archive/02 Sequential Readings/EVENTS/EVENT_841/BLUE_ARCHIVE_EVENT_841_CONTEXTUALIZATION_CHECKPOINT.md,"{'owner_route_key': '841', 'line': 1071}",EXPLICIT_CURRENT_EPISODE_MAP
BA:event:841:002,CORE,ordinary repertoire,ADMITTED_WITH_LIMITS_CYCLE008; QUALIFIED_CONTENT_COMPLETE; PUBLICATION_STATUS_IN_CYCLE008_CHECKPOINT,Competing leaders impose a junior arbitrator role while Mine’s own cute interest defeats a purely martial image.,series/blue-archive/02 Sequential Readings/EVENTS/EVENT_841/BLUE_ARCHIVE_EVENT_841_CONTEXTUALIZATION_CHECKPOINT.md,"{'owner_route_key': '841', 'line': 1085}",EXPLICIT_CURRENT_EPISODE_MAP
BA:event:841:003,HIGH,ordinary repertoire; recipient agency/contrary endpoint,ADMITTED_WITH_LIMITS_CYCLE008; QUALIFIED_CONTENT_COMPLETE; PUBLICATION_STATUS_IN_CYCLE008_CHECKPOINT,Abydos surprise-clothing refusals distinguish a prior promise from informed agreement to this proposal.,series/blue-archive/02 Sequential Readings/EVENTS/EVENT_841/BLUE_ARCHIVE_EVENT_841_CONTEXTUALIZATION_CHECKPOINT.md,"{'owner_route_key': '841', 'line': 1099}",EXPLICIT_CURRENT_EPISODE_MAP
BA:event:841:004,CORE,recipient agency/contrary endpoint,ADMITTED_WITH_LIMITS_CYCLE008; QUALIFIED_CONTENT_COMPLETE; PUBLICATION_STATUS_IN_CYCLE008_CHECKPOINT,Mari’s own wish and the pair’s objections are different responses to the same invitation and teacher gaze.,series/blue-archive/02 Sequential Readings/EVENTS/EVENT_841/BLUE_ARCHIVE_EVENT_841_CONTEXTUALIZATION_CHECKPOINT.md,"{'owner_route_key': '841', 'line': 1113}",EXPLICIT_CURRENT_EPISODE_MAP
BA:event:841:005,HIGH,ordinary repertoire; recipient agency/contrary endpoint; institution/work,ADMITTED_WITH_LIMITS_CYCLE008; QUALIFIED_CONTENT_COMPLETE; PUBLICATION_STATUS_IN_CYCLE008_CHECKPOINT,"Dance becomes useful in a hostage encounter while police work, embarrassment and pressure remain distinct.",series/blue-archive/02 Sequential Readings/EVENTS/EVENT_841/BLUE_ARCHIVE_EVENT_841_CONTEXTUALIZATION_CHECKPOINT.md,"{'owner_route_key': '841', 'line': 1127}",EXPLICIT_CURRENT_EPISODE_MAP
BA:event:841:006,HIGH,recipient agency/contrary endpoint; institution/work,ADMITTED_WITH_LIMITS_CYCLE008; QUALIFIED_CONTENT_COMPLETE; PUBLICATION_STATUS_IN_CYCLE008_CHECKPOINT,Mari imagines idol fun beyond usefulness; Fubuki’s work-reduction motive supplies a contrary recipient purpose.,series/blue-archive/02 Sequential Readings/EVENTS/EVENT_841/BLUE_ARCHIVE_EVENT_841_CONTEXTUALIZATION_CHECKPOINT.md,"{'owner_route_key': '841', 'line': 1141}",EXPLICIT_CURRENT_EPISODE_MAP
BA:event:841:007,CORE,recipient agency/contrary endpoint,ADMITTED_WITH_LIMITS_CYCLE008; QUALIFIED_CONTENT_COMPLETE; PUBLICATION_STATUS_IN_CYCLE008_CHECKPOINT,Chosen listening and engrossment make Mari’s developing desire recoverable before later explicit assent.,series/blue-archive/02 Sequential Readings/EVENTS/EVENT_841/BLUE_ARCHIVE_EVENT_841_CONTEXTUALIZATION_CHECKPOINT.md,"{'owner_route_key': '841', 'line': 1155}",EXPLICIT_CURRENT_EPISODE_MAP
BA:event:841:008,CORE,recipient agency/contrary endpoint,ADMITTED_WITH_LIMITS_CYCLE008; QUALIFIED_CONTENT_COMPLETE; PUBLICATION_STATUS_IN_CYCLE008_CHECKPOINT,"Recognition of junior refusal costs produces a contact cutoff, which obstructs Nagisa’s attempted clarification.",series/blue-archive/02 Sequential Readings/EVENTS/EVENT_841/BLUE_ARCHIVE_EVENT_841_CONTEXTUALIZATION_CHECKPOINT.md,"{'owner_route_key': '841', 'line': 1169}",EXPLICIT_CURRENT_EPISODE_MAP
BA:event:841:009,CORE,source-specific local progression and endpoint,ADMITTED_WITH_LIMITS_CYCLE008; QUALIFIED_CONTENT_COMPLETE; PUBLICATION_STATUS_IN_CYCLE008_CHECKPOINT,Mika warns against escalation before Nagisa’s actual HOST-capacity mobilization; rival judgments remain visible.,series/blue-archive/02 Sequential Readings/EVENTS/EVENT_841/BLUE_ARCHIVE_EVENT_841_CONTEXTUALIZATION_CHECKPOINT.md,"{'owner_route_key': '841', 'line': 1183}",EXPLICIT_CURRENT_EPISODE_MAP
BA:event:841:010,CORE,ordinary repertoire,ADMITTED_WITH_LIMITS_CYCLE008; QUALIFIED_CONTENT_COMPLETE; PUBLICATION_STATUS_IN_CYCLE008_CHECKPOINT,Mari’s explicit wanted participation and the idol-role explanation resolve the immediate misunderstanding.,series/blue-archive/02 Sequential Readings/EVENTS/EVENT_841/BLUE_ARCHIVE_EVENT_841_CONTEXTUALIZATION_CHECKPOINT.md,"{'owner_route_key': '841', 'line': 1197}",EXPLICIT_CURRENT_EPISODE_MAP
BA:event:841:011,CORE,ordinary repertoire,ADMITTED_WITH_LIMITS_CYCLE008; QUALIFIED_CONTENT_COMPLETE; PUBLICATION_STATUS_IN_CYCLE008_CHECKPOINT,"Chosen pleasure, chosen return and photo control coexist; performance does not waive image limits.",series/blue-archive/02 Sequential Readings/EVENTS/EVENT_841/BLUE_ARCHIVE_EVENT_841_CONTEXTUALIZATION_CHECKPOINT.md,"{'owner_route_key': '841', 'line': 1211}",EXPLICIT_CURRENT_EPISODE_MAP
BA:event:841:012,HIGH,source-specific local progression and endpoint,ADMITTED_WITH_LIMITS_CYCLE008; QUALIFIED_CONTENT_COMPLETE; PUBLICATION_STATUS_IN_CYCLE008_CHECKPOINT,"Abydos fear, reconsideration and actual rehearsal improvement qualify an uncomplicated participation story.",series/blue-archive/02 Sequential Readings/EVENTS/EVENT_841/BLUE_ARCHIVE_EVENT_841_CONTEXTUALIZATION_CHECKPOINT.md,"{'owner_route_key': '841', 'line': 1225}",EXPLICIT_CURRENT_EPISODE_MAP
BA:event:841:013,CORE,source-specific local progression and endpoint,ADMITTED_WITH_LIMITS_CYCLE008; QUALIFIED_CONTENT_COMPLETE; PUBLICATION_STATUS_IN_CYCLE008_CHECKPOINT,Supported creative performance has mixed reception and fails advancement yet remains a valued experience.,series/blue-archive/02 Sequential Readings/EVENTS/EVENT_841/BLUE_ARCHIVE_EVENT_841_CONTEXTUALIZATION_CHECKPOINT.md,"{'owner_route_key': '841', 'line': 1239}",EXPLICIT_CURRENT_EPISODE_MAP
BA:event:841:014,HIGH,ordinary repertoire; recipient agency/contrary endpoint,ADMITTED_WITH_LIMITS_CYCLE008; QUALIFIED_CONTENT_COMPLETE; PUBLICATION_STATUS_IN_CYCLE008_CHECKPOINT,Airi restores the café’s purpose after excessive horror drives customers away; peer objections and play matter.,series/blue-archive/02 Sequential Readings/EVENTS/EVENT_841/BLUE_ARCHIVE_EVENT_841_CONTEXTUALIZATION_CHECKPOINT.md,"{'owner_route_key': '841', 'line': 1253}",EXPLICIT_CURRENT_EPISODE_MAP
BA:event:841:015,HIGH,ordinary repertoire; recipient agency/contrary endpoint; relations/care,ADMITTED_WITH_LIMITS_CYCLE008; QUALIFIED_CONTENT_COMPLETE; PUBLICATION_STATUS_IN_CYCLE008_CHECKPOINT,"Corporate orders and felt inability to refuse coexist with wanted doughnuts, help and reduced tension.",series/blue-archive/02 Sequential Readings/EVENTS/EVENT_841/BLUE_ARCHIVE_EVENT_841_CONTEXTUALIZATION_CHECKPOINT.md,"{'owner_route_key': '841', 'line': 1267}",EXPLICIT_CURRENT_EPISODE_MAP
BA:event:841:016,CORE,ordinary repertoire; institution/work,ADMITTED_WITH_LIMITS_CYCLE008; QUALIFIED_CONTENT_COMPLETE; PUBLICATION_STATUS_IN_CYCLE008_CHECKPOINT,Tsurugi’s existing literary craft and wanted theatre support precede an actual successful role and a faint.,series/blue-archive/02 Sequential Readings/EVENTS/EVENT_841/BLUE_ARCHIVE_EVENT_841_CONTEXTUALIZATION_CHECKPOINT.md,"{'owner_route_key': '841', 'line': 1281}",EXPLICIT_CURRENT_EPISODE_MAP
BA:event:841:017,CORE,relations/care,ADMITTED_WITH_LIMITS_CYCLE008; QUALIFIED_CONTENT_COMPLETE; PUBLICATION_STATUS_IN_CYCLE008_CHECKPOINT,Love and peers receive ordinary student company without a heroic or rehabilitation threshold.,series/blue-archive/02 Sequential Readings/EVENTS/EVENT_841/BLUE_ARCHIVE_EVENT_841_CONTEXTUALIZATION_CHECKPOINT.md,"{'owner_route_key': '841', 'line': 1295}",EXPLICIT_CURRENT_EPISODE_MAP
BA:event:841:018,CORE,ordinary repertoire,ADMITTED_WITH_LIMITS_CYCLE008; QUALIFIED_CONTENT_COMPLETE; PUBLICATION_STATUS_IN_CYCLE008_CHECKPOINT,"Nagisa authors an art exhibition for her own enjoyment and recognition, preserving low attendance and tired peers.",series/blue-archive/02 Sequential Readings/EVENTS/EVENT_841/BLUE_ARCHIVE_EVENT_841_CONTEXTUALIZATION_CHECKPOINT.md,"{'owner_route_key': '841', 'line': 1309}",EXPLICIT_CURRENT_EPISODE_MAP
BA:event:841:019,HIGH,recipient agency/contrary endpoint; relations/care,ADMITTED_WITH_LIMITS_CYCLE008; QUALIFIED_CONTENT_COMPLETE; PUBLICATION_STATUS_IN_CYCLE008_CHECKPOINT,Constructive Gourmet help complicates a universal destructive reading without erasing coercive reputation.,series/blue-archive/02 Sequential Readings/EVENTS/EVENT_841/BLUE_ARCHIVE_EVENT_841_CONTEXTUALIZATION_CHECKPOINT.md,"{'owner_route_key': '841', 'line': 1323}",EXPLICIT_CURRENT_EPISODE_MAP
BA:event:842:001,SUPPORTING,recipient agency/contrary endpoint; provenance/identity/modes,ADMITTED_WITH_LIMITS_CYCLE008; QUALIFIED_CONTENT_COMPLETE; PUBLICATION_STATUS_IN_CYCLE008_CHECKPOINT,"the narrow locker teaser gives Koyuki's discomfort and a printed inward quieting request, E001U1–9. Its concealed circumstances are supplied in006. No inserted video was viewed; the teaser does not independently establish sexual contact, mutual physical consent or another escape. It remains mandatory received text.",series/blue-archive/02 Sequential Readings/EVENTS/EVENT_842/BLUE_ARCHIVE_EVENT_842_CONTEXTUALIZATION_CHECKPOINT.md,"{'owner_route_key': '842', 'line': 77}",EXPLICIT_CURRENT_EPISODE_MAP
BA:event:842:002,CORE,ordinary repertoire,ADMITTED_WITH_LIMITS_CYCLE008; QUALIFIED_CONTENT_COMPLETE; PUBLICATION_STATUS_IN_CYCLE008_CHECKPOINT,"Koyuki stages solitary year-end celebration inside the reflection room, initially under unknown speaker markings. Yuuka accuses her of again taking Seminar funds and demands reflection, E002U11–40. Actual attendance is established in004, rather than invented from the invitation alone.",series/blue-archive/02 Sequential Readings/EVENTS/EVENT_842/BLUE_ARCHIVE_EVENT_842_CONTEXTUALIZATION_CHECKPOINT.md,"{'owner_route_key': '842', 'line': 79}",EXPLICIT_CURRENT_EPISODE_MAP
BA:event:842:003,CORE,ordinary repertoire,ADMITTED_WITH_LIMITS_CYCLE008; QUALIFIED_CONTENT_COMPLETE; PUBLICATION_STATUS_IN_CYCLE008_CHECKPOINT,"Yuuka prepared rabbit pyjamas fitting Koyuki, snacks and a private party to improve personal communication; Noa accepts and enjoys the prospect, E003U5–24. Noa's teasing about Yuuka's room meets a request not to touch, E003U27–33. Noa's 'perfect' reassurance does not convert this acknowledged uncertainty into successful security closure.",series/blue-archive/02 Sequential Readings/EVENTS/EVENT_842/BLUE_ARCHIVE_EVENT_842_CONTEXTUALIZATION_CHECKPOINT.md,"{'owner_route_key': '842', 'line': 81}",EXPLICIT_CURRENT_EPISODE_MAP
BA:event:842:004,CORE,ordinary repertoire; recipient agency/contrary endpoint,ADMITTED_WITH_LIMITS_CYCLE008; QUALIFIED_CONTENT_COMPLETE; PUBLICATION_STATUS_IN_CYCLE008_CHECKPOINT,"a strong card is actually opened and offered by Koyuki to Sensei, with her belief in his good luck and a request for future openings, E004U4–19. Her superstition is not an established probability mechanism; the gift need not be stripped of pleasure because the funding is unresolved. Returning seniors and a security buzzer trigger concealment. They arrive with the pyjama-party plan but explicitly do not release Koyuki from the room, E004U49–66. Noa notices a changed box position; card discovery, reproach and flight with the pyjamas follow. Noa's enjoyment of surprises does not establish Koyuki's enjoyment of being pursued.",series/blue-archive/02 Sequential Readings/EVENTS/EVENT_842/BLUE_ARCHIVE_EVENT_842_CONTEXTUALIZATION_CHECKPOINT.md,"{'owner_route_key': '842', 'line': 85}",EXPLICIT_CURRENT_EPISODE_MAP
BA:event:842:005,CORE,ordinary repertoire,ADMITTED_WITH_LIMITS_CYCLE008; QUALIFIED_CONTENT_COMPLETE; PUBLICATION_STATUS_IN_CYCLE008_CHECKPOINT,"the guided move reaches Koyuki; she is actually wearing Yuuka's pyjamas and accepts the gift as kindness, E005U14–24. Her knowledge of escape systems is locally useful. That interested framing does not make every allegation independently adjudicated.",series/blue-archive/02 Sequential Readings/EVENTS/EVENT_842/BLUE_ARCHIVE_EVENT_842_CONTEXTUALIZATION_CHECKPOINT.md,"{'owner_route_key': '842', 'line': 89}",EXPLICIT_CURRENT_EPISODE_MAP
BA:event:842:006,CORE,provenance/identity/modes,ADMITTED_WITH_LIMITS_CYCLE008; QUALIFIED_CONTENT_COMPLETE; PUBLICATION_STATUS_IN_CYCLE008_CHECKPOINT,"Koyuki reports the drones subdued without destruction, E006U1–2. The planned door does not open and Hare/Kotama are counter-hacked; they infer Chihiro's familiar method and describe her security role, E006U11–34. The apparent reprieve and Koyuki's remaining sense of a gaze, E006U126–147, prepare the later disclosure rather than establishing total invisibility.",series/blue-archive/02 Sequential Readings/EVENTS/EVENT_842/BLUE_ARCHIVE_EVENT_842_CONTEXTUALIZATION_CHECKPOINT.md,"{'owner_route_key': '842', 'line': 91}",EXPLICIT_CURRENT_EPISODE_MAP
BA:event:842:007,CORE,recipient agency/contrary endpoint; relations/care; provenance/identity/modes,ADMITTED_WITH_LIMITS_CYCLE008; QUALIFIED_CONTENT_COMPLETE; PUBLICATION_STATUS_IN_CYCLE008_CHECKPOINT,"the old passage lacks surveillance and soon lacks communication, according to the helpers, E007U2–16. Koyuki fears falling in darkness. Sensei prioritizes avoiding injury and asks for lights even though their power use will reveal location, E007U17–30. That is an actual tradeoff among safety and escape, not a proof of safe conditions. The switch instead exposes drone presence; Sensei inwardly recognizes that they may have been anticipated, E007U31–41. The helpers' apparently safe route fails without erasing their practical effort.",series/blue-archive/02 Sequential Readings/EVENTS/EVENT_842/BLUE_ARCHIVE_EVENT_842_CONTEXTUALIZATION_CHECKPOINT.md,"{'owner_route_key': '842', 'line': 93}",EXPLICIT_CURRENT_EPISODE_MAP
BA:event:842:008,CORE,recipient agency/contrary endpoint; relations/care; provenance/identity/modes,ADMITTED_WITH_LIMITS_CYCLE008; QUALIFIED_CONTENT_COMPLETE; PUBLICATION_STATUS_IN_CYCLE008_CHECKPOINT,"communications resume and the claimed final exit is interrupted by Chihiro arriving at the remote helpers' location, E008U7–25. Their distress and wish to flee are printed; no unseen punishment, injury or torture is inferred. Koyuki hides Sensei and gives a short farewell-like wish for his safety before Yuuka confronts her, E008U39–53. Her plea to remember her is not death. Sensei then notices footsteps and attempts increasingly fast, silent movement; capture is confirmed by Noa's later account, not inferred from every sound.",series/blue-archive/02 Sequential Readings/EVENTS/EVENT_842/BLUE_ARCHIVE_EVENT_842_CONTEXTUALIZATION_CHECKPOINT.md,"{'owner_route_key': '842', 'line': 95}",EXPLICIT_CURRENT_EPISODE_MAP
BA:event:842:009,CORE,ordinary repertoire; relations/care,ADMITTED_WITH_LIMITS_CYCLE008; QUALIFIED_CONTENT_COMPLETE; PUBLICATION_STATUS_IN_CYCLE008_CHECKPOINT,"Noa explicitly says she caught Sensei and had noticed him since Koyuki's earlier flight, E009U16–24. She enjoyed their coordination and did not want to interrupt their apparent fun, while admitting she cannot know how Sensei felt and apologizing for possible discomfort, E009U25–40. Noa invites a separate countdown and couches companionship in concern over a girl walking alone, E009U67–94; it is an indirect request, not completed hand-holding from her earlier withdrawn joke.",series/blue-archive/02 Sequential Readings/EVENTS/EVENT_842/BLUE_ARCHIVE_EVENT_842_CONTEXTUALIZATION_CHECKPOINT.md,"{'owner_route_key': '842', 'line': 97}",EXPLICIT_CURRENT_EPISODE_MAP
BA:event:842:010,CORE,ordinary repertoire; relations/care,ADMITTED_WITH_LIMITS_CYCLE008; QUALIFIED_CONTENT_COMPLETE; PUBLICATION_STATUS_IN_CYCLE008_CHECKPOINT,"Noa considers celebration an occasion for company, memories and leaving an impression, E010U1–18. She recognizes her own indirectness and says one need not forcibly become straightforward to speak comfortably with Sensei, E010U20–42. Narration actually establishes their cleanup, her sleep, Sensei's return to Schale and the next afternoon, E010U68–70.",series/blue-archive/02 Sequential Readings/EVENTS/EVENT_842/BLUE_ARCHIVE_EVENT_842_CONTEXTUALIZATION_CHECKPOINT.md,"{'owner_route_key': '842', 'line': 99}",EXPLICIT_CURRENT_EPISODE_MAP
BA:event:842:011,CORE,ordinary repertoire; provenance/identity/modes,ADMITTED_WITH_LIMITS_CYCLE008; QUALIFIED_CONTENT_COMPLETE; PUBLICATION_STATUS_IN_CYCLE008_CHECKPOINT,"the party's game history is expanded. A five-loss probability is Kotama's statement, not recalculated documentary truth. Self-proposal establishes that specific origin, not a waiver for all bodily penalties or proof that every loss reflects destiny.",series/blue-archive/02 Sequential Readings/EVENTS/EVENT_842/BLUE_ARCHIVE_EVENT_842_CONTEXTUALIZATION_CHECKPOINT.md,"{'owner_route_key': '842', 'line': 103}",EXPLICIT_CURRENT_EPISODE_MAP
BA:event:842:012,CORE,ordinary repertoire; recipient agency/contrary endpoint; relations/care,ADMITTED_WITH_LIMITS_CYCLE008; QUALIFIED_CONTENT_COMPLETE; PUBLICATION_STATUS_IN_CYCLE008_CHECKPOINT,"the others call the one-sided game unfun and Noa apologizes for going too far, E012U1–4. Maki offers a classic BOOM time attack and snack-purchase penalty. Chihiro initially declines; Maki presses and partly admits wanting to see her lose, E012U22–27. She actually plays, discovers stress relief, and completes it with fists; her time is not better than the others, E012U28–39. Actual competence and new enjoyment are retained without making the initial pressure disappear, certifying permanent game devotion, or pretending she won. Firmware restoration is promised, not separately shown here.",series/blue-archive/02 Sequential Readings/EVENTS/EVENT_842/BLUE_ARCHIVE_EVENT_842_CONTEXTUALIZATION_CHECKPOINT.md,"{'owner_route_key': '842', 'line': 105}",EXPLICIT_CURRENT_EPISODE_MAP
BA:event:842:013,CORE,recipient agency/contrary endpoint; institution/work,ADMITTED_WITH_LIMITS_CYCLE008; QUALIFIED_CONTENT_COMPLETE; PUBLICATION_STATUS_IN_CYCLE008_CHECKPOINT,"while three seniors shop, Maki finds the new plum energy drink sour, asks Hare's permission before tasting, and experiments with amazake. Koyuki returns and incites further mixing. Sincere experimentation and shared-resource waste coexist; calling it research does not secure retrospective permission.",series/blue-archive/02 Sequential Readings/EVENTS/EVENT_842/BLUE_ARCHIVE_EVENT_842_CONTEXTUALIZATION_CHECKPOINT.md,"{'owner_route_key': '842', 'line': 107}",EXPLICIT_CURRENT_EPISODE_MAP
BA:event:842:014,CORE,institution/work; provenance/identity/modes,ADMITTED_WITH_LIMITS_CYCLE008; QUALIFIED_CONTENT_COMPLETE; PUBLICATION_STATUS_IN_CYCLE008_CHECKPOINT,"Noa proposes Truth or Dare to avoid throwing the mixture away, relying on her assessment that no dangerous ingredient appears present, E014U11–17. This is not a clinical safety audit. Noa answers Koyuki's underwear question without fluster, a specific self-report rather than permission to inspect or universal comfort with every disclosure.",series/blue-archive/02 Sequential Readings/EVENTS/EVENT_842/BLUE_ARCHIVE_EVENT_842_CONTEXTUALIZATION_CHECKPOINT.md,"{'owner_route_key': '842', 'line': 109}",EXPLICIT_CURRENT_EPISODE_MAP
BA:event:842:015,CORE,ordinary repertoire; institution/work; provenance/identity/modes,ADMITTED_WITH_LIMITS_CYCLE008; QUALIFIED_CONTENT_COMPLETE; PUBLICATION_STATUS_IN_CYCLE008_CHECKPOINT,"Chihiro wakes from shallow sleep and still has maintenance to do, E015U4–8. The conversation contrasts Veritas's reported freedom/information mission with her actual security work. A hope for tomorrow and next year remains a hope.",series/blue-archive/02 Sequential Readings/EVENTS/EVENT_842/BLUE_ARCHIVE_EVENT_842_CONTEXTUALIZATION_CHECKPOINT.md,"{'owner_route_key': '842', 'line': 113}",EXPLICIT_CURRENT_EPISODE_MAP
BA:event:843:001,HIGH,ordinary repertoire; recipient agency/contrary endpoint; relations/care,ADMITTED_WITH_LIMITS_CYCLE008; QUALIFIED_CONTENT_COMPLETE; PUBLICATION_STATUS_IN_CYCLE008_CHECKPOINT,"Seia’s independently wanted outing and wish to stand on her own are actually achieved with adult help. The ordinary wish has value in itself; accompaniment does not establish restored prophecy, universal independence or a clinical cure.",series/blue-archive/02 Sequential Readings/EVENTS/EVENT_843/BLUE_ARCHIVE_EVENT_843_CONTEXTUALIZATION_CHECKPOINT.md,"{'owner_route_key': '843', 'line': 66}",EXPLICIT_CURRENT_EPISODE_PRIORITY_WITH_SOURCE_SPECIFIC_LITERARY_REASON
BA:event:843:002,CORE,ordinary repertoire; recipient agency/contrary endpoint; relations/care; provenance/identity/modes,ADMITTED_WITH_LIMITS_CYCLE008; QUALIFIED_CONTENT_COMPLETE; PUBLICATION_STATUS_IN_CYCLE008_CHECKPOINT,"The one-week flashback stages Seia’s reciprocal right to worry and objection to unequal protection. Nagisa reports remission, lost prophecy and risk rather than a clinical cure; Seia explicitly knows her peers do not consider her worthless without prediction (u111–116). Adult support secures accompanied travel, yet Seia hears trust in him rather than herself and asks for a further arrangement. Her self-judgment is not the Tea Party’s doctrine.",series/blue-archive/02 Sequential Readings/EVENTS/EVENT_843/BLUE_ARCHIVE_EVENT_843_CONTEXTUALIZATION_CHECKPOINT.md,"{'owner_route_key': '843', 'line': 66}",EXPLICIT_CURRENT_EPISODE_PRIORITY_WITH_SOURCE_SPECIFIC_LITERARY_REASON
BA:event:843:003,HIGH,ordinary repertoire; relations/care; institution/work; provenance/identity/modes,ADMITTED_WITH_LIMITS_CYCLE008; QUALIFIED_CONTENT_COMPLETE; PUBLICATION_STATUS_IN_CYCLE008_CHECKPOINT,"E003 gives the price of secrecy in a concrete escort relation. Seia conducts covert investigation, disappears and explains she was lost. Karin asks for notice before leaving, not an all-purpose prohibition on movement. Asuna’s ご主人様 and Karin’s correction to 先生 produce Seia’s question about the adult’s relationship with them; that question establishes no unprinted sexual act. The teacher is reported to be leading Trinity students. Seia is surprised and chooses to trust that there is a reason. She wants an enjoyable EXPO under C&C accompaniment; these ordinary wishes are not merely diplomatic utility.",series/blue-archive/02 Sequential Readings/EVENTS/EVENT_843/BLUE_ARCHIVE_EVENT_843_CONTEXTUALIZATION_CHECKPOINT.md,"{'owner_route_key': '843', 'line': 70}",EXPLICIT_CURRENT_PACKAGE_OR_EPISODE_MAP
BA:event:843:004,HIGH,relations/care; provenance/identity/modes,ADMITTED_WITH_LIMITS_CYCLE008; QUALIFIED_CONTENT_COMPLETE; PUBLICATION_STATUS_IN_CYCLE008_CHECKPOINT,"E004/E006 are explicitly “one hour earlier, after Seia’s departure, at Rio’s hideout,” and must be treated as labeled flashback material rather than a guaranteed file-order timeline. Rio is reluctant to voice concerns without more information about Neru’s reaction. Neru wants direct speech and says she will state what she cannot do; histrionic impatience coexists with a real promise of company.",series/blue-archive/02 Sequential Readings/EVENTS/EVENT_843/BLUE_ARCHIVE_EVENT_843_CONTEXTUALIZATION_CHECKPOINT.md,"{'owner_route_key': '843', 'line': 72}",EXPLICIT_CURRENT_PACKAGE_OR_EPISODE_MAP
BA:event:843:005,CORE,relations/care; institution/work,ADMITTED_WITH_LIMITS_CYCLE008; QUALIFIED_CONTENT_COMPLETE; PUBLICATION_STATUS_IN_CYCLE008_CHECKPOINT,"E005 rejects Seia’s wish to go to a possible fight at the fitness center. Rio’s safety and diplomatic-risk rationale matters, particularly because Seia is a foreign official; the blunt “you will not help” phrase also wounds her. A predictive style does not cancel the recipient’s right to tell her what is unacceptable.",series/blue-archive/02 Sequential Readings/EVENTS/EVENT_843/BLUE_ARCHIVE_EVENT_843_CONTEXTUALIZATION_CHECKPOINT.md,"{'owner_route_key': '843', 'line': 74}",EXPLICIT_CURRENT_PACKAGE_OR_EPISODE_MAP
BA:event:843:006,CORE,recipient agency/contrary endpoint,ADMITTED_WITH_LIMITS_CYCLE008; QUALIFIED_CONTENT_COMPLETE; PUBLICATION_STATUS_IN_CYCLE008_CHECKPOINT,"After Seia outwardly agrees to Rio’s safety conditions, Rio newly recognizes that presentation and inner feeling differ and seeks reassurance. Neru says the hurtful words cannot be taken back; Rio’s prediction that she will always object openly then provokes an actual objection/refusal to being called simple-minded. The recipient retains boundaries, and predictive language supplies no guaranteed knowledge of feeling.",series/blue-archive/02 Sequential Readings/EVENTS/EVENT_843/BLUE_ARCHIVE_EVENT_843_CONTEXTUALIZATION_CHECKPOINT.md,"{'owner_route_key': '843', 'line': 74}",EXPLICIT_CURRENT_EPISODE_PRIORITY_WITH_SOURCE_SPECIFIC_LITERARY_REASON
BA:event:843:007,CORE,source-specific local progression and endpoint,ADMITTED_WITH_LIMITS_CYCLE008; QUALIFIED_CONTENT_COMPLETE; PUBLICATION_STATUS_IN_CYCLE008_CHECKPOINT,"E007 enlarges the same argument. Rio calls Big Sister’s creation and use a stain, says she isolated it on leaving and now has no other route. The text ends with a request for directions, not the accomplished destruction.",series/blue-archive/02 Sequential Readings/EVENTS/EVENT_843/BLUE_ARCHIVE_EVENT_843_CONTEXTUALIZATION_CHECKPOINT.md,"{'owner_route_key': '843', 'line': 76}",EXPLICIT_CURRENT_PACKAGE_OR_EPISODE_MAP
BA:event:843:008,CORE,ordinary repertoire; recipient agency/contrary endpoint; relations/care; provenance/identity/modes,ADMITTED_WITH_LIMITS_CYCLE008; QUALIFIED_CONTENT_COMPLETE; PUBLICATION_STATUS_IN_CYCLE008_CHECKPOINT,"E008 reports handover to Valkyrie, local avoidance of EXPO cancellation, joint adult operation and anger about incomplete information. Karin’s complaint to the adult/C&C chain is concrete accountability; Seia takes responsibility and apologizes. Neru offers future compensation, which is not performed restitution. Seia thanks the adult and says the worst ending would have occurred without him: an attributed counterfactual, not an independently performed alternate ending. Instead of rushing to Rio, the adult directs Seia to reflect on herself and timing. Later she sees Rio’s need to “prove” herself and realizes the accepted-by-others/not-by-self pattern is also her own.",series/blue-archive/02 Sequential Readings/EVENTS/EVENT_843/BLUE_ARCHIVE_EVENT_843_CONTEXTUALIZATION_CHECKPOINT.md,"{'owner_route_key': '843', 'line': 78}",EXPLICIT_CURRENT_PACKAGE_OR_EPISODE_MAP
BA:event:843:009,CORE,recipient agency/contrary endpoint; relations/care; institution/work; provenance/identity/modes,ADMITTED_WITH_LIMITS_CYCLE008; QUALIFIED_CONTENT_COMPLETE; PUBLICATION_STATUS_IN_CYCLE008_CHECKPOINT,"E009 refuses to turn the local EXPO outcome into complete institutional closure. Helmets expect correctional transfer and appreciate Mirai not abandoning them after capture. Mirai thinks her own sponsor abandoned her and cites failed mission/business relations. A door actually opens; the underground location and “safe place” are described, and Professor identifies himself as sponsor. He claims he prevented correctional transfer, takes some responsibility despite guiding others and says Mirai did enough. His further objective is withheld. Rescue is therefore a character claim and a local intervention, not proof of harmless sponsorship, official acquittal or his complete plan.",series/blue-archive/02 Sequential Readings/EVENTS/EVENT_843/BLUE_ARCHIVE_EVENT_843_CONTEXTUALIZATION_CHECKPOINT.md,"{'owner_route_key': '843', 'line': 82}",EXPLICIT_CURRENT_PACKAGE_OR_EPISODE_MAP
BA:event:844:001,CORE,ordinary repertoire; institution/work; provenance/identity/modes,ADMITTED_WITH_LIMITS_CYCLE008; QUALIFIED_CONTENT_COMPLETE; PUBLICATION_STATUS_IN_CYCLE008_CHECKPOINT,scene001 begins with Fuuka's disbelief that SchoolLunch has a day off. Their different choices prevent equating all work with imposed burden or treating Fuuka's rest as expendable.,series/blue-archive/02 Sequential Readings/EVENTS/EVENT_844/BLUE_ARCHIVE_EVENT_844_CONTEXTUALIZATION_CHECKPOINT.md,"{'owner_route_key': '844', 'line': 60}",PRESENT_PER_OBJECT_RECONCILIATION_FROM_CURRENT_ARGUMENT
BA:event:844:002,CORE,ordinary repertoire; institution/work; provenance/identity/modes,ADMITTED_WITH_LIMITS_CYCLE008; QUALIFIED_CONTENT_COMPLETE; PUBLICATION_STATUS_IN_CYCLE008_CHECKPOINT,scene001 begins with Fuuka's disbelief that SchoolLunch has a day off. Their different choices prevent equating all work with imposed burden or treating Fuuka's rest as expendable.,series/blue-archive/02 Sequential Readings/EVENTS/EVENT_844/BLUE_ARCHIVE_EVENT_844_CONTEXTUALIZATION_CHECKPOINT.md,"{'owner_route_key': '844', 'line': 60}",PRESENT_PER_OBJECT_RECONCILIATION_FROM_CURRENT_ARGUMENT
BA:event:844:003,CORE,ordinary repertoire; institution/work; provenance/identity/modes,ADMITTED_WITH_LIMITS_CYCLE008; QUALIFIED_CONTENT_COMPLETE; PUBLICATION_STATUS_IN_CYCLE008_CHECKPOINT,scene001 begins with Fuuka's disbelief that SchoolLunch has a day off. Their different choices prevent equating all work with imposed burden or treating Fuuka's rest as expendable.,series/blue-archive/02 Sequential Readings/EVENTS/EVENT_844/BLUE_ARCHIVE_EVENT_844_CONTEXTUALIZATION_CHECKPOINT.md,"{'owner_route_key': '844', 'line': 60}",PRESENT_PER_OBJECT_RECONCILIATION_FROM_CURRENT_ARGUMENT
BA:event:844:004,CORE,ordinary repertoire; institution/work; provenance/identity/modes,ADMITTED_WITH_LIMITS_CYCLE008; QUALIFIED_CONTENT_COMPLETE; PUBLICATION_STATUS_IN_CYCLE008_CHECKPOINT,scene001 begins with Fuuka's disbelief that SchoolLunch has a day off. Their different choices prevent equating all work with imposed burden or treating Fuuka's rest as expendable.,series/blue-archive/02 Sequential Readings/EVENTS/EVENT_844/BLUE_ARCHIVE_EVENT_844_CONTEXTUALIZATION_CHECKPOINT.md,"{'owner_route_key': '844', 'line': 60}",PRESENT_PER_OBJECT_RECONCILIATION_FROM_CURRENT_ARGUMENT
BA:event:844:005,CORE,source-specific local progression and endpoint,ADMITTED_WITH_LIMITS_CYCLE008; QUALIFIED_CONTENT_COMPLETE; PUBLICATION_STATUS_IN_CYCLE008_CHECKPOINT,In scene003 the chef tests a burner and collapses after an explosion; a passerby admits spilling gunpowder and asks whether cleaning was necessary. The final #video;10042 cue is received as text; no video content or performance has been inspected or credited.,series/blue-archive/02 Sequential Readings/EVENTS/EVENT_844/BLUE_ARCHIVE_EVENT_844_CONTEXTUALIZATION_CHECKPOINT.md,"{'owner_route_key': '844', 'line': 64}",PRESENT_PER_OBJECT_RECONCILIATION_FROM_CURRENT_ARGUMENT
BA:event:844:006,CORE,ordinary repertoire; provenance/identity/modes,ADMITTED_WITH_LIMITS_CYCLE008; QUALIFIED_CONTENT_COMPLETE; PUBLICATION_STATUS_IN_CYCLE008_CHECKPOINT,"scene001 Juri wants to taste before serving, but the food is taken out before that test. Her outing is interrupted, and no completed shopping/art/karaoke compensatory holiday is printed.",series/blue-archive/02 Sequential Readings/EVENTS/EVENT_844/BLUE_ARCHIVE_EVENT_844_CONTEXTUALIZATION_CHECKPOINT.md,"{'owner_route_key': '844', 'line': 67}",PRESENT_PER_OBJECT_RECONCILIATION_FROM_CURRENT_ARGUMENT
BA:event:844:007,CORE,institution/work,ADMITTED_WITH_LIMITS_CYCLE008; QUALIFIED_CONTENT_COMPLETE; PUBLICATION_STATUS_IN_CYCLE008_CHECKPOINT,006 Sena awakens a victim with a painful action. Invisible maintenance is made visible rather than reduced to school chaos.007's enormous target forces Sena finally to stop joking; that change does not erase earlier fascination.,series/blue-archive/02 Sequential Readings/EVENTS/EVENT_844/BLUE_ARCHIVE_EVENT_844_CONTEXTUALIZATION_CHECKPOINT.md,"{'owner_route_key': '844', 'line': 78}",PRESENT_PER_OBJECT_RECONCILIATION_FROM_CURRENT_ARGUMENT
BA:event:844:008,CORE,source-specific local progression and endpoint,ADMITTED_WITH_LIMITS_CYCLE008; QUALIFIED_CONTENT_COMPLETE; PUBLICATION_STATUS_IN_CYCLE008_CHECKPOINT,"008 Ako admits the excess firepower initially aimed to inconvenience Teacher, yet does not order shooting regardless of city damage. Fuuka and Teacher identify her death-flag language; no death follows.",series/blue-archive/02 Sequential Readings/EVENTS/EVENT_844/BLUE_ARCHIVE_EVENT_844_CONTEXTUALIZATION_CHECKPOINT.md,"{'owner_route_key': '844', 'line': 81}",PRESENT_PER_OBJECT_RECONCILIATION_FROM_CURRENT_ARGUMENT
BA:event:844:009,CORE,source-specific local progression and endpoint,ADMITTED_WITH_LIMITS_CYCLE008; QUALIFIED_CONTENT_COMPLETE; PUBLICATION_STATUS_IN_CYCLE008_CHECKPOINT,"009 Juri actually stops its movement as a decoy and calls for firing. The collective outcome depends on Juri, Hina, Teacher and responders; neither solo invulnerability nor Juri's general incompetence fits.",series/blue-archive/02 Sequential Readings/EVENTS/EVENT_844/BLUE_ARCHIVE_EVENT_844_CONTEXTUALIZATION_CHECKPOINT.md,"{'owner_route_key': '844', 'line': 83}",PRESENT_PER_OBJECT_RECONCILIATION_FROM_CURRENT_ARGUMENT
BA:event:844:010,CORE,source-specific local progression and endpoint,ADMITTED_WITH_LIMITS_CYCLE008; QUALIFIED_CONTENT_COMPLETE; PUBLICATION_STATUS_IN_CYCLE008_CHECKPOINT,"scene001 finds Juri and Ako, plus the creature back to original size. This does not establish repaired buildings, compensated cafe losses, completed showers or everyone's recovery.",series/blue-archive/02 Sequential Readings/EVENTS/EVENT_844/BLUE_ARCHIVE_EVENT_844_CONTEXTUALIZATION_CHECKPOINT.md,"{'owner_route_key': '844', 'line': 86}",PRESENT_PER_OBJECT_RECONCILIATION_FROM_CURRENT_ARGUMENT
BA:event:845:001,HIGH,relations/care; institution/work; provenance/identity/modes,ADMITTED_WITH_LIMITS_CYCLE008; QUALIFIED_CONTENT_COMPLETE; PUBLICATION_STATUS_IN_CYCLE008_CHECKPOINT,"E001 sets an originally friendly corporate Shiratori Series, the Corgi Braves versus Abyssinian Raiders, now passionately watched at Millennium. Rei explains the companies’ history and scouting; Sumire searches189matches/189losses, which remains the represented search result rather than an independent sports archive. The screen incident is printed; no photograph pixels or advance blanket permission are supplied.",series/blue-archive/02 Sequential Readings/EVENTS/EVENT_845/BLUE_ARCHIVE_EVENT_845_CONTEXTUALIZATION_CHECKPOINT.md,"{'owner_route_key': '845', 'line': 78}",EXPLICIT_CURRENT_PACKAGE_OR_EPISODE_MAP
BA:event:845:002,CORE,ordinary repertoire; institution/work; provenance/identity/modes,ADMITTED_WITH_LIMITS_CYCLE008; QUALIFIED_CONTENT_COMPLETE; PUBLICATION_STATUS_IN_CYCLE008_CHECKPOINT,"E002 makes a concrete exception to restricted-room access under threat. A voice uses a changer according to Sumire and orders bunting, threatens consequences if Valkyrie is notified, and the coach reports a threat to the exclusively contracted dog-chew factory. Roles are agreed according to strengths; Sumire admits negotiation is not hers.",series/blue-archive/02 Sequential Readings/EVENTS/EVENT_845/BLUE_ARCHIVE_EVENT_845_CONTEXTUALIZATION_CHECKPOINT.md,"{'owner_route_key': '845', 'line': 80}",EXPLICIT_CURRENT_PACKAGE_OR_EPISODE_MAP
BA:event:845:003,CORE,ordinary repertoire; recipient agency/contrary endpoint; provenance/identity/modes,ADMITTED_WITH_LIMITS_CYCLE008; QUALIFIED_CONTENT_COMPLETE; PUBLICATION_STATUS_IN_CYCLE008_CHECKPOINT,"Sumire thoughtfully distinguishes individual training from baseball’s interdependent bonds, then mistakes heckling and rejected protein for culprit evidence. The spectators wanted drinks, not those ingredients, and reject/spit the shake; her health explanation does not turn preference into guilt. Adult doubt coexists with a represented personal-training intervention (u6–81; choices4–6). Ordinary taste and recipient refusal are consequential contrary evidence.",series/blue-archive/02 Sequential Readings/EVENTS/EVENT_845/BLUE_ARCHIVE_EVENT_845_CONTEXTUALIZATION_CHECKPOINT.md,"{'owner_route_key': '845', 'line': 82}",EXPLICIT_CURRENT_EPISODE_PRIORITY_WITH_SOURCE_SPECIFIC_LITERARY_REASON
BA:event:845:004,CORE,recipient agency/contrary endpoint; relations/care; provenance/identity/modes,ADMITTED_WITH_LIMITS_CYCLE008; QUALIFIED_CONTENT_COMPLETE; PUBLICATION_STATUS_IN_CYCLE008_CHECKPOINT,"The two exhausted recipients are confirmed ordinary members of the public, defeating Sumire’s suspicion. Her disappointment and continued search are printed; the adult returns to negotiations (u1–13). No apology or repair to those recipients occurs in this episode, so later reflections cannot erase this unfinished consequence.",series/blue-archive/02 Sequential Readings/EVENTS/EVENT_845/BLUE_ARCHIVE_EVENT_845_CONTEXTUALIZATION_CHECKPOINT.md,"{'owner_route_key': '845', 'line': 82}",EXPLICIT_CURRENT_EPISODE_PRIORITY_WITH_SOURCE_SPECIFIC_LITERARY_REASON
BA:event:845:005,HIGH,ordinary repertoire,ADMITTED_WITH_LIMITS_CYCLE008; QUALIFIED_CONTENT_COMPLETE; PUBLICATION_STATUS_IN_CYCLE008_CHECKPOINT,"E005 is not a rote statistics lesson. Rei loves a film about using analysis to rebuild a weak team and offers a later viewing; the film is unnamed. The caller’s collapse/distress and Rei’s admiration for determination remain local presentation, not a diagnosis or justification for threats.",series/blue-archive/02 Sequential Readings/EVENTS/EVENT_845/BLUE_ARCHIVE_EVENT_845_CONTEXTUALIZATION_CHECKPOINT.md,"{'owner_route_key': '845', 'line': 84}",EXPLICIT_CURRENT_PACKAGE_OR_EPISODE_MAP
BA:event:845:006,CORE,institution/work; provenance/identity/modes,ADMITTED_WITH_LIMITS_CYCLE008; QUALIFIED_CONTENT_COMPLETE; PUBLICATION_STATUS_IN_CYCLE008_CHECKPOINT,E006 contributes necessary Trinity cross-school range. Hanae cheerfully does not know the team name or baseball. A reportedly twenty-year patient fan actually erupts in abuse after a fielding error.,series/blue-archive/02 Sequential Readings/EVENTS/EVENT_845/BLUE_ARCHIVE_EVENT_845_CONTEXTUALIZATION_CHECKPOINT.md,"{'owner_route_key': '845', 'line': 86}",EXPLICIT_CURRENT_PACKAGE_OR_EPISODE_MAP
BA:event:845:007,CORE,ordinary repertoire,ADMITTED_WITH_LIMITS_CYCLE008; QUALIFIED_CONTENT_COMPLETE; PUBLICATION_STATUS_IN_CYCLE008_CHECKPOINT,"E007 complicates rather than simply rehabilitates Sumire. A recorder admits a bookmaker-upload plan; she says it was prevented, but he is not the threat caller. That principle is positive but remains in tension with E003/E004 and the final scene.",series/blue-archive/02 Sequential Readings/EVENTS/EVENT_845/BLUE_ARCHIVE_EVENT_845_CONTEXTUALIZATION_CHECKPOINT.md,"{'owner_route_key': '845', 'line': 88}",EXPLICIT_CURRENT_PACKAGE_OR_EPISODE_MAP
BA:event:845:008,CORE,recipient agency/contrary endpoint; relations/care; provenance/identity/modes,ADMITTED_WITH_LIMITS_CYCLE008; QUALIFIED_CONTENT_COMPLETE; PUBLICATION_STATUS_IN_CYCLE008_CHECKPOINT,"Rei asks why love brings anger and why the adult helps, specifically excluding an easy because-I-like-you answer. His inward/choice wish to help possibilities bloom reaches her; baseball plans then fail materially: first-pitch fly defeats the bunt-foul plan, and repeated timeouts buy localization time but eject the batter (u3–107). Help, liked sport and procedural harm must coexist; the tactic is not a harmless success.",series/blue-archive/02 Sequential Readings/EVENTS/EVENT_845/BLUE_ARCHIVE_EVENT_845_CONTEXTUALIZATION_CHECKPOINT.md,"{'owner_route_key': '845', 'line': 92}",EXPLICIT_CURRENT_EPISODE_PRIORITY_WITH_SOURCE_SPECIFIC_LITERARY_REASON
BA:event:845:009,CORE,ordinary repertoire; recipient agency/contrary endpoint; relations/care; institution/work; provenance/identity/modes,ADMITTED_WITH_LIMITS_CYCLE008; QUALIFIED_CONTENT_COMPLETE; PUBLICATION_STATUS_IN_CYCLE008_CHECKPOINT,"The threatened caller runs, claims a citizen’s rice onigiri despite objection, and is confronted as a Braves batter protects the fan. Refreshments/guards’ thanks do not prove every guard bribed or identify police. The literal citizen command at u49 and culprit reply at u50 remain an actor seam, and Sumire’s stadium-face claim is not a verified census (u1–57). Food, fandom and coercion remain distinct before battle.",series/blue-archive/02 Sequential Readings/EVENTS/EVENT_845/BLUE_ARCHIVE_EVENT_845_CONTEXTUALIZATION_CHECKPOINT.md,"{'owner_route_key': '845', 'line': 94}",EXPLICIT_CURRENT_EPISODE_PRIORITY_WITH_SOURCE_SPECIFIC_LITERARY_REASON
BA:event:845:010,CORE,ordinary repertoire; recipient agency/contrary endpoint; provenance/identity/modes,ADMITTED_WITH_LIMITS_CYCLE008; QUALIFIED_CONTENT_COMPLETE; PUBLICATION_STATUS_IN_CYCLE008_CHECKPOINT,"Battle opens with local culprit defeat. His claim that poor Braves play motivated the threats is identified as fandom, without excusing coercion. Ninth-inning defense strikes out three, but the fourth batter reports a stray bullet hit her wrist (u1–31). A completed capture/defense endpoint must retain collateral harm; neither specific shooter nor full medical recovery is printed.",series/blue-archive/02 Sequential Readings/EVENTS/EVENT_845/BLUE_ARCHIVE_EVENT_845_CONTEXTUALIZATION_CHECKPOINT.md,"{'owner_route_key': '845', 'line': 94}",EXPLICIT_CURRENT_EPISODE_PRIORITY_WITH_SOURCE_SPECIFIC_LITERARY_REASON
BA:event:845:011,CORE,ordinary repertoire; recipient agency/contrary endpoint; provenance/identity/modes,ADMITTED_WITH_LIMITS_CYCLE008; QUALIFIED_CONTENT_COMPLETE; PUBLICATION_STATUS_IN_CYCLE008_CHECKPOINT,"E011 gives actual victory through uncertainty, not a future-only promise. Sumire examines the wrist, says bones are not abnormal, advises the batter cannot grip today and warns of ligament damage; none of these is proof of formal clinical access or recovery. Her inward uncertainty and recalled Hanae/Sumire/coach/adult encouragement are represented memories, not four fresh independent incidents.",series/blue-archive/02 Sequential Readings/EVENTS/EVENT_845/BLUE_ARCHIVE_EVENT_845_CONTEXTUALIZATION_CHECKPOINT.md,"{'owner_route_key': '845', 'line': 96}",EXPLICIT_CURRENT_PACKAGE_OR_EPISODE_MAP
BA:event:845:012,CORE,ordinary repertoire; recipient agency/contrary endpoint; relations/care; institution/work; provenance/identity/modes,ADMITTED_WITH_LIMITS_CYCLE008; QUALIFIED_CONTENT_COMPLETE; PUBLICATION_STATUS_IN_CYCLE008_CHECKPOINT,"E012 gives the required contrary afterstate. Scene001 labels next morning; Scene002 locates the Millennium track. Rei receives equipment as thanks, refuses the offered player contract because she wants to rebuild her own Millennium club and intends to use the gift there. It is not a completed budget reform. She reports never having hit even in practice, declares herself reborn/strongest, then narration says the machine defeats her badly and she reports8%→7.9%. The adults’ encouragement did not convert one success into reliable general skill.",series/blue-archive/02 Sequential Readings/EVENTS/EVENT_845/BLUE_ARCHIVE_EVENT_845_CONTEXTUALIZATION_CHECKPOINT.md,"{'owner_route_key': '845', 'line': 100}",EXPLICIT_CURRENT_PACKAGE_OR_EPISODE_MAP
BA:event:846:001,SUPPORTING,provenance/identity/modes; bounded textual framing,ADMITTED_WITH_LIMITS_CYCLE008; QUALIFIED_CONTENT_COMPLETE; PUBLICATION_STATUS_IN_CYCLE008_CHECKPOINT,"The brief textual preview shows a freight train under attack. It securely supplies that framing function, without additional video plot or AV credit. The later management briefing, Aoba’s introduction and driver preferences belong to002 and are not credited to this preview.",series/blue-archive/02 Sequential Readings/EVENTS/EVENT_846/BLUE_ARCHIVE_EVENT_846_CONTEXTUALIZATION_CHECKPOINT.md,"{'owner_route_key': '846', 'line': 78}",EXPLICIT_CURRENT_PACKAGE_OR_EPISODE_MAP
BA:event:846:002,CORE,recipient agency/contrary endpoint; provenance/identity/modes,ADMITTED_WITH_LIMITS_CYCLE008; QUALIFIED_CONTENT_COMPLETE; PUBLICATION_STATUS_IN_CYCLE008_CHECKPOINT,"001 previews a freight train under attack. The brief scene earns that limited textual content, not additional video plot.002 then starts before the departure. Central management tells Nozomi and Hikari to transport the cargo safely and on time, with Aoba as mechanic. Management's claim that their driving skill is certain coexists with their boredom and refusal to listen to the entire briefing. The client accepts them with ominous laughter, but laughter is not criminal proof. At the station Aoba introduces herself as 内海アオバ; her muttered assessment of leaders and clumsy attempted disguises show that her hesitant speech is neither uncritical obedience nor inability to judge.",series/blue-archive/02 Sequential Readings/EVENTS/EVENT_846/BLUE_ARCHIVE_EVENT_846_CONTEXTUALIZATION_CHECKPOINT.md,"{'owner_route_key': '846', 'line': 78}",EXPLICIT_CURRENT_PACKAGE_OR_EPISODE_MAP
BA:event:846:003,CORE,ordinary repertoire; institution/work,ADMITTED_WITH_LIMITS_CYCLE008; QUALIFIED_CONTENT_COMPLETE; PUBLICATION_STATUS_IN_CYCLE008_CHECKPOINT,"003 makes Hikari's call to Teacher consequential. Aoba thinks the earlier invitation must have been politeness, but Teacher actually comes, pays the subway fare according to the twins' exchange, and asks them to stop noisy strap play. They comply with Teacher where Aoba's prior warnings had little force. Aoba asks that their behavior not stand for all Highlander executives and notes the public context of criticizing transport in uniform. Her school is not identical to these two students or the subway: Nozomi explicitly says subway fares are outside their jurisdiction (u0063).",series/blue-archive/02 Sequential Readings/EVENTS/EVENT_846/BLUE_ARCHIVE_EVENT_846_CONTEXTUALIZATION_CHECKPOINT.md,"{'owner_route_key': '846', 'line': 84}",EXPLICIT_CURRENT_PACKAGE_OR_EPISODE_MAP
BA:event:846:004,CORE,relations/care; institution/work; provenance/identity/modes,ADMITTED_WITH_LIMITS_CYCLE008; QUALIFIED_CONTENT_COMPLETE; PUBLICATION_STATUS_IN_CYCLE008_CHECKPOINT,"004 tests care through the recipient rather than through a giver's enthusiasm. Aoba says motion sickness is severe, especially in cars/buses, and that easier train travel influenced her school choice (u0025–0031). His actual delivery and Aoba's thanks (u0113–0118) support competent service at this scope.",series/blue-archive/02 Sequential Readings/EVENTS/EVENT_846/BLUE_ARCHIVE_EVENT_846_CONTEXTUALIZATION_CHECKPOINT.md,"{'owner_route_key': '846', 'line': 88}",EXPLICIT_CURRENT_PACKAGE_OR_EPISODE_MAP
BA:event:846:005,CORE,recipient agency/contrary endpoint; institution/work,ADMITTED_WITH_LIMITS_CYCLE008; QUALIFIED_CONTENT_COMPLETE; PUBLICATION_STATUS_IN_CYCLE008_CHECKPOINT,"005 gives Aoba's agency question substantive space. Teacher realizes the twins never established what they are moving. She rejects opening cargo without permission, and Teacher's refusal stops their casual proposal.",series/blue-archive/02 Sequential Readings/EVENTS/EVENT_846/BLUE_ARCHIVE_EVENT_846_CONTEXTUALIZATION_CHECKPOINT.md,"{'owner_route_key': '846', 'line': 92}",EXPLICIT_CURRENT_PACKAGE_OR_EPISODE_MAP
BA:event:846:006,CORE,ordinary repertoire; relations/care,ADMITTED_WITH_LIMITS_CYCLE008; QUALIFIED_CONTENT_COMPLETE; PUBLICATION_STATUS_IN_CYCLE008_CHECKPOINT,"The pizza arrives quickly but mangled. The deliverer treats speed and eventual ingestion as sufficient; Nozomi and Hikari insist that condition matters, and Aoba calls that later a minimum standard (006:u0051). They are entitled to a properly delivered meal even when their own conduct is inconsiderate. The fight damages the station room; a replacement is promised, time passes and Hikari declares herself recharged, without a detailed record of every bite or repair. The deliverer threatens retaliation, and Aoba explicitly means her own safety when asking whether he will pursue them. Her self-protection is not secretly universal concern that must be inferred to make her worthy.",series/blue-archive/02 Sequential Readings/EVENTS/EVENT_846/BLUE_ARCHIVE_EVENT_846_CONTEXTUALIZATION_CHECKPOINT.md,"{'owner_route_key': '846', 'line': 82}",EXPLICIT_CURRENT_PACKAGE_OR_EPISODE_MAP
BA:event:846:007,HIGH,institution/work,ADMITTED_WITH_LIMITS_CYCLE008; QUALIFIED_CONTENT_COMPLETE; PUBLICATION_STATUS_IN_CYCLE008_CHECKPOINT,"007 records the first attackers' defeat, praise for Teacher's command and the crew's actual departure after staff clear the track. Aoba still worries that they are missing a larger motive, but there is no time for questioning the defeated group. Her imagined loss and disciplinary punishment remain fear, not an actual sanction.",series/blue-archive/02 Sequential Readings/EVENTS/EVENT_846/BLUE_ARCHIVE_EVENT_846_CONTEXTUALIZATION_CHECKPOINT.md,"{'owner_route_key': '846', 'line': 96}",EXPLICIT_CURRENT_PACKAGE_OR_EPISODE_MAP
BA:event:846:008,CORE,institution/work,ADMITTED_WITH_LIMITS_CYCLE008; QUALIFIED_CONTENT_COMPLETE; PUBLICATION_STATUS_IN_CYCLE008_CHECKPOINT,"007 records the first attackers' defeat, praise for Teacher's command and the crew's actual departure after staff clear the track. Aoba still worries that they are missing a larger motive, but there is no time for questioning the defeated group. Her imagined loss and disciplinary punishment remain fear, not an actual sanction.",series/blue-archive/02 Sequential Readings/EVENTS/EVENT_846/BLUE_ARCHIVE_EVENT_846_CONTEXTUALIZATION_CHECKPOINT.md,"{'owner_route_key': '846', 'line': 96}",EXPLICIT_CURRENT_PACKAGE_OR_EPISODE_MAP
BA:event:846:009,HIGH,relations/care; institution/work,ADMITTED_WITH_LIMITS_CYCLE008; QUALIFIED_CONTENT_COMPLETE; PUBLICATION_STATUS_IN_CYCLE008_CHECKPOINT,"010 provide Iori's bounded public help. Iori announces Gehenna jurisdiction, recognizes Teacher and intervenes against the boarders, requesting Teacher's command. No acceptance is manufactured.",series/blue-archive/02 Sequential Readings/EVENTS/EVENT_846/BLUE_ARCHIVE_EVENT_846_CONTEXTUALIZATION_CHECKPOINT.md,"{'owner_route_key': '846', 'line': 98}",EXPLICIT_CURRENT_PACKAGE_OR_EPISODE_MAP
BA:event:846:010,CORE,relations/care; institution/work,ADMITTED_WITH_LIMITS_CYCLE008; QUALIFIED_CONTENT_COMPLETE; PUBLICATION_STATUS_IN_CYCLE008_CHECKPOINT,"010 provide Iori's bounded public help. Iori announces Gehenna jurisdiction, recognizes Teacher and intervenes against the boarders, requesting Teacher's command. No acceptance is manufactured.",series/blue-archive/02 Sequential Readings/EVENTS/EVENT_846/BLUE_ARCHIVE_EVENT_846_CONTEXTUALIZATION_CHECKPOINT.md,"{'owner_route_key': '846', 'line': 98}",EXPLICIT_CURRENT_PACKAGE_OR_EPISODE_MAP
BA:event:846:011,CORE,ordinary repertoire,ADMITTED_WITH_LIMITS_CYCLE008; QUALIFIED_CONTENT_COMPLETE; PUBLICATION_STATUS_IN_CYCLE008_CHECKPOINT,"011 makes Aoba's moral uncertainty explicit. The damaged corner reveals valuable art; she worries that unexplained valuable cargo, system errors, media and pursuit might be camouflage for wrongdoing or money laundering. The later innocent-client correction does not retrospectively make every blanket delivery rule sufficient.",series/blue-archive/02 Sequential Readings/EVENTS/EVENT_846/BLUE_ARCHIVE_EVENT_846_CONTEXTUALIZATION_CHECKPOINT.md,"{'owner_route_key': '846', 'line': 100}",EXPLICIT_CURRENT_PACKAGE_OR_EPISODE_MAP
BA:event:846:012,CORE,recipient agency/contrary endpoint; provenance/identity/modes,ADMITTED_WITH_LIMITS_CYCLE008; QUALIFIED_CONTENT_COMPLETE; PUBLICATION_STATUS_IN_CYCLE008_CHECKPOINT,"The renewed speed and failed brakes end that calm.012 shows ordinary and emergency braking fail; battle damage is posed as a possibility, not independently established cause. Teacher rejects Hikari's fanciful web/body stopping suggestions. Hikari pokes Teacher while imagining secret transformation powers; the ticklish option is a represented response, not proof of an actual power.",series/blue-archive/02 Sequential Readings/EVENTS/EVENT_846/BLUE_ARCHIVE_EVENT_846_CONTEXTUALIZATION_CHECKPOINT.md,"{'owner_route_key': '846', 'line': 102}",EXPLICIT_CURRENT_PACKAGE_OR_EPISODE_MAP
BA:event:846:013,CORE,source-specific local progression and endpoint,ADMITTED_WITH_LIMITS_CYCLE008; QUALIFIED_CONTENT_COMPLETE; PUBLICATION_STATUS_IN_CYCLE008_CHECKPOINT,013 corrects the appearance-based client judgment. Aoba calls him obviously bad; Teacher introduces him as a welfare-supporting businessman and scholarship donor through represented alternatives (u0034–0037). His damaged-sushi example reiterates why speed alone does not qualify a provider.,series/blue-archive/02 Sequential Readings/EVENTS/EVENT_846/BLUE_ARCHIVE_EVENT_846_CONTEXTUALIZATION_CHECKPOINT.md,"{'owner_route_key': '846', 'line': 104}",EXPLICIT_CURRENT_PACKAGE_OR_EPISODE_MAP
BA:event:847:001,CORE,ordinary repertoire; recipient agency/contrary endpoint; relations/care; provenance/identity/modes,ADMITTED_WITH_LIMITS_CYCLE008; QUALIFIED_CONTENT_COMPLETE; PUBLICATION_STATUS_IN_CYCLE008_CHECKPOINT,"The narrator's bright summer/友情/青春 frame is immediately complicated by Kikyou's actual preference: quiet reading of strategy books in her room (001:u0003–0005). Agreement to a friendly gathering was not informed agreement to a beach/festival (001:u0008–0014). Yukari has long wanted the sea, swimsuits and senior company, and pushes Kikyou to join. Renge explicitly stops forced participation and leaves an open invitation (001:u0015–0020). That refusal and accommodation are actual relationship evidence, not a prelude to be discarded after improvement.",series/blue-archive/02 Sequential Readings/EVENTS/EVENT_847/BLUE_ARCHIVE_EVENT_847_CONTEXTUALIZATION_CHECKPOINT.md,"{'owner_route_key': '847', 'line': 71}",EXPLICIT_CURRENT_PACKAGE_OR_EPISODE_MAP
BA:event:847:002,CORE,ordinary repertoire; provenance/identity/modes,ADMITTED_WITH_LIMITS_CYCLE008; QUALIFIED_CONTENT_COMPLETE; PUBLICATION_STATUS_IN_CYCLE008_CHECKPOINT,"Shizuko opens a100-person survival festival in002:u0001–0020, advertises prize money/free tickets/a special meal, and calls enjoyment the best profit. These are announced rewards/business claims, not a verified account of cost, payment or unanimous enjoyment. She asks the Teacher for a cat catchphrase; their dog/fox replies and later compliance make public performance playful. Her actual exhausted microphone slip is reframed as clumsiness. Kikyou interprets it as calculated character marketing, Renge initially calls it a mistake (002:u0022–0034). There is no omniscient declaration that every slip is staged. Her fatigue remains material even if she successfully plays it off.",series/blue-archive/02 Sequential Readings/EVENTS/EVENT_847/BLUE_ARCHIVE_EVENT_847_CONTEXTUALIZATION_CHECKPOINT.md,"{'owner_route_key': '847', 'line': 75}",EXPLICIT_CURRENT_PACKAGE_OR_EPISODE_MAP
BA:event:847:003,CORE,recipient agency/contrary endpoint; relations/care,ADMITTED_WITH_LIMITS_CYCLE008; QUALIFIED_CONTENT_COMPLETE; PUBLICATION_STATUS_IN_CYCLE008_CHECKPOINT,"003 begins with a pressured formation before a ten-minutes-earlier plan. Kikyou's sand-cover scheme is sensible on her expectations but fails to anticipate being singled out by rivals. “Perfect” is her expectation, not analyst certification. Nagusa's self-denigration that she only drags others down and Renge's efforts to steady both retain the image/competence tension without making either permanently helpless (003:u0001–0016).",series/blue-archive/02 Sequential Readings/EVENTS/EVENT_847/BLUE_ARCHIVE_EVENT_847_CONTEXTUALIZATION_CHECKPOINT.md,"{'owner_route_key': '847', 'line': 81}",EXPLICIT_CURRENT_PACKAGE_OR_EPISODE_MAP
BA:event:847:004,HIGH,relations/care; institution/work,ADMITTED_WITH_LIMITS_CYCLE008; QUALIFIED_CONTENT_COMPLETE; PUBLICATION_STATUS_IN_CYCLE008_CHECKPOINT,"Chise, Izuna and Mimori choose to help; Mimori explicitly says she is not a Ninja Research member (003:u0036–0043). Familiar collective work does not merge club affiliations. That is a constructed public account, not the truth of her whole person.",series/blue-archive/02 Sequential Readings/EVENTS/EVENT_847/BLUE_ARCHIVE_EVENT_847_CONTEXTUALIZATION_CHECKPOINT.md,"{'owner_route_key': '847', 'line': 85}",EXPLICIT_CURRENT_PACKAGE_OR_EPISODE_MAP
BA:event:847:005,CORE,ordinary repertoire; recipient agency/contrary endpoint; relations/care; institution/work; provenance/identity/modes,ADMITTED_WITH_LIMITS_CYCLE008; QUALIFIED_CONTENT_COMPLETE; PUBLICATION_STATUS_IN_CYCLE008_CHECKPOINT,"Nagusa actually eats yakitori; Kikyou initially refuses food then asks for one, which Nagusa supplies. Yukari explicitly praises its taste (005:u0001–0013). Food and care have their own small positive extent. Kikyou's stamina-recovery rationale does not establish a measured physiological gain. The boat's prior lifeguard assurance (004:u0025–0027) and Teacher's safety reassurance to Kikyou (005:u0017–0020) are preparations/claims, not a future guarantee.",series/blue-archive/02 Sequential Readings/EVENTS/EVENT_847/BLUE_ARCHIVE_EVENT_847_CONTEXTUALIZATION_CHECKPOINT.md,"{'owner_route_key': '847', 'line': 89}",EXPLICIT_CURRENT_PACKAGE_OR_EPISODE_MAP
BA:event:847:006,CORE,ordinary repertoire; institution/work,ADMITTED_WITH_LIMITS_CYCLE008; QUALIFIED_CONTENT_COMPLETE; PUBLICATION_STATUS_IN_CYCLE008_CHECKPOINT,"u0001–0019 establishes the round ending and all four passing, while the students are nauseated/exhausted and decline the marketed food. Shizuko's profitable work satisfaction is separate from their present appetite. The announcer's “everyone loves” next race is promotional language, contradicted by Kikyou's wish to avoid water. Kikyou plans safe/natural withdrawal rather than victory; her later chosen participation should not backdate an initial wholehearted commitment.",series/blue-archive/02 Sequential Readings/EVENTS/EVENT_847/BLUE_ARCHIVE_EVENT_847_CONTEXTUALIZATION_CHECKPOINT.md,"{'owner_route_key': '847', 'line': 93}",EXPLICIT_CURRENT_PACKAGE_OR_EPISODE_MAP
BA:event:847:007,CORE,recipient agency/contrary endpoint; relations/care; provenance/identity/modes,ADMITTED_WITH_LIMITS_CYCLE008; QUALIFIED_CONTENT_COMPLETE; PUBLICATION_STATUS_IN_CYCLE008_CHECKPOINT,"u0001–0019 gives actual waking/coughing and Teacher's shallow-water relief; no CPR, clinical examination, no-injury finding or later health guarantee is invented. Nagusa reports the race finished with Chise/Izuna through and all Hyakka out. The consolation preserves being rescued as valuable without requiring a trophy.",series/blue-archive/02 Sequential Readings/EVENTS/EVENT_847/BLUE_ARCHIVE_EVENT_847_CONTEXTUALIZATION_CHECKPOINT.md,"{'owner_route_key': '847', 'line': 101}",EXPLICIT_CURRENT_PACKAGE_OR_EPISODE_MAP
BA:event:847:008,CORE,ordinary repertoire; provenance/identity/modes,ADMITTED_WITH_LIMITS_CYCLE008; QUALIFIED_CONTENT_COMPLETE; PUBLICATION_STATUS_IN_CYCLE008_CHECKPOINT,"Shizuko announces an added paired-volleyball repechage for the eight eliminated racers; random pairing is the Teacher's announced method, not independently audited randomness. Rival claims of manipulated brackets later remain allegations. Kikyou wants not to cost Renge another chance. In008, the leader deceives Renge at rock-paper-scissors, deliberately targets the recently unconscious Kikyou and taunts her as a burden. Arata is reluctant yet participates and gets a nosebleed after a face-block. Renge's anger and strong play reverse the early deficit; the actual10–7 first victory does not mean Kikyou's doubts vanish immediately (008:u0017–0075).",series/blue-archive/02 Sequential Readings/EVENTS/EVENT_847/BLUE_ARCHIVE_EVENT_847_CONTEXTUALIZATION_CHECKPOINT.md,"{'owner_route_key': '847', 'line': 105}",EXPLICIT_CURRENT_PACKAGE_OR_EPISODE_MAP
BA:event:847:009,CORE,ordinary repertoire; provenance/identity/modes,ADMITTED_WITH_LIMITS_CYCLE008; QUALIFIED_CONTENT_COMPLETE; PUBLICATION_STATUS_IN_CYCLE008_CHECKPOINT,"009 gives Nagusa's actual private reflection that people can support one another without shame and an inward address to Ayame (u0004–0006). Ayame does not reply or awaken. The match reaches20–20 before a withheld outcome;010 later identifies Renge/Kikyou as winners, not an invented score beyond the20–20 display.",series/blue-archive/02 Sequential Readings/EVENTS/EVENT_847/BLUE_ARCHIVE_EVENT_847_CONTEXTUALIZATION_CHECKPOINT.md,"{'owner_route_key': '847', 'line': 109}",EXPLICIT_CURRENT_PACKAGE_OR_EPISODE_MAP
BA:event:847:010,CORE,ordinary repertoire; recipient agency/contrary endpoint,ADMITTED_WITH_LIMITS_CYCLE008; QUALIFIED_CONTENT_COMPLETE; PUBLICATION_STATUS_IN_CYCLE008_CHECKPOINT,"010 shows Nagusa eating after a good match and a proposed later volleyball game with others, not that every proposed game happens. Renge fulfils her teaching proposal with actual dog-paddle practice. Kikyou objects to apparently contradictory instructions and is embarrassed by the swimming style; she does not instantly learn all strokes. Final-event rules require unarmed pushing off a floating island, not a battle royale without rules. Drawn balls produce Renge–Kikyou and Izuna–Chise; these locally announced draws do not establish historical fairness beyond the scene.",series/blue-archive/02 Sequential Readings/EVENTS/EVENT_847/BLUE_ARCHIVE_EVENT_847_CONTEXTUALIZATION_CHECKPOINT.md,"{'owner_route_key': '847', 'line': 113}",EXPLICIT_CURRENT_PACKAGE_OR_EPISODE_MAP
BA:event:847:011,CORE,recipient agency/contrary endpoint; provenance/identity/modes,ADMITTED_WITH_LIMITS_CYCLE008; QUALIFIED_CONTENT_COMPLETE; PUBLICATION_STATUS_IN_CYCLE008_CHECKPOINT,"Nagusa predicts Kikyou might yield strategically to preserve Hyakka's best chance, but says the decision is hers (010:u0087–0094). Kikyou's own strategy does weigh forfeiture, while Renge refuses the value of a win handed over. Childhood swing/candy-errand recollection is their report, not separately witnessed childhood primary.",series/blue-archive/02 Sequential Readings/EVENTS/EVENT_847/BLUE_ARCHIVE_EVENT_847_CONTEXTUALIZATION_CHECKPOINT.md,"{'owner_route_key': '847', 'line': 115}",EXPLICIT_CURRENT_PACKAGE_OR_EPISODE_MAP
BA:event:847:012,CORE,ordinary repertoire; recipient agency/contrary endpoint; relations/care; provenance/identity/modes,ADMITTED_WITH_LIMITS_CYCLE008; QUALIFIED_CONTENT_COMPLETE; PUBLICATION_STATUS_IN_CYCLE008_CHECKPOINT,"012 shows Izuna and Chise's long, closely matched contest, backed by Ninja/Yin-Yang friends. Teacher attributes Chise's speed to karuta/Mushiqueen; announcer omnipotence praise is not verified causal training or a claim she can do everything. Chise's poem and its character-attributed log duplicates are written source conditions, not new objects or heard performance. Izuna actually wins and Chise expresses no regret. Renge/Izuna acknowledge peers and want to win; the finals start, but interruption prevents a deciding outcome. Shizuko's anticipated historical success is an inward forecast immediately complicated by disruption.",series/blue-archive/02 Sequential Readings/EVENTS/EVENT_847/BLUE_ARCHIVE_EVENT_847_CONTEXTUALIZATION_CHECKPOINT.md,"{'owner_route_key': '847', 'line': 123}",EXPLICIT_CURRENT_PACKAGE_OR_EPISODE_MAP
BA:event:847:013,CORE,ordinary repertoire; recipient agency/contrary endpoint; institution/work,ADMITTED_WITH_LIMITS_CYCLE008; QUALIFIED_CONTENT_COMPLETE; PUBLICATION_STATUS_IN_CYCLE008_CHECKPOINT,"Wakamo interrupts for participation, and the leader's group damages the prepared venue (012:u0090–0111). Wakamo explicitly objects that she wanted a rule-governed competition before Teacher, not permission to destroy. Local inclusion is meaningful, not a adjudicated right or universal rehabilitation.",series/blue-archive/02 Sequential Readings/EVENTS/EVENT_847/BLUE_ARCHIVE_EVENT_847_CONTEXTUALIZATION_CHECKPOINT.md,"{'owner_route_key': '847', 'line': 125}",EXPLICIT_CURRENT_PACKAGE_OR_EPISODE_MAP
BA:event:847:014,CORE,ordinary repertoire; provenance/identity/modes,ADMITTED_WITH_LIMITS_CYCLE008; QUALIFIED_CONTENT_COMPLETE; PUBLICATION_STATUS_IN_CYCLE008_CHECKPOINT,"Nagusa declines being the opponent, acknowledging no guarantee on the unfamiliar island, and nominates Kikyou. Kikyou actively assesses others' fatigue, accepts her role and asks Teacher's agreement (014:u0004–0020). Arata/troupe snack betting supplies wanted play, but no paid or consumed stakes are printed.",series/blue-archive/02 Sequential Readings/EVENTS/EVENT_847/BLUE_ARCHIVE_EVENT_847_CONTEXTUALIZATION_CHECKPOINT.md,"{'owner_route_key': '847', 'line': 127}",EXPLICIT_CURRENT_PACKAGE_OR_EPISODE_MAP
BA:event:847:015,CORE,ordinary repertoire; recipient agency/contrary endpoint; relations/care; provenance/identity/modes,ADMITTED_WITH_LIMITS_CYCLE008; QUALIFIED_CONTENT_COMPLETE; PUBLICATION_STATUS_IN_CYCLE008_CHECKPOINT,"u0007 explicitly narrates the whole venue exploding and sinking. People have to help clean up. Shizuko's “all's well” is her framing, not proof no damage/cost/injury exists. Umika thanks actual cleanup help; Nagusa says enjoyment merits helping. Renge and Izuna are declared joint champions because no deciding final occurred (015:u0012–0016). They actually found it enjoyable and regret no decision. There is no invented individual champion, final score, received prize money or consumed special menu/free-ticket meal.",series/blue-archive/02 Sequential Readings/EVENTS/EVENT_847/BLUE_ARCHIVE_EVENT_847_CONTEXTUALIZATION_CHECKPOINT.md,"{'owner_route_key': '847', 'line': 133}",EXPLICIT_CURRENT_PACKAGE_OR_EPISODE_MAP
BA:event:848:001,HIGH,recipient agency/contrary endpoint; relations/care; provenance/identity/modes,ADMITTED_WITH_LIMITS_CYCLE008; QUALIFIED_CONTENT_COMPLETE; PUBLICATION_STATUS_IN_CYCLE008_CHECKPOINT,"Printed train recap and antagonistic help request establish bounded prior-pressure comparison, not new underlying-event completion.",series/blue-archive/02 Sequential Readings/EVENTS/EVENT_848/BLUE_ARCHIVE_EVENT_848_CONTEXTUALIZATION_CHECKPOINT.md,"{'owner_route_key': '848', 'line': 1701}",EXPLICIT_CURRENT_EPISODE_MAP
BA:event:848:002,CORE,ordinary repertoire; relations/care,ADMITTED_WITH_LIMITS_CYCLE008; QUALIFIED_CONTENT_COMPLETE; PUBLICATION_STATUS_IN_CYCLE008_CHECKPOINT,Own wanted play and shared promise prevent reducing holiday to duty or care performance.,series/blue-archive/02 Sequential Readings/EVENTS/EVENT_848/BLUE_ARCHIVE_EVENT_848_CONTEXTUALIZATION_CHECKPOINT.md,"{'owner_route_key': '848', 'line': 1715}",EXPLICIT_CURRENT_EPISODE_MAP
BA:event:848:003,HIGH,ordinary repertoire; institution/work,ADMITTED_WITH_LIMITS_CYCLE008; QUALIFIED_CONTENT_COMPLETE; PUBLICATION_STATUS_IN_CYCLE008_CHECKPOINT,Forceful exception to dialogue and school stereotypes contrast with later chosen restraint.,series/blue-archive/02 Sequential Readings/EVENTS/EVENT_848/BLUE_ARCHIVE_EVENT_848_CONTEXTUALIZATION_CHECKPOINT.md,"{'owner_route_key': '848', 'line': 1729}",EXPLICIT_CURRENT_EPISODE_MAP
BA:event:848:004,HIGH,ordinary repertoire; relations/care,ADMITTED_WITH_LIMITS_CYCLE008; QUALIFIED_CONTENT_COMPLETE; PUBLICATION_STATUS_IN_CYCLE008_CHECKPOINT,Stopping pursuit for rest retains concealment and helpers’ cost.,series/blue-archive/02 Sequential Readings/EVENTS/EVENT_848/BLUE_ARCHIVE_EVENT_848_CONTEXTUALIZATION_CHECKPOINT.md,"{'owner_route_key': '848', 'line': 1743}",EXPLICIT_CURRENT_EPISODE_MAP
BA:event:848:005,CORE,ordinary repertoire; recipient agency/contrary endpoint; relations/care; institution/work,ADMITTED_WITH_LIMITS_CYCLE008; QUALIFIED_CONTENT_COMPLETE; PUBLICATION_STATUS_IN_CYCLE008_CHECKPOINT,"Actual work redirection, pressured phone assent and false information distinguish care from unrestricted consent.",series/blue-archive/02 Sequential Readings/EVENTS/EVENT_848/BLUE_ARCHIVE_EVENT_848_CONTEXTUALIZATION_CHECKPOINT.md,"{'owner_route_key': '848', 'line': 1757}",EXPLICIT_CURRENT_EPISODE_MAP
BA:event:848:006,CORE,ordinary repertoire; relations/care; provenance/identity/modes,ADMITTED_WITH_LIMITS_CYCLE008; QUALIFIED_CONTENT_COMPLETE; PUBLICATION_STATUS_IN_CYCLE008_CHECKPOINT,Intrinsic prepared-now taste and friends’ choice coexist with stolen-set inference and Mika’s restraint.,series/blue-archive/02 Sequential Readings/EVENTS/EVENT_848/BLUE_ARCHIVE_EVENT_848_CONTEXTUALIZATION_CHECKPOINT.md,"{'owner_route_key': '848', 'line': 1771}",EXPLICIT_CURRENT_EPISODE_MAP
BA:event:848:007,CORE,ordinary repertoire; institution/work,ADMITTED_WITH_LIMITS_CYCLE008; QUALIFIED_CONTENT_COMPLETE; PUBLICATION_STATUS_IN_CYCLE008_CHECKPOINT,"Completed meal/cleaning, privilege, shared taste and dirty nails ground actual experience and labor cost.",series/blue-archive/02 Sequential Readings/EVENTS/EVENT_848/BLUE_ARCHIVE_EVENT_848_CONTEXTUALIZATION_CHECKPOINT.md,"{'owner_route_key': '848', 'line': 1785}",EXPLICIT_CURRENT_EPISODE_MAP
BA:event:848:008,CORE,relations/care; institution/work,ADMITTED_WITH_LIMITS_CYCLE008; QUALIFIED_CONTENT_COMPLETE; PUBLICATION_STATUS_IN_CYCLE008_CHECKPOINT,"Safety-led honest exit is followed by bounded independently chosen help, without land authority or forced friendship.",series/blue-archive/02 Sequential Readings/EVENTS/EVENT_848/BLUE_ARCHIVE_EVENT_848_CONTEXTUALIZATION_CHECKPOINT.md,"{'owner_route_key': '848', 'line': 1799}",EXPLICIT_CURRENT_EPISODE_MAP
BA:event:848:009,CORE,relations/care,ADMITTED_WITH_LIMITS_CYCLE008; QUALIFIED_CONTENT_COMPLETE; PUBLICATION_STATUS_IN_CYCLE008_CHECKPOINT,"Actual material-use/rebuilding, denied friendship and false explanation remain beside renewed bomb risk.",series/blue-archive/02 Sequential Readings/EVENTS/EVENT_848/BLUE_ARCHIVE_EVENT_848_CONTEXTUALIZATION_CHECKPOINT.md,"{'owner_route_key': '848', 'line': 1813}",EXPLICIT_CURRENT_EPISODE_MAP
BA:event:848:010,CORE,ordinary repertoire; relations/care; institution/work,ADMITTED_WITH_LIMITS_CYCLE008; QUALIFIED_CONTENT_COMPLETE; PUBLICATION_STATUS_IN_CYCLE008_CHECKPOINT,"Actual trust, camping and play defeat feared punitive projection, while testimony admits workload remains unsolved.",series/blue-archive/02 Sequential Readings/EVENTS/EVENT_848/BLUE_ARCHIVE_EVENT_848_CONTEXTUALIZATION_CHECKPOINT.md,"{'owner_route_key': '848', 'line': 1827}",EXPLICIT_CURRENT_EPISODE_MAP
BA:event:848:011,CORE,relations/care,ADMITTED_WITH_LIMITS_CYCLE008; QUALIFIED_CONTENT_COMPLETE; PUBLICATION_STATUS_IN_CYCLE008_CHECKPOINT,Return to budget/mediation and chosen reading/ice-cream company qualify both cure and villain-only readings.,series/blue-archive/02 Sequential Readings/EVENTS/EVENT_848/BLUE_ARCHIVE_EVENT_848_CONTEXTUALIZATION_CHECKPOINT.md,"{'owner_route_key': '848', 'line': 1841}",EXPLICIT_CURRENT_EPISODE_MAP
BA:event:848:012,CORE,ordinary repertoire; institution/work,ADMITTED_WITH_LIMITS_CYCLE008; QUALIFIED_CONTENT_COMPLETE; PUBLICATION_STATUS_IN_CYCLE008_CHECKPOINT,Public leisure motive and permission to rest are tested by actual burdens; provenance of motives conflicts.,series/blue-archive/02 Sequential Readings/EVENTS/EVENT_848/BLUE_ARCHIVE_EVENT_848_CONTEXTUALIZATION_CHECKPOINT.md,"{'owner_route_key': '848', 'line': 1855}",EXPLICIT_CURRENT_EPISODE_MAP
BA:event:848:013,CORE,ordinary repertoire,ADMITTED_WITH_LIMITS_CYCLE008; QUALIFIED_CONTENT_COMPLETE; PUBLICATION_STATUS_IN_CYCLE008_CHECKPOINT,A short wanted pause exposes internal justification without any high-stakes incident; omitting it distorts rest agency.,series/blue-archive/02 Sequential Readings/EVENTS/EVENT_848/BLUE_ARCHIVE_EVENT_848_CONTEXTUALIZATION_CHECKPOINT.md,"{'owner_route_key': '848', 'line': 1869}",EXPLICIT_CURRENT_EPISODE_MAP
BA:event:848:014,CORE,source-specific local progression and endpoint,ADMITTED_WITH_LIMITS_CYCLE008; QUALIFIED_CONTENT_COMPLETE; PUBLICATION_STATUS_IN_CYCLE008_CHECKPOINT,Explicit individual limit and concern for others’ holidays ground actual staffing problem.,series/blue-archive/02 Sequential Readings/EVENTS/EVENT_848/BLUE_ARCHIVE_EVENT_848_CONTEXTUALIZATION_CHECKPOINT.md,"{'owner_route_key': '848', 'line': 1883}",EXPLICIT_CURRENT_EPISODE_MAP
BA:event:848:015,CORE,relations/care; provenance/identity/modes,ADMITTED_WITH_LIMITS_CYCLE008; QUALIFIED_CONTENT_COMPLETE; PUBLICATION_STATUS_IN_CYCLE008_CHECKPOINT,"Senior also cannot replace alone, so help is cooperative rather than lone competence proof.",series/blue-archive/02 Sequential Readings/EVENTS/EVENT_848/BLUE_ARCHIVE_EVENT_848_CONTEXTUALIZATION_CHECKPOINT.md,"{'owner_route_key': '848', 'line': 1897}",EXPLICIT_CURRENT_EPISODE_MAP
BA:event:848:016,CORE,recipient agency/contrary endpoint; relations/care; institution/work,ADMITTED_WITH_LIMITS_CYCLE008; QUALIFIED_CONTENT_COMPLETE; PUBLICATION_STATUS_IN_CYCLE008_CHECKPOINT,Leader’s helpful intent increases guard/refusal cost; no completed workload reform.,series/blue-archive/02 Sequential Readings/EVENTS/EVENT_848/BLUE_ARCHIVE_EVENT_848_CONTEXTUALIZATION_CHECKPOINT.md,"{'owner_route_key': '848', 'line': 1911}",EXPLICIT_CURRENT_EPISODE_MAP
BA:event:848:017,HIGH,ordinary repertoire; relations/care; provenance/identity/modes,ADMITTED_WITH_LIMITS_CYCLE008; QUALIFIED_CONTENT_COMPLETE; PUBLICATION_STATUS_IN_CYCLE008_CHECKPOINT,Warm friend framing and strength claims coexist with patrol’s purpose to avoid fighting.,series/blue-archive/02 Sequential Readings/EVENTS/EVENT_848/BLUE_ARCHIVE_EVENT_848_CONTEXTUALIZATION_CHECKPOINT.md,"{'owner_route_key': '848', 'line': 1925}",EXPLICIT_CURRENT_EPISODE_MAP
BA:event:848:018,CORE,recipient agency/contrary endpoint; provenance/identity/modes,ADMITTED_WITH_LIMITS_CYCLE008; QUALIFIED_CONTENT_COMPLETE; PUBLICATION_STATUS_IN_CYCLE008_CHECKPOINT,Role philosophy used to override dissent directly limits consent/accountability claims.,series/blue-archive/02 Sequential Readings/EVENTS/EVENT_848/BLUE_ARCHIVE_EVENT_848_CONTEXTUALIZATION_CHECKPOINT.md,"{'owner_route_key': '848', 'line': 1939}",EXPLICIT_CURRENT_EPISODE_MAP
BA:event:848:019,CORE,source-specific local progression and endpoint,ADMITTED_WITH_LIMITS_CYCLE008; QUALIFIED_CONTENT_COMPLETE; PUBLICATION_STATUS_IN_CYCLE008_CHECKPOINT,"Treasured ordinary memory qualifies feared reputation, while search-and-destroy misunderstanding remains.",series/blue-archive/02 Sequential Readings/EVENTS/EVENT_848/BLUE_ARCHIVE_EVENT_848_CONTEXTUALIZATION_CHECKPOINT.md,"{'owner_route_key': '848', 'line': 1953}",EXPLICIT_CURRENT_EPISODE_MAP
BA:event:848:020,HIGH,recipient agency/contrary endpoint; relations/care,ADMITTED_WITH_LIMITS_CYCLE008; QUALIFIED_CONTENT_COMPLETE; PUBLICATION_STATUS_IN_CYCLE008_CHECKPOINT,"Accepted needed help coexists with objection to provocative framing, no inferred hidden scheme.",series/blue-archive/02 Sequential Readings/EVENTS/EVENT_848/BLUE_ARCHIVE_EVENT_848_CONTEXTUALIZATION_CHECKPOINT.md,"{'owner_route_key': '848', 'line': 1967}",EXPLICIT_CURRENT_EPISODE_MAP
BA:event:848:021,HIGH,ordinary repertoire; provenance/identity/modes,ADMITTED_WITH_LIMITS_CYCLE008; QUALIFIED_CONTENT_COMPLETE; PUBLICATION_STATUS_IN_CYCLE008_CHECKPOINT,Replacement/rest offer versus wanted participation and strictness are distinct peer evidence with actor seams.,series/blue-archive/02 Sequential Readings/EVENTS/EVENT_848/BLUE_ARCHIVE_EVENT_848_CONTEXTUALIZATION_CHECKPOINT.md,"{'owner_route_key': '848', 'line': 1981}",EXPLICIT_CURRENT_EPISODE_MAP
BA:event:848:022,CORE,ordinary repertoire; institution/work,ADMITTED_WITH_LIMITS_CYCLE008; QUALIFIED_CONTENT_COMPLETE; PUBLICATION_STATUS_IN_CYCLE008_CHECKPOINT,"Awkward interschool history, conditional cooperation and withdrawn cute-uniform preference qualify rigid hostility.",series/blue-archive/02 Sequential Readings/EVENTS/EVENT_848/BLUE_ARCHIVE_EVENT_848_CONTEXTUALIZATION_CHECKPOINT.md,"{'owner_route_key': '848', 'line': 1995}",EXPLICIT_CURRENT_EPISODE_MAP
BA:event:848:023,CORE,provenance/identity/modes,ADMITTED_WITH_LIMITS_CYCLE008; QUALIFIED_CONTENT_COMPLETE; PUBLICATION_STATUS_IN_CYCLE008_CHECKPOINT,Personal volunteer label cannot simply erase official influence or private-land political risk.,series/blue-archive/02 Sequential Readings/EVENTS/EVENT_848/BLUE_ARCHIVE_EVENT_848_CONTEXTUALIZATION_CHECKPOINT.md,"{'owner_route_key': '848', 'line': 2009}",EXPLICIT_CURRENT_EPISODE_MAP
BA:event:848:024,CORE,relations/care; provenance/identity/modes,ADMITTED_WITH_LIMITS_CYCLE008; QUALIFIED_CONTENT_COMPLETE; PUBLICATION_STATUS_IN_CYCLE008_CHECKPOINT,Remedial chosen reciprocal care and still-unfound companions prevent claimed full deployment.,series/blue-archive/02 Sequential Readings/EVENTS/EVENT_848/BLUE_ARCHIVE_EVENT_848_CONTEXTUALIZATION_CHECKPOINT.md,"{'owner_route_key': '848', 'line': 2023}",EXPLICIT_CURRENT_EPISODE_MAP
BA:event:848:025,HIGH,ordinary repertoire,ADMITTED_WITH_LIMITS_CYCLE008; QUALIFIED_CONTENT_COMPLETE; PUBLICATION_STATUS_IN_CYCLE008_CHECKPOINT,Wanted recognition and belonging are intrinsically valuable while grades/formal return remain unresolved.,series/blue-archive/02 Sequential Readings/EVENTS/EVENT_848/BLUE_ARCHIVE_EVENT_848_CONTEXTUALIZATION_CHECKPOINT.md,"{'owner_route_key': '848', 'line': 2037}",EXPLICIT_CURRENT_EPISODE_MAP
BA:event:848:026,CORE,source-specific local progression and endpoint,ADMITTED_WITH_LIMITS_CYCLE008; QUALIFIED_CONTENT_COMPLETE; PUBLICATION_STATUS_IN_CYCLE008_CHECKPOINT,Mashiro’s loneliness concern and Ichika’s recognition prevent treating support solely as sniper utility.,series/blue-archive/02 Sequential Readings/EVENTS/EVENT_848/BLUE_ARCHIVE_EVENT_848_CONTEXTUALIZATION_CHECKPOINT.md,"{'owner_route_key': '848', 'line': 2051}",EXPLICIT_CURRENT_EPISODE_MAP
BA:event:848:027,HIGH,ordinary repertoire; institution/work,ADMITTED_WITH_LIMITS_CYCLE008; QUALIFIED_CONTENT_COMPLETE; PUBLICATION_STATUS_IN_CYCLE008_CHECKPOINT,Shop/festival interest and shared enjoyment coexist; no automatic selfishness or commercial success.,series/blue-archive/02 Sequential Readings/EVENTS/EVENT_848/BLUE_ARCHIVE_EVENT_848_CONTEXTUALIZATION_CHECKPOINT.md,"{'owner_route_key': '848', 'line': 2065}",EXPLICIT_CURRENT_EPISODE_MAP
BA:event:848:028,HIGH,relations/care; provenance/identity/modes,ADMITTED_WITH_LIMITS_CYCLE008; QUALIFIED_CONTENT_COMPLETE; PUBLICATION_STATUS_IN_CYCLE008_CHECKPOINT,"Self-authored ninja identity, practice and chosen help are valuable without high stakes or supernatural proof.",series/blue-archive/02 Sequential Readings/EVENTS/EVENT_848/BLUE_ARCHIVE_EVENT_848_CONTEXTUALIZATION_CHECKPOINT.md,"{'owner_route_key': '848', 'line': 2079}",EXPLICIT_CURRENT_EPISODE_MAP
BA:event:848:029,CORE,relations/care,ADMITTED_WITH_LIMITS_CYCLE008; QUALIFIED_CONTENT_COMPLETE; PUBLICATION_STATUS_IN_CYCLE008_CHECKPOINT,Office holders openly criticize field ignorance and choose help; not homogeneous obedient followers.,series/blue-archive/02 Sequential Readings/EVENTS/EVENT_848/BLUE_ARCHIVE_EVENT_848_CONTEXTUALIZATION_CHECKPOINT.md,"{'owner_route_key': '848', 'line': 2093}",EXPLICIT_CURRENT_EPISODE_MAP
BA:event:848:030,CORE,ordinary repertoire,ADMITTED_WITH_LIMITS_CYCLE008; QUALIFIED_CONTENT_COMPLETE; PUBLICATION_STATUS_IN_CYCLE008_CHECKPOINT,Unnamed junior’s courage and wanted acceptance supply ordinary agency without heroic output.,series/blue-archive/02 Sequential Readings/EVENTS/EVENT_848/BLUE_ARCHIVE_EVENT_848_CONTEXTUALIZATION_CHECKPOINT.md,"{'owner_route_key': '848', 'line': 2107}",EXPLICIT_CURRENT_EPISODE_MAP
BA:event:849:001,HIGH,ordinary repertoire; institution/work,ADMITTED_WITH_LIMITS_CYCLE008; QUALIFIED_CONTENT_COMPLETE; PUBLICATION_STATUS_IN_CYCLE008_CHECKPOINT,"001 is Eri's own divination performance. The Sun, Chariot and Tower vocabulary imagines overcoming setbacks and a radiant dawn; she interprets it as everyone's wishes coming true and anticipates her artistic sense exploding. This is her interpretation, not a certified forecast or analyst-held-out prediction. Her wish to make art has value before a consequential school incident. The final lighting recognition later permits a literary comparison with the initial imagery without proving supernatural causality or every stated wish fulfilled.",series/blue-archive/02 Sequential Readings/EVENTS/EVENT_849/BLUE_ARCHIVE_EVENT_849_CONTEXTUALIZATION_CHECKPOINT.md,"{'owner_route_key': '849', 'line': 69}",PRESENT_PER_OBJECT_RECONCILIATION_FROM_CURRENT_ARGUMENT
BA:event:849:002,CORE,ordinary repertoire; relations/care; institution/work; provenance/identity/modes,ADMITTED_WITH_LIMITS_CYCLE008; QUALIFIED_CONTENT_COMPLETE; PUBLICATION_STATUS_IN_CYCLE008_CHECKPOINT,"002 actually presents a public performance received by passersby and Teacher, Tsumugi's thanks, and an invitation after that performance ends. The rendered death-metal memory is written text, not ROOT hearing its sound. She names herself 椎名ツムギ and explicitly says the fairy-tale land does not literally exist; フィーリング matters to her. Her invitation to Wonderland actually leads to a normal café, where the first two-person visit makes the situation unusual in her wordplay. Wanting to advance their story and not denying a date implication is her local approach, not a completed reciprocal romance or an all-purpose intimate permission (002:u0007–0032).",series/blue-archive/02 Sequential Readings/EVENTS/EVENT_849/BLUE_ARCHIVE_EVENT_849_CONTEXTUALIZATION_CHECKPOINT.md,"{'owner_route_key': '849', 'line': 71}",PRESENT_PER_OBJECT_RECONCILIATION_FROM_CURRENT_ARGUMENT
BA:event:849:003,HIGH,ordinary repertoire,ADMITTED_WITH_LIMITS_CYCLE008; QUALIFIED_CONTENT_COMPLETE; PUBLICATION_STATUS_IN_CYCLE008_CHECKPOINT,"003 shows the later visit actually beginning. The tunnel's rabbit-hole comparison and Tsumugi's joking outfit comment remain artful staging, not a literal alternate realm. Teacher's response and Tsumugi's art-is-won language must not become a finding that all artists necessarily fight (003s001:u0009–0036).",series/blue-archive/02 Sequential Readings/EVENTS/EVENT_849/BLUE_ARCHIVE_EVENT_849_CONTEXTUALIZATION_CHECKPOINT.md,"{'owner_route_key': '849', 'line': 79}",PRESENT_PER_OBJECT_RECONCILIATION_FROM_CURRENT_ARGUMENT
BA:event:849:004,HIGH,ordinary repertoire; recipient agency/contrary endpoint; institution/work; provenance/identity/modes,ADMITTED_WITH_LIMITS_CYCLE008; QUALIFIED_CONTENT_COMPLETE; PUBLICATION_STATUS_IN_CYCLE008_CHECKPOINT,"004's museum tour supplies Eri's chosen art interests: dome beauty, claimed golden ratio and revolutionary history, plus the painting 創世の影像 depicting ghosts running toward sunset. The historical/technical judgments are her explanations, not an independent architectural measurement. Her wish to make an original, enduring school-representative painting has intrinsic analytical value. Teacher offers future viewing; that painting is not completed merely by an encouraging reply (004s002:u0003–0018).",series/blue-archive/02 Sequential Readings/EVENTS/EVENT_849/BLUE_ARCHIVE_EVENT_849_CONTEXTUALIZATION_CHECKPOINT.md,"{'owner_route_key': '849', 'line': 91}",PRESENT_PER_OBJECT_RECONCILIATION_FROM_CURRENT_ARGUMENT
BA:event:849:005,CORE,ordinary repertoire; recipient agency/contrary endpoint; relations/care,ADMITTED_WITH_LIMITS_CYCLE008; QUALIFIED_CONTENT_COMPLETE; PUBLICATION_STATUS_IN_CYCLE008_CHECKPOINT,"005's art street has wanted appreciation of old sculpture and a named fountain; Eri's account of living beings entombed in statues is contested by Rena's carving/material objection. The historical story is not an excavated finding. Their ten-minute split creates actual exploration. Teacher acknowledges fear/unfamiliarity in alternatives; Rena guides Teacher while rejecting being treated as a child. Her bravado, fear and care can coexist without concluding her disbelief is a lie (005s002:u0002–0030).",series/blue-archive/02 Sequential Readings/EVENTS/EVENT_849/BLUE_ARCHIVE_EVENT_849_CONTEXTUALIZATION_CHECKPOINT.md,"{'owner_route_key': '849', 'line': 101}",PRESENT_PER_OBJECT_RECONCILIATION_FROM_CURRENT_ARGUMENT
BA:event:849:006,CORE,institution/work,ADMITTED_WITH_LIMITS_CYCLE008; QUALIFIED_CONTENT_COMPLETE; PUBLICATION_STATUS_IN_CYCLE008_CHECKPOINT,"006's Special Rule13 is read by students as a horror performance. Its warning against consecutive6 on the red phone conflicts with its disposal instruction to dial666; the guard-only central-stair provision conflicts with the evacuation provision. No original policy copy or unified legal rule is independently inspected. Rena challenges the contradictions. Later010:u0045 gives a guard's secret-agent-line explanation of666, which revises the apparent curse story rather than retroactively proving all instructions coherent. The alleged curse, unknown voice and Rena's earlier stair use do not establish a tested causal chain (006:u0009–0052).",series/blue-archive/02 Sequential Readings/EVENTS/EVENT_849/BLUE_ARCHIVE_EVENT_849_CONTEXTUALIZATION_CHECKPOINT.md,"{'owner_route_key': '849', 'line': 107}",PRESENT_PER_OBJECT_RECONCILIATION_FROM_CURRENT_ARGUMENT
BA:event:849:007,CORE,ordinary repertoire; recipient agency/contrary endpoint; relations/care; provenance/identity/modes,ADMITTED_WITH_LIMITS_CYCLE008; QUALIFIED_CONTENT_COMPLETE; PUBLICATION_STATUS_IN_CYCLE008_CHECKPOINT,"007 locates them in an attic reflection room. Kanoe values warmth and food and expects quick release; these are her local assessments, not proof that every detained person consents or feels no deprivation. Eri's mana/barrier framing and Tsumugi's jail simile differ from Rena's ordinary explanation. Rena still objects and wants to prevent repetition. Pleasure can contextualize restraint without making the restraint nonexistent (007:u0001–0016).",series/blue-archive/02 Sequential Readings/EVENTS/EVENT_849/BLUE_ARCHIVE_EVENT_849_CONTEXTUALIZATION_CHECKPOINT.md,"{'owner_route_key': '849', 'line': 115}",PRESENT_PER_OBJECT_RECONCILIATION_FROM_CURRENT_ARGUMENT
BA:event:849:008,CORE,ordinary repertoire; relations/care; institution/work; provenance/identity/modes,ADMITTED_WITH_LIMITS_CYCLE008; QUALIFIED_CONTENT_COMPLETE; PUBLICATION_STATUS_IN_CYCLE008_CHECKPOINT,"008 narrates shared work and continued cleaning. Covered old canvases are actually present. Kanoe asks Teacher not to look and explains that Eri keeps them to reflect on her path despite pain, calling her hardworking. The canvases are not personally inspected artworks; admiration is attributed. Kanoe distracts Eri with a prior-life story, and narration says the conversation was not exposed. This privacy protection differs from the earlier prank. Eri later says the room is restored; the printed endpoint supports local cleanup/restoration, not a separately inspected all-damages settlement (008:u0001–0025).",series/blue-archive/02 Sequential Readings/EVENTS/EVENT_849/BLUE_ARCHIVE_EVENT_849_CONTEXTUALIZATION_CHECKPOINT.md,"{'owner_route_key': '849', 'line': 129}",PRESENT_PER_OBJECT_RECONCILIATION_FROM_CURRENT_ARGUMENT
BA:event:849:009,CORE,ordinary repertoire; relations/care,ADMITTED_WITH_LIMITS_CYCLE008; QUALIFIED_CONTENT_COMPLETE; PUBLICATION_STATUS_IN_CYCLE008_CHECKPOINT,"009 weighs real risk. Kanoe offers to act as decoy with animals; Eri asks Teacher, who agrees to help but says to avoid danger. The name ヴァルプルギスの夜 and full moon are their operation's art/ritual vocabulary, not a universal supernatural calendar. Kanoe withholds the supply route because it is more entertaining and promises no danger. Teacher returns to Schale before the next-day transaction, so her secret does not become adult prior knowledge (009:u0001–0034).",series/blue-archive/02 Sequential Readings/EVENTS/EVENT_849/BLUE_ARCHIVE_EVENT_849_CONTEXTUALIZATION_CHECKPOINT.md,"{'owner_route_key': '849', 'line': 137}",PRESENT_PER_OBJECT_RECONCILIATION_FROM_CURRENT_ARGUMENT
BA:event:849:010,CORE,institution/work; provenance/identity/modes,ADMITTED_WITH_LIMITS_CYCLE008; QUALIFIED_CONTENT_COMPLETE; PUBLICATION_STATUS_IN_CYCLE008_CHECKPOINT,"010 supplies LEDs and phosphorescent tape rather than a new explosive material; Kanoe says the lights are remotely signalled. Teacher agrees these materials are safe locally, not that the unauthorized operation has no risk. They actually work around the school. A guard catches Teacher; Teacher's garden-illumination excuse is not a filed authorization. The Guard confirms no notified activity. A crow drops the contradictory special-rules text, distracting a guard with the reported secret666 line; Teacher escapes when attention shifts. A later005 voice's identity does not follow just from this actual crow action (010:u0026–0048).",series/blue-archive/02 Sequential Readings/EVENTS/EVENT_849/BLUE_ARCHIVE_EVENT_849_CONTEXTUALIZATION_CHECKPOINT.md,"{'owner_route_key': '849', 'line': 145}",PRESENT_PER_OBJECT_RECONCILIATION_FROM_CURRENT_ARGUMENT
BA:event:849:011,CORE,recipient agency/contrary endpoint; institution/work,ADMITTED_WITH_LIMITS_CYCLE008; QUALIFIED_CONTENT_COMPLETE; PUBLICATION_STATUS_IN_CYCLE008_CHECKPOINT,"Teacher rejoins the cornered group as its lodging segment remains unfinished; Kanoe acknowledges tighter-than-expected guard. Rena independently withdraws from going further, and peers later respect her return with guards. Persistence is not universal recipient enthusiasm.",series/blue-archive/02 Sequential Readings/EVENTS/EVENT_849/BLUE_ARCHIVE_EVENT_849_CONTEXTUALIZATION_CHECKPOINT.md,"{'owner_route_key': '849', 'line': 147}",PRESENT_PER_OBJECT_RECONCILIATION_FROM_CURRENT_ARGUMENT
BA:event:849:012,CORE,ordinary repertoire; recipient agency/contrary endpoint; institution/work,ADMITTED_WITH_LIMITS_CYCLE008; QUALIFIED_CONTENT_COMPLETE; PUBLICATION_STATUS_IN_CYCLE008_CHECKPOINT,"Rena chooses returning with guards and publicly declares her position without the others trying to stop her. A later meeting admits fear and preserves her different preference. Her boundary is an actual successful endpoint, not evidence all prior pressure was harmless.",series/blue-archive/02 Sequential Readings/EVENTS/EVENT_849/BLUE_ARCHIVE_EVENT_849_CONTEXTUALIZATION_CHECKPOINT.md,"{'owner_route_key': '849', 'line': 147}",PRESENT_PER_OBJECT_RECONCILIATION_FROM_CURRENT_ARGUMENT
BA:event:849:013,CORE,ordinary repertoire; institution/work,ADMITTED_WITH_LIMITS_CYCLE008; QUALIFIED_CONTENT_COMPLETE; PUBLICATION_STATUS_IN_CYCLE008_CHECKPOINT,"013 shows the lodging segment completed, lights activated and initially disappointed Eri. Guards first pretend loss of strength, then explicitly acknowledge it was just lights and they were playing along. No paralysis, mana drain, demon arrival or wish-granting physical mechanism is demonstrated. Tsumugi calls the lit campus beautiful and interprets passionate girls as jewels and light craft. This positive aesthetic account is neither an excuse to erase the Guard's lost sleep and morning work nor a proof every recipient shares the same taste (013:u0002–0032).",series/blue-archive/02 Sequential Readings/EVENTS/EVENT_849/BLUE_ARCHIVE_EVENT_849_CONTEXTUALIZATION_CHECKPOINT.md,"{'owner_route_key': '849', 'line': 149}",PRESENT_PER_OBJECT_RECONCILIATION_FROM_CURRENT_ARGUMENT
BA:event:849:014,CORE,relations/care; institution/work; provenance/identity/modes,ADMITTED_WITH_LIMITS_CYCLE008; QUALIFIED_CONTENT_COMPLETE; PUBLICATION_STATUS_IN_CYCLE008_CHECKPOINT,"014 locates Teacher and the group in the reflection room again. Rena says she turned herself in for forbidden tower entry and ringing. The successful artwork therefore does not produce complete exoneration or consequence-free recognition. Eri asserts wish-granting magic; Rena limits fulfilled wishes to Eri. Tsumugi reports new melody/lyrics arising during the chase and asks to perform; Rena declines preferring calm Tsumugi, whose reply teasingly makes that general affection. The mental melody is not a recorded/performed song, completed competitive concert or verified victory (014:u0001–0020).",series/blue-archive/02 Sequential Readings/EVENTS/EVENT_849/BLUE_ARCHIVE_EVENT_849_CONTEXTUALIZATION_CHECKPOINT.md,"{'owner_route_key': '849', 'line': 157}",PRESENT_PER_OBJECT_RECONCILIATION_FROM_CURRENT_ARGUMENT
BA:event:850:001,CORE,ordinary repertoire; recipient agency/contrary endpoint; institution/work; provenance/identity/modes,ADMITTED_WITH_LIMITS_CYCLE008; QUALIFIED_CONTENT_COMPLETE; PUBLICATION_STATUS_IN_CYCLE008_CHECKPOINT,"001 begins after Teacher has been brought to an unfamiliar room. Teacher finds a blanket and no restraint but still has a headache; apparent lack of hostility is an initial inference, not proof of consent to the prior accident. Miyo introduces her literature major, typewriter collection and personal details; her hesitation about body measurements and Teacher's distinct printed replies are not a completed disclosure or universal permission. She names the Special Trading Club's school-rule violation and smuggling, asks that it be dissolved and only then reveals she is its head (u0026–0042). The irony is substantial: authority and skill do not mean wanted membership.",series/blue-archive/02 Sequential Readings/EVENTS/EVENT_850/BLUE_ARCHIVE_EVENT_850_CONTEXTUALIZATION_CHECKPOINT.md,"{'owner_route_key': '850', 'line': 66}",PRESENT_PER_OBJECT_RECONCILIATION_FROM_CURRENT_ARGUMENT
BA:event:850:002,CORE,recipient agency/contrary endpoint; relations/care; provenance/identity/modes,ADMITTED_WITH_LIMITS_CYCLE008; QUALIFIED_CONTENT_COMPLETE; PUBLICATION_STATUS_IN_CYCLE008_CHECKPOINT,"scene001 explicitly goes two hours back. Scene002 shows tightened entry rules, suspicion of caffeine hidden in paint and seizure of Teacher's ceramic mug because of earlier pigment concealment. The ointment offered is care, with use/healing unprinted; Teacher's no-major-injury reassurance does not erase the headache or danger.",series/blue-archive/02 Sequential Readings/EVENTS/EVENT_850/BLUE_ARCHIVE_EVENT_850_CONTEXTUALIZATION_CHECKPOINT.md,"{'owner_route_key': '850', 'line': 68}",PRESENT_PER_OBJECT_RECONCILIATION_FROM_CURRENT_ARGUMENT
BA:event:850:003,CORE,recipient agency/contrary endpoint; institution/work,ADMITTED_WITH_LIMITS_CYCLE008; QUALIFIED_CONTENT_COMPLETE; PUBLICATION_STATUS_IN_CYCLE008_CHECKPOINT,"scene004 turns planning into a literary work: Fuyu and Ritsu praise Miyo's routes and encounter scripts. Their praise matters, but Miyo says it is embarrassing and initially refuses the next large commission. The temptation wins permission to hear the commission, not immediate unconditional acceptance.",series/blue-archive/02 Sequential Readings/EVENTS/EVENT_850/BLUE_ARCHIVE_EVENT_850_CONTEXTUALIZATION_CHECKPOINT.md,"{'owner_route_key': '850', 'line': 75}",PRESENT_PER_OBJECT_RECONCILIATION_FROM_CURRENT_ARGUMENT
BA:event:850:004,CORE,ordinary repertoire; recipient agency/contrary endpoint; institution/work; provenance/identity/modes,ADMITTED_WITH_LIMITS_CYCLE008; QUALIFIED_CONTENT_COMPLETE; PUBLICATION_STATUS_IN_CYCLE008_CHECKPOINT,"004 flashes back to the preceding day. Fuyu explicitly refuses a proposed painting removal as theft and jokingly rejects nonexistent robbery/thief clubs, then hears the client's claimed past forgery, remorse and wish to substitute a true painting. The client's offer to let them destroy or retain the removed work without public display persuades, but it is a claim offered as evidence, not independent authentication.",series/blue-archive/02 Sequential Readings/EVENTS/EVENT_850/BLUE_ARCHIVE_EVENT_850_CONTEXTUALIZATION_CHECKPOINT.md,"{'owner_route_key': '850', 'line': 77}",PRESENT_PER_OBJECT_RECONCILIATION_FROM_CURRENT_ARGUMENT
BA:event:850:005,HIGH,ordinary repertoire; recipient agency/contrary endpoint; relations/care; provenance/identity/modes,ADMITTED_WITH_LIMITS_CYCLE008; QUALIFIED_CONTENT_COMPLETE; PUBLICATION_STATUS_IN_CYCLE008_CHECKPOINT,"scene001 Ritsu's hammer is actually preparation for sculpture, not Fuyu's joke about striking Miyo awake. Miyo spent the night designing the operation, dislikes its direction rather than all her writing, and is warmed by Ritsu's favorite-author declaration. Fuyu asks for comparable affection and is ignored. These unequal responses are not unanimous peer appreciation or completed intimacy. Miyo proposes targeting storage before exhibition; she refuses smashing the wall, partly because repair was not funded. Her expertise is printed planning, not faultless forecasting.",series/blue-archive/02 Sequential Readings/EVENTS/EVENT_850/BLUE_ARCHIVE_EVENT_850_CONTEXTUALIZATION_CHECKPOINT.md,"{'owner_route_key': '850', 'line': 82}",PRESENT_PER_OBJECT_RECONCILIATION_FROM_CURRENT_ARGUMENT
BA:event:850:006,CORE,institution/work; provenance/identity/modes,ADMITTED_WITH_LIMITS_CYCLE008; QUALIFIED_CONTENT_COMPLETE; PUBLICATION_STATUS_IN_CYCLE008_CHECKPOINT,"006 distinguishes Miyo's copied text from the original kept by guards. The warning is no longer treated as confidential because no one can decipher it, per Miyo's report. All etymology/material-history explanations remain the characters' source-local reasoning; no external scientific verification is claimed.",series/blue-archive/02 Sequential Readings/EVENTS/EVENT_850/BLUE_ARCHIVE_EVENT_850_CONTEXTUALIZATION_CHECKPOINT.md,"{'owner_route_key': '850', 'line': 86}",PRESENT_PER_OBJECT_RECONCILIATION_FROM_CURRENT_ARGUMENT
BA:event:850:007,CORE,ordinary repertoire; recipient agency/contrary endpoint; institution/work,ADMITTED_WITH_LIMITS_CYCLE008; QUALIFIED_CONTENT_COMPLETE; PUBLICATION_STATUS_IN_CYCLE008_CHECKPOINT,"007 completes the collaborative interpretation: Miyo proposes costly blue/purple pigments and royal exclusivity, Ritsu recognizes the title's relevant painting, Fuyu contributes media-art/photography knowledge and distinguishes sunrise from sunset; Ritsu supplies the closing-doors clue. The interpretation concludes おそらく, and the actual later evening appearance supports the local fit. Not all textual reasoning becomes universally true art history. Teacher brings cake, Ritsu actually praises/eats it, and Fuyu's plan to turn Teacher into an import business is explicitly refused. Welcome food and a commercial boundary coexist.",series/blue-archive/02 Sequential Readings/EVENTS/EVENT_850/BLUE_ARCHIVE_EVENT_850_CONTEXTUALIZATION_CHECKPOINT.md,"{'owner_route_key': '850', 'line': 88}",PRESENT_PER_OBJECT_RECONCILIATION_FROM_CURRENT_ARGUMENT
BA:event:850:008,CORE,institution/work; provenance/identity/modes,ADMITTED_WITH_LIMITS_CYCLE008; QUALIFIED_CONTENT_COMPLETE; PUBLICATION_STATUS_IN_CYCLE008_CHECKPOINT,scene001 the client contemptuously describes visitors as looking only at prices and reputation. The other voice counters that they might really feel something; a cafe worker interrupts closing-time grandstanding. These are competing claims; no collection audit or legal property verdict is made.,series/blue-archive/02 Sequential Readings/EVENTS/EVENT_850/BLUE_ARCHIVE_EVENT_850_CONTEXTUALIZATION_CHECKPOINT.md,"{'owner_route_key': '850', 'line': 93}",PRESENT_PER_OBJECT_RECONCILIATION_FROM_CURRENT_ARGUMENT
BA:event:850:009,CORE,recipient agency/contrary endpoint; relations/care; institution/work,ADMITTED_WITH_LIMITS_CYCLE008; QUALIFIED_CONTENT_COMPLETE; PUBLICATION_STATUS_IN_CYCLE008_CHECKPOINT,"009 the thief notices the staged assistance, demands its purpose and rejects universal goodwill. She steals the client's painting from Fuyu's bag, calls it a forgery, and forces Miyo to confront the possibility that their supposed correction would permanently remove the true work. Teacher refuses to authenticate for Miyo, choosing continued trust; this facilitates a conversation, not an expert truth certificate.",series/blue-archive/02 Sequential Readings/EVENTS/EVENT_850/BLUE_ARCHIVE_EVENT_850_CONTEXTUALIZATION_CHECKPOINT.md,"{'owner_route_key': '850', 'line': 97}",PRESENT_PER_OBJECT_RECONCILIATION_FROM_CURRENT_ARGUMENT
BA:event:850:010,CORE,institution/work; provenance/identity/modes,ADMITTED_WITH_LIMITS_CYCLE008; QUALIFIED_CONTENT_COMPLETE; PUBLICATION_STATUS_IN_CYCLE008_CHECKPOINT,010 confirms their current acceptance of reversed true/false attribution through the thief's assessment; the later client's thoughts and exhibition support the deception. The thief explicitly says she does not know the client's mind and offers hypotheses about mocking viewers or measuring forgery value (u0016–0025). Questionable school rules do not prove the thief's demand that nobody criticize her aesthetic correct.,series/blue-archive/02 Sequential Readings/EVENTS/EVENT_850/BLUE_ARCHIVE_EVENT_850_CONTEXTUALIZATION_CHECKPOINT.md,"{'owner_route_key': '850', 'line': 99}",PRESENT_PER_OBJECT_RECONCILIATION_FROM_CURRENT_ARGUMENT
BA:event:850:011,CORE,institution/work; provenance/identity/modes,ADMITTED_WITH_LIMITS_CYCLE008; QUALIFIED_CONTENT_COMPLETE; PUBLICATION_STATUS_IN_CYCLE008_CHECKPOINT,"scene001 prints the client's private motive beyond the earlier hypotheses: rejected original work, praised forgeries, contempt for critics/visitors and a decision to replace masterworks so those deemed ignorant cannot see them. That is his reported ambition and inner recollection, not verified completed worldwide substitution. The exhibition surprises him by placing two paintings together.",series/blue-archive/02 Sequential Readings/EVENTS/EVENT_850/BLUE_ARCHIVE_EVENT_850_CONTEXTUALIZATION_CHECKPOINT.md,"{'owner_route_key': '850', 'line': 104}",PRESENT_PER_OBJECT_RECONCILIATION_FROM_CURRENT_ARGUMENT
BA:event:850:012,CORE,ordinary repertoire; recipient agency/contrary endpoint; institution/work; provenance/identity/modes,ADMITTED_WITH_LIMITS_CYCLE008; QUALIFIED_CONTENT_COMPLETE; PUBLICATION_STATUS_IN_CYCLE008_CHECKPOINT,"012 gives a concrete pleasant ending: all three club members are at the sweets cafe with Teacher and express different tasted pleasure. Miyo says Teacher's identity guarantee permits their outing, a bounded current exception rather than installed general liberalization. The initial wish to dissolve and repeated last-job promise are unfulfilled; the enjoyment and peer affirmation are nevertheless actual, not discarded because desires remain unfinished.",series/blue-archive/02 Sequential Readings/EVENTS/EVENT_850/BLUE_ARCHIVE_EVENT_850_CONTEXTUALIZATION_CHECKPOINT.md,"{'owner_route_key': '850', 'line': 110}",PRESENT_PER_OBJECT_RECONCILIATION_FROM_CURRENT_ARGUMENT
BA:event:851:001,HIGH,source-specific local progression and endpoint,ADMITTED_WITH_LIMITS_CYCLE008; QUALIFIED_CONTENT_COMPLETE; PUBLICATION_STATUS_IN_CYCLE008_CHECKPOINT,"The prologue gives the cheering children's magical-girl frame and Love's incredulity (s1u1–10). It prepares a difference between spectacular reception and tactical truth. It is a framing glimpse, not a second independently documented occurrence of all later actions.",series/blue-archive/02 Sequential Readings/EVENTS/EVENT_851/BLUE_ARCHIVE_EVENT_851_CONTEXTUALIZATION_CHECKPOINT.md,"{'owner_route_key': '851', 'line': 105}",EXPLICIT_CURRENT_EPISODE_MAP
BA:event:851:002,CORE,recipient agency/contrary endpoint; provenance/identity/modes,ADMITTED_WITH_LIMITS_CYCLE008; QUALIFIED_CONTENT_COMPLETE; PUBLICATION_STATUS_IN_CYCLE008_CHECKPOINT,"Suzumi has already neutralized the Sukeban and refuses additional attack (s1u2–35). Their accusation that self-named vigilantes are simply unqualified violence destabilizes her; it is an opponent's moral claim, not a legal judgment or proof that she applied unsuccessfully to the JTF. The fragment makes a threat plausible, but does not supply the whole plot.",series/blue-archive/02 Sequential Readings/EVENTS/EVENT_851/BLUE_ARCHIVE_EVENT_851_CONTEXTUALIZATION_CHECKPOINT.md,"{'owner_route_key': '851', 'line': 107}",EXPLICIT_CURRENT_EPISODE_MAP
BA:event:851:003,CORE,source-specific local progression and endpoint,ADMITTED_WITH_LIMITS_CYCLE008; QUALIFIED_CONTENT_COMPLETE; PUBLICATION_STATUS_IN_CYCLE008_CHECKPOINT,Hasumi initially assumes Suzumi fought and needs recovery. Suzumi explicitly corrects her: no engagement and no such health problem (s1u6–19). Suzumi's costume embarrassment remains visible.,series/blue-archive/02 Sequential Readings/EVENTS/EVENT_851/BLUE_ARCHIVE_EVENT_851_CONTEXTUALIZATION_CHECKPOINT.md,"{'owner_route_key': '851', 'line': 109}",EXPLICIT_CURRENT_EPISODE_MAP
BA:event:851:004,CORE,ordinary repertoire; relations/care,ADMITTED_WITH_LIMITS_CYCLE008; QUALIFIED_CONTENT_COMPLETE; PUBLICATION_STATUS_IN_CYCLE008_CHECKPOINT,"The three-day flashback shows why the disguise is wanted by one participant and difficult for another (u1–52). Reisa loves the anime and recent film, wants to talk about it, and has lacked a companion. Suzumi wants to change before the manager mistakes them for missing cast and recruits them (u123–136); no valid cast-register entry is thereby proved.",series/blue-archive/02 Sequential Readings/EVENTS/EVENT_851/BLUE_ARCHIVE_EVENT_851_CONTEXTUALIZATION_CHECKPOINT.md,"{'owner_route_key': '851', 'line': 111}",EXPLICIT_CURRENT_EPISODE_MAP
BA:event:851:005,CORE,source-specific local progression and endpoint,ADMITTED_WITH_LIMITS_CYCLE008; QUALIFIED_CONTENT_COMPLETE; PUBLICATION_STATUS_IN_CYCLE008_CHECKPOINT,Reisa's confident spell and Suzumi's pose overcome the manager's uncertainty about missing roster members (s1u6–31). The teacher's favorable visibility explanation coexists with Suzumi's expressed terror of the audience. The stage creates actual applause and gives Reisa a competent improvisational opportunity.,series/blue-archive/02 Sequential Readings/EVENTS/EVENT_851/BLUE_ARCHIVE_EVENT_851_CONTEXTUALIZATION_CHECKPOINT.md,"{'owner_route_key': '851', 'line': 113}",EXPLICIT_CURRENT_EPISODE_MAP
BA:event:851:006,CORE,recipient agency/contrary endpoint; institution/work,ADMITTED_WITH_LIMITS_CYCLE008; QUALIFIED_CONTENT_COMPLETE; PUBLICATION_STATUS_IN_CYCLE008_CHECKPOINT,"Mashiro's likely identification and grenade-like objects are provisional observations (u3–11), not verified explosive ownership at that moment. Suzumi confirms Love and follows into the Gehenna area despite the narrow confirmation request and unavailable fire support (u21–43). Reisa's blocking movement and no-spoilers explanation preserve fandom as useful performance knowledge (u50–66), but also attract the children. Suzumi refuses to use flashes in that crowd and proposes discussion (u67–76); Love recognizes the adult and commands attack. The command is not yet an observed result in this object.",series/blue-archive/02 Sequential Readings/EVENTS/EVENT_851/BLUE_ARCHIVE_EVENT_851_CONTEXTUALIZATION_CHECKPOINT.md,"{'owner_route_key': '851', 'line': 115}",EXPLICIT_CURRENT_EPISODE_MAP
BA:event:851:007,CORE,institution/work; provenance/identity/modes,ADMITTED_WITH_LIMITS_CYCLE008; QUALIFIED_CONTENT_COMPLETE; PUBLICATION_STATUS_IN_CYCLE008_CHECKPOINT,Suzumi and Reisa actually lose. Suzumi's inward account combines the child crowd's weapon constraints and her loss of confidence (u3–14). Mashiro denies warning fire because permission is absent and the target is in Gehenna. Reisa wants another attempt; Suzumi says stop. Love wins tactically and then pretends to be defeated when the children cry (u15–50). This has concern for the children and an escape/cargo purpose. Audience belief that the heroines won is false as a tactical description. Neither Love's retreat from the scene nor her concern demonstrates permanent renunciation of the operation.,series/blue-archive/02 Sequential Readings/EVENTS/EVENT_851/BLUE_ARCHIVE_EVENT_851_CONTEXTUALIZATION_CHECKPOINT.md,"{'owner_route_key': '851', 'line': 117}",EXPLICIT_CURRENT_EPISODE_MAP
BA:event:851:008,CORE,ordinary repertoire; recipient agency/contrary endpoint; relations/care,ADMITTED_WITH_LIMITS_CYCLE008; QUALIFIED_CONTENT_COMPLETE; PUBLICATION_STATUS_IN_CYCLE008_CHECKPOINT,"Suzumi attends to Reisa's stinging injury (u2–21), without an established credential or cure. She asks to explain her past and is invited to speak. Wanted company gives patrol life a value not exhausted by legitimacy.",series/blue-archive/02 Sequential Readings/EVENTS/EVENT_851/BLUE_ARCHIVE_EVENT_851_CONTEXTUALIZATION_CHECKPOINT.md,"{'owner_route_key': '851', 'line': 119}",EXPLICIT_CURRENT_EPISODE_MAP
BA:event:851:009,HIGH,recipient agency/contrary endpoint; institution/work; provenance/identity/modes,ADMITTED_WITH_LIMITS_CYCLE008; QUALIFIED_CONTENT_COMPLETE; PUBLICATION_STATUS_IN_CYCLE008_CHECKPOINT,"Mashiro's angle/distance is an operational estimate (u1–3), not a survey. Love takes the Stanag mascot role because she has studied an ally convention and thinks heroines cannot attack it (u14–24). Shimiko arrives as Ella, initially unrecognized (u30–47). Character names within a show do not merge real identities or create an identity registry. The children's expectation of mascot defeat is an audience convention, not permission to injure the wearer.",series/blue-archive/02 Sequential Readings/EVENTS/EVENT_851/BLUE_ARCHIVE_EVENT_851_CONTEXTUALIZATION_CHECKPOINT.md,"{'owner_route_key': '851', 'line': 121}",EXPLICIT_CURRENT_EPISODE_MAP
BA:event:851:010,CORE,ordinary repertoire; recipient agency/contrary endpoint,ADMITTED_WITH_LIMITS_CYCLE008; QUALIFIED_CONTENT_COMPLETE; PUBLICATION_STATUS_IN_CYCLE008_CHECKPOINT,"The supposed healing-magic exchange is explicitly contradicted by Love's tracer/napalm objection and the actual weapon vocabulary (u4–18). Slug rounds and Dragon Breath are not narrated clinical restoration. The battery question and frightened confession appear threatening (u27–31); E011 supplies the consequential correction, so this scene must not be summarized as electrical torture.",series/blue-archive/02 Sequential Readings/EVENTS/EVENT_851/BLUE_ARCHIVE_EVENT_851_CONTEXTUALIZATION_CHECKPOINT.md,"{'owner_route_key': '851', 'line': 123}",EXPLICIT_CURRENT_EPISODE_MAP
BA:event:851:011,CORE,provenance/identity/modes,ADMITTED_WITH_LIMITS_CYCLE008; QUALIFIED_CONTENT_COMPLETE; PUBLICATION_STATUS_IN_CYCLE008_CHECKPOINT,"The members confess humiliating details about Love's grip and upper-bunk fear (u3–4), which are claims rather than ethical warrants. Suzumi explains that the car battery is necessary because the room's electricity is not connected (u8–9). Capture of that suspect has not happened yet.",series/blue-archive/02 Sequential Readings/EVENTS/EVENT_851/BLUE_ARCHIVE_EVENT_851_CONTEXTUALIZATION_CHECKPOINT.md,"{'owner_route_key': '851', 'line': 125}",EXPLICIT_CURRENT_EPISODE_MAP
BA:event:851:012,CORE,ordinary repertoire; recipient agency/contrary endpoint; institution/work,ADMITTED_WITH_LIMITS_CYCLE008; QUALIFIED_CONTENT_COMPLETE; PUBLICATION_STATUS_IN_CYCLE008_CHECKPOINT,"Suzumi reasons that a merchant will remain near a crowded stage and escape boundary; Mashiro then locates the seller (u1–20). The vendor falsely interprets a collapsing balloon as health improvement, but explicitly tells the child to see a doctor, take medicine and follow advice when ill (u21–27); there is no actual treatment or cure. Suzumi asks for cooperation; the merchant removes the cart stop and flees, Reisa shoots on command, and Mirai is named (u28–43). The pseudoscience club responds with fire. The audience continues to see a show. Love's bounty/yakiniku motive remains explicit (u44–48), not replaced by pure altruism.",series/blue-archive/02 Sequential Readings/EVENTS/EVENT_851/BLUE_ARCHIVE_EVENT_851_CONTEXTUALIZATION_CHECKPOINT.md,"{'owner_route_key': '851', 'line': 127}",EXPLICIT_CURRENT_EPISODE_MAP
BA:event:851:013,CORE,recipient agency/contrary endpoint; relations/care; institution/work; provenance/identity/modes,ADMITTED_WITH_LIMITS_CYCLE008; QUALIFIED_CONTENT_COMPLETE; PUBLICATION_STATUS_IN_CYCLE008_CHECKPOINT,"Mashiro reports institutional discussion and still lacks intervention permission (u4–7). Mirai throws a flash toward the teacher; Suzumi actually protects the adult, finds no apparent injury and recognizes that she can still protect someone (u9–21). Mashiro again refuses fire while the target remains in Gehenna.",series/blue-archive/02 Sequential Readings/EVENTS/EVENT_851/BLUE_ARCHIVE_EVENT_851_CONTEXTUALIZATION_CHECKPOINT.md,"{'owner_route_key': '851', 'line': 129}",EXPLICIT_CURRENT_EPISODE_MAP
BA:event:851:014,CORE,recipient agency/contrary endpoint; institution/work; provenance/identity/modes,ADMITTED_WITH_LIMITS_CYCLE008; QUALIFIED_CONTENT_COMPLETE; PUBLICATION_STATUS_IN_CYCLE008_CHECKPOINT,"The news reports the prior-weekend show's success, speculation about cast identity, a privacy refusal by park staff and an unconfirmed Schale-director rumor; the council ordinance is only the beginning of a proposal report (u1–8). It is neither an enacted rule nor independent certification of the story's official status. This resolves her local withdrawal decision, not all social difficulty.",series/blue-archive/02 Sequential Readings/EVENTS/EVENT_851/BLUE_ARCHIVE_EVENT_851_CONTEXTUALIZATION_CHECKPOINT.md,"{'owner_route_key': '851', 'line': 133}",EXPLICIT_CURRENT_EPISODE_MAP
BA:event:851:015,HIGH,recipient agency/contrary endpoint; relations/care; institution/work; provenance/identity/modes,ADMITTED_WITH_LIMITS_CYCLE008; QUALIFIED_CONTENT_COMPLETE; PUBLICATION_STATUS_IN_CYCLE008_CHECKPOINT,"Mirai's flight ends in water, where she realizes it is shallow (u1–9). Her claim that exploding germanium bombs destroy her savings is not a verified bank record or actual insolvency. The broken bracelet instead becomes a story that it protected her until now; she selects this as the next month's favored product (u10–16). There is no reform, refund, jail arrival or confirmed absence of every injury. The afterstate preserves a comic, resistant commercial perspective rather than erasing it after the heroines' triumph.",series/blue-archive/02 Sequential Readings/EVENTS/EVENT_851/BLUE_ARCHIVE_EVENT_851_CONTEXTUALIZATION_CHECKPOINT.md,"{'owner_route_key': '851', 'line': 137}",EXPLICIT_CURRENT_EPISODE_MAP
BA:event:851:016,HIGH,ordinary repertoire; institution/work; provenance/identity/modes,ADMITTED_WITH_LIMITS_CYCLE008; QUALIFIED_CONTENT_COMPLETE; PUBLICATION_STATUS_IN_CYCLE008_CHECKPOINT,"The five-day flashback adds missing economic and leisure motives to Love's group (u1–37). A paid employer supposedly supplies free passes and backup; meals, rides, photos and bento are wanted, while Love insists on work. The actual crocodile discovery and scream explain the later reported difficulty, without a printed bite (u93–99).",series/blue-archive/02 Sequential Readings/EVENTS/EVENT_851/BLUE_ARCHIVE_EVENT_851_CONTEXTUALIZATION_CHECKPOINT.md,"{'owner_route_key': '851', 'line': 139}",EXPLICIT_CURRENT_EPISODE_MAP
BA:event:851:017,HIGH,ordinary repertoire,ADMITTED_WITH_LIMITS_CYCLE008; QUALIFIED_CONTENT_COMPLETE; PUBLICATION_STATUS_IN_CYCLE008_CHECKPOINT,"The three-day flashback shows Ui finishing restored-book arrangement and enjoying a quiet hour (u2–6). She recognizes Shimiko and observes a new magical-girl interest, rapid reading and genre/research selections (u7–41). Shimiko's frightening villain-voice practice is actual at the ending (u88–94), not conversion into evil.",series/blue-archive/02 Sequential Readings/EVENTS/EVENT_851/BLUE_ARCHIVE_EVENT_851_CONTEXTUALIZATION_CHECKPOINT.md,"{'owner_route_key': '851', 'line': 141}",EXPLICIT_CURRENT_EPISODE_MAP
BA:event:852:001,CORE,ordinary repertoire; recipient agency/contrary endpoint; institution/work; provenance/identity/modes,ADMITTED_WITH_LIMITS_CYCLE008; QUALIFIED_CONTENT_COMPLETE; PUBLICATION_STATUS_IN_CYCLE008_CHECKPOINT,"material need and the publishing bargain. Mel reports roughly three days without food, loss of hunger and weakness; Momiji reports delayed club money and a hurried, unsuccessful attempt to fund the Knowledge Liberation Front through books (s1u2–27). Food is supplied before Mel's stomach pain; Takane gives water and offers a physiological explanation (u34–40), not a credentialed examination/cure.",series/blue-archive/02 Sequential Readings/EVENTS/EVENT_852/BLUE_ARCHIVE_EVENT_852_CONTEXTUALIZATION_CHECKPOINT.md,"{'owner_route_key': '852', 'line': 83}",EXPLICIT_CURRENT_EPISODE_MAP
BA:event:852:002,CORE,ordinary repertoire; relations/care; provenance/identity/modes,ADMITTED_WITH_LIMITS_CYCLE008; QUALIFIED_CONTENT_COMPLETE; PUBLICATION_STATUS_IN_CYCLE008_CHECKPOINT,"Readers actually enjoy, buy and share the book; a fan supplies her own continuation. Yakumo’s omissions-as-imaginative-space and three-copy sales norm remain sales rhetoric, not universal standards. Nagisa’s wanted tea taste, fragrance and teacher company have intrinsic weight before her shocked reading contradicts her favorable assumption (u32–136); neither the locally ambiguous Sister wording nor her shock proves a foreign attack.",series/blue-archive/02 Sequential Readings/EVENTS/EVENT_852/BLUE_ARCHIVE_EVENT_852_CONTEXTUALIZATION_CHECKPOINT.md,"{'owner_route_key': '852', 'line': 90}",EXPLICIT_CURRENT_EPISODE_PRIORITY_WITH_SOURCE_SPECIFIC_LITERARY_REASON
BA:event:852:003,CORE,ordinary repertoire; recipient agency/contrary endpoint; relations/care; institution/work; provenance/identity/modes,ADMITTED_WITH_LIMITS_CYCLE008; QUALIFIED_CONTENT_COMPLETE; PUBLICATION_STATUS_IN_CYCLE008_CHECKPOINT,"Nagisa actually makes a secret institutional commission, but the teacher and Shimiko contest her intentional-attack interpretation. Shimiko has read the whole book, conceals this strategically, then gives a grey-zone account valuing editing and questioning who licenses judgment (u37–38,47–72,105–129). Nagisa apologizes for blocking it; printed actor-label seams remain, and proposed whip/atonement is not performed punishment. Anti-ban conviction can coexist with coercive protection.",series/blue-archive/02 Sequential Readings/EVENTS/EVENT_852/BLUE_ARCHIVE_EVENT_852_CONTEXTUALIZATION_CHECKPOINT.md,"{'owner_route_key': '852', 'line': 97}",EXPLICIT_CURRENT_EPISODE_PRIORITY_WITH_SOURCE_SPECIFIC_LITERARY_REASON
BA:event:852:004,HIGH,provenance/identity/modes,ADMITTED_WITH_LIMITS_CYCLE008; QUALIFIED_CONTENT_COMPLETE; PUBLICATION_STATUS_IN_CYCLE008_CHECKPOINT,"settlement, fatigue, culture theory and unread enforcement. The publishers' lodging costs, fatigue and sales exceeding expectations are explicit (s1u2–23). Literal Momiji u43/u54 and Yakumo u69 carry adjacent-actor styles; collective gratitude/settlement is firm, individual reassignment remains limited.",series/blue-archive/02 Sequential Readings/EVENTS/EVENT_852/BLUE_ARCHIVE_EVENT_852_CONTEXTUALIZATION_CHECKPOINT.md,"{'owner_route_key': '852', 'line': 106}",EXPLICIT_CURRENT_EPISODE_MAP
BA:event:852:005,HIGH,ordinary repertoire; relations/care,ADMITTED_WITH_LIMITS_CYCLE008; QUALIFIED_CONTENT_COMPLETE; PUBLICATION_STATUS_IN_CYCLE008_CHECKPOINT,"readers' refuge and Koharu's ambivalent help. Students take the sellers to an unused gym and explain the investigation, Tea Party rumors and possible seizure/exile (s1u2–11;s2u2–44). Predicted confiscation of all purchased books or profits is not completed enforcement. Readers actively shelter the publishers, and Yakumo sees suppression as an opportunity to sell more (s2u45–54). Takane agrees to the embarrassing next marketing step after explicitly asking whether it is necessary (u55–59); agreement is not unqualified enthusiasm.",series/blue-archive/02 Sequential Readings/EVENTS/EVENT_852/BLUE_ARCHIVE_EVENT_852_CONTEXTUALIZATION_CHECKPOINT.md,"{'owner_route_key': '852', 'line': 113}",EXPLICIT_CURRENT_EPISODE_MAP
BA:event:852:006,CORE,ordinary repertoire; recipient agency/contrary endpoint; relations/care,ADMITTED_WITH_LIMITS_CYCLE008; QUALIFIED_CONTENT_COMPLETE; PUBLICATION_STATUS_IN_CYCLE008_CHECKPOINT,"genuine criticism, a false persona, original creation and books as dialogue. Readers actually help distribute. She refuses the proposed criticism collection (u41–44).",series/blue-archive/02 Sequential Readings/EVENTS/EVENT_852/BLUE_ARCHIVE_EVENT_852_CONTEXTUALIZATION_CHECKPOINT.md,"{'owner_route_key': '852', 'line': 118}",EXPLICIT_CURRENT_EPISODE_MAP
BA:event:852:007,CORE,ordinary repertoire; recipient agency/contrary endpoint; relations/care,ADMITTED_WITH_LIMITS_CYCLE008; QUALIFIED_CONTENT_COMPLETE; PUBLICATION_STATUS_IN_CYCLE008_CHECKPOINT,"pressure, withdrawn help, wanted shelter and personal distance. Mashiro turns that misread concern into a test of JTF existence/value and expands all human resources immediately, acknowledging the unreasonable request as members ask her to wait (u1–21). This legitimate limit should not become treachery or failed affection.",series/blue-archive/02 Sequential Readings/EVENTS/EVENT_852/BLUE_ARCHIVE_EVENT_852_CONTEXTUALIZATION_CHECKPOINT.md,"{'owner_route_key': '852', 'line': 129}",EXPLICIT_CURRENT_EPISODE_MAP
BA:event:852:008,CORE,source-specific local progression and endpoint,ADMITTED_WITH_LIMITS_CYCLE008; QUALIFIED_CONTENT_COMPLETE; PUBLICATION_STATUS_IN_CYCLE008_CHECKPOINT,"the market-ring argument challenged by attachment and false advertising. Ui welcomes the teacher specifically, feels four people are too many, and receives a quietness promise (u1–6). The hint permits an interpretation, not an established full creative biography.",series/blue-archive/02 Sequential Readings/EVENTS/EVENT_852/BLUE_ARCHIVE_EVENT_852_CONTEXTUALIZATION_CHECKPOINT.md,"{'owner_route_key': '852', 'line': 134}",EXPLICIT_CURRENT_EPISODE_MAP
BA:event:852:009,CORE,recipient agency/contrary endpoint; relations/care,ADMITTED_WITH_LIMITS_CYCLE008; QUALIFIED_CONTENT_COMPLETE; PUBLICATION_STATUS_IN_CYCLE008_CHECKPOINT,"access, protective violence and a procedural local resolution. Koharu has actually accompanied peers and warns the teacher; Shimiko advises her to avoid the conflict, but she decides to go because it is right (u1–26). Mashiro proposes a complete library inventory and possible removal; her assertion that innocence leaves no reason to refuse is immediately contested (u30–52).",series/blue-archive/02 Sequential Readings/EVENTS/EVENT_852/BLUE_ARCHIVE_EVENT_852_CONTEXTUALIZATION_CHECKPOINT.md,"{'owner_route_key': '852', 'line': 139}",EXPLICIT_CURRENT_EPISODE_MAP
BA:event:852:010,CORE,ordinary repertoire; recipient agency/contrary endpoint; institution/work; provenance/identity/modes,ADMITTED_WITH_LIMITS_CYCLE008; QUALIFIED_CONTENT_COMPLETE; PUBLICATION_STATUS_IN_CYCLE008_CHECKPOINT,"qualified exchange, taste, oversight and unfinished desires. Nagisa presents a cultural-exchange proposal, with the teacher as guarantor and library judgment, expresses Tea Party assent and asks that future circulation wait for consultation (u1–4). The proposal details are represented speech, not a separately received treaty document. Cherino delegates this case to Schale and leaves for a nap (u5–14). The teacher is surprised. Nagisa's liability/emotional-risk interpretation calls this cunning diplomacy (u15–23); it is her inward construction, not verified secret intent. The nap should not become a covert signal without evidence.",series/blue-archive/02 Sequential Readings/EVENTS/EVENT_852/BLUE_ARCHIVE_EVENT_852_CONTEXTUALIZATION_CHECKPOINT.md,"{'owner_route_key': '852', 'line': 146}",EXPLICIT_CURRENT_EPISODE_MAP
BA:event:853:001,HIGH,ordinary repertoire; relations/care; institution/work,ADMITTED_WITH_LIMITS_CYCLE008; QUALIFIED_CONTENT_COMPLETE; PUBLICATION_STATUS_IN_CYCLE008_CHECKPOINT,"wanted filming becomes an improvised protection encounter. The opening's thick noodles, back fat and chili oil give the video a concrete appetite. Michiru's fireworks distraction and the others' attack yield a locally effective team intervention, but Izuna's praise of the strategy at 0047 does not turn Michiru's uncertainty at 0049 into evidence of a previously designed master plan.",series/blue-archive/02 Sequential Readings/EVENTS/EVENT_853/BLUE_ARCHIVE_EVENT_853_CONTEXTUALIZATION_CHECKPOINT.md,"{'owner_route_key': '853', 'line': 82}",EXPLICIT_CURRENT_EPISODE_MAP
BA:event:853:002,CORE,ordinary repertoire; institution/work; provenance/identity/modes,ADMITTED_WITH_LIMITS_CYCLE008; QUALIFIED_CONTENT_COMPLETE; PUBLICATION_STATUS_IN_CYCLE008_CHECKPOINT,"rewarding an interest becomes a condition disclosed late. The next-day classroom and the club's unofficial status are local continuing conditions, not a newly narrated expulsion. Repair is unaffordable (scene 001 unit 0008), which makes the camera offer consequential. Niya wants ramen herself, a preference that complicates an exclusively formal image. Her praise for severe ninja training (scene 002 unit 0021) meets Michiru's inward denial (0023); shared experience is real, a rigorous training history is not established here.",series/blue-archive/02 Sequential Readings/EVENTS/EVENT_853/BLUE_ARCHIVE_EVENT_853_CONTEXTUALIZATION_CHECKPOINT.md,"{'owner_route_key': '853', 'line': 85}",EXPLICIT_CURRENT_EPISODE_MAP
BA:event:853:003,CORE,ordinary repertoire,ADMITTED_WITH_LIMITS_CYCLE008; QUALIFIED_CONTENT_COMPLETE; PUBLICATION_STATUS_IN_CYCLE008_CHECKPOINT,"fitting bodies, useful skill and a mistaken insistence. The advanced camera is actually received (0033); waterproofing is a feature, while boiling-ramen filming is a prospective use (0039–0041), not a completed test. All three can like beautiful clothes while finding them ill suited to undercover movement. Izuna's enjoyment of her first pretty dress (0106–0109) is not canceled by the constraint. Michiru struggles with a reversed garment; Tsukuyo assists with styling and the hair iron (0121–0129). Tsukuyo has relevant competence before public recognition.",series/blue-archive/02 Sequential Readings/EVENTS/EVENT_853/BLUE_ARCHIVE_EVENT_853_CONTEXTUALIZATION_CHECKPOINT.md,"{'owner_route_key': '853', 'line': 89}",EXPLICIT_CURRENT_EPISODE_MAP
BA:event:853:004,HIGH,ordinary repertoire; relations/care; provenance/identity/modes,ADMITTED_WITH_LIMITS_CYCLE008; QUALIFIED_CONTENT_COMPLETE; PUBLICATION_STATUS_IN_CYCLE008_CHECKPOINT,"excluded participation and a first competing valuation. The torn dress is repaired (scene 001 unit 0004); larger stock is unavailable and a one-hour custom order impossible (0008–0010). Formal entry rules leave Tsukuyo outside in ordinary clothes (scene 003 units 0004–0009). Her self-blame for being big is her hurt response, not the account's judgment. Calm in her normal clothing and the prospect of group ramen (0011–0014) retain value independently of the coming model career.",series/blue-archive/02 Sequential Readings/EVENTS/EVENT_853/BLUE_ARCHIVE_EVENT_853_CONTEXTUALIZATION_CHECKPOINT.md,"{'owner_route_key': '853', 'line': 93}",EXPLICIT_CURRENT_EPISODE_MAP
BA:event:853:005,HIGH,ordinary repertoire; relations/care; provenance/identity/modes,ADMITTED_WITH_LIMITS_CYCLE008; QUALIFIED_CONTENT_COMPLETE; PUBLICATION_STATUS_IN_CYCLE008_CHECKPOINT,"companionship, theft and two ways of valuing a garment. Michiru's boredom, desire for talk and pleasure at the teacher's arrival (0008/0019) matter. The peeping allegation is denied in a represented choice; no prior peeping is established. The teacher can decline a model debut, and Michiru's ninja-oriented reading of that decision at 0018 does not determine the adult's complete motives. Imagined ambush (0021), restrained at 0023, is not an actual attack.",series/blue-archive/02 Sequential Readings/EVENTS/EVENT_853/BLUE_ARCHIVE_EVENT_853_CONTEXTUALIZATION_CHECKPOINT.md,"{'owner_route_key': '853', 'line': 97}",EXPLICIT_CURRENT_EPISODE_MAP
BA:event:853:006,HIGH,recipient agency/contrary endpoint; provenance/identity/modes,ADMITTED_WITH_LIMITS_CYCLE008; QUALIFIED_CONTENT_COMPLETE; PUBLICATION_STATUS_IN_CYCLE008_CHECKPOINT,"successful recovery does not remove collateral consequences. The group is reported to have done well, while the opponents have not (0005–0006). The bag is recovered (0020). An unidentified fallen student is noticed at 0013; Tsukuyo says she did not notice the person at 0015–0016. Collateral damage is a hypothesis at 0017, not a separately witnessed bullet trajectory. Aid is proposed at 0018, interrupted before being performed. Shine Cat's recognition at 0022–0024 leads into the next episode; this brief untitled sequence is not dispensable because it binds recovery to a consequential injured recipient.",series/blue-archive/02 Sequential Readings/EVENTS/EVENT_853/BLUE_ARCHIVE_EVENT_853_CONTEXTUALIZATION_CHECKPOINT.md,"{'owner_route_key': '853', 'line': 101}",EXPLICIT_CURRENT_EPISODE_MAP
BA:event:853:007,CORE,ordinary repertoire; recipient agency/contrary endpoint; relations/care; institution/work; provenance/identity/modes,ADMITTED_WITH_LIMITS_CYCLE008; QUALIFIED_CONTENT_COMPLETE; PUBLICATION_STATUS_IN_CYCLE008_CHECKPOINT,"A rescue worker requires the injured model to rest; no instant cure appears. Tsukuyo’s admired actual replacement performance follows time-pressure appeals and her explicit agreement for today only, then return to ninja activity (scene4u14–15). Shine Cat’s question whether the world will allow return begins pressure. Skill, pretty clothing and temporary assent matter without manufacturing free consent to a whole career.",series/blue-archive/02 Sequential Readings/EVENTS/EVENT_853/BLUE_ARCHIVE_EVENT_853_CONTEXTUALIZATION_CHECKPOINT.md,"{'owner_route_key': '853', 'line': 104}",EXPLICIT_CURRENT_EPISODE_MAP
BA:event:853:008,CORE,recipient agency/contrary endpoint; relations/care; provenance/identity/modes,ADMITTED_WITH_LIMITS_CYCLE008; QUALIFIED_CONTENT_COMPLETE; PUBLICATION_STATUS_IN_CYCLE008_CHECKPOINT,"Hiyori’s magazines/fashion and Atsuko’s chosen gardening have intrinsic value, with poverty and talent’s burdens retained. The public model declaration and promise rhetoric exceed Tsukuyo’s temporary agreement; designer glare and mixed printed actor labels prevent silently recovering free career assent. Michiru’s delighted extra views are real but absence/unread messages do not prove Tsukuyo willingly left her friends.",series/blue-archive/02 Sequential Readings/EVENTS/EVENT_853/BLUE_ARCHIVE_EVENT_853_CONTEXTUALIZATION_CHECKPOINT.md,"{'owner_route_key': '853', 'line': 109}",EXPLICIT_CURRENT_EPISODE_MAP
BA:event:853:009,CORE,ordinary repertoire; recipient agency/contrary endpoint; relations/care; institution/work; provenance/identity/modes,ADMITTED_WITH_LIMITS_CYCLE008; QUALIFIED_CONTENT_COMPLETE; PUBLICATION_STATUS_IN_CYCLE008_CHECKPOINT,"Friends interpret distance as success before learning its restrictions. The manager actually admits withholding contact and refuses an immediate call (u120–128); serious-work reports do not prove assent. Niya’s assistant appointment helps locally without undoing oath pressure, and Michiru’s resolution to keep filming retains pain and broken delivery. No completed published video or voluntary isolation is established.",series/blue-archive/02 Sequential Readings/EVENTS/EVENT_853/BLUE_ARCHIVE_EVENT_853_CONTEXTUALIZATION_CHECKPOINT.md,"{'owner_route_key': '853', 'line': 113}",EXPLICIT_CURRENT_EPISODE_MAP
BA:event:853:010,CORE,ordinary repertoire; relations/care; provenance/identity/modes,ADMITTED_WITH_LIMITS_CYCLE008; QUALIFIED_CONTENT_COMPLETE; PUBLICATION_STATUS_IN_CYCLE008_CHECKPOINT,"Tsukuyo’s fatigue, painful shoes and wish to return contest the professional claim that only this role yields worth. An imposed konjac salad contrasts with the designer’s heavy meal and her wanted ramen with companions (scene2u7–10); her phone remains withheld. Three companions actually eat ramen while noting her absence. Audience size and promotional praise cannot determine whether this life is wanted; the next show remains planned.",series/blue-archive/02 Sequential Readings/EVENTS/EVENT_853/BLUE_ARCHIVE_EVENT_853_CONTEXTUALIZATION_CHECKPOINT.md,"{'owner_route_key': '853', 'line': 117}",EXPLICIT_CURRENT_EPISODE_MAP
BA:event:853:011,HIGH,ordinary repertoire; recipient agency/contrary endpoint; relations/care,ADMITTED_WITH_LIMITS_CYCLE008; QUALIFIED_CONTENT_COMPLETE; PUBLICATION_STATUS_IN_CYCLE008_CHECKPOINT,"An actual noodle meal, wanted dango and a shop’s inability to supply takoyaki/coffee retain ordinary value. Izuna’s effort to raise Michiru’s spirits coexists with pain and mistaken video-health inference. A promised ninja event delivers security equipment instead; Michiru objects to deception (u46–54). Corrective friendship includes its own consent failure, and Izuna’s acceptance does not supply Michiru’s prior assent.",series/blue-archive/02 Sequential Readings/EVENTS/EVENT_853/BLUE_ARCHIVE_EVENT_853_CONTEXTUALIZATION_CHECKPOINT.md,"{'owner_route_key': '853', 'line': 122}",EXPLICIT_CURRENT_EPISODE_MAP
BA:event:853:012,CORE,recipient agency/contrary endpoint; provenance/identity/modes,ADMITTED_WITH_LIMITS_CYCLE008; QUALIFIED_CONTENT_COMPLETE; PUBLICATION_STATUS_IN_CYCLE008_CHECKPOINT,"Tsukuyo actually leaps from the show, captures the suspected bomber and names herself an ordinary ninja-loving student rather than letting model consume her name (u82–121). The bomb is independently confirmed within the scene; the earlier injured model admits commissioning Chimi attacks, without erasing her own collateral injury. Tsukuyo chooses return while retaining fashion ability; battle begins, with source actor seams and no clinical/legal closure.",series/blue-archive/02 Sequential Readings/EVENTS/EVENT_853/BLUE_ARCHIVE_EVENT_853_CONTEXTUALIZATION_CHECKPOINT.md,"{'owner_route_key': '853', 'line': 127}",EXPLICIT_CURRENT_EPISODE_MAP
BA:event:853:013,CORE,ordinary repertoire; recipient agency/contrary endpoint; relations/care; institution/work; provenance/identity/modes,ADMITTED_WITH_LIMITS_CYCLE008; QUALIFIED_CONTENT_COMPLETE; PUBLICATION_STATUS_IN_CYCLE008_CHECKPOINT,"The show is spoiled and damage minimized, not erased. Shine Cat accepts Tsukuyo’s own path, actually repairs/gives the dress and turns a debt demand into an explicit joke: craft and generous taste survive criticism. Her friends welcome her chosen return. Surprise filming/publicizing has no printed prior permission; ramen and upload remain future. Local homecoming is real without permanent institutional reform or subscriber-growth claims.",series/blue-archive/02 Sequential Readings/EVENTS/EVENT_853/BLUE_ARCHIVE_EVENT_853_CONTEXTUALIZATION_CHECKPOINT.md,"{'owner_route_key': '853', 'line': 132}",EXPLICIT_CURRENT_EPISODE_MAP
BA:event:854:001,CORE,ordinary repertoire; recipient agency/contrary endpoint; institution/work; provenance/identity/modes,ADMITTED_WITH_LIMITS_CYCLE008; QUALIFIED_CONTENT_COMPLETE; PUBLICATION_STATUS_IN_CYCLE008_CHECKPOINT,In 001:u0022–0039 Rio describes Binar as preceding the familiar Decagrammaton activity and cites scattered Abydos council research; Yuzu actually fires a grenade for echo-based measurement. The unusually large scale and ascent correct the team's expectations. Yuzu's weak-signal/sleep explanation is a hypothesis. Sensei's inward occupation claim at u0046 is immediately qualified by Kei at u0047: the area is not secured just because the initial encounter looks promising.,series/blue-archive/02 Sequential Readings/EVENTS/EVENT_854/BLUE_ARCHIVE_EVENT_854_CONTEXTUALIZATION_CHECKPOINT.md,"{'owner_route_key': '854', 'line': 114}",EXPLICIT_CURRENT_PACKAGE_OR_EPISODE_MAP
BA:event:854:002,CORE,ordinary repertoire; recipient agency/contrary endpoint; institution/work,ADMITTED_WITH_LIMITS_CYCLE008; QUALIFIED_CONTENT_COMPLETE; PUBLICATION_STATUS_IN_CYCLE008_CHECKPOINT,"002 shows the twins' fear and Kei's need to reach the core below. Rio arrives with the support craft because remote firewall penetration failed (u0023–0027). Rio promises only to do her best, not guaranteed survival (u0034–0036).",series/blue-archive/02 Sequential Readings/EVENTS/EVENT_854/BLUE_ARCHIVE_EVENT_854_CONTEXTUALIZATION_CHECKPOINT.md,"{'owner_route_key': '854', 'line': 116}",EXPLICIT_CURRENT_PACKAGE_OR_EPISODE_MAP
BA:event:854:003,CORE,ordinary repertoire; recipient agency/contrary endpoint; institution/work,ADMITTED_WITH_LIMITS_CYCLE008; QUALIFIED_CONTENT_COMPLETE; PUBLICATION_STATUS_IN_CYCLE008_CHECKPOINT,"002 shows the twins' fear and Kei's need to reach the core below. Rio arrives with the support craft because remote firewall penetration failed (u0023–0027). Rio promises only to do her best, not guaranteed survival (u0034–0036).",series/blue-archive/02 Sequential Readings/EVENTS/EVENT_854/BLUE_ARCHIVE_EVENT_854_CONTEXTUALIZATION_CHECKPOINT.md,"{'owner_route_key': '854', 'line': 116}",EXPLICIT_CURRENT_PACKAGE_OR_EPISODE_MAP
BA:event:854:004,CORE,recipient agency/contrary endpoint; provenance/identity/modes,ADMITTED_WITH_LIMITS_CYCLE008; QUALIFIED_CONTENT_COMPLETE; PUBLICATION_STATUS_IN_CYCLE008_CHECKPOINT,"Rio's represented dive and falling problem are real within the virtual scene. Himari's arrival assists her; bravado is qualified by Himari's inward need to buy time against a stronger opponent (003:u0113–0114). The explanation of Sefira information and proposed transport-body enhancement at u0031–0037 is a future application at this point, not already achieved total power.",series/blue-archive/02 Sequential Readings/EVENTS/EVENT_854/BLUE_ARCHIVE_EVENT_854_CONTEXTUALIZATION_CHECKPOINT.md,"{'owner_route_key': '854', 'line': 118}",EXPLICIT_CURRENT_PACKAGE_OR_EPISODE_MAP
BA:event:854:005,CORE,ordinary repertoire; recipient agency/contrary endpoint; relations/care,ADMITTED_WITH_LIMITS_CYCLE008; QUALIFIED_CONTENT_COMPLETE; PUBLICATION_STATUS_IN_CYCLE008_CHECKPOINT,"Alice’s first uniform gift gives Kei a wanted shared happiness. Kei wears it, receives differing responses and chooses to preserve it for needed occasions; pressure to repeat louder thanks complicates warmth (u0012–0062). Clothing/attachment are central ordinary evidence, not a new variant registry.",series/blue-archive/02 Sequential Readings/EVENTS/EVENT_854/BLUE_ARCHIVE_EVENT_854_CONTEXTUALIZATION_CHECKPOINT.md,"{'owner_route_key': '854', 'line': 121}",EXPLICIT_CURRENT_PACKAGE_OR_EPISODE_MAP
BA:event:854:006,CORE,recipient agency/contrary endpoint,ADMITTED_WITH_LIMITS_CYCLE008; QUALIFIED_CONTENT_COMPLETE; PUBLICATION_STATUS_IN_CYCLE008_CHECKPOINT,006 opposes imposed functional purpose to Kei's chosen name and future. Owl treats purpose as destiny; Kei objects to being called a key and refuses cooperation with the old system. The enrollment offer at u0123–0124 is refused.,series/blue-archive/02 Sequential Readings/EVENTS/EVENT_854/BLUE_ARCHIVE_EVENT_854_CONTEXTUALIZATION_CHECKPOINT.md,"{'owner_route_key': '854', 'line': 123}",EXPLICIT_CURRENT_PACKAGE_OR_EPISODE_MAP
BA:event:854:007,CORE,ordinary repertoire; relations/care,ADMITTED_WITH_LIMITS_CYCLE008; QUALIFIED_CONTENT_COMPLETE; PUBLICATION_STATUS_IN_CYCLE008_CHECKPOINT,The quiet afterstate recognizes parties’ nonnegotiable concerns may be mutually unknown; Sensei’s alternatives express possible reconciliation (u0007–0012). This bounds certainty about restored relations and gives uncertainty intrinsic weight.,series/blue-archive/02 Sequential Readings/EVENTS/EVENT_854/BLUE_ARCHIVE_EVENT_854_CONTEXTUALIZATION_CHECKPOINT.md,"{'owner_route_key': '854', 'line': 123}",EXPLICIT_CURRENT_PACKAGE_OR_EPISODE_MAP
BA:event:854:008,CORE,recipient agency/contrary endpoint; relations/care,ADMITTED_WITH_LIMITS_CYCLE008; QUALIFIED_CONTENT_COMPLETE; PUBLICATION_STATUS_IN_CYCLE008_CHECKPOINT,008 returns to Keter and recalls the earlier investigation through speech. Toki and Eimi testify to Himari's excitement; Himari reframes this as hoped-for resolution opening further uncertainty and refuses the ability to foresee every result (u0015–0032). Kei's quiet request that Sensei thank Himari later is followed by Sensei's loud attempt and Kei's objection (u0043–0053); the desired private mediation is not simply fulfilled as requested.,series/blue-archive/02 Sequential Readings/EVENTS/EVENT_854/BLUE_ARCHIVE_EVENT_854_CONTEXTUALIZATION_CHECKPOINT.md,"{'owner_route_key': '854', 'line': 125}",EXPLICIT_CURRENT_PACKAGE_OR_EPISODE_MAP
BA:event:854:009,CORE,recipient agency/contrary endpoint; relations/care,ADMITTED_WITH_LIMITS_CYCLE008; QUALIFIED_CONTENT_COMPLETE; PUBLICATION_STATUS_IN_CYCLE008_CHECKPOINT,008 returns to Keter and recalls the earlier investigation through speech. Toki and Eimi testify to Himari's excitement; Himari reframes this as hoped-for resolution opening further uncertainty and refuses the ability to foresee every result (u0015–0032). Kei's quiet request that Sensei thank Himari later is followed by Sensei's loud attempt and Kei's objection (u0043–0053); the desired private mediation is not simply fulfilled as requested.,series/blue-archive/02 Sequential Readings/EVENTS/EVENT_854/BLUE_ARCHIVE_EVENT_854_CONTEXTUALIZATION_CHECKPOINT.md,"{'owner_route_key': '854', 'line': 125}",EXPLICIT_CURRENT_PACKAGE_OR_EPISODE_MAP
BA:event:854:010,CORE,ordinary repertoire,ADMITTED_WITH_LIMITS_CYCLE008; QUALIFIED_CONTENT_COMPLETE; PUBLICATION_STATUS_IN_CYCLE008_CHECKPOINT,Momoi wants fresh game inspiration while Midori notes earlier material unused. The lot-based ship assignment is not incompetence exclusion; approaching forces expose weak defenses and Himari preserves the twins’ assigned role (u0009–0061). New games and successful defense remain uncompleted.,series/blue-archive/02 Sequential Readings/EVENTS/EVENT_854/BLUE_ARCHIVE_EVENT_854_CONTEXTUALIZATION_CHECKPOINT.md,"{'owner_route_key': '854', 'line': 128}",EXPLICIT_CURRENT_PACKAGE_OR_EPISODE_MAP
BA:event:854:011,CORE,recipient agency/contrary endpoint; relations/care; institution/work,ADMITTED_WITH_LIMITS_CYCLE008; QUALIFIED_CONTENT_COMPLETE; PUBLICATION_STATUS_IN_CYCLE008_CHECKPOINT,Midori gives Momoi her last magazine while retaining half; Alice and Himari actually rescue them (u0003–0013). Distributed help is accomplished. Future motion-sickness medicine is offered without administration or cure (u0018).,series/blue-archive/02 Sequential Readings/EVENTS/EVENT_854/BLUE_ARCHIVE_EVENT_854_CONTEXTUALIZATION_CHECKPOINT.md,"{'owner_route_key': '854', 'line': 128}",EXPLICIT_CURRENT_PACKAGE_OR_EPISODE_MAP
BA:event:854:012,CORE,provenance/identity/modes,ADMITTED_WITH_LIMITS_CYCLE008; QUALIFIED_CONTENT_COMPLETE; PUBLICATION_STATUS_IN_CYCLE008_CHECKPOINT,"012 reports the first defense line broken and the expansion slowed; Rio calls the interconnection hypothesis somewhat demonstrated, not universally proved (u0011, u0078–0080). Ain's claims about mortality and absence of Mystery belong to the opponent's argument, not independent biological findings. Kei's literal count of three occupied areas at u0102 is retained without repairing the map by counting prior named prophets into a different territorial scheme.",series/blue-archive/02 Sequential Readings/EVENTS/EVENT_854/BLUE_ARCHIVE_EVENT_854_CONTEXTUALIZATION_CHECKPOINT.md,"{'owner_route_key': '854', 'line': 130}",EXPLICIT_CURRENT_PACKAGE_OR_EPISODE_MAP
BA:event:854:013,CORE,ordinary repertoire; recipient agency/contrary endpoint; relations/care; provenance/identity/modes,ADMITTED_WITH_LIMITS_CYCLE008; QUALIFIED_CONTENT_COMPLETE; PUBLICATION_STATUS_IN_CYCLE008_CHECKPOINT,"013 places Kokma in a built environmental and historical account. Rio's feeling is interpreted by Eimi; Rio says she has not fully analyzed the body and a fatal error remains possible (u0026–0032). Kei's collapse language becomes expressly just saying, not an actual collapse. In 014 Eimi reports Kokma silenced, then struggles with the heat. Sensei's alternatives ask her to remain in battle clothing for protection, while Kei needs longer for information extraction because of local temperature/pressure (u0001–0011). Eimi absolves Kei while blaming the world; the joke echoes the opponents without proving identical beliefs or absent physical burden.",series/blue-archive/02 Sequential Readings/EVENTS/EVENT_854/BLUE_ARCHIVE_EVENT_854_CONTEXTUALIZATION_CHECKPOINT.md,"{'owner_route_key': '854', 'line': 133}",EXPLICIT_CURRENT_PACKAGE_OR_EPISODE_MAP
BA:event:854:014,CORE,ordinary repertoire; recipient agency/contrary endpoint; relations/care; provenance/identity/modes,ADMITTED_WITH_LIMITS_CYCLE008; QUALIFIED_CONTENT_COMPLETE; PUBLICATION_STATUS_IN_CYCLE008_CHECKPOINT,"013 places Kokma in a built environmental and historical account. Rio's feeling is interpreted by Eimi; Rio says she has not fully analyzed the body and a fatal error remains possible (u0026–0032). Kei's collapse language becomes expressly just saying, not an actual collapse. In 014 Eimi reports Kokma silenced, then struggles with the heat. Sensei's alternatives ask her to remain in battle clothing for protection, while Kei needs longer for information extraction because of local temperature/pressure (u0001–0011). Eimi absolves Kei while blaming the world; the joke echoes the opponents without proving identical beliefs or absent physical burden.",series/blue-archive/02 Sequential Readings/EVENTS/EVENT_854/BLUE_ARCHIVE_EVENT_854_CONTEXTUALIZATION_CHECKPOINT.md,"{'owner_route_key': '854', 'line': 133}",EXPLICIT_CURRENT_PACKAGE_OR_EPISODE_MAP
BA:event:854:015,CORE,ordinary repertoire; institution/work; provenance/identity/modes,ADMITTED_WITH_LIMITS_CYCLE008; QUALIFIED_CONTENT_COMPLETE; PUBLICATION_STATUS_IN_CYCLE008_CHECKPOINT,"015 makes Geburah's cold environment into differentiated preference, remembered work and wanted praise. Toki says her earlier investigation was her first Sensei mission in the department; that is her report. There is no independently completed natural-versus-artificial theory.",series/blue-archive/02 Sequential Readings/EVENTS/EVENT_854/BLUE_ARCHIVE_EVENT_854_CONTEXTUALIZATION_CHECKPOINT.md,"{'owner_route_key': '854', 'line': 135}",EXPLICIT_CURRENT_PACKAGE_OR_EPISODE_MAP
BA:event:854:016,HIGH,ordinary repertoire; provenance/identity/modes,ADMITTED_WITH_LIMITS_CYCLE008; QUALIFIED_CONTENT_COMPLETE; PUBLICATION_STATUS_IN_CYCLE008_CHECKPOINT,Eimi retrieves core data and reports Himari’s withdrawal. She enjoys artificial cold while still wanting a real glacier; Kei’s joke does not establish a natural/artificial theory. Differentiated environmental pleasure is useful comparison without a general comfort rule.,series/blue-archive/02 Sequential Readings/EVENTS/EVENT_854/BLUE_ARCHIVE_EVENT_854_CONTEXTUALIZATION_CHECKPOINT.md,"{'owner_route_key': '854', 'line': 135}",EXPLICIT_CURRENT_PACKAGE_OR_EPISODE_MAP
BA:event:854:017,CORE,ordinary repertoire; relations/care; institution/work; provenance/identity/modes,ADMITTED_WITH_LIMITS_CYCLE008; QUALIFIED_CONTENT_COMPLETE; PUBLICATION_STATUS_IN_CYCLE008_CHECKPOINT,"Sof’s reported loss/incomplete restoration supports a substantive rival account of memory and suffering. Alice values ordinary daily companions above rank (u0050–0071). Neither wanted company nor the report certifies resurrection, universal happiness or a repaired actor seam.",series/blue-archive/02 Sequential Readings/EVENTS/EVENT_854/BLUE_ARCHIVE_EVENT_854_CONTEXTUALIZATION_CHECKPOINT.md,"{'owner_route_key': '854', 'line': 138}",EXPLICIT_CURRENT_PACKAGE_OR_EPISODE_MAP
BA:event:854:018,CORE,ordinary repertoire; recipient agency/contrary endpoint; relations/care; provenance/identity/modes,ADMITTED_WITH_LIMITS_CYCLE008; QUALIFIED_CONTENT_COMPLETE; PUBLICATION_STATUS_IN_CYCLE008_CHECKPOINT,"Area control/core recovery is reported complete, but Alice remains uncertain about cursed birth and chooses trying friendship without promising conversation solves everything (u0001/u0067–0076). Kei’s initial head-pat objection survives later limited warmth.",series/blue-archive/02 Sequential Readings/EVENTS/EVENT_854/BLUE_ARCHIVE_EVENT_854_CONTEXTUALIZATION_CHECKPOINT.md,"{'owner_route_key': '854', 'line': 140}",EXPLICIT_CURRENT_PACKAGE_OR_EPISODE_MAP
BA:event:854:019,CORE,relations/care; provenance/identity/modes,ADMITTED_WITH_LIMITS_CYCLE008; QUALIFIED_CONTENT_COMPLETE; PUBLICATION_STATUS_IN_CYCLE008_CHECKPOINT,"019 gives the opposing group a private scene. Owl reports more than70% occupied and two remaining areas; Malkuth comforts Ain, Sof and Owl and says the embrace does not solve the problem, but may help them settle (u0005–0033). Absence of evidence against a reverse-time universe is not evidence that one exists (u0097–0119).",series/blue-archive/02 Sequential Readings/EVENTS/EVENT_854/BLUE_ARCHIVE_EVENT_854_CONTEXTUALIZATION_CHECKPOINT.md,"{'owner_route_key': '854', 'line': 143}",EXPLICIT_CURRENT_PACKAGE_OR_EPISODE_MAP
BA:event:854:020,CORE,ordinary repertoire,ADMITTED_WITH_LIMITS_CYCLE008; QUALIFIED_CONTENT_COMPLETE; PUBLICATION_STATUS_IN_CYCLE008_CHECKPOINT,"020 provides the event's strongest ordinary counterweight. Eimi and Toki admit fear and wanted idleness. Kei's old-power boast is interrupted by Sensei's teasing, not an external account of her age.",series/blue-archive/02 Sequential Readings/EVENTS/EVENT_854/BLUE_ARCHIVE_EVENT_854_CONTEXTUALIZATION_CHECKPOINT.md,"{'owner_route_key': '854', 'line': 145}",EXPLICIT_CURRENT_PACKAGE_OR_EPISODE_MAP
BA:event:854:021,CORE,provenance/identity/modes,ADMITTED_WITH_LIMITS_CYCLE008; QUALIFIED_CONTENT_COMPLETE; PUBLICATION_STATUS_IN_CYCLE008_CHECKPOINT,Yesod destruction and Alice’s successful return match are reported; Midori says all safe while Yuzu still fears the drop (u0001–0005). Genuine progress does not erase fear or authenticate Kei’s interrupted old-power/age boast.,series/blue-archive/02 Sequential Readings/EVENTS/EVENT_854/BLUE_ARCHIVE_EVENT_854_CONTEXTUALIZATION_CHECKPOINT.md,"{'owner_route_key': '854', 'line': 145}",EXPLICIT_CURRENT_PACKAGE_OR_EPISODE_MAP
BA:event:854:022,CORE,recipient agency/contrary endpoint; relations/care; provenance/identity/modes,ADMITTED_WITH_LIMITS_CYCLE008; QUALIFIED_CONTENT_COMPLETE; PUBLICATION_STATUS_IN_CYCLE008_CHECKPOINT,"022 reports all noncentral areas secured, then complicates easy success rhetoric: Rio credits sequence, Eimi gives a catastrophic counterfactual, Toki says all is well, and Kei objects that the achievement was nearly impossible (u0030–0040). Alice accidentally frames Rio as a former enemy; Rio acknowledges that aspect without a complete absolution (u0043–0046). Kei conceals the unknown message from Himari and claims only an approximate origin connection (u0048–0065). Eimi insists on a short name even as Owl refuses friendly greeting; Sof finally uses Eimi (u0071–0079), a limited linguistic response rather than surrender.",series/blue-archive/02 Sequential Readings/EVENTS/EVENT_854/BLUE_ARCHIVE_EVENT_854_CONTEXTUALIZATION_CHECKPOINT.md,"{'owner_route_key': '854', 'line': 147}",EXPLICIT_CURRENT_PACKAGE_OR_EPISODE_MAP
BA:event:854:023,CORE,ordinary repertoire; recipient agency/contrary endpoint; provenance/identity/modes,ADMITTED_WITH_LIMITS_CYCLE008; QUALIFIED_CONTENT_COMPLETE; PUBLICATION_STATUS_IN_CYCLE008_CHECKPOINT,"scene001 gives the giant combination a playful reception: Momoi rethinks scenario possibilities; Toki imagines Neru's approval, which is not an actual Neru statement; Midori privately dislikes the design. Rio and Kei explain using the continent's energy and absorbed cores to enlarge Neo Avant-garde-kun. This is not advance informed consent established by technical suitability.",series/blue-archive/02 Sequential Readings/EVENTS/EVENT_854/BLUE_ARCHIVE_EVENT_854_CONTEXTUALIZATION_CHECKPOINT.md,"{'owner_route_key': '854', 'line': 152}",EXPLICIT_CURRENT_PACKAGE_OR_EPISODE_MAP
BA:event:854:024,CORE,ordinary repertoire; recipient agency/contrary endpoint; relations/care; provenance/identity/modes,ADMITTED_WITH_LIMITS_CYCLE008; QUALIFIED_CONTENT_COMPLETE; PUBLICATION_STATUS_IN_CYCLE008_CHECKPOINT,"Yuzu is forcibly ejected and the machine destroyed; Rio reports parachute/safe escape, and Yuzu values having helped. Wanted naming Tendo Kei is locally affirmed (u0054–0061). Rescue and later satisfaction do not supply prior informed pilot consent or a registry merge.",series/blue-archive/02 Sequential Readings/EVENTS/EVENT_854/BLUE_ARCHIVE_EVENT_854_CONTEXTUALIZATION_CHECKPOINT.md,"{'owner_route_key': '854', 'line': 154}",EXPLICIT_CURRENT_PACKAGE_OR_EPISODE_MAP
BA:event:854:025,HIGH,provenance/identity/modes,ADMITTED_WITH_LIMITS_CYCLE008; QUALIFIED_CONTENT_COMPLETE; PUBLICATION_STATUS_IN_CYCLE008_CHECKPOINT,"The prayer supplies ethical/religious framing amid continued danger and bounded hopes. Printed invocation is meaningful but does not narrate its fulfillment, establish a divine identity or complete the battle.",series/blue-archive/02 Sequential Readings/EVENTS/EVENT_854/BLUE_ARCHIVE_EVENT_854_CONTEXTUALIZATION_CHECKPOINT.md,"{'owner_route_key': '854', 'line': 156}",EXPLICIT_CURRENT_PACKAGE_OR_EPISODE_MAP
BA:event:854:026,CORE,provenance/identity/modes,ADMITTED_WITH_LIMITS_CYCLE008; QUALIFIED_CONTENT_COMPLETE; PUBLICATION_STATUS_IN_CYCLE008_CHECKPOINT,026 has Alice pursue Malkuth's claim that pain and assigned names cannot be escaped. Malkuth's flight hardware suffers a nozzle problem; the supporters redirect output to ground battle (u0034–0043). Proposed absorption of Malkuth/Netzach cores is interrupted by surprise (u0126–0131); it must not be recorded as completed.,series/blue-archive/02 Sequential Readings/EVENTS/EVENT_854/BLUE_ARCHIVE_EVENT_854_CONTEXTUALIZATION_CHECKPOINT.md,"{'owner_route_key': '854', 'line': 159}",EXPLICIT_CURRENT_PACKAGE_OR_EPISODE_MAP
BA:event:854:027,CORE,recipient agency/contrary endpoint; provenance/identity/modes,ADMITTED_WITH_LIMITS_CYCLE008; QUALIFIED_CONTENT_COMPLETE; PUBLICATION_STATUS_IN_CYCLE008_CHECKPOINT,"027 reunites power at an altar and pulls the group upward. Decagrammaton's proclamation and religious narration are printed language, not independent theological truth. A promise to spare life does not equal recipient consent, harmless treatment, or freedom.",series/blue-archive/02 Sequential Readings/EVENTS/EVENT_854/BLUE_ARCHIVE_EVENT_854_CONTEXTUALIZATION_CHECKPOINT.md,"{'owner_route_key': '854', 'line': 161}",EXPLICIT_CURRENT_PACKAGE_OR_EPISODE_MAP
BA:event:854:028,CORE,recipient agency/contrary endpoint; relations/care,ADMITTED_WITH_LIMITS_CYCLE008; QUALIFIED_CONTENT_COMPLETE; PUBLICATION_STATUS_IN_CYCLE008_CHECKPOINT,"Interrupted communications and the Atziluth belt accompany a promise not to take lives but an intended conversion into new bodies/souls as apostles (u0017–0025). Life-sparing assurance does not confer consent, harmlessness or freedom.",series/blue-archive/02 Sequential Readings/EVENTS/EVENT_854/BLUE_ARCHIVE_EVENT_854_CONTEXTUALIZATION_CHECKPOINT.md,"{'owner_route_key': '854', 'line': 161}",EXPLICIT_CURRENT_PACKAGE_OR_EPISODE_MAP
BA:event:854:029,CORE,ordinary repertoire; provenance/identity/modes,ADMITTED_WITH_LIMITS_CYCLE008; QUALIFIED_CONTENT_COMPLETE; PUBLICATION_STATUS_IN_CYCLE008_CHECKPOINT,"029 is long and its complete ending must remain open. Eimi is struggling and perceives vitality drained; Sensei inwardly has no remaining move (u0001–0019). This is her learned interpretation, not proof all games or worlds guarantee meritocratic rewards.",series/blue-archive/02 Sequential Readings/EVENTS/EVENT_854/BLUE_ARCHIVE_EVENT_854_CONTEXTUALIZATION_CHECKPOINT.md,"{'owner_route_key': '854', 'line': 163}",EXPLICIT_CURRENT_PACKAGE_OR_EPISODE_MAP
BA:event:856:001,HIGH,ordinary repertoire; provenance/identity/modes,ADMITTED_WITH_LIMITS_CYCLE008; QUALIFIED_CONTENT_COMPLETE; PUBLICATION_STATUS_IN_CYCLE008_CHECKPOINT,"001u0004 broadcasts that Konoka will have the worst day of her life literally 三日後. The announcement's severity is itself a Chronos presenter claim; it is not narrator verification of a curse. Konoka's @konoka0819 farewell posts make fear socially visible. The displayed feed repeats cumulative log text, so repetition is not additional independent testimony. Other accounts offer concern and criticize the fortune-telling; an anonymous account introduces the lucky UMA and alleged nearby Tsuchinoko sightings. That anonymous witness identity and the creature's existence are not established by the feed.",series/blue-archive/02 Sequential Readings/EVENTS/EVENT_856/BLUE_ARCHIVE_EVENT_856_CONTEXTUALIZATION_CHECKPOINT.md,"{'owner_route_key': '856', 'line': 74}",PRESENT_PER_OBJECT_RECONCILIATION_FROM_CURRENT_ARGUMENT
BA:event:856:002,CORE,ordinary repertoire; relations/care; provenance/identity/modes,ADMITTED_WITH_LIMITS_CYCLE008; QUALIFIED_CONTENT_COMPLETE; PUBLICATION_STATUS_IN_CYCLE008_CHECKPOINT,"Kanna reports a capable, trusted and sociable deputy; Konoka’s own wish is good luck/Tsuchinoko rather than the denied bounty motive. Former SNS monitoring became personal interest and prior meetings; this grounds inquiry and company without guaranteeing safety. Printed introduction labels remain qualified.",series/blue-archive/02 Sequential Readings/EVENTS/EVENT_856/BLUE_ARCHIVE_EVENT_856_CONTEXTUALIZATION_CHECKPOINT.md,"{'owner_route_key': '856', 'line': 78}",PRESENT_PER_OBJECT_RECONCILIATION_FROM_CURRENT_ARGUMENT
BA:event:856:003,CORE,institution/work; provenance/identity/modes,ADMITTED_WITH_LIMITS_CYCLE008; QUALIFIED_CONTENT_COMPLETE; PUBLICATION_STATUS_IN_CYCLE008_CHECKPOINT,"Tsubasa, self-named 羽咋ツバサ003u0023, presents the mo_channel research-institute channel as an investigative project, not proof of a registered institution. She attempts finger telepathy, fails and then appeals to aura. Claims about Seminar suppressing research or Red Winter occult publication remain attributed claims in this source, not independently established institutional policies.",series/blue-archive/02 Sequential Readings/EVENTS/EVENT_856/BLUE_ARCHIVE_EVENT_856_CONTEXTUALIZATION_CHECKPOINT.md,"{'owner_route_key': '856', 'line': 88}",PRESENT_PER_OBJECT_RECONCILIATION_FROM_CURRENT_ARGUMENT
BA:event:856:004,HIGH,ordinary repertoire; provenance/identity/modes,ADMITTED_WITH_LIMITS_CYCLE008; QUALIFIED_CONTENT_COMPLETE; PUBLICATION_STATUS_IN_CYCLE008_CHECKPOINT,"004 begins with a booked cabin, favorable site/review claims and an old man's unexplained warning. Konoka fears the cabin, while the others invoke travel time and lost payment. Teacher encourages courage, but Konoka asks not to be pulled and to proceed at her own pace004u0047. The actual cabin is clean and comfortableu0049; Tsubasa's infrared device detects no abnormal temperature where Konoka feels cold. That limited local observation reassures her. It does not prove that all subsequent phenomena are impossible.",series/blue-archive/02 Sequential Readings/EVENTS/EVENT_856/BLUE_ARCHIVE_EVENT_856_CONTEXTUALIZATION_CHECKPOINT.md,"{'owner_route_key': '856', 'line': 98}",PRESENT_PER_OBJECT_RECONCILIATION_FROM_CURRENT_ARGUMENT
BA:event:856:005,CORE,ordinary repertoire; recipient agency/contrary endpoint; institution/work; provenance/identity/modes,ADMITTED_WITH_LIMITS_CYCLE008; QUALIFIED_CONTENT_COMPLETE; PUBLICATION_STATUS_IN_CYCLE008_CHECKPOINT,"005 also contrasts physical capacities. Konoka sets a pace that exhausts the others and ignores requests; Rena's frustration and Tsubasa's eventual surrender to rest are not disproved by Konoka's strength. When Konoka uncovers a charm-covered box, Rena objects that buried property should not be opened005u0074. It is opened anyway. Tsubasa judges the statue probably a mass-produced resin-and-powder object from weight and texture, then declares it uncursed. The material estimate is not a laboratory test, and a probable manufactured object does not support certainty about everything represented around it.",series/blue-archive/02 Sequential Readings/EVENTS/EVENT_856/BLUE_ARCHIVE_EVENT_856_CONTEXTUALIZATION_CHECKPOINT.md,"{'owner_route_key': '856', 'line': 104}",PRESENT_PER_OBJECT_RECONCILIATION_FROM_CURRENT_ARGUMENT
BA:event:856:006,CORE,ordinary repertoire; relations/care; institution/work,ADMITTED_WITH_LIMITS_CYCLE008; QUALIFIED_CONTENT_COMPLETE; PUBLICATION_STATUS_IN_CYCLE008_CHECKPOINT,"006 grants a completed ordinary care endpoint. Teacher is too tired to cook. Konoka prepares the meal, and the narrationu0053 says it is quite delicious, although oily and strongly flavored. Rena's earlier worry does not cancel that result. A meal may be good, reassuring and shared without making the cook's training practices or police conduct generally sound.",series/blue-archive/02 Sequential Readings/EVENTS/EVENT_856/BLUE_ARCHIVE_EVENT_856_CONTEXTUALIZATION_CHECKPOINT.md,"{'owner_route_key': '856', 'line': 110}",PRESENT_PER_OBJECT_RECONCILIATION_FROM_CURRENT_ARGUMENT
BA:event:856:007,CORE,ordinary repertoire; relations/care,ADMITTED_WITH_LIMITS_CYCLE008; QUALIFIED_CONTENT_COMPLETE; PUBLICATION_STATUS_IN_CYCLE008_CHECKPOINT,"The group's eventual 調査班X name is another small but real endpoint. Rena proposes it, tries to withdraw007u0043, receives actual praiseu0044–0048 and visibly enjoys it. She immediately states that the method has not changedu0051–0057. Naming brings pride and company; it does not create scientific validation. The narrative can grant that pleasure without requiring a discovery to justify it.",series/blue-archive/02 Sequential Readings/EVENTS/EVENT_856/BLUE_ARCHIVE_EVENT_856_CONTEXTUALIZATION_CHECKPOINT.md,"{'owner_route_key': '856', 'line': 94}",PRESENT_PER_OBJECT_RECONCILIATION_FROM_CURRENT_ARGUMENT
BA:event:856:008,CORE,recipient agency/contrary endpoint; relations/care; provenance/identity/modes,ADMITTED_WITH_LIMITS_CYCLE008; QUALIFIED_CONTENT_COMPLETE; PUBLICATION_STATUS_IN_CYCLE008_CHECKPOINT,"008 combines the former objects into a threatening attacker who complains about the ticket threat and the eight-metre burial. Rena objects that a ghost attacking by punches undermines its own horror premise. Konoka strikes and shatters the attacker; her hand hurts008u0064–0065, but there is no clinical assessment. Tsubasa faintsu0072 and is awake in the subsequent nighttime scene. The outcome is actual local protection, not proof that every experience had the same physical cause. Departure is discussed but deferred until morning; the source does not print the originally requested ordinary taxi ride as a finished journey.",series/blue-archive/02 Sequential Readings/EVENTS/EVENT_856/BLUE_ARCHIVE_EVENT_856_CONTEXTUALIZATION_CHECKPOINT.md,"{'owner_route_key': '856', 'line': 118}",PRESENT_PER_OBJECT_RECONCILIATION_FROM_CURRENT_ARGUMENT
BA:event:856:009,HIGH,ordinary repertoire; recipient agency/contrary endpoint; institution/work,ADMITTED_WITH_LIMITS_CYCLE008; QUALIFIED_CONTENT_COMPLETE; PUBLICATION_STATUS_IN_CYCLE008_CHECKPOINT,"009's grass photograph is blurred. Tsubasa proposes a Grey alien and explicitly calls it inference; Rena offers collective suggestion. Neither alien certainty nor a clinical group-hysteria finding follows. Teacher accepts that someone was present while refusing the alien conclusion. The source tests explanation against evidence: Tsubasa's institutional conspiracy is weak, whereas the severed telephone wire and broken bridge are concrete restrictions on departure. A flare initially attracts the UFO reading before Konoka identifies a normal flare and ordinary attackers appear.",series/blue-archive/02 Sequential Readings/EVENTS/EVENT_856/BLUE_ARCHIVE_EVENT_856_CONTEXTUALIZATION_CHECKPOINT.md,"{'owner_route_key': '856', 'line': 124}",PRESENT_PER_OBJECT_RECONCILIATION_FROM_CURRENT_ARGUMENT
BA:event:856:010,CORE,provenance/identity/modes,ADMITTED_WITH_LIMITS_CYCLE008; QUALIFIED_CONTENT_COMPLETE; PUBLICATION_STATUS_IN_CYCLE008_CHECKPOINT,"010 shows the limits of Konoka's successful intervention. Rena reports that Tsubasa fainted at the battle's beginning and credits Konoka with defeating the attackers. Konoka threatens surrendered, unarmed students, including punches, as a way to make them speak. Printed labels frequently attribute her threatening responses to チンピラA; the literal labels and contextual attribution are both preserved here. This is neither a narrated full beating nor a validated truth technique. Fear and the threat qualify the resulting confession.",series/blue-archive/02 Sequential Readings/EVENTS/EVENT_856/BLUE_ARCHIVE_EVENT_856_CONTEXTUALIZATION_CHECKPOINT.md,"{'owner_route_key': '856', 'line': 126}",PRESENT_PER_OBJECT_RECONCILIATION_FROM_CURRENT_ARGUMENT
BA:event:856:011,CORE,recipient agency/contrary endpoint; relations/care; provenance/identity/modes,ADMITTED_WITH_LIMITS_CYCLE008; QUALIFIED_CONTENT_COMPLETE; PUBLICATION_STATUS_IN_CYCLE008_CHECKPOINT,"011's forecast relief is negotiated socially. Konoka wants another nighttime trip, but friends ask her to stay and help. Mirai slips and scrapes a kneeu0010; healing is unprinted. Rena corrects the claim that nothing happened, naming the attacks rather than letting Konoka's apology make the harm disappear. Konoka reinterprets Rena's hiss and diamond-like jumping as a Tsuchinoko and suddenly embraces her. Rena asks why she is being grabbedu0050. Affection and successful companionship do not turn that particular objection into assent.",series/blue-archive/02 Sequential Readings/EVENTS/EVENT_856/BLUE_ARCHIVE_EVENT_856_CONTEXTUALIZATION_CHECKPOINT.md,"{'owner_route_key': '856', 'line': 138}",PRESENT_PER_OBJECT_RECONCILIATION_FROM_CURRENT_ARGUMENT
BA:event:856:012,CORE,ordinary repertoire; relations/care,ADMITTED_WITH_LIMITS_CYCLE008; QUALIFIED_CONTENT_COMPLETE; PUBLICATION_STATUS_IN_CYCLE008_CHECKPOINT,"012 makes food a further completed pleasure. Konoka shares meat with the attackers, who initially hesitate about joining. Rena worries about betrayal and nearness; Konoka's belief that trying first and solving problems through force can cover the risk is her belief, not the account's endorsed rule. Mirai actually enjoys the meat, explicitly naming happiness in its tasteu0026 and saying it has been a long time since she ate meat. She then feigns boredom and fullness to preserve dignity in front of Tsubasa. The meal's significance is not a reward for public heroism: it is taste, hunger, embarrassment and company.",series/blue-archive/02 Sequential Readings/EVENTS/EVENT_856/BLUE_ARCHIVE_EVENT_856_CONTEXTUALIZATION_CHECKPOINT.md,"{'owner_route_key': '856', 'line': 142}",PRESENT_PER_OBJECT_RECONCILIATION_FROM_CURRENT_ARGUMENT
BA:event:856:013,CORE,ordinary repertoire; recipient agency/contrary endpoint; provenance/identity/modes,ADMITTED_WITH_LIMITS_CYCLE008; QUALIFIED_CONTENT_COMPLETE; PUBLICATION_STATUS_IN_CYCLE008_CHECKPOINT,"013 shows the attackers actively repairing the bridgeu0008, not a finished restoration. Rena sends her senior roommates a local conclusion that the rumor was false. Printed Tsumugi/Eri/Eri labels do not license inventing another global identity. The roommates treat her travel as proof of occult membership, and Rena rejects that forced interpretationu0021–0023. She later objects to the nightly chant but is pressured into repeating it. No alien contact is achieved; neither her consent to the whole occult practice nor her roommates' conversion to skepticism is established. Shared play remains mixed with burdens.",series/blue-archive/02 Sequential Readings/EVENTS/EVENT_856/BLUE_ARCHIVE_EVENT_856_CONTEXTUALIZATION_CHECKPOINT.md,"{'owner_route_key': '856', 'line': 148}",PRESENT_PER_OBJECT_RECONCILIATION_FROM_CURRENT_ARGUMENT
BA:event:856:014,HIGH,ordinary repertoire; institution/work; provenance/identity/modes,ADMITTED_WITH_LIMITS_CYCLE008; QUALIFIED_CONTENT_COMPLETE; PUBLICATION_STATUS_IN_CYCLE008_CHECKPOINT,"014 places Teacher with Himari and a contextual Eimi voice. Most turns literally carry Himari labels, including opposing replies; an italic Himari turn explicitly addresses Eimiu0011, allowing limited turn-context attribution. That is not a new person-key registration or performed-voice credit. Their banter about manners, work in darkness and flower imagery supplies ordinary relational texture. Eimi questions whether Tsuchinoko/UFO interests are becoming stale; Himari again distinguishes unproved from nonexistent.",series/blue-archive/02 Sequential Readings/EVENTS/EVENT_856/BLUE_ARCHIVE_EVENT_856_CONTEXTUALIZATION_CHECKPOINT.md,"{'owner_route_key': '856', 'line': 152}",PRESENT_PER_OBJECT_RECONCILIATION_FROM_CURRENT_ARGUMENT
BA:event:856:015,CORE,ordinary repertoire; institution/work; provenance/identity/modes,ADMITTED_WITH_LIMITS_CYCLE008; QUALIFIED_CONTENT_COMPLETE; PUBLICATION_STATUS_IN_CYCLE008_CHECKPOINT,"015 shows the attackers physically surrendering. Their account of rebirth is qualified by a peer's statement that fighting a monster is unwiseu0007. Submission therefore cannot be labeled a completed free moral rehabilitation. The contextual police chief orders temporary detention, offence checks and appropriate processingu0010. That is an actual order, not a finished sentence, acquittal or treatment programme. Many chief turns are printed 公安局の生徒A. In the subsequent meeting ミスズ labels carry both sides of the exchange;u0021 addresses a 矯正局長. The context supports a correctional guest and police interlocutor without equating Kanna with Misuzu or inventing a full registry identity.",series/blue-archive/02 Sequential Readings/EVENTS/EVENT_856/BLUE_ARCHIVE_EVENT_856_CONTEXTUALIZATION_CHECKPOINT.md,"{'owner_route_key': '856', 'line': 156}",PRESENT_PER_OBJECT_RECONCILIATION_FROM_CURRENT_ARGUMENT
BA:event:859:001,HIGH,ordinary repertoire; institution/work; provenance/identity/modes,ADMITTED_WITH_LIMITS_CYCLE008; QUALIFIED_CONTENT_COMPLETE; PUBLICATION_STATUS_IN_CYCLE008_CHECKPOINT,"001 begins with Teacher suffering summer heat. A Genbu member offers hot tea as health-conscious hospitality, and Teacher gratefully receives it but finds it painfully hot. The members' claims that cold drink is bad and hot food is summer medicine are local beliefs, not a validated medical conclusion. Rumi instead supplies actual iced lemon tea, welcomed with conspicuous delight (u0014–0020), and offers several other flavors. Her explanation considers increasing outside customers: hospitality anticipates another person's desire rather than requiring identical local habits. Her skill is commercial and relational, with actual recipient response, not just a profile compliment.",series/blue-archive/02 Sequential Readings/EVENTS/EVENT_859/BLUE_ARCHIVE_EVENT_859_CONTEXTUALIZATION_CHECKPOINT.md,"{'owner_route_key': '859', 'line': 70}",PRESENT_PER_OBJECT_RECONCILIATION_FROM_CURRENT_ARGUMENT
BA:event:859:002,CORE,ordinary repertoire; recipient agency/contrary endpoint; institution/work,ADMITTED_WITH_LIMITS_CYCLE008; QUALIFIED_CONTENT_COMPLETE; PUBLICATION_STATUS_IN_CYCLE008_CHECKPOINT,"002 introduces 宮内カナエ by actual self-name at u0081, distinct from WildHunt's 板垣カノエ. Kisaki describes her as the internal counterpart to Mina's external work, both necessary. Kanae loves a strategist's armchair ideal but also travel and invites Teacher on a future three-day holiday (u0093–0117). The contrast is a deliberately separated work/private repertoire. A teasing suggestion of two personalities is denied within the exchange; it is not a diagnosis. Misused learned expressions and corrections puncture a self-important ideal without erasing administrative competence.",series/blue-archive/02 Sequential Readings/EVENTS/EVENT_859/BLUE_ARCHIVE_EVENT_859_CONTEXTUALIZATION_CHECKPOINT.md,"{'owner_route_key': '859', 'line': 77}",PRESENT_PER_OBJECT_RECONCILIATION_FROM_CURRENT_ARGUMENT
BA:event:859:003,HIGH,recipient agency/contrary endpoint,ADMITTED_WITH_LIMITS_CYCLE008; QUALIFIED_CONTENT_COMPLETE; PUBLICATION_STATUS_IN_CYCLE008_CHECKPOINT,"003 Genbu's external investment in a beautiful undervalued gorge raises an unprecedented rule question. Rumi/Reijo have researched access and potential returns and want a future branch; no branch or financial return is yet completed. The dialogue gives competing interpretations, not an external legal finding.",series/blue-archive/02 Sequential Readings/EVENTS/EVENT_859/BLUE_ARCHIVE_EVENT_859_CONTEXTUALIZATION_CHECKPOINT.md,"{'owner_route_key': '859', 'line': 81}",PRESENT_PER_OBJECT_RECONCILIATION_FROM_CURRENT_ARGUMENT
BA:event:859:004,CORE,ordinary repertoire; recipient agency/contrary endpoint; relations/care; institution/work; provenance/identity/modes,ADMITTED_WITH_LIMITS_CYCLE008; QUALIFIED_CONTENT_COMPLETE; PUBLICATION_STATUS_IN_CYCLE008_CHECKPOINT,"004 turns the imagined outing into actual arrival, clothing, company and shared waterside exercise. Shun/Kisaki's discussion of river governance and the etymology of 治める supplies the event's metaphorical frame, not an independently checked language/history claim. Kokona wants to be recognized as a lady; Teacher's lift brings actual laughter while repeated diminutive address still prompts objections. She grants another context-specific exception under tourist cover (u0023–0033), not a blanket permission to disregard future preferences.",series/blue-archive/02 Sequential Readings/EVENTS/EVENT_859/BLUE_ARCHIVE_EVENT_859_CONTEXTUALIZATION_CHECKPOINT.md,"{'owner_route_key': '859', 'line': 88}",PRESENT_PER_OBJECT_RECONCILIATION_FROM_CURRENT_ARGUMENT
BA:event:859:005,HIGH,ordinary repertoire,ADMITTED_WITH_LIMITS_CYCLE008; QUALIFIED_CONTENT_COMPLETE; PUBLICATION_STATUS_IN_CYCLE008_CHECKPOINT,"005's merchants are abnormally quiet and mistake the short visitors for threatening children. Their actual fear and menu limits precede the arrival of 雛鳥組.006 names 鷹野主スイコ, 五百雀ナゴミ and 烏頭尾ヨウコ (u0040–0043). The problem is not having a taste.",series/blue-archive/02 Sequential Readings/EVENTS/EVENT_859/BLUE_ARCHIVE_EVENT_859_CONTEXTUALIZATION_CHECKPOINT.md,"{'owner_route_key': '859', 'line': 99}",PRESENT_PER_OBJECT_RECONCILIATION_FROM_CURRENT_ARGUMENT
BA:event:859:006,CORE,ordinary repertoire; recipient agency/contrary endpoint; institution/work,ADMITTED_WITH_LIMITS_CYCLE008; QUALIFIED_CONTENT_COMPLETE; PUBLICATION_STATUS_IN_CYCLE008_CHECKPOINT,"Suiko/Nagomi/Yoko are actually named and impose preferred drinks and restrictions through fear. Having tastes is ordinary evidence; forcing merchants to conform is the substantive institutional contrary case. Names/speaker keys stay literal, not merged with familiar people.",series/blue-archive/02 Sequential Readings/EVENTS/EVENT_859/BLUE_ARCHIVE_EVENT_859_CONTEXTUALIZATION_CHECKPOINT.md,"{'owner_route_key': '859', 'line': 99}",PRESENT_PER_OBJECT_RECONCILIATION_FROM_CURRENT_ARGUMENT
BA:event:859:007,CORE,source-specific local progression and endpoint,ADMITTED_WITH_LIMITS_CYCLE008; QUALIFIED_CONTENT_COMPLETE; PUBLICATION_STATUS_IN_CYCLE008_CHECKPOINT,"007 uses represented child-body aliases シュエリン and キキ for Shun/Kisaki. Kokona notices she was not consulted and the pair are rarely seen. It is a promise at this stage, not an already completed date.",series/blue-archive/02 Sequential Readings/EVENTS/EVENT_859/BLUE_ARCHIVE_EVENT_859_CONTEXTUALIZATION_CHECKPOINT.md,"{'owner_route_key': '859', 'line': 105}",PRESENT_PER_OBJECT_RECONCILIATION_FROM_CURRENT_ARGUMENT
BA:event:859:008,HIGH,ordinary repertoire; recipient agency/contrary endpoint; provenance/identity/modes,ADMITTED_WITH_LIMITS_CYCLE008; QUALIFIED_CONTENT_COMPLETE; PUBLICATION_STATUS_IN_CYCLE008_CHECKPOINT,"008 the infiltrators pass the yogurt trial; the gang admits it could not complete the supposedly required full drink and accepts a lesser amount. Their readiness to comfort height insecurity and later let newcomers leave for curfew is limited positive interpersonal evidence, not complete harmlessness. After actual investigation reports and Kokona's early sleep, Shun asks to join Teacher's walk (u0142–0150).",series/blue-archive/02 Sequential Readings/EVENTS/EVENT_859/BLUE_ARCHIVE_EVENT_859_CONTEXTUALIZATION_CHECKPOINT.md,"{'owner_route_key': '859', 'line': 109}",PRESENT_PER_OBJECT_RECONCILIATION_FROM_CURRENT_ARGUMENT
BA:event:859:009,CORE,provenance/identity/modes,ADMITTED_WITH_LIMITS_CYCLE008; QUALIFIED_CONTENT_COMPLETE; PUBLICATION_STATUS_IN_CYCLE008_CHECKPOINT,"009 actually completes a night waterside walk with Shun. She explicitly explains having become シュエリン using Saya's elixir; claimed improvements, no side effects and safe reversal are hearsay marked そうで/らしい (u0008–0011), not an assay or clinical closure. The representation later shows her usual body/role again, but that does not validate every safety claim or justify a new typed registry merge.",series/blue-archive/02 Sequential Readings/EVENTS/EVENT_859/BLUE_ARCHIVE_EVENT_859_CONTEXTUALIZATION_CHECKPOINT.md,"{'owner_route_key': '859', 'line': 112}",PRESENT_PER_OBJECT_RECONCILIATION_FROM_CURRENT_ARGUMENT
BA:event:859:010,CORE,relations/care; institution/work,ADMITTED_WITH_LIMITS_CYCLE008; QUALIFIED_CONTENT_COMPLETE; PUBLICATION_STATUS_IN_CYCLE008_CHECKPOINT,"010 paid mercenaries question burning shops but feel bound by payment. The children treat money as sufficient explanation and demand compliance. Yet the hired force limits effort, feigns fighting under a vague contract and demands extra compensation for resistance. Payment does not purchase wholehearted obedience (u0003–0027;0041–0060). The children show limited care by allowing supposedly new child members to stay back, which happens to help the undercover plan. Preserve that distinction from indiscriminate protective benevolence.",series/blue-archive/02 Sequential Readings/EVENTS/EVENT_859/BLUE_ARCHIVE_EVENT_859_CONTEXTUALIZATION_CHECKPOINT.md,"{'owner_route_key': '859', 'line': 119}",PRESENT_PER_OBJECT_RECONCILIATION_FROM_CURRENT_ARGUMENT
BA:event:859:011,CORE,recipient agency/contrary endpoint; relations/care; provenance/identity/modes,ADMITTED_WITH_LIMITS_CYCLE008; QUALIFIED_CONTENT_COMPLETE; PUBLICATION_STATUS_IN_CYCLE008_CHECKPOINT,"The merchants actively choose to defend their home, not merely await student rescue. Teacher's plan uses their local knowledge; concern that the town will become a battlefield is raised, and the merchants explicitly assent (u0076–0084). The tactics' sweeping theoretical claims are character statements, not external military doctrine.011 prints mercenary theatrical defeat and the rear force's actual suppression. The isolated メグ label at u0010 is a consequential attribution seam; without a sustained identity witness it does not establish a newly counted Gehenna/Meg appearance or private-family debt. Shun/Kisaki's contextual reveal reaches012, but the printed label is preserved.",series/blue-archive/02 Sequential Readings/EVENTS/EVENT_859/BLUE_ARCHIVE_EVENT_859_CONTEXTUALIZATION_CHECKPOINT.md,"{'owner_route_key': '859', 'line': 121}",PRESENT_PER_OBJECT_RECONCILIATION_FROM_CURRENT_ARGUMENT
BA:event:859:012,CORE,ordinary repertoire; provenance/identity/modes,ADMITTED_WITH_LIMITS_CYCLE008; QUALIFIED_CONTENT_COMPLETE; PUBLICATION_STATUS_IN_CYCLE008_CHECKPOINT,"012 the grand head announcement embarrasses Kisaki, while Mina enjoys her own hard-boiled introduction. Rumi notes being excluded by an all-Genry credit formula (u0005–0017): cooperation still carries unequal recognition. This is enacted corporal punishment, not only words; literary analysis neither certifies it clinically nor treats its stated good intention as proof of complete educational success.",series/blue-archive/02 Sequential Readings/EVENTS/EVENT_859/BLUE_ARCHIVE_EVENT_859_CONTEXTUALIZATION_CHECKPOINT.md,"{'owner_route_key': '859', 'line': 123}",PRESENT_PER_OBJECT_RECONCILIATION_FROM_CURRENT_ARGUMENT
BA:event:859:013,CORE,ordinary repertoire; relations/care; institution/work; provenance/identity/modes,ADMITTED_WITH_LIMITS_CYCLE008; QUALIFIED_CONTENT_COMPLETE; PUBLICATION_STATUS_IN_CYCLE008_CHECKPOINT,"013 praises Kokona with actual smiles and head pats, while she herself warns against excess praise and recalls being frightened by Shun's anger. Affection and fear coexist. She explains becoming an instructor partly to be near a once more available sister, only for both to become busier (u0027–0036). The wanted present holiday with sister/Teacher has value independent of institutional growth. A remembered sleep rule is her historical report, not medical advice. Teacher briefly uses her name without the diminutive, then resumes teasing despite her request to stop (u0037–0041); recognition is uneven.",series/blue-archive/02 Sequential Readings/EVENTS/EVENT_859/BLUE_ARCHIVE_EVENT_859_CONTEXTUALIZATION_CHECKPOINT.md,"{'owner_route_key': '859', 'line': 128}",PRESENT_PER_OBJECT_RECONCILIATION_FROM_CURRENT_ARGUMENT
BA:event:859:014,CORE,ordinary repertoire; recipient agency/contrary endpoint; institution/work; provenance/identity/modes,ADMITTED_WITH_LIMITS_CYCLE008; QUALIFIED_CONTENT_COMPLETE; PUBLICATION_STATUS_IN_CYCLE008_CHECKPOINT,"014 everyone actually reports enjoying the trip, including Mina alongside inspection duty. The return immediately frustrates the belief school remained orderly: Kanae says she did her best and collapses, recovery unprinted; Genbu and Genry members resume antagonism, and children have left Meihua despite instructions (u0009–0030). Enjoyment is completed and valuable; the burden distribution, faction habits and education remain unfinished.",series/blue-archive/02 Sequential Readings/EVENTS/EVENT_859/BLUE_ARCHIVE_EVENT_859_CONTEXTUALIZATION_CHECKPOINT.md,"{'owner_route_key': '859', 'line': 136}",PRESENT_PER_OBJECT_RECONCILIATION_FROM_CURRENT_ARGUMENT
BA:event:860:001,HIGH,ordinary repertoire; recipient agency/contrary endpoint; relations/care; institution/work; provenance/identity/modes,ADMITTED_WITH_LIMITS_CYCLE008; QUALIFIED_CONTENT_COMPLETE; PUBLICATION_STATUS_IN_CYCLE008_CHECKPOINT,"HIGH, wanted invitation and an ominous preview. The humid summer video letter is an embedded written message, not my audiovisual receiving. Makoto's claimed successful contract and luxury invitation (0011/0027) use the holiday to outshine Prefect Team training (0028–0029). Iroha questions its purpose; Ibuki adds toothbrush, swimsuit, pajamas and snacks up to300yen (0024–0025), a concrete and wanted trip. The teacher's inward acceptance (0032) is meaningful company rather than an involuntary order. The day7 drift preview (0034–0037) does not make every early happy response false; it asks how the promised experience failed.",series/blue-archive/02 Sequential Readings/EVENTS/EVENT_860/BLUE_ARCHIVE_EVENT_860_CONTEXTUALIZATION_CHECKPOINT.md,"{'owner_route_key': '860', 'line': 123}",EXPLICIT_CURRENT_EPISODE_MAP
BA:event:860:002,CORE,relations/care; institution/work,ADMITTED_WITH_LIMITS_CYCLE008; QUALIFIED_CONTENT_COMPLETE; PUBLICATION_STATUS_IN_CYCLE008_CHECKPOINT,"CORE, contract neglect, recipient comfort and differentiated photography. At the boat, Makoto's signature is shown (0008); Iroha says Makoto rejected better proposals (0014), and Makoto admits the attractive low price (0015). The fisherman says confirmation photographs were sent (0021). This is not verified vendor fraud or a Prefect Team trap: Makoto's accusation is contradicted at0017. Ibuki thinks cancellation reflects her own bad behavior (0029); Makoto immediately denies that and acknowledges being wrong (0031–0032). Iroha proceeds to spare Ibuki sadness (0035). Their care is real even as boat suitability remains questionable.",series/blue-archive/02 Sequential Readings/EVENTS/EVENT_860/BLUE_ARCHIVE_EVENT_860_CONTEXTUALIZATION_CHECKPOINT.md,"{'owner_route_key': '860', 'line': 126}",EXPLICIT_CURRENT_EPISODE_MAP
BA:event:860:003,CORE,recipient agency/contrary endpoint; relations/care; institution/work,ADMITTED_WITH_LIMITS_CYCLE008; QUALIFIED_CONTENT_COMPLETE; PUBLICATION_STATUS_IN_CYCLE008_CHECKPOINT,"CORE, survival is work rather than automatic institutional status. Communications fail (0002). Iroha's rough inspection and tank-command experience support a provisional diagnosis, not a complete engineering certification (0004–0009). Satsuki organizes inventory/spare-parts inquiry while admitting anxiety (0017–0022). Her stated trust in Makoto (0024–0025) is contrary to the teacher's skeptical alternatives.",series/blue-archive/02 Sequential Readings/EVENTS/EVENT_860/BLUE_ARCHIVE_EVENT_860_CONTEXTUALIZATION_CHECKPOINT.md,"{'owner_route_key': '860', 'line': 130}",EXPLICIT_CURRENT_EPISODE_MAP
BA:event:860:004,CORE,recipient agency/contrary endpoint; relations/care; institution/work,ADMITTED_WITH_LIMITS_CYCLE008; QUALIFIED_CONTENT_COMPLETE; PUBLICATION_STATUS_IN_CYCLE008_CHECKPOINT,"CORE, refusal reveals the cost of unrecognized maintenance. On day6 Makoto speculates that Hina obstructs rescue (0007–0013); the narrative does not verify that accusation. She neither knows nor cares about remaining supplies, assigning “trivial” management to Iroha (0015–0018). Crowded personal-space stress is Chiaki's explanation (0030–0033), not the sole sufficient cause of anger: dismissing work and refusing contingency matter. Iroha names the teacher and Ibuki as people put at risk (0040–0043) and apologizes for volume, not for her objection (0044).",series/blue-archive/02 Sequential Readings/EVENTS/EVENT_860/BLUE_ARCHIVE_EVENT_860_CONTEXTUALIZATION_CHECKPOINT.md,"{'owner_route_key': '860', 'line': 135}",EXPLICIT_CURRENT_EPISODE_MAP
BA:event:860:005,HIGH,relations/care; provenance/identity/modes,ADMITTED_WITH_LIMITS_CYCLE008; QUALIFIED_CONTENT_COMPLETE; PUBLICATION_STATUS_IN_CYCLE008_CHECKPOINT,"HIGH, choice, fear and protective demands. Ibuki distinguishes a galleon from a galley (0005–0007), showing concrete knowledge. Makoto infers abandonment and proposes taking the vessel (0016/0023). Her invitation permits people to stay behind (0026–0029); it is not an order to everyone. Satsuki notices that the feared/pain-averse Makoto entered first rather than sending Iroha (0035–0039), but her mental-influence hypothesis is not proven.",series/blue-archive/02 Sequential Readings/EVENTS/EVENT_860/BLUE_ARCHIVE_EVENT_860_CONTEXTUALIZATION_CHECKPOINT.md,"{'owner_route_key': '860', 'line': 140}",EXPLICIT_CURRENT_EPISODE_MAP
BA:event:860:006,CORE,relations/care,ADMITTED_WITH_LIMITS_CYCLE008; QUALIFIED_CONTENT_COMPLETE; PUBLICATION_STATUS_IN_CYCLE008_CHECKPOINT,"CORE, analysis and vulnerability coexist. The separated upper group cannot reach the lower level, promises return and retreats under threat (0003–0008). That is a limited rescue ability rather than a final abandonment. Chiaki finds a lantern (0015); light helps Satsuki analyze an apparent captain's room, hierarchy, maps and tools. Her pre-Abydos-canal route, sextant and wax arguments (0047–0051) suggest an old vessel. They are in-character deductions, not an independently dated global historical reconstruction. Her ghost conclusion causes another faint, while her inference that old weapons may be ineffective (0063–0064) is still untested.",series/blue-archive/02 Sequential Readings/EVENTS/EVENT_860/BLUE_ARCHIVE_EVENT_860_CONTEXTUALIZATION_CHECKPOINT.md,"{'owner_route_key': '860', 'line': 144}",EXPLICIT_CURRENT_EPISODE_MAP
BA:event:860:007,CORE,ordinary repertoire; recipient agency/contrary endpoint; relations/care; provenance/identity/modes,ADMITTED_WITH_LIMITS_CYCLE008; QUALIFIED_CONTENT_COMPLETE; PUBLICATION_STATUS_IN_CYCLE008_CHECKPOINT,"CORE, a real protective act and an incompletely witnessed leadership story. Iroha's costume embarrassment, wall kick and request not to be sought (0005–0011) are not erased by Ibuki's matching-clothes joy and Iroha's subsequent effort (0012–0015). The one-hour flashback calls the visitors intruders (0033); Iroha's quarrel and apology to frightened Ibuki concern raised voice, not an apology to Makoto. Makoto actually draws pursuit away (0055–0057), contrary evidence against an exclusively selfish actor.",series/blue-archive/02 Sequential Readings/EVENTS/EVENT_860/BLUE_ARCHIVE_EVENT_860_CONTEXTUALIZATION_CHECKPOINT.md,"{'owner_route_key': '860', 'line': 148}",EXPLICIT_CURRENT_EPISODE_MAP
BA:event:860:008,CORE,institution/work; provenance/identity/modes,ADMITTED_WITH_LIMITS_CYCLE008; QUALIFIED_CONTENT_COMPLETE; PUBLICATION_STATUS_IN_CYCLE008_CHECKPOINT,"CORE, two captains' status claims produce a preventable escalation. Sumika's captaincy was selected by lottery (0016), yet she insists on the title. Her personal-credit calculation (0074) leads to her actual attack order (0077); this matters when she later blames only her crew.",series/blue-archive/02 Sequential Readings/EVENTS/EVENT_860/BLUE_ARCHIVE_EVENT_860_CONTEXTUALIZATION_CHECKPOINT.md,"{'owner_route_key': '860', 'line': 152}",EXPLICIT_CURRENT_EPISODE_MAP
BA:event:860:009,HIGH,institution/work,ADMITTED_WITH_LIMITS_CYCLE008; QUALIFIED_CONTENT_COMPLETE; PUBLICATION_STATUS_IN_CYCLE008_CHECKPOINT,"HIGH, demonstrated limits and authority evasion. The first shots miss (0001). Her crew proposes ramming with a simplistic speed-times-mass maxim (0037–0048); character rhetoric is not a physics lesson.",series/blue-archive/02 Sequential Readings/EVENTS/EVENT_860/BLUE_ARCHIVE_EVENT_860_CONTEXTUALIZATION_CHECKPOINT.md,"{'owner_route_key': '860', 'line': 156}",EXPLICIT_CURRENT_EPISODE_MAP
BA:event:860:010,CORE,recipient agency/contrary endpoint; provenance/identity/modes,ADMITTED_WITH_LIMITS_CYCLE008; QUALIFIED_CONTENT_COMPLETE; PUBLICATION_STATUS_IN_CYCLE008_CHECKPOINT,"CORE, apparent victory does not cure technical disadvantage. Trident reports Makoto's strength and Sumika's initial defeat (0003), then Sumika reappears and retreats, with a self-serving claim about withholding full strength. Her vice-captain comparison (0012) is subjective. Satsuki describes trance/self-suggestion (0019–0028); it is not an independent clinical determination. Makoto's shark-feeding threats (0016/0042) are not actual executions. The crew retreats, then a main fleet arrives (0038–0040). Cannon reach and effectiveness against it remain inadequate (0043–0044), defeating a universal willpower reading.",series/blue-archive/02 Sequential Readings/EVENTS/EVENT_860/BLUE_ARCHIVE_EVENT_860_CONTEXTUALIZATION_CHECKPOINT.md,"{'owner_route_key': '860', 'line': 159}",EXPLICIT_CURRENT_EPISODE_MAP
BA:event:860:011,CORE,relations/care; provenance/identity/modes,ADMITTED_WITH_LIMITS_CYCLE008; QUALIFIED_CONTENT_COMPLETE; PUBLICATION_STATUS_IN_CYCLE008_CHECKPOINT,"CORE, rescue, incomplete historical explanation and a limited reconciliation. Sumika apologizes, then says she tried to stop her crew (0001–0002), contradicting her own008:0077 order. Five student passengers are reported rescued and stable (0006); the teacher is separately present, so this is not five people overall. Other passengers and even the ship are said to have vanished (0013–0015); search is ongoing (0010). No recovered bodies, confirmed deaths or verified safe passage of the pirates is supplied.",series/blue-archive/02 Sequential Readings/EVENTS/EVENT_860/BLUE_ARCHIVE_EVENT_860_CONTEXTUALIZATION_CHECKPOINT.md,"{'owner_route_key': '860', 'line': 163}",EXPLICIT_CURRENT_EPISODE_MAP
BA:event:860:012,HIGH,recipient agency/contrary endpoint; institution/work; provenance/identity/modes,ADMITTED_WITH_LIMITS_CYCLE008; QUALIFIED_CONTENT_COMPLETE; PUBLICATION_STATUS_IN_CYCLE008_CHECKPOINT,"HIGH, actual hospitality and a different photographic boundary. Odysseia supplies the luxury trip; the teacher's choice corrects Makoto's claim of having provided it (choice001). Sumika permits a false assumption that she is club head (0007–0008); this is not verified rank. The security ship is distinct from the whole academy reported returning from an expedition (0017–0019). A complete Odysseia history is not established.",series/blue-archive/02 Sequential Readings/EVENTS/EVENT_860/BLUE_ARCHIVE_EVENT_860_CONTEXTUALIZATION_CHECKPOINT.md,"{'owner_route_key': '860', 'line': 169}",EXPLICIT_CURRENT_EPISODE_MAP
BA:event:860:013,HIGH,ordinary repertoire; recipient agency/contrary endpoint; relations/care; institution/work; provenance/identity/modes,ADMITTED_WITH_LIMITS_CYCLE008; QUALIFIED_CONTENT_COMPLETE; PUBLICATION_STATUS_IN_CYCLE008_CHECKPOINT,"HIGH, play, an actual apology to a peer and a renewed refusal. Ibuki assigns pirate/ninja roles to toys (0001–0004), expanding play rather than a real administrative structure. Makoto's equal-liking claim (0013), after trying to put herself first, is qualified by Iroha's observation that she forced the summary (0014). Iroha apologizes to Chiaki for making her anxious on the boat (0032–0033); this does not establish her apology to Makoto or institutional reform. Chiaki asks for the expression again for a photo (0035–0037); Iroha retracts and refuses repetition (0036/0038). No completed picture of that moment is stated.",series/blue-archive/02 Sequential Readings/EVENTS/EVENT_860/BLUE_ARCHIVE_EVENT_860_CONTEXTUALIZATION_CHECKPOINT.md,"{'owner_route_key': '860', 'line': 173}",EXPLICIT_CURRENT_EPISODE_MAP
BA:event:860:014,CORE,ordinary repertoire; recipient agency/contrary endpoint; relations/care; institution/work,ADMITTED_WITH_LIMITS_CYCLE008; QUALIFIED_CONTENT_COMPLETE; PUBLICATION_STATUS_IN_CYCLE008_CHECKPOINT,"CORE, compensation supplies genuine contrary evidence. The fisherman apologizes for maintenance (0002); Iroha acknowledges responsibility for going far despite warning (0004). A new boat is actually presented in compensation (0006–0013). Makoto distinguishes price from decades of shared value (0011–0012) and wants the best compensation. Recruitment/status rhetoric at0016 does not make that tangible gift unreal.",series/blue-archive/02 Sequential Readings/EVENTS/EVENT_860/BLUE_ARCHIVE_EVENT_860_CONTEXTUALIZATION_CHECKPOINT.md,"{'owner_route_key': '860', 'line': 176}",EXPLICIT_CURRENT_EPISODE_MAP
BA:event:860:015,HIGH,ordinary repertoire; relations/care; institution/work; provenance/identity/modes,ADMITTED_WITH_LIMITS_CYCLE008; QUALIFIED_CONTENT_COMPLETE; PUBLICATION_STATUS_IN_CYCLE008_CHECKPOINT,"HIGH, institutional names, misunderstood description and independent hobby. Komori Sumika comes on a reported apology errand, treating the academy-level matter as one that “Island” could handle (0006–0007), yet wants to use the land visit for biotope/insect collecting (0011–0012). This interest is not reducible to diplomacy.",series/blue-archive/02 Sequential Readings/EVENTS/EVENT_860/BLUE_ARCHIVE_EVENT_860_CONTEXTUALIZATION_CHECKPOINT.md,"{'owner_route_key': '860', 'line': 180}",EXPLICIT_CURRENT_EPISODE_MAP
BA:event:860:016,HIGH,provenance/identity/modes,ADMITTED_WITH_LIMITS_CYCLE008; QUALIFIED_CONTENT_COMPLETE; PUBLICATION_STATUS_IN_CYCLE008_CHECKPOINT,"HIGH, dreamlike drift and creature attention. An unspecified drift-day〇 opens another sequence. Makoto renames the boat Neo Gehenna, Chiaki interviews the fish “Yona,” and Iroha calls an apparent Toramaru normal (0015–0032). These are not a verified new jurisdiction, spoken-fish biology, real tank deployment or clinical diagnoses. The later awakening bounds the whole sequence.",series/blue-archive/02 Sequential Readings/EVENTS/EVENT_860/BLUE_ARCHIVE_EVENT_860_CONTEXTUALIZATION_CHECKPOINT.md,"{'owner_route_key': '860', 'line': 184}",EXPLICIT_CURRENT_EPISODE_MAP
BA:event:860:017,HIGH,ordinary repertoire; institution/work; provenance/identity/modes,ADMITTED_WITH_LIMITS_CYCLE008; QUALIFIED_CONTENT_COMPLETE; PUBLICATION_STATUS_IN_CYCLE008_CHECKPOINT,"HIGH, defending dignity through an ill-explained play contest. Abydos appears; student-number/rank claims are uttered in this dream-qualified encounter. The crab/crayfish mismatch (0044) matters within the play's underdog plot, not an independent ecological hierarchy.",series/blue-archive/02 Sequential Readings/EVENTS/EVENT_860/BLUE_ARCHIVE_EVENT_860_CONTEXTUALIZATION_CHECKPOINT.md,"{'owner_route_key': '860', 'line': 188}",EXPLICIT_CURRENT_EPISODE_MAP
BA:event:860:018,HIGH,recipient agency/contrary endpoint; relations/care; institution/work; provenance/identity/modes,ADMITTED_WITH_LIMITS_CYCLE008; QUALIFIED_CONTENT_COMPLETE; PUBLICATION_STATUS_IN_CYCLE008_CHECKPOINT,"HIGH, victory, ignorance and a wish not fulfilled. The Abydos side loses; Serika corrects Hoshino's comic collapse because Ayane fought (0005). Shiroko's mind-control suspicion at0008 is unsupported, and Ayane apologizes for challenging uninformed people (0014). The rule is five collected stars (0023–0024); the Queen's “anything” ticket is reported (0026). Serika wants to pay school debt (0027); no debt is paid. Treatment for a crayfish is requested (0032–0033), not a confirmed cure. Makoto interprets encounter as providence and commits the group (0035–0040). The later dream limit applies to victory and stakes alike.",series/blue-archive/02 Sequential Readings/EVENTS/EVENT_860/BLUE_ARCHIVE_EVENT_860_CONTEXTUALIZATION_CHECKPOINT.md,"{'owner_route_key': '860', 'line': 191}",EXPLICIT_CURRENT_EPISODE_MAP
BA:event:860:019,HIGH,ordinary repertoire; relations/care; institution/work,ADMITTED_WITH_LIMITS_CYCLE008; QUALIFIED_CONTENT_COMPLETE; PUBLICATION_STATUS_IN_CYCLE008_CHECKPOINT,"HIGH, pleasure and public authority used as a challenge. Ibuki enjoys festival smells, and Satsuki welcomes non-seafood (0004–0005). Konoka startles them, and Kanna apologizes for the manner (0007–0012). Kanna's security role and ecological-order justification (0015/0021–0022) are separate: the latter is comic rhetoric, not a newly established law of species or legitimate police intervention.",series/blue-archive/02 Sequential Readings/EVENTS/EVENT_860/BLUE_ARCHIVE_EVENT_860_CONTEXTUALIZATION_CHECKPOINT.md,"{'owner_route_key': '860', 'line': 194}",EXPLICIT_CURRENT_EPISODE_MAP
BA:event:860:020,HIGH,recipient agency/contrary endpoint; relations/care; institution/work,ADMITTED_WITH_LIMITS_CYCLE008; QUALIFIED_CONTENT_COMPLETE; PUBLICATION_STATUS_IN_CYCLE008_CHECKPOINT,"HIGH, a limit accepted by a rival. Konoka demands the exhausted crab rise; Kanna says not everyone is as tough and acknowledges its limit (0001–0004). She concedes defeat and hands over the star (0006–0009). This is a particular contrary institutional response, not a universal police-care essence. The warning that attention brings harder opponents (0013–0014) is prospective. Makoto uses victory for publicity. This short untitled episode keeps an exhaustion boundary recoverable.",series/blue-archive/02 Sequential Readings/EVENTS/EVENT_860/BLUE_ARCHIVE_EVENT_860_CONTEXTUALIZATION_CHECKPOINT.md,"{'owner_route_key': '860', 'line': 198}",EXPLICIT_CURRENT_EPISODE_MAP
BA:event:860:021,CORE,ordinary repertoire; recipient agency/contrary endpoint; institution/work; provenance/identity/modes,ADMITTED_WITH_LIMITS_CYCLE008; QUALIFIED_CONTENT_COMPLETE; PUBLICATION_STATUS_IN_CYCLE008_CHECKPOINT,"CORE, rest, shells and unwanted competitive duty. Iroha enjoys an untroubled sunset (0001–0003), then goes to check Makoto because future trouble would be worse (0013–0015). The wanted rest is interrupted by preventive work; Satsuki has separately withdrawn because she is tired (0008–0010). Chise collects shells (0024–0026), admires the sea and likes warm sun (0033–0037), despite Satsuki's danger framing. Neither preference should be overwritten by safety discourse.",series/blue-archive/02 Sequential Readings/EVENTS/EVENT_860/BLUE_ARCHIVE_EVENT_860_CONTEXTUALIZATION_CHECKPOINT.md,"{'owner_route_key': '860', 'line': 201}",EXPLICIT_CURRENT_EPISODE_MAP
BA:event:860:022,HIGH,institution/work; provenance/identity/modes,ADMITTED_WITH_LIMITS_CYCLE008; QUALIFIED_CONTENT_COMPLETE; PUBLICATION_STATUS_IN_CYCLE008_CHECKPOINT,"HIGH, losing can produce poetry, victory cannot establish conquest. Satsuki wins, Niya concedes and gives the star (0002–0004/0020). Chise's improvised haiku (0006–0008) gives defeat another positive result; no claim that all losing is welcome follows. Makoto declares Hyakkiyako conquered (0021), while Niya states they are not its representatives (0022). Makoto distinguishes federation and coordinating club and names independent force (0023–0026); that political knowledge complicates mere ignorance, yet winning a crab match does not prove recognition of hegemony. Niya's praise and later caution coexist (0027–0030).",series/blue-archive/02 Sequential Readings/EVENTS/EVENT_860/BLUE_ARCHIVE_EVENT_860_CONTEXTUALIZATION_CHECKPOINT.md,"{'owner_route_key': '860', 'line': 205}",EXPLICIT_CURRENT_EPISODE_MAP
BA:event:860:023,CORE,ordinary repertoire; relations/care; institution/work; provenance/identity/modes,ADMITTED_WITH_LIMITS_CYCLE008; QUALIFIED_CONTENT_COMPLETE; PUBLICATION_STATUS_IN_CYCLE008_CHECKPOINT,"CORE, a performed aristocratic role is not a universal Tea Party essence. Makoto predicts school opponents ascending in power (0010–0019), an in-character rank model rather than our independently established hierarchy. Nagisa adopts an exaggerated pedigree-sport role (0027–0030); Mika first questions her condition (0031–0032), Seia elects to participate as a friend (0037–0040), and Mika reluctantly joins the manner (0044–0045). These negotiations and subsequent return to normal qualify a fixed-cruelty reading. Makoto's “true nature” accusation (0046) is not the account's judgment.",series/blue-archive/02 Sequential Readings/EVENTS/EVENT_860/BLUE_ARCHIVE_EVENT_860_CONTEXTUALIZATION_CHECKPOINT.md,"{'owner_route_key': '860', 'line': 209}",EXPLICIT_CURRENT_EPISODE_MAP
BA:event:860:024,HIGH,ordinary repertoire; institution/work; provenance/identity/modes,ADMITTED_WITH_LIMITS_CYCLE008; QUALIFIED_CONTENT_COMPLETE; PUBLICATION_STATUS_IN_CYCLE008_CHECKPOINT,"HIGH, claimed supremacy meets arithmetic and a recipient's exit request. The Tea Party side is beaten within the play (0008); Mika notes Nagisa's normal return (0005), despite the anomalous Seia label at0004. Hifumi asks to go home (0007); departure is not narrated. Makoto declares no remaining enemy while the group has only four stars (0012), and Chiaki recalls five are needed (0016). Narrative rules contradict the victory boast. It is not an actual Treaty outcome or ranked geopolitical result.",series/blue-archive/02 Sequential Readings/EVENTS/EVENT_860/BLUE_ARCHIVE_EVENT_860_CONTEXTUALIZATION_CHECKPOINT.md,"{'owner_route_key': '860', 'line': 213}",EXPLICIT_CURRENT_EPISODE_MAP
BA:event:860:025,HIGH,ordinary repertoire; relations/care; institution/work; provenance/identity/modes,ADMITTED_WITH_LIMITS_CYCLE008; QUALIFIED_CONTENT_COMPLETE; PUBLICATION_STATUS_IN_CYCLE008_CHECKPOINT,"HIGH, imagined scale, frightened creatures and supportive company. Cherino's many titles and Tomoe's pudding-taster accolade (0017–0020) retain ordinary taste inside ceremonial rank. Makoto describes Red Winter's hypothetical united potential (0031–0032), not verified power above three academies. The coup/purge exchange at0033–0037 includes Marina-like lines printed as Cherino; no newly completed purge is inferred.",series/blue-archive/02 Sequential Readings/EVENTS/EVENT_860/BLUE_ARCHIVE_EVENT_860_CONTEXTUALIZATION_CHECKPOINT.md,"{'owner_route_key': '860', 'line': 216}",EXPLICIT_CURRENT_EPISODE_MAP
BA:event:860:026,CORE,ordinary repertoire; institution/work; provenance/identity/modes,ADMITTED_WITH_LIMITS_CYCLE008; QUALIFIED_CONTENT_COMPLETE; PUBLICATION_STATUS_IN_CYCLE008_CHECKPOINT,"CORE, awakening forbids institutional transfer while pleasure survives. The dream's Red Winter defeat and Makoto's supremacy/world-conquest wish (0002–0015) are interrupted. She wakes; Satsuki reports a fall while trying to catch a seagull (0020), and the group treats the tournament as sleep talk. Makoto rejects that it was a dream (0026–0027); denial does not authorize actual conquest, magical ticket or repaid Abydos debt.",series/blue-archive/02 Sequential Readings/EVENTS/EVENT_860/BLUE_ARCHIVE_EVENT_860_CONTEXTUALIZATION_CHECKPOINT.md,"{'owner_route_key': '860', 'line': 220}",EXPLICIT_CURRENT_EPISODE_MAP
BA:event:860:027,CORE,ordinary repertoire; recipient agency/contrary endpoint; relations/care; institution/work; provenance/identity/modes,ADMITTED_WITH_LIMITS_CYCLE008; QUALIFIED_CONTENT_COMPLETE; PUBLICATION_STATUS_IN_CYCLE008_CHECKPOINT,"CORE, questioned identity and an open demand for value. The literal actor カイザーPMC理事（？） claims former company and bank roles (0002), calls himself simply himself (0003), and suggests a title may exist in the instant the teacher uses it (0004). His assertion that the teacher determines the world's essence (0005) is speaker interpretation, not established ontology or permission to merge person records. He calls this a dissolving daydream (0007/0015), laments lost wealth/power and calls the world valueless (0011). The earlier wanted play and Hoshino's sensory pleasure provide contrary possibilities.",series/blue-archive/02 Sequential Readings/EVENTS/EVENT_860/BLUE_ARCHIVE_EVENT_860_CONTEXTUALIZATION_CHECKPOINT.md,"{'owner_route_key': '860', 'line': 224}",EXPLICIT_CURRENT_EPISODE_MAP
BA:event:861:001,HIGH,ordinary repertoire; relations/care; institution/work; provenance/identity/modes,ADMITTED_WITH_LIMITS_CYCLE008; QUALIFIED_CONTENT_COMPLETE; PUBLICATION_STATUS_IN_CYCLE008_CHECKPOINT,"BA:event:861:001, Prologue;少女の磯笛. Required interpretive priority: establish ordinary hospitality, administrative work and the initial institutional hypothesis before assessing a crisis. Ami summons her back to actual work; Minato's “ぴえーん” and attempted suffix repair reveal a person who enjoys company under an office workload, rather than a captain consisting only of discipline (u0019–0031).",series/blue-archive/02 Sequential Readings/EVENTS/EVENT_861/BLUE_ARCHIVE_EVENT_861_CONTEXTUALIZATION_CHECKPOINT.md,"{'owner_route_key': '861', 'line': 80}",PRESENT_PER_OBJECT_RECONCILIATION_FROM_CURRENT_ARGUMENT
BA:event:861:002,CORE,ordinary repertoire; relations/care; institution/work; provenance/identity/modes,ADMITTED_WITH_LIMITS_CYCLE008; QUALIFIED_CONTENT_COMPLETE; PUBLICATION_STATUS_IN_CYCLE008_CHECKPOINT,"BA:event:861:002, 第1話;イワシアイス. Required interpretive priority: preserve differentiated taste, bargaining and the club's evasive response. Sayuri names herself and counts bubbles; she likes marine life and the sea (scene001:u0009–0024). Her requested compensation is sardine ice cream, following Nene's reported advice about an adult's request (u0026–0031). The subsequent shared bench is narrated, while the preferences differ: Sayuri enjoys sweet/salty fish flavour, Makina takes double chocolate, and Sensei's trial tastes distinctly fishy (scene002:u0002–0008). This is actual company with tastes that do not converge.",series/blue-archive/02 Sequential Readings/EVENTS/EVENT_861/BLUE_ARCHIVE_EVENT_861_CONTEXTUALIZATION_CHECKPOINT.md,"{'owner_route_key': '861', 'line': 85}",PRESENT_PER_OBJECT_RECONCILIATION_FROM_CURRENT_ARGUMENT
BA:event:861:003,HIGH,recipient agency/contrary endpoint; relations/care; provenance/identity/modes,ADMITTED_WITH_LIMITS_CYCLE008; QUALIFIED_CONTENT_COMPLETE; PUBLICATION_STATUS_IN_CYCLE008_CHECKPOINT,"BA:event:861:003, 第2話;目が悪い少女. Required interpretive priority: account for perception, mutual concern and a represented contact refusal. After the chase, Kotone first checks the adult's injury and explains her missing glasses (scene001:u0003–0009). Sensei's alternatives describe Makina or Sayuri; their corresponding replies are choice-conditioned, not a single combined utterance. Kotone protects the members and mistakes a poster for her interlocutor, giving her suspicion a comic perceptual limitation rather than proving maliciousness.",series/blue-archive/02 Sequential Readings/EVENTS/EVENT_861/BLUE_ARCHIVE_EVENT_861_CONTEXTUALIZATION_CHECKPOINT.md,"{'owner_route_key': '861', 'line': 90}",PRESENT_PER_OBJECT_RECONCILIATION_FROM_CURRENT_ARGUMENT
BA:event:861:004,HIGH,ordinary repertoire; recipient agency/contrary endpoint; relations/care; provenance/identity/modes,ADMITTED_WITH_LIMITS_CYCLE008; QUALIFIED_CONTENT_COMPLETE; PUBLICATION_STATUS_IN_CYCLE008_CHECKPOINT,"BA:event:861:004, 第3話;自慢の昆布茶. Required interpretive priority: retain hospitality and recreational value while reconstructing actual financial pressure. Cocoro apologizes for the previous night and Makina for flight. Kotone offers tea; Cocoro explains dried kelp in hot water, an initially strong taste that became desired (scene001:u0014–0019). Reported reputation and a Trinity buyer's one purchase are not a sales audit or a named customer's lasting taste.",series/blue-archive/02 Sequential Readings/EVENTS/EVENT_861/BLUE_ARCHIVE_EVENT_861_CONTEXTUALIZATION_CHECKPOINT.md,"{'owner_route_key': '861', 'line': 95}",PRESENT_PER_OBJECT_RECONCILIATION_FROM_CURRENT_ARGUMENT
BA:event:861:005,CORE,ordinary repertoire; recipient agency/contrary endpoint; relations/care; institution/work,ADMITTED_WITH_LIMITS_CYCLE008; QUALIFIED_CONTENT_COMPLETE; PUBLICATION_STATUS_IN_CYCLE008_CHECKPOINT,"BA:event:861:005, 第4話;危険なフジツボ. Required interpretive priority: explain the work, the safety dispute, the actual failure and its later causal revision. Cocoro dislikes the smell and accepts work under financial need. The paired divers, land communications, pressure checks, buoy and knife are proposed procedures, not an inspected certificate of full compliance (scene002:u0009–0012). Sayuri dislikes gloves; Cocoro refuses bare hands on stated injury/infection grounds (u0013–0016). This protective refusal remains distinct from unrestricted bodily authority.",series/blue-archive/02 Sequential Readings/EVENTS/EVENT_861/BLUE_ARCHIVE_EVENT_861_CONTEXTUALIZATION_CHECKPOINT.md,"{'owner_route_key': '861', 'line': 100}",PRESENT_PER_OBJECT_RECONCILIATION_FROM_CURRENT_ARGUMENT
BA:event:861:006,CORE,institution/work; provenance/identity/modes,ADMITTED_WITH_LIMITS_CYCLE008; QUALIFIED_CONTENT_COMPLETE; PUBLICATION_STATUS_IN_CYCLE008_CHECKPOINT,"BA:event:861:006, 第5話;損害賠償. Required interpretive priority: distinguish liability, a proposed exit and feared destruction of a valued practice. Minato doubts a barnacle explosion, Ami presents an estimated repair-and-water-damage bill, and Cocoro regards it as larger than annual club funds (scene001:u0002–0022). The amount is not printed. Island's asserted absorption of downtime costs is a report, not a completed audit.",series/blue-archive/02 Sequential Readings/EVENTS/EVENT_861/BLUE_ARCHIVE_EVENT_861_CONTEXTUALIZATION_CHECKPOINT.md,"{'owner_route_key': '861', 'line': 105}",PRESENT_PER_OBJECT_RECONCILIATION_FROM_CURRENT_ARGUMENT
BA:event:861:007,HIGH,ordinary repertoire; institution/work,ADMITTED_WITH_LIMITS_CYCLE008; QUALIFIED_CONTENT_COMPLETE; PUBLICATION_STATUS_IN_CYCLE008_CHECKPOINT,"BA:event:861:007, 第6話;密航者. Required interpretive priority: reconstruct the risky workaround, withheld need, adult presence and asymmetric knowledge. A client map promises a wreck at a blue hole twelve nautical miles from D.U.; figures allegedly command money sufficient to settle debts (scene001:u0003–0022). This is a commission's promised value, not a verified wreck, price or payment. Kotone questions the market story and conditions, Makina is eager, and Sayuri's Lusca idea is play, not a discovered monster.",series/blue-archive/02 Sequential Readings/EVENTS/EVENT_861/BLUE_ARCHIVE_EVENT_861_CONTEXTUALIZATION_CHECKPOINT.md,"{'owner_route_key': '861', 'line': 112}",PRESENT_PER_OBJECT_RECONCILIATION_FROM_CURRENT_ARGUMENT
BA:event:861:008,CORE,provenance/identity/modes,ADMITTED_WITH_LIMITS_CYCLE008; QUALIFIED_CONTENT_COMPLETE; PUBLICATION_STATUS_IN_CYCLE008_CHECKPOINT,"BA:event:861:008, 第7話;ブルーホール. Required interpretive priority: keep the visual contrast in textual form, the quiet waiting conversation and the actual capture. Arrival is narrated as an unusually dark blue; further checks and depth precautions are spoken proposals (scene001:u0001–0014). A team-assignment tag drifts at u0016–0019, while narration explicitly has Makina and Sayuri dive (u0025). Their return brings a report of whales preventing access around sixty metres, not a verified predator or Lusca (u0026–0040).",series/blue-archive/02 Sequential Readings/EVENTS/EVENT_861/BLUE_ARCHIVE_EVENT_861_CONTEXTUALIZATION_CHECKPOINT.md,"{'owner_route_key': '861', 'line': 119}",PRESENT_PER_OBJECT_RECONCILIATION_FROM_CURRENT_ARGUMENT
BA:event:861:009,CORE,institution/work; provenance/identity/modes,ADMITTED_WITH_LIMITS_CYCLE008; QUALIFIED_CONTENT_COMPLETE; PUBLICATION_STATUS_IN_CYCLE008_CHECKPOINT,"BA:event:861:009, 第8話;潮水の蛟龍. Required interpretive priority: revise the financial-causal story and distinguish promised aid from forced extraction. Bound captives receive conditional release terms and a command to ask permission to speak (scene001:u0001–0011). This hierarchy, even when it honours the adult's reported status, is not free contracting. Nanami's legendary navigation, former candidacy, devoted fleets and imprisonment history are reputation/participant report (u0013–0029), not an independently inspected office or criminal record.",series/blue-archive/02 Sequential Readings/EVENTS/EVENT_861/BLUE_ARCHIVE_EVENT_861_CONTEXTUALIZATION_CHECKPOINT.md,"{'owner_route_key': '861', 'line': 126}",PRESENT_PER_OBJECT_RECONCILIATION_FROM_CURRENT_ARGUMENT
BA:event:861:010,CORE,recipient agency/contrary endpoint; institution/work,ADMITTED_WITH_LIMITS_CYCLE008; QUALIFIED_CONTENT_COMPLETE; PUBLICATION_STATUS_IN_CYCLE008_CHECKPOINT,"Cocoro distinguishes ordinary disliked work from sacrificing diving’s pursued beauty. Sensei offers not to force hated extraction; bubbles, jellyfish and ambergris exemplify values worth preserving underwater (u0017–0028). Her refusal is meaningful beyond tactical success, without scientific certification or a command to abandon the sea.",series/blue-archive/02 Sequential Readings/EVENTS/EVENT_861/BLUE_ARCHIVE_EVENT_861_CONTEXTUALIZATION_CHECKPOINT.md,"{'owner_route_key': '861', 'line': 134}",PRESENT_PER_OBJECT_RECONCILIATION_FROM_CURRENT_ARGUMENT
BA:event:861:011,CORE,ordinary repertoire; recipient agency/contrary endpoint; provenance/identity/modes,ADMITTED_WITH_LIMITS_CYCLE008; QUALIFIED_CONTENT_COMPLETE; PUBLICATION_STATUS_IN_CYCLE008_CHECKPOINT,"BA:event:861:011, 第10話;ブリーチング. Required interpretive priority: receive the actual declaration and violent escape without turning a principle into a universal outcome. The next morning Nanami reports acquired cylinders, while Kotone explicitly refuses interference with marine life and the whales' rest even at the cost of diving (scene001:u0008–0014). Nanami calls it an order and repeats the hostage threat. The group's voiced principle is located; this account does not confer an externally authenticated diver licence or ecological protocol.",series/blue-archive/02 Sequential Readings/EVENTS/EVENT_861/BLUE_ARCHIVE_EVENT_861_CONTEXTUALIZATION_CHECKPOINT.md,"{'owner_route_key': '861', 'line': 140}",PRESENT_PER_OBJECT_RECONCILIATION_FROM_CURRENT_ARGUMENT
BA:event:861:012,CORE,ordinary repertoire; recipient agency/contrary endpoint; relations/care; provenance/identity/modes,ADMITTED_WITH_LIMITS_CYCLE008; QUALIFIED_CONTENT_COMPLETE; PUBLICATION_STATUS_IN_CYCLE008_CHECKPOINT,"BA:event:861:012, literal title_jp empty. Required interpretive priority: distinguish retreat, rescue, bodily care and continuing recipient discomfort. This episode remains part of the complete reading despite its blank title. Pirates report explosions, pressure/pump damage and a threatened sinking across more than ten locations; “Lusca” is their terrified interpretation (scene001:u0001–0010), not a monster confirmed by narration. Nanami says “やめろ,” Cocoro checks the word, and Nanami abandons the extraction / orders retreat while threatening future domination (u0011–0029). The immediate adversary withdraws. Neither the fleet's final repair state nor permanent disarmament is printed.",series/blue-archive/02 Sequential Readings/EVENTS/EVENT_861/BLUE_ARCHIVE_EVENT_861_CONTEXTUALIZATION_CHECKPOINT.md,"{'owner_route_key': '861', 'line': 147}",PRESENT_PER_OBJECT_RECONCILIATION_FROM_CURRENT_ARGUMENT
BA:event:861:013,CORE,ordinary repertoire; relations/care; institution/work,ADMITTED_WITH_LIMITS_CYCLE008; QUALIFIED_CONTENT_COMPLETE; PUBLICATION_STATUS_IN_CYCLE008_CHECKPOINT,"BA:event:861:013, エピローグ;たかがフジツボ、されどフジツボ. Required interpretive priority: preserve repeat work, recognition, accountability and the ordinary ending. About one week after return, the divers clean barnacles again and dislike the smell (scene001:u0002–0008). A visitor says this reduces part of their debt; Cocoro identifies Ami (u0009–0014). Ami is not there to inspect whether they are resting correctly. She thanks them for protecting the VIP and defeating the pirates, while Cocoro admits the secret voyage helped create the danger; Ami agrees (u0016–0027). Recognition and responsibility coexist.",series/blue-archive/02 Sequential Readings/EVENTS/EVENT_861/BLUE_ARCHIVE_EVENT_861_CONTEXTUALIZATION_CHECKPOINT.md,"{'owner_route_key': '861', 'line': 154}",PRESENT_PER_OBJECT_RECONCILIATION_FROM_CURRENT_ARGUMENT
BA:event:862:001,HIGH,recipient agency/contrary endpoint; relations/care; institution/work; provenance/identity/modes,ADMITTED_WITH_LIMITS_CYCLE008; QUALIFIED_CONTENT_COMPLETE; PUBLICATION_STATUS_IN_CYCLE008_CHECKPOINT,"Lana’s collapse receives Serina’s bounded overwork examination/recommendation, not independently verified diagnosis or performed cure. Her wish is to stop conflict between these friends, explicitly distinguished from a coup (u15–18). Radio/video references remain written source modes, and expected collapse does not prove fabrication. An intimate concern opens within the school’s political repertoire.",series/blue-archive/02 Sequential Readings/EVENTS/EVENT_862/BLUE_ARCHIVE_EVENT_862_CONTEXTUALIZATION_CHECKPOINT.md,"{'owner_route_key': '862', 'line': 93}",EXPLICIT_CURRENT_EPISODE_MAP
BA:event:862:002,HIGH,ordinary repertoire; recipient agency/contrary endpoint; relations/care; institution/work; provenance/identity/modes,ADMITTED_WITH_LIMITS_CYCLE008; QUALIFIED_CONTENT_COMPLETE; PUBLICATION_STATUS_IN_CYCLE008_CHECKPOINT,"A flare-assisted rescue and actual stove warmth/shelter coexist with danger: Sensei blacks out after offering a windbreak. Anna’s craft embarrassment and Elina’s pressure to show the unfinished turretless tank introduce distinct technical/aesthetic preferences. Teacher praise is not an operational test, and scientific vocabulary does not adjudicate competing designs (scene2u27–68).",series/blue-archive/02 Sequential Readings/EVENTS/EVENT_862/BLUE_ARCHIVE_EVENT_862_CONTEXTUALIZATION_CHECKPOINT.md,"{'owner_route_key': '862', 'line': 96}",EXPLICIT_CURRENT_EPISODE_MAP
BA:event:862:003,CORE,ordinary repertoire; recipient agency/contrary endpoint; relations/care; provenance/identity/modes,ADMITTED_WITH_LIMITS_CYCLE008; QUALIFIED_CONTENT_COMPLETE; PUBLICATION_STATUS_IN_CYCLE008_CHECKPOINT,"Material disagreement turns into repeated wrestling called persuasion. Anna wins this bout; Lana calls both right and wants these two friends’ fighting stopped (u14–47), while Sensei objects. The printed score is relationship history, not audited data; weak-red-panda rhetoric supplies no guarantee against harm. The text explicitly denies that homophonous Niki Anna/Elina are sisters, preserving identities.",series/blue-archive/02 Sequential Readings/EVENTS/EVENT_862/BLUE_ARCHIVE_EVENT_862_CONTEXTUALIZATION_CHECKPOINT.md,"{'owner_route_key': '862', 'line': 100}",EXPLICIT_CURRENT_EPISODE_MAP
BA:event:862:004,CORE,recipient agency/contrary endpoint; institution/work; provenance/identity/modes,ADMITTED_WITH_LIMITS_CYCLE008; QUALIFIED_CONTENT_COMPLETE; PUBLICATION_STATUS_IN_CYCLE008_CHECKPOINT,"Cheap pudding, scarce means and costly research give work material context. Anna reports prior public project failure/demotion; Elina’s offered ammonia is actually spat out, contradicting a funding-only account. Lana’s disputed exam mark and jokes supply a particular reasoning style, not diagnosis/exoneration. Amnesty is a reported possibility under a four-day deadline, and the fair adult solution is proposed, not yet granted.",series/blue-archive/02 Sequential Readings/EVENTS/EVENT_862/BLUE_ARCHIVE_EVENT_862_CONTEXTUALIZATION_CHECKPOINT.md,"{'owner_route_key': '862', 'line': 103}",EXPLICIT_CURRENT_EPISODE_MAP
BA:event:862:005,CORE,ordinary repertoire; recipient agency/contrary endpoint; relations/care; institution/work,ADMITTED_WITH_LIMITS_CYCLE008; QUALIFIED_CONTENT_COMPLETE; PUBLICATION_STATUS_IN_CYCLE008_CHECKPOINT,"Alternating praise shortens fights but Elina objects to forced praise. Wanted cafés, clothes, blini, punch cards and warm shared sleep remain intrinsic (u62–117), and Anna’s wish for tasks she can confidently do matters beside later culpability. Ceasefire/rebuild and field-trip permission remain plans; warmth/medicine-as-pillow supplies no cure, and denial of friendship cannot erase Lana’s attributed attachment.",series/blue-archive/02 Sequential Readings/EVENTS/EVENT_862/BLUE_ARCHIVE_EVENT_862_CONTEXTUALIZATION_CHECKPOINT.md,"{'owner_route_key': '862', 'line': 108}",EXPLICIT_CURRENT_EPISODE_MAP
BA:event:862:006,CORE,ordinary repertoire; recipient agency/contrary endpoint; relations/care; institution/work,ADMITTED_WITH_LIMITS_CYCLE008; QUALIFIED_CONTENT_COMPLETE; PUBLICATION_STATUS_IN_CYCLE008_CHECKPOINT,Elina wants desserts/clothes and values interdisciplinary making; Lana helps her first two friends without initial tank/amnesty interest. Valued punch cards are dropped and discarded; possible227records are not restored (u65–87). Material shortage then produces acquisition pressure and an actual attack (u92–106). Shared craft and tangible pleasure do not legitimize taking public property.,series/blue-archive/02 Sequential Readings/EVENTS/EVENT_862/BLUE_ARCHIVE_EVENT_862_CONTEXTUALIZATION_CHECKPOINT.md,"{'owner_route_key': '862', 'line': 114}",EXPLICIT_CURRENT_EPISODE_MAP
BA:event:862:007,HIGH,institution/work; provenance/identity/modes,ADMITTED_WITH_LIMITS_CYCLE008; QUALIFIED_CONTENT_COMPLETE; PUBLICATION_STATUS_IN_CYCLE008_CHECKPOINT,"ordinary frustration and destructive symmetry. The closed night café(u5) matters as disappointment. Sensei asks the students to return(choice001/u7); their promise(u8–9) does not confer permission. Lana proposes cute crying or false names if caught(u17–19), not a successful deception yet. Avoiding wire-cutting(u26) is a limited scruple, soon contradicted by actual statue-ear/face shaving(u28/32/35) under a symmetry rationale. Elina scrapes costly office paint(u37/47); the medicine-without-ingredients exchange(u40) is not safe clinical advice.",series/blue-archive/02 Sequential Readings/EVENTS/EVENT_862/BLUE_ARCHIVE_EVENT_862_CONTEXTUALIZATION_CHECKPOINT.md,"{'owner_route_key': '862', 'line': 120}",EXPLICIT_CURRENT_EPISODE_MAP
BA:event:862:008,CORE,ordinary repertoire; recipient agency/contrary endpoint; relations/care; institution/work; provenance/identity/modes,ADMITTED_WITH_LIMITS_CYCLE008; QUALIFIED_CONTENT_COMPLETE; PUBLICATION_STATUS_IN_CYCLE008_CHECKPOINT,"Marina is actually hurt and later conceals her defeat; degree/recovery remain unprinted. Genuine all-night making produces processed copper, titanium and glass, with Anna estimating80%, but permission and a completed engine are absent. Cherino’s concern and anti-abuse warning do not restore accountability. Denied friendship/planned separation remain contrary to Lana’s wanted company.",series/blue-archive/02 Sequential Readings/EVENTS/EVENT_862/BLUE_ARCHIVE_EVENT_862_CONTEXTUALIZATION_CHECKPOINT.md,"{'owner_route_key': '862', 'line': 124}",EXPLICIT_CURRENT_EPISODE_MAP
BA:event:862:009,CORE,ordinary repertoire; recipient agency/contrary endpoint; relations/care; provenance/identity/modes,ADMITTED_WITH_LIMITS_CYCLE008; QUALIFIED_CONTENT_COMPLETE; PUBLICATION_STATUS_IN_CYCLE008_CHECKPOINT,"Cold hands explain Lana’s refused clap, while bolts, sights and missing protection make completion anxiety mundane. Elina wants cafés/clothes; Anna experiences possible separation as loss. The engine actually fails for no fuel after Anna used it in the stove (u76–87), explicitly not the battery. Technical assertions are narrative claims, not safety advice, and this is not a completed tournament loss.",series/blue-archive/02 Sequential Readings/EVENTS/EVENT_862/BLUE_ARCHIVE_EVENT_862_CONTEXTUALIZATION_CHECKPOINT.md,"{'owner_route_key': '862', 'line': 130}",EXPLICIT_CURRENT_EPISODE_MAP
BA:event:862:010,CORE,ordinary repertoire; relations/care; provenance/identity/modes,ADMITTED_WITH_LIMITS_CYCLE008; QUALIFIED_CONTENT_COMPLETE; PUBLICATION_STATUS_IN_CYCLE008_CHECKPOINT,"Elina actually leaves after the fuel rupture, without permanent abandonment. Lana’s tears and wish to restore her first friendships, plus Anna’s worry about cold, lead to deciding to fetch her. Sensei’s close-friends interpretation is represented, not proof repeated violence is consensual. Anna’s success-would-be-bad wording alone does not establish sabotage before her next admission.",series/blue-archive/02 Sequential Readings/EVENTS/EVENT_862/BLUE_ARCHIVE_EVENT_862_CONTEXTUALIZATION_CHECKPOINT.md,"{'owner_route_key': '862', 'line': 135}",EXPLICIT_CURRENT_EPISODE_MAP
BA:event:862:011,CORE,ordinary repertoire; recipient agency/contrary endpoint; relations/care,ADMITTED_WITH_LIMITS_CYCLE008; QUALIFIED_CONTENT_COMPLETE; PUBLICATION_STATUS_IN_CYCLE008_CHECKPOINT,"Anna finds Elina and explicitly admits deliberate fuel expenditure: old public failure, feared success and wanted warmth coexist with joy in Elina’s trust. Elina acknowledges misreading burden through her own motivating style; mutual apologies/tears change the conversation (u25–88). Future disclosure/entering together is a commitment, not cured trauma or end to fighting. Lana’s next calculation/boarding order is not safety validation.",series/blue-archive/02 Sequential Readings/EVENTS/EVENT_862/BLUE_ARCHIVE_EVENT_862_CONTEXTUALIZATION_CHECKPOINT.md,"{'owner_route_key': '862', 'line': 139}",EXPLICIT_CURRENT_EPISODE_MAP
BA:event:862:012,CORE,recipient agency/contrary endpoint; provenance/identity/modes,ADMITTED_WITH_LIMITS_CYCLE008; QUALIFIED_CONTENT_COMPLETE; PUBLICATION_STATUS_IN_CYCLE008_CHECKPOINT,"Recoil actually moves the vehicle while breaking their garage/home; a projectile destroys Cherino’s statue and catalyzes political revolt. Elina is pulled aboard and objects, so Sensei’s choice is not informed assent for everyone. Frightening descent ends in actual sick/disoriented arrival and application (scene2u25–31). Movement succeeds without repaired loss, a planned coup, reliable safety or race victory.",series/blue-archive/02 Sequential Readings/EVENTS/EVENT_862/BLUE_ARCHIVE_EVENT_862_CONTEXTUALIZATION_CHECKPOINT.md,"{'owner_route_key': '862', 'line': 144}",EXPLICIT_CURRENT_EPISODE_MAP
BA:event:862:013,CORE,ordinary repertoire; recipient agency/contrary endpoint; relations/care; institution/work; provenance/identity/modes,ADMITTED_WITH_LIMITS_CYCLE008; QUALIFIED_CONTENT_COMPLETE; PUBLICATION_STATUS_IN_CYCLE008_CHECKPOINT,"Shooting/revolt and a returned grenade retain harm. Reported qualification and actual fuel are advancement, not victory. Wanted shopping/clothes/laptop remain unbought. An improvised permit is received, but actor/legal seams and missing227records prevent institutional-restoration claims. The friends’ argument and brainbuster restart with a not-the-head objection (u68–81), qualifying growth without erasing recipient limits.",series/blue-archive/02 Sequential Readings/EVENTS/EVENT_862/BLUE_ARCHIVE_EVENT_862_CONTEXTUALIZATION_CHECKPOINT.md,"{'owner_route_key': '862', 'line': 149}",EXPLICIT_CURRENT_EPISODE_MAP
BA:event:862:014,HIGH,ordinary repertoire; relations/care; provenance/identity/modes,ADMITTED_WITH_LIMITS_CYCLE008; QUALIFIED_CONTENT_COMPLETE; PUBLICATION_STATUS_IN_CYCLE008_CHECKPOINT,"Actual Cup arrival and Anna’s joy at Iroha calling the creation a tank give recognition intrinsic value. Iroha requests distance for danger; apology is printed but a photograph is not. Vehicle scraping and sleep-at-wheel criticism qualify functioning transport. Iroha’s own dislike of crowd/publicity and source actor seams remain, with no tournament result or new rivalry.",series/blue-archive/02 Sequential Readings/EVENTS/EVENT_862/BLUE_ARCHIVE_EVENT_862_CONTEXTUALIZATION_CHECKPOINT.md,"{'owner_route_key': '862', 'line': 156}",EXPLICIT_CURRENT_EPISODE_MAP
BA:event:862:015,HIGH,ordinary repertoire; recipient agency/contrary endpoint; provenance/identity/modes,ADMITTED_WITH_LIMITS_CYCLE008; QUALIFIED_CONTENT_COMPLETE; PUBLICATION_STATUS_IN_CYCLE008_CHECKPOINT,"The whole written promotional broadcast names entrants and develops one repeated Tiger presentation, including sleep dampening for Iroha and Ibuki’s macarons/sweets. Repetition is not hundreds of machines or performed voices. Anna admires it; Elina asks why they are absent; Lana attributes exclusion to earlier filming, not deliberate censorship. The printed maintenance cutoff stays unresolved, and COMING SOON leaves the actual tournament result future.",series/blue-archive/02 Sequential Readings/EVENTS/EVENT_862/BLUE_ARCHIVE_EVENT_862_CONTEXTUALIZATION_CHECKPOINT.md,"{'owner_route_key': '862', 'line': 160}",EXPLICIT_CURRENT_EPISODE_MAP
