story_id,source_type,phase2_requirement,canonical_path,canonical_sha256,review_state,analysis_path,admission_record,admitted_claim_scope,chronology_status,chronology_anchor,attribution_limits,analytical_priority,priority_reason,scene_count,utterance_count,choice_group_count
BA:bond:10000:002,bond,MANDATORY_COMPLETE_REVIEW,02_CANONICAL_STORIES/BOND/ARU/VARIANT_10000_EPISODE_002.md,5f899e52ee07263686f0ab2d99fc27cf8ea53719afce3f66fca483af3c7f02a0,ADMITTED,series/blue-archive/02 Sequential Readings/BOND/ARU/BLUE_ARCHIVE_ARU_PRIVATE_CONTEXTUALIZATION_CHECKPOINT.md,REF:CYCLE008_ACCEPTED,REF:CYCLE008_SCOPE,unresolved,,REF:CYCLE008_LIMITS,UNASSESSED,REF:PRIVATE_PRIORITY,2,40,8
BA:bond:10000:003,bond,MANDATORY_COMPLETE_REVIEW,02_CANONICAL_STORIES/BOND/ARU/VARIANT_10000_EPISODE_003.md,4c74204d595f3fb7438cd41e05b30cc13231f283b59eed7acbec6f6a0fb091e6,ADMITTED,series/blue-archive/02 Sequential Readings/BOND/ARU/BLUE_ARCHIVE_ARU_PRIVATE_CONTEXTUALIZATION_CHECKPOINT.md,REF:CYCLE008_ACCEPTED,REF:CYCLE008_SCOPE,unresolved,,REF:CYCLE008_LIMITS,UNASSESSED,REF:PRIVATE_PRIORITY,1,40,10
BA:bond:10000:005,bond,MANDATORY_COMPLETE_REVIEW,02_CANONICAL_STORIES/BOND/ARU/VARIANT_10000_EPISODE_005.md,78178f76d93627a20b09eeaa05599e8d708769332bd299679421079a3524b1a4,ADMITTED,series/blue-archive/02 Sequential Readings/BOND/ARU/BLUE_ARCHIVE_ARU_PRIVATE_CONTEXTUALIZATION_CHECKPOINT.md,REF:CYCLE008_ACCEPTED,REF:CYCLE008_SCOPE,unresolved,,REF:CYCLE008_LIMITS,UNASSESSED,REF:PRIVATE_PRIORITY,1,36,9
BA:bond:10000:006,bond,MANDATORY_COMPLETE_REVIEW,02_CANONICAL_STORIES/BOND/ARU/VARIANT_10000_EPISODE_006.md,d0a143ee457dc4a20cbafc92e5a3dbcba42c63689022bc430a35a9207a942f08,ADMITTED,series/blue-archive/02 Sequential Readings/BOND/ARU/BLUE_ARCHIVE_ARU_PRIVATE_CONTEXTUALIZATION_CHECKPOINT.md,REF:CYCLE008_ACCEPTED,REF:CYCLE008_SCOPE,unresolved,,REF:CYCLE008_LIMITS,UNASSESSED,REF:PRIVATE_PRIORITY,1,45,4
BA:bond:10000:020,bond,MANDATORY_COMPLETE_REVIEW,02_CANONICAL_STORIES/BOND/ARU/VARIANT_10000_EPISODE_020.md,d0b5bfb2431fb4bb9dae6407ed03ba17a47a453f9e91bb8aea1ad4d2bfb07cf0,ADMITTED,series/blue-archive/02 Sequential Readings/BOND/ARU/BLUE_ARCHIVE_ARU_PRIVATE_CONTEXTUALIZATION_CHECKPOINT.md,REF:CYCLE008_ACCEPTED,REF:CYCLE008_SCOPE,unresolved,,REF:CYCLE008_LIMITS,UNASSESSED,REF:PRIVATE_PRIORITY,1,140,39
BA:bond:10001:002,bond,MANDATORY_COMPLETE_REVIEW,02_CANONICAL_STORIES/BOND/EIMI/VARIANT_10001_EPISODE_002.md,b97645f8027a5d69ba6d23eaa4bcde3f22a3263123abf40fd933a871c60f1cf7,ADMITTED,series/blue-archive/02 Sequential Readings/BOND/BLUE_ARCHIVE_EIMI_PHASE2_PRIVATE_CONTEXTUAL_ACCOUNT_20261008.md,REF:CYCLE008_ACCEPTED,REF:CYCLE008_SCOPE,unresolved,,REF:CYCLE008_LIMITS,UNASSESSED,REF:PRIVATE_PRIORITY,1,16,6
BA:bond:10001:003,bond,MANDATORY_COMPLETE_REVIEW,02_CANONICAL_STORIES/BOND/EIMI/VARIANT_10001_EPISODE_003.md,5e5e8f69758a298f13adcb9a4b1e83695bf8a13290d72eaa925a239e9bbda81e,ADMITTED,series/blue-archive/02 Sequential Readings/BOND/BLUE_ARCHIVE_EIMI_PHASE2_PRIVATE_CONTEXTUAL_ACCOUNT_20261008.md,REF:CYCLE008_ACCEPTED,REF:CYCLE008_SCOPE,unresolved,,REF:CYCLE008_LIMITS,UNASSESSED,REF:PRIVATE_PRIORITY,1,25,5
BA:bond:10001:005,bond,MANDATORY_COMPLETE_REVIEW,02_CANONICAL_STORIES/BOND/EIMI/VARIANT_10001_EPISODE_005.md,f9b06e6ad75daf8210c711ee700931d188b2be9546e0df43c3ae0de071d32e10,ADMITTED,series/blue-archive/02 Sequential Readings/BOND/BLUE_ARCHIVE_EIMI_PHASE2_PRIVATE_CONTEXTUAL_ACCOUNT_20261008.md,REF:CYCLE008_ACCEPTED,REF:CYCLE008_SCOPE,unresolved,,REF:CYCLE008_LIMITS,UNASSESSED,REF:PRIVATE_PRIORITY,1,13,2
BA:bond:10001:006,bond,MANDATORY_COMPLETE_REVIEW,02_CANONICAL_STORIES/BOND/EIMI/VARIANT_10001_EPISODE_006.md,37edac642d2782406cc78fecd4d2314ed892758eb1d52ea737c0ab11dc4f486b,ADMITTED,series/blue-archive/02 Sequential Readings/BOND/BLUE_ARCHIVE_EIMI_PHASE2_PRIVATE_CONTEXTUAL_ACCOUNT_20261008.md,REF:CYCLE008_ACCEPTED,REF:CYCLE008_SCOPE,unresolved,,REF:CYCLE008_LIMITS,UNASSESSED,REF:PRIVATE_PRIORITY,1,21,2
BA:bond:10001:008,bond,MANDATORY_COMPLETE_REVIEW,02_CANONICAL_STORIES/BOND/EIMI/VARIANT_10001_EPISODE_008.md,abf99e078f126c302027d0575353a4970e0953647c5221455458a7ff1ba66278,ADMITTED,series/blue-archive/02 Sequential Readings/BOND/BLUE_ARCHIVE_EIMI_PHASE2_PRIVATE_CONTEXTUAL_ACCOUNT_20261008.md,REF:CYCLE008_ACCEPTED,REF:CYCLE008_SCOPE,unresolved,,REF:CYCLE008_LIMITS,UNASSESSED,REF:PRIVATE_PRIORITY,1,15,4
BA:bond:10001:020,bond,MANDATORY_COMPLETE_REVIEW,02_CANONICAL_STORIES/BOND/EIMI/VARIANT_10001_EPISODE_020.md,6b465a0653cf49ff2480d1938ba4e884629fb7c2bb32cf214535ddd86c2e0ef7,ADMITTED,series/blue-archive/02 Sequential Readings/BOND/BLUE_ARCHIVE_EIMI_PHASE2_PRIVATE_CONTEXTUAL_ACCOUNT_20261008.md,REF:CYCLE008_ACCEPTED,REF:CYCLE008_SCOPE,unresolved,,REF:CYCLE008_LIMITS,UNASSESSED,REF:PRIVATE_PRIORITY,1,44,2
BA:bond:10002:002,bond,MANDATORY_COMPLETE_REVIEW,02_CANONICAL_STORIES/BOND/HARUNA/VARIANT_10002_EPISODE_002.md,e0a4442631cdb0c9d3d4a3f51a12b83361321d55b5a1836ab22d1547b1a57733,ADMITTED,series/blue-archive/02 Sequential Readings/BOND/BLUE_ARCHIVE_GEHENNA20_PHASE2_PRIVATE_CONTEXTUAL_ACCOUNT_20261008.md,REF:CYCLE008_ACCEPTED,REF:CYCLE008_SCOPE,unresolved,,REF:CYCLE008_LIMITS,UNASSESSED,REF:PRIVATE_PRIORITY,1,61,8
BA:bond:10002:003,bond,MANDATORY_COMPLETE_REVIEW,02_CANONICAL_STORIES/BOND/HARUNA/VARIANT_10002_EPISODE_003.md,b1aebc53d8cae035c83af7ace4eb7f5c6488fa78e04d7fe8dafea16852cecb14,ADMITTED,series/blue-archive/02 Sequential Readings/BOND/BLUE_ARCHIVE_GEHENNA20_PHASE2_PRIVATE_CONTEXTUAL_ACCOUNT_20261008.md,REF:CYCLE008_ACCEPTED,REF:CYCLE008_SCOPE,unresolved,,REF:CYCLE008_LIMITS,UNASSESSED,REF:PRIVATE_PRIORITY,2,60,5
BA:bond:10002:005,bond,MANDATORY_COMPLETE_REVIEW,02_CANONICAL_STORIES/BOND/HARUNA/VARIANT_10002_EPISODE_005.md,cdae42c79fac840139af96f16cd81019e04082cdedc3bdab83134697b84cf09f,ADMITTED,series/blue-archive/02 Sequential Readings/BOND/BLUE_ARCHIVE_GEHENNA20_PHASE2_PRIVATE_CONTEXTUAL_ACCOUNT_20261008.md,REF:CYCLE008_ACCEPTED,REF:CYCLE008_SCOPE,unresolved,,REF:CYCLE008_LIMITS,UNASSESSED,REF:PRIVATE_PRIORITY,2,67,4
BA:bond:10002:006,bond,MANDATORY_COMPLETE_REVIEW,02_CANONICAL_STORIES/BOND/HARUNA/VARIANT_10002_EPISODE_006.md,90db4ebdcf2d00e1103fca07431641b0fdcfc2d601f61274fdf8f7d22780c489,ADMITTED,series/blue-archive/02 Sequential Readings/BOND/BLUE_ARCHIVE_GEHENNA20_PHASE2_PRIVATE_CONTEXTUAL_ACCOUNT_20261008.md,REF:CYCLE008_ACCEPTED,REF:CYCLE008_SCOPE,unresolved,,REF:CYCLE008_LIMITS,UNASSESSED,REF:PRIVATE_PRIORITY,1,33,5
BA:bond:10003:002,bond,MANDATORY_COMPLETE_REVIEW,02_CANONICAL_STORIES/BOND/HIHUMI/VARIANT_10003_EPISODE_002.md,8ea4a2319b501340cf30c285cabc8233b4542e703121f7f6db2729d87151342e,ADMITTED,series/blue-archive/02 Sequential Readings/BOND/HIFUMI/BLUE_ARCHIVE_HIFUMI_PRIVATE_CONTEXTUALIZATION_CHECKPOINT.md,REF:CYCLE008_ACCEPTED,REF:CYCLE008_SCOPE,unresolved,,REF:CYCLE008_LIMITS,UNASSESSED,REF:PRIVATE_PRIORITY,1,26,3
BA:bond:10003:003,bond,MANDATORY_COMPLETE_REVIEW,02_CANONICAL_STORIES/BOND/HIHUMI/VARIANT_10003_EPISODE_003.md,f24839ccc789392da84ac8766fc74812f6f6ee817ccb33f3e5881fc4d2b0a8d6,ADMITTED,series/blue-archive/02 Sequential Readings/BOND/HIFUMI/BLUE_ARCHIVE_HIFUMI_PRIVATE_CONTEXTUALIZATION_CHECKPOINT.md,REF:CYCLE008_ACCEPTED,REF:CYCLE008_SCOPE,unresolved,,REF:CYCLE008_LIMITS,UNASSESSED,REF:PRIVATE_PRIORITY,1,32,3
BA:bond:10003:005,bond,MANDATORY_COMPLETE_REVIEW,02_CANONICAL_STORIES/BOND/HIHUMI/VARIANT_10003_EPISODE_005.md,ede2fdd73250598131990d756036b31e4bafc8e18f0bb1843e2a2041d4ee4573,ADMITTED,series/blue-archive/02 Sequential Readings/BOND/HIFUMI/BLUE_ARCHIVE_HIFUMI_PRIVATE_CONTEXTUALIZATION_CHECKPOINT.md,REF:CYCLE008_ACCEPTED,REF:CYCLE008_SCOPE,unresolved,,REF:CYCLE008_LIMITS,UNASSESSED,REF:PRIVATE_PRIORITY,1,30,7
BA:bond:10003:006,bond,MANDATORY_COMPLETE_REVIEW,02_CANONICAL_STORIES/BOND/HIHUMI/VARIANT_10003_EPISODE_006.md,d42e3dd8863679e5c81b7573d6b3c5dc0680b42f6bdd2a300c0a2121c70db6e1,ADMITTED,series/blue-archive/02 Sequential Readings/BOND/HIFUMI/BLUE_ARCHIVE_HIFUMI_PRIVATE_CONTEXTUALIZATION_CHECKPOINT.md,REF:CYCLE008_ACCEPTED,REF:CYCLE008_SCOPE,unresolved,,REF:CYCLE008_LIMITS,UNASSESSED,REF:PRIVATE_PRIORITY,1,23,3
BA:bond:10003:008,bond,MANDATORY_COMPLETE_REVIEW,02_CANONICAL_STORIES/BOND/HIHUMI/VARIANT_10003_EPISODE_008.md,f66309c500309bf578f9fdb9ec3f79e02966f5210bb8ab87babd5b1672540930,ADMITTED,series/blue-archive/02 Sequential Readings/BOND/HIFUMI/BLUE_ARCHIVE_HIFUMI_PRIVATE_CONTEXTUALIZATION_CHECKPOINT.md,REF:CYCLE008_ACCEPTED,REF:CYCLE008_SCOPE,unresolved,,REF:CYCLE008_LIMITS,UNASSESSED,REF:PRIVATE_PRIORITY,1,28,2
BA:bond:10003:009,bond,MANDATORY_COMPLETE_REVIEW,02_CANONICAL_STORIES/BOND/HIHUMI/VARIANT_10003_EPISODE_009.md,9568306dafc3428c0ac505b0c18f4d66ad910c3246559d116c60987ac1826123,ADMITTED,series/blue-archive/02 Sequential Readings/BOND/HIFUMI/BLUE_ARCHIVE_HIFUMI_PRIVATE_CONTEXTUALIZATION_CHECKPOINT.md,REF:CYCLE008_ACCEPTED,REF:CYCLE008_SCOPE,unresolved,,REF:CYCLE008_LIMITS,UNASSESSED,REF:PRIVATE_PRIORITY,1,27,4
BA:bond:10004:002,bond,MANDATORY_COMPLETE_REVIEW,02_CANONICAL_STORIES/BOND/HINA/VARIANT_10004_EPISODE_002.md,b00bbf590ac80c9a62250d32741af145c14c127f89bd9de7edee58a5d1e0fd71,ADMITTED,series/blue-archive/02 Sequential Readings/BOND/BLUE_ARCHIVE_GEHENNA20_PHASE2_PRIVATE_CONTEXTUAL_ACCOUNT_20261008.md,REF:CYCLE008_ACCEPTED,REF:CYCLE008_SCOPE,unresolved,,REF:CYCLE008_LIMITS,UNASSESSED,REF:PRIVATE_PRIORITY,1,46,10
BA:bond:10004:003,bond,MANDATORY_COMPLETE_REVIEW,02_CANONICAL_STORIES/BOND/HINA/VARIANT_10004_EPISODE_003.md,26860a5b8de12031df162fabec7719afa5a5e7225f6e4d69054114a8eaaa9323,ADMITTED,series/blue-archive/02 Sequential Readings/BOND/BLUE_ARCHIVE_GEHENNA20_PHASE2_PRIVATE_CONTEXTUAL_ACCOUNT_20261008.md,REF:CYCLE008_ACCEPTED,REF:CYCLE008_SCOPE,unresolved,,REF:CYCLE008_LIMITS,UNASSESSED,REF:PRIVATE_PRIORITY,1,38,5
BA:bond:10004:005,bond,MANDATORY_COMPLETE_REVIEW,02_CANONICAL_STORIES/BOND/HINA/VARIANT_10004_EPISODE_005.md,4ce97950cb18b185d457814d61fa0aeea6bb2d142af519fe37b3476931c0ee7e,ADMITTED,series/blue-archive/02 Sequential Readings/BOND/BLUE_ARCHIVE_GEHENNA20_PHASE2_PRIVATE_CONTEXTUAL_ACCOUNT_20261008.md,REF:CYCLE008_ACCEPTED,REF:CYCLE008_SCOPE,unresolved,,REF:CYCLE008_LIMITS,UNASSESSED,REF:PRIVATE_PRIORITY,5,77,10
BA:bond:10004:006,bond,MANDATORY_COMPLETE_REVIEW,02_CANONICAL_STORIES/BOND/HINA/VARIANT_10004_EPISODE_006.md,e0f9ccf6dde9cb824a6a3d9784a66c3502f595fddbc60d686f191a80f361f50c,ADMITTED,series/blue-archive/02 Sequential Readings/BOND/BLUE_ARCHIVE_GEHENNA20_PHASE2_PRIVATE_CONTEXTUAL_ACCOUNT_20261008.md,REF:CYCLE008_ACCEPTED,REF:CYCLE008_SCOPE,unresolved,,REF:CYCLE008_LIMITS,UNASSESSED,REF:PRIVATE_PRIORITY,1,37,7
BA:bond:10004:008,bond,MANDATORY_COMPLETE_REVIEW,02_CANONICAL_STORIES/BOND/HINA/VARIANT_10004_EPISODE_008.md,5f077b13dde68ade1e8ad8aa2e0af9669b95407f07df2802025e7e24c3e530b1,ADMITTED,series/blue-archive/02 Sequential Readings/BOND/BLUE_ARCHIVE_GEHENNA20_PHASE2_PRIVATE_CONTEXTUAL_ACCOUNT_20261008.md,REF:CYCLE008_ACCEPTED,REF:CYCLE008_SCOPE,unresolved,,REF:CYCLE008_LIMITS,UNASSESSED,REF:PRIVATE_PRIORITY,2,60,9
BA:bond:10004:015,bond,MANDATORY_COMPLETE_REVIEW,02_CANONICAL_STORIES/BOND/HINA/VARIANT_10004_EPISODE_015.md,cc01618c3a0cff8a52b7c3b082d2af68e9b59862a7fc4ea362a3217685f5736e,ADMITTED,series/blue-archive/02 Sequential Readings/BOND/BLUE_ARCHIVE_GEHENNA20_PHASE2_PRIVATE_CONTEXTUAL_ACCOUNT_20261008.md,REF:CYCLE008_ACCEPTED,REF:CYCLE008_SCOPE,unresolved,,REF:CYCLE008_LIMITS,UNASSESSED,REF:PRIVATE_PRIORITY,1,123,20
BA:bond:10005:002,bond,MANDATORY_COMPLETE_REVIEW,02_CANONICAL_STORIES/BOND/HOSHINO/VARIANT_10005_EPISODE_002.md,b172a5938163609e436e207201a6d1faaa50e195ca6d6446fa5a302e778a16c5,ADMITTED,series/blue-archive/02 Sequential Readings/BOND/BLUE_ARCHIVE_HOSHINO_PHASE2_PRIVATE_CONTEXTUAL_ACCOUNT_20261008.md,REF:CYCLE008_ACCEPTED,REF:CYCLE008_SCOPE,unresolved,,REF:CYCLE008_LIMITS,UNASSESSED,REF:PRIVATE_PRIORITY,3,51,8
BA:bond:10005:003,bond,MANDATORY_COMPLETE_REVIEW,02_CANONICAL_STORIES/BOND/HOSHINO/VARIANT_10005_EPISODE_003.md,44f295d52f2ba1bd09835992a1f1bbd09e66ab4d38ad3f004af7ae47a77a93e4,ADMITTED,series/blue-archive/02 Sequential Readings/BOND/BLUE_ARCHIVE_HOSHINO_PHASE2_PRIVATE_CONTEXTUAL_ACCOUNT_20261008.md,REF:CYCLE008_ACCEPTED,REF:CYCLE008_SCOPE,unresolved,,REF:CYCLE008_LIMITS,UNASSESSED,REF:PRIVATE_PRIORITY,2,20,3
BA:bond:10005:005,bond,MANDATORY_COMPLETE_REVIEW,02_CANONICAL_STORIES/BOND/HOSHINO/VARIANT_10005_EPISODE_005.md,6b6e2b906b9ee679c0a10bb50242f754cfa40c8cfb91c5cb035fdaa7e75da249,ADMITTED,series/blue-archive/02 Sequential Readings/BOND/BLUE_ARCHIVE_HOSHINO_PHASE2_PRIVATE_CONTEXTUAL_ACCOUNT_20261008.md,REF:CYCLE008_ACCEPTED,REF:CYCLE008_SCOPE,unresolved,,REF:CYCLE008_LIMITS,UNASSESSED,REF:PRIVATE_PRIORITY,2,53,7
BA:bond:10005:006,bond,MANDATORY_COMPLETE_REVIEW,02_CANONICAL_STORIES/BOND/HOSHINO/VARIANT_10005_EPISODE_006.md,1cfd0dc416a52589f5deb15f03a434f664e19df7ad1fb6db664ebab0363a1a1c,ADMITTED,series/blue-archive/02 Sequential Readings/BOND/BLUE_ARCHIVE_HOSHINO_PHASE2_PRIVATE_CONTEXTUAL_ACCOUNT_20261008.md,REF:CYCLE008_ACCEPTED,REF:CYCLE008_SCOPE,unresolved,,REF:CYCLE008_LIMITS,UNASSESSED,REF:PRIVATE_PRIORITY,1,31,4
BA:bond:10005:008,bond,MANDATORY_COMPLETE_REVIEW,02_CANONICAL_STORIES/BOND/HOSHINO/VARIANT_10005_EPISODE_008.md,a118c878bd551dc197291b19f9299fcf6e3d65bc98ff6c8b713234b61256d2d7,ADMITTED,series/blue-archive/02 Sequential Readings/BOND/BLUE_ARCHIVE_HOSHINO_PHASE2_PRIVATE_CONTEXTUAL_ACCOUNT_20261008.md,REF:CYCLE008_ACCEPTED,REF:CYCLE008_SCOPE,unresolved,,REF:CYCLE008_LIMITS,UNASSESSED,REF:PRIVATE_PRIORITY,1,43,8
BA:bond:10005:009,bond,MANDATORY_COMPLETE_REVIEW,02_CANONICAL_STORIES/BOND/HOSHINO/VARIANT_10005_EPISODE_009.md,df3febfacfcc1ee94a54f4ccc61e53b73b5c6d4353f78e8d11e0e6cac31661ff,ADMITTED,series/blue-archive/02 Sequential Readings/BOND/BLUE_ARCHIVE_HOSHINO_PHASE2_PRIVATE_CONTEXTUAL_ACCOUNT_20261008.md,REF:CYCLE008_ACCEPTED,REF:CYCLE008_SCOPE,unresolved,,REF:CYCLE008_LIMITS,UNASSESSED,REF:PRIVATE_PRIORITY,1,30,2
BA:bond:10005:015,bond,MANDATORY_COMPLETE_REVIEW,02_CANONICAL_STORIES/BOND/HOSHINO/VARIANT_10005_EPISODE_015.md,addfedbc70e575c65d2821cbf056ea50403896b78b572e2fb61ab29c6de745ff,ADMITTED,series/blue-archive/02 Sequential Readings/BOND/BLUE_ARCHIVE_HOSHINO_PHASE2_PRIVATE_CONTEXTUAL_ACCOUNT_20261008.md,REF:CYCLE008_ACCEPTED,REF:CYCLE008_SCOPE,unresolved,,REF:CYCLE008_LIMITS,UNASSESSED,REF:PRIVATE_PRIORITY,1,67,2
BA:bond:10006:002,bond,MANDATORY_COMPLETE_REVIEW,02_CANONICAL_STORIES/BOND/IORI/VARIANT_10006_EPISODE_002.md,e5ded85cc21a2e2ce2ba800a271f0cd730cf4b82d3fb139fe512d12e0596558e,ADMITTED,series/blue-archive/02 Sequential Readings/BOND/BLUE_ARCHIVE_GEHENNA20_PHASE2_PRIVATE_CONTEXTUAL_ACCOUNT_20261008.md,REF:CYCLE008_ACCEPTED,REF:CYCLE008_SCOPE,unresolved,,REF:CYCLE008_LIMITS,UNASSESSED,REF:PRIVATE_PRIORITY,1,21,6
BA:bond:10006:003,bond,MANDATORY_COMPLETE_REVIEW,02_CANONICAL_STORIES/BOND/IORI/VARIANT_10006_EPISODE_003.md,966b473de7a424ee289fe2785849b82a1cae5295917b5a1dd31b9221dde1ae3d,ADMITTED,series/blue-archive/02 Sequential Readings/BOND/BLUE_ARCHIVE_GEHENNA20_PHASE2_PRIVATE_CONTEXTUAL_ACCOUNT_20261008.md,REF:CYCLE008_ACCEPTED,REF:CYCLE008_SCOPE,unresolved,,REF:CYCLE008_LIMITS,UNASSESSED,REF:PRIVATE_PRIORITY,1,20,4
BA:bond:10006:005,bond,MANDATORY_COMPLETE_REVIEW,02_CANONICAL_STORIES/BOND/IORI/VARIANT_10006_EPISODE_005.md,ddffe1d1f40b95f8a2f7972a9cbb4bb7de69100e641e8a210d6afdc436950096,ADMITTED,series/blue-archive/02 Sequential Readings/BOND/BLUE_ARCHIVE_GEHENNA20_PHASE2_PRIVATE_CONTEXTUAL_ACCOUNT_20261008.md,REF:CYCLE008_ACCEPTED,REF:CYCLE008_SCOPE,unresolved,,REF:CYCLE008_LIMITS,UNASSESSED,REF:PRIVATE_PRIORITY,1,27,5
BA:bond:10006:006,bond,MANDATORY_COMPLETE_REVIEW,02_CANONICAL_STORIES/BOND/IORI/VARIANT_10006_EPISODE_006.md,0d227a5dbe63c96bc4255bff06bd0827a4d1d6fcbb7daa754ae7914fed35b260,ADMITTED,series/blue-archive/02 Sequential Readings/BOND/BLUE_ARCHIVE_GEHENNA20_PHASE2_PRIVATE_CONTEXTUAL_ACCOUNT_20261008.md,REF:CYCLE008_ACCEPTED,REF:CYCLE008_SCOPE,unresolved,,REF:CYCLE008_LIMITS,UNASSESSED,REF:PRIVATE_PRIORITY,1,27,1
BA:bond:10006:008,bond,MANDATORY_COMPLETE_REVIEW,02_CANONICAL_STORIES/BOND/IORI/VARIANT_10006_EPISODE_008.md,88bf0dc4cee4e2bd98d790ffccd05aa24a87f6fe2c1312c6f228ede6c49358a0,ADMITTED,series/blue-archive/02 Sequential Readings/BOND/BLUE_ARCHIVE_GEHENNA20_PHASE2_PRIVATE_CONTEXTUAL_ACCOUNT_20261008.md,REF:CYCLE008_ACCEPTED,REF:CYCLE008_SCOPE,unresolved,,REF:CYCLE008_LIMITS,UNASSESSED,REF:PRIVATE_PRIORITY,1,21,4
BA:bond:10007:002,bond,MANDATORY_COMPLETE_REVIEW,02_CANONICAL_STORIES/BOND/MAKI/VARIANT_10007_EPISODE_002.md,f2311d9226156da29d4641f8648bc4895a8b694ea2c58f8e8543f549cd2c4182,ADMITTED,series/blue-archive/02 Sequential Readings/BOND/BLUE_ARCHIVE_MAKI_PHASE2_PRIVATE_CONTEXTUAL_ACCOUNT_20261008.md,REF:CYCLE008_ACCEPTED,REF:CYCLE008_SCOPE,unresolved,,REF:CYCLE008_LIMITS,UNASSESSED,REF:PRIVATE_PRIORITY,1,37,7
BA:bond:10007:003,bond,MANDATORY_COMPLETE_REVIEW,02_CANONICAL_STORIES/BOND/MAKI/VARIANT_10007_EPISODE_003.md,f7d19dad576f180fda939aed320d30fad88650d2d01f4596b1af30873e81825d,ADMITTED,series/blue-archive/02 Sequential Readings/BOND/BLUE_ARCHIVE_MAKI_PHASE2_PRIVATE_CONTEXTUAL_ACCOUNT_20261008.md,REF:CYCLE008_ACCEPTED,REF:CYCLE008_SCOPE,unresolved,,REF:CYCLE008_LIMITS,UNASSESSED,REF:PRIVATE_PRIORITY,2,33,6
BA:bond:10007:005,bond,MANDATORY_COMPLETE_REVIEW,02_CANONICAL_STORIES/BOND/MAKI/VARIANT_10007_EPISODE_005.md,8670d5754915ebbeaee6d854716c8a1b2e8e2881c1a8a620b9c9c4812ef4b641,ADMITTED,series/blue-archive/02 Sequential Readings/BOND/BLUE_ARCHIVE_MAKI_PHASE2_PRIVATE_CONTEXTUAL_ACCOUNT_20261008.md,REF:CYCLE008_ACCEPTED,REF:CYCLE008_SCOPE,unresolved,,REF:CYCLE008_LIMITS,UNASSESSED,REF:PRIVATE_PRIORITY,1,25,1
BA:bond:10007:006,bond,MANDATORY_COMPLETE_REVIEW,02_CANONICAL_STORIES/BOND/MAKI/VARIANT_10007_EPISODE_006.md,54fd5aa26dd340cb8bd941f32a9f054c16b2c64f21d0d85266f140d48f35812a,ADMITTED,series/blue-archive/02 Sequential Readings/BOND/BLUE_ARCHIVE_MAKI_PHASE2_PRIVATE_CONTEXTUAL_ACCOUNT_20261008.md,REF:CYCLE008_ACCEPTED,REF:CYCLE008_SCOPE,unresolved,,REF:CYCLE008_LIMITS,UNASSESSED,REF:PRIVATE_PRIORITY,1,28,10
BA:bond:10007:008,bond,MANDATORY_COMPLETE_REVIEW,02_CANONICAL_STORIES/BOND/MAKI/VARIANT_10007_EPISODE_008.md,a8feb6f7bcd04b0378b7c90998b14a0f4f22aa79983485d884e3b4839c8ac6fb,ADMITTED,series/blue-archive/02 Sequential Readings/BOND/BLUE_ARCHIVE_MAKI_PHASE2_PRIVATE_CONTEXTUAL_ACCOUNT_20261008.md,REF:CYCLE008_ACCEPTED,REF:CYCLE008_SCOPE,unresolved,,REF:CYCLE008_LIMITS,UNASSESSED,REF:PRIVATE_PRIORITY,1,35,2
BA:bond:10008:002,bond,MANDATORY_COMPLETE_REVIEW,02_CANONICAL_STORIES/BOND/NERU/VARIANT_10008_EPISODE_002.md,b916ade8c3bc9f046c4786e2fa9597f6f64074e733b7bb7cc9ba6ccd507f1d35,ADMITTED,series/blue-archive/02 Sequential Readings/BOND/BLUE_ARCHIVE_NERU_PHASE2_PRIVATE_CONTEXTUAL_ACCOUNT_20261008.md,REF:CYCLE008_ACCEPTED,REF:CYCLE008_SCOPE,unresolved,,REF:CYCLE008_LIMITS,UNASSESSED,REF:PRIVATE_PRIORITY,1,41,5
BA:bond:10008:003,bond,MANDATORY_COMPLETE_REVIEW,02_CANONICAL_STORIES/BOND/NERU/VARIANT_10008_EPISODE_003.md,266ba76ee51a57c35b95450334996d1c6843297cb76fd1f0459e8f8cf99c5c52,ADMITTED,series/blue-archive/02 Sequential Readings/BOND/BLUE_ARCHIVE_NERU_PHASE2_PRIVATE_CONTEXTUAL_ACCOUNT_20261008.md,REF:CYCLE008_ACCEPTED,REF:CYCLE008_SCOPE,unresolved,,REF:CYCLE008_LIMITS,UNASSESSED,REF:PRIVATE_PRIORITY,1,72,6
BA:bond:10008:005,bond,MANDATORY_COMPLETE_REVIEW,02_CANONICAL_STORIES/BOND/NERU/VARIANT_10008_EPISODE_005.md,2505d9d466a71b24e03778ae8b1fcf932118aca851a19bd728e6fc9e093f3f22,ADMITTED,series/blue-archive/02 Sequential Readings/BOND/BLUE_ARCHIVE_NERU_PHASE2_PRIVATE_CONTEXTUAL_ACCOUNT_20261008.md,REF:CYCLE008_ACCEPTED,REF:CYCLE008_SCOPE,unresolved,,REF:CYCLE008_LIMITS,UNASSESSED,REF:PRIVATE_PRIORITY,1,51,8
BA:bond:10008:006,bond,MANDATORY_COMPLETE_REVIEW,02_CANONICAL_STORIES/BOND/NERU/VARIANT_10008_EPISODE_006.md,0d14d5aae18d8ad42478284107c76ce273f582e63f2d0aca5a4c63e6a8d6eab9,ADMITTED,series/blue-archive/02 Sequential Readings/BOND/BLUE_ARCHIVE_NERU_PHASE2_PRIVATE_CONTEXTUAL_ACCOUNT_20261008.md,REF:CYCLE008_ACCEPTED,REF:CYCLE008_SCOPE,unresolved,,REF:CYCLE008_LIMITS,UNASSESSED,REF:PRIVATE_PRIORITY,4,87,5
BA:bond:10008:008,bond,MANDATORY_COMPLETE_REVIEW,02_CANONICAL_STORIES/BOND/NERU/VARIANT_10008_EPISODE_008.md,57d3f10b7867046745c172537449a7c2e45dc10f2021a7b6aac0604fc496352c,ADMITTED,series/blue-archive/02 Sequential Readings/BOND/BLUE_ARCHIVE_NERU_PHASE2_PRIVATE_CONTEXTUAL_ACCOUNT_20261008.md,REF:CYCLE008_ACCEPTED,REF:CYCLE008_SCOPE,unresolved,,REF:CYCLE008_LIMITS,UNASSESSED,REF:PRIVATE_PRIORITY,2,44,2
BA:bond:10008:020,bond,MANDATORY_COMPLETE_REVIEW,02_CANONICAL_STORIES/BOND/NERU/VARIANT_10008_EPISODE_020.md,9dd6f1b59d1e024cf341837c4cddf4181786ed7c03a75bc6c7b43f54277a5003,ADMITTED,series/blue-archive/02 Sequential Readings/BOND/BLUE_ARCHIVE_NERU_PHASE2_PRIVATE_CONTEXTUAL_ACCOUNT_20261008.md,REF:CYCLE008_ACCEPTED,REF:CYCLE008_SCOPE,unresolved,,REF:CYCLE008_LIMITS,UNASSESSED,REF:PRIVATE_PRIORITY,1,68,5
BA:bond:10009:002,bond,MANDATORY_COMPLETE_REVIEW,02_CANONICAL_STORIES/BOND/IZUMI/VARIANT_10009_EPISODE_002.md,1dd48f1c4188bd5ac44858ceeece4c8c307881366b35bd235c4a0b5b95a6edc9,ADMITTED,series/blue-archive/02 Sequential Readings/BOND/BLUE_ARCHIVE_GEHENNA20_PHASE2_PRIVATE_CONTEXTUAL_ACCOUNT_20261008.md,REF:CYCLE008_ACCEPTED,REF:CYCLE008_SCOPE,unresolved,,REF:CYCLE008_LIMITS,UNASSESSED,REF:PRIVATE_PRIORITY,1,58,19
BA:bond:10009:003,bond,MANDATORY_COMPLETE_REVIEW,02_CANONICAL_STORIES/BOND/IZUMI/VARIANT_10009_EPISODE_003.md,cb62050a04968860dffb1f344159b85e6f3d9b0a72457a608096c4c0e878d09f,ADMITTED,series/blue-archive/02 Sequential Readings/BOND/BLUE_ARCHIVE_GEHENNA20_PHASE2_PRIVATE_CONTEXTUAL_ACCOUNT_20261008.md,REF:CYCLE008_ACCEPTED,REF:CYCLE008_SCOPE,unresolved,,REF:CYCLE008_LIMITS,UNASSESSED,REF:PRIVATE_PRIORITY,1,53,15
BA:bond:10009:005,bond,MANDATORY_COMPLETE_REVIEW,02_CANONICAL_STORIES/BOND/IZUMI/VARIANT_10009_EPISODE_005.md,0670497b27f1e0afa9eff0622cf6ae216cdbd98b0b89aa907a80731d04cdabc0,ADMITTED,series/blue-archive/02 Sequential Readings/BOND/BLUE_ARCHIVE_GEHENNA20_PHASE2_PRIVATE_CONTEXTUAL_ACCOUNT_20261008.md,REF:CYCLE008_ACCEPTED,REF:CYCLE008_SCOPE,unresolved,,REF:CYCLE008_LIMITS,UNASSESSED,REF:PRIVATE_PRIORITY,1,46,7
BA:bond:10009:020,bond,MANDATORY_COMPLETE_REVIEW,02_CANONICAL_STORIES/BOND/IZUMI/VARIANT_10009_EPISODE_020.md,0bf7c7c946e1e41c660c539e77ffbd5a801cd4042ae382ede8b2b752fae8b9fb,ADMITTED,series/blue-archive/02 Sequential Readings/BOND/BLUE_ARCHIVE_GEHENNA20_PHASE2_PRIVATE_CONTEXTUAL_ACCOUNT_20261008.md,REF:CYCLE008_ACCEPTED,REF:CYCLE008_SCOPE,unresolved,,REF:CYCLE008_LIMITS,UNASSESSED,REF:PRIVATE_PRIORITY,1,42,8
BA:bond:10010:002,bond,MANDATORY_COMPLETE_REVIEW,02_CANONICAL_STORIES/BOND/SHIROKO/VARIANT_10010_EPISODE_002.md,3164a2777be05d5500d06c02cb7422ae1b19c52e0f9ae9f26616cd3c8c3e1439,ADMITTED,series/blue-archive/02 Sequential Readings/BOND/BLUE_ARCHIVE_SHIROKO_PHASE2_PRIVATE_CONTEXTUAL_ACCOUNT_20261008.md,REF:CYCLE008_ACCEPTED,REF:CYCLE008_SCOPE,unresolved,,REF:CYCLE008_LIMITS,UNASSESSED,REF:PRIVATE_PRIORITY,1,39,10
BA:bond:10010:003,bond,MANDATORY_COMPLETE_REVIEW,02_CANONICAL_STORIES/BOND/SHIROKO/VARIANT_10010_EPISODE_003.md,38ebfa528047d71612cd1e93fed036f96de67e50fadd5257921ec7ed95816fca,ADMITTED,series/blue-archive/02 Sequential Readings/BOND/BLUE_ARCHIVE_SHIROKO_PHASE2_PRIVATE_CONTEXTUAL_ACCOUNT_20261008.md,REF:CYCLE008_ACCEPTED,REF:CYCLE008_SCOPE,unresolved,,REF:CYCLE008_LIMITS,UNASSESSED,REF:PRIVATE_PRIORITY,2,22,5
BA:bond:10010:005,bond,MANDATORY_COMPLETE_REVIEW,02_CANONICAL_STORIES/BOND/SHIROKO/VARIANT_10010_EPISODE_005.md,699cf2ee344a197dfeffa7fc4cb5e9cf3caccad1de9d83561a37d84aa1ba9df4,ADMITTED,series/blue-archive/02 Sequential Readings/BOND/BLUE_ARCHIVE_SHIROKO_PHASE2_PRIVATE_CONTEXTUAL_ACCOUNT_20261008.md,REF:CYCLE008_ACCEPTED,REF:CYCLE008_SCOPE,unresolved,,REF:CYCLE008_LIMITS,UNASSESSED,REF:PRIVATE_PRIORITY,1,11,1
BA:bond:10010:006,bond,MANDATORY_COMPLETE_REVIEW,02_CANONICAL_STORIES/BOND/SHIROKO/VARIANT_10010_EPISODE_006.md,70237106cdbed1ebcdf7a1198777062cb11c4ac640d22a2949a3888dc0196d27,ADMITTED,series/blue-archive/02 Sequential Readings/BOND/BLUE_ARCHIVE_SHIROKO_PHASE2_PRIVATE_CONTEXTUAL_ACCOUNT_20261008.md,REF:CYCLE008_ACCEPTED,REF:CYCLE008_SCOPE,unresolved,,REF:CYCLE008_LIMITS,UNASSESSED,REF:PRIVATE_PRIORITY,1,18,2
BA:bond:10010:008,bond,MANDATORY_COMPLETE_REVIEW,02_CANONICAL_STORIES/BOND/SHIROKO/VARIANT_10010_EPISODE_008.md,b983381c73db049fcdc416cdd80198dcf12f508c72e28432ba775b3fbfac1022,ADMITTED,series/blue-archive/02 Sequential Readings/BOND/BLUE_ARCHIVE_SHIROKO_PHASE2_PRIVATE_CONTEXTUAL_ACCOUNT_20261008.md,REF:CYCLE008_ACCEPTED,REF:CYCLE008_SCOPE,unresolved,,REF:CYCLE008_LIMITS,UNASSESSED,REF:PRIVATE_PRIORITY,3,30,6
BA:bond:10010:009,bond,MANDATORY_COMPLETE_REVIEW,02_CANONICAL_STORIES/BOND/SHIROKO/VARIANT_10010_EPISODE_009.md,db2378aa8f771ab32e12554b7dae4fe09228eaaa5723229d100e7e7d8d7c28d1,ADMITTED,series/blue-archive/02 Sequential Readings/BOND/BLUE_ARCHIVE_SHIROKO_PHASE2_PRIVATE_CONTEXTUAL_ACCOUNT_20261008.md,REF:CYCLE008_ACCEPTED,REF:CYCLE008_SCOPE,unresolved,,REF:CYCLE008_LIMITS,UNASSESSED,REF:PRIVATE_PRIORITY,1,27,1
BA:bond:10010:020,bond,MANDATORY_COMPLETE_REVIEW,02_CANONICAL_STORIES/BOND/SHIROKO/VARIANT_10010_EPISODE_020.md,456e56a26cf1cbc68721488f385de8d7443e2fa1686378b86c068b123b4265a1,ADMITTED,series/blue-archive/02 Sequential Readings/BOND/BLUE_ARCHIVE_SHIROKO_PHASE2_PRIVATE_CONTEXTUAL_ACCOUNT_20261008.md,REF:CYCLE008_ACCEPTED,REF:CYCLE008_SCOPE,unresolved,,REF:CYCLE008_LIMITS,UNASSESSED,REF:PRIVATE_PRIORITY,1,66,9
BA:bond:10011:002,bond,MANDATORY_COMPLETE_REVIEW,02_CANONICAL_STORIES/BOND/SHUN/VARIANT_10011_EPISODE_002.md,753f508acb32db601fc546c121f72510cd420d8a9abc2bc159183be911fb7e7d,ADMITTED,series/blue-archive/02 Sequential Readings/BOND/BLUE_ARCHIVE_SHANHAIJING6_AND_SAYA_PHASE2_PRIVATE_CONTEXTUAL_ACCOUNT_20261008.md,REF:CYCLE008_ACCEPTED,REF:CYCLE008_SCOPE,unresolved,,REF:CYCLE008_LIMITS,UNASSESSED,REF:PRIVATE_PRIORITY,2,30,4
BA:bond:10011:003,bond,MANDATORY_COMPLETE_REVIEW,02_CANONICAL_STORIES/BOND/SHUN/VARIANT_10011_EPISODE_003.md,c21e13046482ccd5af723046a7f184d410ed2483110e0eb6eeb08208c96f6b85,ADMITTED,series/blue-archive/02 Sequential Readings/BOND/BLUE_ARCHIVE_SHANHAIJING6_AND_SAYA_PHASE2_PRIVATE_CONTEXTUAL_ACCOUNT_20261008.md,REF:CYCLE008_ACCEPTED,REF:CYCLE008_SCOPE,unresolved,,REF:CYCLE008_LIMITS,UNASSESSED,REF:PRIVATE_PRIORITY,1,28,5
BA:bond:10011:005,bond,MANDATORY_COMPLETE_REVIEW,02_CANONICAL_STORIES/BOND/SHUN/VARIANT_10011_EPISODE_005.md,3eb78b5ec5f5df7af30bdea46cc0be2ccb73c74dfff16ccf702ff2cde16c36dc,ADMITTED,series/blue-archive/02 Sequential Readings/BOND/BLUE_ARCHIVE_SHANHAIJING6_AND_SAYA_PHASE2_PRIVATE_CONTEXTUAL_ACCOUNT_20261008.md,REF:CYCLE008_ACCEPTED,REF:CYCLE008_SCOPE,unresolved,,REF:CYCLE008_LIMITS,UNASSESSED,REF:PRIVATE_PRIORITY,1,20,3
BA:bond:10011:006,bond,MANDATORY_COMPLETE_REVIEW,02_CANONICAL_STORIES/BOND/SHUN/VARIANT_10011_EPISODE_006.md,4823f0d98609469002a96dede06e79938220f6dc751e466184047a9641690d61,ADMITTED,series/blue-archive/02 Sequential Readings/BOND/BLUE_ARCHIVE_SHANHAIJING6_AND_SAYA_PHASE2_PRIVATE_CONTEXTUAL_ACCOUNT_20261008.md,REF:CYCLE008_ACCEPTED,REF:CYCLE008_SCOPE,unresolved,,REF:CYCLE008_LIMITS,UNASSESSED,REF:PRIVATE_PRIORITY,2,31,7
BA:bond:10011:008,bond,MANDATORY_COMPLETE_REVIEW,02_CANONICAL_STORIES/BOND/SHUN/VARIANT_10011_EPISODE_008.md,efa08bd9184ad0b13df819d81c6df8db3b0d73263eae1f29593e1fe37fff8f4e,ADMITTED,series/blue-archive/02 Sequential Readings/BOND/BLUE_ARCHIVE_SHANHAIJING6_AND_SAYA_PHASE2_PRIVATE_CONTEXTUAL_ACCOUNT_20261008.md,REF:CYCLE008_ACCEPTED,REF:CYCLE008_SCOPE,unresolved,,REF:CYCLE008_LIMITS,UNASSESSED,REF:PRIVATE_PRIORITY,1,22,4
BA:bond:10011:009,bond,MANDATORY_COMPLETE_REVIEW,02_CANONICAL_STORIES/BOND/SHUN/VARIANT_10011_EPISODE_009.md,00304bac5af0a3735d36e8b953e1c8cff9b3801f527b168c4efafa8e03f368aa,ADMITTED,series/blue-archive/02 Sequential Readings/BOND/BLUE_ARCHIVE_SHANHAIJING6_AND_SAYA_PHASE2_PRIVATE_CONTEXTUAL_ACCOUNT_20261008.md,REF:CYCLE008_ACCEPTED,REF:CYCLE008_SCOPE,unresolved,,REF:CYCLE008_LIMITS,UNASSESSED,REF:PRIVATE_PRIORITY,1,26,1
BA:bond:10012:002,bond,MANDATORY_COMPLETE_REVIEW,02_CANONICAL_STORIES/BOND/SUMIRE/VARIANT_10012_EPISODE_002.md,a9af404be1ca61c7adad6ed0057e7bbd65d5efb6d7457c95c26c2752515c50a4,ADMITTED,series/blue-archive/02 Sequential Readings/BOND/BLUE_ARCHIVE_SUMIRE_PHASE2_PRIVATE_CONTEXTUAL_ACCOUNT_20261008.md,REF:CYCLE008_ACCEPTED,REF:CYCLE008_SCOPE,unresolved,,REF:CYCLE008_LIMITS,UNASSESSED,REF:PRIVATE_PRIORITY,2,62,12
BA:bond:10012:003,bond,MANDATORY_COMPLETE_REVIEW,02_CANONICAL_STORIES/BOND/SUMIRE/VARIANT_10012_EPISODE_003.md,321f394b4a0df1d8e6584435db96b04b4e6f5f16c1732e2a04644bf14fe42f93,ADMITTED,series/blue-archive/02 Sequential Readings/BOND/BLUE_ARCHIVE_SUMIRE_PHASE2_PRIVATE_CONTEXTUAL_ACCOUNT_20261008.md,REF:CYCLE008_ACCEPTED,REF:CYCLE008_SCOPE,unresolved,,REF:CYCLE008_LIMITS,UNASSESSED,REF:PRIVATE_PRIORITY,2,54,8
BA:bond:10012:005,bond,MANDATORY_COMPLETE_REVIEW,02_CANONICAL_STORIES/BOND/SUMIRE/VARIANT_10012_EPISODE_005.md,545bf4491b38fb3a44b9c241580da3aee72542c3413728081dad4dedcbb7b7d7,ADMITTED,series/blue-archive/02 Sequential Readings/BOND/BLUE_ARCHIVE_SUMIRE_PHASE2_PRIVATE_CONTEXTUAL_ACCOUNT_20261008.md,REF:CYCLE008_ACCEPTED,REF:CYCLE008_SCOPE,unresolved,,REF:CYCLE008_LIMITS,UNASSESSED,REF:PRIVATE_PRIORITY,2,67,11
BA:bond:10012:006,bond,MANDATORY_COMPLETE_REVIEW,02_CANONICAL_STORIES/BOND/SUMIRE/VARIANT_10012_EPISODE_006.md,c73b7561ec0be80889b3b0a39716fc873a3b46bc6fa5e70b428bba08282a4b85,ADMITTED,series/blue-archive/02 Sequential Readings/BOND/BLUE_ARCHIVE_SUMIRE_PHASE2_PRIVATE_CONTEXTUAL_ACCOUNT_20261008.md,REF:CYCLE008_ACCEPTED,REF:CYCLE008_SCOPE,unresolved,,REF:CYCLE008_LIMITS,UNASSESSED,REF:PRIVATE_PRIORITY,1,86,9
BA:bond:10012:020,bond,MANDATORY_COMPLETE_REVIEW,02_CANONICAL_STORIES/BOND/SUMIRE/VARIANT_10012_EPISODE_020.md,1aebf2800630663f86150a13bab2c61fb24323765089731cbe2ca22b16e4be59,ADMITTED,series/blue-archive/02 Sequential Readings/BOND/BLUE_ARCHIVE_SUMIRE_PHASE2_PRIVATE_CONTEXTUAL_ACCOUNT_20261008.md,REF:CYCLE008_ACCEPTED,REF:CYCLE008_SCOPE,unresolved,,REF:CYCLE008_LIMITS,UNASSESSED,REF:PRIVATE_PRIORITY,1,42,10
BA:bond:10013:002,bond,MANDATORY_COMPLETE_REVIEW,02_CANONICAL_STORIES/BOND/TSURUGI/VARIANT_10013_EPISODE_002.md,a52d85003766c042bc482d0ec40f3106f040c3068e6c7893b449d3ac42143334,ADMITTED,series/blue-archive/02 Sequential Readings/BOND/BLUE_ARCHIVE_HASUMI_TSURUGI_PRIVATE_CONTEXTUALIZATION_CHECKPOINT.md,REF:CYCLE008_ACCEPTED,REF:CYCLE008_SCOPE,unresolved,,REF:CYCLE008_LIMITS,UNASSESSED,REF:PRIVATE_PRIORITY,1,76,13
BA:bond:10013:003,bond,MANDATORY_COMPLETE_REVIEW,02_CANONICAL_STORIES/BOND/TSURUGI/VARIANT_10013_EPISODE_003.md,794539ebda3b9bda0ccb2af731ffb80ccf2bf0913ebb722ff47c3e6b797b8117,ADMITTED,series/blue-archive/02 Sequential Readings/BOND/BLUE_ARCHIVE_HASUMI_TSURUGI_PRIVATE_CONTEXTUALIZATION_CHECKPOINT.md,REF:CYCLE008_ACCEPTED,REF:CYCLE008_SCOPE,unresolved,,REF:CYCLE008_LIMITS,UNASSESSED,REF:PRIVATE_PRIORITY,2,68,14
BA:bond:10013:005,bond,MANDATORY_COMPLETE_REVIEW,02_CANONICAL_STORIES/BOND/TSURUGI/VARIANT_10013_EPISODE_005.md,6cf439a0dc6383890e38eb9d310f1022321b3278b603ffaa05216766795f40a2,ADMITTED,series/blue-archive/02 Sequential Readings/BOND/BLUE_ARCHIVE_HASUMI_TSURUGI_PRIVATE_CONTEXTUALIZATION_CHECKPOINT.md,REF:CYCLE008_ACCEPTED,REF:CYCLE008_SCOPE,unresolved,,REF:CYCLE008_LIMITS,UNASSESSED,REF:PRIVATE_PRIORITY,1,59,10
BA:bond:10013:020,bond,MANDATORY_COMPLETE_REVIEW,02_CANONICAL_STORIES/BOND/TSURUGI/VARIANT_10013_EPISODE_020.md,515d861ac94662d2ab03b7754623fd04abecb37bf2fc595bd0cc785e3d317e65,ADMITTED,series/blue-archive/02 Sequential Readings/BOND/BLUE_ARCHIVE_HASUMI_TSURUGI_PRIVATE_CONTEXTUALIZATION_CHECKPOINT.md,REF:CYCLE008_ACCEPTED,REF:CYCLE008_SCOPE,unresolved,,REF:CYCLE008_LIMITS,UNASSESSED,REF:PRIVATE_PRIORITY,1,70,6
BA:bond:10014:002,bond,MANDATORY_COMPLETE_REVIEW,02_CANONICAL_STORIES/BOND/IZUNA/VARIANT_10014_EPISODE_002.md,3776546c0afd84476ba7c38707c6040ebc2679eba38424a42709d65bd1196162,ADMITTED,series/blue-archive/02 Sequential Readings/BOND/BLUE_ARCHIVE_NINJA_MICHIRU_IZUNA_TSUKUYO_PHASE2_PRIVATE_CONTEXTUAL_ACCOUNT_20261008.md,REF:CYCLE008_ACCEPTED,REF:CYCLE008_SCOPE,unresolved,,REF:CYCLE008_LIMITS,UNASSESSED,REF:PRIVATE_PRIORITY,1,88,23
BA:bond:10014:003,bond,MANDATORY_COMPLETE_REVIEW,02_CANONICAL_STORIES/BOND/IZUNA/VARIANT_10014_EPISODE_003.md,19e5295de6e8ce217a82790014b3dddeaaecd7c58256aeb1405cd23df7175d00,ADMITTED,series/blue-archive/02 Sequential Readings/BOND/BLUE_ARCHIVE_NINJA_MICHIRU_IZUNA_TSUKUYO_PHASE2_PRIVATE_CONTEXTUAL_ACCOUNT_20261008.md,REF:CYCLE008_ACCEPTED,REF:CYCLE008_SCOPE,unresolved,,REF:CYCLE008_LIMITS,UNASSESSED,REF:PRIVATE_PRIORITY,1,48,15
BA:bond:10014:005,bond,MANDATORY_COMPLETE_REVIEW,02_CANONICAL_STORIES/BOND/IZUNA/VARIANT_10014_EPISODE_005.md,e83205738a4be34c1153fd4c7ac2d73032a5c182b3e1c85da746355fd885f2c7,ADMITTED,series/blue-archive/02 Sequential Readings/BOND/BLUE_ARCHIVE_NINJA_MICHIRU_IZUNA_TSUKUYO_PHASE2_PRIVATE_CONTEXTUAL_ACCOUNT_20261008.md,REF:CYCLE008_ACCEPTED,REF:CYCLE008_SCOPE,unresolved,,REF:CYCLE008_LIMITS,UNASSESSED,REF:PRIVATE_PRIORITY,1,45,9
BA:bond:10014:006,bond,MANDATORY_COMPLETE_REVIEW,02_CANONICAL_STORIES/BOND/IZUNA/VARIANT_10014_EPISODE_006.md,1fb1582a7fb13c2ee8a4ce7d4a081e8b47e4db468a4d272866955b9ec97590cc,ADMITTED,series/blue-archive/02 Sequential Readings/BOND/BLUE_ARCHIVE_NINJA_MICHIRU_IZUNA_TSUKUYO_PHASE2_PRIVATE_CONTEXTUAL_ACCOUNT_20261008.md,REF:CYCLE008_ACCEPTED,REF:CYCLE008_SCOPE,unresolved,,REF:CYCLE008_LIMITS,UNASSESSED,REF:PRIVATE_PRIORITY,1,58,10
BA:bond:10015:002,bond,MANDATORY_COMPLETE_REVIEW,02_CANONICAL_STORIES/BOND/ARIS/VARIANT_10015_EPISODE_002.md,cfbf96ee4deeda50b2fc2b7b02a8c279fe3e1d041d4b804b80c13ea74268de0d,ADMITTED,series/blue-archive/02 Sequential Readings/BOND/BLUE_ARCHIVE_ALICE_PHASE2_PRIVATE_CONTEXTUAL_ACCOUNT_20261008.md,REF:CYCLE008_ACCEPTED,REF:CYCLE008_SCOPE,unresolved,,REF:CYCLE008_LIMITS,UNASSESSED,REF:PRIVATE_PRIORITY,1,27,9
BA:bond:10015:003,bond,MANDATORY_COMPLETE_REVIEW,02_CANONICAL_STORIES/BOND/ARIS/VARIANT_10015_EPISODE_003.md,3016fa4e9f790201d968ec827726b290e902e1723cbf22a6e3f737f8afa57d01,ADMITTED,series/blue-archive/02 Sequential Readings/BOND/BLUE_ARCHIVE_ALICE_PHASE2_PRIVATE_CONTEXTUAL_ACCOUNT_20261008.md,REF:CYCLE008_ACCEPTED,REF:CYCLE008_SCOPE,unresolved,,REF:CYCLE008_LIMITS,UNASSESSED,REF:PRIVATE_PRIORITY,2,45,10
BA:bond:10015:005,bond,MANDATORY_COMPLETE_REVIEW,02_CANONICAL_STORIES/BOND/ARIS/VARIANT_10015_EPISODE_005.md,4231eef09fb94c06e434b6fada03989a27a8a63269869384bab3768ff72ef9cc,ADMITTED,series/blue-archive/02 Sequential Readings/BOND/BLUE_ARCHIVE_ALICE_PHASE2_PRIVATE_CONTEXTUAL_ACCOUNT_20261008.md,REF:CYCLE008_ACCEPTED,REF:CYCLE008_SCOPE,unresolved,,REF:CYCLE008_LIMITS,UNASSESSED,REF:PRIVATE_PRIORITY,1,24,8
BA:bond:10015:006,bond,MANDATORY_COMPLETE_REVIEW,02_CANONICAL_STORIES/BOND/ARIS/VARIANT_10015_EPISODE_006.md,8a45185d58f544b0f1ff2e9a101744b391a65fdad1c2b1fc963092ce70f6e61f,ADMITTED,series/blue-archive/02 Sequential Readings/BOND/BLUE_ARCHIVE_ALICE_PHASE2_PRIVATE_CONTEXTUAL_ACCOUNT_20261008.md,REF:CYCLE008_ACCEPTED,REF:CYCLE008_SCOPE,unresolved,,REF:CYCLE008_LIMITS,UNASSESSED,REF:PRIVATE_PRIORITY,1,45,10
BA:bond:10015:008,bond,MANDATORY_COMPLETE_REVIEW,02_CANONICAL_STORIES/BOND/ARIS/VARIANT_10015_EPISODE_008.md,be6e627c1e3dae83793c211d818aa3c2d9f3773aeb5701d624d2744b5f16eabe,ADMITTED,series/blue-archive/02 Sequential Readings/BOND/BLUE_ARCHIVE_ALICE_PHASE2_PRIVATE_CONTEXTUAL_ACCOUNT_20261008.md,REF:CYCLE008_ACCEPTED,REF:CYCLE008_SCOPE,unresolved,,REF:CYCLE008_LIMITS,UNASSESSED,REF:PRIVATE_PRIORITY,1,17,3
BA:bond:10015:015,bond,MANDATORY_COMPLETE_REVIEW,02_CANONICAL_STORIES/BOND/ARIS/VARIANT_10015_EPISODE_015.md,710f1d65c30e80d065eb2cb3e522e9c287943fded483ddab89e18442190a9bd6,ADMITTED,series/blue-archive/02 Sequential Readings/BOND/BLUE_ARCHIVE_ALICE_PHASE2_PRIVATE_CONTEXTUAL_ACCOUNT_20261008.md,REF:CYCLE008_ACCEPTED,REF:CYCLE008_SCOPE,unresolved,,REF:CYCLE008_LIMITS,UNASSESSED,REF:PRIVATE_PRIORITY,1,115,13
BA:bond:10016:002,bond,MANDATORY_COMPLETE_REVIEW,02_CANONICAL_STORIES/BOND/MIDORI/VARIANT_10016_EPISODE_002.md,dd22a14638a4f8f5eafdac08406aaa262a7f6877d5d8ccb2ec9c54b33b632722,ADMITTED,series/blue-archive/02 Sequential Readings/BOND/BLUE_ARCHIVE_MIDORI_PHASE2_PRIVATE_CONTEXTUAL_ACCOUNT_20261008.md,REF:CYCLE008_ACCEPTED,REF:CYCLE008_SCOPE,unresolved,,REF:CYCLE008_LIMITS,UNASSESSED,REF:PRIVATE_PRIORITY,1,51,12
BA:bond:10016:003,bond,MANDATORY_COMPLETE_REVIEW,02_CANONICAL_STORIES/BOND/MIDORI/VARIANT_10016_EPISODE_003.md,7db91a484f2a79d220b39b3a6fc60ffcf25e97cbab681b39f25faf5de1ce345b,ADMITTED,series/blue-archive/02 Sequential Readings/BOND/BLUE_ARCHIVE_MIDORI_PHASE2_PRIVATE_CONTEXTUAL_ACCOUNT_20261008.md,REF:CYCLE008_ACCEPTED,REF:CYCLE008_SCOPE,unresolved,,REF:CYCLE008_LIMITS,UNASSESSED,REF:PRIVATE_PRIORITY,2,60,7
BA:bond:10016:005,bond,MANDATORY_COMPLETE_REVIEW,02_CANONICAL_STORIES/BOND/MIDORI/VARIANT_10016_EPISODE_005.md,be872a603e5c1e15d3959be41d647d54b094a7da585e37365be2c0d35c24f894,ADMITTED,series/blue-archive/02 Sequential Readings/BOND/BLUE_ARCHIVE_MIDORI_PHASE2_PRIVATE_CONTEXTUAL_ACCOUNT_20261008.md,REF:CYCLE008_ACCEPTED,REF:CYCLE008_SCOPE,unresolved,,REF:CYCLE008_LIMITS,UNASSESSED,REF:PRIVATE_PRIORITY,1,52,12
BA:bond:10016:006,bond,MANDATORY_COMPLETE_REVIEW,02_CANONICAL_STORIES/BOND/MIDORI/VARIANT_10016_EPISODE_006.md,53ca9660a0ae881e88238e14651d44e2d838aa96d5a59543952c0e026edea909,ADMITTED,series/blue-archive/02 Sequential Readings/BOND/BLUE_ARCHIVE_MIDORI_PHASE2_PRIVATE_CONTEXTUAL_ACCOUNT_20261008.md,REF:CYCLE008_ACCEPTED,REF:CYCLE008_SCOPE,unresolved,,REF:CYCLE008_LIMITS,UNASSESSED,REF:PRIVATE_PRIORITY,1,33,6
BA:bond:10016:015,bond,MANDATORY_COMPLETE_REVIEW,02_CANONICAL_STORIES/BOND/MIDORI/VARIANT_10016_EPISODE_015.md,0bfcc02746965bd8a93aa9041e8109a4a42763b2e8b74e69efcab61984641539,ADMITTED,series/blue-archive/02 Sequential Readings/BOND/BLUE_ARCHIVE_MIDORI_PHASE2_PRIVATE_CONTEXTUAL_ACCOUNT_20261008.md,REF:CYCLE008_ACCEPTED,REF:CYCLE008_SCOPE,unresolved,,REF:CYCLE008_LIMITS,UNASSESSED,REF:PRIVATE_PRIORITY,1,90,9
BA:bond:10017:002,bond,MANDATORY_COMPLETE_REVIEW,02_CANONICAL_STORIES/BOND/CHERINO/VARIANT_10017_EPISODE_002.md,6f40d58d905f173e962f3c2a0dd239ee5ddc2f804d64fa400a881e21055c863d,ADMITTED,series/blue-archive/02 Sequential Readings/BOND/BLUE_ARCHIVE_RED_WINTER7_PHASE2_PRIVATE_CONTEXTUAL_ACCOUNT_20261008.md,REF:CYCLE008_ACCEPTED,REF:CYCLE008_SCOPE,unresolved,,REF:CYCLE008_LIMITS,UNASSESSED,REF:PRIVATE_PRIORITY,1,33,1
BA:bond:10017:003,bond,MANDATORY_COMPLETE_REVIEW,02_CANONICAL_STORIES/BOND/CHERINO/VARIANT_10017_EPISODE_003.md,f0c903896f99134c18130b2a2b210c2e67c2321a3f61c362b7557f0fe9593af1,ADMITTED,series/blue-archive/02 Sequential Readings/BOND/BLUE_ARCHIVE_RED_WINTER7_PHASE2_PRIVATE_CONTEXTUAL_ACCOUNT_20261008.md,REF:CYCLE008_ACCEPTED,REF:CYCLE008_SCOPE,unresolved,,REF:CYCLE008_LIMITS,UNASSESSED,REF:PRIVATE_PRIORITY,2,49,4
BA:bond:10017:005,bond,MANDATORY_COMPLETE_REVIEW,02_CANONICAL_STORIES/BOND/CHERINO/VARIANT_10017_EPISODE_005.md,2713c204bcd3c0229b25f57804e47c4e289911cd9e41b8ce4c0bba5083493ed9,ADMITTED,series/blue-archive/02 Sequential Readings/BOND/BLUE_ARCHIVE_RED_WINTER7_PHASE2_PRIVATE_CONTEXTUAL_ACCOUNT_20261008.md,REF:CYCLE008_ACCEPTED,REF:CYCLE008_SCOPE,unresolved,,REF:CYCLE008_LIMITS,UNASSESSED,REF:PRIVATE_PRIORITY,1,44,1
BA:bond:10017:006,bond,MANDATORY_COMPLETE_REVIEW,02_CANONICAL_STORIES/BOND/CHERINO/VARIANT_10017_EPISODE_006.md,c460a3101eaee9562dd0fa23be810e665e2e2db71c7f0752f400aec692020fba,ADMITTED,series/blue-archive/02 Sequential Readings/BOND/BLUE_ARCHIVE_RED_WINTER7_PHASE2_PRIVATE_CONTEXTUAL_ACCOUNT_20261008.md,REF:CYCLE008_ACCEPTED,REF:CYCLE008_SCOPE,unresolved,,REF:CYCLE008_LIMITS,UNASSESSED,REF:PRIVATE_PRIORITY,1,45,1
BA:bond:10017:008,bond,MANDATORY_COMPLETE_REVIEW,02_CANONICAL_STORIES/BOND/CHERINO/VARIANT_10017_EPISODE_008.md,e3bd12574d57a0e8c0bb332900d738ebcc0b201e6889c4af2ae9cf96200f14a7,ADMITTED,series/blue-archive/02 Sequential Readings/BOND/BLUE_ARCHIVE_RED_WINTER7_PHASE2_PRIVATE_CONTEXTUAL_ACCOUNT_20261008.md,REF:CYCLE008_ACCEPTED,REF:CYCLE008_SCOPE,unresolved,,REF:CYCLE008_LIMITS,UNASSESSED,REF:PRIVATE_PRIORITY,2,41,5
BA:bond:10018:002,bond,MANDATORY_COMPLETE_REVIEW,02_CANONICAL_STORIES/BOND/YUZU/VARIANT_10018_EPISODE_002.md,327e1ec24819b271881fcbb3be81ef84bbc0a407c99640d6280db45ca3dc22c8,ADMITTED,series/blue-archive/02 Sequential Readings/BOND/BLUE_ARCHIVE_YUZU_PHASE2_PRIVATE_CONTEXTUAL_ACCOUNT_20261008.md,REF:CYCLE008_ACCEPTED,REF:CYCLE008_SCOPE,unresolved,,REF:CYCLE008_LIMITS,UNASSESSED,REF:PRIVATE_PRIORITY,1,31,4
BA:bond:10018:003,bond,MANDATORY_COMPLETE_REVIEW,02_CANONICAL_STORIES/BOND/YUZU/VARIANT_10018_EPISODE_003.md,984f3d832f5e9fc553dc46da0546a4aab90e6d1d6cec6dd752328b007177adf2,ADMITTED,series/blue-archive/02 Sequential Readings/BOND/BLUE_ARCHIVE_YUZU_PHASE2_PRIVATE_CONTEXTUAL_ACCOUNT_20261008.md,REF:CYCLE008_ACCEPTED,REF:CYCLE008_SCOPE,unresolved,,REF:CYCLE008_LIMITS,UNASSESSED,REF:PRIVATE_PRIORITY,1,32,4
BA:bond:10018:005,bond,MANDATORY_COMPLETE_REVIEW,02_CANONICAL_STORIES/BOND/YUZU/VARIANT_10018_EPISODE_005.md,dd8919703c20a6d460fcb4fe78bb8ee1e602b73a044d2c1f7017ea78c2e4b823,ADMITTED,series/blue-archive/02 Sequential Readings/BOND/BLUE_ARCHIVE_YUZU_PHASE2_PRIVATE_CONTEXTUAL_ACCOUNT_20261008.md,REF:CYCLE008_ACCEPTED,REF:CYCLE008_SCOPE,unresolved,,REF:CYCLE008_LIMITS,UNASSESSED,REF:PRIVATE_PRIORITY,2,52,5
BA:bond:10018:006,bond,MANDATORY_COMPLETE_REVIEW,02_CANONICAL_STORIES/BOND/YUZU/VARIANT_10018_EPISODE_006.md,f8b90ac2599f9e39d34adeff10772cfffb0ba308114bf85ded7b6af93585474a,ADMITTED,series/blue-archive/02 Sequential Readings/BOND/BLUE_ARCHIVE_YUZU_PHASE2_PRIVATE_CONTEXTUAL_ACCOUNT_20261008.md,REF:CYCLE008_ACCEPTED,REF:CYCLE008_SCOPE,unresolved,,REF:CYCLE008_LIMITS,UNASSESSED,REF:PRIVATE_PRIORITY,1,39,4
BA:bond:10018:008,bond,MANDATORY_COMPLETE_REVIEW,02_CANONICAL_STORIES/BOND/YUZU/VARIANT_10018_EPISODE_008.md,917e3e174112a71f52821b1886ffc4e0b0d6dcf013ac3c4a8158043e6a42f9e1,ADMITTED,series/blue-archive/02 Sequential Readings/BOND/BLUE_ARCHIVE_YUZU_PHASE2_PRIVATE_CONTEXTUAL_ACCOUNT_20261008.md,REF:CYCLE008_ACCEPTED,REF:CYCLE008_SCOPE,unresolved,,REF:CYCLE008_LIMITS,UNASSESSED,REF:PRIVATE_PRIORITY,1,38,4
BA:bond:10018:015,bond,MANDATORY_COMPLETE_REVIEW,02_CANONICAL_STORIES/BOND/YUZU/VARIANT_10018_EPISODE_015.md,77238345fc35a7e6d968c5b7b9c7853a4bb5046b6fe12a9435ec8863387c69e1,ADMITTED,series/blue-archive/02 Sequential Readings/BOND/BLUE_ARCHIVE_YUZU_PHASE2_PRIVATE_CONTEXTUAL_ACCOUNT_20261008.md,REF:CYCLE008_ACCEPTED,REF:CYCLE008_SCOPE,unresolved,,REF:CYCLE008_LIMITS,UNASSESSED,REF:PRIVATE_PRIORITY,2,59,10
BA:bond:10019:002,bond,MANDATORY_COMPLETE_REVIEW,02_CANONICAL_STORIES/BOND/AZUSA/VARIANT_10019_EPISODE_002.md,ee0c21e0c83d677398a15ee3a1f9f01b2613ec46e2b5370709938b3d0cd48051,ADMITTED,series/blue-archive/02 Sequential Readings/BOND/AZUSA/BLUE_ARCHIVE_AZUSA_PRIVATE_CONTEXTUALIZATION_CHECKPOINT.md,REF:CYCLE008_ACCEPTED,REF:CYCLE008_SCOPE,unresolved,,REF:CYCLE008_LIMITS,UNASSESSED,REF:PRIVATE_PRIORITY,1,58,11
BA:bond:10019:003,bond,MANDATORY_COMPLETE_REVIEW,02_CANONICAL_STORIES/BOND/AZUSA/VARIANT_10019_EPISODE_003.md,19c8bcf32e9e2b3df566f4358a00227f8da8da8271c86fb2238fc97a1cef0d38,ADMITTED,series/blue-archive/02 Sequential Readings/BOND/AZUSA/BLUE_ARCHIVE_AZUSA_PRIVATE_CONTEXTUALIZATION_CHECKPOINT.md,REF:CYCLE008_ACCEPTED,REF:CYCLE008_SCOPE,unresolved,,REF:CYCLE008_LIMITS,UNASSESSED,REF:PRIVATE_PRIORITY,1,61,4
BA:bond:10019:005,bond,MANDATORY_COMPLETE_REVIEW,02_CANONICAL_STORIES/BOND/AZUSA/VARIANT_10019_EPISODE_005.md,65718c85adbfc04b142724450aa78e55b1f8219f0c9918f9cac7da6dec3c712e,ADMITTED,series/blue-archive/02 Sequential Readings/BOND/AZUSA/BLUE_ARCHIVE_AZUSA_PRIVATE_CONTEXTUALIZATION_CHECKPOINT.md,REF:CYCLE008_ACCEPTED,REF:CYCLE008_SCOPE,unresolved,,REF:CYCLE008_LIMITS,UNASSESSED,REF:PRIVATE_PRIORITY,1,87,5
BA:bond:10019:006,bond,MANDATORY_COMPLETE_REVIEW,02_CANONICAL_STORIES/BOND/AZUSA/VARIANT_10019_EPISODE_006.md,0e615ec1e0320030dde78ba720bd31cbd65723553524f6cb78d43a85e5318d67,ADMITTED,series/blue-archive/02 Sequential Readings/BOND/AZUSA/BLUE_ARCHIVE_AZUSA_PRIVATE_CONTEXTUALIZATION_CHECKPOINT.md,REF:CYCLE008_ACCEPTED,REF:CYCLE008_SCOPE,unresolved,,REF:CYCLE008_LIMITS,UNASSESSED,REF:PRIVATE_PRIORITY,1,33,3
BA:bond:10020:002,bond,MANDATORY_COMPLETE_REVIEW,02_CANONICAL_STORIES/BOND/KOHARU/VARIANT_10020_EPISODE_002.md,00ff6770514dff68456f768091e62050d61a81f2605913c1097aa2e07651f9a9,ADMITTED,series/blue-archive/02 Sequential Readings/BOND/KOHARU/BLUE_ARCHIVE_KOHARU_PRIVATE_CONTEXTUALIZATION_CHECKPOINT.md,REF:CYCLE008_ACCEPTED,REF:CYCLE008_SCOPE,unresolved,,REF:CYCLE008_LIMITS,UNASSESSED,REF:PRIVATE_PRIORITY,1,36,4
BA:bond:10020:003,bond,MANDATORY_COMPLETE_REVIEW,02_CANONICAL_STORIES/BOND/KOHARU/VARIANT_10020_EPISODE_003.md,a5b57808e49f1131897ed55ce053658a0b47d399741accc6206b1770f558af1d,ADMITTED,series/blue-archive/02 Sequential Readings/BOND/KOHARU/BLUE_ARCHIVE_KOHARU_PRIVATE_CONTEXTUALIZATION_CHECKPOINT.md,REF:CYCLE008_ACCEPTED,REF:CYCLE008_SCOPE,unresolved,,REF:CYCLE008_LIMITS,UNASSESSED,REF:PRIVATE_PRIORITY,1,53,11
BA:bond:10020:005,bond,MANDATORY_COMPLETE_REVIEW,02_CANONICAL_STORIES/BOND/KOHARU/VARIANT_10020_EPISODE_005.md,9611895624997d1e5029c81792c986b0e3d693a991b7b668edf4c7f7f385e05e,ADMITTED,series/blue-archive/02 Sequential Readings/BOND/KOHARU/BLUE_ARCHIVE_KOHARU_PRIVATE_CONTEXTUALIZATION_CHECKPOINT.md,REF:CYCLE008_ACCEPTED,REF:CYCLE008_SCOPE,unresolved,,REF:CYCLE008_LIMITS,UNASSESSED,REF:PRIVATE_PRIORITY,1,49,6
BA:bond:10020:006,bond,MANDATORY_COMPLETE_REVIEW,02_CANONICAL_STORIES/BOND/KOHARU/VARIANT_10020_EPISODE_006.md,1a87173094b86eb21949cda5b183cac1027e88d08cce1ad35eded2adc9177665,ADMITTED,series/blue-archive/02 Sequential Readings/BOND/KOHARU/BLUE_ARCHIVE_KOHARU_PRIVATE_CONTEXTUALIZATION_CHECKPOINT.md,REF:CYCLE008_ACCEPTED,REF:CYCLE008_SCOPE,unresolved,,REF:CYCLE008_LIMITS,UNASSESSED,REF:PRIVATE_PRIORITY,1,48,5
BA:bond:10021:002,bond,MANDATORY_COMPLETE_REVIEW,02_CANONICAL_STORIES/BOND/AZUSA/VARIANT_10021_EPISODE_002.md,950d13022784d8605982b50d036031fd4eae51d677e1bb251290fb3883b462a9,ADMITTED,series/blue-archive/02 Sequential Readings/BOND/AZUSA/BLUE_ARCHIVE_AZUSA_PRIVATE_CONTEXTUALIZATION_CHECKPOINT.md,REF:CYCLE008_ACCEPTED,REF:CYCLE008_SCOPE,unresolved,,REF:CYCLE008_LIMITS,UNASSESSED,REF:PRIVATE_PRIORITY,1,57,6
BA:bond:10021:003,bond,MANDATORY_COMPLETE_REVIEW,02_CANONICAL_STORIES/BOND/AZUSA/VARIANT_10021_EPISODE_003.md,389753608163e64c9216f6bcd21df119478b838b50e14bc0e8cddc59dc3f4379,ADMITTED,series/blue-archive/02 Sequential Readings/BOND/AZUSA/BLUE_ARCHIVE_AZUSA_PRIVATE_CONTEXTUALIZATION_CHECKPOINT.md,REF:CYCLE008_ACCEPTED,REF:CYCLE008_SCOPE,unresolved,,REF:CYCLE008_LIMITS,UNASSESSED,REF:PRIVATE_PRIORITY,1,36,9
BA:bond:10021:005,bond,MANDATORY_COMPLETE_REVIEW,02_CANONICAL_STORIES/BOND/AZUSA/VARIANT_10021_EPISODE_005.md,456de58a83a3472fab42280e1d096b18307658907c0e4d7077a15e812e8f85f7,ADMITTED,series/blue-archive/02 Sequential Readings/BOND/AZUSA/BLUE_ARCHIVE_AZUSA_PRIVATE_CONTEXTUALIZATION_CHECKPOINT.md,REF:CYCLE008_ACCEPTED,REF:CYCLE008_SCOPE,unresolved,,REF:CYCLE008_LIMITS,UNASSESSED,REF:PRIVATE_PRIORITY,1,53,2
BA:bond:10021:006,bond,MANDATORY_COMPLETE_REVIEW,02_CANONICAL_STORIES/BOND/AZUSA/VARIANT_10021_EPISODE_006.md,8e51e54c43e63d8127f70a366b63ef2c14b45f3d47138f418d1a775c81fba0c6,ADMITTED,series/blue-archive/02 Sequential Readings/BOND/AZUSA/BLUE_ARCHIVE_AZUSA_PRIVATE_CONTEXTUALIZATION_CHECKPOINT.md,REF:CYCLE008_ACCEPTED,REF:CYCLE008_SCOPE,unresolved,,REF:CYCLE008_LIMITS,UNASSESSED,REF:PRIVATE_PRIORITY,1,28,4
BA:bond:10022:002,bond,MANDATORY_COMPLETE_REVIEW,02_CANONICAL_STORIES/BOND/HINA/VARIANT_10022_EPISODE_002.md,1d871456715b27b2b4870b328f501bd3e3eb8ed4f67a7d493982129944707293,ADMITTED,series/blue-archive/02 Sequential Readings/BOND/BLUE_ARCHIVE_GEHENNA20_PHASE2_PRIVATE_CONTEXTUAL_ACCOUNT_20261008.md,REF:CYCLE008_ACCEPTED,REF:CYCLE008_SCOPE,unresolved,,REF:CYCLE008_LIMITS,UNASSESSED,REF:PRIVATE_PRIORITY,1,47,14
BA:bond:10022:003,bond,MANDATORY_COMPLETE_REVIEW,02_CANONICAL_STORIES/BOND/HINA/VARIANT_10022_EPISODE_003.md,e3757f130b8d676a8282a6ceeacb92ba21cf993e315f0e5aec6d1c1381713830,ADMITTED,series/blue-archive/02 Sequential Readings/BOND/BLUE_ARCHIVE_GEHENNA20_PHASE2_PRIVATE_CONTEXTUAL_ACCOUNT_20261008.md,REF:CYCLE008_ACCEPTED,REF:CYCLE008_SCOPE,unresolved,,REF:CYCLE008_LIMITS,UNASSESSED,REF:PRIVATE_PRIORITY,2,42,8
BA:bond:10022:005,bond,MANDATORY_COMPLETE_REVIEW,02_CANONICAL_STORIES/BOND/HINA/VARIANT_10022_EPISODE_005.md,d378a595d6c2423ba470f2f903f1e649f219e6b2ffe7b29698a3dc19ed6954d6,ADMITTED,series/blue-archive/02 Sequential Readings/BOND/BLUE_ARCHIVE_GEHENNA20_PHASE2_PRIVATE_CONTEXTUAL_ACCOUNT_20261008.md,REF:CYCLE008_ACCEPTED,REF:CYCLE008_SCOPE,unresolved,,REF:CYCLE008_LIMITS,UNASSESSED,REF:PRIVATE_PRIORITY,1,69,4
BA:bond:10022:020,bond,MANDATORY_COMPLETE_REVIEW,02_CANONICAL_STORIES/BOND/HINA/VARIANT_10022_EPISODE_020.md,f03c5f12bfedc2f9f29d03313340e3ca2b22d3ec2a30d5a1ca986493679ef594,ADMITTED,series/blue-archive/02 Sequential Readings/BOND/BLUE_ARCHIVE_GEHENNA20_PHASE2_PRIVATE_CONTEXTUAL_ACCOUNT_20261008.md,REF:CYCLE008_ACCEPTED,REF:CYCLE008_SCOPE,unresolved,,REF:CYCLE008_LIMITS,UNASSESSED,REF:PRIVATE_PRIORITY,1,115,21
BA:bond:10023:002,bond,MANDATORY_COMPLETE_REVIEW,02_CANONICAL_STORIES/BOND/IORI/VARIANT_10023_EPISODE_002.md,c6b5b80d75eed8ed2edd510b408f1d23573c450b34dd3139c04b71836c2f2b70,ADMITTED,series/blue-archive/02 Sequential Readings/BOND/BLUE_ARCHIVE_GEHENNA20_PHASE2_PRIVATE_CONTEXTUAL_ACCOUNT_20261008.md,REF:CYCLE008_ACCEPTED,REF:CYCLE008_SCOPE,unresolved,,REF:CYCLE008_LIMITS,UNASSESSED,REF:PRIVATE_PRIORITY,2,49,9
BA:bond:10023:003,bond,MANDATORY_COMPLETE_REVIEW,02_CANONICAL_STORIES/BOND/IORI/VARIANT_10023_EPISODE_003.md,cff3788356d62c0f60bdc824bfc74e33f5c6b8ad93c61e8b4f511e72e8d49305,ADMITTED,series/blue-archive/02 Sequential Readings/BOND/BLUE_ARCHIVE_GEHENNA20_PHASE2_PRIVATE_CONTEXTUAL_ACCOUNT_20261008.md,REF:CYCLE008_ACCEPTED,REF:CYCLE008_SCOPE,unresolved,,REF:CYCLE008_LIMITS,UNASSESSED,REF:PRIVATE_PRIORITY,1,44,10
BA:bond:10023:005,bond,MANDATORY_COMPLETE_REVIEW,02_CANONICAL_STORIES/BOND/IORI/VARIANT_10023_EPISODE_005.md,5c49b763b7536abe06a9ffc7c9bee7bea1a3f6764e371868101674c798fa159b,ADMITTED,series/blue-archive/02 Sequential Readings/BOND/BLUE_ARCHIVE_GEHENNA20_PHASE2_PRIVATE_CONTEXTUAL_ACCOUNT_20261008.md,REF:CYCLE008_ACCEPTED,REF:CYCLE008_SCOPE,unresolved,,REF:CYCLE008_LIMITS,UNASSESSED,REF:PRIVATE_PRIORITY,1,48,5
BA:bond:10023:006,bond,MANDATORY_COMPLETE_REVIEW,02_CANONICAL_STORIES/BOND/IORI/VARIANT_10023_EPISODE_006.md,223fd3828b549aaf52dbac86c11675471f220dd0932ef098002e5ac9b39e346b,ADMITTED,series/blue-archive/02 Sequential Readings/BOND/BLUE_ARCHIVE_GEHENNA20_PHASE2_PRIVATE_CONTEXTUAL_ACCOUNT_20261008.md,REF:CYCLE008_ACCEPTED,REF:CYCLE008_SCOPE,unresolved,,REF:CYCLE008_LIMITS,UNASSESSED,REF:PRIVATE_PRIORITY,1,42,10
BA:bond:10023:015,bond,MANDATORY_COMPLETE_REVIEW,02_CANONICAL_STORIES/BOND/IORI/VARIANT_10023_EPISODE_015.md,3e70ac0e725fa592b25a44ff4c558c730e8bd707e9153da5e0850f714fcf2df3,ADMITTED,series/blue-archive/02 Sequential Readings/BOND/BLUE_ARCHIVE_GEHENNA20_PHASE2_PRIVATE_CONTEXTUAL_ACCOUNT_20261008.md,REF:CYCLE008_ACCEPTED,REF:CYCLE008_SCOPE,unresolved,,REF:CYCLE008_LIMITS,UNASSESSED,REF:PRIVATE_PRIORITY,1,50,11
BA:bond:10024:002,bond,MANDATORY_COMPLETE_REVIEW,02_CANONICAL_STORIES/BOND/SHIROKO/VARIANT_10024_EPISODE_002.md,8b9e652cc69181b4537b3b6690d48ed2dee8f4ed12fd90bb5934ffe533bb7a9e,ADMITTED,series/blue-archive/02 Sequential Readings/BOND/BLUE_ARCHIVE_SHIROKO_PHASE2_PRIVATE_CONTEXTUAL_ACCOUNT_20261008.md,REF:CYCLE008_ACCEPTED,REF:CYCLE008_SCOPE,unresolved,,REF:CYCLE008_LIMITS,UNASSESSED,REF:PRIVATE_PRIORITY,1,43,11
BA:bond:10024:003,bond,MANDATORY_COMPLETE_REVIEW,02_CANONICAL_STORIES/BOND/SHIROKO/VARIANT_10024_EPISODE_003.md,089b38e377089510d94a9fd1ef3b48aa2f9faa1d067c600531059a5030a0ee7f,ADMITTED,series/blue-archive/02 Sequential Readings/BOND/BLUE_ARCHIVE_SHIROKO_PHASE2_PRIVATE_CONTEXTUAL_ACCOUNT_20261008.md,REF:CYCLE008_ACCEPTED,REF:CYCLE008_SCOPE,unresolved,,REF:CYCLE008_LIMITS,UNASSESSED,REF:PRIVATE_PRIORITY,1,36,4
BA:bond:10024:005,bond,MANDATORY_COMPLETE_REVIEW,02_CANONICAL_STORIES/BOND/SHIROKO/VARIANT_10024_EPISODE_005.md,74d67b9ae308f24dd3cbcbbd2ac509b5efd4f570802fc911b7a1e32eb97a712a,ADMITTED,series/blue-archive/02 Sequential Readings/BOND/BLUE_ARCHIVE_SHIROKO_PHASE2_PRIVATE_CONTEXTUAL_ACCOUNT_20261008.md,REF:CYCLE008_ACCEPTED,REF:CYCLE008_SCOPE,unresolved,,REF:CYCLE008_LIMITS,UNASSESSED,REF:PRIVATE_PRIORITY,1,36,4
BA:bond:10024:006,bond,MANDATORY_COMPLETE_REVIEW,02_CANONICAL_STORIES/BOND/SHIROKO/VARIANT_10024_EPISODE_006.md,6c7585ab73f4f8cf0a53bb8560f08b2415d72806bb87f9dfe867d398b9f858a9,ADMITTED,series/blue-archive/02 Sequential Readings/BOND/BLUE_ARCHIVE_SHIROKO_PHASE2_PRIVATE_CONTEXTUAL_ACCOUNT_20261008.md,REF:CYCLE008_ACCEPTED,REF:CYCLE008_SCOPE,unresolved,,REF:CYCLE008_LIMITS,UNASSESSED,REF:PRIVATE_PRIORITY,1,43,6
BA:bond:10025:002,bond,MANDATORY_COMPLETE_REVIEW,02_CANONICAL_STORIES/BOND/SHUN/VARIANT_10025_EPISODE_002.md,de913285362a5983a30d8c6bfc0d01a4eb862cb0e4b176a7663e92449cd571b8,ADMITTED,series/blue-archive/02 Sequential Readings/BOND/BLUE_ARCHIVE_SHANHAIJING6_AND_SAYA_PHASE2_PRIVATE_CONTEXTUAL_ACCOUNT_20261008.md,REF:CYCLE008_ACCEPTED,REF:CYCLE008_SCOPE,unresolved,,REF:CYCLE008_LIMITS,UNASSESSED,REF:PRIVATE_PRIORITY,1,47,7
BA:bond:10025:003,bond,MANDATORY_COMPLETE_REVIEW,02_CANONICAL_STORIES/BOND/SHUN/VARIANT_10025_EPISODE_003.md,e3900adca3bad03b44b751c441af61b62562195981e1ee0f1b04ee554774b29c,ADMITTED,series/blue-archive/02 Sequential Readings/BOND/BLUE_ARCHIVE_SHANHAIJING6_AND_SAYA_PHASE2_PRIVATE_CONTEXTUAL_ACCOUNT_20261008.md,REF:CYCLE008_ACCEPTED,REF:CYCLE008_SCOPE,unresolved,,REF:CYCLE008_LIMITS,UNASSESSED,REF:PRIVATE_PRIORITY,2,42,8
BA:bond:10025:005,bond,MANDATORY_COMPLETE_REVIEW,02_CANONICAL_STORIES/BOND/SHUN/VARIANT_10025_EPISODE_005.md,588dd546bac8bbd32a49d1222c1bee909109a03f3f209e950680a09456456c89,ADMITTED,series/blue-archive/02 Sequential Readings/BOND/BLUE_ARCHIVE_SHANHAIJING6_AND_SAYA_PHASE2_PRIVATE_CONTEXTUAL_ACCOUNT_20261008.md,REF:CYCLE008_ACCEPTED,REF:CYCLE008_SCOPE,unresolved,,REF:CYCLE008_LIMITS,UNASSESSED,REF:PRIVATE_PRIORITY,1,48,8
BA:bond:10025:006,bond,MANDATORY_COMPLETE_REVIEW,02_CANONICAL_STORIES/BOND/SHUN/VARIANT_10025_EPISODE_006.md,e08ef04ce2cd84cac1ed8c2f8fa24bb927474e4dd8d13cec9ec232e33eaaee1b,ADMITTED,series/blue-archive/02 Sequential Readings/BOND/BLUE_ARCHIVE_SHANHAIJING6_AND_SAYA_PHASE2_PRIVATE_CONTEXTUAL_ACCOUNT_20261008.md,REF:CYCLE008_ACCEPTED,REF:CYCLE008_SCOPE,unresolved,,REF:CYCLE008_LIMITS,UNASSESSED,REF:PRIVATE_PRIORITY,1,44,5
BA:bond:10025:020,bond,MANDATORY_COMPLETE_REVIEW,02_CANONICAL_STORIES/BOND/SHUN/VARIANT_10025_EPISODE_020.md,f66a2ae123fe786de4db5d913bfed6247b9ebc7eeb6f4c624c68a719c2147540,ADMITTED,series/blue-archive/02 Sequential Readings/BOND/BLUE_ARCHIVE_SHANHAIJING6_AND_SAYA_PHASE2_PRIVATE_CONTEXTUAL_ACCOUNT_20261008.md,REF:CYCLE008_ACCEPTED,REF:CYCLE008_SCOPE,unresolved,,REF:CYCLE008_LIMITS,UNASSESSED,REF:PRIVATE_PRIORITY,1,42,12
BA:bond:10026:002,bond,MANDATORY_COMPLETE_REVIEW,02_CANONICAL_STORIES/BOND/NERU/VARIANT_10026_EPISODE_002.md,457d624322f255cb2a85fb925bb55c4688b97d42888f0814445b78683f0cac5f,ADMITTED,series/blue-archive/02 Sequential Readings/BOND/BLUE_ARCHIVE_NERU_PHASE2_PRIVATE_CONTEXTUAL_ACCOUNT_20261008.md,REF:CYCLE008_ACCEPTED,REF:CYCLE008_SCOPE,unresolved,,REF:CYCLE008_LIMITS,UNASSESSED,REF:PRIVATE_PRIORITY,1,54,4
BA:bond:10026:003,bond,MANDATORY_COMPLETE_REVIEW,02_CANONICAL_STORIES/BOND/NERU/VARIANT_10026_EPISODE_003.md,3a4ea519f9d5b33ff99eac089cf112a4a473f7c1b9dcb94934b05e0bf1d9e913,ADMITTED,series/blue-archive/02 Sequential Readings/BOND/BLUE_ARCHIVE_NERU_PHASE2_PRIVATE_CONTEXTUAL_ACCOUNT_20261008.md,REF:CYCLE008_ACCEPTED,REF:CYCLE008_SCOPE,unresolved,,REF:CYCLE008_LIMITS,UNASSESSED,REF:PRIVATE_PRIORITY,1,54,3
BA:bond:10026:005,bond,MANDATORY_COMPLETE_REVIEW,02_CANONICAL_STORIES/BOND/NERU/VARIANT_10026_EPISODE_005.md,8e59e2fd5532728dca18cf929037a2c055221e3db4c079948944e425497c09fc,ADMITTED,series/blue-archive/02 Sequential Readings/BOND/BLUE_ARCHIVE_NERU_PHASE2_PRIVATE_CONTEXTUAL_ACCOUNT_20261008.md,REF:CYCLE008_ACCEPTED,REF:CYCLE008_SCOPE,unresolved,,REF:CYCLE008_LIMITS,UNASSESSED,REF:PRIVATE_PRIORITY,1,47,2
BA:bond:10027:002,bond,MANDATORY_COMPLETE_REVIEW,02_CANONICAL_STORIES/BOND/KARIN/VARIANT_10027_EPISODE_002.md,0f0c64d6a1f5ac4cda67663f0c02d846a54225a7d20f73c6e339ef220c400901,ADMITTED,series/blue-archive/02 Sequential Readings/BOND/BLUE_ARCHIVE_KARIN_PHASE2_PRIVATE_CONTEXTUAL_ACCOUNT_20261008.md,REF:CYCLE008_ACCEPTED,REF:CYCLE008_SCOPE,unresolved,,REF:CYCLE008_LIMITS,UNASSESSED,REF:PRIVATE_PRIORITY,1,57,5
BA:bond:10027:003,bond,MANDATORY_COMPLETE_REVIEW,02_CANONICAL_STORIES/BOND/KARIN/VARIANT_10027_EPISODE_003.md,3ad58f2c5732e0f7ce627f7f7d56be06c931f4fe75770d12499e4d1b3542dca9,ADMITTED,series/blue-archive/02 Sequential Readings/BOND/BLUE_ARCHIVE_KARIN_PHASE2_PRIVATE_CONTEXTUAL_ACCOUNT_20261008.md,REF:CYCLE008_ACCEPTED,REF:CYCLE008_SCOPE,unresolved,,REF:CYCLE008_LIMITS,UNASSESSED,REF:PRIVATE_PRIORITY,1,45,5
BA:bond:10027:005,bond,MANDATORY_COMPLETE_REVIEW,02_CANONICAL_STORIES/BOND/KARIN/VARIANT_10027_EPISODE_005.md,d4930cb342d4386467521f7c19c7f69bbf861f61163c2d901c23985dd00e45f5,ADMITTED,series/blue-archive/02 Sequential Readings/BOND/BLUE_ARCHIVE_KARIN_PHASE2_PRIVATE_CONTEXTUAL_ACCOUNT_20261008.md,REF:CYCLE008_ACCEPTED,REF:CYCLE008_SCOPE,unresolved,,REF:CYCLE008_LIMITS,UNASSESSED,REF:PRIVATE_PRIORITY,1,57,5
BA:bond:10027:015,bond,MANDATORY_COMPLETE_REVIEW,02_CANONICAL_STORIES/BOND/KARIN/VARIANT_10027_EPISODE_015.md,abea348700041276011b1d144daf692666950ae2749f9b2fb2ff8439885f4021,ADMITTED,series/blue-archive/02 Sequential Readings/BOND/BLUE_ARCHIVE_KARIN_PHASE2_PRIVATE_CONTEXTUAL_ACCOUNT_20261008.md,REF:CYCLE008_ACCEPTED,REF:CYCLE008_SCOPE,unresolved,,REF:CYCLE008_LIMITS,UNASSESSED,REF:PRIVATE_PRIORITY,2,83,14
BA:bond:10028:002,bond,MANDATORY_COMPLETE_REVIEW,02_CANONICAL_STORIES/BOND/ASUNA/VARIANT_10028_EPISODE_002.md,b3f159dd070d86ccc048639278a6f82693c9308f83c4ad1f6edbe3a901bf4ee9,ADMITTED,series/blue-archive/02 Sequential Readings/BOND/BLUE_ARCHIVE_ASUNA_PHASE2_PRIVATE_CONTEXTUAL_ACCOUNT_20261008.md,REF:CYCLE008_ACCEPTED,REF:CYCLE008_SCOPE,unresolved,,REF:CYCLE008_LIMITS,UNASSESSED,REF:PRIVATE_PRIORITY,1,52,4
BA:bond:10028:003,bond,MANDATORY_COMPLETE_REVIEW,02_CANONICAL_STORIES/BOND/ASUNA/VARIANT_10028_EPISODE_003.md,6b820b7f25d9cb194b2fa8a44d5b6ca5205257bdcd21919497bc6227005e2a0e,ADMITTED,series/blue-archive/02 Sequential Readings/BOND/BLUE_ARCHIVE_ASUNA_PHASE2_PRIVATE_CONTEXTUAL_ACCOUNT_20261008.md,REF:CYCLE008_ACCEPTED,REF:CYCLE008_SCOPE,unresolved,,REF:CYCLE008_LIMITS,UNASSESSED,REF:PRIVATE_PRIORITY,1,41,4
BA:bond:10028:005,bond,MANDATORY_COMPLETE_REVIEW,02_CANONICAL_STORIES/BOND/ASUNA/VARIANT_10028_EPISODE_005.md,19cef1aaa767096483e44f8021692b409e723e400c68669ef988f9e01adda81e,ADMITTED,series/blue-archive/02 Sequential Readings/BOND/BLUE_ARCHIVE_ASUNA_PHASE2_PRIVATE_CONTEXTUAL_ACCOUNT_20261008.md,REF:CYCLE008_ACCEPTED,REF:CYCLE008_SCOPE,unresolved,,REF:CYCLE008_LIMITS,UNASSESSED,REF:PRIVATE_PRIORITY,1,54,3
BA:bond:10028:020,bond,MANDATORY_COMPLETE_REVIEW,02_CANONICAL_STORIES/BOND/ASUNA/VARIANT_10028_EPISODE_020.md,d20e43d33df0c1d5b705fecbb482e9246cf16679a40cbed11f2ddabbf71f8eb1,ADMITTED,series/blue-archive/02 Sequential Readings/BOND/BLUE_ARCHIVE_ASUNA_PHASE2_PRIVATE_CONTEXTUAL_ACCOUNT_20261008.md,REF:CYCLE008_ACCEPTED,REF:CYCLE008_SCOPE,unresolved,,REF:CYCLE008_LIMITS,UNASSESSED,REF:PRIVATE_PRIORITY,1,58,3
BA:bond:10029:002,bond,MANDATORY_COMPLETE_REVIEW,02_CANONICAL_STORIES/BOND/CH0155/VARIANT_10029_EPISODE_002.md,0ca8380fbf0bfe19731f27693f674973957b47353e02ec5ac7e1298bf88c4669,ADMITTED,series/blue-archive/02 Sequential Readings/BOND/BLUE_ARCHIVE_AIRI_KAZUSA_YOSHIMI_NATSU_PRIVATE_CONTEXTUALIZATION_CHECKPOINT.md,REF:CYCLE008_ACCEPTED,REF:CYCLE008_SCOPE,unresolved,,REF:CYCLE008_LIMITS,UNASSESSED,REF:PRIVATE_PRIORITY,1,53,1
BA:bond:10029:003,bond,MANDATORY_COMPLETE_REVIEW,02_CANONICAL_STORIES/BOND/CH0155/VARIANT_10029_EPISODE_003.md,a2b9cc405a23a83b3d741743b36d0c38a47e757cabaccefddfb20ae9bd31348a,ADMITTED,series/blue-archive/02 Sequential Readings/BOND/BLUE_ARCHIVE_AIRI_KAZUSA_YOSHIMI_NATSU_PRIVATE_CONTEXTUALIZATION_CHECKPOINT.md,REF:CYCLE008_ACCEPTED,REF:CYCLE008_SCOPE,unresolved,,REF:CYCLE008_LIMITS,UNASSESSED,REF:PRIVATE_PRIORITY,1,63,3
BA:bond:10029:005,bond,MANDATORY_COMPLETE_REVIEW,02_CANONICAL_STORIES/BOND/CH0155/VARIANT_10029_EPISODE_005.md,e7c534a6be0a9ef2ca8a2c07beddff2fa5a2dd6b01e568182a8f0c1ecad0be51,ADMITTED,series/blue-archive/02 Sequential Readings/BOND/BLUE_ARCHIVE_AIRI_KAZUSA_YOSHIMI_NATSU_PRIVATE_CONTEXTUALIZATION_CHECKPOINT.md,REF:CYCLE008_ACCEPTED,REF:CYCLE008_SCOPE,unresolved,,REF:CYCLE008_LIMITS,UNASSESSED,REF:PRIVATE_PRIORITY,1,79,3
BA:bond:10029:006,bond,MANDATORY_COMPLETE_REVIEW,02_CANONICAL_STORIES/BOND/CH0155/VARIANT_10029_EPISODE_006.md,dfcfdcd05a8160d6a000492e679e128c4eb2bc6368769ff6146acaeba1b097fb,ADMITTED,series/blue-archive/02 Sequential Readings/BOND/BLUE_ARCHIVE_AIRI_KAZUSA_YOSHIMI_NATSU_PRIVATE_CONTEXTUALIZATION_CHECKPOINT.md,REF:CYCLE008_ACCEPTED,REF:CYCLE008_SCOPE,unresolved,,REF:CYCLE008_LIMITS,UNASSESSED,REF:PRIVATE_PRIORITY,1,39,3
BA:bond:10030:002,bond,MANDATORY_COMPLETE_REVIEW,02_CANONICAL_STORIES/BOND/CHINATSU/VARIANT_10030_EPISODE_002.md,a09693f30b87ccba94a46f95aec1d3ee39c6039f1addfdc1bc6b6ec00d182907,ADMITTED,series/blue-archive/02 Sequential Readings/BOND/BLUE_ARCHIVE_GEHENNA20_PHASE2_PRIVATE_CONTEXTUAL_ACCOUNT_20261008.md,REF:CYCLE008_ACCEPTED,REF:CYCLE008_SCOPE,unresolved,,REF:CYCLE008_LIMITS,UNASSESSED,REF:PRIVATE_PRIORITY,1,36,6
BA:bond:10030:003,bond,MANDATORY_COMPLETE_REVIEW,02_CANONICAL_STORIES/BOND/CHINATSU/VARIANT_10030_EPISODE_003.md,047bb7970ccb965c7afdf8054b62a8af215ee0211aec3e5670d47755cdbccb05,ADMITTED,series/blue-archive/02 Sequential Readings/BOND/BLUE_ARCHIVE_GEHENNA20_PHASE2_PRIVATE_CONTEXTUAL_ACCOUNT_20261008.md,REF:CYCLE008_ACCEPTED,REF:CYCLE008_SCOPE,unresolved,,REF:CYCLE008_LIMITS,UNASSESSED,REF:PRIVATE_PRIORITY,1,31,6
BA:bond:10030:005,bond,MANDATORY_COMPLETE_REVIEW,02_CANONICAL_STORIES/BOND/CHINATSU/VARIANT_10030_EPISODE_005.md,bda3233bf0548acdd4b1f5dbd751b6f8c4f6a109cd8dd3ea16ccdc8c3563a123,ADMITTED,series/blue-archive/02 Sequential Readings/BOND/BLUE_ARCHIVE_GEHENNA20_PHASE2_PRIVATE_CONTEXTUAL_ACCOUNT_20261008.md,REF:CYCLE008_ACCEPTED,REF:CYCLE008_SCOPE,unresolved,,REF:CYCLE008_LIMITS,UNASSESSED,REF:PRIVATE_PRIORITY,1,50,8
BA:bond:10030:006,bond,MANDATORY_COMPLETE_REVIEW,02_CANONICAL_STORIES/BOND/CHINATSU/VARIANT_10030_EPISODE_006.md,36d6c57a8c8690877b1f3fd4976aa4c4ac8ff856175e98eabebb13f35afc3b87,ADMITTED,series/blue-archive/02 Sequential Readings/BOND/BLUE_ARCHIVE_GEHENNA20_PHASE2_PRIVATE_CONTEXTUAL_ACCOUNT_20261008.md,REF:CYCLE008_ACCEPTED,REF:CYCLE008_SCOPE,unresolved,,REF:CYCLE008_LIMITS,UNASSESSED,REF:PRIVATE_PRIORITY,1,54,3
BA:bond:10031:002,bond,MANDATORY_COMPLETE_REVIEW,02_CANONICAL_STORIES/BOND/ARU/VARIANT_10031_EPISODE_002.md,7e82b4d43260899722563687b482fa116869bd1c014525e9c6059869c26af185,ADMITTED,series/blue-archive/02 Sequential Readings/BOND/ARU/BLUE_ARCHIVE_ARU_PRIVATE_CONTEXTUALIZATION_CHECKPOINT.md,REF:CYCLE008_ACCEPTED,REF:CYCLE008_SCOPE,unresolved,,REF:CYCLE008_LIMITS,UNASSESSED,REF:PRIVATE_PRIORITY,1,88,11
BA:bond:10031:003,bond,MANDATORY_COMPLETE_REVIEW,02_CANONICAL_STORIES/BOND/ARU/VARIANT_10031_EPISODE_003.md,9013a0b4b3c8822452fea3bda2201113e51ff942ea4f47e615e18b29c9e00e8c,ADMITTED,series/blue-archive/02 Sequential Readings/BOND/ARU/BLUE_ARCHIVE_ARU_PRIVATE_CONTEXTUALIZATION_CHECKPOINT.md,REF:CYCLE008_ACCEPTED,REF:CYCLE008_SCOPE,unresolved,,REF:CYCLE008_LIMITS,UNASSESSED,REF:PRIVATE_PRIORITY,1,102,12
BA:bond:10031:005,bond,MANDATORY_COMPLETE_REVIEW,02_CANONICAL_STORIES/BOND/ARU/VARIANT_10031_EPISODE_005.md,3f24d36c6d6af8edb028a788a9554ab0c658175f0540321e2a9aca3cf13d459e,ADMITTED,series/blue-archive/02 Sequential Readings/BOND/ARU/BLUE_ARCHIVE_ARU_PRIVATE_CONTEXTUALIZATION_CHECKPOINT.md,REF:CYCLE008_ACCEPTED,REF:CYCLE008_SCOPE,unresolved,,REF:CYCLE008_LIMITS,UNASSESSED,REF:PRIVATE_PRIORITY,1,45,7
BA:bond:10031:006,bond,MANDATORY_COMPLETE_REVIEW,02_CANONICAL_STORIES/BOND/ARU/VARIANT_10031_EPISODE_006.md,bc0c5ac52d1ce0687ba0dff2ccd072e773adb8650783e92ea4904f22f0bffb30,ADMITTED,series/blue-archive/02 Sequential Readings/BOND/ARU/BLUE_ARCHIVE_ARU_PRIVATE_CONTEXTUALIZATION_CHECKPOINT.md,REF:CYCLE008_ACCEPTED,REF:CYCLE008_SCOPE,unresolved,,REF:CYCLE008_LIMITS,UNASSESSED,REF:PRIVATE_PRIORITY,1,69,11
BA:bond:10032:002,bond,MANDATORY_COMPLETE_REVIEW,02_CANONICAL_STORIES/BOND/MUTSUKI/VARIANT_10032_EPISODE_002.md,8ffc700a2a984b85b3fbede4820f603472d28cacc9d58f570804f1d6edf3b0c7,ADMITTED,series/blue-archive/02 Sequential Readings/BOND/MUTSUKI/BLUE_ARCHIVE_MUTSUKI_PRIVATE_CONTEXTUALIZATION_CHECKPOINT.md,REF:CYCLE008_ACCEPTED,REF:CYCLE008_SCOPE,unresolved,,REF:CYCLE008_LIMITS,UNASSESSED,REF:PRIVATE_PRIORITY,1,52,11
BA:bond:10032:003,bond,MANDATORY_COMPLETE_REVIEW,02_CANONICAL_STORIES/BOND/MUTSUKI/VARIANT_10032_EPISODE_003.md,a8a1f7985de2901f0d08cba296d59b1654c4ef2cb45816297393352857a5d0a1,ADMITTED,series/blue-archive/02 Sequential Readings/BOND/MUTSUKI/BLUE_ARCHIVE_MUTSUKI_PRIVATE_CONTEXTUALIZATION_CHECKPOINT.md,REF:CYCLE008_ACCEPTED,REF:CYCLE008_SCOPE,unresolved,,REF:CYCLE008_LIMITS,UNASSESSED,REF:PRIVATE_PRIORITY,1,87,16
BA:bond:10032:005,bond,MANDATORY_COMPLETE_REVIEW,02_CANONICAL_STORIES/BOND/MUTSUKI/VARIANT_10032_EPISODE_005.md,2a43deda20fad2a9443706c4d5190efafb8ccf3268744de259190c05a94ebce9,ADMITTED,series/blue-archive/02 Sequential Readings/BOND/MUTSUKI/BLUE_ARCHIVE_MUTSUKI_PRIVATE_CONTEXTUALIZATION_CHECKPOINT.md,REF:CYCLE008_ACCEPTED,REF:CYCLE008_SCOPE,unresolved,,REF:CYCLE008_LIMITS,UNASSESSED,REF:PRIVATE_PRIORITY,1,92,16
BA:bond:10033:002,bond,MANDATORY_COMPLETE_REVIEW,02_CANONICAL_STORIES/BOND/WAKAMO/VARIANT_10033_EPISODE_002.md,e3247533c565ff8942734149052afc6d328b30870678b5d088caec510f997b5a,ADMITTED,series/blue-archive/02 Sequential Readings/BOND/WAKAMO/BLUE_ARCHIVE_WAKAMO_PHASE2_PRIVATE_CONTEXTUAL_ACCOUNT_20261008.md,REF:CYCLE008_ACCEPTED,REF:CYCLE008_SCOPE,unresolved,,REF:CYCLE008_LIMITS,UNASSESSED,REF:PRIVATE_PRIORITY,1,73,10
BA:bond:10033:003,bond,MANDATORY_COMPLETE_REVIEW,02_CANONICAL_STORIES/BOND/WAKAMO/VARIANT_10033_EPISODE_003.md,24972d3276d4692d1876e55457632038214975eb6229ef2ac7b05e56d50f97b0,ADMITTED,series/blue-archive/02 Sequential Readings/BOND/WAKAMO/BLUE_ARCHIVE_WAKAMO_PHASE2_PRIVATE_CONTEXTUAL_ACCOUNT_20261008.md,REF:CYCLE008_ACCEPTED,REF:CYCLE008_SCOPE,unresolved,,REF:CYCLE008_LIMITS,UNASSESSED,REF:PRIVATE_PRIORITY,1,102,16
BA:bond:10033:005,bond,MANDATORY_COMPLETE_REVIEW,02_CANONICAL_STORIES/BOND/WAKAMO/VARIANT_10033_EPISODE_005.md,74bcf4ce807bd6fd053017e85b017acd4f0f0fc2b50bb48e4e7621fe0394fb9c,ADMITTED,series/blue-archive/02 Sequential Readings/BOND/WAKAMO/BLUE_ARCHIVE_WAKAMO_PHASE2_PRIVATE_CONTEXTUAL_ACCOUNT_20261008.md,REF:CYCLE008_ACCEPTED,REF:CYCLE008_SCOPE,unresolved,,REF:CYCLE008_LIMITS,UNASSESSED,REF:PRIVATE_PRIORITY,1,114,14
BA:bond:10033:006,bond,MANDATORY_COMPLETE_REVIEW,02_CANONICAL_STORIES/BOND/WAKAMO/VARIANT_10033_EPISODE_006.md,0de46613f2199b105adf06f21919408056c3abe75eb3532cf8372f92272ba308,ADMITTED,series/blue-archive/02 Sequential Readings/BOND/WAKAMO/BLUE_ARCHIVE_WAKAMO_PHASE2_PRIVATE_CONTEXTUAL_ACCOUNT_20261008.md,REF:CYCLE008_ACCEPTED,REF:CYCLE008_SCOPE,unresolved,,REF:CYCLE008_LIMITS,UNASSESSED,REF:PRIVATE_PRIORITY,1,65,12
BA:bond:10033:020,bond,MANDATORY_COMPLETE_REVIEW,02_CANONICAL_STORIES/BOND/WAKAMO/VARIANT_10033_EPISODE_020.md,403bb7a6c1033c9b66ac0d67f337819e17180ccde5cb088f440b2bc3c8cd0c6e,ADMITTED,series/blue-archive/02 Sequential Readings/BOND/WAKAMO/BLUE_ARCHIVE_WAKAMO_PHASE2_PRIVATE_CONTEXTUAL_ACCOUNT_20261008.md,REF:CYCLE008_ACCEPTED,REF:CYCLE008_SCOPE,unresolved,,REF:CYCLE008_LIMITS,UNASSESSED,REF:PRIVATE_PRIORITY,1,59,13
BA:bond:10034:002,bond,MANDATORY_COMPLETE_REVIEW,02_CANONICAL_STORIES/BOND/MIMORI/VARIANT_10034_EPISODE_002.md,f4e5db53434ab0aa96459cbe0aca37d259148b31274be904636cb5d11d0c0939,ADMITTED,series/blue-archive/02 Sequential Readings/BOND/BLUE_ARCHIVE_TRAINING_KAEDE_MIMORI_TSUBAKI_PHASE2_PRIVATE_CONTEXTUAL_ACCOUNT_20261008.md,REF:CYCLE008_ACCEPTED,REF:CYCLE008_SCOPE,unresolved,,REF:CYCLE008_LIMITS,UNASSESSED,REF:PRIVATE_PRIORITY,1,57,18
BA:bond:10034:003,bond,MANDATORY_COMPLETE_REVIEW,02_CANONICAL_STORIES/BOND/MIMORI/VARIANT_10034_EPISODE_003.md,91ee9128bb320cd886fe347c5ef80c4b8a0ed78a53e16ad880964f4a62f01af8,ADMITTED,series/blue-archive/02 Sequential Readings/BOND/BLUE_ARCHIVE_TRAINING_KAEDE_MIMORI_TSUBAKI_PHASE2_PRIVATE_CONTEXTUAL_ACCOUNT_20261008.md,REF:CYCLE008_ACCEPTED,REF:CYCLE008_SCOPE,unresolved,,REF:CYCLE008_LIMITS,UNASSESSED,REF:PRIVATE_PRIORITY,1,80,17
BA:bond:10034:005,bond,MANDATORY_COMPLETE_REVIEW,02_CANONICAL_STORIES/BOND/MIMORI/VARIANT_10034_EPISODE_005.md,a653e8691e6b52390a392508c7328de96d65fbfb5846216ba8da1f55ba2e3ada,ADMITTED,series/blue-archive/02 Sequential Readings/BOND/BLUE_ARCHIVE_TRAINING_KAEDE_MIMORI_TSUBAKI_PHASE2_PRIVATE_CONTEXTUAL_ACCOUNT_20261008.md,REF:CYCLE008_ACCEPTED,REF:CYCLE008_SCOPE,unresolved,,REF:CYCLE008_LIMITS,UNASSESSED,REF:PRIVATE_PRIORITY,1,46,13
BA:bond:10034:006,bond,MANDATORY_COMPLETE_REVIEW,02_CANONICAL_STORIES/BOND/MIMORI/VARIANT_10034_EPISODE_006.md,dc98f7adfb2f093b524d7aa656b5da265e34ebbcce77e00a70adcbf96088efad,ADMITTED,series/blue-archive/02 Sequential Readings/BOND/BLUE_ARCHIVE_TRAINING_KAEDE_MIMORI_TSUBAKI_PHASE2_PRIVATE_CONTEXTUAL_ACCOUNT_20261008.md,REF:CYCLE008_ACCEPTED,REF:CYCLE008_SCOPE,unresolved,,REF:CYCLE008_LIMITS,UNASSESSED,REF:PRIVATE_PRIORITY,1,80,17
BA:bond:10034:020,bond,MANDATORY_COMPLETE_REVIEW,02_CANONICAL_STORIES/BOND/MIMORI/VARIANT_10034_EPISODE_020.md,09a4d8cc515b2d7779a2980192f13feebae53055f43c40da2cb54cf4b07c238f,ADMITTED,series/blue-archive/02 Sequential Readings/BOND/BLUE_ARCHIVE_TRAINING_KAEDE_MIMORI_TSUBAKI_PHASE2_PRIVATE_CONTEXTUAL_ACCOUNT_20261008.md,REF:CYCLE008_ACCEPTED,REF:CYCLE008_SCOPE,unresolved,,REF:CYCLE008_LIMITS,UNASSESSED,REF:PRIVATE_PRIORITY,2,70,10
BA:bond:10035:002,bond,MANDATORY_COMPLETE_REVIEW,02_CANONICAL_STORIES/BOND/CH0169/VARIANT_10035_EPISODE_002.md,00e149fdb2ea9b604750d3b5e4a1cb3c07b10f1aa80e789bb36ae3fa73d76866,ADMITTED,series/blue-archive/02 Sequential Readings/BOND/BLUE_ARCHIVE_HINATA_UI_SHIMIKO_PRIVATE_CONTEXTUALIZATION_CHECKPOINT.md,REF:CYCLE008_ACCEPTED,REF:CYCLE008_SCOPE,unresolved,,REF:CYCLE008_LIMITS,UNASSESSED,REF:PRIVATE_PRIORITY,2,79,6
BA:bond:10035:003,bond,MANDATORY_COMPLETE_REVIEW,02_CANONICAL_STORIES/BOND/CH0169/VARIANT_10035_EPISODE_003.md,fe5990bb46074eb7353a41e3d345c50ecc43ea9536cbff95ab95da284ebe1599,ADMITTED,series/blue-archive/02 Sequential Readings/BOND/BLUE_ARCHIVE_HINATA_UI_SHIMIKO_PRIVATE_CONTEXTUALIZATION_CHECKPOINT.md,REF:CYCLE008_ACCEPTED,REF:CYCLE008_SCOPE,unresolved,,REF:CYCLE008_LIMITS,UNASSESSED,REF:PRIVATE_PRIORITY,1,55,8
BA:bond:10035:005,bond,MANDATORY_COMPLETE_REVIEW,02_CANONICAL_STORIES/BOND/CH0169/VARIANT_10035_EPISODE_005.md,3a9446cad9a98169ba6316ac0fb920f7a7a1a2732d58b142f5c9c58113ece7e2,ADMITTED,series/blue-archive/02 Sequential Readings/BOND/BLUE_ARCHIVE_HINATA_UI_SHIMIKO_PRIVATE_CONTEXTUALIZATION_CHECKPOINT.md,REF:CYCLE008_ACCEPTED,REF:CYCLE008_SCOPE,unresolved,,REF:CYCLE008_LIMITS,UNASSESSED,REF:PRIVATE_PRIORITY,1,49,4
BA:bond:10035:006,bond,MANDATORY_COMPLETE_REVIEW,02_CANONICAL_STORIES/BOND/CH0169/VARIANT_10035_EPISODE_006.md,0fa00e8f68886647f0438afd77fa49c019dcfdfc20c7ec6821375c49a8e1008e,ADMITTED,series/blue-archive/02 Sequential Readings/BOND/BLUE_ARCHIVE_HINATA_UI_SHIMIKO_PRIVATE_CONTEXTUALIZATION_CHECKPOINT.md,REF:CYCLE008_ACCEPTED,REF:CYCLE008_SCOPE,unresolved,,REF:CYCLE008_LIMITS,UNASSESSED,REF:PRIVATE_PRIORITY,2,54,4
BA:bond:10036:002,bond,MANDATORY_COMPLETE_REVIEW,02_CANONICAL_STORIES/BOND/HINATA/VARIANT_10036_EPISODE_002.md,d1507c3d6c58a8db933810a1a1705681f756185d698d27cf3c422c5116c0b1e9,ADMITTED,series/blue-archive/02 Sequential Readings/BOND/BLUE_ARCHIVE_HINATA_UI_SHIMIKO_PRIVATE_CONTEXTUALIZATION_CHECKPOINT.md,REF:CYCLE008_ACCEPTED,REF:CYCLE008_SCOPE,unresolved,,REF:CYCLE008_LIMITS,UNASSESSED,REF:PRIVATE_PRIORITY,1,73,5
BA:bond:10036:003,bond,MANDATORY_COMPLETE_REVIEW,02_CANONICAL_STORIES/BOND/HINATA/VARIANT_10036_EPISODE_003.md,9eebbd36362457a04f1a2e4368969d2fafad34cfbdbe230e346533d2df0dfa79,ADMITTED,series/blue-archive/02 Sequential Readings/BOND/BLUE_ARCHIVE_HINATA_UI_SHIMIKO_PRIVATE_CONTEXTUALIZATION_CHECKPOINT.md,REF:CYCLE008_ACCEPTED,REF:CYCLE008_SCOPE,unresolved,,REF:CYCLE008_LIMITS,UNASSESSED,REF:PRIVATE_PRIORITY,1,60,6
BA:bond:10036:005,bond,MANDATORY_COMPLETE_REVIEW,02_CANONICAL_STORIES/BOND/HINATA/VARIANT_10036_EPISODE_005.md,7ceeb82b3b3d8e5d7657933cf9d06b9191e73c42ff3cc57248c402897af717b9,ADMITTED,series/blue-archive/02 Sequential Readings/BOND/BLUE_ARCHIVE_HINATA_UI_SHIMIKO_PRIVATE_CONTEXTUALIZATION_CHECKPOINT.md,REF:CYCLE008_ACCEPTED,REF:CYCLE008_SCOPE,unresolved,,REF:CYCLE008_LIMITS,UNASSESSED,REF:PRIVATE_PRIORITY,2,66,6
BA:bond:10036:006,bond,MANDATORY_COMPLETE_REVIEW,02_CANONICAL_STORIES/BOND/HINATA/VARIANT_10036_EPISODE_006.md,643eaae2e553f48e38d12520f86cc2a82906131f5513aa891fa6cf033c9489e5,ADMITTED,series/blue-archive/02 Sequential Readings/BOND/BLUE_ARCHIVE_HINATA_UI_SHIMIKO_PRIVATE_CONTEXTUALIZATION_CHECKPOINT.md,REF:CYCLE008_ACCEPTED,REF:CYCLE008_SCOPE,unresolved,,REF:CYCLE008_LIMITS,UNASSESSED,REF:PRIVATE_PRIORITY,1,45,5
BA:bond:10036:020,bond,MANDATORY_COMPLETE_REVIEW,02_CANONICAL_STORIES/BOND/HINATA/VARIANT_10036_EPISODE_020.md,4f5479efaaecad024837779688d22fb9e55877482a561c8f40f623fc7ae1a871,ADMITTED,series/blue-archive/02 Sequential Readings/BOND/BLUE_ARCHIVE_HINATA_UI_SHIMIKO_PRIVATE_CONTEXTUALIZATION_CHECKPOINT.md,REF:CYCLE008_ACCEPTED,REF:CYCLE008_SCOPE,unresolved,,REF:CYCLE008_LIMITS,UNASSESSED,REF:PRIVATE_PRIORITY,1,73,7
BA:bond:10037:002,bond,MANDATORY_COMPLETE_REVIEW,02_CANONICAL_STORIES/BOND/MARINA/VARIANT_10037_EPISODE_002.md,e50bb8a159d7a9dbace7972309bfe301758c4e96aa8aae37f42aaf4adaefa292,ADMITTED,series/blue-archive/02 Sequential Readings/BOND/BLUE_ARCHIVE_RED_WINTER7_PHASE2_PRIVATE_CONTEXTUAL_ACCOUNT_20261008.md,REF:CYCLE008_ACCEPTED,REF:CYCLE008_SCOPE,unresolved,,REF:CYCLE008_LIMITS,UNASSESSED,REF:PRIVATE_PRIORITY,1,58,12
BA:bond:10037:003,bond,MANDATORY_COMPLETE_REVIEW,02_CANONICAL_STORIES/BOND/MARINA/VARIANT_10037_EPISODE_003.md,60ef96d6679ce6f36df8ccfdafb9895fc795dc6a1866068de735fb897a19e1d7,ADMITTED,series/blue-archive/02 Sequential Readings/BOND/BLUE_ARCHIVE_RED_WINTER7_PHASE2_PRIVATE_CONTEXTUAL_ACCOUNT_20261008.md,REF:CYCLE008_ACCEPTED,REF:CYCLE008_SCOPE,unresolved,,REF:CYCLE008_LIMITS,UNASSESSED,REF:PRIVATE_PRIORITY,1,68,10
BA:bond:10037:005,bond,MANDATORY_COMPLETE_REVIEW,02_CANONICAL_STORIES/BOND/MARINA/VARIANT_10037_EPISODE_005.md,64a1eef6c5ea51f21d432f6f428388771557d94dd216deb644dfa0618e38fa00,ADMITTED,series/blue-archive/02 Sequential Readings/BOND/BLUE_ARCHIVE_RED_WINTER7_PHASE2_PRIVATE_CONTEXTUAL_ACCOUNT_20261008.md,REF:CYCLE008_ACCEPTED,REF:CYCLE008_SCOPE,unresolved,,REF:CYCLE008_LIMITS,UNASSESSED,REF:PRIVATE_PRIORITY,1,51,4
BA:bond:10037:006,bond,MANDATORY_COMPLETE_REVIEW,02_CANONICAL_STORIES/BOND/MARINA/VARIANT_10037_EPISODE_006.md,f4fb81be93db011a4d5b369bca0c4ee4a3a04e7396ac4025d82e8a3f9a274003,ADMITTED,series/blue-archive/02 Sequential Readings/BOND/BLUE_ARCHIVE_RED_WINTER7_PHASE2_PRIVATE_CONTEXTUAL_ACCOUNT_20261008.md,REF:CYCLE008_ACCEPTED,REF:CYCLE008_SCOPE,unresolved,,REF:CYCLE008_LIMITS,UNASSESSED,REF:PRIVATE_PRIORITY,1,51,7
BA:bond:10038:002,bond,MANDATORY_COMPLETE_REVIEW,02_CANONICAL_STORIES/BOND/MIYAKO/VARIANT_10038_EPISODE_002.md,13103e46e4186674143c545a5897b16293ded7e8288b6aa4d4139688fa134ee6,ADMITTED,series/blue-archive/02 Sequential Readings/BOND/MIYAKO/BLUE_ARCHIVE_MIYAKO_PHASE2_PRIVATE_CONTEXTUAL_ACCOUNT_20261008.md,REF:CYCLE008_ACCEPTED,REF:CYCLE008_SCOPE,unresolved,,REF:CYCLE008_LIMITS,UNASSESSED,REF:PRIVATE_PRIORITY,1,36,8
BA:bond:10038:003,bond,MANDATORY_COMPLETE_REVIEW,02_CANONICAL_STORIES/BOND/MIYAKO/VARIANT_10038_EPISODE_003.md,75708f8c93f82d5920faa7434485ef6be9ebe57e2f2088e80a339acf3513fd63,ADMITTED,series/blue-archive/02 Sequential Readings/BOND/MIYAKO/BLUE_ARCHIVE_MIYAKO_PHASE2_PRIVATE_CONTEXTUAL_ACCOUNT_20261008.md,REF:CYCLE008_ACCEPTED,REF:CYCLE008_SCOPE,unresolved,,REF:CYCLE008_LIMITS,UNASSESSED,REF:PRIVATE_PRIORITY,1,28,6
BA:bond:10038:005,bond,MANDATORY_COMPLETE_REVIEW,02_CANONICAL_STORIES/BOND/MIYAKO/VARIANT_10038_EPISODE_005.md,eed15b6762ec2749b878d5fcd4aefa2ce9b6a19c1971c262ef8c780d5dde9b7f,ADMITTED,series/blue-archive/02 Sequential Readings/BOND/MIYAKO/BLUE_ARCHIVE_MIYAKO_PHASE2_PRIVATE_CONTEXTUAL_ACCOUNT_20261008.md,REF:CYCLE008_ACCEPTED,REF:CYCLE008_SCOPE,unresolved,,REF:CYCLE008_LIMITS,UNASSESSED,REF:PRIVATE_PRIORITY,1,16,1
BA:bond:10038:006,bond,MANDATORY_COMPLETE_REVIEW,02_CANONICAL_STORIES/BOND/MIYAKO/VARIANT_10038_EPISODE_006.md,67196175d5ef4f44fd2ec8eb0a113d35c1aef45017bbb4638ee3dba7729e3196,ADMITTED,series/blue-archive/02 Sequential Readings/BOND/MIYAKO/BLUE_ARCHIVE_MIYAKO_PHASE2_PRIVATE_CONTEXTUAL_ACCOUNT_20261008.md,REF:CYCLE008_ACCEPTED,REF:CYCLE008_SCOPE,unresolved,,REF:CYCLE008_LIMITS,UNASSESSED,REF:PRIVATE_PRIORITY,1,33,1
BA:bond:10038:008,bond,MANDATORY_COMPLETE_REVIEW,02_CANONICAL_STORIES/BOND/MIYAKO/VARIANT_10038_EPISODE_008.md,c7c68cbdbda1058fd913328733793b86ce3ce14e344eee63206fcf5456806619,ADMITTED,series/blue-archive/02 Sequential Readings/BOND/MIYAKO/BLUE_ARCHIVE_MIYAKO_PHASE2_PRIVATE_CONTEXTUAL_ACCOUNT_20261008.md,REF:CYCLE008_ACCEPTED,REF:CYCLE008_SCOPE,unresolved,,REF:CYCLE008_LIMITS,UNASSESSED,REF:PRIVATE_PRIORITY,1,17,3
BA:bond:10038:020,bond,MANDATORY_COMPLETE_REVIEW,02_CANONICAL_STORIES/BOND/MIYAKO/VARIANT_10038_EPISODE_020.md,df14437033885031dcbcade93a7232fb5b536335d33da9f0ce4a8c2d1610b896,ADMITTED,series/blue-archive/02 Sequential Readings/BOND/MIYAKO/BLUE_ARCHIVE_MIYAKO_PHASE2_PRIVATE_CONTEXTUAL_ACCOUNT_20261008.md,REF:CYCLE008_ACCEPTED,REF:CYCLE008_SCOPE,unresolved,,REF:CYCLE008_LIMITS,UNASSESSED,REF:PRIVATE_PRIORITY,1,29,4
BA:bond:10039:002,bond,MANDATORY_COMPLETE_REVIEW,02_CANONICAL_STORIES/BOND/CH0145/VARIANT_10039_EPISODE_002.md,17b2aec1cc433c53aaa8f54e770200c8834ad731fa6edcc799875cfaec581d9b,ADMITTED,series/blue-archive/02 Sequential Readings/BOND/MIYU/BLUE_ARCHIVE_MIYU_PHASE2_PRIVATE_CONTEXTUAL_ACCOUNT_20261008.md,REF:CYCLE008_ACCEPTED,REF:CYCLE008_SCOPE,unresolved,,REF:CYCLE008_LIMITS,UNASSESSED,REF:PRIVATE_PRIORITY,1,57,6
BA:bond:10039:003,bond,MANDATORY_COMPLETE_REVIEW,02_CANONICAL_STORIES/BOND/CH0145/VARIANT_10039_EPISODE_003.md,fa1356a19ea8f8d5226903a90d1bbbde820cfcbe82a9e6d80fe8cfa192cab52c,ADMITTED,series/blue-archive/02 Sequential Readings/BOND/MIYU/BLUE_ARCHIVE_MIYU_PHASE2_PRIVATE_CONTEXTUAL_ACCOUNT_20261008.md,REF:CYCLE008_ACCEPTED,REF:CYCLE008_SCOPE,unresolved,,REF:CYCLE008_LIMITS,UNASSESSED,REF:PRIVATE_PRIORITY,1,45,5
BA:bond:10039:005,bond,MANDATORY_COMPLETE_REVIEW,02_CANONICAL_STORIES/BOND/CH0145/VARIANT_10039_EPISODE_005.md,307499f859d38cfe3b75ec5dec934d2d6b811fcbd4a49c14dcd69d4d7b3d55a3,ADMITTED,series/blue-archive/02 Sequential Readings/BOND/MIYU/BLUE_ARCHIVE_MIYU_PHASE2_PRIVATE_CONTEXTUAL_ACCOUNT_20261008.md,REF:CYCLE008_ACCEPTED,REF:CYCLE008_SCOPE,unresolved,,REF:CYCLE008_LIMITS,UNASSESSED,REF:PRIVATE_PRIORITY,1,53,7
BA:bond:10039:006,bond,MANDATORY_COMPLETE_REVIEW,02_CANONICAL_STORIES/BOND/CH0145/VARIANT_10039_EPISODE_006.md,48f6d1ff778de53cafe2054b3d72798805c1dc9c3b4e60122e9564a726c4be1e,ADMITTED,series/blue-archive/02 Sequential Readings/BOND/MIYU/BLUE_ARCHIVE_MIYU_PHASE2_PRIVATE_CONTEXTUAL_ACCOUNT_20261008.md,REF:CYCLE008_ACCEPTED,REF:CYCLE008_SCOPE,unresolved,,REF:CYCLE008_LIMITS,UNASSESSED,REF:PRIVATE_PRIORITY,1,37,9
BA:bond:10039:015,bond,MANDATORY_COMPLETE_REVIEW,02_CANONICAL_STORIES/BOND/CH0145/VARIANT_10039_EPISODE_015.md,dd8a6711666bc42faa44be55a633ae5da9cbb9bba5f83a589a6a02de02cdd7f9,ADMITTED,series/blue-archive/02 Sequential Readings/BOND/MIYU/BLUE_ARCHIVE_MIYU_PHASE2_PRIVATE_CONTEXTUAL_ACCOUNT_20261008.md,REF:CYCLE008_ACCEPTED,REF:CYCLE008_SCOPE,unresolved,,REF:CYCLE008_LIMITS,UNASSESSED,REF:PRIVATE_PRIORITY,1,38,8
BA:bond:10040:002,bond,MANDATORY_COMPLETE_REVIEW,02_CANONICAL_STORIES/BOND/CH0114/VARIANT_10040_EPISODE_002.md,8b0ffcc4037eb354ad7c2f8f81e0ff05f11e4d89d3a2df8e8e779b727045e1ee,ADMITTED,series/blue-archive/02 Sequential Readings/BOND/BLUE_ARCHIVE_NINJA_MICHIRU_IZUNA_TSUKUYO_PHASE2_PRIVATE_CONTEXTUAL_ACCOUNT_20261008.md,REF:CYCLE008_ACCEPTED,REF:CYCLE008_SCOPE,unresolved,,REF:CYCLE008_LIMITS,UNASSESSED,REF:PRIVATE_PRIORITY,1,72,10
BA:bond:10040:003,bond,MANDATORY_COMPLETE_REVIEW,02_CANONICAL_STORIES/BOND/CH0114/VARIANT_10040_EPISODE_003.md,056d628aa714a926c5c0162127a8a1b9944df84afe40e63a2e4caed7f8c6fbe1,ADMITTED,series/blue-archive/02 Sequential Readings/BOND/BLUE_ARCHIVE_NINJA_MICHIRU_IZUNA_TSUKUYO_PHASE2_PRIVATE_CONTEXTUAL_ACCOUNT_20261008.md,REF:CYCLE008_ACCEPTED,REF:CYCLE008_SCOPE,unresolved,,REF:CYCLE008_LIMITS,UNASSESSED,REF:PRIVATE_PRIORITY,1,72,9
BA:bond:10040:005,bond,MANDATORY_COMPLETE_REVIEW,02_CANONICAL_STORIES/BOND/CH0114/VARIANT_10040_EPISODE_005.md,6b481674aa2510c60d3ba950fd73e646bee255fee81c4bda743d10aade114094,ADMITTED,series/blue-archive/02 Sequential Readings/BOND/BLUE_ARCHIVE_NINJA_MICHIRU_IZUNA_TSUKUYO_PHASE2_PRIVATE_CONTEXTUAL_ACCOUNT_20261008.md,REF:CYCLE008_ACCEPTED,REF:CYCLE008_SCOPE,unresolved,,REF:CYCLE008_LIMITS,UNASSESSED,REF:PRIVATE_PRIORITY,1,85,16
BA:bond:10040:006,bond,MANDATORY_COMPLETE_REVIEW,02_CANONICAL_STORIES/BOND/CH0114/VARIANT_10040_EPISODE_006.md,271ba53d4173503b91d6652e4f3d6fb03214621b81618d3346e1d97598d9d8a9,ADMITTED,series/blue-archive/02 Sequential Readings/BOND/BLUE_ARCHIVE_NINJA_MICHIRU_IZUNA_TSUKUYO_PHASE2_PRIVATE_CONTEXTUAL_ACCOUNT_20261008.md,REF:CYCLE008_ACCEPTED,REF:CYCLE008_SCOPE,unresolved,,REF:CYCLE008_LIMITS,UNASSESSED,REF:PRIVATE_PRIORITY,1,76,11
BA:bond:10041:002,bond,MANDATORY_COMPLETE_REVIEW,02_CANONICAL_STORIES/BOND/MISAKI/VARIANT_10041_EPISODE_002.md,56fda5f890e292a131292addfc6a2716931dd07bc4f6d3dd198eaa45a500340d,ADMITTED,series/blue-archive/02 Sequential Readings/BOND/BLUE_ARCHIVE_MISAKI_HIYORI_SUBARU_PRIVATE_CONTEXTUALIZATION_CHECKPOINT.md,REF:CYCLE008_ACCEPTED,REF:CYCLE008_SCOPE,unresolved,,REF:CYCLE008_LIMITS,UNASSESSED,REF:PRIVATE_PRIORITY,1,75,29
BA:bond:10041:003,bond,MANDATORY_COMPLETE_REVIEW,02_CANONICAL_STORIES/BOND/MISAKI/VARIANT_10041_EPISODE_003.md,10cd93ac8eae8374d49492559129148943780d3f0c0898b924909b7ffd5b0fb5,ADMITTED,series/blue-archive/02 Sequential Readings/BOND/BLUE_ARCHIVE_MISAKI_HIYORI_SUBARU_PRIVATE_CONTEXTUALIZATION_CHECKPOINT.md,REF:CYCLE008_ACCEPTED,REF:CYCLE008_SCOPE,unresolved,,REF:CYCLE008_LIMITS,UNASSESSED,REF:PRIVATE_PRIORITY,1,51,26
BA:bond:10041:005,bond,MANDATORY_COMPLETE_REVIEW,02_CANONICAL_STORIES/BOND/MISAKI/VARIANT_10041_EPISODE_005.md,3b05d2819b1c5822b97b82da03d5004dfa8d187b07a3553c50f25218cf4e4f96,ADMITTED,series/blue-archive/02 Sequential Readings/BOND/BLUE_ARCHIVE_MISAKI_HIYORI_SUBARU_PRIVATE_CONTEXTUALIZATION_CHECKPOINT.md,REF:CYCLE008_ACCEPTED,REF:CYCLE008_SCOPE,unresolved,,REF:CYCLE008_LIMITS,UNASSESSED,REF:PRIVATE_PRIORITY,1,56,12
BA:bond:10041:015,bond,MANDATORY_COMPLETE_REVIEW,02_CANONICAL_STORIES/BOND/MISAKI/VARIANT_10041_EPISODE_015.md,3403d73498449deac1fbefcf8e5bc4b4cae0b0d33f442ff9c791f61e3c883a0b,ADMITTED,series/blue-archive/02 Sequential Readings/BOND/BLUE_ARCHIVE_MISAKI_HIYORI_SUBARU_PRIVATE_CONTEXTUALIZATION_CHECKPOINT.md,REF:CYCLE008_ACCEPTED,REF:CYCLE008_SCOPE,unresolved,,REF:CYCLE008_LIMITS,UNASSESSED,REF:PRIVATE_PRIORITY,1,45,9
BA:bond:10042:002,bond,MANDATORY_COMPLETE_REVIEW,02_CANONICAL_STORIES/BOND/ATSUKO/VARIANT_10042_EPISODE_002.md,70e67d46c0d4536eb6023795f144584dc54f5b4b61c5906cd9c48739b06ab49a,ADMITTED,series/blue-archive/02 Sequential Readings/BOND/BLUE_ARCHIVE_SAORI_ATSUKO_PRIVATE_CONTEXTUALIZATION_CHECKPOINT.md,REF:CYCLE008_ACCEPTED,REF:CYCLE008_SCOPE,unresolved,,REF:CYCLE008_LIMITS,UNASSESSED,REF:PRIVATE_PRIORITY,1,29,7
BA:bond:10042:003,bond,MANDATORY_COMPLETE_REVIEW,02_CANONICAL_STORIES/BOND/ATSUKO/VARIANT_10042_EPISODE_003.md,03d65fa90c7b3d21dd4a7fba68672bdaa7f2ffaad06e67d9a371b3517e142f97,ADMITTED,series/blue-archive/02 Sequential Readings/BOND/BLUE_ARCHIVE_SAORI_ATSUKO_PRIVATE_CONTEXTUALIZATION_CHECKPOINT.md,REF:CYCLE008_ACCEPTED,REF:CYCLE008_SCOPE,unresolved,,REF:CYCLE008_LIMITS,UNASSESSED,REF:PRIVATE_PRIORITY,1,48,10
BA:bond:10042:005,bond,MANDATORY_COMPLETE_REVIEW,02_CANONICAL_STORIES/BOND/ATSUKO/VARIANT_10042_EPISODE_005.md,0bc7043134a07bf791eebdecc43c08fa587e08e863c6a4151f18c0dda26e8fba,ADMITTED,series/blue-archive/02 Sequential Readings/BOND/BLUE_ARCHIVE_SAORI_ATSUKO_PRIVATE_CONTEXTUALIZATION_CHECKPOINT.md,REF:CYCLE008_ACCEPTED,REF:CYCLE008_SCOPE,unresolved,,REF:CYCLE008_LIMITS,UNASSESSED,REF:PRIVATE_PRIORITY,1,33,7
BA:bond:10042:006,bond,MANDATORY_COMPLETE_REVIEW,02_CANONICAL_STORIES/BOND/ATSUKO/VARIANT_10042_EPISODE_006.md,8c814ae7cdd639922ad82e527959f913a83738f1f39dd62729d0e4832b34091b,ADMITTED,series/blue-archive/02 Sequential Readings/BOND/BLUE_ARCHIVE_SAORI_ATSUKO_PRIVATE_CONTEXTUALIZATION_CHECKPOINT.md,REF:CYCLE008_ACCEPTED,REF:CYCLE008_SCOPE,unresolved,,REF:CYCLE008_LIMITS,UNASSESSED,REF:PRIVATE_PRIORITY,1,27,5
BA:bond:10043:002,bond,MANDATORY_COMPLETE_REVIEW,02_CANONICAL_STORIES/BOND/WAKAMO/VARIANT_10043_EPISODE_002.md,7a6b95d0c103927991d3df66dc271bd30c89592fd96c211eac286f246dcfb618,ADMITTED,series/blue-archive/02 Sequential Readings/BOND/WAKAMO/BLUE_ARCHIVE_WAKAMO_PHASE2_PRIVATE_CONTEXTUAL_ACCOUNT_20261008.md,REF:CYCLE008_ACCEPTED,REF:CYCLE008_SCOPE,unresolved,,REF:CYCLE008_LIMITS,UNASSESSED,REF:PRIVATE_PRIORITY,1,118,25
BA:bond:10043:003,bond,MANDATORY_COMPLETE_REVIEW,02_CANONICAL_STORIES/BOND/WAKAMO/VARIANT_10043_EPISODE_003.md,5dc2200332a0c53ea8d118acca8b99b20ae76d3e98e012d0df80f08ae6c0ef16,ADMITTED,series/blue-archive/02 Sequential Readings/BOND/WAKAMO/BLUE_ARCHIVE_WAKAMO_PHASE2_PRIVATE_CONTEXTUAL_ACCOUNT_20261008.md,REF:CYCLE008_ACCEPTED,REF:CYCLE008_SCOPE,unresolved,,REF:CYCLE008_LIMITS,UNASSESSED,REF:PRIVATE_PRIORITY,2,146,32
BA:bond:10043:005,bond,MANDATORY_COMPLETE_REVIEW,02_CANONICAL_STORIES/BOND/WAKAMO/VARIANT_10043_EPISODE_005.md,68d4054ad4f6d7879d3c93614ece827effca259deca8ecaea6f3cf04b9b29cd2,ADMITTED,series/blue-archive/02 Sequential Readings/BOND/WAKAMO/BLUE_ARCHIVE_WAKAMO_PHASE2_PRIVATE_CONTEXTUAL_ACCOUNT_20261008.md,REF:CYCLE008_ACCEPTED,REF:CYCLE008_SCOPE,unresolved,,REF:CYCLE008_LIMITS,UNASSESSED,REF:PRIVATE_PRIORITY,1,60,7
BA:bond:10043:015,bond,MANDATORY_COMPLETE_REVIEW,02_CANONICAL_STORIES/BOND/WAKAMO/VARIANT_10043_EPISODE_015.md,f442d3e5db63450d67d546094a2b304e8db8065347a3d58f8a491d601a216eb3,ADMITTED,series/blue-archive/02 Sequential Readings/BOND/WAKAMO/BLUE_ARCHIVE_WAKAMO_PHASE2_PRIVATE_CONTEXTUAL_ACCOUNT_20261008.md,REF:CYCLE008_ACCEPTED,REF:CYCLE008_SCOPE,unresolved,,REF:CYCLE008_LIMITS,UNASSESSED,REF:PRIVATE_PRIORITY,1,74,13
BA:bond:10044:002,bond,MANDATORY_COMPLETE_REVIEW,02_CANONICAL_STORIES/BOND/NONOMI/VARIANT_10044_EPISODE_002.md,4d5c8bb0d928d4d380dc13e9f9c9077363f95a2c10002c8072fbd61de574ae33,ADMITTED,series/blue-archive/02 Sequential Readings/BOND/BLUE_ARCHIVE_NONOMI_PHASE2_PRIVATE_CONTEXTUAL_ACCOUNT_20261008.md,REF:CYCLE008_ACCEPTED,REF:CYCLE008_SCOPE,unresolved,,REF:CYCLE008_LIMITS,UNASSESSED,REF:PRIVATE_PRIORITY,1,55,5
BA:bond:10044:003,bond,MANDATORY_COMPLETE_REVIEW,02_CANONICAL_STORIES/BOND/NONOMI/VARIANT_10044_EPISODE_003.md,bf51715f2d82dfbf3378adb818b7c8a4e25b72f7baa8c04d08006c52209acc51,ADMITTED,series/blue-archive/02 Sequential Readings/BOND/BLUE_ARCHIVE_NONOMI_PHASE2_PRIVATE_CONTEXTUAL_ACCOUNT_20261008.md,REF:CYCLE008_ACCEPTED,REF:CYCLE008_SCOPE,unresolved,,REF:CYCLE008_LIMITS,UNASSESSED,REF:PRIVATE_PRIORITY,1,64,5
BA:bond:10044:005,bond,MANDATORY_COMPLETE_REVIEW,02_CANONICAL_STORIES/BOND/NONOMI/VARIANT_10044_EPISODE_005.md,fb3401cfbf8d5aa0a0c06dc01ff48dd9f34cde9dbf6297c5da33ca4b2cf66b49,ADMITTED,series/blue-archive/02 Sequential Readings/BOND/BLUE_ARCHIVE_NONOMI_PHASE2_PRIVATE_CONTEXTUAL_ACCOUNT_20261008.md,REF:CYCLE008_ACCEPTED,REF:CYCLE008_SCOPE,unresolved,,REF:CYCLE008_LIMITS,UNASSESSED,REF:PRIVATE_PRIORITY,1,54,4
BA:bond:10045:002,bond,MANDATORY_COMPLETE_REVIEW,02_CANONICAL_STORIES/BOND/HOSHINO/VARIANT_10045_EPISODE_002.md,d04c3437d26334fb1cbca7e59180098c1e24db21a2f5df5d8cc09d1508ed0726,ADMITTED,series/blue-archive/02 Sequential Readings/BOND/BLUE_ARCHIVE_HOSHINO_PHASE2_PRIVATE_CONTEXTUAL_ACCOUNT_20261008.md,REF:CYCLE008_ACCEPTED,REF:CYCLE008_SCOPE,unresolved,,REF:CYCLE008_LIMITS,UNASSESSED,REF:PRIVATE_PRIORITY,1,55,3
BA:bond:10045:003,bond,MANDATORY_COMPLETE_REVIEW,02_CANONICAL_STORIES/BOND/HOSHINO/VARIANT_10045_EPISODE_003.md,545083580689933ab0439b815c2466867c3d8eb27713f62ac97b62895dafd898,ADMITTED,series/blue-archive/02 Sequential Readings/BOND/BLUE_ARCHIVE_HOSHINO_PHASE2_PRIVATE_CONTEXTUAL_ACCOUNT_20261008.md,REF:CYCLE008_ACCEPTED,REF:CYCLE008_SCOPE,unresolved,,REF:CYCLE008_LIMITS,UNASSESSED,REF:PRIVATE_PRIORITY,1,40,4
BA:bond:10045:005,bond,MANDATORY_COMPLETE_REVIEW,02_CANONICAL_STORIES/BOND/HOSHINO/VARIANT_10045_EPISODE_005.md,4489d2c29fae86f68ee5ec944835a7884e1681e9a991a2c064b218e44fd500b7,ADMITTED,series/blue-archive/02 Sequential Readings/BOND/BLUE_ARCHIVE_HOSHINO_PHASE2_PRIVATE_CONTEXTUAL_ACCOUNT_20261008.md,REF:CYCLE008_ACCEPTED,REF:CYCLE008_SCOPE,unresolved,,REF:CYCLE008_LIMITS,UNASSESSED,REF:PRIVATE_PRIORITY,1,43,6
BA:bond:10046:002,bond,MANDATORY_COMPLETE_REVIEW,02_CANONICAL_STORIES/BOND/IZUNA/VARIANT_10046_EPISODE_002.md,1e89972c5c5d7974279b6ce065cbb197fd997dd8567b24843a9d5552ff2affc7,ADMITTED,series/blue-archive/02 Sequential Readings/BOND/BLUE_ARCHIVE_NINJA_MICHIRU_IZUNA_TSUKUYO_PHASE2_PRIVATE_CONTEXTUAL_ACCOUNT_20261008.md,REF:CYCLE008_ACCEPTED,REF:CYCLE008_SCOPE,unresolved,,REF:CYCLE008_LIMITS,UNASSESSED,REF:PRIVATE_PRIORITY,1,85,19
BA:bond:10046:003,bond,MANDATORY_COMPLETE_REVIEW,02_CANONICAL_STORIES/BOND/IZUNA/VARIANT_10046_EPISODE_003.md,34702ef971dc1a2a8692566408efca22345d08773477f8494c59a412411c23dd,ADMITTED,series/blue-archive/02 Sequential Readings/BOND/BLUE_ARCHIVE_NINJA_MICHIRU_IZUNA_TSUKUYO_PHASE2_PRIVATE_CONTEXTUAL_ACCOUNT_20261008.md,REF:CYCLE008_ACCEPTED,REF:CYCLE008_SCOPE,unresolved,,REF:CYCLE008_LIMITS,UNASSESSED,REF:PRIVATE_PRIORITY,1,88,19
BA:bond:10046:005,bond,MANDATORY_COMPLETE_REVIEW,02_CANONICAL_STORIES/BOND/IZUNA/VARIANT_10046_EPISODE_005.md,c655d57acb5eb4c9f4700e7b25eac25ba5c8fb7612722e1c15b75f1444a11ee0,ADMITTED,series/blue-archive/02 Sequential Readings/BOND/BLUE_ARCHIVE_NINJA_MICHIRU_IZUNA_TSUKUYO_PHASE2_PRIVATE_CONTEXTUAL_ACCOUNT_20261008.md,REF:CYCLE008_ACCEPTED,REF:CYCLE008_SCOPE,unresolved,,REF:CYCLE008_LIMITS,UNASSESSED,REF:PRIVATE_PRIORITY,1,66,11
BA:bond:10046:006,bond,MANDATORY_COMPLETE_REVIEW,02_CANONICAL_STORIES/BOND/IZUNA/VARIANT_10046_EPISODE_006.md,12fe463c8edb6bb9322c65da735118327d9635185140ffc484a62cf301a607dc,ADMITTED,series/blue-archive/02 Sequential Readings/BOND/BLUE_ARCHIVE_NINJA_MICHIRU_IZUNA_TSUKUYO_PHASE2_PRIVATE_CONTEXTUAL_ACCOUNT_20261008.md,REF:CYCLE008_ACCEPTED,REF:CYCLE008_SCOPE,unresolved,,REF:CYCLE008_LIMITS,UNASSESSED,REF:PRIVATE_PRIORITY,1,143,29
BA:bond:10047:002,bond,MANDATORY_COMPLETE_REVIEW,02_CANONICAL_STORIES/BOND/CHISE/VARIANT_10047_EPISODE_002.md,4ecdb151f2b42a8d6e9814c2286843b7e38264b5264ba379b330f155a80b8609,ADMITTED,series/blue-archive/02 Sequential Readings/BOND/BLUE_ARCHIVE_YINYANG_NIYA_KAHO_CHISE_PHASE2_PRIVATE_CONTEXTUAL_ACCOUNT_20261008.md,REF:CYCLE008_ACCEPTED,REF:CYCLE008_SCOPE,unresolved,,REF:CYCLE008_LIMITS,UNASSESSED,REF:PRIVATE_PRIORITY,1,114,26
BA:bond:10047:003,bond,MANDATORY_COMPLETE_REVIEW,02_CANONICAL_STORIES/BOND/CHISE/VARIANT_10047_EPISODE_003.md,8c243719baaf8e5b1bf2d091172713e24dd586d62d4fa1dc4efef0c88ec63663,ADMITTED,series/blue-archive/02 Sequential Readings/BOND/BLUE_ARCHIVE_YINYANG_NIYA_KAHO_CHISE_PHASE2_PRIVATE_CONTEXTUAL_ACCOUNT_20261008.md,REF:CYCLE008_ACCEPTED,REF:CYCLE008_SCOPE,unresolved,,REF:CYCLE008_LIMITS,UNASSESSED,REF:PRIVATE_PRIORITY,1,60,13
BA:bond:10047:005,bond,MANDATORY_COMPLETE_REVIEW,02_CANONICAL_STORIES/BOND/CHISE/VARIANT_10047_EPISODE_005.md,383854962f3e65a5e098687b893880d1cfba5c65715d1d96cfc5667e46521c3f,ADMITTED,series/blue-archive/02 Sequential Readings/BOND/BLUE_ARCHIVE_YINYANG_NIYA_KAHO_CHISE_PHASE2_PRIVATE_CONTEXTUAL_ACCOUNT_20261008.md,REF:CYCLE008_ACCEPTED,REF:CYCLE008_SCOPE,unresolved,,REF:CYCLE008_LIMITS,UNASSESSED,REF:PRIVATE_PRIORITY,1,102,21
BA:bond:10047:020,bond,MANDATORY_COMPLETE_REVIEW,02_CANONICAL_STORIES/BOND/CHISE/VARIANT_10047_EPISODE_020.md,1f0caa698e1f2ffa2e3502ae63395e65859aba7812efc5425761e4efaf8d916a,ADMITTED,series/blue-archive/02 Sequential Readings/BOND/BLUE_ARCHIVE_YINYANG_NIYA_KAHO_CHISE_PHASE2_PRIVATE_CONTEXTUAL_ACCOUNT_20261008.md,REF:CYCLE008_ACCEPTED,REF:CYCLE008_SCOPE,unresolved,,REF:CYCLE008_LIMITS,UNASSESSED,REF:PRIVATE_PRIORITY,1,58,7
BA:bond:10048:002,bond,MANDATORY_COMPLETE_REVIEW,02_CANONICAL_STORIES/BOND/SAORI/VARIANT_10048_EPISODE_002.md,a4acbb72ff1a277bc53fac1586ec302e5bae2abb5cc9295cfb4d52d06f2a0a67,ADMITTED,series/blue-archive/02 Sequential Readings/BOND/BLUE_ARCHIVE_SAORI_ATSUKO_PRIVATE_CONTEXTUALIZATION_CHECKPOINT.md,REF:CYCLE008_ACCEPTED,REF:CYCLE008_SCOPE,unresolved,,REF:CYCLE008_LIMITS,UNASSESSED,REF:PRIVATE_PRIORITY,1,118,25
BA:bond:10048:003,bond,MANDATORY_COMPLETE_REVIEW,02_CANONICAL_STORIES/BOND/SAORI/VARIANT_10048_EPISODE_003.md,8759b36a3ce5e745f5184ff24afe22fbae7c739c316e109c7c3b2aa84bd76706,ADMITTED,series/blue-archive/02 Sequential Readings/BOND/BLUE_ARCHIVE_SAORI_ATSUKO_PRIVATE_CONTEXTUALIZATION_CHECKPOINT.md,REF:CYCLE008_ACCEPTED,REF:CYCLE008_SCOPE,unresolved,,REF:CYCLE008_LIMITS,UNASSESSED,REF:PRIVATE_PRIORITY,1,67,17
BA:bond:10048:005,bond,MANDATORY_COMPLETE_REVIEW,02_CANONICAL_STORIES/BOND/SAORI/VARIANT_10048_EPISODE_005.md,750c321031067672b0603b17b163dfc048d3ab192d3a9cf33ac0b6c83692699c,ADMITTED,series/blue-archive/02 Sequential Readings/BOND/BLUE_ARCHIVE_SAORI_ATSUKO_PRIVATE_CONTEXTUALIZATION_CHECKPOINT.md,REF:CYCLE008_ACCEPTED,REF:CYCLE008_SCOPE,unresolved,,REF:CYCLE008_LIMITS,UNASSESSED,REF:PRIVATE_PRIORITY,1,68,13
BA:bond:10048:015,bond,MANDATORY_COMPLETE_REVIEW,02_CANONICAL_STORIES/BOND/SAORI/VARIANT_10048_EPISODE_015.md,98da0d2077c987acd21766846038a228bef3d56e9bf77f778b5b2fb273d12a2d,ADMITTED,series/blue-archive/02 Sequential Readings/BOND/BLUE_ARCHIVE_SAORI_ATSUKO_PRIVATE_CONTEXTUALIZATION_CHECKPOINT.md,REF:CYCLE008_ACCEPTED,REF:CYCLE008_SCOPE,unresolved,,REF:CYCLE008_LIMITS,UNASSESSED,REF:PRIVATE_PRIORITY,1,99,19
BA:bond:10049:002,bond,MANDATORY_COMPLETE_REVIEW,02_CANONICAL_STORIES/BOND/KAZUSA/VARIANT_10049_EPISODE_002.md,ceb59156564b88bc42bb8dae3a9d3ac9d1ac38717fa731a1982945869fddd61b,ADMITTED,series/blue-archive/02 Sequential Readings/BOND/BLUE_ARCHIVE_AIRI_KAZUSA_YOSHIMI_NATSU_PRIVATE_CONTEXTUALIZATION_CHECKPOINT.md,REF:CYCLE008_ACCEPTED,REF:CYCLE008_SCOPE,unresolved,,REF:CYCLE008_LIMITS,UNASSESSED,REF:PRIVATE_PRIORITY,1,61,3
BA:bond:10049:003,bond,MANDATORY_COMPLETE_REVIEW,02_CANONICAL_STORIES/BOND/KAZUSA/VARIANT_10049_EPISODE_003.md,8e48e2d3f95cf7ee9e37b8228de6156228983ab21338b97eb6c530c31aa9ac26,ADMITTED,series/blue-archive/02 Sequential Readings/BOND/BLUE_ARCHIVE_AIRI_KAZUSA_YOSHIMI_NATSU_PRIVATE_CONTEXTUALIZATION_CHECKPOINT.md,REF:CYCLE008_ACCEPTED,REF:CYCLE008_SCOPE,unresolved,,REF:CYCLE008_LIMITS,UNASSESSED,REF:PRIVATE_PRIORITY,1,50,4
BA:bond:10049:005,bond,MANDATORY_COMPLETE_REVIEW,02_CANONICAL_STORIES/BOND/KAZUSA/VARIANT_10049_EPISODE_005.md,827383ffb9132319bba35828673286c865fef9a4cb2b306078cd9713f1ba5180,ADMITTED,series/blue-archive/02 Sequential Readings/BOND/BLUE_ARCHIVE_AIRI_KAZUSA_YOSHIMI_NATSU_PRIVATE_CONTEXTUALIZATION_CHECKPOINT.md,REF:CYCLE008_ACCEPTED,REF:CYCLE008_SCOPE,unresolved,,REF:CYCLE008_LIMITS,UNASSESSED,REF:PRIVATE_PRIORITY,1,55,2
BA:bond:10049:006,bond,MANDATORY_COMPLETE_REVIEW,02_CANONICAL_STORIES/BOND/KAZUSA/VARIANT_10049_EPISODE_006.md,c573b2c2a8a610e177aaf9f1bc4deb48f3f0801701295b5baf357d97497a2ff3,ADMITTED,series/blue-archive/02 Sequential Readings/BOND/BLUE_ARCHIVE_AIRI_KAZUSA_YOSHIMI_NATSU_PRIVATE_CONTEXTUALIZATION_CHECKPOINT.md,REF:CYCLE008_ACCEPTED,REF:CYCLE008_SCOPE,unresolved,,REF:CYCLE008_LIMITS,UNASSESSED,REF:PRIVATE_PRIORITY,1,46,1
BA:bond:10050:002,bond,MANDATORY_COMPLETE_REVIEW,02_CANONICAL_STORIES/BOND/CH0137/VARIANT_10050_EPISODE_002.md,04138d73858026f8817854aa1a034414d343bbeff48130e9f46f26817fdefbc9,ADMITTED,series/blue-archive/02 Sequential Readings/BOND/BLUE_ARCHIVE_SHANHAIJING6_AND_SAYA_PHASE2_PRIVATE_CONTEXTUAL_ACCOUNT_20261008.md,REF:CYCLE008_ACCEPTED,REF:CYCLE008_SCOPE,unresolved,,REF:CYCLE008_LIMITS,UNASSESSED,REF:PRIVATE_PRIORITY,1,56,4
BA:bond:10050:003,bond,MANDATORY_COMPLETE_REVIEW,02_CANONICAL_STORIES/BOND/CH0137/VARIANT_10050_EPISODE_003.md,21e815ff51e33dbf2ed3012ba3781d416b1d7ab546f1c95e60b47c6b5e65c3d2,ADMITTED,series/blue-archive/02 Sequential Readings/BOND/BLUE_ARCHIVE_SHANHAIJING6_AND_SAYA_PHASE2_PRIVATE_CONTEXTUAL_ACCOUNT_20261008.md,REF:CYCLE008_ACCEPTED,REF:CYCLE008_SCOPE,unresolved,,REF:CYCLE008_LIMITS,UNASSESSED,REF:PRIVATE_PRIORITY,2,54,8
BA:bond:10050:005,bond,MANDATORY_COMPLETE_REVIEW,02_CANONICAL_STORIES/BOND/CH0137/VARIANT_10050_EPISODE_005.md,88abc93bc1d5bc53195066458dd087973d1cc5dc0d48803af7014631824f5a1f,ADMITTED,series/blue-archive/02 Sequential Readings/BOND/BLUE_ARCHIVE_SHANHAIJING6_AND_SAYA_PHASE2_PRIVATE_CONTEXTUAL_ACCOUNT_20261008.md,REF:CYCLE008_ACCEPTED,REF:CYCLE008_SCOPE,unresolved,,REF:CYCLE008_LIMITS,UNASSESSED,REF:PRIVATE_PRIORITY,1,43,5
BA:bond:10050:006,bond,MANDATORY_COMPLETE_REVIEW,02_CANONICAL_STORIES/BOND/CH0137/VARIANT_10050_EPISODE_006.md,342d9f70b058dee8ae82be144b484e9bfc88d502029389a6e6019f1287726606,ADMITTED,series/blue-archive/02 Sequential Readings/BOND/BLUE_ARCHIVE_SHANHAIJING6_AND_SAYA_PHASE2_PRIVATE_CONTEXTUAL_ACCOUNT_20261008.md,REF:CYCLE008_ACCEPTED,REF:CYCLE008_SCOPE,unresolved,,REF:CYCLE008_LIMITS,UNASSESSED,REF:PRIVATE_PRIORITY,2,56,2
BA:bond:10051:002,bond,MANDATORY_COMPLETE_REVIEW,02_CANONICAL_STORIES/BOND/UTAHA/VARIANT_10051_EPISODE_002.md,ef064e438832ea4bf1e984baa988c5040ba507cb966689887ff26795cd91043a,ADMITTED,series/blue-archive/02 Sequential Readings/BOND/BLUE_ARCHIVE_UTAHA_PHASE2_PRIVATE_CONTEXTUAL_ACCOUNT_20261008.md,REF:CYCLE008_ACCEPTED,REF:CYCLE008_SCOPE,unresolved,,REF:CYCLE008_LIMITS,UNASSESSED,REF:PRIVATE_PRIORITY,1,41,4
BA:bond:10051:003,bond,MANDATORY_COMPLETE_REVIEW,02_CANONICAL_STORIES/BOND/UTAHA/VARIANT_10051_EPISODE_003.md,39c8dfee7b414876f8fe26fb8a4d71ee0373d5ad1976546458bd68d7a04a930f,ADMITTED,series/blue-archive/02 Sequential Readings/BOND/BLUE_ARCHIVE_UTAHA_PHASE2_PRIVATE_CONTEXTUAL_ACCOUNT_20261008.md,REF:CYCLE008_ACCEPTED,REF:CYCLE008_SCOPE,unresolved,,REF:CYCLE008_LIMITS,UNASSESSED,REF:PRIVATE_PRIORITY,1,60,6
BA:bond:10051:005,bond,MANDATORY_COMPLETE_REVIEW,02_CANONICAL_STORIES/BOND/UTAHA/VARIANT_10051_EPISODE_005.md,c28ce2ebd8c7d62e7ea75299494bad26ed754412a5be2220618ced3797ea0c3f,ADMITTED,series/blue-archive/02 Sequential Readings/BOND/BLUE_ARCHIVE_UTAHA_PHASE2_PRIVATE_CONTEXTUAL_ACCOUNT_20261008.md,REF:CYCLE008_ACCEPTED,REF:CYCLE008_SCOPE,unresolved,,REF:CYCLE008_LIMITS,UNASSESSED,REF:PRIVATE_PRIORITY,1,93,2
BA:bond:10051:006,bond,MANDATORY_COMPLETE_REVIEW,02_CANONICAL_STORIES/BOND/UTAHA/VARIANT_10051_EPISODE_006.md,5eae964b4202f1dbd23270758c95a2708c8c85bdfbd83af88f4f40d82dc25227,ADMITTED,series/blue-archive/02 Sequential Readings/BOND/BLUE_ARCHIVE_UTAHA_PHASE2_PRIVATE_CONTEXTUAL_ACCOUNT_20261008.md,REF:CYCLE008_ACCEPTED,REF:CYCLE008_SCOPE,unresolved,,REF:CYCLE008_LIMITS,UNASSESSED,REF:PRIVATE_PRIORITY,1,44,4
BA:bond:10052:002,bond,MANDATORY_COMPLETE_REVIEW,02_CANONICAL_STORIES/BOND/CH0095/VARIANT_10052_EPISODE_002.md,4419e5f71cc4e286931457bca2377ff0911a101e4eca0d5a48644132be26b30f,ADMITTED,series/blue-archive/02 Sequential Readings/BOND/BLUE_ARCHIVE_NOA_PHASE2_PRIVATE_CONTEXTUAL_ACCOUNT_20261008.md,REF:CYCLE008_ACCEPTED,REF:CYCLE008_SCOPE,unresolved,,REF:CYCLE008_LIMITS,UNASSESSED,REF:PRIVATE_PRIORITY,1,46,9
BA:bond:10052:003,bond,MANDATORY_COMPLETE_REVIEW,02_CANONICAL_STORIES/BOND/CH0095/VARIANT_10052_EPISODE_003.md,184c941e4287f8bcbaf277e23a76cd082661e65376494708388ffa42cd80ce44,ADMITTED,series/blue-archive/02 Sequential Readings/BOND/BLUE_ARCHIVE_NOA_PHASE2_PRIVATE_CONTEXTUAL_ACCOUNT_20261008.md,REF:CYCLE008_ACCEPTED,REF:CYCLE008_SCOPE,unresolved,,REF:CYCLE008_LIMITS,UNASSESSED,REF:PRIVATE_PRIORITY,1,53,11
BA:bond:10052:005,bond,MANDATORY_COMPLETE_REVIEW,02_CANONICAL_STORIES/BOND/CH0095/VARIANT_10052_EPISODE_005.md,c05ef8a6c1f88520fab94b30ee3486ca56eef5a80461c37666eb3e3cfd2d8ad0,ADMITTED,series/blue-archive/02 Sequential Readings/BOND/BLUE_ARCHIVE_NOA_PHASE2_PRIVATE_CONTEXTUAL_ACCOUNT_20261008.md,REF:CYCLE008_ACCEPTED,REF:CYCLE008_SCOPE,unresolved,,REF:CYCLE008_LIMITS,UNASSESSED,REF:PRIVATE_PRIORITY,1,59,7
BA:bond:10052:006,bond,MANDATORY_COMPLETE_REVIEW,02_CANONICAL_STORIES/BOND/CH0095/VARIANT_10052_EPISODE_006.md,dff58820317ea273f390a380e9d7fe43d2b27a428f606bd7385292d1ad598af0,ADMITTED,series/blue-archive/02 Sequential Readings/BOND/BLUE_ARCHIVE_NOA_PHASE2_PRIVATE_CONTEXTUAL_ACCOUNT_20261008.md,REF:CYCLE008_ACCEPTED,REF:CYCLE008_SCOPE,unresolved,,REF:CYCLE008_LIMITS,UNASSESSED,REF:PRIVATE_PRIORITY,1,47,2
BA:bond:10053:002,bond,MANDATORY_COMPLETE_REVIEW,02_CANONICAL_STORIES/BOND/YUUKA/VARIANT_10053_EPISODE_002.md,01838cb577ea2b1dd724b0a424c0621054bdfaaad406dd429d7427a4a9c901b1,ADMITTED,series/blue-archive/02 Sequential Readings/BOND/YUUKA/BLUE_ARCHIVE_YUUKA_PRIVATE_CONTEXTUALIZATION_CHECKPOINT.md,REF:CYCLE008_ACCEPTED,REF:CYCLE008_SCOPE,unresolved,,REF:CYCLE008_LIMITS,UNASSESSED,REF:PRIVATE_PRIORITY,1,55,8
BA:bond:10053:003,bond,MANDATORY_COMPLETE_REVIEW,02_CANONICAL_STORIES/BOND/YUUKA/VARIANT_10053_EPISODE_003.md,0ffd5f9a9b3275a8fd6e9068fe8d93fa19a3803203b6af384f80bd94ca81bbf9,ADMITTED,series/blue-archive/02 Sequential Readings/BOND/YUUKA/BLUE_ARCHIVE_YUUKA_PRIVATE_CONTEXTUALIZATION_CHECKPOINT.md,REF:CYCLE008_ACCEPTED,REF:CYCLE008_SCOPE,unresolved,,REF:CYCLE008_LIMITS,UNASSESSED,REF:PRIVATE_PRIORITY,1,50,10
BA:bond:10053:005,bond,MANDATORY_COMPLETE_REVIEW,02_CANONICAL_STORIES/BOND/YUUKA/VARIANT_10053_EPISODE_005.md,bdbf0ed0b815b3338f0f78a5f6b6eed2414995a2a0147661261992a0bae26e82,ADMITTED,series/blue-archive/02 Sequential Readings/BOND/YUUKA/BLUE_ARCHIVE_YUUKA_PRIVATE_CONTEXTUALIZATION_CHECKPOINT.md,REF:CYCLE008_ACCEPTED,REF:CYCLE008_SCOPE,unresolved,,REF:CYCLE008_LIMITS,UNASSESSED,REF:PRIVATE_PRIORITY,1,55,6
BA:bond:10053:006,bond,MANDATORY_COMPLETE_REVIEW,02_CANONICAL_STORIES/BOND/YUUKA/VARIANT_10053_EPISODE_006.md,1471f45473c72777f6278053f95fea59ba802e5a7f6eb6841fc85949a2d7276a,ADMITTED,series/blue-archive/02 Sequential Readings/BOND/YUUKA/BLUE_ARCHIVE_YUUKA_PRIVATE_CONTEXTUALIZATION_CHECKPOINT.md,REF:CYCLE008_ACCEPTED,REF:CYCLE008_SCOPE,unresolved,,REF:CYCLE008_LIMITS,UNASSESSED,REF:PRIVATE_PRIORITY,1,41,3
BA:bond:10054:002,bond,MANDATORY_COMPLETE_REVIEW,02_CANONICAL_STORIES/BOND/MARI/VARIANT_10054_EPISODE_002.md,6a001cf577e481aeb152a107245936e88129bc557bb008d17f09b0b928ff9fc9,ADMITTED,series/blue-archive/02 Sequential Readings/BOND/BLUE_ARCHIVE_SAKURAKO_MARI_PRIVATE_CONTEXTUALIZATION_CHECKPOINT.md,REF:CYCLE008_ACCEPTED,REF:CYCLE008_SCOPE,unresolved,,REF:CYCLE008_LIMITS,UNASSESSED,REF:PRIVATE_PRIORITY,1,62,3
BA:bond:10054:003,bond,MANDATORY_COMPLETE_REVIEW,02_CANONICAL_STORIES/BOND/MARI/VARIANT_10054_EPISODE_003.md,9a6ea6225021651d7a057771b87b47334a5a6723261d48aa83c988d7044d84db,ADMITTED,series/blue-archive/02 Sequential Readings/BOND/BLUE_ARCHIVE_SAKURAKO_MARI_PRIVATE_CONTEXTUALIZATION_CHECKPOINT.md,REF:CYCLE008_ACCEPTED,REF:CYCLE008_SCOPE,unresolved,,REF:CYCLE008_LIMITS,UNASSESSED,REF:PRIVATE_PRIORITY,1,60,3
BA:bond:10054:005,bond,MANDATORY_COMPLETE_REVIEW,02_CANONICAL_STORIES/BOND/MARI/VARIANT_10054_EPISODE_005.md,7a38bc4a0617e7b99c4438a2702579d88cbc114983f8238da19a0c45246fe6d1,ADMITTED,series/blue-archive/02 Sequential Readings/BOND/BLUE_ARCHIVE_SAKURAKO_MARI_PRIVATE_CONTEXTUALIZATION_CHECKPOINT.md,REF:CYCLE008_ACCEPTED,REF:CYCLE008_SCOPE,unresolved,,REF:CYCLE008_LIMITS,UNASSESSED,REF:PRIVATE_PRIORITY,1,58,3
BA:bond:10055:002,bond,MANDATORY_COMPLETE_REVIEW,02_CANONICAL_STORIES/BOND/SHIGURE/VARIANT_10055_EPISODE_002.md,4a6d8e0f914eda9598184bd31cd9e15a6c4df6674d2d324bb8ab1801f722fb40,ADMITTED,series/blue-archive/02 Sequential Readings/BOND/BLUE_ARCHIVE_RED_WINTER7_PHASE2_PRIVATE_CONTEXTUAL_ACCOUNT_20261008.md,REF:CYCLE008_ACCEPTED,REF:CYCLE008_SCOPE,unresolved,,REF:CYCLE008_LIMITS,UNASSESSED,REF:PRIVATE_PRIORITY,1,50,6
BA:bond:10055:003,bond,MANDATORY_COMPLETE_REVIEW,02_CANONICAL_STORIES/BOND/SHIGURE/VARIANT_10055_EPISODE_003.md,138c58d7557cfa4adf86044679f35122d9954445c5733aa1723ed8ca839efbef,ADMITTED,series/blue-archive/02 Sequential Readings/BOND/BLUE_ARCHIVE_RED_WINTER7_PHASE2_PRIVATE_CONTEXTUAL_ACCOUNT_20261008.md,REF:CYCLE008_ACCEPTED,REF:CYCLE008_SCOPE,unresolved,,REF:CYCLE008_LIMITS,UNASSESSED,REF:PRIVATE_PRIORITY,1,55,5
BA:bond:10055:005,bond,MANDATORY_COMPLETE_REVIEW,02_CANONICAL_STORIES/BOND/SHIGURE/VARIANT_10055_EPISODE_005.md,836f0351b384a8098c9bd6a11eff3cebdb4e66e0a01e2017b59f438b5ba56f64,ADMITTED,series/blue-archive/02 Sequential Readings/BOND/BLUE_ARCHIVE_RED_WINTER7_PHASE2_PRIVATE_CONTEXTUAL_ACCOUNT_20261008.md,REF:CYCLE008_ACCEPTED,REF:CYCLE008_SCOPE,unresolved,,REF:CYCLE008_LIMITS,UNASSESSED,REF:PRIVATE_PRIORITY,1,52,3
BA:bond:10055:006,bond,MANDATORY_COMPLETE_REVIEW,02_CANONICAL_STORIES/BOND/SHIGURE/VARIANT_10055_EPISODE_006.md,cefe5f0e5e5e493e9aeb55e736768af93ae042e18bb606c9bd392bd3ce16c025,ADMITTED,series/blue-archive/02 Sequential Readings/BOND/BLUE_ARCHIVE_RED_WINTER7_PHASE2_PRIVATE_CONTEXTUAL_ACCOUNT_20261008.md,REF:CYCLE008_ACCEPTED,REF:CYCLE008_SCOPE,unresolved,,REF:CYCLE008_LIMITS,UNASSESSED,REF:PRIVATE_PRIORITY,1,54,5
BA:bond:10056:002,bond,MANDATORY_COMPLETE_REVIEW,02_CANONICAL_STORIES/BOND/SERINA/VARIANT_10056_EPISODE_002.md,d7a03a6096728cf6c43e2adfaa34bef3c1fd758a31640eebf1d8a6a8a6f07267,ADMITTED,series/blue-archive/02 Sequential Readings/BOND/SERINA/BLUE_ARCHIVE_SERINA_PRIVATE_CONTEXTUALIZATION_CHECKPOINT.md,REF:ORIGINAL_ADMISSION_RECORD_0001,REF:ORIGINAL_ADMITTED_CLAIM_SCOPE_0002,LOCAL_RELATIVE_ONLY,Printed pair/afterword links only; no main or variant order.,REF:ORIGINAL_ATTRIBUTION_LIMITS_0003,CORE,REF:ORIGINAL_PRIORITY_REASON_0004,1,76,6
BA:bond:10056:003,bond,MANDATORY_COMPLETE_REVIEW,02_CANONICAL_STORIES/BOND/SERINA/VARIANT_10056_EPISODE_003.md,b43523a9931ba345e8652b196462d4c7104fce8f2f716753edf5e8d0b15b57b8,ADMITTED,series/blue-archive/02 Sequential Readings/BOND/SERINA/BLUE_ARCHIVE_SERINA_PRIVATE_CONTEXTUALIZATION_CHECKPOINT.md,REF:ORIGINAL_ADMISSION_RECORD_0001,REF:ORIGINAL_ADMITTED_CLAIM_SCOPE_0005,LOCAL_RELATIVE_ONLY,Printed pair/afterword links only; no main or variant order.,REF:ORIGINAL_ATTRIBUTION_LIMITS_0003,CORE,REF:ORIGINAL_PRIORITY_REASON_0004,2,46,8
BA:bond:10056:005,bond,MANDATORY_COMPLETE_REVIEW,02_CANONICAL_STORIES/BOND/SERINA/VARIANT_10056_EPISODE_005.md,9bc2fa8d91dc6b5b19e980cc71e9d331600c5af9799570d0a65daca21bf2d8c5,ADMITTED,series/blue-archive/02 Sequential Readings/BOND/SERINA/BLUE_ARCHIVE_SERINA_PRIVATE_CONTEXTUALIZATION_CHECKPOINT.md,REF:ORIGINAL_ADMISSION_RECORD_0001,REF:ORIGINAL_ADMITTED_CLAIM_SCOPE_0006,LOCAL_RELATIVE_ONLY,Printed pair/afterword links only; no main or variant order.,REF:ORIGINAL_ATTRIBUTION_LIMITS_0003,CORE,REF:ORIGINAL_PRIORITY_REASON_0004,3,54,5
BA:bond:10057:002,bond,MANDATORY_COMPLETE_REVIEW,02_CANONICAL_STORIES/BOND/HARUNA/VARIANT_10057_EPISODE_002.md,3b87886f4584e8f2f40eb1c9bd08f419c7820de4c9a5698922a44fd85e69fd03,ADMITTED,series/blue-archive/02 Sequential Readings/BOND/BLUE_ARCHIVE_GEHENNA20_PHASE2_PRIVATE_CONTEXTUAL_ACCOUNT_20261008.md,REF:CYCLE008_ACCEPTED,REF:CYCLE008_SCOPE,unresolved,,REF:CYCLE008_LIMITS,UNASSESSED,REF:PRIVATE_PRIORITY,1,68,7
BA:bond:10057:003,bond,MANDATORY_COMPLETE_REVIEW,02_CANONICAL_STORIES/BOND/HARUNA/VARIANT_10057_EPISODE_003.md,2010fe944f068cb7ccb38333b60c8087a46456d6b09c543b175308e01ee95d7f,ADMITTED,series/blue-archive/02 Sequential Readings/BOND/BLUE_ARCHIVE_GEHENNA20_PHASE2_PRIVATE_CONTEXTUAL_ACCOUNT_20261008.md,REF:CYCLE008_ACCEPTED,REF:CYCLE008_SCOPE,unresolved,,REF:CYCLE008_LIMITS,UNASSESSED,REF:PRIVATE_PRIORITY,1,71,9
BA:bond:10057:005,bond,MANDATORY_COMPLETE_REVIEW,02_CANONICAL_STORIES/BOND/HARUNA/VARIANT_10057_EPISODE_005.md,fe03955ad1c2b966ac6d0e44f347dddd08280f10f200a1a6ff471b025079a785,ADMITTED,series/blue-archive/02 Sequential Readings/BOND/BLUE_ARCHIVE_GEHENNA20_PHASE2_PRIVATE_CONTEXTUAL_ACCOUNT_20261008.md,REF:CYCLE008_ACCEPTED,REF:CYCLE008_SCOPE,unresolved,,REF:CYCLE008_LIMITS,UNASSESSED,REF:PRIVATE_PRIORITY,1,47,6
BA:bond:10058:002,bond,MANDATORY_COMPLETE_REVIEW,02_CANONICAL_STORIES/BOND/CH0152/VARIANT_10058_EPISODE_002.md,bb25a04513efe807dcde89414cefe22d3a9ec738735ba6ca65fd4fe4eebf2558,ADMITTED,series/blue-archive/02 Sequential Readings/BOND/MINE/BLUE_ARCHIVE_MINE_PRIVATE_CONTEXTUALIZATION_CHECKPOINT.md,REF:ORIGINAL_ADMISSION_RECORD_0007,REF:ORIGINAL_ADMITTED_CLAIM_SCOPE_0008,LOCAL_RELATIVE_ONLY,Positive FavorSchedule patrol join and local work/message aftermath; no group or main placement.,REF:ORIGINAL_ATTRIBUTION_LIMITS_0009,CORE,REF:ORIGINAL_PRIORITY_REASON_0010,1,87,8
BA:bond:10058:003,bond,MANDATORY_COMPLETE_REVIEW,02_CANONICAL_STORIES/BOND/CH0152/VARIANT_10058_EPISODE_003.md,053865d428e83370df276e64f092284ef5c5fd530379b7c41daa68fc95bf10f7,ADMITTED,series/blue-archive/02 Sequential Readings/BOND/MINE/BLUE_ARCHIVE_MINE_PRIVATE_CONTEXTUALIZATION_CHECKPOINT.md,REF:ORIGINAL_ADMISSION_RECORD_0007,REF:ORIGINAL_ADMITTED_CLAIM_SCOPE_0011,LOCAL_RELATIVE_ONLY,Positive FavorSchedule room-visit join and local complete conversation; no main competence chronology.,REF:ORIGINAL_ATTRIBUTION_LIMITS_0012,CORE,REF:ORIGINAL_PRIORITY_REASON_0013,1,43,8
BA:bond:10058:005,bond,MANDATORY_COMPLETE_REVIEW,02_CANONICAL_STORIES/BOND/CH0152/VARIANT_10058_EPISODE_005.md,83386c6534bb574a58eb5b71bee0b2b2d247011d87ce93c8ff3463ca261748ed,ADMITTED,series/blue-archive/02 Sequential Readings/BOND/MINE/BLUE_ARCHIVE_MINE_PRIVATE_CONTEXTUALIZATION_CHECKPOINT.md,REF:ORIGINAL_ADMISSION_RECORD_0007,REF:ORIGINAL_ADMITTED_CLAIM_SCOPE_0014,LOCAL_RELATIVE_ONLY,Positive FavorSchedule tea join and local preparation/conversation only; no event or main edge.,REF:ORIGINAL_ATTRIBUTION_LIMITS_0015,CORE,REF:ORIGINAL_PRIORITY_REASON_0016,1,56,9
BA:bond:10058:006,bond,MANDATORY_COMPLETE_REVIEW,02_CANONICAL_STORIES/BOND/CH0152/VARIANT_10058_EPISODE_006.md,207536655847023962058a54878d4b8fab871d7a5235d638532a992bca91981f,ADMITTED,series/blue-archive/02 Sequential Readings/BOND/MINE/BLUE_ARCHIVE_MINE_PRIVATE_CONTEXTUALIZATION_CHECKPOINT.md,REF:ORIGINAL_ADMISSION_RECORD_0007,REF:ORIGINAL_ADMITTED_CLAIM_SCOPE_0017,LOCAL_RELATIVE_ONLY,Positive FavorSchedule paperwork join and local forest/call aftermath; no private-to-main repair or chronology.,REF:ORIGINAL_ATTRIBUTION_LIMITS_0018,CORE,REF:ORIGINAL_PRIORITY_REASON_0019,1,119,12
BA:bond:10059:002,bond,MANDATORY_COMPLETE_REVIEW,02_CANONICAL_STORIES/BOND/CH0069/VARIANT_10059_EPISODE_002.md,f009dcde990c7bac3bde81e1c4f6978cb6de44a60372eaa0e920ac4119e412e0,ADMITTED,series/blue-archive/02 Sequential Readings/BOND/MIKA/BLUE_ARCHIVE_MIKA_PRIVATE_CONTEXTUALIZATION_CHECKPOINT.md,REF:CYCLE008_ACCEPTED,REF:CYCLE008_SCOPE,unresolved,,REF:CYCLE008_LIMITS,UNASSESSED,REF:PRIVATE_PRIORITY,2,81,14
BA:bond:10059:003,bond,MANDATORY_COMPLETE_REVIEW,02_CANONICAL_STORIES/BOND/CH0069/VARIANT_10059_EPISODE_003.md,1416a2f949323b0b922ab4584463d53638881f7743d0a9a1c6de5406bee028ab,ADMITTED,series/blue-archive/02 Sequential Readings/BOND/MIKA/BLUE_ARCHIVE_MIKA_PRIVATE_CONTEXTUALIZATION_CHECKPOINT.md,REF:CYCLE008_ACCEPTED,REF:CYCLE008_SCOPE,unresolved,,REF:CYCLE008_LIMITS,UNASSESSED,REF:PRIVATE_PRIORITY,1,29,10
BA:bond:10059:005,bond,MANDATORY_COMPLETE_REVIEW,02_CANONICAL_STORIES/BOND/CH0069/VARIANT_10059_EPISODE_005.md,cbde57379aa71839b5299538f5f3a82448ea24e73b05706c83125754cb504654,ADMITTED,series/blue-archive/02 Sequential Readings/BOND/MIKA/BLUE_ARCHIVE_MIKA_PRIVATE_CONTEXTUALIZATION_CHECKPOINT.md,REF:CYCLE008_ACCEPTED,REF:CYCLE008_SCOPE,unresolved,,REF:CYCLE008_LIMITS,UNASSESSED,REF:PRIVATE_PRIORITY,1,84,11
BA:bond:10059:006,bond,MANDATORY_COMPLETE_REVIEW,02_CANONICAL_STORIES/BOND/CH0069/VARIANT_10059_EPISODE_006.md,a6199ece4bd34a32408f43520f513a23a8247ad047af15eabd87698f121f7ef4,ADMITTED,series/blue-archive/02 Sequential Readings/BOND/MIKA/BLUE_ARCHIVE_MIKA_PRIVATE_CONTEXTUALIZATION_CHECKPOINT.md,REF:CYCLE008_ACCEPTED,REF:CYCLE008_SCOPE,unresolved,,REF:CYCLE008_LIMITS,UNASSESSED,REF:PRIVATE_PRIORITY,3,96,15
BA:bond:10060:002,bond,MANDATORY_COMPLETE_REVIEW,02_CANONICAL_STORIES/BOND/CH0088/VARIANT_10060_EPISODE_002.md,ac63f30f73fe3cfac2e7a58dc0026cbadffcda26038435b9209dde501c9e25f4,ADMITTED,series/blue-archive/02 Sequential Readings/BOND/BLUE_ARCHIVE_GEHENNA20_PHASE2_PRIVATE_CONTEXTUAL_ACCOUNT_20261008.md,REF:CYCLE008_ACCEPTED,REF:CYCLE008_SCOPE,unresolved,,REF:CYCLE008_LIMITS,UNASSESSED,REF:PRIVATE_PRIORITY,1,79,4
BA:bond:10060:003,bond,MANDATORY_COMPLETE_REVIEW,02_CANONICAL_STORIES/BOND/CH0088/VARIANT_10060_EPISODE_003.md,ec5d3b9bf6d76c1a158c1b574358cb3066a4a69abf59e51302ea64ff28a163ce,ADMITTED,series/blue-archive/02 Sequential Readings/BOND/BLUE_ARCHIVE_GEHENNA20_PHASE2_PRIVATE_CONTEXTUAL_ACCOUNT_20261008.md,REF:CYCLE008_ACCEPTED,REF:CYCLE008_SCOPE,unresolved,,REF:CYCLE008_LIMITS,UNASSESSED,REF:PRIVATE_PRIORITY,1,58,3
BA:bond:10060:005,bond,MANDATORY_COMPLETE_REVIEW,02_CANONICAL_STORIES/BOND/CH0088/VARIANT_10060_EPISODE_005.md,8673bc197ea6a02806e0237b1941b2136abdeb3d26e7cc79781843072c9dd3dc,ADMITTED,series/blue-archive/02 Sequential Readings/BOND/BLUE_ARCHIVE_GEHENNA20_PHASE2_PRIVATE_CONTEXTUAL_ACCOUNT_20261008.md,REF:CYCLE008_ACCEPTED,REF:CYCLE008_SCOPE,unresolved,,REF:CYCLE008_LIMITS,UNASSESSED,REF:PRIVATE_PRIORITY,1,54,1
BA:bond:10060:006,bond,MANDATORY_COMPLETE_REVIEW,02_CANONICAL_STORIES/BOND/CH0088/VARIANT_10060_EPISODE_006.md,540e05b6d66954fa8e69c9eddb231ee03bcf8662466827cf882b843169266d21,ADMITTED,series/blue-archive/02 Sequential Readings/BOND/BLUE_ARCHIVE_GEHENNA20_PHASE2_PRIVATE_CONTEXTUAL_ACCOUNT_20261008.md,REF:CYCLE008_ACCEPTED,REF:CYCLE008_SCOPE,unresolved,,REF:CYCLE008_LIMITS,UNASSESSED,REF:PRIVATE_PRIORITY,1,71,3
BA:bond:10061:002,bond,MANDATORY_COMPLETE_REVIEW,02_CANONICAL_STORIES/BOND/SAKURAKO/VARIANT_10061_EPISODE_002.md,e1251a8638018eaa61a48bf121d6256d8855b43a2fec74b9f99c32c4cd3c3bb3,ADMITTED,series/blue-archive/02 Sequential Readings/BOND/BLUE_ARCHIVE_SAKURAKO_MARI_PRIVATE_CONTEXTUALIZATION_CHECKPOINT.md,REF:CYCLE008_ACCEPTED,REF:CYCLE008_SCOPE,unresolved,,REF:CYCLE008_LIMITS,UNASSESSED,REF:PRIVATE_PRIORITY,2,56,4
BA:bond:10061:003,bond,MANDATORY_COMPLETE_REVIEW,02_CANONICAL_STORIES/BOND/SAKURAKO/VARIANT_10061_EPISODE_003.md,70add1a78c84bd92f84ce04cff814b351082d1e49f2dbeead64c87f16538a4c0,ADMITTED,series/blue-archive/02 Sequential Readings/BOND/BLUE_ARCHIVE_SAKURAKO_MARI_PRIVATE_CONTEXTUALIZATION_CHECKPOINT.md,REF:CYCLE008_ACCEPTED,REF:CYCLE008_SCOPE,unresolved,,REF:CYCLE008_LIMITS,UNASSESSED,REF:PRIVATE_PRIORITY,1,62,4
BA:bond:10061:005,bond,MANDATORY_COMPLETE_REVIEW,02_CANONICAL_STORIES/BOND/SAKURAKO/VARIANT_10061_EPISODE_005.md,31a479aac8cc7fb4b4c96d53dc137edcbeddb6ec9ca58d424f35be090b12f30d,ADMITTED,series/blue-archive/02 Sequential Readings/BOND/BLUE_ARCHIVE_SAKURAKO_MARI_PRIVATE_CONTEXTUALIZATION_CHECKPOINT.md,REF:CYCLE008_ACCEPTED,REF:CYCLE008_SCOPE,unresolved,,REF:CYCLE008_LIMITS,UNASSESSED,REF:PRIVATE_PRIORITY,1,63,3
BA:bond:10061:006,bond,MANDATORY_COMPLETE_REVIEW,02_CANONICAL_STORIES/BOND/SAKURAKO/VARIANT_10061_EPISODE_006.md,a192fb226db8d386d4c8d7f8dffc4f5af5f419facfb5ec24730ae7700c7b3ad5,ADMITTED,series/blue-archive/02 Sequential Readings/BOND/BLUE_ARCHIVE_SAKURAKO_MARI_PRIVATE_CONTEXTUALIZATION_CHECKPOINT.md,REF:CYCLE008_ACCEPTED,REF:CYCLE008_SCOPE,unresolved,,REF:CYCLE008_LIMITS,UNASSESSED,REF:PRIVATE_PRIORITY,1,52,4
BA:bond:10061:008,bond,MANDATORY_COMPLETE_REVIEW,02_CANONICAL_STORIES/BOND/SAKURAKO/VARIANT_10061_EPISODE_008.md,54a5582ee3b5742b6ee2d6a7bc91422eb0c7dde64857aa4328f491c87a359fdc,ADMITTED,series/blue-archive/02 Sequential Readings/BOND/BLUE_ARCHIVE_SAKURAKO_MARI_PRIVATE_CONTEXTUALIZATION_CHECKPOINT.md,REF:CYCLE008_ACCEPTED,REF:CYCLE008_SCOPE,unresolved,,REF:CYCLE008_LIMITS,UNASSESSED,REF:PRIVATE_PRIORITY,1,50,4
BA:bond:10062:002,bond,MANDATORY_COMPLETE_REVIEW,02_CANONICAL_STORIES/BOND/CH0187/VARIANT_10062_EPISODE_002.md,be236079e81e5b002dce7992b0955dba3f5a249c16d289c906bc9860c6d2a9d7,ADMITTED,series/blue-archive/02 Sequential Readings/BOND/BLUE_ARCHIVE_TOKI_PHASE2_PRIVATE_CONTEXTUAL_ACCOUNT_20261008.md,REF:CYCLE008_ACCEPTED,REF:CYCLE008_SCOPE,unresolved,,REF:CYCLE008_LIMITS,UNASSESSED,REF:PRIVATE_PRIORITY,2,85,18
BA:bond:10062:003,bond,MANDATORY_COMPLETE_REVIEW,02_CANONICAL_STORIES/BOND/CH0187/VARIANT_10062_EPISODE_003.md,67b18d6894dd6c132b3a5748dd4b1f98a7ea4516f1cbdce53914391ef2e4eac9,ADMITTED,series/blue-archive/02 Sequential Readings/BOND/BLUE_ARCHIVE_TOKI_PHASE2_PRIVATE_CONTEXTUAL_ACCOUNT_20261008.md,REF:CYCLE008_ACCEPTED,REF:CYCLE008_SCOPE,unresolved,,REF:CYCLE008_LIMITS,UNASSESSED,REF:PRIVATE_PRIORITY,2,89,13
BA:bond:10062:005,bond,MANDATORY_COMPLETE_REVIEW,02_CANONICAL_STORIES/BOND/CH0187/VARIANT_10062_EPISODE_005.md,44202f8123f1e0673c74ebe2c8bc3887dfa7f587308783bcf1ddf41c7995122e,ADMITTED,series/blue-archive/02 Sequential Readings/BOND/BLUE_ARCHIVE_TOKI_PHASE2_PRIVATE_CONTEXTUAL_ACCOUNT_20261008.md,REF:CYCLE008_ACCEPTED,REF:CYCLE008_SCOPE,unresolved,,REF:CYCLE008_LIMITS,UNASSESSED,REF:PRIVATE_PRIORITY,4,69,15
BA:bond:10062:006,bond,MANDATORY_COMPLETE_REVIEW,02_CANONICAL_STORIES/BOND/CH0187/VARIANT_10062_EPISODE_006.md,0dff47544547934fbfeefdb1d62bcc08e2c6e9145c354aa42fd22c26a1aabfe9,ADMITTED,series/blue-archive/02 Sequential Readings/BOND/BLUE_ARCHIVE_TOKI_PHASE2_PRIVATE_CONTEXTUAL_ACCOUNT_20261008.md,REF:CYCLE008_ACCEPTED,REF:CYCLE008_SCOPE,unresolved,,REF:CYCLE008_LIMITS,UNASSESSED,REF:PRIVATE_PRIORITY,1,33,0
BA:bond:10062:015,bond,MANDATORY_COMPLETE_REVIEW,02_CANONICAL_STORIES/BOND/CH0187/VARIANT_10062_EPISODE_015.md,a52e2fd7905fb18230eadfa2b320a1014a9333983646b6d489a4dbbc951631e4,ADMITTED,series/blue-archive/02 Sequential Readings/BOND/BLUE_ARCHIVE_TOKI_PHASE2_PRIVATE_CONTEXTUAL_ACCOUNT_20261008.md,REF:CYCLE008_ACCEPTED,REF:CYCLE008_SCOPE,unresolved,,REF:CYCLE008_LIMITS,UNASSESSED,REF:PRIVATE_PRIORITY,1,76,19
BA:bond:10063:002,bond,MANDATORY_COMPLETE_REVIEW,02_CANONICAL_STORIES/BOND/CH0198/VARIANT_10063_EPISODE_002.md,b66b4b14e1960f816c328e39aff55f958f3cfc7dc26a04c71b1368e14f55ae19,ADMITTED,series/blue-archive/02 Sequential Readings/BOND/BLUE_ARCHIVE_KOYUKI_PHASE2_PRIVATE_CONTEXTUAL_ACCOUNT_20261008.md,REF:CYCLE008_ACCEPTED,REF:CYCLE008_SCOPE,unresolved,,REF:CYCLE008_LIMITS,UNASSESSED,REF:PRIVATE_PRIORITY,1,55,9
BA:bond:10063:003,bond,MANDATORY_COMPLETE_REVIEW,02_CANONICAL_STORIES/BOND/CH0198/VARIANT_10063_EPISODE_003.md,9cdd963314318289d43371673989c4c91ddf2db93b97df44fc273b7f9bf98403,ADMITTED,series/blue-archive/02 Sequential Readings/BOND/BLUE_ARCHIVE_KOYUKI_PHASE2_PRIVATE_CONTEXTUAL_ACCOUNT_20261008.md,REF:CYCLE008_ACCEPTED,REF:CYCLE008_SCOPE,unresolved,,REF:CYCLE008_LIMITS,UNASSESSED,REF:PRIVATE_PRIORITY,1,49,7
BA:bond:10063:005,bond,MANDATORY_COMPLETE_REVIEW,02_CANONICAL_STORIES/BOND/CH0198/VARIANT_10063_EPISODE_005.md,21bddb8362538bb1c2f4aeac23d82530594bf87e5f211047af0a22a685687dde,ADMITTED,series/blue-archive/02 Sequential Readings/BOND/BLUE_ARCHIVE_KOYUKI_PHASE2_PRIVATE_CONTEXTUAL_ACCOUNT_20261008.md,REF:CYCLE008_ACCEPTED,REF:CYCLE008_SCOPE,unresolved,,REF:CYCLE008_LIMITS,UNASSESSED,REF:PRIVATE_PRIORITY,1,54,9
BA:bond:10063:006,bond,MANDATORY_COMPLETE_REVIEW,02_CANONICAL_STORIES/BOND/CH0198/VARIANT_10063_EPISODE_006.md,87221494028cf1aaf16550026a0894c25da47630534f719701143877717f5c31,ADMITTED,series/blue-archive/02 Sequential Readings/BOND/BLUE_ARCHIVE_KOYUKI_PHASE2_PRIVATE_CONTEXTUAL_ACCOUNT_20261008.md,REF:CYCLE008_ACCEPTED,REF:CYCLE008_SCOPE,unresolved,,REF:CYCLE008_LIMITS,UNASSESSED,REF:PRIVATE_PRIORITY,1,54,5
BA:bond:10063:008,bond,MANDATORY_COMPLETE_REVIEW,02_CANONICAL_STORIES/BOND/CH0198/VARIANT_10063_EPISODE_008.md,8a4a1680540ea9157621263085696855959e8bcc4cd0e79368d02de418de4c4b,ADMITTED,series/blue-archive/02 Sequential Readings/BOND/BLUE_ARCHIVE_KOYUKI_PHASE2_PRIVATE_CONTEXTUAL_ACCOUNT_20261008.md,REF:CYCLE008_ACCEPTED,REF:CYCLE008_SCOPE,unresolved,,REF:CYCLE008_LIMITS,UNASSESSED,REF:PRIVATE_PRIORITY,1,56,3
BA:bond:10063:015,bond,MANDATORY_COMPLETE_REVIEW,02_CANONICAL_STORIES/BOND/CH0198/VARIANT_10063_EPISODE_015.md,add086ee6589fb7120bc9088b640a38ef345e04ad81310fd62b9386cb75bb25e,ADMITTED,series/blue-archive/02 Sequential Readings/BOND/BLUE_ARCHIVE_KOYUKI_PHASE2_PRIVATE_CONTEXTUAL_ACCOUNT_20261008.md,REF:CYCLE008_ACCEPTED,REF:CYCLE008_SCOPE,unresolved,,REF:CYCLE008_LIMITS,UNASSESSED,REF:PRIVATE_PRIORITY,1,59,10
BA:bond:10064:002,bond,MANDATORY_COMPLETE_REVIEW,02_CANONICAL_STORIES/BOND/KAYOKO/VARIANT_10064_EPISODE_002.md,8718906a6e6431cf9f8f382f1b81e956143435af4e5a64a5b258a41e9887fb63,ADMITTED,series/blue-archive/02 Sequential Readings/BOND/KAYOKO/BLUE_ARCHIVE_KAYOKO_PRIVATE_CONTEXTUALIZATION_CHECKPOINT.md,REF:CYCLE008_ACCEPTED,REF:CYCLE008_SCOPE,unresolved,,REF:CYCLE008_LIMITS,UNASSESSED,REF:PRIVATE_PRIORITY,1,54,4
BA:bond:10064:003,bond,MANDATORY_COMPLETE_REVIEW,02_CANONICAL_STORIES/BOND/KAYOKO/VARIANT_10064_EPISODE_003.md,25d1d58e920fdc0eb6db38bfdd0ce6219b3c032824a9397c4762cbb40dcba283,ADMITTED,series/blue-archive/02 Sequential Readings/BOND/KAYOKO/BLUE_ARCHIVE_KAYOKO_PRIVATE_CONTEXTUALIZATION_CHECKPOINT.md,REF:CYCLE008_ACCEPTED,REF:CYCLE008_SCOPE,unresolved,,REF:CYCLE008_LIMITS,UNASSESSED,REF:PRIVATE_PRIORITY,1,65,9
BA:bond:10064:005,bond,MANDATORY_COMPLETE_REVIEW,02_CANONICAL_STORIES/BOND/KAYOKO/VARIANT_10064_EPISODE_005.md,2c1b0ff574c08bd5c1facfac9915c7c7583a96cc55eb9876e0a095facdf8e04f,ADMITTED,series/blue-archive/02 Sequential Readings/BOND/KAYOKO/BLUE_ARCHIVE_KAYOKO_PRIVATE_CONTEXTUALIZATION_CHECKPOINT.md,REF:CYCLE008_ACCEPTED,REF:CYCLE008_SCOPE,unresolved,,REF:CYCLE008_LIMITS,UNASSESSED,REF:PRIVATE_PRIORITY,1,44,7
BA:bond:10064:006,bond,MANDATORY_COMPLETE_REVIEW,02_CANONICAL_STORIES/BOND/KAYOKO/VARIANT_10064_EPISODE_006.md,8bc4c56888ea7b7fdff226adba274d988fc056d973d4872ed8ca1d56af370f4a,ADMITTED,series/blue-archive/02 Sequential Readings/BOND/KAYOKO/BLUE_ARCHIVE_KAYOKO_PRIVATE_CONTEXTUALIZATION_CHECKPOINT.md,REF:CYCLE008_ACCEPTED,REF:CYCLE008_SCOPE,unresolved,,REF:CYCLE008_LIMITS,UNASSESSED,REF:PRIVATE_PRIORITY,1,43,8
BA:bond:10065:002,bond,MANDATORY_COMPLETE_REVIEW,02_CANONICAL_STORIES/BOND/CH0107/VARIANT_10065_EPISODE_002.md,175fb3da36726cd6cc291387e2f2f5a4a4147914097928e82ff41b90ef07ed7a,ADMITTED,series/blue-archive/02 Sequential Readings/BOND/BLUE_ARCHIVE_YINYANG_NIYA_KAHO_CHISE_PHASE2_PRIVATE_CONTEXTUAL_ACCOUNT_20261008.md,REF:CYCLE008_ACCEPTED,REF:CYCLE008_SCOPE,unresolved,,REF:CYCLE008_LIMITS,UNASSESSED,REF:PRIVATE_PRIORITY,1,101,19
BA:bond:10065:003,bond,MANDATORY_COMPLETE_REVIEW,02_CANONICAL_STORIES/BOND/CH0107/VARIANT_10065_EPISODE_003.md,b30191028c4bc90637735ebe902f504585d8b9746b90222d241a758fc621d75e,ADMITTED,series/blue-archive/02 Sequential Readings/BOND/BLUE_ARCHIVE_YINYANG_NIYA_KAHO_CHISE_PHASE2_PRIVATE_CONTEXTUAL_ACCOUNT_20261008.md,REF:CYCLE008_ACCEPTED,REF:CYCLE008_SCOPE,unresolved,,REF:CYCLE008_LIMITS,UNASSESSED,REF:PRIVATE_PRIORITY,1,109,18
BA:bond:10065:005,bond,MANDATORY_COMPLETE_REVIEW,02_CANONICAL_STORIES/BOND/CH0107/VARIANT_10065_EPISODE_005.md,9be6e20775d2f43f55c75ac37d9bff2cfe95e89bd408475cda59ff0b13900b21,ADMITTED,series/blue-archive/02 Sequential Readings/BOND/BLUE_ARCHIVE_YINYANG_NIYA_KAHO_CHISE_PHASE2_PRIVATE_CONTEXTUAL_ACCOUNT_20261008.md,REF:CYCLE008_ACCEPTED,REF:CYCLE008_SCOPE,unresolved,,REF:CYCLE008_LIMITS,UNASSESSED,REF:PRIVATE_PRIORITY,1,118,18
BA:bond:10065:006,bond,MANDATORY_COMPLETE_REVIEW,02_CANONICAL_STORIES/BOND/CH0107/VARIANT_10065_EPISODE_006.md,e57cef24f6d9e1eedb1912dbef5584c70481d3603f6a0525085db93daca723d4,ADMITTED,series/blue-archive/02 Sequential Readings/BOND/BLUE_ARCHIVE_YINYANG_NIYA_KAHO_CHISE_PHASE2_PRIVATE_CONTEXTUAL_ACCOUNT_20261008.md,REF:CYCLE008_ACCEPTED,REF:CYCLE008_SCOPE,unresolved,,REF:CYCLE008_LIMITS,UNASSESSED,REF:PRIVATE_PRIORITY,1,41,4
BA:bond:10065:015,bond,MANDATORY_COMPLETE_REVIEW,02_CANONICAL_STORIES/BOND/CH0107/VARIANT_10065_EPISODE_015.md,1859578d8776dd7ae5ae87178f2f9b8d596d8d04f55f01bb7a562c32027f09f6,ADMITTED,series/blue-archive/02 Sequential Readings/BOND/BLUE_ARCHIVE_YINYANG_NIYA_KAHO_CHISE_PHASE2_PRIVATE_CONTEXTUAL_ACCOUNT_20261008.md,REF:CYCLE008_ACCEPTED,REF:CYCLE008_SCOPE,unresolved,,REF:CYCLE008_LIMITS,UNASSESSED,REF:PRIVATE_PRIORITY,1,41,7
BA:bond:10066:002,bond,MANDATORY_COMPLETE_REVIEW,02_CANONICAL_STORIES/BOND/ARIS/VARIANT_10066_EPISODE_002.md,286a50cb874679c885590d6199c715e76b34028a2bf529e3f33a74920fed120a,ADMITTED,series/blue-archive/02 Sequential Readings/BOND/BLUE_ARCHIVE_ALICE_PHASE2_PRIVATE_CONTEXTUAL_ACCOUNT_20261008.md,REF:CYCLE008_ACCEPTED,REF:CYCLE008_SCOPE,unresolved,,REF:CYCLE008_LIMITS,UNASSESSED,REF:PRIVATE_PRIORITY,2,54,11
BA:bond:10066:003,bond,MANDATORY_COMPLETE_REVIEW,02_CANONICAL_STORIES/BOND/ARIS/VARIANT_10066_EPISODE_003.md,577f2b56519a7de6640f75958d8f46906f40766720b11967a5c46059a91e76f8,ADMITTED,series/blue-archive/02 Sequential Readings/BOND/BLUE_ARCHIVE_ALICE_PHASE2_PRIVATE_CONTEXTUAL_ACCOUNT_20261008.md,REF:CYCLE008_ACCEPTED,REF:CYCLE008_SCOPE,unresolved,,REF:CYCLE008_LIMITS,UNASSESSED,REF:PRIVATE_PRIORITY,2,47,13
BA:bond:10066:005,bond,MANDATORY_COMPLETE_REVIEW,02_CANONICAL_STORIES/BOND/ARIS/VARIANT_10066_EPISODE_005.md,f0408df0eaf6ffe73591859e4ec22bc7c1076e5925b92e1ac20f0643c7f9a81e,ADMITTED,series/blue-archive/02 Sequential Readings/BOND/BLUE_ARCHIVE_ALICE_PHASE2_PRIVATE_CONTEXTUAL_ACCOUNT_20261008.md,REF:CYCLE008_ACCEPTED,REF:CYCLE008_SCOPE,unresolved,,REF:CYCLE008_LIMITS,UNASSESSED,REF:PRIVATE_PRIORITY,1,34,6
BA:bond:10066:015,bond,MANDATORY_COMPLETE_REVIEW,02_CANONICAL_STORIES/BOND/ARIS/VARIANT_10066_EPISODE_015.md,9e905b1cd07a6b4f4c596a1eb626ba4a924e42361f1813778b0010ca972335fb,ADMITTED,series/blue-archive/02 Sequential Readings/BOND/BLUE_ARCHIVE_ALICE_PHASE2_PRIVATE_CONTEXTUAL_ACCOUNT_20261008.md,REF:CYCLE008_ACCEPTED,REF:CYCLE008_SCOPE,unresolved,,REF:CYCLE008_LIMITS,UNASSESSED,REF:PRIVATE_PRIORITY,1,78,8
BA:bond:10067:002,bond,MANDATORY_COMPLETE_REVIEW,02_CANONICAL_STORIES/BOND/CH0187/VARIANT_10067_EPISODE_002.md,40b654076755a5fdb8bebeadefe3237e9fb86e2f26b4d564c9544cb466fc1bf6,ADMITTED,series/blue-archive/02 Sequential Readings/BOND/BLUE_ARCHIVE_TOKI_PHASE2_PRIVATE_CONTEXTUAL_ACCOUNT_20261008.md,REF:CYCLE008_ACCEPTED,REF:CYCLE008_SCOPE,unresolved,,REF:CYCLE008_LIMITS,UNASSESSED,REF:PRIVATE_PRIORITY,2,72,6
BA:bond:10067:003,bond,MANDATORY_COMPLETE_REVIEW,02_CANONICAL_STORIES/BOND/CH0187/VARIANT_10067_EPISODE_003.md,edc19842adf5045daed242c59a8fb0c4981d284845169278191a3b593a6e82d2,ADMITTED,series/blue-archive/02 Sequential Readings/BOND/BLUE_ARCHIVE_TOKI_PHASE2_PRIVATE_CONTEXTUAL_ACCOUNT_20261008.md,REF:CYCLE008_ACCEPTED,REF:CYCLE008_SCOPE,unresolved,,REF:CYCLE008_LIMITS,UNASSESSED,REF:PRIVATE_PRIORITY,1,64,7
BA:bond:10067:005,bond,MANDATORY_COMPLETE_REVIEW,02_CANONICAL_STORIES/BOND/CH0187/VARIANT_10067_EPISODE_005.md,a570fe67099bb29f3273dc0a875f50d165eb3843de9dfd8d817eeb448bcde0c5,ADMITTED,series/blue-archive/02 Sequential Readings/BOND/BLUE_ARCHIVE_TOKI_PHASE2_PRIVATE_CONTEXTUAL_ACCOUNT_20261008.md,REF:CYCLE008_ACCEPTED,REF:CYCLE008_SCOPE,unresolved,,REF:CYCLE008_LIMITS,UNASSESSED,REF:PRIVATE_PRIORITY,1,70,14
BA:bond:10068:002,bond,MANDATORY_COMPLETE_REVIEW,02_CANONICAL_STORIES/BOND/CH0167/VARIANT_10068_EPISODE_002.md,5a58b381e386f4700cb17b0f14d75bee4832d1fe65d4b0295528df4a48c0fd15,ADMITTED,series/blue-archive/02 Sequential Readings/BOND/BLUE_ARCHIVE_SUZUMI_REISA_ICHIKA_PRIVATE_CONTEXTUALIZATION_CHECKPOINT.md,REF:CYCLE008_ACCEPTED,REF:CYCLE008_SCOPE,unresolved,,REF:CYCLE008_LIMITS,UNASSESSED,REF:PRIVATE_PRIORITY,1,42,4
BA:bond:10068:003,bond,MANDATORY_COMPLETE_REVIEW,02_CANONICAL_STORIES/BOND/CH0167/VARIANT_10068_EPISODE_003.md,19895345830890e74b59007e205a8bb103fc93f6b1df7394613f4672fb8deb03,ADMITTED,series/blue-archive/02 Sequential Readings/BOND/BLUE_ARCHIVE_SUZUMI_REISA_ICHIKA_PRIVATE_CONTEXTUALIZATION_CHECKPOINT.md,REF:CYCLE008_ACCEPTED,REF:CYCLE008_SCOPE,unresolved,,REF:CYCLE008_LIMITS,UNASSESSED,REF:PRIVATE_PRIORITY,1,53,4
BA:bond:10068:005,bond,MANDATORY_COMPLETE_REVIEW,02_CANONICAL_STORIES/BOND/CH0167/VARIANT_10068_EPISODE_005.md,70ad63f0254e607d3fc5a6cf1383eacadcffaf0a7a6ccb7fe52c4f4d9d3a27fb,ADMITTED,series/blue-archive/02 Sequential Readings/BOND/BLUE_ARCHIVE_SUZUMI_REISA_ICHIKA_PRIVATE_CONTEXTUALIZATION_CHECKPOINT.md,REF:CYCLE008_ACCEPTED,REF:CYCLE008_SCOPE,unresolved,,REF:CYCLE008_LIMITS,UNASSESSED,REF:PRIVATE_PRIORITY,6,66,6
BA:bond:10068:006,bond,MANDATORY_COMPLETE_REVIEW,02_CANONICAL_STORIES/BOND/CH0167/VARIANT_10068_EPISODE_006.md,85d7a781a57d44740428d9c73c3bdd02cc969939a2daf7b811ceb19a3dddc1fc,ADMITTED,series/blue-archive/02 Sequential Readings/BOND/BLUE_ARCHIVE_SUZUMI_REISA_ICHIKA_PRIVATE_CONTEXTUALIZATION_CHECKPOINT.md,REF:CYCLE008_ACCEPTED,REF:CYCLE008_SCOPE,unresolved,,REF:CYCLE008_LIMITS,UNASSESSED,REF:PRIVATE_PRIORITY,1,53,2
BA:bond:10069:002,bond,MANDATORY_COMPLETE_REVIEW,02_CANONICAL_STORIES/BOND/CH0135/VARIANT_10069_EPISODE_002.md,e518f8b358e14b993d50883b060b0aaffadd87c791eee354d61b6ddc72af5cee,ADMITTED,series/blue-archive/02 Sequential Readings/BOND/BLUE_ARCHIVE_SHANHAIJING6_AND_SAYA_PHASE2_PRIVATE_CONTEXTUAL_ACCOUNT_20261008.md,REF:CYCLE008_ACCEPTED,REF:CYCLE008_SCOPE,unresolved,,REF:CYCLE008_LIMITS,UNASSESSED,REF:PRIVATE_PRIORITY,2,48,11
BA:bond:10069:003,bond,MANDATORY_COMPLETE_REVIEW,02_CANONICAL_STORIES/BOND/CH0135/VARIANT_10069_EPISODE_003.md,a9218f6f21ada34d80ac4cf2f4ba4e16903c44e9f740f9a7124de5fb76907505,ADMITTED,series/blue-archive/02 Sequential Readings/BOND/BLUE_ARCHIVE_SHANHAIJING6_AND_SAYA_PHASE2_PRIVATE_CONTEXTUAL_ACCOUNT_20261008.md,REF:CYCLE008_ACCEPTED,REF:CYCLE008_SCOPE,unresolved,,REF:CYCLE008_LIMITS,UNASSESSED,REF:PRIVATE_PRIORITY,1,45,6
BA:bond:10069:005,bond,MANDATORY_COMPLETE_REVIEW,02_CANONICAL_STORIES/BOND/CH0135/VARIANT_10069_EPISODE_005.md,840e0462c4dae8ffe5946e4c94a31be00c9067ca7da5ab31a6e8c32a70f8172e,ADMITTED,series/blue-archive/02 Sequential Readings/BOND/BLUE_ARCHIVE_SHANHAIJING6_AND_SAYA_PHASE2_PRIVATE_CONTEXTUAL_ACCOUNT_20261008.md,REF:CYCLE008_ACCEPTED,REF:CYCLE008_SCOPE,unresolved,,REF:CYCLE008_LIMITS,UNASSESSED,REF:PRIVATE_PRIORITY,1,64,7
BA:bond:10069:006,bond,MANDATORY_COMPLETE_REVIEW,02_CANONICAL_STORIES/BOND/CH0135/VARIANT_10069_EPISODE_006.md,e8880a3ffa98a45d0b3f415c9bf665314714927b7ba3c3799ffa9583c15da807,ADMITTED,series/blue-archive/02 Sequential Readings/BOND/BLUE_ARCHIVE_SHANHAIJING6_AND_SAYA_PHASE2_PRIVATE_CONTEXTUAL_ACCOUNT_20261008.md,REF:CYCLE008_ACCEPTED,REF:CYCLE008_SCOPE,unresolved,,REF:CYCLE008_LIMITS,UNASSESSED,REF:PRIVATE_PRIORITY,2,43,1
BA:bond:10070:002,bond,MANDATORY_COMPLETE_REVIEW,02_CANONICAL_STORIES/BOND/CH0138/VARIANT_10070_EPISODE_002.md,02d24f66f842bdde0f1b4d60b2719ec2cdbf4f5f49a188a1858ff6c0cebbde13,ADMITTED,series/blue-archive/02 Sequential Readings/BOND/BLUE_ARCHIVE_SHANHAIJING6_AND_SAYA_PHASE2_PRIVATE_CONTEXTUAL_ACCOUNT_20261008.md,REF:CYCLE008_ACCEPTED,REF:CYCLE008_SCOPE,unresolved,,REF:CYCLE008_LIMITS,UNASSESSED,REF:PRIVATE_PRIORITY,1,53,12
BA:bond:10070:003,bond,MANDATORY_COMPLETE_REVIEW,02_CANONICAL_STORIES/BOND/CH0138/VARIANT_10070_EPISODE_003.md,ab6e93f359bd20775b333a34b6081e0b74db3649ffec352e20d597331c42c631,ADMITTED,series/blue-archive/02 Sequential Readings/BOND/BLUE_ARCHIVE_SHANHAIJING6_AND_SAYA_PHASE2_PRIVATE_CONTEXTUAL_ACCOUNT_20261008.md,REF:CYCLE008_ACCEPTED,REF:CYCLE008_SCOPE,unresolved,,REF:CYCLE008_LIMITS,UNASSESSED,REF:PRIVATE_PRIORITY,1,54,9
BA:bond:10070:005,bond,MANDATORY_COMPLETE_REVIEW,02_CANONICAL_STORIES/BOND/CH0138/VARIANT_10070_EPISODE_005.md,53076665860ba2d070f3891ebddb3a6a6301533974dca3b9f281b8bb4f7cb2f8,ADMITTED,series/blue-archive/02 Sequential Readings/BOND/BLUE_ARCHIVE_SHANHAIJING6_AND_SAYA_PHASE2_PRIVATE_CONTEXTUAL_ACCOUNT_20261008.md,REF:CYCLE008_ACCEPTED,REF:CYCLE008_SCOPE,unresolved,,REF:CYCLE008_LIMITS,UNASSESSED,REF:PRIVATE_PRIORITY,1,49,6
BA:bond:10070:006,bond,MANDATORY_COMPLETE_REVIEW,02_CANONICAL_STORIES/BOND/CH0138/VARIANT_10070_EPISODE_006.md,3eb0f5dba51722796eda1d7a63a9ae4f07e26ec118d59349b7f5d881c03fb306,ADMITTED,series/blue-archive/02 Sequential Readings/BOND/BLUE_ARCHIVE_SHANHAIJING6_AND_SAYA_PHASE2_PRIVATE_CONTEXTUAL_ACCOUNT_20261008.md,REF:CYCLE008_ACCEPTED,REF:CYCLE008_SCOPE,unresolved,,REF:CYCLE008_LIMITS,UNASSESSED,REF:PRIVATE_PRIORITY,1,57,8
BA:bond:10071:002,bond,MANDATORY_COMPLETE_REVIEW,02_CANONICAL_STORIES/BOND/MIYAKO/VARIANT_10071_EPISODE_002.md,d7cbcb11e35a1058d15bbbb82453459ec3380df4a9f3c1fa48a92f9d54bfece0,ADMITTED,series/blue-archive/02 Sequential Readings/BOND/MIYAKO/BLUE_ARCHIVE_MIYAKO_PHASE2_PRIVATE_CONTEXTUAL_ACCOUNT_20261008.md,REF:CYCLE008_ACCEPTED,REF:CYCLE008_SCOPE,unresolved,,REF:CYCLE008_LIMITS,UNASSESSED,REF:PRIVATE_PRIORITY,2,47,8
BA:bond:10071:003,bond,MANDATORY_COMPLETE_REVIEW,02_CANONICAL_STORIES/BOND/MIYAKO/VARIANT_10071_EPISODE_003.md,b3ec5af879efa8d3e32642e3dbf3042f1a0cbf06799f77f4d079ee723d9581c0,ADMITTED,series/blue-archive/02 Sequential Readings/BOND/MIYAKO/BLUE_ARCHIVE_MIYAKO_PHASE2_PRIVATE_CONTEXTUAL_ACCOUNT_20261008.md,REF:CYCLE008_ACCEPTED,REF:CYCLE008_SCOPE,unresolved,,REF:CYCLE008_LIMITS,UNASSESSED,REF:PRIVATE_PRIORITY,1,34,4
BA:bond:10071:005,bond,MANDATORY_COMPLETE_REVIEW,02_CANONICAL_STORIES/BOND/MIYAKO/VARIANT_10071_EPISODE_005.md,175024f01a80d336529b5962edae844053752ba1c6a88135b8d919aa49a2f742,ADMITTED,series/blue-archive/02 Sequential Readings/BOND/MIYAKO/BLUE_ARCHIVE_MIYAKO_PHASE2_PRIVATE_CONTEXTUAL_ACCOUNT_20261008.md,REF:CYCLE008_ACCEPTED,REF:CYCLE008_SCOPE,unresolved,,REF:CYCLE008_LIMITS,UNASSESSED,REF:PRIVATE_PRIORITY,1,52,9
BA:bond:10071:006,bond,MANDATORY_COMPLETE_REVIEW,02_CANONICAL_STORIES/BOND/MIYAKO/VARIANT_10071_EPISODE_006.md,38710a23e9bd18a51d04ae92ba57b4be5293f4a98a3e79568a416c003854f7a7,ADMITTED,series/blue-archive/02 Sequential Readings/BOND/MIYAKO/BLUE_ARCHIVE_MIYAKO_PHASE2_PRIVATE_CONTEXTUAL_ACCOUNT_20261008.md,REF:CYCLE008_ACCEPTED,REF:CYCLE008_SCOPE,unresolved,,REF:CYCLE008_LIMITS,UNASSESSED,REF:PRIVATE_PRIORITY,1,31,1
BA:bond:10072:002,bond,MANDATORY_COMPLETE_REVIEW,02_CANONICAL_STORIES/BOND/CH0144/VARIANT_10072_EPISODE_002.md,763a11d3c88f6273a57b7d2b15ee7b04b3ec6b37638418070ade93f00e56464a,ADMITTED,series/blue-archive/02 Sequential Readings/BOND/SAKI/BLUE_ARCHIVE_SAKI_PHASE2_PRIVATE_CONTEXTUAL_ACCOUNT_20261008.md,REF:CYCLE008_ACCEPTED,REF:CYCLE008_SCOPE,unresolved,,REF:CYCLE008_LIMITS,UNASSESSED,REF:PRIVATE_PRIORITY,1,67,10
BA:bond:10072:003,bond,MANDATORY_COMPLETE_REVIEW,02_CANONICAL_STORIES/BOND/CH0144/VARIANT_10072_EPISODE_003.md,89eaf7f3abfc6fe1ab06910c91ea7c9d9171b98241213b530a9427d15846b341,ADMITTED,series/blue-archive/02 Sequential Readings/BOND/SAKI/BLUE_ARCHIVE_SAKI_PHASE2_PRIVATE_CONTEXTUAL_ACCOUNT_20261008.md,REF:CYCLE008_ACCEPTED,REF:CYCLE008_SCOPE,unresolved,,REF:CYCLE008_LIMITS,UNASSESSED,REF:PRIVATE_PRIORITY,1,39,7
BA:bond:10072:005,bond,MANDATORY_COMPLETE_REVIEW,02_CANONICAL_STORIES/BOND/CH0144/VARIANT_10072_EPISODE_005.md,fb1fd92043fee89945095167c405521f5c12cfa35455912533430faa627c4097,ADMITTED,series/blue-archive/02 Sequential Readings/BOND/SAKI/BLUE_ARCHIVE_SAKI_PHASE2_PRIVATE_CONTEXTUAL_ACCOUNT_20261008.md,REF:CYCLE008_ACCEPTED,REF:CYCLE008_SCOPE,unresolved,,REF:CYCLE008_LIMITS,UNASSESSED,REF:PRIVATE_PRIORITY,1,47,8
BA:bond:10072:006,bond,MANDATORY_COMPLETE_REVIEW,02_CANONICAL_STORIES/BOND/CH0144/VARIANT_10072_EPISODE_006.md,708f27966c66142bbe2a1d46386e270356d6004edab008b461d879fa348524ea,ADMITTED,series/blue-archive/02 Sequential Readings/BOND/SAKI/BLUE_ARCHIVE_SAKI_PHASE2_PRIVATE_CONTEXTUAL_ACCOUNT_20261008.md,REF:CYCLE008_ACCEPTED,REF:CYCLE008_SCOPE,unresolved,,REF:CYCLE008_LIMITS,UNASSESSED,REF:PRIVATE_PRIORITY,1,46,7
BA:bond:10073:002,bond,MANDATORY_COMPLETE_REVIEW,02_CANONICAL_STORIES/BOND/CH0169/VARIANT_10073_EPISODE_002.md,fc90011c2d724f667131f6bc078a26b72bb76daed027d8599eedccf6027b4f04,ADMITTED,series/blue-archive/02 Sequential Readings/BOND/BLUE_ARCHIVE_HINATA_UI_SHIMIKO_PRIVATE_CONTEXTUALIZATION_CHECKPOINT.md,REF:CYCLE008_ACCEPTED,REF:CYCLE008_SCOPE,unresolved,,REF:CYCLE008_LIMITS,UNASSESSED,REF:PRIVATE_PRIORITY,1,68,6
BA:bond:10073:003,bond,MANDATORY_COMPLETE_REVIEW,02_CANONICAL_STORIES/BOND/CH0169/VARIANT_10073_EPISODE_003.md,859359c71bd16b16592709e3764d68fae8a5f3fead3436d3662e23116a3b506c,ADMITTED,series/blue-archive/02 Sequential Readings/BOND/BLUE_ARCHIVE_HINATA_UI_SHIMIKO_PRIVATE_CONTEXTUALIZATION_CHECKPOINT.md,REF:CYCLE008_ACCEPTED,REF:CYCLE008_SCOPE,unresolved,,REF:CYCLE008_LIMITS,UNASSESSED,REF:PRIVATE_PRIORITY,1,49,2
BA:bond:10073:005,bond,MANDATORY_COMPLETE_REVIEW,02_CANONICAL_STORIES/BOND/CH0169/VARIANT_10073_EPISODE_005.md,dbf8435b859b707b824e8405ca6aab09f8f14d7671fa3f03fa5e8a058487f66c,ADMITTED,series/blue-archive/02 Sequential Readings/BOND/BLUE_ARCHIVE_HINATA_UI_SHIMIKO_PRIVATE_CONTEXTUALIZATION_CHECKPOINT.md,REF:CYCLE008_ACCEPTED,REF:CYCLE008_SCOPE,unresolved,,REF:CYCLE008_LIMITS,UNASSESSED,REF:PRIVATE_PRIORITY,1,58,5
BA:bond:10074:002,bond,MANDATORY_COMPLETE_REVIEW,02_CANONICAL_STORIES/BOND/HANAKO/VARIANT_10074_EPISODE_002.md,47b2fd5de5da50f17fb3fc9a93c75378aeaf5324b32101a1cd77adb2ca49d851,ADMITTED,series/blue-archive/02 Sequential Readings/BOND/HANAKO/BLUE_ARCHIVE_HANAKO_PRIVATE_CONTEXTUALIZATION_CHECKPOINT.md,REF:CYCLE008_ACCEPTED,REF:CYCLE008_SCOPE,unresolved,,REF:CYCLE008_LIMITS,UNASSESSED,REF:PRIVATE_PRIORITY,1,37,5
BA:bond:10074:003,bond,MANDATORY_COMPLETE_REVIEW,02_CANONICAL_STORIES/BOND/HANAKO/VARIANT_10074_EPISODE_003.md,5fe308bcd2cb029340a8582e540873d63ab41da341720018074372e83211b8bc,ADMITTED,series/blue-archive/02 Sequential Readings/BOND/HANAKO/BLUE_ARCHIVE_HANAKO_PRIVATE_CONTEXTUALIZATION_CHECKPOINT.md,REF:CYCLE008_ACCEPTED,REF:CYCLE008_SCOPE,unresolved,,REF:CYCLE008_LIMITS,UNASSESSED,REF:PRIVATE_PRIORITY,1,44,2
BA:bond:10074:005,bond,MANDATORY_COMPLETE_REVIEW,02_CANONICAL_STORIES/BOND/HANAKO/VARIANT_10074_EPISODE_005.md,e5bb80d3f21c9dd7aaa4f942f7e5bda6dab9d45dcff18888d2b66558a0817cd4,ADMITTED,series/blue-archive/02 Sequential Readings/BOND/HANAKO/BLUE_ARCHIVE_HANAKO_PRIVATE_CONTEXTUALIZATION_CHECKPOINT.md,REF:CYCLE008_ACCEPTED,REF:CYCLE008_SCOPE,unresolved,,REF:CYCLE008_LIMITS,UNASSESSED,REF:PRIVATE_PRIORITY,1,58,4
BA:bond:10075:002,bond,MANDATORY_COMPLETE_REVIEW,02_CANONICAL_STORIES/BOND/CH0124/VARIANT_10075_EPISODE_002.md,d0b56c55e000e313b8bce3bddbbeeec21b60a692b1d737afb8aa01b8b4c62a08,ADMITTED,series/blue-archive/02 Sequential Readings/BOND/BLUE_ARCHIVE_RED_WINTER7_PHASE2_PRIVATE_CONTEXTUAL_ACCOUNT_20261008.md,REF:CYCLE008_ACCEPTED,REF:CYCLE008_SCOPE,unresolved,,REF:CYCLE008_LIMITS,UNASSESSED,REF:PRIVATE_PRIORITY,1,42,11
BA:bond:10075:003,bond,MANDATORY_COMPLETE_REVIEW,02_CANONICAL_STORIES/BOND/CH0124/VARIANT_10075_EPISODE_003.md,aa484656f0c9d91fd447d4301acb67825771ca0f2d607ddccacecd9125454bc9,ADMITTED,series/blue-archive/02 Sequential Readings/BOND/BLUE_ARCHIVE_RED_WINTER7_PHASE2_PRIVATE_CONTEXTUAL_ACCOUNT_20261008.md,REF:CYCLE008_ACCEPTED,REF:CYCLE008_SCOPE,unresolved,,REF:CYCLE008_LIMITS,UNASSESSED,REF:PRIVATE_PRIORITY,5,84,17
BA:bond:10075:005,bond,MANDATORY_COMPLETE_REVIEW,02_CANONICAL_STORIES/BOND/CH0124/VARIANT_10075_EPISODE_005.md,69622398c5df6ae963f37cacfb5fddc4bdb9b94b9b7eb238abc888f3bfed4868,ADMITTED,series/blue-archive/02 Sequential Readings/BOND/BLUE_ARCHIVE_RED_WINTER7_PHASE2_PRIVATE_CONTEXTUAL_ACCOUNT_20261008.md,REF:CYCLE008_ACCEPTED,REF:CYCLE008_SCOPE,unresolved,,REF:CYCLE008_LIMITS,UNASSESSED,REF:PRIVATE_PRIORITY,4,78,14
BA:bond:10075:006,bond,MANDATORY_COMPLETE_REVIEW,02_CANONICAL_STORIES/BOND/CH0124/VARIANT_10075_EPISODE_006.md,1c6d93ad20495266910d3b2dc72c965a80d57683c0fd57505b412bf287fc23d5,ADMITTED,series/blue-archive/02 Sequential Readings/BOND/BLUE_ARCHIVE_RED_WINTER7_PHASE2_PRIVATE_CONTEXTUAL_ACCOUNT_20261008.md,REF:CYCLE008_ACCEPTED,REF:CYCLE008_SCOPE,unresolved,,REF:CYCLE008_LIMITS,UNASSESSED,REF:PRIVATE_PRIORITY,2,63,11
BA:bond:10076:002,bond,MANDATORY_COMPLETE_REVIEW,02_CANONICAL_STORIES/BOND/KOTORI/VARIANT_10076_EPISODE_002.md,19ba2ffb9f5510bfe28f7a5bf7bcd082fe653b7eb5e295fe8ce1436071e2ae75,ADMITTED,series/blue-archive/02 Sequential Readings/BOND/BLUE_ARCHIVE_KOTORI_PHASE2_PRIVATE_CONTEXTUAL_ACCOUNT_20261008.md,REF:CYCLE008_ACCEPTED,REF:CYCLE008_SCOPE,unresolved,,REF:CYCLE008_LIMITS,UNASSESSED,REF:PRIVATE_PRIORITY,1,56,3
BA:bond:10076:003,bond,MANDATORY_COMPLETE_REVIEW,02_CANONICAL_STORIES/BOND/KOTORI/VARIANT_10076_EPISODE_003.md,0a7869d15eb925a3a1474029e75710f8a8d1a55615e4fa69c8013b94ae65c5fc,ADMITTED,series/blue-archive/02 Sequential Readings/BOND/BLUE_ARCHIVE_KOTORI_PHASE2_PRIVATE_CONTEXTUAL_ACCOUNT_20261008.md,REF:CYCLE008_ACCEPTED,REF:CYCLE008_SCOPE,unresolved,,REF:CYCLE008_LIMITS,UNASSESSED,REF:PRIVATE_PRIORITY,1,52,3
BA:bond:10076:005,bond,MANDATORY_COMPLETE_REVIEW,02_CANONICAL_STORIES/BOND/KOTORI/VARIANT_10076_EPISODE_005.md,88c4b44135d1c10a13e5299281a3ff8aec6706720a66d3970c9d91f0b94caae2,ADMITTED,series/blue-archive/02 Sequential Readings/BOND/BLUE_ARCHIVE_KOTORI_PHASE2_PRIVATE_CONTEXTUAL_ACCOUNT_20261008.md,REF:CYCLE008_ACCEPTED,REF:CYCLE008_SCOPE,unresolved,,REF:CYCLE008_LIMITS,UNASSESSED,REF:PRIVATE_PRIORITY,1,36,3
BA:bond:10076:006,bond,MANDATORY_COMPLETE_REVIEW,02_CANONICAL_STORIES/BOND/KOTORI/VARIANT_10076_EPISODE_006.md,3af3b8b4765c485e6af30cc83bd3166e4b89e3d5b5408c592ac6b2c9e4007e8b,ADMITTED,series/blue-archive/02 Sequential Readings/BOND/BLUE_ARCHIVE_KOTORI_PHASE2_PRIVATE_CONTEXTUAL_ACCOUNT_20261008.md,REF:CYCLE008_ACCEPTED,REF:CYCLE008_SCOPE,unresolved,,REF:CYCLE008_LIMITS,UNASSESSED,REF:PRIVATE_PRIORITY,1,65,5
BA:bond:10077:002,bond,MANDATORY_COMPLETE_REVIEW,02_CANONICAL_STORIES/BOND/CH0071/VARIANT_10077_EPISODE_002.md,93067016b0ad94ee147805526327abe5bd6a660c40d758c7473e58cef04ed91f,ADMITTED,series/blue-archive/02 Sequential Readings/BOND/BLUE_ARCHIVE_SUZUMI_REISA_ICHIKA_PRIVATE_CONTEXTUALIZATION_CHECKPOINT.md,REF:CYCLE008_ACCEPTED,REF:CYCLE008_SCOPE,unresolved,,REF:CYCLE008_LIMITS,UNASSESSED,REF:PRIVATE_PRIORITY,1,84,5
BA:bond:10077:003,bond,MANDATORY_COMPLETE_REVIEW,02_CANONICAL_STORIES/BOND/CH0071/VARIANT_10077_EPISODE_003.md,d05f8327ebc9961f64a6e0469fb3a144ec791a9ba16e6c8fa2f083d8e8fd43ab,ADMITTED,series/blue-archive/02 Sequential Readings/BOND/BLUE_ARCHIVE_SUZUMI_REISA_ICHIKA_PRIVATE_CONTEXTUALIZATION_CHECKPOINT.md,REF:CYCLE008_ACCEPTED,REF:CYCLE008_SCOPE,unresolved,,REF:CYCLE008_LIMITS,UNASSESSED,REF:PRIVATE_PRIORITY,1,70,3
BA:bond:10077:005,bond,MANDATORY_COMPLETE_REVIEW,02_CANONICAL_STORIES/BOND/CH0071/VARIANT_10077_EPISODE_005.md,42e3ddc53b47648cc9f305ca558ffd37e968a4cc2ac55665ed2a0b99fe4512de,ADMITTED,series/blue-archive/02 Sequential Readings/BOND/BLUE_ARCHIVE_SUZUMI_REISA_ICHIKA_PRIVATE_CONTEXTUALIZATION_CHECKPOINT.md,REF:CYCLE008_ACCEPTED,REF:CYCLE008_SCOPE,unresolved,,REF:CYCLE008_LIMITS,UNASSESSED,REF:PRIVATE_PRIORITY,1,50,5
BA:bond:10077:006,bond,MANDATORY_COMPLETE_REVIEW,02_CANONICAL_STORIES/BOND/CH0071/VARIANT_10077_EPISODE_006.md,844868d36b2ed98850782181197f2a5e52dcf69708ec35a3236192c64a5a6dc0,ADMITTED,series/blue-archive/02 Sequential Readings/BOND/BLUE_ARCHIVE_SUZUMI_REISA_ICHIKA_PRIVATE_CONTEXTUALIZATION_CHECKPOINT.md,REF:CYCLE008_ACCEPTED,REF:CYCLE008_SCOPE,unresolved,,REF:CYCLE008_LIMITS,UNASSESSED,REF:PRIVATE_PRIORITY,1,97,6
BA:bond:10078:002,bond,MANDATORY_COMPLETE_REVIEW,02_CANONICAL_STORIES/BOND/CH0089/VARIANT_10078_EPISODE_002.md,3daf4575be7cd2b6971f8be60db1361240cd2b98dccdc13533f222efa854384d,ADMITTED,series/blue-archive/02 Sequential Readings/BOND/BLUE_ARCHIVE_GEHENNA20_PHASE2_PRIVATE_CONTEXTUAL_ACCOUNT_20261008.md,REF:CYCLE008_ACCEPTED,REF:CYCLE008_SCOPE,unresolved,,REF:CYCLE008_LIMITS,UNASSESSED,REF:PRIVATE_PRIORITY,1,65,3
BA:bond:10078:003,bond,MANDATORY_COMPLETE_REVIEW,02_CANONICAL_STORIES/BOND/CH0089/VARIANT_10078_EPISODE_003.md,a5a45d5d924fbd3d68413cb808c2cd13129735578161c2a1e13855c500680329,ADMITTED,series/blue-archive/02 Sequential Readings/BOND/BLUE_ARCHIVE_GEHENNA20_PHASE2_PRIVATE_CONTEXTUAL_ACCOUNT_20261008.md,REF:CYCLE008_ACCEPTED,REF:CYCLE008_SCOPE,unresolved,,REF:CYCLE008_LIMITS,UNASSESSED,REF:PRIVATE_PRIORITY,1,55,1
BA:bond:10078:005,bond,MANDATORY_COMPLETE_REVIEW,02_CANONICAL_STORIES/BOND/CH0089/VARIANT_10078_EPISODE_005.md,c4da3e50a69e343553fc37a926dff67bffd4ec016a126b4153f5aa61fcd1a1dc,ADMITTED,series/blue-archive/02 Sequential Readings/BOND/BLUE_ARCHIVE_GEHENNA20_PHASE2_PRIVATE_CONTEXTUAL_ACCOUNT_20261008.md,REF:CYCLE008_ACCEPTED,REF:CYCLE008_SCOPE,unresolved,,REF:CYCLE008_LIMITS,UNASSESSED,REF:PRIVATE_PRIORITY,1,60,1
BA:bond:10078:006,bond,MANDATORY_COMPLETE_REVIEW,02_CANONICAL_STORIES/BOND/CH0089/VARIANT_10078_EPISODE_006.md,2b7988d5f5438bba1fc2c6bf7c85cc0c516cc16719bb0a07e6e8b58abd7cc645,ADMITTED,series/blue-archive/02 Sequential Readings/BOND/BLUE_ARCHIVE_GEHENNA20_PHASE2_PRIVATE_CONTEXTUAL_ACCOUNT_20261008.md,REF:CYCLE008_ACCEPTED,REF:CYCLE008_SCOPE,unresolved,,REF:CYCLE008_LIMITS,UNASSESSED,REF:PRIVATE_PRIORITY,1,61,2
BA:bond:10079:002,bond,MANDATORY_COMPLETE_REVIEW,02_CANONICAL_STORIES/BOND/CH9998/VARIANT_10079_EPISODE_002.md,e77eba2bba9e21bd0c53cdce986dd809629a873d85cceddd9b336ecf2b01e9f9,ADMITTED,series/blue-archive/02 Sequential Readings/BOND/BLUE_ARCHIVE_COLLABORATION4_PHASE2_PRIVATE_AND_MODE_CONTEXTUAL_ACCOUNT_20261009.md,REF:CYCLE008_ACCEPTED,REF:CYCLE008_SCOPE,unresolved,,REF:CYCLE008_LIMITS;REF:NEW80_ROOT_QUALIFIED;REF:NEW80_IDENTITY_MODES,UNASSESSED,REF:PRIVATE_PRIORITY,1,56,3
BA:bond:10079:003,bond,MANDATORY_COMPLETE_REVIEW,02_CANONICAL_STORIES/BOND/CH9998/VARIANT_10079_EPISODE_003.md,c884354e06229a3deb8cdac16c26214df7d862f65b5c58baa163f3aeabea85ff,ADMITTED,series/blue-archive/02 Sequential Readings/BOND/BLUE_ARCHIVE_COLLABORATION4_PHASE2_PRIVATE_AND_MODE_CONTEXTUAL_ACCOUNT_20261009.md,REF:CYCLE008_ACCEPTED,REF:CYCLE008_SCOPE,unresolved,,REF:CYCLE008_LIMITS;REF:NEW80_ROOT_QUALIFIED;REF:NEW80_IDENTITY_MODES,UNASSESSED,REF:PRIVATE_PRIORITY,1,48,1
BA:bond:10079:005,bond,MANDATORY_COMPLETE_REVIEW,02_CANONICAL_STORIES/BOND/CH9998/VARIANT_10079_EPISODE_005.md,1e5aa8c27eb606ff710b06c5af9fc6d4233750811a29dcbf76ada415731dbb87,ADMITTED,series/blue-archive/02 Sequential Readings/BOND/BLUE_ARCHIVE_COLLABORATION4_PHASE2_PRIVATE_AND_MODE_CONTEXTUAL_ACCOUNT_20261009.md,REF:CYCLE008_ACCEPTED,REF:CYCLE008_SCOPE,unresolved,,REF:CYCLE008_LIMITS;REF:NEW80_ROOT_QUALIFIED;REF:NEW80_IDENTITY_MODES,UNASSESSED,REF:PRIVATE_PRIORITY,1,68,6
BA:bond:10079:006,bond,MANDATORY_COMPLETE_REVIEW,02_CANONICAL_STORIES/BOND/CH9998/VARIANT_10079_EPISODE_006.md,45cb7fe50b3166c634e2934bf0a227bf791cdff89d551c0e0141dca6d5751d01,ADMITTED,series/blue-archive/02 Sequential Readings/BOND/BLUE_ARCHIVE_COLLABORATION4_PHASE2_PRIVATE_AND_MODE_CONTEXTUAL_ACCOUNT_20261009.md,REF:CYCLE008_ACCEPTED,REF:CYCLE008_SCOPE,unresolved,,REF:CYCLE008_LIMITS;REF:NEW80_ROOT_QUALIFIED;REF:NEW80_IDENTITY_MODES,UNASSESSED,REF:PRIVATE_PRIORITY,1,48,4
BA:bond:10080:002,bond,MANDATORY_COMPLETE_REVIEW,02_CANONICAL_STORIES/BOND/CH9997/VARIANT_10080_EPISODE_002.md,f075f9311670614dcd8c342e166e7203871e60daa6f984ccd5a64f390863805b,ADMITTED,series/blue-archive/02 Sequential Readings/BOND/BLUE_ARCHIVE_COLLABORATION4_PHASE2_PRIVATE_AND_MODE_CONTEXTUAL_ACCOUNT_20261009.md,REF:CYCLE008_ACCEPTED,REF:CYCLE008_SCOPE,unresolved,,REF:CYCLE008_LIMITS;REF:NEW80_ROOT_QUALIFIED;REF:NEW80_IDENTITY_MODES,UNASSESSED,REF:PRIVATE_PRIORITY,1,47,4
BA:bond:10080:003,bond,MANDATORY_COMPLETE_REVIEW,02_CANONICAL_STORIES/BOND/CH9997/VARIANT_10080_EPISODE_003.md,c93c2a68bcd1929cdae617401423ed4ad106bcee513874a6fe76d55108d96fc5,ADMITTED,series/blue-archive/02 Sequential Readings/BOND/BLUE_ARCHIVE_COLLABORATION4_PHASE2_PRIVATE_AND_MODE_CONTEXTUAL_ACCOUNT_20261009.md,REF:CYCLE008_ACCEPTED,REF:CYCLE008_SCOPE,unresolved,,REF:CYCLE008_LIMITS;REF:NEW80_ROOT_QUALIFIED;REF:NEW80_IDENTITY_MODES,UNASSESSED,REF:PRIVATE_PRIORITY,1,52,2
BA:bond:10080:005,bond,MANDATORY_COMPLETE_REVIEW,02_CANONICAL_STORIES/BOND/CH9997/VARIANT_10080_EPISODE_005.md,583d4ddc95ac4dec39ce179dedf2d1ce686669df43ed50692c49b9a69be24857,ADMITTED,series/blue-archive/02 Sequential Readings/BOND/BLUE_ARCHIVE_COLLABORATION4_PHASE2_PRIVATE_AND_MODE_CONTEXTUAL_ACCOUNT_20261009.md,REF:CYCLE008_ACCEPTED,REF:CYCLE008_SCOPE,unresolved,,REF:CYCLE008_LIMITS;REF:NEW80_ROOT_QUALIFIED;REF:NEW80_IDENTITY_MODES,UNASSESSED,REF:PRIVATE_PRIORITY,1,63,1
BA:bond:10080:006,bond,MANDATORY_COMPLETE_REVIEW,02_CANONICAL_STORIES/BOND/CH9997/VARIANT_10080_EPISODE_006.md,be297ff81276cdb6f4dd68095bd9e16f0e4fdabf6ef21d84d9dbaee885aec928,ADMITTED,series/blue-archive/02 Sequential Readings/BOND/BLUE_ARCHIVE_COLLABORATION4_PHASE2_PRIVATE_AND_MODE_CONTEXTUAL_ACCOUNT_20261009.md,REF:CYCLE008_ACCEPTED,REF:CYCLE008_SCOPE,unresolved,,REF:CYCLE008_LIMITS;REF:NEW80_ROOT_QUALIFIED;REF:NEW80_IDENTITY_MODES,UNASSESSED,REF:PRIVATE_PRIORITY,1,59,3
BA:bond:10081:002,bond,MANDATORY_COMPLETE_REVIEW,02_CANONICAL_STORIES/BOND/CH0161/VARIANT_10081_EPISODE_002.md,faa8b3297febc0bfc9eaabc577df89d1fa36dfabee502aba585267c0d9e11235,ADMITTED,series/blue-archive/02 Sequential Readings/BOND/BLUE_ARCHIVE_HYAKKA_YUKARI_NAGUSA_KIKYOU_RENGE_PHASE2_PRIVATE_CONTEXTUAL_ACCOUNT_20261008.md,REF:CYCLE008_ACCEPTED,REF:CYCLE008_SCOPE,unresolved,,REF:CYCLE008_LIMITS,UNASSESSED,REF:PRIVATE_PRIORITY,1,62,13
BA:bond:10081:003,bond,MANDATORY_COMPLETE_REVIEW,02_CANONICAL_STORIES/BOND/CH0161/VARIANT_10081_EPISODE_003.md,80b4297ccc09ae8289654dec1404eaf1557b38e54d4a0d99734779fdff54cb1a,ADMITTED,series/blue-archive/02 Sequential Readings/BOND/BLUE_ARCHIVE_HYAKKA_YUKARI_NAGUSA_KIKYOU_RENGE_PHASE2_PRIVATE_CONTEXTUAL_ACCOUNT_20261008.md,REF:CYCLE008_ACCEPTED,REF:CYCLE008_SCOPE,unresolved,,REF:CYCLE008_LIMITS,UNASSESSED,REF:PRIVATE_PRIORITY,1,56,11
BA:bond:10081:005,bond,MANDATORY_COMPLETE_REVIEW,02_CANONICAL_STORIES/BOND/CH0161/VARIANT_10081_EPISODE_005.md,5be836824c3fb65a4da474cf0dbbba68b11470d9d1a125f2571048754aed5cf5,ADMITTED,series/blue-archive/02 Sequential Readings/BOND/BLUE_ARCHIVE_HYAKKA_YUKARI_NAGUSA_KIKYOU_RENGE_PHASE2_PRIVATE_CONTEXTUAL_ACCOUNT_20261008.md,REF:CYCLE008_ACCEPTED,REF:CYCLE008_SCOPE,unresolved,,REF:CYCLE008_LIMITS,UNASSESSED,REF:PRIVATE_PRIORITY,1,46,10
BA:bond:10081:006,bond,MANDATORY_COMPLETE_REVIEW,02_CANONICAL_STORIES/BOND/CH0161/VARIANT_10081_EPISODE_006.md,f263a9bf2457b1f9791461e5c1b3fbde78c78d8eadc7f22328a6852ad3823e37,ADMITTED,series/blue-archive/02 Sequential Readings/BOND/BLUE_ARCHIVE_HYAKKA_YUKARI_NAGUSA_KIKYOU_RENGE_PHASE2_PRIVATE_CONTEXTUAL_ACCOUNT_20261008.md,REF:CYCLE008_ACCEPTED,REF:CYCLE008_SCOPE,unresolved,,REF:CYCLE008_LIMITS,UNASSESSED,REF:PRIVATE_PRIORITY,1,26,0
BA:bond:10082:002,bond,MANDATORY_COMPLETE_REVIEW,02_CANONICAL_STORIES/BOND/CH0224/VARIANT_10082_EPISODE_002.md,45b81e6a854054b5abc0086fb0576b45583ae3976598b282769ec2d5f98b73fc,ADMITTED,series/blue-archive/02 Sequential Readings/BOND/BLUE_ARCHIVE_HYAKKA_YUKARI_NAGUSA_KIKYOU_RENGE_PHASE2_PRIVATE_CONTEXTUAL_ACCOUNT_20261008.md,REF:CYCLE008_ACCEPTED,REF:CYCLE008_SCOPE,unresolved,,REF:CYCLE008_LIMITS,UNASSESSED,REF:PRIVATE_PRIORITY,1,102,18
BA:bond:10082:003,bond,MANDATORY_COMPLETE_REVIEW,02_CANONICAL_STORIES/BOND/CH0224/VARIANT_10082_EPISODE_003.md,2d7de46af5c460b13522e3336c752436be6c3f7562a5ae6747035759e152b545,ADMITTED,series/blue-archive/02 Sequential Readings/BOND/BLUE_ARCHIVE_HYAKKA_YUKARI_NAGUSA_KIKYOU_RENGE_PHASE2_PRIVATE_CONTEXTUAL_ACCOUNT_20261008.md,REF:CYCLE008_ACCEPTED,REF:CYCLE008_SCOPE,unresolved,,REF:CYCLE008_LIMITS,UNASSESSED,REF:PRIVATE_PRIORITY,1,110,16
BA:bond:10082:005,bond,MANDATORY_COMPLETE_REVIEW,02_CANONICAL_STORIES/BOND/CH0224/VARIANT_10082_EPISODE_005.md,b7d0849baac6fd8417b2989c065518f8b7dc4746c6a3655695240f183f8c85a1,ADMITTED,series/blue-archive/02 Sequential Readings/BOND/BLUE_ARCHIVE_HYAKKA_YUKARI_NAGUSA_KIKYOU_RENGE_PHASE2_PRIVATE_CONTEXTUAL_ACCOUNT_20261008.md,REF:CYCLE008_ACCEPTED,REF:CYCLE008_SCOPE,unresolved,,REF:CYCLE008_LIMITS,UNASSESSED,REF:PRIVATE_PRIORITY,1,113,19
BA:bond:10082:006,bond,MANDATORY_COMPLETE_REVIEW,02_CANONICAL_STORIES/BOND/CH0224/VARIANT_10082_EPISODE_006.md,6fac661fd1a3ad365babcaa8a0b4248de0caaf27207fbf21097255035a8f363b,ADMITTED,series/blue-archive/02 Sequential Readings/BOND/BLUE_ARCHIVE_HYAKKA_YUKARI_NAGUSA_KIKYOU_RENGE_PHASE2_PRIVATE_CONTEXTUAL_ACCOUNT_20261008.md,REF:CYCLE008_ACCEPTED,REF:CYCLE008_SCOPE,unresolved,,REF:CYCLE008_LIMITS,UNASSESSED,REF:PRIVATE_PRIORITY,1,110,13
BA:bond:10082:015,bond,MANDATORY_COMPLETE_REVIEW,02_CANONICAL_STORIES/BOND/CH0224/VARIANT_10082_EPISODE_015.md,8d263e5d011328fa2388e8a9ce777fba1a2f6de444b233b2fe2dc5ed6ee2fd17,ADMITTED,series/blue-archive/02 Sequential Readings/BOND/BLUE_ARCHIVE_HYAKKA_YUKARI_NAGUSA_KIKYOU_RENGE_PHASE2_PRIVATE_CONTEXTUAL_ACCOUNT_20261008.md,REF:CYCLE008_ACCEPTED,REF:CYCLE008_SCOPE,unresolved,,REF:CYCLE008_LIMITS,UNASSESSED,REF:PRIVATE_PRIORITY,1,71,9
BA:bond:10083:002,bond,MANDATORY_COMPLETE_REVIEW,02_CANONICAL_STORIES/BOND/CH0225/VARIANT_10083_EPISODE_002.md,9c8e5be0e636f1cfcafda4831ff643b2fb05f9035b936874cf9a2ab166e71203,ADMITTED,series/blue-archive/02 Sequential Readings/BOND/BLUE_ARCHIVE_HYAKKA_YUKARI_NAGUSA_KIKYOU_RENGE_PHASE2_PRIVATE_CONTEXTUAL_ACCOUNT_20261008.md,REF:CYCLE008_ACCEPTED,REF:CYCLE008_SCOPE,unresolved,,REF:CYCLE008_LIMITS,UNASSESSED,REF:PRIVATE_PRIORITY,1,90,14
BA:bond:10083:003,bond,MANDATORY_COMPLETE_REVIEW,02_CANONICAL_STORIES/BOND/CH0225/VARIANT_10083_EPISODE_003.md,109c1207d1f5c367b81c517a966d82de3b6d7ae945a653d7f81c173e212911ed,ADMITTED,series/blue-archive/02 Sequential Readings/BOND/BLUE_ARCHIVE_HYAKKA_YUKARI_NAGUSA_KIKYOU_RENGE_PHASE2_PRIVATE_CONTEXTUAL_ACCOUNT_20261008.md,REF:CYCLE008_ACCEPTED,REF:CYCLE008_SCOPE,unresolved,,REF:CYCLE008_LIMITS,UNASSESSED,REF:PRIVATE_PRIORITY,1,68,11
BA:bond:10083:005,bond,MANDATORY_COMPLETE_REVIEW,02_CANONICAL_STORIES/BOND/CH0225/VARIANT_10083_EPISODE_005.md,b06d6869627988bff6cbf82fb001b94c4714c900a750baf5404bf43a2cc743c2,ADMITTED,series/blue-archive/02 Sequential Readings/BOND/BLUE_ARCHIVE_HYAKKA_YUKARI_NAGUSA_KIKYOU_RENGE_PHASE2_PRIVATE_CONTEXTUAL_ACCOUNT_20261008.md,REF:CYCLE008_ACCEPTED,REF:CYCLE008_SCOPE,unresolved,,REF:CYCLE008_LIMITS,UNASSESSED,REF:PRIVATE_PRIORITY,1,100,14
BA:bond:10083:006,bond,MANDATORY_COMPLETE_REVIEW,02_CANONICAL_STORIES/BOND/CH0225/VARIANT_10083_EPISODE_006.md,17d9d523a271953d47b19fa8212a18eca0e85c660e3797128d52c8cb71970836,ADMITTED,series/blue-archive/02 Sequential Readings/BOND/BLUE_ARCHIVE_HYAKKA_YUKARI_NAGUSA_KIKYOU_RENGE_PHASE2_PRIVATE_CONTEXTUAL_ACCOUNT_20261008.md,REF:CYCLE008_ACCEPTED,REF:CYCLE008_SCOPE,unresolved,,REF:CYCLE008_LIMITS,UNASSESSED,REF:PRIVATE_PRIORITY,1,27,0
BA:bond:10084:002,bond,MANDATORY_COMPLETE_REVIEW,02_CANONICAL_STORIES/BOND/KOTAMA/VARIANT_10084_EPISODE_002.md,72dbe03b970d19a9e603a7e59f5f4e5ee9042ac74d7f27802dc9c1fdc1299a3d,ADMITTED,series/blue-archive/02 Sequential Readings/BOND/BLUE_ARCHIVE_KOTAMA_PHASE2_PRIVATE_CONTEXTUAL_ACCOUNT_20261008.md,REF:CYCLE008_ACCEPTED,REF:CYCLE008_SCOPE,unresolved,,REF:CYCLE008_LIMITS,UNASSESSED,REF:PRIVATE_PRIORITY,1,49,12
BA:bond:10084:003,bond,MANDATORY_COMPLETE_REVIEW,02_CANONICAL_STORIES/BOND/KOTAMA/VARIANT_10084_EPISODE_003.md,12c9d2a77cda18c18237ef3b1c192ce9a717d055c677fa2904495ce87a043ee7,ADMITTED,series/blue-archive/02 Sequential Readings/BOND/BLUE_ARCHIVE_KOTAMA_PHASE2_PRIVATE_CONTEXTUAL_ACCOUNT_20261008.md,REF:CYCLE008_ACCEPTED,REF:CYCLE008_SCOPE,unresolved,,REF:CYCLE008_LIMITS,UNASSESSED,REF:PRIVATE_PRIORITY,1,48,14
BA:bond:10084:005,bond,MANDATORY_COMPLETE_REVIEW,02_CANONICAL_STORIES/BOND/KOTAMA/VARIANT_10084_EPISODE_005.md,cf852c1a3aa445bd9f789e1fcecbb3c43689e0d008da59070c3ee3508e2cf2d5,ADMITTED,series/blue-archive/02 Sequential Readings/BOND/BLUE_ARCHIVE_KOTAMA_PHASE2_PRIVATE_CONTEXTUAL_ACCOUNT_20261008.md,REF:CYCLE008_ACCEPTED,REF:CYCLE008_SCOPE,unresolved,,REF:CYCLE008_LIMITS,UNASSESSED,REF:PRIVATE_PRIORITY,1,44,3
BA:bond:10084:006,bond,MANDATORY_COMPLETE_REVIEW,02_CANONICAL_STORIES/BOND/KOTAMA/VARIANT_10084_EPISODE_006.md,9992517323c475b853a2de49e791f887264754029109972f8067706ec655dd8f,ADMITTED,series/blue-archive/02 Sequential Readings/BOND/BLUE_ARCHIVE_KOTAMA_PHASE2_PRIVATE_CONTEXTUAL_ACCOUNT_20261008.md,REF:CYCLE008_ACCEPTED,REF:CYCLE008_SCOPE,unresolved,,REF:CYCLE008_LIMITS,UNASSESSED,REF:PRIVATE_PRIORITY,1,44,7
BA:bond:10085:002,bond,MANDATORY_COMPLETE_REVIEW,02_CANONICAL_STORIES/BOND/HARE/VARIANT_10085_EPISODE_002.md,2a5dd78cb4e6c846df40a29b695c4bd2743632ca4962ae239f19b7553b0c0479,ADMITTED,series/blue-archive/02 Sequential Readings/BOND/BLUE_ARCHIVE_HARE_PHASE2_PRIVATE_CONTEXTUAL_ACCOUNT_20261008.md,REF:CYCLE008_ACCEPTED,REF:CYCLE008_SCOPE,unresolved,,REF:CYCLE008_LIMITS,UNASSESSED,REF:PRIVATE_PRIORITY,1,55,6
BA:bond:10085:003,bond,MANDATORY_COMPLETE_REVIEW,02_CANONICAL_STORIES/BOND/HARE/VARIANT_10085_EPISODE_003.md,57c35547e59f91a8ee61902579df38d675fe0d75f83eafb8608bbf1b5c9e03b3,ADMITTED,series/blue-archive/02 Sequential Readings/BOND/BLUE_ARCHIVE_HARE_PHASE2_PRIVATE_CONTEXTUAL_ACCOUNT_20261008.md,REF:CYCLE008_ACCEPTED,REF:CYCLE008_SCOPE,unresolved,,REF:CYCLE008_LIMITS,UNASSESSED,REF:PRIVATE_PRIORITY,2,63,7
BA:bond:10085:005,bond,MANDATORY_COMPLETE_REVIEW,02_CANONICAL_STORIES/BOND/HARE/VARIANT_10085_EPISODE_005.md,d609815edeb8ebecf6c43e246904cbe5146a7b5d41ce4498a4bf11c8fdffc064,ADMITTED,series/blue-archive/02 Sequential Readings/BOND/BLUE_ARCHIVE_HARE_PHASE2_PRIVATE_CONTEXTUAL_ACCOUNT_20261008.md,REF:CYCLE008_ACCEPTED,REF:CYCLE008_SCOPE,unresolved,,REF:CYCLE008_LIMITS,UNASSESSED,REF:PRIVATE_PRIORITY,1,83,11
BA:bond:10085:006,bond,MANDATORY_COMPLETE_REVIEW,02_CANONICAL_STORIES/BOND/HARE/VARIANT_10085_EPISODE_006.md,8c28e9f208f2dcf06269ff1197a64ae658df22677342e55a2b693378258a40e7,ADMITTED,series/blue-archive/02 Sequential Readings/BOND/BLUE_ARCHIVE_HARE_PHASE2_PRIVATE_CONTEXTUAL_ACCOUNT_20261008.md,REF:CYCLE008_ACCEPTED,REF:CYCLE008_SCOPE,unresolved,,REF:CYCLE008_LIMITS,UNASSESSED,REF:PRIVATE_PRIORITY,1,45,7
BA:bond:10086:002,bond,MANDATORY_COMPLETE_REVIEW,02_CANONICAL_STORIES/BOND/HINA/VARIANT_10086_EPISODE_002.md,2db14348d28c28fdc90b7f17a954e5ea7b4c13d8e5be7ec451fe7aad5e4f8938,ADMITTED,series/blue-archive/02 Sequential Readings/BOND/BLUE_ARCHIVE_GEHENNA20_PHASE2_PRIVATE_CONTEXTUAL_ACCOUNT_20261008.md,REF:CYCLE008_ACCEPTED,REF:CYCLE008_SCOPE,unresolved,,REF:CYCLE008_LIMITS,UNASSESSED,REF:PRIVATE_PRIORITY,1,103,31
BA:bond:10086:003,bond,MANDATORY_COMPLETE_REVIEW,02_CANONICAL_STORIES/BOND/HINA/VARIANT_10086_EPISODE_003.md,d4816bce2c79217deb65ba20e97bd9fe4ea15dde17b770a222dbaae08d157401,ADMITTED,series/blue-archive/02 Sequential Readings/BOND/BLUE_ARCHIVE_GEHENNA20_PHASE2_PRIVATE_CONTEXTUAL_ACCOUNT_20261008.md,REF:CYCLE008_ACCEPTED,REF:CYCLE008_SCOPE,unresolved,,REF:CYCLE008_LIMITS,UNASSESSED,REF:PRIVATE_PRIORITY,1,62,12
BA:bond:10086:005,bond,MANDATORY_COMPLETE_REVIEW,02_CANONICAL_STORIES/BOND/HINA/VARIANT_10086_EPISODE_005.md,0e8ef041b21ae6dcfa3eeec20699fc7571e9e619873fc7479eeb9b46b828a4ea,ADMITTED,series/blue-archive/02 Sequential Readings/BOND/BLUE_ARCHIVE_GEHENNA20_PHASE2_PRIVATE_CONTEXTUAL_ACCOUNT_20261008.md,REF:CYCLE008_ACCEPTED,REF:CYCLE008_SCOPE,unresolved,,REF:CYCLE008_LIMITS,UNASSESSED,REF:PRIVATE_PRIORITY,1,26,1
BA:bond:10087:002,bond,MANDATORY_COMPLETE_REVIEW,02_CANONICAL_STORIES/BOND/AKO/VARIANT_10087_EPISODE_002.md,20c9f57883da9d98ec4b8b1363744528636080d2385d5650692ac3d9d3392461,ADMITTED,series/blue-archive/02 Sequential Readings/BOND/BLUE_ARCHIVE_GEHENNA20_PHASE2_PRIVATE_CONTEXTUAL_ACCOUNT_20261008.md,REF:CYCLE008_ACCEPTED,REF:CYCLE008_SCOPE,unresolved,,REF:CYCLE008_LIMITS,UNASSESSED,REF:PRIVATE_PRIORITY,2,54,14
BA:bond:10087:003,bond,MANDATORY_COMPLETE_REVIEW,02_CANONICAL_STORIES/BOND/AKO/VARIANT_10087_EPISODE_003.md,0736aebd37b4ffc11a9ddfbda84e47930bc2fac89aee79c9e1327becced2f2d2,ADMITTED,series/blue-archive/02 Sequential Readings/BOND/BLUE_ARCHIVE_GEHENNA20_PHASE2_PRIVATE_CONTEXTUAL_ACCOUNT_20261008.md,REF:CYCLE008_ACCEPTED,REF:CYCLE008_SCOPE,unresolved,,REF:CYCLE008_LIMITS,UNASSESSED,REF:PRIVATE_PRIORITY,1,34,5
BA:bond:10087:005,bond,MANDATORY_COMPLETE_REVIEW,02_CANONICAL_STORIES/BOND/AKO/VARIANT_10087_EPISODE_005.md,9b860e317e4f56e9a895ac3addc63620c543192d0eee8bc23b03301b29384137,ADMITTED,series/blue-archive/02 Sequential Readings/BOND/BLUE_ARCHIVE_GEHENNA20_PHASE2_PRIVATE_CONTEXTUAL_ACCOUNT_20261008.md,REF:CYCLE008_ACCEPTED,REF:CYCLE008_SCOPE,unresolved,,REF:CYCLE008_LIMITS,UNASSESSED,REF:PRIVATE_PRIORITY,1,50,6
BA:bond:10088:002,bond,MANDATORY_COMPLETE_REVIEW,02_CANONICAL_STORIES/BOND/KAYOKO/VARIANT_10088_EPISODE_002.md,5e175b7b88c2ab2f7122b1adce8dfa5945cfb817114e713d827b46af0e986435,ADMITTED,series/blue-archive/02 Sequential Readings/BOND/KAYOKO/BLUE_ARCHIVE_KAYOKO_PRIVATE_CONTEXTUALIZATION_CHECKPOINT.md,REF:CYCLE008_ACCEPTED,REF:CYCLE008_SCOPE,unresolved,,REF:CYCLE008_LIMITS,UNASSESSED,REF:PRIVATE_PRIORITY,1,62,2
BA:bond:10088:003,bond,MANDATORY_COMPLETE_REVIEW,02_CANONICAL_STORIES/BOND/KAYOKO/VARIANT_10088_EPISODE_003.md,14db759fce94a9cd646d89604723926031b4913fe1c174641813426e02f59eb4,ADMITTED,series/blue-archive/02 Sequential Readings/BOND/KAYOKO/BLUE_ARCHIVE_KAYOKO_PRIVATE_CONTEXTUALIZATION_CHECKPOINT.md,REF:CYCLE008_ACCEPTED,REF:CYCLE008_SCOPE,unresolved,,REF:CYCLE008_LIMITS,UNASSESSED,REF:PRIVATE_PRIORITY,1,59,3
BA:bond:10088:005,bond,MANDATORY_COMPLETE_REVIEW,02_CANONICAL_STORIES/BOND/KAYOKO/VARIANT_10088_EPISODE_005.md,132aacfd13429239e72b53d3e909d4c9179707e988053a5da6c3410cfc64a777,ADMITTED,series/blue-archive/02 Sequential Readings/BOND/KAYOKO/BLUE_ARCHIVE_KAYOKO_PRIVATE_CONTEXTUALIZATION_CHECKPOINT.md,REF:CYCLE008_ACCEPTED,REF:CYCLE008_SCOPE,unresolved,,REF:CYCLE008_LIMITS,UNASSESSED,REF:PRIVATE_PRIORITY,1,52,3
BA:bond:10089:002,bond,MANDATORY_COMPLETE_REVIEW,02_CANONICAL_STORIES/BOND/ARU/VARIANT_10089_EPISODE_002.md,343497c75047287e0df4cacada153ac3b6c73b9d7987df2b8731be17d00d6d9d,ADMITTED,series/blue-archive/02 Sequential Readings/BOND/ARU/BLUE_ARCHIVE_ARU_PRIVATE_CONTEXTUALIZATION_CHECKPOINT.md,REF:CYCLE008_ACCEPTED,REF:CYCLE008_SCOPE,unresolved,,REF:CYCLE008_LIMITS,UNASSESSED,REF:PRIVATE_PRIORITY,1,70,3
BA:bond:10089:003,bond,MANDATORY_COMPLETE_REVIEW,02_CANONICAL_STORIES/BOND/ARU/VARIANT_10089_EPISODE_003.md,efc05f4cac49edd2ac8093f190904e5d2a06c2718d788c50f4b39040f3e5a59b,ADMITTED,series/blue-archive/02 Sequential Readings/BOND/ARU/BLUE_ARCHIVE_ARU_PRIVATE_CONTEXTUALIZATION_CHECKPOINT.md,REF:CYCLE008_ACCEPTED,REF:CYCLE008_SCOPE,unresolved,,REF:CYCLE008_LIMITS,UNASSESSED,REF:PRIVATE_PRIORITY,1,72,7
BA:bond:10089:005,bond,MANDATORY_COMPLETE_REVIEW,02_CANONICAL_STORIES/BOND/ARU/VARIANT_10089_EPISODE_005.md,3ee7741e74eb0eeb33ce2dfebc4a0bf9f335709dc25b2ffd77fc4107c73a6f6c,ADMITTED,series/blue-archive/02 Sequential Readings/BOND/ARU/BLUE_ARCHIVE_ARU_PRIVATE_CONTEXTUALIZATION_CHECKPOINT.md,REF:CYCLE008_ACCEPTED,REF:CYCLE008_SCOPE,unresolved,,REF:CYCLE008_LIMITS,UNASSESSED,REF:PRIVATE_PRIORITY,1,56,2
BA:bond:10090:002,bond,MANDATORY_COMPLETE_REVIEW,02_CANONICAL_STORIES/BOND/CH0110/VARIANT_10090_EPISODE_002.md,e3501fa2cf82c3e3a16ef2dfd46c450f38ebf338a52f0a2cb501ac3847379586,ADMITTED,series/blue-archive/02 Sequential Readings/BOND/BLUE_ARCHIVE_FESTIVAL_SHIZUKO_FINA_UMIKA_PHASE2_PRIVATE_CONTEXTUAL_ACCOUNT_20261008.md,REF:CYCLE008_ACCEPTED,REF:CYCLE008_SCOPE,unresolved,,REF:CYCLE008_LIMITS,UNASSESSED,REF:PRIVATE_PRIORITY,1,52,6
BA:bond:10090:003,bond,MANDATORY_COMPLETE_REVIEW,02_CANONICAL_STORIES/BOND/CH0110/VARIANT_10090_EPISODE_003.md,a044315c73f6282e2cb8dfd689b2e9fb08ae6b8e861470348ca79317c4d529da,ADMITTED,series/blue-archive/02 Sequential Readings/BOND/BLUE_ARCHIVE_FESTIVAL_SHIZUKO_FINA_UMIKA_PHASE2_PRIVATE_CONTEXTUAL_ACCOUNT_20261008.md,REF:CYCLE008_ACCEPTED,REF:CYCLE008_SCOPE,unresolved,,REF:CYCLE008_LIMITS,UNASSESSED,REF:PRIVATE_PRIORITY,1,50,7
BA:bond:10090:005,bond,MANDATORY_COMPLETE_REVIEW,02_CANONICAL_STORIES/BOND/CH0110/VARIANT_10090_EPISODE_005.md,64bfee67eba5760430a4c86ac502c5ec6c1f571debcdae60adb7f58093faf831,ADMITTED,series/blue-archive/02 Sequential Readings/BOND/BLUE_ARCHIVE_FESTIVAL_SHIZUKO_FINA_UMIKA_PHASE2_PRIVATE_CONTEXTUAL_ACCOUNT_20261008.md,REF:CYCLE008_ACCEPTED,REF:CYCLE008_SCOPE,unresolved,,REF:CYCLE008_LIMITS,UNASSESSED,REF:PRIVATE_PRIORITY,1,81,3
BA:bond:10090:006,bond,MANDATORY_COMPLETE_REVIEW,02_CANONICAL_STORIES/BOND/CH0110/VARIANT_10090_EPISODE_006.md,ff0a35e87abfa737405165611acb306e672497f16f28eab502a019fc5721af39,ADMITTED,series/blue-archive/02 Sequential Readings/BOND/BLUE_ARCHIVE_FESTIVAL_SHIZUKO_FINA_UMIKA_PHASE2_PRIVATE_CONTEXTUAL_ACCOUNT_20261008.md,REF:CYCLE008_ACCEPTED,REF:CYCLE008_SCOPE,unresolved,,REF:CYCLE008_LIMITS,UNASSESSED,REF:PRIVATE_PRIORITY,1,52,12
BA:bond:10090:015,bond,MANDATORY_COMPLETE_REVIEW,02_CANONICAL_STORIES/BOND/CH0110/VARIANT_10090_EPISODE_015.md,c4da3708f014f1f358c2632c22e997b0ba1f2c4e9fedb6a1c11b90fad1c08f63,ADMITTED,series/blue-archive/02 Sequential Readings/BOND/BLUE_ARCHIVE_FESTIVAL_SHIZUKO_FINA_UMIKA_PHASE2_PRIVATE_CONTEXTUAL_ACCOUNT_20261008.md,REF:CYCLE008_ACCEPTED,REF:CYCLE008_SCOPE,unresolved,,REF:CYCLE008_LIMITS,UNASSESSED,REF:PRIVATE_PRIORITY,1,57,9
BA:bond:10091:002,bond,MANDATORY_COMPLETE_REVIEW,02_CANONICAL_STORIES/BOND/KAZUSA/VARIANT_10091_EPISODE_002.md,c500017bd91000c1e5817bbc14c3863ca7c1aa4ae8a0b7c39fd0b904cd2ed1b6,ADMITTED,series/blue-archive/02 Sequential Readings/BOND/BLUE_ARCHIVE_AIRI_KAZUSA_YOSHIMI_NATSU_PRIVATE_CONTEXTUALIZATION_CHECKPOINT.md,REF:CYCLE008_ACCEPTED,REF:CYCLE008_SCOPE,unresolved,,REF:CYCLE008_LIMITS,UNASSESSED,REF:PRIVATE_PRIORITY,1,60,4
BA:bond:10091:003,bond,MANDATORY_COMPLETE_REVIEW,02_CANONICAL_STORIES/BOND/KAZUSA/VARIANT_10091_EPISODE_003.md,c51f1d2a4b7980ab33b9c73f8ad52a1b758cd48eb217f0bae0036d1fbc1f7140,ADMITTED,series/blue-archive/02 Sequential Readings/BOND/BLUE_ARCHIVE_AIRI_KAZUSA_YOSHIMI_NATSU_PRIVATE_CONTEXTUALIZATION_CHECKPOINT.md,REF:CYCLE008_ACCEPTED,REF:CYCLE008_SCOPE,unresolved,,REF:CYCLE008_LIMITS,UNASSESSED,REF:PRIVATE_PRIORITY,1,65,5
BA:bond:10091:005,bond,MANDATORY_COMPLETE_REVIEW,02_CANONICAL_STORIES/BOND/KAZUSA/VARIANT_10091_EPISODE_005.md,d5cceff0f3320c0c3cc935a09a7bafd82bfc2aec05992400335acae7965c2ef0,ADMITTED,series/blue-archive/02 Sequential Readings/BOND/BLUE_ARCHIVE_AIRI_KAZUSA_YOSHIMI_NATSU_PRIVATE_CONTEXTUALIZATION_CHECKPOINT.md,REF:CYCLE008_ACCEPTED,REF:CYCLE008_SCOPE,unresolved,,REF:CYCLE008_LIMITS,UNASSESSED,REF:PRIVATE_PRIORITY,1,64,5
BA:bond:10091:015,bond,MANDATORY_COMPLETE_REVIEW,02_CANONICAL_STORIES/BOND/KAZUSA/VARIANT_10091_EPISODE_015.md,c85f6d0ec099430928e36421be2e204d2e66cb8ea77c30262fb8753ed9b3ceaf,ADMITTED,series/blue-archive/02 Sequential Readings/BOND/BLUE_ARCHIVE_AIRI_KAZUSA_YOSHIMI_NATSU_PRIVATE_CONTEXTUALIZATION_CHECKPOINT.md,REF:CYCLE008_ACCEPTED,REF:CYCLE008_SCOPE,unresolved,,REF:CYCLE008_LIMITS,UNASSESSED,REF:PRIVATE_PRIORITY,3,81,11
BA:bond:10092:002,bond,MANDATORY_COMPLETE_REVIEW,02_CANONICAL_STORIES/BOND/YOSHIMI/VARIANT_10092_EPISODE_002.md,ab44e092bc0b750810d65ecb28a842ff86dca47eb915914759d8aa7955d83bab,ADMITTED,series/blue-archive/02 Sequential Readings/BOND/BLUE_ARCHIVE_AIRI_KAZUSA_YOSHIMI_NATSU_PRIVATE_CONTEXTUALIZATION_CHECKPOINT.md,REF:CYCLE008_ACCEPTED,REF:CYCLE008_SCOPE,unresolved,,REF:CYCLE008_LIMITS,UNASSESSED,REF:PRIVATE_PRIORITY,1,67,4
BA:bond:10092:003,bond,MANDATORY_COMPLETE_REVIEW,02_CANONICAL_STORIES/BOND/YOSHIMI/VARIANT_10092_EPISODE_003.md,c22a2a2f6c5a52dda6d78505c21bd034909c24f7e7279637939eb89abfc49045,ADMITTED,series/blue-archive/02 Sequential Readings/BOND/BLUE_ARCHIVE_AIRI_KAZUSA_YOSHIMI_NATSU_PRIVATE_CONTEXTUALIZATION_CHECKPOINT.md,REF:CYCLE008_ACCEPTED,REF:CYCLE008_SCOPE,unresolved,,REF:CYCLE008_LIMITS,UNASSESSED,REF:PRIVATE_PRIORITY,1,77,4
BA:bond:10092:005,bond,MANDATORY_COMPLETE_REVIEW,02_CANONICAL_STORIES/BOND/YOSHIMI/VARIANT_10092_EPISODE_005.md,5e4c59dafc92696a435f1bec33c438b8c1df3073a544b41a79413a716fde72cb,ADMITTED,series/blue-archive/02 Sequential Readings/BOND/BLUE_ARCHIVE_AIRI_KAZUSA_YOSHIMI_NATSU_PRIVATE_CONTEXTUALIZATION_CHECKPOINT.md,REF:CYCLE008_ACCEPTED,REF:CYCLE008_SCOPE,unresolved,,REF:CYCLE008_LIMITS,UNASSESSED,REF:PRIVATE_PRIORITY,1,83,1
BA:bond:10093:002,bond,MANDATORY_COMPLETE_REVIEW,02_CANONICAL_STORIES/BOND/KIRARA/VARIANT_10093_EPISODE_002.md,4f490fb4fae11e03868897e988f5db470ece86bd97370848fecb9d7a46192a23,ADMITTED,series/blue-archive/02 Sequential Readings/BOND/BLUE_ARCHIVE_GEHENNA20_PHASE2_PRIVATE_CONTEXTUAL_ACCOUNT_20261008.md,REF:CYCLE008_ACCEPTED,REF:CYCLE008_SCOPE,unresolved,,REF:CYCLE008_LIMITS,UNASSESSED,REF:PRIVATE_PRIORITY,1,45,9
BA:bond:10093:003,bond,MANDATORY_COMPLETE_REVIEW,02_CANONICAL_STORIES/BOND/KIRARA/VARIANT_10093_EPISODE_003.md,037ba396bd645a827e664e278ee89eca0291206dc7f8879304b9cd3052d2bf7c,ADMITTED,series/blue-archive/02 Sequential Readings/BOND/BLUE_ARCHIVE_GEHENNA20_PHASE2_PRIVATE_CONTEXTUAL_ACCOUNT_20261008.md,REF:CYCLE008_ACCEPTED,REF:CYCLE008_SCOPE,unresolved,,REF:CYCLE008_LIMITS,UNASSESSED,REF:PRIVATE_PRIORITY,1,45,10
BA:bond:10093:005,bond,MANDATORY_COMPLETE_REVIEW,02_CANONICAL_STORIES/BOND/KIRARA/VARIANT_10093_EPISODE_005.md,b186a379676d7a22e2e1c163fe858aa841f1806c5f5397ff72bfaccfc366b68e,ADMITTED,series/blue-archive/02 Sequential Readings/BOND/BLUE_ARCHIVE_GEHENNA20_PHASE2_PRIVATE_CONTEXTUAL_ACCOUNT_20261008.md,REF:CYCLE008_ACCEPTED,REF:CYCLE008_SCOPE,unresolved,,REF:CYCLE008_LIMITS,UNASSESSED,REF:PRIVATE_PRIORITY,1,48,4
BA:bond:10093:006,bond,MANDATORY_COMPLETE_REVIEW,02_CANONICAL_STORIES/BOND/KIRARA/VARIANT_10093_EPISODE_006.md,7f753835669dd4eb3297bd444da0cfbe6b85a0c5e27bd5b357097382d911c5da,ADMITTED,series/blue-archive/02 Sequential Readings/BOND/BLUE_ARCHIVE_GEHENNA20_PHASE2_PRIVATE_CONTEXTUAL_ACCOUNT_20261008.md,REF:CYCLE008_ACCEPTED,REF:CYCLE008_SCOPE,unresolved,,REF:CYCLE008_LIMITS,UNASSESSED,REF:PRIVATE_PRIORITY,1,53,6
BA:bond:10093:015,bond,MANDATORY_COMPLETE_REVIEW,02_CANONICAL_STORIES/BOND/KIRARA/VARIANT_10093_EPISODE_015.md,09869c34f661b48d9969aa2c2c93790acdb4f09d9b8f7333444932ccd9ff9fd1,ADMITTED,series/blue-archive/02 Sequential Readings/BOND/BLUE_ARCHIVE_GEHENNA20_PHASE2_PRIVATE_CONTEXTUAL_ACCOUNT_20261008.md,REF:CYCLE008_ACCEPTED,REF:CYCLE008_SCOPE,unresolved,,REF:CYCLE008_LIMITS,UNASSESSED,REF:PRIVATE_PRIORITY,2,77,8
BA:bond:10094:002,bond,MANDATORY_COMPLETE_REVIEW,02_CANONICAL_STORIES/BOND/MOMOI/VARIANT_10094_EPISODE_002.md,dd840b9cfa361e905bfd91b96b5377bd5ec7bbc00c3e7a150eb4e44d8c07de8c,ADMITTED,series/blue-archive/02 Sequential Readings/BOND/BLUE_ARCHIVE_MOMOI_PHASE2_PRIVATE_CONTEXTUAL_ACCOUNT_20261008.md,REF:CYCLE008_ACCEPTED,REF:CYCLE008_SCOPE,unresolved,,REF:CYCLE008_LIMITS,UNASSESSED,REF:PRIVATE_PRIORITY,1,69,8
BA:bond:10094:003,bond,MANDATORY_COMPLETE_REVIEW,02_CANONICAL_STORIES/BOND/MOMOI/VARIANT_10094_EPISODE_003.md,ab77dc0eb232b9a8190022d787abb8d9e56251d8454bf55b1b4b5ef49e3c6553,ADMITTED,series/blue-archive/02 Sequential Readings/BOND/BLUE_ARCHIVE_MOMOI_PHASE2_PRIVATE_CONTEXTUAL_ACCOUNT_20261008.md,REF:CYCLE008_ACCEPTED,REF:CYCLE008_SCOPE,unresolved,,REF:CYCLE008_LIMITS,UNASSESSED,REF:PRIVATE_PRIORITY,1,69,9
BA:bond:10094:005,bond,MANDATORY_COMPLETE_REVIEW,02_CANONICAL_STORIES/BOND/MOMOI/VARIANT_10094_EPISODE_005.md,3ad724822c6ee0ceb133027f368e4a989254962a545d37bc8b262d2860187691,ADMITTED,series/blue-archive/02 Sequential Readings/BOND/BLUE_ARCHIVE_MOMOI_PHASE2_PRIVATE_CONTEXTUAL_ACCOUNT_20261008.md,REF:CYCLE008_ACCEPTED,REF:CYCLE008_SCOPE,unresolved,,REF:CYCLE008_LIMITS,UNASSESSED,REF:PRIVATE_PRIORITY,1,51,4
BA:bond:10095:002,bond,MANDATORY_COMPLETE_REVIEW,02_CANONICAL_STORIES/BOND/MIDORI/VARIANT_10095_EPISODE_002.md,e9e63d8e298c17d7a6360174719e049104f00b027d4994a0af272a47744b9283,ADMITTED,series/blue-archive/02 Sequential Readings/BOND/BLUE_ARCHIVE_MIDORI_PHASE2_PRIVATE_CONTEXTUAL_ACCOUNT_20261008.md,REF:CYCLE008_ACCEPTED,REF:CYCLE008_SCOPE,unresolved,,REF:CYCLE008_LIMITS,UNASSESSED,REF:PRIVATE_PRIORITY,1,50,12
BA:bond:10095:003,bond,MANDATORY_COMPLETE_REVIEW,02_CANONICAL_STORIES/BOND/MIDORI/VARIANT_10095_EPISODE_003.md,c72aaf3264c3fb16d5215b385ea28882c17cf9d010183d547820189333f90d9e,ADMITTED,series/blue-archive/02 Sequential Readings/BOND/BLUE_ARCHIVE_MIDORI_PHASE2_PRIVATE_CONTEXTUAL_ACCOUNT_20261008.md,REF:CYCLE008_ACCEPTED,REF:CYCLE008_SCOPE,unresolved,,REF:CYCLE008_LIMITS,UNASSESSED,REF:PRIVATE_PRIORITY,1,70,14
BA:bond:10095:005,bond,MANDATORY_COMPLETE_REVIEW,02_CANONICAL_STORIES/BOND/MIDORI/VARIANT_10095_EPISODE_005.md,ffc8bf2cf603658cd897c840ff27ade5e821ed81aa49cee4f50af65e5cd58de2,ADMITTED,series/blue-archive/02 Sequential Readings/BOND/BLUE_ARCHIVE_MIDORI_PHASE2_PRIVATE_CONTEXTUAL_ACCOUNT_20261008.md,REF:CYCLE008_ACCEPTED,REF:CYCLE008_SCOPE,unresolved,,REF:CYCLE008_LIMITS,UNASSESSED,REF:PRIVATE_PRIORITY,1,83,16
BA:bond:10096:002,bond,MANDATORY_COMPLETE_REVIEW,02_CANONICAL_STORIES/BOND/CH0170/VARIANT_10096_EPISODE_002.md,02f0da5753193297ba6b6974d3d1efd08d8edde92ea6734c1a0f182f325dab56,ADMITTED,series/blue-archive/02 Sequential Readings/BOND/KANNA/BLUE_ARCHIVE_KANNA_PHASE2_PRIVATE_CONTEXTUAL_ACCOUNT_20261008.md,REF:CYCLE008_ACCEPTED,REF:CYCLE008_SCOPE,unresolved,,REF:CYCLE008_LIMITS,UNASSESSED,REF:PRIVATE_PRIORITY,1,39,12
BA:bond:10096:003,bond,MANDATORY_COMPLETE_REVIEW,02_CANONICAL_STORIES/BOND/CH0170/VARIANT_10096_EPISODE_003.md,86a8a8e97ae4f21311a3e186f08d17d7715779f5edb653eb637d6d66d08f0784,ADMITTED,series/blue-archive/02 Sequential Readings/BOND/KANNA/BLUE_ARCHIVE_KANNA_PHASE2_PRIVATE_CONTEXTUAL_ACCOUNT_20261008.md,REF:CYCLE008_ACCEPTED,REF:CYCLE008_SCOPE,unresolved,,REF:CYCLE008_LIMITS,UNASSESSED,REF:PRIVATE_PRIORITY,1,49,12
BA:bond:10096:005,bond,MANDATORY_COMPLETE_REVIEW,02_CANONICAL_STORIES/BOND/CH0170/VARIANT_10096_EPISODE_005.md,571d3824f469029acf3f1a949d79bc4fa492055c524703c5b56b85e930ea9899,ADMITTED,series/blue-archive/02 Sequential Readings/BOND/KANNA/BLUE_ARCHIVE_KANNA_PHASE2_PRIVATE_CONTEXTUAL_ACCOUNT_20261008.md,REF:CYCLE008_ACCEPTED,REF:CYCLE008_SCOPE,unresolved,,REF:CYCLE008_LIMITS,UNASSESSED,REF:PRIVATE_PRIORITY,1,53,9
BA:bond:10097:002,bond,MANDATORY_COMPLETE_REVIEW,02_CANONICAL_STORIES/BOND/MOE/VARIANT_10097_EPISODE_002.md,5adea0ba5ec90a2d891f268099f7678da38c5e62bb449a0c3ed4146fe35fb065,ADMITTED,series/blue-archive/02 Sequential Readings/BOND/MOE/BLUE_ARCHIVE_MOE_PHASE2_PRIVATE_CONTEXTUAL_ACCOUNT_20261008.md,REF:CYCLE008_ACCEPTED,REF:CYCLE008_SCOPE,unresolved,,REF:CYCLE008_LIMITS,UNASSESSED,REF:PRIVATE_PRIORITY,1,55,13
BA:bond:10097:003,bond,MANDATORY_COMPLETE_REVIEW,02_CANONICAL_STORIES/BOND/MOE/VARIANT_10097_EPISODE_003.md,d5e419f05de12a5ed913fee1fa56f40f89423c63cb08e45650d0c53a100faccb,ADMITTED,series/blue-archive/02 Sequential Readings/BOND/MOE/BLUE_ARCHIVE_MOE_PHASE2_PRIVATE_CONTEXTUAL_ACCOUNT_20261008.md,REF:CYCLE008_ACCEPTED,REF:CYCLE008_SCOPE,unresolved,,REF:CYCLE008_LIMITS,UNASSESSED,REF:PRIVATE_PRIORITY,1,36,10
BA:bond:10097:005,bond,MANDATORY_COMPLETE_REVIEW,02_CANONICAL_STORIES/BOND/MOE/VARIANT_10097_EPISODE_005.md,55d5b6843b1a47462c2b6c0188c5c96cded16844d6dfa4f858ef209eb35f92e2,ADMITTED,series/blue-archive/02 Sequential Readings/BOND/MOE/BLUE_ARCHIVE_MOE_PHASE2_PRIVATE_CONTEXTUAL_ACCOUNT_20261008.md,REF:CYCLE008_ACCEPTED,REF:CYCLE008_SCOPE,unresolved,,REF:CYCLE008_LIMITS,UNASSESSED,REF:PRIVATE_PRIORITY,1,56,4
BA:bond:10097:006,bond,MANDATORY_COMPLETE_REVIEW,02_CANONICAL_STORIES/BOND/MOE/VARIANT_10097_EPISODE_006.md,744e2c64fbaf0663ada7a8e1c2c61d1f82cee21070d794fd2f975afabf6b3d08,ADMITTED,series/blue-archive/02 Sequential Readings/BOND/MOE/BLUE_ARCHIVE_MOE_PHASE2_PRIVATE_CONTEXTUAL_ACCOUNT_20261008.md,REF:CYCLE008_ACCEPTED,REF:CYCLE008_SCOPE,unresolved,,REF:CYCLE008_LIMITS,UNASSESSED,REF:PRIVATE_PRIORITY,1,56,8
BA:bond:10098:002,bond,MANDATORY_COMPLETE_REVIEW,02_CANONICAL_STORIES/BOND/HOSHINO/VARIANT_10098_EPISODE_002.md,b7503445306a744f47fbdaf1e2bba07569c1f0402134fd38adb4b547851042fa,ADMITTED,series/blue-archive/02 Sequential Readings/BOND/BLUE_ARCHIVE_HOSHINO_PHASE2_PRIVATE_CONTEXTUAL_ACCOUNT_20261008.md,REF:CYCLE008_ACCEPTED,REF:CYCLE008_SCOPE,unresolved,,REF:CYCLE008_LIMITS,UNASSESSED,REF:PRIVATE_PRIORITY,1,146,20
BA:bond:10098:003,bond,MANDATORY_COMPLETE_REVIEW,02_CANONICAL_STORIES/BOND/HOSHINO/VARIANT_10098_EPISODE_003.md,d9024be3c6518b7a5d5144f18ab619e078cd11e7a0f82e6ff7d4d1536027a76a,ADMITTED,series/blue-archive/02 Sequential Readings/BOND/BLUE_ARCHIVE_HOSHINO_PHASE2_PRIVATE_CONTEXTUAL_ACCOUNT_20261008.md,REF:CYCLE008_ACCEPTED,REF:CYCLE008_SCOPE,unresolved,,REF:CYCLE008_LIMITS,UNASSESSED,REF:PRIVATE_PRIORITY,1,134,21
BA:bond:10098:005,bond,MANDATORY_COMPLETE_REVIEW,02_CANONICAL_STORIES/BOND/HOSHINO/VARIANT_10098_EPISODE_005.md,eca0eba81acb928b68b7d591a2a39e1660759cb6d377d02fe4e54c7b49752898,ADMITTED,series/blue-archive/02 Sequential Readings/BOND/BLUE_ARCHIVE_HOSHINO_PHASE2_PRIVATE_CONTEXTUAL_ACCOUNT_20261008.md,REF:CYCLE008_ACCEPTED,REF:CYCLE008_SCOPE,unresolved,,REF:CYCLE008_LIMITS,UNASSESSED,REF:PRIVATE_PRIORITY,1,86,12
BA:bond:10100:002,bond,MANDATORY_COMPLETE_REVIEW,02_CANONICAL_STORIES/BOND/SHIROKO/VARIANT_10100_EPISODE_002.md,f4cbc202cb3b1cf6d64fff41c4230d9f98bdd86552d4abdba83b73a43959528e,ADMITTED,series/blue-archive/02 Sequential Readings/BOND/BLUE_ARCHIVE_SHIROKO_PHASE2_PRIVATE_CONTEXTUAL_ACCOUNT_20261008.md,REF:CYCLE008_ACCEPTED,REF:CYCLE008_SCOPE,unresolved,,REF:CYCLE008_LIMITS,UNASSESSED,REF:PRIVATE_PRIORITY,3,71,21
BA:bond:10100:003,bond,MANDATORY_COMPLETE_REVIEW,02_CANONICAL_STORIES/BOND/SHIROKO/VARIANT_10100_EPISODE_003.md,491bc2674bdcdceaec3b472ecb9f2a6ea166cb30f7ca9cb0d6481c3144817ca7,ADMITTED,series/blue-archive/02 Sequential Readings/BOND/BLUE_ARCHIVE_SHIROKO_PHASE2_PRIVATE_CONTEXTUAL_ACCOUNT_20261008.md,REF:CYCLE008_ACCEPTED,REF:CYCLE008_SCOPE,unresolved,,REF:CYCLE008_LIMITS,UNASSESSED,REF:PRIVATE_PRIORITY,1,46,8
BA:bond:10100:005,bond,MANDATORY_COMPLETE_REVIEW,02_CANONICAL_STORIES/BOND/SHIROKO/VARIANT_10100_EPISODE_005.md,f4f6f7ed7bd3fb4c3cb051ec9d311eb5122753e6c0960f02bc86e258a76f1078,ADMITTED,series/blue-archive/02 Sequential Readings/BOND/BLUE_ARCHIVE_SHIROKO_PHASE2_PRIVATE_CONTEXTUAL_ACCOUNT_20261008.md,REF:CYCLE008_ACCEPTED,REF:CYCLE008_SCOPE,unresolved,,REF:CYCLE008_LIMITS,UNASSESSED,REF:PRIVATE_PRIORITY,1,43,9
BA:bond:10101:002,bond,MANDATORY_COMPLETE_REVIEW,02_CANONICAL_STORIES/BOND/SAORI/VARIANT_10101_EPISODE_002.md,d59a06d1833ecf11afbae0ea413b50f0d7b29b38fd58d193864f111f22903637,ADMITTED,series/blue-archive/02 Sequential Readings/BOND/BLUE_ARCHIVE_SAORI_ATSUKO_PRIVATE_CONTEXTUALIZATION_CHECKPOINT.md,REF:CYCLE008_ACCEPTED,REF:CYCLE008_SCOPE,unresolved,,REF:CYCLE008_LIMITS,UNASSESSED,REF:PRIVATE_PRIORITY,1,80,8
BA:bond:10101:003,bond,MANDATORY_COMPLETE_REVIEW,02_CANONICAL_STORIES/BOND/SAORI/VARIANT_10101_EPISODE_003.md,d191c02924effd51de89a23f45a019c3fc3519f52aea834cc13a814af6f49de3,ADMITTED,series/blue-archive/02 Sequential Readings/BOND/BLUE_ARCHIVE_SAORI_ATSUKO_PRIVATE_CONTEXTUALIZATION_CHECKPOINT.md,REF:CYCLE008_ACCEPTED,REF:CYCLE008_SCOPE,unresolved,,REF:CYCLE008_LIMITS,UNASSESSED,REF:PRIVATE_PRIORITY,1,70,14
BA:bond:10101:005,bond,MANDATORY_COMPLETE_REVIEW,02_CANONICAL_STORIES/BOND/SAORI/VARIANT_10101_EPISODE_005.md,9fcb593b5611ef5350140919dc5d4da007669904a700c1e19d23cef71755a719,ADMITTED,series/blue-archive/02 Sequential Readings/BOND/BLUE_ARCHIVE_SAORI_ATSUKO_PRIVATE_CONTEXTUALIZATION_CHECKPOINT.md,REF:CYCLE008_ACCEPTED,REF:CYCLE008_SCOPE,unresolved,,REF:CYCLE008_LIMITS,UNASSESSED,REF:PRIVATE_PRIORITY,1,38,5
BA:bond:10102:002,bond,MANDATORY_COMPLETE_REVIEW,02_CANONICAL_STORIES/BOND/HIYORI/VARIANT_10102_EPISODE_002.md,0736faad50756ad9419a8b7ac70ed71fdc590414b95dc80e94d8c47988e941a3,ADMITTED,series/blue-archive/02 Sequential Readings/BOND/BLUE_ARCHIVE_MISAKI_HIYORI_SUBARU_PRIVATE_CONTEXTUALIZATION_CHECKPOINT.md,REF:CYCLE008_ACCEPTED,REF:CYCLE008_SCOPE,unresolved,,REF:CYCLE008_LIMITS,UNASSESSED,REF:PRIVATE_PRIORITY,1,47,7
BA:bond:10102:003,bond,MANDATORY_COMPLETE_REVIEW,02_CANONICAL_STORIES/BOND/HIYORI/VARIANT_10102_EPISODE_003.md,158570628b0d3e2ad5f6b1ad5a64066f34b9aa6a67fe2c09079d10a48ce4e8cd,ADMITTED,series/blue-archive/02 Sequential Readings/BOND/BLUE_ARCHIVE_MISAKI_HIYORI_SUBARU_PRIVATE_CONTEXTUALIZATION_CHECKPOINT.md,REF:CYCLE008_ACCEPTED,REF:CYCLE008_SCOPE,unresolved,,REF:CYCLE008_LIMITS,UNASSESSED,REF:PRIVATE_PRIORITY,1,63,9
BA:bond:10102:005,bond,MANDATORY_COMPLETE_REVIEW,02_CANONICAL_STORIES/BOND/HIYORI/VARIANT_10102_EPISODE_005.md,0ceea47e36aa57864837a2cb37447377d393f50dcb0ddbeba49568a3b4a10061,ADMITTED,series/blue-archive/02 Sequential Readings/BOND/BLUE_ARCHIVE_MISAKI_HIYORI_SUBARU_PRIVATE_CONTEXTUALIZATION_CHECKPOINT.md,REF:CYCLE008_ACCEPTED,REF:CYCLE008_SCOPE,unresolved,,REF:CYCLE008_LIMITS,UNASSESSED,REF:PRIVATE_PRIORITY,1,42,4
BA:bond:10103:002,bond,MANDATORY_COMPLETE_REVIEW,02_CANONICAL_STORIES/BOND/CH0270/VARIANT_10103_EPISODE_002.md,96e4451a2850181d2b179dd313552dcdccd14d70028ddf9e610f1ae56038c3ff,ADMITTED,series/blue-archive/02 Sequential Readings/BOND/BLUE_ARCHIVE_RED_WINTER7_PHASE2_PRIVATE_CONTEXTUAL_ACCOUNT_20261008.md,REF:CYCLE008_ACCEPTED,REF:CYCLE008_SCOPE,unresolved,,REF:CYCLE008_LIMITS,UNASSESSED,REF:PRIVATE_PRIORITY,1,70,9
BA:bond:10103:003,bond,MANDATORY_COMPLETE_REVIEW,02_CANONICAL_STORIES/BOND/CH0270/VARIANT_10103_EPISODE_003.md,c4474fc474876f3d4bbc71645bb4dadaa943bd3fcc98abff35c1a64118f346a5,ADMITTED,series/blue-archive/02 Sequential Readings/BOND/BLUE_ARCHIVE_RED_WINTER7_PHASE2_PRIVATE_CONTEXTUAL_ACCOUNT_20261008.md,REF:CYCLE008_ACCEPTED,REF:CYCLE008_SCOPE,unresolved,,REF:CYCLE008_LIMITS,UNASSESSED,REF:PRIVATE_PRIORITY,1,71,5
BA:bond:10103:005,bond,MANDATORY_COMPLETE_REVIEW,02_CANONICAL_STORIES/BOND/CH0270/VARIANT_10103_EPISODE_005.md,3f78be9d4fc7e1dd1c0934b34a08a9f3934fee6d8505f44587fc4e62da473221,ADMITTED,series/blue-archive/02 Sequential Readings/BOND/BLUE_ARCHIVE_RED_WINTER7_PHASE2_PRIVATE_CONTEXTUAL_ACCOUNT_20261008.md,REF:CYCLE008_ACCEPTED,REF:CYCLE008_SCOPE,unresolved,,REF:CYCLE008_LIMITS,UNASSESSED,REF:PRIVATE_PRIORITY,1,65,4
BA:bond:10104:002,bond,MANDATORY_COMPLETE_REVIEW,02_CANONICAL_STORIES/BOND/REIZYO/VARIANT_10104_EPISODE_002.md,3ac52484ddd7de5421af0c7aa15522c130e15e82d105c8b769b9c9407c7376cc,ADMITTED,series/blue-archive/02 Sequential Readings/BOND/BLUE_ARCHIVE_SHANHAIJING6_AND_SAYA_PHASE2_PRIVATE_CONTEXTUAL_ACCOUNT_20261008.md,REF:ORIGINAL_ADMISSION_RECORD_0020,REF:ORIGINAL_ADMITTED_CLAIM_SCOPE_0021,LOCAL_RELATIVE_ONLY,Explicit messages/scene recollections only; no main or variant chronology.,REF:ORIGINAL_ATTRIBUTION_LIMITS_0022,HIGH,REF:ORIGINAL_PRIORITY_REASON_0023,1,53,8
BA:bond:10104:003,bond,MANDATORY_COMPLETE_REVIEW,02_CANONICAL_STORIES/BOND/REIZYO/VARIANT_10104_EPISODE_003.md,e0628bb4003b642ecd35b42c89c6522b70750ca1df6bfc618b2e662ef75ba16b,ADMITTED,series/blue-archive/02 Sequential Readings/BOND/BLUE_ARCHIVE_SHANHAIJING6_AND_SAYA_PHASE2_PRIVATE_CONTEXTUAL_ACCOUNT_20261008.md,REF:ORIGINAL_ADMISSION_RECORD_0020,REF:ORIGINAL_ADMITTED_CLAIM_SCOPE_0021,LOCAL_RELATIVE_ONLY,Explicit messages/scene recollections only; no main or variant chronology.,REF:ORIGINAL_ATTRIBUTION_LIMITS_0022,HIGH,REF:ORIGINAL_PRIORITY_REASON_0023,1,104,10
BA:bond:10104:005,bond,MANDATORY_COMPLETE_REVIEW,02_CANONICAL_STORIES/BOND/REIZYO/VARIANT_10104_EPISODE_005.md,a2f4f17f0e32223ab6f80c04248542a21e57a06ff161d8de20eb1b871873280d,ADMITTED,series/blue-archive/02 Sequential Readings/BOND/BLUE_ARCHIVE_SHANHAIJING6_AND_SAYA_PHASE2_PRIVATE_CONTEXTUAL_ACCOUNT_20261008.md,REF:ORIGINAL_ADMISSION_RECORD_0020,REF:ORIGINAL_ADMITTED_CLAIM_SCOPE_0021,LOCAL_RELATIVE_ONLY,Explicit messages/scene recollections only; no main or variant chronology.,REF:ORIGINAL_ATTRIBUTION_LIMITS_0022,HIGH,REF:ORIGINAL_PRIORITY_REASON_0023,1,74,5
BA:bond:10104:006,bond,MANDATORY_COMPLETE_REVIEW,02_CANONICAL_STORIES/BOND/REIZYO/VARIANT_10104_EPISODE_006.md,cf613cfeebaedb1acb0ce3fc609efbd79467eddb0c973448841139d4cb10d302,ADMITTED,series/blue-archive/02 Sequential Readings/BOND/BLUE_ARCHIVE_SHANHAIJING6_AND_SAYA_PHASE2_PRIVATE_CONTEXTUAL_ACCOUNT_20261008.md,REF:ORIGINAL_ADMISSION_RECORD_0020,REF:ORIGINAL_ADMITTED_CLAIM_SCOPE_0021,LOCAL_RELATIVE_ONLY,Explicit messages/scene recollections only; no main or variant chronology.,REF:ORIGINAL_ATTRIBUTION_LIMITS_0022,HIGH,REF:ORIGINAL_PRIORITY_REASON_0023,1,74,12
BA:bond:10105:002,bond,MANDATORY_COMPLETE_REVIEW,02_CANONICAL_STORIES/BOND/MARI/VARIANT_10105_EPISODE_002.md,faf633e1dd6a392c9c9a18c3f446ff1a4b72b6790c6ff1cb534217c38eadd348,ADMITTED,series/blue-archive/02 Sequential Readings/BOND/BLUE_ARCHIVE_SAKURAKO_MARI_PRIVATE_CONTEXTUALIZATION_CHECKPOINT.md,REF:CYCLE008_ACCEPTED,REF:CYCLE008_SCOPE,unresolved,,REF:CYCLE008_LIMITS,UNASSESSED,REF:PRIVATE_PRIORITY,1,57,3
BA:bond:10105:003,bond,MANDATORY_COMPLETE_REVIEW,02_CANONICAL_STORIES/BOND/MARI/VARIANT_10105_EPISODE_003.md,d3d03d6258ebe997e87ac2df6fc4bc4b6532100a30bfe6e8bfcb2d8d27b912ab,ADMITTED,series/blue-archive/02 Sequential Readings/BOND/BLUE_ARCHIVE_SAKURAKO_MARI_PRIVATE_CONTEXTUALIZATION_CHECKPOINT.md,REF:CYCLE008_ACCEPTED,REF:CYCLE008_SCOPE,unresolved,,REF:CYCLE008_LIMITS,UNASSESSED,REF:PRIVATE_PRIORITY,1,49,7
BA:bond:10105:005,bond,MANDATORY_COMPLETE_REVIEW,02_CANONICAL_STORIES/BOND/MARI/VARIANT_10105_EPISODE_005.md,f506e355a2e795b99aa26d641366232b2097998a6105b898a199da059ad2593a,ADMITTED,series/blue-archive/02 Sequential Readings/BOND/BLUE_ARCHIVE_SAKURAKO_MARI_PRIVATE_CONTEXTUALIZATION_CHECKPOINT.md,REF:CYCLE008_ACCEPTED,REF:CYCLE008_SCOPE,unresolved,,REF:CYCLE008_LIMITS,UNASSESSED,REF:PRIVATE_PRIORITY,1,46,4
BA:bond:10105:006,bond,MANDATORY_COMPLETE_REVIEW,02_CANONICAL_STORIES/BOND/MARI/VARIANT_10105_EPISODE_006.md,be8e03fc2bc816e289a21828bb83b605bc3a25286eee62c716994e0af2681a2e,ADMITTED,series/blue-archive/02 Sequential Readings/BOND/BLUE_ARCHIVE_SAKURAKO_MARI_PRIVATE_CONTEXTUALIZATION_CHECKPOINT.md,REF:CYCLE008_ACCEPTED,REF:CYCLE008_SCOPE,unresolved,,REF:CYCLE008_LIMITS,UNASSESSED,REF:PRIVATE_PRIORITY,1,59,3
BA:bond:10106:002,bond,MANDATORY_COMPLETE_REVIEW,02_CANONICAL_STORIES/BOND/SAKURAKO/VARIANT_10106_EPISODE_002.md,9feda8aa8ea2bb430e4d5adc1f07fd53f2c2a4d4299349bbeea3284eeccad54c,ADMITTED,series/blue-archive/02 Sequential Readings/BOND/BLUE_ARCHIVE_SAKURAKO_MARI_PRIVATE_CONTEXTUALIZATION_CHECKPOINT.md,REF:CYCLE008_ACCEPTED,REF:CYCLE008_SCOPE,unresolved,,REF:CYCLE008_LIMITS,UNASSESSED,REF:PRIVATE_PRIORITY,1,48,4
BA:bond:10106:003,bond,MANDATORY_COMPLETE_REVIEW,02_CANONICAL_STORIES/BOND/SAKURAKO/VARIANT_10106_EPISODE_003.md,9177f2e29c6e291a980be50998ae3c1f68d4900447f23b187fb595b9d4a08dff,ADMITTED,series/blue-archive/02 Sequential Readings/BOND/BLUE_ARCHIVE_SAKURAKO_MARI_PRIVATE_CONTEXTUALIZATION_CHECKPOINT.md,REF:CYCLE008_ACCEPTED,REF:CYCLE008_SCOPE,unresolved,,REF:CYCLE008_LIMITS,UNASSESSED,REF:PRIVATE_PRIORITY,1,64,3
BA:bond:10106:005,bond,MANDATORY_COMPLETE_REVIEW,02_CANONICAL_STORIES/BOND/SAKURAKO/VARIANT_10106_EPISODE_005.md,71281086d5bd4a4f6e4edc0d16823d013086ca481b8b96d8d7a84d44fe904ee7,ADMITTED,series/blue-archive/02 Sequential Readings/BOND/BLUE_ARCHIVE_SAKURAKO_MARI_PRIVATE_CONTEXTUALIZATION_CHECKPOINT.md,REF:CYCLE008_ACCEPTED,REF:CYCLE008_SCOPE,unresolved,,REF:CYCLE008_LIMITS,UNASSESSED,REF:PRIVATE_PRIORITY,1,57,5
BA:bond:10106:006,bond,MANDATORY_COMPLETE_REVIEW,02_CANONICAL_STORIES/BOND/SAKURAKO/VARIANT_10106_EPISODE_006.md,b8022b4921e9ed458f51c45a7a09645439e8917df5fd8f928819a13ae841bc8e,ADMITTED,series/blue-archive/02 Sequential Readings/BOND/BLUE_ARCHIVE_SAKURAKO_MARI_PRIVATE_CONTEXTUALIZATION_CHECKPOINT.md,REF:CYCLE008_ACCEPTED,REF:CYCLE008_SCOPE,unresolved,,REF:CYCLE008_LIMITS,UNASSESSED,REF:PRIVATE_PRIORITY,1,60,7
BA:bond:10107:002,bond,MANDATORY_COMPLETE_REVIEW,02_CANONICAL_STORIES/BOND/CH0238/VARIANT_10107_EPISODE_002.md,34fd1d23f01e441f2e12fbb4e2912a297ebdfaa939c8b32d9f6118368fecf302,ADMITTED,series/blue-archive/02 Sequential Readings/BOND/BLUE_ARCHIVE_GEHENNA20_PHASE2_PRIVATE_CONTEXTUAL_ACCOUNT_20261008.md,REF:CYCLE008_ACCEPTED,REF:CYCLE008_SCOPE,unresolved,,REF:CYCLE008_LIMITS,UNASSESSED,REF:PRIVATE_PRIORITY,1,63,13
BA:bond:10107:003,bond,MANDATORY_COMPLETE_REVIEW,02_CANONICAL_STORIES/BOND/CH0238/VARIANT_10107_EPISODE_003.md,8f6c94b454dd4d98fd8f03f089714042d8a15dcf959f2023c7722cecf7802732,ADMITTED,series/blue-archive/02 Sequential Readings/BOND/BLUE_ARCHIVE_GEHENNA20_PHASE2_PRIVATE_CONTEXTUAL_ACCOUNT_20261008.md,REF:CYCLE008_ACCEPTED,REF:CYCLE008_SCOPE,unresolved,,REF:CYCLE008_LIMITS,UNASSESSED,REF:PRIVATE_PRIORITY,1,107,15
BA:bond:10107:005,bond,MANDATORY_COMPLETE_REVIEW,02_CANONICAL_STORIES/BOND/CH0238/VARIANT_10107_EPISODE_005.md,6ebde80c88f22ec37b4c514abc4ecf0219403fb3b5a0f3be93aeb71aa22796c7,ADMITTED,series/blue-archive/02 Sequential Readings/BOND/BLUE_ARCHIVE_GEHENNA20_PHASE2_PRIVATE_CONTEXTUAL_ACCOUNT_20261008.md,REF:CYCLE008_ACCEPTED,REF:CYCLE008_SCOPE,unresolved,,REF:CYCLE008_LIMITS,UNASSESSED,REF:PRIVATE_PRIORITY,6,97,15
BA:bond:10107:006,bond,MANDATORY_COMPLETE_REVIEW,02_CANONICAL_STORIES/BOND/CH0238/VARIANT_10107_EPISODE_006.md,455cfe580199daeb0b4f7857d9b092aaad64a3318973382405eb2f3f2f7c4759,ADMITTED,series/blue-archive/02 Sequential Readings/BOND/BLUE_ARCHIVE_GEHENNA20_PHASE2_PRIVATE_CONTEXTUAL_ACCOUNT_20261008.md,REF:CYCLE008_ACCEPTED,REF:CYCLE008_SCOPE,unresolved,,REF:CYCLE008_LIMITS,UNASSESSED,REF:PRIVATE_PRIORITY,1,68,14
BA:bond:10108:002,bond,MANDATORY_COMPLETE_REVIEW,02_CANONICAL_STORIES/BOND/YUUKA/VARIANT_10108_EPISODE_002.md,79d2cb1d9d792aace4cf24380831fff6fda25b7cf1a530ccec0be4f48a692508,ADMITTED,series/blue-archive/02 Sequential Readings/BOND/YUUKA/BLUE_ARCHIVE_YUUKA_PRIVATE_CONTEXTUALIZATION_CHECKPOINT.md,REF:CYCLE008_ACCEPTED,REF:CYCLE008_SCOPE,unresolved,,REF:CYCLE008_LIMITS,UNASSESSED,REF:PRIVATE_PRIORITY,1,58,9
BA:bond:10108:003,bond,MANDATORY_COMPLETE_REVIEW,02_CANONICAL_STORIES/BOND/YUUKA/VARIANT_10108_EPISODE_003.md,5d09a587554bb92e1c355226c1b3bba34ee86a710e3619d6f6630423f15f92bb,ADMITTED,series/blue-archive/02 Sequential Readings/BOND/YUUKA/BLUE_ARCHIVE_YUUKA_PRIVATE_CONTEXTUALIZATION_CHECKPOINT.md,REF:CYCLE008_ACCEPTED,REF:CYCLE008_SCOPE,unresolved,,REF:CYCLE008_LIMITS,UNASSESSED,REF:PRIVATE_PRIORITY,1,49,11
BA:bond:10108:005,bond,MANDATORY_COMPLETE_REVIEW,02_CANONICAL_STORIES/BOND/YUUKA/VARIANT_10108_EPISODE_005.md,fee9df0154d7d2aa5cc2f97b9c96d35ad70a7eba43313fc25a3a9c2d342782d1,ADMITTED,series/blue-archive/02 Sequential Readings/BOND/YUUKA/BLUE_ARCHIVE_YUUKA_PRIVATE_CONTEXTUALIZATION_CHECKPOINT.md,REF:CYCLE008_ACCEPTED,REF:CYCLE008_SCOPE,unresolved,,REF:CYCLE008_LIMITS,UNASSESSED,REF:PRIVATE_PRIORITY,1,48,6
BA:bond:10108:006,bond,MANDATORY_COMPLETE_REVIEW,02_CANONICAL_STORIES/BOND/YUUKA/VARIANT_10108_EPISODE_006.md,fa34ca8b07bdd35823786c6fb594d504fde97887d84c814b577c08c2aa4bc916,ADMITTED,series/blue-archive/02 Sequential Readings/BOND/YUUKA/BLUE_ARCHIVE_YUUKA_PRIVATE_CONTEXTUALIZATION_CHECKPOINT.md,REF:CYCLE008_ACCEPTED,REF:CYCLE008_SCOPE,unresolved,,REF:CYCLE008_LIMITS,UNASSESSED,REF:PRIVATE_PRIORITY,1,51,0
BA:bond:10109:002,bond,MANDATORY_COMPLETE_REVIEW,02_CANONICAL_STORIES/BOND/CH0095/VARIANT_10109_EPISODE_002.md,b8451a9c79f62c123d529815cca64c7cfd2fbfcefa34448955412cd09945e7d3,ADMITTED,series/blue-archive/02 Sequential Readings/BOND/BLUE_ARCHIVE_NOA_PHASE2_PRIVATE_CONTEXTUAL_ACCOUNT_20261008.md,REF:CYCLE008_ACCEPTED,REF:CYCLE008_SCOPE,unresolved,,REF:CYCLE008_LIMITS,UNASSESSED,REF:PRIVATE_PRIORITY,2,47,10
BA:bond:10109:003,bond,MANDATORY_COMPLETE_REVIEW,02_CANONICAL_STORIES/BOND/CH0095/VARIANT_10109_EPISODE_003.md,d2ac17ed67341995d487279495336fcbaa52d6ec83edfb7db45ed7b58fd14f97,ADMITTED,series/blue-archive/02 Sequential Readings/BOND/BLUE_ARCHIVE_NOA_PHASE2_PRIVATE_CONTEXTUAL_ACCOUNT_20261008.md,REF:CYCLE008_ACCEPTED,REF:CYCLE008_SCOPE,unresolved,,REF:CYCLE008_LIMITS,UNASSESSED,REF:PRIVATE_PRIORITY,1,55,15
BA:bond:10109:005,bond,MANDATORY_COMPLETE_REVIEW,02_CANONICAL_STORIES/BOND/CH0095/VARIANT_10109_EPISODE_005.md,7fe73ab5500042fe1eec62d5796cba2c4c6ac769e084a5fd8fc957808f7c0a33,ADMITTED,series/blue-archive/02 Sequential Readings/BOND/BLUE_ARCHIVE_NOA_PHASE2_PRIVATE_CONTEXTUAL_ACCOUNT_20261008.md,REF:CYCLE008_ACCEPTED,REF:CYCLE008_SCOPE,unresolved,,REF:CYCLE008_LIMITS,UNASSESSED,REF:PRIVATE_PRIORITY,1,63,14
BA:bond:10109:006,bond,MANDATORY_COMPLETE_REVIEW,02_CANONICAL_STORIES/BOND/CH0095/VARIANT_10109_EPISODE_006.md,e9d02642fe69a392372da743d1c9034a94a838863bee88900cf69bd2db6ac4e1,ADMITTED,series/blue-archive/02 Sequential Readings/BOND/BLUE_ARCHIVE_NOA_PHASE2_PRIVATE_CONTEXTUAL_ACCOUNT_20261008.md,REF:CYCLE008_ACCEPTED,REF:CYCLE008_SCOPE,unresolved,,REF:CYCLE008_LIMITS,UNASSESSED,REF:PRIVATE_PRIORITY,1,34,7
BA:bond:10110:002,bond,MANDATORY_COMPLETE_REVIEW,02_CANONICAL_STORIES/BOND/CH0070/VARIANT_10110_EPISODE_002.md,c6322764f3ad08ee0564c7140076e08c315f0ad57d3d22083b735f6fd8f48684,ADMITTED,series/blue-archive/02 Sequential Readings/BOND/SEIA/BLUE_ARCHIVE_SEIA_PRIVATE_CONTEXTUALIZATION_CHECKPOINT.md,REF:CYCLE008_ACCEPTED,REF:CYCLE008_SCOPE,unresolved,,REF:CYCLE008_LIMITS,UNASSESSED,REF:PRIVATE_PRIORITY,1,52,3
BA:bond:10110:003,bond,MANDATORY_COMPLETE_REVIEW,02_CANONICAL_STORIES/BOND/CH0070/VARIANT_10110_EPISODE_003.md,6aa40b83165761d46f7dd173562742a3f37fdec2f65bba7e6b2996b3ad9a3af8,ADMITTED,series/blue-archive/02 Sequential Readings/BOND/SEIA/BLUE_ARCHIVE_SEIA_PRIVATE_CONTEXTUALIZATION_CHECKPOINT.md,REF:CYCLE008_ACCEPTED,REF:CYCLE008_SCOPE,unresolved,,REF:CYCLE008_LIMITS,UNASSESSED,REF:PRIVATE_PRIORITY,1,46,5
BA:bond:10110:005,bond,MANDATORY_COMPLETE_REVIEW,02_CANONICAL_STORIES/BOND/CH0070/VARIANT_10110_EPISODE_005.md,1cfc610470e99bbacc37a0f53235b2d3952d9847842820357857c34e08d6a219,ADMITTED,series/blue-archive/02 Sequential Readings/BOND/SEIA/BLUE_ARCHIVE_SEIA_PRIVATE_CONTEXTUALIZATION_CHECKPOINT.md,REF:CYCLE008_ACCEPTED,REF:CYCLE008_SCOPE,unresolved,,REF:CYCLE008_LIMITS,UNASSESSED,REF:PRIVATE_PRIORITY,1,61,4
BA:bond:10110:006,bond,MANDATORY_COMPLETE_REVIEW,02_CANONICAL_STORIES/BOND/CH0070/VARIANT_10110_EPISODE_006.md,8ddcdcfc48c0fb3dfe6ae3edc1c4892dda176eec0e0ade38f9053b054cf16f74,ADMITTED,series/blue-archive/02 Sequential Readings/BOND/SEIA/BLUE_ARCHIVE_SEIA_PRIVATE_CONTEXTUALIZATION_CHECKPOINT.md,REF:CYCLE008_ACCEPTED,REF:CYCLE008_SCOPE,unresolved,,REF:CYCLE008_LIMITS,UNASSESSED,REF:PRIVATE_PRIORITY,1,58,3
BA:bond:10111:002,bond,MANDATORY_COMPLETE_REVIEW,02_CANONICAL_STORIES/BOND/NERU/VARIANT_10111_EPISODE_002.md,edadea02f77d8110e40a4cbbc30aa67e474476ec271ef768a2bc1eeaa1edc817,ADMITTED,series/blue-archive/02 Sequential Readings/BOND/BLUE_ARCHIVE_NERU_PHASE2_PRIVATE_CONTEXTUAL_ACCOUNT_20261008.md,REF:CYCLE008_ACCEPTED,REF:CYCLE008_SCOPE,unresolved,,REF:CYCLE008_LIMITS,UNASSESSED,REF:PRIVATE_PRIORITY,1,84,12
BA:bond:10111:003,bond,MANDATORY_COMPLETE_REVIEW,02_CANONICAL_STORIES/BOND/NERU/VARIANT_10111_EPISODE_003.md,837e16d56e55f94436e03e3544402474b039dcc7d8b77aff154e632b47d47489,ADMITTED,series/blue-archive/02 Sequential Readings/BOND/BLUE_ARCHIVE_NERU_PHASE2_PRIVATE_CONTEXTUAL_ACCOUNT_20261008.md,REF:CYCLE008_ACCEPTED,REF:CYCLE008_SCOPE,unresolved,,REF:CYCLE008_LIMITS,UNASSESSED,REF:PRIVATE_PRIORITY,1,112,16
BA:bond:10111:005,bond,MANDATORY_COMPLETE_REVIEW,02_CANONICAL_STORIES/BOND/NERU/VARIANT_10111_EPISODE_005.md,103394c2b614e5822da71b094d1237c0fa66094035e8e34fb5e3d55d2c734b5f,ADMITTED,series/blue-archive/02 Sequential Readings/BOND/BLUE_ARCHIVE_NERU_PHASE2_PRIVATE_CONTEXTUAL_ACCOUNT_20261008.md,REF:CYCLE008_ACCEPTED,REF:CYCLE008_SCOPE,unresolved,,REF:CYCLE008_LIMITS,UNASSESSED,REF:PRIVATE_PRIORITY,1,78,11
BA:bond:10112:002,bond,MANDATORY_COMPLETE_REVIEW,02_CANONICAL_STORIES/BOND/ASUNA/VARIANT_10112_EPISODE_002.md,c574057e933b08cfb71ac3668074dedfdac9f90e0ed3db29095e184c1c408b9a,ADMITTED,series/blue-archive/02 Sequential Readings/BOND/BLUE_ARCHIVE_ASUNA_PHASE2_PRIVATE_CONTEXTUAL_ACCOUNT_20261008.md,REF:CYCLE008_ACCEPTED,REF:CYCLE008_SCOPE,unresolved,,REF:CYCLE008_LIMITS,UNASSESSED,REF:PRIVATE_PRIORITY,1,42,8
BA:bond:10112:003,bond,MANDATORY_COMPLETE_REVIEW,02_CANONICAL_STORIES/BOND/ASUNA/VARIANT_10112_EPISODE_003.md,7a78927c9790b464f988fccd0d09e67a4d0a73f76539f972a563d4dc5c319e3b,ADMITTED,series/blue-archive/02 Sequential Readings/BOND/BLUE_ARCHIVE_ASUNA_PHASE2_PRIVATE_CONTEXTUAL_ACCOUNT_20261008.md,REF:CYCLE008_ACCEPTED,REF:CYCLE008_SCOPE,unresolved,,REF:CYCLE008_LIMITS,UNASSESSED,REF:PRIVATE_PRIORITY,1,39,7
BA:bond:10112:005,bond,MANDATORY_COMPLETE_REVIEW,02_CANONICAL_STORIES/BOND/ASUNA/VARIANT_10112_EPISODE_005.md,770ee2d62c9183b3d68f8ebb58c220aee8a8a6eb2eeb0470eedcd7a6fdf945d4,ADMITTED,series/blue-archive/02 Sequential Readings/BOND/BLUE_ARCHIVE_ASUNA_PHASE2_PRIVATE_CONTEXTUAL_ACCOUNT_20261008.md,REF:CYCLE008_ACCEPTED,REF:CYCLE008_SCOPE,unresolved,,REF:CYCLE008_LIMITS,UNASSESSED,REF:PRIVATE_PRIORITY,1,51,5
BA:bond:10112:006,bond,MANDATORY_COMPLETE_REVIEW,02_CANONICAL_STORIES/BOND/ASUNA/VARIANT_10112_EPISODE_006.md,4451d710bf2e14fcbba9734df306abde9e5604adaec3bdefe867fe65daef9ada,ADMITTED,series/blue-archive/02 Sequential Readings/BOND/BLUE_ARCHIVE_ASUNA_PHASE2_PRIVATE_CONTEXTUAL_ACCOUNT_20261008.md,REF:CYCLE008_ACCEPTED,REF:CYCLE008_SCOPE,unresolved,,REF:CYCLE008_LIMITS,UNASSESSED,REF:PRIVATE_PRIORITY,1,39,10
BA:bond:10113:002,bond,MANDATORY_COMPLETE_REVIEW,02_CANONICAL_STORIES/BOND/CH0081/VARIANT_10113_EPISODE_002.md,f4e5156790e88d5bee040cea94600bd602f584f77f34498fb9e488d884644a22,ADMITTED,series/blue-archive/02 Sequential Readings/BOND/BLUE_ARCHIVE_GEHENNA20_PHASE2_PRIVATE_CONTEXTUAL_ACCOUNT_20261008.md,REF:CYCLE008_ACCEPTED,REF:CYCLE008_SCOPE,unresolved,,REF:CYCLE008_LIMITS,UNASSESSED,REF:PRIVATE_PRIORITY,1,88,8
BA:bond:10113:003,bond,MANDATORY_COMPLETE_REVIEW,02_CANONICAL_STORIES/BOND/CH0081/VARIANT_10113_EPISODE_003.md,426ed0e2e5a41dbffa4c64427d5670013fa9ec2e470e5e485235886684bae19c,ADMITTED,series/blue-archive/02 Sequential Readings/BOND/BLUE_ARCHIVE_GEHENNA20_PHASE2_PRIVATE_CONTEXTUAL_ACCOUNT_20261008.md,REF:CYCLE008_ACCEPTED,REF:CYCLE008_SCOPE,unresolved,,REF:CYCLE008_LIMITS,UNASSESSED,REF:PRIVATE_PRIORITY,1,58,11
BA:bond:10113:005,bond,MANDATORY_COMPLETE_REVIEW,02_CANONICAL_STORIES/BOND/CH0081/VARIANT_10113_EPISODE_005.md,5594cb4d77c3ea8297547046fe678a8b82b54c7dfe93ae697130424aed743570,ADMITTED,series/blue-archive/02 Sequential Readings/BOND/BLUE_ARCHIVE_GEHENNA20_PHASE2_PRIVATE_CONTEXTUAL_ACCOUNT_20261008.md,REF:CYCLE008_ACCEPTED,REF:CYCLE008_SCOPE,unresolved,,REF:CYCLE008_LIMITS,UNASSESSED,REF:PRIVATE_PRIORITY,1,92,10
BA:bond:10114:002,bond,MANDATORY_COMPLETE_REVIEW,02_CANONICAL_STORIES/BOND/JURI/VARIANT_10114_EPISODE_002.md,7bb8a2f2b9e111149e29a1a1c1b3a26f6e2d39b53c712508d13f3ec6b1ef5555,ADMITTED,series/blue-archive/02 Sequential Readings/BOND/BLUE_ARCHIVE_GEHENNA20_PHASE2_PRIVATE_CONTEXTUAL_ACCOUNT_20261008.md,REF:CYCLE008_ACCEPTED,REF:CYCLE008_SCOPE,unresolved,,REF:CYCLE008_LIMITS,UNASSESSED,REF:PRIVATE_PRIORITY,1,101,5
BA:bond:10114:003,bond,MANDATORY_COMPLETE_REVIEW,02_CANONICAL_STORIES/BOND/JURI/VARIANT_10114_EPISODE_003.md,7af7e5885d5dcd14ca185f93f4926e5985ce88b73798f469f9f9ba78409aeb01,ADMITTED,series/blue-archive/02 Sequential Readings/BOND/BLUE_ARCHIVE_GEHENNA20_PHASE2_PRIVATE_CONTEXTUAL_ACCOUNT_20261008.md,REF:CYCLE008_ACCEPTED,REF:CYCLE008_SCOPE,unresolved,,REF:CYCLE008_LIMITS,UNASSESSED,REF:PRIVATE_PRIORITY,1,89,3
BA:bond:10114:005,bond,MANDATORY_COMPLETE_REVIEW,02_CANONICAL_STORIES/BOND/JURI/VARIANT_10114_EPISODE_005.md,b26438f504ecbdd96641c68f9dbfafc637f3e3ff9f3bc61984b8d79fac2ea377,ADMITTED,series/blue-archive/02 Sequential Readings/BOND/BLUE_ARCHIVE_GEHENNA20_PHASE2_PRIVATE_CONTEXTUAL_ACCOUNT_20261008.md,REF:CYCLE008_ACCEPTED,REF:CYCLE008_SCOPE,unresolved,,REF:CYCLE008_LIMITS,UNASSESSED,REF:PRIVATE_PRIORITY,1,100,9
BA:bond:10115:002,bond,MANDATORY_COMPLETE_REVIEW,02_CANONICAL_STORIES/BOND/CH0245/VARIANT_10115_EPISODE_002.md,fd93fa155b73cc5c168d20a24abd4799590ca8228bcdd976c266d4093ece4414,ADMITTED,series/blue-archive/02 Sequential Readings/BOND/NOMASA_REI/BLUE_ARCHIVE_NOMASA_REI_PRIVATE_CONTEXTUALIZATION_CHECKPOINT.md,REF:ORIGINAL_ADMISSION_RECORD_0020,REF:ORIGINAL_ADMITTED_CLAIM_SCOPE_0024,LOCAL_RELATIVE_ONLY,"Explicit local invitations, recollections and afterwords; no main/diver placement.",REF:ORIGINAL_ATTRIBUTION_LIMITS_0025,HIGH,REF:ORIGINAL_PRIORITY_REASON_0026,1,96,6
BA:bond:10115:003,bond,MANDATORY_COMPLETE_REVIEW,02_CANONICAL_STORIES/BOND/CH0245/VARIANT_10115_EPISODE_003.md,1d1835dfe89c81f0eb4a3be58dfd2ac93e37b9afda22e3d17f87b735467d3d22,ADMITTED,series/blue-archive/02 Sequential Readings/BOND/NOMASA_REI/BLUE_ARCHIVE_NOMASA_REI_PRIVATE_CONTEXTUALIZATION_CHECKPOINT.md,REF:ORIGINAL_ADMISSION_RECORD_0020,REF:ORIGINAL_ADMITTED_CLAIM_SCOPE_0024,LOCAL_RELATIVE_ONLY,"Explicit local invitations, recollections and afterwords; no main/diver placement.",REF:ORIGINAL_ATTRIBUTION_LIMITS_0025,HIGH,REF:ORIGINAL_PRIORITY_REASON_0026,1,91,7
BA:bond:10115:005,bond,MANDATORY_COMPLETE_REVIEW,02_CANONICAL_STORIES/BOND/CH0245/VARIANT_10115_EPISODE_005.md,ed69871c4a0f8917e973d79a6e658df5cde2426371edc731fa19aae54512c309,ADMITTED,series/blue-archive/02 Sequential Readings/BOND/NOMASA_REI/BLUE_ARCHIVE_NOMASA_REI_PRIVATE_CONTEXTUALIZATION_CHECKPOINT.md,REF:ORIGINAL_ADMISSION_RECORD_0020,REF:ORIGINAL_ADMITTED_CLAIM_SCOPE_0024,LOCAL_RELATIVE_ONLY,"Explicit local invitations, recollections and afterwords; no main/diver placement.",REF:ORIGINAL_ATTRIBUTION_LIMITS_0025,HIGH,REF:ORIGINAL_PRIORITY_REASON_0026,1,88,3
BA:bond:10115:006,bond,MANDATORY_COMPLETE_REVIEW,02_CANONICAL_STORIES/BOND/CH0245/VARIANT_10115_EPISODE_006.md,70d4f13aadc5dea2ce3c40974dbe5a0de3fdafe3dde63a6f028283fab4f7e83f,ADMITTED,series/blue-archive/02 Sequential Readings/BOND/NOMASA_REI/BLUE_ARCHIVE_NOMASA_REI_PRIVATE_CONTEXTUALIZATION_CHECKPOINT.md,REF:ORIGINAL_ADMISSION_RECORD_0020,REF:ORIGINAL_ADMITTED_CLAIM_SCOPE_0024,LOCAL_RELATIVE_ONLY,"Explicit local invitations, recollections and afterwords; no main/diver placement.",REF:ORIGINAL_ATTRIBUTION_LIMITS_0025,HIGH,REF:ORIGINAL_PRIORITY_REASON_0026,1,66,6
BA:bond:10116:002,bond,MANDATORY_COMPLETE_REVIEW,02_CANONICAL_STORIES/BOND/SAORI/VARIANT_10116_EPISODE_002.md,3ac8579d48294522a4dafb7e2d762590e1bc85254259fe8cd663c4bea54472b2,ADMITTED,series/blue-archive/02 Sequential Readings/BOND/BLUE_ARCHIVE_SAORI_ATSUKO_PRIVATE_CONTEXTUALIZATION_CHECKPOINT.md,REF:CYCLE008_ACCEPTED,REF:CYCLE008_SCOPE,unresolved,,REF:CYCLE008_LIMITS,UNASSESSED,REF:PRIVATE_PRIORITY,1,54,9
BA:bond:10116:003,bond,MANDATORY_COMPLETE_REVIEW,02_CANONICAL_STORIES/BOND/SAORI/VARIANT_10116_EPISODE_003.md,c4191b14f447bf1c9205ea087b9419545515f9233fd900a9b35cfd758b42bb23,ADMITTED,series/blue-archive/02 Sequential Readings/BOND/BLUE_ARCHIVE_SAORI_ATSUKO_PRIVATE_CONTEXTUALIZATION_CHECKPOINT.md,REF:CYCLE008_ACCEPTED,REF:CYCLE008_SCOPE,unresolved,,REF:CYCLE008_LIMITS,UNASSESSED,REF:PRIVATE_PRIORITY,1,54,6
BA:bond:10116:005,bond,MANDATORY_COMPLETE_REVIEW,02_CANONICAL_STORIES/BOND/SAORI/VARIANT_10116_EPISODE_005.md,d57a976c1ed1de2db828564c53674faf77f3948c5801eba597623dde462e2e24,ADMITTED,series/blue-archive/02 Sequential Readings/BOND/BLUE_ARCHIVE_SAORI_ATSUKO_PRIVATE_CONTEXTUALIZATION_CHECKPOINT.md,REF:CYCLE008_ACCEPTED,REF:CYCLE008_SCOPE,unresolved,,REF:CYCLE008_LIMITS,UNASSESSED,REF:PRIVATE_PRIORITY,1,55,3
BA:bond:10117:002,bond,MANDATORY_COMPLETE_REVIEW,02_CANONICAL_STORIES/BOND/CH0242/VARIANT_10117_EPISODE_002.md,09d54c56e2611775b7fdaa6963bf10f770ce91268344afc04d55b6ced4d7ae44,ADMITTED,series/blue-archive/02 Sequential Readings/BOND/BLUE_ARCHIVE_HIGHLANDER_HIKARI_NOZOMI_PHASE2_PRIVATE_CONTEXTUAL_ACCOUNT_20261008.md,REF:CYCLE008_ACCEPTED,REF:CYCLE008_SCOPE,unresolved,,REF:CYCLE008_LIMITS,UNASSESSED,REF:PRIVATE_PRIORITY,1,43,10
BA:bond:10117:003,bond,MANDATORY_COMPLETE_REVIEW,02_CANONICAL_STORIES/BOND/CH0242/VARIANT_10117_EPISODE_003.md,d286b7e6b29f1011a3e62d18f27e5a5340b3760ac815b16a8a02200e8ee192f8,ADMITTED,series/blue-archive/02 Sequential Readings/BOND/BLUE_ARCHIVE_HIGHLANDER_HIKARI_NOZOMI_PHASE2_PRIVATE_CONTEXTUAL_ACCOUNT_20261008.md,REF:CYCLE008_ACCEPTED,REF:CYCLE008_SCOPE,unresolved,,REF:CYCLE008_LIMITS,UNASSESSED,REF:PRIVATE_PRIORITY,1,35,8
BA:bond:10117:005,bond,MANDATORY_COMPLETE_REVIEW,02_CANONICAL_STORIES/BOND/CH0242/VARIANT_10117_EPISODE_005.md,0db22658f750c0bc704bd0e2b0d114ecfc612473c2a4f5e2ce145d02c8076121,ADMITTED,series/blue-archive/02 Sequential Readings/BOND/BLUE_ARCHIVE_HIGHLANDER_HIKARI_NOZOMI_PHASE2_PRIVATE_CONTEXTUAL_ACCOUNT_20261008.md,REF:CYCLE008_ACCEPTED,REF:CYCLE008_SCOPE,unresolved,,REF:CYCLE008_LIMITS,UNASSESSED,REF:PRIVATE_PRIORITY,1,50,10
BA:bond:10117:006,bond,MANDATORY_COMPLETE_REVIEW,02_CANONICAL_STORIES/BOND/CH0242/VARIANT_10117_EPISODE_006.md,7552132d3cf9666f232b1a1267193a6604dc677aab743a6e004d8b2ce676ace7,ADMITTED,series/blue-archive/02 Sequential Readings/BOND/BLUE_ARCHIVE_HIGHLANDER_HIKARI_NOZOMI_PHASE2_PRIVATE_CONTEXTUAL_ACCOUNT_20261008.md,REF:CYCLE008_ACCEPTED,REF:CYCLE008_SCOPE,unresolved,,REF:CYCLE008_LIMITS,UNASSESSED,REF:PRIVATE_PRIORITY,1,42,10
BA:bond:10117:008,bond,MANDATORY_COMPLETE_REVIEW,02_CANONICAL_STORIES/BOND/CH0242/VARIANT_10117_EPISODE_008.md,93ac529c0cd4a9dd11c8c47350e3e44eb3265147f0781b419a91a20f82e1bdf3,ADMITTED,series/blue-archive/02 Sequential Readings/BOND/BLUE_ARCHIVE_HIGHLANDER_HIKARI_NOZOMI_PHASE2_PRIVATE_CONTEXTUAL_ACCOUNT_20261008.md,REF:CYCLE008_ACCEPTED,REF:CYCLE008_SCOPE,unresolved,,REF:CYCLE008_LIMITS,UNASSESSED,REF:PRIVATE_PRIORITY,1,37,9
BA:bond:10118:002,bond,MANDATORY_COMPLETE_REVIEW,02_CANONICAL_STORIES/BOND/CH0243/VARIANT_10118_EPISODE_002.md,55542b1748d0de892af5909c7f4c17614d0929e4d80f6acd26fafb36295bf74f,ADMITTED,series/blue-archive/02 Sequential Readings/BOND/BLUE_ARCHIVE_HIGHLANDER_HIKARI_NOZOMI_PHASE2_PRIVATE_CONTEXTUAL_ACCOUNT_20261008.md,REF:CYCLE008_ACCEPTED,REF:CYCLE008_SCOPE,unresolved,,REF:CYCLE008_LIMITS,UNASSESSED,REF:PRIVATE_PRIORITY,1,56,4
BA:bond:10118:003,bond,MANDATORY_COMPLETE_REVIEW,02_CANONICAL_STORIES/BOND/CH0243/VARIANT_10118_EPISODE_003.md,8a9fec1354eaf516d318d9a50cd51e142a9accbae892ec634cc7cead3e9dd11c,ADMITTED,series/blue-archive/02 Sequential Readings/BOND/BLUE_ARCHIVE_HIGHLANDER_HIKARI_NOZOMI_PHASE2_PRIVATE_CONTEXTUAL_ACCOUNT_20261008.md,REF:CYCLE008_ACCEPTED,REF:CYCLE008_SCOPE,unresolved,,REF:CYCLE008_LIMITS,UNASSESSED,REF:PRIVATE_PRIORITY,1,44,8
BA:bond:10118:005,bond,MANDATORY_COMPLETE_REVIEW,02_CANONICAL_STORIES/BOND/CH0243/VARIANT_10118_EPISODE_005.md,4aea930750398a3362cac1a011febd2c92a84e80190f7a5f5ec1ec0a29f2930f,ADMITTED,series/blue-archive/02 Sequential Readings/BOND/BLUE_ARCHIVE_HIGHLANDER_HIKARI_NOZOMI_PHASE2_PRIVATE_CONTEXTUAL_ACCOUNT_20261008.md,REF:CYCLE008_ACCEPTED,REF:CYCLE008_SCOPE,unresolved,,REF:CYCLE008_LIMITS,UNASSESSED,REF:PRIVATE_PRIORITY,1,29,4
BA:bond:10118:006,bond,MANDATORY_COMPLETE_REVIEW,02_CANONICAL_STORIES/BOND/CH0243/VARIANT_10118_EPISODE_006.md,98aab36f25ba4603e6f1cea930675dee5d5833dd4c009205a97c72cc852f0e32,ADMITTED,series/blue-archive/02 Sequential Readings/BOND/BLUE_ARCHIVE_HIGHLANDER_HIKARI_NOZOMI_PHASE2_PRIVATE_CONTEXTUAL_ACCOUNT_20261008.md,REF:CYCLE008_ACCEPTED,REF:CYCLE008_SCOPE,unresolved,,REF:CYCLE008_LIMITS,UNASSESSED,REF:PRIVATE_PRIORITY,1,22,3
BA:bond:10118:008,bond,MANDATORY_COMPLETE_REVIEW,02_CANONICAL_STORIES/BOND/CH0243/VARIANT_10118_EPISODE_008.md,f87b71d7849bb4efe2bf37eea91b4b5ff3b1805d7a6dc2d75db52bd540240709,ADMITTED,series/blue-archive/02 Sequential Readings/BOND/BLUE_ARCHIVE_HIGHLANDER_HIKARI_NOZOMI_PHASE2_PRIVATE_CONTEXTUAL_ACCOUNT_20261008.md,REF:CYCLE008_ACCEPTED,REF:CYCLE008_SCOPE,unresolved,,REF:CYCLE008_LIMITS,UNASSESSED,REF:PRIVATE_PRIORITY,1,49,13
BA:bond:10119:002,bond,MANDATORY_COMPLETE_REVIEW,02_CANONICAL_STORIES/BOND/CH0222/VARIANT_10119_EPISODE_002.md,d895574e8201d6dbffd3cea0e00f1f99bb52ff54c2c7dd654dffc31c066bc01b,ADMITTED,series/blue-archive/02 Sequential Readings/BOND/BLUE_ARCHIVE_HYAKKA_YUKARI_NAGUSA_KIKYOU_RENGE_PHASE2_PRIVATE_CONTEXTUAL_ACCOUNT_20261008.md,REF:CYCLE008_ACCEPTED,REF:CYCLE008_SCOPE,unresolved,,REF:CYCLE008_LIMITS,UNASSESSED,REF:PRIVATE_PRIORITY,1,44,9
BA:bond:10119:003,bond,MANDATORY_COMPLETE_REVIEW,02_CANONICAL_STORIES/BOND/CH0222/VARIANT_10119_EPISODE_003.md,971b2f28425b9914594b376601cb2d0ec27e45262402f5b7d8f9ce3d6ad5a792,ADMITTED,series/blue-archive/02 Sequential Readings/BOND/BLUE_ARCHIVE_HYAKKA_YUKARI_NAGUSA_KIKYOU_RENGE_PHASE2_PRIVATE_CONTEXTUAL_ACCOUNT_20261008.md,REF:CYCLE008_ACCEPTED,REF:CYCLE008_SCOPE,unresolved,,REF:CYCLE008_LIMITS,UNASSESSED,REF:PRIVATE_PRIORITY,1,47,6
BA:bond:10119:005,bond,MANDATORY_COMPLETE_REVIEW,02_CANONICAL_STORIES/BOND/CH0222/VARIANT_10119_EPISODE_005.md,562d6dc4eaf9932f3be23cd870f2ebf769bdb8acdf67ae59c44ea20e13bae597,ADMITTED,series/blue-archive/02 Sequential Readings/BOND/BLUE_ARCHIVE_HYAKKA_YUKARI_NAGUSA_KIKYOU_RENGE_PHASE2_PRIVATE_CONTEXTUAL_ACCOUNT_20261008.md,REF:CYCLE008_ACCEPTED,REF:CYCLE008_SCOPE,unresolved,,REF:CYCLE008_LIMITS,UNASSESSED,REF:PRIVATE_PRIORITY,1,69,6
BA:bond:10119:006,bond,MANDATORY_COMPLETE_REVIEW,02_CANONICAL_STORIES/BOND/CH0222/VARIANT_10119_EPISODE_006.md,9d076669334a81c9c13215f99b01ba8171944e1ad756d11cd1b0fba980b3ff60,ADMITTED,series/blue-archive/02 Sequential Readings/BOND/BLUE_ARCHIVE_HYAKKA_YUKARI_NAGUSA_KIKYOU_RENGE_PHASE2_PRIVATE_CONTEXTUAL_ACCOUNT_20261008.md,REF:CYCLE008_ACCEPTED,REF:CYCLE008_SCOPE,unresolved,,REF:CYCLE008_LIMITS,UNASSESSED,REF:PRIVATE_PRIORITY,1,32,8
BA:bond:10120:002,bond,MANDATORY_COMPLETE_REVIEW,02_CANONICAL_STORIES/BOND/CH0155/VARIANT_10120_EPISODE_002.md,d305d088a3554c121824370dcb27fadd3b15208b281ccf5b36115e5c53e450d8,ADMITTED,series/blue-archive/02 Sequential Readings/BOND/BLUE_ARCHIVE_AIRI_KAZUSA_YOSHIMI_NATSU_PRIVATE_CONTEXTUALIZATION_CHECKPOINT.md,REF:CYCLE008_ACCEPTED,REF:CYCLE008_SCOPE,unresolved,,REF:CYCLE008_LIMITS,UNASSESSED,REF:PRIVATE_PRIORITY,1,29,2
BA:bond:10120:003,bond,MANDATORY_COMPLETE_REVIEW,02_CANONICAL_STORIES/BOND/CH0155/VARIANT_10120_EPISODE_003.md,72f3915f65da1c1782e7388fe497e3ce7083d726880f5133dbf4e46c1225bfb4,ADMITTED,series/blue-archive/02 Sequential Readings/BOND/BLUE_ARCHIVE_AIRI_KAZUSA_YOSHIMI_NATSU_PRIVATE_CONTEXTUALIZATION_CHECKPOINT.md,REF:CYCLE008_ACCEPTED,REF:CYCLE008_SCOPE,unresolved,,REF:CYCLE008_LIMITS,UNASSESSED,REF:PRIVATE_PRIORITY,1,45,5
BA:bond:10120:005,bond,MANDATORY_COMPLETE_REVIEW,02_CANONICAL_STORIES/BOND/CH0155/VARIANT_10120_EPISODE_005.md,48333f7d03465f202dc106bcb795b2fece8af99652a0b86e00078028baf3d361,ADMITTED,series/blue-archive/02 Sequential Readings/BOND/BLUE_ARCHIVE_AIRI_KAZUSA_YOSHIMI_NATSU_PRIVATE_CONTEXTUALIZATION_CHECKPOINT.md,REF:CYCLE008_ACCEPTED,REF:CYCLE008_SCOPE,unresolved,,REF:CYCLE008_LIMITS,UNASSESSED,REF:PRIVATE_PRIORITY,1,42,1
BA:bond:10120:006,bond,MANDATORY_COMPLETE_REVIEW,02_CANONICAL_STORIES/BOND/CH0155/VARIANT_10120_EPISODE_006.md,c11f5398028bbccf98d3279a2c7c53a6cbc2bf3f3e02bb0c7151d28483fc782c,ADMITTED,series/blue-archive/02 Sequential Readings/BOND/BLUE_ARCHIVE_AIRI_KAZUSA_YOSHIMI_NATSU_PRIVATE_CONTEXTUALIZATION_CHECKPOINT.md,REF:CYCLE008_ACCEPTED,REF:CYCLE008_SCOPE,unresolved,,REF:CYCLE008_LIMITS,UNASSESSED,REF:PRIVATE_PRIORITY,1,45,3
BA:bond:10121:002,bond,MANDATORY_COMPLETE_REVIEW,02_CANONICAL_STORIES/BOND/CH0161/VARIANT_10121_EPISODE_002.md,51e2cee96016525ff134e730aeceb3674ad6ea57aced5d7ad507589da7a56404,ADMITTED,series/blue-archive/02 Sequential Readings/BOND/BLUE_ARCHIVE_HYAKKA_YUKARI_NAGUSA_KIKYOU_RENGE_PHASE2_PRIVATE_CONTEXTUAL_ACCOUNT_20261008.md,REF:CYCLE008_ACCEPTED,REF:CYCLE008_SCOPE,unresolved,,REF:CYCLE008_LIMITS,UNASSESSED,REF:PRIVATE_PRIORITY,1,53,5
BA:bond:10121:003,bond,MANDATORY_COMPLETE_REVIEW,02_CANONICAL_STORIES/BOND/CH0161/VARIANT_10121_EPISODE_003.md,7e360f122234e821d2669ea44cb3b0fdfd0ce169be0f15102a64c4be2cbebfce,ADMITTED,series/blue-archive/02 Sequential Readings/BOND/BLUE_ARCHIVE_HYAKKA_YUKARI_NAGUSA_KIKYOU_RENGE_PHASE2_PRIVATE_CONTEXTUAL_ACCOUNT_20261008.md,REF:CYCLE008_ACCEPTED,REF:CYCLE008_SCOPE,unresolved,,REF:CYCLE008_LIMITS,UNASSESSED,REF:PRIVATE_PRIORITY,2,68,4
BA:bond:10121:005,bond,MANDATORY_COMPLETE_REVIEW,02_CANONICAL_STORIES/BOND/CH0161/VARIANT_10121_EPISODE_005.md,dd26e643916cc54e81aca657cf3a19df7083040d335af85cd8fb1a1c3bde7837,ADMITTED,series/blue-archive/02 Sequential Readings/BOND/BLUE_ARCHIVE_HYAKKA_YUKARI_NAGUSA_KIKYOU_RENGE_PHASE2_PRIVATE_CONTEXTUAL_ACCOUNT_20261008.md,REF:CYCLE008_ACCEPTED,REF:CYCLE008_SCOPE,unresolved,,REF:CYCLE008_LIMITS,UNASSESSED,REF:PRIVATE_PRIORITY,1,28,1
BA:bond:10121:006,bond,MANDATORY_COMPLETE_REVIEW,02_CANONICAL_STORIES/BOND/CH0161/VARIANT_10121_EPISODE_006.md,1dcb74107570957753480d6509fc449835609b61620a6ffc9583bb26dec066ac,ADMITTED,series/blue-archive/02 Sequential Readings/BOND/BLUE_ARCHIVE_HYAKKA_YUKARI_NAGUSA_KIKYOU_RENGE_PHASE2_PRIVATE_CONTEXTUAL_ACCOUNT_20261008.md,REF:CYCLE008_ACCEPTED,REF:CYCLE008_SCOPE,unresolved,,REF:CYCLE008_LIMITS,UNASSESSED,REF:PRIVATE_PRIORITY,1,36,2
BA:bond:10122:002,bond,MANDATORY_COMPLETE_REVIEW,02_CANONICAL_STORIES/BOND/CH0069/VARIANT_10122_EPISODE_002.md,c90baea03e672ff8e324dc707771ccd87c44ce982e763da66fb4c306ecc5d58d,ADMITTED,series/blue-archive/02 Sequential Readings/BOND/MIKA/BLUE_ARCHIVE_MIKA_PRIVATE_CONTEXTUALIZATION_CHECKPOINT.md,REF:CYCLE008_ACCEPTED,REF:CYCLE008_SCOPE,unresolved,,REF:CYCLE008_LIMITS,UNASSESSED,REF:PRIVATE_PRIORITY,1,39,6
BA:bond:10122:003,bond,MANDATORY_COMPLETE_REVIEW,02_CANONICAL_STORIES/BOND/CH0069/VARIANT_10122_EPISODE_003.md,52e35b792d05a6dd34d780b4f2d908c37b069d74948a228634e2e0aec431913c,ADMITTED,series/blue-archive/02 Sequential Readings/BOND/MIKA/BLUE_ARCHIVE_MIKA_PRIVATE_CONTEXTUALIZATION_CHECKPOINT.md,REF:CYCLE008_ACCEPTED,REF:CYCLE008_SCOPE,unresolved,,REF:CYCLE008_LIMITS,UNASSESSED,REF:PRIVATE_PRIORITY,1,49,6
BA:bond:10122:005,bond,MANDATORY_COMPLETE_REVIEW,02_CANONICAL_STORIES/BOND/CH0069/VARIANT_10122_EPISODE_005.md,2bc108e150558d3db27a657a1da02ea4815436fc7c2a0a907d16002b8faabe9b,ADMITTED,series/blue-archive/02 Sequential Readings/BOND/MIKA/BLUE_ARCHIVE_MIKA_PRIVATE_CONTEXTUALIZATION_CHECKPOINT.md,REF:CYCLE008_ACCEPTED,REF:CYCLE008_SCOPE,unresolved,,REF:CYCLE008_LIMITS,UNASSESSED,REF:PRIVATE_PRIORITY,1,38,4
BA:bond:10122:006,bond,MANDATORY_COMPLETE_REVIEW,02_CANONICAL_STORIES/BOND/CH0069/VARIANT_10122_EPISODE_006.md,6552750ae1777211c829047f4dd678d50c1d83c1643d4f411107e02686d42758,ADMITTED,series/blue-archive/02 Sequential Readings/BOND/MIKA/BLUE_ARCHIVE_MIKA_PRIVATE_CONTEXTUALIZATION_CHECKPOINT.md,REF:CYCLE008_ACCEPTED,REF:CYCLE008_SCOPE,unresolved,,REF:CYCLE008_LIMITS,UNASSESSED,REF:PRIVATE_PRIORITY,1,78,7
BA:bond:10122:008,bond,MANDATORY_COMPLETE_REVIEW,02_CANONICAL_STORIES/BOND/CH0069/VARIANT_10122_EPISODE_008.md,4967c01f3d5bcbad518b509ebfff4ada2151f795739576a1ae3d8f734a3ebf04,ADMITTED,series/blue-archive/02 Sequential Readings/BOND/MIKA/BLUE_ARCHIVE_MIKA_PRIVATE_CONTEXTUALIZATION_CHECKPOINT.md,REF:CYCLE008_ACCEPTED,REF:CYCLE008_SCOPE,unresolved,,REF:CYCLE008_LIMITS,UNASSESSED,REF:PRIVATE_PRIORITY,1,86,4
BA:bond:10122:009,bond,MANDATORY_COMPLETE_REVIEW,02_CANONICAL_STORIES/BOND/CH0069/VARIANT_10122_EPISODE_009.md,99ec8168a1c674336e651da646fd78b42c62a02df0b524df9de6683c63173fe2,ADMITTED,series/blue-archive/02 Sequential Readings/BOND/MIKA/BLUE_ARCHIVE_MIKA_PRIVATE_CONTEXTUALIZATION_CHECKPOINT.md,REF:CYCLE008_ACCEPTED,REF:CYCLE008_SCOPE,unresolved,,REF:CYCLE008_LIMITS,UNASSESSED,REF:PRIVATE_PRIORITY,1,48,5
BA:bond:10123:002,bond,MANDATORY_COMPLETE_REVIEW,02_CANONICAL_STORIES/BOND/CH0070/VARIANT_10123_EPISODE_002.md,8a3f3bd47b7691cb7df5e91603279121b4988f4f09b01d6c1c53bf32fdba0c28,ADMITTED,series/blue-archive/02 Sequential Readings/BOND/SEIA/BLUE_ARCHIVE_SEIA_PRIVATE_CONTEXTUALIZATION_CHECKPOINT.md,REF:CYCLE008_ACCEPTED,REF:CYCLE008_SCOPE,unresolved,,REF:CYCLE008_LIMITS,UNASSESSED,REF:PRIVATE_PRIORITY,1,75,6
BA:bond:10123:003,bond,MANDATORY_COMPLETE_REVIEW,02_CANONICAL_STORIES/BOND/CH0070/VARIANT_10123_EPISODE_003.md,5025b04b9774158bb9e25860acda9442f2f82aa46c08da7a2f07d1cd4b1f68b2,ADMITTED,series/blue-archive/02 Sequential Readings/BOND/SEIA/BLUE_ARCHIVE_SEIA_PRIVATE_CONTEXTUALIZATION_CHECKPOINT.md,REF:CYCLE008_ACCEPTED,REF:CYCLE008_SCOPE,unresolved,,REF:CYCLE008_LIMITS,UNASSESSED,REF:PRIVATE_PRIORITY,1,53,6
BA:bond:10123:005,bond,MANDATORY_COMPLETE_REVIEW,02_CANONICAL_STORIES/BOND/CH0070/VARIANT_10123_EPISODE_005.md,a0bc167c6c6c60aaf5c030949cdf62db9b43eb81088a01f728d0f67ce8ce6645,ADMITTED,series/blue-archive/02 Sequential Readings/BOND/SEIA/BLUE_ARCHIVE_SEIA_PRIVATE_CONTEXTUALIZATION_CHECKPOINT.md,REF:CYCLE008_ACCEPTED,REF:CYCLE008_SCOPE,unresolved,,REF:CYCLE008_LIMITS,UNASSESSED,REF:PRIVATE_PRIORITY,2,57,3
BA:bond:10123:006,bond,MANDATORY_COMPLETE_REVIEW,02_CANONICAL_STORIES/BOND/CH0070/VARIANT_10123_EPISODE_006.md,56ced8618987a699adeb529e78780529ca7f61c384e784d148af18059399b717,ADMITTED,series/blue-archive/02 Sequential Readings/BOND/SEIA/BLUE_ARCHIVE_SEIA_PRIVATE_CONTEXTUALIZATION_CHECKPOINT.md,REF:CYCLE008_ACCEPTED,REF:CYCLE008_SCOPE,unresolved,,REF:CYCLE008_LIMITS,UNASSESSED,REF:PRIVATE_PRIORITY,1,44,5
BA:bond:10124:002,bond,MANDATORY_COMPLETE_REVIEW,02_CANONICAL_STORIES/BOND/HASUMI/VARIANT_10124_EPISODE_002.md,3c992d066dc01b653e4b03f29748b8023a47ec4cabe79b5b02f66bdedd4d7b79,ADMITTED,series/blue-archive/02 Sequential Readings/BOND/BLUE_ARCHIVE_HASUMI_TSURUGI_PRIVATE_CONTEXTUALIZATION_CHECKPOINT.md,REF:CYCLE008_ACCEPTED,REF:CYCLE008_SCOPE,unresolved,,REF:CYCLE008_LIMITS,UNASSESSED,REF:PRIVATE_PRIORITY,1,39,11
BA:bond:10124:003,bond,MANDATORY_COMPLETE_REVIEW,02_CANONICAL_STORIES/BOND/HASUMI/VARIANT_10124_EPISODE_003.md,8a580ce34b85e45191946b890713137e746d459f67801dabb7e07c1962b76137,ADMITTED,series/blue-archive/02 Sequential Readings/BOND/BLUE_ARCHIVE_HASUMI_TSURUGI_PRIVATE_CONTEXTUALIZATION_CHECKPOINT.md,REF:CYCLE008_ACCEPTED,REF:CYCLE008_SCOPE,unresolved,,REF:CYCLE008_LIMITS,UNASSESSED,REF:PRIVATE_PRIORITY,2,68,5
BA:bond:10124:005,bond,MANDATORY_COMPLETE_REVIEW,02_CANONICAL_STORIES/BOND/HASUMI/VARIANT_10124_EPISODE_005.md,612ea85285521b5aab0b462e2e036ee66df77846f0445eae8f0dc14c1ebb0ae4,ADMITTED,series/blue-archive/02 Sequential Readings/BOND/BLUE_ARCHIVE_HASUMI_TSURUGI_PRIVATE_CONTEXTUALIZATION_CHECKPOINT.md,REF:CYCLE008_ACCEPTED,REF:CYCLE008_SCOPE,unresolved,,REF:CYCLE008_LIMITS,UNASSESSED,REF:PRIVATE_PRIORITY,1,66,16
BA:bond:10124:006,bond,MANDATORY_COMPLETE_REVIEW,02_CANONICAL_STORIES/BOND/HASUMI/VARIANT_10124_EPISODE_006.md,6d3d407b79be36a8f66f1c9bad4170912522cd9ab938073cf96042b26b7c36f4,ADMITTED,series/blue-archive/02 Sequential Readings/BOND/BLUE_ARCHIVE_HASUMI_TSURUGI_PRIVATE_CONTEXTUALIZATION_CHECKPOINT.md,REF:CYCLE008_ACCEPTED,REF:CYCLE008_SCOPE,unresolved,,REF:CYCLE008_LIMITS,UNASSESSED,REF:PRIVATE_PRIORITY,1,31,7
BA:bond:10125:002,bond,MANDATORY_COMPLETE_REVIEW,02_CANONICAL_STORIES/BOND/CH0304/VARIANT_10125_EPISODE_002.md,a614bc25d62d200bcf2db37c88dee13790b3a9acb3f09cd43c00a513b3ab4919,ADMITTED,series/blue-archive/02 Sequential Readings/BOND/BLUE_ARCHIVE_WILDHUNT5_PHASE2_PRIVATE_CONTEXTUAL_ACCOUNT_20261008.md,REF:CYCLE008_ACCEPTED,REF:CYCLE008_SCOPE,unresolved,,REF:CYCLE008_LIMITS,UNASSESSED,REF:PRIVATE_PRIORITY,1,51,7
BA:bond:10125:003,bond,MANDATORY_COMPLETE_REVIEW,02_CANONICAL_STORIES/BOND/CH0304/VARIANT_10125_EPISODE_003.md,24736d6f40b9804d13f72582de7328f22be84547882121aa2b0a7182ef18b86b,ADMITTED,series/blue-archive/02 Sequential Readings/BOND/BLUE_ARCHIVE_WILDHUNT5_PHASE2_PRIVATE_CONTEXTUAL_ACCOUNT_20261008.md,REF:CYCLE008_ACCEPTED,REF:CYCLE008_SCOPE,unresolved,,REF:CYCLE008_LIMITS,UNASSESSED,REF:PRIVATE_PRIORITY,1,56,10
BA:bond:10125:005,bond,MANDATORY_COMPLETE_REVIEW,02_CANONICAL_STORIES/BOND/CH0304/VARIANT_10125_EPISODE_005.md,5660977127692b13be377bb47fe2c7a864a8ddbf1d073c2121d0b35ec76e6f3a,ADMITTED,series/blue-archive/02 Sequential Readings/BOND/BLUE_ARCHIVE_WILDHUNT5_PHASE2_PRIVATE_CONTEXTUAL_ACCOUNT_20261008.md,REF:CYCLE008_ACCEPTED,REF:CYCLE008_SCOPE,unresolved,,REF:CYCLE008_LIMITS,UNASSESSED,REF:PRIVATE_PRIORITY,1,67,13
BA:bond:10125:006,bond,MANDATORY_COMPLETE_REVIEW,02_CANONICAL_STORIES/BOND/CH0304/VARIANT_10125_EPISODE_006.md,74da4551b7bac0604537a5256eb828ad6a27d663439ff75a30c61b6275d27ec0,ADMITTED,series/blue-archive/02 Sequential Readings/BOND/BLUE_ARCHIVE_WILDHUNT5_PHASE2_PRIVATE_CONTEXTUAL_ACCOUNT_20261008.md,REF:CYCLE008_ACCEPTED,REF:CYCLE008_SCOPE,unresolved,,REF:CYCLE008_LIMITS,UNASSESSED,REF:PRIVATE_PRIORITY,1,58,9
BA:bond:10125:015,bond,MANDATORY_COMPLETE_REVIEW,02_CANONICAL_STORIES/BOND/CH0304/VARIANT_10125_EPISODE_015.md,124d580097a53e1944c57f712615781d2afdf81e9ad22a7fd978d9e5a02e8640,ADMITTED,series/blue-archive/02 Sequential Readings/BOND/BLUE_ARCHIVE_WILDHUNT5_PHASE2_PRIVATE_CONTEXTUAL_ACCOUNT_20261008.md,REF:CYCLE008_ACCEPTED,REF:CYCLE008_SCOPE,unresolved,,REF:CYCLE008_LIMITS,UNASSESSED,REF:PRIVATE_PRIORITY,2,101,11
BA:bond:10126:002,bond,MANDATORY_COMPLETE_REVIEW,02_CANONICAL_STORIES/BOND/CH0306/VARIANT_10126_EPISODE_002.md,a358245cafda35d48dc562971e2356e941d0dc05b5b2cf0619d7f0fb4088eef4,ADMITTED,series/blue-archive/02 Sequential Readings/BOND/BLUE_ARCHIVE_WILDHUNT5_PHASE2_PRIVATE_CONTEXTUAL_ACCOUNT_20261008.md,REF:CYCLE008_ACCEPTED,REF:CYCLE008_SCOPE,unresolved,,REF:CYCLE008_LIMITS,UNASSESSED,REF:PRIVATE_PRIORITY,2,66,9
BA:bond:10126:003,bond,MANDATORY_COMPLETE_REVIEW,02_CANONICAL_STORIES/BOND/CH0306/VARIANT_10126_EPISODE_003.md,eb4e05afb177ee8a44b9dbc321a5e8d33a6f46cad3011b46478975f774f8e496,ADMITTED,series/blue-archive/02 Sequential Readings/BOND/BLUE_ARCHIVE_WILDHUNT5_PHASE2_PRIVATE_CONTEXTUAL_ACCOUNT_20261008.md,REF:CYCLE008_ACCEPTED,REF:CYCLE008_SCOPE,unresolved,,REF:CYCLE008_LIMITS,UNASSESSED,REF:PRIVATE_PRIORITY,1,60,11
BA:bond:10126:005,bond,MANDATORY_COMPLETE_REVIEW,02_CANONICAL_STORIES/BOND/CH0306/VARIANT_10126_EPISODE_005.md,e58088c991d93f9a8c56367001294ab52a5a24d0f465d0d8f38cf8428cd8ccef,ADMITTED,series/blue-archive/02 Sequential Readings/BOND/BLUE_ARCHIVE_WILDHUNT5_PHASE2_PRIVATE_CONTEXTUAL_ACCOUNT_20261008.md,REF:CYCLE008_ACCEPTED,REF:CYCLE008_SCOPE,unresolved,,REF:CYCLE008_LIMITS,UNASSESSED,REF:PRIVATE_PRIORITY,1,55,7
BA:bond:10126:006,bond,MANDATORY_COMPLETE_REVIEW,02_CANONICAL_STORIES/BOND/CH0306/VARIANT_10126_EPISODE_006.md,ef116cd55094fe89add40f87ed07988cc9213f4c5d515669ec070583141261b7,ADMITTED,series/blue-archive/02 Sequential Readings/BOND/BLUE_ARCHIVE_WILDHUNT5_PHASE2_PRIVATE_CONTEXTUAL_ACCOUNT_20261008.md,REF:CYCLE008_ACCEPTED,REF:CYCLE008_SCOPE,unresolved,,REF:CYCLE008_LIMITS,UNASSESSED,REF:PRIVATE_PRIORITY,1,58,8
BA:bond:10127:002,bond,MANDATORY_COMPLETE_REVIEW,02_CANONICAL_STORIES/BOND/CH0317/VARIANT_10127_EPISODE_002.md,ac0ba4cd935c39c3ce1beaf88db433ca65f3e3ab913ee737c9ca8c79972ae897,ADMITTED,series/blue-archive/02 Sequential Readings/BOND/BLUE_ARCHIVE_WILDHUNT5_PHASE2_PRIVATE_CONTEXTUAL_ACCOUNT_20261008.md,REF:CYCLE008_ACCEPTED,REF:CYCLE008_SCOPE,unresolved,,REF:CYCLE008_LIMITS,UNASSESSED,REF:PRIVATE_PRIORITY,2,38,8
BA:bond:10127:003,bond,MANDATORY_COMPLETE_REVIEW,02_CANONICAL_STORIES/BOND/CH0317/VARIANT_10127_EPISODE_003.md,688d5fe9fa22fe8e1764b066efe45a27e5bc4031255356df536dd04873ff04a9,ADMITTED,series/blue-archive/02 Sequential Readings/BOND/BLUE_ARCHIVE_WILDHUNT5_PHASE2_PRIVATE_CONTEXTUAL_ACCOUNT_20261008.md,REF:CYCLE008_ACCEPTED,REF:CYCLE008_SCOPE,unresolved,,REF:CYCLE008_LIMITS,UNASSESSED,REF:PRIVATE_PRIORITY,3,65,11
BA:bond:10127:005,bond,MANDATORY_COMPLETE_REVIEW,02_CANONICAL_STORIES/BOND/CH0317/VARIANT_10127_EPISODE_005.md,41bc9f44975eee7f32cefd1c088e7c141b9c912513c670bb0a0152eaf8f9bc4d,ADMITTED,series/blue-archive/02 Sequential Readings/BOND/BLUE_ARCHIVE_WILDHUNT5_PHASE2_PRIVATE_CONTEXTUAL_ACCOUNT_20261008.md,REF:CYCLE008_ACCEPTED,REF:CYCLE008_SCOPE,unresolved,,REF:CYCLE008_LIMITS,UNASSESSED,REF:PRIVATE_PRIORITY,2,46,17
BA:bond:10127:006,bond,MANDATORY_COMPLETE_REVIEW,02_CANONICAL_STORIES/BOND/CH0317/VARIANT_10127_EPISODE_006.md,291ffe5ba53c551b8dbe11ab3e033922dfa686b27cebae89d7f554c4e3ed985b,ADMITTED,series/blue-archive/02 Sequential Readings/BOND/BLUE_ARCHIVE_WILDHUNT5_PHASE2_PRIVATE_CONTEXTUAL_ACCOUNT_20261008.md,REF:CYCLE008_ACCEPTED,REF:CYCLE008_SCOPE,unresolved,,REF:CYCLE008_LIMITS,UNASSESSED,REF:PRIVATE_PRIORITY,3,42,3
BA:bond:10128:002,bond,MANDATORY_COMPLETE_REVIEW,02_CANONICAL_STORIES/BOND/CH0318/VARIANT_10128_EPISODE_002.md,4d3e846600b7fd65cc6e13ba28dfc475e452c7cbd56409d2df574ec2f6470747,ADMITTED,series/blue-archive/02 Sequential Readings/BOND/BLUE_ARCHIVE_WILDHUNT5_PHASE2_PRIVATE_CONTEXTUAL_ACCOUNT_20261008.md,REF:CYCLE008_ACCEPTED,REF:CYCLE008_SCOPE,unresolved,,REF:CYCLE008_LIMITS,UNASSESSED,REF:PRIVATE_PRIORITY,1,49,9
BA:bond:10128:003,bond,MANDATORY_COMPLETE_REVIEW,02_CANONICAL_STORIES/BOND/CH0318/VARIANT_10128_EPISODE_003.md,5ab07c24ea85145f320f20f5fa4f0e8ccd20ec3737d718dbebed53c2eca003c1,ADMITTED,series/blue-archive/02 Sequential Readings/BOND/BLUE_ARCHIVE_WILDHUNT5_PHASE2_PRIVATE_CONTEXTUAL_ACCOUNT_20261008.md,REF:CYCLE008_ACCEPTED,REF:CYCLE008_SCOPE,unresolved,,REF:CYCLE008_LIMITS,UNASSESSED,REF:PRIVATE_PRIORITY,1,35,8
BA:bond:10128:005,bond,MANDATORY_COMPLETE_REVIEW,02_CANONICAL_STORIES/BOND/CH0318/VARIANT_10128_EPISODE_005.md,af2784077722da5b3668437219da3e7c80e504f51cf5bb696177908c872a5d55,ADMITTED,series/blue-archive/02 Sequential Readings/BOND/BLUE_ARCHIVE_WILDHUNT5_PHASE2_PRIVATE_CONTEXTUAL_ACCOUNT_20261008.md,REF:CYCLE008_ACCEPTED,REF:CYCLE008_SCOPE,unresolved,,REF:CYCLE008_LIMITS,UNASSESSED,REF:PRIVATE_PRIORITY,1,43,10
BA:bond:10128:006,bond,MANDATORY_COMPLETE_REVIEW,02_CANONICAL_STORIES/BOND/CH0318/VARIANT_10128_EPISODE_006.md,4b94ec6044d1567c046eaf575e9b6836dfdc271759ee19d062f972c09ab7a544,ADMITTED,series/blue-archive/02 Sequential Readings/BOND/BLUE_ARCHIVE_WILDHUNT5_PHASE2_PRIVATE_CONTEXTUAL_ACCOUNT_20261008.md,REF:CYCLE008_ACCEPTED,REF:CYCLE008_SCOPE,unresolved,,REF:CYCLE008_LIMITS,UNASSESSED,REF:PRIVATE_PRIORITY,1,54,6
BA:bond:10129:002,bond,MANDATORY_COMPLETE_REVIEW,02_CANONICAL_STORIES/BOND/SUZUMI/VARIANT_10129_EPISODE_002.md,a675d4dc80bcae947f282f5008c43146e6c70f05748315ba12a27e7d8bf3290e,ADMITTED,series/blue-archive/02 Sequential Readings/BOND/BLUE_ARCHIVE_SUZUMI_REISA_ICHIKA_PRIVATE_CONTEXTUALIZATION_CHECKPOINT.md,REF:CYCLE008_ACCEPTED,REF:CYCLE008_SCOPE,unresolved,,REF:CYCLE008_LIMITS,UNASSESSED,REF:PRIVATE_PRIORITY,1,37,3
BA:bond:10129:003,bond,MANDATORY_COMPLETE_REVIEW,02_CANONICAL_STORIES/BOND/SUZUMI/VARIANT_10129_EPISODE_003.md,9ae2c9618f7b2185fb89e5816b4e84629714aab9cc5141fe084cb513a7ea4bc8,ADMITTED,series/blue-archive/02 Sequential Readings/BOND/BLUE_ARCHIVE_SUZUMI_REISA_ICHIKA_PRIVATE_CONTEXTUALIZATION_CHECKPOINT.md,REF:CYCLE008_ACCEPTED,REF:CYCLE008_SCOPE,unresolved,,REF:CYCLE008_LIMITS,UNASSESSED,REF:PRIVATE_PRIORITY,1,65,14
BA:bond:10129:005,bond,MANDATORY_COMPLETE_REVIEW,02_CANONICAL_STORIES/BOND/SUZUMI/VARIANT_10129_EPISODE_005.md,7419bccdfb8d968a39b0edb53a52a2cbfaaf24a17cc3eff2e57cec401dba608e,ADMITTED,series/blue-archive/02 Sequential Readings/BOND/BLUE_ARCHIVE_SUZUMI_REISA_ICHIKA_PRIVATE_CONTEXTUALIZATION_CHECKPOINT.md,REF:CYCLE008_ACCEPTED,REF:CYCLE008_SCOPE,unresolved,,REF:CYCLE008_LIMITS,UNASSESSED,REF:PRIVATE_PRIORITY,1,43,5
BA:bond:10129:006,bond,MANDATORY_COMPLETE_REVIEW,02_CANONICAL_STORIES/BOND/SUZUMI/VARIANT_10129_EPISODE_006.md,996cecffdc5f8cdafa3cac0688b7e6ff49379f9ab063094d700c9b3f979d1413,ADMITTED,series/blue-archive/02 Sequential Readings/BOND/BLUE_ARCHIVE_SUZUMI_REISA_ICHIKA_PRIVATE_CONTEXTUALIZATION_CHECKPOINT.md,REF:CYCLE008_ACCEPTED,REF:CYCLE008_SCOPE,unresolved,,REF:CYCLE008_LIMITS,UNASSESSED,REF:PRIVATE_PRIORITY,1,41,6
BA:bond:10130:002,bond,MANDATORY_COMPLETE_REVIEW,02_CANONICAL_STORIES/BOND/CH0309/VARIANT_10130_EPISODE_002.md,eb27e5e7068f57d5703a5c47d1953346ce780fb1005690c013d72b69b9ae7fc8,ADMITTED,series/blue-archive/02 Sequential Readings/BOND/BLUE_ARCHIVE_MISAKI_HIYORI_SUBARU_PRIVATE_CONTEXTUALIZATION_CHECKPOINT.md,REF:CYCLE008_ACCEPTED,REF:CYCLE008_SCOPE,unresolved,,REF:CYCLE008_LIMITS,UNASSESSED,REF:PRIVATE_PRIORITY,1,95,9
BA:bond:10130:003,bond,MANDATORY_COMPLETE_REVIEW,02_CANONICAL_STORIES/BOND/CH0309/VARIANT_10130_EPISODE_003.md,abc736ec9aa9bff56ac5d130270d0f3e208693318cf6317b1e81fd7d710a1e30,ADMITTED,series/blue-archive/02 Sequential Readings/BOND/BLUE_ARCHIVE_MISAKI_HIYORI_SUBARU_PRIVATE_CONTEXTUALIZATION_CHECKPOINT.md,REF:CYCLE008_ACCEPTED,REF:CYCLE008_SCOPE,unresolved,,REF:CYCLE008_LIMITS,UNASSESSED,REF:PRIVATE_PRIORITY,1,76,15
BA:bond:10130:005,bond,MANDATORY_COMPLETE_REVIEW,02_CANONICAL_STORIES/BOND/CH0309/VARIANT_10130_EPISODE_005.md,da55925c41b7ce3f714a0b8b65045ce042d797b7a8af9ed5f4238b001f2b0936,ADMITTED,series/blue-archive/02 Sequential Readings/BOND/BLUE_ARCHIVE_MISAKI_HIYORI_SUBARU_PRIVATE_CONTEXTUALIZATION_CHECKPOINT.md,REF:CYCLE008_ACCEPTED,REF:CYCLE008_SCOPE,unresolved,,REF:CYCLE008_LIMITS,UNASSESSED,REF:PRIVATE_PRIORITY,1,83,4
BA:bond:10130:006,bond,MANDATORY_COMPLETE_REVIEW,02_CANONICAL_STORIES/BOND/CH0309/VARIANT_10130_EPISODE_006.md,ff83112b86ce87eb99bc40179edb5e46e115a3e645963f5ee5a40f383cc4af3b,ADMITTED,series/blue-archive/02 Sequential Readings/BOND/BLUE_ARCHIVE_MISAKI_HIYORI_SUBARU_PRIVATE_CONTEXTUALIZATION_CHECKPOINT.md,REF:CYCLE008_ACCEPTED,REF:CYCLE008_SCOPE,unresolved,,REF:CYCLE008_LIMITS,UNASSESSED,REF:PRIVATE_PRIORITY,1,70,5
BA:bond:10130:008,bond,MANDATORY_COMPLETE_REVIEW,02_CANONICAL_STORIES/BOND/CH0309/VARIANT_10130_EPISODE_008.md,38da79a738b9bade18a4cbb8c1735c472a36f7a5347f0da472fbd7503007a7cb,ADMITTED,series/blue-archive/02 Sequential Readings/BOND/BLUE_ARCHIVE_MISAKI_HIYORI_SUBARU_PRIVATE_CONTEXTUALIZATION_CHECKPOINT.md,REF:CYCLE008_ACCEPTED,REF:CYCLE008_SCOPE,unresolved,,REF:CYCLE008_LIMITS,UNASSESSED,REF:PRIVATE_PRIORITY,1,109,12
BA:bond:10131:002,bond,MANDATORY_COMPLETE_REVIEW,02_CANONICAL_STORIES/BOND/CH0229/VARIANT_10131_EPISODE_002.md,a96fcc26ed3cdbe77fbb220d39f6b887df72631dbb11e55e2ebd2dbb0827c11b,ADMITTED,series/blue-archive/02 Sequential Readings/BOND/BLUE_ARCHIVE_TAKANE_YAKUMO_PHASE2_PRIVATE_CONTEXTUAL_ACCOUNT_20261008.md,REF:CYCLE008_ACCEPTED,REF:CYCLE008_SCOPE,unresolved,,REF:CYCLE008_LIMITS,UNASSESSED,REF:PRIVATE_PRIORITY,1,73,13
BA:bond:10131:003,bond,MANDATORY_COMPLETE_REVIEW,02_CANONICAL_STORIES/BOND/CH0229/VARIANT_10131_EPISODE_003.md,7642b713d41856565ec73579cd691dfca6d8dcb394ca9bf7e93fbfb8b610a8c5,ADMITTED,series/blue-archive/02 Sequential Readings/BOND/BLUE_ARCHIVE_TAKANE_YAKUMO_PHASE2_PRIVATE_CONTEXTUAL_ACCOUNT_20261008.md,REF:CYCLE008_ACCEPTED,REF:CYCLE008_SCOPE,unresolved,,REF:CYCLE008_LIMITS,UNASSESSED,REF:PRIVATE_PRIORITY,1,74,9
BA:bond:10131:005,bond,MANDATORY_COMPLETE_REVIEW,02_CANONICAL_STORIES/BOND/CH0229/VARIANT_10131_EPISODE_005.md,03137030ba20837caa4a244cdd551135f59e2c003e03228c048cc0c54c4501d4,ADMITTED,series/blue-archive/02 Sequential Readings/BOND/BLUE_ARCHIVE_TAKANE_YAKUMO_PHASE2_PRIVATE_CONTEXTUAL_ACCOUNT_20261008.md,REF:CYCLE008_ACCEPTED,REF:CYCLE008_SCOPE,unresolved,,REF:CYCLE008_LIMITS,UNASSESSED,REF:PRIVATE_PRIORITY,1,34,4
BA:bond:10131:006,bond,MANDATORY_COMPLETE_REVIEW,02_CANONICAL_STORIES/BOND/CH0229/VARIANT_10131_EPISODE_006.md,f6285b2e7503b9079764d3231ffc21d1105d12e01da78233d866533f732b019f,ADMITTED,series/blue-archive/02 Sequential Readings/BOND/BLUE_ARCHIVE_TAKANE_YAKUMO_PHASE2_PRIVATE_CONTEXTUAL_ACCOUNT_20261008.md,REF:CYCLE008_ACCEPTED,REF:CYCLE008_SCOPE,unresolved,,REF:CYCLE008_LIMITS,UNASSESSED,REF:PRIVATE_PRIORITY,1,90,12
BA:bond:10132:002,bond,MANDATORY_COMPLETE_REVIEW,02_CANONICAL_STORIES/BOND/CH0114/VARIANT_10132_EPISODE_002.md,7fb179799368fd7a8620d602becb2d376150ef0446de0796c1071e062f2fa9db,ADMITTED,series/blue-archive/02 Sequential Readings/BOND/BLUE_ARCHIVE_NINJA_MICHIRU_IZUNA_TSUKUYO_PHASE2_PRIVATE_CONTEXTUAL_ACCOUNT_20261008.md,REF:CYCLE008_ACCEPTED,REF:CYCLE008_SCOPE,unresolved,,REF:CYCLE008_LIMITS,UNASSESSED,REF:PRIVATE_PRIORITY,3,84,14
BA:bond:10132:003,bond,MANDATORY_COMPLETE_REVIEW,02_CANONICAL_STORIES/BOND/CH0114/VARIANT_10132_EPISODE_003.md,7e8f558df34f4b0f396ed503a1f4e2056220789b74f689abb64df074b5cee67c,ADMITTED,series/blue-archive/02 Sequential Readings/BOND/BLUE_ARCHIVE_NINJA_MICHIRU_IZUNA_TSUKUYO_PHASE2_PRIVATE_CONTEXTUAL_ACCOUNT_20261008.md,REF:ORIGINAL_ADMISSION_RECORD_0020,REF:ORIGINAL_ADMITTED_CLAIM_SCOPE_0027,LOCAL_RELATIVE_ONLY,Preface/scene/afterword relations only; no Rei encounter chronology.,REF:ORIGINAL_ATTRIBUTION_LIMITS_0028,HIGH,REF:ORIGINAL_PRIORITY_REASON_0029,2,89,6
BA:bond:10132:005,bond,MANDATORY_COMPLETE_REVIEW,02_CANONICAL_STORIES/BOND/CH0114/VARIANT_10132_EPISODE_005.md,9eaaadb3024240c9073927dd1b95458b2fb4357b25a9b226754fd005eea6e385,ADMITTED,series/blue-archive/02 Sequential Readings/BOND/BLUE_ARCHIVE_NINJA_MICHIRU_IZUNA_TSUKUYO_PHASE2_PRIVATE_CONTEXTUAL_ACCOUNT_20261008.md,REF:CYCLE008_ACCEPTED,REF:CYCLE008_SCOPE,unresolved,,REF:CYCLE008_LIMITS,UNASSESSED,REF:PRIVATE_PRIORITY,3,72,7
BA:bond:10132:006,bond,MANDATORY_COMPLETE_REVIEW,02_CANONICAL_STORIES/BOND/CH0114/VARIANT_10132_EPISODE_006.md,85bff7217f587e95a45dc5d8f03a0665bdd91544ce95d9c0483a3091e2bf620d,ADMITTED,series/blue-archive/02 Sequential Readings/BOND/BLUE_ARCHIVE_NINJA_MICHIRU_IZUNA_TSUKUYO_PHASE2_PRIVATE_CONTEXTUAL_ACCOUNT_20261008.md,REF:CYCLE008_ACCEPTED,REF:CYCLE008_SCOPE,unresolved,,REF:CYCLE008_LIMITS,UNASSESSED,REF:PRIVATE_PRIORITY,2,37,6
BA:bond:10133:002,bond,MANDATORY_COMPLETE_REVIEW,02_CANONICAL_STORIES/BOND/CH0158/VARIANT_10133_EPISODE_002.md,d37a05be44faa5b644a4b7b2f439891298851c7d065edbd98d4b709c2014c46b,ADMITTED,series/blue-archive/02 Sequential Readings/BOND/BLUE_ARCHIVE_RIO_PHASE2_PRIVATE_CONTEXTUAL_ACCOUNT_20261008.md,REF:CYCLE008_ACCEPTED,REF:CYCLE008_SCOPE,unresolved,,REF:CYCLE008_LIMITS,UNASSESSED,REF:PRIVATE_PRIORITY,1,51,10
BA:bond:10133:003,bond,MANDATORY_COMPLETE_REVIEW,02_CANONICAL_STORIES/BOND/CH0158/VARIANT_10133_EPISODE_003.md,2ba8b9831b0ecd71aaf81107b5e6163aaf2bc77221a286dbc3a2f20184659cd2,ADMITTED,series/blue-archive/02 Sequential Readings/BOND/BLUE_ARCHIVE_RIO_PHASE2_PRIVATE_CONTEXTUAL_ACCOUNT_20261008.md,REF:CYCLE008_ACCEPTED,REF:CYCLE008_SCOPE,unresolved,,REF:CYCLE008_LIMITS,UNASSESSED,REF:PRIVATE_PRIORITY,1,73,9
BA:bond:10133:005,bond,MANDATORY_COMPLETE_REVIEW,02_CANONICAL_STORIES/BOND/CH0158/VARIANT_10133_EPISODE_005.md,5496983a48c3c67611c97a3646c93ae52a48c84dcc6c7073b4e37cde46a88bf5,ADMITTED,series/blue-archive/02 Sequential Readings/BOND/BLUE_ARCHIVE_RIO_PHASE2_PRIVATE_CONTEXTUAL_ACCOUNT_20261008.md,REF:CYCLE008_ACCEPTED,REF:CYCLE008_SCOPE,unresolved,,REF:CYCLE008_LIMITS,UNASSESSED,REF:PRIVATE_PRIORITY,1,87,9
BA:bond:10133:006,bond,MANDATORY_COMPLETE_REVIEW,02_CANONICAL_STORIES/BOND/CH0158/VARIANT_10133_EPISODE_006.md,70d8b6f80d997381fe5db72bf06e821172f2bb9d0f1c356962b08a9a53e7e649,ADMITTED,series/blue-archive/02 Sequential Readings/BOND/BLUE_ARCHIVE_RIO_PHASE2_PRIVATE_CONTEXTUAL_ACCOUNT_20261008.md,REF:CYCLE008_ACCEPTED,REF:CYCLE008_SCOPE,unresolved,,REF:CYCLE008_LIMITS,UNASSESSED,REF:PRIVATE_PRIORITY,1,59,7
BA:bond:10134:002,bond,MANDATORY_COMPLETE_REVIEW,02_CANONICAL_STORIES/BOND/ARIS/VARIANT_10134_EPISODE_002.md,1d907d757fac4829868b2cd493c6d35271e3a4957a7eafa7a064f81900c26660,ADMITTED,series/blue-archive/02 Sequential Readings/BOND/BLUE_ARCHIVE_ALICE_PHASE2_PRIVATE_CONTEXTUAL_ACCOUNT_20261008.md,REF:CYCLE008_ACCEPTED,REF:CYCLE008_SCOPE,unresolved,,REF:CYCLE008_LIMITS,UNASSESSED,REF:PRIVATE_PRIORITY,1,62,6
BA:bond:10134:003,bond,MANDATORY_COMPLETE_REVIEW,02_CANONICAL_STORIES/BOND/ARIS/VARIANT_10134_EPISODE_003.md,e1cc5dff07043040ddfe80197dca20e97589ce3cd7c3351c556698a072867039,ADMITTED,series/blue-archive/02 Sequential Readings/BOND/BLUE_ARCHIVE_ALICE_PHASE2_PRIVATE_CONTEXTUAL_ACCOUNT_20261008.md,REF:CYCLE008_ACCEPTED,REF:CYCLE008_SCOPE,unresolved,,REF:CYCLE008_LIMITS,UNASSESSED,REF:PRIVATE_PRIORITY,1,95,8
BA:bond:10134:005,bond,MANDATORY_COMPLETE_REVIEW,02_CANONICAL_STORIES/BOND/ARIS/VARIANT_10134_EPISODE_005.md,e21808ac84135c71e446c3e0e170a06253aa6d0711ee200539ac610fdccb3f8d,ADMITTED,series/blue-archive/02 Sequential Readings/BOND/BLUE_ARCHIVE_ALICE_PHASE2_PRIVATE_CONTEXTUAL_ACCOUNT_20261008.md,REF:CYCLE008_ACCEPTED,REF:CYCLE008_SCOPE,unresolved,,REF:CYCLE008_LIMITS,UNASSESSED,REF:PRIVATE_PRIORITY,1,48,3
BA:bond:10134:006,bond,MANDATORY_COMPLETE_REVIEW,02_CANONICAL_STORIES/BOND/ARIS/VARIANT_10134_EPISODE_006.md,836ca044dfa705b6dd715aad2a7367c4a232f9dc91486b33c36395570a7e9527,ADMITTED,series/blue-archive/02 Sequential Readings/BOND/BLUE_ARCHIVE_ALICE_PHASE2_PRIVATE_CONTEXTUAL_ACCOUNT_20261008.md,REF:CYCLE008_ACCEPTED,REF:CYCLE008_SCOPE,unresolved,,REF:CYCLE008_LIMITS,UNASSESSED,REF:PRIVATE_PRIORITY,1,29,1
BA:bond:10134:008,bond,MANDATORY_COMPLETE_REVIEW,02_CANONICAL_STORIES/BOND/ARIS/VARIANT_10134_EPISODE_008.md,3d61f7a08247d21335ed905d5e2e42eb60c26e2bdb5109f550c7fd7af9a9e1ee,ADMITTED,series/blue-archive/02 Sequential Readings/BOND/BLUE_ARCHIVE_ALICE_PHASE2_PRIVATE_CONTEXTUAL_ACCOUNT_20261008.md,REF:CYCLE008_ACCEPTED,REF:CYCLE008_SCOPE,unresolved,,REF:CYCLE008_LIMITS,UNASSESSED,REF:PRIVATE_PRIORITY,1,59,5
BA:bond:10135:002,bond,MANDATORY_COMPLETE_REVIEW,02_CANONICAL_STORIES/BOND/CH0335/VARIANT_10135_EPISODE_002.md,35d8c9ef073a3228df81d1b2549e076ad82da12c05eddcff314183b8c18e0042,ADMITTED,series/blue-archive/02 Sequential Readings/BOND/BLUE_ARCHIVE_KEI_PHASE2_PRIVATE_AND_SPECIAL_IDENTITY_CONTEXTUAL_ACCOUNT_20261008.md,REF:CYCLE008_ACCEPTED,REF:CYCLE008_SCOPE,unresolved,,REF:CYCLE008_LIMITS;REF:KEI_IDENTITY_LIMITS,UNASSESSED,REF:PRIVATE_PRIORITY,1,50,13
BA:bond:10135:003,bond,MANDATORY_COMPLETE_REVIEW,02_CANONICAL_STORIES/BOND/CH0335/VARIANT_10135_EPISODE_003.md,5aa0a205e156b5646d7e973fb1201c648c932b7f5066498577a066e768f8bb8e,ADMITTED,series/blue-archive/02 Sequential Readings/BOND/BLUE_ARCHIVE_KEI_PHASE2_PRIVATE_AND_SPECIAL_IDENTITY_CONTEXTUAL_ACCOUNT_20261008.md,REF:CYCLE008_ACCEPTED,REF:CYCLE008_SCOPE,unresolved,,REF:CYCLE008_LIMITS;REF:KEI_IDENTITY_LIMITS,UNASSESSED,REF:PRIVATE_PRIORITY,1,77,8
BA:bond:10135:005,bond,MANDATORY_COMPLETE_REVIEW,02_CANONICAL_STORIES/BOND/CH0335/VARIANT_10135_EPISODE_005.md,228ed198575c253bb9a8b1abee36e3fe489ee08ef39437f7980756864775eded,ADMITTED,series/blue-archive/02 Sequential Readings/BOND/BLUE_ARCHIVE_KEI_PHASE2_PRIVATE_AND_SPECIAL_IDENTITY_CONTEXTUAL_ACCOUNT_20261008.md,REF:CYCLE008_ACCEPTED,REF:CYCLE008_SCOPE,unresolved,,REF:CYCLE008_LIMITS;REF:KEI_IDENTITY_LIMITS,UNASSESSED,REF:PRIVATE_PRIORITY,1,83,8
BA:bond:10135:006,bond,MANDATORY_COMPLETE_REVIEW,02_CANONICAL_STORIES/BOND/CH0335/VARIANT_10135_EPISODE_006.md,00f9315baeebfe84fface91b4c5d57ca0d67568393e34b5648a2813b3354dfbc,ADMITTED,series/blue-archive/02 Sequential Readings/BOND/BLUE_ARCHIVE_KEI_PHASE2_PRIVATE_AND_SPECIAL_IDENTITY_CONTEXTUAL_ACCOUNT_20261008.md,REF:CYCLE008_ACCEPTED,REF:CYCLE008_SCOPE,unresolved,,REF:CYCLE008_LIMITS;REF:KEI_IDENTITY_LIMITS,UNASSESSED,REF:PRIVATE_PRIORITY,1,79,15
BA:bond:10135:008,bond,MANDATORY_COMPLETE_REVIEW,02_CANONICAL_STORIES/BOND/CH0335/VARIANT_10135_EPISODE_008.md,afc91cd6fa86a0d086b104113f6a0b0683c66de6b431e9cf48d00dac7bb87ba0,ADMITTED,series/blue-archive/02 Sequential Readings/BOND/BLUE_ARCHIVE_KEI_PHASE2_PRIVATE_AND_SPECIAL_IDENTITY_CONTEXTUAL_ACCOUNT_20261008.md,REF:CYCLE008_ACCEPTED,REF:CYCLE008_SCOPE,unresolved,,REF:CYCLE008_LIMITS;REF:KEI_IDENTITY_LIMITS,UNASSESSED,REF:PRIVATE_PRIORITY,1,54,15
BA:bond:10135:009,bond,MANDATORY_COMPLETE_REVIEW,02_CANONICAL_STORIES/BOND/CH0335/VARIANT_10135_EPISODE_009.md,3606c5f0237edd481ab97078c343d50cf1513b88be1173ea7d59ebf37fd128e8,ADMITTED,series/blue-archive/02 Sequential Readings/BOND/BLUE_ARCHIVE_KEI_PHASE2_PRIVATE_AND_SPECIAL_IDENTITY_CONTEXTUAL_ACCOUNT_20261008.md,REF:CYCLE008_ACCEPTED,REF:CYCLE008_SCOPE,unresolved,,REF:CYCLE008_LIMITS;REF:KEI_IDENTITY_LIMITS,UNASSESSED,REF:PRIVATE_PRIORITY,1,85,10
BA:bond:10136:002,bond,MANDATORY_COMPLETE_REVIEW,02_CANONICAL_STORIES/BOND/CH0337/VARIANT_10136_EPISODE_002.md,3081a37edef1e0cbba3cc508b051562815d8f322ce7a187398cc468e20b55ca0,ADMITTED,series/blue-archive/02 Sequential Readings/BOND/BLUE_ARCHIVE_EIMI_PHASE2_PRIVATE_CONTEXTUAL_ACCOUNT_20261008.md,REF:CYCLE008_ACCEPTED,REF:CYCLE008_SCOPE,unresolved,,REF:CYCLE008_LIMITS,UNASSESSED,REF:PRIVATE_PRIORITY,1,58,8
BA:bond:10136:003,bond,MANDATORY_COMPLETE_REVIEW,02_CANONICAL_STORIES/BOND/CH0337/VARIANT_10136_EPISODE_003.md,a20227a937efcc14c716f91e899014bf1a66e2b35eb9bcdf969839f22a3b8c63,ADMITTED,series/blue-archive/02 Sequential Readings/BOND/BLUE_ARCHIVE_EIMI_PHASE2_PRIVATE_CONTEXTUAL_ACCOUNT_20261008.md,REF:CYCLE008_ACCEPTED,REF:CYCLE008_SCOPE,unresolved,,REF:CYCLE008_LIMITS,UNASSESSED,REF:PRIVATE_PRIORITY,1,46,5
BA:bond:10136:005,bond,MANDATORY_COMPLETE_REVIEW,02_CANONICAL_STORIES/BOND/CH0337/VARIANT_10136_EPISODE_005.md,08bc74405d0cd357bb6710b8f05d0da10dc5c8df82e607ab9569f4c83db25940,ADMITTED,series/blue-archive/02 Sequential Readings/BOND/BLUE_ARCHIVE_EIMI_PHASE2_PRIVATE_CONTEXTUAL_ACCOUNT_20261008.md,REF:CYCLE008_ACCEPTED,REF:CYCLE008_SCOPE,unresolved,,REF:CYCLE008_LIMITS,UNASSESSED,REF:PRIVATE_PRIORITY,1,69,8
BA:bond:10136:006,bond,MANDATORY_COMPLETE_REVIEW,02_CANONICAL_STORIES/BOND/CH0337/VARIANT_10136_EPISODE_006.md,002a64138f99ec58c50694e4e9ad05810eb8417c65c9d8e6bfa4e0a0dd4b554e,ADMITTED,series/blue-archive/02 Sequential Readings/BOND/BLUE_ARCHIVE_EIMI_PHASE2_PRIVATE_CONTEXTUAL_ACCOUNT_20261008.md,REF:CYCLE008_ACCEPTED,REF:CYCLE008_SCOPE,unresolved,,REF:CYCLE008_LIMITS,UNASSESSED,REF:PRIVATE_PRIORITY,1,61,9
BA:bond:10137:002,bond,MANDATORY_COMPLETE_REVIEW,02_CANONICAL_STORIES/BOND/CH0264/VARIANT_10137_EPISODE_002.md,37e405038188919f17698906b2cce1f997b09c38c4f57a4168d40dfd94828658,ADMITTED,series/blue-archive/02 Sequential Readings/BOND/BLUE_ARCHIVE_KONOKA_RENA_PHASE2_PRIVATE_WRITTEN_CONTEXTUAL_ACCOUNT_20261008.md,REF:CYCLE008_ACCEPTED,REF:CYCLE008_SCOPE,unresolved,,REF:CYCLE008_LIMITS,UNASSESSED,REF:PRIVATE_PRIORITY,1,59,4
BA:bond:10137:003,bond,MANDATORY_COMPLETE_REVIEW,02_CANONICAL_STORIES/BOND/CH0264/VARIANT_10137_EPISODE_003.md,aa1b65bddbeabc6a43e0ada77b9a66646f80038059329673b8e2864cdfca000a,ADMITTED,series/blue-archive/02 Sequential Readings/BOND/BLUE_ARCHIVE_KONOKA_RENA_PHASE2_PRIVATE_WRITTEN_CONTEXTUAL_ACCOUNT_20261008.md,REF:CYCLE008_ACCEPTED,REF:CYCLE008_SCOPE,unresolved,,REF:CYCLE008_LIMITS,UNASSESSED,REF:PRIVATE_PRIORITY,2,63,1
BA:bond:10137:005,bond,MANDATORY_COMPLETE_REVIEW,02_CANONICAL_STORIES/BOND/CH0264/VARIANT_10137_EPISODE_005.md,755c0bf94eb13d4e5dd598c1e387539b2ea10d4ed7cf3cdca4aa663192386b2d,ADMITTED,series/blue-archive/02 Sequential Readings/BOND/BLUE_ARCHIVE_KONOKA_RENA_PHASE2_PRIVATE_WRITTEN_CONTEXTUAL_ACCOUNT_20261008.md,REF:CYCLE008_ACCEPTED,REF:CYCLE008_SCOPE,unresolved,,REF:CYCLE008_LIMITS,UNASSESSED,REF:PRIVATE_PRIORITY,1,61,6
BA:bond:10137:006,bond,MANDATORY_COMPLETE_REVIEW,02_CANONICAL_STORIES/BOND/CH0264/VARIANT_10137_EPISODE_006.md,70fef7581c5ed49d1c29659be942cb70cbbbc323f177cd1b4cb29cf93d4bee6a,ADMITTED,series/blue-archive/02 Sequential Readings/BOND/BLUE_ARCHIVE_KONOKA_RENA_PHASE2_PRIVATE_WRITTEN_CONTEXTUAL_ACCOUNT_20261008.md,REF:CYCLE008_ACCEPTED,REF:CYCLE008_SCOPE,unresolved,,REF:CYCLE008_LIMITS,UNASSESSED,REF:PRIVATE_PRIORITY,1,56,2
BA:bond:10137:008,bond,MANDATORY_COMPLETE_REVIEW,02_CANONICAL_STORIES/BOND/CH0264/VARIANT_10137_EPISODE_008.md,744112a230aa2e2bf07e942b9ffd6a0da055a0bdc1fca87fc06d64dcf111b125,ADMITTED,series/blue-archive/02 Sequential Readings/BOND/BLUE_ARCHIVE_KONOKA_RENA_PHASE2_PRIVATE_WRITTEN_CONTEXTUAL_ACCOUNT_20261008.md,REF:CYCLE008_ACCEPTED,REF:CYCLE008_SCOPE,unresolved,,REF:CYCLE008_LIMITS,UNASSESSED,REF:PRIVATE_PRIORITY,1,44,11
BA:bond:10138:002,bond,MANDATORY_COMPLETE_REVIEW,02_CANONICAL_STORIES/BOND/CH0305/VARIANT_10138_EPISODE_002.md,5642352f0d355f14582a547035c17365d222cf11725a950b42c8126c28c41c0d,ADMITTED,series/blue-archive/02 Sequential Readings/BOND/BLUE_ARCHIVE_KONOKA_RENA_PHASE2_PRIVATE_WRITTEN_CONTEXTUAL_ACCOUNT_20261008.md,REF:CYCLE008_ACCEPTED,REF:CYCLE008_SCOPE,unresolved,,REF:CYCLE008_LIMITS,UNASSESSED,REF:PRIVATE_PRIORITY,1,85,11
BA:bond:10138:003,bond,MANDATORY_COMPLETE_REVIEW,02_CANONICAL_STORIES/BOND/CH0305/VARIANT_10138_EPISODE_003.md,ccca4ffafaf4c925d547b3fb2728cba61bc2327aeda04172c85771e6297dafe1,ADMITTED,series/blue-archive/02 Sequential Readings/BOND/BLUE_ARCHIVE_KONOKA_RENA_PHASE2_PRIVATE_WRITTEN_CONTEXTUAL_ACCOUNT_20261008.md,REF:CYCLE008_ACCEPTED,REF:CYCLE008_SCOPE,unresolved,,REF:CYCLE008_LIMITS,UNASSESSED,REF:PRIVATE_PRIORITY,4,68,12
BA:bond:10138:005,bond,MANDATORY_COMPLETE_REVIEW,02_CANONICAL_STORIES/BOND/CH0305/VARIANT_10138_EPISODE_005.md,2bb110aef42bef49303c2272091d232cf59d52dd239cc595f67be8d56b3e1b0d,ADMITTED,series/blue-archive/02 Sequential Readings/BOND/BLUE_ARCHIVE_KONOKA_RENA_PHASE2_PRIVATE_WRITTEN_CONTEXTUAL_ACCOUNT_20261008.md,REF:CYCLE008_ACCEPTED,REF:CYCLE008_SCOPE,unresolved,,REF:CYCLE008_LIMITS,UNASSESSED,REF:PRIVATE_PRIORITY,1,56,9
BA:bond:10138:006,bond,MANDATORY_COMPLETE_REVIEW,02_CANONICAL_STORIES/BOND/CH0305/VARIANT_10138_EPISODE_006.md,1f18cd0eb989e35720b18ce05ec02fbcb959360b51ba24f7cf15e2c822791007,ADMITTED,series/blue-archive/02 Sequential Readings/BOND/BLUE_ARCHIVE_KONOKA_RENA_PHASE2_PRIVATE_WRITTEN_CONTEXTUAL_ACCOUNT_20261008.md,REF:CYCLE008_ACCEPTED,REF:CYCLE008_SCOPE,unresolved,,REF:CYCLE008_LIMITS,UNASSESSED,REF:PRIVATE_PRIORITY,1,59,12
BA:bond:10139:002,bond,MANDATORY_COMPLETE_REVIEW,02_CANONICAL_STORIES/BOND/CH0172/VARIANT_10139_EPISODE_002.md,437ea95ab20ef82c8b917af655c659e64c5599b149ada128c7a4017a453a673a,ADMITTED,series/blue-archive/02 Sequential Readings/BOND/NIKO/BLUE_ARCHIVE_NIKO_PHASE2_PRIVATE_CONTEXTUAL_ACCOUNT_20261008.md,REF:CYCLE008_ACCEPTED,REF:CYCLE008_SCOPE,unresolved,,REF:CYCLE008_LIMITS,UNASSESSED,REF:PRIVATE_PRIORITY,1,56,11
BA:bond:10139:003,bond,MANDATORY_COMPLETE_REVIEW,02_CANONICAL_STORIES/BOND/CH0172/VARIANT_10139_EPISODE_003.md,bd76f8397492984309059e3cb3fb46f11464933d42faaafa9677f0aacaa0d6ae,ADMITTED,series/blue-archive/02 Sequential Readings/BOND/NIKO/BLUE_ARCHIVE_NIKO_PHASE2_PRIVATE_CONTEXTUAL_ACCOUNT_20261008.md,REF:CYCLE008_ACCEPTED,REF:CYCLE008_SCOPE,unresolved,,REF:CYCLE008_LIMITS,UNASSESSED,REF:PRIVATE_PRIORITY,1,83,10
BA:bond:10139:005,bond,MANDATORY_COMPLETE_REVIEW,02_CANONICAL_STORIES/BOND/CH0172/VARIANT_10139_EPISODE_005.md,2f29ca3e23eb51d2355ba5cfca5b937e7c14e6eb076a7d3a89196fd9dceaf201,ADMITTED,series/blue-archive/02 Sequential Readings/BOND/NIKO/BLUE_ARCHIVE_NIKO_PHASE2_PRIVATE_CONTEXTUAL_ACCOUNT_20261008.md,REF:CYCLE008_ACCEPTED,REF:CYCLE008_SCOPE,unresolved,,REF:CYCLE008_LIMITS,UNASSESSED,REF:PRIVATE_PRIORITY,2,76,11
BA:bond:10139:006,bond,MANDATORY_COMPLETE_REVIEW,02_CANONICAL_STORIES/BOND/CH0172/VARIANT_10139_EPISODE_006.md,a3bec1e5d1a9993d3c3bbea87954920ef1d69bbe8118ef41fbb1175495709e0c,ADMITTED,series/blue-archive/02 Sequential Readings/BOND/NIKO/BLUE_ARCHIVE_NIKO_PHASE2_PRIVATE_CONTEXTUAL_ACCOUNT_20261008.md,REF:CYCLE008_ACCEPTED,REF:CYCLE008_SCOPE,unresolved,,REF:CYCLE008_LIMITS,UNASSESSED,REF:PRIVATE_PRIORITY,1,35,7
BA:bond:10139:008,bond,MANDATORY_COMPLETE_REVIEW,02_CANONICAL_STORIES/BOND/CH0172/VARIANT_10139_EPISODE_008.md,68547dd40b7c3da4da025a98a5f67588916c551137923f3b6ec9f950caf67a18,ADMITTED,series/blue-archive/02 Sequential Readings/BOND/NIKO/BLUE_ARCHIVE_NIKO_PHASE2_PRIVATE_CONTEXTUAL_ACCOUNT_20261008.md,REF:CYCLE008_ACCEPTED,REF:CYCLE008_SCOPE,unresolved,,REF:CYCLE008_LIMITS,UNASSESSED,REF:PRIVATE_PRIORITY,2,51,6
BA:bond:10140:002,bond,MANDATORY_COMPLETE_REVIEW,02_CANONICAL_STORIES/BOND/CH0173/VARIANT_10140_EPISODE_002.md,0bd3ec594cb2bb8bcebecdb96d89ae03e5d8fe8a14a27938af889639edde04ef,ADMITTED,series/blue-archive/02 Sequential Readings/BOND/KURUMI/BLUE_ARCHIVE_KURUMI_PHASE2_PRIVATE_CONTEXTUAL_ACCOUNT_20261008.md,REF:CYCLE008_ACCEPTED,REF:CYCLE008_SCOPE,unresolved,,REF:CYCLE008_LIMITS,UNASSESSED,REF:PRIVATE_PRIORITY,2,78,19
BA:bond:10140:003,bond,MANDATORY_COMPLETE_REVIEW,02_CANONICAL_STORIES/BOND/CH0173/VARIANT_10140_EPISODE_003.md,ea9df73f08486bc21b0e2e5b34c4f9e929c39d412bfb3d2d5d28a8a898476032,ADMITTED,series/blue-archive/02 Sequential Readings/BOND/KURUMI/BLUE_ARCHIVE_KURUMI_PHASE2_PRIVATE_CONTEXTUAL_ACCOUNT_20261008.md,REF:CYCLE008_ACCEPTED,REF:CYCLE008_SCOPE,unresolved,,REF:CYCLE008_LIMITS,UNASSESSED,REF:PRIVATE_PRIORITY,1,40,8
BA:bond:10140:005,bond,MANDATORY_COMPLETE_REVIEW,02_CANONICAL_STORIES/BOND/CH0173/VARIANT_10140_EPISODE_005.md,8ea6765278623660a88ea3c04b7f4da6920d9b919062fcecabfae946bbe956d3,ADMITTED,series/blue-archive/02 Sequential Readings/BOND/KURUMI/BLUE_ARCHIVE_KURUMI_PHASE2_PRIVATE_CONTEXTUAL_ACCOUNT_20261008.md,REF:CYCLE008_ACCEPTED,REF:CYCLE008_SCOPE,unresolved,,REF:CYCLE008_LIMITS,UNASSESSED,REF:PRIVATE_PRIORITY,1,55,8
BA:bond:10140:006,bond,MANDATORY_COMPLETE_REVIEW,02_CANONICAL_STORIES/BOND/CH0173/VARIANT_10140_EPISODE_006.md,61eef0435058f15b8bcb926114a72d0e3d5eab577b99ecdd46cbab79725515a8,ADMITTED,series/blue-archive/02 Sequential Readings/BOND/KURUMI/BLUE_ARCHIVE_KURUMI_PHASE2_PRIVATE_CONTEXTUAL_ACCOUNT_20261008.md,REF:CYCLE008_ACCEPTED,REF:CYCLE008_SCOPE,unresolved,,REF:CYCLE008_LIMITS,UNASSESSED,REF:PRIVATE_PRIORITY,1,41,8
BA:bond:10140:008,bond,MANDATORY_COMPLETE_REVIEW,02_CANONICAL_STORIES/BOND/CH0173/VARIANT_10140_EPISODE_008.md,ffef30859f8d474c9c393b91cd0648adeb095ccbb4386fc99aea42704aa485e1,ADMITTED,series/blue-archive/02 Sequential Readings/BOND/KURUMI/BLUE_ARCHIVE_KURUMI_PHASE2_PRIVATE_CONTEXTUAL_ACCOUNT_20261008.md,REF:CYCLE008_ACCEPTED,REF:CYCLE008_SCOPE,unresolved,,REF:CYCLE008_LIMITS,UNASSESSED,REF:PRIVATE_PRIORITY,1,43,8
BA:bond:10141:002,bond,MANDATORY_COMPLETE_REVIEW,02_CANONICAL_STORIES/BOND/HARUKA/VARIANT_10141_EPISODE_002.md,a3ba79412fc78d9f597b500e846a3aba863bbdad267b2e4478b74a6ac24b7507,ADMITTED,series/blue-archive/02 Sequential Readings/BOND/HARUKA/BLUE_ARCHIVE_HARUKA_PRIVATE_CONTEXTUALIZATION_CHECKPOINT.md,REF:CYCLE008_ACCEPTED,REF:CYCLE008_SCOPE,unresolved,,REF:CYCLE008_LIMITS,UNASSESSED,REF:PRIVATE_PRIORITY,2,71,10
BA:bond:10141:003,bond,MANDATORY_COMPLETE_REVIEW,02_CANONICAL_STORIES/BOND/HARUKA/VARIANT_10141_EPISODE_003.md,41da44ac2fe596d58200bd26f45903ea664dc4d10108b972fc5518826eb52ddf,ADMITTED,series/blue-archive/02 Sequential Readings/BOND/HARUKA/BLUE_ARCHIVE_HARUKA_PRIVATE_CONTEXTUALIZATION_CHECKPOINT.md,REF:CYCLE008_ACCEPTED,REF:CYCLE008_SCOPE,unresolved,,REF:CYCLE008_LIMITS,UNASSESSED,REF:PRIVATE_PRIORITY,1,52,8
BA:bond:10141:005,bond,MANDATORY_COMPLETE_REVIEW,02_CANONICAL_STORIES/BOND/HARUKA/VARIANT_10141_EPISODE_005.md,210c006e854d5df21359eba823dd62d0118f17d3e0ff26b7d3ad4ee8d3b4a741,ADMITTED,series/blue-archive/02 Sequential Readings/BOND/HARUKA/BLUE_ARCHIVE_HARUKA_PRIVATE_CONTEXTUALIZATION_CHECKPOINT.md,REF:CYCLE008_ACCEPTED,REF:CYCLE008_SCOPE,unresolved,,REF:CYCLE008_LIMITS,UNASSESSED,REF:PRIVATE_PRIORITY,1,48,11
BA:bond:10141:006,bond,MANDATORY_COMPLETE_REVIEW,02_CANONICAL_STORIES/BOND/HARUKA/VARIANT_10141_EPISODE_006.md,9da7796b9169acc65f61c01a2c79845b279c4f27ab468d1a1e8fef72c87ac73d,ADMITTED,series/blue-archive/02 Sequential Readings/BOND/HARUKA/BLUE_ARCHIVE_HARUKA_PRIVATE_CONTEXTUALIZATION_CHECKPOINT.md,REF:CYCLE008_ACCEPTED,REF:CYCLE008_SCOPE,unresolved,,REF:CYCLE008_LIMITS,UNASSESSED,REF:PRIVATE_PRIORITY,2,60,10
BA:bond:10142:002,bond,MANDATORY_COMPLETE_REVIEW,02_CANONICAL_STORIES/BOND/CH0222/VARIANT_10142_EPISODE_002.md,8c46b6e161f70aea4e70ed4427ca5c9619cd37b9a49b0ee260f981e3d2ca1d05,ADMITTED,series/blue-archive/02 Sequential Readings/BOND/BLUE_ARCHIVE_HYAKKA_YUKARI_NAGUSA_KIKYOU_RENGE_PHASE2_PRIVATE_CONTEXTUAL_ACCOUNT_20261008.md,REF:CYCLE008_ACCEPTED,REF:CYCLE008_SCOPE,unresolved,,REF:CYCLE008_LIMITS,UNASSESSED,REF:PRIVATE_PRIORITY,1,50,10
BA:bond:10142:003,bond,MANDATORY_COMPLETE_REVIEW,02_CANONICAL_STORIES/BOND/CH0222/VARIANT_10142_EPISODE_003.md,deccdfe469b395f6de51d36b90260ce078e086c2d437956fc3eef6ece7434472,ADMITTED,series/blue-archive/02 Sequential Readings/BOND/BLUE_ARCHIVE_HYAKKA_YUKARI_NAGUSA_KIKYOU_RENGE_PHASE2_PRIVATE_CONTEXTUAL_ACCOUNT_20261008.md,REF:CYCLE008_ACCEPTED,REF:CYCLE008_SCOPE,unresolved,,REF:CYCLE008_LIMITS,UNASSESSED,REF:PRIVATE_PRIORITY,1,58,4
BA:bond:10142:005,bond,MANDATORY_COMPLETE_REVIEW,02_CANONICAL_STORIES/BOND/CH0222/VARIANT_10142_EPISODE_005.md,517b4873b76c62b0a4231f9ccf4782099ffdb1ef3eac04f6f01cf987aa9382a0,ADMITTED,series/blue-archive/02 Sequential Readings/BOND/BLUE_ARCHIVE_HYAKKA_YUKARI_NAGUSA_KIKYOU_RENGE_PHASE2_PRIVATE_CONTEXTUAL_ACCOUNT_20261008.md,REF:CYCLE008_ACCEPTED,REF:CYCLE008_SCOPE,unresolved,,REF:CYCLE008_LIMITS,UNASSESSED,REF:PRIVATE_PRIORITY,1,62,13
BA:bond:10142:006,bond,MANDATORY_COMPLETE_REVIEW,02_CANONICAL_STORIES/BOND/CH0222/VARIANT_10142_EPISODE_006.md,3d69d6ce06902d09a568e38cac473de7e1b3dbab8fde2094ad96aeea7d752242,ADMITTED,series/blue-archive/02 Sequential Readings/BOND/BLUE_ARCHIVE_HYAKKA_YUKARI_NAGUSA_KIKYOU_RENGE_PHASE2_PRIVATE_CONTEXTUAL_ACCOUNT_20261008.md,REF:CYCLE008_ACCEPTED,REF:CYCLE008_SCOPE,unresolved,,REF:CYCLE008_LIMITS,UNASSESSED,REF:PRIVATE_PRIORITY,1,79,5
BA:bond:10143:002,bond,MANDATORY_COMPLETE_REVIEW,02_CANONICAL_STORIES/BOND/SHUN/VARIANT_10143_EPISODE_002.md,7d6d4d72dd0358884ea614bb71ca2498bcce78997816efd27409e0c946a8ed50,ADMITTED,series/blue-archive/02 Sequential Readings/BOND/BLUE_ARCHIVE_SHANHAIJING6_AND_SAYA_PHASE2_PRIVATE_CONTEXTUAL_ACCOUNT_20261008.md,REF:CYCLE008_ACCEPTED,REF:CYCLE008_SCOPE,unresolved,,REF:CYCLE008_LIMITS,UNASSESSED,REF:PRIVATE_PRIORITY,1,92,6
BA:bond:10143:003,bond,MANDATORY_COMPLETE_REVIEW,02_CANONICAL_STORIES/BOND/SHUN/VARIANT_10143_EPISODE_003.md,3a20358fe9239173893e1dd864375c6d360e3109f82f678d8205f75b1459fce7,ADMITTED,series/blue-archive/02 Sequential Readings/BOND/BLUE_ARCHIVE_SHANHAIJING6_AND_SAYA_PHASE2_PRIVATE_CONTEXTUAL_ACCOUNT_20261008.md,REF:CYCLE008_ACCEPTED,REF:CYCLE008_SCOPE,unresolved,,REF:CYCLE008_LIMITS,UNASSESSED,REF:PRIVATE_PRIORITY,1,122,14
BA:bond:10143:005,bond,MANDATORY_COMPLETE_REVIEW,02_CANONICAL_STORIES/BOND/SHUN/VARIANT_10143_EPISODE_005.md,0e8f1fb73b77a0b66128e9422932e0758d750a08ca344ca451f95f7d9f3cafa4,ADMITTED,series/blue-archive/02 Sequential Readings/BOND/BLUE_ARCHIVE_SHANHAIJING6_AND_SAYA_PHASE2_PRIVATE_CONTEXTUAL_ACCOUNT_20261008.md,REF:CYCLE008_ACCEPTED,REF:CYCLE008_SCOPE,unresolved,,REF:CYCLE008_LIMITS,UNASSESSED,REF:PRIVATE_PRIORITY,1,97,15
BA:bond:10143:006,bond,MANDATORY_COMPLETE_REVIEW,02_CANONICAL_STORIES/BOND/SHUN/VARIANT_10143_EPISODE_006.md,aacc0e9734214171aede05dbfe7a46ea196aae682a941ac5ca7a0e5d234df210,ADMITTED,series/blue-archive/02 Sequential Readings/BOND/BLUE_ARCHIVE_SHANHAIJING6_AND_SAYA_PHASE2_PRIVATE_CONTEXTUAL_ACCOUNT_20261008.md,REF:CYCLE008_ACCEPTED,REF:CYCLE008_SCOPE,unresolved,,REF:CYCLE008_LIMITS,UNASSESSED,REF:PRIVATE_PRIORITY,1,103,3
BA:bond:10145:002,bond,MANDATORY_COMPLETE_REVIEW,02_CANONICAL_STORIES/BOND/CH0139/VARIANT_10145_EPISODE_002.md,e6fb0ab8f585f93dea38e361d5eccf20d28da00a8bb5f452584375834a33e976,ADMITTED,series/blue-archive/02 Sequential Readings/BOND/BLUE_ARCHIVE_SHANHAIJING6_AND_SAYA_PHASE2_PRIVATE_CONTEXTUAL_ACCOUNT_20261008.md,REF:CYCLE008_ACCEPTED,REF:CYCLE008_SCOPE,unresolved,,REF:CYCLE008_LIMITS,UNASSESSED,REF:PRIVATE_PRIORITY,1,93,8
BA:bond:10145:003,bond,MANDATORY_COMPLETE_REVIEW,02_CANONICAL_STORIES/BOND/CH0139/VARIANT_10145_EPISODE_003.md,54000a166f5e2ac38d263942b45ce166ecdcf816ae2d8801338d4166e2869f32,ADMITTED,series/blue-archive/02 Sequential Readings/BOND/BLUE_ARCHIVE_SHANHAIJING6_AND_SAYA_PHASE2_PRIVATE_CONTEXTUAL_ACCOUNT_20261008.md,REF:CYCLE008_ACCEPTED,REF:CYCLE008_SCOPE,unresolved,,REF:CYCLE008_LIMITS,UNASSESSED,REF:PRIVATE_PRIORITY,1,92,12
BA:bond:10145:005,bond,MANDATORY_COMPLETE_REVIEW,02_CANONICAL_STORIES/BOND/CH0139/VARIANT_10145_EPISODE_005.md,0694a490ec564f1377089ebc78c3f26f9cc3eb9dde1233877ded25314218460a,ADMITTED,series/blue-archive/02 Sequential Readings/BOND/BLUE_ARCHIVE_SHANHAIJING6_AND_SAYA_PHASE2_PRIVATE_CONTEXTUAL_ACCOUNT_20261008.md,REF:CYCLE008_ACCEPTED,REF:CYCLE008_SCOPE,unresolved,,REF:CYCLE008_LIMITS,UNASSESSED,REF:PRIVATE_PRIORITY,1,72,7
BA:bond:10145:006,bond,MANDATORY_COMPLETE_REVIEW,02_CANONICAL_STORIES/BOND/CH0139/VARIANT_10145_EPISODE_006.md,a88dc676b0f4d48068f6736886b6e34b02af562c3e232bb93f2bba18315ed6b4,ADMITTED,series/blue-archive/02 Sequential Readings/BOND/BLUE_ARCHIVE_SHANHAIJING6_AND_SAYA_PHASE2_PRIVATE_CONTEXTUAL_ACCOUNT_20261008.md,REF:CYCLE008_ACCEPTED,REF:CYCLE008_SCOPE,unresolved,,REF:CYCLE008_LIMITS,UNASSESSED,REF:PRIVATE_PRIORITY,1,106,9
BA:bond:10146:002,bond,MANDATORY_COMPLETE_REVIEW,02_CANONICAL_STORIES/BOND/CH0079/VARIANT_10146_EPISODE_002.md,8abd0c108cb3b42fd53cd39688827f7b15ead06b0f4aca01927817d2aee9dc88,ADMITTED,series/blue-archive/02 Sequential Readings/BOND/BLUE_ARCHIVE_GEHENNA20_PHASE2_PRIVATE_CONTEXTUAL_ACCOUNT_20261008.md,REF:CYCLE008_ACCEPTED,REF:CYCLE008_SCOPE,unresolved,,REF:CYCLE008_LIMITS,UNASSESSED,REF:PRIVATE_PRIORITY,1,63,7
BA:bond:10146:003,bond,MANDATORY_COMPLETE_REVIEW,02_CANONICAL_STORIES/BOND/CH0079/VARIANT_10146_EPISODE_003.md,48b4524286b1719b47816eeabdedde5c0b194fb506a3a21b402a6578cbbae8a1,ADMITTED,series/blue-archive/02 Sequential Readings/BOND/BLUE_ARCHIVE_GEHENNA20_PHASE2_PRIVATE_CONTEXTUAL_ACCOUNT_20261008.md,REF:CYCLE008_ACCEPTED,REF:CYCLE008_SCOPE,unresolved,,REF:CYCLE008_LIMITS,UNASSESSED,REF:PRIVATE_PRIORITY,1,73,7
BA:bond:10146:005,bond,MANDATORY_COMPLETE_REVIEW,02_CANONICAL_STORIES/BOND/CH0079/VARIANT_10146_EPISODE_005.md,95e3e77d582a2463f3afa7d14de0b4bde74c901dcae1bb7d2fd8697b8934b9c5,ADMITTED,series/blue-archive/02 Sequential Readings/BOND/BLUE_ARCHIVE_GEHENNA20_PHASE2_PRIVATE_CONTEXTUAL_ACCOUNT_20261008.md,REF:CYCLE008_ACCEPTED,REF:CYCLE008_SCOPE,unresolved,,REF:CYCLE008_LIMITS,UNASSESSED,REF:PRIVATE_PRIORITY,1,72,2
BA:bond:10146:006,bond,MANDATORY_COMPLETE_REVIEW,02_CANONICAL_STORIES/BOND/CH0079/VARIANT_10146_EPISODE_006.md,e0625c10441ec6e4d883db154b5a8bb11e2a9c2aa5b426c7d20b4bfd7fa38431,ADMITTED,series/blue-archive/02 Sequential Readings/BOND/BLUE_ARCHIVE_GEHENNA20_PHASE2_PRIVATE_CONTEXTUAL_ACCOUNT_20261008.md,REF:CYCLE008_ACCEPTED,REF:CYCLE008_SCOPE,unresolved,,REF:CYCLE008_LIMITS,UNASSESSED,REF:PRIVATE_PRIORITY,1,64,6
BA:bond:10147:002,bond,MANDATORY_COMPLETE_REVIEW,02_CANONICAL_STORIES/BOND/CH0080/VARIANT_10147_EPISODE_002.md,12e37e961bf1b669a7d3de42a01cd9bb53a53a9e081ba5be40220ffde8278be9,ADMITTED,series/blue-archive/02 Sequential Readings/BOND/BLUE_ARCHIVE_GEHENNA20_PHASE2_PRIVATE_CONTEXTUAL_ACCOUNT_20261008.md,REF:CYCLE008_ACCEPTED,REF:CYCLE008_SCOPE,unresolved,,REF:CYCLE008_LIMITS,UNASSESSED,REF:PRIVATE_PRIORITY,1,46,7
BA:bond:10147:003,bond,MANDATORY_COMPLETE_REVIEW,02_CANONICAL_STORIES/BOND/CH0080/VARIANT_10147_EPISODE_003.md,62692e833f2ee0a18f1b5b6eb633c674a957ce43961f526ac3c5c00b53db2bf1,ADMITTED,series/blue-archive/02 Sequential Readings/BOND/BLUE_ARCHIVE_GEHENNA20_PHASE2_PRIVATE_CONTEXTUAL_ACCOUNT_20261008.md,REF:CYCLE008_ACCEPTED,REF:CYCLE008_SCOPE,unresolved,,REF:CYCLE008_LIMITS,UNASSESSED,REF:PRIVATE_PRIORITY,1,53,8
BA:bond:10147:005,bond,MANDATORY_COMPLETE_REVIEW,02_CANONICAL_STORIES/BOND/CH0080/VARIANT_10147_EPISODE_005.md,398f1803fc48947ffa6083f7e6907cfe71a829f61abeab7f09bef8e2cd229a67,ADMITTED,series/blue-archive/02 Sequential Readings/BOND/BLUE_ARCHIVE_GEHENNA20_PHASE2_PRIVATE_CONTEXTUAL_ACCOUNT_20261008.md,REF:CYCLE008_ACCEPTED,REF:CYCLE008_SCOPE,unresolved,,REF:CYCLE008_LIMITS,UNASSESSED,REF:PRIVATE_PRIORITY,1,48,4
BA:bond:10147:006,bond,MANDATORY_COMPLETE_REVIEW,02_CANONICAL_STORIES/BOND/CH0080/VARIANT_10147_EPISODE_006.md,bfce6cdae43a65a54802de9054da30087cf074a16a9aee7ca0d16cd4af0722a6,ADMITTED,series/blue-archive/02 Sequential Readings/BOND/BLUE_ARCHIVE_GEHENNA20_PHASE2_PRIVATE_CONTEXTUAL_ACCOUNT_20261008.md,REF:CYCLE008_ACCEPTED,REF:CYCLE008_SCOPE,unresolved,,REF:CYCLE008_LIMITS,UNASSESSED,REF:PRIVATE_PRIORITY,1,64,14
BA:bond:10147:008,bond,MANDATORY_COMPLETE_REVIEW,02_CANONICAL_STORIES/BOND/CH0080/VARIANT_10147_EPISODE_008.md,c6c2f16a7cbc10248d212fa5df309c6c4d5a8e4a3926f1c9f6980bd3b6a84a11,ADMITTED,series/blue-archive/02 Sequential Readings/BOND/BLUE_ARCHIVE_GEHENNA20_PHASE2_PRIVATE_CONTEXTUAL_ACCOUNT_20261008.md,REF:CYCLE008_ACCEPTED,REF:CYCLE008_SCOPE,unresolved,,REF:CYCLE008_LIMITS,UNASSESSED,REF:PRIVATE_PRIORITY,1,52,5
BA:bond:10148:002,bond,MANDATORY_COMPLETE_REVIEW,02_CANONICAL_STORIES/BOND/CH0156/VARIANT_10148_EPISODE_002.md,f44bf5f5675d0d1a0d1b02cb11e701a77b0bc51d1a8de224b72f43ab89f3a9f4,ADMITTED,series/blue-archive/02 Sequential Readings/BOND/BLUE_ARCHIVE_GEHENNA20_PHASE2_PRIVATE_CONTEXTUAL_ACCOUNT_20261008.md,REF:CYCLE008_ACCEPTED,REF:CYCLE008_SCOPE,unresolved,,REF:CYCLE008_LIMITS,UNASSESSED,REF:PRIVATE_PRIORITY,1,38,5
BA:bond:10148:003,bond,MANDATORY_COMPLETE_REVIEW,02_CANONICAL_STORIES/BOND/CH0156/VARIANT_10148_EPISODE_003.md,974a27ce9a789bacb3bbe437f82d5df172ec2d8a43b2ea437b53fefd5d3b4706,ADMITTED,series/blue-archive/02 Sequential Readings/BOND/BLUE_ARCHIVE_GEHENNA20_PHASE2_PRIVATE_CONTEXTUAL_ACCOUNT_20261008.md,REF:CYCLE008_ACCEPTED,REF:CYCLE008_SCOPE,unresolved,,REF:CYCLE008_LIMITS,UNASSESSED,REF:PRIVATE_PRIORITY,1,42,5
BA:bond:10148:005,bond,MANDATORY_COMPLETE_REVIEW,02_CANONICAL_STORIES/BOND/CH0156/VARIANT_10148_EPISODE_005.md,e3ba866ac59f0e1ff8e59cbfa4d1a98991466eaa4654a7463ed12498eb695182,ADMITTED,series/blue-archive/02 Sequential Readings/BOND/BLUE_ARCHIVE_GEHENNA20_PHASE2_PRIVATE_CONTEXTUAL_ACCOUNT_20261008.md,REF:CYCLE008_ACCEPTED,REF:CYCLE008_SCOPE,unresolved,,REF:CYCLE008_LIMITS,UNASSESSED,REF:PRIVATE_PRIORITY,1,95,2
BA:bond:10148:006,bond,MANDATORY_COMPLETE_REVIEW,02_CANONICAL_STORIES/BOND/CH0156/VARIANT_10148_EPISODE_006.md,e7d67e52fffe5faac7da512550ee36e025ce84fa4ded85a5122f4a634cac4a24,ADMITTED,series/blue-archive/02 Sequential Readings/BOND/BLUE_ARCHIVE_GEHENNA20_PHASE2_PRIVATE_CONTEXTUAL_ACCOUNT_20261008.md,REF:CYCLE008_ACCEPTED,REF:CYCLE008_SCOPE,unresolved,,REF:CYCLE008_LIMITS,UNASSESSED,REF:PRIVATE_PRIORITY,1,34,4
BA:bond:10149:002,bond,MANDATORY_COMPLETE_REVIEW,02_CANONICAL_STORIES/BOND/CH0368/VARIANT_10149_EPISODE_002.md,7fa0098a1272d512d55efec7eac7d51c255e2faf30e153156f15ba773c37a341,ADMITTED,series/blue-archive/02 Sequential Readings/BOND/KOKORO/BLUE_ARCHIVE_KOKORO_PHASE2_PRIVATE_CONTEXTUAL_ACCOUNT_20261008.md,REF:CYCLE008_ACCEPTED,REF:CYCLE008_SCOPE,unresolved,,REF:CYCLE008_LIMITS,UNASSESSED,REF:PRIVATE_PRIORITY,1,53,10
BA:bond:10149:003,bond,MANDATORY_COMPLETE_REVIEW,02_CANONICAL_STORIES/BOND/CH0368/VARIANT_10149_EPISODE_003.md,1bd09a2af8303d1e9e18cfdc906976629b02b1ee36da45139577c4a558016213,ADMITTED,series/blue-archive/02 Sequential Readings/BOND/KOKORO/BLUE_ARCHIVE_KOKORO_PHASE2_PRIVATE_CONTEXTUAL_ACCOUNT_20261008.md,REF:CYCLE008_ACCEPTED,REF:CYCLE008_SCOPE,unresolved,,REF:CYCLE008_LIMITS,UNASSESSED,REF:PRIVATE_PRIORITY,1,59,13
BA:bond:10149:005,bond,MANDATORY_COMPLETE_REVIEW,02_CANONICAL_STORIES/BOND/CH0368/VARIANT_10149_EPISODE_005.md,8e24ede96148ffe3af00530c0375ba16d40c838e77d2763e1c16927873b3344e,ADMITTED,series/blue-archive/02 Sequential Readings/BOND/KOKORO/BLUE_ARCHIVE_KOKORO_PHASE2_PRIVATE_CONTEXTUAL_ACCOUNT_20261008.md,REF:CYCLE008_ACCEPTED,REF:CYCLE008_SCOPE,unresolved,,REF:CYCLE008_LIMITS,UNASSESSED,REF:PRIVATE_PRIORITY,1,56,7
BA:bond:10149:006,bond,MANDATORY_COMPLETE_REVIEW,02_CANONICAL_STORIES/BOND/CH0368/VARIANT_10149_EPISODE_006.md,e5e5089b0ceeb4225030853a00daf2432de148b034c2c54e4be8a79ddc42b1e0,ADMITTED,series/blue-archive/02 Sequential Readings/BOND/KOKORO/BLUE_ARCHIVE_KOKORO_PHASE2_PRIVATE_CONTEXTUAL_ACCOUNT_20261008.md,REF:CYCLE008_ACCEPTED,REF:CYCLE008_SCOPE,unresolved,,REF:CYCLE008_LIMITS,UNASSESSED,REF:PRIVATE_PRIORITY,1,49,11
BA:bond:10150:002,bond,MANDATORY_COMPLETE_REVIEW,02_CANONICAL_STORIES/BOND/CH0369/VARIANT_10150_EPISODE_002.md,c1886d44b557aa75ba8c2139c428aaad5c03a89d9d51c6f8ce32263bcf22ea53,ADMITTED,series/blue-archive/02 Sequential Readings/BOND/KOTONE/BLUE_ARCHIVE_KOTONE_PHASE2_PRIVATE_CONTEXTUAL_ACCOUNT_20261008.md,REF:CYCLE008_ACCEPTED,REF:CYCLE008_SCOPE,unresolved,,REF:CYCLE008_LIMITS,UNASSESSED,REF:PRIVATE_PRIORITY,1,48,9
BA:bond:10150:003,bond,MANDATORY_COMPLETE_REVIEW,02_CANONICAL_STORIES/BOND/CH0369/VARIANT_10150_EPISODE_003.md,0f9991c5e1cb8ea7040941d69256631c1532f2af061a87e610aa1d5e47d5aa99,ADMITTED,series/blue-archive/02 Sequential Readings/BOND/KOTONE/BLUE_ARCHIVE_KOTONE_PHASE2_PRIVATE_CONTEXTUAL_ACCOUNT_20261008.md,REF:CYCLE008_ACCEPTED,REF:CYCLE008_SCOPE,unresolved,,REF:CYCLE008_LIMITS,UNASSESSED,REF:PRIVATE_PRIORITY,1,61,10
BA:bond:10150:005,bond,MANDATORY_COMPLETE_REVIEW,02_CANONICAL_STORIES/BOND/CH0369/VARIANT_10150_EPISODE_005.md,4ad42bdbb6053d59842a4bd57a017a54b4b48ed47668a52fec1ea5f6a7b74d8f,ADMITTED,series/blue-archive/02 Sequential Readings/BOND/KOTONE/BLUE_ARCHIVE_KOTONE_PHASE2_PRIVATE_CONTEXTUAL_ACCOUNT_20261008.md,REF:CYCLE008_ACCEPTED,REF:CYCLE008_SCOPE,unresolved,,REF:CYCLE008_LIMITS,UNASSESSED,REF:PRIVATE_PRIORITY,1,49,4
BA:bond:10150:006,bond,MANDATORY_COMPLETE_REVIEW,02_CANONICAL_STORIES/BOND/CH0369/VARIANT_10150_EPISODE_006.md,ae17b761252b03cc3fa22f738aa4a2a55681f13d12267ef957ef5854d6177b79,ADMITTED,series/blue-archive/02 Sequential Readings/BOND/KOTONE/BLUE_ARCHIVE_KOTONE_PHASE2_PRIVATE_CONTEXTUAL_ACCOUNT_20261008.md,REF:CYCLE008_ACCEPTED,REF:CYCLE008_SCOPE,unresolved,,REF:CYCLE008_LIMITS,UNASSESSED,REF:PRIVATE_PRIORITY,1,48,8
BA:bond:10151:002,bond,MANDATORY_COMPLETE_REVIEW,02_CANONICAL_STORIES/BOND/CH0320/VARIANT_10151_EPISODE_002.md,6321f5b038e1e1263848ac6246c7b4a0c50e762ab7eb22ddcce02039af38790c,ADMITTED,series/blue-archive/02 Sequential Readings/BOND/BLUE_ARCHIVE_ANNA_ERINA_PHASE2_PRIVATE_CONTEXTUAL_ACCOUNT_20261009.md,REF:CYCLE008_ACCEPTED,REF:CYCLE008_SCOPE,unresolved,,REF:CYCLE008_LIMITS;REF:NEW80_ROOT_QUALIFIED;REF:NEW80_IDENTITY_MODES,UNASSESSED,REF:PRIVATE_PRIORITY,1,40,8
BA:bond:10151:003,bond,MANDATORY_COMPLETE_REVIEW,02_CANONICAL_STORIES/BOND/CH0320/VARIANT_10151_EPISODE_003.md,ed67680987e20383068c1f6676b28479874578247f59bf716fe66de50ed53407,ADMITTED,series/blue-archive/02 Sequential Readings/BOND/BLUE_ARCHIVE_ANNA_ERINA_PHASE2_PRIVATE_CONTEXTUAL_ACCOUNT_20261009.md,REF:CYCLE008_ACCEPTED,REF:CYCLE008_SCOPE,unresolved,,REF:CYCLE008_LIMITS;REF:NEW80_ROOT_QUALIFIED;REF:NEW80_IDENTITY_MODES,UNASSESSED,REF:PRIVATE_PRIORITY,2,59,8
BA:bond:10151:005,bond,MANDATORY_COMPLETE_REVIEW,02_CANONICAL_STORIES/BOND/CH0320/VARIANT_10151_EPISODE_005.md,b3f2a56303c1021591ecb9b7205f5f2443a643c07fb2ab29d6fcb0bc71112fd8,ADMITTED,series/blue-archive/02 Sequential Readings/BOND/BLUE_ARCHIVE_ANNA_ERINA_PHASE2_PRIVATE_CONTEXTUAL_ACCOUNT_20261009.md,REF:CYCLE008_ACCEPTED,REF:CYCLE008_SCOPE,unresolved,,REF:CYCLE008_LIMITS;REF:NEW80_ROOT_QUALIFIED;REF:NEW80_IDENTITY_MODES,UNASSESSED,REF:PRIVATE_PRIORITY,1,46,10
BA:bond:10151:006,bond,MANDATORY_COMPLETE_REVIEW,02_CANONICAL_STORIES/BOND/CH0320/VARIANT_10151_EPISODE_006.md,b730aa27711c8d1b705f9105996158e60acade62323ee50b2afe675f4e9a3e87,ADMITTED,series/blue-archive/02 Sequential Readings/BOND/BLUE_ARCHIVE_ANNA_ERINA_PHASE2_PRIVATE_CONTEXTUAL_ACCOUNT_20261009.md,REF:CYCLE008_ACCEPTED,REF:CYCLE008_SCOPE,unresolved,,REF:CYCLE008_LIMITS;REF:NEW80_ROOT_QUALIFIED;REF:NEW80_IDENTITY_MODES,UNASSESSED,REF:PRIVATE_PRIORITY,1,70,10
BA:bond:13000:002,bond,MANDATORY_COMPLETE_REVIEW,02_CANONICAL_STORIES/BOND/AKANE/VARIANT_13000_EPISODE_002.md,0021dbd5c4827f13624f6fd183b301aa814e510c0a00dfadb5d8aa5c797c02b7,ADMITTED,series/blue-archive/02 Sequential Readings/BOND/BLUE_ARCHIVE_AKANE_PHASE2_PRIVATE_CONTEXTUAL_ACCOUNT_20261008.md,REF:CYCLE008_ACCEPTED,REF:CYCLE008_SCOPE,unresolved,,REF:CYCLE008_LIMITS,UNASSESSED,REF:PRIVATE_PRIORITY,2,41,2
BA:bond:13000:003,bond,MANDATORY_COMPLETE_REVIEW,02_CANONICAL_STORIES/BOND/AKANE/VARIANT_13000_EPISODE_003.md,7b5cfbdca00df2d20adee53e9faf8af7753d7325e82054f6aadfcb0ad0f39cde,ADMITTED,series/blue-archive/02 Sequential Readings/BOND/BLUE_ARCHIVE_AKANE_PHASE2_PRIVATE_CONTEXTUAL_ACCOUNT_20261008.md,REF:CYCLE008_ACCEPTED,REF:CYCLE008_SCOPE,unresolved,,REF:CYCLE008_LIMITS,UNASSESSED,REF:PRIVATE_PRIORITY,1,59,3
BA:bond:13000:005,bond,MANDATORY_COMPLETE_REVIEW,02_CANONICAL_STORIES/BOND/AKANE/VARIANT_13000_EPISODE_005.md,8fb181b2bcd633cdd0a0c36c72f7f2caceae7fb124ad88869181d628616ab63a,ADMITTED,series/blue-archive/02 Sequential Readings/BOND/BLUE_ARCHIVE_AKANE_PHASE2_PRIVATE_CONTEXTUAL_ACCOUNT_20261008.md,REF:CYCLE008_ACCEPTED,REF:CYCLE008_SCOPE,unresolved,,REF:CYCLE008_LIMITS,UNASSESSED,REF:PRIVATE_PRIORITY,2,58,2
BA:bond:13000:006,bond,MANDATORY_COMPLETE_REVIEW,02_CANONICAL_STORIES/BOND/AKANE/VARIANT_13000_EPISODE_006.md,ff112aad8bc51a459c207cb603cbbb50702198faf996094d448aca271a6474d7,ADMITTED,series/blue-archive/02 Sequential Readings/BOND/BLUE_ARCHIVE_AKANE_PHASE2_PRIVATE_CONTEXTUAL_ACCOUNT_20261008.md,REF:CYCLE008_ACCEPTED,REF:CYCLE008_SCOPE,unresolved,,REF:CYCLE008_LIMITS,UNASSESSED,REF:PRIVATE_PRIORITY,3,66,3
BA:bond:13000:008,bond,MANDATORY_COMPLETE_REVIEW,02_CANONICAL_STORIES/BOND/AKANE/VARIANT_13000_EPISODE_008.md,abad31ca10cb9144d3d64e581ccd3fb3897faa7c61a3c62ecbf66256e0a8f190,ADMITTED,series/blue-archive/02 Sequential Readings/BOND/BLUE_ARCHIVE_AKANE_PHASE2_PRIVATE_CONTEXTUAL_ACCOUNT_20261008.md,REF:CYCLE008_ACCEPTED,REF:CYCLE008_SCOPE,unresolved,,REF:CYCLE008_LIMITS,UNASSESSED,REF:PRIVATE_PRIORITY,1,36,0
BA:bond:13000:009,bond,MANDATORY_COMPLETE_REVIEW,02_CANONICAL_STORIES/BOND/AKANE/VARIANT_13000_EPISODE_009.md,ae19c8fdd115651089c89705ce9b850e05832525d058db9c9dcfd77611697681,ADMITTED,series/blue-archive/02 Sequential Readings/BOND/BLUE_ARCHIVE_AKANE_PHASE2_PRIVATE_CONTEXTUAL_ACCOUNT_20261008.md,REF:CYCLE008_ACCEPTED,REF:CYCLE008_SCOPE,unresolved,,REF:CYCLE008_LIMITS,UNASSESSED,REF:PRIVATE_PRIORITY,2,42,1
BA:bond:13001:002,bond,MANDATORY_COMPLETE_REVIEW,02_CANONICAL_STORIES/BOND/CHISE/VARIANT_13001_EPISODE_002.md,82078a44c1bb5fbf2c454f655f0833d9440061d8ab1eecdb0bcb9add54a00986,ADMITTED,series/blue-archive/02 Sequential Readings/BOND/BLUE_ARCHIVE_YINYANG_NIYA_KAHO_CHISE_PHASE2_PRIVATE_CONTEXTUAL_ACCOUNT_20261008.md,REF:CYCLE008_ACCEPTED,REF:CYCLE008_SCOPE,unresolved,,REF:CYCLE008_LIMITS,UNASSESSED,REF:PRIVATE_PRIORITY,1,67,28
BA:bond:13001:003,bond,MANDATORY_COMPLETE_REVIEW,02_CANONICAL_STORIES/BOND/CHISE/VARIANT_13001_EPISODE_003.md,23275c3bce917c8003d4d32d8970552873b4188cb6ccbf7c04c499d7b9d268b3,ADMITTED,series/blue-archive/02 Sequential Readings/BOND/BLUE_ARCHIVE_YINYANG_NIYA_KAHO_CHISE_PHASE2_PRIVATE_CONTEXTUAL_ACCOUNT_20261008.md,REF:CYCLE008_ACCEPTED,REF:CYCLE008_SCOPE,unresolved,,REF:CYCLE008_LIMITS,UNASSESSED,REF:PRIVATE_PRIORITY,1,50,13
BA:bond:13001:005,bond,MANDATORY_COMPLETE_REVIEW,02_CANONICAL_STORIES/BOND/CHISE/VARIANT_13001_EPISODE_005.md,d6f008731b308887ed31a2e75258d0996dd3b6dc09b032db385cfd6586425fb2,ADMITTED,series/blue-archive/02 Sequential Readings/BOND/BLUE_ARCHIVE_YINYANG_NIYA_KAHO_CHISE_PHASE2_PRIVATE_CONTEXTUAL_ACCOUNT_20261008.md,REF:CYCLE008_ACCEPTED,REF:CYCLE008_SCOPE,unresolved,,REF:CYCLE008_LIMITS,UNASSESSED,REF:PRIVATE_PRIORITY,2,113,20
BA:bond:13001:015,bond,MANDATORY_COMPLETE_REVIEW,02_CANONICAL_STORIES/BOND/CHISE/VARIANT_13001_EPISODE_015.md,8b37eb077378491692f91287c8eb2b1c056985e1735f7e65039b954f1303d304,ADMITTED,series/blue-archive/02 Sequential Readings/BOND/BLUE_ARCHIVE_YINYANG_NIYA_KAHO_CHISE_PHASE2_PRIVATE_CONTEXTUAL_ACCOUNT_20261008.md,REF:CYCLE008_ACCEPTED,REF:CYCLE008_SCOPE,unresolved,,REF:CYCLE008_LIMITS,UNASSESSED,REF:PRIVATE_PRIORITY,1,40,9
BA:bond:13002:002,bond,MANDATORY_COMPLETE_REVIEW,02_CANONICAL_STORIES/BOND/AKARI/VARIANT_13002_EPISODE_002.md,393354835722bf0997452671d872485ebd1aa5e9185ff351ad6bcd3aaf51e6db,ADMITTED,series/blue-archive/02 Sequential Readings/BOND/BLUE_ARCHIVE_GEHENNA20_PHASE2_PRIVATE_CONTEXTUAL_ACCOUNT_20261008.md,REF:CYCLE008_ACCEPTED,REF:CYCLE008_SCOPE,unresolved,,REF:CYCLE008_LIMITS,UNASSESSED,REF:PRIVATE_PRIORITY,1,27,4
BA:bond:13002:003,bond,MANDATORY_COMPLETE_REVIEW,02_CANONICAL_STORIES/BOND/AKARI/VARIANT_13002_EPISODE_003.md,d59885b712912fae21032ec0c14487d4e4f5f6d60bf6993b0f444656e3db94fc,ADMITTED,series/blue-archive/02 Sequential Readings/BOND/BLUE_ARCHIVE_GEHENNA20_PHASE2_PRIVATE_CONTEXTUAL_ACCOUNT_20261008.md,REF:CYCLE008_ACCEPTED,REF:CYCLE008_SCOPE,unresolved,,REF:CYCLE008_LIMITS,UNASSESSED,REF:PRIVATE_PRIORITY,1,27,3
BA:bond:13002:005,bond,MANDATORY_COMPLETE_REVIEW,02_CANONICAL_STORIES/BOND/AKARI/VARIANT_13002_EPISODE_005.md,639ea165e4451ce729dea9fba950fb5f95eb0ef1876d20e4cfa075bde973a1c6,ADMITTED,series/blue-archive/02 Sequential Readings/BOND/BLUE_ARCHIVE_GEHENNA20_PHASE2_PRIVATE_CONTEXTUAL_ACCOUNT_20261008.md,REF:CYCLE008_ACCEPTED,REF:CYCLE008_SCOPE,unresolved,,REF:CYCLE008_LIMITS,UNASSESSED,REF:PRIVATE_PRIORITY,2,61,3
BA:bond:13002:006,bond,MANDATORY_COMPLETE_REVIEW,02_CANONICAL_STORIES/BOND/AKARI/VARIANT_13002_EPISODE_006.md,b73e3e4a039f30a7f2592a0d2b0254b68c7051b11df22b618be65772aa30ae04,ADMITTED,series/blue-archive/02 Sequential Readings/BOND/BLUE_ARCHIVE_GEHENNA20_PHASE2_PRIVATE_CONTEXTUAL_ACCOUNT_20261008.md,REF:CYCLE008_ACCEPTED,REF:CYCLE008_SCOPE,unresolved,,REF:CYCLE008_LIMITS,UNASSESSED,REF:PRIVATE_PRIORITY,1,37,3
BA:bond:13003:002,bond,MANDATORY_COMPLETE_REVIEW,02_CANONICAL_STORIES/BOND/HASUMI/VARIANT_13003_EPISODE_002.md,4e726823a19cfe0d7b6b4e3e5d3db3430f41616a64ed5a40bc2eda52c17473a1,ADMITTED,series/blue-archive/02 Sequential Readings/BOND/BLUE_ARCHIVE_HASUMI_TSURUGI_PRIVATE_CONTEXTUALIZATION_CHECKPOINT.md,REF:CYCLE008_ACCEPTED,REF:CYCLE008_SCOPE,unresolved,,REF:CYCLE008_LIMITS,UNASSESSED,REF:PRIVATE_PRIORITY,1,52,14
BA:bond:13003:003,bond,MANDATORY_COMPLETE_REVIEW,02_CANONICAL_STORIES/BOND/HASUMI/VARIANT_13003_EPISODE_003.md,daf3b9ea3ebebb4a8b952aa4fd650d1cefd8fdcc3ed630994b4b1178de1a2610,ADMITTED,series/blue-archive/02 Sequential Readings/BOND/BLUE_ARCHIVE_HASUMI_TSURUGI_PRIVATE_CONTEXTUALIZATION_CHECKPOINT.md,REF:CYCLE008_ACCEPTED,REF:CYCLE008_SCOPE,unresolved,,REF:CYCLE008_LIMITS,UNASSESSED,REF:PRIVATE_PRIORITY,1,48,10
BA:bond:13003:005,bond,MANDATORY_COMPLETE_REVIEW,02_CANONICAL_STORIES/BOND/HASUMI/VARIANT_13003_EPISODE_005.md,c9902f815290a7fe85b22a868b9b60f31c5ddd6c6909d7304f37d21240ded9d9,ADMITTED,series/blue-archive/02 Sequential Readings/BOND/BLUE_ARCHIVE_HASUMI_TSURUGI_PRIVATE_CONTEXTUALIZATION_CHECKPOINT.md,REF:CYCLE008_ACCEPTED,REF:CYCLE008_SCOPE,unresolved,,REF:CYCLE008_LIMITS,UNASSESSED,REF:PRIVATE_PRIORITY,1,19,2
BA:bond:13003:006,bond,MANDATORY_COMPLETE_REVIEW,02_CANONICAL_STORIES/BOND/HASUMI/VARIANT_13003_EPISODE_006.md,ada40131dadb2a3887a59945c0cd60c5b5ebf7e092e658ebb219baf746bfd14c,ADMITTED,series/blue-archive/02 Sequential Readings/BOND/BLUE_ARCHIVE_HASUMI_TSURUGI_PRIVATE_CONTEXTUALIZATION_CHECKPOINT.md,REF:CYCLE008_ACCEPTED,REF:CYCLE008_SCOPE,unresolved,,REF:CYCLE008_LIMITS,UNASSESSED,REF:PRIVATE_PRIORITY,1,26,4
BA:bond:13003:008,bond,MANDATORY_COMPLETE_REVIEW,02_CANONICAL_STORIES/BOND/HASUMI/VARIANT_13003_EPISODE_008.md,33ad2ef7954dd6e2ec8387c41163117af9190b3d0d13c707821cdbf870d19056,ADMITTED,series/blue-archive/02 Sequential Readings/BOND/BLUE_ARCHIVE_HASUMI_TSURUGI_PRIVATE_CONTEXTUALIZATION_CHECKPOINT.md,REF:CYCLE008_ACCEPTED,REF:CYCLE008_SCOPE,unresolved,,REF:CYCLE008_LIMITS,UNASSESSED,REF:PRIVATE_PRIORITY,1,43,5
BA:bond:13003:015,bond,MANDATORY_COMPLETE_REVIEW,02_CANONICAL_STORIES/BOND/HASUMI/VARIANT_13003_EPISODE_015.md,935b338708245041babe750d68582ee1cae1ccc4a4c692a21045293b2b700730,ADMITTED,series/blue-archive/02 Sequential Readings/BOND/BLUE_ARCHIVE_HASUMI_TSURUGI_PRIVATE_CONTEXTUALIZATION_CHECKPOINT.md,REF:CYCLE008_ACCEPTED,REF:CYCLE008_SCOPE,unresolved,,REF:CYCLE008_LIMITS,UNASSESSED,REF:PRIVATE_PRIORITY,1,46,6
BA:bond:13004:002,bond,MANDATORY_COMPLETE_REVIEW,02_CANONICAL_STORIES/BOND/NONOMI/VARIANT_13004_EPISODE_002.md,692d32575b227aa687b5b842ee4c02b869ff43a1b15322336b47eaea1290f9ec,ADMITTED,series/blue-archive/02 Sequential Readings/BOND/BLUE_ARCHIVE_NONOMI_PHASE2_PRIVATE_CONTEXTUAL_ACCOUNT_20261008.md,REF:CYCLE008_ACCEPTED,REF:CYCLE008_SCOPE,unresolved,,REF:CYCLE008_LIMITS,UNASSESSED,REF:PRIVATE_PRIORITY,1,20,2
BA:bond:13004:003,bond,MANDATORY_COMPLETE_REVIEW,02_CANONICAL_STORIES/BOND/NONOMI/VARIANT_13004_EPISODE_003.md,bfd3f2de99baa7446b6e9451183b573e3c8b4fa51074fd0834e66494fa6b60e0,ADMITTED,series/blue-archive/02 Sequential Readings/BOND/BLUE_ARCHIVE_NONOMI_PHASE2_PRIVATE_CONTEXTUAL_ACCOUNT_20261008.md,REF:CYCLE008_ACCEPTED,REF:CYCLE008_SCOPE,unresolved,,REF:CYCLE008_LIMITS,UNASSESSED,REF:PRIVATE_PRIORITY,1,22,2
BA:bond:13004:005,bond,MANDATORY_COMPLETE_REVIEW,02_CANONICAL_STORIES/BOND/NONOMI/VARIANT_13004_EPISODE_005.md,8cdd65dccb08a4607717216bfc86cb592dc2e875ce2f13354f31a7dafb620b34,ADMITTED,series/blue-archive/02 Sequential Readings/BOND/BLUE_ARCHIVE_NONOMI_PHASE2_PRIVATE_CONTEXTUAL_ACCOUNT_20261008.md,REF:CYCLE008_ACCEPTED,REF:CYCLE008_SCOPE,unresolved,,REF:CYCLE008_LIMITS,UNASSESSED,REF:PRIVATE_PRIORITY,2,60,5
BA:bond:13004:006,bond,MANDATORY_COMPLETE_REVIEW,02_CANONICAL_STORIES/BOND/NONOMI/VARIANT_13004_EPISODE_006.md,9a10a7e090f93026f71409953920966c725fbd71d05dc8d8411e112483382c65,ADMITTED,series/blue-archive/02 Sequential Readings/BOND/BLUE_ARCHIVE_NONOMI_PHASE2_PRIVATE_CONTEXTUAL_ACCOUNT_20261008.md,REF:CYCLE008_ACCEPTED,REF:CYCLE008_SCOPE,unresolved,,REF:CYCLE008_LIMITS,UNASSESSED,REF:PRIVATE_PRIORITY,1,16,1
BA:bond:13004:008,bond,MANDATORY_COMPLETE_REVIEW,02_CANONICAL_STORIES/BOND/NONOMI/VARIANT_13004_EPISODE_008.md,99131b54bd0ae9d775eea80ff0581bfd571ae761f8e48f7746ea60c16832b31f,ADMITTED,series/blue-archive/02 Sequential Readings/BOND/BLUE_ARCHIVE_NONOMI_PHASE2_PRIVATE_CONTEXTUAL_ACCOUNT_20261008.md,REF:CYCLE008_ACCEPTED,REF:CYCLE008_SCOPE,unresolved,,REF:CYCLE008_LIMITS,UNASSESSED,REF:PRIVATE_PRIORITY,1,10,0
BA:bond:13004:015,bond,MANDATORY_COMPLETE_REVIEW,02_CANONICAL_STORIES/BOND/NONOMI/VARIANT_13004_EPISODE_015.md,3ac65ed482dce52917c8de85c58528121f4ac6bb42ba5bd67883acbc9d23f4bd,ADMITTED,series/blue-archive/02 Sequential Readings/BOND/BLUE_ARCHIVE_NONOMI_PHASE2_PRIVATE_CONTEXTUAL_ACCOUNT_20261008.md,REF:CYCLE008_ACCEPTED,REF:CYCLE008_SCOPE,unresolved,,REF:CYCLE008_LIMITS,UNASSESSED,REF:PRIVATE_PRIORITY,1,45,7
BA:bond:13005:002,bond,MANDATORY_COMPLETE_REVIEW,02_CANONICAL_STORIES/BOND/KAYOKO/VARIANT_13005_EPISODE_002.md,cbcddc348ac9fb42ef2d8ee1b993aaab9ad8e89a475a17f3d7592077d60dd156,ADMITTED,series/blue-archive/02 Sequential Readings/BOND/KAYOKO/BLUE_ARCHIVE_KAYOKO_PRIVATE_CONTEXTUALIZATION_CHECKPOINT.md,REF:CYCLE008_ACCEPTED,REF:CYCLE008_SCOPE,unresolved,,REF:CYCLE008_LIMITS,UNASSESSED,REF:PRIVATE_PRIORITY,1,35,1
BA:bond:13005:003,bond,MANDATORY_COMPLETE_REVIEW,02_CANONICAL_STORIES/BOND/KAYOKO/VARIANT_13005_EPISODE_003.md,4c3e35f741da0bcf80f52b17926c1176ac62e69cd26ae91b5701bfce78e06318,ADMITTED,series/blue-archive/02 Sequential Readings/BOND/KAYOKO/BLUE_ARCHIVE_KAYOKO_PRIVATE_CONTEXTUALIZATION_CHECKPOINT.md,REF:CYCLE008_ACCEPTED,REF:CYCLE008_SCOPE,unresolved,,REF:CYCLE008_LIMITS,UNASSESSED,REF:PRIVATE_PRIORITY,1,22,2
BA:bond:13005:005,bond,MANDATORY_COMPLETE_REVIEW,02_CANONICAL_STORIES/BOND/KAYOKO/VARIANT_13005_EPISODE_005.md,97ac9c97bd43f1cbf73da4dfb460a2b326bbbd445e6c8754b2f077a5aff849f6,ADMITTED,series/blue-archive/02 Sequential Readings/BOND/KAYOKO/BLUE_ARCHIVE_KAYOKO_PRIVATE_CONTEXTUALIZATION_CHECKPOINT.md,REF:CYCLE008_ACCEPTED,REF:CYCLE008_SCOPE,unresolved,,REF:CYCLE008_LIMITS,UNASSESSED,REF:PRIVATE_PRIORITY,1,26,3
BA:bond:13005:006,bond,MANDATORY_COMPLETE_REVIEW,02_CANONICAL_STORIES/BOND/KAYOKO/VARIANT_13005_EPISODE_006.md,e7eb13de7add6e6442a5d5dd9475dd74ad9a1572f376663d322757204db9d43f,ADMITTED,series/blue-archive/02 Sequential Readings/BOND/KAYOKO/BLUE_ARCHIVE_KAYOKO_PRIVATE_CONTEXTUALIZATION_CHECKPOINT.md,REF:CYCLE008_ACCEPTED,REF:CYCLE008_SCOPE,unresolved,,REF:CYCLE008_LIMITS,UNASSESSED,REF:PRIVATE_PRIORITY,1,37,2
BA:bond:13005:008,bond,MANDATORY_COMPLETE_REVIEW,02_CANONICAL_STORIES/BOND/KAYOKO/VARIANT_13005_EPISODE_008.md,cd3555893bbf4ff2a3b3036349d43cbc1e739ce7be70efe9edac24f46abc727e,ADMITTED,series/blue-archive/02 Sequential Readings/BOND/KAYOKO/BLUE_ARCHIVE_KAYOKO_PRIVATE_CONTEXTUALIZATION_CHECKPOINT.md,REF:CYCLE008_ACCEPTED,REF:CYCLE008_SCOPE,unresolved,,REF:CYCLE008_LIMITS,UNASSESSED,REF:PRIVATE_PRIORITY,1,21,2
BA:bond:13006:002,bond,MANDATORY_COMPLETE_REVIEW,02_CANONICAL_STORIES/BOND/MUTSUKI/VARIANT_13006_EPISODE_002.md,689ff1eef265c4496ee7203438f41cc985b06aa3b6ebde9ca5b48a27b9233c07,ADMITTED,series/blue-archive/02 Sequential Readings/BOND/MUTSUKI/BLUE_ARCHIVE_MUTSUKI_PRIVATE_CONTEXTUALIZATION_CHECKPOINT.md,REF:CYCLE008_ACCEPTED,REF:CYCLE008_SCOPE,unresolved,,REF:CYCLE008_LIMITS,UNASSESSED,REF:PRIVATE_PRIORITY,1,60,16
BA:bond:13006:003,bond,MANDATORY_COMPLETE_REVIEW,02_CANONICAL_STORIES/BOND/MUTSUKI/VARIANT_13006_EPISODE_003.md,aee850d4d77f83e8000244208b59c9fe2bdd4dbbd2437d46bec180651990143a,ADMITTED,series/blue-archive/02 Sequential Readings/BOND/MUTSUKI/BLUE_ARCHIVE_MUTSUKI_PRIVATE_CONTEXTUALIZATION_CHECKPOINT.md,REF:CYCLE008_ACCEPTED,REF:CYCLE008_SCOPE,unresolved,,REF:CYCLE008_LIMITS,UNASSESSED,REF:PRIVATE_PRIORITY,1,46,7
BA:bond:13006:005,bond,MANDATORY_COMPLETE_REVIEW,02_CANONICAL_STORIES/BOND/MUTSUKI/VARIANT_13006_EPISODE_005.md,61c07c9b09e9e8184468913a0717d61bb4515a79fcc90a878b8ed6da9ae59790,ADMITTED,series/blue-archive/02 Sequential Readings/BOND/MUTSUKI/BLUE_ARCHIVE_MUTSUKI_PRIVATE_CONTEXTUALIZATION_CHECKPOINT.md,REF:CYCLE008_ACCEPTED,REF:CYCLE008_SCOPE,unresolved,,REF:CYCLE008_LIMITS,UNASSESSED,REF:PRIVATE_PRIORITY,1,37,12
BA:bond:13006:006,bond,MANDATORY_COMPLETE_REVIEW,02_CANONICAL_STORIES/BOND/MUTSUKI/VARIANT_13006_EPISODE_006.md,4236cb6df0a37773cdaf469d89011feb72df8b2bf91df51cb8ff477a13e93981,ADMITTED,series/blue-archive/02 Sequential Readings/BOND/MUTSUKI/BLUE_ARCHIVE_MUTSUKI_PRIVATE_CONTEXTUALIZATION_CHECKPOINT.md,REF:CYCLE008_ACCEPTED,REF:CYCLE008_SCOPE,unresolved,,REF:CYCLE008_LIMITS,UNASSESSED,REF:PRIVATE_PRIORITY,3,93,20
BA:bond:13007:002,bond,MANDATORY_COMPLETE_REVIEW,02_CANONICAL_STORIES/BOND/ZUNKO/VARIANT_13007_EPISODE_002.md,6ca1d40debf328f26721b026d8a44fb1b25bf72af87cee68aa208b1faaa6d09a,ADMITTED,series/blue-archive/02 Sequential Readings/BOND/BLUE_ARCHIVE_GEHENNA20_PHASE2_PRIVATE_CONTEXTUAL_ACCOUNT_20261008.md,REF:CYCLE008_ACCEPTED,REF:CYCLE008_SCOPE,unresolved,,REF:CYCLE008_LIMITS,UNASSESSED,REF:PRIVATE_PRIORITY,2,29,5
BA:bond:13007:003,bond,MANDATORY_COMPLETE_REVIEW,02_CANONICAL_STORIES/BOND/ZUNKO/VARIANT_13007_EPISODE_003.md,f52cfbdea497c5fcaad660f040e34269860daa821d0c384cdde2c3501b999bbf,ADMITTED,series/blue-archive/02 Sequential Readings/BOND/BLUE_ARCHIVE_GEHENNA20_PHASE2_PRIVATE_CONTEXTUAL_ACCOUNT_20261008.md,REF:CYCLE008_ACCEPTED,REF:CYCLE008_SCOPE,unresolved,,REF:CYCLE008_LIMITS,UNASSESSED,REF:PRIVATE_PRIORITY,1,33,6
BA:bond:13007:005,bond,MANDATORY_COMPLETE_REVIEW,02_CANONICAL_STORIES/BOND/ZUNKO/VARIANT_13007_EPISODE_005.md,ae448e2585d5647ab84d657f60e20504ad09a6c6c27b0aa8000ac524806c6729,ADMITTED,series/blue-archive/02 Sequential Readings/BOND/BLUE_ARCHIVE_GEHENNA20_PHASE2_PRIVATE_CONTEXTUAL_ACCOUNT_20261008.md,REF:CYCLE008_ACCEPTED,REF:CYCLE008_SCOPE,unresolved,,REF:CYCLE008_LIMITS,UNASSESSED,REF:PRIVATE_PRIORITY,1,20,3
BA:bond:13007:006,bond,MANDATORY_COMPLETE_REVIEW,02_CANONICAL_STORIES/BOND/ZUNKO/VARIANT_13007_EPISODE_006.md,1e6cb759664d7b1f4e49ca8e9cbcf7304e6623a74e94f7fe64014c81b51f8bda,ADMITTED,series/blue-archive/02 Sequential Readings/BOND/BLUE_ARCHIVE_GEHENNA20_PHASE2_PRIVATE_CONTEXTUAL_ACCOUNT_20261008.md,REF:CYCLE008_ACCEPTED,REF:CYCLE008_SCOPE,unresolved,,REF:CYCLE008_LIMITS,UNASSESSED,REF:PRIVATE_PRIORITY,1,21,3
BA:bond:13007:008,bond,MANDATORY_COMPLETE_REVIEW,02_CANONICAL_STORIES/BOND/ZUNKO/VARIANT_13007_EPISODE_008.md,0f3aa389cab83e7e50f796af1618adfc88998aeb907ccdff424117f40c0d019e,ADMITTED,series/blue-archive/02 Sequential Readings/BOND/BLUE_ARCHIVE_GEHENNA20_PHASE2_PRIVATE_CONTEXTUAL_ACCOUNT_20261008.md,REF:CYCLE008_ACCEPTED,REF:CYCLE008_SCOPE,unresolved,,REF:CYCLE008_LIMITS,UNASSESSED,REF:PRIVATE_PRIORITY,1,27,1
BA:bond:13007:020,bond,MANDATORY_COMPLETE_REVIEW,02_CANONICAL_STORIES/BOND/ZUNKO/VARIANT_13007_EPISODE_020.md,bce0f836970bc1eecaee04bd7a9cd39bd6abe0f65e9dd67d005939bf87489f19,ADMITTED,series/blue-archive/02 Sequential Readings/BOND/BLUE_ARCHIVE_GEHENNA20_PHASE2_PRIVATE_CONTEXTUAL_ACCOUNT_20261008.md,REF:CYCLE008_ACCEPTED,REF:CYCLE008_SCOPE,unresolved,,REF:CYCLE008_LIMITS,UNASSESSED,REF:PRIVATE_PRIORITY,1,40,12
BA:bond:13008:002,bond,MANDATORY_COMPLETE_REVIEW,02_CANONICAL_STORIES/BOND/SERIKA/VARIANT_13008_EPISODE_002.md,a49031d67631742c8e0382f2b653102c7b16fbaed9b5cba064d1376221a022fe,ADMITTED,series/blue-archive/02 Sequential Readings/BOND/SERIKA/BLUE_ARCHIVE_SERIKA_PRIVATE_CONTEXTUALIZATION_CHECKPOINT.md,REF:ORIGINAL_ADMISSION_RECORD_0030,REF:ORIGINAL_ADMITTED_CLAIM_SCOPE_0031,LOCAL_RELATIVE_ONLY,Explicit prior consultation/collapse/resort only; no comprehensive variant order or main placement.,REF:ORIGINAL_ATTRIBUTION_LIMITS_0032,HIGH,REF:ORIGINAL_PRIORITY_REASON_0033,1,56,17
BA:bond:13008:003,bond,MANDATORY_COMPLETE_REVIEW,02_CANONICAL_STORIES/BOND/SERIKA/VARIANT_13008_EPISODE_003.md,e79f2b662f55f0cb2ae503e78668bbfa9369dc543f689e79ab483c62ad50d549,ADMITTED,series/blue-archive/02 Sequential Readings/BOND/SERIKA/BLUE_ARCHIVE_SERIKA_PRIVATE_CONTEXTUALIZATION_CHECKPOINT.md,REF:ORIGINAL_ADMISSION_RECORD_0030,REF:ORIGINAL_ADMITTED_CLAIM_SCOPE_0031,LOCAL_RELATIVE_ONLY,Explicit prior consultation/collapse/resort only; no comprehensive variant order or main placement.,REF:ORIGINAL_ATTRIBUTION_LIMITS_0032,HIGH,REF:ORIGINAL_PRIORITY_REASON_0033,1,20,3
BA:bond:13008:005,bond,MANDATORY_COMPLETE_REVIEW,02_CANONICAL_STORIES/BOND/SERIKA/VARIANT_13008_EPISODE_005.md,48c612063b48b40e89cd706e30b0df8bd3d2f34297b6e5f60909fe12ec2555f5,ADMITTED,series/blue-archive/02 Sequential Readings/BOND/SERIKA/BLUE_ARCHIVE_SERIKA_PRIVATE_CONTEXTUALIZATION_CHECKPOINT.md,REF:ORIGINAL_ADMISSION_RECORD_0030,REF:ORIGINAL_ADMITTED_CLAIM_SCOPE_0031,LOCAL_RELATIVE_ONLY,Explicit prior consultation/collapse/resort only; no comprehensive variant order or main placement.,REF:ORIGINAL_ATTRIBUTION_LIMITS_0032,HIGH,REF:ORIGINAL_PRIORITY_REASON_0033,1,14,1
BA:bond:13008:006,bond,MANDATORY_COMPLETE_REVIEW,02_CANONICAL_STORIES/BOND/SERIKA/VARIANT_13008_EPISODE_006.md,caf31e30bc28d5bc7236a9863b4298646ebba2fc7c8a31b9181971ce9b434e3c,ADMITTED,series/blue-archive/02 Sequential Readings/BOND/SERIKA/BLUE_ARCHIVE_SERIKA_PRIVATE_CONTEXTUALIZATION_CHECKPOINT.md,REF:ORIGINAL_ADMISSION_RECORD_0030,REF:ORIGINAL_ADMITTED_CLAIM_SCOPE_0031,LOCAL_RELATIVE_ONLY,Explicit prior consultation/collapse/resort only; no comprehensive variant order or main placement.,REF:ORIGINAL_ATTRIBUTION_LIMITS_0032,HIGH,REF:ORIGINAL_PRIORITY_REASON_0033,1,16,2
BA:bond:13008:008,bond,MANDATORY_COMPLETE_REVIEW,02_CANONICAL_STORIES/BOND/SERIKA/VARIANT_13008_EPISODE_008.md,151a6446b10e31e0905a143a96dbcfc9700ead2cad69acea7374c09a8f5f036c,ADMITTED,series/blue-archive/02 Sequential Readings/BOND/SERIKA/BLUE_ARCHIVE_SERIKA_PRIVATE_CONTEXTUALIZATION_CHECKPOINT.md,REF:ORIGINAL_ADMISSION_RECORD_0030,REF:ORIGINAL_ADMITTED_CLAIM_SCOPE_0031,LOCAL_RELATIVE_ONLY,Explicit prior consultation/collapse/resort only; no comprehensive variant order or main placement.,REF:ORIGINAL_ATTRIBUTION_LIMITS_0032,HIGH,REF:ORIGINAL_PRIORITY_REASON_0033,1,24,4
BA:bond:13008:009,bond,MANDATORY_COMPLETE_REVIEW,02_CANONICAL_STORIES/BOND/SERIKA/VARIANT_13008_EPISODE_009.md,055b899c81aed5fe13daecf38aa394afa4c745755954234e47ca2360e4cc945a,ADMITTED,series/blue-archive/02 Sequential Readings/BOND/SERIKA/BLUE_ARCHIVE_SERIKA_PRIVATE_CONTEXTUALIZATION_CHECKPOINT.md,REF:ORIGINAL_ADMISSION_RECORD_0030,REF:ORIGINAL_ADMITTED_CLAIM_SCOPE_0031,LOCAL_RELATIVE_ONLY,Explicit prior consultation/collapse/resort only; no comprehensive variant order or main placement.,REF:ORIGINAL_ATTRIBUTION_LIMITS_0032,HIGH,REF:ORIGINAL_PRIORITY_REASON_0033,1,67,7
BA:bond:13008:020,bond,MANDATORY_COMPLETE_REVIEW,02_CANONICAL_STORIES/BOND/SERIKA/VARIANT_13008_EPISODE_020.md,84df0628f531d28c51f3331d8b9b61298a609931a32d036df75daa46f8b66b66,ADMITTED,series/blue-archive/02 Sequential Readings/BOND/SERIKA/BLUE_ARCHIVE_SERIKA_PRIVATE_CONTEXTUALIZATION_CHECKPOINT.md,REF:ORIGINAL_ADMISSION_RECORD_0030,REF:ORIGINAL_ADMITTED_CLAIM_SCOPE_0031,LOCAL_RELATIVE_ONLY,Explicit prior consultation/collapse/resort only; no comprehensive variant order or main placement.,REF:ORIGINAL_ATTRIBUTION_LIMITS_0032,HIGH,REF:ORIGINAL_PRIORITY_REASON_0033,1,82,11
BA:bond:13009:002,bond,MANDATORY_COMPLETE_REVIEW,02_CANONICAL_STORIES/BOND/TSUBAKI/VARIANT_13009_EPISODE_002.md,824830b7bb5de9a3bdb4d101ddf800e52bf165af94f551be283c7af8c93e02d9,ADMITTED,series/blue-archive/02 Sequential Readings/BOND/BLUE_ARCHIVE_TRAINING_KAEDE_MIMORI_TSUBAKI_PHASE2_PRIVATE_CONTEXTUAL_ACCOUNT_20261008.md,REF:CYCLE008_ACCEPTED,REF:CYCLE008_SCOPE,unresolved,,REF:CYCLE008_LIMITS,UNASSESSED,REF:PRIVATE_PRIORITY,1,81,11
BA:bond:13009:003,bond,MANDATORY_COMPLETE_REVIEW,02_CANONICAL_STORIES/BOND/TSUBAKI/VARIANT_13009_EPISODE_003.md,591a01353bee1e378af8b14db64e6965a5be334d03e4eef3e56bd48f7c5768bb,ADMITTED,series/blue-archive/02 Sequential Readings/BOND/BLUE_ARCHIVE_TRAINING_KAEDE_MIMORI_TSUBAKI_PHASE2_PRIVATE_CONTEXTUAL_ACCOUNT_20261008.md,REF:CYCLE008_ACCEPTED,REF:CYCLE008_SCOPE,unresolved,,REF:CYCLE008_LIMITS,UNASSESSED,REF:PRIVATE_PRIORITY,2,66,19
BA:bond:13009:005,bond,MANDATORY_COMPLETE_REVIEW,02_CANONICAL_STORIES/BOND/TSUBAKI/VARIANT_13009_EPISODE_005.md,da99039cf79b564e9cc97538df42ac5aae79e73aa2a714658d888afdcc1898bc,ADMITTED,series/blue-archive/02 Sequential Readings/BOND/BLUE_ARCHIVE_TRAINING_KAEDE_MIMORI_TSUBAKI_PHASE2_PRIVATE_CONTEXTUAL_ACCOUNT_20261008.md,REF:CYCLE008_ACCEPTED,REF:CYCLE008_SCOPE,unresolved,,REF:CYCLE008_LIMITS,UNASSESSED,REF:PRIVATE_PRIORITY,1,51,12
BA:bond:13009:006,bond,MANDATORY_COMPLETE_REVIEW,02_CANONICAL_STORIES/BOND/TSUBAKI/VARIANT_13009_EPISODE_006.md,57e568c5a8e31c607361c9899fb6fba508e6fa3b5def4c4fb5926d38baff0f4d,ADMITTED,series/blue-archive/02 Sequential Readings/BOND/BLUE_ARCHIVE_TRAINING_KAEDE_MIMORI_TSUBAKI_PHASE2_PRIVATE_CONTEXTUAL_ACCOUNT_20261008.md,REF:CYCLE008_ACCEPTED,REF:CYCLE008_SCOPE,unresolved,,REF:CYCLE008_LIMITS,UNASSESSED,REF:PRIVATE_PRIORITY,1,16,1
BA:bond:13010:001,bond,MANDATORY_COMPLETE_REVIEW,02_CANONICAL_STORIES/BOND/YUUKA/VARIANT_13010_EPISODE_001.md,77e73530b11bd257dc310843d8e796d54448bf0fa71b154d9842a064d7a1fec4,ADMITTED,series/blue-archive/02 Sequential Readings/BOND/YUUKA/BLUE_ARCHIVE_YUUKA_PRIVATE_CONTEXTUALIZATION_CHECKPOINT.md,REF:CYCLE008_ACCEPTED,REF:CYCLE008_SCOPE,unresolved,,REF:CYCLE008_LIMITS,UNASSESSED,REF:PRIVATE_PRIORITY,1,40,3
BA:bond:13010:003,bond,MANDATORY_COMPLETE_REVIEW,02_CANONICAL_STORIES/BOND/YUUKA/VARIANT_13010_EPISODE_003.md,fdbbfaaa8d58741810a23ee0befc6f7e846520b8eaf3f68567335c9e84c20b6a,ADMITTED,series/blue-archive/02 Sequential Readings/BOND/YUUKA/BLUE_ARCHIVE_YUUKA_PRIVATE_CONTEXTUALIZATION_CHECKPOINT.md,REF:CYCLE008_ACCEPTED,REF:CYCLE008_SCOPE,unresolved,,REF:CYCLE008_LIMITS,UNASSESSED,REF:PRIVATE_PRIORITY,1,26,3
BA:bond:13010:005,bond,MANDATORY_COMPLETE_REVIEW,02_CANONICAL_STORIES/BOND/YUUKA/VARIANT_13010_EPISODE_005.md,b083f2729bf807155a300583d54dc05ae674f2ed7c5349b5c768d1381880fdb2,ADMITTED,series/blue-archive/02 Sequential Readings/BOND/YUUKA/BLUE_ARCHIVE_YUUKA_PRIVATE_CONTEXTUALIZATION_CHECKPOINT.md,REF:CYCLE008_ACCEPTED,REF:CYCLE008_SCOPE,unresolved,,REF:CYCLE008_LIMITS,UNASSESSED,REF:PRIVATE_PRIORITY,1,27,3
BA:bond:13010:006,bond,MANDATORY_COMPLETE_REVIEW,02_CANONICAL_STORIES/BOND/YUUKA/VARIANT_13010_EPISODE_006.md,2bf4067308aab0d6e729efb1ce95695338c5f85d7fcd6627c40ee339ea109e6d,ADMITTED,series/blue-archive/02 Sequential Readings/BOND/YUUKA/BLUE_ARCHIVE_YUUKA_PRIVATE_CONTEXTUALIZATION_CHECKPOINT.md,REF:CYCLE008_ACCEPTED,REF:CYCLE008_SCOPE,unresolved,,REF:CYCLE008_LIMITS,UNASSESSED,REF:PRIVATE_PRIORITY,2,31,6
BA:bond:13010:008,bond,MANDATORY_COMPLETE_REVIEW,02_CANONICAL_STORIES/BOND/YUUKA/VARIANT_13010_EPISODE_008.md,79f597f76bc8167a059a8fb27e01e875c5f3f6f5ab5f34f6505194ec5b2ac0fc,ADMITTED,series/blue-archive/02 Sequential Readings/BOND/YUUKA/BLUE_ARCHIVE_YUUKA_PRIVATE_CONTEXTUALIZATION_CHECKPOINT.md,REF:CYCLE008_ACCEPTED,REF:CYCLE008_SCOPE,unresolved,,REF:CYCLE008_LIMITS,UNASSESSED,REF:PRIVATE_PRIORITY,1,35,8
BA:bond:13010:020,bond,MANDATORY_COMPLETE_REVIEW,02_CANONICAL_STORIES/BOND/YUUKA/VARIANT_13010_EPISODE_020.md,64cc53c17c166e4d4f25c3739b17b1be441fdcd8286635d054a8b0e1518f1e53,ADMITTED,series/blue-archive/02 Sequential Readings/BOND/YUUKA/BLUE_ARCHIVE_YUUKA_PRIVATE_CONTEXTUALIZATION_CHECKPOINT.md,REF:CYCLE008_ACCEPTED,REF:CYCLE008_SCOPE,unresolved,,REF:CYCLE008_LIMITS,UNASSESSED,REF:PRIVATE_PRIORITY,1,39,11
BA:bond:13011:002,bond,MANDATORY_COMPLETE_REVIEW,02_CANONICAL_STORIES/BOND/MOMOI/VARIANT_13011_EPISODE_002.md,b58d74756ed16595ee5fd606b69002b75cf28ae591b3f325bbf0a445d5ad1829,ADMITTED,series/blue-archive/02 Sequential Readings/BOND/BLUE_ARCHIVE_MOMOI_PHASE2_PRIVATE_CONTEXTUAL_ACCOUNT_20261008.md,REF:CYCLE008_ACCEPTED,REF:CYCLE008_SCOPE,unresolved,,REF:CYCLE008_LIMITS,UNASSESSED,REF:PRIVATE_PRIORITY,1,74,14
BA:bond:13011:003,bond,MANDATORY_COMPLETE_REVIEW,02_CANONICAL_STORIES/BOND/MOMOI/VARIANT_13011_EPISODE_003.md,ce74d734ec02fd11de9521be7499425e643ca4420710f46124e61095b2384bb6,ADMITTED,series/blue-archive/02 Sequential Readings/BOND/BLUE_ARCHIVE_MOMOI_PHASE2_PRIVATE_CONTEXTUAL_ACCOUNT_20261008.md,REF:CYCLE008_ACCEPTED,REF:CYCLE008_SCOPE,unresolved,,REF:CYCLE008_LIMITS,UNASSESSED,REF:PRIVATE_PRIORITY,1,57,12
BA:bond:13011:005,bond,MANDATORY_COMPLETE_REVIEW,02_CANONICAL_STORIES/BOND/MOMOI/VARIANT_13011_EPISODE_005.md,2b9fb45008d81822c398cb64dbc420a3743c183a3540d38bade1bbf1456a1de3,ADMITTED,series/blue-archive/02 Sequential Readings/BOND/BLUE_ARCHIVE_MOMOI_PHASE2_PRIVATE_CONTEXTUAL_ACCOUNT_20261008.md,REF:CYCLE008_ACCEPTED,REF:CYCLE008_SCOPE,unresolved,,REF:CYCLE008_LIMITS,UNASSESSED,REF:PRIVATE_PRIORITY,1,78,24
BA:bond:13011:006,bond,MANDATORY_COMPLETE_REVIEW,02_CANONICAL_STORIES/BOND/MOMOI/VARIANT_13011_EPISODE_006.md,986b822d1f30b497fe3100124700a808df85a2fc3b56ad25f6c7cb9e8f55e7b9,ADMITTED,series/blue-archive/02 Sequential Readings/BOND/BLUE_ARCHIVE_MOMOI_PHASE2_PRIVATE_CONTEXTUAL_ACCOUNT_20261008.md,REF:CYCLE008_ACCEPTED,REF:CYCLE008_SCOPE,unresolved,,REF:CYCLE008_LIMITS,UNASSESSED,REF:PRIVATE_PRIORITY,1,34,5
BA:bond:13011:015,bond,MANDATORY_COMPLETE_REVIEW,02_CANONICAL_STORIES/BOND/MOMOI/VARIANT_13011_EPISODE_015.md,b793bae32ec453fd1fee45af9962257d07189fc5aac73507e2c02162023df590,ADMITTED,series/blue-archive/02 Sequential Readings/BOND/BLUE_ARCHIVE_MOMOI_PHASE2_PRIVATE_CONTEXTUAL_ACCOUNT_20261008.md,REF:CYCLE008_ACCEPTED,REF:CYCLE008_SCOPE,unresolved,,REF:CYCLE008_LIMITS,UNASSESSED,REF:PRIVATE_PRIORITY,1,41,8
BA:bond:13012:002,bond,MANDATORY_COMPLETE_REVIEW,02_CANONICAL_STORIES/BOND/KIRINO/VARIANT_13012_EPISODE_002.md,2289614aef7cfa99d68cde1c7bdcb2a651cbae062b9be43b2de4cac4946b55ae,ADMITTED,series/blue-archive/02 Sequential Readings/BOND/KIRINO/BLUE_ARCHIVE_KIRINO_PHASE2_PRIVATE_CONTEXTUAL_ACCOUNT_20261008.md,REF:CYCLE008_ACCEPTED,REF:CYCLE008_SCOPE,unresolved,,REF:CYCLE008_LIMITS,UNASSESSED,REF:PRIVATE_PRIORITY,1,59,7
BA:bond:13012:003,bond,MANDATORY_COMPLETE_REVIEW,02_CANONICAL_STORIES/BOND/KIRINO/VARIANT_13012_EPISODE_003.md,cc560ff1a337a51e20f9b197ef031f8a05de1864c576aeaacc51e9d9646cebc2,ADMITTED,series/blue-archive/02 Sequential Readings/BOND/KIRINO/BLUE_ARCHIVE_KIRINO_PHASE2_PRIVATE_CONTEXTUAL_ACCOUNT_20261008.md,REF:CYCLE008_ACCEPTED,REF:CYCLE008_SCOPE,unresolved,,REF:CYCLE008_LIMITS,UNASSESSED,REF:PRIVATE_PRIORITY,1,74,4
BA:bond:13012:005,bond,MANDATORY_COMPLETE_REVIEW,02_CANONICAL_STORIES/BOND/KIRINO/VARIANT_13012_EPISODE_005.md,d5260f23a3ad3a346ac7f028a50257c3eda660b8e8d30595382f0b141d4478ca,ADMITTED,series/blue-archive/02 Sequential Readings/BOND/KIRINO/BLUE_ARCHIVE_KIRINO_PHASE2_PRIVATE_CONTEXTUAL_ACCOUNT_20261008.md,REF:CYCLE008_ACCEPTED,REF:CYCLE008_SCOPE,unresolved,,REF:CYCLE008_LIMITS,UNASSESSED,REF:PRIVATE_PRIORITY,1,38,7
BA:bond:13012:006,bond,MANDATORY_COMPLETE_REVIEW,02_CANONICAL_STORIES/BOND/KIRINO/VARIANT_13012_EPISODE_006.md,b9b755823d98f8ecb370befad7a603c9466aab53c92e5bd5cfe7345f498ec7b4,ADMITTED,series/blue-archive/02 Sequential Readings/BOND/KIRINO/BLUE_ARCHIVE_KIRINO_PHASE2_PRIVATE_CONTEXTUAL_ACCOUNT_20261008.md,REF:CYCLE008_ACCEPTED,REF:CYCLE008_SCOPE,unresolved,,REF:CYCLE008_LIMITS,UNASSESSED,REF:PRIVATE_PRIORITY,1,96,5
BA:bond:13013:002,bond,MANDATORY_COMPLETE_REVIEW,02_CANONICAL_STORIES/BOND/MOMIJI/VARIANT_13013_EPISODE_002.md,f0248fbdba8e7d3180421195554a9749febafc2fed0acd452de86b087937c974,ADMITTED,series/blue-archive/02 Sequential Readings/BOND/BLUE_ARCHIVE_MOMIJI_PHASE2_PRIVATE_CONTEXTUAL_ACCOUNT_20261008.md,REF:CYCLE008_ACCEPTED,REF:CYCLE008_SCOPE,unresolved,,REF:CYCLE008_LIMITS,UNASSESSED,REF:PRIVATE_PRIORITY,1,81,10
BA:bond:13013:003,bond,MANDATORY_COMPLETE_REVIEW,02_CANONICAL_STORIES/BOND/MOMIJI/VARIANT_13013_EPISODE_003.md,1fc7ecf3dac3f10bd4d1556f70b828ae5da6c2712efa30a487659f609853aae5,ADMITTED,series/blue-archive/02 Sequential Readings/BOND/BLUE_ARCHIVE_MOMIJI_PHASE2_PRIVATE_CONTEXTUAL_ACCOUNT_20261008.md,REF:CYCLE008_ACCEPTED,REF:CYCLE008_SCOPE,unresolved,,REF:CYCLE008_LIMITS,UNASSESSED,REF:PRIVATE_PRIORITY,1,59,9
BA:bond:13013:005,bond,MANDATORY_COMPLETE_REVIEW,02_CANONICAL_STORIES/BOND/MOMIJI/VARIANT_13013_EPISODE_005.md,073aaff13e885ac88920a04e01cbb8afd797717fd023337b633659b8cbec3283,ADMITTED,series/blue-archive/02 Sequential Readings/BOND/BLUE_ARCHIVE_MOMIJI_PHASE2_PRIVATE_CONTEXTUAL_ACCOUNT_20261008.md,REF:CYCLE008_ACCEPTED,REF:CYCLE008_SCOPE,unresolved,,REF:CYCLE008_LIMITS,UNASSESSED,REF:PRIVATE_PRIORITY,2,53,4
BA:bond:13013:006,bond,MANDATORY_COMPLETE_REVIEW,02_CANONICAL_STORIES/BOND/MOMIJI/VARIANT_13013_EPISODE_006.md,fbfcd2d75138f0011f5a656902b3802955adf7fa595cc183a7e2b57055a18daf,ADMITTED,series/blue-archive/02 Sequential Readings/BOND/BLUE_ARCHIVE_MOMIJI_PHASE2_PRIVATE_CONTEXTUAL_ACCOUNT_20261008.md,REF:CYCLE008_ACCEPTED,REF:CYCLE008_SCOPE,unresolved,,REF:CYCLE008_LIMITS,UNASSESSED,REF:PRIVATE_PRIORITY,2,44,7
BA:bond:13013:015,bond,MANDATORY_COMPLETE_REVIEW,02_CANONICAL_STORIES/BOND/MOMIJI/VARIANT_13013_EPISODE_015.md,46ff1ed684e343d3e5f549a5ec373f76a0202669ed6562fc87e745b4ae95c2b9,ADMITTED,series/blue-archive/02 Sequential Readings/BOND/BLUE_ARCHIVE_MOMIJI_PHASE2_PRIVATE_CONTEXTUAL_ACCOUNT_20261008.md,REF:CYCLE008_ACCEPTED,REF:CYCLE008_SCOPE,unresolved,,REF:CYCLE008_LIMITS,UNASSESSED,REF:PRIVATE_PRIORITY,1,69,5
BA:bond:13014:002,bond,MANDATORY_COMPLETE_REVIEW,02_CANONICAL_STORIES/BOND/CH0224/VARIANT_13014_EPISODE_002.md,7d0187815a81d1e977d874c5363e1b1c8957a219dd7e11643483321968bb8028,ADMITTED,series/blue-archive/02 Sequential Readings/BOND/BLUE_ARCHIVE_HYAKKA_YUKARI_NAGUSA_KIKYOU_RENGE_PHASE2_PRIVATE_CONTEXTUAL_ACCOUNT_20261008.md,REF:CYCLE008_ACCEPTED,REF:CYCLE008_SCOPE,unresolved,,REF:CYCLE008_LIMITS,UNASSESSED,REF:PRIVATE_PRIORITY,1,34,10
BA:bond:13014:003,bond,MANDATORY_COMPLETE_REVIEW,02_CANONICAL_STORIES/BOND/CH0224/VARIANT_13014_EPISODE_003.md,9b1aecb829d1fd59618889890c565ee7b7933a849f84b1d9ed3e04d349660e0b,ADMITTED,series/blue-archive/02 Sequential Readings/BOND/BLUE_ARCHIVE_HYAKKA_YUKARI_NAGUSA_KIKYOU_RENGE_PHASE2_PRIVATE_CONTEXTUAL_ACCOUNT_20261008.md,REF:CYCLE008_ACCEPTED,REF:CYCLE008_SCOPE,unresolved,,REF:CYCLE008_LIMITS,UNASSESSED,REF:PRIVATE_PRIORITY,1,64,11
BA:bond:13014:005,bond,MANDATORY_COMPLETE_REVIEW,02_CANONICAL_STORIES/BOND/CH0224/VARIANT_13014_EPISODE_005.md,4a7543fcc9e7f58d726c95482cb8470d040c0d945f6163fb817084a04384e589,ADMITTED,series/blue-archive/02 Sequential Readings/BOND/BLUE_ARCHIVE_HYAKKA_YUKARI_NAGUSA_KIKYOU_RENGE_PHASE2_PRIVATE_CONTEXTUAL_ACCOUNT_20261008.md,REF:CYCLE008_ACCEPTED,REF:CYCLE008_SCOPE,unresolved,,REF:CYCLE008_LIMITS,UNASSESSED,REF:PRIVATE_PRIORITY,1,52,9
BA:bond:13014:006,bond,MANDATORY_COMPLETE_REVIEW,02_CANONICAL_STORIES/BOND/CH0224/VARIANT_13014_EPISODE_006.md,eddfed9cbde9e5d3f80386ce701c886c58b13d4ff02fd75e4264b4ad57996c7d,ADMITTED,series/blue-archive/02 Sequential Readings/BOND/BLUE_ARCHIVE_HYAKKA_YUKARI_NAGUSA_KIKYOU_RENGE_PHASE2_PRIVATE_CONTEXTUAL_ACCOUNT_20261008.md,REF:CYCLE008_ACCEPTED,REF:CYCLE008_SCOPE,unresolved,,REF:CYCLE008_LIMITS,UNASSESSED,REF:PRIVATE_PRIORITY,1,34,3
BA:bond:16000:002,bond,MANDATORY_COMPLETE_REVIEW,02_CANONICAL_STORIES/BOND/HARUKA/VARIANT_16000_EPISODE_002.md,079dd5fdee907eaa57df10d1e95ed55f1ca266a01541e422d80dc8d6fbce7768,ADMITTED,series/blue-archive/02 Sequential Readings/BOND/HARUKA/BLUE_ARCHIVE_HARUKA_PRIVATE_CONTEXTUALIZATION_CHECKPOINT.md,REF:CYCLE008_ACCEPTED,REF:CYCLE008_SCOPE,unresolved,,REF:CYCLE008_LIMITS,UNASSESSED,REF:PRIVATE_PRIORITY,1,78,8
BA:bond:16000:003,bond,MANDATORY_COMPLETE_REVIEW,02_CANONICAL_STORIES/BOND/HARUKA/VARIANT_16000_EPISODE_003.md,ccca304f8d0c09ef514efdc5e1a7cdc9aeb6f149f03d81c9cd4c50cca11fdf5c,ADMITTED,series/blue-archive/02 Sequential Readings/BOND/HARUKA/BLUE_ARCHIVE_HARUKA_PRIVATE_CONTEXTUALIZATION_CHECKPOINT.md,REF:CYCLE008_ACCEPTED,REF:CYCLE008_SCOPE,unresolved,,REF:CYCLE008_LIMITS,UNASSESSED,REF:PRIVATE_PRIORITY,1,55,6
BA:bond:16000:005,bond,MANDATORY_COMPLETE_REVIEW,02_CANONICAL_STORIES/BOND/HARUKA/VARIANT_16000_EPISODE_005.md,a4031bb5092321c6efa29c4b7d24598c82875ae57a106f408b84c509bea18cfe,ADMITTED,series/blue-archive/02 Sequential Readings/BOND/HARUKA/BLUE_ARCHIVE_HARUKA_PRIVATE_CONTEXTUALIZATION_CHECKPOINT.md,REF:CYCLE008_ACCEPTED,REF:CYCLE008_SCOPE,unresolved,,REF:CYCLE008_LIMITS,UNASSESSED,REF:PRIVATE_PRIORITY,1,71,7
BA:bond:16000:006,bond,MANDATORY_COMPLETE_REVIEW,02_CANONICAL_STORIES/BOND/HARUKA/VARIANT_16000_EPISODE_006.md,530780c0215fd46489ab6d13972242b211f9555b493d6ca67c1917b29f09b9c1,ADMITTED,series/blue-archive/02 Sequential Readings/BOND/HARUKA/BLUE_ARCHIVE_HARUKA_PRIVATE_CONTEXTUALIZATION_CHECKPOINT.md,REF:CYCLE008_ACCEPTED,REF:CYCLE008_SCOPE,unresolved,,REF:CYCLE008_LIMITS,UNASSESSED,REF:PRIVATE_PRIORITY,1,69,8
BA:bond:16000:008,bond,MANDATORY_COMPLETE_REVIEW,02_CANONICAL_STORIES/BOND/HARUKA/VARIANT_16000_EPISODE_008.md,01bc871cbd81bc2a2f4dce9f644c57e763479331d1d83b27ce1cd089bb27ddf3,ADMITTED,series/blue-archive/02 Sequential Readings/BOND/HARUKA/BLUE_ARCHIVE_HARUKA_PRIVATE_CONTEXTUALIZATION_CHECKPOINT.md,REF:CYCLE008_ACCEPTED,REF:CYCLE008_SCOPE,unresolved,,REF:CYCLE008_LIMITS,UNASSESSED,REF:PRIVATE_PRIORITY,1,59,4
BA:bond:16001:002,bond,MANDATORY_COMPLETE_REVIEW,02_CANONICAL_STORIES/BOND/ASUNA/VARIANT_16001_EPISODE_002.md,d9dcd4a8c4e7de8fd557c975aa5c2314f9b61cb8e4b076ed5761499b2de888fd,ADMITTED,series/blue-archive/02 Sequential Readings/BOND/BLUE_ARCHIVE_ASUNA_PHASE2_PRIVATE_CONTEXTUAL_ACCOUNT_20261008.md,REF:CYCLE008_ACCEPTED,REF:CYCLE008_SCOPE,unresolved,,REF:CYCLE008_LIMITS,UNASSESSED,REF:PRIVATE_PRIORITY,1,70,4
BA:bond:16001:003,bond,MANDATORY_COMPLETE_REVIEW,02_CANONICAL_STORIES/BOND/ASUNA/VARIANT_16001_EPISODE_003.md,0cd73811a3b615eeb8b802f0bc40e11d5511b65d097c8c3b06a0560f52d9d247,ADMITTED,series/blue-archive/02 Sequential Readings/BOND/BLUE_ARCHIVE_ASUNA_PHASE2_PRIVATE_CONTEXTUAL_ACCOUNT_20261008.md,REF:CYCLE008_ACCEPTED,REF:CYCLE008_SCOPE,unresolved,,REF:CYCLE008_LIMITS,UNASSESSED,REF:PRIVATE_PRIORITY,1,79,4
BA:bond:16001:005,bond,MANDATORY_COMPLETE_REVIEW,02_CANONICAL_STORIES/BOND/ASUNA/VARIANT_16001_EPISODE_005.md,93c67542a48e26ca7f78aa9f5c600ca62e134966376e37330fccf020c8cfed66,ADMITTED,series/blue-archive/02 Sequential Readings/BOND/BLUE_ARCHIVE_ASUNA_PHASE2_PRIVATE_CONTEXTUAL_ACCOUNT_20261008.md,REF:CYCLE008_ACCEPTED,REF:CYCLE008_SCOPE,unresolved,,REF:CYCLE008_LIMITS,UNASSESSED,REF:PRIVATE_PRIORITY,1,73,5
BA:bond:16001:006,bond,MANDATORY_COMPLETE_REVIEW,02_CANONICAL_STORIES/BOND/ASUNA/VARIANT_16001_EPISODE_006.md,2d359830bdd8bfc86f4ada3d03a1626a2914971fca760cd10fe13dc2e41df456,ADMITTED,series/blue-archive/02 Sequential Readings/BOND/BLUE_ARCHIVE_ASUNA_PHASE2_PRIVATE_CONTEXTUAL_ACCOUNT_20261008.md,REF:CYCLE008_ACCEPTED,REF:CYCLE008_SCOPE,unresolved,,REF:CYCLE008_LIMITS,UNASSESSED,REF:PRIVATE_PRIORITY,1,74,9
BA:bond:16001:015,bond,MANDATORY_COMPLETE_REVIEW,02_CANONICAL_STORIES/BOND/ASUNA/VARIANT_16001_EPISODE_015.md,2de8769bdbd1237b3c682a2904bfedd56c1e68a0144e1536f6375e97bf39a1ce,ADMITTED,series/blue-archive/02 Sequential Readings/BOND/BLUE_ARCHIVE_ASUNA_PHASE2_PRIVATE_CONTEXTUAL_ACCOUNT_20261008.md,REF:CYCLE008_ACCEPTED,REF:CYCLE008_SCOPE,unresolved,,REF:CYCLE008_LIMITS,UNASSESSED,REF:PRIVATE_PRIORITY,1,58,8
BA:bond:16002:002,bond,MANDATORY_COMPLETE_REVIEW,02_CANONICAL_STORIES/BOND/KOTORI/VARIANT_16002_EPISODE_002.md,a2db2efaa68c20374f11cc59cde356b68a3ffd06179afad73a7e234bcdbd8ddb,ADMITTED,series/blue-archive/02 Sequential Readings/BOND/BLUE_ARCHIVE_KOTORI_PHASE2_PRIVATE_CONTEXTUAL_ACCOUNT_20261008.md,REF:CYCLE008_ACCEPTED,REF:CYCLE008_SCOPE,unresolved,,REF:CYCLE008_LIMITS,UNASSESSED,REF:PRIVATE_PRIORITY,1,69,6
BA:bond:16002:003,bond,MANDATORY_COMPLETE_REVIEW,02_CANONICAL_STORIES/BOND/KOTORI/VARIANT_16002_EPISODE_003.md,52156390cde2a7f9cd4ac7a7e036c84852464c1c072118f9ff36b794d670b10b,ADMITTED,series/blue-archive/02 Sequential Readings/BOND/BLUE_ARCHIVE_KOTORI_PHASE2_PRIVATE_CONTEXTUAL_ACCOUNT_20261008.md,REF:CYCLE008_ACCEPTED,REF:CYCLE008_SCOPE,unresolved,,REF:CYCLE008_LIMITS,UNASSESSED,REF:PRIVATE_PRIORITY,1,40,5
BA:bond:16002:005,bond,MANDATORY_COMPLETE_REVIEW,02_CANONICAL_STORIES/BOND/KOTORI/VARIANT_16002_EPISODE_005.md,61f73f6ff591b4bb83f6f2c31f58597d40bdcf44d03fff8605a6bddca4c6be0b,ADMITTED,series/blue-archive/02 Sequential Readings/BOND/BLUE_ARCHIVE_KOTORI_PHASE2_PRIVATE_CONTEXTUAL_ACCOUNT_20261008.md,REF:CYCLE008_ACCEPTED,REF:CYCLE008_SCOPE,unresolved,,REF:CYCLE008_LIMITS,UNASSESSED,REF:PRIVATE_PRIORITY,1,55,3
BA:bond:16002:006,bond,MANDATORY_COMPLETE_REVIEW,02_CANONICAL_STORIES/BOND/KOTORI/VARIANT_16002_EPISODE_006.md,a1d23221009690fce18590261a1716aa89eb8766d256cf0c744a026659eb4721,ADMITTED,series/blue-archive/02 Sequential Readings/BOND/BLUE_ARCHIVE_KOTORI_PHASE2_PRIVATE_CONTEXTUAL_ACCOUNT_20261008.md,REF:CYCLE008_ACCEPTED,REF:CYCLE008_SCOPE,unresolved,,REF:CYCLE008_LIMITS,UNASSESSED,REF:PRIVATE_PRIORITY,1,58,5
BA:bond:16002:015,bond,MANDATORY_COMPLETE_REVIEW,02_CANONICAL_STORIES/BOND/KOTORI/VARIANT_16002_EPISODE_015.md,a11b3ac83884e6d9643416a68e3a9d1e135235dcde12936b80a45da6661dfc2b,ADMITTED,series/blue-archive/02 Sequential Readings/BOND/BLUE_ARCHIVE_KOTORI_PHASE2_PRIVATE_CONTEXTUAL_ACCOUNT_20261008.md,REF:CYCLE008_ACCEPTED,REF:CYCLE008_SCOPE,unresolved,,REF:CYCLE008_LIMITS,UNASSESSED,REF:PRIVATE_PRIORITY,1,56,5
BA:bond:16003:002,bond,MANDATORY_COMPLETE_REVIEW,02_CANONICAL_STORIES/BOND/SUZUMI/VARIANT_16003_EPISODE_002.md,c2e82add5733dbcf143cf51511346b524e18757a81ee326233797d605a60c949,ADMITTED,series/blue-archive/02 Sequential Readings/BOND/BLUE_ARCHIVE_SUZUMI_REISA_ICHIKA_PRIVATE_CONTEXTUALIZATION_CHECKPOINT.md,REF:CYCLE008_ACCEPTED,REF:CYCLE008_SCOPE,unresolved,,REF:CYCLE008_LIMITS,UNASSESSED,REF:PRIVATE_PRIORITY,1,85,3
BA:bond:16003:003,bond,MANDATORY_COMPLETE_REVIEW,02_CANONICAL_STORIES/BOND/SUZUMI/VARIANT_16003_EPISODE_003.md,46b889d10c213ad82d969dcdf2635f3b2c35dbde1003e2c0ca40677cad6903ed,ADMITTED,series/blue-archive/02 Sequential Readings/BOND/BLUE_ARCHIVE_SUZUMI_REISA_ICHIKA_PRIVATE_CONTEXTUALIZATION_CHECKPOINT.md,REF:CYCLE008_ACCEPTED,REF:CYCLE008_SCOPE,unresolved,,REF:CYCLE008_LIMITS,UNASSESSED,REF:PRIVATE_PRIORITY,1,59,4
BA:bond:16003:005,bond,MANDATORY_COMPLETE_REVIEW,02_CANONICAL_STORIES/BOND/SUZUMI/VARIANT_16003_EPISODE_005.md,e0fec5b5ffa936fbdcbc50c1297ed7626c2c2503cec176b56fcb0031d6859093,ADMITTED,series/blue-archive/02 Sequential Readings/BOND/BLUE_ARCHIVE_SUZUMI_REISA_ICHIKA_PRIVATE_CONTEXTUALIZATION_CHECKPOINT.md,REF:CYCLE008_ACCEPTED,REF:CYCLE008_SCOPE,unresolved,,REF:CYCLE008_LIMITS,UNASSESSED,REF:PRIVATE_PRIORITY,1,71,3
BA:bond:16003:006,bond,MANDATORY_COMPLETE_REVIEW,02_CANONICAL_STORIES/BOND/SUZUMI/VARIANT_16003_EPISODE_006.md,ecc5650fa7330533914d51b7ad4ba4c59f1156ebe020aa21e6e4b16c5f42213a,ADMITTED,series/blue-archive/02 Sequential Readings/BOND/BLUE_ARCHIVE_SUZUMI_REISA_ICHIKA_PRIVATE_CONTEXTUALIZATION_CHECKPOINT.md,REF:CYCLE008_ACCEPTED,REF:CYCLE008_SCOPE,unresolved,,REF:CYCLE008_LIMITS,UNASSESSED,REF:PRIVATE_PRIORITY,1,55,5
BA:bond:16003:020,bond,MANDATORY_COMPLETE_REVIEW,02_CANONICAL_STORIES/BOND/SUZUMI/VARIANT_16003_EPISODE_020.md,86d57e1f9a0530fbca1224dc4c7b29a68b14097d5432e85f30b896498cd21386,ADMITTED,series/blue-archive/02 Sequential Readings/BOND/BLUE_ARCHIVE_SUZUMI_REISA_ICHIKA_PRIVATE_CONTEXTUALIZATION_CHECKPOINT.md,REF:CYCLE008_ACCEPTED,REF:CYCLE008_SCOPE,unresolved,,REF:CYCLE008_LIMITS,UNASSESSED,REF:PRIVATE_PRIORITY,1,62,6
BA:bond:16004:002,bond,MANDATORY_COMPLETE_REVIEW,02_CANONICAL_STORIES/BOND/PINA/VARIANT_16004_EPISODE_002.md,408a5d8c3dcc67d2f32546adc856cf8d0a85a95b075e595fc5b1eff947e9418a,ADMITTED,series/blue-archive/02 Sequential Readings/BOND/BLUE_ARCHIVE_FESTIVAL_SHIZUKO_FINA_UMIKA_PHASE2_PRIVATE_CONTEXTUAL_ACCOUNT_20261008.md,REF:CYCLE008_ACCEPTED,REF:CYCLE008_SCOPE,unresolved,,REF:CYCLE008_LIMITS,UNASSESSED,REF:PRIVATE_PRIORITY,1,68,5
BA:bond:16004:003,bond,MANDATORY_COMPLETE_REVIEW,02_CANONICAL_STORIES/BOND/PINA/VARIANT_16004_EPISODE_003.md,d379d618bde2f0f5b9951a6a374a566cbfbd0e9ecaaf0da14d8a7fdcbbfd992b,ADMITTED,series/blue-archive/02 Sequential Readings/BOND/BLUE_ARCHIVE_FESTIVAL_SHIZUKO_FINA_UMIKA_PHASE2_PRIVATE_CONTEXTUAL_ACCOUNT_20261008.md,REF:CYCLE008_ACCEPTED,REF:CYCLE008_SCOPE,unresolved,,REF:CYCLE008_LIMITS,UNASSESSED,REF:PRIVATE_PRIORITY,1,72,4
BA:bond:16004:005,bond,MANDATORY_COMPLETE_REVIEW,02_CANONICAL_STORIES/BOND/PINA/VARIANT_16004_EPISODE_005.md,f015317bd707a1900fb837ae67279bc7cd06e9d4baad7882c9e7ea845c123104,ADMITTED,series/blue-archive/02 Sequential Readings/BOND/BLUE_ARCHIVE_FESTIVAL_SHIZUKO_FINA_UMIKA_PHASE2_PRIVATE_CONTEXTUAL_ACCOUNT_20261008.md,REF:CYCLE008_ACCEPTED,REF:CYCLE008_SCOPE,unresolved,,REF:CYCLE008_LIMITS,UNASSESSED,REF:PRIVATE_PRIORITY,1,79,5
BA:bond:16004:006,bond,MANDATORY_COMPLETE_REVIEW,02_CANONICAL_STORIES/BOND/PINA/VARIANT_16004_EPISODE_006.md,91c4c397c5a99b838cc2d71847a4610823a09b6f81be7dfb540431f56bba50dc,ADMITTED,series/blue-archive/02 Sequential Readings/BOND/BLUE_ARCHIVE_FESTIVAL_SHIZUKO_FINA_UMIKA_PHASE2_PRIVATE_CONTEXTUAL_ACCOUNT_20261008.md,REF:CYCLE008_ACCEPTED,REF:CYCLE008_SCOPE,unresolved,,REF:CYCLE008_LIMITS,UNASSESSED,REF:PRIVATE_PRIORITY,1,60,4
BA:bond:16005:002,bond,MANDATORY_COMPLETE_REVIEW,02_CANONICAL_STORIES/BOND/TSURUGI/VARIANT_16005_EPISODE_002.md,85a34a6aa93a52c232ad3df72078ea79b7d94909fd033debddebcbbc7eed801d,ADMITTED,series/blue-archive/02 Sequential Readings/BOND/BLUE_ARCHIVE_HASUMI_TSURUGI_PRIVATE_CONTEXTUALIZATION_CHECKPOINT.md,REF:CYCLE008_ACCEPTED,REF:CYCLE008_SCOPE,unresolved,,REF:CYCLE008_LIMITS,UNASSESSED,REF:PRIVATE_PRIORITY,1,64,11
BA:bond:16005:003,bond,MANDATORY_COMPLETE_REVIEW,02_CANONICAL_STORIES/BOND/TSURUGI/VARIANT_16005_EPISODE_003.md,1617d5c7402be9366fef49b6d152053e27821c6c114286d8ae76c9daa439234e,ADMITTED,series/blue-archive/02 Sequential Readings/BOND/BLUE_ARCHIVE_HASUMI_TSURUGI_PRIVATE_CONTEXTUALIZATION_CHECKPOINT.md,REF:CYCLE008_ACCEPTED,REF:CYCLE008_SCOPE,unresolved,,REF:CYCLE008_LIMITS,UNASSESSED,REF:PRIVATE_PRIORITY,1,75,9
BA:bond:16005:005,bond,MANDATORY_COMPLETE_REVIEW,02_CANONICAL_STORIES/BOND/TSURUGI/VARIANT_16005_EPISODE_005.md,9e05f0c97e02ddcedc3b73a29540c4e768411d9cb5aa563d1bd75a35f98d597a,ADMITTED,series/blue-archive/02 Sequential Readings/BOND/BLUE_ARCHIVE_HASUMI_TSURUGI_PRIVATE_CONTEXTUALIZATION_CHECKPOINT.md,REF:CYCLE008_ACCEPTED,REF:CYCLE008_SCOPE,unresolved,,REF:CYCLE008_LIMITS,UNASSESSED,REF:PRIVATE_PRIORITY,1,47,4
BA:bond:16006:002,bond,MANDATORY_COMPLETE_REVIEW,02_CANONICAL_STORIES/BOND/IZUMI/VARIANT_16006_EPISODE_002.md,fc96fac266123896406e286be614bb7b2b6f1aae39710167455c09dc6db888c3,ADMITTED,series/blue-archive/02 Sequential Readings/BOND/BLUE_ARCHIVE_GEHENNA20_PHASE2_PRIVATE_CONTEXTUAL_ACCOUNT_20261008.md,REF:CYCLE008_ACCEPTED,REF:CYCLE008_SCOPE,unresolved,,REF:CYCLE008_LIMITS,UNASSESSED,REF:PRIVATE_PRIORITY,1,99,15
BA:bond:16006:003,bond,MANDATORY_COMPLETE_REVIEW,02_CANONICAL_STORIES/BOND/IZUMI/VARIANT_16006_EPISODE_003.md,2e84fc6e36064840e775915071c4a88467a0de754cb46a11b0b4a6be8067b10a,ADMITTED,series/blue-archive/02 Sequential Readings/BOND/BLUE_ARCHIVE_GEHENNA20_PHASE2_PRIVATE_CONTEXTUAL_ACCOUNT_20261008.md,REF:CYCLE008_ACCEPTED,REF:CYCLE008_SCOPE,unresolved,,REF:CYCLE008_LIMITS,UNASSESSED,REF:PRIVATE_PRIORITY,1,96,18
BA:bond:16006:005,bond,MANDATORY_COMPLETE_REVIEW,02_CANONICAL_STORIES/BOND/IZUMI/VARIANT_16006_EPISODE_005.md,f983c99c76599cbe36785a7a4626f9c8145301923351e79c1d1aeb4e24107aae,ADMITTED,series/blue-archive/02 Sequential Readings/BOND/BLUE_ARCHIVE_GEHENNA20_PHASE2_PRIVATE_CONTEXTUAL_ACCOUNT_20261008.md,REF:CYCLE008_ACCEPTED,REF:CYCLE008_SCOPE,unresolved,,REF:CYCLE008_LIMITS,UNASSESSED,REF:PRIVATE_PRIORITY,1,63,11
BA:bond:16006:020,bond,MANDATORY_COMPLETE_REVIEW,02_CANONICAL_STORIES/BOND/IZUMI/VARIANT_16006_EPISODE_020.md,e68cccc46fc9bb7dd790f0b778afcf4b0eaace37ac1963b3e474cb74daeb264d,ADMITTED,series/blue-archive/02 Sequential Readings/BOND/BLUE_ARCHIVE_GEHENNA20_PHASE2_PRIVATE_CONTEXTUAL_ACCOUNT_20261008.md,REF:CYCLE008_ACCEPTED,REF:CYCLE008_SCOPE,unresolved,,REF:CYCLE008_LIMITS,UNASSESSED,REF:PRIVATE_PRIORITY,1,50,9
BA:bond:16007:002,bond,MANDATORY_COMPLETE_REVIEW,02_CANONICAL_STORIES/BOND/TOMOE/VARIANT_16007_EPISODE_002.md,75d3c3ab923c209a75a4863fc8aa62737027a6b80e5b0ba1a5b71ed0cc964ddb,ADMITTED,series/blue-archive/02 Sequential Readings/BOND/BLUE_ARCHIVE_RED_WINTER7_PHASE2_PRIVATE_CONTEXTUAL_ACCOUNT_20261008.md,REF:CYCLE008_ACCEPTED,REF:CYCLE008_SCOPE,unresolved,,REF:CYCLE008_LIMITS,UNASSESSED,REF:PRIVATE_PRIORITY,1,66,10
BA:bond:16007:003,bond,MANDATORY_COMPLETE_REVIEW,02_CANONICAL_STORIES/BOND/TOMOE/VARIANT_16007_EPISODE_003.md,5ec99d133fc1e36ba7b361d22dab827c96ceb708169a45cbcd1b17c8b653ee17,ADMITTED,series/blue-archive/02 Sequential Readings/BOND/BLUE_ARCHIVE_RED_WINTER7_PHASE2_PRIVATE_CONTEXTUAL_ACCOUNT_20261008.md,REF:CYCLE008_ACCEPTED,REF:CYCLE008_SCOPE,unresolved,,REF:CYCLE008_LIMITS,UNASSESSED,REF:PRIVATE_PRIORITY,2,41,8
BA:bond:16007:005,bond,MANDATORY_COMPLETE_REVIEW,02_CANONICAL_STORIES/BOND/TOMOE/VARIANT_16007_EPISODE_005.md,92b02581ed23ce41ca09c20ea0583fcd540a3a1346e6a56f4017dc72722e5304,ADMITTED,series/blue-archive/02 Sequential Readings/BOND/BLUE_ARCHIVE_RED_WINTER7_PHASE2_PRIVATE_CONTEXTUAL_ACCOUNT_20261008.md,REF:CYCLE008_ACCEPTED,REF:CYCLE008_SCOPE,unresolved,,REF:CYCLE008_LIMITS,UNASSESSED,REF:PRIVATE_PRIORITY,1,40,6
BA:bond:16007:006,bond,MANDATORY_COMPLETE_REVIEW,02_CANONICAL_STORIES/BOND/TOMOE/VARIANT_16007_EPISODE_006.md,d062aa1aaf8bceaa2e7c8c40700da7e5fc540aa6ae8ee6b42eb6b63cddfc3c46,ADMITTED,series/blue-archive/02 Sequential Readings/BOND/BLUE_ARCHIVE_RED_WINTER7_PHASE2_PRIVATE_CONTEXTUAL_ACCOUNT_20261008.md,REF:CYCLE008_ACCEPTED,REF:CYCLE008_SCOPE,unresolved,,REF:CYCLE008_LIMITS,UNASSESSED,REF:PRIVATE_PRIORITY,1,33,7
BA:bond:16007:008,bond,MANDATORY_COMPLETE_REVIEW,02_CANONICAL_STORIES/BOND/TOMOE/VARIANT_16007_EPISODE_008.md,681e9290e79e63c5d17b82065eacebc2ba339e4bc7ffaa22811399efba8a4c8c,ADMITTED,series/blue-archive/02 Sequential Readings/BOND/BLUE_ARCHIVE_RED_WINTER7_PHASE2_PRIVATE_CONTEXTUAL_ACCOUNT_20261008.md,REF:CYCLE008_ACCEPTED,REF:CYCLE008_SCOPE,unresolved,,REF:CYCLE008_LIMITS,UNASSESSED,REF:PRIVATE_PRIORITY,4,46,7
BA:bond:16008:002,bond,MANDATORY_COMPLETE_REVIEW,02_CANONICAL_STORIES/BOND/CH0141/VARIANT_16008_EPISODE_002.md,4172bb5669c2ad33646175347e8f2d4a1f5dd58b2a500f5f4bf75b84af2e305f,ADMITTED,series/blue-archive/02 Sequential Readings/BOND/FUBUKI/BLUE_ARCHIVE_FUBUKI_PHASE2_PRIVATE_CONTEXTUAL_ACCOUNT_20261008.md,REF:CYCLE008_ACCEPTED,REF:CYCLE008_SCOPE,unresolved,,REF:CYCLE008_LIMITS,UNASSESSED,REF:PRIVATE_PRIORITY,2,57,6
BA:bond:16008:003,bond,MANDATORY_COMPLETE_REVIEW,02_CANONICAL_STORIES/BOND/CH0141/VARIANT_16008_EPISODE_003.md,e698b49df6e065ae556bdf241a41e639dcde04032cb842e7681494af5ed30bf8,ADMITTED,series/blue-archive/02 Sequential Readings/BOND/FUBUKI/BLUE_ARCHIVE_FUBUKI_PHASE2_PRIVATE_CONTEXTUAL_ACCOUNT_20261008.md,REF:CYCLE008_ACCEPTED,REF:CYCLE008_SCOPE,unresolved,,REF:CYCLE008_LIMITS,UNASSESSED,REF:PRIVATE_PRIORITY,1,58,9
BA:bond:16008:005,bond,MANDATORY_COMPLETE_REVIEW,02_CANONICAL_STORIES/BOND/CH0141/VARIANT_16008_EPISODE_005.md,592614961ccac2360d274765705d0652df0b8a29c7f2014480028dcd391c5a98,ADMITTED,series/blue-archive/02 Sequential Readings/BOND/FUBUKI/BLUE_ARCHIVE_FUBUKI_PHASE2_PRIVATE_CONTEXTUAL_ACCOUNT_20261008.md,REF:CYCLE008_ACCEPTED,REF:CYCLE008_SCOPE,unresolved,,REF:CYCLE008_LIMITS,UNASSESSED,REF:PRIVATE_PRIORITY,1,38,8
BA:bond:16008:006,bond,MANDATORY_COMPLETE_REVIEW,02_CANONICAL_STORIES/BOND/CH0141/VARIANT_16008_EPISODE_006.md,087ef1b643b8a306647cc0005bd1457b6d7a41b1fbe50a31692732e6b29d5a5d,ADMITTED,series/blue-archive/02 Sequential Readings/BOND/FUBUKI/BLUE_ARCHIVE_FUBUKI_PHASE2_PRIVATE_CONTEXTUAL_ACCOUNT_20261008.md,REF:CYCLE008_ACCEPTED,REF:CYCLE008_SCOPE,unresolved,,REF:CYCLE008_LIMITS,UNASSESSED,REF:PRIVATE_PRIORITY,3,66,11
BA:bond:16009:002,bond,MANDATORY_COMPLETE_REVIEW,02_CANONICAL_STORIES/BOND/CH0113/VARIANT_16009_EPISODE_002.md,582a59a229caf1f42acd11170f1985f4f03945d8fa8052e9c1a1cb68ef1b5c14,ADMITTED,series/blue-archive/02 Sequential Readings/BOND/BLUE_ARCHIVE_NINJA_MICHIRU_IZUNA_TSUKUYO_PHASE2_PRIVATE_CONTEXTUAL_ACCOUNT_20261008.md,REF:CYCLE008_ACCEPTED,REF:CYCLE008_SCOPE,unresolved,,REF:CYCLE008_LIMITS,UNASSESSED,REF:PRIVATE_PRIORITY,1,82,22
BA:bond:16009:003,bond,MANDATORY_COMPLETE_REVIEW,02_CANONICAL_STORIES/BOND/CH0113/VARIANT_16009_EPISODE_003.md,b702cce7dead66641329eaff4f4456d379f6e5b0e4f992560e4eb96c4385b14a,ADMITTED,series/blue-archive/02 Sequential Readings/BOND/BLUE_ARCHIVE_NINJA_MICHIRU_IZUNA_TSUKUYO_PHASE2_PRIVATE_CONTEXTUAL_ACCOUNT_20261008.md,REF:CYCLE008_ACCEPTED,REF:CYCLE008_SCOPE,unresolved,,REF:CYCLE008_LIMITS,UNASSESSED,REF:PRIVATE_PRIORITY,1,60,14
BA:bond:16009:005,bond,MANDATORY_COMPLETE_REVIEW,02_CANONICAL_STORIES/BOND/CH0113/VARIANT_16009_EPISODE_005.md,16b70c63251b762af34a7bb463fea0885ba8ffad1ade261c3bdd3817d2fe836e,ADMITTED,series/blue-archive/02 Sequential Readings/BOND/BLUE_ARCHIVE_NINJA_MICHIRU_IZUNA_TSUKUYO_PHASE2_PRIVATE_CONTEXTUAL_ACCOUNT_20261008.md,REF:CYCLE008_ACCEPTED,REF:CYCLE008_SCOPE,unresolved,,REF:CYCLE008_LIMITS,UNASSESSED,REF:PRIVATE_PRIORITY,1,101,15
BA:bond:16009:006,bond,MANDATORY_COMPLETE_REVIEW,02_CANONICAL_STORIES/BOND/CH0113/VARIANT_16009_EPISODE_006.md,8346337591369a3567d0da89843f5e1fba17fb8b0c84a0d01b833e9bea120e09,ADMITTED,series/blue-archive/02 Sequential Readings/BOND/BLUE_ARCHIVE_NINJA_MICHIRU_IZUNA_TSUKUYO_PHASE2_PRIVATE_CONTEXTUAL_ACCOUNT_20261008.md,REF:CYCLE008_ACCEPTED,REF:CYCLE008_SCOPE,unresolved,,REF:CYCLE008_LIMITS,UNASSESSED,REF:PRIVATE_PRIORITY,1,58,8
BA:bond:16009:015,bond,MANDATORY_COMPLETE_REVIEW,02_CANONICAL_STORIES/BOND/CH0113/VARIANT_16009_EPISODE_015.md,8c548309bba136c44c96b0dbd217b42da4dba127237c3aae1d7f982b1b533871,ADMITTED,series/blue-archive/02 Sequential Readings/BOND/BLUE_ARCHIVE_NINJA_MICHIRU_IZUNA_TSUKUYO_PHASE2_PRIVATE_CONTEXTUAL_ACCOUNT_20261008.md,REF:CYCLE008_ACCEPTED,REF:CYCLE008_SCOPE,unresolved,,REF:CYCLE008_LIMITS,UNASSESSED,REF:PRIVATE_PRIORITY,1,71,17
BA:bond:16010:002,bond,MANDATORY_COMPLETE_REVIEW,02_CANONICAL_STORIES/BOND/HIBIKI/VARIANT_16010_EPISODE_002.md,686edbb1ccb4444da495652db24bbe812102c9804be2fba162e82289d8617468,ADMITTED,series/blue-archive/02 Sequential Readings/BOND/BLUE_ARCHIVE_HIBIKI_PHASE2_PRIVATE_CONTEXTUAL_ACCOUNT_20261008.md,REF:CYCLE008_ACCEPTED,REF:CYCLE008_SCOPE,unresolved,,REF:CYCLE008_LIMITS,UNASSESSED,REF:PRIVATE_PRIORITY,1,48,9
BA:bond:16010:003,bond,MANDATORY_COMPLETE_REVIEW,02_CANONICAL_STORIES/BOND/HIBIKI/VARIANT_16010_EPISODE_003.md,1c682942c29645b5a28178f0bb84e42ae98b7fd1e9edfa9929abbb1384122804,ADMITTED,series/blue-archive/02 Sequential Readings/BOND/BLUE_ARCHIVE_HIBIKI_PHASE2_PRIVATE_CONTEXTUAL_ACCOUNT_20261008.md,REF:CYCLE008_ACCEPTED,REF:CYCLE008_SCOPE,unresolved,,REF:CYCLE008_LIMITS,UNASSESSED,REF:PRIVATE_PRIORITY,1,48,4
BA:bond:16010:005,bond,MANDATORY_COMPLETE_REVIEW,02_CANONICAL_STORIES/BOND/HIBIKI/VARIANT_16010_EPISODE_005.md,678568a4284f777f186923fa9cdd339fa7a336a841bebb1418258835dcc68284,ADMITTED,series/blue-archive/02 Sequential Readings/BOND/BLUE_ARCHIVE_HIBIKI_PHASE2_PRIVATE_CONTEXTUAL_ACCOUNT_20261008.md,REF:CYCLE008_ACCEPTED,REF:CYCLE008_SCOPE,unresolved,,REF:CYCLE008_LIMITS,UNASSESSED,REF:PRIVATE_PRIORITY,1,44,8
BA:bond:16010:006,bond,MANDATORY_COMPLETE_REVIEW,02_CANONICAL_STORIES/BOND/HIBIKI/VARIANT_16010_EPISODE_006.md,ce62263213f0cd4a754590787e47423eb4ba29932414678fa8bace0355ba3b85,ADMITTED,series/blue-archive/02 Sequential Readings/BOND/BLUE_ARCHIVE_HIBIKI_PHASE2_PRIVATE_CONTEXTUAL_ACCOUNT_20261008.md,REF:CYCLE008_ACCEPTED,REF:CYCLE008_SCOPE,unresolved,,REF:CYCLE008_LIMITS,UNASSESSED,REF:PRIVATE_PRIORITY,1,33,5
BA:bond:16011:002,bond,MANDATORY_COMPLETE_REVIEW,02_CANONICAL_STORIES/BOND/HASUMI/VARIANT_16011_EPISODE_002.md,70f68b5a51fa6b66f40baa223b81cbb78389a771b17876bdbbf70324d10dc20e,ADMITTED,series/blue-archive/02 Sequential Readings/BOND/BLUE_ARCHIVE_HASUMI_TSURUGI_PRIVATE_CONTEXTUALIZATION_CHECKPOINT.md,REF:CYCLE008_ACCEPTED,REF:CYCLE008_SCOPE,unresolved,,REF:CYCLE008_LIMITS,UNASSESSED,REF:PRIVATE_PRIORITY,1,45,2
BA:bond:16011:003,bond,MANDATORY_COMPLETE_REVIEW,02_CANONICAL_STORIES/BOND/HASUMI/VARIANT_16011_EPISODE_003.md,13fa143ff628bb9f634e2a644979ccf1d01f229f79c9396a45ef9468519320f1,ADMITTED,series/blue-archive/02 Sequential Readings/BOND/BLUE_ARCHIVE_HASUMI_TSURUGI_PRIVATE_CONTEXTUALIZATION_CHECKPOINT.md,REF:CYCLE008_ACCEPTED,REF:CYCLE008_SCOPE,unresolved,,REF:CYCLE008_LIMITS,UNASSESSED,REF:PRIVATE_PRIORITY,1,50,6
BA:bond:16011:005,bond,MANDATORY_COMPLETE_REVIEW,02_CANONICAL_STORIES/BOND/HASUMI/VARIANT_16011_EPISODE_005.md,3b5dd6f58e574f8f41fe3b1e9884d8a160e8b21a2592388c66f074775dd5851b,ADMITTED,series/blue-archive/02 Sequential Readings/BOND/BLUE_ARCHIVE_HASUMI_TSURUGI_PRIVATE_CONTEXTUALIZATION_CHECKPOINT.md,REF:CYCLE008_ACCEPTED,REF:CYCLE008_SCOPE,unresolved,,REF:CYCLE008_LIMITS,UNASSESSED,REF:PRIVATE_PRIORITY,1,63,3
BA:bond:16011:006,bond,MANDATORY_COMPLETE_REVIEW,02_CANONICAL_STORIES/BOND/HASUMI/VARIANT_16011_EPISODE_006.md,00bf59d24f8486a3e36f573d41795a4b503c0a24381c9ef3916d38111732a1f7,ADMITTED,series/blue-archive/02 Sequential Readings/BOND/BLUE_ARCHIVE_HASUMI_TSURUGI_PRIVATE_CONTEXTUALIZATION_CHECKPOINT.md,REF:CYCLE008_ACCEPTED,REF:CYCLE008_SCOPE,unresolved,,REF:CYCLE008_LIMITS,UNASSESSED,REF:PRIVATE_PRIORITY,1,51,3
BA:bond:16012:002,bond,MANDATORY_COMPLETE_REVIEW,02_CANONICAL_STORIES/BOND/ZUNKO/VARIANT_16012_EPISODE_002.md,ade51030757c4be9d36373f3816236713d271a9a0f488b3a467ea2515ce46d38,ADMITTED,series/blue-archive/02 Sequential Readings/BOND/BLUE_ARCHIVE_GEHENNA20_PHASE2_PRIVATE_CONTEXTUAL_ACCOUNT_20261008.md,REF:CYCLE008_ACCEPTED,REF:CYCLE008_SCOPE,unresolved,,REF:CYCLE008_LIMITS,UNASSESSED,REF:PRIVATE_PRIORITY,1,42,10
BA:bond:16012:003,bond,MANDATORY_COMPLETE_REVIEW,02_CANONICAL_STORIES/BOND/ZUNKO/VARIANT_16012_EPISODE_003.md,97c38434d074a7894f0b0eff56e420c2313689846c904cc6905b389c18058914,ADMITTED,series/blue-archive/02 Sequential Readings/BOND/BLUE_ARCHIVE_GEHENNA20_PHASE2_PRIVATE_CONTEXTUAL_ACCOUNT_20261008.md,REF:ORIGINAL_ADMISSION_RECORD_0020,REF:ORIGINAL_ADMITTED_CLAIM_SCOPE_0034,LOCAL_RELATIVE_ONLY,Local prior request and afterword only; no Rei encounter chronology.,REF:ORIGINAL_ATTRIBUTION_LIMITS_0035,HIGH,REF:ORIGINAL_PRIORITY_REASON_0036,1,56,7
BA:bond:16012:005,bond,MANDATORY_COMPLETE_REVIEW,02_CANONICAL_STORIES/BOND/ZUNKO/VARIANT_16012_EPISODE_005.md,ad6b144e6d3946b0ce54bc505c98bd1a620ce0933410d5c515cebe6deae41168,ADMITTED,series/blue-archive/02 Sequential Readings/BOND/BLUE_ARCHIVE_GEHENNA20_PHASE2_PRIVATE_CONTEXTUAL_ACCOUNT_20261008.md,REF:CYCLE008_ACCEPTED,REF:CYCLE008_SCOPE,unresolved,,REF:CYCLE008_LIMITS,UNASSESSED,REF:PRIVATE_PRIORITY,1,54,9
BA:bond:16013:002,bond,MANDATORY_COMPLETE_REVIEW,02_CANONICAL_STORIES/BOND/KOHARU/VARIANT_16013_EPISODE_002.md,5d18c437a24819ec0ff1aefe81f885e2215d1ef3402765dcbc1bc689a6328298,ADMITTED,series/blue-archive/02 Sequential Readings/BOND/KOHARU/BLUE_ARCHIVE_KOHARU_PRIVATE_CONTEXTUALIZATION_CHECKPOINT.md,REF:CYCLE008_ACCEPTED,REF:CYCLE008_SCOPE,unresolved,,REF:CYCLE008_LIMITS,UNASSESSED,REF:PRIVATE_PRIORITY,1,61,4
BA:bond:16013:003,bond,MANDATORY_COMPLETE_REVIEW,02_CANONICAL_STORIES/BOND/KOHARU/VARIANT_16013_EPISODE_003.md,de8c5acb2f5ea7a954c10725036e6e9f1245fc0c063235270bd98d878d2e09b4,ADMITTED,series/blue-archive/02 Sequential Readings/BOND/KOHARU/BLUE_ARCHIVE_KOHARU_PRIVATE_CONTEXTUALIZATION_CHECKPOINT.md,REF:CYCLE008_ACCEPTED,REF:CYCLE008_SCOPE,unresolved,,REF:CYCLE008_LIMITS,UNASSESSED,REF:PRIVATE_PRIORITY,1,61,8
BA:bond:16013:005,bond,MANDATORY_COMPLETE_REVIEW,02_CANONICAL_STORIES/BOND/KOHARU/VARIANT_16013_EPISODE_005.md,c9e2df15cb55863911684b94eeb1806326293b3dd66a539234fdc95e1478b8c3,ADMITTED,series/blue-archive/02 Sequential Readings/BOND/KOHARU/BLUE_ARCHIVE_KOHARU_PRIVATE_CONTEXTUALIZATION_CHECKPOINT.md,REF:CYCLE008_ACCEPTED,REF:CYCLE008_SCOPE,unresolved,,REF:CYCLE008_LIMITS,UNASSESSED,REF:PRIVATE_PRIORITY,1,61,5
BA:bond:16014:002,bond,MANDATORY_COMPLETE_REVIEW,02_CANONICAL_STORIES/BOND/CH0077/VARIANT_16014_EPISODE_002.md,1bf1949a11ac8d7080ae964effa0ce40eddd16f8c0c58fc1db2638ec42ebf264,ADMITTED,series/blue-archive/02 Sequential Readings/BOND/BLUE_ARCHIVE_GEHENNA20_PHASE2_PRIVATE_CONTEXTUAL_ACCOUNT_20261008.md,REF:CYCLE008_ACCEPTED,REF:CYCLE008_SCOPE,unresolved,,REF:CYCLE008_LIMITS,UNASSESSED,REF:PRIVATE_PRIORITY,1,31,11
BA:bond:16014:003,bond,MANDATORY_COMPLETE_REVIEW,02_CANONICAL_STORIES/BOND/CH0077/VARIANT_16014_EPISODE_003.md,363267d2c4c076252700d405e3d43e3b3af5f440519d440f03c4e592d0b7e7fc,ADMITTED,series/blue-archive/02 Sequential Readings/BOND/BLUE_ARCHIVE_GEHENNA20_PHASE2_PRIVATE_CONTEXTUAL_ACCOUNT_20261008.md,REF:CYCLE008_ACCEPTED,REF:CYCLE008_SCOPE,unresolved,,REF:CYCLE008_LIMITS,UNASSESSED,REF:PRIVATE_PRIORITY,1,63,21
BA:bond:16014:005,bond,MANDATORY_COMPLETE_REVIEW,02_CANONICAL_STORIES/BOND/CH0077/VARIANT_16014_EPISODE_005.md,cf4034fb7949d37fc5990478f0807d1358160ad1cd5b8f2b397fbd6cc855145a,ADMITTED,series/blue-archive/02 Sequential Readings/BOND/BLUE_ARCHIVE_GEHENNA20_PHASE2_PRIVATE_CONTEXTUAL_ACCOUNT_20261008.md,REF:CYCLE008_ACCEPTED,REF:CYCLE008_SCOPE,unresolved,,REF:CYCLE008_LIMITS,UNASSESSED,REF:PRIVATE_PRIORITY,1,42,7
BA:bond:16014:006,bond,MANDATORY_COMPLETE_REVIEW,02_CANONICAL_STORIES/BOND/CH0077/VARIANT_16014_EPISODE_006.md,cbf0f14191c452371bc9112e435abb939288c8741f0eb56a926ee5a999c6f8f6,ADMITTED,series/blue-archive/02 Sequential Readings/BOND/BLUE_ARCHIVE_GEHENNA20_PHASE2_PRIVATE_CONTEXTUAL_ACCOUNT_20261008.md,REF:CYCLE008_ACCEPTED,REF:CYCLE008_SCOPE,unresolved,,REF:CYCLE008_LIMITS,UNASSESSED,REF:PRIVATE_PRIORITY,1,46,6
BA:bond:16015:002,bond,MANDATORY_COMPLETE_REVIEW,02_CANONICAL_STORIES/BOND/AIRI/VARIANT_16015_EPISODE_002.md,6794b70fa6126be4e6ed5e6fb9d301cd1df70663c4d3e48521b86715e38bf1f4,ADMITTED,series/blue-archive/02 Sequential Readings/BOND/BLUE_ARCHIVE_AIRI_KAZUSA_YOSHIMI_NATSU_PRIVATE_CONTEXTUALIZATION_CHECKPOINT.md,REF:CYCLE008_ACCEPTED,REF:CYCLE008_SCOPE,unresolved,,REF:CYCLE008_LIMITS,UNASSESSED,REF:PRIVATE_PRIORITY,1,48,7
BA:bond:16015:003,bond,MANDATORY_COMPLETE_REVIEW,02_CANONICAL_STORIES/BOND/AIRI/VARIANT_16015_EPISODE_003.md,c8a40ffe00ae98ab9640cbd51b0b06298d93f3b6872b509740acd0082c23b876,ADMITTED,series/blue-archive/02 Sequential Readings/BOND/BLUE_ARCHIVE_AIRI_KAZUSA_YOSHIMI_NATSU_PRIVATE_CONTEXTUALIZATION_CHECKPOINT.md,REF:CYCLE008_ACCEPTED,REF:CYCLE008_SCOPE,unresolved,,REF:CYCLE008_LIMITS,UNASSESSED,REF:PRIVATE_PRIORITY,1,46,3
BA:bond:16015:005,bond,MANDATORY_COMPLETE_REVIEW,02_CANONICAL_STORIES/BOND/AIRI/VARIANT_16015_EPISODE_005.md,364358f65b0d270033562e99d00f246ca0485fe0697b098bafaecaadf6bf0346,ADMITTED,series/blue-archive/02 Sequential Readings/BOND/BLUE_ARCHIVE_AIRI_KAZUSA_YOSHIMI_NATSU_PRIVATE_CONTEXTUALIZATION_CHECKPOINT.md,REF:CYCLE008_ACCEPTED,REF:CYCLE008_SCOPE,unresolved,,REF:CYCLE008_LIMITS,UNASSESSED,REF:PRIVATE_PRIORITY,1,60,4
BA:bond:16016:002,bond,MANDATORY_COMPLETE_REVIEW,02_CANONICAL_STORIES/BOND/CH0152/VARIANT_16016_EPISODE_002.md,c28d5f07a7779b5d6ddff00d17717a36411eabe60d65285ebef74de5fb7625e4,ADMITTED,series/blue-archive/02 Sequential Readings/BOND/MINE/BLUE_ARCHIVE_MINE_PRIVATE_CONTEXTUALIZATION_CHECKPOINT.md,REF:ORIGINAL_ADMISSION_RECORD_0007,REF:ORIGINAL_ADMITTED_CLAIM_SCOPE_0037,LOCAL_RELATIVE_ONLY,Positive FavorSchedule photoshoot join and local message discussion; no audited image repair or event/main order.,REF:ORIGINAL_ATTRIBUTION_LIMITS_0038,CORE,REF:ORIGINAL_PRIORITY_REASON_0039,1,66,1
BA:bond:16016:003,bond,MANDATORY_COMPLETE_REVIEW,02_CANONICAL_STORIES/BOND/CH0152/VARIANT_16016_EPISODE_003.md,4ad8fe5882aa237430dbd6c28b4ee67ccd2e34e7451cb093142441ad777f387d,ADMITTED,series/blue-archive/02 Sequential Readings/BOND/MINE/BLUE_ARCHIVE_MINE_PRIVATE_CONTEXTUALIZATION_CHECKPOINT.md,REF:ORIGINAL_ADMISSION_RECORD_0007,REF:ORIGINAL_ADMITTED_CLAIM_SCOPE_0040,LOCAL_RELATIVE_ONLY,Positive FavorSchedule join and explicit repeated encounters/few-day references only; no variant-to-main progression.,REF:ORIGINAL_ATTRIBUTION_LIMITS_0041,CORE,REF:ORIGINAL_PRIORITY_REASON_0042,1,55,5
BA:bond:16016:005,bond,MANDATORY_COMPLETE_REVIEW,02_CANONICAL_STORIES/BOND/CH0152/VARIANT_16016_EPISODE_005.md,ea917a1b1d372cf0b5ff1c70a736c93b7304505a7c08713b9d3dd4de1c4fc48c,ADMITTED,series/blue-archive/02 Sequential Readings/BOND/MINE/BLUE_ARCHIVE_MINE_PRIVATE_CONTEXTUALIZATION_CHECKPOINT.md,REF:ORIGINAL_ADMISSION_RECORD_0007,REF:ORIGINAL_ADMITTED_CLAIM_SCOPE_0043,LOCAL_RELATIVE_ONLY,Positive FavorSchedule worry join and explicit recollection/message aftermath; no institutional ban or main order.,REF:ORIGINAL_ATTRIBUTION_LIMITS_0044,CORE,REF:ORIGINAL_PRIORITY_REASON_0045,1,69,3
BA:bond:16016:006,bond,MANDATORY_COMPLETE_REVIEW,02_CANONICAL_STORIES/BOND/CH0152/VARIANT_16016_EPISODE_006.md,7727c150da4284d6d8b41b09c7936cb83f0581bb51a6cc05d480a22574373c89,ADMITTED,series/blue-archive/02 Sequential Readings/BOND/MINE/BLUE_ARCHIVE_MINE_PRIVATE_CONTEXTUALIZATION_CHECKPOINT.md,REF:ORIGINAL_ADMISSION_RECORD_0007,REF:ORIGINAL_ADMITTED_CLAIM_SCOPE_0046,LOCAL_RELATIVE_ONLY,Positive FavorSchedule holiday join and local references to the outfit worry; no event or main chronology.,REF:ORIGINAL_ATTRIBUTION_LIMITS_0047,CORE,REF:ORIGINAL_PRIORITY_REASON_0048,1,52,3
BA:bond:16017:002,bond,MANDATORY_COMPLETE_REVIEW,02_CANONICAL_STORIES/BOND/CH0288/VARIANT_16017_EPISODE_002.md,67ba29b3a7cb146dc6afb29105a8960b01b5cfad7fa30d8b4ba327cdc8c41e98,ADMITTED,series/blue-archive/02 Sequential Readings/BOND/BLUE_ARCHIVE_AOBA_PHASE2_PRIVATE_CONTEXTUAL_ACCOUNT_20261009.md,REF:CYCLE008_ACCEPTED,REF:CYCLE008_SCOPE,unresolved,,REF:CYCLE008_LIMITS;REF:NEW80_ROOT_QUALIFIED;REF:NEW80_IDENTITY_MODES,UNASSESSED,REF:PRIVATE_PRIORITY,1,44,9
BA:bond:16017:003,bond,MANDATORY_COMPLETE_REVIEW,02_CANONICAL_STORIES/BOND/CH0288/VARIANT_16017_EPISODE_003.md,c0df52461f9341e99e89730fe5512228d708699ebaab1a8772fea62fd07760d4,ADMITTED,series/blue-archive/02 Sequential Readings/BOND/BLUE_ARCHIVE_AOBA_PHASE2_PRIVATE_CONTEXTUAL_ACCOUNT_20261009.md,REF:CYCLE008_ACCEPTED,REF:CYCLE008_SCOPE,unresolved,,REF:CYCLE008_LIMITS;REF:NEW80_ROOT_QUALIFIED;REF:NEW80_IDENTITY_MODES,UNASSESSED,REF:PRIVATE_PRIORITY,1,51,7
BA:bond:16017:005,bond,MANDATORY_COMPLETE_REVIEW,02_CANONICAL_STORIES/BOND/CH0288/VARIANT_16017_EPISODE_005.md,ab13c0e23c17c1d6ca2ef5f3211fb4934c9a4ed5d14a4008cadcd1093da72b82,ADMITTED,series/blue-archive/02 Sequential Readings/BOND/BLUE_ARCHIVE_AOBA_PHASE2_PRIVATE_CONTEXTUAL_ACCOUNT_20261009.md,REF:CYCLE008_ACCEPTED,REF:CYCLE008_SCOPE,unresolved,,REF:CYCLE008_LIMITS;REF:NEW80_ROOT_QUALIFIED;REF:NEW80_IDENTITY_MODES,UNASSESSED,REF:PRIVATE_PRIORITY,1,50,6
BA:bond:16017:006,bond,MANDATORY_COMPLETE_REVIEW,02_CANONICAL_STORIES/BOND/CH0288/VARIANT_16017_EPISODE_006.md,daa62cea85af5fb6d2a0ac09d9d1c8d5c1042e0a3071e87c0324d4a7771e596d,ADMITTED,series/blue-archive/02 Sequential Readings/BOND/BLUE_ARCHIVE_AOBA_PHASE2_PRIVATE_CONTEXTUAL_ACCOUNT_20261009.md,REF:CYCLE008_ACCEPTED,REF:CYCLE008_SCOPE,unresolved,,REF:CYCLE008_LIMITS;REF:NEW80_ROOT_QUALIFIED;REF:NEW80_IDENTITY_MODES,UNASSESSED,REF:PRIVATE_PRIORITY,1,76,10
BA:bond:16018:002,bond,MANDATORY_COMPLETE_REVIEW,02_CANONICAL_STORIES/BOND/CH0166/VARIANT_16018_EPISODE_002.md,80131610098d47cbfb55e4a944afe48e2870c9954e1cda14587281a435260274,ADMITTED,series/blue-archive/02 Sequential Readings/BOND/BLUE_ARCHIVE_LOVE_PHASE2_PRIVATE_CONTEXTUAL_ACCOUNT_20261009.md,REF:CYCLE008_ACCEPTED,REF:CYCLE008_SCOPE,unresolved,,REF:CYCLE008_LIMITS;REF:NEW80_ROOT_QUALIFIED;REF:NEW80_IDENTITY_MODES,UNASSESSED,REF:PRIVATE_PRIORITY,1,30,8
BA:bond:16018:003,bond,MANDATORY_COMPLETE_REVIEW,02_CANONICAL_STORIES/BOND/CH0166/VARIANT_16018_EPISODE_003.md,3b4bd042cfa2b85c9bb34950e318c5cc9fffce8b687b18c93111f768405b8383,ADMITTED,series/blue-archive/02 Sequential Readings/BOND/BLUE_ARCHIVE_LOVE_PHASE2_PRIVATE_CONTEXTUAL_ACCOUNT_20261009.md,REF:CYCLE008_ACCEPTED,REF:CYCLE008_SCOPE,unresolved,,REF:CYCLE008_LIMITS;REF:NEW80_ROOT_QUALIFIED;REF:NEW80_IDENTITY_MODES,UNASSESSED,REF:PRIVATE_PRIORITY,1,60,9
BA:bond:16018:005,bond,MANDATORY_COMPLETE_REVIEW,02_CANONICAL_STORIES/BOND/CH0166/VARIANT_16018_EPISODE_005.md,32345a4df7316961af930dfd446a6fa89e936b3eb7d6e9a0734213ffa859cfd0,ADMITTED,series/blue-archive/02 Sequential Readings/BOND/BLUE_ARCHIVE_LOVE_PHASE2_PRIVATE_CONTEXTUAL_ACCOUNT_20261009.md,REF:CYCLE008_ACCEPTED,REF:CYCLE008_SCOPE,unresolved,,REF:CYCLE008_LIMITS;REF:NEW80_ROOT_QUALIFIED;REF:NEW80_IDENTITY_MODES,UNASSESSED,REF:PRIVATE_PRIORITY,1,43,11
BA:bond:16018:006,bond,MANDATORY_COMPLETE_REVIEW,02_CANONICAL_STORIES/BOND/CH0166/VARIANT_16018_EPISODE_006.md,c1de18b2a13cdf1a842fb883a8cee348c897b19c910fa6b5db026c202da86535,ADMITTED,series/blue-archive/02 Sequential Readings/BOND/BLUE_ARCHIVE_LOVE_PHASE2_PRIVATE_CONTEXTUAL_ACCOUNT_20261009.md,REF:CYCLE008_ACCEPTED,REF:CYCLE008_SCOPE,unresolved,,REF:CYCLE008_LIMITS;REF:NEW80_ROOT_QUALIFIED;REF:NEW80_IDENTITY_MODES,UNASSESSED,REF:PRIVATE_PRIORITY,1,49,4
BA:bond:16019:002,bond,MANDATORY_COMPLETE_REVIEW,02_CANONICAL_STORIES/BOND/CH0187/VARIANT_16019_EPISODE_002.md,7477d1e37e0cd93f58d0dd8f2327285d454e123254861f6f170c5fc9d03ad0d8,ADMITTED,series/blue-archive/02 Sequential Readings/BOND/BLUE_ARCHIVE_TOKI_PHASE2_PRIVATE_CONTEXTUAL_ACCOUNT_20261008.md,REF:CYCLE008_ACCEPTED,REF:CYCLE008_SCOPE,unresolved,,REF:CYCLE008_LIMITS,UNASSESSED,REF:PRIVATE_PRIORITY,1,47,10
BA:bond:16019:003,bond,MANDATORY_COMPLETE_REVIEW,02_CANONICAL_STORIES/BOND/CH0187/VARIANT_16019_EPISODE_003.md,709f7aaed05fbb1b40e535d3885c25c7f95c781f301666d48ff419afe83ad8d6,ADMITTED,series/blue-archive/02 Sequential Readings/BOND/BLUE_ARCHIVE_TOKI_PHASE2_PRIVATE_CONTEXTUAL_ACCOUNT_20261008.md,REF:CYCLE008_ACCEPTED,REF:CYCLE008_SCOPE,unresolved,,REF:CYCLE008_LIMITS,UNASSESSED,REF:PRIVATE_PRIORITY,1,83,20
BA:bond:16019:005,bond,MANDATORY_COMPLETE_REVIEW,02_CANONICAL_STORIES/BOND/CH0187/VARIANT_16019_EPISODE_005.md,f476d2572efa6d6e6fc2d0877805b98533c4942a01108f6079b14a06ea915671,ADMITTED,series/blue-archive/02 Sequential Readings/BOND/BLUE_ARCHIVE_TOKI_PHASE2_PRIVATE_CONTEXTUAL_ACCOUNT_20261008.md,REF:CYCLE008_ACCEPTED,REF:CYCLE008_SCOPE,unresolved,,REF:CYCLE008_LIMITS,UNASSESSED,REF:PRIVATE_PRIORITY,1,51,16
BA:bond:16019:006,bond,MANDATORY_COMPLETE_REVIEW,02_CANONICAL_STORIES/BOND/CH0187/VARIANT_16019_EPISODE_006.md,c631c1b3e70d38ded6a3f39bff6979453fc77ceccee62f19264beecd1924f753,ADMITTED,series/blue-archive/02 Sequential Readings/BOND/BLUE_ARCHIVE_TOKI_PHASE2_PRIVATE_CONTEXTUAL_ACCOUNT_20261008.md,REF:CYCLE008_ACCEPTED,REF:CYCLE008_SCOPE,unresolved,,REF:CYCLE008_LIMITS,UNASSESSED,REF:PRIVATE_PRIORITY,1,63,4
BA:bond:16020:002,bond,MANDATORY_COMPLETE_REVIEW,02_CANONICAL_STORIES/BOND/CH0174/VARIANT_16020_EPISODE_002.md,a4fb5c21db84cb2b0505ecb4193d891ef2f4fc720dbc32b7cd1794ba53624250,ADMITTED,series/blue-archive/02 Sequential Readings/BOND/OTOGI/BLUE_ARCHIVE_OTOGI_PHASE2_PRIVATE_CONTEXTUAL_ACCOUNT_20261008.md,REF:CYCLE008_ACCEPTED,REF:CYCLE008_SCOPE,unresolved,,REF:CYCLE008_LIMITS,UNASSESSED,REF:PRIVATE_PRIORITY,1,91,9
BA:bond:16020:003,bond,MANDATORY_COMPLETE_REVIEW,02_CANONICAL_STORIES/BOND/CH0174/VARIANT_16020_EPISODE_003.md,9f740224356b2dc5e64b3b9e57c2a9fb1ccc802d89521a2956b6ca601f6dbdf8,ADMITTED,series/blue-archive/02 Sequential Readings/BOND/OTOGI/BLUE_ARCHIVE_OTOGI_PHASE2_PRIVATE_CONTEXTUAL_ACCOUNT_20261008.md,REF:CYCLE008_ACCEPTED,REF:CYCLE008_SCOPE,unresolved,,REF:CYCLE008_LIMITS,UNASSESSED,REF:PRIVATE_PRIORITY,1,46,8
BA:bond:16020:005,bond,MANDATORY_COMPLETE_REVIEW,02_CANONICAL_STORIES/BOND/CH0174/VARIANT_16020_EPISODE_005.md,445693a6749f9405986df93a73394b934e9b9e4618b48bcf14138fde4129b9a8,ADMITTED,series/blue-archive/02 Sequential Readings/BOND/OTOGI/BLUE_ARCHIVE_OTOGI_PHASE2_PRIVATE_CONTEXTUAL_ACCOUNT_20261008.md,REF:CYCLE008_ACCEPTED,REF:CYCLE008_SCOPE,unresolved,,REF:CYCLE008_LIMITS,UNASSESSED,REF:PRIVATE_PRIORITY,2,55,5
BA:bond:16020:006,bond,MANDATORY_COMPLETE_REVIEW,02_CANONICAL_STORIES/BOND/CH0174/VARIANT_16020_EPISODE_006.md,8617f2602802515a42eb980216ef1eb4828aa22e1e4fb03e4a3cb0b855596506,ADMITTED,series/blue-archive/02 Sequential Readings/BOND/OTOGI/BLUE_ARCHIVE_OTOGI_PHASE2_PRIVATE_CONTEXTUAL_ACCOUNT_20261008.md,REF:CYCLE008_ACCEPTED,REF:CYCLE008_SCOPE,unresolved,,REF:CYCLE008_LIMITS,UNASSESSED,REF:PRIVATE_PRIORITY,1,43,9
BA:bond:16020:008,bond,MANDATORY_COMPLETE_REVIEW,02_CANONICAL_STORIES/BOND/CH0174/VARIANT_16020_EPISODE_008.md,1d8074d82f4f1d3d8f73841e1a12f8fb14cfdaf9e97dc8931b083d7b225d815b,ADMITTED,series/blue-archive/02 Sequential Readings/BOND/OTOGI/BLUE_ARCHIVE_OTOGI_PHASE2_PRIVATE_CONTEXTUAL_ACCOUNT_20261008.md,REF:CYCLE008_ACCEPTED,REF:CYCLE008_SCOPE,unresolved,,REF:CYCLE008_LIMITS,UNASSESSED,REF:PRIVATE_PRIORITY,1,70,5
BA:bond:20000:002,bond,MANDATORY_COMPLETE_REVIEW,02_CANONICAL_STORIES/BOND/HIBIKI/VARIANT_20000_EPISODE_002.md,fd14d6afc69fe50769608cc81aef460fe400af7e467afffdb1e4b75eb44016ef,ADMITTED,series/blue-archive/02 Sequential Readings/BOND/BLUE_ARCHIVE_HIBIKI_PHASE2_PRIVATE_CONTEXTUAL_ACCOUNT_20261008.md,REF:CYCLE008_ACCEPTED,REF:CYCLE008_SCOPE,unresolved,,REF:CYCLE008_LIMITS,UNASSESSED,REF:PRIVATE_PRIORITY,1,37,2
BA:bond:20000:003,bond,MANDATORY_COMPLETE_REVIEW,02_CANONICAL_STORIES/BOND/HIBIKI/VARIANT_20000_EPISODE_003.md,1328f96322f9767d54996b584359de0180b90542d4e39a53407f8c84cf6a5166,ADMITTED,series/blue-archive/02 Sequential Readings/BOND/BLUE_ARCHIVE_HIBIKI_PHASE2_PRIVATE_CONTEXTUAL_ACCOUNT_20261008.md,REF:CYCLE008_ACCEPTED,REF:CYCLE008_SCOPE,unresolved,,REF:CYCLE008_LIMITS,UNASSESSED,REF:PRIVATE_PRIORITY,2,54,5
BA:bond:20000:005,bond,MANDATORY_COMPLETE_REVIEW,02_CANONICAL_STORIES/BOND/HIBIKI/VARIANT_20000_EPISODE_005.md,75ef4f136576b3ca06b7030885b33e6b0e674f6258eb9a69ef161a53df64cddd,ADMITTED,series/blue-archive/02 Sequential Readings/BOND/BLUE_ARCHIVE_HIBIKI_PHASE2_PRIVATE_CONTEXTUAL_ACCOUNT_20261008.md,REF:CYCLE008_ACCEPTED,REF:CYCLE008_SCOPE,unresolved,,REF:CYCLE008_LIMITS,UNASSESSED,REF:PRIVATE_PRIORITY,1,72,4
BA:bond:20000:006,bond,MANDATORY_COMPLETE_REVIEW,02_CANONICAL_STORIES/BOND/HIBIKI/VARIANT_20000_EPISODE_006.md,d245d76c559682fab65aa13fd37300e12c41fbcc084049b2c6ef9356d517577f,ADMITTED,series/blue-archive/02 Sequential Readings/BOND/BLUE_ARCHIVE_HIBIKI_PHASE2_PRIVATE_CONTEXTUAL_ACCOUNT_20261008.md,REF:CYCLE008_ACCEPTED,REF:CYCLE008_SCOPE,unresolved,,REF:CYCLE008_LIMITS,UNASSESSED,REF:PRIVATE_PRIORITY,1,52,4
BA:bond:20000:008,bond,MANDATORY_COMPLETE_REVIEW,02_CANONICAL_STORIES/BOND/HIBIKI/VARIANT_20000_EPISODE_008.md,2be0038f3fec13215a7f78520cd9846ce8f92ee5fd902f4b99114daf46d4d8a4,ADMITTED,series/blue-archive/02 Sequential Readings/BOND/BLUE_ARCHIVE_HIBIKI_PHASE2_PRIVATE_CONTEXTUAL_ACCOUNT_20261008.md,REF:CYCLE008_ACCEPTED,REF:CYCLE008_SCOPE,unresolved,,REF:CYCLE008_LIMITS,UNASSESSED,REF:PRIVATE_PRIORITY,1,38,5
BA:bond:20000:009,bond,MANDATORY_COMPLETE_REVIEW,02_CANONICAL_STORIES/BOND/HIBIKI/VARIANT_20000_EPISODE_009.md,81ddbe404f1c4f5d50549211439382ca073b45d4b45b54c591fa2348cfe37ca6,ADMITTED,series/blue-archive/02 Sequential Readings/BOND/BLUE_ARCHIVE_HIBIKI_PHASE2_PRIVATE_CONTEXTUAL_ACCOUNT_20261008.md,REF:CYCLE008_ACCEPTED,REF:CYCLE008_SCOPE,unresolved,,REF:CYCLE008_LIMITS,UNASSESSED,REF:PRIVATE_PRIORITY,2,78,3
BA:bond:20000:015,bond,MANDATORY_COMPLETE_REVIEW,02_CANONICAL_STORIES/BOND/HIBIKI/VARIANT_20000_EPISODE_015.md,5fe9499809fe95c4a08c38c5c94f12ccfe1ce8c2679893ef488b1fda67643251,ADMITTED,series/blue-archive/02 Sequential Readings/BOND/BLUE_ARCHIVE_HIBIKI_PHASE2_PRIVATE_CONTEXTUAL_ACCOUNT_20261008.md,REF:CYCLE008_ACCEPTED,REF:CYCLE008_SCOPE,unresolved,,REF:CYCLE008_LIMITS,UNASSESSED,REF:PRIVATE_PRIORITY,1,62,14
BA:bond:20001:002,bond,MANDATORY_COMPLETE_REVIEW,02_CANONICAL_STORIES/BOND/KARIN/VARIANT_20001_EPISODE_002.md,fac6591589e7a65c7467748b471b58bdcc7859b9739bd891248a9eabf1349c62,ADMITTED,series/blue-archive/02 Sequential Readings/BOND/BLUE_ARCHIVE_KARIN_PHASE2_PRIVATE_CONTEXTUAL_ACCOUNT_20261008.md,REF:CYCLE008_ACCEPTED,REF:CYCLE008_SCOPE,unresolved,,REF:CYCLE008_LIMITS,UNASSESSED,REF:PRIVATE_PRIORITY,2,76,2
BA:bond:20001:003,bond,MANDATORY_COMPLETE_REVIEW,02_CANONICAL_STORIES/BOND/KARIN/VARIANT_20001_EPISODE_003.md,2632ba44c679f68d023641ed73266915033fc5a9f63196b8a521a9f489fda446,ADMITTED,series/blue-archive/02 Sequential Readings/BOND/BLUE_ARCHIVE_KARIN_PHASE2_PRIVATE_CONTEXTUAL_ACCOUNT_20261008.md,REF:CYCLE008_ACCEPTED,REF:CYCLE008_SCOPE,unresolved,,REF:CYCLE008_LIMITS,UNASSESSED,REF:PRIVATE_PRIORITY,1,40,5
BA:bond:20001:005,bond,MANDATORY_COMPLETE_REVIEW,02_CANONICAL_STORIES/BOND/KARIN/VARIANT_20001_EPISODE_005.md,0bafe7edefcf303da78b3fa1284d75a3d78a6ee169cfc8bb7cde1ad42f9f28cc,ADMITTED,series/blue-archive/02 Sequential Readings/BOND/BLUE_ARCHIVE_KARIN_PHASE2_PRIVATE_CONTEXTUAL_ACCOUNT_20261008.md,REF:CYCLE008_ACCEPTED,REF:CYCLE008_SCOPE,unresolved,,REF:CYCLE008_LIMITS,UNASSESSED,REF:PRIVATE_PRIORITY,1,34,3
BA:bond:20001:006,bond,MANDATORY_COMPLETE_REVIEW,02_CANONICAL_STORIES/BOND/KARIN/VARIANT_20001_EPISODE_006.md,0ee9bf173ae4442bc031d17f9ae9f785aed565a3eec8e21a2dceaef39a4bf6cf,ADMITTED,series/blue-archive/02 Sequential Readings/BOND/BLUE_ARCHIVE_KARIN_PHASE2_PRIVATE_CONTEXTUAL_ACCOUNT_20261008.md,REF:CYCLE008_ACCEPTED,REF:CYCLE008_SCOPE,unresolved,,REF:CYCLE008_LIMITS,UNASSESSED,REF:PRIVATE_PRIORITY,1,52,4
BA:bond:20001:008,bond,MANDATORY_COMPLETE_REVIEW,02_CANONICAL_STORIES/BOND/KARIN/VARIANT_20001_EPISODE_008.md,f7f7ebd454554545029008870b71e269206dd1994491e7f350beb9604f1ec549,ADMITTED,series/blue-archive/02 Sequential Readings/BOND/BLUE_ARCHIVE_KARIN_PHASE2_PRIVATE_CONTEXTUAL_ACCOUNT_20261008.md,REF:CYCLE008_ACCEPTED,REF:CYCLE008_SCOPE,unresolved,,REF:CYCLE008_LIMITS,UNASSESSED,REF:PRIVATE_PRIORITY,2,57,5
BA:bond:20001:009,bond,MANDATORY_COMPLETE_REVIEW,02_CANONICAL_STORIES/BOND/KARIN/VARIANT_20001_EPISODE_009.md,e83162bb119b693d6849472249f418ccae6d549161ed140ed2faf4ec49cc1671,ADMITTED,series/blue-archive/02 Sequential Readings/BOND/BLUE_ARCHIVE_KARIN_PHASE2_PRIVATE_CONTEXTUAL_ACCOUNT_20261008.md,REF:CYCLE008_ACCEPTED,REF:CYCLE008_SCOPE,unresolved,,REF:CYCLE008_LIMITS,UNASSESSED,REF:PRIVATE_PRIORITY,1,65,7
BA:bond:20001:015,bond,MANDATORY_COMPLETE_REVIEW,02_CANONICAL_STORIES/BOND/KARIN/VARIANT_20001_EPISODE_015.md,3493a287cdaf656cae06df8be0a3a428ff81f2d1f4c8e52ca900266b7f56dfc0,ADMITTED,series/blue-archive/02 Sequential Readings/BOND/BLUE_ARCHIVE_KARIN_PHASE2_PRIVATE_CONTEXTUAL_ACCOUNT_20261008.md,REF:CYCLE008_ACCEPTED,REF:CYCLE008_SCOPE,unresolved,,REF:CYCLE008_LIMITS,UNASSESSED,REF:PRIVATE_PRIORITY,1,63,12
BA:bond:20002:002,bond,MANDATORY_COMPLETE_REVIEW,02_CANONICAL_STORIES/BOND/SAYA/VARIANT_20002_EPISODE_002.md,2ee3c1d1894cf9adb7c45471caf36e422b58822c31641b3f235eca75c40fbf47,ADMITTED,series/blue-archive/02 Sequential Readings/BOND/BLUE_ARCHIVE_SHANHAIJING6_AND_SAYA_PHASE2_PRIVATE_CONTEXTUAL_ACCOUNT_20261008.md,REF:CYCLE008_ACCEPTED,REF:CYCLE008_SCOPE,unresolved,,REF:CYCLE008_LIMITS,UNASSESSED,REF:PRIVATE_PRIORITY,2,43,11
BA:bond:20002:003,bond,MANDATORY_COMPLETE_REVIEW,02_CANONICAL_STORIES/BOND/SAYA/VARIANT_20002_EPISODE_003.md,78ad3b9cca6328c89b0b90ab665e314218931deb5c4c1cbff60c36f70c872e84,ADMITTED,series/blue-archive/02 Sequential Readings/BOND/BLUE_ARCHIVE_SHANHAIJING6_AND_SAYA_PHASE2_PRIVATE_CONTEXTUAL_ACCOUNT_20261008.md,REF:CYCLE008_ACCEPTED,REF:CYCLE008_SCOPE,unresolved,,REF:CYCLE008_LIMITS,UNASSESSED,REF:PRIVATE_PRIORITY,1,29,7
BA:bond:20002:005,bond,MANDATORY_COMPLETE_REVIEW,02_CANONICAL_STORIES/BOND/SAYA/VARIANT_20002_EPISODE_005.md,19dfa7cb3d323e498fc98a3f192c0a559f447743a0d3f701d375d936461a8d46,ADMITTED,series/blue-archive/02 Sequential Readings/BOND/BLUE_ARCHIVE_SHANHAIJING6_AND_SAYA_PHASE2_PRIVATE_CONTEXTUAL_ACCOUNT_20261008.md,REF:CYCLE008_ACCEPTED,REF:CYCLE008_SCOPE,unresolved,,REF:CYCLE008_LIMITS,UNASSESSED,REF:PRIVATE_PRIORITY,3,49,1
BA:bond:20002:006,bond,MANDATORY_COMPLETE_REVIEW,02_CANONICAL_STORIES/BOND/SAYA/VARIANT_20002_EPISODE_006.md,c37279e8a9473ea0a3391efe7a47fe4c9382c49151acb933980a9dee4ff5fe50,ADMITTED,series/blue-archive/02 Sequential Readings/BOND/BLUE_ARCHIVE_SHANHAIJING6_AND_SAYA_PHASE2_PRIVATE_CONTEXTUAL_ACCOUNT_20261008.md,REF:CYCLE008_ACCEPTED,REF:CYCLE008_SCOPE,unresolved,,REF:CYCLE008_LIMITS,UNASSESSED,REF:PRIVATE_PRIORITY,1,31,5
BA:bond:20002:008,bond,MANDATORY_COMPLETE_REVIEW,02_CANONICAL_STORIES/BOND/SAYA/VARIANT_20002_EPISODE_008.md,f6d3ef1a686dd7a1c9ebf39845609e7b50035f42be4cd24c9aa040fdb81efe3b,ADMITTED,series/blue-archive/02 Sequential Readings/BOND/BLUE_ARCHIVE_SHANHAIJING6_AND_SAYA_PHASE2_PRIVATE_CONTEXTUAL_ACCOUNT_20261008.md,REF:CYCLE008_ACCEPTED,REF:CYCLE008_SCOPE,unresolved,,REF:CYCLE008_LIMITS,UNASSESSED,REF:PRIVATE_PRIORITY,1,28,5
BA:bond:20002:009,bond,MANDATORY_COMPLETE_REVIEW,02_CANONICAL_STORIES/BOND/SAYA/VARIANT_20002_EPISODE_009.md,4b0398c18d71d94025f6701949b7ac47991de6f33390f4eced7a0de6192be06f,ADMITTED,series/blue-archive/02 Sequential Readings/BOND/BLUE_ARCHIVE_SHANHAIJING6_AND_SAYA_PHASE2_PRIVATE_CONTEXTUAL_ACCOUNT_20261008.md,REF:CYCLE008_ACCEPTED,REF:CYCLE008_SCOPE,unresolved,,REF:CYCLE008_LIMITS,UNASSESSED,REF:PRIVATE_PRIORITY,3,51,7
BA:bond:20003:002,bond,MANDATORY_COMPLETE_REVIEW,02_CANONICAL_STORIES/BOND/MASHIRO/VARIANT_20003_EPISODE_002.md,4eba84533af22465f67fc1f20251ee55fedd99d1e492e36489f34666b530088a,ADMITTED,series/blue-archive/02 Sequential Readings/BOND/MASHIRO/BLUE_ARCHIVE_MASHIRO_PRIVATE_CONTEXTUALIZATION_CHECKPOINT.md,REF:CYCLE008_ACCEPTED,REF:CYCLE008_SCOPE,unresolved,,REF:CYCLE008_LIMITS,UNASSESSED,REF:PRIVATE_PRIORITY,1,20,5
BA:bond:20003:003,bond,MANDATORY_COMPLETE_REVIEW,02_CANONICAL_STORIES/BOND/MASHIRO/VARIANT_20003_EPISODE_003.md,7ec67bd098f006f5b8caa8f3bb23776e1394e5b99d8abde918ebbc88f88e4c55,ADMITTED,series/blue-archive/02 Sequential Readings/BOND/MASHIRO/BLUE_ARCHIVE_MASHIRO_PRIVATE_CONTEXTUALIZATION_CHECKPOINT.md,REF:CYCLE008_ACCEPTED,REF:CYCLE008_SCOPE,unresolved,,REF:CYCLE008_LIMITS,UNASSESSED,REF:PRIVATE_PRIORITY,1,26,4
BA:bond:20003:005,bond,MANDATORY_COMPLETE_REVIEW,02_CANONICAL_STORIES/BOND/MASHIRO/VARIANT_20003_EPISODE_005.md,deab88968da5e46a3e2571b2715e80a2928ff0284aa7fd357f44557e8492fabc,ADMITTED,series/blue-archive/02 Sequential Readings/BOND/MASHIRO/BLUE_ARCHIVE_MASHIRO_PRIVATE_CONTEXTUALIZATION_CHECKPOINT.md,REF:CYCLE008_ACCEPTED,REF:CYCLE008_SCOPE,unresolved,,REF:CYCLE008_LIMITS,UNASSESSED,REF:PRIVATE_PRIORITY,1,24,9
BA:bond:20003:006,bond,MANDATORY_COMPLETE_REVIEW,02_CANONICAL_STORIES/BOND/MASHIRO/VARIANT_20003_EPISODE_006.md,4dff0c9a0fd8c1c6bd3d3477635173faccab4ff0b81ad38a8bf782ffa091ebd4,ADMITTED,series/blue-archive/02 Sequential Readings/BOND/MASHIRO/BLUE_ARCHIVE_MASHIRO_PRIVATE_CONTEXTUALIZATION_CHECKPOINT.md,REF:CYCLE008_ACCEPTED,REF:CYCLE008_SCOPE,unresolved,,REF:CYCLE008_LIMITS,UNASSESSED,REF:PRIVATE_PRIORITY,1,11,2
BA:bond:20003:008,bond,MANDATORY_COMPLETE_REVIEW,02_CANONICAL_STORIES/BOND/MASHIRO/VARIANT_20003_EPISODE_008.md,622938c65484cef71f06d938b450145113f0383b53c833dc73c11562ca1cf8c4,ADMITTED,series/blue-archive/02 Sequential Readings/BOND/MASHIRO/BLUE_ARCHIVE_MASHIRO_PRIVATE_CONTEXTUALIZATION_CHECKPOINT.md,REF:CYCLE008_ACCEPTED,REF:CYCLE008_SCOPE,unresolved,,REF:CYCLE008_LIMITS,UNASSESSED,REF:PRIVATE_PRIORITY,1,24,0
BA:bond:20003:009,bond,MANDATORY_COMPLETE_REVIEW,02_CANONICAL_STORIES/BOND/MASHIRO/VARIANT_20003_EPISODE_009.md,64e3bccec18edaa6819987c0d61cd125d2937fc4f10a52c9cb37e82f5c9ba149,ADMITTED,series/blue-archive/02 Sequential Readings/BOND/MASHIRO/BLUE_ARCHIVE_MASHIRO_PRIVATE_CONTEXTUALIZATION_CHECKPOINT.md,REF:CYCLE008_ACCEPTED,REF:CYCLE008_SCOPE,unresolved,,REF:CYCLE008_LIMITS,UNASSESSED,REF:PRIVATE_PRIORITY,2,21,3
BA:bond:20003:015,bond,MANDATORY_COMPLETE_REVIEW,02_CANONICAL_STORIES/BOND/MASHIRO/VARIANT_20003_EPISODE_015.md,8c5e9452d9c71dd6d06b36b3c35e6577cd95594adf52413a31d6aaed1956cf07,ADMITTED,series/blue-archive/02 Sequential Readings/BOND/MASHIRO/BLUE_ARCHIVE_MASHIRO_PRIVATE_CONTEXTUALIZATION_CHECKPOINT.md,REF:CYCLE008_ACCEPTED,REF:CYCLE008_SCOPE,unresolved,,REF:CYCLE008_LIMITS,UNASSESSED,REF:PRIVATE_PRIORITY,1,33,5
BA:bond:20004:002,bond,MANDATORY_COMPLETE_REVIEW,02_CANONICAL_STORIES/BOND/MASHIRO/VARIANT_20004_EPISODE_002.md,727f7e0c2e928d4b4a5398b436611f0894f9b0e75dc475ecbbdb1d54df6ae7f3,ADMITTED,series/blue-archive/02 Sequential Readings/BOND/MASHIRO/BLUE_ARCHIVE_MASHIRO_PRIVATE_CONTEXTUALIZATION_CHECKPOINT.md,REF:CYCLE008_ACCEPTED,REF:CYCLE008_SCOPE,unresolved,,REF:CYCLE008_LIMITS,UNASSESSED,REF:PRIVATE_PRIORITY,1,46,4
BA:bond:20004:003,bond,MANDATORY_COMPLETE_REVIEW,02_CANONICAL_STORIES/BOND/MASHIRO/VARIANT_20004_EPISODE_003.md,dc4640ebbbbcf9ac049a4b8e4bba826ee00dfde26976f755002e3697c21b7212,ADMITTED,series/blue-archive/02 Sequential Readings/BOND/MASHIRO/BLUE_ARCHIVE_MASHIRO_PRIVATE_CONTEXTUALIZATION_CHECKPOINT.md,REF:CYCLE008_ACCEPTED,REF:CYCLE008_SCOPE,unresolved,,REF:CYCLE008_LIMITS,UNASSESSED,REF:PRIVATE_PRIORITY,2,43,13
BA:bond:20004:005,bond,MANDATORY_COMPLETE_REVIEW,02_CANONICAL_STORIES/BOND/MASHIRO/VARIANT_20004_EPISODE_005.md,de85fe30725fbb393c5b83e0d0a59108c9049b22c163bd8a902db903aa3880f9,ADMITTED,series/blue-archive/02 Sequential Readings/BOND/MASHIRO/BLUE_ARCHIVE_MASHIRO_PRIVATE_CONTEXTUALIZATION_CHECKPOINT.md,REF:CYCLE008_ACCEPTED,REF:CYCLE008_SCOPE,unresolved,,REF:CYCLE008_LIMITS,UNASSESSED,REF:PRIVATE_PRIORITY,1,38,6
BA:bond:20004:006,bond,MANDATORY_COMPLETE_REVIEW,02_CANONICAL_STORIES/BOND/MASHIRO/VARIANT_20004_EPISODE_006.md,1b2d1b417132ad6a468287e25ab87a2762c650e9f35c45709e01ed48f56078ed,ADMITTED,series/blue-archive/02 Sequential Readings/BOND/MASHIRO/BLUE_ARCHIVE_MASHIRO_PRIVATE_CONTEXTUALIZATION_CHECKPOINT.md,REF:CYCLE008_ACCEPTED,REF:CYCLE008_SCOPE,unresolved,,REF:CYCLE008_LIMITS,UNASSESSED,REF:PRIVATE_PRIORITY,1,24,7
BA:bond:20005:002,bond,MANDATORY_COMPLETE_REVIEW,02_CANONICAL_STORIES/BOND/HIHUMI/VARIANT_20005_EPISODE_002.md,acd0c0e3136a1efb02aebeb059e7be2c7db0704009fd1c5c3020fa8b5c62c06b,ADMITTED,series/blue-archive/02 Sequential Readings/BOND/HIFUMI/BLUE_ARCHIVE_HIFUMI_PRIVATE_CONTEXTUALIZATION_CHECKPOINT.md,REF:CYCLE008_ACCEPTED,REF:CYCLE008_SCOPE,unresolved,,REF:CYCLE008_LIMITS,UNASSESSED,REF:PRIVATE_PRIORITY,1,37,4
BA:bond:20005:003,bond,MANDATORY_COMPLETE_REVIEW,02_CANONICAL_STORIES/BOND/HIHUMI/VARIANT_20005_EPISODE_003.md,49900492436d7174d40abd892bd9cd99a587538ca803abbb8dd94a0516d36835,ADMITTED,series/blue-archive/02 Sequential Readings/BOND/HIFUMI/BLUE_ARCHIVE_HIFUMI_PRIVATE_CONTEXTUALIZATION_CHECKPOINT.md,REF:CYCLE008_ACCEPTED,REF:CYCLE008_SCOPE,unresolved,,REF:CYCLE008_LIMITS,UNASSESSED,REF:PRIVATE_PRIORITY,2,41,7
BA:bond:20005:005,bond,MANDATORY_COMPLETE_REVIEW,02_CANONICAL_STORIES/BOND/HIHUMI/VARIANT_20005_EPISODE_005.md,54df72c3ebef4169f5839f3b25d22c2be0fcdfcb6ecbee303925b703c2e2a855,ADMITTED,series/blue-archive/02 Sequential Readings/BOND/HIFUMI/BLUE_ARCHIVE_HIFUMI_PRIVATE_CONTEXTUALIZATION_CHECKPOINT.md,REF:CYCLE008_ACCEPTED,REF:CYCLE008_SCOPE,unresolved,,REF:CYCLE008_LIMITS,UNASSESSED,REF:PRIVATE_PRIORITY,1,52,6
BA:bond:20005:006,bond,MANDATORY_COMPLETE_REVIEW,02_CANONICAL_STORIES/BOND/HIHUMI/VARIANT_20005_EPISODE_006.md,4975b642012ee4618801d3caaa1c1e122fc170249d579e44952f831e1a3c12df,ADMITTED,series/blue-archive/02 Sequential Readings/BOND/HIFUMI/BLUE_ARCHIVE_HIFUMI_PRIVATE_CONTEXTUALIZATION_CHECKPOINT.md,REF:CYCLE008_ACCEPTED,REF:CYCLE008_SCOPE,unresolved,,REF:CYCLE008_LIMITS,UNASSESSED,REF:PRIVATE_PRIORITY,1,50,7
BA:bond:20005:020,bond,MANDATORY_COMPLETE_REVIEW,02_CANONICAL_STORIES/BOND/HIHUMI/VARIANT_20005_EPISODE_020.md,aca561cd17e893a0922c82386cc51b0e57a53cc7f09b833fc96db7d5528177a5,ADMITTED,series/blue-archive/02 Sequential Readings/BOND/HIFUMI/BLUE_ARCHIVE_HIFUMI_PRIVATE_CONTEXTUALIZATION_CHECKPOINT.md,REF:CYCLE008_ACCEPTED,REF:CYCLE008_SCOPE,unresolved,,REF:CYCLE008_LIMITS,UNASSESSED,REF:PRIVATE_PRIORITY,1,34,7
BA:bond:20006:002,bond,MANDATORY_COMPLETE_REVIEW,02_CANONICAL_STORIES/BOND/SAYA/VARIANT_20006_EPISODE_002.md,e519ba311d5dc4cdecb96c27834b31bfbcd32fecec03d63896a39e3ab59f7131,ADMITTED,series/blue-archive/02 Sequential Readings/BOND/BLUE_ARCHIVE_SHANHAIJING6_AND_SAYA_PHASE2_PRIVATE_CONTEXTUAL_ACCOUNT_20261008.md,REF:CYCLE008_ACCEPTED,REF:CYCLE008_SCOPE,unresolved,,REF:CYCLE008_LIMITS,UNASSESSED,REF:PRIVATE_PRIORITY,1,29,6
BA:bond:20006:003,bond,MANDATORY_COMPLETE_REVIEW,02_CANONICAL_STORIES/BOND/SAYA/VARIANT_20006_EPISODE_003.md,8b41e7af5290aeff04393729550d4f5a46c0a785dc86852344ea14059c0d09ea,ADMITTED,series/blue-archive/02 Sequential Readings/BOND/BLUE_ARCHIVE_SHANHAIJING6_AND_SAYA_PHASE2_PRIVATE_CONTEXTUAL_ACCOUNT_20261008.md,REF:CYCLE008_ACCEPTED,REF:CYCLE008_SCOPE,unresolved,,REF:CYCLE008_LIMITS,UNASSESSED,REF:PRIVATE_PRIORITY,3,66,9
BA:bond:20006:005,bond,MANDATORY_COMPLETE_REVIEW,02_CANONICAL_STORIES/BOND/SAYA/VARIANT_20006_EPISODE_005.md,9892eadf0c25f972c0d81a01e029e6cdaa39e1634d8c88b3830e22428bab7cd7,ADMITTED,series/blue-archive/02 Sequential Readings/BOND/BLUE_ARCHIVE_SHANHAIJING6_AND_SAYA_PHASE2_PRIVATE_CONTEXTUAL_ACCOUNT_20261008.md,REF:CYCLE008_ACCEPTED,REF:CYCLE008_SCOPE,unresolved,,REF:CYCLE008_LIMITS,UNASSESSED,REF:PRIVATE_PRIORITY,1,82,5
BA:bond:20006:006,bond,MANDATORY_COMPLETE_REVIEW,02_CANONICAL_STORIES/BOND/SAYA/VARIANT_20006_EPISODE_006.md,44ebf3ed68370ef316b18760a36a9dedc27bdbff10202eca4131ae8725d24d02,ADMITTED,series/blue-archive/02 Sequential Readings/BOND/BLUE_ARCHIVE_SHANHAIJING6_AND_SAYA_PHASE2_PRIVATE_CONTEXTUAL_ACCOUNT_20261008.md,REF:CYCLE008_ACCEPTED,REF:CYCLE008_SCOPE,unresolved,,REF:CYCLE008_LIMITS,UNASSESSED,REF:PRIVATE_PRIORITY,1,42,4
BA:bond:20006:020,bond,MANDATORY_COMPLETE_REVIEW,02_CANONICAL_STORIES/BOND/SAYA/VARIANT_20006_EPISODE_020.md,4ad8984c7ea2eab863b4b82902017374f09d3e8d8ec71fb608aaba9d1ee314ba,ADMITTED,series/blue-archive/02 Sequential Readings/BOND/BLUE_ARCHIVE_SHANHAIJING6_AND_SAYA_PHASE2_PRIVATE_CONTEXTUAL_ACCOUNT_20261008.md,REF:CYCLE008_ACCEPTED,REF:CYCLE008_SCOPE,unresolved,,REF:CYCLE008_LIMITS,UNASSESSED,REF:PRIVATE_PRIORITY,1,49,3
BA:bond:20007:002,bond,MANDATORY_COMPLETE_REVIEW,02_CANONICAL_STORIES/BOND/CH9999/VARIANT_20007_EPISODE_002.md,afe8aa4e0d1d0cd32c5ee4f09dcba1839542a6c5ee090741e577c77a687bcea6,ADMITTED,series/blue-archive/02 Sequential Readings/BOND/BLUE_ARCHIVE_COLLABORATION4_PHASE2_PRIVATE_AND_MODE_CONTEXTUAL_ACCOUNT_20261009.md,REF:CYCLE008_ACCEPTED,REF:CYCLE008_SCOPE,unresolved,,REF:CYCLE008_LIMITS;REF:NEW80_ROOT_QUALIFIED;REF:NEW80_IDENTITY_MODES,UNASSESSED,REF:PRIVATE_PRIORITY,1,48,5
BA:bond:20007:003,bond,MANDATORY_COMPLETE_REVIEW,02_CANONICAL_STORIES/BOND/CH9999/VARIANT_20007_EPISODE_003.md,d47e1ce6bee9c861527d3cabdb845f56b7cbb3ea6691f3477f3531e0e5b68d03,ADMITTED,series/blue-archive/02 Sequential Readings/BOND/BLUE_ARCHIVE_COLLABORATION4_PHASE2_PRIVATE_AND_MODE_CONTEXTUAL_ACCOUNT_20261009.md,REF:CYCLE008_ACCEPTED,REF:CYCLE008_SCOPE,unresolved,,REF:CYCLE008_LIMITS;REF:NEW80_ROOT_QUALIFIED;REF:NEW80_IDENTITY_MODES,UNASSESSED,REF:PRIVATE_PRIORITY,1,56,11
BA:bond:20007:005,bond,MANDATORY_COMPLETE_REVIEW,02_CANONICAL_STORIES/BOND/CH9999/VARIANT_20007_EPISODE_005.md,ed49db3b8f9e025c5242b0ceee5e9c0e4710498572872ad62537f1d33404f284,ADMITTED,series/blue-archive/02 Sequential Readings/BOND/BLUE_ARCHIVE_COLLABORATION4_PHASE2_PRIVATE_AND_MODE_CONTEXTUAL_ACCOUNT_20261009.md,REF:CYCLE008_ACCEPTED,REF:CYCLE008_SCOPE,unresolved,,REF:CYCLE008_LIMITS;REF:NEW80_ROOT_QUALIFIED;REF:NEW80_IDENTITY_MODES,UNASSESSED,REF:PRIVATE_PRIORITY,1,49,8
BA:bond:20007:006,bond,MANDATORY_COMPLETE_REVIEW,02_CANONICAL_STORIES/BOND/CH9999/VARIANT_20007_EPISODE_006.md,2d47d9fd6058ff3dc37c043c61dbd1fd468741cafc33d473511de205d433237b,ADMITTED,series/blue-archive/02 Sequential Readings/BOND/BLUE_ARCHIVE_COLLABORATION4_PHASE2_PRIVATE_AND_MODE_CONTEXTUAL_ACCOUNT_20261009.md,REF:CYCLE008_ACCEPTED,REF:CYCLE008_SCOPE,unresolved,,REF:CYCLE008_LIMITS;REF:NEW80_ROOT_QUALIFIED;REF:NEW80_IDENTITY_MODES,UNASSESSED,REF:PRIVATE_PRIORITY,2,95,9
BA:bond:20008:002,bond,MANDATORY_COMPLETE_REVIEW,02_CANONICAL_STORIES/BOND/AKO/VARIANT_20008_EPISODE_002.md,f94f0d92116551d62574dbd07920935114908196d5fcf28fe12fdfb1ee49381a,ADMITTED,series/blue-archive/02 Sequential Readings/BOND/BLUE_ARCHIVE_GEHENNA20_PHASE2_PRIVATE_CONTEXTUAL_ACCOUNT_20261008.md,REF:CYCLE008_ACCEPTED,REF:CYCLE008_SCOPE,unresolved,,REF:CYCLE008_LIMITS,UNASSESSED,REF:PRIVATE_PRIORITY,1,61,16
BA:bond:20008:003,bond,MANDATORY_COMPLETE_REVIEW,02_CANONICAL_STORIES/BOND/AKO/VARIANT_20008_EPISODE_003.md,93eab3a101bb7598792918b022dff29bf0c070bac061dceae7d2fdfe812c6908,ADMITTED,series/blue-archive/02 Sequential Readings/BOND/BLUE_ARCHIVE_GEHENNA20_PHASE2_PRIVATE_CONTEXTUAL_ACCOUNT_20261008.md,REF:CYCLE008_ACCEPTED,REF:CYCLE008_SCOPE,unresolved,,REF:CYCLE008_LIMITS,UNASSESSED,REF:PRIVATE_PRIORITY,1,33,9
BA:bond:20008:005,bond,MANDATORY_COMPLETE_REVIEW,02_CANONICAL_STORIES/BOND/AKO/VARIANT_20008_EPISODE_005.md,e999b25c839c01f726b9607a089176347cb263f99e0bf0d42470cb644bf454f4,ADMITTED,series/blue-archive/02 Sequential Readings/BOND/BLUE_ARCHIVE_GEHENNA20_PHASE2_PRIVATE_CONTEXTUAL_ACCOUNT_20261008.md,REF:CYCLE008_ACCEPTED,REF:CYCLE008_SCOPE,unresolved,,REF:CYCLE008_LIMITS,UNASSESSED,REF:PRIVATE_PRIORITY,1,92,17
BA:bond:20009:002,bond,MANDATORY_COMPLETE_REVIEW,02_CANONICAL_STORIES/BOND/CHERINO/VARIANT_20009_EPISODE_002.md,4bc1d63da842708215e00a98ff1841f94ca6df096f93b20b8add8afbc521eadc,ADMITTED,series/blue-archive/02 Sequential Readings/BOND/BLUE_ARCHIVE_RED_WINTER7_PHASE2_PRIVATE_CONTEXTUAL_ACCOUNT_20261008.md,REF:CYCLE008_ACCEPTED,REF:CYCLE008_SCOPE,unresolved,,REF:CYCLE008_LIMITS,UNASSESSED,REF:PRIVATE_PRIORITY,1,39,9
BA:bond:20009:003,bond,MANDATORY_COMPLETE_REVIEW,02_CANONICAL_STORIES/BOND/CHERINO/VARIANT_20009_EPISODE_003.md,b042a3a55d4234496f820e6104e30db2d49453cb0c46a922f9b3dac6f8ebabe1,ADMITTED,series/blue-archive/02 Sequential Readings/BOND/BLUE_ARCHIVE_RED_WINTER7_PHASE2_PRIVATE_CONTEXTUAL_ACCOUNT_20261008.md,REF:CYCLE008_ACCEPTED,REF:CYCLE008_SCOPE,unresolved,,REF:CYCLE008_LIMITS,UNASSESSED,REF:PRIVATE_PRIORITY,1,44,8
BA:bond:20009:005,bond,MANDATORY_COMPLETE_REVIEW,02_CANONICAL_STORIES/BOND/CHERINO/VARIANT_20009_EPISODE_005.md,361f25d34ac2031588cfdc01c6fee4aa7265c9f811e4d467f02d21223d8b1db8,ADMITTED,series/blue-archive/02 Sequential Readings/BOND/BLUE_ARCHIVE_RED_WINTER7_PHASE2_PRIVATE_CONTEXTUAL_ACCOUNT_20261008.md,REF:CYCLE008_ACCEPTED,REF:CYCLE008_SCOPE,unresolved,,REF:CYCLE008_LIMITS,UNASSESSED,REF:PRIVATE_PRIORITY,1,38,7
BA:bond:20009:006,bond,MANDATORY_COMPLETE_REVIEW,02_CANONICAL_STORIES/BOND/CHERINO/VARIANT_20009_EPISODE_006.md,9b9bb53910be6502f4b4c4f8183ce397aacdb4533e89ed751acf03dc0173a4af,ADMITTED,series/blue-archive/02 Sequential Readings/BOND/BLUE_ARCHIVE_RED_WINTER7_PHASE2_PRIVATE_CONTEXTUAL_ACCOUNT_20261008.md,REF:CYCLE008_ACCEPTED,REF:CYCLE008_SCOPE,unresolved,,REF:CYCLE008_LIMITS,UNASSESSED,REF:PRIVATE_PRIORITY,1,29,1
BA:bond:20009:020,bond,MANDATORY_COMPLETE_REVIEW,02_CANONICAL_STORIES/BOND/CHERINO/VARIANT_20009_EPISODE_020.md,d8dca0d13eb6e890942ae6f2f4c2ccd0bafdd9292a7d611e366c142f229a07eb,ADMITTED,series/blue-archive/02 Sequential Readings/BOND/BLUE_ARCHIVE_RED_WINTER7_PHASE2_PRIVATE_CONTEXTUAL_ACCOUNT_20261008.md,REF:CYCLE008_ACCEPTED,REF:CYCLE008_SCOPE,unresolved,,REF:CYCLE008_LIMITS,UNASSESSED,REF:PRIVATE_PRIORITY,1,50,7
BA:bond:20010:002,bond,MANDATORY_COMPLETE_REVIEW,02_CANONICAL_STORIES/BOND/NODOKA/VARIANT_20010_EPISODE_002.md,6f2393c5be0eaf0b6e2cc10e59405ca04c822c26886620501a37be116f617502,ADMITTED,series/blue-archive/02 Sequential Readings/BOND/BLUE_ARCHIVE_RED_WINTER7_PHASE2_PRIVATE_CONTEXTUAL_ACCOUNT_20261008.md,REF:CYCLE008_ACCEPTED,REF:CYCLE008_SCOPE,unresolved,,REF:CYCLE008_LIMITS,UNASSESSED,REF:PRIVATE_PRIORITY,1,52,9
BA:bond:20010:003,bond,MANDATORY_COMPLETE_REVIEW,02_CANONICAL_STORIES/BOND/NODOKA/VARIANT_20010_EPISODE_003.md,4fd56cb891bb1a9b8f9559bdf21570f0d67f49a4c4359716a76cc7bd8dd5f545,ADMITTED,series/blue-archive/02 Sequential Readings/BOND/BLUE_ARCHIVE_RED_WINTER7_PHASE2_PRIVATE_CONTEXTUAL_ACCOUNT_20261008.md,REF:CYCLE008_ACCEPTED,REF:CYCLE008_SCOPE,unresolved,,REF:CYCLE008_LIMITS,UNASSESSED,REF:PRIVATE_PRIORITY,1,29,5
BA:bond:20010:005,bond,MANDATORY_COMPLETE_REVIEW,02_CANONICAL_STORIES/BOND/NODOKA/VARIANT_20010_EPISODE_005.md,aecf7698cc859b70ef2ff58f403751d6ac7863dee14c6dc8720bd153679fdf12,ADMITTED,series/blue-archive/02 Sequential Readings/BOND/BLUE_ARCHIVE_RED_WINTER7_PHASE2_PRIVATE_CONTEXTUAL_ACCOUNT_20261008.md,REF:CYCLE008_ACCEPTED,REF:CYCLE008_SCOPE,unresolved,,REF:CYCLE008_LIMITS,UNASSESSED,REF:PRIVATE_PRIORITY,1,37,6
BA:bond:20010:006,bond,MANDATORY_COMPLETE_REVIEW,02_CANONICAL_STORIES/BOND/NODOKA/VARIANT_20010_EPISODE_006.md,85298fdc4b6b030662ac59b5d27999df47a9518abd54951e8c5143d122f88add,ADMITTED,series/blue-archive/02 Sequential Readings/BOND/BLUE_ARCHIVE_RED_WINTER7_PHASE2_PRIVATE_CONTEXTUAL_ACCOUNT_20261008.md,REF:CYCLE008_ACCEPTED,REF:CYCLE008_SCOPE,unresolved,,REF:CYCLE008_LIMITS,UNASSESSED,REF:PRIVATE_PRIORITY,1,30,3
BA:bond:20011:002,bond,MANDATORY_COMPLETE_REVIEW,02_CANONICAL_STORIES/BOND/SERIKA/VARIANT_20011_EPISODE_002.md,4650a29fb5c2363dad5b0364c30a3a08f75ac7dbf8c26df9de03e031b29c5015,ADMITTED,series/blue-archive/02 Sequential Readings/BOND/SERIKA/BLUE_ARCHIVE_SERIKA_PRIVATE_CONTEXTUALIZATION_CHECKPOINT.md,REF:ORIGINAL_ADMISSION_RECORD_0030,REF:ORIGINAL_ADMITTED_CLAIM_SCOPE_0031,LOCAL_RELATIVE_ONLY,Explicit prior consultation/collapse/resort only; no comprehensive variant order or main placement.,REF:ORIGINAL_ATTRIBUTION_LIMITS_0032,HIGH,REF:ORIGINAL_PRIORITY_REASON_0033,1,95,22
BA:bond:20011:003,bond,MANDATORY_COMPLETE_REVIEW,02_CANONICAL_STORIES/BOND/SERIKA/VARIANT_20011_EPISODE_003.md,f1ce05b60734db6a36fc9f8b2cc564349c2cf2c4b274b021866f49f30cc65299,ADMITTED,series/blue-archive/02 Sequential Readings/BOND/SERIKA/BLUE_ARCHIVE_SERIKA_PRIVATE_CONTEXTUALIZATION_CHECKPOINT.md,REF:ORIGINAL_ADMISSION_RECORD_0030,REF:ORIGINAL_ADMITTED_CLAIM_SCOPE_0031,LOCAL_RELATIVE_ONLY,Explicit prior consultation/collapse/resort only; no comprehensive variant order or main placement.,REF:ORIGINAL_ATTRIBUTION_LIMITS_0032,HIGH,REF:ORIGINAL_PRIORITY_REASON_0033,1,88,15
BA:bond:20011:005,bond,MANDATORY_COMPLETE_REVIEW,02_CANONICAL_STORIES/BOND/SERIKA/VARIANT_20011_EPISODE_005.md,37f1fe8a33d107c8f7d76024b014acaf1c939d2c28774d02f730b7e6b742c704,ADMITTED,series/blue-archive/02 Sequential Readings/BOND/SERIKA/BLUE_ARCHIVE_SERIKA_PRIVATE_CONTEXTUALIZATION_CHECKPOINT.md,REF:ORIGINAL_ADMISSION_RECORD_0030,REF:ORIGINAL_ADMITTED_CLAIM_SCOPE_0031,LOCAL_RELATIVE_ONLY,Explicit prior consultation/collapse/resort only; no comprehensive variant order or main placement.,REF:ORIGINAL_ATTRIBUTION_LIMITS_0032,HIGH,REF:ORIGINAL_PRIORITY_REASON_0033,1,32,3
BA:bond:20012:002,bond,MANDATORY_COMPLETE_REVIEW,02_CANONICAL_STORIES/BOND/CH0081/VARIANT_20012_EPISODE_002.md,f6ff99f1dfc3283c9ad4d05db0a9ba41415adfbae5958da866294eed24b3f8ba,ADMITTED,series/blue-archive/02 Sequential Readings/BOND/BLUE_ARCHIVE_GEHENNA20_PHASE2_PRIVATE_CONTEXTUAL_ACCOUNT_20261008.md,REF:CYCLE008_ACCEPTED,REF:CYCLE008_SCOPE,unresolved,,REF:CYCLE008_LIMITS,UNASSESSED,REF:PRIVATE_PRIORITY,1,72,2
BA:bond:20012:003,bond,MANDATORY_COMPLETE_REVIEW,02_CANONICAL_STORIES/BOND/CH0081/VARIANT_20012_EPISODE_003.md,e12e9c61b5db463cb3bd5af5512f8571d1ab6b6dea4c8f20e421dc7efe7c138c,ADMITTED,series/blue-archive/02 Sequential Readings/BOND/BLUE_ARCHIVE_GEHENNA20_PHASE2_PRIVATE_CONTEXTUAL_ACCOUNT_20261008.md,REF:CYCLE008_ACCEPTED,REF:CYCLE008_SCOPE,unresolved,,REF:CYCLE008_LIMITS,UNASSESSED,REF:PRIVATE_PRIORITY,1,55,6
BA:bond:20012:005,bond,MANDATORY_COMPLETE_REVIEW,02_CANONICAL_STORIES/BOND/CH0081/VARIANT_20012_EPISODE_005.md,a4c652c28f46b900840e1f156b044794d3e4ded623340a90dc716631e159036c,ADMITTED,series/blue-archive/02 Sequential Readings/BOND/BLUE_ARCHIVE_GEHENNA20_PHASE2_PRIVATE_CONTEXTUAL_ACCOUNT_20261008.md,REF:CYCLE008_ACCEPTED,REF:CYCLE008_SCOPE,unresolved,,REF:CYCLE008_LIMITS,UNASSESSED,REF:PRIVATE_PRIORITY,1,47,6
BA:bond:20012:006,bond,MANDATORY_COMPLETE_REVIEW,02_CANONICAL_STORIES/BOND/CH0081/VARIANT_20012_EPISODE_006.md,f8e634278b200ea7a947d6e831e449a86172870331a25f770d72f6963ac32a61,ADMITTED,series/blue-archive/02 Sequential Readings/BOND/BLUE_ARCHIVE_GEHENNA20_PHASE2_PRIVATE_CONTEXTUAL_ACCOUNT_20261008.md,REF:CYCLE008_ACCEPTED,REF:CYCLE008_SCOPE,unresolved,,REF:CYCLE008_LIMITS,UNASSESSED,REF:PRIVATE_PRIORITY,1,58,3
BA:bond:20013:002,bond,MANDATORY_COMPLETE_REVIEW,02_CANONICAL_STORIES/BOND/CH0160/VARIANT_20013_EPISODE_002.md,2dd6a9c68c53b5c3394bef2822ce622d0dc410d79ea247fba603a756acf6af54,ADMITTED,series/blue-archive/02 Sequential Readings/BOND/BLUE_ARCHIVE_CHIHIRO_PHASE2_PRIVATE_CONTEXTUAL_ACCOUNT_20261008.md,REF:CYCLE008_ACCEPTED,REF:CYCLE008_SCOPE,unresolved,,REF:CYCLE008_LIMITS,UNASSESSED,REF:PRIVATE_PRIORITY,1,34,8
BA:bond:20013:003,bond,MANDATORY_COMPLETE_REVIEW,02_CANONICAL_STORIES/BOND/CH0160/VARIANT_20013_EPISODE_003.md,2e5dc73fc394067ba49a23ff0f01e86fa35be55121a7633853c94e47074dbe45,ADMITTED,series/blue-archive/02 Sequential Readings/BOND/BLUE_ARCHIVE_CHIHIRO_PHASE2_PRIVATE_CONTEXTUAL_ACCOUNT_20261008.md,REF:CYCLE008_ACCEPTED,REF:CYCLE008_SCOPE,unresolved,,REF:CYCLE008_LIMITS,UNASSESSED,REF:PRIVATE_PRIORITY,1,46,6
BA:bond:20013:005,bond,MANDATORY_COMPLETE_REVIEW,02_CANONICAL_STORIES/BOND/CH0160/VARIANT_20013_EPISODE_005.md,c4a4385b6e632c27a6259caaf269ea6bbab0e5d9e41d85e36518c17fbe747a48,ADMITTED,series/blue-archive/02 Sequential Readings/BOND/BLUE_ARCHIVE_CHIHIRO_PHASE2_PRIVATE_CONTEXTUAL_ACCOUNT_20261008.md,REF:CYCLE008_ACCEPTED,REF:CYCLE008_SCOPE,unresolved,,REF:CYCLE008_LIMITS,UNASSESSED,REF:PRIVATE_PRIORITY,1,42,4
BA:bond:20013:006,bond,MANDATORY_COMPLETE_REVIEW,02_CANONICAL_STORIES/BOND/CH0160/VARIANT_20013_EPISODE_006.md,7d5d869dad118b21629f96b0d2a5f4923948b213f9c3496bcbda4e4e9612acba,ADMITTED,series/blue-archive/02 Sequential Readings/BOND/BLUE_ARCHIVE_CHIHIRO_PHASE2_PRIVATE_CONTEXTUAL_ACCOUNT_20261008.md,REF:CYCLE008_ACCEPTED,REF:CYCLE008_SCOPE,unresolved,,REF:CYCLE008_LIMITS,UNASSESSED,REF:PRIVATE_PRIORITY,1,56,5
BA:bond:20014:002,bond,MANDATORY_COMPLETE_REVIEW,02_CANONICAL_STORIES/BOND/CH0144/VARIANT_20014_EPISODE_002.md,fa8e2b19564239343e956a08efd9279046b1981a6b1a58688640d2a05a24752b,ADMITTED,series/blue-archive/02 Sequential Readings/BOND/SAKI/BLUE_ARCHIVE_SAKI_PHASE2_PRIVATE_CONTEXTUAL_ACCOUNT_20261008.md,REF:CYCLE008_ACCEPTED,REF:CYCLE008_SCOPE,unresolved,,REF:CYCLE008_LIMITS,UNASSESSED,REF:PRIVATE_PRIORITY,1,55,10
BA:bond:20014:003,bond,MANDATORY_COMPLETE_REVIEW,02_CANONICAL_STORIES/BOND/CH0144/VARIANT_20014_EPISODE_003.md,dcd0094a680bb44e511e8f0b8d92921d593e9efcb54e078e53c321cc8eddb8a6,ADMITTED,series/blue-archive/02 Sequential Readings/BOND/SAKI/BLUE_ARCHIVE_SAKI_PHASE2_PRIVATE_CONTEXTUAL_ACCOUNT_20261008.md,REF:CYCLE008_ACCEPTED,REF:CYCLE008_SCOPE,unresolved,,REF:CYCLE008_LIMITS,UNASSESSED,REF:PRIVATE_PRIORITY,1,41,4
BA:bond:20014:005,bond,MANDATORY_COMPLETE_REVIEW,02_CANONICAL_STORIES/BOND/CH0144/VARIANT_20014_EPISODE_005.md,f4d8072fd0cd4be1be90e134b5377b58ff38ad076d3da2bc42e7adaa6dbae59b,ADMITTED,series/blue-archive/02 Sequential Readings/BOND/SAKI/BLUE_ARCHIVE_SAKI_PHASE2_PRIVATE_CONTEXTUAL_ACCOUNT_20261008.md,REF:CYCLE008_ACCEPTED,REF:CYCLE008_SCOPE,unresolved,,REF:CYCLE008_LIMITS,UNASSESSED,REF:PRIVATE_PRIORITY,1,55,5
BA:bond:20014:006,bond,MANDATORY_COMPLETE_REVIEW,02_CANONICAL_STORIES/BOND/CH0144/VARIANT_20014_EPISODE_006.md,faec3c048eb78180c8bd88072b060c7519ab1874732000e22c085c48347c499c,ADMITTED,series/blue-archive/02 Sequential Readings/BOND/SAKI/BLUE_ARCHIVE_SAKI_PHASE2_PRIVATE_CONTEXTUAL_ACCOUNT_20261008.md,REF:CYCLE008_ACCEPTED,REF:CYCLE008_SCOPE,unresolved,,REF:CYCLE008_LIMITS,UNASSESSED,REF:PRIVATE_PRIORITY,1,44,8
BA:bond:20014:015,bond,MANDATORY_COMPLETE_REVIEW,02_CANONICAL_STORIES/BOND/CH0144/VARIANT_20014_EPISODE_015.md,2fc957a8524718f391c7124d991c8e848774fcfd689cc8b95ce9635bc5ac448e,ADMITTED,series/blue-archive/02 Sequential Readings/BOND/SAKI/BLUE_ARCHIVE_SAKI_PHASE2_PRIVATE_CONTEXTUAL_ACCOUNT_20261008.md,REF:CYCLE008_ACCEPTED,REF:CYCLE008_SCOPE,unresolved,,REF:CYCLE008_LIMITS,UNASSESSED,REF:PRIVATE_PRIORITY,1,33,10
BA:bond:20015:002,bond,MANDATORY_COMPLETE_REVIEW,02_CANONICAL_STORIES/BOND/KAEDE/VARIANT_20015_EPISODE_002.md,3e73e7c7750574250aeb8e9ef42f3da5cf860efd1180af9f7d2e62c4b9c47cdb,ADMITTED,series/blue-archive/02 Sequential Readings/BOND/BLUE_ARCHIVE_TRAINING_KAEDE_MIMORI_TSUBAKI_PHASE2_PRIVATE_CONTEXTUAL_ACCOUNT_20261008.md,REF:CYCLE008_ACCEPTED,REF:CYCLE008_SCOPE,unresolved,,REF:CYCLE008_LIMITS,UNASSESSED,REF:PRIVATE_PRIORITY,1,91,19
BA:bond:20015:003,bond,MANDATORY_COMPLETE_REVIEW,02_CANONICAL_STORIES/BOND/KAEDE/VARIANT_20015_EPISODE_003.md,93c928be50f8d70d790b1db7b12073e11c30b46bddc6fb33794b320bd3a725ce,ADMITTED,series/blue-archive/02 Sequential Readings/BOND/BLUE_ARCHIVE_TRAINING_KAEDE_MIMORI_TSUBAKI_PHASE2_PRIVATE_CONTEXTUAL_ACCOUNT_20261008.md,REF:CYCLE008_ACCEPTED,REF:CYCLE008_SCOPE,unresolved,,REF:CYCLE008_LIMITS,UNASSESSED,REF:PRIVATE_PRIORITY,1,58,15
BA:bond:20015:005,bond,MANDATORY_COMPLETE_REVIEW,02_CANONICAL_STORIES/BOND/KAEDE/VARIANT_20015_EPISODE_005.md,ed5d43ae2194b9c649d85edf759d77201eb2a19121631c36a7a641a3649512d9,ADMITTED,series/blue-archive/02 Sequential Readings/BOND/BLUE_ARCHIVE_TRAINING_KAEDE_MIMORI_TSUBAKI_PHASE2_PRIVATE_CONTEXTUAL_ACCOUNT_20261008.md,REF:CYCLE008_ACCEPTED,REF:CYCLE008_SCOPE,unresolved,,REF:CYCLE008_LIMITS,UNASSESSED,REF:PRIVATE_PRIORITY,1,114,21
BA:bond:20015:006,bond,MANDATORY_COMPLETE_REVIEW,02_CANONICAL_STORIES/BOND/KAEDE/VARIANT_20015_EPISODE_006.md,5c0b46329e61b8934ea64bdc6295075806ccd01fa12f84d615fc4a26c7176096,ADMITTED,series/blue-archive/02 Sequential Readings/BOND/BLUE_ARCHIVE_TRAINING_KAEDE_MIMORI_TSUBAKI_PHASE2_PRIVATE_CONTEXTUAL_ACCOUNT_20261008.md,REF:CYCLE008_ACCEPTED,REF:CYCLE008_SCOPE,unresolved,,REF:CYCLE008_LIMITS,UNASSESSED,REF:PRIVATE_PRIORITY,1,140,24
BA:bond:20015:015,bond,MANDATORY_COMPLETE_REVIEW,02_CANONICAL_STORIES/BOND/KAEDE/VARIANT_20015_EPISODE_015.md,a9d94ad16b5cad9b0937fde87cf3263c0aee34862e4af7ba97ed8cff4c6014da,ADMITTED,series/blue-archive/02 Sequential Readings/BOND/BLUE_ARCHIVE_TRAINING_KAEDE_MIMORI_TSUBAKI_PHASE2_PRIVATE_CONTEXTUAL_ACCOUNT_20261008.md,REF:CYCLE008_ACCEPTED,REF:CYCLE008_SCOPE,unresolved,,REF:CYCLE008_LIMITS,UNASSESSED,REF:PRIVATE_PRIORITY,1,61,9
BA:bond:20016:002,bond,MANDATORY_COMPLETE_REVIEW,02_CANONICAL_STORIES/BOND/CH0156/VARIANT_20016_EPISODE_002.md,f5819a7b175e19d442d65a9219d117419e9623974e8e52ec317377bacca17b2f,ADMITTED,series/blue-archive/02 Sequential Readings/BOND/BLUE_ARCHIVE_GEHENNA20_PHASE2_PRIVATE_CONTEXTUAL_ACCOUNT_20261008.md,REF:CYCLE008_ACCEPTED,REF:CYCLE008_SCOPE,unresolved,,REF:CYCLE008_LIMITS,UNASSESSED,REF:PRIVATE_PRIORITY,1,49,8
BA:bond:20016:003,bond,MANDATORY_COMPLETE_REVIEW,02_CANONICAL_STORIES/BOND/CH0156/VARIANT_20016_EPISODE_003.md,5d44fd59d4ea72cb0d5083ff886c9559174bd703fe88b0151043dafe10f4e475,ADMITTED,series/blue-archive/02 Sequential Readings/BOND/BLUE_ARCHIVE_GEHENNA20_PHASE2_PRIVATE_CONTEXTUAL_ACCOUNT_20261008.md,REF:CYCLE008_ACCEPTED,REF:CYCLE008_SCOPE,unresolved,,REF:CYCLE008_LIMITS,UNASSESSED,REF:PRIVATE_PRIORITY,1,54,13
BA:bond:20016:005,bond,MANDATORY_COMPLETE_REVIEW,02_CANONICAL_STORIES/BOND/CH0156/VARIANT_20016_EPISODE_005.md,dee2cdd031c9ecbc5a067518dd919c2fe63489fc820e5ff879092514377ccb8c,ADMITTED,series/blue-archive/02 Sequential Readings/BOND/BLUE_ARCHIVE_GEHENNA20_PHASE2_PRIVATE_CONTEXTUAL_ACCOUNT_20261008.md,REF:CYCLE008_ACCEPTED,REF:CYCLE008_SCOPE,unresolved,,REF:CYCLE008_LIMITS,UNASSESSED,REF:PRIVATE_PRIORITY,2,77,19
BA:bond:20016:006,bond,MANDATORY_COMPLETE_REVIEW,02_CANONICAL_STORIES/BOND/CH0156/VARIANT_20016_EPISODE_006.md,eb41cd42c2cbb89788122622e4418590866198a61c0e3810c02d6f42b02b160c,ADMITTED,series/blue-archive/02 Sequential Readings/BOND/BLUE_ARCHIVE_GEHENNA20_PHASE2_PRIVATE_CONTEXTUAL_ACCOUNT_20261008.md,REF:CYCLE008_ACCEPTED,REF:CYCLE008_SCOPE,unresolved,,REF:CYCLE008_LIMITS,UNASSESSED,REF:PRIVATE_PRIORITY,1,64,9
BA:bond:20016:015,bond,MANDATORY_COMPLETE_REVIEW,02_CANONICAL_STORIES/BOND/CH0156/VARIANT_20016_EPISODE_015.md,0ccb9929f179947361e31873cc5d1cbc286e37f8375e60244dceb35a4655a514,ADMITTED,series/blue-archive/02 Sequential Readings/BOND/BLUE_ARCHIVE_GEHENNA20_PHASE2_PRIVATE_CONTEXTUAL_ACCOUNT_20261008.md,REF:CYCLE008_ACCEPTED,REF:CYCLE008_SCOPE,unresolved,,REF:CYCLE008_LIMITS,UNASSESSED,REF:PRIVATE_PRIORITY,1,49,7
BA:bond:20017:002,bond,MANDATORY_COMPLETE_REVIEW,02_CANONICAL_STORIES/BOND/HIYORI/VARIANT_20017_EPISODE_002.md,d2d90ec7d1d80df54affbe3241fd10f4eed74309f882b6b11e4afcb93c8e26ca,ADMITTED,series/blue-archive/02 Sequential Readings/BOND/BLUE_ARCHIVE_MISAKI_HIYORI_SUBARU_PRIVATE_CONTEXTUALIZATION_CHECKPOINT.md,REF:CYCLE008_ACCEPTED,REF:CYCLE008_SCOPE,unresolved,,REF:CYCLE008_LIMITS,UNASSESSED,REF:PRIVATE_PRIORITY,2,37,11
BA:bond:20017:003,bond,MANDATORY_COMPLETE_REVIEW,02_CANONICAL_STORIES/BOND/HIYORI/VARIANT_20017_EPISODE_003.md,e31aa01610ae5ee4590bd5054ec5d6eb3cf4641921860003df5760c437b54b79,ADMITTED,series/blue-archive/02 Sequential Readings/BOND/BLUE_ARCHIVE_MISAKI_HIYORI_SUBARU_PRIVATE_CONTEXTUALIZATION_CHECKPOINT.md,REF:CYCLE008_ACCEPTED,REF:CYCLE008_SCOPE,unresolved,,REF:CYCLE008_LIMITS,UNASSESSED,REF:PRIVATE_PRIORITY,1,46,11
BA:bond:20017:005,bond,MANDATORY_COMPLETE_REVIEW,02_CANONICAL_STORIES/BOND/HIYORI/VARIANT_20017_EPISODE_005.md,2648e72898769322acf3d64e3b2ab79b7dcad13b79d6aa71f3388c253ea81d70,ADMITTED,series/blue-archive/02 Sequential Readings/BOND/BLUE_ARCHIVE_MISAKI_HIYORI_SUBARU_PRIVATE_CONTEXTUALIZATION_CHECKPOINT.md,REF:CYCLE008_ACCEPTED,REF:CYCLE008_SCOPE,unresolved,,REF:CYCLE008_LIMITS,UNASSESSED,REF:PRIVATE_PRIORITY,2,67,13
BA:bond:20018:002,bond,MANDATORY_COMPLETE_REVIEW,02_CANONICAL_STORIES/BOND/MOE/VARIANT_20018_EPISODE_002.md,2b760819e5abd42d8b7231cf51880d530dc0675ee27c506231691c5591b19203,ADMITTED,series/blue-archive/02 Sequential Readings/BOND/MOE/BLUE_ARCHIVE_MOE_PHASE2_PRIVATE_CONTEXTUAL_ACCOUNT_20261008.md,REF:CYCLE008_ACCEPTED,REF:CYCLE008_SCOPE,unresolved,,REF:CYCLE008_LIMITS,UNASSESSED,REF:PRIVATE_PRIORITY,1,92,16
BA:bond:20018:003,bond,MANDATORY_COMPLETE_REVIEW,02_CANONICAL_STORIES/BOND/MOE/VARIANT_20018_EPISODE_003.md,0c7601e4cbcfcd750b81ca96b07f12c394248b7370bff0263124047da53d9feb,ADMITTED,series/blue-archive/02 Sequential Readings/BOND/MOE/BLUE_ARCHIVE_MOE_PHASE2_PRIVATE_CONTEXTUAL_ACCOUNT_20261008.md,REF:CYCLE008_ACCEPTED,REF:CYCLE008_SCOPE,unresolved,,REF:CYCLE008_LIMITS,UNASSESSED,REF:PRIVATE_PRIORITY,1,73,13
BA:bond:20018:005,bond,MANDATORY_COMPLETE_REVIEW,02_CANONICAL_STORIES/BOND/MOE/VARIANT_20018_EPISODE_005.md,20037665834300dca2a5b99564f5c50b8970151af6ad1f98538ff5cb37d2cf63,ADMITTED,series/blue-archive/02 Sequential Readings/BOND/MOE/BLUE_ARCHIVE_MOE_PHASE2_PRIVATE_CONTEXTUAL_ACCOUNT_20261008.md,REF:CYCLE008_ACCEPTED,REF:CYCLE008_SCOPE,unresolved,,REF:CYCLE008_LIMITS,UNASSESSED,REF:PRIVATE_PRIORITY,1,59,5
BA:bond:20018:006,bond,MANDATORY_COMPLETE_REVIEW,02_CANONICAL_STORIES/BOND/MOE/VARIANT_20018_EPISODE_006.md,e4dab3dab911a9a5282d968635085fd248dc05f39a0066bbc1ae23813815a207,ADMITTED,series/blue-archive/02 Sequential Readings/BOND/MOE/BLUE_ARCHIVE_MOE_PHASE2_PRIVATE_CONTEXTUAL_ACCOUNT_20261008.md,REF:CYCLE008_ACCEPTED,REF:CYCLE008_SCOPE,unresolved,,REF:CYCLE008_LIMITS,UNASSESSED,REF:PRIVATE_PRIORITY,1,80,9
BA:bond:20018:015,bond,MANDATORY_COMPLETE_REVIEW,02_CANONICAL_STORIES/BOND/MOE/VARIANT_20018_EPISODE_015.md,98907c64e4f9929059da6e9c59ab1413261f74e6b12ad5c30c411e8e6c86342a,ADMITTED,series/blue-archive/02 Sequential Readings/BOND/MOE/BLUE_ARCHIVE_MOE_PHASE2_PRIVATE_CONTEXTUAL_ACCOUNT_20261008.md,REF:CYCLE008_ACCEPTED,REF:CYCLE008_SCOPE,unresolved,,REF:CYCLE008_LIMITS,UNASSESSED,REF:PRIVATE_PRIORITY,1,49,11
BA:bond:20019:002,bond,MANDATORY_COMPLETE_REVIEW,02_CANONICAL_STORIES/BOND/AKANE/VARIANT_20019_EPISODE_002.md,0de40d4c27a1b18975623bb6babc19bb36acec91ab83148accf1a7487ff705a8,ADMITTED,series/blue-archive/02 Sequential Readings/BOND/BLUE_ARCHIVE_AKANE_PHASE2_PRIVATE_CONTEXTUAL_ACCOUNT_20261008.md,REF:CYCLE008_ACCEPTED,REF:CYCLE008_SCOPE,unresolved,,REF:CYCLE008_LIMITS,UNASSESSED,REF:PRIVATE_PRIORITY,1,37,4
BA:bond:20019:003,bond,MANDATORY_COMPLETE_REVIEW,02_CANONICAL_STORIES/BOND/AKANE/VARIANT_20019_EPISODE_003.md,c7af5b22d75d0fd457fb8d6bd578fc14fe21e1ef58abb5a00ace38fb2c15d7bd,ADMITTED,series/blue-archive/02 Sequential Readings/BOND/BLUE_ARCHIVE_AKANE_PHASE2_PRIVATE_CONTEXTUAL_ACCOUNT_20261008.md,REF:CYCLE008_ACCEPTED,REF:CYCLE008_SCOPE,unresolved,,REF:CYCLE008_LIMITS,UNASSESSED,REF:PRIVATE_PRIORITY,2,61,7
BA:bond:20019:005,bond,MANDATORY_COMPLETE_REVIEW,02_CANONICAL_STORIES/BOND/AKANE/VARIANT_20019_EPISODE_005.md,b15e98de395b43426c280da9fe02101757c05b626f3b8d3c628e961c4f7113dc,ADMITTED,series/blue-archive/02 Sequential Readings/BOND/BLUE_ARCHIVE_AKANE_PHASE2_PRIVATE_CONTEXTUAL_ACCOUNT_20261008.md,REF:CYCLE008_ACCEPTED,REF:CYCLE008_SCOPE,unresolved,,REF:CYCLE008_LIMITS,UNASSESSED,REF:PRIVATE_PRIORITY,1,46,4
BA:bond:20019:006,bond,MANDATORY_COMPLETE_REVIEW,02_CANONICAL_STORIES/BOND/AKANE/VARIANT_20019_EPISODE_006.md,595089bf7a631ae1701901e1dd0b3b765ca50fc0c4810090142f9f7000758984,ADMITTED,series/blue-archive/02 Sequential Readings/BOND/BLUE_ARCHIVE_AKANE_PHASE2_PRIVATE_CONTEXTUAL_ACCOUNT_20261008.md,REF:CYCLE008_ACCEPTED,REF:CYCLE008_SCOPE,unresolved,,REF:CYCLE008_LIMITS,UNASSESSED,REF:PRIVATE_PRIORITY,1,64,8
BA:bond:20020:002,bond,MANDATORY_COMPLETE_REVIEW,02_CANONICAL_STORIES/BOND/CH0159/VARIANT_20020_EPISODE_002.md,20780a2a3c7d65e43fe098f7825b90116388c18d6a5c9c66fcfa11529ffcd30c,ADMITTED,series/blue-archive/02 Sequential Readings/BOND/BLUE_ARCHIVE_HIMARI_PHASE2_PRIVATE_CONTEXTUAL_ACCOUNT_20261008.md,REF:CYCLE008_ACCEPTED,REF:CYCLE008_SCOPE,unresolved,,REF:CYCLE008_LIMITS,UNASSESSED,REF:PRIVATE_PRIORITY,2,110,15
BA:bond:20020:003,bond,MANDATORY_COMPLETE_REVIEW,02_CANONICAL_STORIES/BOND/CH0159/VARIANT_20020_EPISODE_003.md,5dfe9f80583188c0c8f49cceeea433419e1cb25eeacf15f2a07a85d0e312a851,ADMITTED,series/blue-archive/02 Sequential Readings/BOND/BLUE_ARCHIVE_HIMARI_PHASE2_PRIVATE_CONTEXTUAL_ACCOUNT_20261008.md,REF:CYCLE008_ACCEPTED,REF:CYCLE008_SCOPE,unresolved,,REF:CYCLE008_LIMITS,UNASSESSED,REF:PRIVATE_PRIORITY,1,88,7
BA:bond:20020:005,bond,MANDATORY_COMPLETE_REVIEW,02_CANONICAL_STORIES/BOND/CH0159/VARIANT_20020_EPISODE_005.md,fb159f96dae00d4097c6ac7b0ee69bf00a40483c023e869e635c6dd7a1a31ad3,ADMITTED,series/blue-archive/02 Sequential Readings/BOND/BLUE_ARCHIVE_HIMARI_PHASE2_PRIVATE_CONTEXTUAL_ACCOUNT_20261008.md,REF:CYCLE008_ACCEPTED,REF:CYCLE008_SCOPE,unresolved,,REF:CYCLE008_LIMITS,UNASSESSED,REF:PRIVATE_PRIORITY,1,128,18
BA:bond:20020:006,bond,MANDATORY_COMPLETE_REVIEW,02_CANONICAL_STORIES/BOND/CH0159/VARIANT_20020_EPISODE_006.md,4e2dfb57a571e4bc42c52fcd48278e6d4b60b957b3f317aff93be140f85197e3,ADMITTED,series/blue-archive/02 Sequential Readings/BOND/BLUE_ARCHIVE_HIMARI_PHASE2_PRIVATE_CONTEXTUAL_ACCOUNT_20261008.md,REF:CYCLE008_ACCEPTED,REF:CYCLE008_SCOPE,unresolved,,REF:CYCLE008_LIMITS,UNASSESSED,REF:PRIVATE_PRIORITY,1,81,12
BA:bond:20021:002,bond,MANDATORY_COMPLETE_REVIEW,02_CANONICAL_STORIES/BOND/HANAE/VARIANT_20021_EPISODE_002.md,b4cb5be78ba03a5058a2cafa7a650ec074c39bab78dd310d51fed578ac4062ec,ADMITTED,series/blue-archive/02 Sequential Readings/BOND/HANAE/BLUE_ARCHIVE_HANAE_PRIVATE_CONTEXTUALIZATION_CHECKPOINT.md,REF:ORIGINAL_ADMISSION_RECORD_0007,REF:ORIGINAL_ADMITTED_CLAIM_SCOPE_0049,LOCAL_RELATIVE_ONLY,Positive FavorSchedule consultation join and local festive framing; no main or absolute-date placement.,REF:ORIGINAL_ATTRIBUTION_LIMITS_0050,CORE,REF:ORIGINAL_PRIORITY_REASON_0051,1,47,11
BA:bond:20021:003,bond,MANDATORY_COMPLETE_REVIEW,02_CANONICAL_STORIES/BOND/HANAE/VARIANT_20021_EPISODE_003.md,cfe82908be170e54cbec77df9b78f5c9316e7f7a475b33daa0858ce0d859f4ba,ADMITTED,series/blue-archive/02 Sequential Readings/BOND/HANAE/BLUE_ARCHIVE_HANAE_PRIVATE_CONTEXTUALIZATION_CHECKPOINT.md,REF:ORIGINAL_ADMISSION_RECORD_0007,REF:ORIGINAL_ADMITTED_CLAIM_SCOPE_0052,LOCAL_RELATIVE_ONLY,Positive FavorSchedule join and the represented training day only; no main or release-order chronology.,REF:ORIGINAL_ATTRIBUTION_LIMITS_0053,CORE,REF:ORIGINAL_PRIORITY_REASON_0054,2,50,10
BA:bond:20021:005,bond,MANDATORY_COMPLETE_REVIEW,02_CANONICAL_STORIES/BOND/HANAE/VARIANT_20021_EPISODE_005.md,881ef305a0efff64ab9bf688986f5d8a43904e5d289680873cf4bc6b2f146f58,ADMITTED,series/blue-archive/02 Sequential Readings/BOND/HANAE/BLUE_ARCHIVE_HANAE_PRIVATE_CONTEXTUALIZATION_CHECKPOINT.md,REF:ORIGINAL_ADMISSION_RECORD_0007,REF:ORIGINAL_ADMITTED_CLAIM_SCOPE_0055,LOCAL_RELATIVE_ONLY,"Positive FavorSchedule join and local invitation, making and message aftermath; no global festive placement.",REF:ORIGINAL_ATTRIBUTION_LIMITS_0056,CORE,REF:ORIGINAL_PRIORITY_REASON_0057,1,27,0
BA:bond:20021:015,bond,MANDATORY_COMPLETE_REVIEW,02_CANONICAL_STORIES/BOND/HANAE/VARIANT_20021_EPISODE_015.md,0945642862cfeca0c8acdcba7f240c223c598c14b0ea5d9184f7d3d828c1f4fe,ADMITTED,series/blue-archive/02 Sequential Readings/BOND/HANAE/BLUE_ARCHIVE_HANAE_PRIVATE_CONTEXTUALIZATION_CHECKPOINT.md,REF:ORIGINAL_ADMISSION_RECORD_0007,REF:ORIGINAL_ADMITTED_CLAIM_SCOPE_0058,LOCAL_RELATIVE_ONLY,Positive FavorSchedule important-errand join and local shopping sequence only; no event or main edge.,REF:ORIGINAL_ATTRIBUTION_LIMITS_0059,CORE,REF:ORIGINAL_PRIORITY_REASON_0060,1,56,8
BA:bond:20022:002,bond,MANDATORY_COMPLETE_REVIEW,02_CANONICAL_STORIES/BOND/FUUKA/VARIANT_20022_EPISODE_002.md,d9d87a9ac8a1dd44cab716219f1e7d34c1f70539dac9f8e6b7e6e0f72ac54c34,ADMITTED,series/blue-archive/02 Sequential Readings/BOND/BLUE_ARCHIVE_GEHENNA20_PHASE2_PRIVATE_CONTEXTUAL_ACCOUNT_20261008.md,REF:CYCLE008_ACCEPTED,REF:CYCLE008_SCOPE,unresolved,,REF:CYCLE008_LIMITS,UNASSESSED,REF:PRIVATE_PRIORITY,3,70,10
BA:bond:20022:003,bond,MANDATORY_COMPLETE_REVIEW,02_CANONICAL_STORIES/BOND/FUUKA/VARIANT_20022_EPISODE_003.md,d840eb66091085f3215abc9bcedeaaff375d308aac228dd0c3bf27fac0892182,ADMITTED,series/blue-archive/02 Sequential Readings/BOND/BLUE_ARCHIVE_GEHENNA20_PHASE2_PRIVATE_CONTEXTUAL_ACCOUNT_20261008.md,REF:CYCLE008_ACCEPTED,REF:CYCLE008_SCOPE,unresolved,,REF:CYCLE008_LIMITS,UNASSESSED,REF:PRIVATE_PRIORITY,1,38,4
BA:bond:20022:005,bond,MANDATORY_COMPLETE_REVIEW,02_CANONICAL_STORIES/BOND/FUUKA/VARIANT_20022_EPISODE_005.md,c8dc1bafc242a65281b0abdcdf2ec4eb4d8099f2f04b500c92885d4ee118aae5,ADMITTED,series/blue-archive/02 Sequential Readings/BOND/BLUE_ARCHIVE_GEHENNA20_PHASE2_PRIVATE_CONTEXTUAL_ACCOUNT_20261008.md,REF:CYCLE008_ACCEPTED,REF:CYCLE008_SCOPE,unresolved,,REF:CYCLE008_LIMITS,UNASSESSED,REF:PRIVATE_PRIORITY,6,89,7
BA:bond:20023:002,bond,MANDATORY_COMPLETE_REVIEW,02_CANONICAL_STORIES/BOND/CH0170/VARIANT_20023_EPISODE_002.md,eada08c3d06a7c93c7ebd55a410d30c69ccf1dbf2bc00a8a6648874201d5d3b9,ADMITTED,series/blue-archive/02 Sequential Readings/BOND/KANNA/BLUE_ARCHIVE_KANNA_PHASE2_PRIVATE_CONTEXTUAL_ACCOUNT_20261008.md,REF:CYCLE008_ACCEPTED,REF:CYCLE008_SCOPE,unresolved,,REF:CYCLE008_LIMITS,UNASSESSED,REF:PRIVATE_PRIORITY,1,80,11
BA:bond:20023:003,bond,MANDATORY_COMPLETE_REVIEW,02_CANONICAL_STORIES/BOND/CH0170/VARIANT_20023_EPISODE_003.md,1851ef9a00334a5a02941b03d092291e473d9fdbeb9ec729a1d68f07aadc65ac,ADMITTED,series/blue-archive/02 Sequential Readings/BOND/KANNA/BLUE_ARCHIVE_KANNA_PHASE2_PRIVATE_CONTEXTUAL_ACCOUNT_20261008.md,REF:CYCLE008_ACCEPTED,REF:CYCLE008_SCOPE,unresolved,,REF:CYCLE008_LIMITS,UNASSESSED,REF:PRIVATE_PRIORITY,1,74,12
BA:bond:20023:005,bond,MANDATORY_COMPLETE_REVIEW,02_CANONICAL_STORIES/BOND/CH0170/VARIANT_20023_EPISODE_005.md,88262a277954aa6b8f051675d290c2ddc74f1dddbfbcad0d7fa4fa7ef6162ac9,ADMITTED,series/blue-archive/02 Sequential Readings/BOND/KANNA/BLUE_ARCHIVE_KANNA_PHASE2_PRIVATE_CONTEXTUAL_ACCOUNT_20261008.md,REF:CYCLE008_ACCEPTED,REF:CYCLE008_SCOPE,unresolved,,REF:CYCLE008_LIMITS,UNASSESSED,REF:PRIVATE_PRIORITY,1,63,8
BA:bond:20023:006,bond,MANDATORY_COMPLETE_REVIEW,02_CANONICAL_STORIES/BOND/CH0170/VARIANT_20023_EPISODE_006.md,006d5aadd7c60f75aba220c167a68ece775a10ac62e49d2128f3bcb2ead6e1a0,ADMITTED,series/blue-archive/02 Sequential Readings/BOND/KANNA/BLUE_ARCHIVE_KANNA_PHASE2_PRIVATE_CONTEXTUAL_ACCOUNT_20261008.md,REF:CYCLE008_ACCEPTED,REF:CYCLE008_SCOPE,unresolved,,REF:CYCLE008_LIMITS,UNASSESSED,REF:PRIVATE_PRIORITY,1,52,3
BA:bond:20024:002,bond,MANDATORY_COMPLETE_REVIEW,02_CANONICAL_STORIES/BOND/NAGISA/VARIANT_20024_EPISODE_002.md,fd22277bdc2d3b5c05b3074b757f7bca718554cc063a09e5e712187899ca9e18,ADMITTED,series/blue-archive/02 Sequential Readings/BOND/NAGISA/BLUE_ARCHIVE_NAGISA_PRIVATE_CONTEXTUALIZATION_CHECKPOINT.md,REF:CYCLE008_ACCEPTED,REF:CYCLE008_SCOPE,unresolved,,REF:CYCLE008_LIMITS,UNASSESSED,REF:PRIVATE_PRIORITY,2,42,5
BA:bond:20024:003,bond,MANDATORY_COMPLETE_REVIEW,02_CANONICAL_STORIES/BOND/NAGISA/VARIANT_20024_EPISODE_003.md,795cb2ee949fd20dbe04fa173c0b3b9eb1f60e6aae3ff74a930ca7e374ec08b6,ADMITTED,series/blue-archive/02 Sequential Readings/BOND/NAGISA/BLUE_ARCHIVE_NAGISA_PRIVATE_CONTEXTUALIZATION_CHECKPOINT.md,REF:CYCLE008_ACCEPTED,REF:CYCLE008_SCOPE,unresolved,,REF:CYCLE008_LIMITS,UNASSESSED,REF:PRIVATE_PRIORITY,1,50,7
BA:bond:20024:005,bond,MANDATORY_COMPLETE_REVIEW,02_CANONICAL_STORIES/BOND/NAGISA/VARIANT_20024_EPISODE_005.md,a4cbfa3a84f11b01ea0a9d4a572a249d9f6b3bae9cb83ff2ed7b2d1b771ce413,ADMITTED,series/blue-archive/02 Sequential Readings/BOND/NAGISA/BLUE_ARCHIVE_NAGISA_PRIVATE_CONTEXTUALIZATION_CHECKPOINT.md,REF:CYCLE008_ACCEPTED,REF:CYCLE008_SCOPE,unresolved,,REF:CYCLE008_LIMITS,UNASSESSED,REF:PRIVATE_PRIORITY,1,50,4
BA:bond:20024:006,bond,MANDATORY_COMPLETE_REVIEW,02_CANONICAL_STORIES/BOND/NAGISA/VARIANT_20024_EPISODE_006.md,c7ab8c319c492b5fb34ef35bd18909aab5e9e33e582058dfd6497e3c02f898b4,ADMITTED,series/blue-archive/02 Sequential Readings/BOND/NAGISA/BLUE_ARCHIVE_NAGISA_PRIVATE_CONTEXTUALIZATION_CHECKPOINT.md,REF:CYCLE008_ACCEPTED,REF:CYCLE008_SCOPE,unresolved,,REF:CYCLE008_LIMITS,UNASSESSED,REF:PRIVATE_PRIORITY,2,22,3
BA:bond:20025:002,bond,MANDATORY_COMPLETE_REVIEW,02_CANONICAL_STORIES/BOND/HARUKA/VARIANT_20025_EPISODE_002.md,e65b8e3ad4f441d302cd38eed294c8361a8ea3fccd4e7cef723113c840ec262f,ADMITTED,series/blue-archive/02 Sequential Readings/BOND/HARUKA/BLUE_ARCHIVE_HARUKA_PRIVATE_CONTEXTUALIZATION_CHECKPOINT.md,REF:CYCLE008_ACCEPTED,REF:CYCLE008_SCOPE,unresolved,,REF:CYCLE008_LIMITS,UNASSESSED,REF:PRIVATE_PRIORITY,1,81,5
BA:bond:20025:003,bond,MANDATORY_COMPLETE_REVIEW,02_CANONICAL_STORIES/BOND/HARUKA/VARIANT_20025_EPISODE_003.md,32ba5b35a92635e21bdd9910726ea9faa90be751d1b6cc01d889ceda7aa8c9ec,ADMITTED,series/blue-archive/02 Sequential Readings/BOND/HARUKA/BLUE_ARCHIVE_HARUKA_PRIVATE_CONTEXTUALIZATION_CHECKPOINT.md,REF:CYCLE008_ACCEPTED,REF:CYCLE008_SCOPE,unresolved,,REF:CYCLE008_LIMITS,UNASSESSED,REF:PRIVATE_PRIORITY,1,60,6
BA:bond:20025:005,bond,MANDATORY_COMPLETE_REVIEW,02_CANONICAL_STORIES/BOND/HARUKA/VARIANT_20025_EPISODE_005.md,b51e36f623731cce5c96b09d5d5bb24989a1844df41cb4d3b44f3fe58eb6bf7e,ADMITTED,series/blue-archive/02 Sequential Readings/BOND/HARUKA/BLUE_ARCHIVE_HARUKA_PRIVATE_CONTEXTUALIZATION_CHECKPOINT.md,REF:CYCLE008_ACCEPTED,REF:CYCLE008_SCOPE,unresolved,,REF:CYCLE008_LIMITS,UNASSESSED,REF:PRIVATE_PRIORITY,1,50,5
BA:bond:20026:002,bond,MANDATORY_COMPLETE_REVIEW,02_CANONICAL_STORIES/BOND/CH0214/VARIANT_20026_EPISODE_002.md,f1b6e0183f68d25c1878b1aafbca9b9ee1b0edbd9daa328bfb5bb8f8f22c94c7,ADMITTED,series/blue-archive/02 Sequential Readings/BOND/BLUE_ARCHIVE_RED_WINTER7_PHASE2_PRIVATE_CONTEXTUAL_ACCOUNT_20261008.md,REF:CYCLE008_ACCEPTED,REF:CYCLE008_SCOPE,unresolved,,REF:CYCLE008_LIMITS,UNASSESSED,REF:PRIVATE_PRIORITY,1,104,6
BA:bond:20026:003,bond,MANDATORY_COMPLETE_REVIEW,02_CANONICAL_STORIES/BOND/CH0214/VARIANT_20026_EPISODE_003.md,aa313759e044daaba12dcc451397b6ea03639f156142a803445eff8a83737482,ADMITTED,series/blue-archive/02 Sequential Readings/BOND/BLUE_ARCHIVE_RED_WINTER7_PHASE2_PRIVATE_CONTEXTUAL_ACCOUNT_20261008.md,REF:CYCLE008_ACCEPTED,REF:CYCLE008_SCOPE,unresolved,,REF:CYCLE008_LIMITS,UNASSESSED,REF:PRIVATE_PRIORITY,1,38,8
BA:bond:20026:005,bond,MANDATORY_COMPLETE_REVIEW,02_CANONICAL_STORIES/BOND/CH0214/VARIANT_20026_EPISODE_005.md,bad5eaa07cad65f62559ad8dc3ce0cfbd5ea53630908a8607987906ee5d75408,ADMITTED,series/blue-archive/02 Sequential Readings/BOND/BLUE_ARCHIVE_RED_WINTER7_PHASE2_PRIVATE_CONTEXTUAL_ACCOUNT_20261008.md,REF:CYCLE008_ACCEPTED,REF:CYCLE008_SCOPE,unresolved,,REF:CYCLE008_LIMITS,UNASSESSED,REF:PRIVATE_PRIORITY,1,56,4
BA:bond:20026:006,bond,MANDATORY_COMPLETE_REVIEW,02_CANONICAL_STORIES/BOND/CH0214/VARIANT_20026_EPISODE_006.md,986fa68241478b4f888a3e5a112385e6ecdef0d905829d58994477e9afba7ee9,ADMITTED,series/blue-archive/02 Sequential Readings/BOND/BLUE_ARCHIVE_RED_WINTER7_PHASE2_PRIVATE_CONTEXTUAL_ACCOUNT_20261008.md,REF:CYCLE008_ACCEPTED,REF:CYCLE008_SCOPE,unresolved,,REF:CYCLE008_LIMITS,UNASSESSED,REF:PRIVATE_PRIORITY,1,38,8
BA:bond:20027:002,bond,MANDATORY_COMPLETE_REVIEW,02_CANONICAL_STORIES/BOND/SHIROKO/VARIANT_20027_EPISODE_002.md,806966a15a3a9aae3ac610a898f89f60d5c95e4adfa69df4572e9de8467825d2,ADMITTED,series/blue-archive/02 Sequential Readings/BOND/BLUE_ARCHIVE_SHIROKO_PHASE2_PRIVATE_CONTEXTUAL_ACCOUNT_20261008.md,REF:CYCLE008_ACCEPTED,REF:CYCLE008_SCOPE,unresolved,,REF:CYCLE008_LIMITS,UNASSESSED,REF:PRIVATE_PRIORITY,1,46,1
BA:bond:20027:003,bond,MANDATORY_COMPLETE_REVIEW,02_CANONICAL_STORIES/BOND/SHIROKO/VARIANT_20027_EPISODE_003.md,5d74138330f145e6a46f3119dd4141d80eadd95ac357b41b8a9625a5abd91559,ADMITTED,series/blue-archive/02 Sequential Readings/BOND/BLUE_ARCHIVE_SHIROKO_PHASE2_PRIVATE_CONTEXTUAL_ACCOUNT_20261008.md,REF:CYCLE008_ACCEPTED,REF:CYCLE008_SCOPE,unresolved,,REF:CYCLE008_LIMITS,UNASSESSED,REF:PRIVATE_PRIORITY,1,57,3
BA:bond:20027:005,bond,MANDATORY_COMPLETE_REVIEW,02_CANONICAL_STORIES/BOND/SHIROKO/VARIANT_20027_EPISODE_005.md,dcf329e87fd01f112abaf78b249188bb46f07bcd68ab80e5936e492e9647258c,ADMITTED,series/blue-archive/02 Sequential Readings/BOND/BLUE_ARCHIVE_SHIROKO_PHASE2_PRIVATE_CONTEXTUAL_ACCOUNT_20261008.md,REF:CYCLE008_ACCEPTED,REF:CYCLE008_SCOPE,unresolved,,REF:CYCLE008_LIMITS,UNASSESSED,REF:PRIVATE_PRIORITY,1,55,6
BA:bond:20028:002,bond,MANDATORY_COMPLETE_REVIEW,02_CANONICAL_STORIES/BOND/HINATA/VARIANT_20028_EPISODE_002.md,a73cb31818a24c89e352550227b0e520c5514fcc116ead0d09700aa5fb652930,ADMITTED,series/blue-archive/02 Sequential Readings/BOND/BLUE_ARCHIVE_HINATA_UI_SHIMIKO_PRIVATE_CONTEXTUALIZATION_CHECKPOINT.md,REF:CYCLE008_ACCEPTED,REF:CYCLE008_SCOPE,unresolved,,REF:CYCLE008_LIMITS,UNASSESSED,REF:PRIVATE_PRIORITY,1,59,2
BA:bond:20028:003,bond,MANDATORY_COMPLETE_REVIEW,02_CANONICAL_STORIES/BOND/HINATA/VARIANT_20028_EPISODE_003.md,37631d83546b5cc15d77d20fcedc2b01f79a52b756e174924d9b71381e11c68b,ADMITTED,series/blue-archive/02 Sequential Readings/BOND/BLUE_ARCHIVE_HINATA_UI_SHIMIKO_PRIVATE_CONTEXTUALIZATION_CHECKPOINT.md,REF:CYCLE008_ACCEPTED,REF:CYCLE008_SCOPE,unresolved,,REF:CYCLE008_LIMITS,UNASSESSED,REF:PRIVATE_PRIORITY,1,62,5
BA:bond:20028:005,bond,MANDATORY_COMPLETE_REVIEW,02_CANONICAL_STORIES/BOND/HINATA/VARIANT_20028_EPISODE_005.md,79b6ff4a9ddcfec1eca0cdd2607616ebd7c0a60f9ab5bf007330ad859a9e6207,ADMITTED,series/blue-archive/02 Sequential Readings/BOND/BLUE_ARCHIVE_HINATA_UI_SHIMIKO_PRIVATE_CONTEXTUALIZATION_CHECKPOINT.md,REF:CYCLE008_ACCEPTED,REF:CYCLE008_SCOPE,unresolved,,REF:CYCLE008_LIMITS,UNASSESSED,REF:PRIVATE_PRIORITY,1,52,8
BA:bond:20029:002,bond,MANDATORY_COMPLETE_REVIEW,02_CANONICAL_STORIES/BOND/MIMORI/VARIANT_20029_EPISODE_002.md,92205b8c63bf8f3a13fa46a813acec58fc4023594b02bb65ee8b90ce2530a35c,ADMITTED,series/blue-archive/02 Sequential Readings/BOND/BLUE_ARCHIVE_TRAINING_KAEDE_MIMORI_TSUBAKI_PHASE2_PRIVATE_CONTEXTUAL_ACCOUNT_20261008.md,REF:CYCLE008_ACCEPTED,REF:CYCLE008_SCOPE,unresolved,,REF:CYCLE008_LIMITS,UNASSESSED,REF:PRIVATE_PRIORITY,2,50,6
BA:bond:20029:003,bond,MANDATORY_COMPLETE_REVIEW,02_CANONICAL_STORIES/BOND/MIMORI/VARIANT_20029_EPISODE_003.md,2f4ca17d9192da132f09f10e840984341ac1461e184d3072d1f706db7b09bff1,ADMITTED,series/blue-archive/02 Sequential Readings/BOND/BLUE_ARCHIVE_TRAINING_KAEDE_MIMORI_TSUBAKI_PHASE2_PRIVATE_CONTEXTUAL_ACCOUNT_20261008.md,REF:CYCLE008_ACCEPTED,REF:CYCLE008_SCOPE,unresolved,,REF:CYCLE008_LIMITS,UNASSESSED,REF:PRIVATE_PRIORITY,2,42,8
BA:bond:20029:005,bond,MANDATORY_COMPLETE_REVIEW,02_CANONICAL_STORIES/BOND/MIMORI/VARIANT_20029_EPISODE_005.md,c08e4f73af448954c0f3752c41e744adeb313ba0a7df8f758becb9762d7f8a65,ADMITTED,series/blue-archive/02 Sequential Readings/BOND/BLUE_ARCHIVE_TRAINING_KAEDE_MIMORI_TSUBAKI_PHASE2_PRIVATE_CONTEXTUAL_ACCOUNT_20261008.md,REF:CYCLE008_ACCEPTED,REF:CYCLE008_SCOPE,unresolved,,REF:CYCLE008_LIMITS,UNASSESSED,REF:PRIVATE_PRIORITY,1,95,11
BA:bond:20030:002,bond,MANDATORY_COMPLETE_REVIEW,02_CANONICAL_STORIES/BOND/HARUNA/VARIANT_20030_EPISODE_002.md,d1aec054fe123de050fe6bd7f8a67e4a979cd995bc8ffcce10fb53e2ddb7cf50,ADMITTED,series/blue-archive/02 Sequential Readings/BOND/BLUE_ARCHIVE_GEHENNA20_PHASE2_PRIVATE_CONTEXTUAL_ACCOUNT_20261008.md,REF:CYCLE008_ACCEPTED,REF:CYCLE008_SCOPE,unresolved,,REF:CYCLE008_LIMITS,UNASSESSED,REF:PRIVATE_PRIORITY,1,48,10
BA:bond:20030:003,bond,MANDATORY_COMPLETE_REVIEW,02_CANONICAL_STORIES/BOND/HARUNA/VARIANT_20030_EPISODE_003.md,5f9149e6ff821925f0856bf66d08edea2af2f815e40da36e975fc8f4424013c8,ADMITTED,series/blue-archive/02 Sequential Readings/BOND/BLUE_ARCHIVE_GEHENNA20_PHASE2_PRIVATE_CONTEXTUAL_ACCOUNT_20261008.md,REF:CYCLE008_ACCEPTED,REF:CYCLE008_SCOPE,unresolved,,REF:CYCLE008_LIMITS,UNASSESSED,REF:PRIVATE_PRIORITY,1,91,10
BA:bond:20030:005,bond,MANDATORY_COMPLETE_REVIEW,02_CANONICAL_STORIES/BOND/HARUNA/VARIANT_20030_EPISODE_005.md,30e6d6828cd67350d5507d3aa6f4189908b0ec374a9c42387b9381f319477ea9,ADMITTED,series/blue-archive/02 Sequential Readings/BOND/BLUE_ARCHIVE_GEHENNA20_PHASE2_PRIVATE_CONTEXTUAL_ACCOUNT_20261008.md,REF:CYCLE008_ACCEPTED,REF:CYCLE008_SCOPE,unresolved,,REF:CYCLE008_LIMITS,UNASSESSED,REF:PRIVATE_PRIORITY,1,68,12
BA:bond:20030:015,bond,MANDATORY_COMPLETE_REVIEW,02_CANONICAL_STORIES/BOND/HARUNA/VARIANT_20030_EPISODE_015.md,0e20b870347410f54e2e88a96045876a2b89f21ee5afd3d37e1b9e7f56598d3d,ADMITTED,series/blue-archive/02 Sequential Readings/BOND/BLUE_ARCHIVE_GEHENNA20_PHASE2_PRIVATE_CONTEXTUAL_ACCOUNT_20261008.md,REF:CYCLE008_ACCEPTED,REF:CYCLE008_SCOPE,unresolved,,REF:CYCLE008_LIMITS,UNASSESSED,REF:PRIVATE_PRIORITY,1,80,9
BA:bond:20031:002,bond,MANDATORY_COMPLETE_REVIEW,02_CANONICAL_STORIES/BOND/SHIGURE/VARIANT_20031_EPISODE_002.md,d722910d492f9b15819c0fe7114745f4f583ba1edcae9328a5c730fa477f86ac,ADMITTED,series/blue-archive/02 Sequential Readings/BOND/BLUE_ARCHIVE_RED_WINTER7_PHASE2_PRIVATE_CONTEXTUAL_ACCOUNT_20261008.md,REF:CYCLE008_ACCEPTED,REF:CYCLE008_SCOPE,unresolved,,REF:CYCLE008_LIMITS,UNASSESSED,REF:PRIVATE_PRIORITY,1,58,10
BA:bond:20031:003,bond,MANDATORY_COMPLETE_REVIEW,02_CANONICAL_STORIES/BOND/SHIGURE/VARIANT_20031_EPISODE_003.md,af41df1caee4613b94ce31deb43d7f8f73aa81c79af90223d6a6e8baa563cb89,ADMITTED,series/blue-archive/02 Sequential Readings/BOND/BLUE_ARCHIVE_RED_WINTER7_PHASE2_PRIVATE_CONTEXTUAL_ACCOUNT_20261008.md,REF:CYCLE008_ACCEPTED,REF:CYCLE008_SCOPE,unresolved,,REF:CYCLE008_LIMITS,UNASSESSED,REF:PRIVATE_PRIORITY,1,58,4
BA:bond:20031:005,bond,MANDATORY_COMPLETE_REVIEW,02_CANONICAL_STORIES/BOND/SHIGURE/VARIANT_20031_EPISODE_005.md,bac31a1c495efb8a42163095419bb9ddf108d379e1706fad6cd47162698e54f8,ADMITTED,series/blue-archive/02 Sequential Readings/BOND/BLUE_ARCHIVE_RED_WINTER7_PHASE2_PRIVATE_CONTEXTUAL_ACCOUNT_20261008.md,REF:CYCLE008_ACCEPTED,REF:CYCLE008_SCOPE,unresolved,,REF:CYCLE008_LIMITS,UNASSESSED,REF:PRIVATE_PRIORITY,1,95,6
BA:bond:20031:006,bond,MANDATORY_COMPLETE_REVIEW,02_CANONICAL_STORIES/BOND/SHIGURE/VARIANT_20031_EPISODE_006.md,d444f23a90b3df6bfaa487f0471eb02651e0f9da344ec24b5fe5983d29e47cdc,ADMITTED,series/blue-archive/02 Sequential Readings/BOND/BLUE_ARCHIVE_RED_WINTER7_PHASE2_PRIVATE_CONTEXTUAL_ACCOUNT_20261008.md,REF:CYCLE008_ACCEPTED,REF:CYCLE008_SCOPE,unresolved,,REF:CYCLE008_LIMITS,UNASSESSED,REF:PRIVATE_PRIORITY,1,44,7
BA:bond:20032:002,bond,MANDATORY_COMPLETE_REVIEW,02_CANONICAL_STORIES/BOND/EIMI/VARIANT_20032_EPISODE_002.md,f6bacb0c4ffe5bc446ede5cc0a86081691c149409cc9b64e4186a0496d6546d0,ADMITTED,series/blue-archive/02 Sequential Readings/BOND/BLUE_ARCHIVE_EIMI_PHASE2_PRIVATE_CONTEXTUAL_ACCOUNT_20261008.md,REF:CYCLE008_ACCEPTED,REF:CYCLE008_SCOPE,unresolved,,REF:CYCLE008_LIMITS,UNASSESSED,REF:PRIVATE_PRIORITY,1,33,6
BA:bond:20032:003,bond,MANDATORY_COMPLETE_REVIEW,02_CANONICAL_STORIES/BOND/EIMI/VARIANT_20032_EPISODE_003.md,16326e68871e25ddc4c5dbda8e9eebcb9cb05c3d3f487b8b69bc03caa2ba4e38,ADMITTED,series/blue-archive/02 Sequential Readings/BOND/BLUE_ARCHIVE_EIMI_PHASE2_PRIVATE_CONTEXTUAL_ACCOUNT_20261008.md,REF:CYCLE008_ACCEPTED,REF:CYCLE008_SCOPE,unresolved,,REF:CYCLE008_LIMITS,UNASSESSED,REF:PRIVATE_PRIORITY,2,42,6
BA:bond:20032:005,bond,MANDATORY_COMPLETE_REVIEW,02_CANONICAL_STORIES/BOND/EIMI/VARIANT_20032_EPISODE_005.md,e9cce22a3b40fa0ea3b1d7009d44f6505b0f25adca5a0cced3bb0d3c295e13e1,ADMITTED,series/blue-archive/02 Sequential Readings/BOND/BLUE_ARCHIVE_EIMI_PHASE2_PRIVATE_CONTEXTUAL_ACCOUNT_20261008.md,REF:CYCLE008_ACCEPTED,REF:CYCLE008_SCOPE,unresolved,,REF:CYCLE008_LIMITS,UNASSESSED,REF:PRIVATE_PRIORITY,1,38,5
BA:bond:20032:006,bond,MANDATORY_COMPLETE_REVIEW,02_CANONICAL_STORIES/BOND/EIMI/VARIANT_20032_EPISODE_006.md,d17bc73073471c4f1d8a192ae07935d58c61648cce33c2863f1645e73fa3eb76,ADMITTED,series/blue-archive/02 Sequential Readings/BOND/BLUE_ARCHIVE_EIMI_PHASE2_PRIVATE_CONTEXTUAL_ACCOUNT_20261008.md,REF:CYCLE008_ACCEPTED,REF:CYCLE008_SCOPE,unresolved,,REF:CYCLE008_LIMITS,UNASSESSED,REF:PRIVATE_PRIORITY,1,30,3
BA:bond:20033:002,bond,MANDATORY_COMPLETE_REVIEW,02_CANONICAL_STORIES/BOND/CH0079/VARIANT_20033_EPISODE_002.md,eeb269167ba5588053d42628c7c676b463c79103689915af2262be8e3fc4ec4f,ADMITTED,series/blue-archive/02 Sequential Readings/BOND/BLUE_ARCHIVE_GEHENNA20_PHASE2_PRIVATE_CONTEXTUAL_ACCOUNT_20261008.md,REF:CYCLE008_ACCEPTED,REF:CYCLE008_SCOPE,unresolved,,REF:CYCLE008_LIMITS,UNASSESSED,REF:PRIVATE_PRIORITY,2,98,14
BA:bond:20033:003,bond,MANDATORY_COMPLETE_REVIEW,02_CANONICAL_STORIES/BOND/CH0079/VARIANT_20033_EPISODE_003.md,a31d83b802f210bfd9798c18c4d18b9acebd16b6f682c73ae746003cf0993c77,ADMITTED,series/blue-archive/02 Sequential Readings/BOND/BLUE_ARCHIVE_GEHENNA20_PHASE2_PRIVATE_CONTEXTUAL_ACCOUNT_20261008.md,REF:CYCLE008_ACCEPTED,REF:CYCLE008_SCOPE,unresolved,,REF:CYCLE008_LIMITS,UNASSESSED,REF:PRIVATE_PRIORITY,1,141,27
BA:bond:20033:005,bond,MANDATORY_COMPLETE_REVIEW,02_CANONICAL_STORIES/BOND/CH0079/VARIANT_20033_EPISODE_005.md,2604f53d18dcfc6b611c579ca9c61dfa203ab90c36ef70e4c643c6f2aa05f6a6,ADMITTED,series/blue-archive/02 Sequential Readings/BOND/BLUE_ARCHIVE_GEHENNA20_PHASE2_PRIVATE_CONTEXTUAL_ACCOUNT_20261008.md,REF:CYCLE008_ACCEPTED,REF:CYCLE008_SCOPE,unresolved,,REF:CYCLE008_LIMITS,UNASSESSED,REF:PRIVATE_PRIORITY,2,88,17
BA:bond:20033:006,bond,MANDATORY_COMPLETE_REVIEW,02_CANONICAL_STORIES/BOND/CH0079/VARIANT_20033_EPISODE_006.md,d7c30ed02132ab4460c32d36efba33b2d01728add7b6e2cf896e6decf38748a1,ADMITTED,series/blue-archive/02 Sequential Readings/BOND/BLUE_ARCHIVE_GEHENNA20_PHASE2_PRIVATE_CONTEXTUAL_ACCOUNT_20261008.md,REF:CYCLE008_ACCEPTED,REF:CYCLE008_SCOPE,unresolved,,REF:CYCLE008_LIMITS,UNASSESSED,REF:PRIVATE_PRIORITY,1,98,13
BA:bond:20034:002,bond,MANDATORY_COMPLETE_REVIEW,02_CANONICAL_STORIES/BOND/AKARI/VARIANT_20034_EPISODE_002.md,043e7d9bdb3bb221917c98b78c1eafcf05eb1f1da1d95d6584685a373c284453,ADMITTED,series/blue-archive/02 Sequential Readings/BOND/BLUE_ARCHIVE_GEHENNA20_PHASE2_PRIVATE_CONTEXTUAL_ACCOUNT_20261008.md,REF:CYCLE008_ACCEPTED,REF:CYCLE008_SCOPE,unresolved,,REF:CYCLE008_LIMITS,UNASSESSED,REF:PRIVATE_PRIORITY,1,84,7
BA:bond:20034:003,bond,MANDATORY_COMPLETE_REVIEW,02_CANONICAL_STORIES/BOND/AKARI/VARIANT_20034_EPISODE_003.md,3a8dd14d86e1cb3b224126426aecc499c5c4ad0daf241f22de00a9d6a69cb7d4,ADMITTED,series/blue-archive/02 Sequential Readings/BOND/BLUE_ARCHIVE_GEHENNA20_PHASE2_PRIVATE_CONTEXTUAL_ACCOUNT_20261008.md,REF:CYCLE008_ACCEPTED,REF:CYCLE008_SCOPE,unresolved,,REF:CYCLE008_LIMITS,UNASSESSED,REF:PRIVATE_PRIORITY,1,35,5
BA:bond:20034:005,bond,MANDATORY_COMPLETE_REVIEW,02_CANONICAL_STORIES/BOND/AKARI/VARIANT_20034_EPISODE_005.md,32c181ab8558f00c840d6d18d69d35026d2fb6975bb7716b1e168be74c489a93,ADMITTED,series/blue-archive/02 Sequential Readings/BOND/BLUE_ARCHIVE_GEHENNA20_PHASE2_PRIVATE_CONTEXTUAL_ACCOUNT_20261008.md,REF:CYCLE008_ACCEPTED,REF:CYCLE008_SCOPE,unresolved,,REF:CYCLE008_LIMITS,UNASSESSED,REF:PRIVATE_PRIORITY,1,73,17
BA:bond:20035:002,bond,MANDATORY_COMPLETE_REVIEW,02_CANONICAL_STORIES/BOND/TSUBAKI/VARIANT_20035_EPISODE_002.md,c4279934560a5d5241f12f442941b4f78b2871dfa19beb72589f913aef66c5d0,ADMITTED,series/blue-archive/02 Sequential Readings/BOND/BLUE_ARCHIVE_TRAINING_KAEDE_MIMORI_TSUBAKI_PHASE2_PRIVATE_CONTEXTUAL_ACCOUNT_20261008.md,REF:CYCLE008_ACCEPTED,REF:CYCLE008_SCOPE,unresolved,,REF:CYCLE008_LIMITS,UNASSESSED,REF:PRIVATE_PRIORITY,1,44,7
BA:bond:20035:003,bond,MANDATORY_COMPLETE_REVIEW,02_CANONICAL_STORIES/BOND/TSUBAKI/VARIANT_20035_EPISODE_003.md,d0d7647e76ad18db6fc93a8e0250902787ecae03c9a8c9629cc6251766f69092,ADMITTED,series/blue-archive/02 Sequential Readings/BOND/BLUE_ARCHIVE_TRAINING_KAEDE_MIMORI_TSUBAKI_PHASE2_PRIVATE_CONTEXTUAL_ACCOUNT_20261008.md,REF:CYCLE008_ACCEPTED,REF:CYCLE008_SCOPE,unresolved,,REF:CYCLE008_LIMITS,UNASSESSED,REF:PRIVATE_PRIORITY,1,64,5
BA:bond:20035:005,bond,MANDATORY_COMPLETE_REVIEW,02_CANONICAL_STORIES/BOND/TSUBAKI/VARIANT_20035_EPISODE_005.md,4e43f11de4a41f68c39a56f08c54403ed80aaece858f3be6da8b79a863d8c840,ADMITTED,series/blue-archive/02 Sequential Readings/BOND/BLUE_ARCHIVE_TRAINING_KAEDE_MIMORI_TSUBAKI_PHASE2_PRIVATE_CONTEXTUAL_ACCOUNT_20261008.md,REF:CYCLE008_ACCEPTED,REF:CYCLE008_SCOPE,unresolved,,REF:CYCLE008_LIMITS,UNASSESSED,REF:PRIVATE_PRIORITY,1,61,6
BA:bond:20036:002,bond,MANDATORY_COMPLETE_REVIEW,02_CANONICAL_STORIES/BOND/SERIKA/VARIANT_20036_EPISODE_002.md,4548f2f4637d09ed9bbd15de651af520e63487abc98e65a2ce15dc4b718d5369,ADMITTED,series/blue-archive/02 Sequential Readings/BOND/SERIKA/BLUE_ARCHIVE_SERIKA_PRIVATE_CONTEXTUALIZATION_CHECKPOINT.md,REF:ORIGINAL_ADMISSION_RECORD_0030,REF:ORIGINAL_ADMITTED_CLAIM_SCOPE_0031,LOCAL_RELATIVE_ONLY,Explicit prior consultation/collapse/resort only; no comprehensive variant order or main placement.,REF:ORIGINAL_ATTRIBUTION_LIMITS_0032,HIGH,REF:ORIGINAL_PRIORITY_REASON_0033,1,61,4
BA:bond:20036:003,bond,MANDATORY_COMPLETE_REVIEW,02_CANONICAL_STORIES/BOND/SERIKA/VARIANT_20036_EPISODE_003.md,eee47b7c70cb08ee29738da479400ec4bc16e5d4f4c44b5d25bc07f15a72726a,ADMITTED,series/blue-archive/02 Sequential Readings/BOND/SERIKA/BLUE_ARCHIVE_SERIKA_PRIVATE_CONTEXTUALIZATION_CHECKPOINT.md,REF:ORIGINAL_ADMISSION_RECORD_0030,REF:ORIGINAL_ADMITTED_CLAIM_SCOPE_0031,LOCAL_RELATIVE_ONLY,Explicit prior consultation/collapse/resort only; no comprehensive variant order or main placement.,REF:ORIGINAL_ATTRIBUTION_LIMITS_0032,HIGH,REF:ORIGINAL_PRIORITY_REASON_0033,1,57,2
BA:bond:20036:005,bond,MANDATORY_COMPLETE_REVIEW,02_CANONICAL_STORIES/BOND/SERIKA/VARIANT_20036_EPISODE_005.md,7c3edb47c84dc024ddc924e4b0abf91a4d7d111c55a942e222326836673d24b1,ADMITTED,series/blue-archive/02 Sequential Readings/BOND/SERIKA/BLUE_ARCHIVE_SERIKA_PRIVATE_CONTEXTUALIZATION_CHECKPOINT.md,REF:ORIGINAL_ADMISSION_RECORD_0030,REF:ORIGINAL_ADMITTED_CLAIM_SCOPE_0031,LOCAL_RELATIVE_ONLY,Explicit prior consultation/collapse/resort only; no comprehensive variant order or main placement.,REF:ORIGINAL_ATTRIBUTION_LIMITS_0032,HIGH,REF:ORIGINAL_PRIORITY_REASON_0033,1,60,5
BA:bond:20037:002,bond,MANDATORY_COMPLETE_REVIEW,02_CANONICAL_STORIES/BOND/CH0141/VARIANT_20037_EPISODE_002.md,d9d88f203c8b352efec4baa5eda97f322071b5e0f44294a7d57f48b32ff0b52c,ADMITTED,series/blue-archive/02 Sequential Readings/BOND/FUBUKI/BLUE_ARCHIVE_FUBUKI_PHASE2_PRIVATE_CONTEXTUAL_ACCOUNT_20261008.md,REF:CYCLE008_ACCEPTED,REF:CYCLE008_SCOPE,unresolved,,REF:CYCLE008_LIMITS,UNASSESSED,REF:PRIVATE_PRIORITY,1,43,6
BA:bond:20037:003,bond,MANDATORY_COMPLETE_REVIEW,02_CANONICAL_STORIES/BOND/CH0141/VARIANT_20037_EPISODE_003.md,15e84005f7376e1d17703fe2f5c80be5bd844c4fce0107327ff5122739760f12,ADMITTED,series/blue-archive/02 Sequential Readings/BOND/FUBUKI/BLUE_ARCHIVE_FUBUKI_PHASE2_PRIVATE_CONTEXTUAL_ACCOUNT_20261008.md,REF:CYCLE008_ACCEPTED,REF:CYCLE008_SCOPE,unresolved,,REF:CYCLE008_LIMITS,UNASSESSED,REF:PRIVATE_PRIORITY,1,34,4
BA:bond:20037:005,bond,MANDATORY_COMPLETE_REVIEW,02_CANONICAL_STORIES/BOND/CH0141/VARIANT_20037_EPISODE_005.md,69a00efb29b7a3440dd2a980c664b3f22b26f5adf35f0d3d9f36423fae1ea86c,ADMITTED,series/blue-archive/02 Sequential Readings/BOND/FUBUKI/BLUE_ARCHIVE_FUBUKI_PHASE2_PRIVATE_CONTEXTUAL_ACCOUNT_20261008.md,REF:CYCLE008_ACCEPTED,REF:CYCLE008_SCOPE,unresolved,,REF:CYCLE008_LIMITS,UNASSESSED,REF:PRIVATE_PRIORITY,2,81,9
BA:bond:20038:002,bond,MANDATORY_COMPLETE_REVIEW,02_CANONICAL_STORIES/BOND/TOMOE/VARIANT_20038_EPISODE_002.md,d2a3d3604a30b2e9a143a93c92862df092e3f4586a567dcbece55c59dac0d11d,ADMITTED,series/blue-archive/02 Sequential Readings/BOND/BLUE_ARCHIVE_RED_WINTER7_PHASE2_PRIVATE_CONTEXTUAL_ACCOUNT_20261008.md,REF:CYCLE008_ACCEPTED,REF:CYCLE008_SCOPE,unresolved,,REF:CYCLE008_LIMITS,UNASSESSED,REF:PRIVATE_PRIORITY,1,52,8
BA:bond:20038:003,bond,MANDATORY_COMPLETE_REVIEW,02_CANONICAL_STORIES/BOND/TOMOE/VARIANT_20038_EPISODE_003.md,3536a48a5e4db252a5e426c2fa9343e7af77779934531db28b1f13f265fa36c8,ADMITTED,series/blue-archive/02 Sequential Readings/BOND/BLUE_ARCHIVE_RED_WINTER7_PHASE2_PRIVATE_CONTEXTUAL_ACCOUNT_20261008.md,REF:CYCLE008_ACCEPTED,REF:CYCLE008_SCOPE,unresolved,,REF:CYCLE008_LIMITS,UNASSESSED,REF:PRIVATE_PRIORITY,1,38,5
BA:bond:20038:005,bond,MANDATORY_COMPLETE_REVIEW,02_CANONICAL_STORIES/BOND/TOMOE/VARIANT_20038_EPISODE_005.md,a403e49ee57716dfa7a1feab95a1836423111b3bcdd3f8e0b9a7c4c7bbbf594d,ADMITTED,series/blue-archive/02 Sequential Readings/BOND/BLUE_ARCHIVE_RED_WINTER7_PHASE2_PRIVATE_CONTEXTUAL_ACCOUNT_20261008.md,REF:CYCLE008_ACCEPTED,REF:CYCLE008_SCOPE,unresolved,,REF:CYCLE008_LIMITS,UNASSESSED,REF:PRIVATE_PRIORITY,1,80,6
BA:bond:20039:002,bond,MANDATORY_COMPLETE_REVIEW,02_CANONICAL_STORIES/BOND/CH0139/VARIANT_20039_EPISODE_002.md,2dbb63a7869bda34a374a67933542d96fc7a775b170fefe1120badcbc7eaa7a3,ADMITTED,series/blue-archive/02 Sequential Readings/BOND/BLUE_ARCHIVE_SHANHAIJING6_AND_SAYA_PHASE2_PRIVATE_CONTEXTUAL_ACCOUNT_20261008.md,REF:CYCLE008_ACCEPTED,REF:CYCLE008_SCOPE,unresolved,,REF:CYCLE008_LIMITS,UNASSESSED,REF:PRIVATE_PRIORITY,1,91,13
BA:bond:20039:003,bond,MANDATORY_COMPLETE_REVIEW,02_CANONICAL_STORIES/BOND/CH0139/VARIANT_20039_EPISODE_003.md,d0fa03cfe22f687d4769aede73020b5ea3661dbd3dce0c6216d6118182adba5d,ADMITTED,series/blue-archive/02 Sequential Readings/BOND/BLUE_ARCHIVE_SHANHAIJING6_AND_SAYA_PHASE2_PRIVATE_CONTEXTUAL_ACCOUNT_20261008.md,REF:CYCLE008_ACCEPTED,REF:CYCLE008_SCOPE,unresolved,,REF:CYCLE008_LIMITS,UNASSESSED,REF:PRIVATE_PRIORITY,1,63,9
BA:bond:20039:005,bond,MANDATORY_COMPLETE_REVIEW,02_CANONICAL_STORIES/BOND/CH0139/VARIANT_20039_EPISODE_005.md,01ea5c08d8fa7467d4cabe7cb5217dc9a4b8aa6d5bc2a23587b9101edcda98b7,ADMITTED,series/blue-archive/02 Sequential Readings/BOND/BLUE_ARCHIVE_SHANHAIJING6_AND_SAYA_PHASE2_PRIVATE_CONTEXTUAL_ACCOUNT_20261008.md,REF:CYCLE008_ACCEPTED,REF:CYCLE008_SCOPE,unresolved,,REF:CYCLE008_LIMITS,UNASSESSED,REF:PRIVATE_PRIORITY,1,48,8
BA:bond:20039:006,bond,MANDATORY_COMPLETE_REVIEW,02_CANONICAL_STORIES/BOND/CH0139/VARIANT_20039_EPISODE_006.md,58b28ba2e467ab4b779b8cd3145eb3a11f3eb4bf69a423f236253b988fb75d42,ADMITTED,series/blue-archive/02 Sequential Readings/BOND/BLUE_ARCHIVE_SHANHAIJING6_AND_SAYA_PHASE2_PRIVATE_CONTEXTUAL_ACCOUNT_20261008.md,REF:CYCLE008_ACCEPTED,REF:CYCLE008_SCOPE,unresolved,,REF:CYCLE008_LIMITS,UNASSESSED,REF:PRIVATE_PRIORITY,1,150,10
BA:bond:20040:002,bond,MANDATORY_COMPLETE_REVIEW,02_CANONICAL_STORIES/BOND/CH0080/VARIANT_20040_EPISODE_002.md,dee0062a71715d5c37ca7f2ce1852472b64403995f591b813003579eebc8bca6,ADMITTED,series/blue-archive/02 Sequential Readings/BOND/BLUE_ARCHIVE_GEHENNA20_PHASE2_PRIVATE_CONTEXTUAL_ACCOUNT_20261008.md,REF:CYCLE008_ACCEPTED,REF:CYCLE008_SCOPE,unresolved,,REF:CYCLE008_LIMITS,UNASSESSED,REF:PRIVATE_PRIORITY,1,62,16
BA:bond:20040:003,bond,MANDATORY_COMPLETE_REVIEW,02_CANONICAL_STORIES/BOND/CH0080/VARIANT_20040_EPISODE_003.md,3f30c45251f43c8eaa186af2bf1e4ca94118dc11fba83e81ae5999fff52c26b6,ADMITTED,series/blue-archive/02 Sequential Readings/BOND/BLUE_ARCHIVE_GEHENNA20_PHASE2_PRIVATE_CONTEXTUAL_ACCOUNT_20261008.md,REF:CYCLE008_ACCEPTED,REF:CYCLE008_SCOPE,unresolved,,REF:CYCLE008_LIMITS,UNASSESSED,REF:PRIVATE_PRIORITY,1,90,10
BA:bond:20040:005,bond,MANDATORY_COMPLETE_REVIEW,02_CANONICAL_STORIES/BOND/CH0080/VARIANT_20040_EPISODE_005.md,c5044f5fb76d1a096917a81afe339591625eef9eb792b905bad0e8616508c512,ADMITTED,series/blue-archive/02 Sequential Readings/BOND/BLUE_ARCHIVE_GEHENNA20_PHASE2_PRIVATE_CONTEXTUAL_ACCOUNT_20261008.md,REF:CYCLE008_ACCEPTED,REF:CYCLE008_SCOPE,unresolved,,REF:CYCLE008_LIMITS,UNASSESSED,REF:PRIVATE_PRIORITY,1,106,14
BA:bond:20040:006,bond,MANDATORY_COMPLETE_REVIEW,02_CANONICAL_STORIES/BOND/CH0080/VARIANT_20040_EPISODE_006.md,5f59892685aa7d23be9246a4edf5ac7e65127594d4c1dcc5943a440234d0f2a8,ADMITTED,series/blue-archive/02 Sequential Readings/BOND/BLUE_ARCHIVE_GEHENNA20_PHASE2_PRIVATE_CONTEXTUAL_ACCOUNT_20261008.md,REF:CYCLE008_ACCEPTED,REF:CYCLE008_SCOPE,unresolved,,REF:CYCLE008_LIMITS,UNASSESSED,REF:PRIVATE_PRIORITY,1,58,12
BA:bond:20040:008,bond,MANDATORY_COMPLETE_REVIEW,02_CANONICAL_STORIES/BOND/CH0080/VARIANT_20040_EPISODE_008.md,85cbafb7344f2f1d9187d9479ba205f9fa453555107fe1e4f3b3567f447f4f03,ADMITTED,series/blue-archive/02 Sequential Readings/BOND/BLUE_ARCHIVE_GEHENNA20_PHASE2_PRIVATE_CONTEXTUAL_ACCOUNT_20261008.md,REF:CYCLE008_ACCEPTED,REF:CYCLE008_SCOPE,unresolved,,REF:CYCLE008_LIMITS,UNASSESSED,REF:PRIVATE_PRIORITY,1,63,12
BA:bond:20041:002,bond,MANDATORY_COMPLETE_REVIEW,02_CANONICAL_STORIES/BOND/CH0158/VARIANT_20041_EPISODE_002.md,ead9d3b66d14cb949de3d6e7af3c38f742ac9b32100a9c919f830077b8f4a1c2,ADMITTED,series/blue-archive/02 Sequential Readings/BOND/BLUE_ARCHIVE_RIO_PHASE2_PRIVATE_CONTEXTUAL_ACCOUNT_20261008.md,REF:CYCLE008_ACCEPTED,REF:CYCLE008_SCOPE,unresolved,,REF:CYCLE008_LIMITS,UNASSESSED,REF:PRIVATE_PRIORITY,1,62,9
BA:bond:20041:003,bond,MANDATORY_COMPLETE_REVIEW,02_CANONICAL_STORIES/BOND/CH0158/VARIANT_20041_EPISODE_003.md,0ac7940ba15c61cb7a7eefc63980aa67d9671f1f65ea1b4a0569337ce3dc91bc,ADMITTED,series/blue-archive/02 Sequential Readings/BOND/BLUE_ARCHIVE_RIO_PHASE2_PRIVATE_CONTEXTUAL_ACCOUNT_20261008.md,REF:CYCLE008_ACCEPTED,REF:CYCLE008_SCOPE,unresolved,,REF:CYCLE008_LIMITS,UNASSESSED,REF:PRIVATE_PRIORITY,1,80,13
BA:bond:20041:005,bond,MANDATORY_COMPLETE_REVIEW,02_CANONICAL_STORIES/BOND/CH0158/VARIANT_20041_EPISODE_005.md,fdc1b53e529fc5b437fbfb3aa36c71a0e26ea8b85332271458c5c0f972d7ac15,ADMITTED,series/blue-archive/02 Sequential Readings/BOND/BLUE_ARCHIVE_RIO_PHASE2_PRIVATE_CONTEXTUAL_ACCOUNT_20261008.md,REF:CYCLE008_ACCEPTED,REF:CYCLE008_SCOPE,unresolved,,REF:CYCLE008_LIMITS,UNASSESSED,REF:PRIVATE_PRIORITY,1,61,6
BA:bond:20041:006,bond,MANDATORY_COMPLETE_REVIEW,02_CANONICAL_STORIES/BOND/CH0158/VARIANT_20041_EPISODE_006.md,564cbc4bde710111048a4f734337ef5de81c1c61feffdd9fb017219caabbcbf0,ADMITTED,series/blue-archive/02 Sequential Readings/BOND/BLUE_ARCHIVE_RIO_PHASE2_PRIVATE_CONTEXTUAL_ACCOUNT_20261008.md,REF:CYCLE008_ACCEPTED,REF:CYCLE008_SCOPE,unresolved,,REF:CYCLE008_LIMITS,UNASSESSED,REF:PRIVATE_PRIORITY,1,88,9
BA:bond:20042:002,bond,MANDATORY_COMPLETE_REVIEW,02_CANONICAL_STORIES/BOND/MAKI/VARIANT_20042_EPISODE_002.md,90b3d96c34c99eacd5b8e9f0c2cec04f1b96246b19984661490d1a0ca5115bb4,ADMITTED,series/blue-archive/02 Sequential Readings/BOND/BLUE_ARCHIVE_MAKI_PHASE2_PRIVATE_CONTEXTUAL_ACCOUNT_20261008.md,REF:CYCLE008_ACCEPTED,REF:CYCLE008_SCOPE,unresolved,,REF:CYCLE008_LIMITS,UNASSESSED,REF:PRIVATE_PRIORITY,1,39,7
BA:bond:20042:003,bond,MANDATORY_COMPLETE_REVIEW,02_CANONICAL_STORIES/BOND/MAKI/VARIANT_20042_EPISODE_003.md,18fb3aa15e747cc738a1de3df68bb13f4b75e60b94fa5e5eb467fcfbbbb230db,ADMITTED,series/blue-archive/02 Sequential Readings/BOND/BLUE_ARCHIVE_MAKI_PHASE2_PRIVATE_CONTEXTUAL_ACCOUNT_20261008.md,REF:CYCLE008_ACCEPTED,REF:CYCLE008_SCOPE,unresolved,,REF:CYCLE008_LIMITS,UNASSESSED,REF:PRIVATE_PRIORITY,1,53,11
BA:bond:20042:005,bond,MANDATORY_COMPLETE_REVIEW,02_CANONICAL_STORIES/BOND/MAKI/VARIANT_20042_EPISODE_005.md,3455e97c613769bf74e0f1d992cf3f52ec3e073dfa7cb841a6b657cb1dcdf041,ADMITTED,series/blue-archive/02 Sequential Readings/BOND/BLUE_ARCHIVE_MAKI_PHASE2_PRIVATE_CONTEXTUAL_ACCOUNT_20261008.md,REF:CYCLE008_ACCEPTED,REF:CYCLE008_SCOPE,unresolved,,REF:CYCLE008_LIMITS,UNASSESSED,REF:PRIVATE_PRIORITY,1,84,10
BA:bond:20042:006,bond,MANDATORY_COMPLETE_REVIEW,02_CANONICAL_STORIES/BOND/MAKI/VARIANT_20042_EPISODE_006.md,2364220f65da0a00974cf00c6090babbd2919ddb900a3b504af7f0c735a439c7,ADMITTED,series/blue-archive/02 Sequential Readings/BOND/BLUE_ARCHIVE_MAKI_PHASE2_PRIVATE_CONTEXTUAL_ACCOUNT_20261008.md,REF:CYCLE008_ACCEPTED,REF:CYCLE008_SCOPE,unresolved,,REF:CYCLE008_LIMITS,UNASSESSED,REF:PRIVATE_PRIORITY,1,38,8
BA:bond:20043:002,bond,MANDATORY_COMPLETE_REVIEW,02_CANONICAL_STORIES/BOND/IZUMI/VARIANT_20043_EPISODE_002.md,eed554d24ffca96b8b13fccd9f7bac1dd0468c3f01988af67e2b1ccb64424fc3,ADMITTED,series/blue-archive/02 Sequential Readings/BOND/BLUE_ARCHIVE_GEHENNA20_PHASE2_PRIVATE_CONTEXTUAL_ACCOUNT_20261008.md,REF:CYCLE008_ACCEPTED,REF:CYCLE008_SCOPE,unresolved,,REF:CYCLE008_LIMITS,UNASSESSED,REF:PRIVATE_PRIORITY,1,63,8
BA:bond:20043:003,bond,MANDATORY_COMPLETE_REVIEW,02_CANONICAL_STORIES/BOND/IZUMI/VARIANT_20043_EPISODE_003.md,68f21abc10f48b7de056547e88b3a5c471e8920b7bee1c22f45f8b9af5b2e122,ADMITTED,series/blue-archive/02 Sequential Readings/BOND/BLUE_ARCHIVE_GEHENNA20_PHASE2_PRIVATE_CONTEXTUAL_ACCOUNT_20261008.md,REF:CYCLE008_ACCEPTED,REF:CYCLE008_SCOPE,unresolved,,REF:CYCLE008_LIMITS,UNASSESSED,REF:PRIVATE_PRIORITY,1,67,7
BA:bond:20043:005,bond,MANDATORY_COMPLETE_REVIEW,02_CANONICAL_STORIES/BOND/IZUMI/VARIANT_20043_EPISODE_005.md,cef0cd16d69acb41644df3c32b3e188e491bda15f29b7ae959370387e7b227eb,ADMITTED,series/blue-archive/02 Sequential Readings/BOND/BLUE_ARCHIVE_GEHENNA20_PHASE2_PRIVATE_CONTEXTUAL_ACCOUNT_20261008.md,REF:CYCLE008_ACCEPTED,REF:CYCLE008_SCOPE,unresolved,,REF:CYCLE008_LIMITS,UNASSESSED,REF:PRIVATE_PRIORITY,1,62,5
BA:bond:20044:002,bond,MANDATORY_COMPLETE_REVIEW,02_CANONICAL_STORIES/BOND/SUMIRE/VARIANT_20044_EPISODE_002.md,d15ff25b03a875b6898f1745935f9de0ec3f8c3ce5e9973d48e75fd744b56125,ADMITTED,series/blue-archive/02 Sequential Readings/BOND/BLUE_ARCHIVE_SUMIRE_PHASE2_PRIVATE_CONTEXTUAL_ACCOUNT_20261008.md,REF:CYCLE008_ACCEPTED,REF:CYCLE008_SCOPE,unresolved,,REF:CYCLE008_LIMITS,UNASSESSED,REF:PRIVATE_PRIORITY,1,78,4
BA:bond:20044:003,bond,MANDATORY_COMPLETE_REVIEW,02_CANONICAL_STORIES/BOND/SUMIRE/VARIANT_20044_EPISODE_003.md,9eee62efaaa45e4b27e75ce3f85071e085d6aed1e0291c1253e2805a533a0090,ADMITTED,series/blue-archive/02 Sequential Readings/BOND/BLUE_ARCHIVE_SUMIRE_PHASE2_PRIVATE_CONTEXTUAL_ACCOUNT_20261008.md,REF:CYCLE008_ACCEPTED,REF:CYCLE008_SCOPE,unresolved,,REF:CYCLE008_LIMITS,UNASSESSED,REF:PRIVATE_PRIORITY,1,73,9
BA:bond:20044:005,bond,MANDATORY_COMPLETE_REVIEW,02_CANONICAL_STORIES/BOND/SUMIRE/VARIANT_20044_EPISODE_005.md,713cb88927f0b7c0493a841c932aaa036c2045f6de382a6b1c8234014467d889,ADMITTED,series/blue-archive/02 Sequential Readings/BOND/BLUE_ARCHIVE_SUMIRE_PHASE2_PRIVATE_CONTEXTUAL_ACCOUNT_20261008.md,REF:CYCLE008_ACCEPTED,REF:CYCLE008_SCOPE,unresolved,,REF:CYCLE008_LIMITS,UNASSESSED,REF:PRIVATE_PRIORITY,1,76,9
BA:bond:20044:006,bond,MANDATORY_COMPLETE_REVIEW,02_CANONICAL_STORIES/BOND/SUMIRE/VARIANT_20044_EPISODE_006.md,ee3be75f2309a3838ba80fe43a6ce9a64abeb27d26d584a335c1c59cd1135259,ADMITTED,series/blue-archive/02 Sequential Readings/BOND/BLUE_ARCHIVE_SUMIRE_PHASE2_PRIVATE_CONTEXTUAL_ACCOUNT_20261008.md,REF:CYCLE008_ACCEPTED,REF:CYCLE008_SCOPE,unresolved,,REF:CYCLE008_LIMITS,UNASSESSED,REF:PRIVATE_PRIORITY,1,114,9
BA:bond:20045:002,bond,MANDATORY_COMPLETE_REVIEW,02_CANONICAL_STORIES/BOND/PINA/VARIANT_20045_EPISODE_002.md,611ab4aceb513bf7fd61dd37bc046fd1899aaaa826225cbeb0efbcf008360922,ADMITTED,series/blue-archive/02 Sequential Readings/BOND/BLUE_ARCHIVE_FESTIVAL_SHIZUKO_FINA_UMIKA_PHASE2_PRIVATE_CONTEXTUAL_ACCOUNT_20261008.md,REF:CYCLE008_ACCEPTED,REF:CYCLE008_SCOPE,unresolved,,REF:CYCLE008_LIMITS,UNASSESSED,REF:PRIVATE_PRIORITY,1,44,6
BA:bond:20045:003,bond,MANDATORY_COMPLETE_REVIEW,02_CANONICAL_STORIES/BOND/PINA/VARIANT_20045_EPISODE_003.md,adbe85197da7971056095180ad4caae7395f0f10bc6043b7aac1717187925401,ADMITTED,series/blue-archive/02 Sequential Readings/BOND/BLUE_ARCHIVE_FESTIVAL_SHIZUKO_FINA_UMIKA_PHASE2_PRIVATE_CONTEXTUAL_ACCOUNT_20261008.md,REF:CYCLE008_ACCEPTED,REF:CYCLE008_SCOPE,unresolved,,REF:CYCLE008_LIMITS,UNASSESSED,REF:PRIVATE_PRIORITY,1,56,6
BA:bond:20045:005,bond,MANDATORY_COMPLETE_REVIEW,02_CANONICAL_STORIES/BOND/PINA/VARIANT_20045_EPISODE_005.md,b9e4f2995ec47793fe10fe7fc7964c5cbffa04f7162f054dc6188a832700feed,ADMITTED,series/blue-archive/02 Sequential Readings/BOND/BLUE_ARCHIVE_FESTIVAL_SHIZUKO_FINA_UMIKA_PHASE2_PRIVATE_CONTEXTUAL_ACCOUNT_20261008.md,REF:CYCLE008_ACCEPTED,REF:CYCLE008_SCOPE,unresolved,,REF:CYCLE008_LIMITS,UNASSESSED,REF:PRIVATE_PRIORITY,1,71,2
BA:bond:20045:006,bond,MANDATORY_COMPLETE_REVIEW,02_CANONICAL_STORIES/BOND/PINA/VARIANT_20045_EPISODE_006.md,2252f64160fb3d0005b9fc547744c9719f38d3780eddf81095923d59f3d750e8,ADMITTED,series/blue-archive/02 Sequential Readings/BOND/BLUE_ARCHIVE_FESTIVAL_SHIZUKO_FINA_UMIKA_PHASE2_PRIVATE_CONTEXTUAL_ACCOUNT_20261008.md,REF:CYCLE008_ACCEPTED,REF:CYCLE008_SCOPE,unresolved,,REF:CYCLE008_LIMITS,UNASSESSED,REF:PRIVATE_PRIORITY,1,51,6
BA:bond:20046:002,bond,MANDATORY_COMPLETE_REVIEW,02_CANONICAL_STORIES/BOND/CH0109/VARIANT_20046_EPISODE_002.md,ffed5b7f2d3ff2be26574b31f904c284e8d6644e63a280f03fb0dab51b718335,ADMITTED,series/blue-archive/02 Sequential Readings/BOND/BLUE_ARCHIVE_YINYANG_NIYA_KAHO_CHISE_PHASE2_PRIVATE_CONTEXTUAL_ACCOUNT_20261008.md,REF:CYCLE008_ACCEPTED,REF:CYCLE008_SCOPE,unresolved,,REF:CYCLE008_LIMITS,UNASSESSED,REF:PRIVATE_PRIORITY,3,82,2
BA:bond:20046:003,bond,MANDATORY_COMPLETE_REVIEW,02_CANONICAL_STORIES/BOND/CH0109/VARIANT_20046_EPISODE_003.md,0b09a25e62a5b9f592a2a56e43a71d600e13d931a4dfdea5084af6bd02c4b757,ADMITTED,series/blue-archive/02 Sequential Readings/BOND/BLUE_ARCHIVE_YINYANG_NIYA_KAHO_CHISE_PHASE2_PRIVATE_CONTEXTUAL_ACCOUNT_20261008.md,REF:CYCLE008_ACCEPTED,REF:CYCLE008_SCOPE,unresolved,,REF:CYCLE008_LIMITS,UNASSESSED,REF:PRIVATE_PRIORITY,1,84,4
BA:bond:20046:005,bond,MANDATORY_COMPLETE_REVIEW,02_CANONICAL_STORIES/BOND/CH0109/VARIANT_20046_EPISODE_005.md,23c15fd2911b8dfa58d360eb9f598f22f09e9ac19757082394d0aa3969e4fae2,ADMITTED,series/blue-archive/02 Sequential Readings/BOND/BLUE_ARCHIVE_YINYANG_NIYA_KAHO_CHISE_PHASE2_PRIVATE_CONTEXTUAL_ACCOUNT_20261008.md,REF:CYCLE008_ACCEPTED,REF:CYCLE008_SCOPE,unresolved,,REF:CYCLE008_LIMITS,UNASSESSED,REF:PRIVATE_PRIORITY,1,47,1
BA:bond:20046:006,bond,MANDATORY_COMPLETE_REVIEW,02_CANONICAL_STORIES/BOND/CH0109/VARIANT_20046_EPISODE_006.md,28348b86d9fc9ca7d542f240107405d503fe6966657c4fc472e15495ed4f0360,ADMITTED,series/blue-archive/02 Sequential Readings/BOND/BLUE_ARCHIVE_YINYANG_NIYA_KAHO_CHISE_PHASE2_PRIVATE_CONTEXTUAL_ACCOUNT_20261008.md,REF:CYCLE008_ACCEPTED,REF:CYCLE008_SCOPE,unresolved,,REF:CYCLE008_LIMITS,UNASSESSED,REF:PRIVATE_PRIORITY,1,50,2
BA:bond:20046:008,bond,MANDATORY_COMPLETE_REVIEW,02_CANONICAL_STORIES/BOND/CH0109/VARIANT_20046_EPISODE_008.md,c6988afd942beeca9d0f81ecd6d99f4f0cb9d5ca3ce6602759e1697f3742b2fe,ADMITTED,series/blue-archive/02 Sequential Readings/BOND/BLUE_ARCHIVE_YINYANG_NIYA_KAHO_CHISE_PHASE2_PRIVATE_CONTEXTUAL_ACCOUNT_20261008.md,REF:CYCLE008_ACCEPTED,REF:CYCLE008_SCOPE,unresolved,,REF:CYCLE008_LIMITS,UNASSESSED,REF:PRIVATE_PRIORITY,1,69,6
BA:bond:20047:002,bond,MANDATORY_COMPLETE_REVIEW,02_CANONICAL_STORIES/BOND/CH0225/VARIANT_20047_EPISODE_002.md,6d8aa70fb930d130f53d772c7167a9a338c3dff459914ee131b12c4be3062243,ADMITTED,series/blue-archive/02 Sequential Readings/BOND/BLUE_ARCHIVE_HYAKKA_YUKARI_NAGUSA_KIKYOU_RENGE_PHASE2_PRIVATE_CONTEXTUAL_ACCOUNT_20261008.md,REF:CYCLE008_ACCEPTED,REF:CYCLE008_SCOPE,unresolved,,REF:CYCLE008_LIMITS,UNASSESSED,REF:PRIVATE_PRIORITY,1,45,8
BA:bond:20047:003,bond,MANDATORY_COMPLETE_REVIEW,02_CANONICAL_STORIES/BOND/CH0225/VARIANT_20047_EPISODE_003.md,a68caaf3501cc7170e3e01ae71905594d4b1804e8dc0cdd1e45c6244d585965c,ADMITTED,series/blue-archive/02 Sequential Readings/BOND/BLUE_ARCHIVE_HYAKKA_YUKARI_NAGUSA_KIKYOU_RENGE_PHASE2_PRIVATE_CONTEXTUAL_ACCOUNT_20261008.md,REF:CYCLE008_ACCEPTED,REF:CYCLE008_SCOPE,unresolved,,REF:CYCLE008_LIMITS,UNASSESSED,REF:PRIVATE_PRIORITY,1,57,9
BA:bond:20047:005,bond,MANDATORY_COMPLETE_REVIEW,02_CANONICAL_STORIES/BOND/CH0225/VARIANT_20047_EPISODE_005.md,3c3bee2f6a6918036acb54f5bb280a71219135c8000f651f3a4ab3f4580287ee,ADMITTED,series/blue-archive/02 Sequential Readings/BOND/BLUE_ARCHIVE_HYAKKA_YUKARI_NAGUSA_KIKYOU_RENGE_PHASE2_PRIVATE_CONTEXTUAL_ACCOUNT_20261008.md,REF:CYCLE008_ACCEPTED,REF:CYCLE008_SCOPE,unresolved,,REF:CYCLE008_LIMITS,UNASSESSED,REF:PRIVATE_PRIORITY,1,57,8
BA:bond:20047:006,bond,MANDATORY_COMPLETE_REVIEW,02_CANONICAL_STORIES/BOND/CH0225/VARIANT_20047_EPISODE_006.md,ea70527eb1000287ff1b912e223bb36ceb4958d9df02370d8c9927be3b6020a3,ADMITTED,series/blue-archive/02 Sequential Readings/BOND/BLUE_ARCHIVE_HYAKKA_YUKARI_NAGUSA_KIKYOU_RENGE_PHASE2_PRIVATE_CONTEXTUAL_ACCOUNT_20261008.md,REF:CYCLE008_ACCEPTED,REF:CYCLE008_SCOPE,unresolved,,REF:CYCLE008_LIMITS,UNASSESSED,REF:PRIVATE_PRIORITY,1,39,8
BA:bond:20048:002,bond,MANDATORY_COMPLETE_REVIEW,02_CANONICAL_STORIES/BOND/NAGISA/VARIANT_20048_EPISODE_002.md,53f7cd0d7bfacddec264368f1cc6ec679358e344451a204124f3eefb01365222,ADMITTED,series/blue-archive/02 Sequential Readings/BOND/NAGISA/BLUE_ARCHIVE_NAGISA_PRIVATE_CONTEXTUALIZATION_CHECKPOINT.md,REF:CYCLE008_ACCEPTED,REF:CYCLE008_SCOPE,unresolved,,REF:CYCLE008_LIMITS,UNASSESSED,REF:PRIVATE_PRIORITY,2,37,8
BA:bond:20048:003,bond,MANDATORY_COMPLETE_REVIEW,02_CANONICAL_STORIES/BOND/NAGISA/VARIANT_20048_EPISODE_003.md,b11034b19989ca4d959fdf0d8a7bd578659778e79f9ad92a9ed9ae672c002335,ADMITTED,series/blue-archive/02 Sequential Readings/BOND/NAGISA/BLUE_ARCHIVE_NAGISA_PRIVATE_CONTEXTUALIZATION_CHECKPOINT.md,REF:CYCLE008_ACCEPTED,REF:CYCLE008_SCOPE,unresolved,,REF:CYCLE008_LIMITS,UNASSESSED,REF:PRIVATE_PRIORITY,3,54,2
BA:bond:20048:005,bond,MANDATORY_COMPLETE_REVIEW,02_CANONICAL_STORIES/BOND/NAGISA/VARIANT_20048_EPISODE_005.md,a61c0199c4f7af2d8da98a6856f1a1c575786419f90d9edf162e385a8b630688,ADMITTED,series/blue-archive/02 Sequential Readings/BOND/NAGISA/BLUE_ARCHIVE_NAGISA_PRIVATE_CONTEXTUALIZATION_CHECKPOINT.md,REF:CYCLE008_ACCEPTED,REF:CYCLE008_SCOPE,unresolved,,REF:CYCLE008_LIMITS,UNASSESSED,REF:PRIVATE_PRIORITY,2,45,4
BA:bond:20048:006,bond,MANDATORY_COMPLETE_REVIEW,02_CANONICAL_STORIES/BOND/NAGISA/VARIANT_20048_EPISODE_006.md,08e12d19ba70a3d47634cab18a18e9af84bc07ba9da433188914623282cf4591,ADMITTED,series/blue-archive/02 Sequential Readings/BOND/NAGISA/BLUE_ARCHIVE_NAGISA_PRIVATE_CONTEXTUALIZATION_CHECKPOINT.md,REF:CYCLE008_ACCEPTED,REF:CYCLE008_SCOPE,unresolved,,REF:CYCLE008_LIMITS,UNASSESSED,REF:PRIVATE_PRIORITY,1,39,6
BA:bond:20049:002,bond,MANDATORY_COMPLETE_REVIEW,02_CANONICAL_STORIES/BOND/MISAKI/VARIANT_20049_EPISODE_002.md,e814de0a8cf4d1ffb9bed2d9651042fdee8bbba7870373275722200004663311,ADMITTED,series/blue-archive/02 Sequential Readings/BOND/BLUE_ARCHIVE_MISAKI_HIYORI_SUBARU_PRIVATE_CONTEXTUALIZATION_CHECKPOINT.md,REF:CYCLE008_ACCEPTED,REF:CYCLE008_SCOPE,unresolved,,REF:CYCLE008_LIMITS,UNASSESSED,REF:PRIVATE_PRIORITY,1,27,9
BA:bond:20049:003,bond,MANDATORY_COMPLETE_REVIEW,02_CANONICAL_STORIES/BOND/MISAKI/VARIANT_20049_EPISODE_003.md,d4aaa916196b78b5808b28fb97f8e1c32720b7494dbd5d0137840fe9764873d9,ADMITTED,series/blue-archive/02 Sequential Readings/BOND/BLUE_ARCHIVE_MISAKI_HIYORI_SUBARU_PRIVATE_CONTEXTUALIZATION_CHECKPOINT.md,REF:CYCLE008_ACCEPTED,REF:CYCLE008_SCOPE,unresolved,,REF:CYCLE008_LIMITS,UNASSESSED,REF:PRIVATE_PRIORITY,1,44,5
BA:bond:20049:005,bond,MANDATORY_COMPLETE_REVIEW,02_CANONICAL_STORIES/BOND/MISAKI/VARIANT_20049_EPISODE_005.md,b935526b67577675d8b4ee7797f5d8102b1dfc425d47fc90de2c5d11d14a66a0,ADMITTED,series/blue-archive/02 Sequential Readings/BOND/BLUE_ARCHIVE_MISAKI_HIYORI_SUBARU_PRIVATE_CONTEXTUALIZATION_CHECKPOINT.md,REF:CYCLE008_ACCEPTED,REF:CYCLE008_SCOPE,unresolved,,REF:CYCLE008_LIMITS,UNASSESSED,REF:PRIVATE_PRIORITY,1,40,9
BA:bond:20050:002,bond,MANDATORY_COMPLETE_REVIEW,02_CANONICAL_STORIES/BOND/CH0319/VARIANT_20050_EPISODE_002.md,720044673c6a912ad754054ccf88cbfffdf31cbb35edab12327e329181ba2c84,ADMITTED,series/blue-archive/02 Sequential Readings/BOND/BLUE_ARCHIVE_WILDHUNT5_PHASE2_PRIVATE_CONTEXTUAL_ACCOUNT_20261008.md,REF:CYCLE008_ACCEPTED,REF:CYCLE008_SCOPE,unresolved,,REF:CYCLE008_LIMITS,UNASSESSED,REF:PRIVATE_PRIORITY,2,63,13
BA:bond:20050:003,bond,MANDATORY_COMPLETE_REVIEW,02_CANONICAL_STORIES/BOND/CH0319/VARIANT_20050_EPISODE_003.md,5441cdb42c529d7b730b9478fb69f251d3474852e5df809ab8e1e8cbf808a304,ADMITTED,series/blue-archive/02 Sequential Readings/BOND/BLUE_ARCHIVE_WILDHUNT5_PHASE2_PRIVATE_CONTEXTUAL_ACCOUNT_20261008.md,REF:CYCLE008_ACCEPTED,REF:CYCLE008_SCOPE,unresolved,,REF:CYCLE008_LIMITS,UNASSESSED,REF:PRIVATE_PRIORITY,1,47,14
BA:bond:20050:005,bond,MANDATORY_COMPLETE_REVIEW,02_CANONICAL_STORIES/BOND/CH0319/VARIANT_20050_EPISODE_005.md,c54c9ca94ad9d22626e274b0da55f737bd764b4d793a715d9191d0f48e5309ee,ADMITTED,series/blue-archive/02 Sequential Readings/BOND/BLUE_ARCHIVE_WILDHUNT5_PHASE2_PRIVATE_CONTEXTUAL_ACCOUNT_20261008.md,REF:CYCLE008_ACCEPTED,REF:CYCLE008_SCOPE,unresolved,,REF:CYCLE008_LIMITS,UNASSESSED,REF:PRIVATE_PRIORITY,3,45,13
BA:bond:20050:006,bond,MANDATORY_COMPLETE_REVIEW,02_CANONICAL_STORIES/BOND/CH0319/VARIANT_20050_EPISODE_006.md,de782487aa772c77ac5d585eba21b5d5fe8a13e246b5d0aa1233ed682883823b,ADMITTED,series/blue-archive/02 Sequential Readings/BOND/BLUE_ARCHIVE_WILDHUNT5_PHASE2_PRIVATE_CONTEXTUAL_ACCOUNT_20261008.md,REF:CYCLE008_ACCEPTED,REF:CYCLE008_SCOPE,unresolved,,REF:CYCLE008_LIMITS,UNASSESSED,REF:PRIVATE_PRIORITY,2,31,1
BA:bond:20051:002,bond,MANDATORY_COMPLETE_REVIEW,02_CANONICAL_STORIES/BOND/CH0167/VARIANT_20051_EPISODE_002.md,6e4c555cd46eb88a01261354ad333aaead8f38be4310a55f127cb6f55106509d,ADMITTED,series/blue-archive/02 Sequential Readings/BOND/BLUE_ARCHIVE_SUZUMI_REISA_ICHIKA_PRIVATE_CONTEXTUALIZATION_CHECKPOINT.md,REF:CYCLE008_ACCEPTED,REF:CYCLE008_SCOPE,unresolved,,REF:CYCLE008_LIMITS,UNASSESSED,REF:PRIVATE_PRIORITY,1,39,10
BA:bond:20051:003,bond,MANDATORY_COMPLETE_REVIEW,02_CANONICAL_STORIES/BOND/CH0167/VARIANT_20051_EPISODE_003.md,fb30b42b9e510d857360fb4d4158d5e26a3d767edd0db2f2a4e7ed520f0491d8,ADMITTED,series/blue-archive/02 Sequential Readings/BOND/BLUE_ARCHIVE_SUZUMI_REISA_ICHIKA_PRIVATE_CONTEXTUALIZATION_CHECKPOINT.md,REF:CYCLE008_ACCEPTED,REF:CYCLE008_SCOPE,unresolved,,REF:CYCLE008_LIMITS,UNASSESSED,REF:PRIVATE_PRIORITY,1,36,11
BA:bond:20051:005,bond,MANDATORY_COMPLETE_REVIEW,02_CANONICAL_STORIES/BOND/CH0167/VARIANT_20051_EPISODE_005.md,80851d33741889a23961b1a9d5a982c0e4f5fa53cc74a65e016eb1f3d480470a,ADMITTED,series/blue-archive/02 Sequential Readings/BOND/BLUE_ARCHIVE_SUZUMI_REISA_ICHIKA_PRIVATE_CONTEXTUALIZATION_CHECKPOINT.md,REF:CYCLE008_ACCEPTED,REF:CYCLE008_SCOPE,unresolved,,REF:CYCLE008_LIMITS,UNASSESSED,REF:PRIVATE_PRIORITY,1,55,3
BA:bond:20051:006,bond,MANDATORY_COMPLETE_REVIEW,02_CANONICAL_STORIES/BOND/CH0167/VARIANT_20051_EPISODE_006.md,0e3bb91651379af270cdc4efb0ef38970221d86ed56af641040f81ab68b63e11,ADMITTED,series/blue-archive/02 Sequential Readings/BOND/BLUE_ARCHIVE_SUZUMI_REISA_ICHIKA_PRIVATE_CONTEXTUALIZATION_CHECKPOINT.md,REF:CYCLE008_ACCEPTED,REF:CYCLE008_SCOPE,unresolved,,REF:CYCLE008_LIMITS,UNASSESSED,REF:PRIVATE_PRIORITY,1,71,5
BA:bond:20052:002,bond,MANDATORY_COMPLETE_REVIEW,02_CANONICAL_STORIES/BOND/CH0228/VARIANT_20052_EPISODE_002.md,d0343a12ccb67a48e735710d21fced8879da85482801ec20cc03d1af150cdc1b,ADMITTED,series/blue-archive/02 Sequential Readings/BOND/BLUE_ARCHIVE_TAKANE_YAKUMO_PHASE2_PRIVATE_CONTEXTUAL_ACCOUNT_20261008.md,REF:CYCLE008_ACCEPTED,REF:CYCLE008_SCOPE,unresolved,,REF:CYCLE008_LIMITS,UNASSESSED,REF:PRIVATE_PRIORITY,1,100,10
BA:bond:20052:003,bond,MANDATORY_COMPLETE_REVIEW,02_CANONICAL_STORIES/BOND/CH0228/VARIANT_20052_EPISODE_003.md,26388c5e06922e08a40cbedabc429a0d2b1bdbf29f91159dce4f54ef220c9a95,ADMITTED,series/blue-archive/02 Sequential Readings/BOND/BLUE_ARCHIVE_TAKANE_YAKUMO_PHASE2_PRIVATE_CONTEXTUAL_ACCOUNT_20261008.md,REF:CYCLE008_ACCEPTED,REF:CYCLE008_SCOPE,unresolved,,REF:CYCLE008_LIMITS,UNASSESSED,REF:PRIVATE_PRIORITY,1,51,11
BA:bond:20052:005,bond,MANDATORY_COMPLETE_REVIEW,02_CANONICAL_STORIES/BOND/CH0228/VARIANT_20052_EPISODE_005.md,e5ac692e09b8025964c166321ca4492cea4dfadaacc48aabcfbd49334f605bf6,ADMITTED,series/blue-archive/02 Sequential Readings/BOND/BLUE_ARCHIVE_TAKANE_YAKUMO_PHASE2_PRIVATE_CONTEXTUAL_ACCOUNT_20261008.md,REF:CYCLE008_ACCEPTED,REF:CYCLE008_SCOPE,unresolved,,REF:CYCLE008_LIMITS,UNASSESSED,REF:PRIVATE_PRIORITY,1,87,11
BA:bond:20052:006,bond,MANDATORY_COMPLETE_REVIEW,02_CANONICAL_STORIES/BOND/CH0228/VARIANT_20052_EPISODE_006.md,a80aac3b4473a27577baa03bfc24fb88d04d2fd27620151ebbb07b9be25a33d5,ADMITTED,series/blue-archive/02 Sequential Readings/BOND/BLUE_ARCHIVE_TAKANE_YAKUMO_PHASE2_PRIVATE_CONTEXTUAL_ACCOUNT_20261008.md,REF:CYCLE008_ACCEPTED,REF:CYCLE008_SCOPE,unresolved,,REF:CYCLE008_LIMITS,UNASSESSED,REF:PRIVATE_PRIORITY,1,54,9
BA:bond:20053:002,bond,MANDATORY_COMPLETE_REVIEW,02_CANONICAL_STORIES/BOND/CH0113/VARIANT_20053_EPISODE_002.md,2f6a87927ee6d9c6bcebaad772e98e53a686fed0d7125689b2e159711e110d48,ADMITTED,series/blue-archive/02 Sequential Readings/BOND/BLUE_ARCHIVE_NINJA_MICHIRU_IZUNA_TSUKUYO_PHASE2_PRIVATE_CONTEXTUAL_ACCOUNT_20261008.md,REF:CYCLE008_ACCEPTED,REF:CYCLE008_SCOPE,unresolved,,REF:CYCLE008_LIMITS,UNASSESSED,REF:PRIVATE_PRIORITY,2,57,7
BA:bond:20053:003,bond,MANDATORY_COMPLETE_REVIEW,02_CANONICAL_STORIES/BOND/CH0113/VARIANT_20053_EPISODE_003.md,e2df81354ce13a1cb7cf612130177d59bf072ebfd7864c0ac0d3517fa1a45db0,ADMITTED,series/blue-archive/02 Sequential Readings/BOND/BLUE_ARCHIVE_NINJA_MICHIRU_IZUNA_TSUKUYO_PHASE2_PRIVATE_CONTEXTUAL_ACCOUNT_20261008.md,REF:CYCLE008_ACCEPTED,REF:CYCLE008_SCOPE,unresolved,,REF:CYCLE008_LIMITS,UNASSESSED,REF:PRIVATE_PRIORITY,2,80,8
BA:bond:20053:005,bond,MANDATORY_COMPLETE_REVIEW,02_CANONICAL_STORIES/BOND/CH0113/VARIANT_20053_EPISODE_005.md,fa73026af6fc6f944f922f887dee6f6501449aaf66ebdf9f9986a26128824b42,ADMITTED,series/blue-archive/02 Sequential Readings/BOND/BLUE_ARCHIVE_NINJA_MICHIRU_IZUNA_TSUKUYO_PHASE2_PRIVATE_CONTEXTUAL_ACCOUNT_20261008.md,REF:CYCLE008_ACCEPTED,REF:CYCLE008_SCOPE,unresolved,,REF:CYCLE008_LIMITS,UNASSESSED,REF:PRIVATE_PRIORITY,3,78,8
BA:bond:20053:006,bond,MANDATORY_COMPLETE_REVIEW,02_CANONICAL_STORIES/BOND/CH0113/VARIANT_20053_EPISODE_006.md,f5afa6a80172409485955cd3e3c075892f8cd15dd4e4c74a5bcee5c0e5097b72,ADMITTED,series/blue-archive/02 Sequential Readings/BOND/BLUE_ARCHIVE_NINJA_MICHIRU_IZUNA_TSUKUYO_PHASE2_PRIVATE_CONTEXTUAL_ACCOUNT_20261008.md,REF:CYCLE008_ACCEPTED,REF:CYCLE008_SCOPE,unresolved,,REF:CYCLE008_LIMITS,UNASSESSED,REF:PRIVATE_PRIORITY,3,80,14
BA:bond:20054:002,bond,MANDATORY_COMPLETE_REVIEW,02_CANONICAL_STORIES/BOND/CH0159/VARIANT_20054_EPISODE_002.md,58d69428c9124f344516fc68fb92586e23b773ce9eb311014f474e2531a67d55,ADMITTED,series/blue-archive/02 Sequential Readings/BOND/BLUE_ARCHIVE_HIMARI_PHASE2_PRIVATE_CONTEXTUAL_ACCOUNT_20261008.md,REF:CYCLE008_ACCEPTED,REF:CYCLE008_SCOPE,unresolved,,REF:CYCLE008_LIMITS,UNASSESSED,REF:PRIVATE_PRIORITY,1,41,5
BA:bond:20054:003,bond,MANDATORY_COMPLETE_REVIEW,02_CANONICAL_STORIES/BOND/CH0159/VARIANT_20054_EPISODE_003.md,527131321d0e1c14711a257ef44c5aa64c7ca7bfa5471c346adf68a85bccbd22,ADMITTED,series/blue-archive/02 Sequential Readings/BOND/BLUE_ARCHIVE_HIMARI_PHASE2_PRIVATE_CONTEXTUAL_ACCOUNT_20261008.md,REF:CYCLE008_ACCEPTED,REF:CYCLE008_SCOPE,unresolved,,REF:CYCLE008_LIMITS,UNASSESSED,REF:PRIVATE_PRIORITY,1,43,6
BA:bond:20054:005,bond,MANDATORY_COMPLETE_REVIEW,02_CANONICAL_STORIES/BOND/CH0159/VARIANT_20054_EPISODE_005.md,bd9e39a4711ac455cd5d8b39b94de74bb630271f502f53b7d1ef526dc6dfedd9,ADMITTED,series/blue-archive/02 Sequential Readings/BOND/BLUE_ARCHIVE_HIMARI_PHASE2_PRIVATE_CONTEXTUAL_ACCOUNT_20261008.md,REF:CYCLE008_ACCEPTED,REF:CYCLE008_SCOPE,unresolved,,REF:CYCLE008_LIMITS,UNASSESSED,REF:PRIVATE_PRIORITY,1,69,6
BA:bond:20054:006,bond,MANDATORY_COMPLETE_REVIEW,02_CANONICAL_STORIES/BOND/CH0159/VARIANT_20054_EPISODE_006.md,6e57da890807194ec9e99b0180dc5bda554c0b8818b6f66dd3f7c7aa64306004,ADMITTED,series/blue-archive/02 Sequential Readings/BOND/BLUE_ARCHIVE_HIMARI_PHASE2_PRIVATE_CONTEXTUAL_ACCOUNT_20261008.md,REF:CYCLE008_ACCEPTED,REF:CYCLE008_SCOPE,unresolved,,REF:CYCLE008_LIMITS,UNASSESSED,REF:PRIVATE_PRIORITY,1,122,9
BA:bond:20055:002,bond,MANDATORY_COMPLETE_REVIEW,02_CANONICAL_STORIES/BOND/CH0336/VARIANT_20055_EPISODE_002.md,6da289a983a254bff627da8346b7795f61a5c78612133c7fc211f0f32bdb28c1,ADMITTED,series/blue-archive/02 Sequential Readings/BOND/BLUE_ARCHIVE_YUZU_PHASE2_PRIVATE_CONTEXTUAL_ACCOUNT_20261008.md,REF:CYCLE008_ACCEPTED,REF:CYCLE008_SCOPE,unresolved,,REF:CYCLE008_LIMITS,UNASSESSED,REF:PRIVATE_PRIORITY,1,59,9
BA:bond:20055:003,bond,MANDATORY_COMPLETE_REVIEW,02_CANONICAL_STORIES/BOND/CH0336/VARIANT_20055_EPISODE_003.md,94b5b9f2d838e689c6f8ce004b3f78568070e135177b4a08f8a8600fb96ec7e6,ADMITTED,series/blue-archive/02 Sequential Readings/BOND/BLUE_ARCHIVE_YUZU_PHASE2_PRIVATE_CONTEXTUAL_ACCOUNT_20261008.md,REF:CYCLE008_ACCEPTED,REF:CYCLE008_SCOPE,unresolved,,REF:CYCLE008_LIMITS,UNASSESSED,REF:PRIVATE_PRIORITY,2,57,6
BA:bond:20055:005,bond,MANDATORY_COMPLETE_REVIEW,02_CANONICAL_STORIES/BOND/CH0336/VARIANT_20055_EPISODE_005.md,8056e2df6e9644f8614b0d9e2c6b79bf2c7aa0e52f242429cecb00bb7306a64c,ADMITTED,series/blue-archive/02 Sequential Readings/BOND/BLUE_ARCHIVE_YUZU_PHASE2_PRIVATE_CONTEXTUAL_ACCOUNT_20261008.md,REF:CYCLE008_ACCEPTED,REF:CYCLE008_SCOPE,unresolved,,REF:CYCLE008_LIMITS,UNASSESSED,REF:PRIVATE_PRIORITY,3,81,10
BA:bond:20055:006,bond,MANDATORY_COMPLETE_REVIEW,02_CANONICAL_STORIES/BOND/CH0336/VARIANT_20055_EPISODE_006.md,079e4cca5f3ae656506eedb33bea27176e0055c2378aab790062f5d4bfdc3c3d,ADMITTED,series/blue-archive/02 Sequential Readings/BOND/BLUE_ARCHIVE_YUZU_PHASE2_PRIVATE_CONTEXTUAL_ACCOUNT_20261008.md,REF:CYCLE008_ACCEPTED,REF:CYCLE008_SCOPE,unresolved,,REF:CYCLE008_LIMITS,UNASSESSED,REF:PRIVATE_PRIORITY,1,49,4
BA:bond:20056:002,bond,MANDATORY_COMPLETE_REVIEW,02_CANONICAL_STORIES/BOND/CH0198/VARIANT_20056_EPISODE_002.md,4098c34934a8bd2d2bae7c0b1fee0dcf65695e2d2f8f89da2d0e036a4f344aa3,ADMITTED,series/blue-archive/02 Sequential Readings/BOND/BLUE_ARCHIVE_KOYUKI_PHASE2_PRIVATE_CONTEXTUAL_ACCOUNT_20261008.md,REF:CYCLE008_ACCEPTED,REF:CYCLE008_SCOPE,unresolved,,REF:CYCLE008_LIMITS,UNASSESSED,REF:PRIVATE_PRIORITY,1,61,7
BA:bond:20056:003,bond,MANDATORY_COMPLETE_REVIEW,02_CANONICAL_STORIES/BOND/CH0198/VARIANT_20056_EPISODE_003.md,9cf0752e6749b7d60e574b29fa97f8e446f844967f495bf4c27a963123fe666d,ADMITTED,series/blue-archive/02 Sequential Readings/BOND/BLUE_ARCHIVE_KOYUKI_PHASE2_PRIVATE_CONTEXTUAL_ACCOUNT_20261008.md,REF:CYCLE008_ACCEPTED,REF:CYCLE008_SCOPE,unresolved,,REF:CYCLE008_LIMITS,UNASSESSED,REF:PRIVATE_PRIORITY,1,63,6
BA:bond:20056:005,bond,MANDATORY_COMPLETE_REVIEW,02_CANONICAL_STORIES/BOND/CH0198/VARIANT_20056_EPISODE_005.md,c0b28685616aee4b488bdaaaf439a99d6eda0649dce8472dcc2d217f3423c2ae,ADMITTED,series/blue-archive/02 Sequential Readings/BOND/BLUE_ARCHIVE_KOYUKI_PHASE2_PRIVATE_CONTEXTUAL_ACCOUNT_20261008.md,REF:CYCLE008_ACCEPTED,REF:CYCLE008_SCOPE,unresolved,,REF:CYCLE008_LIMITS,UNASSESSED,REF:PRIVATE_PRIORITY,1,60,1
BA:bond:20056:006,bond,MANDATORY_COMPLETE_REVIEW,02_CANONICAL_STORIES/BOND/CH0198/VARIANT_20056_EPISODE_006.md,11fb85aeacaa0183ec76c7434d41160c0b2c342884ae9821a8369d05fd7cd9f6,ADMITTED,series/blue-archive/02 Sequential Readings/BOND/BLUE_ARCHIVE_KOYUKI_PHASE2_PRIVATE_CONTEXTUAL_ACCOUNT_20261008.md,REF:CYCLE008_ACCEPTED,REF:CYCLE008_SCOPE,unresolved,,REF:CYCLE008_LIMITS,UNASSESSED,REF:PRIVATE_PRIORITY,1,42,3
BA:bond:20057:002,bond,MANDATORY_COMPLETE_REVIEW,02_CANONICAL_STORIES/BOND/AKANE/VARIANT_20057_EPISODE_002.md,c452fd74e7011b35ebd92f801f9c9170c9792b923862b5d21f43f3e834371459,ADMITTED,series/blue-archive/02 Sequential Readings/BOND/BLUE_ARCHIVE_AKANE_PHASE2_PRIVATE_CONTEXTUAL_ACCOUNT_20261008.md,REF:CYCLE008_ACCEPTED,REF:CYCLE008_SCOPE,unresolved,,REF:CYCLE008_LIMITS,UNASSESSED,REF:PRIVATE_PRIORITY,1,93,10
BA:bond:20057:003,bond,MANDATORY_COMPLETE_REVIEW,02_CANONICAL_STORIES/BOND/AKANE/VARIANT_20057_EPISODE_003.md,700aac12dce2bfe9d9eda283045b2501febdbf9af8ad39eb29945c92ca14cf2e,ADMITTED,series/blue-archive/02 Sequential Readings/BOND/BLUE_ARCHIVE_AKANE_PHASE2_PRIVATE_CONTEXTUAL_ACCOUNT_20261008.md,REF:CYCLE008_ACCEPTED,REF:CYCLE008_SCOPE,unresolved,,REF:CYCLE008_LIMITS,UNASSESSED,REF:PRIVATE_PRIORITY,1,105,5
BA:bond:20057:005,bond,MANDATORY_COMPLETE_REVIEW,02_CANONICAL_STORIES/BOND/AKANE/VARIANT_20057_EPISODE_005.md,15f3ce4b9007199f17194af852acc0bc70f324a7f7179ed7aacb76ea7b43d9ef,ADMITTED,series/blue-archive/02 Sequential Readings/BOND/BLUE_ARCHIVE_AKANE_PHASE2_PRIVATE_CONTEXTUAL_ACCOUNT_20261008.md,REF:CYCLE008_ACCEPTED,REF:CYCLE008_SCOPE,unresolved,,REF:CYCLE008_LIMITS,UNASSESSED,REF:PRIVATE_PRIORITY,1,120,13
BA:bond:20057:006,bond,MANDATORY_COMPLETE_REVIEW,02_CANONICAL_STORIES/BOND/AKANE/VARIANT_20057_EPISODE_006.md,69973a5cb0ff253f6ccabd98f0f6c4b5b0987fb4a2bb0b05b0e6fef8fcb8faf5,ADMITTED,series/blue-archive/02 Sequential Readings/BOND/BLUE_ARCHIVE_AKANE_PHASE2_PRIVATE_CONTEXTUAL_ACCOUNT_20261008.md,REF:CYCLE008_ACCEPTED,REF:CYCLE008_SCOPE,unresolved,,REF:CYCLE008_LIMITS,UNASSESSED,REF:PRIVATE_PRIORITY,1,69,14
BA:bond:20058:002,bond,MANDATORY_COMPLETE_REVIEW,02_CANONICAL_STORIES/BOND/CH0076/VARIANT_20058_EPISODE_002.md,2591b87e379b7826c3f007c3668b6953db2366ad64e8f2dabba77e503726453d,ADMITTED,series/blue-archive/02 Sequential Readings/BOND/BLUE_ARCHIVE_GEHENNA20_PHASE2_PRIVATE_CONTEXTUAL_ACCOUNT_20261008.md,REF:CYCLE008_ACCEPTED,REF:CYCLE008_SCOPE,unresolved,,REF:CYCLE008_LIMITS,UNASSESSED,REF:PRIVATE_PRIORITY,1,39,6
BA:bond:20058:003,bond,MANDATORY_COMPLETE_REVIEW,02_CANONICAL_STORIES/BOND/CH0076/VARIANT_20058_EPISODE_003.md,096088593657286676372f793c42a3cb301d203f19f6a6865941841653f506b6,ADMITTED,series/blue-archive/02 Sequential Readings/BOND/BLUE_ARCHIVE_GEHENNA20_PHASE2_PRIVATE_CONTEXTUAL_ACCOUNT_20261008.md,REF:CYCLE008_ACCEPTED,REF:CYCLE008_SCOPE,unresolved,,REF:CYCLE008_LIMITS,UNASSESSED,REF:PRIVATE_PRIORITY,1,33,6
BA:bond:20058:005,bond,MANDATORY_COMPLETE_REVIEW,02_CANONICAL_STORIES/BOND/CH0076/VARIANT_20058_EPISODE_005.md,1aef9cb104daeac4276364c0d3bc1e56f3dda39edae94c59ffe7cb78823003cc,ADMITTED,series/blue-archive/02 Sequential Readings/BOND/BLUE_ARCHIVE_GEHENNA20_PHASE2_PRIVATE_CONTEXTUAL_ACCOUNT_20261008.md,REF:CYCLE008_ACCEPTED,REF:CYCLE008_SCOPE,unresolved,,REF:CYCLE008_LIMITS,UNASSESSED,REF:PRIVATE_PRIORITY,1,58,8
BA:bond:20058:006,bond,MANDATORY_COMPLETE_REVIEW,02_CANONICAL_STORIES/BOND/CH0076/VARIANT_20058_EPISODE_006.md,1666031be465d8eaef878ed7030f1259cd228ddea64484767e21e1cc8163eea8,ADMITTED,series/blue-archive/02 Sequential Readings/BOND/BLUE_ARCHIVE_GEHENNA20_PHASE2_PRIVATE_CONTEXTUAL_ACCOUNT_20261008.md,REF:CYCLE008_ACCEPTED,REF:CYCLE008_SCOPE,unresolved,,REF:CYCLE008_LIMITS,UNASSESSED,REF:PRIVATE_PRIORITY,1,72,13
BA:bond:20058:008,bond,MANDATORY_COMPLETE_REVIEW,02_CANONICAL_STORIES/BOND/CH0076/VARIANT_20058_EPISODE_008.md,d722cfdb52ac3194946fd52af8831be9fe77346576891035ae79271c2b59f992,ADMITTED,series/blue-archive/02 Sequential Readings/BOND/BLUE_ARCHIVE_GEHENNA20_PHASE2_PRIVATE_CONTEXTUAL_ACCOUNT_20261008.md,REF:CYCLE008_ACCEPTED,REF:CYCLE008_SCOPE,unresolved,,REF:CYCLE008_LIMITS,UNASSESSED,REF:PRIVATE_PRIORITY,1,58,5
BA:bond:20059:002,bond,MANDATORY_COMPLETE_REVIEW,02_CANONICAL_STORIES/BOND/MUTSUKI/VARIANT_20059_EPISODE_002.md,8e8ee0791abdde104f04dea6844a3698ecbc8a813ddcdbe0bad6124f2732dc6a,ADMITTED,series/blue-archive/02 Sequential Readings/BOND/MUTSUKI/BLUE_ARCHIVE_MUTSUKI_PRIVATE_CONTEXTUALIZATION_CHECKPOINT.md,REF:CYCLE008_ACCEPTED,REF:CYCLE008_SCOPE,unresolved,,REF:CYCLE008_LIMITS,UNASSESSED,REF:PRIVATE_PRIORITY,1,56,14
BA:bond:20059:003,bond,MANDATORY_COMPLETE_REVIEW,02_CANONICAL_STORIES/BOND/MUTSUKI/VARIANT_20059_EPISODE_003.md,aa5224e899bbaa6124d3bc6a8e73d1493db09b84f919caadad3aa13103b92afd,ADMITTED,series/blue-archive/02 Sequential Readings/BOND/MUTSUKI/BLUE_ARCHIVE_MUTSUKI_PRIVATE_CONTEXTUALIZATION_CHECKPOINT.md,REF:CYCLE008_ACCEPTED,REF:CYCLE008_SCOPE,unresolved,,REF:CYCLE008_LIMITS,UNASSESSED,REF:PRIVATE_PRIORITY,2,82,9
BA:bond:20059:005,bond,MANDATORY_COMPLETE_REVIEW,02_CANONICAL_STORIES/BOND/MUTSUKI/VARIANT_20059_EPISODE_005.md,24ed6dfca47436de6e2072597bb49370c27f71cc10de95903cb4cb0f35420912,ADMITTED,series/blue-archive/02 Sequential Readings/BOND/MUTSUKI/BLUE_ARCHIVE_MUTSUKI_PRIVATE_CONTEXTUALIZATION_CHECKPOINT.md,REF:CYCLE008_ACCEPTED,REF:CYCLE008_SCOPE,unresolved,,REF:CYCLE008_LIMITS,UNASSESSED,REF:PRIVATE_PRIORITY,2,52,4
BA:bond:20059:006,bond,MANDATORY_COMPLETE_REVIEW,02_CANONICAL_STORIES/BOND/MUTSUKI/VARIANT_20059_EPISODE_006.md,f63154c481ac7537e0524d4f30c5074dd313cdea766cf3d96838e157d3e54508,ADMITTED,series/blue-archive/02 Sequential Readings/BOND/MUTSUKI/BLUE_ARCHIVE_MUTSUKI_PRIVATE_CONTEXTUALIZATION_CHECKPOINT.md,REF:CYCLE008_ACCEPTED,REF:CYCLE008_SCOPE,unresolved,,REF:CYCLE008_LIMITS,UNASSESSED,REF:PRIVATE_PRIORITY,1,64,10
BA:bond:20060:002,bond,MANDATORY_COMPLETE_REVIEW,02_CANONICAL_STORIES/BOND/CH0077/VARIANT_20060_EPISODE_002.md,cdb649291c0ef650ed88ecdaeba474ab48f37f6978d195c62a0f9175f7a0cb8b,ADMITTED,series/blue-archive/02 Sequential Readings/BOND/BLUE_ARCHIVE_GEHENNA20_PHASE2_PRIVATE_CONTEXTUAL_ACCOUNT_20261008.md,REF:CYCLE008_ACCEPTED,REF:CYCLE008_SCOPE,unresolved,,REF:CYCLE008_LIMITS,UNASSESSED,REF:PRIVATE_PRIORITY,1,59,4
BA:bond:20060:003,bond,MANDATORY_COMPLETE_REVIEW,02_CANONICAL_STORIES/BOND/CH0077/VARIANT_20060_EPISODE_003.md,d1bc975d374a98b6025ab89716b9c76d86886121b5b4b089d6af34584daad55d,ADMITTED,series/blue-archive/02 Sequential Readings/BOND/BLUE_ARCHIVE_GEHENNA20_PHASE2_PRIVATE_CONTEXTUAL_ACCOUNT_20261008.md,REF:CYCLE008_ACCEPTED,REF:CYCLE008_SCOPE,unresolved,,REF:CYCLE008_LIMITS,UNASSESSED,REF:PRIVATE_PRIORITY,1,42,8
BA:bond:20060:005,bond,MANDATORY_COMPLETE_REVIEW,02_CANONICAL_STORIES/BOND/CH0077/VARIANT_20060_EPISODE_005.md,dbe385ecec3c645dcc217a14a5c9dcc6e76e610fe3c3e3e612e426e53c817c58,ADMITTED,series/blue-archive/02 Sequential Readings/BOND/BLUE_ARCHIVE_GEHENNA20_PHASE2_PRIVATE_CONTEXTUAL_ACCOUNT_20261008.md,REF:CYCLE008_ACCEPTED,REF:CYCLE008_SCOPE,unresolved,,REF:CYCLE008_LIMITS,UNASSESSED,REF:PRIVATE_PRIORITY,2,51,9
BA:bond:20060:006,bond,MANDATORY_COMPLETE_REVIEW,02_CANONICAL_STORIES/BOND/CH0077/VARIANT_20060_EPISODE_006.md,4c2b36da0cf7264e7fbe1afe03cf6e3ec58898c0aa8df42e83c057ce1d27922d,ADMITTED,series/blue-archive/02 Sequential Readings/BOND/BLUE_ARCHIVE_GEHENNA20_PHASE2_PRIVATE_CONTEXTUAL_ACCOUNT_20261008.md,REF:CYCLE008_ACCEPTED,REF:CYCLE008_SCOPE,unresolved,,REF:CYCLE008_LIMITS,UNASSESSED,REF:PRIVATE_PRIORITY,1,53,8
BA:bond:20061:002,bond,MANDATORY_COMPLETE_REVIEW,02_CANONICAL_STORIES/BOND/CH0089/VARIANT_20061_EPISODE_002.md,65362d5a72198c9f0efda1ce9adf1d1a5a36d0843a7739ac7854ed0ce1b28237,ADMITTED,series/blue-archive/02 Sequential Readings/BOND/BLUE_ARCHIVE_GEHENNA20_PHASE2_PRIVATE_CONTEXTUAL_ACCOUNT_20261008.md,REF:CYCLE008_ACCEPTED,REF:CYCLE008_SCOPE,unresolved,,REF:CYCLE008_LIMITS,UNASSESSED,REF:PRIVATE_PRIORITY,1,83,8
BA:bond:20061:003,bond,MANDATORY_COMPLETE_REVIEW,02_CANONICAL_STORIES/BOND/CH0089/VARIANT_20061_EPISODE_003.md,1f72e8aa451293358fd30e06ccbf59c2b0d176e8655da8e1737352fcb7cac8e8,ADMITTED,series/blue-archive/02 Sequential Readings/BOND/BLUE_ARCHIVE_GEHENNA20_PHASE2_PRIVATE_CONTEXTUAL_ACCOUNT_20261008.md,REF:CYCLE008_ACCEPTED,REF:CYCLE008_SCOPE,unresolved,,REF:CYCLE008_LIMITS,UNASSESSED,REF:PRIVATE_PRIORITY,1,41,6
BA:bond:20061:005,bond,MANDATORY_COMPLETE_REVIEW,02_CANONICAL_STORIES/BOND/CH0089/VARIANT_20061_EPISODE_005.md,f9bbc77fbf0afe91e9fd919c904134175b67e300308941f7752f44f9ccd071d0,ADMITTED,series/blue-archive/02 Sequential Readings/BOND/BLUE_ARCHIVE_GEHENNA20_PHASE2_PRIVATE_CONTEXTUAL_ACCOUNT_20261008.md,REF:CYCLE008_ACCEPTED,REF:CYCLE008_SCOPE,unresolved,,REF:CYCLE008_LIMITS,UNASSESSED,REF:PRIVATE_PRIORITY,1,103,6
BA:bond:20061:006,bond,MANDATORY_COMPLETE_REVIEW,02_CANONICAL_STORIES/BOND/CH0089/VARIANT_20061_EPISODE_006.md,4440d4fbd2c48099ab2b786ba510704abc66d458ec2d6f924962cf99ce0aef33,ADMITTED,series/blue-archive/02 Sequential Readings/BOND/BLUE_ARCHIVE_GEHENNA20_PHASE2_PRIVATE_CONTEXTUAL_ACCOUNT_20261008.md,REF:CYCLE008_ACCEPTED,REF:CYCLE008_SCOPE,unresolved,,REF:CYCLE008_LIMITS,UNASSESSED,REF:PRIVATE_PRIORITY,1,19,1
BA:bond:20061:008,bond,MANDATORY_COMPLETE_REVIEW,02_CANONICAL_STORIES/BOND/CH0089/VARIANT_20061_EPISODE_008.md,dbe15e4d18027b4e0f73931f77e59e7f01aa47ef5e51f14e4e548ce1bdcd3738,ADMITTED,series/blue-archive/02 Sequential Readings/BOND/BLUE_ARCHIVE_GEHENNA20_PHASE2_PRIVATE_CONTEXTUAL_ACCOUNT_20261008.md,REF:CYCLE008_ACCEPTED,REF:CYCLE008_SCOPE,unresolved,,REF:CYCLE008_LIMITS,UNASSESSED,REF:PRIVATE_PRIORITY,1,69,6
BA:bond:20062:002,bond,MANDATORY_COMPLETE_REVIEW,02_CANONICAL_STORIES/BOND/CH0321/VARIANT_20062_EPISODE_002.md,adf2924c2447df2fe352efc5ac02f8c640c6305b2d1638288b56d536f247a980,ADMITTED,series/blue-archive/02 Sequential Readings/BOND/BLUE_ARCHIVE_ANNA_ERINA_PHASE2_PRIVATE_CONTEXTUAL_ACCOUNT_20261009.md,REF:CYCLE008_ACCEPTED,REF:CYCLE008_SCOPE,unresolved,,REF:CYCLE008_LIMITS;REF:NEW80_ROOT_QUALIFIED;REF:NEW80_IDENTITY_MODES,UNASSESSED,REF:PRIVATE_PRIORITY,1,45,11
BA:bond:20062:003,bond,MANDATORY_COMPLETE_REVIEW,02_CANONICAL_STORIES/BOND/CH0321/VARIANT_20062_EPISODE_003.md,6376bc346dfad5714b99eb693f299f8f6c1507a76b75b8ccf9049920caa079bc,ADMITTED,series/blue-archive/02 Sequential Readings/BOND/BLUE_ARCHIVE_ANNA_ERINA_PHASE2_PRIVATE_CONTEXTUAL_ACCOUNT_20261009.md,REF:CYCLE008_ACCEPTED,REF:CYCLE008_SCOPE,unresolved,,REF:CYCLE008_LIMITS;REF:NEW80_ROOT_QUALIFIED;REF:NEW80_IDENTITY_MODES,UNASSESSED,REF:PRIVATE_PRIORITY,1,46,9
BA:bond:20062:005,bond,MANDATORY_COMPLETE_REVIEW,02_CANONICAL_STORIES/BOND/CH0321/VARIANT_20062_EPISODE_005.md,4cc4249427e16dca6280dde9a5fd9de878b9b9ced02b062d808d4f4dfc2d114b,ADMITTED,series/blue-archive/02 Sequential Readings/BOND/BLUE_ARCHIVE_ANNA_ERINA_PHASE2_PRIVATE_CONTEXTUAL_ACCOUNT_20261009.md,REF:CYCLE008_ACCEPTED,REF:CYCLE008_SCOPE,unresolved,,REF:CYCLE008_LIMITS;REF:NEW80_ROOT_QUALIFIED;REF:NEW80_IDENTITY_MODES,UNASSESSED,REF:PRIVATE_PRIORITY,1,66,8
BA:bond:20062:006,bond,MANDATORY_COMPLETE_REVIEW,02_CANONICAL_STORIES/BOND/CH0321/VARIANT_20062_EPISODE_006.md,e2529393aae2917e2fbef44acfc26d61903d838625d340bebe3e9e706568541b,ADMITTED,series/blue-archive/02 Sequential Readings/BOND/BLUE_ARCHIVE_ANNA_ERINA_PHASE2_PRIVATE_CONTEXTUAL_ACCOUNT_20261009.md,REF:CYCLE008_ACCEPTED,REF:CYCLE008_SCOPE,unresolved,,REF:CYCLE008_LIMITS;REF:NEW80_ROOT_QUALIFIED;REF:NEW80_IDENTITY_MODES,UNASSESSED,REF:PRIVATE_PRIORITY,1,62,7
BA:bond:23000:002,bond,MANDATORY_COMPLETE_REVIEW,02_CANONICAL_STORIES/BOND/AIRI/VARIANT_23000_EPISODE_002.md,c9ab119e3ca7f9838e52d64dca8f9e96835b2800ee9e6ecad410367505ad5ca9,ADMITTED,series/blue-archive/02 Sequential Readings/BOND/BLUE_ARCHIVE_AIRI_KAZUSA_YOSHIMI_NATSU_PRIVATE_CONTEXTUALIZATION_CHECKPOINT.md,REF:CYCLE008_ACCEPTED,REF:CYCLE008_SCOPE,unresolved,,REF:CYCLE008_LIMITS,UNASSESSED,REF:PRIVATE_PRIORITY,1,36,2
BA:bond:23000:003,bond,MANDATORY_COMPLETE_REVIEW,02_CANONICAL_STORIES/BOND/AIRI/VARIANT_23000_EPISODE_003.md,6404fd34a18f3d859723e5ee8d62156e80952e575686f5b473a26c7ef0a3705d,ADMITTED,series/blue-archive/02 Sequential Readings/BOND/BLUE_ARCHIVE_AIRI_KAZUSA_YOSHIMI_NATSU_PRIVATE_CONTEXTUALIZATION_CHECKPOINT.md,REF:CYCLE008_ACCEPTED,REF:CYCLE008_SCOPE,unresolved,,REF:CYCLE008_LIMITS,UNASSESSED,REF:PRIVATE_PRIORITY,1,29,4
BA:bond:23000:005,bond,MANDATORY_COMPLETE_REVIEW,02_CANONICAL_STORIES/BOND/AIRI/VARIANT_23000_EPISODE_005.md,836775be35e325b17c0839b51157003af7f094b9ae796e3abd475b3fa67d5235,ADMITTED,series/blue-archive/02 Sequential Readings/BOND/BLUE_ARCHIVE_AIRI_KAZUSA_YOSHIMI_NATSU_PRIVATE_CONTEXTUALIZATION_CHECKPOINT.md,REF:CYCLE008_ACCEPTED,REF:CYCLE008_SCOPE,unresolved,,REF:CYCLE008_LIMITS,UNASSESSED,REF:PRIVATE_PRIORITY,1,43,6
BA:bond:23000:006,bond,MANDATORY_COMPLETE_REVIEW,02_CANONICAL_STORIES/BOND/AIRI/VARIANT_23000_EPISODE_006.md,1c5040a3bc5e77d188794d2fdcb086ba4ffafc623de54198c9092edb82417c7a,ADMITTED,series/blue-archive/02 Sequential Readings/BOND/BLUE_ARCHIVE_AIRI_KAZUSA_YOSHIMI_NATSU_PRIVATE_CONTEXTUALIZATION_CHECKPOINT.md,REF:CYCLE008_ACCEPTED,REF:CYCLE008_SCOPE,unresolved,,REF:CYCLE008_LIMITS,UNASSESSED,REF:PRIVATE_PRIORITY,1,58,3
BA:bond:23001:002,bond,MANDATORY_COMPLETE_REVIEW,02_CANONICAL_STORIES/BOND/FUUKA/VARIANT_23001_EPISODE_002.md,9858f7440d6085e26a2e50f20feb6fbf0728413a8176da800e45a9dcad607413,ADMITTED,series/blue-archive/02 Sequential Readings/BOND/BLUE_ARCHIVE_GEHENNA20_PHASE2_PRIVATE_CONTEXTUAL_ACCOUNT_20261008.md,REF:CYCLE008_ACCEPTED,REF:CYCLE008_SCOPE,unresolved,,REF:CYCLE008_LIMITS,UNASSESSED,REF:PRIVATE_PRIORITY,1,45,8
BA:bond:23001:003,bond,MANDATORY_COMPLETE_REVIEW,02_CANONICAL_STORIES/BOND/FUUKA/VARIANT_23001_EPISODE_003.md,4e97b226a55c943b504637f49f5e5b12777dcbb9859bb65daa9d539726d2ea64,ADMITTED,series/blue-archive/02 Sequential Readings/BOND/BLUE_ARCHIVE_GEHENNA20_PHASE2_PRIVATE_CONTEXTUAL_ACCOUNT_20261008.md,REF:CYCLE008_ACCEPTED,REF:CYCLE008_SCOPE,unresolved,,REF:CYCLE008_LIMITS,UNASSESSED,REF:PRIVATE_PRIORITY,1,33,6
BA:bond:23001:005,bond,MANDATORY_COMPLETE_REVIEW,02_CANONICAL_STORIES/BOND/FUUKA/VARIANT_23001_EPISODE_005.md,c7f16964cce0755a9569e5dbeaa14bfed3b3cd0b160956580a67b2912f1c71f8,ADMITTED,series/blue-archive/02 Sequential Readings/BOND/BLUE_ARCHIVE_GEHENNA20_PHASE2_PRIVATE_CONTEXTUAL_ACCOUNT_20261008.md,REF:CYCLE008_ACCEPTED,REF:CYCLE008_SCOPE,unresolved,,REF:CYCLE008_LIMITS,UNASSESSED,REF:PRIVATE_PRIORITY,2,50,7
BA:bond:23001:006,bond,MANDATORY_COMPLETE_REVIEW,02_CANONICAL_STORIES/BOND/FUUKA/VARIANT_23001_EPISODE_006.md,0251e6257a7261c0bf9443bfa4bdd7fb39826ddf158433cb379209d4719887a9,ADMITTED,series/blue-archive/02 Sequential Readings/BOND/BLUE_ARCHIVE_GEHENNA20_PHASE2_PRIVATE_CONTEXTUAL_ACCOUNT_20261008.md,REF:CYCLE008_ACCEPTED,REF:CYCLE008_SCOPE,unresolved,,REF:CYCLE008_LIMITS,UNASSESSED,REF:PRIVATE_PRIORITY,4,32,7
BA:bond:23001:008,bond,MANDATORY_COMPLETE_REVIEW,02_CANONICAL_STORIES/BOND/FUUKA/VARIANT_23001_EPISODE_008.md,cf1ba09f2c16dd63671a8133bd9bf48da84ef412cabe905d3be5faf5e833578b,ADMITTED,series/blue-archive/02 Sequential Readings/BOND/BLUE_ARCHIVE_GEHENNA20_PHASE2_PRIVATE_CONTEXTUAL_ACCOUNT_20261008.md,REF:CYCLE008_ACCEPTED,REF:CYCLE008_SCOPE,unresolved,,REF:CYCLE008_LIMITS,UNASSESSED,REF:PRIVATE_PRIORITY,1,28,9
BA:bond:23002:002,bond,MANDATORY_COMPLETE_REVIEW,02_CANONICAL_STORIES/BOND/HANAE/VARIANT_23002_EPISODE_002.md,ec32aaa81749e9937cfc2f11dceb4f6859ca04e2883c736d9ca9d656166b5fc0,ADMITTED,series/blue-archive/02 Sequential Readings/BOND/HANAE/BLUE_ARCHIVE_HANAE_PRIVATE_CONTEXTUALIZATION_CHECKPOINT.md,REF:ORIGINAL_ADMISSION_RECORD_0007,REF:ORIGINAL_ADMITTED_CLAIM_SCOPE_0061,LOCAL_RELATIVE_ONLY,Positive FavorSchedule preparation join and local practice aftermath; no main chronology or competence progression.,REF:ORIGINAL_ATTRIBUTION_LIMITS_0062,CORE,REF:ORIGINAL_PRIORITY_REASON_0063,1,25,9
BA:bond:23002:003,bond,MANDATORY_COMPLETE_REVIEW,02_CANONICAL_STORIES/BOND/HANAE/VARIANT_23002_EPISODE_003.md,b8f0b3d14fd242768c0ac6614e9b145fc21420305449ff88fa103d5327cf172b,ADMITTED,series/blue-archive/02 Sequential Readings/BOND/HANAE/BLUE_ARCHIVE_HANAE_PRIVATE_CONTEXTUALIZATION_CHECKPOINT.md,REF:ORIGINAL_ADMISSION_RECORD_0007,REF:ORIGINAL_ADMITTED_CLAIM_SCOPE_0064,LOCAL_RELATIVE_ONLY,Positive FavorSchedule join and complete messages before/after the rest scene; no main or lasting-repair edge.,REF:ORIGINAL_ATTRIBUTION_LIMITS_0065,CORE,REF:ORIGINAL_PRIORITY_REASON_0066,1,21,5
BA:bond:23002:005,bond,MANDATORY_COMPLETE_REVIEW,02_CANONICAL_STORIES/BOND/HANAE/VARIANT_23002_EPISODE_005.md,e3be0a46585a67876a29c6fe03c0d1b655f7ae2f0bb213510eb2318b5e26385c,ADMITTED,series/blue-archive/02 Sequential Readings/BOND/HANAE/BLUE_ARCHIVE_HANAE_PRIVATE_CONTEXTUALIZATION_CHECKPOINT.md,REF:ORIGINAL_ADMISSION_RECORD_0007,REF:ORIGINAL_ADMITTED_CLAIM_SCOPE_0067,LOCAL_RELATIVE_ONLY,Positive FavorSchedule join and explicit holiday/local aftermath only; release and rank do not date it against main.,REF:ORIGINAL_ATTRIBUTION_LIMITS_0068,CORE,REF:ORIGINAL_PRIORITY_REASON_0069,1,13,2
BA:bond:23002:006,bond,MANDATORY_COMPLETE_REVIEW,02_CANONICAL_STORIES/BOND/HANAE/VARIANT_23002_EPISODE_006.md,cfb3e4ecf865505da4c1764bc06380e957d1cebb730e144ccfb42dd93336970a,ADMITTED,series/blue-archive/02 Sequential Readings/BOND/HANAE/BLUE_ARCHIVE_HANAE_PRIVATE_CONTEXTUALIZATION_CHECKPOINT.md,REF:ORIGINAL_ADMISSION_RECORD_0007,REF:ORIGINAL_ADMITTED_CLAIM_SCOPE_0070,LOCAL_RELATIVE_ONLY,Positive FavorSchedule store-room join and local wound-care sequence; no Trinity-wide or main chronology.,REF:ORIGINAL_ATTRIBUTION_LIMITS_0071,CORE,REF:ORIGINAL_PRIORITY_REASON_0072,1,36,6
BA:bond:23002:008,bond,MANDATORY_COMPLETE_REVIEW,02_CANONICAL_STORIES/BOND/HANAE/VARIANT_23002_EPISODE_008.md,594bab912ea9a585825dcc502b86c3675052a22e9dabedfc54aea153cb6e50ce,ADMITTED,series/blue-archive/02 Sequential Readings/BOND/HANAE/BLUE_ARCHIVE_HANAE_PRIVATE_CONTEXTUALIZATION_CHECKPOINT.md,REF:ORIGINAL_ADMISSION_RECORD_0007,REF:ORIGINAL_ADMITTED_CLAIM_SCOPE_0073,LOCAL_RELATIVE_ONLY,Positive FavorSchedule invitation join and local cultivation plans; no event or main ordering.,REF:ORIGINAL_ATTRIBUTION_LIMITS_0074,CORE,REF:ORIGINAL_PRIORITY_REASON_0075,1,14,3
BA:bond:23003:002,bond,MANDATORY_COMPLETE_REVIEW,02_CANONICAL_STORIES/BOND/HARE/VARIANT_23003_EPISODE_002.md,691782c875ebd55296948a2662fcad3989ac153f3748e23faa2bd7804b3a465b,ADMITTED,series/blue-archive/02 Sequential Readings/BOND/BLUE_ARCHIVE_HARE_PHASE2_PRIVATE_CONTEXTUAL_ACCOUNT_20261008.md,REF:CYCLE008_ACCEPTED,REF:CYCLE008_SCOPE,unresolved,,REF:CYCLE008_LIMITS,UNASSESSED,REF:PRIVATE_PRIORITY,1,35,5
BA:bond:23003:003,bond,MANDATORY_COMPLETE_REVIEW,02_CANONICAL_STORIES/BOND/HARE/VARIANT_23003_EPISODE_003.md,bc5347f53483f866c0f9e710f291f1e6a44838fd727b9cbbadb0857273a2b356,ADMITTED,series/blue-archive/02 Sequential Readings/BOND/BLUE_ARCHIVE_HARE_PHASE2_PRIVATE_CONTEXTUAL_ACCOUNT_20261008.md,REF:CYCLE008_ACCEPTED,REF:CYCLE008_SCOPE,unresolved,,REF:CYCLE008_LIMITS,UNASSESSED,REF:PRIVATE_PRIORITY,1,49,7
BA:bond:23003:005,bond,MANDATORY_COMPLETE_REVIEW,02_CANONICAL_STORIES/BOND/HARE/VARIANT_23003_EPISODE_005.md,b3c578dc084d1fcb07371dda0e846e6e1b7d549b9c333aac5821286405e3cfed,ADMITTED,series/blue-archive/02 Sequential Readings/BOND/BLUE_ARCHIVE_HARE_PHASE2_PRIVATE_CONTEXTUAL_ACCOUNT_20261008.md,REF:CYCLE008_ACCEPTED,REF:CYCLE008_SCOPE,unresolved,,REF:CYCLE008_LIMITS,UNASSESSED,REF:PRIVATE_PRIORITY,2,43,1
BA:bond:23003:006,bond,MANDATORY_COMPLETE_REVIEW,02_CANONICAL_STORIES/BOND/HARE/VARIANT_23003_EPISODE_006.md,cf4693305ef30f139b78b24562ba0aa5282f35ba0ba455a2495a982b299b2b4c,ADMITTED,series/blue-archive/02 Sequential Readings/BOND/BLUE_ARCHIVE_HARE_PHASE2_PRIVATE_CONTEXTUAL_ACCOUNT_20261008.md,REF:CYCLE008_ACCEPTED,REF:CYCLE008_SCOPE,unresolved,,REF:CYCLE008_LIMITS,UNASSESSED,REF:PRIVATE_PRIORITY,1,44,3
BA:bond:23003:020,bond,MANDATORY_COMPLETE_REVIEW,02_CANONICAL_STORIES/BOND/HARE/VARIANT_23003_EPISODE_020.md,d84d3d6de3a8c1e4a41b46d15f767aa0b5aba0028fa19d6f51e98de80b27c0a3,ADMITTED,series/blue-archive/02 Sequential Readings/BOND/BLUE_ARCHIVE_HARE_PHASE2_PRIVATE_CONTEXTUAL_ACCOUNT_20261008.md,REF:CYCLE008_ACCEPTED,REF:CYCLE008_SCOPE,unresolved,,REF:CYCLE008_LIMITS,UNASSESSED,REF:PRIVATE_PRIORITY,2,42,5
BA:bond:23004:002,bond,MANDATORY_COMPLETE_REVIEW,02_CANONICAL_STORIES/BOND/UTAHA/VARIANT_23004_EPISODE_002.md,6b4f4a9eb164debe8e88eddb769943e1d6c8feec6bf8642e71395b622cc56ece,ADMITTED,series/blue-archive/02 Sequential Readings/BOND/BLUE_ARCHIVE_UTAHA_PHASE2_PRIVATE_CONTEXTUAL_ACCOUNT_20261008.md,REF:CYCLE008_ACCEPTED,REF:CYCLE008_SCOPE,unresolved,,REF:CYCLE008_LIMITS,UNASSESSED,REF:PRIVATE_PRIORITY,1,27,8
BA:bond:23004:003,bond,MANDATORY_COMPLETE_REVIEW,02_CANONICAL_STORIES/BOND/UTAHA/VARIANT_23004_EPISODE_003.md,d13fa406dad6b82a901bae29fee13267030343e2b4bda91197234271521c2c4a,ADMITTED,series/blue-archive/02 Sequential Readings/BOND/BLUE_ARCHIVE_UTAHA_PHASE2_PRIVATE_CONTEXTUAL_ACCOUNT_20261008.md,REF:CYCLE008_ACCEPTED,REF:CYCLE008_SCOPE,unresolved,,REF:CYCLE008_LIMITS,UNASSESSED,REF:PRIVATE_PRIORITY,1,22,3
BA:bond:23004:005,bond,MANDATORY_COMPLETE_REVIEW,02_CANONICAL_STORIES/BOND/UTAHA/VARIANT_23004_EPISODE_005.md,6cde70e1c07353b9d93684be16bda93e9b0a733af6cf6cf2ac1ad8eb7ded067f,ADMITTED,series/blue-archive/02 Sequential Readings/BOND/BLUE_ARCHIVE_UTAHA_PHASE2_PRIVATE_CONTEXTUAL_ACCOUNT_20261008.md,REF:CYCLE008_ACCEPTED,REF:CYCLE008_SCOPE,unresolved,,REF:CYCLE008_LIMITS,UNASSESSED,REF:PRIVATE_PRIORITY,1,44,5
BA:bond:23004:006,bond,MANDATORY_COMPLETE_REVIEW,02_CANONICAL_STORIES/BOND/UTAHA/VARIANT_23004_EPISODE_006.md,fefc7eac85d0d55c4b4da5b5e8fbea9f8b6543ddf5c839cfeeaaa5d4a3270e26,ADMITTED,series/blue-archive/02 Sequential Readings/BOND/BLUE_ARCHIVE_UTAHA_PHASE2_PRIVATE_CONTEXTUAL_ACCOUNT_20261008.md,REF:CYCLE008_ACCEPTED,REF:CYCLE008_SCOPE,unresolved,,REF:CYCLE008_LIMITS,UNASSESSED,REF:PRIVATE_PRIORITY,2,40,3
BA:bond:23004:008,bond,MANDATORY_COMPLETE_REVIEW,02_CANONICAL_STORIES/BOND/UTAHA/VARIANT_23004_EPISODE_008.md,5204fe2d514499b36f98e65ae1ac4e3bd02b77b6023848b8ebd1e8a208a34ce6,ADMITTED,series/blue-archive/02 Sequential Readings/BOND/BLUE_ARCHIVE_UTAHA_PHASE2_PRIVATE_CONTEXTUAL_ACCOUNT_20261008.md,REF:CYCLE008_ACCEPTED,REF:CYCLE008_SCOPE,unresolved,,REF:CYCLE008_LIMITS,UNASSESSED,REF:PRIVATE_PRIORITY,1,30,3
BA:bond:23004:020,bond,MANDATORY_COMPLETE_REVIEW,02_CANONICAL_STORIES/BOND/UTAHA/VARIANT_23004_EPISODE_020.md,cfa2c7b1254e774add42a875f3084253cfab907bdf4a7cfb73e45c3c5f83b8c6,ADMITTED,series/blue-archive/02 Sequential Readings/BOND/BLUE_ARCHIVE_UTAHA_PHASE2_PRIVATE_CONTEXTUAL_ACCOUNT_20261008.md,REF:CYCLE008_ACCEPTED,REF:CYCLE008_SCOPE,unresolved,,REF:CYCLE008_LIMITS,UNASSESSED,REF:PRIVATE_PRIORITY,1,43,4
BA:bond:23005:002,bond,MANDATORY_COMPLETE_REVIEW,02_CANONICAL_STORIES/BOND/AYANE/VARIANT_23005_EPISODE_002.md,20c72269866e19a0ae8b983f7acff42314f32671557b9a575bfc36d9e21d56b4,ADMITTED,series/blue-archive/02 Sequential Readings/BOND/AYANE/BLUE_ARCHIVE_AYANE_PRIVATE_CONTEXTUALIZATION_CHECKPOINT.md,REF:ORIGINAL_ADMISSION_RECORD_0020,REF:ORIGINAL_ADMITTED_CLAIM_SCOPE_0076,LOCAL_RELATIVE_ONLY,Holiday/yesterday/this-morning/crash/middle-school anchors only; no event/main edge.,REF:ORIGINAL_ATTRIBUTION_LIMITS_0077,HIGH,REF:ORIGINAL_PRIORITY_REASON_0078,2,49,13
BA:bond:23005:003,bond,MANDATORY_COMPLETE_REVIEW,02_CANONICAL_STORIES/BOND/AYANE/VARIANT_23005_EPISODE_003.md,d81913e30fed5b157b179cb6022139c53b7abe5a2de0ecab757ed7ef89667c1f,ADMITTED,series/blue-archive/02 Sequential Readings/BOND/AYANE/BLUE_ARCHIVE_AYANE_PRIVATE_CONTEXTUALIZATION_CHECKPOINT.md,REF:ORIGINAL_ADMISSION_RECORD_0020,REF:ORIGINAL_ADMITTED_CLAIM_SCOPE_0076,LOCAL_RELATIVE_ONLY,Holiday/yesterday/this-morning/crash/middle-school anchors only; no event/main edge.,REF:ORIGINAL_ATTRIBUTION_LIMITS_0077,HIGH,REF:ORIGINAL_PRIORITY_REASON_0078,1,78,17
BA:bond:23005:005,bond,MANDATORY_COMPLETE_REVIEW,02_CANONICAL_STORIES/BOND/AYANE/VARIANT_23005_EPISODE_005.md,ced07f3a9c66b825a577e964251d8b6d6e5ee1214d77156bd50e27a425974f3c,ADMITTED,series/blue-archive/02 Sequential Readings/BOND/AYANE/BLUE_ARCHIVE_AYANE_PRIVATE_CONTEXTUALIZATION_CHECKPOINT.md,REF:ORIGINAL_ADMISSION_RECORD_0020,REF:ORIGINAL_ADMITTED_CLAIM_SCOPE_0076,LOCAL_RELATIVE_ONLY,Holiday/yesterday/this-morning/crash/middle-school anchors only; no event/main edge.,REF:ORIGINAL_ATTRIBUTION_LIMITS_0077,HIGH,REF:ORIGINAL_PRIORITY_REASON_0078,3,132,23
BA:bond:23005:015,bond,MANDATORY_COMPLETE_REVIEW,02_CANONICAL_STORIES/BOND/AYANE/VARIANT_23005_EPISODE_015.md,3e8d7159c85d5080db5dc93cb1abed16c565ff15b484c5e24c807eaa030e3172,ADMITTED,series/blue-archive/02 Sequential Readings/BOND/AYANE/BLUE_ARCHIVE_AYANE_PRIVATE_CONTEXTUALIZATION_CHECKPOINT.md,REF:ORIGINAL_ADMISSION_RECORD_0020,REF:ORIGINAL_ADMITTED_CLAIM_SCOPE_0076,LOCAL_RELATIVE_ONLY,Holiday/yesterday/this-morning/crash/middle-school anchors only; no event/main edge.,REF:ORIGINAL_ATTRIBUTION_LIMITS_0077,HIGH,REF:ORIGINAL_PRIORITY_REASON_0078,1,79,11
BA:bond:23006:002,bond,MANDATORY_COMPLETE_REVIEW,02_CANONICAL_STORIES/BOND/SHIZUKO/VARIANT_23006_EPISODE_002.md,e814a751ea0b66f02eaba0783266eb477320ad962a71df5a7d7d40912f8daa66,ADMITTED,series/blue-archive/02 Sequential Readings/BOND/BLUE_ARCHIVE_FESTIVAL_SHIZUKO_FINA_UMIKA_PHASE2_PRIVATE_CONTEXTUAL_ACCOUNT_20261008.md,REF:CYCLE008_ACCEPTED,REF:CYCLE008_SCOPE,unresolved,,REF:CYCLE008_LIMITS,UNASSESSED,REF:PRIVATE_PRIORITY,1,83,17
BA:bond:23006:003,bond,MANDATORY_COMPLETE_REVIEW,02_CANONICAL_STORIES/BOND/SHIZUKO/VARIANT_23006_EPISODE_003.md,87657c1c3c57b105e79f02d56472a1e170d46c7d945204468fb5def9385346d4,ADMITTED,series/blue-archive/02 Sequential Readings/BOND/BLUE_ARCHIVE_FESTIVAL_SHIZUKO_FINA_UMIKA_PHASE2_PRIVATE_CONTEXTUAL_ACCOUNT_20261008.md,REF:CYCLE008_ACCEPTED,REF:CYCLE008_SCOPE,unresolved,,REF:CYCLE008_LIMITS,UNASSESSED,REF:PRIVATE_PRIORITY,1,86,15
BA:bond:23006:005,bond,MANDATORY_COMPLETE_REVIEW,02_CANONICAL_STORIES/BOND/SHIZUKO/VARIANT_23006_EPISODE_005.md,3709dbbe9426cde02ba958d3b1505cb7fbc78a30d42633f86f547a26df80295b,ADMITTED,series/blue-archive/02 Sequential Readings/BOND/BLUE_ARCHIVE_FESTIVAL_SHIZUKO_FINA_UMIKA_PHASE2_PRIVATE_CONTEXTUAL_ACCOUNT_20261008.md,REF:CYCLE008_ACCEPTED,REF:CYCLE008_SCOPE,unresolved,,REF:CYCLE008_LIMITS,UNASSESSED,REF:PRIVATE_PRIORITY,1,50,10
BA:bond:23006:006,bond,MANDATORY_COMPLETE_REVIEW,02_CANONICAL_STORIES/BOND/SHIZUKO/VARIANT_23006_EPISODE_006.md,03001e0ff834958ae37c3f84db54e435b39bc9446a296e490220c4fd8a8d199f,ADMITTED,series/blue-archive/02 Sequential Readings/BOND/BLUE_ARCHIVE_FESTIVAL_SHIZUKO_FINA_UMIKA_PHASE2_PRIVATE_CONTEXTUAL_ACCOUNT_20261008.md,REF:CYCLE008_ACCEPTED,REF:CYCLE008_SCOPE,unresolved,,REF:CYCLE008_LIMITS,UNASSESSED,REF:PRIVATE_PRIORITY,1,24,2
BA:bond:23006:015,bond,MANDATORY_COMPLETE_REVIEW,02_CANONICAL_STORIES/BOND/SHIZUKO/VARIANT_23006_EPISODE_015.md,080fe290e205cd33b3ad0f7d091b52194f656f8eea670f159d3ffeac3c00e377,ADMITTED,series/blue-archive/02 Sequential Readings/BOND/BLUE_ARCHIVE_FESTIVAL_SHIZUKO_FINA_UMIKA_PHASE2_PRIVATE_CONTEXTUAL_ACCOUNT_20261008.md,REF:CYCLE008_ACCEPTED,REF:CYCLE008_SCOPE,unresolved,,REF:CYCLE008_LIMITS,UNASSESSED,REF:PRIVATE_PRIORITY,1,78,16
BA:bond:23007:002,bond,MANDATORY_COMPLETE_REVIEW,02_CANONICAL_STORIES/BOND/HANAKO/VARIANT_23007_EPISODE_002.md,79daa12952b61ed09115bce7c9229ce5927890a11a7dde9cfce689d16db8fe08,ADMITTED,series/blue-archive/02 Sequential Readings/BOND/HANAKO/BLUE_ARCHIVE_HANAKO_PRIVATE_CONTEXTUALIZATION_CHECKPOINT.md,REF:CYCLE008_ACCEPTED,REF:CYCLE008_SCOPE,unresolved,,REF:CYCLE008_LIMITS,UNASSESSED,REF:PRIVATE_PRIORITY,1,56,9
BA:bond:23007:003,bond,MANDATORY_COMPLETE_REVIEW,02_CANONICAL_STORIES/BOND/HANAKO/VARIANT_23007_EPISODE_003.md,c1acd0dac0a126c146ee2badba0e7dca5f5a328e219c1647c814a6aca95d6e06,ADMITTED,series/blue-archive/02 Sequential Readings/BOND/HANAKO/BLUE_ARCHIVE_HANAKO_PRIVATE_CONTEXTUALIZATION_CHECKPOINT.md,REF:CYCLE008_ACCEPTED,REF:CYCLE008_SCOPE,unresolved,,REF:CYCLE008_LIMITS,UNASSESSED,REF:PRIVATE_PRIORITY,2,70,14
BA:bond:23007:005,bond,MANDATORY_COMPLETE_REVIEW,02_CANONICAL_STORIES/BOND/HANAKO/VARIANT_23007_EPISODE_005.md,e241b57c0f7bd88605efed10a1523bebff89de3d8932d3980dd31d07d0501f4a,ADMITTED,series/blue-archive/02 Sequential Readings/BOND/HANAKO/BLUE_ARCHIVE_HANAKO_PRIVATE_CONTEXTUALIZATION_CHECKPOINT.md,REF:CYCLE008_ACCEPTED,REF:CYCLE008_SCOPE,unresolved,,REF:CYCLE008_LIMITS,UNASSESSED,REF:PRIVATE_PRIORITY,1,59,13
BA:bond:23007:006,bond,MANDATORY_COMPLETE_REVIEW,02_CANONICAL_STORIES/BOND/HANAKO/VARIANT_23007_EPISODE_006.md,792c358b104fdd5981ae540b2fa548128f28e25f4cee1bccb673a3fb9fdbeeac,ADMITTED,series/blue-archive/02 Sequential Readings/BOND/HANAKO/BLUE_ARCHIVE_HANAKO_PRIVATE_CONTEXTUALIZATION_CHECKPOINT.md,REF:CYCLE008_ACCEPTED,REF:CYCLE008_SCOPE,unresolved,,REF:CYCLE008_LIMITS,UNASSESSED,REF:PRIVATE_PRIORITY,1,55,6
BA:bond:23007:020,bond,MANDATORY_COMPLETE_REVIEW,02_CANONICAL_STORIES/BOND/HANAKO/VARIANT_23007_EPISODE_020.md,a1f1695af2809e1af94fd9af5212c6ab4e6423a03f3a5b5a4236aaeed3409286,ADMITTED,series/blue-archive/02 Sequential Readings/BOND/HANAKO/BLUE_ARCHIVE_HANAKO_PRIVATE_CONTEXTUALIZATION_CHECKPOINT.md,REF:CYCLE008_ACCEPTED,REF:CYCLE008_SCOPE,unresolved,,REF:CYCLE008_LIMITS,UNASSESSED,REF:PRIVATE_PRIORITY,1,49,4
BA:bond:23008:002,bond,MANDATORY_COMPLETE_REVIEW,02_CANONICAL_STORIES/BOND/MARI/VARIANT_23008_EPISODE_002.md,3cfb309721ce2d22e8aeb36a17f159a858dbb5660861350cc8b4db72e8d56773,ADMITTED,series/blue-archive/02 Sequential Readings/BOND/BLUE_ARCHIVE_SAKURAKO_MARI_PRIVATE_CONTEXTUALIZATION_CHECKPOINT.md,REF:CYCLE008_ACCEPTED,REF:CYCLE008_SCOPE,unresolved,,REF:CYCLE008_LIMITS,UNASSESSED,REF:PRIVATE_PRIORITY,1,55,5
BA:bond:23008:003,bond,MANDATORY_COMPLETE_REVIEW,02_CANONICAL_STORIES/BOND/MARI/VARIANT_23008_EPISODE_003.md,4474c43b6520ee6fecbfabaca2a1d09f127c300ee32d28ce5aa603ebfda21400,ADMITTED,series/blue-archive/02 Sequential Readings/BOND/BLUE_ARCHIVE_SAKURAKO_MARI_PRIVATE_CONTEXTUALIZATION_CHECKPOINT.md,REF:CYCLE008_ACCEPTED,REF:CYCLE008_SCOPE,unresolved,,REF:CYCLE008_LIMITS,UNASSESSED,REF:PRIVATE_PRIORITY,1,40,2
BA:bond:23008:005,bond,MANDATORY_COMPLETE_REVIEW,02_CANONICAL_STORIES/BOND/MARI/VARIANT_23008_EPISODE_005.md,a5a4fb80b5ee681ec25cddf00f62362c62f208cbda219da4d0fd9a00d28bf85f,ADMITTED,series/blue-archive/02 Sequential Readings/BOND/BLUE_ARCHIVE_SAKURAKO_MARI_PRIVATE_CONTEXTUALIZATION_CHECKPOINT.md,REF:CYCLE008_ACCEPTED,REF:CYCLE008_SCOPE,unresolved,,REF:CYCLE008_LIMITS,UNASSESSED,REF:PRIVATE_PRIORITY,1,46,4
BA:bond:23008:006,bond,MANDATORY_COMPLETE_REVIEW,02_CANONICAL_STORIES/BOND/MARI/VARIANT_23008_EPISODE_006.md,dcbe18ffe26fbfa513f56907e039acca685cdc64150c7217e61b165abf14fd2d,ADMITTED,series/blue-archive/02 Sequential Readings/BOND/BLUE_ARCHIVE_SAKURAKO_MARI_PRIVATE_CONTEXTUALIZATION_CHECKPOINT.md,REF:CYCLE008_ACCEPTED,REF:CYCLE008_SCOPE,unresolved,,REF:CYCLE008_LIMITS,UNASSESSED,REF:PRIVATE_PRIORITY,1,58,4
BA:bond:23008:015,bond,MANDATORY_COMPLETE_REVIEW,02_CANONICAL_STORIES/BOND/MARI/VARIANT_23008_EPISODE_015.md,0d85985fab9eb207719c2906ba70f005636626245fc2594955b3473146e3abd1,ADMITTED,series/blue-archive/02 Sequential Readings/BOND/BLUE_ARCHIVE_SAKURAKO_MARI_PRIVATE_CONTEXTUALIZATION_CHECKPOINT.md,REF:CYCLE008_ACCEPTED,REF:CYCLE008_SCOPE,unresolved,,REF:CYCLE008_LIMITS,UNASSESSED,REF:PRIVATE_PRIORITY,1,58,13
BA:bond:26000:002,bond,MANDATORY_COMPLETE_REVIEW,02_CANONICAL_STORIES/BOND/CHINATSU/VARIANT_26000_EPISODE_002.md,23a10dda87224566222014f7bc97d78acdbdb6c8b38444eb535673d0a92ed60a,ADMITTED,series/blue-archive/02 Sequential Readings/BOND/BLUE_ARCHIVE_GEHENNA20_PHASE2_PRIVATE_CONTEXTUAL_ACCOUNT_20261008.md,REF:CYCLE008_ACCEPTED,REF:CYCLE008_SCOPE,unresolved,,REF:CYCLE008_LIMITS,UNASSESSED,REF:PRIVATE_PRIORITY,1,67,4
BA:bond:26000:003,bond,MANDATORY_COMPLETE_REVIEW,02_CANONICAL_STORIES/BOND/CHINATSU/VARIANT_26000_EPISODE_003.md,29b0c11e390be24e10f9baaf0a63615ff9aae986c8e360356342c91c3b8cfda7,ADMITTED,series/blue-archive/02 Sequential Readings/BOND/BLUE_ARCHIVE_GEHENNA20_PHASE2_PRIVATE_CONTEXTUAL_ACCOUNT_20261008.md,REF:CYCLE008_ACCEPTED,REF:CYCLE008_SCOPE,unresolved,,REF:CYCLE008_LIMITS,UNASSESSED,REF:PRIVATE_PRIORITY,1,74,5
BA:bond:26000:005,bond,MANDATORY_COMPLETE_REVIEW,02_CANONICAL_STORIES/BOND/CHINATSU/VARIANT_26000_EPISODE_005.md,8fc2d44b9801adf9054c21ec5a4249c394cb8d64555c9a738bff27d73649632f,ADMITTED,series/blue-archive/02 Sequential Readings/BOND/BLUE_ARCHIVE_GEHENNA20_PHASE2_PRIVATE_CONTEXTUAL_ACCOUNT_20261008.md,REF:CYCLE008_ACCEPTED,REF:CYCLE008_SCOPE,unresolved,,REF:CYCLE008_LIMITS,UNASSESSED,REF:PRIVATE_PRIORITY,1,55,5
BA:bond:26000:006,bond,MANDATORY_COMPLETE_REVIEW,02_CANONICAL_STORIES/BOND/CHINATSU/VARIANT_26000_EPISODE_006.md,94a063946af44b8da31515fedbb99b9131b9f05d1db06f66f1bc403e1498c928,ADMITTED,series/blue-archive/02 Sequential Readings/BOND/BLUE_ARCHIVE_GEHENNA20_PHASE2_PRIVATE_CONTEXTUAL_ACCOUNT_20261008.md,REF:CYCLE008_ACCEPTED,REF:CYCLE008_SCOPE,unresolved,,REF:CYCLE008_LIMITS,UNASSESSED,REF:PRIVATE_PRIORITY,1,85,5
BA:bond:26000:015,bond,MANDATORY_COMPLETE_REVIEW,02_CANONICAL_STORIES/BOND/CHINATSU/VARIANT_26000_EPISODE_015.md,021e2dfd193457d297570debd5b28eb9065ee8e7f76709920a401165a1f8b471,ADMITTED,series/blue-archive/02 Sequential Readings/BOND/BLUE_ARCHIVE_GEHENNA20_PHASE2_PRIVATE_CONTEXTUAL_ACCOUNT_20261008.md,REF:CYCLE008_ACCEPTED,REF:CYCLE008_SCOPE,unresolved,,REF:CYCLE008_LIMITS,UNASSESSED,REF:PRIVATE_PRIORITY,1,66,6
BA:bond:26001:002,bond,MANDATORY_COMPLETE_REVIEW,02_CANONICAL_STORIES/BOND/KOTAMA/VARIANT_26001_EPISODE_002.md,4c30252158d413bda5bc5844a176a97210606efd56c415a8c0ed907fe554d7cd,ADMITTED,series/blue-archive/02 Sequential Readings/BOND/BLUE_ARCHIVE_KOTAMA_PHASE2_PRIVATE_CONTEXTUAL_ACCOUNT_20261008.md,REF:CYCLE008_ACCEPTED,REF:CYCLE008_SCOPE,unresolved,,REF:CYCLE008_LIMITS,UNASSESSED,REF:PRIVATE_PRIORITY,1,47,13
BA:bond:26001:003,bond,MANDATORY_COMPLETE_REVIEW,02_CANONICAL_STORIES/BOND/KOTAMA/VARIANT_26001_EPISODE_003.md,3426f9ed709ee807a5423e27633c3808d5c9173b10f8fd378b32d5be06b54622,ADMITTED,series/blue-archive/02 Sequential Readings/BOND/BLUE_ARCHIVE_KOTAMA_PHASE2_PRIVATE_CONTEXTUAL_ACCOUNT_20261008.md,REF:CYCLE008_ACCEPTED,REF:CYCLE008_SCOPE,unresolved,,REF:CYCLE008_LIMITS,UNASSESSED,REF:PRIVATE_PRIORITY,3,37,10
BA:bond:26001:005,bond,MANDATORY_COMPLETE_REVIEW,02_CANONICAL_STORIES/BOND/KOTAMA/VARIANT_26001_EPISODE_005.md,08bd395e0df8bae5260886db08f8b395b04078f03a76856b7ac2bcfc6cb1d339,ADMITTED,series/blue-archive/02 Sequential Readings/BOND/BLUE_ARCHIVE_KOTAMA_PHASE2_PRIVATE_CONTEXTUAL_ACCOUNT_20261008.md,REF:CYCLE008_ACCEPTED,REF:CYCLE008_SCOPE,unresolved,,REF:CYCLE008_LIMITS,UNASSESSED,REF:PRIVATE_PRIORITY,2,40,4
BA:bond:26001:006,bond,MANDATORY_COMPLETE_REVIEW,02_CANONICAL_STORIES/BOND/KOTAMA/VARIANT_26001_EPISODE_006.md,0656becf282615f3688d5a37c38376d3f45af49194b9d3525bb2626df1412c05,ADMITTED,series/blue-archive/02 Sequential Readings/BOND/BLUE_ARCHIVE_KOTAMA_PHASE2_PRIVATE_CONTEXTUAL_ACCOUNT_20261008.md,REF:CYCLE008_ACCEPTED,REF:CYCLE008_SCOPE,unresolved,,REF:CYCLE008_LIMITS,UNASSESSED,REF:PRIVATE_PRIORITY,1,34,5
BA:bond:26002:002,bond,MANDATORY_COMPLETE_REVIEW,02_CANONICAL_STORIES/BOND/JURI/VARIANT_26002_EPISODE_002.md,7743fff5ca2f85d80870ae91aff0c3e8b3df5699c656b8bff9fdaeb562de68a8,ADMITTED,series/blue-archive/02 Sequential Readings/BOND/BLUE_ARCHIVE_GEHENNA20_PHASE2_PRIVATE_CONTEXTUAL_ACCOUNT_20261008.md,REF:CYCLE008_ACCEPTED,REF:CYCLE008_SCOPE,unresolved,,REF:CYCLE008_LIMITS,UNASSESSED,REF:PRIVATE_PRIORITY,1,68,22
BA:bond:26002:003,bond,MANDATORY_COMPLETE_REVIEW,02_CANONICAL_STORIES/BOND/JURI/VARIANT_26002_EPISODE_003.md,8708c915a539892ad5f4fbc8a2563218f3c5b897853d205d19272153fc751831,ADMITTED,series/blue-archive/02 Sequential Readings/BOND/BLUE_ARCHIVE_GEHENNA20_PHASE2_PRIVATE_CONTEXTUAL_ACCOUNT_20261008.md,REF:CYCLE008_ACCEPTED,REF:CYCLE008_SCOPE,unresolved,,REF:CYCLE008_LIMITS,UNASSESSED,REF:PRIVATE_PRIORITY,1,67,19
BA:bond:26002:005,bond,MANDATORY_COMPLETE_REVIEW,02_CANONICAL_STORIES/BOND/JURI/VARIANT_26002_EPISODE_005.md,cb50aeeb614e3a36fb3b2bb5321afcbbef0e980cf566d5363c2a97bb3831170f,ADMITTED,series/blue-archive/02 Sequential Readings/BOND/BLUE_ARCHIVE_GEHENNA20_PHASE2_PRIVATE_CONTEXTUAL_ACCOUNT_20261008.md,REF:CYCLE008_ACCEPTED,REF:CYCLE008_SCOPE,unresolved,,REF:CYCLE008_LIMITS,UNASSESSED,REF:PRIVATE_PRIORITY,1,66,22
BA:bond:26002:006,bond,MANDATORY_COMPLETE_REVIEW,02_CANONICAL_STORIES/BOND/JURI/VARIANT_26002_EPISODE_006.md,4b9811df79f00862dd78c5f1258677fa9cad7a038499074325cb1ea6df8d199a,ADMITTED,series/blue-archive/02 Sequential Readings/BOND/BLUE_ARCHIVE_GEHENNA20_PHASE2_PRIVATE_CONTEXTUAL_ACCOUNT_20261008.md,REF:CYCLE008_ACCEPTED,REF:CYCLE008_SCOPE,unresolved,,REF:CYCLE008_LIMITS,UNASSESSED,REF:PRIVATE_PRIORITY,1,61,6
BA:bond:26003:002,bond,MANDATORY_COMPLETE_REVIEW,02_CANONICAL_STORIES/BOND/SERINA/VARIANT_26003_EPISODE_002.md,e48ce038646d9b35d103a354ffe8f2d2c274388f7ba08f6d196fbb78f9f4de35,ADMITTED,series/blue-archive/02 Sequential Readings/BOND/SERINA/BLUE_ARCHIVE_SERINA_PRIVATE_CONTEXTUALIZATION_CHECKPOINT.md,REF:ORIGINAL_ADMISSION_RECORD_0001,REF:ORIGINAL_ADMITTED_CLAIM_SCOPE_0079,LOCAL_RELATIVE_ONLY,Printed pair/afterword links only; no main or variant order.,REF:ORIGINAL_ATTRIBUTION_LIMITS_0003,CORE,REF:ORIGINAL_PRIORITY_REASON_0004,1,37,2
BA:bond:26003:003,bond,MANDATORY_COMPLETE_REVIEW,02_CANONICAL_STORIES/BOND/SERINA/VARIANT_26003_EPISODE_003.md,e59e965ea40cac2989155b0fa6bfd0533a82b68047e61877e5f5e69b00282f6d,ADMITTED,series/blue-archive/02 Sequential Readings/BOND/SERINA/BLUE_ARCHIVE_SERINA_PRIVATE_CONTEXTUALIZATION_CHECKPOINT.md,REF:ORIGINAL_ADMISSION_RECORD_0001,REF:ORIGINAL_ADMITTED_CLAIM_SCOPE_0080,LOCAL_RELATIVE_ONLY,Printed pair/afterword links only; no main or variant order.,REF:ORIGINAL_ATTRIBUTION_LIMITS_0003,CORE,REF:ORIGINAL_PRIORITY_REASON_0004,1,54,3
BA:bond:26003:005,bond,MANDATORY_COMPLETE_REVIEW,02_CANONICAL_STORIES/BOND/SERINA/VARIANT_26003_EPISODE_005.md,f73f3762614612d7c324254b7c8733559a646778ff3794a8c41f40a93ca676b5,ADMITTED,series/blue-archive/02 Sequential Readings/BOND/SERINA/BLUE_ARCHIVE_SERINA_PRIVATE_CONTEXTUALIZATION_CHECKPOINT.md,REF:ORIGINAL_ADMISSION_RECORD_0001,REF:ORIGINAL_ADMITTED_CLAIM_SCOPE_0081,LOCAL_RELATIVE_ONLY,Printed pair/afterword links only; no main or variant order.,REF:ORIGINAL_ATTRIBUTION_LIMITS_0003,CORE,REF:ORIGINAL_PRIORITY_REASON_0004,1,38,4
BA:bond:26003:006,bond,MANDATORY_COMPLETE_REVIEW,02_CANONICAL_STORIES/BOND/SERINA/VARIANT_26003_EPISODE_006.md,976b0b7537ac1958816f65d4c37ace7c8b8f69a9325de8b0ef1cc01ae7c573a9,ADMITTED,series/blue-archive/02 Sequential Readings/BOND/SERINA/BLUE_ARCHIVE_SERINA_PRIVATE_CONTEXTUALIZATION_CHECKPOINT.md,REF:ORIGINAL_ADMISSION_RECORD_0001,REF:ORIGINAL_ADMITTED_CLAIM_SCOPE_0082,LOCAL_RELATIVE_ONLY,Printed pair/afterword links only; no main or variant order.,REF:ORIGINAL_ATTRIBUTION_LIMITS_0003,CORE,REF:ORIGINAL_PRIORITY_REASON_0004,1,44,3
BA:bond:26004:002,bond,MANDATORY_COMPLETE_REVIEW,02_CANONICAL_STORIES/BOND/SHIMIKO/VARIANT_26004_EPISODE_002.md,8e6ca018605696596611dd8f591d9116050159030400f0fa4f0eaad52ee2081b,ADMITTED,series/blue-archive/02 Sequential Readings/BOND/BLUE_ARCHIVE_HINATA_UI_SHIMIKO_PRIVATE_CONTEXTUALIZATION_CHECKPOINT.md,REF:CYCLE008_ACCEPTED,REF:CYCLE008_SCOPE,unresolved,,REF:CYCLE008_LIMITS,UNASSESSED,REF:PRIVATE_PRIORITY,1,92,2
BA:bond:26004:003,bond,MANDATORY_COMPLETE_REVIEW,02_CANONICAL_STORIES/BOND/SHIMIKO/VARIANT_26004_EPISODE_003.md,311fc47409a3b3ee0b0ebd5eb87f8c61cd95e159f29ad1965adf04ade33a4a4f,ADMITTED,series/blue-archive/02 Sequential Readings/BOND/BLUE_ARCHIVE_HINATA_UI_SHIMIKO_PRIVATE_CONTEXTUALIZATION_CHECKPOINT.md,REF:CYCLE008_ACCEPTED,REF:CYCLE008_SCOPE,unresolved,,REF:CYCLE008_LIMITS,UNASSESSED,REF:PRIVATE_PRIORITY,1,54,4
BA:bond:26004:005,bond,MANDATORY_COMPLETE_REVIEW,02_CANONICAL_STORIES/BOND/SHIMIKO/VARIANT_26004_EPISODE_005.md,942bad9eff0e14bc37329a62c59576c77b65713e195f7718aa107ebeba857ec6,ADMITTED,series/blue-archive/02 Sequential Readings/BOND/BLUE_ARCHIVE_HINATA_UI_SHIMIKO_PRIVATE_CONTEXTUALIZATION_CHECKPOINT.md,REF:CYCLE008_ACCEPTED,REF:CYCLE008_SCOPE,unresolved,,REF:CYCLE008_LIMITS,UNASSESSED,REF:PRIVATE_PRIORITY,1,66,3
BA:bond:26004:006,bond,MANDATORY_COMPLETE_REVIEW,02_CANONICAL_STORIES/BOND/SHIMIKO/VARIANT_26004_EPISODE_006.md,a43820e788071846fe024167d1446aa6f587b50d491bcd00dc0c7f9fe31055c7,ADMITTED,series/blue-archive/02 Sequential Readings/BOND/BLUE_ARCHIVE_HINATA_UI_SHIMIKO_PRIVATE_CONTEXTUALIZATION_CHECKPOINT.md,REF:CYCLE008_ACCEPTED,REF:CYCLE008_SCOPE,unresolved,,REF:CYCLE008_LIMITS,UNASSESSED,REF:PRIVATE_PRIORITY,1,57,4
BA:bond:26004:015,bond,MANDATORY_COMPLETE_REVIEW,02_CANONICAL_STORIES/BOND/SHIMIKO/VARIANT_26004_EPISODE_015.md,3cb364fa5e57b078faf4d660ef7ef9b80825b37343557890a1635b63c5e6f386,ADMITTED,series/blue-archive/02 Sequential Readings/BOND/BLUE_ARCHIVE_HINATA_UI_SHIMIKO_PRIVATE_CONTEXTUALIZATION_CHECKPOINT.md,REF:CYCLE008_ACCEPTED,REF:CYCLE008_SCOPE,unresolved,,REF:CYCLE008_LIMITS,UNASSESSED,REF:PRIVATE_PRIORITY,1,34,7
BA:bond:26005:002,bond,MANDATORY_COMPLETE_REVIEW,02_CANONICAL_STORIES/BOND/YOSHIMI/VARIANT_26005_EPISODE_002.md,c44364a717a9a23d9c8d0e4997bb98b10d7c70a571b16f4c94397c4cea37c2e4,ADMITTED,series/blue-archive/02 Sequential Readings/BOND/BLUE_ARCHIVE_AIRI_KAZUSA_YOSHIMI_NATSU_PRIVATE_CONTEXTUALIZATION_CHECKPOINT.md,REF:CYCLE008_ACCEPTED,REF:CYCLE008_SCOPE,unresolved,,REF:CYCLE008_LIMITS,UNASSESSED,REF:PRIVATE_PRIORITY,1,36,4
BA:bond:26005:003,bond,MANDATORY_COMPLETE_REVIEW,02_CANONICAL_STORIES/BOND/YOSHIMI/VARIANT_26005_EPISODE_003.md,999226d3bfb46fc6e76d8833eca2f48eeb59a6a88ce963cdd8974b7d6febe2ca,ADMITTED,series/blue-archive/02 Sequential Readings/BOND/BLUE_ARCHIVE_AIRI_KAZUSA_YOSHIMI_NATSU_PRIVATE_CONTEXTUALIZATION_CHECKPOINT.md,REF:CYCLE008_ACCEPTED,REF:CYCLE008_SCOPE,unresolved,,REF:CYCLE008_LIMITS,UNASSESSED,REF:PRIVATE_PRIORITY,1,36,3
BA:bond:26005:005,bond,MANDATORY_COMPLETE_REVIEW,02_CANONICAL_STORIES/BOND/YOSHIMI/VARIANT_26005_EPISODE_005.md,c0514f73f400cd38b64d0a1298868eeb6229c6dc55722d7c01bf0fe94a181ef4,ADMITTED,series/blue-archive/02 Sequential Readings/BOND/BLUE_ARCHIVE_AIRI_KAZUSA_YOSHIMI_NATSU_PRIVATE_CONTEXTUALIZATION_CHECKPOINT.md,REF:CYCLE008_ACCEPTED,REF:CYCLE008_SCOPE,unresolved,,REF:CYCLE008_LIMITS,UNASSESSED,REF:PRIVATE_PRIORITY,1,51,4
BA:bond:26005:006,bond,MANDATORY_COMPLETE_REVIEW,02_CANONICAL_STORIES/BOND/YOSHIMI/VARIANT_26005_EPISODE_006.md,266c8fbbb2ff35325e4bc1cff6bdb69da4e8e5f3e8c0242abce2d0bd9f0d5a72,ADMITTED,series/blue-archive/02 Sequential Readings/BOND/BLUE_ARCHIVE_AIRI_KAZUSA_YOSHIMI_NATSU_PRIVATE_CONTEXTUALIZATION_CHECKPOINT.md,REF:CYCLE008_ACCEPTED,REF:CYCLE008_SCOPE,unresolved,,REF:CYCLE008_LIMITS,UNASSESSED,REF:PRIVATE_PRIORITY,1,69,3
BA:bond:26005:015,bond,MANDATORY_COMPLETE_REVIEW,02_CANONICAL_STORIES/BOND/YOSHIMI/VARIANT_26005_EPISODE_015.md,ad1253f352caeef76155c1c3764b3581ff47325f4ef3ce06afadebe72148bd9b,ADMITTED,series/blue-archive/02 Sequential Readings/BOND/BLUE_ARCHIVE_AIRI_KAZUSA_YOSHIMI_NATSU_PRIVATE_CONTEXTUALIZATION_CHECKPOINT.md,REF:CYCLE008_ACCEPTED,REF:CYCLE008_SCOPE,unresolved,,REF:CYCLE008_LIMITS,UNASSESSED,REF:PRIVATE_PRIORITY,1,44,4
BA:bond:26006:002,bond,MANDATORY_COMPLETE_REVIEW,02_CANONICAL_STORIES/BOND/NODOKA/VARIANT_26006_EPISODE_002.md,d3c1511b7ba2c5ce1f3d66644704e1f2b021c2313f4c6e4937eb9f9701a2fe8f,ADMITTED,series/blue-archive/02 Sequential Readings/BOND/BLUE_ARCHIVE_RED_WINTER7_PHASE2_PRIVATE_CONTEXTUAL_ACCOUNT_20261008.md,REF:CYCLE008_ACCEPTED,REF:CYCLE008_SCOPE,unresolved,,REF:CYCLE008_LIMITS,UNASSESSED,REF:PRIVATE_PRIORITY,1,22,6
BA:bond:26006:003,bond,MANDATORY_COMPLETE_REVIEW,02_CANONICAL_STORIES/BOND/NODOKA/VARIANT_26006_EPISODE_003.md,4c5a8122dd4ca02b604f8e63f4dfbcae0af3e0eae1f6e674f1df7d9334f63820,ADMITTED,series/blue-archive/02 Sequential Readings/BOND/BLUE_ARCHIVE_RED_WINTER7_PHASE2_PRIVATE_CONTEXTUAL_ACCOUNT_20261008.md,REF:CYCLE008_ACCEPTED,REF:CYCLE008_SCOPE,unresolved,,REF:CYCLE008_LIMITS,UNASSESSED,REF:PRIVATE_PRIORITY,1,18,2
BA:bond:26006:005,bond,MANDATORY_COMPLETE_REVIEW,02_CANONICAL_STORIES/BOND/NODOKA/VARIANT_26006_EPISODE_005.md,072d171b9d70044c03d0bb3e476426089817fbb124a89cfa205d51f2850602ee,ADMITTED,series/blue-archive/02 Sequential Readings/BOND/BLUE_ARCHIVE_RED_WINTER7_PHASE2_PRIVATE_CONTEXTUAL_ACCOUNT_20261008.md,REF:CYCLE008_ACCEPTED,REF:CYCLE008_SCOPE,unresolved,,REF:CYCLE008_LIMITS,UNASSESSED,REF:PRIVATE_PRIORITY,1,21,4
BA:bond:26006:006,bond,MANDATORY_COMPLETE_REVIEW,02_CANONICAL_STORIES/BOND/NODOKA/VARIANT_26006_EPISODE_006.md,df5dace43d7e3b7579106909af39bf7de6025120fcb0d0bf6f6db4b06eddfdba,ADMITTED,series/blue-archive/02 Sequential Readings/BOND/BLUE_ARCHIVE_RED_WINTER7_PHASE2_PRIVATE_CONTEXTUAL_ACCOUNT_20261008.md,REF:CYCLE008_ACCEPTED,REF:CYCLE008_SCOPE,unresolved,,REF:CYCLE008_LIMITS,UNASSESSED,REF:PRIVATE_PRIORITY,2,28,2
BA:bond:26006:008,bond,MANDATORY_COMPLETE_REVIEW,02_CANONICAL_STORIES/BOND/NODOKA/VARIANT_26006_EPISODE_008.md,265e6ee8065453343ccdf51484bf061088420f94339e7384e63b8b306bcd4a81,ADMITTED,series/blue-archive/02 Sequential Readings/BOND/BLUE_ARCHIVE_RED_WINTER7_PHASE2_PRIVATE_CONTEXTUAL_ACCOUNT_20261008.md,REF:CYCLE008_ACCEPTED,REF:CYCLE008_SCOPE,unresolved,,REF:CYCLE008_LIMITS,UNASSESSED,REF:PRIVATE_PRIORITY,1,18,3
BA:bond:26007:002,bond,MANDATORY_COMPLETE_REVIEW,02_CANONICAL_STORIES/BOND/AYANE/VARIANT_26007_EPISODE_002.md,c4d1382a93dae33708e24ccb11007813eff1dae4df3339d99f0b3a5bbac6aaa0,ADMITTED,series/blue-archive/02 Sequential Readings/BOND/AYANE/BLUE_ARCHIVE_AYANE_PRIVATE_CONTEXTUALIZATION_CHECKPOINT.md,REF:ORIGINAL_ADMISSION_RECORD_0020,REF:ORIGINAL_ADMITTED_CLAIM_SCOPE_0076,LOCAL_RELATIVE_ONLY,Holiday/yesterday/this-morning/crash/middle-school anchors only; no event/main edge.,REF:ORIGINAL_ATTRIBUTION_LIMITS_0077,HIGH,REF:ORIGINAL_PRIORITY_REASON_0078,1,47,5
BA:bond:26007:003,bond,MANDATORY_COMPLETE_REVIEW,02_CANONICAL_STORIES/BOND/AYANE/VARIANT_26007_EPISODE_003.md,d01ad54a9dd0dd6f798459f44262d7554847bccd1aa0c048271803db3c45c941,ADMITTED,series/blue-archive/02 Sequential Readings/BOND/AYANE/BLUE_ARCHIVE_AYANE_PRIVATE_CONTEXTUALIZATION_CHECKPOINT.md,REF:ORIGINAL_ADMISSION_RECORD_0020,REF:ORIGINAL_ADMITTED_CLAIM_SCOPE_0076,LOCAL_RELATIVE_ONLY,Holiday/yesterday/this-morning/crash/middle-school anchors only; no event/main edge.,REF:ORIGINAL_ATTRIBUTION_LIMITS_0077,HIGH,REF:ORIGINAL_PRIORITY_REASON_0078,1,40,5
BA:bond:26007:005,bond,MANDATORY_COMPLETE_REVIEW,02_CANONICAL_STORIES/BOND/AYANE/VARIANT_26007_EPISODE_005.md,143803e1fc22e48877db2667208e44389ca20d97583b0384db9a9deadf1bda5c,ADMITTED,series/blue-archive/02 Sequential Readings/BOND/AYANE/BLUE_ARCHIVE_AYANE_PRIVATE_CONTEXTUALIZATION_CHECKPOINT.md,REF:ORIGINAL_ADMISSION_RECORD_0020,REF:ORIGINAL_ADMITTED_CLAIM_SCOPE_0076,LOCAL_RELATIVE_ONLY,Holiday/yesterday/this-morning/crash/middle-school anchors only; no event/main edge.,REF:ORIGINAL_ATTRIBUTION_LIMITS_0077,HIGH,REF:ORIGINAL_PRIORITY_REASON_0078,1,75,5
BA:bond:26008:002,bond,MANDATORY_COMPLETE_REVIEW,02_CANONICAL_STORIES/BOND/SHIZUKO/VARIANT_26008_EPISODE_002.md,b96d48ac91d7a902b198a02ccffc59238e2dfd37bcbb6bc72c1b4a810024ee33,ADMITTED,series/blue-archive/02 Sequential Readings/BOND/BLUE_ARCHIVE_FESTIVAL_SHIZUKO_FINA_UMIKA_PHASE2_PRIVATE_CONTEXTUAL_ACCOUNT_20261008.md,REF:CYCLE008_ACCEPTED,REF:CYCLE008_SCOPE,unresolved,,REF:CYCLE008_LIMITS,UNASSESSED,REF:PRIVATE_PRIORITY,1,52,7
BA:bond:26008:003,bond,MANDATORY_COMPLETE_REVIEW,02_CANONICAL_STORIES/BOND/SHIZUKO/VARIANT_26008_EPISODE_003.md,e5838eb615069d9ca3f0f42cc5bfb820722a17ed01b88e3c7c6f2b51037ba412,ADMITTED,series/blue-archive/02 Sequential Readings/BOND/BLUE_ARCHIVE_FESTIVAL_SHIZUKO_FINA_UMIKA_PHASE2_PRIVATE_CONTEXTUAL_ACCOUNT_20261008.md,REF:CYCLE008_ACCEPTED,REF:CYCLE008_SCOPE,unresolved,,REF:CYCLE008_LIMITS,UNASSESSED,REF:PRIVATE_PRIORITY,1,73,13
BA:bond:26008:005,bond,MANDATORY_COMPLETE_REVIEW,02_CANONICAL_STORIES/BOND/SHIZUKO/VARIANT_26008_EPISODE_005.md,8c0756d4963df98302da66925693dfc609091163bdf80278900c7101cc4c78b7,ADMITTED,series/blue-archive/02 Sequential Readings/BOND/BLUE_ARCHIVE_FESTIVAL_SHIZUKO_FINA_UMIKA_PHASE2_PRIVATE_CONTEXTUAL_ACCOUNT_20261008.md,REF:CYCLE008_ACCEPTED,REF:CYCLE008_SCOPE,unresolved,,REF:CYCLE008_LIMITS,UNASSESSED,REF:PRIVATE_PRIORITY,1,55,9
BA:bond:26009:002,bond,MANDATORY_COMPLETE_REVIEW,02_CANONICAL_STORIES/BOND/YUZU/VARIANT_26009_EPISODE_002.md,f64a33767ee476e059b8bfb16af0409badc0fb322b0da286fefd830920239260,ADMITTED,series/blue-archive/02 Sequential Readings/BOND/BLUE_ARCHIVE_YUZU_PHASE2_PRIVATE_CONTEXTUAL_ACCOUNT_20261008.md,REF:CYCLE008_ACCEPTED,REF:CYCLE008_SCOPE,unresolved,,REF:CYCLE008_LIMITS,UNASSESSED,REF:PRIVATE_PRIORITY,1,42,4
BA:bond:26009:003,bond,MANDATORY_COMPLETE_REVIEW,02_CANONICAL_STORIES/BOND/YUZU/VARIANT_26009_EPISODE_003.md,dab494e0efe965208fc2728a30dc5b82d5a856939fda17f79c939b0d137d556d,ADMITTED,series/blue-archive/02 Sequential Readings/BOND/BLUE_ARCHIVE_YUZU_PHASE2_PRIVATE_CONTEXTUAL_ACCOUNT_20261008.md,REF:CYCLE008_ACCEPTED,REF:CYCLE008_SCOPE,unresolved,,REF:CYCLE008_LIMITS,UNASSESSED,REF:PRIVATE_PRIORITY,1,48,10
BA:bond:26009:005,bond,MANDATORY_COMPLETE_REVIEW,02_CANONICAL_STORIES/BOND/YUZU/VARIANT_26009_EPISODE_005.md,15e7579fd3c63e8b733d0f4eb966d176589e6118f18967bf167669c06d434c87,ADMITTED,series/blue-archive/02 Sequential Readings/BOND/BLUE_ARCHIVE_YUZU_PHASE2_PRIVATE_CONTEXTUAL_ACCOUNT_20261008.md,REF:CYCLE008_ACCEPTED,REF:CYCLE008_SCOPE,unresolved,,REF:CYCLE008_LIMITS,UNASSESSED,REF:PRIVATE_PRIORITY,2,90,8
BA:bond:26009:006,bond,MANDATORY_COMPLETE_REVIEW,02_CANONICAL_STORIES/BOND/YUZU/VARIANT_26009_EPISODE_006.md,e74b6069fcf58888c28fece4e43aec01acdd8ec1136f26e80bfcc814b88c1019,ADMITTED,series/blue-archive/02 Sequential Readings/BOND/BLUE_ARCHIVE_YUZU_PHASE2_PRIVATE_CONTEXTUAL_ACCOUNT_20261008.md,REF:CYCLE008_ACCEPTED,REF:CYCLE008_SCOPE,unresolved,,REF:CYCLE008_LIMITS,UNASSESSED,REF:PRIVATE_PRIORITY,2,37,5
BA:bond:26010:002,bond,MANDATORY_COMPLETE_REVIEW,02_CANONICAL_STORIES/BOND/CH0145/VARIANT_26010_EPISODE_002.md,e4c04728e804f032ac319207942188a418c052941792763a2ae5ea8b5a5cee2a,ADMITTED,series/blue-archive/02 Sequential Readings/BOND/MIYU/BLUE_ARCHIVE_MIYU_PHASE2_PRIVATE_CONTEXTUAL_ACCOUNT_20261008.md,REF:CYCLE008_ACCEPTED,REF:CYCLE008_SCOPE,unresolved,,REF:CYCLE008_LIMITS,UNASSESSED,REF:PRIVATE_PRIORITY,1,59,5
BA:bond:26010:003,bond,MANDATORY_COMPLETE_REVIEW,02_CANONICAL_STORIES/BOND/CH0145/VARIANT_26010_EPISODE_003.md,f1afb9ebe09a924e291b7001fb590600dcc0f8ee6cefd6e8c7e89bfcf1e0177e,ADMITTED,series/blue-archive/02 Sequential Readings/BOND/MIYU/BLUE_ARCHIVE_MIYU_PHASE2_PRIVATE_CONTEXTUAL_ACCOUNT_20261008.md,REF:CYCLE008_ACCEPTED,REF:CYCLE008_SCOPE,unresolved,,REF:CYCLE008_LIMITS,UNASSESSED,REF:PRIVATE_PRIORITY,1,37,5
BA:bond:26010:005,bond,MANDATORY_COMPLETE_REVIEW,02_CANONICAL_STORIES/BOND/CH0145/VARIANT_26010_EPISODE_005.md,05b5440fc3c8a15877e2e7a0bab204dde4ef8c5b65fc70082ff72e1103ca6483,ADMITTED,series/blue-archive/02 Sequential Readings/BOND/MIYU/BLUE_ARCHIVE_MIYU_PHASE2_PRIVATE_CONTEXTUAL_ACCOUNT_20261008.md,REF:CYCLE008_ACCEPTED,REF:CYCLE008_SCOPE,unresolved,,REF:CYCLE008_LIMITS,UNASSESSED,REF:PRIVATE_PRIORITY,1,39,5
BA:bond:26010:006,bond,MANDATORY_COMPLETE_REVIEW,02_CANONICAL_STORIES/BOND/CH0145/VARIANT_26010_EPISODE_006.md,da2573b5ff55ce15a3a648b20de51876c926b85b87284d1973911500cff7b71a,ADMITTED,series/blue-archive/02 Sequential Readings/BOND/MIYU/BLUE_ARCHIVE_MIYU_PHASE2_PRIVATE_CONTEXTUAL_ACCOUNT_20261008.md,REF:CYCLE008_ACCEPTED,REF:CYCLE008_SCOPE,unresolved,,REF:CYCLE008_LIMITS,UNASSESSED,REF:PRIVATE_PRIORITY,1,29,5
BA:bond:26011:002,bond,MANDATORY_COMPLETE_REVIEW,02_CANONICAL_STORIES/BOND/CH9996/VARIANT_26011_EPISODE_002.md,a5e15c452d1a3f3d574edbe36b41b201f2887476dda12ba2c5cd6c4f587730e9,ADMITTED,series/blue-archive/02 Sequential Readings/BOND/BLUE_ARCHIVE_COLLABORATION4_PHASE2_PRIVATE_AND_MODE_CONTEXTUAL_ACCOUNT_20261009.md,REF:CYCLE008_ACCEPTED,REF:CYCLE008_SCOPE,unresolved,,REF:CYCLE008_LIMITS;REF:NEW80_ROOT_QUALIFIED;REF:NEW80_IDENTITY_MODES,UNASSESSED,REF:PRIVATE_PRIORITY,1,44,7
BA:bond:26011:003,bond,MANDATORY_COMPLETE_REVIEW,02_CANONICAL_STORIES/BOND/CH9996/VARIANT_26011_EPISODE_003.md,3bc123f96490c393669f1d952abe8f9cec0cf71d45aea28a7802a473f268abb7,ADMITTED,series/blue-archive/02 Sequential Readings/BOND/BLUE_ARCHIVE_COLLABORATION4_PHASE2_PRIVATE_AND_MODE_CONTEXTUAL_ACCOUNT_20261009.md,REF:CYCLE008_ACCEPTED,REF:CYCLE008_SCOPE,unresolved,,REF:CYCLE008_LIMITS;REF:NEW80_ROOT_QUALIFIED;REF:NEW80_IDENTITY_MODES,UNASSESSED,REF:PRIVATE_PRIORITY,1,58,2
BA:bond:26011:005,bond,MANDATORY_COMPLETE_REVIEW,02_CANONICAL_STORIES/BOND/CH9996/VARIANT_26011_EPISODE_005.md,0972047e9dadd0594eb8b2591047b8a1494ec8c90124b3f54defb6003eec5bea,ADMITTED,series/blue-archive/02 Sequential Readings/BOND/BLUE_ARCHIVE_COLLABORATION4_PHASE2_PRIVATE_AND_MODE_CONTEXTUAL_ACCOUNT_20261009.md,REF:CYCLE008_ACCEPTED,REF:CYCLE008_SCOPE,unresolved,,REF:CYCLE008_LIMITS;REF:NEW80_ROOT_QUALIFIED;REF:NEW80_IDENTITY_MODES,UNASSESSED,REF:PRIVATE_PRIORITY,1,45,3
BA:bond:26011:006,bond,MANDATORY_COMPLETE_REVIEW,02_CANONICAL_STORIES/BOND/CH9996/VARIANT_26011_EPISODE_006.md,2d8e2f07e27cdcf57c011db066706f2e2b96ee24f9a04ec1b1f669c95335ba49,ADMITTED,series/blue-archive/02 Sequential Readings/BOND/BLUE_ARCHIVE_COLLABORATION4_PHASE2_PRIVATE_AND_MODE_CONTEXTUAL_ACCOUNT_20261009.md,REF:CYCLE008_ACCEPTED,REF:CYCLE008_SCOPE,unresolved,,REF:CYCLE008_LIMITS;REF:NEW80_ROOT_QUALIFIED;REF:NEW80_IDENTITY_MODES,UNASSESSED,REF:PRIVATE_PRIORITY,1,35,3
BA:bond:26012:002,bond,MANDATORY_COMPLETE_REVIEW,02_CANONICAL_STORIES/BOND/KIRINO/VARIANT_26012_EPISODE_002.md,82d0fddd31542eea71c55e17a3506eb353d1f9998783418bfcb56f80cf9d7aa3,ADMITTED,series/blue-archive/02 Sequential Readings/BOND/KIRINO/BLUE_ARCHIVE_KIRINO_PHASE2_PRIVATE_CONTEXTUAL_ACCOUNT_20261008.md,REF:CYCLE008_ACCEPTED,REF:CYCLE008_SCOPE,unresolved,,REF:CYCLE008_LIMITS,UNASSESSED,REF:PRIVATE_PRIORITY,1,39,10
BA:bond:26012:003,bond,MANDATORY_COMPLETE_REVIEW,02_CANONICAL_STORIES/BOND/KIRINO/VARIANT_26012_EPISODE_003.md,f26428ab55ab03dda5d961efd81cd0f0ce8e6228bf572e74533cdf10ddd52dc1,ADMITTED,series/blue-archive/02 Sequential Readings/BOND/KIRINO/BLUE_ARCHIVE_KIRINO_PHASE2_PRIVATE_CONTEXTUAL_ACCOUNT_20261008.md,REF:CYCLE008_ACCEPTED,REF:CYCLE008_SCOPE,unresolved,,REF:CYCLE008_LIMITS,UNASSESSED,REF:PRIVATE_PRIORITY,1,42,11
BA:bond:26012:005,bond,MANDATORY_COMPLETE_REVIEW,02_CANONICAL_STORIES/BOND/KIRINO/VARIANT_26012_EPISODE_005.md,e5f82d6b933c96319536d2764cabf51841ba0a417e8ae8bfaa7bb5a17b5846bf,ADMITTED,series/blue-archive/02 Sequential Readings/BOND/KIRINO/BLUE_ARCHIVE_KIRINO_PHASE2_PRIVATE_CONTEXTUAL_ACCOUNT_20261008.md,REF:CYCLE008_ACCEPTED,REF:CYCLE008_SCOPE,unresolved,,REF:CYCLE008_LIMITS,UNASSESSED,REF:PRIVATE_PRIORITY,1,44,5
BA:bond:26013:002,bond,MANDATORY_COMPLETE_REVIEW,02_CANONICAL_STORIES/BOND/ATSUKO/VARIANT_26013_EPISODE_002.md,13df2955b45a61d73aef65f139fcec6987c9f786ff59c2a9ded8ab793a1f5389,ADMITTED,series/blue-archive/02 Sequential Readings/BOND/BLUE_ARCHIVE_SAORI_ATSUKO_PRIVATE_CONTEXTUALIZATION_CHECKPOINT.md,REF:CYCLE008_ACCEPTED,REF:CYCLE008_SCOPE,unresolved,,REF:CYCLE008_LIMITS,UNASSESSED,REF:PRIVATE_PRIORITY,1,57,10
BA:bond:26013:003,bond,MANDATORY_COMPLETE_REVIEW,02_CANONICAL_STORIES/BOND/ATSUKO/VARIANT_26013_EPISODE_003.md,437a77c9afcda98a2907f9f3a6906ac450dd3819f74d02a96089da2218fcb010,ADMITTED,series/blue-archive/02 Sequential Readings/BOND/BLUE_ARCHIVE_SAORI_ATSUKO_PRIVATE_CONTEXTUALIZATION_CHECKPOINT.md,REF:CYCLE008_ACCEPTED,REF:CYCLE008_SCOPE,unresolved,,REF:CYCLE008_LIMITS,UNASSESSED,REF:PRIVATE_PRIORITY,1,71,10
BA:bond:26013:005,bond,MANDATORY_COMPLETE_REVIEW,02_CANONICAL_STORIES/BOND/ATSUKO/VARIANT_26013_EPISODE_005.md,8ef8f8c2b034d68ff673263e526499c2114a11ad86331673e72abb7b4a97b484,ADMITTED,series/blue-archive/02 Sequential Readings/BOND/BLUE_ARCHIVE_SAORI_ATSUKO_PRIVATE_CONTEXTUALIZATION_CHECKPOINT.md,REF:CYCLE008_ACCEPTED,REF:CYCLE008_SCOPE,unresolved,,REF:CYCLE008_LIMITS,UNASSESSED,REF:PRIVATE_PRIORITY,1,43,6
BA:bond:26014:002,bond,MANDATORY_COMPLETE_REVIEW,02_CANONICAL_STORIES/BOND/KARIN/VARIANT_26014_EPISODE_002.md,158613b4f214a2408f3a16b9566e9248bed05da2ba9f4f2ae6bb97e262cdfe9a,ADMITTED,series/blue-archive/02 Sequential Readings/BOND/BLUE_ARCHIVE_KARIN_PHASE2_PRIVATE_CONTEXTUAL_ACCOUNT_20261008.md,REF:CYCLE008_ACCEPTED,REF:CYCLE008_SCOPE,unresolved,,REF:CYCLE008_LIMITS,UNASSESSED,REF:PRIVATE_PRIORITY,1,78,14
BA:bond:26014:003,bond,MANDATORY_COMPLETE_REVIEW,02_CANONICAL_STORIES/BOND/KARIN/VARIANT_26014_EPISODE_003.md,25b93ed9fecfa3e2f4e4b1c214f683206bc6cb6f01b2803a2b29d9d61b070329,ADMITTED,series/blue-archive/02 Sequential Readings/BOND/BLUE_ARCHIVE_KARIN_PHASE2_PRIVATE_CONTEXTUAL_ACCOUNT_20261008.md,REF:CYCLE008_ACCEPTED,REF:CYCLE008_SCOPE,unresolved,,REF:CYCLE008_LIMITS,UNASSESSED,REF:PRIVATE_PRIORITY,1,39,10
BA:bond:26014:005,bond,MANDATORY_COMPLETE_REVIEW,02_CANONICAL_STORIES/BOND/KARIN/VARIANT_26014_EPISODE_005.md,a5fd0b2e6614f2487d2bee7aeadf1fec4fa2c7dca71b63a39a8b4f3e2a596b47,ADMITTED,series/blue-archive/02 Sequential Readings/BOND/BLUE_ARCHIVE_KARIN_PHASE2_PRIVATE_CONTEXTUAL_ACCOUNT_20261008.md,REF:CYCLE008_ACCEPTED,REF:CYCLE008_SCOPE,unresolved,,REF:CYCLE008_LIMITS,UNASSESSED,REF:PRIVATE_PRIORITY,1,67,19
BA:bond:26015:002,bond,MANDATORY_COMPLETE_REVIEW,02_CANONICAL_STORIES/BOND/CH0071/VARIANT_26015_EPISODE_002.md,5f52aed6038462f3c7bcc55e090eb13d7610e42f798f66dd37449265a7ae14c9,ADMITTED,series/blue-archive/02 Sequential Readings/BOND/BLUE_ARCHIVE_SUZUMI_REISA_ICHIKA_PRIVATE_CONTEXTUALIZATION_CHECKPOINT.md,REF:CYCLE008_ACCEPTED,REF:CYCLE008_SCOPE,unresolved,,REF:CYCLE008_LIMITS,UNASSESSED,REF:PRIVATE_PRIORITY,1,72,4
BA:bond:26015:003,bond,MANDATORY_COMPLETE_REVIEW,02_CANONICAL_STORIES/BOND/CH0071/VARIANT_26015_EPISODE_003.md,db989fd774460b643ea566f061cbbffbcc8ddc03d7bdeb07873218e8fd67692d,ADMITTED,series/blue-archive/02 Sequential Readings/BOND/BLUE_ARCHIVE_SUZUMI_REISA_ICHIKA_PRIVATE_CONTEXTUALIZATION_CHECKPOINT.md,REF:CYCLE008_ACCEPTED,REF:CYCLE008_SCOPE,unresolved,,REF:CYCLE008_LIMITS,UNASSESSED,REF:PRIVATE_PRIORITY,1,57,6
BA:bond:26015:005,bond,MANDATORY_COMPLETE_REVIEW,02_CANONICAL_STORIES/BOND/CH0071/VARIANT_26015_EPISODE_005.md,d398f5ef74e005d491f4ea6416a5cfb2effac376a7f0dfd71c561a8f47c35af1,ADMITTED,series/blue-archive/02 Sequential Readings/BOND/BLUE_ARCHIVE_SUZUMI_REISA_ICHIKA_PRIVATE_CONTEXTUALIZATION_CHECKPOINT.md,REF:CYCLE008_ACCEPTED,REF:CYCLE008_SCOPE,unresolved,,REF:CYCLE008_LIMITS,UNASSESSED,REF:PRIVATE_PRIORITY,1,47,4
BA:bond:26015:006,bond,MANDATORY_COMPLETE_REVIEW,02_CANONICAL_STORIES/BOND/CH0071/VARIANT_26015_EPISODE_006.md,ab0cb59aea29283a08eac8f040250c44cb0412dcc3bbfc54bc96dd417f77592a,ADMITTED,series/blue-archive/02 Sequential Readings/BOND/BLUE_ARCHIVE_SUZUMI_REISA_ICHIKA_PRIVATE_CONTEXTUALIZATION_CHECKPOINT.md,REF:CYCLE008_ACCEPTED,REF:CYCLE008_SCOPE,unresolved,,REF:CYCLE008_LIMITS,UNASSESSED,REF:PRIVATE_PRIORITY,1,35,4
BA:bond:26016:002,bond,MANDATORY_COMPLETE_REVIEW,02_CANONICAL_STORIES/BOND/CH0238/VARIANT_26016_EPISODE_002.md,08f20ea796e70e9fda390608537e083424329ca204702db259174e3455ff9c7f,ADMITTED,series/blue-archive/02 Sequential Readings/BOND/BLUE_ARCHIVE_GEHENNA20_PHASE2_PRIVATE_CONTEXTUAL_ACCOUNT_20261008.md,REF:CYCLE008_ACCEPTED,REF:CYCLE008_SCOPE,unresolved,,REF:CYCLE008_LIMITS,UNASSESSED,REF:PRIVATE_PRIORITY,1,98,4
BA:bond:26016:003,bond,MANDATORY_COMPLETE_REVIEW,02_CANONICAL_STORIES/BOND/CH0238/VARIANT_26016_EPISODE_003.md,ceaf2eaec352e481b4848593a1e85dd273d49575cd0625afaf7126a183fa6be8,ADMITTED,series/blue-archive/02 Sequential Readings/BOND/BLUE_ARCHIVE_GEHENNA20_PHASE2_PRIVATE_CONTEXTUAL_ACCOUNT_20261008.md,REF:CYCLE008_ACCEPTED,REF:CYCLE008_SCOPE,unresolved,,REF:CYCLE008_LIMITS,UNASSESSED,REF:PRIVATE_PRIORITY,1,55,7
BA:bond:26016:005,bond,MANDATORY_COMPLETE_REVIEW,02_CANONICAL_STORIES/BOND/CH0238/VARIANT_26016_EPISODE_005.md,17e1b7b8d5b9fe13ea1cce9e32f1e8360e89d08b6ea9d5e82cb828a3d0bd857d,ADMITTED,series/blue-archive/02 Sequential Readings/BOND/BLUE_ARCHIVE_GEHENNA20_PHASE2_PRIVATE_CONTEXTUAL_ACCOUNT_20261008.md,REF:CYCLE008_ACCEPTED,REF:CYCLE008_SCOPE,unresolved,,REF:CYCLE008_LIMITS,UNASSESSED,REF:PRIVATE_PRIORITY,1,57,6
BA:bond:26016:006,bond,MANDATORY_COMPLETE_REVIEW,02_CANONICAL_STORIES/BOND/CH0238/VARIANT_26016_EPISODE_006.md,78c7f0a2619b6c73a60c2332a25faeb0a210d11946fad1a0789711ddf34d922a,ADMITTED,series/blue-archive/02 Sequential Readings/BOND/BLUE_ARCHIVE_GEHENNA20_PHASE2_PRIVATE_CONTEXTUAL_ACCOUNT_20261008.md,REF:CYCLE008_ACCEPTED,REF:CYCLE008_SCOPE,unresolved,,REF:CYCLE008_LIMITS,UNASSESSED,REF:PRIVATE_PRIORITY,1,47,5
