base_commit	operation	previous_git_path	current_git_path	previous_git_sha256	current_git_sha256	transformation
df03cc7e41cde31d101d064da5da868febb6089b	MOVE	series/gakuen-idolmaster/03_SOURCE_FACING_READINGS/01_CHARACTER_CORE_READINGS/01_HANAMI_SAKI/GKM_PHASE3_SAKI_AUDIOVISUAL_ARTIFACT_CHECKSUMS.sha256	series/gakuen-idolmaster/05_AUDIOVISUAL_ANALYSIS/01_HANAMI_SAKI/GKM_PHASE3_SAKI_AUDIOVISUAL_ARTIFACT_CHECKSUMS.sha256	ad5a002e71261b9b705594f720e1add321719954968e74b7e12686990fb524b2	ad5a002e71261b9b705594f720e1add321719954968e74b7e12686990fb524b2	MOVE_ONLY
df03cc7e41cde31d101d064da5da868febb6089b	MOVE	series/gakuen-idolmaster/03_SOURCE_FACING_READINGS/01_CHARACTER_CORE_READINGS/01_HANAMI_SAKI/GKM_PHASE3_SAKI_AUDIOVISUAL_COMPLETION_REPORT.md	series/gakuen-idolmaster/05_AUDIOVISUAL_ANALYSIS/01_HANAMI_SAKI/GKM_PHASE3_SAKI_AUDIOVISUAL_COMPLETION_REPORT.md	90fc7cf1d4bc6be2e03bace8d139d0dc3fde47f5ff5da3ca0e68e385fcc48096	90fc7cf1d4bc6be2e03bace8d139d0dc3fde47f5ff5da3ca0e68e385fcc48096	MOVE_ONLY
df03cc7e41cde31d101d064da5da868febb6089b	MOVE	series/gakuen-idolmaster/03_SOURCE_FACING_READINGS/01_CHARACTER_CORE_READINGS/01_HANAMI_SAKI/GKM_PHASE3_SAKI_AV_DELIVERY_AUDIT.md	series/gakuen-idolmaster/05_AUDIOVISUAL_ANALYSIS/01_HANAMI_SAKI/GKM_PHASE3_SAKI_AV_DELIVERY_AUDIT.md	bcae874896592dcca9b6719d49f2a1b0ebb991198fd31184da840425c5bb7755	bcae874896592dcca9b6719d49f2a1b0ebb991198fd31184da840425c5bb7755	MOVE_ONLY
df03cc7e41cde31d101d064da5da868febb6089b	MOVE	series/gakuen-idolmaster/03_SOURCE_FACING_READINGS/01_CHARACTER_CORE_READINGS/02_TSUKIMURA_TEMARI/GKM_PHASE3_TEMARI_AUDIOVISUAL_ARTIFACT_CHECKSUMS.sha256	series/gakuen-idolmaster/05_AUDIOVISUAL_ANALYSIS/02_TSUKIMURA_TEMARI/GKM_PHASE3_TEMARI_AUDIOVISUAL_ARTIFACT_CHECKSUMS.sha256	0646d769f68fc4a2df5c3e2a5b90fa9e97870feae7ce9a974251139558c819a9	0646d769f68fc4a2df5c3e2a5b90fa9e97870feae7ce9a974251139558c819a9	MOVE_ONLY
df03cc7e41cde31d101d064da5da868febb6089b	MOVE	series/gakuen-idolmaster/03_SOURCE_FACING_READINGS/01_CHARACTER_CORE_READINGS/02_TSUKIMURA_TEMARI/GKM_PHASE3_TEMARI_AUDIOVISUAL_COMPLETION_REPORT.md	series/gakuen-idolmaster/05_AUDIOVISUAL_ANALYSIS/02_TSUKIMURA_TEMARI/GKM_PHASE3_TEMARI_AUDIOVISUAL_COMPLETION_REPORT.md	bdeea77d932a4b9ca3db664c27ae900decca72c568e8c095d300bc9abcf8c2f3	bdeea77d932a4b9ca3db664c27ae900decca72c568e8c095d300bc9abcf8c2f3	MOVE_ONLY
df03cc7e41cde31d101d064da5da868febb6089b	MOVE	series/gakuen-idolmaster/03_SOURCE_FACING_READINGS/01_CHARACTER_CORE_READINGS/02_TSUKIMURA_TEMARI/GKM_PHASE3_TEMARI_AV_DELIVERY_AUDIT.md	series/gakuen-idolmaster/05_AUDIOVISUAL_ANALYSIS/02_TSUKIMURA_TEMARI/GKM_PHASE3_TEMARI_AV_DELIVERY_AUDIT.md	b8467990abe5f6b4436590c6dd08d42c107b53b5445a6a313f593f17fe51d27b	b8467990abe5f6b4436590c6dd08d42c107b53b5445a6a313f593f17fe51d27b	MOVE_ONLY
df03cc7e41cde31d101d064da5da868febb6089b	MOVE	series/gakuen-idolmaster/03_SOURCE_FACING_READINGS/01_CHARACTER_CORE_READINGS/03_FUJITA_KOTONE/GAKUEN_IDOLMASTER_PHASE3_KOTONE_COMPLETE_AUDIOVISUAL_BASELINE.zip.sha256	series/gakuen-idolmaster/05_AUDIOVISUAL_ANALYSIS/03_FUJITA_KOTONE/GAKUEN_IDOLMASTER_PHASE3_KOTONE_COMPLETE_AUDIOVISUAL_BASELINE.zip.sha256	5fcf95fab66b9f7ab0e01b2b7a19b7c6eee9c7cadd87fb75d357325f0cb32866	5fcf95fab66b9f7ab0e01b2b7a19b7c6eee9c7cadd87fb75d357325f0cb32866	MOVE_ONLY
df03cc7e41cde31d101d064da5da868febb6089b	MOVE	series/gakuen-idolmaster/03_SOURCE_FACING_READINGS/01_CHARACTER_CORE_READINGS/03_FUJITA_KOTONE/GKM_PHASE3_KOTONE_AUDIOVISUAL_ARTIFACT_CHECKSUMS.sha256	series/gakuen-idolmaster/05_AUDIOVISUAL_ANALYSIS/03_FUJITA_KOTONE/GKM_PHASE3_KOTONE_AUDIOVISUAL_ARTIFACT_CHECKSUMS.sha256	41735bb3f8df08ece07755d48cb7a34b8b20027986cbe035660caed0426e80bf	41735bb3f8df08ece07755d48cb7a34b8b20027986cbe035660caed0426e80bf	MOVE_ONLY
df03cc7e41cde31d101d064da5da868febb6089b	MOVE	series/gakuen-idolmaster/03_SOURCE_FACING_READINGS/01_CHARACTER_CORE_READINGS/03_FUJITA_KOTONE/GKM_PHASE3_KOTONE_AUDIOVISUAL_COMPLETION_REPORT.md	series/gakuen-idolmaster/05_AUDIOVISUAL_ANALYSIS/03_FUJITA_KOTONE/GKM_PHASE3_KOTONE_AUDIOVISUAL_COMPLETION_REPORT.md	3a283acc26beb61b0ab11ae2fee541d38374e54b3ed04ae8bf4c45ce1a2b8c3a	3a283acc26beb61b0ab11ae2fee541d38374e54b3ed04ae8bf4c45ce1a2b8c3a	MOVE_ONLY
df03cc7e41cde31d101d064da5da868febb6089b	MOVE	series/gakuen-idolmaster/03_SOURCE_FACING_READINGS/01_CHARACTER_CORE_READINGS/03_FUJITA_KOTONE/GKM_PHASE3_KOTONE_AV_DELIVERY_AUDIT.md	series/gakuen-idolmaster/05_AUDIOVISUAL_ANALYSIS/03_FUJITA_KOTONE/GKM_PHASE3_KOTONE_AV_DELIVERY_AUDIT.md	204086aa79e92a5652261fc43b162ddf01453f26ebc40ed9eab6333a327ac80e	204086aa79e92a5652261fc43b162ddf01453f26ebc40ed9eab6333a327ac80e	MOVE_ONLY
df03cc7e41cde31d101d064da5da868febb6089b	MOVE	series/gakuen-idolmaster/05_AUDIOVISUAL_ANALYSIS/00_MUSICAL_IDENTITY_BASELINES/01_HANAMI_SAKI/00_README_AND_ARTIFACT_MAP.md	series/gakuen-idolmaster/05_AUDIOVISUAL_ANALYSIS/01_HANAMI_SAKI/00_README_AND_ARTIFACT_MAP.md	1188a785f88c86bcbecbeee6b1e92a33a222e2424e5d3201a09c8bba65d857b1	1188a785f88c86bcbecbeee6b1e92a33a222e2424e5d3201a09c8bba65d857b1	MOVE_ONLY
df03cc7e41cde31d101d064da5da868febb6089b	MOVE	series/gakuen-idolmaster/05_AUDIOVISUAL_ANALYSIS/00_MUSICAL_IDENTITY_BASELINES/01_HANAMI_SAKI/GKM_PHASE3_SAKI_AUDIOVISUAL_SOURCE_MANIFEST.json	series/gakuen-idolmaster/05_AUDIOVISUAL_ANALYSIS/01_HANAMI_SAKI/GKM_PHASE3_SAKI_AUDIOVISUAL_SOURCE_MANIFEST.json	f9cabd4d8b1b6918b87c80761bde83870c0ded3f4efbd6830827dcfb2c1678ca	f9cabd4d8b1b6918b87c80761bde83870c0ded3f4efbd6830827dcfb2c1678ca	MOVE_ONLY
df03cc7e41cde31d101d064da5da868febb6089b	MOVE	series/gakuen-idolmaster/05_AUDIOVISUAL_ANALYSIS/00_MUSICAL_IDENTITY_BASELINES/01_HANAMI_SAKI/GKM_SAKI_AUDIOVISUAL_BASELINE_AND_REQUESTS.md	series/gakuen-idolmaster/05_AUDIOVISUAL_ANALYSIS/01_HANAMI_SAKI/GKM_SAKI_AUDIOVISUAL_BASELINE_AND_REQUESTS.md	9b7721e22dcb1e46bf8090886ed009d1c97ac6b2c366467ce5ef612a0da5fe94	9b7721e22dcb1e46bf8090886ed009d1c97ac6b2c366467ce5ef612a0da5fe94	MOVE_ONLY
df03cc7e41cde31d101d064da5da868febb6089b	MOVE	series/gakuen-idolmaster/05_AUDIOVISUAL_ANALYSIS/00_MUSICAL_IDENTITY_BASELINES/01_HANAMI_SAKI/GKM_SAKI_AV_EVIDENCE_AND_METRICS_MATRIX.md	series/gakuen-idolmaster/05_AUDIOVISUAL_ANALYSIS/01_HANAMI_SAKI/GKM_SAKI_AV_EVIDENCE_AND_METRICS_MATRIX.md	665d9fa812f0808a1506dfade1af94ad542a3a407ef191219a65b0df84ca876a	665d9fa812f0808a1506dfade1af94ad542a3a407ef191219a65b0df84ca876a	MOVE_ONLY
df03cc7e41cde31d101d064da5da868febb6089b	MOVE	series/gakuen-idolmaster/05_AUDIOVISUAL_ANALYSIS/00_MUSICAL_IDENTITY_BASELINES/01_HANAMI_SAKI/GKM_SAKI_COMPLETE_AUDIOVISUAL_BASELINE.md	series/gakuen-idolmaster/05_AUDIOVISUAL_ANALYSIS/01_HANAMI_SAKI/GKM_SAKI_COMPLETE_AUDIOVISUAL_BASELINE.md	52dd1023751c1d707cad530652fa0ac710e5cad410d811af50d0d7635a6c1bd3	52dd1023751c1d707cad530652fa0ac710e5cad410d811af50d0d7635a6c1bd3	MOVE_ONLY
df03cc7e41cde31d101d064da5da868febb6089b	MOVE	series/gakuen-idolmaster/05_AUDIOVISUAL_ANALYSIS/00_MUSICAL_IDENTITY_BASELINES/01_HANAMI_SAKI/SUPPORTING_DATA/dialogue_line_prosody.tsv	series/gakuen-idolmaster/05_AUDIOVISUAL_ANALYSIS/01_HANAMI_SAKI/SUPPORTING_DATA/dialogue_line_prosody.tsv	2cbf1d40dfab2dc8221c293206f55ec1181c8022745fb2328da78179be7f35f5	2cbf1d40dfab2dc8221c293206f55ec1181c8022745fb2328da78179be7f35f5	MOVE_ONLY
df03cc7e41cde31d101d064da5da868febb6089b	MOVE	series/gakuen-idolmaster/05_AUDIOVISUAL_ANALYSIS/00_MUSICAL_IDENTITY_BASELINES/01_HANAMI_SAKI/SUPPORTING_DATA/dialogue_phase_prosody.tsv	series/gakuen-idolmaster/05_AUDIOVISUAL_ANALYSIS/01_HANAMI_SAKI/SUPPORTING_DATA/dialogue_phase_prosody.tsv	fea4b4c4ad0340c1e3438d8189167d1d9b70ee076cd99785d98d3480bef8aae9	fea4b4c4ad0340c1e3438d8189167d1d9b70ee076cd99785d98d3480bef8aae9	MOVE_ONLY
df03cc7e41cde31d101d064da5da868febb6089b	MOVE	series/gakuen-idolmaster/05_AUDIOVISUAL_ANALYSIS/00_MUSICAL_IDENTITY_BASELINES/01_HANAMI_SAKI/SUPPORTING_DATA/dialogue_prosody.json	series/gakuen-idolmaster/05_AUDIOVISUAL_ANALYSIS/01_HANAMI_SAKI/SUPPORTING_DATA/dialogue_prosody.json	35b0672e22b53dec68c1deb42cc518c31807ef6dae5c4f8df3db50526562f934	35b0672e22b53dec68c1deb42cc518c31807ef6dae5c4f8df3db50526562f934	MOVE_ONLY
df03cc7e41cde31d101d064da5da868febb6089b	MOVE	series/gakuen-idolmaster/05_AUDIOVISUAL_ANALYSIS/00_MUSICAL_IDENTITY_BASELINES/01_HANAMI_SAKI/SUPPORTING_DATA/music_features.json	series/gakuen-idolmaster/05_AUDIOVISUAL_ANALYSIS/01_HANAMI_SAKI/SUPPORTING_DATA/music_features.json	599e229584fab682ca280c17a118455a3bc1b71026630aa040de9f4688908a14	599e229584fab682ca280c17a118455a3bc1b71026630aa040de9f4688908a14	MOVE_ONLY
df03cc7e41cde31d101d064da5da868febb6089b	MOVE	series/gakuen-idolmaster/05_AUDIOVISUAL_ANALYSIS/00_MUSICAL_IDENTITY_BASELINES/01_HANAMI_SAKI/SUPPORTING_DATA/music_features.tsv	series/gakuen-idolmaster/05_AUDIOVISUAL_ANALYSIS/01_HANAMI_SAKI/SUPPORTING_DATA/music_features.tsv	6538c8e510431654f20ae5f6f04e8f016838b4c6ddf91d0126bcd571fdc3908d	6538c8e510431654f20ae5f6f04e8f016838b4c6ddf91d0126bcd571fdc3908d	MOVE_ONLY
df03cc7e41cde31d101d064da5da868febb6089b	MOVE	series/gakuen-idolmaster/05_AUDIOVISUAL_ANALYSIS/00_MUSICAL_IDENTITY_BASELINES/02_TSUKIMURA_TEMARI/GKM_PHASE3_TEMARI_AUDIOVISUAL_SOURCE_MANIFEST.json	series/gakuen-idolmaster/05_AUDIOVISUAL_ANALYSIS/02_TSUKIMURA_TEMARI/GKM_PHASE3_TEMARI_AUDIOVISUAL_SOURCE_MANIFEST.json	81bb5a19904614fca4a3505c76923fd0bc77d30c5a6758ef2c31f0340f948876	81bb5a19904614fca4a3505c76923fd0bc77d30c5a6758ef2c31f0340f948876	MOVE_ONLY
df03cc7e41cde31d101d064da5da868febb6089b	MOVE	series/gakuen-idolmaster/05_AUDIOVISUAL_ANALYSIS/00_MUSICAL_IDENTITY_BASELINES/02_TSUKIMURA_TEMARI/GKM_TEMARI_AUDIOVISUAL_BASELINE_AND_REQUESTS.md	series/gakuen-idolmaster/05_AUDIOVISUAL_ANALYSIS/02_TSUKIMURA_TEMARI/GKM_TEMARI_AUDIOVISUAL_BASELINE_AND_REQUESTS.md	7e9ae9941dd1542c61775526de5d12fa6a477aad31a10da6e9999c98618b1f68	7e9ae9941dd1542c61775526de5d12fa6a477aad31a10da6e9999c98618b1f68	MOVE_ONLY
df03cc7e41cde31d101d064da5da868febb6089b	MOVE	series/gakuen-idolmaster/05_AUDIOVISUAL_ANALYSIS/00_MUSICAL_IDENTITY_BASELINES/02_TSUKIMURA_TEMARI/GKM_TEMARI_AV_EVIDENCE_AND_METRICS_MATRIX.md	series/gakuen-idolmaster/05_AUDIOVISUAL_ANALYSIS/02_TSUKIMURA_TEMARI/GKM_TEMARI_AV_EVIDENCE_AND_METRICS_MATRIX.md	a6657ec34003ce2551e43587f1fb32b35a0d4f8db88dfeb792b767c55f337c1d	5f5535ac95a3c7dacdaf22498c0a3880958f38768b692170fb280996ec446253	MOVE_AND_UPDATE_NAVIGATION_OR_AUTHORITY_PATHS
df03cc7e41cde31d101d064da5da868febb6089b	MOVE	series/gakuen-idolmaster/05_AUDIOVISUAL_ANALYSIS/00_MUSICAL_IDENTITY_BASELINES/02_TSUKIMURA_TEMARI/GKM_TEMARI_COMPLETE_AUDIOVISUAL_BASELINE.md	series/gakuen-idolmaster/05_AUDIOVISUAL_ANALYSIS/02_TSUKIMURA_TEMARI/GKM_TEMARI_COMPLETE_AUDIOVISUAL_BASELINE.md	7d363bc874947ce74582f1b8f567b578607dc93d54abd972fd1dfc3bd60aa173	7d363bc874947ce74582f1b8f567b578607dc93d54abd972fd1dfc3bd60aa173	MOVE_ONLY
df03cc7e41cde31d101d064da5da868febb6089b	MOVE	series/gakuen-idolmaster/05_AUDIOVISUAL_ANALYSIS/00_MUSICAL_IDENTITY_BASELINES/02_TSUKIMURA_TEMARI/GKM_TEMARI_DIALOGUE_SCENE_SIGNAL_METRICS.json	series/gakuen-idolmaster/05_AUDIOVISUAL_ANALYSIS/02_TSUKIMURA_TEMARI/SUPPORTING_DATA/GKM_TEMARI_DIALOGUE_SCENE_SIGNAL_METRICS.json	0b73fb65d18669102a55cd24e6cebe67438fb9a361f142a3c2568bbe51aaf777	0b73fb65d18669102a55cd24e6cebe67438fb9a361f142a3c2568bbe51aaf777	MOVE_ONLY
df03cc7e41cde31d101d064da5da868febb6089b	MOVE	series/gakuen-idolmaster/05_AUDIOVISUAL_ANALYSIS/00_MUSICAL_IDENTITY_BASELINES/02_TSUKIMURA_TEMARI/GKM_TEMARI_MUSIC_SIGNAL_METRICS.csv	series/gakuen-idolmaster/05_AUDIOVISUAL_ANALYSIS/02_TSUKIMURA_TEMARI/SUPPORTING_DATA/GKM_TEMARI_MUSIC_SIGNAL_METRICS.csv	bc0b0d7a1a4a8134453d09e0f12c1d3513e32533239bdcb6a64e77bbad57fe62	bc0b0d7a1a4a8134453d09e0f12c1d3513e32533239bdcb6a64e77bbad57fe62	MOVE_ONLY
df03cc7e41cde31d101d064da5da868febb6089b	MOVE	series/gakuen-idolmaster/05_AUDIOVISUAL_ANALYSIS/00_MUSICAL_IDENTITY_BASELINES/02_TSUKIMURA_TEMARI/GKM_TEMARI_MUSIC_SIGNAL_METRICS.json	series/gakuen-idolmaster/05_AUDIOVISUAL_ANALYSIS/02_TSUKIMURA_TEMARI/SUPPORTING_DATA/GKM_TEMARI_MUSIC_SIGNAL_METRICS.json	bb03380149bff182affe05739e8965a454cc76e57b34706bee58e93d517f7251	bb03380149bff182affe05739e8965a454cc76e57b34706bee58e93d517f7251	MOVE_ONLY
df03cc7e41cde31d101d064da5da868febb6089b	MOVE	series/gakuen-idolmaster/05_AUDIOVISUAL_ANALYSIS/00_MUSICAL_IDENTITY_BASELINES/02_TSUKIMURA_TEMARI/GKM_TEMARI_SELECTED_SCENE_PROSODIC_PROXIES.json	series/gakuen-idolmaster/05_AUDIOVISUAL_ANALYSIS/02_TSUKIMURA_TEMARI/SUPPORTING_DATA/GKM_TEMARI_SELECTED_SCENE_PROSODIC_PROXIES.json	9fea2371330a0eb2496d9d994bb5d1c80eb695ba277bcba66eab90a42e94af83	9fea2371330a0eb2496d9d994bb5d1c80eb695ba277bcba66eab90a42e94af83	MOVE_ONLY
df03cc7e41cde31d101d064da5da868febb6089b	MOVE	series/gakuen-idolmaster/05_AUDIOVISUAL_ANALYSIS/00_MUSICAL_IDENTITY_BASELINES/02_TSUKIMURA_TEMARI/GKM_TEMARI_TARGET_TIME_ESTIMATES.json	series/gakuen-idolmaster/05_AUDIOVISUAL_ANALYSIS/02_TSUKIMURA_TEMARI/SUPPORTING_DATA/GKM_TEMARI_TARGET_TIME_ESTIMATES.json	6e6dbe1365b51e69fa98dc3d5acdd74d26f7542706f9552197e9015a03997a23	6e6dbe1365b51e69fa98dc3d5acdd74d26f7542706f9552197e9015a03997a23	MOVE_ONLY
df03cc7e41cde31d101d064da5da868febb6089b	MOVE	series/gakuen-idolmaster/05_AUDIOVISUAL_ANALYSIS/00_MUSICAL_IDENTITY_BASELINES/03_FUJITA_KOTONE/GKM_KOTONE_AUDIOVISUAL_BASELINE_AND_REQUESTS.md	series/gakuen-idolmaster/05_AUDIOVISUAL_ANALYSIS/03_FUJITA_KOTONE/GKM_KOTONE_AUDIOVISUAL_BASELINE_AND_REQUESTS.md	5935ef1f43896073327c12d6b910aeacbd6ed4a20007959c2db93b0fbfcd4b85	5935ef1f43896073327c12d6b910aeacbd6ed4a20007959c2db93b0fbfcd4b85	MOVE_ONLY
df03cc7e41cde31d101d064da5da868febb6089b	MOVE	series/gakuen-idolmaster/05_AUDIOVISUAL_ANALYSIS/00_MUSICAL_IDENTITY_BASELINES/03_FUJITA_KOTONE/GKM_KOTONE_AV_EVIDENCE_AND_METRICS_MATRIX.md	series/gakuen-idolmaster/05_AUDIOVISUAL_ANALYSIS/03_FUJITA_KOTONE/GKM_KOTONE_AV_EVIDENCE_AND_METRICS_MATRIX.md	98b9d186733a1256f835b14733b862dc187b8e001a4512077427a6f9b3f6bb89	98b9d186733a1256f835b14733b862dc187b8e001a4512077427a6f9b3f6bb89	MOVE_ONLY
df03cc7e41cde31d101d064da5da868febb6089b	MOVE	series/gakuen-idolmaster/05_AUDIOVISUAL_ANALYSIS/00_MUSICAL_IDENTITY_BASELINES/03_FUJITA_KOTONE/GKM_KOTONE_COMPLETE_AUDIOVISUAL_BASELINE.md	series/gakuen-idolmaster/05_AUDIOVISUAL_ANALYSIS/03_FUJITA_KOTONE/GKM_KOTONE_COMPLETE_AUDIOVISUAL_BASELINE.md	cf05835f306b8efbee5aef26879c2b7292026492a7333ff5575adca232bddc97	cf05835f306b8efbee5aef26879c2b7292026492a7333ff5575adca232bddc97	MOVE_ONLY
df03cc7e41cde31d101d064da5da868febb6089b	MOVE	series/gakuen-idolmaster/05_AUDIOVISUAL_ANALYSIS/00_MUSICAL_IDENTITY_BASELINES/03_FUJITA_KOTONE/GKM_PHASE3_KOTONE_AUDIOVISUAL_SOURCE_MANIFEST.json	series/gakuen-idolmaster/05_AUDIOVISUAL_ANALYSIS/03_FUJITA_KOTONE/GKM_PHASE3_KOTONE_AUDIOVISUAL_SOURCE_MANIFEST.json	5399715a40490c0922eef00e0c5b2b1fb24f9f5412cada77d908fbf42a29b12f	5399715a40490c0922eef00e0c5b2b1fb24f9f5412cada77d908fbf42a29b12f	MOVE_ONLY
df03cc7e41cde31d101d064da5da868febb6089b	MOVE	series/gakuen-idolmaster/05_AUDIOVISUAL_ANALYSIS/00_MUSICAL_IDENTITY_BASELINES/04_ARIMURA_MAO/00_README_AND_DOCUMENT_MAP.md	series/gakuen-idolmaster/05_AUDIOVISUAL_ANALYSIS/04_ARIMURA_MAO/00_README_AND_DOCUMENT_MAP.md	5be565bf9ae86e4ce407c923b822655c71b4ecf6af0e8e3f734713597372f977	5be565bf9ae86e4ce407c923b822655c71b4ecf6af0e8e3f734713597372f977	MOVE_ONLY
df03cc7e41cde31d101d064da5da868febb6089b	MOVE	series/gakuen-idolmaster/05_AUDIOVISUAL_ANALYSIS/00_MUSICAL_IDENTITY_BASELINES/04_ARIMURA_MAO/GAKUEN_IDOLMASTER_PHASE3_MAO_INTEGRATED_AV.zip.sha256	series/gakuen-idolmaster/05_AUDIOVISUAL_ANALYSIS/04_ARIMURA_MAO/GAKUEN_IDOLMASTER_PHASE3_MAO_INTEGRATED_AV.zip.sha256	986b3efd0794f9aa5bec4454144d135ecc790ce8fc6bdcbdb7efc6fee8d57826	986b3efd0794f9aa5bec4454144d135ecc790ce8fc6bdcbdb7efc6fee8d57826	MOVE_ONLY
df03cc7e41cde31d101d064da5da868febb6089b	MOVE	series/gakuen-idolmaster/05_AUDIOVISUAL_ANALYSIS/00_MUSICAL_IDENTITY_BASELINES/04_ARIMURA_MAO/GAKUEN_IDOLMASTER_PHASE3_MAO_INTEGRATED_AV_R2.zip.sha256	series/gakuen-idolmaster/05_AUDIOVISUAL_ANALYSIS/04_ARIMURA_MAO/GAKUEN_IDOLMASTER_PHASE3_MAO_INTEGRATED_AV_R2.zip.sha256	3e1cc226387138bbb6088dc55dfad92f06eb304caa06786bb88a65b715219752	3e1cc226387138bbb6088dc55dfad92f06eb304caa06786bb88a65b715219752	MOVE_ONLY
df03cc7e41cde31d101d064da5da868febb6089b	MOVE	series/gakuen-idolmaster/05_AUDIOVISUAL_ANALYSIS/00_MUSICAL_IDENTITY_BASELINES/04_ARIMURA_MAO/GKM_MAO_AUDIOVISUAL_BASELINE_AND_REQUESTS.md	series/gakuen-idolmaster/05_AUDIOVISUAL_ANALYSIS/04_ARIMURA_MAO/GKM_MAO_AUDIOVISUAL_BASELINE_AND_REQUESTS.md	142a500daa98631ff1b98b5f1d03eaa54d8649bd494b7f817b49b3402d059de6	3adad8bb4934bfe335b1f521ba107364e3deeef61a99f8be1426fe76d83a684d	MOVE_AND_UPDATE_NAVIGATION_OR_AUTHORITY_PATHS
df03cc7e41cde31d101d064da5da868febb6089b	MOVE	series/gakuen-idolmaster/05_AUDIOVISUAL_ANALYSIS/00_MUSICAL_IDENTITY_BASELINES/04_ARIMURA_MAO/GKM_MAO_AV_EVIDENCE_AND_METRICS_MATRIX.md	series/gakuen-idolmaster/05_AUDIOVISUAL_ANALYSIS/04_ARIMURA_MAO/GKM_MAO_AV_EVIDENCE_AND_METRICS_MATRIX.md	7a6feb247b1d97c2246a6e736b711e4931d3b1a0f10d1b6a9fc66b217af89ec1	7a6feb247b1d97c2246a6e736b711e4931d3b1a0f10d1b6a9fc66b217af89ec1	MOVE_ONLY
df03cc7e41cde31d101d064da5da868febb6089b	MOVE	series/gakuen-idolmaster/05_AUDIOVISUAL_ANALYSIS/00_MUSICAL_IDENTITY_BASELINES/04_ARIMURA_MAO/GKM_MAO_COMPLETE_AUDIOVISUAL_BASELINE.md	series/gakuen-idolmaster/05_AUDIOVISUAL_ANALYSIS/04_ARIMURA_MAO/GKM_MAO_COMPLETE_AUDIOVISUAL_BASELINE.md	6dcc14f7a8207c608116fb42adb31ace93d873dc76cceb9fe53396558daccc43	63c3ce1234ca1828435c218a432b036c5c070819727af89448afb10e5c93d92e	MOVE_AND_UPDATE_NAVIGATION_OR_AUTHORITY_PATHS
df03cc7e41cde31d101d064da5da868febb6089b	MOVE	series/gakuen-idolmaster/05_AUDIOVISUAL_ANALYSIS/00_MUSICAL_IDENTITY_BASELINES/04_ARIMURA_MAO/GKM_PHASE3_MAO_AUDIOVISUAL_COMPLETION_REPORT.md	series/gakuen-idolmaster/05_AUDIOVISUAL_ANALYSIS/04_ARIMURA_MAO/GKM_PHASE3_MAO_AUDIOVISUAL_COMPLETION_REPORT.md	215c88b8858c4691745f5535232769deb73110ced0c3e75d7329de87851081fc	215c88b8858c4691745f5535232769deb73110ced0c3e75d7329de87851081fc	MOVE_ONLY
df03cc7e41cde31d101d064da5da868febb6089b	MOVE	series/gakuen-idolmaster/05_AUDIOVISUAL_ANALYSIS/00_MUSICAL_IDENTITY_BASELINES/04_ARIMURA_MAO/GKM_PHASE3_MAO_AUDIOVISUAL_SOURCE_MANIFEST.json	series/gakuen-idolmaster/05_AUDIOVISUAL_ANALYSIS/04_ARIMURA_MAO/GKM_PHASE3_MAO_AUDIOVISUAL_SOURCE_MANIFEST.json	dbdef15ebd4a6fda67148b12380bd959954d6c0d8cdb8d8806d78a6e583dd414	dbdef15ebd4a6fda67148b12380bd959954d6c0d8cdb8d8806d78a6e583dd414	MOVE_ONLY
df03cc7e41cde31d101d064da5da868febb6089b	MOVE	series/gakuen-idolmaster/05_AUDIOVISUAL_ANALYSIS/00_MUSICAL_IDENTITY_BASELINES/04_ARIMURA_MAO/GKM_PHASE3_MAO_AV_ARTIFACT_CHECKSUMS.sha256	series/gakuen-idolmaster/05_AUDIOVISUAL_ANALYSIS/04_ARIMURA_MAO/GKM_PHASE3_MAO_AV_ARTIFACT_CHECKSUMS.sha256	71f9d5d176581613e843bf591af6637264d7796674fa91b951adecc55e52a070	71f9d5d176581613e843bf591af6637264d7796674fa91b951adecc55e52a070	MOVE_ONLY
df03cc7e41cde31d101d064da5da868febb6089b	MOVE	series/gakuen-idolmaster/05_AUDIOVISUAL_ANALYSIS/00_MUSICAL_IDENTITY_BASELINES/04_ARIMURA_MAO/GKM_PHASE3_MAO_AV_DELIVERY_AUDIT.md	series/gakuen-idolmaster/05_AUDIOVISUAL_ANALYSIS/04_ARIMURA_MAO/GKM_PHASE3_MAO_AV_DELIVERY_AUDIT.md	071a1c5bec13b3fb304e11d0507450b4ecf73db95f74cc623e2a39aa3bde64a0	071a1c5bec13b3fb304e11d0507450b4ecf73db95f74cc623e2a39aa3bde64a0	MOVE_ONLY
df03cc7e41cde31d101d064da5da868febb6089b	MOVE	series/gakuen-idolmaster/05_AUDIOVISUAL_ANALYSIS/00_MUSICAL_IDENTITY_BASELINES/04_ARIMURA_MAO/GKM_PHASE3_MAO_AV_TECHNICAL_METRICS_APPENDIX.md	series/gakuen-idolmaster/05_AUDIOVISUAL_ANALYSIS/04_ARIMURA_MAO/GKM_PHASE3_MAO_AV_TECHNICAL_METRICS_APPENDIX.md	89b8be4705017e81a2168b28a8c0e2ab36d21cffac1cdfb061f24615415290d2	89b8be4705017e81a2168b28a8c0e2ab36d21cffac1cdfb061f24615415290d2	MOVE_ONLY
df03cc7e41cde31d101d064da5da868febb6089b	MOVE	series/gakuen-idolmaster/05_AUDIOVISUAL_ANALYSIS/00_MUSICAL_IDENTITY_BASELINES/04_ARIMURA_MAO/GKM_PHASE3_MAO_SOURCE_OBJECT_CHECKSUMS.sha256	series/gakuen-idolmaster/05_AUDIOVISUAL_ANALYSIS/04_ARIMURA_MAO/GKM_PHASE3_MAO_SOURCE_OBJECT_CHECKSUMS.sha256	d1d5f419fa97308de2d7fb1e7bae6d32a711ffcad4af296607beb6a98336d9f5	d1d5f419fa97308de2d7fb1e7bae6d32a711ffcad4af296607beb6a98336d9f5	MOVE_ONLY
df03cc7e41cde31d101d064da5da868febb6089b	MOVE	series/gakuen-idolmaster/05_AUDIOVISUAL_ANALYSIS/00_MUSICAL_IDENTITY_BASELINES/04_ARIMURA_MAO/SUPPORTING_DATA/GKM_PHASE3_MAO_DIALOGUE_SEGMENT_SOURCE_METRICS.json	series/gakuen-idolmaster/05_AUDIOVISUAL_ANALYSIS/04_ARIMURA_MAO/SUPPORTING_DATA/GKM_PHASE3_MAO_DIALOGUE_SEGMENT_SOURCE_METRICS.json	cd955f803564669e982aace16901d5d3500bec302a4f5f158d3d7f4757e721f4	cd955f803564669e982aace16901d5d3500bec302a4f5f158d3d7f4757e721f4	MOVE_ONLY
df03cc7e41cde31d101d064da5da868febb6089b	MOVE	series/gakuen-idolmaster/05_AUDIOVISUAL_ANALYSIS/00_MUSICAL_IDENTITY_BASELINES/04_ARIMURA_MAO/SUPPORTING_DATA/GKM_PHASE3_MAO_EBUR128_SOURCE_METRICS.json	series/gakuen-idolmaster/05_AUDIOVISUAL_ANALYSIS/04_ARIMURA_MAO/SUPPORTING_DATA/GKM_PHASE3_MAO_EBUR128_SOURCE_METRICS.json	c50bbff039a400a8495b788a7493ba52d64e59ebca094e84c50da14302e52873	c50bbff039a400a8495b788a7493ba52d64e59ebca094e84c50da14302e52873	MOVE_ONLY
df03cc7e41cde31d101d064da5da868febb6089b	MOVE	series/gakuen-idolmaster/05_AUDIOVISUAL_ANALYSIS/00_MUSICAL_IDENTITY_BASELINES/04_ARIMURA_MAO/SUPPORTING_DATA/GKM_PHASE3_MAO_SONG_SOURCE_METRICS.json	series/gakuen-idolmaster/05_AUDIOVISUAL_ANALYSIS/04_ARIMURA_MAO/SUPPORTING_DATA/GKM_PHASE3_MAO_SONG_SOURCE_METRICS.json	b980db7105c171a962f1a273ca1b7a2feb934b5fd25454611fd04a307494428f	b980db7105c171a962f1a273ca1b7a2feb934b5fd25454611fd04a307494428f	MOVE_ONLY
df03cc7e41cde31d101d064da5da868febb6089b	MOVE	series/gakuen-idolmaster/05_AUDIOVISUAL_ANALYSIS/00_MUSICAL_IDENTITY_BASELINES/04_ARIMURA_MAO/SUPPORTING_DATA/GKM_PHASE3_MAO_VISUAL_SOURCE_METRICS.json	series/gakuen-idolmaster/05_AUDIOVISUAL_ANALYSIS/04_ARIMURA_MAO/SUPPORTING_DATA/GKM_PHASE3_MAO_VISUAL_SOURCE_METRICS.json	9b89cade529e20a23c44526bf9ba8cc48bab2d6dc7b5bce9b77f0dfb4c4dbcd3	9b89cade529e20a23c44526bf9ba8cc48bab2d6dc7b5bce9b77f0dfb4c4dbcd3	MOVE_ONLY
df03cc7e41cde31d101d064da5da868febb6089b	MOVE	series/gakuen-idolmaster/05_AUDIOVISUAL_ANALYSIS/00_MUSICAL_IDENTITY_BASELINES/04_ARIMURA_MAO/SUPPORTING_DATA/ebur128_metrics.json	series/gakuen-idolmaster/05_AUDIOVISUAL_ANALYSIS/04_ARIMURA_MAO/SUPPORTING_DATA/ebur128_metrics.json	59c78843cfbe44404567ad3f465f7b9e3b525ac2c33fe9b22477035a783b5583	59c78843cfbe44404567ad3f465f7b9e3b525ac2c33fe9b22477035a783b5583	MOVE_ONLY
df03cc7e41cde31d101d064da5da868febb6089b	MOVE	series/gakuen-idolmaster/05_AUDIOVISUAL_ANALYSIS/00_MUSICAL_IDENTITY_BASELINES/04_ARIMURA_MAO/SUPPORTING_DATA/ffprobe_manifest.json	series/gakuen-idolmaster/05_AUDIOVISUAL_ANALYSIS/04_ARIMURA_MAO/SUPPORTING_DATA/ffprobe_manifest.json	786a5789c5317ef81471715594322adbb0cc5dd42c845139ef028c93711d5da1	786a5789c5317ef81471715594322adbb0cc5dd42c845139ef028c93711d5da1	MOVE_ONLY
df03cc7e41cde31d101d064da5da868febb6089b	MOVE	series/gakuen-idolmaster/05_AUDIOVISUAL_ANALYSIS/00_MUSICAL_IDENTITY_BASELINES/04_ARIMURA_MAO/SUPPORTING_DATA/music_audio_metrics.json	series/gakuen-idolmaster/05_AUDIOVISUAL_ANALYSIS/04_ARIMURA_MAO/SUPPORTING_DATA/music_audio_metrics.json	06c4abfb79e3a31eaaac0760de7f4986e27406019bcfb0b34d618138d50f27a9	06c4abfb79e3a31eaaac0760de7f4986e27406019bcfb0b34d618138d50f27a9	MOVE_ONLY
df03cc7e41cde31d101d064da5da868febb6089b	MOVE	series/gakuen-idolmaster/05_AUDIOVISUAL_ANALYSIS/00_MUSICAL_IDENTITY_BASELINES/04_ARIMURA_MAO/SUPPORTING_DATA/scene_audio_proxies.json	series/gakuen-idolmaster/05_AUDIOVISUAL_ANALYSIS/04_ARIMURA_MAO/SUPPORTING_DATA/scene_audio_proxies.json	3ed7daca1cc2e6d30fbcac252214e8a539ee6c282a12f266acdeecfea4e50891	3ed7daca1cc2e6d30fbcac252214e8a539ee6c282a12f266acdeecfea4e50891	MOVE_ONLY
df03cc7e41cde31d101d064da5da868febb6089b	MOVE	series/gakuen-idolmaster/05_AUDIOVISUAL_ANALYSIS/00_MUSICAL_IDENTITY_BASELINES/04_ARIMURA_MAO/SUPPORTING_DATA/source_object_hashes.sha256	series/gakuen-idolmaster/05_AUDIOVISUAL_ANALYSIS/04_ARIMURA_MAO/SUPPORTING_DATA/source_object_hashes.sha256	7de2be40204d4d96feb32057255b6f7d176b1bd764f046265560bf9e53ab9fa5	7de2be40204d4d96feb32057255b6f7d176b1bd764f046265560bf9e53ab9fa5	MOVE_ONLY
df03cc7e41cde31d101d064da5da868febb6089b	MOVE	series/gakuen-idolmaster/05_AUDIOVISUAL_ANALYSIS/00_MUSICAL_IDENTITY_BASELINES/05_KATSURAGI_LILJA/00_README_AND_DOCUMENT_MAP.md	series/gakuen-idolmaster/05_AUDIOVISUAL_ANALYSIS/05_KATSURAGI_LILJA/00_README_AND_DOCUMENT_MAP.md	3db099d824f0b5f1c279f40b828331818d9ce9a18822b5bddcad6c2cc4021253	3db099d824f0b5f1c279f40b828331818d9ce9a18822b5bddcad6c2cc4021253	MOVE_ONLY
df03cc7e41cde31d101d064da5da868febb6089b	MOVE	series/gakuen-idolmaster/05_AUDIOVISUAL_ANALYSIS/00_MUSICAL_IDENTITY_BASELINES/05_KATSURAGI_LILJA/GKM_LILJA_AUDIOVISUAL_BASELINE_AND_REQUESTS.md	series/gakuen-idolmaster/05_AUDIOVISUAL_ANALYSIS/05_KATSURAGI_LILJA/GKM_LILJA_AUDIOVISUAL_BASELINE_AND_REQUESTS.md	cf060e1132121a859ca733d4bdc33690a51cfddb7a995751d69230f43b927acb	24198e3031897c98d7af0095fec90180c0338f8b33a7a4ee357c88a0240beca7	MOVE_AND_UPDATE_NAVIGATION_OR_AUTHORITY_PATHS
df03cc7e41cde31d101d064da5da868febb6089b	MOVE	series/gakuen-idolmaster/05_AUDIOVISUAL_ANALYSIS/00_MUSICAL_IDENTITY_BASELINES/05_KATSURAGI_LILJA/GKM_LILJA_AV_EVIDENCE_AND_METRICS_MATRIX.md	series/gakuen-idolmaster/05_AUDIOVISUAL_ANALYSIS/05_KATSURAGI_LILJA/GKM_LILJA_AV_EVIDENCE_AND_METRICS_MATRIX.md	d7fd47fed6194f012e552cebe7266f521dde3b30d2fcc272b503e2b89b2c8e02	d7fd47fed6194f012e552cebe7266f521dde3b30d2fcc272b503e2b89b2c8e02	MOVE_ONLY
df03cc7e41cde31d101d064da5da868febb6089b	MOVE	series/gakuen-idolmaster/05_AUDIOVISUAL_ANALYSIS/00_MUSICAL_IDENTITY_BASELINES/05_KATSURAGI_LILJA/GKM_LILJA_COMPLETE_AUDIOVISUAL_BASELINE.md	series/gakuen-idolmaster/05_AUDIOVISUAL_ANALYSIS/05_KATSURAGI_LILJA/GKM_LILJA_COMPLETE_AUDIOVISUAL_BASELINE.md	aaf14779aa5657648cc62769d6449f707e3ad20dcd94c31cf9fb60e81b0aebdb	b079cdb296ca9cbeeadf70fa47e04b736dd9f37226b45be87ccb1d4d274b8bb2	MOVE_AND_UPDATE_NAVIGATION_OR_AUTHORITY_PATHS
df03cc7e41cde31d101d064da5da868febb6089b	MOVE	series/gakuen-idolmaster/05_AUDIOVISUAL_ANALYSIS/00_MUSICAL_IDENTITY_BASELINES/05_KATSURAGI_LILJA/GKM_PHASE3_LILJA_AUDIOVISUAL_COMPLETION_REPORT.md	series/gakuen-idolmaster/05_AUDIOVISUAL_ANALYSIS/05_KATSURAGI_LILJA/GKM_PHASE3_LILJA_AUDIOVISUAL_COMPLETION_REPORT.md	f0e4316eb665c068904623585c66afb831cfb1bc7fd36b7f31b0c9e454c26628	f0e4316eb665c068904623585c66afb831cfb1bc7fd36b7f31b0c9e454c26628	MOVE_ONLY
df03cc7e41cde31d101d064da5da868febb6089b	MOVE	series/gakuen-idolmaster/05_AUDIOVISUAL_ANALYSIS/00_MUSICAL_IDENTITY_BASELINES/05_KATSURAGI_LILJA/GKM_PHASE3_LILJA_AUDIOVISUAL_SOURCE_MANIFEST.json	series/gakuen-idolmaster/05_AUDIOVISUAL_ANALYSIS/05_KATSURAGI_LILJA/GKM_PHASE3_LILJA_AUDIOVISUAL_SOURCE_MANIFEST.json	2e05e7d7edefc8a415bae81d949114d91913a697e775ced0ac932ba05d2ba567	2e05e7d7edefc8a415bae81d949114d91913a697e775ced0ac932ba05d2ba567	MOVE_ONLY
df03cc7e41cde31d101d064da5da868febb6089b	MOVE	series/gakuen-idolmaster/05_AUDIOVISUAL_ANALYSIS/00_MUSICAL_IDENTITY_BASELINES/05_KATSURAGI_LILJA/GKM_PHASE3_LILJA_AV_ARTIFACT_CHECKSUMS.sha256	series/gakuen-idolmaster/05_AUDIOVISUAL_ANALYSIS/05_KATSURAGI_LILJA/GKM_PHASE3_LILJA_AV_ARTIFACT_CHECKSUMS.sha256	6565dbd60adf4c658114c41bc450efd93d5965d15c37d70fd45584ba559d91d2	6565dbd60adf4c658114c41bc450efd93d5965d15c37d70fd45584ba559d91d2	MOVE_ONLY
df03cc7e41cde31d101d064da5da868febb6089b	MOVE	series/gakuen-idolmaster/05_AUDIOVISUAL_ANALYSIS/00_MUSICAL_IDENTITY_BASELINES/05_KATSURAGI_LILJA/GKM_PHASE3_LILJA_AV_DELIVERY_AUDIT.md	series/gakuen-idolmaster/05_AUDIOVISUAL_ANALYSIS/05_KATSURAGI_LILJA/GKM_PHASE3_LILJA_AV_DELIVERY_AUDIT.md	584545a0c58831c9a460d210a2f1faee01a34db9782584ca731aea558391c51c	584545a0c58831c9a460d210a2f1faee01a34db9782584ca731aea558391c51c	MOVE_ONLY
df03cc7e41cde31d101d064da5da868febb6089b	MOVE	series/gakuen-idolmaster/05_AUDIOVISUAL_ANALYSIS/00_MUSICAL_IDENTITY_BASELINES/05_KATSURAGI_LILJA/GKM_PHASE3_LILJA_AV_TECHNICAL_METRICS_APPENDIX.md	series/gakuen-idolmaster/05_AUDIOVISUAL_ANALYSIS/05_KATSURAGI_LILJA/GKM_PHASE3_LILJA_AV_TECHNICAL_METRICS_APPENDIX.md	e2eefbe360dbb972a23afcc36b1f42c80eed8757c9c8edaf519524a8afc1c372	e2eefbe360dbb972a23afcc36b1f42c80eed8757c9c8edaf519524a8afc1c372	MOVE_ONLY
df03cc7e41cde31d101d064da5da868febb6089b	MOVE	series/gakuen-idolmaster/05_AUDIOVISUAL_ANALYSIS/00_MUSICAL_IDENTITY_BASELINES/05_KATSURAGI_LILJA/SUPPORTING_DATA/GKM_PHASE3_LILJA_DIALOGUE_MIXED_SCENE_PROBES.json	series/gakuen-idolmaster/05_AUDIOVISUAL_ANALYSIS/05_KATSURAGI_LILJA/SUPPORTING_DATA/GKM_PHASE3_LILJA_DIALOGUE_MIXED_SCENE_PROBES.json	9baa6bc64ac7d21919a62f64b77e8f4d37ac6c1ed6b027a6a10a3d549cee75be	9baa6bc64ac7d21919a62f64b77e8f4d37ac6c1ed6b027a6a10a3d549cee75be	MOVE_ONLY
df03cc7e41cde31d101d064da5da868febb6089b	MOVE	series/gakuen-idolmaster/05_AUDIOVISUAL_ANALYSIS/00_MUSICAL_IDENTITY_BASELINES/05_KATSURAGI_LILJA/SUPPORTING_DATA/GKM_PHASE3_LILJA_DIALOGUE_MIXED_SCENE_PROBES.tsv	series/gakuen-idolmaster/05_AUDIOVISUAL_ANALYSIS/05_KATSURAGI_LILJA/SUPPORTING_DATA/GKM_PHASE3_LILJA_DIALOGUE_MIXED_SCENE_PROBES.tsv	1417fb1e01caa645990ffdb91ba03e3db0383d3f5eff6e9d319757860e4e43e2	1417fb1e01caa645990ffdb91ba03e3db0383d3f5eff6e9d319757860e4e43e2	MOVE_ONLY
df03cc7e41cde31d101d064da5da868febb6089b	MOVE	series/gakuen-idolmaster/05_AUDIOVISUAL_ANALYSIS/00_MUSICAL_IDENTITY_BASELINES/05_KATSURAGI_LILJA/SUPPORTING_DATA/GKM_PHASE3_LILJA_SONG_MIX_METRICS.json	series/gakuen-idolmaster/05_AUDIOVISUAL_ANALYSIS/05_KATSURAGI_LILJA/SUPPORTING_DATA/GKM_PHASE3_LILJA_SONG_MIX_METRICS.json	0a9ae161ed6495fe01e7ea0fbd7b385e4318e16b83111cf70b7041f2b0f5205c	0a9ae161ed6495fe01e7ea0fbd7b385e4318e16b83111cf70b7041f2b0f5205c	MOVE_ONLY
df03cc7e41cde31d101d064da5da868febb6089b	MOVE	series/gakuen-idolmaster/05_AUDIOVISUAL_ANALYSIS/00_MUSICAL_IDENTITY_BASELINES/05_KATSURAGI_LILJA/SUPPORTING_DATA/GKM_PHASE3_LILJA_SONG_MIX_METRICS.tsv	series/gakuen-idolmaster/05_AUDIOVISUAL_ANALYSIS/05_KATSURAGI_LILJA/SUPPORTING_DATA/GKM_PHASE3_LILJA_SONG_MIX_METRICS.tsv	0c269bab80ceb354174418ca292d0f672404f016e72ecf3da0638d76a3754752	0c269bab80ceb354174418ca292d0f672404f016e72ecf3da0638d76a3754752	MOVE_ONLY
df03cc7e41cde31d101d064da5da868febb6089b	MOVE	series/gakuen-idolmaster/05_AUDIOVISUAL_ANALYSIS/00_MUSICAL_IDENTITY_BASELINES/05_KATSURAGI_LILJA/SUPPORTING_DATA/GKM_PHASE3_LILJA_SOURCE_MANIFEST.tsv	series/gakuen-idolmaster/05_AUDIOVISUAL_ANALYSIS/05_KATSURAGI_LILJA/SUPPORTING_DATA/GKM_PHASE3_LILJA_SOURCE_MANIFEST.tsv	b5424fe83bb8eadcc040cf609af523e06b6484d99d43024df5d2e04397a71009	b5424fe83bb8eadcc040cf609af523e06b6484d99d43024df5d2e04397a71009	MOVE_ONLY
df03cc7e41cde31d101d064da5da868febb6089b	MOVE	series/gakuen-idolmaster/05_AUDIOVISUAL_ANALYSIS/00_MUSICAL_IDENTITY_BASELINES/05_KATSURAGI_LILJA/SUPPORTING_DATA/GKM_PHASE3_LILJA_TEXTUAL_REGISTER_METRICS.json	series/gakuen-idolmaster/05_AUDIOVISUAL_ANALYSIS/05_KATSURAGI_LILJA/SUPPORTING_DATA/GKM_PHASE3_LILJA_TEXTUAL_REGISTER_METRICS.json	a6158d209f12ad9e1c3a13cd674913aaaf31506a1a849c7897bce40be1615d45	a6158d209f12ad9e1c3a13cd674913aaaf31506a1a849c7897bce40be1615d45	MOVE_ONLY
df03cc7e41cde31d101d064da5da868febb6089b	MOVE	series/gakuen-idolmaster/05_AUDIOVISUAL_ANALYSIS/00_MUSICAL_IDENTITY_BASELINES/05_KATSURAGI_LILJA/SUPPORTING_DATA/GKM_PHASE3_LILJA_TEXTUAL_REGISTER_METRICS.tsv	series/gakuen-idolmaster/05_AUDIOVISUAL_ANALYSIS/05_KATSURAGI_LILJA/SUPPORTING_DATA/GKM_PHASE3_LILJA_TEXTUAL_REGISTER_METRICS.tsv	c0f925bc578f6b5d5184bd6bfc0a0fcb2cf9f3d2a965214dc888a81478e3c12a	c0f925bc578f6b5d5184bd6bfc0a0fcb2cf9f3d2a965214dc888a81478e3c12a	MOVE_ONLY
df03cc7e41cde31d101d064da5da868febb6089b	MOVE	series/gakuen-idolmaster/05_AUDIOVISUAL_ANALYSIS/00_MUSICAL_IDENTITY_BASELINES/05_KATSURAGI_LILJA/SUPPORTING_DATA/GKM_PHASE3_LILJA_VISUAL_ENVELOPE_METRICS.json	series/gakuen-idolmaster/05_AUDIOVISUAL_ANALYSIS/05_KATSURAGI_LILJA/SUPPORTING_DATA/GKM_PHASE3_LILJA_VISUAL_ENVELOPE_METRICS.json	7e1d77ea15f75d6405647fc0ae1d496128c3c786af5d87b295f5c81953f958d3	7e1d77ea15f75d6405647fc0ae1d496128c3c786af5d87b295f5c81953f958d3	MOVE_ONLY
df03cc7e41cde31d101d064da5da868febb6089b	MOVE	series/gakuen-idolmaster/05_AUDIOVISUAL_ANALYSIS/00_MUSICAL_IDENTITY_BASELINES/05_KATSURAGI_LILJA/SUPPORTING_DATA/GKM_PHASE3_LILJA_VISUAL_ENVELOPE_METRICS.tsv	series/gakuen-idolmaster/05_AUDIOVISUAL_ANALYSIS/05_KATSURAGI_LILJA/SUPPORTING_DATA/GKM_PHASE3_LILJA_VISUAL_ENVELOPE_METRICS.tsv	c27d0a4e8842561c51b83563e83c8764ac1ee8ad7dc3366fe5477d1fd9be0d74	c27d0a4e8842561c51b83563e83c8764ac1ee8ad7dc3366fe5477d1fd9be0d74	MOVE_ONLY
df03cc7e41cde31d101d064da5da868febb6089b	MOVE	series/gakuen-idolmaster/05_AUDIOVISUAL_ANALYSIS/00_MUSICAL_IDENTITY_BASELINES/06_KURAMOTO_CHINA/00_README_AND_DOCUMENT_MAP.md	series/gakuen-idolmaster/05_AUDIOVISUAL_ANALYSIS/06_KURAMOTO_CHINA/00_README_AND_DOCUMENT_MAP.md	e1e2fd4a1e5645863ab327a5baf6bd5558a644895c88f5506582455c7b708dc4	e1e2fd4a1e5645863ab327a5baf6bd5558a644895c88f5506582455c7b708dc4	MOVE_ONLY
df03cc7e41cde31d101d064da5da868febb6089b	MOVE	series/gakuen-idolmaster/05_AUDIOVISUAL_ANALYSIS/00_MUSICAL_IDENTITY_BASELINES/06_KURAMOTO_CHINA/GAKUEN_IDOLMASTER_PHASE3_CHINA_INTEGRATED_AV_R1.zip.sha256	series/gakuen-idolmaster/05_AUDIOVISUAL_ANALYSIS/06_KURAMOTO_CHINA/GAKUEN_IDOLMASTER_PHASE3_CHINA_INTEGRATED_AV_R1.zip.sha256	ece609b8cc3957e6ff8e4b90e71e9a13d213a99f77870db1471335c394c6c53a	ece609b8cc3957e6ff8e4b90e71e9a13d213a99f77870db1471335c394c6c53a	MOVE_ONLY
df03cc7e41cde31d101d064da5da868febb6089b	MOVE	series/gakuen-idolmaster/05_AUDIOVISUAL_ANALYSIS/00_MUSICAL_IDENTITY_BASELINES/06_KURAMOTO_CHINA/GKM_CHINA_AUDIOVISUAL_BASELINE_AND_REQUESTS.md	series/gakuen-idolmaster/05_AUDIOVISUAL_ANALYSIS/06_KURAMOTO_CHINA/GKM_CHINA_AUDIOVISUAL_BASELINE_AND_REQUESTS.md	b85de0e735a112909dd6ee0e1cd47cdc1baf4b8b10ac5edb73b8dfe4a3181fab	552b4f0d84e79d7eb29f80981fcfb01fce5257253d858f9b671d511cb69a3bf6	MOVE_AND_UPDATE_NAVIGATION_OR_AUTHORITY_PATHS
df03cc7e41cde31d101d064da5da868febb6089b	MOVE	series/gakuen-idolmaster/05_AUDIOVISUAL_ANALYSIS/00_MUSICAL_IDENTITY_BASELINES/06_KURAMOTO_CHINA/GKM_CHINA_AV_EVIDENCE_AND_METRICS_MATRIX.md	series/gakuen-idolmaster/05_AUDIOVISUAL_ANALYSIS/06_KURAMOTO_CHINA/GKM_CHINA_AV_EVIDENCE_AND_METRICS_MATRIX.md	ec75803c0710144b9ea24b7ac8fc7960a2b533e2f97e31c5c918b74cf4cea5c9	ec75803c0710144b9ea24b7ac8fc7960a2b533e2f97e31c5c918b74cf4cea5c9	MOVE_ONLY
df03cc7e41cde31d101d064da5da868febb6089b	MOVE	series/gakuen-idolmaster/05_AUDIOVISUAL_ANALYSIS/00_MUSICAL_IDENTITY_BASELINES/06_KURAMOTO_CHINA/GKM_CHINA_COMPLETE_AUDIOVISUAL_BASELINE.md	series/gakuen-idolmaster/05_AUDIOVISUAL_ANALYSIS/06_KURAMOTO_CHINA/GKM_CHINA_COMPLETE_AUDIOVISUAL_BASELINE.md	df2ec8edb80dd81c9552b371919bb725571109f3ac4e715c6907ee0ef2e43917	69a0a1f5855aaed0f777978c7516054abfd607b5dd32022ea8e7814fe10067d2	MOVE_AND_UPDATE_NAVIGATION_OR_AUTHORITY_PATHS
df03cc7e41cde31d101d064da5da868febb6089b	MOVE	series/gakuen-idolmaster/05_AUDIOVISUAL_ANALYSIS/00_MUSICAL_IDENTITY_BASELINES/06_KURAMOTO_CHINA/GKM_PHASE3_CHINA_AUDIOVISUAL_COMPLETION_REPORT.md	series/gakuen-idolmaster/05_AUDIOVISUAL_ANALYSIS/06_KURAMOTO_CHINA/GKM_PHASE3_CHINA_AUDIOVISUAL_COMPLETION_REPORT.md	ceac5522461d9a31293489c6b375102dd3b8028e8d06d41d27a1b7e2094ac84b	ceac5522461d9a31293489c6b375102dd3b8028e8d06d41d27a1b7e2094ac84b	MOVE_ONLY
df03cc7e41cde31d101d064da5da868febb6089b	MOVE	series/gakuen-idolmaster/05_AUDIOVISUAL_ANALYSIS/00_MUSICAL_IDENTITY_BASELINES/06_KURAMOTO_CHINA/GKM_PHASE3_CHINA_AUDIOVISUAL_SOURCE_MANIFEST.json	series/gakuen-idolmaster/05_AUDIOVISUAL_ANALYSIS/06_KURAMOTO_CHINA/GKM_PHASE3_CHINA_AUDIOVISUAL_SOURCE_MANIFEST.json	6d6ca91a3510a10971030c5e572f4e9d86c9a3a6a1aacd985814541adad4eda2	6d6ca91a3510a10971030c5e572f4e9d86c9a3a6a1aacd985814541adad4eda2	MOVE_ONLY
df03cc7e41cde31d101d064da5da868febb6089b	MOVE	series/gakuen-idolmaster/05_AUDIOVISUAL_ANALYSIS/00_MUSICAL_IDENTITY_BASELINES/06_KURAMOTO_CHINA/GKM_PHASE3_CHINA_AUDIO_ENVELOPE_METRICS.json	series/gakuen-idolmaster/05_AUDIOVISUAL_ANALYSIS/06_KURAMOTO_CHINA/SUPPORTING_DATA/GKM_PHASE3_CHINA_AUDIO_ENVELOPE_METRICS.json	9da179b72d46ec6b8587a7cde779e915529a81b88c98b8e46fe81d07b401e5d1	9da179b72d46ec6b8587a7cde779e915529a81b88c98b8e46fe81d07b401e5d1	MOVE_ONLY
df03cc7e41cde31d101d064da5da868febb6089b	MOVE	series/gakuen-idolmaster/05_AUDIOVISUAL_ANALYSIS/00_MUSICAL_IDENTITY_BASELINES/06_KURAMOTO_CHINA/GKM_PHASE3_CHINA_AUDIO_ENVELOPE_METRICS.tsv	series/gakuen-idolmaster/05_AUDIOVISUAL_ANALYSIS/06_KURAMOTO_CHINA/SUPPORTING_DATA/GKM_PHASE3_CHINA_AUDIO_ENVELOPE_METRICS.tsv	d84ed8f99ca3c8f80a8afebc63e5d6895c1c618fb58f21d79875e8d1c799f82a	d84ed8f99ca3c8f80a8afebc63e5d6895c1c618fb58f21d79875e8d1c799f82a	MOVE_ONLY
df03cc7e41cde31d101d064da5da868febb6089b	MOVE	series/gakuen-idolmaster/05_AUDIOVISUAL_ANALYSIS/00_MUSICAL_IDENTITY_BASELINES/06_KURAMOTO_CHINA/GKM_PHASE3_CHINA_AV_ARTIFACT_CHECKSUMS.sha256	series/gakuen-idolmaster/05_AUDIOVISUAL_ANALYSIS/06_KURAMOTO_CHINA/GKM_PHASE3_CHINA_AV_ARTIFACT_CHECKSUMS.sha256	d0922b65707075ffcabe525c95a9c31a237af39149ea62023d8deaf13cff2b19	d0922b65707075ffcabe525c95a9c31a237af39149ea62023d8deaf13cff2b19	MOVE_ONLY
df03cc7e41cde31d101d064da5da868febb6089b	MOVE	series/gakuen-idolmaster/05_AUDIOVISUAL_ANALYSIS/00_MUSICAL_IDENTITY_BASELINES/06_KURAMOTO_CHINA/GKM_PHASE3_CHINA_AV_DELIVERY_AUDIT.md	series/gakuen-idolmaster/05_AUDIOVISUAL_ANALYSIS/06_KURAMOTO_CHINA/GKM_PHASE3_CHINA_AV_DELIVERY_AUDIT.md	5bd81c1b7d7ba39e98a55af78a41c2b412d07aa088e41d7a7f45cd93dbee00fc	5bd81c1b7d7ba39e98a55af78a41c2b412d07aa088e41d7a7f45cd93dbee00fc	MOVE_ONLY
df03cc7e41cde31d101d064da5da868febb6089b	MOVE	series/gakuen-idolmaster/05_AUDIOVISUAL_ANALYSIS/00_MUSICAL_IDENTITY_BASELINES/06_KURAMOTO_CHINA/GKM_PHASE3_CHINA_AV_TECHNICAL_METRICS_APPENDIX.md	series/gakuen-idolmaster/05_AUDIOVISUAL_ANALYSIS/06_KURAMOTO_CHINA/GKM_PHASE3_CHINA_AV_TECHNICAL_METRICS_APPENDIX.md	123035e55a9d28f3d72d02d3ea02695b944cc7668eb5d7acfa0f75e97da7d32a	123035e55a9d28f3d72d02d3ea02695b944cc7668eb5d7acfa0f75e97da7d32a	MOVE_ONLY
df03cc7e41cde31d101d064da5da868febb6089b	MOVE	series/gakuen-idolmaster/05_AUDIOVISUAL_ANALYSIS/00_MUSICAL_IDENTITY_BASELINES/06_KURAMOTO_CHINA/GKM_PHASE3_CHINA_SONG_MIX_METRICS.json	series/gakuen-idolmaster/05_AUDIOVISUAL_ANALYSIS/06_KURAMOTO_CHINA/SUPPORTING_DATA/GKM_PHASE3_CHINA_SONG_MIX_METRICS.json	694c18bd8c255dccf9ca52910c0a47c14c8325ecc5b5c168d95aa3ca804084bf	694c18bd8c255dccf9ca52910c0a47c14c8325ecc5b5c168d95aa3ca804084bf	MOVE_ONLY
df03cc7e41cde31d101d064da5da868febb6089b	MOVE	series/gakuen-idolmaster/05_AUDIOVISUAL_ANALYSIS/00_MUSICAL_IDENTITY_BASELINES/06_KURAMOTO_CHINA/GKM_PHASE3_CHINA_SONG_MIX_METRICS.tsv	series/gakuen-idolmaster/05_AUDIOVISUAL_ANALYSIS/06_KURAMOTO_CHINA/SUPPORTING_DATA/GKM_PHASE3_CHINA_SONG_MIX_METRICS.tsv	0922113242e99eb8b550927a81d65389b7e1739fec3d3ac95c909fff808e8fc7	0922113242e99eb8b550927a81d65389b7e1739fec3d3ac95c909fff808e8fc7	MOVE_ONLY
df03cc7e41cde31d101d064da5da868febb6089b	MOVE	series/gakuen-idolmaster/05_AUDIOVISUAL_ANALYSIS/00_MUSICAL_IDENTITY_BASELINES/06_KURAMOTO_CHINA/GKM_PHASE3_CHINA_VISUAL_ENVELOPE_METRICS.json	series/gakuen-idolmaster/05_AUDIOVISUAL_ANALYSIS/06_KURAMOTO_CHINA/SUPPORTING_DATA/GKM_PHASE3_CHINA_VISUAL_ENVELOPE_METRICS.json	f3593a596a66f1fe0154e90f901a4fb1ee4aacfeb84a2b2fc7d4782155445c41	f3593a596a66f1fe0154e90f901a4fb1ee4aacfeb84a2b2fc7d4782155445c41	MOVE_ONLY
df03cc7e41cde31d101d064da5da868febb6089b	MOVE	series/gakuen-idolmaster/05_AUDIOVISUAL_ANALYSIS/00_MUSICAL_IDENTITY_BASELINES/06_KURAMOTO_CHINA/GKM_PHASE3_CHINA_VISUAL_ENVELOPE_METRICS.tsv	series/gakuen-idolmaster/05_AUDIOVISUAL_ANALYSIS/06_KURAMOTO_CHINA/SUPPORTING_DATA/GKM_PHASE3_CHINA_VISUAL_ENVELOPE_METRICS.tsv	a4bee0f5eb139faa90c806cc16ab4bd9aeb8b1de61788a4d55d62055e0bab7a1	a4bee0f5eb139faa90c806cc16ab4bd9aeb8b1de61788a4d55d62055e0bab7a1	MOVE_ONLY
df03cc7e41cde31d101d064da5da868febb6089b	MOVE	series/gakuen-idolmaster/05_AUDIOVISUAL_ANALYSIS/00_MUSICAL_IDENTITY_BASELINES/07_SHINOSAWA_HIRO/GAKUEN_IDOLMASTER_PHASE3_HIRO_COMPLETE_AUDIOVISUAL_BASELINE.zip.sha256	series/gakuen-idolmaster/05_AUDIOVISUAL_ANALYSIS/07_SHINOSAWA_HIRO/GAKUEN_IDOLMASTER_PHASE3_HIRO_COMPLETE_AUDIOVISUAL_BASELINE.zip.sha256	94df5ab7ff802eb48376c40be67521bff0d279875055481f5962de13bf03812c	94df5ab7ff802eb48376c40be67521bff0d279875055481f5962de13bf03812c	MOVE_ONLY
df03cc7e41cde31d101d064da5da868febb6089b	MOVE	series/gakuen-idolmaster/05_AUDIOVISUAL_ANALYSIS/00_MUSICAL_IDENTITY_BASELINES/07_SHINOSAWA_HIRO/GKM_HIRO_AUDIOVISUAL_BASELINE_AND_REQUESTS.md	series/gakuen-idolmaster/05_AUDIOVISUAL_ANALYSIS/07_SHINOSAWA_HIRO/GKM_HIRO_AUDIOVISUAL_BASELINE_AND_REQUESTS.md	56dccf2a6efe34b45a7312fc89b9ab2722893c0e753e7f501994dc8aaeeaa0ed	1cf6982097b8c7967d297419edaf61e6a21af3e5b01ee51c52f8e37705ebfb84	MOVE_AND_UPDATE_NAVIGATION_OR_AUTHORITY_PATHS
df03cc7e41cde31d101d064da5da868febb6089b	MOVE	series/gakuen-idolmaster/05_AUDIOVISUAL_ANALYSIS/00_MUSICAL_IDENTITY_BASELINES/07_SHINOSAWA_HIRO/GKM_HIRO_AV_EVIDENCE_AND_METRICS_MATRIX.md	series/gakuen-idolmaster/05_AUDIOVISUAL_ANALYSIS/07_SHINOSAWA_HIRO/GKM_HIRO_AV_EVIDENCE_AND_METRICS_MATRIX.md	fc9ca11964cecb9a9c7e1b0bb823d29cdeb076a71c679e2da4b9f73917fd3b76	fc9ca11964cecb9a9c7e1b0bb823d29cdeb076a71c679e2da4b9f73917fd3b76	MOVE_ONLY
df03cc7e41cde31d101d064da5da868febb6089b	MOVE	series/gakuen-idolmaster/05_AUDIOVISUAL_ANALYSIS/00_MUSICAL_IDENTITY_BASELINES/07_SHINOSAWA_HIRO/GKM_HIRO_COMPLETE_AUDIOVISUAL_BASELINE.md	series/gakuen-idolmaster/05_AUDIOVISUAL_ANALYSIS/07_SHINOSAWA_HIRO/GKM_HIRO_COMPLETE_AUDIOVISUAL_BASELINE.md	59281895d01d32898e31ce51211329c795f9dc8282fcfa320a18b856c63d2930	1e9cbbe4409e5eb9f3a1044e98c54ab07695c7de8a0a439bf63b0f725faf6cbf	MOVE_AND_UPDATE_NAVIGATION_OR_AUTHORITY_PATHS
df03cc7e41cde31d101d064da5da868febb6089b	MOVE	series/gakuen-idolmaster/05_AUDIOVISUAL_ANALYSIS/00_MUSICAL_IDENTITY_BASELINES/07_SHINOSAWA_HIRO/GKM_HIRO_DIALOGUE_VOICE_ACTING_CLOSE_READING.md	series/gakuen-idolmaster/05_AUDIOVISUAL_ANALYSIS/07_SHINOSAWA_HIRO/GKM_HIRO_DIALOGUE_VOICE_ACTING_CLOSE_READING.md	a33c0dd4934cc4ddab1cf2ed432e6765021c21e6f311f1a7d9fc2ea261b1383d	a33c0dd4934cc4ddab1cf2ed432e6765021c21e6f311f1a7d9fc2ea261b1383d	MOVE_ONLY
df03cc7e41cde31d101d064da5da868febb6089b	MOVE	series/gakuen-idolmaster/05_AUDIOVISUAL_ANALYSIS/00_MUSICAL_IDENTITY_BASELINES/07_SHINOSAWA_HIRO/GKM_HIRO_MUSIC_MV_AND_PERFORMANCE_CLOSE_READING.md	series/gakuen-idolmaster/05_AUDIOVISUAL_ANALYSIS/07_SHINOSAWA_HIRO/GKM_HIRO_MUSIC_MV_AND_PERFORMANCE_CLOSE_READING.md	b8efc5462fc5c8e53a7557ef86bbcc64e74b7959d6000fc55b99df9e54b6f0ad	b8efc5462fc5c8e53a7557ef86bbcc64e74b7959d6000fc55b99df9e54b6f0ad	MOVE_ONLY
df03cc7e41cde31d101d064da5da868febb6089b	MOVE	series/gakuen-idolmaster/05_AUDIOVISUAL_ANALYSIS/00_MUSICAL_IDENTITY_BASELINES/07_SHINOSAWA_HIRO/GKM_PHASE3_HIRO_AUDIOVISUAL_ARTIFACT_CHECKSUMS.sha256	series/gakuen-idolmaster/05_AUDIOVISUAL_ANALYSIS/07_SHINOSAWA_HIRO/GKM_PHASE3_HIRO_AUDIOVISUAL_ARTIFACT_CHECKSUMS.sha256	6a78e67971e135bc4794df1c2fee5817b10db2bc80ddf28e1cbec939f2aa9671	6a78e67971e135bc4794df1c2fee5817b10db2bc80ddf28e1cbec939f2aa9671	MOVE_ONLY
df03cc7e41cde31d101d064da5da868febb6089b	MOVE	series/gakuen-idolmaster/05_AUDIOVISUAL_ANALYSIS/00_MUSICAL_IDENTITY_BASELINES/07_SHINOSAWA_HIRO/GKM_PHASE3_HIRO_AUDIOVISUAL_COMPLETION_REPORT.md	series/gakuen-idolmaster/05_AUDIOVISUAL_ANALYSIS/07_SHINOSAWA_HIRO/GKM_PHASE3_HIRO_AUDIOVISUAL_COMPLETION_REPORT.md	37704bd93f1bfed0c068dd1e9ebf18e92c0f8f6a7c47b6bd9769d027248b105f	37704bd93f1bfed0c068dd1e9ebf18e92c0f8f6a7c47b6bd9769d027248b105f	MOVE_ONLY
df03cc7e41cde31d101d064da5da868febb6089b	MOVE	series/gakuen-idolmaster/05_AUDIOVISUAL_ANALYSIS/00_MUSICAL_IDENTITY_BASELINES/07_SHINOSAWA_HIRO/GKM_PHASE3_HIRO_AUDIOVISUAL_SOURCE_MANIFEST.json	series/gakuen-idolmaster/05_AUDIOVISUAL_ANALYSIS/07_SHINOSAWA_HIRO/GKM_PHASE3_HIRO_AUDIOVISUAL_SOURCE_MANIFEST.json	8b0707843b8d0ad8fd171a0f560d0ba006bd78ec26b89ee1a25c7f84cf92349d	8b0707843b8d0ad8fd171a0f560d0ba006bd78ec26b89ee1a25c7f84cf92349d	MOVE_ONLY
df03cc7e41cde31d101d064da5da868febb6089b	MOVE	series/gakuen-idolmaster/05_AUDIOVISUAL_ANALYSIS/00_MUSICAL_IDENTITY_BASELINES/07_SHINOSAWA_HIRO/GKM_PHASE3_HIRO_AV_DELIVERY_AUDIT.md	series/gakuen-idolmaster/05_AUDIOVISUAL_ANALYSIS/07_SHINOSAWA_HIRO/GKM_PHASE3_HIRO_AV_DELIVERY_AUDIT.md	f881d00842873e2c4193f270a4ccc2be81e88cc596b52c0f649df77f7ce2f3e3	f881d00842873e2c4193f270a4ccc2be81e88cc596b52c0f649df77f7ce2f3e3	MOVE_ONLY
df03cc7e41cde31d101d064da5da868febb6089b	MOVE	series/gakuen-idolmaster/05_AUDIOVISUAL_ANALYSIS/00_MUSICAL_IDENTITY_BASELINES/07_SHINOSAWA_HIRO/GKM_PHASE3_HIRO_AV_RELEASE_MANIFEST.json	series/gakuen-idolmaster/05_AUDIOVISUAL_ANALYSIS/07_SHINOSAWA_HIRO/GKM_PHASE3_HIRO_AV_RELEASE_MANIFEST.json	b63945036d827a52e67445da047fc7b2cffd451dfaf7fed9f702f3db06f185eb	b63945036d827a52e67445da047fc7b2cffd451dfaf7fed9f702f3db06f185eb	MOVE_ONLY
df03cc7e41cde31d101d064da5da868febb6089b	MOVE	series/gakuen-idolmaster/05_AUDIOVISUAL_ANALYSIS/00_MUSICAL_IDENTITY_BASELINES/07_SHINOSAWA_HIRO/GKM_PHASE3_HIRO_AV_TECHNICAL_METRICS_APPENDIX.md	series/gakuen-idolmaster/05_AUDIOVISUAL_ANALYSIS/07_SHINOSAWA_HIRO/GKM_PHASE3_HIRO_AV_TECHNICAL_METRICS_APPENDIX.md	a2f134f9aad358f043e149e131abe3c98f458ac2393f9a02d278a89d3ee93ac7	a2f134f9aad358f043e149e131abe3c98f458ac2393f9a02d278a89d3ee93ac7	MOVE_ONLY
df03cc7e41cde31d101d064da5da868febb6089b	MOVE	series/gakuen-idolmaster/05_AUDIOVISUAL_ANALYSIS/00_MUSICAL_IDENTITY_BASELINES/08_HIMESAKI_RINAMI/00_README_AND_DOCUMENT_MAP.md	series/gakuen-idolmaster/05_AUDIOVISUAL_ANALYSIS/08_HIMESAKI_RINAMI/00_README_AND_DOCUMENT_MAP.md	43c79ccea857ad0bdb0bd53217c46388816d7c1f76c42b13c87872c99bc249d7	43c79ccea857ad0bdb0bd53217c46388816d7c1f76c42b13c87872c99bc249d7	MOVE_ONLY
df03cc7e41cde31d101d064da5da868febb6089b	MOVE	series/gakuen-idolmaster/05_AUDIOVISUAL_ANALYSIS/00_MUSICAL_IDENTITY_BASELINES/08_HIMESAKI_RINAMI/90_SUPERSEDED_RELEASES/GAKUEN_IDOLMASTER_PHASE3_RINAMI_INTEGRATED_AV_R1.zip.sha256	series/gakuen-idolmaster/05_AUDIOVISUAL_ANALYSIS/08_HIMESAKI_RINAMI/90_SUPERSEDED_RELEASES/GAKUEN_IDOLMASTER_PHASE3_RINAMI_INTEGRATED_AV_R1.zip.sha256	34c43473cdb77d239fa98562109830ee4ea4fec5264c0fd2cb42f84eb5b92915	34c43473cdb77d239fa98562109830ee4ea4fec5264c0fd2cb42f84eb5b92915	MOVE_ONLY
df03cc7e41cde31d101d064da5da868febb6089b	MOVE	series/gakuen-idolmaster/05_AUDIOVISUAL_ANALYSIS/00_MUSICAL_IDENTITY_BASELINES/08_HIMESAKI_RINAMI/90_SUPERSEDED_RELEASES/R1_SUPERSESSION_NOTE.md	series/gakuen-idolmaster/05_AUDIOVISUAL_ANALYSIS/08_HIMESAKI_RINAMI/90_SUPERSEDED_RELEASES/R1_SUPERSESSION_NOTE.md	d91d82b5bb047a61b1af9eef163850303c56815d102307cf5fcf7aef888a17b9	d91d82b5bb047a61b1af9eef163850303c56815d102307cf5fcf7aef888a17b9	MOVE_ONLY
df03cc7e41cde31d101d064da5da868febb6089b	MOVE	series/gakuen-idolmaster/05_AUDIOVISUAL_ANALYSIS/00_MUSICAL_IDENTITY_BASELINES/08_HIMESAKI_RINAMI/GAKUEN_IDOLMASTER_PHASE3_RINAMI_INTEGRATED_AV_R2.zip.sha256	series/gakuen-idolmaster/05_AUDIOVISUAL_ANALYSIS/08_HIMESAKI_RINAMI/GAKUEN_IDOLMASTER_PHASE3_RINAMI_INTEGRATED_AV_R2.zip.sha256	2bbdb8cedf82cdca64cb28796b7da37abc08e98708fad51a0de8a6153efdaf77	2bbdb8cedf82cdca64cb28796b7da37abc08e98708fad51a0de8a6153efdaf77	MOVE_ONLY
df03cc7e41cde31d101d064da5da868febb6089b	MOVE	series/gakuen-idolmaster/05_AUDIOVISUAL_ANALYSIS/00_MUSICAL_IDENTITY_BASELINES/08_HIMESAKI_RINAMI/GKM_PHASE3_RINAMI_AUDIOVISUAL_COMPLETION_REPORT.md	series/gakuen-idolmaster/05_AUDIOVISUAL_ANALYSIS/08_HIMESAKI_RINAMI/GKM_PHASE3_RINAMI_AUDIOVISUAL_COMPLETION_REPORT.md	01dbce9f1bfa97f6780187f9fe79428daa8a1bf6bc20a4643263e225360c4159	01dbce9f1bfa97f6780187f9fe79428daa8a1bf6bc20a4643263e225360c4159	MOVE_ONLY
df03cc7e41cde31d101d064da5da868febb6089b	MOVE	series/gakuen-idolmaster/05_AUDIOVISUAL_ANALYSIS/00_MUSICAL_IDENTITY_BASELINES/08_HIMESAKI_RINAMI/GKM_PHASE3_RINAMI_AUDIOVISUAL_SOURCE_MANIFEST.json	series/gakuen-idolmaster/05_AUDIOVISUAL_ANALYSIS/08_HIMESAKI_RINAMI/GKM_PHASE3_RINAMI_AUDIOVISUAL_SOURCE_MANIFEST.json	f99a998245f6194657dcd1492abccd66f8f18a7e71c7fdd998b9bd47228bd268	f99a998245f6194657dcd1492abccd66f8f18a7e71c7fdd998b9bd47228bd268	MOVE_ONLY
df03cc7e41cde31d101d064da5da868febb6089b	MOVE	series/gakuen-idolmaster/05_AUDIOVISUAL_ANALYSIS/00_MUSICAL_IDENTITY_BASELINES/08_HIMESAKI_RINAMI/GKM_PHASE3_RINAMI_AV_ARTIFACT_CHECKSUMS.sha256	series/gakuen-idolmaster/05_AUDIOVISUAL_ANALYSIS/08_HIMESAKI_RINAMI/GKM_PHASE3_RINAMI_AV_ARTIFACT_CHECKSUMS.sha256	612a8160ad60cad33e47bc447e6396ce918eb735b9f7e6ad43927f1f991f7bdb	612a8160ad60cad33e47bc447e6396ce918eb735b9f7e6ad43927f1f991f7bdb	MOVE_ONLY
df03cc7e41cde31d101d064da5da868febb6089b	MOVE	series/gakuen-idolmaster/05_AUDIOVISUAL_ANALYSIS/00_MUSICAL_IDENTITY_BASELINES/08_HIMESAKI_RINAMI/GKM_PHASE3_RINAMI_AV_DELIVERY_AUDIT.md	series/gakuen-idolmaster/05_AUDIOVISUAL_ANALYSIS/08_HIMESAKI_RINAMI/GKM_PHASE3_RINAMI_AV_DELIVERY_AUDIT.md	8ed29e5a425826f47e2598e7dd1cf489d8d989e0c6b01de1d3ebdeccd02455fe	8ed29e5a425826f47e2598e7dd1cf489d8d989e0c6b01de1d3ebdeccd02455fe	MOVE_ONLY
df03cc7e41cde31d101d064da5da868febb6089b	MOVE	series/gakuen-idolmaster/05_AUDIOVISUAL_ANALYSIS/00_MUSICAL_IDENTITY_BASELINES/08_HIMESAKI_RINAMI/GKM_PHASE3_RINAMI_AV_TECHNICAL_METRICS_APPENDIX.md	series/gakuen-idolmaster/05_AUDIOVISUAL_ANALYSIS/08_HIMESAKI_RINAMI/GKM_PHASE3_RINAMI_AV_TECHNICAL_METRICS_APPENDIX.md	8918c5b2574d8d9a69f34a57f9867c4680615302992e7a027599a1f5df9dcf98	8918c5b2574d8d9a69f34a57f9867c4680615302992e7a027599a1f5df9dcf98	MOVE_ONLY
df03cc7e41cde31d101d064da5da868febb6089b	MOVE	series/gakuen-idolmaster/05_AUDIOVISUAL_ANALYSIS/00_MUSICAL_IDENTITY_BASELINES/08_HIMESAKI_RINAMI/GKM_RINAMI_AUDIOVISUAL_BASELINE_AND_REQUESTS.md	series/gakuen-idolmaster/05_AUDIOVISUAL_ANALYSIS/08_HIMESAKI_RINAMI/GKM_RINAMI_AUDIOVISUAL_BASELINE_AND_REQUESTS.md	a6e667f2730bdc07d54704a034c32159c2245249558ca1f0993ff27b6eaa441b	dfde1866487b8dc04d0d59061dc35f89a7861d0fa53aeafd8ec630398cee5732	MOVE_AND_UPDATE_NAVIGATION_OR_AUTHORITY_PATHS
df03cc7e41cde31d101d064da5da868febb6089b	MOVE	series/gakuen-idolmaster/05_AUDIOVISUAL_ANALYSIS/00_MUSICAL_IDENTITY_BASELINES/08_HIMESAKI_RINAMI/GKM_RINAMI_AV_EVIDENCE_AND_METRICS_MATRIX.md	series/gakuen-idolmaster/05_AUDIOVISUAL_ANALYSIS/08_HIMESAKI_RINAMI/GKM_RINAMI_AV_EVIDENCE_AND_METRICS_MATRIX.md	1c1b0cd8f7979fdbeb113ef2b0c6c775cc54a219c60e26991235d562ad2e188e	1c1b0cd8f7979fdbeb113ef2b0c6c775cc54a219c60e26991235d562ad2e188e	MOVE_ONLY
df03cc7e41cde31d101d064da5da868febb6089b	MOVE	series/gakuen-idolmaster/05_AUDIOVISUAL_ANALYSIS/00_MUSICAL_IDENTITY_BASELINES/08_HIMESAKI_RINAMI/GKM_RINAMI_COMPLETE_AUDIOVISUAL_BASELINE.md	series/gakuen-idolmaster/05_AUDIOVISUAL_ANALYSIS/08_HIMESAKI_RINAMI/GKM_RINAMI_COMPLETE_AUDIOVISUAL_BASELINE.md	17518e5dc605994cad57ac4b7b6bf04110f838edb1bcd2a335ae8a735b2f50a2	a29fe326e4e0342ddf8e09c667b4ac2b826b9d6f73ccdf891f608333e61f73b7	MOVE_AND_UPDATE_NAVIGATION_OR_AUTHORITY_PATHS
df03cc7e41cde31d101d064da5da868febb6089b	MOVE	series/gakuen-idolmaster/05_AUDIOVISUAL_ANALYSIS/00_MUSICAL_IDENTITY_BASELINES/08_HIMESAKI_RINAMI/SUPPORTING_DATA/GKM_PHASE3_RINAMI_SELECTED_SCENE_PROSODY_PROXIES.json	series/gakuen-idolmaster/05_AUDIOVISUAL_ANALYSIS/08_HIMESAKI_RINAMI/SUPPORTING_DATA/GKM_PHASE3_RINAMI_SELECTED_SCENE_PROSODY_PROXIES.json	de58e2fc09250f26f81ba74a2d701839d24fa5a80ef3ca8f57d58a4ca052c5f9	de58e2fc09250f26f81ba74a2d701839d24fa5a80ef3ca8f57d58a4ca052c5f9	MOVE_ONLY
df03cc7e41cde31d101d064da5da868febb6089b	MOVE	series/gakuen-idolmaster/05_AUDIOVISUAL_ANALYSIS/00_MUSICAL_IDENTITY_BASELINES/08_HIMESAKI_RINAMI/SUPPORTING_DATA/GKM_PHASE3_RINAMI_SELECTED_SCENE_PROSODY_PROXIES.tsv	series/gakuen-idolmaster/05_AUDIOVISUAL_ANALYSIS/08_HIMESAKI_RINAMI/SUPPORTING_DATA/GKM_PHASE3_RINAMI_SELECTED_SCENE_PROSODY_PROXIES.tsv	1e4e1b14d297b55f68a013123b311be2e7616ed3e83875b73cdf61a4b7799b9b	1e4e1b14d297b55f68a013123b311be2e7616ed3e83875b73cdf61a4b7799b9b	MOVE_ONLY
df03cc7e41cde31d101d064da5da868febb6089b	MOVE	series/gakuen-idolmaster/05_AUDIOVISUAL_ANALYSIS/00_MUSICAL_IDENTITY_BASELINES/08_HIMESAKI_RINAMI/SUPPORTING_DATA/GKM_PHASE3_RINAMI_SONG_MIX_METRICS.json	series/gakuen-idolmaster/05_AUDIOVISUAL_ANALYSIS/08_HIMESAKI_RINAMI/SUPPORTING_DATA/GKM_PHASE3_RINAMI_SONG_MIX_METRICS.json	51c6a7c2f63ef42e1041014e2d85e38b2eff567466787ee54bbf6b80b6937463	51c6a7c2f63ef42e1041014e2d85e38b2eff567466787ee54bbf6b80b6937463	MOVE_ONLY
df03cc7e41cde31d101d064da5da868febb6089b	MOVE	series/gakuen-idolmaster/05_AUDIOVISUAL_ANALYSIS/00_MUSICAL_IDENTITY_BASELINES/08_HIMESAKI_RINAMI/SUPPORTING_DATA/GKM_PHASE3_RINAMI_SONG_MIX_METRICS.tsv	series/gakuen-idolmaster/05_AUDIOVISUAL_ANALYSIS/08_HIMESAKI_RINAMI/SUPPORTING_DATA/GKM_PHASE3_RINAMI_SONG_MIX_METRICS.tsv	25a171b3387bbf0715a6c4cae23c1bd9270b2c41926b56c1610bce6f45888955	25a171b3387bbf0715a6c4cae23c1bd9270b2c41926b56c1610bce6f45888955	MOVE_ONLY
df03cc7e41cde31d101d064da5da868febb6089b	MOVE	series/gakuen-idolmaster/05_AUDIOVISUAL_ANALYSIS/00_MUSICAL_IDENTITY_BASELINES/08_HIMESAKI_RINAMI/SUPPORTING_DATA/GKM_PHASE3_RINAMI_SOURCE_INVENTORY.tsv	series/gakuen-idolmaster/05_AUDIOVISUAL_ANALYSIS/08_HIMESAKI_RINAMI/SUPPORTING_DATA/GKM_PHASE3_RINAMI_SOURCE_INVENTORY.tsv	bd1ceb69c8d2a06f1e3c5942ac1ade6e51d9561a36e0c7d7d2a3c43466afd236	bd1ceb69c8d2a06f1e3c5942ac1ade6e51d9561a36e0c7d7d2a3c43466afd236	MOVE_ONLY
df03cc7e41cde31d101d064da5da868febb6089b	MOVE	series/gakuen-idolmaster/05_AUDIOVISUAL_ANALYSIS/00_MUSICAL_IDENTITY_BASELINES/08_HIMESAKI_RINAMI/SUPPORTING_DATA/GKM_PHASE3_RINAMI_TEXTUAL_REGISTER_METRICS.json	series/gakuen-idolmaster/05_AUDIOVISUAL_ANALYSIS/08_HIMESAKI_RINAMI/SUPPORTING_DATA/GKM_PHASE3_RINAMI_TEXTUAL_REGISTER_METRICS.json	6a829e90f38952d0bf075c312f7f947cc5e28d0ccfd85718c4932ecc0f3bb178	6a829e90f38952d0bf075c312f7f947cc5e28d0ccfd85718c4932ecc0f3bb178	MOVE_ONLY
df03cc7e41cde31d101d064da5da868febb6089b	MOVE	series/gakuen-idolmaster/05_AUDIOVISUAL_ANALYSIS/00_MUSICAL_IDENTITY_BASELINES/08_HIMESAKI_RINAMI/SUPPORTING_DATA/GKM_PHASE3_RINAMI_TEXTUAL_REGISTER_METRICS.tsv	series/gakuen-idolmaster/05_AUDIOVISUAL_ANALYSIS/08_HIMESAKI_RINAMI/SUPPORTING_DATA/GKM_PHASE3_RINAMI_TEXTUAL_REGISTER_METRICS.tsv	a489898c701c04275bad10c2ec015d100b3475981173d2c4a7ec3d99c990bc6f	a489898c701c04275bad10c2ec015d100b3475981173d2c4a7ec3d99c990bc6f	MOVE_ONLY
df03cc7e41cde31d101d064da5da868febb6089b	MOVE	series/gakuen-idolmaster/05_AUDIOVISUAL_ANALYSIS/00_MUSICAL_IDENTITY_BASELINES/08_HIMESAKI_RINAMI/SUPPORTING_DATA/GKM_PHASE3_RINAMI_VISUAL_ENVELOPE_METRICS.json	series/gakuen-idolmaster/05_AUDIOVISUAL_ANALYSIS/08_HIMESAKI_RINAMI/SUPPORTING_DATA/GKM_PHASE3_RINAMI_VISUAL_ENVELOPE_METRICS.json	184e4afeeca8663a9307b929356b8e04fccd61daefe65da8b65cea519df3fa0c	184e4afeeca8663a9307b929356b8e04fccd61daefe65da8b65cea519df3fa0c	MOVE_ONLY
df03cc7e41cde31d101d064da5da868febb6089b	MOVE	series/gakuen-idolmaster/05_AUDIOVISUAL_ANALYSIS/00_MUSICAL_IDENTITY_BASELINES/08_HIMESAKI_RINAMI/SUPPORTING_DATA/GKM_PHASE3_RINAMI_VISUAL_ENVELOPE_METRICS.tsv	series/gakuen-idolmaster/05_AUDIOVISUAL_ANALYSIS/08_HIMESAKI_RINAMI/SUPPORTING_DATA/GKM_PHASE3_RINAMI_VISUAL_ENVELOPE_METRICS.tsv	e39ae33198c8a5def412304bba6542dd88dd045723e402781b816dc0b2583db6	e39ae33198c8a5def412304bba6542dd88dd045723e402781b816dc0b2583db6	MOVE_ONLY
df03cc7e41cde31d101d064da5da868febb6089b	MOVE	series/gakuen-idolmaster/05_AUDIOVISUAL_ANALYSIS/00_MUSICAL_IDENTITY_BASELINES/08_HIMESAKI_RINAMI/SUPPORTING_DATA/audio_loudness_metrics.json	series/gakuen-idolmaster/05_AUDIOVISUAL_ANALYSIS/08_HIMESAKI_RINAMI/SUPPORTING_DATA/audio_loudness_metrics.json	bc627e16f8b308bc0f31c59d6c72f6a9ce266d4ce5d01e641e904abbbfbfa379	bc627e16f8b308bc0f31c59d6c72f6a9ce266d4ce5d01e641e904abbbfbfa379	MOVE_ONLY
df03cc7e41cde31d101d064da5da868febb6089b	MOVE	series/gakuen-idolmaster/05_AUDIOVISUAL_ANALYSIS/00_MUSICAL_IDENTITY_BASELINES/08_HIMESAKI_RINAMI/SUPPORTING_DATA/scene_audio_proxy_metrics.json	series/gakuen-idolmaster/05_AUDIOVISUAL_ANALYSIS/08_HIMESAKI_RINAMI/SUPPORTING_DATA/scene_audio_proxy_metrics.json	d91f41347961f59e82d711871275c8e1fbc48a7ca39516cb7c2a9b66207d9cec	d91f41347961f59e82d711871275c8e1fbc48a7ca39516cb7c2a9b66207d9cec	MOVE_ONLY
df03cc7e41cde31d101d064da5da868febb6089b	MOVE	series/gakuen-idolmaster/05_AUDIOVISUAL_ANALYSIS/00_MUSICAL_IDENTITY_BASELINES/08_HIMESAKI_RINAMI/SUPPORTING_DATA/source_manifest.json	series/gakuen-idolmaster/05_AUDIOVISUAL_ANALYSIS/08_HIMESAKI_RINAMI/SUPPORTING_DATA/source_manifest.json	c32625f3522910a18bdaea1bc3c04682895eb1d0cd621511229b1f14ebe39f23	c32625f3522910a18bdaea1bc3c04682895eb1d0cd621511229b1f14ebe39f23	MOVE_ONLY
df03cc7e41cde31d101d064da5da868febb6089b	MOVE	series/gakuen-idolmaster/05_AUDIOVISUAL_ANALYSIS/00_MUSICAL_IDENTITY_BASELINES/08_HIMESAKI_RINAMI/SUPPORTING_DATA/source_manifest.tsv	series/gakuen-idolmaster/05_AUDIOVISUAL_ANALYSIS/08_HIMESAKI_RINAMI/SUPPORTING_DATA/source_manifest.tsv	bd1ceb69c8d2a06f1e3c5942ac1ade6e51d9561a36e0c7d7d2a3c43466afd236	bd1ceb69c8d2a06f1e3c5942ac1ade6e51d9561a36e0c7d7d2a3c43466afd236	MOVE_ONLY
df03cc7e41cde31d101d064da5da868febb6089b	MOVE	series/gakuen-idolmaster/05_AUDIOVISUAL_ANALYSIS/00_MUSICAL_IDENTITY_BASELINES/08_HIMESAKI_RINAMI/SUPPORTING_DATA/source_sha256.txt	series/gakuen-idolmaster/05_AUDIOVISUAL_ANALYSIS/08_HIMESAKI_RINAMI/SUPPORTING_DATA/source_sha256.txt	56e144090f55f774b220d5f6e7cfb377a16e0e8ae38e613a044912658c0591f7	56e144090f55f774b220d5f6e7cfb377a16e0e8ae38e613a044912658c0591f7	MOVE_ONLY
df03cc7e41cde31d101d064da5da868febb6089b	MOVE	series/gakuen-idolmaster/05_AUDIOVISUAL_ANALYSIS/00_MUSICAL_IDENTITY_BASELINES/08_HIMESAKI_RINAMI/SUPPORTING_DATA/visual_sample_metrics.json	series/gakuen-idolmaster/05_AUDIOVISUAL_ANALYSIS/08_HIMESAKI_RINAMI/SUPPORTING_DATA/visual_sample_metrics.json	79b97d376f4759bc2c8603f5a02d128dab2de520e35bf9e6eed3958b6e9ae3f1	79b97d376f4759bc2c8603f5a02d128dab2de520e35bf9e6eed3958b6e9ae3f1	MOVE_ONLY
df03cc7e41cde31d101d064da5da868febb6089b	MOVE	series/gakuen-idolmaster/05_AUDIOVISUAL_ANALYSIS/00_MUSICAL_IDENTITY_BASELINES/09_SHIUN_SUMIKA/00_README_AND_DOCUMENT_MAP.md	series/gakuen-idolmaster/05_AUDIOVISUAL_ANALYSIS/09_SHIUN_SUMIKA/00_README_AND_DOCUMENT_MAP.md	6c36518804ce24206067e0738ab0cbdbb5ab16deecf086d49982f212e60a6331	6c36518804ce24206067e0738ab0cbdbb5ab16deecf086d49982f212e60a6331	MOVE_ONLY
df03cc7e41cde31d101d064da5da868febb6089b	MOVE	series/gakuen-idolmaster/05_AUDIOVISUAL_ANALYSIS/00_MUSICAL_IDENTITY_BASELINES/09_SHIUN_SUMIKA/GAKUEN_IDOLMASTER_PHASE3_SUMIKA_INTEGRATED_AV.zip.sha256	series/gakuen-idolmaster/05_AUDIOVISUAL_ANALYSIS/09_SHIUN_SUMIKA/GAKUEN_IDOLMASTER_PHASE3_SUMIKA_INTEGRATED_AV.zip.sha256	ec8f5ab9d19d01a6105269a32b92d4f69b452a35ffa255859d06b8853a9b9c0d	ec8f5ab9d19d01a6105269a32b92d4f69b452a35ffa255859d06b8853a9b9c0d	MOVE_ONLY
df03cc7e41cde31d101d064da5da868febb6089b	MOVE	series/gakuen-idolmaster/05_AUDIOVISUAL_ANALYSIS/00_MUSICAL_IDENTITY_BASELINES/09_SHIUN_SUMIKA/GAKUEN_IDOLMASTER_PHASE3_SUMIKA_INTEGRATED_AV_R2.zip.sha256	series/gakuen-idolmaster/05_AUDIOVISUAL_ANALYSIS/09_SHIUN_SUMIKA/GAKUEN_IDOLMASTER_PHASE3_SUMIKA_INTEGRATED_AV_R2.zip.sha256	700a20adef49b558c953e94ab945e1516298a346cc1fe53aa64e057a5039311d	700a20adef49b558c953e94ab945e1516298a346cc1fe53aa64e057a5039311d	MOVE_ONLY
df03cc7e41cde31d101d064da5da868febb6089b	MOVE	series/gakuen-idolmaster/05_AUDIOVISUAL_ANALYSIS/00_MUSICAL_IDENTITY_BASELINES/09_SHIUN_SUMIKA/GKM_PHASE3_SUMIKA_AUDIOVISUAL_COMPLETION_REPORT.md	series/gakuen-idolmaster/05_AUDIOVISUAL_ANALYSIS/09_SHIUN_SUMIKA/GKM_PHASE3_SUMIKA_AUDIOVISUAL_COMPLETION_REPORT.md	39f03381fd8ae18dcf242a11ef82209e538a7ea185c3d1f97656dbed8c90746f	39f03381fd8ae18dcf242a11ef82209e538a7ea185c3d1f97656dbed8c90746f	MOVE_ONLY
df03cc7e41cde31d101d064da5da868febb6089b	MOVE	series/gakuen-idolmaster/05_AUDIOVISUAL_ANALYSIS/00_MUSICAL_IDENTITY_BASELINES/09_SHIUN_SUMIKA/GKM_PHASE3_SUMIKA_AUDIOVISUAL_SOURCE_MANIFEST.json	series/gakuen-idolmaster/05_AUDIOVISUAL_ANALYSIS/09_SHIUN_SUMIKA/GKM_PHASE3_SUMIKA_AUDIOVISUAL_SOURCE_MANIFEST.json	adb0a3a0f8883fa1fef5b40a027092e2b93b4669882a813d6b030ea66bd54824	adb0a3a0f8883fa1fef5b40a027092e2b93b4669882a813d6b030ea66bd54824	MOVE_ONLY
df03cc7e41cde31d101d064da5da868febb6089b	MOVE	series/gakuen-idolmaster/05_AUDIOVISUAL_ANALYSIS/00_MUSICAL_IDENTITY_BASELINES/09_SHIUN_SUMIKA/GKM_PHASE3_SUMIKA_AV_ARTIFACT_CHECKSUMS.sha256	series/gakuen-idolmaster/05_AUDIOVISUAL_ANALYSIS/09_SHIUN_SUMIKA/GKM_PHASE3_SUMIKA_AV_ARTIFACT_CHECKSUMS.sha256	aac59f65b597c8e768e7ca457ce6e70a723d4eb0e2a95e97aebd4af8642117e4	aac59f65b597c8e768e7ca457ce6e70a723d4eb0e2a95e97aebd4af8642117e4	MOVE_ONLY
df03cc7e41cde31d101d064da5da868febb6089b	MOVE	series/gakuen-idolmaster/05_AUDIOVISUAL_ANALYSIS/00_MUSICAL_IDENTITY_BASELINES/09_SHIUN_SUMIKA/GKM_PHASE3_SUMIKA_AV_DELIVERY_AUDIT.md	series/gakuen-idolmaster/05_AUDIOVISUAL_ANALYSIS/09_SHIUN_SUMIKA/GKM_PHASE3_SUMIKA_AV_DELIVERY_AUDIT.md	aa8e5898081c60f096555940ca49ebf0c41af31ede49874b2a01645b1182c661	aa8e5898081c60f096555940ca49ebf0c41af31ede49874b2a01645b1182c661	MOVE_ONLY
df03cc7e41cde31d101d064da5da868febb6089b	MOVE	series/gakuen-idolmaster/05_AUDIOVISUAL_ANALYSIS/00_MUSICAL_IDENTITY_BASELINES/09_SHIUN_SUMIKA/GKM_PHASE3_SUMIKA_AV_DRIVE_BACKPORT_MANIFEST.md	series/gakuen-idolmaster/05_AUDIOVISUAL_ANALYSIS/09_SHIUN_SUMIKA/GKM_PHASE3_SUMIKA_AV_DRIVE_BACKPORT_MANIFEST.md	2fbf2ec3f038d89435abd6f9b6d5895e3e963321ca23f068c1f7029b505ffcb0	2fbf2ec3f038d89435abd6f9b6d5895e3e963321ca23f068c1f7029b505ffcb0	MOVE_ONLY
df03cc7e41cde31d101d064da5da868febb6089b	MOVE	series/gakuen-idolmaster/05_AUDIOVISUAL_ANALYSIS/00_MUSICAL_IDENTITY_BASELINES/09_SHIUN_SUMIKA/GKM_PHASE3_SUMIKA_AV_TECHNICAL_METRICS_APPENDIX.md	series/gakuen-idolmaster/05_AUDIOVISUAL_ANALYSIS/09_SHIUN_SUMIKA/GKM_PHASE3_SUMIKA_AV_TECHNICAL_METRICS_APPENDIX.md	5509457def0a1327ae7601bf5dd01a02e28acca1df1e8d3f4add1d73b48849e4	5509457def0a1327ae7601bf5dd01a02e28acca1df1e8d3f4add1d73b48849e4	MOVE_ONLY
df03cc7e41cde31d101d064da5da868febb6089b	MOVE	series/gakuen-idolmaster/05_AUDIOVISUAL_ANALYSIS/00_MUSICAL_IDENTITY_BASELINES/09_SHIUN_SUMIKA/GKM_SUMIKA_AUDIOVISUAL_BASELINE_AND_REQUESTS.md	series/gakuen-idolmaster/05_AUDIOVISUAL_ANALYSIS/09_SHIUN_SUMIKA/GKM_SUMIKA_AUDIOVISUAL_BASELINE_AND_REQUESTS.md	8ac9e89121c647ba590060c29a1f457fa59127c729282c9f2edccd720e9e6d50	89ba23ea0660a824c6ab3d3f09751529ce59bbe49ff94dbaaccae9b6bb0b3623	MOVE_AND_UPDATE_NAVIGATION_OR_AUTHORITY_PATHS
df03cc7e41cde31d101d064da5da868febb6089b	MOVE	series/gakuen-idolmaster/05_AUDIOVISUAL_ANALYSIS/00_MUSICAL_IDENTITY_BASELINES/09_SHIUN_SUMIKA/GKM_SUMIKA_AV_EVIDENCE_AND_METRICS_MATRIX.md	series/gakuen-idolmaster/05_AUDIOVISUAL_ANALYSIS/09_SHIUN_SUMIKA/GKM_SUMIKA_AV_EVIDENCE_AND_METRICS_MATRIX.md	d77af88d496f803db9666de935f6acdd1190a1fd4e92eb6059ec4c435b1d63f1	d77af88d496f803db9666de935f6acdd1190a1fd4e92eb6059ec4c435b1d63f1	MOVE_ONLY
df03cc7e41cde31d101d064da5da868febb6089b	MOVE	series/gakuen-idolmaster/05_AUDIOVISUAL_ANALYSIS/00_MUSICAL_IDENTITY_BASELINES/09_SHIUN_SUMIKA/GKM_SUMIKA_COMPLETE_AUDIOVISUAL_BASELINE.md	series/gakuen-idolmaster/05_AUDIOVISUAL_ANALYSIS/09_SHIUN_SUMIKA/GKM_SUMIKA_COMPLETE_AUDIOVISUAL_BASELINE.md	c5b8ce80e0633883ae02df9c966a5d39eada308273bd65bc330247e4292f3fd4	fd8ce2c36cb724055fb071c97bc0247611284048080036ccc64e91eca1096031	MOVE_AND_UPDATE_NAVIGATION_OR_AUTHORITY_PATHS
df03cc7e41cde31d101d064da5da868febb6089b	MOVE	series/gakuen-idolmaster/05_AUDIOVISUAL_ANALYSIS/00_MUSICAL_IDENTITY_BASELINES/09_SHIUN_SUMIKA/GKM_SUMIKA_DIALOGUE_VOICE_ACTING_CLOSE_READING.md	series/gakuen-idolmaster/05_AUDIOVISUAL_ANALYSIS/09_SHIUN_SUMIKA/GKM_SUMIKA_DIALOGUE_VOICE_ACTING_CLOSE_READING.md	592c857aa281664ca64b4e4f82d866efa683e2f8be99920dd1b4962d4a15f1e4	592c857aa281664ca64b4e4f82d866efa683e2f8be99920dd1b4962d4a15f1e4	MOVE_ONLY
df03cc7e41cde31d101d064da5da868febb6089b	MOVE	series/gakuen-idolmaster/05_AUDIOVISUAL_ANALYSIS/00_MUSICAL_IDENTITY_BASELINES/09_SHIUN_SUMIKA/GKM_SUMIKA_MUSIC_MV_AND_PERFORMANCE_CLOSE_READING.md	series/gakuen-idolmaster/05_AUDIOVISUAL_ANALYSIS/09_SHIUN_SUMIKA/GKM_SUMIKA_MUSIC_MV_AND_PERFORMANCE_CLOSE_READING.md	503ea0c897da17540bedd8ba2183ca39f966388e8706e997e94dca5553f2ccea	503ea0c897da17540bedd8ba2183ca39f966388e8706e997e94dca5553f2ccea	MOVE_ONLY
df03cc7e41cde31d101d064da5da868febb6089b	MOVE	series/gakuen-idolmaster/05_AUDIOVISUAL_ANALYSIS/00_MUSICAL_IDENTITY_BASELINES/09_SHIUN_SUMIKA/SUPPORTING_DATA/SUMIKA_DEAR_028_037_DIRECT_UPLOAD.sha256	series/gakuen-idolmaster/05_AUDIOVISUAL_ANALYSIS/09_SHIUN_SUMIKA/SUPPORTING_DATA/SUMIKA_DEAR_028_037_DIRECT_UPLOAD.sha256	a2b2ff3815494d27095f0801f0dcb1185d2c4658b0d3c74d5fe4ec44d11dd328	a2b2ff3815494d27095f0801f0dcb1185d2c4658b0d3c74d5fe4ec44d11dd328	MOVE_ONLY
df03cc7e41cde31d101d064da5da868febb6089b	MOVE	series/gakuen-idolmaster/05_AUDIOVISUAL_ANALYSIS/00_MUSICAL_IDENTITY_BASELINES/09_SHIUN_SUMIKA/SUPPORTING_DATA/SUMIKA_DEAR_028_037_DIRECT_UPLOAD_FFPROBE.json	series/gakuen-idolmaster/05_AUDIOVISUAL_ANALYSIS/09_SHIUN_SUMIKA/SUPPORTING_DATA/SUMIKA_DEAR_028_037_DIRECT_UPLOAD_FFPROBE.json	e6f87f0fc9002959d4edd2e032791e0967c382def6b9ca563e8a40fa0621f269	e6f87f0fc9002959d4edd2e032791e0967c382def6b9ca563e8a40fa0621f269	MOVE_ONLY
df03cc7e41cde31d101d064da5da868febb6089b	MOVE	series/gakuen-idolmaster/05_AUDIOVISUAL_ANALYSIS/00_MUSICAL_IDENTITY_BASELINES/09_SHIUN_SUMIKA/SUPPORTING_DATA/SUMIKA_DEAR_028_037_MIXED_SCENE_METRICS.json	series/gakuen-idolmaster/05_AUDIOVISUAL_ANALYSIS/09_SHIUN_SUMIKA/SUPPORTING_DATA/SUMIKA_DEAR_028_037_MIXED_SCENE_METRICS.json	63b9fac2ed2c8203e24f973cad00187bbdcad0e05f790814f68f8f60b9b6c767	63b9fac2ed2c8203e24f973cad00187bbdcad0e05f790814f68f8f60b9b6c767	MOVE_ONLY
df03cc7e41cde31d101d064da5da868febb6089b	MOVE	series/gakuen-idolmaster/05_AUDIOVISUAL_ANALYSIS/00_MUSICAL_IDENTITY_BASELINES/09_SHIUN_SUMIKA/SUPPORTING_DATA/ebur128_metrics.json	series/gakuen-idolmaster/05_AUDIOVISUAL_ANALYSIS/09_SHIUN_SUMIKA/SUPPORTING_DATA/ebur128_metrics.json	56fb14aa08458c1faaeafa99a5482ece7dacdf47f63cc41a98a1612521832a1a	56fb14aa08458c1faaeafa99a5482ece7dacdf47f63cc41a98a1612521832a1a	MOVE_ONLY
df03cc7e41cde31d101d064da5da868febb6089b	MOVE	series/gakuen-idolmaster/05_AUDIOVISUAL_ANALYSIS/00_MUSICAL_IDENTITY_BASELINES/09_SHIUN_SUMIKA/SUPPORTING_DATA/ffprobe_manifest.json	series/gakuen-idolmaster/05_AUDIOVISUAL_ANALYSIS/09_SHIUN_SUMIKA/SUPPORTING_DATA/ffprobe_manifest.json	30724d0acb5282d4b5a514a022de0a9b754e3ba3dbebfa9edbafe243eacdb64b	30724d0acb5282d4b5a514a022de0a9b754e3ba3dbebfa9edbafe243eacdb64b	MOVE_ONLY
df03cc7e41cde31d101d064da5da868febb6089b	MOVE	series/gakuen-idolmaster/05_AUDIOVISUAL_ANALYSIS/00_MUSICAL_IDENTITY_BASELINES/09_SHIUN_SUMIKA/SUPPORTING_DATA/music_audio_metrics.json	series/gakuen-idolmaster/05_AUDIOVISUAL_ANALYSIS/09_SHIUN_SUMIKA/SUPPORTING_DATA/music_audio_metrics.json	63cf7204ae332cee61e0991030eecdb9e87778c4923c7fa5becd6e67d06ba85b	63cf7204ae332cee61e0991030eecdb9e87778c4923c7fa5becd6e67d06ba85b	MOVE_ONLY
df03cc7e41cde31d101d064da5da868febb6089b	MOVE	series/gakuen-idolmaster/05_AUDIOVISUAL_ANALYSIS/00_MUSICAL_IDENTITY_BASELINES/09_SHIUN_SUMIKA/SUPPORTING_DATA/visual_metrics_from_uniform_frames.json	series/gakuen-idolmaster/05_AUDIOVISUAL_ANALYSIS/09_SHIUN_SUMIKA/SUPPORTING_DATA/visual_metrics_from_uniform_frames.json	0123f362464793c329dd7640613c288e15384b416cb4c5569d7836f7c21bf4dc	0123f362464793c329dd7640613c288e15384b416cb4c5569d7836f7c21bf4dc	MOVE_ONLY
df03cc7e41cde31d101d064da5da868febb6089b	MOVE	series/gakuen-idolmaster/05_AUDIOVISUAL_ANALYSIS/00_MUSICAL_IDENTITY_BASELINES/10_HANAMI_UME/00_README_AND_DOCUMENT_MAP.md	series/gakuen-idolmaster/05_AUDIOVISUAL_ANALYSIS/10_HANAMI_UME/00_README_AND_DOCUMENT_MAP.md	44cdef6b8c248d13a3883e9f66b8d185efdc7f686b4820a7ca2ceae21880aa23	44cdef6b8c248d13a3883e9f66b8d185efdc7f686b4820a7ca2ceae21880aa23	MOVE_ONLY
df03cc7e41cde31d101d064da5da868febb6089b	MOVE	series/gakuen-idolmaster/05_AUDIOVISUAL_ANALYSIS/00_MUSICAL_IDENTITY_BASELINES/10_HANAMI_UME/GAKUEN_IDOLMASTER_PHASE3_UME_INTEGRATED_AV_R1.zip.sha256	series/gakuen-idolmaster/05_AUDIOVISUAL_ANALYSIS/10_HANAMI_UME/GAKUEN_IDOLMASTER_PHASE3_UME_INTEGRATED_AV_R1.zip.sha256	05ea085b56349429dafd63497b4d084111c63122fbb537de7bd776a92d401f4d	05ea085b56349429dafd63497b4d084111c63122fbb537de7bd776a92d401f4d	MOVE_ONLY
df03cc7e41cde31d101d064da5da868febb6089b	MOVE	series/gakuen-idolmaster/05_AUDIOVISUAL_ANALYSIS/00_MUSICAL_IDENTITY_BASELINES/10_HANAMI_UME/GKM_PHASE3_UME_AUDIOVISUAL_COMPLETION_REPORT.md	series/gakuen-idolmaster/05_AUDIOVISUAL_ANALYSIS/10_HANAMI_UME/GKM_PHASE3_UME_AUDIOVISUAL_COMPLETION_REPORT.md	5083d5cfe8d3fd71d5d9e82e55ce87d9790a6f55f95a16badbcd1ea3c9e4b43a	5083d5cfe8d3fd71d5d9e82e55ce87d9790a6f55f95a16badbcd1ea3c9e4b43a	MOVE_ONLY
df03cc7e41cde31d101d064da5da868febb6089b	MOVE	series/gakuen-idolmaster/05_AUDIOVISUAL_ANALYSIS/00_MUSICAL_IDENTITY_BASELINES/10_HANAMI_UME/GKM_PHASE3_UME_AUDIOVISUAL_SOURCE_MANIFEST.json	series/gakuen-idolmaster/05_AUDIOVISUAL_ANALYSIS/10_HANAMI_UME/GKM_PHASE3_UME_AUDIOVISUAL_SOURCE_MANIFEST.json	537539dcd56dde14d8f632de4272f963cc212d15370b51d4ea7dfe47d4b78ac0	537539dcd56dde14d8f632de4272f963cc212d15370b51d4ea7dfe47d4b78ac0	MOVE_ONLY
df03cc7e41cde31d101d064da5da868febb6089b	MOVE	series/gakuen-idolmaster/05_AUDIOVISUAL_ANALYSIS/00_MUSICAL_IDENTITY_BASELINES/10_HANAMI_UME/GKM_PHASE3_UME_AUDIO_ENVELOPE_METRICS.json	series/gakuen-idolmaster/05_AUDIOVISUAL_ANALYSIS/10_HANAMI_UME/SUPPORTING_DATA/GKM_PHASE3_UME_AUDIO_ENVELOPE_METRICS.json	3056d682816043aa27e07d4dd6651b5ec8d807c989b130d7b9f384c5c6522595	3056d682816043aa27e07d4dd6651b5ec8d807c989b130d7b9f384c5c6522595	MOVE_ONLY
df03cc7e41cde31d101d064da5da868febb6089b	MOVE	series/gakuen-idolmaster/05_AUDIOVISUAL_ANALYSIS/00_MUSICAL_IDENTITY_BASELINES/10_HANAMI_UME/GKM_PHASE3_UME_AUDIO_ENVELOPE_METRICS.tsv	series/gakuen-idolmaster/05_AUDIOVISUAL_ANALYSIS/10_HANAMI_UME/SUPPORTING_DATA/GKM_PHASE3_UME_AUDIO_ENVELOPE_METRICS.tsv	50f5c86c5b49b54e9b183549d9a82f5e2231ddec8947fc69dfcf40b95e2514ad	50f5c86c5b49b54e9b183549d9a82f5e2231ddec8947fc69dfcf40b95e2514ad	MOVE_ONLY
df03cc7e41cde31d101d064da5da868febb6089b	MOVE	series/gakuen-idolmaster/05_AUDIOVISUAL_ANALYSIS/00_MUSICAL_IDENTITY_BASELINES/10_HANAMI_UME/GKM_PHASE3_UME_AV_ARTIFACT_CHECKSUMS.sha256	series/gakuen-idolmaster/05_AUDIOVISUAL_ANALYSIS/10_HANAMI_UME/GKM_PHASE3_UME_AV_ARTIFACT_CHECKSUMS.sha256	2635050c1447881809a442b1d9a584a1edeee684b9f1d7fbc8c613869a7f1568	2635050c1447881809a442b1d9a584a1edeee684b9f1d7fbc8c613869a7f1568	MOVE_ONLY
df03cc7e41cde31d101d064da5da868febb6089b	MOVE	series/gakuen-idolmaster/05_AUDIOVISUAL_ANALYSIS/00_MUSICAL_IDENTITY_BASELINES/10_HANAMI_UME/GKM_PHASE3_UME_AV_DELIVERY_AUDIT.md	series/gakuen-idolmaster/05_AUDIOVISUAL_ANALYSIS/10_HANAMI_UME/GKM_PHASE3_UME_AV_DELIVERY_AUDIT.md	7ed665ee6889b511a1d4fefd13ae2d32de810d145147354caf3a3e749e46fe3f	7ed665ee6889b511a1d4fefd13ae2d32de810d145147354caf3a3e749e46fe3f	MOVE_ONLY
df03cc7e41cde31d101d064da5da868febb6089b	MOVE	series/gakuen-idolmaster/05_AUDIOVISUAL_ANALYSIS/00_MUSICAL_IDENTITY_BASELINES/10_HANAMI_UME/GKM_PHASE3_UME_AV_TECHNICAL_METRICS_APPENDIX.md	series/gakuen-idolmaster/05_AUDIOVISUAL_ANALYSIS/10_HANAMI_UME/GKM_PHASE3_UME_AV_TECHNICAL_METRICS_APPENDIX.md	5adcb23e5d3019cc9202743920533826e538df538f8f9e149b11f53fec428286	5adcb23e5d3019cc9202743920533826e538df538f8f9e149b11f53fec428286	MOVE_ONLY
df03cc7e41cde31d101d064da5da868febb6089b	MOVE	series/gakuen-idolmaster/05_AUDIOVISUAL_ANALYSIS/00_MUSICAL_IDENTITY_BASELINES/10_HANAMI_UME/GKM_PHASE3_UME_SONG_MIX_METRICS.json	series/gakuen-idolmaster/05_AUDIOVISUAL_ANALYSIS/10_HANAMI_UME/SUPPORTING_DATA/GKM_PHASE3_UME_SONG_MIX_METRICS.json	3628cce780f2329624ae6dd4412af646e825a97b9bbf6b0859f35bcb1ec63776	3628cce780f2329624ae6dd4412af646e825a97b9bbf6b0859f35bcb1ec63776	MOVE_ONLY
df03cc7e41cde31d101d064da5da868febb6089b	MOVE	series/gakuen-idolmaster/05_AUDIOVISUAL_ANALYSIS/00_MUSICAL_IDENTITY_BASELINES/10_HANAMI_UME/GKM_PHASE3_UME_SONG_MIX_METRICS.tsv	series/gakuen-idolmaster/05_AUDIOVISUAL_ANALYSIS/10_HANAMI_UME/SUPPORTING_DATA/GKM_PHASE3_UME_SONG_MIX_METRICS.tsv	7f968aea44178d7da1cba2cfe08936a3b55eea6aaccbda6d331c3e63838768e9	7f968aea44178d7da1cba2cfe08936a3b55eea6aaccbda6d331c3e63838768e9	MOVE_ONLY
df03cc7e41cde31d101d064da5da868febb6089b	MOVE	series/gakuen-idolmaster/05_AUDIOVISUAL_ANALYSIS/00_MUSICAL_IDENTITY_BASELINES/10_HANAMI_UME/GKM_PHASE3_UME_VISUAL_ENVELOPE_METRICS.json	series/gakuen-idolmaster/05_AUDIOVISUAL_ANALYSIS/10_HANAMI_UME/SUPPORTING_DATA/GKM_PHASE3_UME_VISUAL_ENVELOPE_METRICS.json	ce79b6293fe26b6aa2674d2fa68db80504e3a54510c3e0d8c6a0e9c9f14c9376	ce79b6293fe26b6aa2674d2fa68db80504e3a54510c3e0d8c6a0e9c9f14c9376	MOVE_ONLY
df03cc7e41cde31d101d064da5da868febb6089b	MOVE	series/gakuen-idolmaster/05_AUDIOVISUAL_ANALYSIS/00_MUSICAL_IDENTITY_BASELINES/10_HANAMI_UME/GKM_UME_AUDIOVISUAL_BASELINE_AND_REQUESTS.md	series/gakuen-idolmaster/05_AUDIOVISUAL_ANALYSIS/10_HANAMI_UME/GKM_UME_AUDIOVISUAL_BASELINE_AND_REQUESTS.md	5ea04b767f9bf805ad68e24ee778abdc94186b889a6f55af9863f69066dc378f	3920320486fad57fb55d8dde360e50e3e884c31dd01fc45f28f507f53d4a8612	MOVE_AND_UPDATE_NAVIGATION_OR_AUTHORITY_PATHS
df03cc7e41cde31d101d064da5da868febb6089b	MOVE	series/gakuen-idolmaster/05_AUDIOVISUAL_ANALYSIS/00_MUSICAL_IDENTITY_BASELINES/10_HANAMI_UME/GKM_UME_AV_EVIDENCE_AND_METRICS_MATRIX.md	series/gakuen-idolmaster/05_AUDIOVISUAL_ANALYSIS/10_HANAMI_UME/GKM_UME_AV_EVIDENCE_AND_METRICS_MATRIX.md	9d1c10ddaeec785cc20347d07adb43b947f96a05f5d9b0f8c436d1ddc8853b7b	9d1c10ddaeec785cc20347d07adb43b947f96a05f5d9b0f8c436d1ddc8853b7b	MOVE_ONLY
df03cc7e41cde31d101d064da5da868febb6089b	MOVE	series/gakuen-idolmaster/05_AUDIOVISUAL_ANALYSIS/00_MUSICAL_IDENTITY_BASELINES/10_HANAMI_UME/GKM_UME_COMPLETE_AUDIOVISUAL_BASELINE.md	series/gakuen-idolmaster/05_AUDIOVISUAL_ANALYSIS/10_HANAMI_UME/GKM_UME_COMPLETE_AUDIOVISUAL_BASELINE.md	0a59d63e68037d310f5b76e1fdd3db910b4c2ea70994eb04103c3b56bab49841	4d8e0c6e0706b6712de6571f5704e0c1ae60a1dfd36ea047016d97638a73fcc7	MOVE_AND_UPDATE_NAVIGATION_OR_AUTHORITY_PATHS
df03cc7e41cde31d101d064da5da868febb6089b	MOVE	series/gakuen-idolmaster/05_AUDIOVISUAL_ANALYSIS/00_MUSICAL_IDENTITY_BASELINES/11_HATAYA_MISUZU/GAKUEN_IDOLMASTER_PHASE3_MISUZU_COMPLETE_AUDIOVISUAL_BASELINE.zip.sha256	series/gakuen-idolmaster/05_AUDIOVISUAL_ANALYSIS/11_HATAYA_MISUZU/GAKUEN_IDOLMASTER_PHASE3_MISUZU_COMPLETE_AUDIOVISUAL_BASELINE.zip.sha256	c05aee0112829c28a261bc8b4227738c171c41272a1491c5c52415efae768ff6	c05aee0112829c28a261bc8b4227738c171c41272a1491c5c52415efae768ff6	MOVE_ONLY
df03cc7e41cde31d101d064da5da868febb6089b	MOVE	series/gakuen-idolmaster/05_AUDIOVISUAL_ANALYSIS/00_MUSICAL_IDENTITY_BASELINES/11_HATAYA_MISUZU/GKM_MISUZU_AUDIOVISUAL_BASELINE_AND_REQUESTS.md	series/gakuen-idolmaster/05_AUDIOVISUAL_ANALYSIS/11_HATAYA_MISUZU/GKM_MISUZU_AUDIOVISUAL_BASELINE_AND_REQUESTS.md	08e01988d94710f177623a6ff1996af2401fe44b8d42f11d8aea4eb4cab7cf6f	9828cd7951ee91dc27e8b2c63a3a0c507e75e7f9cafa35ebb70de8a820e46e80	MOVE_AND_UPDATE_NAVIGATION_OR_AUTHORITY_PATHS
df03cc7e41cde31d101d064da5da868febb6089b	MOVE	series/gakuen-idolmaster/05_AUDIOVISUAL_ANALYSIS/00_MUSICAL_IDENTITY_BASELINES/11_HATAYA_MISUZU/GKM_MISUZU_AV_EVIDENCE_AND_METRICS_MATRIX.md	series/gakuen-idolmaster/05_AUDIOVISUAL_ANALYSIS/11_HATAYA_MISUZU/GKM_MISUZU_AV_EVIDENCE_AND_METRICS_MATRIX.md	458ba5d7bd6bbbc33ffcfd95c332b79de3c94a39315abf4a0f78c128f13cecd2	458ba5d7bd6bbbc33ffcfd95c332b79de3c94a39315abf4a0f78c128f13cecd2	MOVE_ONLY
df03cc7e41cde31d101d064da5da868febb6089b	MOVE	series/gakuen-idolmaster/05_AUDIOVISUAL_ANALYSIS/00_MUSICAL_IDENTITY_BASELINES/11_HATAYA_MISUZU/GKM_MISUZU_COMPLETE_AUDIOVISUAL_BASELINE.md	series/gakuen-idolmaster/05_AUDIOVISUAL_ANALYSIS/11_HATAYA_MISUZU/GKM_MISUZU_COMPLETE_AUDIOVISUAL_BASELINE.md	f79b82c20bc0f1f25aff58bd8cd8e9150892a648bf09a020f01699657efb2e13	9176830bc25305f11bcfbe87ebf7f4178b6d8c6f67dd0247789bd4f29494e5c4	MOVE_AND_UPDATE_NAVIGATION_OR_AUTHORITY_PATHS
df03cc7e41cde31d101d064da5da868febb6089b	MOVE	series/gakuen-idolmaster/05_AUDIOVISUAL_ANALYSIS/00_MUSICAL_IDENTITY_BASELINES/11_HATAYA_MISUZU/GKM_MISUZU_DIALOGUE_VOICE_ACTING_CLOSE_READING.md	series/gakuen-idolmaster/05_AUDIOVISUAL_ANALYSIS/11_HATAYA_MISUZU/GKM_MISUZU_DIALOGUE_VOICE_ACTING_CLOSE_READING.md	c39b2ca71e02a96383a6f37b0063e88b9cc2af177dde752b4c435cce248d75c5	c39b2ca71e02a96383a6f37b0063e88b9cc2af177dde752b4c435cce248d75c5	MOVE_ONLY
df03cc7e41cde31d101d064da5da868febb6089b	MOVE	series/gakuen-idolmaster/05_AUDIOVISUAL_ANALYSIS/00_MUSICAL_IDENTITY_BASELINES/11_HATAYA_MISUZU/GKM_MISUZU_MUSIC_MV_AND_PERFORMANCE_CLOSE_READING.md	series/gakuen-idolmaster/05_AUDIOVISUAL_ANALYSIS/11_HATAYA_MISUZU/GKM_MISUZU_MUSIC_MV_AND_PERFORMANCE_CLOSE_READING.md	801a7c7f8b7be68b577518c2b3f354ca47eaee3a21b0b84ee551d690218a1ad4	801a7c7f8b7be68b577518c2b3f354ca47eaee3a21b0b84ee551d690218a1ad4	MOVE_ONLY
df03cc7e41cde31d101d064da5da868febb6089b	MOVE	series/gakuen-idolmaster/05_AUDIOVISUAL_ANALYSIS/00_MUSICAL_IDENTITY_BASELINES/11_HATAYA_MISUZU/GKM_PHASE3_MISUZU_AUDIOVISUAL_ARTIFACT_CHECKSUMS.sha256	series/gakuen-idolmaster/05_AUDIOVISUAL_ANALYSIS/11_HATAYA_MISUZU/GKM_PHASE3_MISUZU_AUDIOVISUAL_ARTIFACT_CHECKSUMS.sha256	466c0a673fae48793e781af52513c2f6b5e5664aad5d58ad4f3e52d50c750833	466c0a673fae48793e781af52513c2f6b5e5664aad5d58ad4f3e52d50c750833	MOVE_ONLY
df03cc7e41cde31d101d064da5da868febb6089b	MOVE	series/gakuen-idolmaster/05_AUDIOVISUAL_ANALYSIS/00_MUSICAL_IDENTITY_BASELINES/11_HATAYA_MISUZU/GKM_PHASE3_MISUZU_AUDIOVISUAL_COMPLETION_REPORT.md	series/gakuen-idolmaster/05_AUDIOVISUAL_ANALYSIS/11_HATAYA_MISUZU/GKM_PHASE3_MISUZU_AUDIOVISUAL_COMPLETION_REPORT.md	8ce78fad99f6445d4eb092870d818898997c2807daa57314819dbbbc5b07d145	8ce78fad99f6445d4eb092870d818898997c2807daa57314819dbbbc5b07d145	MOVE_ONLY
df03cc7e41cde31d101d064da5da868febb6089b	MOVE	series/gakuen-idolmaster/05_AUDIOVISUAL_ANALYSIS/00_MUSICAL_IDENTITY_BASELINES/11_HATAYA_MISUZU/GKM_PHASE3_MISUZU_AUDIOVISUAL_SOURCE_MANIFEST.json	series/gakuen-idolmaster/05_AUDIOVISUAL_ANALYSIS/11_HATAYA_MISUZU/GKM_PHASE3_MISUZU_AUDIOVISUAL_SOURCE_MANIFEST.json	9f9d6b622e7a36048d1f5ca9465192d4c6983c741438f3ce4fb77f17eb222b69	9f9d6b622e7a36048d1f5ca9465192d4c6983c741438f3ce4fb77f17eb222b69	MOVE_ONLY
df03cc7e41cde31d101d064da5da868febb6089b	MOVE	series/gakuen-idolmaster/05_AUDIOVISUAL_ANALYSIS/00_MUSICAL_IDENTITY_BASELINES/11_HATAYA_MISUZU/GKM_PHASE3_MISUZU_AV_DELIVERY_AUDIT.md	series/gakuen-idolmaster/05_AUDIOVISUAL_ANALYSIS/11_HATAYA_MISUZU/GKM_PHASE3_MISUZU_AV_DELIVERY_AUDIT.md	b5903d4de1f2b35ac3e384e8528c9c80feaafe0085ec80b3cf85bc344e844f14	b5903d4de1f2b35ac3e384e8528c9c80feaafe0085ec80b3cf85bc344e844f14	MOVE_ONLY
df03cc7e41cde31d101d064da5da868febb6089b	MOVE	series/gakuen-idolmaster/05_AUDIOVISUAL_ANALYSIS/00_MUSICAL_IDENTITY_BASELINES/11_HATAYA_MISUZU/GKM_PHASE3_MISUZU_AV_RELEASE_MANIFEST.json	series/gakuen-idolmaster/05_AUDIOVISUAL_ANALYSIS/11_HATAYA_MISUZU/GKM_PHASE3_MISUZU_AV_RELEASE_MANIFEST.json	b4e86a27b7906f30dba4d1817f646c5f9c69c23a033ce4582438d0dfb4d3364f	b4e86a27b7906f30dba4d1817f646c5f9c69c23a033ce4582438d0dfb4d3364f	MOVE_ONLY
df03cc7e41cde31d101d064da5da868febb6089b	MOVE	series/gakuen-idolmaster/05_AUDIOVISUAL_ANALYSIS/00_MUSICAL_IDENTITY_BASELINES/11_HATAYA_MISUZU/GKM_PHASE3_MISUZU_AV_TECHNICAL_METRICS_APPENDIX.md	series/gakuen-idolmaster/05_AUDIOVISUAL_ANALYSIS/11_HATAYA_MISUZU/GKM_PHASE3_MISUZU_AV_TECHNICAL_METRICS_APPENDIX.md	5787bca85c0cf5d88e57348a6dbca99e6ffa0faff9cd439021c6d9a58fe77c49	5787bca85c0cf5d88e57348a6dbca99e6ffa0faff9cd439021c6d9a58fe77c49	MOVE_ONLY
df03cc7e41cde31d101d064da5da868febb6089b	MOVE	series/gakuen-idolmaster/05_AUDIOVISUAL_ANALYSIS/00_MUSICAL_IDENTITY_BASELINES/11_HATAYA_MISUZU/_WORK_MISUZU_AV_INVENTORY.md	series/gakuen-idolmaster/05_AUDIOVISUAL_ANALYSIS/11_HATAYA_MISUZU/_WORK_MISUZU_AV_INVENTORY.md	0ae06a2feb990fd442da73092461d7fb0d0daed4a5e3913692df1e3a112976e2	0ae06a2feb990fd442da73092461d7fb0d0daed4a5e3913692df1e3a112976e2	MOVE_ONLY
df03cc7e41cde31d101d064da5da868febb6089b	MOVE	series/gakuen-idolmaster/05_AUDIOVISUAL_ANALYSIS/00_MUSICAL_IDENTITY_BASELINES/12_JUO_SENA/GAKUEN_IDOLMASTER_PHASE3_SENA_COMPLETE_AUDIOVISUAL_BASELINE.zip.sha256	series/gakuen-idolmaster/05_AUDIOVISUAL_ANALYSIS/12_JUO_SENA/GAKUEN_IDOLMASTER_PHASE3_SENA_COMPLETE_AUDIOVISUAL_BASELINE.zip.sha256	08aa1bb0f6724c57fe63245d11a33e108de29756928250e983192b96112f7adb	08aa1bb0f6724c57fe63245d11a33e108de29756928250e983192b96112f7adb	MOVE_ONLY
df03cc7e41cde31d101d064da5da868febb6089b	MOVE	series/gakuen-idolmaster/05_AUDIOVISUAL_ANALYSIS/00_MUSICAL_IDENTITY_BASELINES/12_JUO_SENA/GKM_PHASE3_SENA_AUDIOVISUAL_ARTIFACT_CHECKSUMS.sha256	series/gakuen-idolmaster/05_AUDIOVISUAL_ANALYSIS/12_JUO_SENA/GKM_PHASE3_SENA_AUDIOVISUAL_ARTIFACT_CHECKSUMS.sha256	7744f9dd5e407365c6867cea526898a8fa5f6b89d4aa6c6eaf7cefae93b40efe	7744f9dd5e407365c6867cea526898a8fa5f6b89d4aa6c6eaf7cefae93b40efe	MOVE_ONLY
df03cc7e41cde31d101d064da5da868febb6089b	MOVE	series/gakuen-idolmaster/05_AUDIOVISUAL_ANALYSIS/00_MUSICAL_IDENTITY_BASELINES/12_JUO_SENA/GKM_PHASE3_SENA_AUDIOVISUAL_COMPLETION_REPORT.md	series/gakuen-idolmaster/05_AUDIOVISUAL_ANALYSIS/12_JUO_SENA/GKM_PHASE3_SENA_AUDIOVISUAL_COMPLETION_REPORT.md	263f6f6e7d537c8899734ef15151f98924a74a6a18a84d143965f64b585724d7	263f6f6e7d537c8899734ef15151f98924a74a6a18a84d143965f64b585724d7	MOVE_ONLY
df03cc7e41cde31d101d064da5da868febb6089b	MOVE	series/gakuen-idolmaster/05_AUDIOVISUAL_ANALYSIS/00_MUSICAL_IDENTITY_BASELINES/12_JUO_SENA/GKM_PHASE3_SENA_AUDIOVISUAL_SOURCE_MANIFEST.json	series/gakuen-idolmaster/05_AUDIOVISUAL_ANALYSIS/12_JUO_SENA/GKM_PHASE3_SENA_AUDIOVISUAL_SOURCE_MANIFEST.json	d324274794b513941f9735349fbbd1c089b5711dd8f22e3f8cd04f173dc1a55e	d324274794b513941f9735349fbbd1c089b5711dd8f22e3f8cd04f173dc1a55e	MOVE_ONLY
df03cc7e41cde31d101d064da5da868febb6089b	MOVE	series/gakuen-idolmaster/05_AUDIOVISUAL_ANALYSIS/00_MUSICAL_IDENTITY_BASELINES/12_JUO_SENA/GKM_PHASE3_SENA_AV_DELIVERY_AUDIT.md	series/gakuen-idolmaster/05_AUDIOVISUAL_ANALYSIS/12_JUO_SENA/GKM_PHASE3_SENA_AV_DELIVERY_AUDIT.md	851124eca188450fbcc4453779b1cbd930b1645898267b3f7f207af3d2432a02	851124eca188450fbcc4453779b1cbd930b1645898267b3f7f207af3d2432a02	MOVE_ONLY
df03cc7e41cde31d101d064da5da868febb6089b	MOVE	series/gakuen-idolmaster/05_AUDIOVISUAL_ANALYSIS/00_MUSICAL_IDENTITY_BASELINES/12_JUO_SENA/GKM_PHASE3_SENA_AV_RELEASE_MANIFEST.json	series/gakuen-idolmaster/05_AUDIOVISUAL_ANALYSIS/12_JUO_SENA/GKM_PHASE3_SENA_AV_RELEASE_MANIFEST.json	9227efa5c05da98f37e5bc8a2472616df0435d630ddab73f55d44f419c380466	9227efa5c05da98f37e5bc8a2472616df0435d630ddab73f55d44f419c380466	MOVE_ONLY
df03cc7e41cde31d101d064da5da868febb6089b	MOVE	series/gakuen-idolmaster/05_AUDIOVISUAL_ANALYSIS/00_MUSICAL_IDENTITY_BASELINES/12_JUO_SENA/GKM_PHASE3_SENA_AV_TECHNICAL_METRICS_APPENDIX.md	series/gakuen-idolmaster/05_AUDIOVISUAL_ANALYSIS/12_JUO_SENA/GKM_PHASE3_SENA_AV_TECHNICAL_METRICS_APPENDIX.md	59218a4d90aa207d2dc516dcba7095845f5efc7a9998d31f9740718e278c00fb	59218a4d90aa207d2dc516dcba7095845f5efc7a9998d31f9740718e278c00fb	MOVE_ONLY
df03cc7e41cde31d101d064da5da868febb6089b	MOVE	series/gakuen-idolmaster/05_AUDIOVISUAL_ANALYSIS/00_MUSICAL_IDENTITY_BASELINES/12_JUO_SENA/GKM_SENA_AUDIOVISUAL_BASELINE_AND_REQUESTS.md	series/gakuen-idolmaster/05_AUDIOVISUAL_ANALYSIS/12_JUO_SENA/GKM_SENA_AUDIOVISUAL_BASELINE_AND_REQUESTS.md	f42c5b74e91b00ee362bcbd63b94479f818262efbb31bfc49973e64966552c16	bd780fd8ce4ac606bee3feacd42b0df8ab46c8c19b61a8a6faffbbcc6a6c63f8	MOVE_AND_UPDATE_NAVIGATION_OR_AUTHORITY_PATHS
df03cc7e41cde31d101d064da5da868febb6089b	MOVE	series/gakuen-idolmaster/05_AUDIOVISUAL_ANALYSIS/00_MUSICAL_IDENTITY_BASELINES/12_JUO_SENA/GKM_SENA_AV_EVIDENCE_AND_METRICS_MATRIX.md	series/gakuen-idolmaster/05_AUDIOVISUAL_ANALYSIS/12_JUO_SENA/GKM_SENA_AV_EVIDENCE_AND_METRICS_MATRIX.md	3390e39f254ea00a59d44ffd08552723a14592117eb0c97f7649b9d7e299d7e5	3390e39f254ea00a59d44ffd08552723a14592117eb0c97f7649b9d7e299d7e5	MOVE_ONLY
df03cc7e41cde31d101d064da5da868febb6089b	MOVE	series/gakuen-idolmaster/05_AUDIOVISUAL_ANALYSIS/00_MUSICAL_IDENTITY_BASELINES/12_JUO_SENA/GKM_SENA_COMPLETE_AUDIOVISUAL_BASELINE.md	series/gakuen-idolmaster/05_AUDIOVISUAL_ANALYSIS/12_JUO_SENA/GKM_SENA_COMPLETE_AUDIOVISUAL_BASELINE.md	ac36a75455ad92052944336cbc51f45468231f8cf764af26eaf24553e2bb3329	f802e18f8fbebdfa285eb24b776f3f2eaffcf261caa27f6566e80532dff21f54	MOVE_AND_UPDATE_NAVIGATION_OR_AUTHORITY_PATHS
df03cc7e41cde31d101d064da5da868febb6089b	MOVE	series/gakuen-idolmaster/05_AUDIOVISUAL_ANALYSIS/00_MUSICAL_IDENTITY_BASELINES/12_JUO_SENA/GKM_SENA_DIALOGUE_VOICE_ACTING_CLOSE_READING.md	series/gakuen-idolmaster/05_AUDIOVISUAL_ANALYSIS/12_JUO_SENA/GKM_SENA_DIALOGUE_VOICE_ACTING_CLOSE_READING.md	0e032d4fe46845d2fcff1fd4b40a52c17da99a87a7d3ca577c8a3b6f5986bd75	0e032d4fe46845d2fcff1fd4b40a52c17da99a87a7d3ca577c8a3b6f5986bd75	MOVE_ONLY
df03cc7e41cde31d101d064da5da868febb6089b	MOVE	series/gakuen-idolmaster/05_AUDIOVISUAL_ANALYSIS/00_MUSICAL_IDENTITY_BASELINES/12_JUO_SENA/GKM_SENA_MUSIC_MV_AND_PERFORMANCE_CLOSE_READING.md	series/gakuen-idolmaster/05_AUDIOVISUAL_ANALYSIS/12_JUO_SENA/GKM_SENA_MUSIC_MV_AND_PERFORMANCE_CLOSE_READING.md	8c68a33f3263bd220d40600e7f534682e0ca75ec02e88380408a230df271e22b	8c68a33f3263bd220d40600e7f534682e0ca75ec02e88380408a230df271e22b	MOVE_ONLY
df03cc7e41cde31d101d064da5da868febb6089b	MOVE	series/gakuen-idolmaster/05_AUDIOVISUAL_ANALYSIS/00_MUSICAL_IDENTITY_BASELINES/13_AMAYA_TSUBAME/00_README_AND_DOCUMENT_MAP.md	series/gakuen-idolmaster/05_AUDIOVISUAL_ANALYSIS/13_AMAYA_TSUBAME/00_README_AND_DOCUMENT_MAP.md	f169511eb230b1890399b241fa2013799ad91e931c847709d05c85378c5e09d1	f169511eb230b1890399b241fa2013799ad91e931c847709d05c85378c5e09d1	MOVE_ONLY
df03cc7e41cde31d101d064da5da868febb6089b	MOVE	series/gakuen-idolmaster/05_AUDIOVISUAL_ANALYSIS/00_MUSICAL_IDENTITY_BASELINES/13_AMAYA_TSUBAME/GAKUEN_IDOLMASTER_PHASE3_TSUBAME_INTEGRATED_AV_R1.zip.sha256	series/gakuen-idolmaster/05_AUDIOVISUAL_ANALYSIS/13_AMAYA_TSUBAME/GAKUEN_IDOLMASTER_PHASE3_TSUBAME_INTEGRATED_AV_R1.zip.sha256	8850fcd57f11238df6e007583012087d1ae240d4ab45b44b173ce20b6f043efc	8850fcd57f11238df6e007583012087d1ae240d4ab45b44b173ce20b6f043efc	MOVE_ONLY
df03cc7e41cde31d101d064da5da868febb6089b	MOVE	series/gakuen-idolmaster/05_AUDIOVISUAL_ANALYSIS/00_MUSICAL_IDENTITY_BASELINES/13_AMAYA_TSUBAME/GKM_PHASE3_TSUBAME_AUDIOVISUAL_COMPLETION_REPORT.md	series/gakuen-idolmaster/05_AUDIOVISUAL_ANALYSIS/13_AMAYA_TSUBAME/GKM_PHASE3_TSUBAME_AUDIOVISUAL_COMPLETION_REPORT.md	abf52a3406d731da264b1d1bd9381abcba8e3ad3f2871cc5f61fe0a8ef6c129f	abf52a3406d731da264b1d1bd9381abcba8e3ad3f2871cc5f61fe0a8ef6c129f	MOVE_ONLY
df03cc7e41cde31d101d064da5da868febb6089b	MOVE	series/gakuen-idolmaster/05_AUDIOVISUAL_ANALYSIS/00_MUSICAL_IDENTITY_BASELINES/13_AMAYA_TSUBAME/GKM_PHASE3_TSUBAME_AUDIOVISUAL_SOURCE_MANIFEST.json	series/gakuen-idolmaster/05_AUDIOVISUAL_ANALYSIS/13_AMAYA_TSUBAME/GKM_PHASE3_TSUBAME_AUDIOVISUAL_SOURCE_MANIFEST.json	c04c6398ce49e5b4d1d735f0f8229873ecfb146c958e06b0352b15fb695fad52	c04c6398ce49e5b4d1d735f0f8229873ecfb146c958e06b0352b15fb695fad52	MOVE_ONLY
df03cc7e41cde31d101d064da5da868febb6089b	MOVE	series/gakuen-idolmaster/05_AUDIOVISUAL_ANALYSIS/00_MUSICAL_IDENTITY_BASELINES/13_AMAYA_TSUBAME/GKM_PHASE3_TSUBAME_AUDIO_ENVELOPE_METRICS.json	series/gakuen-idolmaster/05_AUDIOVISUAL_ANALYSIS/13_AMAYA_TSUBAME/SUPPORTING_DATA/GKM_PHASE3_TSUBAME_AUDIO_ENVELOPE_METRICS.json	cfc945d90b103358cebdf6ce1c3f1c6c50047a4955399e1c148f4098007cc18a	cfc945d90b103358cebdf6ce1c3f1c6c50047a4955399e1c148f4098007cc18a	MOVE_ONLY
df03cc7e41cde31d101d064da5da868febb6089b	MOVE	series/gakuen-idolmaster/05_AUDIOVISUAL_ANALYSIS/00_MUSICAL_IDENTITY_BASELINES/13_AMAYA_TSUBAME/GKM_PHASE3_TSUBAME_AUDIO_ENVELOPE_METRICS.tsv	series/gakuen-idolmaster/05_AUDIOVISUAL_ANALYSIS/13_AMAYA_TSUBAME/SUPPORTING_DATA/GKM_PHASE3_TSUBAME_AUDIO_ENVELOPE_METRICS.tsv	a1154e43bfe4bf316a4cf3770e236375d8749f2e1a219bdb168a36e171a9f277	a1154e43bfe4bf316a4cf3770e236375d8749f2e1a219bdb168a36e171a9f277	MOVE_ONLY
df03cc7e41cde31d101d064da5da868febb6089b	MOVE	series/gakuen-idolmaster/05_AUDIOVISUAL_ANALYSIS/00_MUSICAL_IDENTITY_BASELINES/13_AMAYA_TSUBAME/GKM_PHASE3_TSUBAME_AV_ARTIFACT_CHECKSUMS.sha256	series/gakuen-idolmaster/05_AUDIOVISUAL_ANALYSIS/13_AMAYA_TSUBAME/GKM_PHASE3_TSUBAME_AV_ARTIFACT_CHECKSUMS.sha256	88759184d5bb1214cd2007023378e0466ef8f42a302312e11ba27650ef65a4b8	88759184d5bb1214cd2007023378e0466ef8f42a302312e11ba27650ef65a4b8	MOVE_ONLY
df03cc7e41cde31d101d064da5da868febb6089b	MOVE	series/gakuen-idolmaster/05_AUDIOVISUAL_ANALYSIS/00_MUSICAL_IDENTITY_BASELINES/13_AMAYA_TSUBAME/GKM_PHASE3_TSUBAME_AV_DELIVERY_AUDIT.md	series/gakuen-idolmaster/05_AUDIOVISUAL_ANALYSIS/13_AMAYA_TSUBAME/GKM_PHASE3_TSUBAME_AV_DELIVERY_AUDIT.md	5f65f02f33dd2b6f3f7f76e7bf1cc00c2fa13f660d216479d6048f92e9b6f73a	5f65f02f33dd2b6f3f7f76e7bf1cc00c2fa13f660d216479d6048f92e9b6f73a	MOVE_ONLY
df03cc7e41cde31d101d064da5da868febb6089b	MOVE	series/gakuen-idolmaster/05_AUDIOVISUAL_ANALYSIS/00_MUSICAL_IDENTITY_BASELINES/13_AMAYA_TSUBAME/GKM_PHASE3_TSUBAME_AV_TECHNICAL_METRICS_APPENDIX.md	series/gakuen-idolmaster/05_AUDIOVISUAL_ANALYSIS/13_AMAYA_TSUBAME/GKM_PHASE3_TSUBAME_AV_TECHNICAL_METRICS_APPENDIX.md	942b1ab33e2ffb3384b4690e1c472679ea3a6c93b1fc289fa4551868dbf76c06	942b1ab33e2ffb3384b4690e1c472679ea3a6c93b1fc289fa4551868dbf76c06	MOVE_ONLY
df03cc7e41cde31d101d064da5da868febb6089b	MOVE	series/gakuen-idolmaster/05_AUDIOVISUAL_ANALYSIS/00_MUSICAL_IDENTITY_BASELINES/13_AMAYA_TSUBAME/GKM_TSUBAME_AUDIOVISUAL_BASELINE_AND_REQUESTS.md	series/gakuen-idolmaster/05_AUDIOVISUAL_ANALYSIS/13_AMAYA_TSUBAME/GKM_TSUBAME_AUDIOVISUAL_BASELINE_AND_REQUESTS.md	25f1b7c6ab33e93ddc034f0d51f354ec322b7c8f330e1c8673dbe5622efdf9c3	b9e5a56187889d92defe9681b9ece4269a3a2d36486bffd700fa386089f83fcd	MOVE_AND_UPDATE_NAVIGATION_OR_AUTHORITY_PATHS
df03cc7e41cde31d101d064da5da868febb6089b	MOVE	series/gakuen-idolmaster/05_AUDIOVISUAL_ANALYSIS/00_MUSICAL_IDENTITY_BASELINES/13_AMAYA_TSUBAME/GKM_TSUBAME_AV_EVIDENCE_AND_METRICS_MATRIX.md	series/gakuen-idolmaster/05_AUDIOVISUAL_ANALYSIS/13_AMAYA_TSUBAME/GKM_TSUBAME_AV_EVIDENCE_AND_METRICS_MATRIX.md	4b3de4e3ecd4ea5c68a2b50fbe393b6543bcd0a9549b344ed0c78017b32c0dfb	4b3de4e3ecd4ea5c68a2b50fbe393b6543bcd0a9549b344ed0c78017b32c0dfb	MOVE_ONLY
df03cc7e41cde31d101d064da5da868febb6089b	MOVE	series/gakuen-idolmaster/05_AUDIOVISUAL_ANALYSIS/00_MUSICAL_IDENTITY_BASELINES/13_AMAYA_TSUBAME/GKM_TSUBAME_COMPLETE_AUDIOVISUAL_BASELINE.md	series/gakuen-idolmaster/05_AUDIOVISUAL_ANALYSIS/13_AMAYA_TSUBAME/GKM_TSUBAME_COMPLETE_AUDIOVISUAL_BASELINE.md	c725eb88f659df081fda16b5fe57c791226dd71ed2c7bcf876b32e6dc4c36572	cff6b954ba98490e747f02541984005aef26b53685d0945691c8e64bec3b2019	MOVE_AND_UPDATE_NAVIGATION_OR_AUTHORITY_PATHS
df03cc7e41cde31d101d064da5da868febb6089b	MOVE	series/gakuen-idolmaster/05_AUDIOVISUAL_ANALYSIS/00_MUSICAL_IDENTITY_BASELINES/13_AMAYA_TSUBAME/GKM_TSUBAME_DIALOGUE_VOICE_ACTING_CLOSE_READING.md	series/gakuen-idolmaster/05_AUDIOVISUAL_ANALYSIS/13_AMAYA_TSUBAME/GKM_TSUBAME_DIALOGUE_VOICE_ACTING_CLOSE_READING.md	50aa9218897594f5702e5226adf4d4af8bdc682835054890dc64c5b5040d5027	50aa9218897594f5702e5226adf4d4af8bdc682835054890dc64c5b5040d5027	MOVE_ONLY
df03cc7e41cde31d101d064da5da868febb6089b	MOVE	series/gakuen-idolmaster/05_AUDIOVISUAL_ANALYSIS/00_MUSICAL_IDENTITY_BASELINES/13_AMAYA_TSUBAME/GKM_TSUBAME_MUSIC_MV_AND_PERFORMANCE_CLOSE_READING.md	series/gakuen-idolmaster/05_AUDIOVISUAL_ANALYSIS/13_AMAYA_TSUBAME/GKM_TSUBAME_MUSIC_MV_AND_PERFORMANCE_CLOSE_READING.md	b9556326e5d0cdb04c02cc6b13d96d171ac5f8944862794c65d2a57f98e99634	b9556326e5d0cdb04c02cc6b13d96d171ac5f8944862794c65d2a57f98e99634	MOVE_ONLY
df03cc7e41cde31d101d064da5da868febb6089b	MOVE	series/gakuen-idolmaster/05_AUDIOVISUAL_ANALYSIS/01_VOICE_ACTING_AND_DIALOGUE_CLOSE_READINGS/01_HANAMI_SAKI/GKM_SAKI_DIALOGUE_VOICE_ACTING_CLOSE_READING.md	series/gakuen-idolmaster/05_AUDIOVISUAL_ANALYSIS/01_HANAMI_SAKI/GKM_SAKI_DIALOGUE_VOICE_ACTING_CLOSE_READING.md	cf2375cc01ecfda04070331b48edcc52206e3ad284f581f02d5a4c11cd936554	cf2375cc01ecfda04070331b48edcc52206e3ad284f581f02d5a4c11cd936554	MOVE_ONLY
df03cc7e41cde31d101d064da5da868febb6089b	MOVE	series/gakuen-idolmaster/05_AUDIOVISUAL_ANALYSIS/01_VOICE_ACTING_AND_DIALOGUE_CLOSE_READINGS/02_TSUKIMURA_TEMARI/GKM_TEMARI_DIALOGUE_VOICE_ACTING_CLOSE_READING.md	series/gakuen-idolmaster/05_AUDIOVISUAL_ANALYSIS/02_TSUKIMURA_TEMARI/GKM_TEMARI_DIALOGUE_VOICE_ACTING_CLOSE_READING.md	0caf8f9ae0436239907e93a13b2544fd27207b8e20e89a1e780087d7397134df	0caf8f9ae0436239907e93a13b2544fd27207b8e20e89a1e780087d7397134df	MOVE_ONLY
df03cc7e41cde31d101d064da5da868febb6089b	MOVE	series/gakuen-idolmaster/05_AUDIOVISUAL_ANALYSIS/01_VOICE_ACTING_AND_DIALOGUE_CLOSE_READINGS/03_FUJITA_KOTONE/GKM_KOTONE_DIALOGUE_VOICE_ACTING_CLOSE_READING.md	series/gakuen-idolmaster/05_AUDIOVISUAL_ANALYSIS/03_FUJITA_KOTONE/GKM_KOTONE_DIALOGUE_VOICE_ACTING_CLOSE_READING.md	1e99b339e603330e0e91349d807989aecac928151bd3e418173a832fb5705bcd	1e99b339e603330e0e91349d807989aecac928151bd3e418173a832fb5705bcd	MOVE_ONLY
df03cc7e41cde31d101d064da5da868febb6089b	MOVE	series/gakuen-idolmaster/05_AUDIOVISUAL_ANALYSIS/01_VOICE_ACTING_AND_DIALOGUE_CLOSE_READINGS/04_ARIMURA_MAO/GKM_MAO_DIALOGUE_VOICE_ACTING_CLOSE_READING.md	series/gakuen-idolmaster/05_AUDIOVISUAL_ANALYSIS/04_ARIMURA_MAO/GKM_MAO_DIALOGUE_VOICE_ACTING_CLOSE_READING.md	2ac40713a7f00d5cf9a460629e407f4f46548e2597d78380c6e3a83e21353f75	2ac40713a7f00d5cf9a460629e407f4f46548e2597d78380c6e3a83e21353f75	MOVE_ONLY
df03cc7e41cde31d101d064da5da868febb6089b	MOVE	series/gakuen-idolmaster/05_AUDIOVISUAL_ANALYSIS/01_VOICE_ACTING_AND_DIALOGUE_CLOSE_READINGS/05_KATSURAGI_LILJA/GKM_LILJA_DIALOGUE_VOICE_ACTING_CLOSE_READING.md	series/gakuen-idolmaster/05_AUDIOVISUAL_ANALYSIS/05_KATSURAGI_LILJA/GKM_LILJA_DIALOGUE_VOICE_ACTING_CLOSE_READING.md	0b17ef7ff63612f555d782b7429d6e5b3f787b96d812c630d3bfab3f41bc1aa1	0b17ef7ff63612f555d782b7429d6e5b3f787b96d812c630d3bfab3f41bc1aa1	MOVE_ONLY
df03cc7e41cde31d101d064da5da868febb6089b	MOVE	series/gakuen-idolmaster/05_AUDIOVISUAL_ANALYSIS/01_VOICE_ACTING_AND_DIALOGUE_CLOSE_READINGS/06_KURAMOTO_CHINA/GKM_CHINA_DIALOGUE_VOICE_ACTING_CLOSE_READING.md	series/gakuen-idolmaster/05_AUDIOVISUAL_ANALYSIS/06_KURAMOTO_CHINA/GKM_CHINA_DIALOGUE_VOICE_ACTING_CLOSE_READING.md	1eefca17e4e3f0dec518a1fd04e87a28af1de2ea80074c93e3a82b1c37ab1265	1eefca17e4e3f0dec518a1fd04e87a28af1de2ea80074c93e3a82b1c37ab1265	MOVE_ONLY
df03cc7e41cde31d101d064da5da868febb6089b	MOVE	series/gakuen-idolmaster/05_AUDIOVISUAL_ANALYSIS/01_VOICE_ACTING_AND_DIALOGUE_CLOSE_READINGS/08_HIMESAKI_RINAMI/GKM_RINAMI_DIALOGUE_VOICE_ACTING_CLOSE_READING.md	series/gakuen-idolmaster/05_AUDIOVISUAL_ANALYSIS/08_HIMESAKI_RINAMI/GKM_RINAMI_DIALOGUE_VOICE_ACTING_CLOSE_READING.md	480f7b46efe6f4a672cba28d3fc20c135a7e335813b5f6c63d381a32c9761a40	480f7b46efe6f4a672cba28d3fc20c135a7e335813b5f6c63d381a32c9761a40	MOVE_ONLY
df03cc7e41cde31d101d064da5da868febb6089b	MOVE	series/gakuen-idolmaster/05_AUDIOVISUAL_ANALYSIS/01_VOICE_ACTING_AND_DIALOGUE_CLOSE_READINGS/10_HANAMI_UME/GKM_UME_DIALOGUE_VOICE_ACTING_CLOSE_READING.md	series/gakuen-idolmaster/05_AUDIOVISUAL_ANALYSIS/10_HANAMI_UME/GKM_UME_DIALOGUE_VOICE_ACTING_CLOSE_READING.md	8dc2396095acd27b0a59f75f59c37c5e994fca40587833d1870905506a25c318	8dc2396095acd27b0a59f75f59c37c5e994fca40587833d1870905506a25c318	MOVE_ONLY
df03cc7e41cde31d101d064da5da868febb6089b	MOVE	series/gakuen-idolmaster/05_AUDIOVISUAL_ANALYSIS/02_MV_AND_VISUAL_PERFORMANCE_CLOSE_READINGS/01_HANAMI_SAKI/GKM_SAKI_MUSIC_MV_AND_PERFORMANCE_CLOSE_READING.md	series/gakuen-idolmaster/05_AUDIOVISUAL_ANALYSIS/01_HANAMI_SAKI/GKM_SAKI_MUSIC_MV_AND_PERFORMANCE_CLOSE_READING.md	1044e4d9204f4b1b1ded6059746c039cb04d80b33d5257a8bb2b53aebe289095	1044e4d9204f4b1b1ded6059746c039cb04d80b33d5257a8bb2b53aebe289095	MOVE_ONLY
df03cc7e41cde31d101d064da5da868febb6089b	MOVE	series/gakuen-idolmaster/05_AUDIOVISUAL_ANALYSIS/02_MV_AND_VISUAL_PERFORMANCE_CLOSE_READINGS/02_TSUKIMURA_TEMARI/GKM_TEMARI_MUSIC_MV_AND_PERFORMANCE_CLOSE_READING.md	series/gakuen-idolmaster/05_AUDIOVISUAL_ANALYSIS/02_TSUKIMURA_TEMARI/GKM_TEMARI_MUSIC_MV_AND_PERFORMANCE_CLOSE_READING.md	576489e6e4d723bed8109d232ca34ae8954ba3fec536fb84236b398e4f6b78b9	576489e6e4d723bed8109d232ca34ae8954ba3fec536fb84236b398e4f6b78b9	MOVE_ONLY
df03cc7e41cde31d101d064da5da868febb6089b	MOVE	series/gakuen-idolmaster/05_AUDIOVISUAL_ANALYSIS/02_MV_AND_VISUAL_PERFORMANCE_CLOSE_READINGS/03_FUJITA_KOTONE/GKM_KOTONE_MUSIC_MV_AND_PERFORMANCE_CLOSE_READING.md	series/gakuen-idolmaster/05_AUDIOVISUAL_ANALYSIS/03_FUJITA_KOTONE/GKM_KOTONE_MUSIC_MV_AND_PERFORMANCE_CLOSE_READING.md	a5391535cdaf7fa77eec61841c18f3ffc79a0d015a684ba8bd721ea63b7914b4	a5391535cdaf7fa77eec61841c18f3ffc79a0d015a684ba8bd721ea63b7914b4	MOVE_ONLY
df03cc7e41cde31d101d064da5da868febb6089b	MOVE	series/gakuen-idolmaster/05_AUDIOVISUAL_ANALYSIS/02_MV_AND_VISUAL_PERFORMANCE_CLOSE_READINGS/04_ARIMURA_MAO/GKM_MAO_MUSIC_MV_AND_PERFORMANCE_CLOSE_READING.md	series/gakuen-idolmaster/05_AUDIOVISUAL_ANALYSIS/04_ARIMURA_MAO/GKM_MAO_MUSIC_MV_AND_PERFORMANCE_CLOSE_READING.md	83920a3f30a75b9b47dd2c44dfb3a5a736f7043426d6a1848efaefdddf80c28b	83920a3f30a75b9b47dd2c44dfb3a5a736f7043426d6a1848efaefdddf80c28b	MOVE_ONLY
df03cc7e41cde31d101d064da5da868febb6089b	MOVE	series/gakuen-idolmaster/05_AUDIOVISUAL_ANALYSIS/02_MV_AND_VISUAL_PERFORMANCE_CLOSE_READINGS/06_KURAMOTO_CHINA/GKM_CHINA_MUSIC_MV_AND_PERFORMANCE_CLOSE_READING.md	series/gakuen-idolmaster/05_AUDIOVISUAL_ANALYSIS/06_KURAMOTO_CHINA/GKM_CHINA_MUSIC_MV_AND_PERFORMANCE_CLOSE_READING.md	5205e08433bba1a3904abb299a5bebbfbac252452e50544d91597c0ca9aa4d9d	5205e08433bba1a3904abb299a5bebbfbac252452e50544d91597c0ca9aa4d9d	MOVE_ONLY
df03cc7e41cde31d101d064da5da868febb6089b	MOVE	series/gakuen-idolmaster/05_AUDIOVISUAL_ANALYSIS/02_MV_AND_VISUAL_PERFORMANCE_CLOSE_READINGS/08_HIMESAKI_RINAMI/GKM_RINAMI_MUSIC_MV_AND_PERFORMANCE_CLOSE_READING.md	series/gakuen-idolmaster/05_AUDIOVISUAL_ANALYSIS/08_HIMESAKI_RINAMI/GKM_RINAMI_MUSIC_MV_AND_PERFORMANCE_CLOSE_READING.md	218ef3bd776c3450adc22aeee7d69afe4b8d88a0fced58c57129e23d39028733	218ef3bd776c3450adc22aeee7d69afe4b8d88a0fced58c57129e23d39028733	MOVE_ONLY
df03cc7e41cde31d101d064da5da868febb6089b	MOVE	series/gakuen-idolmaster/05_AUDIOVISUAL_ANALYSIS/02_MV_AND_VISUAL_PERFORMANCE_CLOSE_READINGS/10_HANAMI_UME/GKM_UME_MUSIC_MV_AND_PERFORMANCE_CLOSE_READING.md	series/gakuen-idolmaster/05_AUDIOVISUAL_ANALYSIS/10_HANAMI_UME/GKM_UME_MUSIC_MV_AND_PERFORMANCE_CLOSE_READING.md	bf607bfb978eefa1a79c30756a9eb57372714201af196bdafe3d4e76f2da4381	bf607bfb978eefa1a79c30756a9eb57372714201af196bdafe3d4e76f2da4381	MOVE_ONLY
df03cc7e41cde31d101d064da5da868febb6089b	MOVE	series/gakuen-idolmaster/05_AUDIOVISUAL_ANALYSIS/02_MV_AND_VISUAL_PERFORMANCE_CLOSE_READINGS/GKM_LILJA_MUSIC_MV_AND_PERFORMANCE_CLOSE_READING.md	series/gakuen-idolmaster/05_AUDIOVISUAL_ANALYSIS/05_KATSURAGI_LILJA/GKM_LILJA_MUSIC_MV_AND_PERFORMANCE_CLOSE_READING.md	0388b38a3a2bf9331794a6186ead34373231b231722670d327f0024b2c85046a	0388b38a3a2bf9331794a6186ead34373231b231722670d327f0024b2c85046a	MOVE_ONLY
df03cc7e41cde31d101d064da5da868febb6089b	MOVE	series/gakuen-idolmaster/10_RELEASE_MANIFEST_AND_ARCHIVE/GAKUEN_IDOLMASTER_PHASE3_SAKI_COMPLETE_AUDIOVISUAL_BASELINE.zip.sha256	series/gakuen-idolmaster/05_AUDIOVISUAL_ANALYSIS/01_HANAMI_SAKI/GAKUEN_IDOLMASTER_PHASE3_SAKI_COMPLETE_AUDIOVISUAL_BASELINE.zip.sha256	c897d09fd866e6ebd76e65bb7983efa99b13554aded0ff34d71ddaeb36d77d6f	c897d09fd866e6ebd76e65bb7983efa99b13554aded0ff34d71ddaeb36d77d6f	MOVE_ONLY
df03cc7e41cde31d101d064da5da868febb6089b	MOVE	series/gakuen-idolmaster/10_RELEASE_MANIFEST_AND_ARCHIVE/GAKUEN_IDOLMASTER_PHASE3_TEMARI_COMPLETE_AUDIOVISUAL_BASELINE.zip.sha256	series/gakuen-idolmaster/05_AUDIOVISUAL_ANALYSIS/02_TSUKIMURA_TEMARI/GAKUEN_IDOLMASTER_PHASE3_TEMARI_COMPLETE_AUDIOVISUAL_BASELINE.zip.sha256	58d47abdc81999705e5fc8324472ea5764828c9366004fa2713037617e4fc1fa	58d47abdc81999705e5fc8324472ea5764828c9366004fa2713037617e4fc1fa	MOVE_ONLY
df03cc7e41cde31d101d064da5da868febb6089b	EDIT	series/gakuen-idolmaster/00_ANALYSIS_FRAMEWORKS/GAKUEN_IDOLMASTER_MULTI_DOCUMENT_SYNTHESIS_ARCHITECTURE_V2.md	series/gakuen-idolmaster/00_ANALYSIS_FRAMEWORKS/GAKUEN_IDOLMASTER_MULTI_DOCUMENT_SYNTHESIS_ARCHITECTURE_V2.md	19fbe50b820fd4ebada4e6996df063d99c9929ac521c9b745373ceaa53b7063f	82c4e6d3af1d09fbf4730d37ce8d47bad56fd9410bbb7ceb5426214587602293	UPDATE_NAVIGATION_OR_ORGANIZATION_AND_RECOVERY_DOCUMENTATION
df03cc7e41cde31d101d064da5da868febb6089b	EDIT	series/gakuen-idolmaster/01_CORPUS_AUDIT_AND_SOURCE_LOCK/GKM_FILE_ORGANIZATION_AUDIT_20260909.md	series/gakuen-idolmaster/01_CORPUS_AUDIT_AND_SOURCE_LOCK/GKM_FILE_ORGANIZATION_AUDIT_20260909.md	d3ddf6f1dc867850500b5b57d4bcf32226b367ab920feec697101698d4cb6a35	d5bdc9dff519448f2ff044286453502f01ba0b2153489aa89341d3441529460c	UPDATE_NAVIGATION_OR_ORGANIZATION_AND_RECOVERY_DOCUMENTATION
df03cc7e41cde31d101d064da5da868febb6089b	EDIT	series/gakuen-idolmaster/01_CORPUS_AUDIT_AND_SOURCE_LOCK/GKM_TARGETED_REBUILD_CANDIDATES.md	series/gakuen-idolmaster/01_CORPUS_AUDIT_AND_SOURCE_LOCK/GKM_TARGETED_REBUILD_CANDIDATES.md	f63757f18028e7249525509f07297d3966335b6e5cbe4d46775d03b9571a8155	3ef44495cf3c4195f19051fae7099a643c9758c0400f87397b77d7d337893d1c	UPDATE_NAVIGATION_OR_ORGANIZATION_AND_RECOVERY_DOCUMENTATION
df03cc7e41cde31d101d064da5da868febb6089b	ADD		series/gakuen-idolmaster/05_AUDIOVISUAL_ANALYSIS/01_HANAMI_SAKI/README.md		449b77585ebd90344423a1ce35825ea27990793d9ae111f3ea41e3b40d2ee75d	ADD_NAVIGATION_INDEX
df03cc7e41cde31d101d064da5da868febb6089b	ADD		series/gakuen-idolmaster/05_AUDIOVISUAL_ANALYSIS/02_TSUKIMURA_TEMARI/README.md		9459a7f60694f8ec375177a5a996e4c8a1da91a540e7c5a09eb08f1a4b7d3d27	ADD_NAVIGATION_INDEX
df03cc7e41cde31d101d064da5da868febb6089b	ADD		series/gakuen-idolmaster/05_AUDIOVISUAL_ANALYSIS/03_FUJITA_KOTONE/README.md		6a4dec2489f9797ae3daeb4c9df197ee27be2cfc5a825be626adc09389b00cb5	ADD_NAVIGATION_INDEX
df03cc7e41cde31d101d064da5da868febb6089b	ADD		series/gakuen-idolmaster/05_AUDIOVISUAL_ANALYSIS/04_ARIMURA_MAO/README.md		a5ca52613027811e0155ee8c16e98c95e7afd95f7992066b6cda9132593b9ec2	ADD_NAVIGATION_INDEX
df03cc7e41cde31d101d064da5da868febb6089b	ADD		series/gakuen-idolmaster/05_AUDIOVISUAL_ANALYSIS/05_KATSURAGI_LILJA/README.md		f51aa9395029fd32edf574f3b883caa1db9350b391e99d0213c3ea6f08bb1399	ADD_NAVIGATION_INDEX
df03cc7e41cde31d101d064da5da868febb6089b	ADD		series/gakuen-idolmaster/05_AUDIOVISUAL_ANALYSIS/06_KURAMOTO_CHINA/README.md		825b9e49fd6fe7278c550d4dfadc49e0ddbd1d82b87cc63528a59ae01dddc5b0	ADD_NAVIGATION_INDEX
df03cc7e41cde31d101d064da5da868febb6089b	ADD		series/gakuen-idolmaster/05_AUDIOVISUAL_ANALYSIS/07_SHINOSAWA_HIRO/README.md		2251704d77be6971c0893f22401b68aa29c79162322ee46b03beb0775bcf9bc7	ADD_NAVIGATION_INDEX
df03cc7e41cde31d101d064da5da868febb6089b	ADD		series/gakuen-idolmaster/05_AUDIOVISUAL_ANALYSIS/08_HIMESAKI_RINAMI/README.md		214041105d7e4ab261ee7538e092bdb7c64c2548d63dbd9cca30b766fde30fbf	ADD_NAVIGATION_INDEX
df03cc7e41cde31d101d064da5da868febb6089b	ADD		series/gakuen-idolmaster/05_AUDIOVISUAL_ANALYSIS/09_SHIUN_SUMIKA/README.md		b496004129decf03fb55c3b7bfbe869c1804de7173c5be1e580807b735406a58	ADD_NAVIGATION_INDEX
df03cc7e41cde31d101d064da5da868febb6089b	ADD		series/gakuen-idolmaster/05_AUDIOVISUAL_ANALYSIS/10_HANAMI_UME/README.md		8556cda5945aaab4f86326eb3fa69c763fc2bb1a7a6b02ad0f3f871ba6bbe3c6	ADD_NAVIGATION_INDEX
df03cc7e41cde31d101d064da5da868febb6089b	ADD		series/gakuen-idolmaster/05_AUDIOVISUAL_ANALYSIS/11_HATAYA_MISUZU/README.md		13d1b6cde239cc856649702fb6c75bb5708650a25162534e42b12cdeecc995db	ADD_NAVIGATION_INDEX
df03cc7e41cde31d101d064da5da868febb6089b	ADD		series/gakuen-idolmaster/05_AUDIOVISUAL_ANALYSIS/12_JUO_SENA/README.md		211174a0a2b840be51b2bdc29408358ff705c765ea7a294328aa8bdfec64dcfe	ADD_NAVIGATION_INDEX
df03cc7e41cde31d101d064da5da868febb6089b	ADD		series/gakuen-idolmaster/05_AUDIOVISUAL_ANALYSIS/13_AMAYA_TSUBAME/README.md		689cb0078c2402c835eade80abc9ad33915fdcf362372c9eccd3978a5a3cb3e2	ADD_NAVIGATION_INDEX
df03cc7e41cde31d101d064da5da868febb6089b	EDIT	series/gakuen-idolmaster/05_AUDIOVISUAL_ANALYSIS/GKM_AUDIOVISUAL_FILE_INDEX.md	series/gakuen-idolmaster/05_AUDIOVISUAL_ANALYSIS/GKM_AUDIOVISUAL_FILE_INDEX.md	b726609ca9b0ced69b91e8569a6cfc4da48c3d051257605da446a60e44e91d3a	99f7f42ac5c109945b1137104ad3ada286d653c108c74875987634d15a8c17a6	UPDATE_NAVIGATION_OR_ORGANIZATION_AND_RECOVERY_DOCUMENTATION
df03cc7e41cde31d101d064da5da868febb6089b	ADD		series/gakuen-idolmaster/05_AUDIOVISUAL_ANALYSIS/GKM_MUSIC_AND_PERFORMANCE_INDEX.md		1fac164c783618c14fcd7e5e6dc73532472fd1a9ff7495155299e494815d1b2c	ADD_NAVIGATION_INDEX
df03cc7e41cde31d101d064da5da868febb6089b	ADD		series/gakuen-idolmaster/05_AUDIOVISUAL_ANALYSIS/GKM_VOICE_ACTING_INDEX.md		77604ea93f2a35bd73e5ea17213a2d38c39c5323dd994210a69909c4c0089949	ADD_NAVIGATION_INDEX
df03cc7e41cde31d101d064da5da868febb6089b	ADD		series/gakuen-idolmaster/05_AUDIOVISUAL_ANALYSIS/README.md		23072eb4f96713ddd17cb07fd2cbcafa43e36345f8471fe8d3a57313129d1827	ADD_NAVIGATION_INDEX
df03cc7e41cde31d101d064da5da868febb6089b	EDIT	series/gakuen-idolmaster/10_RELEASE_MANIFEST_AND_ARCHIVE/GKM_RECOVERY_INTEGRATION_AUDIT_20260909.md	series/gakuen-idolmaster/10_RELEASE_MANIFEST_AND_ARCHIVE/GKM_RECOVERY_INTEGRATION_AUDIT_20260909.md	c21934553233c90d1399d0b8100178acecbf7cda604bb5229b91aba77ede7d40	092226d5a95e10a1b974629b51952681d21b6ffbb571782e296888023c92a455	UPDATE_NAVIGATION_OR_ORGANIZATION_AND_RECOVERY_DOCUMENTATION
df03cc7e41cde31d101d064da5da868febb6089b	EDIT	series/gakuen-idolmaster/90 Legacy and Superseded/TEMARI_AV_PREDECESSOR_GENERATION_20260815/GKM_PHASE3_TEMARI_AUDIOVISUAL_COMPLETION_REPORT.md	series/gakuen-idolmaster/90 Legacy and Superseded/TEMARI_AV_PREDECESSOR_GENERATION_20260815/GKM_PHASE3_TEMARI_AUDIOVISUAL_COMPLETION_REPORT.md	9892a1d2230a9d171c1391649549e05c6448b14584122bf8fe64c65685864033	3e7ead12d1c94e2bad62cb9f7d01e826e1a6ca8f1f2b4905f8d87787fed0a3f5	UPDATE_NAVIGATION_OR_ORGANIZATION_AND_RECOVERY_DOCUMENTATION
df03cc7e41cde31d101d064da5da868febb6089b	EDIT	series/gakuen-idolmaster/90 Legacy and Superseded/TEMARI_AV_PREDECESSOR_GENERATION_20260815/GKM_TEMARI_AV_EVIDENCE_AND_METRICS_MATRIX.md	series/gakuen-idolmaster/90 Legacy and Superseded/TEMARI_AV_PREDECESSOR_GENERATION_20260815/GKM_TEMARI_AV_EVIDENCE_AND_METRICS_MATRIX.md	f417aff8204624a5227685b50411aa4eed1b9312bfcfd9a4484a17a228377938	e0ee2d65c4eb081345dafdf082932e566b3d8ec21e09782569c29f506dab8aa4	UPDATE_NAVIGATION_OR_ORGANIZATION_AND_RECOVERY_DOCUMENTATION
df03cc7e41cde31d101d064da5da868febb6089b	EDIT	series/gakuen-idolmaster/90 Legacy and Superseded/TEMARI_AV_PREDECESSOR_GENERATION_20260815/GKM_TEMARI_COMPLETE_AUDIOVISUAL_BASELINE.md	series/gakuen-idolmaster/90 Legacy and Superseded/TEMARI_AV_PREDECESSOR_GENERATION_20260815/GKM_TEMARI_COMPLETE_AUDIOVISUAL_BASELINE.md	a94bd1d7da6a3de83cc64ea8dae1b920856cb8ab7ac8f61205a788a82e0fe414	8d0e4659dd700cebe2470aa3f6f0bef14f228af9b8e9212d7ee087ad6614457c	UPDATE_NAVIGATION_OR_ORGANIZATION_AND_RECOVERY_DOCUMENTATION
df03cc7e41cde31d101d064da5da868febb6089b	EDIT	series/gakuen-idolmaster/90 Legacy and Superseded/TEMARI_AV_PREDECESSOR_GENERATION_20260815/GKM_TEMARI_DIALOGUE_VOICE_ACTING_CLOSE_READING.md	series/gakuen-idolmaster/90 Legacy and Superseded/TEMARI_AV_PREDECESSOR_GENERATION_20260815/GKM_TEMARI_DIALOGUE_VOICE_ACTING_CLOSE_READING.md	aba18fe4e39e2abd01d2c1ea6b9acbeda158cc0b693dfec78fe82fb107393dfb	1224d27020372a129a65b231005c09630b54acaf92a71cc765ff22aaebe4f1e3	UPDATE_NAVIGATION_OR_ORGANIZATION_AND_RECOVERY_DOCUMENTATION
df03cc7e41cde31d101d064da5da868febb6089b	EDIT	series/gakuen-idolmaster/90 Legacy and Superseded/TEMARI_AV_PREDECESSOR_GENERATION_20260815/GKM_TEMARI_MUSIC_MV_AND_PERFORMANCE_CLOSE_READING.md	series/gakuen-idolmaster/90 Legacy and Superseded/TEMARI_AV_PREDECESSOR_GENERATION_20260815/GKM_TEMARI_MUSIC_MV_AND_PERFORMANCE_CLOSE_READING.md	10782a39f8fa807c09a9290988d853b2383ba5ef24391d85dc934080e2012464	66583f58d128d5a1122b559fe8ea8494a6e75f3fb0df251cfdef5d2b547dd815	UPDATE_NAVIGATION_OR_ORGANIZATION_AND_RECOVERY_DOCUMENTATION
df03cc7e41cde31d101d064da5da868febb6089b	EDIT	series/gakuen-idolmaster/CURRENT_STATE_AND_CORPUS_MAP.md	series/gakuen-idolmaster/CURRENT_STATE_AND_CORPUS_MAP.md	c9852b86c912a32cab2be369230e34cf5b5a731afbf2ee348c5e8726cbd82c40	78a603e8bd7bae9f75d50571dc281f0b1ff1d8363fd24b5851449e0679a3a68c	UPDATE_NAVIGATION_OR_ORGANIZATION_AND_RECOVERY_DOCUMENTATION
