source_code	locator	spine_ordinal	spine_idref	image_member	image_sha256	image_bytes	width	height	verified_derivative_wrapper
UA	UA:s0001	1	image001	OPS/images/08880719880264315501_cover.jpg	0d2a3ebe307b5c0db8d7d9234dce7715ceee5b11012240ea05b5c486ac86783c	713057	1019	1600	OPS/pages/page0001.xhtml
UA	UA:s0002	2	image002	OPS/images/08_880719_880264_1_dorigin_01_001.jpg	3c6894e02136b00e2d30caf82810b393edab91abe551319daa309f1603785a64	53016	1019	1600	OPS/pages/page0002.xhtml
UA	UA:s0003	3	image003	OPS/images/08_880719_880264_3_003_001.jpg	5c022294b779243cb947a13c91cdfabc1252c9cd8aa2e1d7dbb6f048e62fb073	716760	1019	1600	OPS/pages/page0003.xhtml
UA	UA:s0004	4	image004	OPS/images/08_880719_880264_3_004_001.jpg	2fac52cf098d6d507da6275394e3b88884332c663e9442442e0d32bd8405a2ec	583280	1019	1600	OPS/pages/page0004.xhtml
UA	UA:s0005	5	image005	OPS/images/08_880719_880264_3_005_001.jpg	074beb89601a8dbb1de62cbcbf1a9094039d38eb9b7edc804ba45e5a7f265c59	640433	1019	1600	OPS/pages/page0005.xhtml
UA	UA:s0006	6	image006	OPS/images/08_880719_880264_3_006_001.jpg	8f149773587b6f23d70de4761a76e82995a82f408512342b5c5734e98fc94a7d	488691	1019	1600	OPS/pages/page0006.xhtml
UA	UA:s0007	7	image007	OPS/images/08_880719_880264_3_007_001.jpg	3278ca80f862997546649d85ad41e2466334c85a8726a8ebc3694400bc18d1ba	535455	1019	1600	OPS/pages/page0007.xhtml
UA	UA:s0008	8	image008	OPS/images/08_880719_880264_3_008_001.jpg	e812fa67c23d7b667289a837e01b2eef970cb314f5aa14a8509f744be07262e8	704808	1019	1600	OPS/pages/page0008.xhtml
UA	UA:s0009	9	image009	OPS/images/08_880719_880264_3_009_001.jpg	29288977a04cccda3cc4ef656df9d37ebdb0521e975e14ceac122e39d1e7825f	616958	1019	1600	OPS/pages/page0009.xhtml
UA	UA:s0010	10	image010	OPS/images/08_880719_880264_3_010_001.jpg	84d0962fabb0214624b2edffc8a486c9e3a229d5ed0c2979704426f9063f490d	611423	1019	1600	OPS/pages/page0010.xhtml
UA	UA:s0011	11	image011	OPS/images/08_880719_880264_3_011_001.jpg	d39ce8980f60f0759fdef97b98429991f9ec8fb71d6384f9d728f2a73a034601	764725	1019	1600	OPS/pages/page0011.xhtml
UA	UA:s0012	12	image012	OPS/images/08_880719_880264_3_012_001.jpg	58435e8aab3cc2f09b770e3d306a59c5e607c47eb8ad3bb284a72ad0d81eff4a	441807	1019	1600	OPS/pages/page0012.xhtml
UA	UA:s0013	13	image013	OPS/images/08_880719_880264_3_013_001.jpg	8b6b0d2d2674f0775455182398059942991dfbfa33a9762a3e7af6e1a6b5578a	535572	1019	1600	OPS/pages/page0013.xhtml
UA	UA:s0014	14	image014	OPS/images/08_880719_880264_3_014_001.jpg	e259c9f1db112956e75a26063f39479ce364e142a26322e50f1a035cbbaefa9a	709275	1019	1600	OPS/pages/page0014.xhtml
UA	UA:s0015	15	image015	OPS/images/08_880719_880264_3_015_001.jpg	666651d3d95f8b97a31ba040a1e63d3f1eaadaf46bba5b8b544c6a1a96a703b4	760049	1019	1600	OPS/pages/page0015.xhtml
UA	UA:s0016	16	image016	OPS/images/08_880719_880264_3_016_001.jpg	ac7acb712ef2e4d245e330af45c99ed0162b28627ee7f955d7886e566c71972f	616424	1019	1600	OPS/pages/page0016.xhtml
UA	UA:s0017	17	image017	OPS/images/08_880719_880264_3_017_001.jpg	3d6a824f546f558ad98d6e209bdda34dd06d3122b54df54401539280e8f62db9	451888	1019	1600	OPS/pages/page0017.xhtml
UA	UA:s0018	18	image018	OPS/images/08_880719_880264_3_018_001.jpg	0afc35d8e9a30b0f7bc3a308f0ef1f2fd2a45f1d6b9fe2de6b1f8f509677bc1c	652176	1019	1600	OPS/pages/page0018.xhtml
UA	UA:s0019	19	image019	OPS/images/08_880719_880264_1_019_001.jpg	b060ab4fb4b8b3647c542b801d593043f5f076d3c4ba74b72790d1692fcfb367	656593	1019	1600	OPS/pages/page0019.xhtml
UA	UA:s0020	20	image020	OPS/images/08_880719_880264_1_020_001.jpg	a0d986623484ba39a1bbd46b3fe3505646b07b3c1ccaf6522598abe54b86f102	506816	1019	1600	OPS/pages/page0020.xhtml
UA	UA:s0021	21	image021	OPS/images/08_880719_880264_1_021_001.jpg	0bd2b889ce4e62db4c9067067c8c0de0f8432f58dc0609c6e6ae68fc0c55dab2	365519	1019	1600	OPS/pages/page0021.xhtml
UA	UA:s0022	22	image022	OPS/images/08_880719_880264_1_022_001.jpg	5300ff62baa19c974b64cb7b2b5c6a8772ecf806346f9937bd7e3db8ab4d8809	577123	1019	1600	OPS/pages/page0022.xhtml
UA	UA:s0023	23	image023	OPS/images/08_880719_880264_1_023_001.jpg	88d563c7861dfee1a1e3b0217f83ca410505bba5586b767ea1bc9c1e2a704c98	619055	1019	1600	OPS/pages/page0023.xhtml
UA	UA:s0024	24	image024	OPS/images/08_880719_880264_1_024_001.jpg	d75312bef6ccb29583672f274aaedaa3f5b8753f81effa25ad1645e582cf9439	581017	1019	1600	OPS/pages/page0024.xhtml
UA	UA:s0025	25	image025	OPS/images/08_880719_880264_1_025_001.jpg	c25339619ebea40cdca0e6fce2c699111feacc5aa61ba47df7ec30a87dc8275c	613508	1019	1600	OPS/pages/page0025.xhtml
UA	UA:s0026	26	image026	OPS/images/08_880719_880264_1_026_001.jpg	fa0b12d1a6460a6d85bb4e90f7cde27d4d8eebc1ade59f0e28df32f9b6f5233a	549361	1019	1600	OPS/pages/page0026.xhtml
UA	UA:s0027	27	image027	OPS/images/08_880719_880264_1_027_001.jpg	19b71bd5fa5660287a79b57bedc7c88c60331be1c9310110f6054741553acd9c	600822	1019	1600	OPS/pages/page0027.xhtml
UA	UA:s0028	28	image028	OPS/images/08_880719_880264_1_028_001.jpg	c1e655bf15d8fcc3c75efb11047bbd8aae5956207c539d50ba25e7454a8bf9c0	524372	1019	1600	OPS/pages/page0028.xhtml
UA	UA:s0029	29	image029	OPS/images/08_880719_880264_1_029_001.jpg	3cbeffb12941a0bc8b6a07c30c83a49133c3a67862202e1fb88dd7e331dfec13	581607	1019	1600	OPS/pages/page0029.xhtml
UA	UA:s0030	30	image030	OPS/images/08_880719_880264_1_030_001.jpg	817736606b29f11a6c8db1a368bd0bb908204a29993ba8e386e7d137bb379817	513839	1019	1600	OPS/pages/page0030.xhtml
UA	UA:s0031	31	image031	OPS/images/08_880719_880264_1_031_001.jpg	38eb22bb31a8ac29acd1016a2a0906df266ab749917a1069232f104a58d4d76e	636439	1019	1600	OPS/pages/page0031.xhtml
UA	UA:s0032	32	image032	OPS/images/08_880719_880264_1_032_001.jpg	527307c1a92157b4a116c9f67f6340a20933155fd590c189020f5a74df8d8301	475404	1019	1600	OPS/pages/page0032.xhtml
UA	UA:s0033	33	image033	OPS/images/08_880719_880264_1_033_001.jpg	314fcbad61206b7c4ecdbb1ce5feb7c9af48790f536aae6af5f7fc20aa54757c	607127	1019	1600	OPS/pages/page0033.xhtml
UA	UA:s0034	34	image034	OPS/images/08_880719_880264_1_034_001.jpg	afd0ff44391947c0c494ff0ee19eaaa545b54ccf226995d8c9724dcf4f02105f	483769	1019	1600	OPS/pages/page0034.xhtml
UA	UA:s0035	35	image035	OPS/images/08_880719_880264_1_035_001.jpg	7c21a4435216a6172e856a694cac9dce7b80047f2aafcc1ea15746c915bb9899	585522	1019	1600	OPS/pages/page0035.xhtml
UA	UA:s0036	36	image036	OPS/images/08_880719_880264_1_036_001.jpg	f1fa4ea93a221525e9b10268a28592aebc7591c365997041a4dac2cf747a55b5	537624	1019	1600	OPS/pages/page0036.xhtml
UA	UA:s0037	37	image037	OPS/images/08_880719_880264_1_037_001.jpg	770054e80318ecab264cf410512c960c3505c305bece62b87bf2d0023732bcc8	606053	1019	1600	OPS/pages/page0037.xhtml
UA	UA:s0038	38	image038	OPS/images/08_880719_880264_1_038_001.jpg	ebdce864ccae4a55a68a90a3c06500a16081b5249e57d5c83de5e1a971ba4b92	512181	1019	1600	OPS/pages/page0038.xhtml
UA	UA:s0039	39	image039	OPS/images/08_880719_880264_1_039_001.jpg	05e97bad98e78a1db5167979093e8333dde4f6d93aaf42e1669ab288b8448f3a	593410	1019	1600	OPS/pages/page0039.xhtml
UA	UA:s0040	40	image040	OPS/images/08_880719_880264_1_040_001.jpg	c7907d5a09d6900b5bb4d67ac88d3905ca6c87df7a03f729cfb466ec752a71ba	470177	1019	1600	OPS/pages/page0040.xhtml
UA	UA:s0041	41	image041	OPS/images/08_880719_880264_1_041_001.jpg	e4a881a717e80705800bed5eb0b4adc735f97bb8a7549e46f7adafbfbb9a07f9	574584	1019	1600	OPS/pages/page0041.xhtml
UA	UA:s0042	42	image042	OPS/images/08_880719_880264_1_042_001.jpg	ed8e5221164e4d47d5d3f439cbd905428286b3951cb6d18fe2a646a7a7ebed10	500537	1019	1600	OPS/pages/page0042.xhtml
UA	UA:s0043	43	image043	OPS/images/08_880719_880264_1_043_001.jpg	0faf1aee9272624d5ab2ae99acde6b4eb9aa5790d51caca3315fd72979434d4b	591902	1019	1600	OPS/pages/page0043.xhtml
UA	UA:s0044	44	image044	OPS/images/08_880719_880264_1_044_001.jpg	c6aa525253b02f9618f3c043cda64f1c051d8c9c4e64d907b4d54ef0563237c6	497632	1019	1600	OPS/pages/page0044.xhtml
UA	UA:s0045	45	image045	OPS/images/08_880719_880264_1_045_001.jpg	3068468a2642f56adb2343cd33fd3b62b5a47b3d2509f0aa247be3549f09e8af	567612	1019	1600	OPS/pages/page0045.xhtml
UA	UA:s0046	46	image046	OPS/images/08_880719_880264_1_046_002.jpg	f9b87aa7204700df5f9dd9192eaba90f04784c054ce348d4f620a0237a843ae6	499241	1019	1600	OPS/pages/page0046.xhtml
UA	UA:s0047	47	image047	OPS/images/08_880719_880264_1_047_001.jpg	1a1d6514f24e756b4cefa86406f22757b5ff975ce8891ffcf819b8290044a1a8	549791	1019	1600	OPS/pages/page0047.xhtml
UA	UA:s0048	48	image048	OPS/images/08_880719_880264_1_048_001.jpg	6b8d2fa6aa28b7c889ea45b4cf7a7398cb29924d96fca4184c0696a760b92182	488654	1019	1600	OPS/pages/page0048.xhtml
UA	UA:s0049	49	image049	OPS/images/08_880719_880264_1_049_001.jpg	d091e59471598177de89f7b67c578d8ef333c674859c7a05a19154eb8d77c169	583168	1019	1600	OPS/pages/page0049.xhtml
UA	UA:s0050	50	image050	OPS/images/08_880719_880264_1_050_002.jpg	aea76d3e19ebd3d9261416ef449bb757fcde08659c900161ccecb6f9d982bb6c	558649	1019	1600	OPS/pages/page0050.xhtml
UA	UA:s0051	51	image051	OPS/images/08_880719_880264_1_051_001.jpg	a17c041c9d1a7c4e5c6735005ce42ccc76595aef2cc5fe59d59cc5a2e98da4fd	600333	1019	1600	OPS/pages/page0051.xhtml
UA	UA:s0052	52	image052	OPS/images/08_880719_880264_1_052_001.jpg	62363fa742ef47fe783f2376057b9b907183fd0fb8d12413f988f1f8f3c1d007	513499	1019	1600	OPS/pages/page0052.xhtml
UA	UA:s0053	53	image053	OPS/images/08_880719_880264_1_053_001.jpg	67b4941a8cb696bd22c29ebe9a1bfca2357eaee120df06e42c09806cc07d1d70	596957	1019	1600	OPS/pages/page0053.xhtml
UA	UA:s0054	54	image054	OPS/images/08_880719_880264_1_054_001.jpg	3cc650909b4aa223fabf753ba9e9adef30ca67e867c76bbe6b27c11efdfaf27f	514234	1019	1600	OPS/pages/page0054.xhtml
UA	UA:s0055	55	image055	OPS/images/08_880719_880264_1_055_001.jpg	a5260bb6945c4cab62b7cdbb5590c96416b0773368e8a96fac14b9a0e3bde3fc	586800	1019	1600	OPS/pages/page0055.xhtml
UA	UA:s0056	56	image056	OPS/images/08_880719_880264_1_056_001.jpg	7d65010d7beae3659073205f29558725706df2f9772e20f13caaee475127e4e8	465170	1019	1600	OPS/pages/page0056.xhtml
UA	UA:s0057	57	image057	OPS/images/08_880719_880264_1_057_001.jpg	516cb3d5fa701da117129f09c4ebc7e65548842c5d6dcb9d73162222d045c70d	538203	1019	1600	OPS/pages/page0057.xhtml
UA	UA:s0058	58	image058	OPS/images/08_880719_880264_1_058_001.jpg	14772c7dced5eb7af8b89c43825f842485df1c830f6904f10e27d662deddc804	452129	1019	1600	OPS/pages/page0058.xhtml
UA	UA:s0059	59	image059	OPS/images/08_880719_880264_1_059_001.jpg	cbd0f3f7da9881fd84ec2e9f4999a0bb85da0fd291dabec2825e140be9d285fa	568009	1019	1600	OPS/pages/page0059.xhtml
UA	UA:s0060	60	image060	OPS/images/08_880719_880264_1_060_001.jpg	6251b0ade72b968cdd1a37c9c089a7b92299060dc57a109e0dd5acb0ecb85549	467049	1019	1600	OPS/pages/page0060.xhtml
UA	UA:s0061	61	image061	OPS/images/08_880719_880264_1_061_001.jpg	cc57c2aae6e0a82aaa38bb9dc53bb60e4254c9f1c0d81ba3040c91574dfa6f4a	582399	1019	1600	OPS/pages/page0061.xhtml
UA	UA:s0062	62	image062	OPS/images/08_880719_880264_1_062_001.jpg	f5756885ae1c7502e803d7c0cbc25b04e98a8c2b5666f8b2a180c4a079f72f5d	689439	1019	1600	OPS/pages/page0062.xhtml
UA	UA:s0063	63	image063	OPS/images/08_880719_880264_1_063_001.jpg	ba3f8f483dd3f5e9c09943161e7613831571cf5c058ccdd35a142bf109be6295	753153	1019	1600	OPS/pages/page0063.xhtml
UA	UA:s0064	64	image064	OPS/images/08_880719_880264_1_064_001.jpg	00da1af436f58fd0fafc2892ac2e1f020430ea73502aca0f0d76bb900f77c7c5	647661	1019	1600	OPS/pages/page0064.xhtml
UA	UA:s0065	65	image065	OPS/images/08_880719_880264_1_065_001.jpg	aa8636ca7e68be166bc26aa127a73a0d00e81ea27fd4dee94f1c9ea399ac3188	695200	1019	1600	OPS/pages/page0065.xhtml
UA	UA:s0066	66	image066	OPS/images/08_880719_880264_1_066_001.jpg	b000b3534fc990bb392e84f6c2e400da8c7aa31a87f22ac73e6c6ac8c402e961	711015	1019	1600	OPS/pages/page0066.xhtml
UA	UA:s0067	67	image067	OPS/images/08_880719_880264_1_067_001.jpg	867800c568d708a46d8c5c799842d5a5ba9d7b28d556fe57b1d114c3c1c42b99	738833	1019	1600	OPS/pages/page0067.xhtml
UA	UA:s0068	68	image068	OPS/images/08_880719_880264_1_068_001.jpg	2ea140a5bb7addd27612224ee5703dc7d4745cb610ef25338b1a06fc2bf4534f	728528	1019	1600	OPS/pages/page0068.xhtml
UA	UA:s0069	69	image069	OPS/images/08_880719_880264_1_069_001.jpg	44b4f50a74b81400dbad06ef7701c53cfd5848c053b1ba0dac2dc56140fbf279	742478	1019	1600	OPS/pages/page0069.xhtml
UA	UA:s0070	70	image070	OPS/images/08_880719_880264_1_070_001.jpg	6507e254d5561f928564d7cdab027ac3beeae411bb455744659adf2a5ceb498f	712662	1019	1600	OPS/pages/page0070.xhtml
UA	UA:s0071	71	image071	OPS/images/08_880719_880264_1_071_001.jpg	cee82d8cf12bcebe3a31dabd4b2171a79a73d0ae1cce43434dcade5416638574	705478	1019	1600	OPS/pages/page0071.xhtml
UA	UA:s0072	72	image072	OPS/images/08_880719_880264_1_072_001.jpg	d55f01aa5971f3ea37782fc9c974b1d08062b9954ce5be9460ffead6e08072e9	670389	1019	1600	OPS/pages/page0072.xhtml
UA	UA:s0073	73	image073	OPS/images/08_880719_880264_1_073_001.jpg	90c62880df8888fac0f7ae132cbb544e523ea52c166ce99c11fe0e0645b43f22	761684	1019	1600	OPS/pages/page0073.xhtml
UA	UA:s0074	74	image074	OPS/images/08_880719_880264_1_074_001.jpg	14f4c1e81f374813ae6db58778d47f927bd72f5ad44690780f74e6fbeb01673c	653660	1019	1600	OPS/pages/page0074.xhtml
UA	UA:s0075	75	image075	OPS/images/08_880719_880264_1_075_001.jpg	f5434527f640a489c55b118f1d317262d94a97c428d39002e344a470446f3a1c	727849	1019	1600	OPS/pages/page0075.xhtml
UA	UA:s0076	76	image076	OPS/images/08_880719_880264_1_076_001.jpg	f3e865405fa7574503f995e2dcb784efab47c19b07ce381635f241cb72279425	741698	1019	1600	OPS/pages/page0076.xhtml
UA	UA:s0077	77	image077	OPS/images/08_880719_880264_1_077_001.jpg	e0ff5ffa4a0b2c22121faf34fea19b8427328b91d81267893f099a4799f6296b	671022	1019	1600	OPS/pages/page0077.xhtml
UA	UA:s0078	78	image078	OPS/images/08_880719_880264_1_078_001.jpg	0dc1a4db7fe792c5e75515f3546442d79674b03cfc387d776934154c8288a3d4	617048	1019	1600	OPS/pages/page0078.xhtml
UA	UA:s0079	79	image079	OPS/images/08_880719_880264_1_079_001.jpg	0842d35119be1be8af5d0da24b72299c7cba82e2d64c62ca5443c92e20d6ac93	731019	1019	1600	OPS/pages/page0079.xhtml
UA	UA:s0080	80	image080	OPS/images/08_880719_880264_1_080_001.jpg	096dbd5060da57cc724c57c60a3b1c38edcce99c688a093e7849665bd96f969d	690891	1019	1600	OPS/pages/page0080.xhtml
UA	UA:s0081	81	image081	OPS/images/08_880719_880264_1_081_001.jpg	81eb51da8575f91e033016ab1b7c86441517fb888c9ec504cefb44c8cbb3e17b	702673	1019	1600	OPS/pages/page0081.xhtml
UA	UA:s0082	82	image082	OPS/images/08_880719_880264_1_082_001.jpg	94d25ad2b4d55b5bd410bf7db1bec09e96797fc821552a209d3e999bcbbbed15	804990	1019	1600	OPS/pages/page0082.xhtml
UA	UA:s0083	83	image083	OPS/images/08_880719_880264_1_083_001.jpg	e29c4522a198686dcca3ab3a8222ad56d97769269a7fca541c4e77cbbdaf8ee5	779979	1019	1600	OPS/pages/page0083.xhtml
UA	UA:s0084	84	image084	OPS/images/08_880719_880264_1_084_001.jpg	233dea75d372f6564ca1c8cdb991454370d0d58abad096f92ee1964f92e472da	499808	1019	1600	OPS/pages/page0084.xhtml
UA	UA:s0085	85	image085	OPS/images/08_880719_880264_1_085_001.jpg	21878acc94b47b8212317367fd1bdd1494e70f187607e97fc49b8225818266db	586298	1019	1600	OPS/pages/page0085.xhtml
UA	UA:s0086	86	image086	OPS/images/08_880719_880264_1_086_001.jpg	6bb733077b918ea902926b5ce1d224ecdc7ff138ded008ea84cc47ea08b5fc0a	523847	1019	1600	OPS/pages/page0086.xhtml
UA	UA:s0087	87	image087	OPS/images/08_880719_880264_1_087_001.jpg	df6912816629dfb3dcf518014d34c6dc978fabf3fd4df3be89344363ac2c9637	593635	1019	1600	OPS/pages/page0087.xhtml
UA	UA:s0088	88	image088	OPS/images/08_880719_880264_1_088_001.jpg	5a5f8303001f88010d3d868b0fd73365363cb71ad80d95e909f911d5e0544938	503810	1019	1600	OPS/pages/page0088.xhtml
UA	UA:s0089	89	image089	OPS/images/08_880719_880264_1_089_001.jpg	3b6f133f045beb1cea992a65fe471ca0dde2c45ac22b88858ba849208c4fe6c1	620194	1019	1600	OPS/pages/page0089.xhtml
UA	UA:s0090	90	image090	OPS/images/08_880719_880264_1_090_001.jpg	fb186491f77b6c36fca8225e928b33b8c11d20b124de900cab5d11144ac32e49	595933	1019	1600	OPS/pages/page0090.xhtml
UA	UA:s0091	91	image091	OPS/images/08_880719_880264_1_091_001.jpg	6f9f82c820312a74ca584380154842c39fa5038dad5ea4ed3c58b6d8297ec7fe	581617	1019	1600	OPS/pages/page0091.xhtml
UA	UA:s0092	92	image092	OPS/images/08_880719_880264_1_092_001.jpg	b377480d2525bbaa8a43c7a7eaea0e3c28c8881f2f27c898b99f26c4849ce389	546395	1019	1600	OPS/pages/page0092.xhtml
UA	UA:s0093	93	image093	OPS/images/08_880719_880264_1_093_002.jpg	a8bdd5f4ec8818d91e095907630f344eb638e05e37d77ccb33107470eb14500f	564300	1019	1600	OPS/pages/page0093.xhtml
UA	UA:s0094	94	image094	OPS/images/08_880719_880264_1_094_001.jpg	e1003dce440466af19a981be2db016ed8db257d7890540669ace335fb69b9228	578127	1019	1600	OPS/pages/page0094.xhtml
UA	UA:s0095	95	image095	OPS/images/08_880719_880264_1_095_002.jpg	d4bef2521e825077c66eb1e9f720a5f8adb10729a445c94b4a78bf8277d9b037	598815	1019	1600	OPS/pages/page0095.xhtml
UA	UA:s0096	96	image096	OPS/images/08_880719_880264_1_096_002.jpg	59daf4d2c7c3940c4393919030f6d2fddf3d652ae6f44bd5e51a6ccdd79b3bea	522914	1019	1600	OPS/pages/page0096.xhtml
UA	UA:s0097	97	image097	OPS/images/08_880719_880264_1_097_001.jpg	d3886b9e968fde2648ddb0aadfc6a80ec221f93d21130f95823f04523e38eac7	598346	1019	1600	OPS/pages/page0097.xhtml
UA	UA:s0098	98	image098	OPS/images/08_880719_880264_1_098_002.jpg	cf2c17fe37e216eb469b627ba163705f5e9299bc399617174cf5ef021252a7f6	598323	1019	1600	OPS/pages/page0098.xhtml
UA	UA:s0099	99	image099	OPS/images/08_880719_880264_1_099_001.jpg	2d9b17ad5a1f1ce514bf60437f0e291198590ff46ada32339f07a50905ddbe6f	637268	1019	1600	OPS/pages/page0099.xhtml
UA	UA:s0100	100	image100	OPS/images/08_880719_880264_1_100_001.jpg	5a8cd37252a6508e4132b5e696e0a8ef0beb03c9574daa8cbb446dbdf470c0ad	585930	1019	1600	OPS/pages/page0100.xhtml
UA	UA:s0101	101	image101	OPS/images/08_880719_880264_1_101_001.jpg	30f2fbb4e3b72b5395e763277b24bd22859d1442801fb3ee7ef4730da7efdfcc	618711	1019	1600	OPS/pages/page0101.xhtml
UA	UA:s0102	102	image102	OPS/images/08_880719_880264_1_102_001.jpg	810816f8da8ff3da3bd66075be768ef38994200a77347897aa4944c8c3bfefd7	581808	1019	1600	OPS/pages/page0102.xhtml
UA	UA:s0103	103	image103	OPS/images/08_880719_880264_1_103_001.jpg	c658d52cbffc13785f40587ea7349f77f0fbc61fc01076799d6dd5830396f2ef	448314	1019	1600	OPS/pages/page0103.xhtml
UA	UA:s0104	104	image104	OPS/images/08_880719_880264_1_104_001.jpg	d932352fa6f80b22340d47776e0bf79edafc9bea3f3f7b34075c9e68857cc827	663961	1019	1600	OPS/pages/page0104.xhtml
UA	UA:s0105	105	image105	OPS/images/08_880719_880264_1_105_001.jpg	5817dec072da5405d26f8ace347061e9fdb7211f5964bb26e596b922ad72781b	620248	1019	1600	OPS/pages/page0105.xhtml
UA	UA:s0106	106	image106	OPS/images/08_880719_880264_1_106_001.jpg	880ed44bfe3ae56a532cc7ca5efedff63035839172981bb4a9882b0f990f6645	477568	1019	1600	OPS/pages/page0106.xhtml
UA	UA:s0107	107	image107	OPS/images/08_880719_880264_1_107_001.jpg	b97efdff6a0b58df8fcc81db4ec3ea6c852bd036ee87e1fda24110b260ea6c3c	571931	1019	1600	OPS/pages/page0107.xhtml
UA	UA:s0108	108	image108	OPS/images/08_880719_880264_1_108_001.jpg	91d075b9b3df61bcb871c9816409fca9e944ac1710c1703ef07c50b91396f931	572994	1019	1600	OPS/pages/page0108.xhtml
UA	UA:s0109	109	image109	OPS/images/08_880719_880264_1_109_001.jpg	1723eda975b19c8e163c4867809f3f2b0ad532bf85cce184894b89acb6779f89	582492	1019	1600	OPS/pages/page0109.xhtml
UA	UA:s0110	110	image110	OPS/images/08_880719_880264_1_110_002.jpg	a16c0867119fe9026c79bc341a1de332a4d1ce6465c65257b444c5c06938590e	502013	1019	1600	OPS/pages/page0110.xhtml
UA	UA:s0111	111	image111	OPS/images/08_880719_880264_1_111_001.jpg	0774cb1a627a2ab11b27deb159c336517abdb2459aa81fdc7e40e93a7fa9385c	558561	1019	1600	OPS/pages/page0111.xhtml
UA	UA:s0112	112	image112	OPS/images/08_880719_880264_1_112_002.jpg	30b74d85fa163e54f124ab3a728b7977c59befbcf3f886eb72a4e219dc8198d8	542293	1019	1600	OPS/pages/page0112.xhtml
UA	UA:s0113	113	image113	OPS/images/08_880719_880264_1_113_001.jpg	00bd4e7237a91f9ed676f64f8f241ceb3f703feee65a9ecfe8adb28a61037354	578496	1019	1600	OPS/pages/page0113.xhtml
UA	UA:s0114	114	image114	OPS/images/08_880719_880264_1_114_001.jpg	cf37b19d7ba614b4ab154a2742b9acef27c40ad8fc129608627d0a046f8b97cb	471555	1019	1600	OPS/pages/page0114.xhtml
UA	UA:s0115	115	image115	OPS/images/08_880719_880264_1_115_001.jpg	b937c85e9b6c4beee3f1179040da93d2f1a58841f064af970363e1e2a73f353d	596883	1019	1600	OPS/pages/page0115.xhtml
UA	UA:s0116	116	image116	OPS/images/08_880719_880264_1_116_002.jpg	d319df74ebfe896aafcc4ed42ef5f8e201526de8bad17db6f7a47eb56152dd76	478920	1019	1600	OPS/pages/page0116.xhtml
UA	UA:s0117	117	image117	OPS/images/08_880719_880264_1_117_001.jpg	d7990e4387827717946225f5dab3959fccbd04531fd7d5d9a318c41b8d0ed5ac	596309	1019	1600	OPS/pages/page0117.xhtml
UA	UA:s0118	118	image118	OPS/images/08_880719_880264_1_118_001.jpg	a9a0f2d27315a2bbe6ed170c40448fd3bced60ab247491c31edb006ed7f71f9a	617239	1019	1600	OPS/pages/page0118.xhtml
UA	UA:s0119	119	image119	OPS/images/08_880719_880264_1_119_001.jpg	93ce61ca23fe827e4afeca05862b88698fc756c5507be0c2356831c187a3b52a	608359	1019	1600	OPS/pages/page0119.xhtml
UA	UA:s0120	120	image120	OPS/images/08_880719_880264_1_120_001.jpg	dffcbaa620e93576118cba5bc54d190849c53309dd4867bf6de1c96ac3898319	521757	1019	1600	OPS/pages/page0120.xhtml
UA	UA:s0121	121	image121	OPS/images/08_880719_880264_1_121_001.jpg	4fab52269202e075ec3df18fa0defad35abf1324ac53051a15f83ec82d2d05cc	571246	1019	1600	OPS/pages/page0121.xhtml
UA	UA:s0122	122	image122	OPS/images/08_880719_880264_1_122_002.jpg	bfb25ab9ae205a6efd8b44abbd91161ee40174cd8184f5e1edc233e33cece735	514923	1019	1600	OPS/pages/page0122.xhtml
UA	UA:s0123	123	image123	OPS/images/08_880719_880264_1_123_001.jpg	70553262b5bca544440d287eef15bd2a051d5a3585a679c6b3bb75c39d46883f	570813	1019	1600	OPS/pages/page0123.xhtml
UA	UA:s0124	124	image124	OPS/images/08_880719_880264_1_124_001.jpg	632df09e88894aefd32054f65dca0baa8d4552847009ca1e77cd692318cacecc	568636	1019	1600	OPS/pages/page0124.xhtml
UA	UA:s0125	125	image125	OPS/images/08_880719_880264_1_125_001.jpg	03ccb7d0f3b2b1858bdb2cc097c4de14eb19f47f58d0ed9938cb2d4de2fda2fa	588621	1019	1600	OPS/pages/page0125.xhtml
UA	UA:s0126	126	image126	OPS/images/08_880719_880264_1_126_002.jpg	b5e8746f8a841e52c5bcb3e86d481c2a99b9ac88a0553fe92c9d893d47116b63	592504	1019	1600	OPS/pages/page0126.xhtml
UA	UA:s0127	127	image127	OPS/images/08_880719_880264_1_127_002.jpg	17e9a8afb1c60d27c7d47ac5a0a4cdd71a792b1f17025f84a264e831088b2c0b	598132	1019	1600	OPS/pages/page0127.xhtml
UA	UA:s0128	128	image128	OPS/images/08_880719_880264_1_128_001.jpg	1e04fab9a86adb96d4600e3f95125ac5bb435e41aa3edcf9d57033f0711c4238	573435	1019	1600	OPS/pages/page0128.xhtml
UA	UA:s0129	129	image129	OPS/images/08_880719_880264_1_129_001.jpg	ef346bc69c32934115c01d39e75aa62ac7e5d440184c192174478e6aaac663de	556765	1019	1600	OPS/pages/page0129.xhtml
UA	UA:s0130	130	image130	OPS/images/08_880719_880264_1_130_002.jpg	6a460fba79e2e3cb05d70b23249b95fa9ed5899723986120eebb0c5bbd4fa9ac	574120	1019	1600	OPS/pages/page0130.xhtml
UA	UA:s0131	131	image131	OPS/images/08_880719_880264_1_131_001.jpg	c92cac04f47e2cc01c361f0a7270e8dec96662fbb9ed61e9e416889fc2512eb1	547983	1019	1600	OPS/pages/page0131.xhtml
UA	UA:s0132	132	image132	OPS/images/08_880719_880264_1_132_001.jpg	3caa784ae002885d4dc17aabc1c0d0bf3f4dc531d00620537ac25871dca5b92f	560838	1019	1600	OPS/pages/page0132.xhtml
UA	UA:s0133	133	image133	OPS/images/08_880719_880264_1_133_001.jpg	37c73551e8a79b4d0faf8fa3564d31ee145787d6505891fd9eb323d39c1a4c54	535793	1019	1600	OPS/pages/page0133.xhtml
UA	UA:s0134	134	image134	OPS/images/08_880719_880264_1_134_001.jpg	c1d552f8b55040caf577bb23d5ca15a5c44536d45b188b2cfe392a2afb6d5dc7	560792	1019	1600	OPS/pages/page0134.xhtml
UA	UA:s0135	135	image135	OPS/images/08_880719_880264_1_135_001.jpg	65f5a6149341262067cdb70ff72b5dfa7853546e7f2a562d56686c805f61a4de	557473	1019	1600	OPS/pages/page0135.xhtml
UA	UA:s0136	136	image136	OPS/images/08_880719_880264_1_136_001.jpg	9557c0b06fb8b563655a3b82e1d6c178e60dd8825ccd1d94ac7c0bd617f38cb6	575170	1019	1600	OPS/pages/page0136.xhtml
UA	UA:s0137	137	image137	OPS/images/08_880719_880264_1_137_001.jpg	80cd16317fba7c55a681aed47de3b56097aa442aca1cef1bcca3098bfab28cba	565811	1019	1600	OPS/pages/page0137.xhtml
UA	UA:s0138	138	image138	OPS/images/08_880719_880264_1_138_001.jpg	62e6d6d943824a0b8f4b61cd948de32dde14d0bbffffeefb542aaec8cc55696c	621202	1019	1600	OPS/pages/page0138.xhtml
UA	UA:s0139	139	image139	OPS/images/08_880719_880264_1_139_001.jpg	083b40a85740a5990ed46ef746c8d9a702a92d5bd5c0182ea03526c102cbf18c	716808	1019	1600	OPS/pages/page0139.xhtml
UA	UA:s0140	140	image140	OPS/images/08_880719_880264_1_140_001.jpg	032ac109b5bad9844c75c0f430e41ce540e1600080b0304809251b8d37a71559	584918	1019	1600	OPS/pages/page0140.xhtml
UA	UA:s0141	141	image141	OPS/images/08_880719_880264_1_141_001.jpg	8034646692eff59d0761536410ca77a3c85fea91b249a0aa57f23a7e797ab53b	418260	1019	1600	OPS/pages/page0141.xhtml
UA	UA:s0142	142	image142	OPS/images/08_880719_880264_1_142_001.jpg	5a276ae728f7925d3b6429361b920f248b8ac79562a0e407f541ba7cc93f3f5a	612956	1019	1600	OPS/pages/page0142.xhtml
UA	UA:s0143	143	image143	OPS/images/08_880719_880264_1_143_001.jpg	73eeced4eb48a0673035f811741e8b5ac821b5b1fdcb9d57a60298ff61e2fb08	698526	1019	1600	OPS/pages/page0143.xhtml
UA	UA:s0144	144	image144	OPS/images/08_880719_880264_1_144_002.jpg	86447f5871378f3a1c50680ea04e9a5ea76a859ec62a0a0a1adf4517180a3128	714284	1019	1600	OPS/pages/page0144.xhtml
UA	UA:s0145	145	image145	OPS/images/08_880719_880264_1_145_001.jpg	eef8e5fd63b348d2f64bfbb4cc6dd4d263b75547cc78a1caf68c44c98bc68e97	660802	1019	1600	OPS/pages/page0145.xhtml
UA	UA:s0146	146	image146	OPS/images/08_880719_880264_1_146_001.jpg	38e9bffc35424207b9a2e493d2797d7eb7d5ce3b16f1116b633c82a3da17829e	659901	1019	1600	OPS/pages/page0146.xhtml
UA	UA:s0147	147	image147	OPS/images/08_880719_880264_1_147_001.jpg	9d3d3bbd47e02fae8bb7fb42b815e327316a3ab0fd6cd50c4c9b365d94dc9231	662709	1019	1600	OPS/pages/page0147.xhtml
UA	UA:s0148	148	image148	OPS/images/08_880719_880264_1_148_001.jpg	d1146d21a4930ecfa822c503b78d867eae31759f00083d2222e561c35b0f4926	622948	1019	1600	OPS/pages/page0148.xhtml
UA	UA:s0149	149	image149	OPS/images/08_880719_880264_1_149_001.jpg	98e353c62fc4d88bd2d93f366d17c0bf97a220eedcfe35d5f3a5eabe617e81dd	691608	1019	1600	OPS/pages/page0149.xhtml
UA	UA:s0150	150	image150	OPS/images/08_880719_880264_1_150_001.jpg	100d6c5f18e9efbcde32db354cfd807dd2a6aaca1a509b5a8048c0beecb2a2da	607117	1019	1600	OPS/pages/page0150.xhtml
UA	UA:s0151	151	image151	OPS/images/08_880719_880264_1_151_001.jpg	eccdb7072d071ca5a21e32cef4ef3d7efe97fea180ccbdad6ee2e9d39c05c845	641558	1019	1600	OPS/pages/page0151.xhtml
UA	UA:s0152	152	image152	OPS/images/08_880719_880264_1_152_002.jpg	5afb32ff880870abd8d3538aab7067ad4e9af59df39a785e77eec84c52b4e331	679361	1019	1600	OPS/pages/page0152.xhtml
UA	UA:s0153	153	image153	OPS/images/08_880719_880264_1_153_002.jpg	77db2adce3f589b514d6a91f311eaa6807ca8ed9fb4ec383b8b10bf3f702a0ce	677492	1019	1600	OPS/pages/page0153.xhtml
UA	UA:s0154	154	image154	OPS/images/08_880719_880264_1_154_001.jpg	cf872826e4b8508bef83952e409283b3119f5c91283581f7d7a6c0451c2006f2	676408	1019	1600	OPS/pages/page0154.xhtml
UA	UA:s0155	155	image155	OPS/images/08_880719_880264_1_155_001.jpg	0c0aef3c33695c1387a635f30110dff6e4e4dc92ff79f370b824dca85059c50b	683008	1019	1600	OPS/pages/page0155.xhtml
UA	UA:s0156	156	image156	OPS/images/08_880719_880264_1_156_001.jpg	7dac0b0cd2fc4c82591e76f2c7524c83586832ce8d1417a4173c2af5a1d432e9	653772	1019	1600	OPS/pages/page0156.xhtml
UA	UA:s0157	157	image157	OPS/images/08_880719_880264_1_157_001.jpg	79802c706c99b6184c91ea5b022742b81605747fec306cf436b0f6289fad5a10	663512	1019	1600	OPS/pages/page0157.xhtml
UA	UA:s0158	158	image158	OPS/images/08_880719_880264_1_158_002.jpg	d84de51b1d91bf529461a85b474bbcc6769ff758f07fcd59dcddddd5c2d79000	644290	1019	1600	OPS/pages/page0158.xhtml
UA	UA:s0159	159	image159	OPS/images/08_880719_880264_1_159_002.jpg	6046311b2c012dae065441bbfc6658361d17d4f0f99a4c1447f7b6129defb2dd	700891	1019	1600	OPS/pages/page0159.xhtml
UA	UA:s0160	160	image160	OPS/images/08_880719_880264_1_160_001.jpg	24bc2f2e4a785ecad1abdb369bc625285ba69079c3fa8b4d763e979f144f3861	538897	1019	1600	OPS/pages/page0160.xhtml
UA	UA:s0161	161	image161	OPS/images/08_880719_880264_1_161_001.jpg	2b38d00516cc282abd4a733cb5d7bf40033a15877fe3e6d39fca9161547a2dce	545110	1019	1600	OPS/pages/page0161.xhtml
UA	UA:s0162	162	image162	OPS/images/08_880719_880264_1_162_001.jpg	efb30e29cbce34b0dec2038b3460063e3737909187af208847e98fb02ed841ce	562136	1019	1600	OPS/pages/page0162.xhtml
UA	UA:s0163	163	image163	OPS/images/08_880719_880264_1_163_001.jpg	34ceaa410832c9f7a9a4378faca47d307670d2b85820784d01c7c7fb5ae06a16	347028	1019	1600	OPS/pages/page0163.xhtml
UA	UA:s0164	164	image164	OPS/images/08_880719_880264_1_164_001.jpg	af5c3718a9fefd0676daa83cf859a0cca86bcbb9dc950e0de84d87ede85c3cef	579217	1019	1600	OPS/pages/page0164.xhtml
UA	UA:s0165	165	image165	OPS/images/08_880719_880264_1_165_001.jpg	43a92c022496d0505ff6254d8c1f6b09afadadfaf575b774ffaedc429b581895	427443	1019	1600	OPS/pages/page0165.xhtml
UA	UA:s0166	166	image166	OPS/images/08_880719_880264_1_166_001.jpg	a63049c07e198943610d2411a03e073962d9cc8f7288de14b870f2747bcf8512	402972	1019	1600	OPS/pages/page0166.xhtml
UA	UA:s0167	167	image167	OPS/images/08_880719_880264_1_167_001.jpg	ffa8422a2490136e007fcb829ecb128c5205d7d7a42a91d89ad1742ba6d9e8d4	368230	1019	1600	OPS/pages/page0167.xhtml
UA	UA:s0168	168	image168	OPS/images/08_880719_880264_1_168_001.jpg	6546d0d38dd273a51f5b93da5a90f30f112866d2f7ff14e980433cd624fdd1d6	510644	1019	1600	OPS/pages/page0168.xhtml
UA	UA:s0169	169	image169	OPS/images/08_880719_880264_1_169_001.jpg	1bbe76560bd4f26d4a09faaac8ee553c25076f9dea9994ad624f44093823bf21	523138	1019	1600	OPS/pages/page0169.xhtml
UA	UA:s0170	170	image170	OPS/images/08_880719_880264_1_170_001.jpg	fcbc7317baba9df85e04218287242a1e4edcd96cac6ebb3c99feb153d21962a8	623666	1019	1600	OPS/pages/page0170.xhtml
UA	UA:s0171	171	image171	OPS/images/08_880719_880264_1_171_001.jpg	19e1ff9e14fe6118d0f76626f4336bdaf6ae94d37190b0700db9937f74a4baeb	556485	1019	1600	OPS/pages/page0171.xhtml
UA	UA:s0172	172	image172	OPS/images/08_880719_880264_1_172_001.jpg	13d2a5f70e6cbdbc5ec3a7893b4172633abbad07778336d172ba2f7370fcf160	512139	1019	1600	OPS/pages/page0172.xhtml
UA	UA:s0173	173	image173	OPS/images/08_880719_880264_1_173_001.jpg	2a9f0943c54dfd94d4ef36c4821e14762c05771556b2b8d46a34aa7d20874e07	508260	1019	1600	OPS/pages/page0173.xhtml
UA	UA:s0174	174	image174	OPS/images/08_880719_880264_1_174_001.jpg	b96bbde12942f5719f1d394bac0f1d0c89d64cca919d20e3439a67b62a355f21	527315	1019	1600	OPS/pages/page0174.xhtml
UA	UA:s0175	175	image175	OPS/images/08_880719_880264_1_175_001.jpg	f6249d62f3498ec50cd209a9d76334d3669e06c8b6819b399576a48fadab0fc7	321444	1019	1600	OPS/pages/page0175.xhtml
UA	UA:s0176	176	image176	OPS/images/08_880719_880264_1_176_001.jpg	ea860c047983c778e9fde29d64dbe1fcc26e256824b2f9755022979da7f1a519	544964	1019	1600	OPS/pages/page0176.xhtml
UA	UA:s0177	177	image177	OPS/images/08_880719_880264_1_177_001.jpg	67275894a76bee300b7a3eeab3ec059407249e637f308e0612d7ff16116062b6	422611	1019	1600	OPS/pages/page0177.xhtml
UA	UA:s0178	178	image178	OPS/images/08_880719_880264_1_178_001.jpg	c69c79837c1c9dece1bfaa54bc4cc8cf9f2d8d6e013eca5698323e3aef011542	477582	1019	1600	OPS/pages/page0178.xhtml
UA	UA:s0179	179	image179	OPS/images/08_880719_880264_1_179_001.jpg	be9ddac2dfba94161c66664fda86379f4490ec303761273506ef80c7b727dddf	481897	1019	1600	OPS/pages/page0179.xhtml
UA	UA:s0180	180	image180	OPS/images/08_880719_880264_1_180_001.jpg	1e656792c69d02dddf9287f2c26e36b88d9780105a3bcd08c70d3f4452fd0838	474889	1019	1600	OPS/pages/page0180.xhtml
UA	UA:s0181	181	image181	OPS/images/08_880719_880264_1_181_001.jpg	2d7cda6b246dbf4bf2924af4c9869a242c88e15a68331bdbbcad9a1758ffe03b	486130	1019	1600	OPS/pages/page0181.xhtml
UA	UA:s0182	182	image182	OPS/images/08_880719_880264_1_182_001.jpg	2c356243e50b5216c576a1710909204a218c7b54748c3fbceec549306804af2a	508428	1019	1600	OPS/pages/page0182.xhtml
UA	UA:s0183	183	image183	OPS/images/08_880719_880264_1_183_001.jpg	6c793ff61dc39550ce82608ab8a656d38cf1b5ab2ad630c46082715721dfdd2f	500112	1019	1600	OPS/pages/page0183.xhtml
UA	UA:s0184	184	image184	OPS/images/08_880719_880264_1_184_001.jpg	7a5cea4cfdea647e2aaba30c6558feb1b115eb287903c88fbdf14ea52f485370	404500	1019	1600	OPS/pages/page0184.xhtml
UA	UA:s0185	185	image185	OPS/images/08_880719_880264_1_185_001.jpg	3ba13a845c6769a18362df93c95e13650199407da2e942784ce3f98deae4e25a	577870	1019	1600	OPS/pages/page0185.xhtml
UA	UA:s0186	186	image186	OPS/images/08_880719_880264_1_186_001.jpg	b1784461b291bfc18df4f973429c29f661e93dc25329aaf5691df3c7447ca7af	547512	1019	1600	OPS/pages/page0186.xhtml
UA	UA:s0187	187	image187	OPS/images/08_880719_880264_1_187_001.jpg	a511934aad26f6dfef0bb21c43912704c6599303ede414f67ef76ba0990f8eb6	367837	1019	1600	OPS/pages/page0187.xhtml
UA	UA:s0188	188	image188	OPS/images/08_880719_880264_1_188_001.jpg	81b0dbac65cb0fa1ca576704d82c59cb4f58d7fa3fc8964dbf2e4bd95c362495	527570	1019	1600	OPS/pages/page0188.xhtml
UA	UA:s0189	189	image189	OPS/images/08_880719_880264_1_189_001.jpg	b92379b6200ec849b1f106a2a1b4e102cf6495728fef38f6e88c8b6793c3096c	415671	1019	1600	OPS/pages/page0189.xhtml
UA	UA:s0190	190	image190	OPS/images/08_880719_880264_1_190_001.jpg	843a723b8a606f3c05d3b9f63f65236384a0e08b8d15af127a35b56d797cac09	584766	1019	1600	OPS/pages/page0190.xhtml
UA	UA:s0191	191	image191	OPS/images/08_880719_880264_1_191_002.jpg	eaba5510dbb2840d0283830f7ca4c74fe33bff7698673f06c3b565911a1a82b3	550372	1019	1600	OPS/pages/page0191.xhtml
UA	UA:s0192	192	image192	OPS/images/08_880719_880264_1_192_001.jpg	1afa10b264d80fd3f4d64dfb72977e85ff11084006e9b65abd9d239d55b0bcd8	555188	1019	1600	OPS/pages/page0192.xhtml
UA	UA:s0193	193	image193	OPS/images/08_880719_880264_1_193_001.jpg	30cc7476062aeceb5577fc396b15e514807bf501f281f4a6419c551e77f405de	486637	1019	1600	OPS/pages/page0193.xhtml
UA	UA:s0194	194	image194	OPS/images/08_880719_880264_1_194_001.jpg	3a1c5b825afe2e718e5b15f426e0b322a7b98b77442b6fd4adff980682488fe4	490092	1019	1600	OPS/pages/page0194.xhtml
UA	UA:s0195	195	image195	OPS/images/08_880719_880264_1_195_001.jpg	d632f93b1890db9b77bc001837bc4436e436fb67064e607ef777218a99d38a61	452668	1019	1600	OPS/pages/page0195.xhtml
UA	UA:s0196	196	image196	OPS/images/08_880719_880264_1_196_001.jpg	b28bb40d87a9a0543cb089a658c2329b910a3a9501221d716eea8b206cc96295	531280	1019	1600	OPS/pages/page0196.xhtml
UA	UA:s0197	197	image197	OPS/images/08_880719_880264_1_197_001.jpg	4c0af80294bdc98e7b216d728aa4f42043dfe6273854f6be157cbedbc256c263	464751	1019	1600	OPS/pages/page0197.xhtml
UA	UA:s0198	198	image198	OPS/images/08_880719_880264_1_198_001.jpg	74ab2896b8b65822e1a241cd8270b1588ea8d3310154528cbd82623e29ad09f4	466916	1019	1600	OPS/pages/page0198.xhtml
UA	UA:s0199	199	image199	OPS/images/08_880719_880264_1_199_001.jpg	0d01328165f6c592a5201774f3fddf050a8231b22d4224325c7afca9986ec7be	513302	1019	1600	OPS/pages/page0199.xhtml
UA	UA:s0200	200	image200	OPS/images/08_880719_880264_1_200_001.jpg	db03ea00e0d9491b52e05074027a6c690ca1ac965b30d02e2af31dd4d6853b9b	478273	1019	1600	OPS/pages/page0200.xhtml
UA	UA:s0201	201	image201	OPS/images/08_880719_880264_1_201_001.jpg	4e798d300ae97a8e71c912f48b3f7c2214252dd2cd096a25307da6250b439aa2	503114	1019	1600	OPS/pages/page0201.xhtml
UA	UA:s0202	202	image202	OPS/images/08_880719_880264_1_202_001.jpg	9fa7c3dd788207fa9d49edbc1a71e1b9c8922853d1ad0b078ce258d84319bb5a	516526	1019	1600	OPS/pages/page0202.xhtml
UA	UA:s0203	203	image203	OPS/images/08_880719_880264_1_203_001.jpg	f6325d581b7a86921a66f8ab060e63c8ef661058f949f58a4e0e519f5573e3f2	538144	1019	1600	OPS/pages/page0203.xhtml
UA	UA:s0204	204	image204	OPS/images/08_880719_880264_1_204_001.jpg	800c1bb3001549e12589729dff6b940ba23ae3a9d6b5ca3f734caffab37750d1	623358	1019	1600	OPS/pages/page0204.xhtml
UA	UA:s0205	205	image205	OPS/images/08_880719_880264_1_205_001.jpg	72efcb03723044362d68fe670c37062eb234e5207359436d25a4cfcee786f626	587886	1019	1600	OPS/pages/page0205.xhtml
UA	UA:s0206	206	image206	OPS/images/08_880719_880264_1_206_001.jpg	5b0e76721b989c2be292027baf46074f709e4dcd7dfb33c98f0cd69baa551f67	556860	1019	1600	OPS/pages/page0206.xhtml
UA	UA:s0207	207	image207	OPS/images/08_880719_880264_1_207_001.jpg	15f3a0b3074f8d021ef085242c8662b94cfa71f2fb76404126d011ee11d47cd9	551955	1019	1600	OPS/pages/page0207.xhtml
UA	UA:s0208	208	image208	OPS/images/08_880719_880264_1_208_001.jpg	920a16ef6b25aae21ead101590b72620a64e3bc9f3750dd624870c13224be890	394577	1019	1600	OPS/pages/page0208.xhtml
UA	UA:s0209	209	image209	OPS/images/08_880719_880264_1_209_001.jpg	e39bbf2d1ee67dc2d11d5cd9fbbbba658f70bb2ce66f00614adbb7bb2c21f0ab	258475	1019	1600	OPS/pages/page0209.xhtml
UA	UA:s0210	210	image210	OPS/images/08_880719_880264_3_210_001.jpg	1f6f81b84f16e051325d1416105ad1b20815b26242bdbc141c2cc3f35333cafd	495253	1019	1600	OPS/pages/page0210.xhtml
UA	UA:s0211	211	image211	OPS/images/08_880719_880264_3_211_001.jpg	d57421609de49e58e2ddea880c3e0c47654ad63757f9990d4293bc3b9797ea08	906641	1019	1600	OPS/pages/page0211.xhtml
UA	UA:s0212	212	image212	OPS/images/08_880719_880264_1_212_001.jpg	efc3db9aafc11167e697e912379c7422789beaad5e504878b98f59a49295b2a5	311454	1019	1600	OPS/pages/page0212.xhtml
UA	UA:s0213	213	image213	OPS/images/08880719880264315501_copyright.jpg	0188c4081d89eb87370ea89467b83a0113fbcba214dae59825d523b0fd12f8b5	136096	1019	1600	OPS/pages/page0213.xhtml
UA	UA:s0214	214	image214	OPS/images/08_880719_880264_3_ill_01_001.jpg	aff79eb21991919bfb730acc0a4151d9f2f81abeda2ee4b1c5b33a87bf59869c	232369	1019	1600	OPS/pages/page0214.xhtml
UA	UA:s0215	215	image215	OPS/images/08_880719_880264_3_ill_02_001.jpg	cdadb73fd12c48a3222014ee46d1313c3a7d6bb08d718d63a46f5ab128bd05ca	365308	1019	1600	OPS/pages/page0215.xhtml
UA	UA:s0216	216	image216	OPS/images/08_880719_880264_3_ill_03_001.jpg	4f75bd4f7ffc3031f2b42fb7ae0e266aac66970c854331d8a7fe242b6ad31730	565358	1019	1600	OPS/pages/page0216.xhtml
UA	UA:s0217	217	image217	OPS/images/08_880719_880264_3_ill_04_001.jpg	11ec7220719dd7bd6f0e96131947a93f943236bb6bd6130d007df8b557a901ba	559168	1019	1600	OPS/pages/page0217.xhtml
UAN	UAN:s0001	1	image001	OPS/images/08882128880264315501_cover.jpg	0e23b5ed40dd824f88151735edc268e6f3abe1b308f90986c0d92b374f50138f	1226049	1019	1600	OPS/pages/page0001.xhtml
UAN	UAN:s0002	2	image002	OPS/images/08_882128_880264_1_dorigin_01_001.jpg	831a447091d3cf86d46bbc6435572ea14f15a826e72a066012c8acfcd550b22a	32573	1019	1600	OPS/pages/page0002.xhtml
UAN	UAN:s0003	3	image003	OPS/images/08_882128_880264_1_003_001.jpg	97f0ac0684015f8b72f0d7e0d4aac4ad97903d0f26c1ebe9bb605519f3ddc594	1140517	1019	1600	OPS/pages/page0003.xhtml
UAN	UAN:s0004	4	image004	OPS/images/08_882128_880264_1_004_001.jpg	2219bb310ce9a4f2fd8c474779239de1cc7cbd291cc191dd68272acbaf97afde	1121220	1019	1600	OPS/pages/page0004.xhtml
UAN	UAN:s0005	5	image005	OPS/images/08_882128_880264_1_005_001.jpg	f47293e7972afb849a66d2a23866bf587a0d6cd69ec5446c507d55c925573b7a	1152277	1019	1600	OPS/pages/page0005.xhtml
UAN	UAN:s0006	6	image006	OPS/images/08_882128_880264_1_006_001.jpg	c3214bd290ece2fbbc24739b3580bf9da3dab5930746a9153982053c61b9f0d8	556787	1019	1600	OPS/pages/page0006.xhtml
UAN	UAN:s0007	7	image007	OPS/images/08_882128_880264_1_007_001.jpg	f094bb7cb4938866a4d345fdb98cada1487f64dbad02b39fb23e4b2614d94cf1	529269	1019	1600	OPS/pages/page0007.xhtml
UAN	UAN:s0008	8	image008	OPS/images/08_882128_880264_1_008_001.jpg	eb5559b6ecc056bd84ab5f4704caa17bf42971fe993f4917693a88a14624160c	898636	1019	1600	OPS/pages/page0008.xhtml
UAN	UAN:s0009	9	image009	OPS/images/08_882128_880264_1_009_001.jpg	727e4550cd3a4c82bf3210c593c86828a9b063142f434cb8f9501c1ae0025694	500191	1019	1600	OPS/pages/page0009.xhtml
UAN	UAN:s0010	10	image010	OPS/images/08_882128_880264_1_010_001.jpg	0744ce0721a785e7914d69504a1071530493f3fc07e6afe0baaea88ea2550272	297440	1019	1600	OPS/pages/page0010.xhtml
UAN	UAN:s0011	11	image011	OPS/images/08_882128_880264_1_011_001.jpg	6e0486f6cb24396e59bc0dab03a4c07344df8a2671205d8c18ce10402eaa271c	356408	1019	1600	OPS/pages/page0011.xhtml
UAN	UAN:s0012	12	image012	OPS/images/08_882128_880264_1_012_001.jpg	394611541a6a3d66b2d23db6d4da431abd912cda6c80eb9c4bff376ed131005f	575356	1019	1600	OPS/pages/page0012.xhtml
UAN	UAN:s0013	13	image013	OPS/images/08_882128_880264_1_013_001.jpg	5e0c06022ecd3d0f0ec865d6b1e40d352ff0ee7b4c2dbec1d56973abf8f0484b	470449	1019	1600	OPS/pages/page0013.xhtml
UAN	UAN:s0014	14	image014	OPS/images/08_882128_880264_1_014_001.jpg	a409ab10ddf8dfb634d6c054774d1d7af180568b0d9ee8b8614d50982fe6b8ae	611145	1019	1600	OPS/pages/page0014.xhtml
UAN	UAN:s0015	15	image015	OPS/images/08_882128_880264_1_015_001.jpg	f26d456367f5a74bb764674a64e4272a38a70d7a7a4934945fed220bd59135be	495094	1019	1600	OPS/pages/page0015.xhtml
UAN	UAN:s0016	16	image016	OPS/images/08_882128_880264_1_016_001.jpg	d76d7f3692842a4f2889dd7ca8fe55be868b35ace6b5b4ba1ec3a30d63f4f33b	562771	1019	1600	OPS/pages/page0016.xhtml
UAN	UAN:s0017	17	image017	OPS/images/08_882128_880264_1_017_001.jpg	acfc582491bf78b27e44297977099563e49a8705d3b924efbd238cb59456e9e3	711611	1019	1600	OPS/pages/page0017.xhtml
UAN	UAN:s0018	18	image018	OPS/images/08_882128_880264_1_018_001.jpg	c90820985bb9de2ee0fa1bb76cf5a27ea37628cf049f14a2cbee4fcae8e28230	975074	1019	1600	OPS/pages/page0018.xhtml
UAN	UAN:s0019	19	image019	OPS/images/08_882128_880264_1_019_001.jpg	851144b260121d40d95ba1b7dff8e8afd9392ae3c95b0f9da605c861f0f7d268	383093	1019	1600	OPS/pages/page0019.xhtml
UAN	UAN:s0020	20	image020	OPS/images/08_882128_880264_1_020_001.jpg	a3c1943777056da4e5f2edb671d2b0da57f51701745a470d215d3c4319721861	348775	1019	1600	OPS/pages/page0020.xhtml
UAN	UAN:s0021	21	image021	OPS/images/08_882128_880264_1_021_001.jpg	94a189c0a190de3769c3dea29f6169bc2a008c23f7191558bc60b30647bd0d45	181715	1019	1600	OPS/pages/page0021.xhtml
UAN	UAN:s0022	22	image022	OPS/images/08_882128_880264_1_022_001.jpg	17970802e7cf06af9633b5cd2a953a2f87c8280da128ff634e794d6634d4d01e	487588	1019	1600	OPS/pages/page0022.xhtml
UAN	UAN:s0023	23	image023	OPS/images/08_882128_880264_1_023_001.jpg	207251f2f0baecc8a2f589f50065ae796bd466026cfa5a5962fa025ff2558662	531993	1019	1600	OPS/pages/page0023.xhtml
UAN	UAN:s0024	24	image024	OPS/images/08_882128_880264_1_024_001.jpg	c55c1d628831ba0707ebe4edf51b72132d38ae2045da651238e497c77ec13003	500585	1019	1600	OPS/pages/page0024.xhtml
UAN	UAN:s0025	25	image025	OPS/images/08_882128_880264_1_025_001.jpg	8fb16f4fd1bd6316c098d6abd342b23901c3b89c53c2c60e83ad18bf203ab49e	511256	1019	1600	OPS/pages/page0025.xhtml
UAN	UAN:s0026	26	image026	OPS/images/08_882128_880264_1_026_001.jpg	3629153c56c1e1edf22b77287b4fff489fb1d4fd8114dbc1c83ae2770874678f	519543	1019	1600	OPS/pages/page0026.xhtml
UAN	UAN:s0027	27	image027	OPS/images/08_882128_880264_1_027_001.jpg	ef0adc2ec4bb99f70ed5818b64f84932c37dba36a46f86b5a885dab2ca967bd1	517154	1019	1600	OPS/pages/page0027.xhtml
UAN	UAN:s0028	28	image028	OPS/images/08_882128_880264_1_028_001.jpg	17f9a5f11f3cf31b88d0c454fcf738f07b5136187c2c9d5dd568e8d3543a2a75	533741	1019	1600	OPS/pages/page0028.xhtml
UAN	UAN:s0029	29	image029	OPS/images/08_882128_880264_1_029_001.jpg	5665182a1e1200230ba06358951baa667f2319cc4c29bbcc49c2d9de967ef8be	470500	1019	1600	OPS/pages/page0029.xhtml
UAN	UAN:s0030	30	image030	OPS/images/08_882128_880264_1_030_001.jpg	c02b76e2e677f6c62a82e830917ec87e23d2e3c95465448b9c68bb53b5910ade	493566	1019	1600	OPS/pages/page0030.xhtml
UAN	UAN:s0031	31	image031	OPS/images/08_882128_880264_1_031_001.jpg	2c4d3d54bdb44853a1fb86282aaa43252198bfabf8050599200d52db1cb3b712	498331	1019	1600	OPS/pages/page0031.xhtml
UAN	UAN:s0032	32	image032	OPS/images/08_882128_880264_1_032_001.jpg	0708c5c7cad0f804990e176fac2de8c482914fbfeef54026a21d4afd47956c93	511907	1019	1600	OPS/pages/page0032.xhtml
UAN	UAN:s0033	33	image033	OPS/images/08_882128_880264_1_033_001.jpg	65a983e62f30678977643d386bee06e23a3353d7eab51354153d83bc4f69a1fd	477017	1019	1600	OPS/pages/page0033.xhtml
UAN	UAN:s0034	34	image034	OPS/images/08_882128_880264_1_034_001.jpg	0f7a98c3dc31e28aae76d0e72e2328d4a704fd7b3177ceecfa362f8c8ef6c315	604210	1019	1600	OPS/pages/page0034.xhtml
UAN	UAN:s0035	35	image035	OPS/images/08_882128_880264_1_035_001.jpg	e3c9137aecdfbbddb8fb7643d14e39295fb80ef496ff75172f89a27a5bc38353	545449	1019	1600	OPS/pages/page0035.xhtml
UAN	UAN:s0036	36	image036	OPS/images/08_882128_880264_1_036_001.jpg	ef3f85c271dc90b1b6aa2701160fabadb11e57fa89063951f54d18236f0f94dc	526222	1019	1600	OPS/pages/page0036.xhtml
UAN	UAN:s0037	37	image037	OPS/images/08_882128_880264_1_037_001.jpg	cd5821e9d495c6a2b777e61ba8786b917833b66353a52badfc5083f7fbeb4cc5	503500	1019	1600	OPS/pages/page0037.xhtml
UAN	UAN:s0038	38	image038	OPS/images/08_882128_880264_1_038_001.jpg	cf2046e96a06d92cf1dbbeffdb7d761723b463560f46f9ac60ac31f31374f471	589304	1019	1600	OPS/pages/page0038.xhtml
UAN	UAN:s0039	39	image039	OPS/images/08_882128_880264_1_039_001.jpg	6a71177fdf285d9afa4dd4ed15ae9d41ebc5126dd92f1621bca6a920d815b71c	514103	1019	1600	OPS/pages/page0039.xhtml
UAN	UAN:s0040	40	image040	OPS/images/08_882128_880264_1_040_001.jpg	e8c054be9e582bd574745c79186fed945975dde2a1413f15ee328c6746ff06ce	403627	1019	1600	OPS/pages/page0040.xhtml
UAN	UAN:s0041	41	image041	OPS/images/08_882128_880264_1_041_001.jpg	85c2aff8a2354fd3cfcf869bc7f06ad005388f0222390e07aa909610dee3828b	467875	1019	1600	OPS/pages/page0041.xhtml
UAN	UAN:s0042	42	image042	OPS/images/08_882128_880264_1_042_001.jpg	9aefa32dd36c08a2fd8b69675cae43f8bf00b028c16cac74e63413feccbd908f	450329	1019	1600	OPS/pages/page0042.xhtml
UAN	UAN:s0043	43	image043	OPS/images/08_882128_880264_1_043_001.jpg	eb3166234b21a0f704d28eaf3dc8c28abe263a08913ff2dc2583c2783a569149	516403	1019	1600	OPS/pages/page0043.xhtml
UAN	UAN:s0044	44	image044	OPS/images/08_882128_880264_1_044_001.jpg	ef04d7f2bb3b25d5187953fa51c7d0bddcca0555c4ea314cb1b006c81c50c5d3	483703	1019	1600	OPS/pages/page0044.xhtml
UAN	UAN:s0045	45	image045	OPS/images/08_882128_880264_1_045_001.jpg	6345a09d41dac1e189ce042a2c4dcac541a721f443bb28837b12fb2aeb5d3857	522484	1019	1600	OPS/pages/page0045.xhtml
UAN	UAN:s0046	46	image046	OPS/images/08_882128_880264_1_046_001.jpg	ca7d42ae7234272ab619dbba99c53521a772abb3ec1655952ae5bc9ac5f75bdb	430708	1019	1600	OPS/pages/page0046.xhtml
UAN	UAN:s0047	47	image047	OPS/images/08_882128_880264_1_047_001.jpg	ca5e9c5e5731456f9958803f1be10881785d55cdfab5fd38c2c96e1ae2fef6d5	487721	1019	1600	OPS/pages/page0047.xhtml
UAN	UAN:s0048	48	image048	OPS/images/08_882128_880264_1_048_001.jpg	f926314a5bf83650fb03545ade6d4c827756ce7ebc2e208280a4b822a6eb9a97	525451	1019	1600	OPS/pages/page0048.xhtml
UAN	UAN:s0049	49	image049	OPS/images/08_882128_880264_1_049_001.jpg	c96952007f70cdd0f5fb71119b48dbcf06a2e84fba6943cec609047cfe6317bc	510981	1019	1600	OPS/pages/page0049.xhtml
UAN	UAN:s0050	50	image050	OPS/images/08_882128_880264_1_050_001.jpg	d968ed05a98df5241fab75e2f7f8366c367e5fa674893ba0e39c33d3bf1be95e	495029	1019	1600	OPS/pages/page0050.xhtml
UAN	UAN:s0051	51	image051	OPS/images/08_882128_880264_1_051_001.jpg	1fdf7df8915c5623d379be82588e1c9f991199339688f97483b9b995c3471c08	510761	1019	1600	OPS/pages/page0051.xhtml
UAN	UAN:s0052	52	image052	OPS/images/08_882128_880264_1_052_001.jpg	82ce8ba1b6bb3c97c3ac3582c996bcf3bfa32fa7292041cba916dde4d80dad76	494353	1019	1600	OPS/pages/page0052.xhtml
UAN	UAN:s0053	53	image053	OPS/images/08_882128_880264_1_053_001.jpg	37a228140fbb9c370e26d533d3be0b9498a26df1559ea02b08ba00689dff0ca2	491572	1019	1600	OPS/pages/page0053.xhtml
UAN	UAN:s0054	54	image054	OPS/images/08_882128_880264_1_054_001.jpg	8a84e85986aea2aa52c4655fbbe8dfa9c41f7096e44503c0a7c6c9e32da99cb5	420422	1019	1600	OPS/pages/page0054.xhtml
UAN	UAN:s0055	55	image055	OPS/images/08_882128_880264_1_055_001.jpg	6e16a1961946c497c0ac366e94e2a0b78f9eaa0aaf3dec58acf2377b6958034f	503851	1019	1600	OPS/pages/page0055.xhtml
UAN	UAN:s0056	56	image056	OPS/images/08_882128_880264_1_056_001.jpg	c09378ce8871e0c178480be6575e488af9cc87c50ab0a39b48078f20d8ea4488	369768	1019	1600	OPS/pages/page0056.xhtml
UAN	UAN:s0057	57	image057	OPS/images/08_882128_880264_1_057_001.jpg	ff2c40049dbb2838055cf8650ef1ab86dd9d9ac08423f08138ecefba9ba1b6ff	474481	1019	1600	OPS/pages/page0057.xhtml
UAN	UAN:s0058	58	image058	OPS/images/08_882128_880264_1_058_001.jpg	3d7574a9f95d96962fbd5f56a19e0c0edd43e91fc428b4502561d71209e726b5	388030	1019	1600	OPS/pages/page0058.xhtml
UAN	UAN:s0059	59	image059	OPS/images/08_882128_880264_1_059_001.jpg	4079be0cc3746964eac2dca77d867c75edd812e50cf81381e875575fbb7e2cc8	488475	1019	1600	OPS/pages/page0059.xhtml
UAN	UAN:s0060	60	image060	OPS/images/08_882128_880264_1_060_001.jpg	b64d8518e68952999143f021d47c6221a655214c9d564e792baf89b6ba92879d	421449	1019	1600	OPS/pages/page0060.xhtml
UAN	UAN:s0061	61	image061	OPS/images/08_882128_880264_1_061_001.jpg	006c920927b6ee29a4c0b7f535592184fe8a5eb166cab4d0fc38a40cd38c5e78	470267	1019	1600	OPS/pages/page0061.xhtml
UAN	UAN:s0062	62	image062	OPS/images/08_882128_880264_1_062_001.jpg	6d7d223abfc43da0aa61fa8c598e875091a362a2a3fd8d49f0de60967bb37553	531885	1019	1600	OPS/pages/page0062.xhtml
UAN	UAN:s0063	63	image063	OPS/images/08_882128_880264_1_063_001.jpg	42e6863cba683e33addb5619c679556ef9a0ca0ae70aafdee7888639ce4a4ee3	179977	1019	1600	OPS/pages/page0063.xhtml
UAN	UAN:s0064	64	image064	OPS/images/08_882128_880264_1_064_001.jpg	c849451451b5ab98789d4e9fa5f2a2518dcd8672fef645cf06050292ace86bad	513941	1019	1600	OPS/pages/page0064.xhtml
UAN	UAN:s0065	65	image065	OPS/images/08_882128_880264_1_065_001.jpg	aa56cba04d3f69cb7a8fe94db1905c606da0555b7b7e6d02e5c6a4fe27be82b0	523414	1019	1600	OPS/pages/page0065.xhtml
UAN	UAN:s0066	66	image066	OPS/images/08_882128_880264_1_066_001.jpg	7d7a7e751bc2c47b45cc518f4971b7a3189eadd2df43a875b43c4611923128c7	488827	1019	1600	OPS/pages/page0066.xhtml
UAN	UAN:s0067	67	image067	OPS/images/08_882128_880264_1_067_001.jpg	b70642861b5e1e0defb9403e81f1601250834dd30429267d86d9506fc106e6a8	489058	1019	1600	OPS/pages/page0067.xhtml
UAN	UAN:s0068	68	image068	OPS/images/08_882128_880264_1_068_001.jpg	c12752776b1a6572018ab7a95d3caed15ff957df65da48668257b65ff9c4620f	507935	1019	1600	OPS/pages/page0068.xhtml
UAN	UAN:s0069	69	image069	OPS/images/08_882128_880264_1_069_001.jpg	0e0c88f9736c1ede551c8dfc1d8bc6bad9abf6f73b5cbb11861f2ff3957d8039	500715	1019	1600	OPS/pages/page0069.xhtml
UAN	UAN:s0070	70	image070	OPS/images/08_882128_880264_1_070_001.jpg	9ab369ac1738fea7bad0c277d0121b7508bea03f76d9586c7f95b022b89a7155	631105	1019	1600	OPS/pages/page0070.xhtml
UAN	UAN:s0071	71	image071	OPS/images/08_882128_880264_1_071_001.jpg	849199cec7e848c8586a4e26fd67c85b2231361386b5b331d3731ca8cb04c945	578697	1019	1600	OPS/pages/page0071.xhtml
UAN	UAN:s0072	72	image072	OPS/images/08_882128_880264_1_072_001.jpg	a8c27926ba30eba89469b7ac2140e596a5fe7940b7c62c87bfa060a92911fcb1	442538	1019	1600	OPS/pages/page0072.xhtml
UAN	UAN:s0073	73	image073	OPS/images/08_882128_880264_1_073_001.jpg	15d5fceb2aec7cf74a2ed3622930dceab8d0700aaca330f65b44f67642b5ee4c	474897	1019	1600	OPS/pages/page0073.xhtml
UAN	UAN:s0074	74	image074	OPS/images/08_882128_880264_1_074_001.jpg	36590fedef662c5b899c7263d5d2425d25bb764a141a4d7cc2b9f851f89f6ea4	449569	1019	1600	OPS/pages/page0074.xhtml
UAN	UAN:s0075	75	image075	OPS/images/08_882128_880264_1_075_001.jpg	92f58eb34e724bcef02b388504b7d8e45fee04687d37a0521138aeebc8902bfc	487338	1019	1600	OPS/pages/page0075.xhtml
UAN	UAN:s0076	76	image076	OPS/images/08_882128_880264_1_076_001.jpg	18664908dbf6f743508581dd6e624ec14acb0f5cac6019537c6a228fa3f91b49	481702	1019	1600	OPS/pages/page0076.xhtml
UAN	UAN:s0077	77	image077	OPS/images/08_882128_880264_1_077_001.jpg	e148f73ef6e34b06c11fdab163eccf0f04efe87a10f9328e75702d8714c04951	524978	1019	1600	OPS/pages/page0077.xhtml
UAN	UAN:s0078	78	image078	OPS/images/08_882128_880264_1_078_001.jpg	46d37a4c84de61a49b071415fdedc72ecfea9c02616c96bd79325f1ae08f7a3b	541564	1019	1600	OPS/pages/page0078.xhtml
UAN	UAN:s0079	79	image079	OPS/images/08_882128_880264_1_079_001.jpg	cdbb4b623e29df6b64211ed2aaa42933dc19dbc7b2ee348fbfdaa56d6c8c3326	452945	1019	1600	OPS/pages/page0079.xhtml
UAN	UAN:s0080	80	image080	OPS/images/08_882128_880264_1_080_001.jpg	f86507255e3b5ecbfa085e3a13d007f78ea7ed2e25f3e7f4a8b5c3ebc3143b9a	522975	1019	1600	OPS/pages/page0080.xhtml
UAN	UAN:s0081	81	image081	OPS/images/08_882128_880264_1_081_001.jpg	98fa3c4fa01b82a489ee02f3cd6ba6ee945aa6dd2c11839cc0af80cca1bbdbc5	499174	1019	1600	OPS/pages/page0081.xhtml
UAN	UAN:s0082	82	image082	OPS/images/08_882128_880264_1_082_001.jpg	a5f036d0e5c06ca78e6a80ccc4cf7510bc20f2f9e0c8f9447ef96f864ba28bbd	380074	1019	1600	OPS/pages/page0082.xhtml
UAN	UAN:s0083	83	image083	OPS/images/08_882128_880264_1_083_001.jpg	0432f65da3a6a22113c93a27e0ba4284f72cee496350ad619ff553a883e2b9e9	456028	1019	1600	OPS/pages/page0083.xhtml
UAN	UAN:s0084	84	image084	OPS/images/08_882128_880264_1_084_001.jpg	602eacc5e18745463ff9648e208043abe663d75b69697442af1a8087c2a0ce1d	443792	1019	1600	OPS/pages/page0084.xhtml
UAN	UAN:s0085	85	image085	OPS/images/08_882128_880264_1_085_001.jpg	9bb3be1fa1298055f78a277a4208a2c7d6425aa3866b24472f02aa1b6b25da9b	489806	1019	1600	OPS/pages/page0085.xhtml
UAN	UAN:s0086	86	image086	OPS/images/08_882128_880264_1_086_001.jpg	4fd094d007f91f526e327ba5c299b98fe9d5db090988341011f896a5a6a17d59	467149	1019	1600	OPS/pages/page0086.xhtml
UAN	UAN:s0087	87	image087	OPS/images/08_882128_880264_1_087_001.jpg	1e0073da3b71f656693f621bae3da13fe645484c8db10192895d86f91344b939	488741	1019	1600	OPS/pages/page0087.xhtml
UAN	UAN:s0088	88	image088	OPS/images/08_882128_880264_1_088_001.jpg	55eea322467eaaba3afa9d0c40b4cc21d524ad48f09c03ec01e49c21951581f5	406729	1019	1600	OPS/pages/page0088.xhtml
UAN	UAN:s0089	89	image089	OPS/images/08_882128_880264_1_089_001.jpg	ebeee1aded997ec4f2fab60b55a48c88e6456772c02c6ddf9861d381a8753efc	467349	1019	1600	OPS/pages/page0089.xhtml
UAN	UAN:s0090	90	image090	OPS/images/08_882128_880264_1_090_001.jpg	f656f5a8be325838ae9686dfd1c8acf6f1039edc17f52eeaf6f4a96125543a87	475708	1019	1600	OPS/pages/page0090.xhtml
UAN	UAN:s0091	91	image091	OPS/images/08_882128_880264_1_091_001.jpg	8694ad164b77cae4a5b75cb150382b49f1c03b8d12b998a5e1e9b94c4f1e5494	520035	1019	1600	OPS/pages/page0091.xhtml
UAN	UAN:s0092	92	image092	OPS/images/08_882128_880264_1_092_001.jpg	14dd995bac31a32819d75cee6957d65c295cd2621c0d6eb0b88385e9669f3fd2	425944	1019	1600	OPS/pages/page0092.xhtml
UAN	UAN:s0093	93	image093	OPS/images/08_882128_880264_1_093_001.jpg	2c00963895537f3815f7f92ac5b16af78930af5631fd05a4309f7f57052cc113	494909	1019	1600	OPS/pages/page0093.xhtml
UAN	UAN:s0094	94	image094	OPS/images/08_882128_880264_1_094_001.jpg	a12fb410880dc3beac1b2eae711cc1b99e079c3984ecfd1386e21be4d0ea4cbf	560881	1019	1600	OPS/pages/page0094.xhtml
UAN	UAN:s0095	95	image095	OPS/images/08_882128_880264_1_095_001.jpg	8e6020f7b67203ba562ba1aeaeb1e68a727d6fcc7212cd4eb741a3e730b63d3e	536968	1019	1600	OPS/pages/page0095.xhtml
UAN	UAN:s0096	96	image096	OPS/images/08_882128_880264_1_096_001.jpg	3b62fb6cf2e6e227765fc6b61cb7c61d5bdcf770914b386915c3a07244374dbf	405354	1019	1600	OPS/pages/page0096.xhtml
UAN	UAN:s0097	97	image097	OPS/images/08_882128_880264_1_097_001.jpg	8da2f5214fffe27c94188ee4cbfdc292c743e5777ed19f24b4376d54ad9a27f2	468978	1019	1600	OPS/pages/page0097.xhtml
UAN	UAN:s0098	98	image098	OPS/images/08_882128_880264_1_098_001.jpg	52779825cc28fe5eb06be8c45f295637f44f944bcb0875ce87530930cef67498	397691	1019	1600	OPS/pages/page0098.xhtml
UAN	UAN:s0099	99	image099	OPS/images/08_882128_880264_1_099_001.jpg	f6ac650f09c0c5b8ba5ae51f41d4642ae2ec6a8c791991e1b3bceddbfe1d7686	473399	1019	1600	OPS/pages/page0099.xhtml
UAN	UAN:s0100	100	image100	OPS/images/08_882128_880264_1_100_001.jpg	9eca23c875231865bbbd7108e84a0ff3d2b9415609b358ccbea8b8f0c34961db	416949	1019	1600	OPS/pages/page0100.xhtml
UAN	UAN:s0101	101	image101	OPS/images/08_882128_880264_1_101_001.jpg	1fa5f64d802c47f12666751c8d646332e62c7a57cc274a3d79adf1426dbc4e71	477443	1019	1600	OPS/pages/page0101.xhtml
UAN	UAN:s0102	102	image102	OPS/images/08_882128_880264_1_102_001.jpg	4cc23a46a234210ac4cbfb3a26c3e942f9512d1a293de1907443fa3373d03410	424753	1019	1600	OPS/pages/page0102.xhtml
UAN	UAN:s0103	103	image103	OPS/images/08_882128_880264_1_103_001.jpg	2208e96a259d2fe7e51849b72ad4116fa08749dad4144919cd7bde3e734871dc	493430	1019	1600	OPS/pages/page0103.xhtml
UAN	UAN:s0104	104	image104	OPS/images/08_882128_880264_1_104_001.jpg	a36367af72f59410759caf28b0d4705153a17425f0e05e3ca7420e6873852500	619229	1019	1600	OPS/pages/page0104.xhtml
UAN	UAN:s0105	105	image105	OPS/images/08_882128_880264_1_105_001.jpg	a87ede7f4beac9dcda460a4b2717bc1d886bf8bf54dd0537e556f78dfb8a9ce8	185176	1019	1600	OPS/pages/page0105.xhtml
UAN	UAN:s0106	106	image106	OPS/images/08_882128_880264_1_106_001.jpg	6458fecf5938c5a8cabea65de7b42199b6ef97dfd65114e67e70add206c6bd51	562074	1019	1600	OPS/pages/page0106.xhtml
UAN	UAN:s0107	107	image107	OPS/images/08_882128_880264_1_107_001.jpg	43ac577a61e183f285012142dbf8d80cee78fd81e994a8a61cac0ad86f6a1359	605388	1019	1600	OPS/pages/page0107.xhtml
UAN	UAN:s0108	108	image108	OPS/images/08_882128_880264_1_108_001.jpg	2be73b13a377cefb455d157399f8580bc1208008bc53c70b3daaba7bf296ae12	601329	1019	1600	OPS/pages/page0108.xhtml
UAN	UAN:s0109	109	image109	OPS/images/08_882128_880264_1_109_001.jpg	d6ab79a4c8c4bea64f0be1444ac70f0989419dfe3406e6f0c51b2c5bd7735d64	610020	1019	1600	OPS/pages/page0109.xhtml
UAN	UAN:s0110	110	image110	OPS/images/08_882128_880264_1_110_001.jpg	1d1c6b05780f2642adeb7500d7b5188a692c77a2f9b499971178040d65cec7af	605171	1019	1600	OPS/pages/page0110.xhtml
UAN	UAN:s0111	111	image111	OPS/images/08_882128_880264_1_111_001.jpg	a0870e361559e8bef0baff00c741fd1c8083d73fa1b5109b132392083f3830b6	508347	1019	1600	OPS/pages/page0111.xhtml
UAN	UAN:s0112	112	image112	OPS/images/08_882128_880264_1_112_001.jpg	6c11d877960b0dd78fd56dc201050d6219674ad3792aaaaf6949a422fed06d4c	590396	1019	1600	OPS/pages/page0112.xhtml
UAN	UAN:s0113	113	image113	OPS/images/08_882128_880264_1_113_001.jpg	c5ea189c5acca20e4e0e01db1329d856854a14222d70d7d65407eed500c83fe5	625714	1019	1600	OPS/pages/page0113.xhtml
UAN	UAN:s0114	114	image114	OPS/images/08_882128_880264_1_114_001.jpg	81cbc5e8466b48046eb7555e2b916c2167f26382f277283ecef2c9fd8082d036	592406	1019	1600	OPS/pages/page0114.xhtml
UAN	UAN:s0115	115	image115	OPS/images/08_882128_880264_1_115_001.jpg	9d9f59015f6107b2faed7cd1abd0a7ef079aae08c3be452695c3a1238731f3ec	565280	1019	1600	OPS/pages/page0115.xhtml
UAN	UAN:s0116	116	image116	OPS/images/08_882128_880264_1_116_001.jpg	53e995638029148a5048775d50dfa521d271174ca79f59339cbaabdc5a7ac236	566375	1019	1600	OPS/pages/page0116.xhtml
UAN	UAN:s0117	117	image117	OPS/images/08_882128_880264_1_117_001.jpg	db457e03979123cb7dc0ae6461b185daf56b194f313ffaafa0ede572deddaf88	611102	1019	1600	OPS/pages/page0117.xhtml
UAN	UAN:s0118	118	image118	OPS/images/08_882128_880264_1_118_001.jpg	fc3108ebee98958408f737616b11e57584f1d7658e3664a0c60c3981294006ad	517200	1019	1600	OPS/pages/page0118.xhtml
UAN	UAN:s0119	119	image119	OPS/images/08_882128_880264_1_119_001.jpg	bd734d01ec10199f8208129d861117e1dffbfbdc5324a4a5f655da32c0f9c996	572463	1019	1600	OPS/pages/page0119.xhtml
UAN	UAN:s0120	120	image120	OPS/images/08_882128_880264_1_120_001.jpg	5523710888ec7231381f76b6a0cf31aa35414d9f2f9e5f74f67adea86d3752e1	564839	1019	1600	OPS/pages/page0120.xhtml
UAN	UAN:s0121	121	image121	OPS/images/08_882128_880264_1_121_001.jpg	3108d2a20368cef13af59c30bcf1384d8b06750ceb865cca36bd7f24aa5c1033	545235	1019	1600	OPS/pages/page0121.xhtml
UAN	UAN:s0122	122	image122	OPS/images/08_882128_880264_1_122_001.jpg	27adaa83287427d5188b3996603831608e59c6aaf4edd00412330af23d022bdc	511567	1019	1600	OPS/pages/page0122.xhtml
UAN	UAN:s0123	123	image123	OPS/images/08_882128_880264_1_123_001.jpg	d53b276633e11f31618571e3cfd104911c35c593afe737e8b08e842bba9c7f6e	621463	1019	1600	OPS/pages/page0123.xhtml
UAN	UAN:s0124	124	image124	OPS/images/08_882128_880264_1_124_001.jpg	0a6de52e5081857784d0d41c3a9117c624c855633898cf9a62b9eca50a9a6eaa	610280	1019	1600	OPS/pages/page0124.xhtml
UAN	UAN:s0125	125	image125	OPS/images/08_882128_880264_1_125_001.jpg	4ae5453a37cd892c1ca7398db71400d9e578c61f3f71a9a6362c3cc010bba4d5	577919	1019	1600	OPS/pages/page0125.xhtml
UAN	UAN:s0126	126	image126	OPS/images/08_882128_880264_1_126_001.jpg	0712327aa0e5c146856732e330a09f17a42a7e380f1264f3a5c253b024b6bd1a	609557	1019	1600	OPS/pages/page0126.xhtml
UAN	UAN:s0127	127	image127	OPS/images/08_882128_880264_1_127_001.jpg	658f6e77c9f617f06e01f44cb11ef6b18e806811597cbde0a1a74e494a92925c	593949	1019	1600	OPS/pages/page0127.xhtml
UAN	UAN:s0128	128	image128	OPS/images/08_882128_880264_1_128_001.jpg	1e83ad44d7a475124c3b2d2f6838d27f3deb9db91dc017fca08a04c13c239dda	594515	1019	1600	OPS/pages/page0128.xhtml
UAN	UAN:s0129	129	image129	OPS/images/08_882128_880264_1_129_001.jpg	b9ab0ebfaf64c6d621778c41386ed3ec011276ff78eafd11f729167fecb2ac9a	181336	1019	1600	OPS/pages/page0129.xhtml
UAN	UAN:s0130	130	image130	OPS/images/08_882128_880264_1_130_001.jpg	9d235d9c0773a67ec15bcd8229a72da5206b8ad797f03605fbea573bb7f33d57	538029	1019	1600	OPS/pages/page0130.xhtml
UAN	UAN:s0131	131	image131	OPS/images/08_882128_880264_1_131_001.jpg	e9a77480a11892885456820827dd74697ce9ffe519484660983e3501cf8e5d63	485690	1019	1600	OPS/pages/page0131.xhtml
UAN	UAN:s0132	132	image132	OPS/images/08_882128_880264_1_132_001.jpg	de73cda3b641a0c136f0633ce80f4921dc894bcaa314e1cca8b802a45a8db548	500006	1019	1600	OPS/pages/page0132.xhtml
UAN	UAN:s0133	133	image133	OPS/images/08_882128_880264_1_133_001.jpg	6a92410671a082bdfdb047b11fa542230d3dab28add4624e42db6078c4a2d6b0	486680	1019	1600	OPS/pages/page0133.xhtml
UAN	UAN:s0134	134	image134	OPS/images/08_882128_880264_1_134_001.jpg	673155becadb634de1b2a1215da0b40d3382307ba9156878058ea6a99fd6ec60	570111	1019	1600	OPS/pages/page0134.xhtml
UAN	UAN:s0135	135	image135	OPS/images/08_882128_880264_1_135_001.jpg	ea1b9bf642f2b9a7fe31303ac647588a890c7da441ee5dc86a9c14f4a0a6c9b4	507210	1019	1600	OPS/pages/page0135.xhtml
UAN	UAN:s0136	136	image136	OPS/images/08_882128_880264_1_136_001.jpg	02bbd7e5ba89573ddef0b8ed25d05a810be2a47e84a1798a0e7c444e09982629	495212	1019	1600	OPS/pages/page0136.xhtml
UAN	UAN:s0137	137	image137	OPS/images/08_882128_880264_1_137_001.jpg	860492671f344e33fad30861e8153d523124049d033afc08a945539b321b3de7	518536	1019	1600	OPS/pages/page0137.xhtml
UAN	UAN:s0138	138	image138	OPS/images/08_882128_880264_1_138_001.jpg	b1151472fc3b2f5257341e80bef51b5641e21eb714abfea32b9b46f64679aca6	523996	1019	1600	OPS/pages/page0138.xhtml
UAN	UAN:s0139	139	image139	OPS/images/08_882128_880264_1_139_001.jpg	72eada104f72f53986d5772baf34ad1efaf838ae2b49b4c8f2257f0d6223acb3	491199	1019	1600	OPS/pages/page0139.xhtml
UAN	UAN:s0140	140	image140	OPS/images/08_882128_880264_1_140_001.jpg	59c28ca702ce8993430d3a8e1ca943c5c8c5b7cd0d85a2cb05056b31d1a14c60	623366	1019	1600	OPS/pages/page0140.xhtml
UAN	UAN:s0141	141	image141	OPS/images/08_882128_880264_1_141_001.jpg	6cf99dcd56e111447a88110f36e4baf9c8a67e2630926a86b67eb0325bcb9300	548068	1019	1600	OPS/pages/page0141.xhtml
UAN	UAN:s0142	142	image142	OPS/images/08_882128_880264_1_142_001.jpg	0ade80c2a8cff0250fcd4ac147696a9a00762f631b45f2e8e10fc60fd3f6ba4e	455526	1019	1600	OPS/pages/page0142.xhtml
UAN	UAN:s0143	143	image143	OPS/images/08_882128_880264_1_143_001.jpg	e8d898fc02001c488d7fd796e24f0f34c6b4076f3b4e614c67a3778ba64b9314	489071	1019	1600	OPS/pages/page0143.xhtml
UAN	UAN:s0144	144	image144	OPS/images/08_882128_880264_1_144_001.jpg	2b64522cce7030089186a07821d1fbf752831bf05420941e0d44c9691ab9c7d7	493695	1019	1600	OPS/pages/page0144.xhtml
UAN	UAN:s0145	145	image145	OPS/images/08_882128_880264_1_145_001.jpg	c5cb5c0677b4b153fb7095017acf28814227d4519aaf2803e62e5909179d2f09	480233	1019	1600	OPS/pages/page0145.xhtml
UAN	UAN:s0146	146	image146	OPS/images/08_882128_880264_1_146_001.jpg	d46a35cebb44cb05eaa13b3c4fbefbd84e1bf4bedf8b647c34330b5fc907277d	452530	1019	1600	OPS/pages/page0146.xhtml
UAN	UAN:s0147	147	image147	OPS/images/08_882128_880264_1_147_001.jpg	aef63adcf64aca3e1f5f544ac2adfdb8ef651dc2e344a477dd6dfd6031021aa0	448478	1019	1600	OPS/pages/page0147.xhtml
UAN	UAN:s0148	148	image148	OPS/images/08_882128_880264_1_148_001.jpg	bad2b5af200d94c9415e43afbe0a72caf82d1d941e5c61f32f02d4f04f11c94a	420604	1019	1600	OPS/pages/page0148.xhtml
UAN	UAN:s0149	149	image149	OPS/images/08_882128_880264_1_149_001.jpg	ed03d4314d0bdd55858afe9fd23e6627bd7bcdf6e267c4899f86ad9b8ae65e3b	490575	1019	1600	OPS/pages/page0149.xhtml
UAN	UAN:s0150	150	image150	OPS/images/08_882128_880264_1_150_001.jpg	29f8257940a06854cdfce431f4cfa1a2c981c89a1e3651e1771ffdfcc38aa188	439655	1019	1600	OPS/pages/page0150.xhtml
UAN	UAN:s0151	151	image151	OPS/images/08_882128_880264_1_151_001.jpg	8b8f9ace6d2872bd055ca62d968ca7032b30a312708d5a68496a5a2d7bbf23c7	504647	1019	1600	OPS/pages/page0151.xhtml
UAN	UAN:s0152	152	image152	OPS/images/08_882128_880264_1_152_001.jpg	2ee3d264f0852f1676162f20761ba5923384fac37aa6d8892679f436f44db38c	483027	1019	1600	OPS/pages/page0152.xhtml
UAN	UAN:s0153	153	image153	OPS/images/08_882128_880264_1_153_001.jpg	3aedc77da6db8371b0d04fb0fb30208be0051b2cf2ebf04667207e4e2c49c4bf	541149	1019	1600	OPS/pages/page0153.xhtml
UAN	UAN:s0154	154	image154	OPS/images/08_882128_880264_1_154_001.jpg	74f8e15269b40c5006aff78a02a8eaf7cf8b31306ba80a952839bf4aa8644c7d	516744	1019	1600	OPS/pages/page0154.xhtml
UAN	UAN:s0155	155	image155	OPS/images/08_882128_880264_1_155_001.jpg	d8948b487d4acf77cd0bc8ceae4af532c8131b3c9bc6b9e306f49cbc0d54a057	178711	1019	1600	OPS/pages/page0155.xhtml
UAN	UAN:s0156	156	image156	OPS/images/08_882128_880264_1_156_001.jpg	deb78d273de56ad7184913c76d101f73fb8d8d5e964f16ef5a0298b851c48946	553917	1019	1600	OPS/pages/page0156.xhtml
UAN	UAN:s0157	157	image157	OPS/images/08_882128_880264_1_157_001.jpg	9d49df9aee3b1e261f41deacbae8adda4f9c09ef111490ba6d4c2e2fff8b3ad8	511288	1019	1600	OPS/pages/page0157.xhtml
UAN	UAN:s0158	158	image158	OPS/images/08_882128_880264_1_158_001.jpg	304ec06e284be6e7e5b841022313edc5bdd2b6778c637682c431af61ac0eeab2	559640	1019	1600	OPS/pages/page0158.xhtml
UAN	UAN:s0159	159	image159	OPS/images/08_882128_880264_1_159_001.jpg	889989250d0b5ae3dc5aebd22191c1e49a6a48e2aff1972a371efe90e6fa9157	527004	1019	1600	OPS/pages/page0159.xhtml
UAN	UAN:s0160	160	image160	OPS/images/08_882128_880264_1_160_001.jpg	11818a156bfd52eb9b40acadfdc3b1b392a85711b3d0f6f80d6fb85481ee6f6e	521735	1019	1600	OPS/pages/page0160.xhtml
UAN	UAN:s0161	161	image161	OPS/images/08_882128_880264_1_161_001.jpg	d56fd39fea7ced8bccf1e00516db042aa7d73da93ea3be5a3fd8013f229f251f	503098	1019	1600	OPS/pages/page0161.xhtml
UAN	UAN:s0162	162	image162	OPS/images/08_882128_880264_1_162_001.jpg	887729016176efb9adbf5519256842f72778593faf789c68c0cad19d2ccb2054	581168	1019	1600	OPS/pages/page0162.xhtml
UAN	UAN:s0163	163	image163	OPS/images/08_882128_880264_1_163_001.jpg	664ec9a4a5ca2d2cb4e409e217bc88d83059d6b4319e8af4b9d21021b5cc8f1b	530923	1019	1600	OPS/pages/page0163.xhtml
UAN	UAN:s0164	164	image164	OPS/images/08_882128_880264_1_164_001.jpg	b31fdc632bad391329b43b0fdc2b793749d033116c81b1540d375659f2f11dbe	503218	1019	1600	OPS/pages/page0164.xhtml
UAN	UAN:s0165	165	image165	OPS/images/08_882128_880264_1_165_001.jpg	b05720a63da67f92a6c01fa95bd969af9d7d2d86391cf1ff4f85376a839f4dcf	494997	1019	1600	OPS/pages/page0165.xhtml
UAN	UAN:s0166	166	image166	OPS/images/08_882128_880264_1_166_001.jpg	a62225c9657f183e1a6810c747292c34d2647f016f1f406c3054e8d6f49ea8b0	516134	1019	1600	OPS/pages/page0166.xhtml
UAN	UAN:s0167	167	image167	OPS/images/08_882128_880264_1_167_001.jpg	4e5c851a3f37ecf1a786655167d4aaaae9474b45dc44f7a5d53378e24c4dd860	498381	1019	1600	OPS/pages/page0167.xhtml
UAN	UAN:s0168	168	image168	OPS/images/08_882128_880264_1_168_001.jpg	2ac5c27eecc3f86429ae959ba6ca38165caa6a8e6376bef5cf2c69dc8a667e2f	536181	1019	1600	OPS/pages/page0168.xhtml
UAN	UAN:s0169	169	image169	OPS/images/08_882128_880264_1_169_001.jpg	1e0508f5efe0df0e5c9056f7ff959df86d22da3f3511c9bf35c6653519e14584	475501	1019	1600	OPS/pages/page0169.xhtml
UAN	UAN:s0170	170	image170	OPS/images/08_882128_880264_1_170_001.jpg	190c604da46546e1a331757eb3c4a52608f4aa258ca6bb2ef757e9e1caebff0c	426002	1019	1600	OPS/pages/page0170.xhtml
UAN	UAN:s0171	171	image171	OPS/images/08_882128_880264_1_171_001.jpg	56418cbdd56c098167facd78086b666705269ff83e29ef2a5a1d35af46dce593	483752	1019	1600	OPS/pages/page0171.xhtml
UAN	UAN:s0172	172	image172	OPS/images/08_882128_880264_1_172_001.jpg	78d2e6cf6d303970ad45d05124d983487bd2816460f7341c29effb30ec4c4a43	500095	1019	1600	OPS/pages/page0172.xhtml
UAN	UAN:s0173	173	image173	OPS/images/08_882128_880264_1_173_001.jpg	59457bd47ac649100c03e4f30bbeb99a435c2f3e1ee1b8d73aa9304800afcd78	518210	1019	1600	OPS/pages/page0173.xhtml
UAN	UAN:s0174	174	image174	OPS/images/08_882128_880264_1_174_001.jpg	45b6c2dc18a7162c5cbc578727ee6a9a58709d5482cd289f73987e99b09303b2	536175	1019	1600	OPS/pages/page0174.xhtml
UAN	UAN:s0175	175	image175	OPS/images/08_882128_880264_1_175_001.jpg	56a7d46ed0070f75ae49459f1a32e5d870a53eed12630555f23a3b88488f9c0e	534235	1019	1600	OPS/pages/page0175.xhtml
UAN	UAN:s0176	176	image176	OPS/images/08_882128_880264_1_176_001.jpg	0f11fa6ddac2940668f1cccfb62573a0c7e2bd0e2094a259214112e82b00b0e5	474994	1019	1600	OPS/pages/page0176.xhtml
UAN	UAN:s0177	177	image177	OPS/images/08_882128_880264_1_177_001.jpg	ee3c0630a651fa938f246638a820286c4379d1b70e6ae3ace6072e70c83cbfd6	497506	1019	1600	OPS/pages/page0177.xhtml
UAN	UAN:s0178	178	image178	OPS/images/08_882128_880264_1_178_001.jpg	e822cd8e33ac1906899d4be894a49fd1e9f51596f4193fb79bb25e2ce7da0d26	513527	1019	1600	OPS/pages/page0178.xhtml
UAN	UAN:s0179	179	image179	OPS/images/08_882128_880264_1_179_001.jpg	45ec1ed4278fbc2d9a62664c24f4579b69d584ed55b722a849a48368e6a26634	520842	1019	1600	OPS/pages/page0179.xhtml
UAN	UAN:s0180	180	image180	OPS/images/08_882128_880264_1_180_001.jpg	d82854b47d575a212ab95703c6e5d8fcbf894d768d14badc47d700d1d9938d27	481886	1019	1600	OPS/pages/page0180.xhtml
UAN	UAN:s0181	181	image181	OPS/images/08_882128_880264_1_181_001.jpg	530467b0eeba7805a94110334aa4d5bc2d2e864ced3d90a30f6706eb4edfb723	509836	1019	1600	OPS/pages/page0181.xhtml
UAN	UAN:s0182	182	image182	OPS/images/08_882128_880264_1_182_001.jpg	77cfdad252f3a4d640e8e0b581f6a22e3824c7093779d8d9f07eb3836c7ca345	457226	1019	1600	OPS/pages/page0182.xhtml
UAN	UAN:s0183	183	image183	OPS/images/08_882128_880264_1_183_001.jpg	8e317897f9f44e64c3655e7e67fad0fc87f759eaa177d873c9d7490f86f4862e	491636	1019	1600	OPS/pages/page0183.xhtml
UAN	UAN:s0184	184	image184	OPS/images/08_882128_880264_1_184_001.jpg	27e24c401017edcca894ff3428149f02df633d6d03c756395e08561dcc8dec6a	473587	1019	1600	OPS/pages/page0184.xhtml
UAN	UAN:s0185	185	image185	OPS/images/08_882128_880264_1_185_001.jpg	ddfa9275b9cc9c5f5f26d0bdc45234656fa2a8fd68e4040df15bbe2d747d903b	493428	1019	1600	OPS/pages/page0185.xhtml
UAN	UAN:s0186	186	image186	OPS/images/08_882128_880264_1_186_001.jpg	cb61e85066ebfebb0b37102230db63e6e3ea349cabbd1452aa4407484db7415c	496748	1019	1600	OPS/pages/page0186.xhtml
UAN	UAN:s0187	187	image187	OPS/images/08_882128_880264_1_187_001.jpg	e1126e3337510802ba7a1d4335831032231caad706d13f6730843a1c89e33387	493008	1019	1600	OPS/pages/page0187.xhtml
UAN	UAN:s0188	188	image188	OPS/images/08_882128_880264_1_188_001.jpg	58ad6ef6854341d083603e848a0d31062dce1e19bc6914078a1a22be170ea08c	470707	1019	1600	OPS/pages/page0188.xhtml
UAN	UAN:s0189	189	image189	OPS/images/08_882128_880264_1_189_001.jpg	6f773aeeff3dc1abab38360faaf1ad1faebebb420a8f1e346b163d74d91a8b1c	465958	1019	1600	OPS/pages/page0189.xhtml
UAN	UAN:s0190	190	image190	OPS/images/08_882128_880264_1_190_001.jpg	fa5afe478a967869e5d32b64db1644dd7cf9c900ed624ca90ffe518550150ded	456393	1019	1600	OPS/pages/page0190.xhtml
UAN	UAN:s0191	191	image191	OPS/images/08_882128_880264_1_191_001.jpg	707c4fa2fffaaa7f5a336ab1c25851272cf220551dff2f4c8a58870da7c99c63	448614	1019	1600	OPS/pages/page0191.xhtml
UAN	UAN:s0192	192	image192	OPS/images/08_882128_880264_1_192_001.jpg	a7a1cc6909654503059007732bd91b78fcd631d08770ae07973ded827ed4c5ca	441753	1019	1600	OPS/pages/page0192.xhtml
UAN	UAN:s0193	193	image193	OPS/images/08_882128_880264_1_193_001.jpg	3850d7704cf9bff8d8f5b8046006b887d9b8180f0e5209c29572927758298a9a	430299	1019	1600	OPS/pages/page0193.xhtml
UAN	UAN:s0194	194	image194	OPS/images/08_882128_880264_1_194_001.jpg	2a9ded09dddf3464ec1064458a7b1c160537e753b024e45523978a9709f407c7	463862	1019	1600	OPS/pages/page0194.xhtml
UAN	UAN:s0195	195	image195	OPS/images/08_882128_880264_1_195_001.jpg	f7e8d76114473684edc7d0d0d316d540ff43712787bc236f252090ddc223a0a2	475234	1019	1600	OPS/pages/page0195.xhtml
UAN	UAN:s0196	196	image196	OPS/images/08_882128_880264_1_196_001.jpg	573ab3786bce477b5b6e755293b7602e3fda45d05fd0d0823f74e285c17e1c9c	447151	1019	1600	OPS/pages/page0196.xhtml
UAN	UAN:s0197	197	image197	OPS/images/08_882128_880264_1_197_001.jpg	e00bd973d7f0b242fca76ba5350428f6d339e2e4021aa5239c37de0413db1058	461864	1019	1600	OPS/pages/page0197.xhtml
UAN	UAN:s0198	198	image198	OPS/images/08_882128_880264_1_198_001.jpg	ca13c377bec5f5f46930427c4795fd33db5acf00a7070d0a86983d38331897e3	488986	1019	1600	OPS/pages/page0198.xhtml
UAN	UAN:s0199	199	image199	OPS/images/08_882128_880264_1_199_001.jpg	ca80d34c2430c49c7b3b89a19c6f704cfca5dfa8c067de5bbe56b5d8cd2e1af8	491951	1019	1600	OPS/pages/page0199.xhtml
UAN	UAN:s0200	200	image200	OPS/images/08_882128_880264_1_200_001.jpg	05f27700032e5268140c69ff89d793037f99d84834b56f68c7983a6a576c4fd4	463231	1019	1600	OPS/pages/page0200.xhtml
UAN	UAN:s0201	201	image201	OPS/images/08_882128_880264_1_201_001.jpg	5c1ad6099b8353f8216b8777ccf17bb3745b65fe6725580af2bc8c9a618934bf	460364	1019	1600	OPS/pages/page0201.xhtml
UAN	UAN:s0202	202	image202	OPS/images/08_882128_880264_1_202_001.jpg	514fcfa16ff882957c88d15a2e121ca0b7afd78847793eab3813d186e4bd1b88	498355	1019	1600	OPS/pages/page0202.xhtml
UAN	UAN:s0203	203	image203	OPS/images/08_882128_880264_1_203_001.jpg	d8347cab30a302a17d13677f9ad1f3da4fd61daee8bf26bfd0c1e4f535d05e94	512741	1019	1600	OPS/pages/page0203.xhtml
UAN	UAN:s0204	204	image204	OPS/images/08_882128_880264_1_204_001.jpg	e1b5e3568a32c2e509ef9f218bd5d23d89fc782e59adf50cf2d2ce3bac491a49	449991	1019	1600	OPS/pages/page0204.xhtml
UAN	UAN:s0205	205	image205	OPS/images/08_882128_880264_1_205_001.jpg	f701096bb9d536e9ae74c1f18e3fa09c9329807c4a5d0a4d38cb5419404ebd0c	180512	1019	1600	OPS/pages/page0205.xhtml
UAN	UAN:s0206	206	image206	OPS/images/08_882128_880264_1_206_001.jpg	f603aa9cc4a51106e2917eeb557e6210b9313b7fb842feb0158d2ed69fe4aed1	410876	1019	1600	OPS/pages/page0206.xhtml
UAN	UAN:s0207	207	image207	OPS/images/08_882128_880264_1_207_001.jpg	770c89ed9e7c1cb33cf45b90d5d02ceabfd92e88390d34e8aab4a0acd6822d48	412596	1019	1600	OPS/pages/page0207.xhtml
UAN	UAN:s0208	208	image208	OPS/images/08_882128_880264_1_208_001.jpg	38220883fe9172211f376db4dadbf4234e84bcaeb3c5c156a98447f12c23a277	420723	1019	1600	OPS/pages/page0208.xhtml
UAN	UAN:s0209	209	image209	OPS/images/08_882128_880264_1_209_001.jpg	c889704baeeb2ff8b4045d4367b1c9f041e5fb8b794b55c935bb0dbaae6db141	417164	1019	1600	OPS/pages/page0209.xhtml
UAN	UAN:s0210	210	image210	OPS/images/08_882128_880264_1_210_001.jpg	3d887468054e4e679bcd8d5e73a0849d5af8437e9cc55a1708f73748173d8375	472866	1019	1600	OPS/pages/page0210.xhtml
UAN	UAN:s0211	211	image211	OPS/images/08_882128_880264_1_211_001.jpg	396bbabe925f5ad1e9f4bdb6d4723e526205967af73c4f53e3cd051799a850f8	368722	1019	1600	OPS/pages/page0211.xhtml
UAN	UAN:s0212	212	image212	OPS/images/08_882128_880264_1_212_001.jpg	fa80a946254494965dd368a244b7ff40e52423b4a52882f7a575493c5b8c51ab	411541	1019	1600	OPS/pages/page0212.xhtml
UAN	UAN:s0213	213	image213	OPS/images/08_882128_880264_1_213_001.jpg	d2f9a527a70e292bd0ae1720dd21a371faf735a4ddc718596791c37a8b9a8692	495074	1019	1600	OPS/pages/page0213.xhtml
UAN	UAN:s0214	214	image214	OPS/images/08_882128_880264_1_214_001.jpg	b03a2ca0880035860d822a0e4a5b18c3e6f1b50843e839cedb5c3f87f97d8e6a	397773	1019	1600	OPS/pages/page0214.xhtml
UAN	UAN:s0215	215	image215	OPS/images/08_882128_880264_1_215_001.jpg	177eba36ff4a9095b335b24bb166fd95b5a39d8cc39536f62a31fd1dcefe4348	428408	1019	1600	OPS/pages/page0215.xhtml
UAN	UAN:s0216	216	image216	OPS/images/08_882128_880264_1_216_001.jpg	bb0d04e98b895b9ba9b94525de3f7619e7a7cd98098b70bf288d49dac63ecc40	463640	1019	1600	OPS/pages/page0216.xhtml
UAN	UAN:s0217	217	image217	OPS/images/08_882128_880264_1_217_001.jpg	93b7f3a4a73f630dd4fa169619cae9c91dfa67df7ccc4c67c80b76d8f5b49dde	436021	1019	1600	OPS/pages/page0217.xhtml
UAN	UAN:s0218	218	image218	OPS/images/08_882128_880264_1_218_001.jpg	3b14d9621bb9c0844dd72b32608a791f2789df46de5f96374d2836d9cb56e0cb	582102	1019	1600	OPS/pages/page0218.xhtml
UAN	UAN:s0219	219	image219	OPS/images/08_882128_880264_1_219_001.jpg	1189c411f70fe48586185d09f748051c76ae672791e0219b1813eaea1b64f544	457036	1019	1600	OPS/pages/page0219.xhtml
UAN	UAN:s0220	220	image220	OPS/images/08_882128_880264_1_220_001.jpg	f41758b9de32b0736f04996671d06320997989664ab4dd7622f4d52938106804	479981	1019	1600	OPS/pages/page0220.xhtml
UAN	UAN:s0221	221	image221	OPS/images/08_882128_880264_1_221_001.jpg	a27b7d4629fe193c8f301fbf4e928c65dda99bcff1ede32cec6b1a417311ed0b	268701	1019	1600	OPS/pages/page0221.xhtml
UAN	UAN:s0222	222	image222	OPS/images/08_882128_880264_1_222_001.jpg	d593462ef20f86a12ed11348a8279c55d689feef0b1d8db73ba590fdfab11c3d	531728	1019	1600	OPS/pages/page0222.xhtml
UAN	UAN:s0223	223	image223	OPS/images/08_882128_880264_1_223_001.jpg	0254031e0841b33d8620d81e8b8cf4a8a729369c8357fcabcfc748e151563da9	502019	1019	1600	OPS/pages/page0223.xhtml
UAN	UAN:s0224	224	image224	OPS/images/08_882128_880264_1_224_001.jpg	d45aa090b6a61c2bab8f98f8bab9b761d93e4525cb0980d19189672e51fd10ee	459453	1019	1600	OPS/pages/page0224.xhtml
UAN	UAN:s0225	225	image225	OPS/images/08_882128_880264_1_225_001.jpg	ee3206fccfd06967f67d6514db06c49efbd3133e23394b340906ea2e28355acd	509887	1019	1600	OPS/pages/page0225.xhtml
UAN	UAN:s0226	226	image226	OPS/images/08_882128_880264_1_226_001.jpg	ccdc52b3581f3d232cb0241d2b7d5bac59a9f53c8e55e727991bd862f46882db	422770	1019	1600	OPS/pages/page0226.xhtml
UAN	UAN:s0227	227	image227	OPS/images/08_882128_880264_1_227_001.jpg	9986d55ce4dc0117ec8f50e87dba7f1106c915bac2e3e1b2ddd09a5cb8b3c983	475655	1019	1600	OPS/pages/page0227.xhtml
UAN	UAN:s0228	228	image228	OPS/images/08_882128_880264_1_228_001.jpg	c5c67be87212713e69d8805682631e12281159f8dbffdfe54f4cc61161e9d6e5	471962	1019	1600	OPS/pages/page0228.xhtml
UAN	UAN:s0229	229	image229	OPS/images/08_882128_880264_1_229_001.jpg	4d84784449791cb1f4fd0239676b094b0ef66e12103ec6439c81493a0b0ff13c	476960	1019	1600	OPS/pages/page0229.xhtml
UAN	UAN:s0230	230	image230	OPS/images/08_882128_880264_1_230_001.jpg	a379edf335f6d28ad0f2dfd2fd4d21ae118678f5dd5430050492a41d398a9d52	398218	1019	1600	OPS/pages/page0230.xhtml
UAN	UAN:s0231	231	image231	OPS/images/08_882128_880264_1_231_001.jpg	1d79e7089e229f09ca9d07d0e88dcf2f1b9794e9ec9ac74d683b7199f880bb52	492768	1019	1600	OPS/pages/page0231.xhtml
UAN	UAN:s0232	232	image232	OPS/images/08_882128_880264_1_232_001.jpg	fb2d5b9d6b0ff0e062fd8ed05704c72728ff4db01ed145c066bc79c9fce2e413	401174	1019	1600	OPS/pages/page0232.xhtml
UAN	UAN:s0233	233	image233	OPS/images/08_882128_880264_1_233_001.jpg	35c92a1a745c5bf5ad9531ea3ad7ead4d587ca00bb67a22bc1243a128041c53c	449345	1019	1600	OPS/pages/page0233.xhtml
UAN	UAN:s0234	234	image234	OPS/images/08_882128_880264_1_234_001.jpg	e8938cf709cc7679d18c9f7feddadb67f540c197acdb9c8e35fb41de9e3f754d	458019	1019	1600	OPS/pages/page0234.xhtml
UAN	UAN:s0235	235	image235	OPS/images/08_882128_880264_1_235_001.jpg	ea3fca48583b091453370c1dde84f4d74d8173cb9be31180e036f2f84a62f8dd	455540	1019	1600	OPS/pages/page0235.xhtml
UAN	UAN:s0236	236	image236	OPS/images/08_882128_880264_1_236_001.jpg	b935465cebd380479b39f0592e467a1778f412a2bed117dcffd52ea27b828158	411437	1019	1600	OPS/pages/page0236.xhtml
UAN	UAN:s0237	237	image237	OPS/images/08_882128_880264_1_237_001.jpg	57b379b1a7930bb498e312900b94d4007dc4146a01dcb0cc473e9d2e7f21a9a0	493982	1019	1600	OPS/pages/page0237.xhtml
UAN	UAN:s0238	238	image238	OPS/images/08_882128_880264_1_238_001.jpg	3764b1dd5c9639102f98864de369598c9a3979de939ea7b528b16803e923bc37	466791	1019	1600	OPS/pages/page0238.xhtml
UAN	UAN:s0239	239	image239	OPS/images/08_882128_880264_1_239_001.jpg	3b432cb538a081ad73d0f4c16f94d43c8a85853cac42b66c61d5773683761b57	423671	1019	1600	OPS/pages/page0239.xhtml
UAN	UAN:s0240	240	image240	OPS/images/08_882128_880264_1_240_001.jpg	2e8dfbe1bd634df6e16dc15193af28dacc895c289773535d599be8a5e86eebfe	439415	1019	1600	OPS/pages/page0240.xhtml
UAN	UAN:s0241	241	image241	OPS/images/08_882128_880264_1_241_001.jpg	75020f3b417a589fef83750c552b09fc5395764b051e48149e8a93297e777661	413603	1019	1600	OPS/pages/page0241.xhtml
UAN	UAN:s0242	242	image242	OPS/images/08_882128_880264_1_242_001.jpg	e2397dcb92dee47f00083287627c347b811d5927e80ac502727bab988be5098f	430685	1019	1600	OPS/pages/page0242.xhtml
UAN	UAN:s0243	243	image243	OPS/images/08_882128_880264_1_243_001.jpg	35be0b92b2c161da912b26a37be67c79e97f9c3337243cddb478b7e840af2cae	483763	1019	1600	OPS/pages/page0243.xhtml
UAN	UAN:s0244	244	image244	OPS/images/08_882128_880264_1_244_001.jpg	1dc43e4d628f609947e52f57103c3b96eb52d06841ed98a8ec3314e6fe4c4a33	435718	1019	1600	OPS/pages/page0244.xhtml
UAN	UAN:s0245	245	image245	OPS/images/08_882128_880264_1_245_001.jpg	2adc2815c5b5b67cb7292aa35b9fec11071e2225e8bc5d4307ddbca0d9e6bcef	395383	1019	1600	OPS/pages/page0245.xhtml
UAN	UAN:s0246	246	image246	OPS/images/08_882128_880264_1_246_001.jpg	c6dd950696840b998eaf3b40d08955e7fbd6baf8df70cfdb919eb8872b0ea279	445542	1019	1600	OPS/pages/page0246.xhtml
UAN	UAN:s0247	247	image247	OPS/images/08_882128_880264_1_247_001.jpg	d4eaae49621eb1acc89ef64e53fb457a85f5fe92fec31a5d05c9b1fd8ebad57e	456519	1019	1600	OPS/pages/page0247.xhtml
UAN	UAN:s0248	248	image248	OPS/images/08_882128_880264_1_248_001.jpg	4522c1228998465f2f6b45158a94b6278a2a84b9a19ff4ffcacec3ac6e88304a	402033	1019	1600	OPS/pages/page0248.xhtml
UAN	UAN:s0249	249	image249	OPS/images/08_882128_880264_1_249_001.jpg	6c48cca25857d2d8bddd27886664f2a88a9a19927f897946384c78f47704fbe4	446128	1019	1600	OPS/pages/page0249.xhtml
UAN	UAN:s0250	250	image250	OPS/images/08_882128_880264_1_250_001.jpg	138999289c0e7c8c067a07c57a5e6d5a2d420c12bf4eeb2762955c76081f4200	403102	1019	1600	OPS/pages/page0250.xhtml
UAN	UAN:s0251	251	image251	OPS/images/08_882128_880264_1_251_001.jpg	d475cbcbd080890eea8033f2cec1b1970b0535f3adfdd800d4110482da584b95	400222	1019	1600	OPS/pages/page0251.xhtml
UAN	UAN:s0252	252	image252	OPS/images/08_882128_880264_1_252_001.jpg	91e89dab0a9d719030aa01dad3c0d68d86ec8db5c5d33db5d1a78ba7aad2a6da	444614	1019	1600	OPS/pages/page0252.xhtml
UAN	UAN:s0253	253	image253	OPS/images/08_882128_880264_1_253_001.jpg	77a06f32a68eb74d714f83995239ab2f1355a8ec05d56cf5c42a4a79620e159b	429142	1019	1600	OPS/pages/page0253.xhtml
UAN	UAN:s0254	254	image254	OPS/images/08_882128_880264_1_254_001.jpg	cf997109a16edaac3c8a5314bd2064a497e5f4c540ffcedd21a7a19f762be629	431159	1019	1600	OPS/pages/page0254.xhtml
UAN	UAN:s0255	255	image255	OPS/images/08_882128_880264_1_255_001.jpg	9db7b3d133d6807c91cde5bc1388739d4d8b893c28b3ed59027f53523d578529	452645	1019	1600	OPS/pages/page0255.xhtml
UAN	UAN:s0256	256	image256	OPS/images/08_882128_880264_1_256_001.jpg	d66c5048de87892d22d4cbdc3a83dd9aa0351d37c2e866b6801287228b6d6443	387852	1019	1600	OPS/pages/page0256.xhtml
UAN	UAN:s0257	257	image257	OPS/images/08_882128_880264_1_257_001.jpg	a58453626788593b43f8d06e188dafea0448ae7a98194f446e3d215c29946c24	476538	1019	1600	OPS/pages/page0257.xhtml
UAN	UAN:s0258	258	image258	OPS/images/08_882128_880264_1_258_001.jpg	329f314a7f7e5728155e2f2ad44c9e5ed879feaa23160417678cf441317c703f	432303	1019	1600	OPS/pages/page0258.xhtml
UAN	UAN:s0259	259	image259	OPS/images/08_882128_880264_1_259_001.jpg	1e872544be3b45031d5abc9515478d3362b7856b62e538bbc6b98d0cf3dac483	470885	1019	1600	OPS/pages/page0259.xhtml
UAN	UAN:s0260	260	image260	OPS/images/08_882128_880264_1_260_001.jpg	78a4f5a2014ef7599efd98db3a092ab4df3b1fc63c22124fb5560abd7d532fcb	442279	1019	1600	OPS/pages/page0260.xhtml
UAN	UAN:s0261	261	image261	OPS/images/08_882128_880264_1_261_001.jpg	35457dd6aedfcfa8bdde95c6889c2f7d7fa92d28b776f676bdb61c4de0dc67ed	509901	1019	1600	OPS/pages/page0261.xhtml
UAN	UAN:s0262	262	image262	OPS/images/08_882128_880264_1_262_001.jpg	d02c1fde18ddd4b8fa3fa27ac13d7c50ace19ce30d825c867cf11c95331cabb9	656906	1019	1600	OPS/pages/page0262.xhtml
UAN	UAN:s0263	263	image263	OPS/images/08_882128_880264_1_263_001.jpg	c5999afc720aef82ed8711896c0c02d3ee0a2648b4fbc4eab65b32c96b6ffbaa	181200	1019	1600	OPS/pages/page0263.xhtml
UAN	UAN:s0264	264	image264	OPS/images/08_882128_880264_1_264_001.jpg	43c9188c034e7219b4d42f444789bba43cf197434c24162b816df42ad7a74de0	432528	1019	1600	OPS/pages/page0264.xhtml
UAN	UAN:s0265	265	image265	OPS/images/08_882128_880264_1_265_001.jpg	7fd2ef6f6618982dea5570ac9c1846951ea5f6c03b8c0f20169fa070d6f34aa1	351416	1019	1600	OPS/pages/page0265.xhtml
UAN	UAN:s0266	266	image266	OPS/images/08_882128_880264_1_266_001.jpg	e259dd3ccd000deef80397ba76d83b1ab8f09b3e103e91b9ea5a9fb705660aa3	367062	1019	1600	OPS/pages/page0266.xhtml
UAN	UAN:s0267	267	image267	OPS/images/08_882128_880264_1_267_001.jpg	1a38e8004c21628e1b188680497521b98a112efb59d914f4722416e2dc1c589e	376947	1019	1600	OPS/pages/page0267.xhtml
UAN	UAN:s0268	268	image268	OPS/images/08_882128_880264_1_268_001.jpg	2b5977df0dda7bfde8eca0cbfe50cf5bac49cc15dedfb0238b04b3661489d953	385802	1019	1600	OPS/pages/page0268.xhtml
UAN	UAN:s0269	269	image269	OPS/images/08_882128_880264_1_269_001.jpg	86a8f5c1656dd540dd6f25d7c133331d690b736030094a4f0bf50bd810e7da3d	347418	1019	1600	OPS/pages/page0269.xhtml
UAN	UAN:s0270	270	image270	OPS/images/08_882128_880264_1_270_001.jpg	3af6d71777eea37ad3b7443b54994085781ca2526a68ae2a60095fe0a19eb95c	403476	1019	1600	OPS/pages/page0270.xhtml
UAN	UAN:s0271	271	image271	OPS/images/08_882128_880264_1_271_001.jpg	91b1cbf03759e61959c1021ddadf60d087d52a630d216ac4bbb6012f333b3f36	356239	1019	1600	OPS/pages/page0271.xhtml
UAN	UAN:s0272	272	image272	OPS/images/08_882128_880264_1_272_001.jpg	d5e04f6416001fb9208c3ca91a79cc79920aaf89024ce8a30ef42bad11ddcc5b	580801	1019	1600	OPS/pages/page0272.xhtml
UAN	UAN:s0273	273	image273	OPS/images/08_882128_880264_1_273_001.jpg	5c0fe0f3ee5beb2dcd5fa2ee14459184a59f1637be86645f4f370e2326e4afee	565105	1019	1600	OPS/pages/page0273.xhtml
UAN	UAN:s0274	274	image274	OPS/images/08_882128_880264_1_274_001.jpg	9660202bafc8daef68ff2c859d9e8a8993958d9b43b504df86cd3607ae05fcee	543488	1019	1600	OPS/pages/page0274.xhtml
UAN	UAN:s0275	275	image275	OPS/images/08_882128_880264_1_275_001.jpg	7cf05abfb23c28676cbc2626dcfeb625a3938b186682346752497fbceac81047	560909	1019	1600	OPS/pages/page0275.xhtml
UAN	UAN:s0276	276	image276	OPS/images/08_882128_880264_1_276_001.jpg	9a665069bfa93696b7bc9d019ef240064619720a89f9fcff10a74477f7b97e17	569348	1019	1600	OPS/pages/page0276.xhtml
UAN	UAN:s0277	277	image277	OPS/images/08_882128_880264_1_277_001.jpg	d51cd001dcc68d37f0e777ea328beb8f63f062487983dca605b7b7a3fd0a4338	581733	1019	1600	OPS/pages/page0277.xhtml
UAN	UAN:s0278	278	image278	OPS/images/08_882128_880264_1_278_001.jpg	749c20743c2e96557c989733a1abe1ad3e6f7c23e74cccf023c3d431b0cc404a	574819	1019	1600	OPS/pages/page0278.xhtml
UAN	UAN:s0279	279	image279	OPS/images/08_882128_880264_1_279_001.jpg	42d670d053ef93ab08829824856b460122eda68894544a2f957460a32dc617a7	479623	1019	1600	OPS/pages/page0279.xhtml
UAN	UAN:s0280	280	image280	OPS/images/08_882128_880264_1_280_001.jpg	9e75429ba6ee799a6d1749be2226bfc4e60ce8155d91808acc1e841b7789a9ca	595789	1019	1600	OPS/pages/page0280.xhtml
UAN	UAN:s0281	281	image281	OPS/images/08_882128_880264_1_281_001.jpg	e75d3df3c9b55a6fda41998ae1fe1f8ae8c8bc2f2aae13076cf5a71caf579db4	527128	1019	1600	OPS/pages/page0281.xhtml
UAN	UAN:s0282	282	image282	OPS/images/08_882128_880264_1_282_001.jpg	364d966680ca40ff208c13fe82e21d3dd394cdce920d9c99c34d9d557ac0ebb1	505378	1019	1600	OPS/pages/page0282.xhtml
UAN	UAN:s0283	283	image283	OPS/images/08_882128_880264_1_283_001.jpg	acc3aaf9a9dec251bd09bc055f0441e6c3f1213fb18bb3c53aae105e283220c1	524364	1019	1600	OPS/pages/page0283.xhtml
UAN	UAN:s0284	284	image284	OPS/images/08_882128_880264_1_284_001.jpg	6091602fd4b46c258640493c0c56e173b069100d274bd72d952781fe4fac17c2	484311	1019	1600	OPS/pages/page0284.xhtml
UAN	UAN:s0285	285	image285	OPS/images/08_882128_880264_1_285_001.jpg	7855997521211751f6bf197634686637f8496eb0bd8f8800206afa4d17b74ccb	512784	1019	1600	OPS/pages/page0285.xhtml
UAN	UAN:s0286	286	image286	OPS/images/08_882128_880264_1_286_001.jpg	875824e596c9806e4292cfca19c68396eea10fb73239153e43c580867a83c6c6	416271	1019	1600	OPS/pages/page0286.xhtml
UAN	UAN:s0287	287	image287	OPS/images/08_882128_880264_1_287_001.jpg	8a61810c479b247f772c02ca703b064c3da90e2ff14b6d97d97c8a72ca4d5fe4	426363	1019	1600	OPS/pages/page0287.xhtml
UAN	UAN:s0288	288	image288	OPS/images/08_882128_880264_1_288_001.jpg	09ccacc98eb300bd9a713e395c800c058a8dc32acdde3d56fb1f20f682b1bd05	434779	1019	1600	OPS/pages/page0288.xhtml
UAN	UAN:s0289	289	image289	OPS/images/08_882128_880264_1_289_001.jpg	95eb5abb90c6cfb39d6355ea80e26b22fa7827a3edd0d89150724fefacacc9c6	407553	1019	1600	OPS/pages/page0289.xhtml
UAN	UAN:s0290	290	image290	OPS/images/08_882128_880264_1_290_001.jpg	898c004b4dbcc7d36d7446fe6c20666ec2968e59c90e6533f4efd61ed75b298a	1031476	1019	1600	OPS/pages/page0290.xhtml
UAN	UAN:s0291	291	image291	OPS/images/08_882128_880264_1_291_001.jpg	9bef807cbb41f2fff48e49b3e29ec030820ac9ea1e1de922cd86076e1d539565	703770	1019	1600	OPS/pages/page0291.xhtml
UAN	UAN:s0292	292	image292	OPS/images/08_882128_880264_1_292_001.jpg	ac97dc825afee792b2accc11ab8009d2d6f368c07dfd694b7e7470b19f18dfa8	234496	1019	1600	OPS/pages/page0292.xhtml
UAN	UAN:s0293	293	image293	OPS/images/08882128880264315501_copyright.jpg	ab6d46815bb9413d1c20051e247fc4d63d8d93c376a836e898735d4da9d0b780	91368	1019	1600	OPS/pages/page0293.xhtml
UAN	UAN:s0294	294	image294	OPS/images/08_882128_880264_3_ill_01_001.jpg	0a381b523ed4335939ea505a97532e42b46c4a31cc40cea2981c422d2d6bd0e1	319302	1019	1600	OPS/pages/page0294.xhtml
UAN	UAN:s0295	295	image295	OPS/images/08_882128_880264_3_ill_02_001.jpg	a91712e25ec3386cd37226a5dfc15560107c53e3b58e2a5140193671a6d86b06	329161	1019	1600	OPS/pages/page0295.xhtml
UAN	UAN:s0296	296	image296	OPS/images/08_882128_880264_3_ill_03_001.jpg	f70d36f8b725f8fb0012b47543a9d41268d0326a8b8b6b7ec8b6d9904e58d137	569192	1019	1600	OPS/pages/page0296.xhtml
UAN	UAN:s0297	297	image297	OPS/images/08_882128_880264_3_ill_04_001.jpg	e3576c105cc92c87db7b92da7fe722889863cdcde1d89e26f13fa78db8cd0527	238451	1019	1600	OPS/pages/page0297.xhtml
UAG	UAG:s0001	1	image001	OPS/images/08X10000000062024400_cover.jpg	f79d763657f16e28cabe3735c86fed1ccbe95b67b56defd16f7ffb48f7cbb519	1427328	1304	2048	OPS/pages/page0001.xhtml
UAG	UAG:s0002	2	image002	OPS/images/08_X10000_000062_1_dorigin_01_001.jpg	9be6febcf5f779a78cfa9071835e5263d1b5943843a399a69574e5cec1953dd7	92109	1304	2048	OPS/pages/page0002.xhtml
UAG	UAG:s0003	3	image003	OPS/images/08_X10000_000062_3_005_001.jpg	7540afe99ddb7cd9064e97e8998a6acd6e9f578bfffe326b4be412d7c8449061	1375301	1304	2048	OPS/pages/page0003.xhtml
UAG	UAG:s0004	4	image004	OPS/images/08_X10000_000062_3_006_001.jpg	6c35472d2a001fa2af13d6b8b18e9e993cf5637b2e4bc3613e1ad76947dd77c2	957158	1304	2048	OPS/pages/page0004.xhtml
UAG	UAG:s0005	5	image005	OPS/images/08_X10000_000062_3_007_001.jpg	5df21bc1a486d30096305edbb10a04149b3de7af1edd0d30fc41cb79801f9b02	1000433	1304	2048	OPS/pages/page0005.xhtml
UAG	UAG:s0006	6	image006	OPS/images/08_X10000_000062_1_008_001.jpg	8197ca240d6e521dd5829be6f82d2c482996ae2d8e0f00cf27bf3ac18142770e	50227	1304	2048	OPS/pages/page0006.xhtml
UAG	UAG:s0007	7	image007	OPS/images/08_X10000_000062_1_009_001.jpg	cdbdd2318681cd10a9fdb4a8c03b7755526c4c091636e27fd9bbcda241402e68	904390	1304	2048	OPS/pages/page0007.xhtml
UAG	UAG:s0008	8	image008	OPS/images/08_X10000_000062_1_010_002.jpg	1b3a91b2cced23d2c464e6b2f09af282853b8964a8b3645be84a7858c77d1b61	771988	1304	2048	OPS/pages/page0008.xhtml
UAG	UAG:s0009	9	image009	OPS/images/08_X10000_000062_1_011_002.jpg	ea6d81d0663fbec40a2de34111a5cc5484bfa30c009882c73dd91b5c30b558b0	684193	1304	2048	OPS/pages/page0009.xhtml
UAG	UAG:s0010	10	image010	OPS/images/08_X10000_000062_1_012_001.jpg	a0f89b90e04dc545ca81d5545fbf8342b9261c38c4bf5a968090ccf32cc5ec79	930747	1304	2048	OPS/pages/page0010.xhtml
UAG	UAG:s0011	11	image011	OPS/images/08_X10000_000062_1_013_001.jpg	97dc9b18fda1cf6b30f9911adef30bfee01480e8567f934ba0013b98fbf62058	950814	1304	2048	OPS/pages/page0011.xhtml
UAG	UAG:s0012	12	image012	OPS/images/08_X10000_000062_1_014_002.jpg	ecbd86af71f0bced013709d25c6990cd1b64b50f180c666b14e8c13ebb92aa26	1153386	1304	2048	OPS/pages/page0012.xhtml
UAG	UAG:s0013	13	image013	OPS/images/08_X10000_000062_1_015_001.jpg	afb5346c02d36098895296e8f1bd1d96f75babe8b7b69d4e0ed8533caf0195ef	963627	1304	2048	OPS/pages/page0013.xhtml
UAG	UAG:s0014	14	image014	OPS/images/08_X10000_000062_1_016_001.jpg	10a1055b1cdfcb27389614a89e5e747d0602e7dac132bebd3a735fe249f7265a	964930	1304	2048	OPS/pages/page0014.xhtml
UAG	UAG:s0015	15	image015	OPS/images/08_X10000_000062_1_017_001.jpg	9470993872841bfd147dbc5f0e9348bd5abec51df51341c15f60eebf4923687e	1035180	1304	2048	OPS/pages/page0015.xhtml
UAG	UAG:s0016	16	image016	OPS/images/08_X10000_000062_1_018_001.jpg	d499d6f3a86ff343a1b717d16db8eafb4daae0a68cf644faa1ff8a46c539bed4	1071644	1304	2048	OPS/pages/page0016.xhtml
UAG	UAG:s0017	17	image017	OPS/images/08_X10000_000062_1_019_001.jpg	aab763d28360a59552726d6f987af63e3ce3dde488b12d1b858e5f29aa4d6df5	792423	1304	2048	OPS/pages/page0017.xhtml
UAG	UAG:s0018	18	image018	OPS/images/08_X10000_000062_1_020_001.jpg	526bbcffba780bce2f3dd8b201a57d85cbefccf7b2de925a321b97e4111a15db	1016484	1304	2048	OPS/pages/page0018.xhtml
UAG	UAG:s0019	19	image019	OPS/images/08_X10000_000062_1_021_002.jpg	8082067c7d9358c5f62b32e248e83dbf75dd526773c33f6eedf2b2191fd6df0b	1070223	1304	2048	OPS/pages/page0019.xhtml
UAG	UAG:s0020	20	image020	OPS/images/08_X10000_000062_1_022_001.jpg	79cb7a78fba59e4c7918e0a6e9b02ab3a4aeb0826a8116900a064f6a9f447925	1087673	1304	2048	OPS/pages/page0020.xhtml
UAG	UAG:s0021	21	image021	OPS/images/08_X10000_000062_1_023_001.jpg	d62220cf708f35acd7c006085794e242c2a1a07a8cb88bb5ab0517bda26e473b	1196107	1304	2048	OPS/pages/page0021.xhtml
UAG	UAG:s0022	22	image022	OPS/images/08_X10000_000062_1_024_001.jpg	2951ec9601a381d6e42513a149ba49b8a8742eaf11a68bf1b04e7c5593d37a83	1201269	1304	2048	OPS/pages/page0022.xhtml
UAG	UAG:s0023	23	image023	OPS/images/08_X10000_000062_1_025_001.jpg	4e6fc81c9e381c80926fd5d55be28a7cd3f4c4ddc0e598a5ba7afc37ef3eab88	1150770	1304	2048	OPS/pages/page0023.xhtml
UAG	UAG:s0024	24	image024	OPS/images/08_X10000_000062_1_026_001.jpg	e33d6b0dbad4d21018189edbdfd81aaf5c995a5708d5544e7ae667bb6bb393ec	1203863	1304	2048	OPS/pages/page0024.xhtml
UAG	UAG:s0025	25	image025	OPS/images/08_X10000_000062_1_027_001.jpg	dd3799b1c469edba508956eca90acb415e8ab4fe98154deeb4b7ad1c8ccf4771	1201190	1304	2048	OPS/pages/page0025.xhtml
UAG	UAG:s0026	26	image026	OPS/images/08_X10000_000062_1_028_002.jpg	04d830c73d4d6a78ff5ed1a50cc586e32b1d2a28c74fb5816a06d4bf2dac5167	1088514	1304	2048	OPS/pages/page0026.xhtml
UAG	UAG:s0027	27	image027	OPS/images/08_X10000_000062_1_029_002.jpg	e816bfde8fd1ef7e8fe50d245b425aa3f26b4b9dc461d90d7791a6c9f4309b81	1096423	1304	2048	OPS/pages/page0027.xhtml
UAG	UAG:s0028	28	image028	OPS/images/08_X10000_000062_1_030_002.jpg	49d154d807fe41640496a2efd7521a9e6bbbcab5b579fe472985a191558475d2	1198833	1304	2048	OPS/pages/page0028.xhtml
UAG	UAG:s0029	29	image029	OPS/images/08_X10000_000062_1_031_001.jpg	084e4e3f09bea4e400ca1de77b1225ce16688eae471023f974a179064c914ecf	1072139	1304	2048	OPS/pages/page0029.xhtml
UAG	UAG:s0030	30	image030	OPS/images/08_X10000_000062_1_032_001.jpg	3d27cc94d5539cb6b4582f8250f4af81bd59c5946fb710415d8777547ed952a5	1137271	1304	2048	OPS/pages/page0030.xhtml
UAG	UAG:s0031	31	image031	OPS/images/08_X10000_000062_1_033_001.jpg	ef4f721c157398ac38544358d7e1a93ac52648e7da3080988ea733fd637ef6ad	1126444	1304	2048	OPS/pages/page0031.xhtml
UAG	UAG:s0032	32	image032	OPS/images/08_X10000_000062_1_034_001.jpg	b251142b59d562ad768ed0ddef552b38cd46b364757ad0e59b8597e621c2a750	1121479	1304	2048	OPS/pages/page0032.xhtml
UAG	UAG:s0033	33	image033	OPS/images/08_X10000_000062_1_035_001.jpg	c199a8797170a7e8190c21210b7e6b6c33e47596bbae298f7c86fc6ed0741f9a	1244615	1304	2048	OPS/pages/page0033.xhtml
UAG	UAG:s0034	34	image034	OPS/images/08_X10000_000062_1_036_001.jpg	7ce0067f255f0cf930aaf81c35ad3c9f54dcf3e821359bfdac10d49ec0905099	1083449	1304	2048	OPS/pages/page0034.xhtml
UAG	UAG:s0035	35	image035	OPS/images/08_X10000_000062_1_037_001.jpg	32c2734b2423fecb0fa578f720c569181249a765e3afa21e11dd356a7289906e	1001602	1304	2048	OPS/pages/page0035.xhtml
UAG	UAG:s0036	36	image036	OPS/images/08_X10000_000062_1_038_001.jpg	b1afceffa9ad662eb3ce9d96eb5094ca8792451f792168ad5ceacbd1f045685c	1085293	1304	2048	OPS/pages/page0036.xhtml
UAG	UAG:s0037	37	image037	OPS/images/08_X10000_000062_1_039_001.jpg	bc6466ef0bea1b9a7e563b082d29d6065019226ac218b09ea114f192f80f7b08	1166404	1304	2048	OPS/pages/page0037.xhtml
UAG	UAG:s0038	38	image038	OPS/images/08_X10000_000062_1_040_001.jpg	1e81a7d435b464cce5caf3c01c948078ee07dc6d21bf859c3aae9334749a581c	1104704	1304	2048	OPS/pages/page0038.xhtml
UAG	UAG:s0039	39	image039	OPS/images/08_X10000_000062_1_041_001.jpg	36b4bd8752e75c6fc3646cdd1806195ad5717ab721f45cb6b88f6f6a02e7e2e4	1212925	1304	2048	OPS/pages/page0039.xhtml
UAG	UAG:s0040	40	image040	OPS/images/08_X10000_000062_1_042_001.jpg	eafa15292b3f8719c604cd5ec710cc2016455aca9109d1628e3f8d91fbb34147	941532	1304	2048	OPS/pages/page0040.xhtml
UAG	UAG:s0041	41	image041	OPS/images/08_X10000_000062_1_043_001.jpg	165487ab132f39d8a212fe41b0e20c448652e327fe7d7ebe2c0f809741436601	1076199	1304	2048	OPS/pages/page0041.xhtml
UAG	UAG:s0042	42	image042	OPS/images/08_X10000_000062_1_044_001.jpg	0a72cf6c80cb8a2713d1643b3b77744e19dc0a1b6579e8ac8d49952248d8240c	1172837	1304	2048	OPS/pages/page0042.xhtml
UAG	UAG:s0043	43	image043	OPS/images/08_X10000_000062_1_045_001.jpg	22f9aa8b2c321857551169ac22133bb4883061cd6c4de570df504d645ea4b0d6	970308	1304	2048	OPS/pages/page0043.xhtml
UAG	UAG:s0044	44	image044	OPS/images/08_X10000_000062_1_046_001.jpg	2313a697b493253a6a29400686e5b53e40a09ebdf2d2ae0fd35e2ca6db7edf30	1035269	1304	2048	OPS/pages/page0044.xhtml
UAG	UAG:s0045	45	image045	OPS/images/08_X10000_000062_1_047_001.jpg	37353741875e42f2c9f10f1ea128106b7380528da0f3cd498296a23718772761	1157543	1304	2048	OPS/pages/page0045.xhtml
UAG	UAG:s0046	46	image046	OPS/images/08_X10000_000062_1_048_001.jpg	784d0bd41ece97be4d9d8380ef2be6400b35b6a09cc60afebe187e534f2bdea2	957690	1304	2048	OPS/pages/page0046.xhtml
UAG	UAG:s0047	47	image047	OPS/images/08_X10000_000062_1_049_001.jpg	97a0450d84cc42bfa8ac2fefdf5234a66672496dc5042c60129fe5c257cca634	1130192	1304	2048	OPS/pages/page0047.xhtml
UAG	UAG:s0048	48	image048	OPS/images/08_X10000_000062_1_050_001.jpg	c9f8f38aeb31374430bb719d3a6175014304be8e96abf36e3ff4035482977d76	1134130	1304	2048	OPS/pages/page0048.xhtml
UAG	UAG:s0049	49	image049	OPS/images/08_X10000_000062_1_051_001.jpg	9e725320f0307ebec4f7ff3915adf981eb851540efdcf33c07e6a7466de83da6	1203734	1304	2048	OPS/pages/page0049.xhtml
UAG	UAG:s0050	50	image050	OPS/images/08_X10000_000062_1_052_002.jpg	ef444de8954f41dde28048843a6b92aca90486ab7bdda4f06706919e853d2de7	1037865	1304	2048	OPS/pages/page0050.xhtml
UAG	UAG:s0051	51	image051	OPS/images/08_X10000_000062_1_053_001.jpg	349c4ded41108f4b8572f628b5aa3028507ae662815611aef9de5ecfcebb0beb	1229763	1304	2048	OPS/pages/page0051.xhtml
UAG	UAG:s0052	52	image052	OPS/images/08_X10000_000062_1_054_001.jpg	ae803b94a4a577eafe3389ecbc26a470226c1e1dbdda15d98e03f350e02a27a1	930926	1304	2048	OPS/pages/page0052.xhtml
UAG	UAG:s0053	53	image053	OPS/images/08_X10000_000062_1_055_001.jpg	5cdab038840928c76c4ec36949bfe0e69a8e9cd4fb331af0c899bbd957c3e804	1119214	1304	2048	OPS/pages/page0053.xhtml
UAG	UAG:s0054	54	image054	OPS/images/08_X10000_000062_1_056_001.jpg	931c5119a1568512b44a6c29818e19380f576695085ebb05ae27cb94bbce3d1c	1061428	1304	2048	OPS/pages/page0054.xhtml
UAG	UAG:s0055	55	image055	OPS/images/08_X10000_000062_1_057_001.jpg	d8c5770ac8ee13ac292194b8f9e499d85af2328c6220e8678ddd885ea7671fd2	1152263	1304	2048	OPS/pages/page0055.xhtml
UAG	UAG:s0056	56	image056	OPS/images/08_X10000_000062_1_058_002.jpg	d84e93b85db49da0bbf25bb0f89be30b7df8df6f213d8926dfdc8c6280eb969e	951833	1304	2048	OPS/pages/page0056.xhtml
UAG	UAG:s0057	57	image057	OPS/images/08_X10000_000062_1_059_001.jpg	e8adc21b2ad963d4298e97a8df7b631792b47cb6b400e85f0edbc35c865bb313	1116636	1304	2048	OPS/pages/page0057.xhtml
UAG	UAG:s0058	58	image058	OPS/images/08_X10000_000062_1_060_001.jpg	7d239e62375193a94e39bff915f7602940aa26b46ac967239ab82e1321cc0a90	1062596	1304	2048	OPS/pages/page0058.xhtml
UAG	UAG:s0059	59	image059	OPS/images/08_X10000_000062_1_061_001.jpg	a2c881afd9a7dcb12efa7ff95e31bf3b2664250a3c7a51770739b434dcf254a9	1131380	1304	2048	OPS/pages/page0059.xhtml
UAG	UAG:s0060	60	image060	OPS/images/08_X10000_000062_1_062_001.jpg	2b429bcb8c56852ab1613a08766868873ba5a4e99801215fc8ba54494c3a2cee	948444	1304	2048	OPS/pages/page0060.xhtml
UAG	UAG:s0061	61	image061	OPS/images/08_X10000_000062_1_063_001.jpg	147fe7ac2363bb9f40f01ebb9aff3f4ba046754fc7f5e8eccef6804f014a9713	1140419	1304	2048	OPS/pages/page0061.xhtml
UAG	UAG:s0062	62	image062	OPS/images/08_X10000_000062_1_064_001.jpg	9a9e98b02c2050fd9c7397e44a82ac915f45575995bb03b504285215e733fdc0	1017450	1304	2048	OPS/pages/page0062.xhtml
UAG	UAG:s0063	63	image063	OPS/images/08_X10000_000062_1_065_001.jpg	922c32a488edf88dcae67ddabf0fc21fbacf380a67f0fec76dc3c9b3e68e11d1	1097592	1304	2048	OPS/pages/page0063.xhtml
UAG	UAG:s0064	64	image064	OPS/images/08_X10000_000062_1_066_001.jpg	dd0ed505fd73682b12eb5a93c5cd34d44a07102a11d5d3cb6660e92f99151adb	1009190	1304	2048	OPS/pages/page0064.xhtml
UAG	UAG:s0065	65	image065	OPS/images/08_X10000_000062_1_067_001.jpg	54af65bf8796dd8bc186c5a3837fda21f220e0aa936aa0c1fc17d86e175653da	1119829	1304	2048	OPS/pages/page0065.xhtml
UAG	UAG:s0066	66	image066	OPS/images/08_X10000_000062_1_068_001.jpg	d229b9c3f6cbe806509df74983688cf36b5082a160d22a1aeafb74117d202e88	955526	1304	2048	OPS/pages/page0066.xhtml
UAG	UAG:s0067	67	image067	OPS/images/08_X10000_000062_1_069_001.jpg	a0736166f20fecfa99ba46921c7eef16f3557f3959bfdcce0396fc1717201640	1136974	1304	2048	OPS/pages/page0067.xhtml
UAG	UAG:s0068	68	image068	OPS/images/08_X10000_000062_1_070_001.jpg	aca8a4d2b6474506bbba196a8451fc2d7cdfa1729b8461c18e4450cafecbed90	924600	1304	2048	OPS/pages/page0068.xhtml
UAG	UAG:s0069	69	image069	OPS/images/08_X10000_000062_1_071_001.jpg	ff8a5647643db4039b64f2ea95f7aee1675e33459a48118890db6b525e9394af	1097934	1304	2048	OPS/pages/page0069.xhtml
UAG	UAG:s0070	70	image070	OPS/images/08_X10000_000062_1_072_001.jpg	a0d5d0e9d21ed969c10c8ff781314e262ce3b8428d0534cc8063a0eb54bd97c2	951444	1304	2048	OPS/pages/page0070.xhtml
UAG	UAG:s0071	71	image071	OPS/images/08_X10000_000062_1_073_002.jpg	048f398e20a84b9913ea46c2cbd039e60d4f54b390b6c388b37eb6f7b1c25a82	1145963	1304	2048	OPS/pages/page0071.xhtml
UAG	UAG:s0072	72	image072	OPS/images/08_X10000_000062_1_074_001.jpg	dc2e3889d75fb8b57b3322cb2817afab03b4ace05a01b265db5663e758963444	902059	1304	2048	OPS/pages/page0072.xhtml
UAG	UAG:s0073	73	image073	OPS/images/08_X10000_000062_1_075_001.jpg	8fa033ffa7886c22524f409553034b73b5757611363c9cc6c0ae6cfcb7524cd8	1140535	1304	2048	OPS/pages/page0073.xhtml
UAG	UAG:s0074	74	image074	OPS/images/08_X10000_000062_1_076_001.jpg	da19e2d0b5ba54dd33b50af3a251f92b6a8fe01e41c65abd319a0425fe3c9df0	944089	1304	2048	OPS/pages/page0074.xhtml
UAG	UAG:s0075	75	image075	OPS/images/08_X10000_000062_1_077_001.jpg	6be7ae36389133686bc7221fe92df7923bcf30e827213ac9d459e02a1c85d2f8	1157708	1304	2048	OPS/pages/page0075.xhtml
UAG	UAG:s0076	76	image076	OPS/images/08_X10000_000062_1_078_002.jpg	3e14f2299830a5911617131d49bdee98d639233fc7b3126363396169f3142f87	974801	1304	2048	OPS/pages/page0076.xhtml
UAG	UAG:s0077	77	image077	OPS/images/08_X10000_000062_1_079_001.jpg	79350d28eabf1edc4db72cd845bc62aa8e54394d54032fad0340889e631ac2d5	1131512	1304	2048	OPS/pages/page0077.xhtml
UAG	UAG:s0078	78	image078	OPS/images/08_X10000_000062_1_080_001.jpg	790b8f0c135f064ba67df68b8245836aaecd7e74b29dee1abd87977d8966f576	1044775	1304	2048	OPS/pages/page0078.xhtml
UAG	UAG:s0079	79	image079	OPS/images/08_X10000_000062_1_081_001.jpg	62a5c595f85783415e354742a3c165e7452654a0db76f445b51d62e895c62a9a	1088087	1304	2048	OPS/pages/page0079.xhtml
UAG	UAG:s0080	80	image080	OPS/images/08_X10000_000062_1_082_001.jpg	b01f0abbd52b0520301fdfc4ea7c5004972b81577f240ed9b531819e8ae39a62	1088176	1304	2048	OPS/pages/page0080.xhtml
UAG	UAG:s0081	81	image081	OPS/images/08_X10000_000062_1_083_001.jpg	3b36690e9566c0a0da05e9d79553514a2c78cd580263a163ff8c58ae42f8e296	956306	1304	2048	OPS/pages/page0081.xhtml
UAG	UAG:s0082	82	image082	OPS/images/08_X10000_000062_1_084_001.jpg	04abfd96c4b988ba9db5f749d94ad7f2c6c7d2d09d7e5903f82f6f6b6462c8ae	1078945	1304	2048	OPS/pages/page0082.xhtml
UAG	UAG:s0083	83	image083	OPS/images/08_X10000_000062_1_085_001.jpg	9953db68dc5b301cf9218f73838870403975b37169eb53b6b552dc1880478cd9	1141066	1304	2048	OPS/pages/page0083.xhtml
UAG	UAG:s0084	84	image084	OPS/images/08_X10000_000062_1_086_001.jpg	218124059f38fe60d9f3499c396c116227e1839d6f5550006777a1d68e8a7324	1055169	1304	2048	OPS/pages/page0084.xhtml
UAG	UAG:s0085	85	image085	OPS/images/08_X10000_000062_1_087_001.jpg	a3b2a6b2cddf97e16c1716d818080bb208c841ece4ec37dbf9600a792ccb10c7	1021065	1304	2048	OPS/pages/page0085.xhtml
UAG	UAG:s0086	86	image086	OPS/images/08_X10000_000062_1_088_001.jpg	d0c46b0ceb85efdaebc1c01ba74444713192a5a1f173f6fd5d1985ee97bc1bf6	969091	1304	2048	OPS/pages/page0086.xhtml
UAG	UAG:s0087	87	image087	OPS/images/08_X10000_000062_1_089_001.jpg	d76e6b546ba988a04504c9c8748875d33d7fa78f9b413740062cd6e631924fe9	1001845	1304	2048	OPS/pages/page0087.xhtml
UAG	UAG:s0088	88	image088	OPS/images/08_X10000_000062_1_090_001.jpg	986e560b5f77fdc80c2817b5de30bd86dc6fe113324b448e6204136dcffe2ab5	962519	1304	2048	OPS/pages/page0088.xhtml
UAG	UAG:s0089	89	image089	OPS/images/08_X10000_000062_1_091_001.jpg	7791d7379f63f3f844adbb1ad7e098bd3536d0ac3e81cfe4c5d007b165b5916b	1132234	1304	2048	OPS/pages/page0089.xhtml
UAG	UAG:s0090	90	image090	OPS/images/08_X10000_000062_1_092_001.jpg	e9190f0a7237fc71e70d05c7b1d5881c7409600b19a4ecfa917177de297b3232	1118401	1304	2048	OPS/pages/page0090.xhtml
UAG	UAG:s0091	91	image091	OPS/images/08_X10000_000062_1_093_001.jpg	48cd2826359f3e097d1ec5c7893b2a04abd5cc19d48eeb0e86cfceb440fa9dd7	1131003	1304	2048	OPS/pages/page0091.xhtml
UAG	UAG:s0092	92	image092	OPS/images/08_X10000_000062_1_094_002.jpg	d96e853cf2054b4ba7d0065cb5a4c1a9bc51b38f8f346c8360239dd0075af1d0	1002769	1304	2048	OPS/pages/page0092.xhtml
UAG	UAG:s0093	93	image093	OPS/images/08_X10000_000062_1_095_001.jpg	1b16928eb20c2b868e3372db099370f02885d27d12f77b037020f4da7e54cc2c	1135057	1304	2048	OPS/pages/page0093.xhtml
UAG	UAG:s0094	94	image094	OPS/images/08_X10000_000062_1_096_001.jpg	738812961d72d390401bf9dbcbf15ec1f42a5bc5aba6e91458e547882486af1b	1182516	1304	2048	OPS/pages/page0094.xhtml
UAG	UAG:s0095	95	image095	OPS/images/08_X10000_000062_1_097_001.jpg	2505b5d7f4a6308651cf326fedff98eb0b9cec7cacbdef1b063ef20899e70e94	1086539	1304	2048	OPS/pages/page0095.xhtml
UAG	UAG:s0096	96	image096	OPS/images/08_X10000_000062_1_098_001.jpg	21e54481810f88d603e87645aacc3f6e48dd8432193b50a622b891d00def42ae	996025	1304	2048	OPS/pages/page0096.xhtml
UAG	UAG:s0097	97	image097	OPS/images/08_X10000_000062_1_099_001.jpg	cd16b51075a8c8e45982d926288bdd0ac60942ae2e15527c821574f6492f6d9a	1133743	1304	2048	OPS/pages/page0097.xhtml
UAG	UAG:s0098	98	image098	OPS/images/08_X10000_000062_1_100_001.jpg	b0a54dbc397dd946ba220e717ec33f5a91138a9a8f917fbb2e8ed4272b519a22	886303	1304	2048	OPS/pages/page0098.xhtml
UAG	UAG:s0099	99	image099	OPS/images/08_X10000_000062_1_101_001.jpg	24dc267713e9b4107a20d883ef9eacdb02f3086dd9673db21e537978b7972526	918929	1304	2048	OPS/pages/page0099.xhtml
UAG	UAG:s0100	100	image100	OPS/images/08_X10000_000062_1_102_001.jpg	59fda9465a2f7a104ef1bedf319d7585d3b4c25a092ec0357491e62145610eff	932541	1304	2048	OPS/pages/page0100.xhtml
UAG	UAG:s0101	101	image101	OPS/images/08_X10000_000062_1_103_001.jpg	f3c8589292963787f9fcedb12ec5a952bf30ed1716e50e649f8dbf039b2492e4	987845	1304	2048	OPS/pages/page0101.xhtml
UAG	UAG:s0102	102	image102	OPS/images/08_X10000_000062_1_104_001.jpg	cc1a4fc0bbd45883aa037ed4af77e2d82f6f260d50d12b199522b6b13429df9e	1004003	1304	2048	OPS/pages/page0102.xhtml
UAG	UAG:s0103	103	image103	OPS/images/08_X10000_000062_1_105_001.jpg	9dc6f700b2e5581f6071aeccb9dcde03e88b5bff11ba8763f9a014782824ae30	1092461	1304	2048	OPS/pages/page0103.xhtml
UAG	UAG:s0104	104	image104	OPS/images/08_X10000_000062_1_106_001.jpg	6407781bfc86c181e625f2145260cf844ef0f6321fd8ab546889089f74a929e9	1049133	1304	2048	OPS/pages/page0104.xhtml
UAG	UAG:s0105	105	image105	OPS/images/08_X10000_000062_1_107_001.jpg	0e7485cb1a5486e808efd85da923ee72493fc33142f20134a8d6a5d40bc87df5	1084937	1304	2048	OPS/pages/page0105.xhtml
UAG	UAG:s0106	106	image106	OPS/images/08_X10000_000062_1_108_001.jpg	d35e8b7e73b9c9b99a2b990cf7c41597b8a701887aed28e5d46a9ffa3e8b2d8a	1046641	1304	2048	OPS/pages/page0106.xhtml
UAG	UAG:s0107	107	image107	OPS/images/08_X10000_000062_1_109_001.jpg	9372a827a4d9cb127d295809fa4c718aeae2da2a525321095a0b5bed7f9790c0	962791	1304	2048	OPS/pages/page0107.xhtml
UAG	UAG:s0108	108	image108	OPS/images/08_X10000_000062_1_110_001.jpg	b04b981e0abf3e45f231b849da1b603b84bc8c33ee00f8a96abf9f96813153d7	1091348	1304	2048	OPS/pages/page0108.xhtml
UAG	UAG:s0109	109	image109	OPS/images/08_X10000_000062_1_111_001.jpg	58f8a1a954bbfe67d889aaa279ea0522617316b366ef2e74bf4f48913e1c8f83	912440	1304	2048	OPS/pages/page0109.xhtml
UAG	UAG:s0110	110	image110	OPS/images/08_X10000_000062_1_112_001.jpg	e03b496fd1a48963f298a897f8540ed94df844d62751c966c36e1d51480901e9	1081805	1304	2048	OPS/pages/page0110.xhtml
UAG	UAG:s0111	111	image111	OPS/images/08_X10000_000062_1_113_001.jpg	cbd471d8a7aaadcea15c3dcd6016bdb6ba08d2c3c1fa0ce6c632c1f755596d33	1104612	1304	2048	OPS/pages/page0111.xhtml
UAG	UAG:s0112	112	image112	OPS/images/08_X10000_000062_1_114_001.jpg	2f97805671ad5f91fbf6b3784f00bf03f2eb375dabd93ea49539209c528c045b	1125696	1304	2048	OPS/pages/page0112.xhtml
UAG	UAG:s0113	113	image113	OPS/images/08_X10000_000062_1_115_001.jpg	e5eca431241172f2fbfd3ed38e4652c82e4fe7eb0d7301c67cc82de1c29dc3ee	1201482	1304	2048	OPS/pages/page0113.xhtml
UAG	UAG:s0114	114	image114	OPS/images/08_X10000_000062_1_116_001.jpg	7b9f0f006de6ae8e8ad7ad0d31b184175ed30fa950c0fb8dbb860fb4414f9739	966015	1304	2048	OPS/pages/page0114.xhtml
UAG	UAG:s0115	115	image115	OPS/images/08_X10000_000062_1_117_001.jpg	489a810d29cd787b428b01dca6beaf124fa9db7187eb413c30125f71fbc92279	1204624	1304	2048	OPS/pages/page0115.xhtml
UAG	UAG:s0116	116	image116	OPS/images/08_X10000_000062_1_118_001.jpg	9c71aaa965c512756eaacac39037855f4be32c54f6468160a8df4c41946be77e	1103174	1304	2048	OPS/pages/page0116.xhtml
UAG	UAG:s0117	117	image117	OPS/images/08_X10000_000062_1_119_001.jpg	70f56a0c22fc6198a975b0027b3f233c1f0dd85ee7ece7d073e1477d94ddf0ce	1051966	1304	2048	OPS/pages/page0117.xhtml
UAG	UAG:s0118	118	image118	OPS/images/08_X10000_000062_1_120_001.jpg	1a6bf657b474f55cedc78b4d8fd636df6e2321c8330edee7778da24e3aac82f8	1059324	1304	2048	OPS/pages/page0118.xhtml
UAG	UAG:s0119	119	image119	OPS/images/08_X10000_000062_1_121_001.jpg	c7e9b7f49906c50e8684a28f7b309000b3b7806c767abb167b7592e1a17ee607	1014206	1304	2048	OPS/pages/page0119.xhtml
UAG	UAG:s0120	120	image120	OPS/images/08_X10000_000062_1_122_001.jpg	27620f3b8798b5459dba2e808cefe353484ccea4dfac5a75d76d19d4145e8378	1000679	1304	2048	OPS/pages/page0120.xhtml
UAG	UAG:s0121	121	image121	OPS/images/08_X10000_000062_1_123_001.jpg	9430ef3d7ccbd11891b0bf4975aee767553418b6f416778b6a793005537e67de	1037200	1304	2048	OPS/pages/page0121.xhtml
UAG	UAG:s0122	122	image122	OPS/images/08_X10000_000062_1_124_001.jpg	8d8ac70456132ce4e96997791c8fad37a9b1053a69eb5b975f0055ad84ca7cd7	1037177	1304	2048	OPS/pages/page0122.xhtml
UAG	UAG:s0123	123	image123	OPS/images/08_X10000_000062_1_125_001.jpg	a3a6803cb9a9ba794a586a56872c137dfd9fcadfbe684fdaa81b758ec2bc1e1d	1082110	1304	2048	OPS/pages/page0123.xhtml
UAG	UAG:s0124	124	image124	OPS/images/08_X10000_000062_1_126_001.jpg	483ee207f1abfbc59632307752bc9bb713692c853943b3186073165dd8076862	907594	1304	2048	OPS/pages/page0124.xhtml
UAG	UAG:s0125	125	image125	OPS/images/08_X10000_000062_1_127_001.jpg	fc454233505537c9055c3c0e57942e8d04050baa61042c272fb9d841abd39683	1080952	1304	2048	OPS/pages/page0125.xhtml
UAG	UAG:s0126	126	image126	OPS/images/08_X10000_000062_1_128_001.jpg	e27f4e85bede1b1c4ed8da0d113392290d1f38bbd4acb7c92b02a6fbcdb1b451	1011349	1304	2048	OPS/pages/page0126.xhtml
UAG	UAG:s0127	127	image127	OPS/images/08_X10000_000062_1_129_001.jpg	acd749d7bd2ff7c0e3488238f686d406bb8a85bc3de7646ad1936c97bb30fb25	1108527	1304	2048	OPS/pages/page0127.xhtml
UAG	UAG:s0128	128	image128	OPS/images/08_X10000_000062_1_130_001.jpg	85d113c398f594362accb7052c10be300d2091d77f166b72be91ddc08d8a1216	1029411	1304	2048	OPS/pages/page0128.xhtml
UAG	UAG:s0129	129	image129	OPS/images/08_X10000_000062_1_131_001.jpg	7e3b87cffbf524d679a0fbd3916fa96e04cbccdef3441508f63127cce1d782c3	1141027	1304	2048	OPS/pages/page0129.xhtml
UAG	UAG:s0130	130	image130	OPS/images/08_X10000_000062_1_132_001.jpg	72cba436f35d58ed529fd8d7925ab0779f5ba1aa246015934fb46fb4db5421ce	985153	1304	2048	OPS/pages/page0130.xhtml
UAG	UAG:s0131	131	image131	OPS/images/08_X10000_000062_1_133_001.jpg	3a4642ef781b64a6252450c0982dc08e4f493788258a9802a334c36d16bd54c8	1075125	1304	2048	OPS/pages/page0131.xhtml
UAG	UAG:s0132	132	image132	OPS/images/08_X10000_000062_1_134_001.jpg	f7fa4f24f842c9025dfacae1c18f9c26e9429bc2d5a1cb54e055456e5beda68c	1024943	1304	2048	OPS/pages/page0132.xhtml
UAG	UAG:s0133	133	image133	OPS/images/08_X10000_000062_1_135_001.jpg	59d41dd0ab48cce91b6358f2a2a2ea2f54f843a6b9fb42017e1e865b6741aa56	1120909	1304	2048	OPS/pages/page0133.xhtml
UAG	UAG:s0134	134	image134	OPS/images/08_X10000_000062_1_136_001.jpg	99472fab712823bedbe54f8c6ea1897efb54a999c821496bfb49096679b844fe	987767	1304	2048	OPS/pages/page0134.xhtml
UAG	UAG:s0135	135	image135	OPS/images/08_X10000_000062_1_137_001.jpg	a797c33a8b6d76c2c32b7f93e3046e8ae8a521da25993875ba576008aa56ebfa	1149706	1304	2048	OPS/pages/page0135.xhtml
UAG	UAG:s0136	136	image136	OPS/images/08_X10000_000062_1_138_001.jpg	05dd8d991a9888a6be6cdddf0a98179b7e812eea4e678eb8d3484d131a3c6e6b	872230	1304	2048	OPS/pages/page0136.xhtml
UAG	UAG:s0137	137	image137	OPS/images/08_X10000_000062_1_139_001.jpg	8038374b121302ee8ee2e40436c4203490211a1183d9f79a2d6ebe2699cde36d	1106321	1304	2048	OPS/pages/page0137.xhtml
UAG	UAG:s0138	138	image138	OPS/images/08_X10000_000062_1_140_001.jpg	6d001a2912882ea7e3593c36a4aefcd3ab70f860d66067d36eddb5b364d311d5	873187	1304	2048	OPS/pages/page0138.xhtml
UAG	UAG:s0139	139	image139	OPS/images/08_X10000_000062_1_141_001.jpg	29b08407b2da91b1fdc6775d298830eeec2abbb945002095e567738a0d53c68c	926413	1304	2048	OPS/pages/page0139.xhtml
UAG	UAG:s0140	140	image140	OPS/images/08_X10000_000062_1_142_001.jpg	ee428c151287fd1def2eb067fedababf322ecdc67d92a636eed8ecaac0c33c38	990208	1304	2048	OPS/pages/page0140.xhtml
UAG	UAG:s0141	141	image141	OPS/images/08_X10000_000062_1_143_001.jpg	97e1af428202ce5fc9809fc0e855f58df017b77f6d376bff2603a84d14ea0af3	1090388	1304	2048	OPS/pages/page0141.xhtml
UAG	UAG:s0142	142	image142	OPS/images/08_X10000_000062_1_144_001.jpg	1bfe76cab754c9a112c255dfd8d99ca3d9005b0c463c8c3cf81df80504dc1ca6	1113850	1304	2048	OPS/pages/page0142.xhtml
UAG	UAG:s0143	143	image143	OPS/images/08_X10000_000062_1_145_001.jpg	d5b21cb0361a86a2b8a43254c88508be21df19bb4e1aa095fc8b7accda3bc78c	1009237	1304	2048	OPS/pages/page0143.xhtml
UAG	UAG:s0144	144	image144	OPS/images/08_X10000_000062_1_146_001.jpg	9f42a3f0e2505f8c69265d04a096b6e02fa2dd249803b2dbf81de5147ae23238	945516	1304	2048	OPS/pages/page0144.xhtml
UAG	UAG:s0145	145	image145	OPS/images/08_X10000_000062_1_147_001.jpg	c35b8a6f0b6fd323aee13e8cd8b402bc7b9fc8e39fcfd122bde27d90c12cd4b5	901261	1304	2048	OPS/pages/page0145.xhtml
UAG	UAG:s0146	146	image146	OPS/images/08_X10000_000062_1_148_001.jpg	aaa1e2356f0adb6d13e5c8882beb24d5386fbd05591d65a78869fd9122ce3fc8	963000	1304	2048	OPS/pages/page0146.xhtml
UAG	UAG:s0147	147	image147	OPS/images/08_X10000_000062_1_149_001.jpg	2b58dbb7ac83ec2161ae895c3178ca09cc88f518b1847f7c55d4ecab4953a449	951919	1304	2048	OPS/pages/page0147.xhtml
UAG	UAG:s0148	148	image148	OPS/images/08_X10000_000062_1_150_001.jpg	13bd56ec23629719e32b055ec890f6f1dafdc01c8078071ea5d019e13f342cb9	912287	1304	2048	OPS/pages/page0148.xhtml
UAG	UAG:s0149	149	image149	OPS/images/08_X10000_000062_1_151_001.jpg	89523b2fa34ec9ca8e4b559d1dc3d777284fc973458f094ce2a776a3f4bf5427	976248	1304	2048	OPS/pages/page0149.xhtml
UAG	UAG:s0150	150	image150	OPS/images/08_X10000_000062_1_152_001.jpg	cc10443a23d2dc66c621598366a620ecfcf0f8aa79589b87ab83aa02e2a7828a	1079188	1304	2048	OPS/pages/page0150.xhtml
UAG	UAG:s0151	151	image151	OPS/images/08_X10000_000062_1_153_001.jpg	6895a05c0ecbd007efcf3df05f6e94784cf680d05e7efbe68e75de776f5f7e17	1045688	1304	2048	OPS/pages/page0151.xhtml
UAG	UAG:s0152	152	image152	OPS/images/08_X10000_000062_1_154_001.jpg	ee4efcc905e2aa79777bf02cd4278923897c744da6aeb772f5b80040dcc32e07	931832	1304	2048	OPS/pages/page0152.xhtml
UAG	UAG:s0153	153	image153	OPS/images/08_X10000_000062_1_155_001.jpg	adcfd814c2df7304d52acb9849342a4a4b97b771affb112cfc2281fe9dcb3310	1069368	1304	2048	OPS/pages/page0153.xhtml
UAG	UAG:s0154	154	image154	OPS/images/08_X10000_000062_1_156_001.jpg	99f8026da5fd097579419744f6988623ae7eca91feb11da5eb23af2aac474bf2	928584	1304	2048	OPS/pages/page0154.xhtml
UAG	UAG:s0155	155	image155	OPS/images/08_X10000_000062_1_157_001.jpg	df8f038f32aaaa32c41f6374616d6a3467362977653cdadbef5356bcd36d42e3	889241	1304	2048	OPS/pages/page0155.xhtml
UAG	UAG:s0156	156	image156	OPS/images/08_X10000_000062_1_158_001.jpg	d05cd3c5a67e92539b6ecc6c64c61919978eca73b148e9701f7b58546a672581	879246	1304	2048	OPS/pages/page0156.xhtml
UAG	UAG:s0157	157	image157	OPS/images/08_X10000_000062_1_159_001.jpg	f71c3060b3f8af18dd4c410667cd8f6eadd3c26afe0687986e8c2591304f0510	1041608	1304	2048	OPS/pages/page0157.xhtml
UAG	UAG:s0158	158	image158	OPS/images/08_X10000_000062_1_160_001.jpg	e20c3c1762d6b15c8917a1a225a88055f0c503970ab130f5f1a46236113a194f	902794	1304	2048	OPS/pages/page0158.xhtml
UAG	UAG:s0159	159	image159	OPS/images/08_X10000_000062_1_161_001.jpg	d27ddc673d4bb13222e30b4123de69f5e0981e526ad1894ef2cd31211187d17a	919229	1304	2048	OPS/pages/page0159.xhtml
UAG	UAG:s0160	160	image160	OPS/images/08_X10000_000062_1_162_001.jpg	19562c0dc037314acbbc9b761b7de65ccfbf693fc320e2230298eeec121a95d6	1049462	1304	2048	OPS/pages/page0160.xhtml
UAG	UAG:s0161	161	image161	OPS/images/08_X10000_000062_1_163_001.jpg	8f06e538d69c61b8a4f273331f1033dce87e6d53159a3bdc77e114dedd29f43e	936179	1304	2048	OPS/pages/page0161.xhtml
UAG	UAG:s0162	162	image162	OPS/images/08_X10000_000062_1_164_001.jpg	c5d8dc97d12d59e9bed8215c93af67ab56d932ea048b67d5c7bd7267a49568d4	1040559	1304	2048	OPS/pages/page0162.xhtml
UAG	UAG:s0163	163	image163	OPS/images/08_X10000_000062_1_165_001.jpg	665be6754d41a07f7be3900196ade05be21e5ab1160aae7c4a8d9e75a1bddd27	869937	1304	2048	OPS/pages/page0163.xhtml
UAG	UAG:s0164	164	image164	OPS/images/08_X10000_000062_1_166_001.jpg	b4a6d5075ce5a34306701016f10486a76dd63607ed2c5a22e791ff037927031d	978324	1304	2048	OPS/pages/page0164.xhtml
UAG	UAG:s0165	165	image165	OPS/images/08_X10000_000062_1_167_001.jpg	7518221dd307159a7dc8bb3472f91c5c15cd3e38e17a4783ccf0a4e90f0ae45d	1223952	1304	2048	OPS/pages/page0165.xhtml
UAG	UAG:s0166	166	image166	OPS/images/08_X10000_000062_1_168_001.jpg	526893de63e9ec538494b08cc470b3572c82d2b9cd2df1f0fa45c0305edcebf3	1114604	1304	2048	OPS/pages/page0166.xhtml
UAG	UAG:s0167	167	image167	OPS/images/08_X10000_000062_1_169_001.jpg	e5689b852726a2aec514694d434d8caee481f3c21791edcaf18ffec090a02e10	1231771	1304	2048	OPS/pages/page0167.xhtml
UAG	UAG:s0168	168	image168	OPS/images/08_X10000_000062_1_170_001.jpg	ab3fb274a84604463d7260a8fb8728cbcc66c8e30caabfdb3a7e98344e47333e	1161557	1304	2048	OPS/pages/page0168.xhtml
UAG	UAG:s0169	169	image169	OPS/images/08_X10000_000062_1_171_001.jpg	f78bc4becece1ee5c12cfa3c6afe0fb6a45070ba1c28108b91229d402c175b36	1207058	1304	2048	OPS/pages/page0169.xhtml
UAG	UAG:s0170	170	image170	OPS/images/08_X10000_000062_1_172_001.jpg	86ffe34fe28e2c7df0a5796dc0706c5d49e1cc01930feea8d9f929e66e2102eb	980112	1304	2048	OPS/pages/page0170.xhtml
UAG	UAG:s0171	171	image171	OPS/images/08_X10000_000062_1_173_001.jpg	84e38bc64e780db5bce7850e43c62600e97189bac76126c4adef12a6829e254e	1150053	1304	2048	OPS/pages/page0171.xhtml
UAG	UAG:s0172	172	image172	OPS/images/08_X10000_000062_1_174_001.jpg	ae55dd1c44611dece23159e9db10d459d475071921942e2509b851f19b427cec	1056931	1304	2048	OPS/pages/page0172.xhtml
UAG	UAG:s0173	173	image173	OPS/images/08_X10000_000062_1_175_001.jpg	6146c4d615d3e0c20ea976db6ff51b99531462249b9aa075a007585bcd598590	1205448	1304	2048	OPS/pages/page0173.xhtml
UAG	UAG:s0174	174	image174	OPS/images/08_X10000_000062_1_176_001.jpg	7b25e00787a1b36c7a812e90910b8ad0a41f80dfe1b7b0543d3c715f507612ba	1045311	1304	2048	OPS/pages/page0174.xhtml
UAG	UAG:s0175	175	image175	OPS/images/08_X10000_000062_1_177_001.jpg	a607580e9b15f56e8da64c50332a89b4f0ba55c4ae5b2dbe263da6188ba117bb	1139320	1304	2048	OPS/pages/page0175.xhtml
UAG	UAG:s0176	176	image176	OPS/images/08_X10000_000062_1_178_001.jpg	c5a434dd81bbfe001e2253a5522cc5babd32d54747f7b4f16dab5aff3a1fbe8d	1195445	1304	2048	OPS/pages/page0176.xhtml
UAG	UAG:s0177	177	image177	OPS/images/08_X10000_000062_1_179_001.jpg	8609c2413d765003bb43a0636487fdd29b09d54968f866665250c40e632564c0	1281850	1304	2048	OPS/pages/page0177.xhtml
UAG	UAG:s0178	178	image178	OPS/images/08_X10000_000062_1_180_001.jpg	fdb486f0a0ecbd35f9c50912f1a99566bed071116754869d6833085582e93b35	998566	1304	2048	OPS/pages/page0178.xhtml
UAG	UAG:s0179	179	image179	OPS/images/08_X10000_000062_1_181_001.jpg	b932cb168a1e5e90a5e08991695ef4c40f2afe87bd192b2a01e081ad3a220ed2	1166288	1304	2048	OPS/pages/page0179.xhtml
UAG	UAG:s0180	180	image180	OPS/images/08_X10000_000062_1_182_001.jpg	13153745865f18e7b84d748d216f7162d66729583a9f3d3ccac44c0660f9a065	1219401	1304	2048	OPS/pages/page0180.xhtml
UAG	UAG:s0181	181	image181	OPS/images/08_X10000_000062_1_183_001.jpg	a5540dce3fbb3860b5d31a0729a98e304505972742d13874e415e6704d312683	959367	1304	2048	OPS/pages/page0181.xhtml
UAG	UAG:s0182	182	image182	OPS/images/08_X10000_000062_1_184_001.jpg	a812b2dbbcd82c2b58d74c3998dfa109bbe26d75eca3453ec34a0280fb124d1b	1156908	1304	2048	OPS/pages/page0182.xhtml
UAG	UAG:s0183	183	image183	OPS/images/08_X10000_000062_1_185_001.jpg	d1b3be3e7fec5fea709ee55fc54fb986ccb88c1810315a3093280b41e287c6f8	1145945	1304	2048	OPS/pages/page0183.xhtml
UAG	UAG:s0184	184	image184	OPS/images/08_X10000_000062_1_186_001.jpg	b9d3608c193f26e865b0b91c7979f087e259e6f895dcb1bfa1904329a3a228ff	1004534	1304	2048	OPS/pages/page0184.xhtml
UAG	UAG:s0185	185	image185	OPS/images/08_X10000_000062_1_187_001.jpg	9a417c896a39cc6b94f6413dd402e25f26679f0f31e4c01aaaeb46a2903205c0	1118277	1304	2048	OPS/pages/page0185.xhtml
UAG	UAG:s0186	186	image186	OPS/images/08_X10000_000062_1_188_001.jpg	6d82558ba8befbafc29ac4117eb12f98a65ce7af9314faaaeb4e0613a5b06f52	1131738	1304	2048	OPS/pages/page0186.xhtml
UAG	UAG:s0187	187	image187	OPS/images/08_X10000_000062_1_189_001.jpg	562d4958d57a06982ac6861faa596ca62e1e716a659d36a64b23e1aba4ce07c0	1135825	1304	2048	OPS/pages/page0187.xhtml
UAG	UAG:s0188	188	image188	OPS/images/08_X10000_000062_1_190_001.jpg	6da8ac2138660e7d1323e08fef76a6c15093c8ad7a6af8b982055c0184642ae2	1190886	1304	2048	OPS/pages/page0188.xhtml
UAG	UAG:s0189	189	image189	OPS/images/08_X10000_000062_1_191_001.jpg	0df865ff14e78275c4d006710c7424117fe3b6247e111b81d28f3062704ac637	1157677	1304	2048	OPS/pages/page0189.xhtml
UAG	UAG:s0190	190	image190	OPS/images/08_X10000_000062_1_192_001.jpg	6a158660024c016faefdeb710d1432f2e8b665fa290dc89483a525c9201c1ba1	1141132	1304	2048	OPS/pages/page0190.xhtml
UAG	UAG:s0191	191	image191	OPS/images/08_X10000_000062_1_193_001.jpg	b3e2f504bccac43e0d85c3be0980b044f4450cef8b8ffa6ed94b6b89f0793b88	1210275	1304	2048	OPS/pages/page0191.xhtml
UAG	UAG:s0192	192	image192	OPS/images/08_X10000_000062_1_194_001.jpg	8037d0148f8ca1d2f371e3b07432ab4cc6e47ecfece956fb16337378dddfe742	1129702	1304	2048	OPS/pages/page0192.xhtml
UAG	UAG:s0193	193	image193	OPS/images/08_X10000_000062_1_195_001.jpg	51ddc76b1bbc062494af32d07f872fd03b3e2af92905c930b51302e169ff8dbe	1191212	1304	2048	OPS/pages/page0193.xhtml
UAG	UAG:s0194	194	image194	OPS/images/08_X10000_000062_1_196_001.jpg	e1dbed7e9805a549659084a4bf15a764248247189901a37092006053738c0021	1102098	1304	2048	OPS/pages/page0194.xhtml
UAG	UAG:s0195	195	image195	OPS/images/08_X10000_000062_1_197_001.jpg	3eda5789633c5e3f83c32d4594b6fa6a7d3981a36adcc6e068c5a43ba17df178	1219211	1304	2048	OPS/pages/page0195.xhtml
UAG	UAG:s0196	196	image196	OPS/images/08_X10000_000062_1_198_001.jpg	2de98d841e50504e65d8921781ac952170961bfff3b66e04431e505a7a337432	1091075	1304	2048	OPS/pages/page0196.xhtml
UAG	UAG:s0197	197	image197	OPS/images/08_X10000_000062_1_199_001.jpg	d0cfdb8f680d9f167716802fd01040f874355fbee37490a565499d6efb7b799f	1129924	1304	2048	OPS/pages/page0197.xhtml
UAG	UAG:s0198	198	image198	OPS/images/08_X10000_000062_1_200_001.jpg	f3ee42e6ec803da12d50c7fb4135b3f420ccb00a97e50d7f301224cb87bad6f5	1109446	1304	2048	OPS/pages/page0198.xhtml
UAG	UAG:s0199	199	image199	OPS/images/08_X10000_000062_1_201_001.jpg	e63f491f63c53df93f5c2fdd6abc1973bdf664fbc42f830a7f66cb6e96cccd4d	1151190	1304	2048	OPS/pages/page0199.xhtml
UAG	UAG:s0200	200	image200	OPS/images/08_X10000_000062_1_202_001.jpg	92320bc3f7f14183a5ada94c0e66d54d2185aed8cc4640e812282c2a7b1907eb	1128075	1304	2048	OPS/pages/page0200.xhtml
UAG	UAG:s0201	201	image201	OPS/images/08_X10000_000062_1_203_001.jpg	f0db20ab7d8dc4b1580214c3c5d8764fb90883dbe973bb43424545c7efa546ad	1162640	1304	2048	OPS/pages/page0201.xhtml
UAG	UAG:s0202	202	image202	OPS/images/08_X10000_000062_1_204_001.jpg	4b365b07d74717c28b59a89ecbaa695caf1af378727682dbdced436ac0c31cd1	1102503	1304	2048	OPS/pages/page0202.xhtml
UAG	UAG:s0203	203	image203	OPS/images/08_X10000_000062_1_205_001.jpg	8adfb2edc5d36cfea3938a35d47a7855385ab50b9cd575ac760d5846313bbc3f	1148951	1304	2048	OPS/pages/page0203.xhtml
UAG	UAG:s0204	204	image204	OPS/images/08_X10000_000062_1_206_001.jpg	258f7f03b4f613a23a417ee606e8523f3cb74b21dd75f3e54a32c111b1f67913	1126460	1304	2048	OPS/pages/page0204.xhtml
UAG	UAG:s0205	205	image205	OPS/images/08_X10000_000062_1_207_001.jpg	91da209289a1b222086bcec61e613beef4bde1df2f5dde254dfef6eb6f252eb3	961000	1304	2048	OPS/pages/page0205.xhtml
UAG	UAG:s0206	206	image206	OPS/images/08_X10000_000062_1_208_001.jpg	3bb39aaf51e86208b64cea52950c3647af61347c8d19e9c0dcf472bf122f9371	1181466	1304	2048	OPS/pages/page0206.xhtml
UAG	UAG:s0207	207	image207	OPS/images/08_X10000_000062_1_209_001.jpg	f7069d3b1da523306124158415e23eedffedf56dc6d583b7171fdc7c9e8fab2c	1207215	1304	2048	OPS/pages/page0207.xhtml
UAG	UAG:s0208	208	image208	OPS/images/08_X10000_000062_1_210_001.jpg	8223cd0447093cc90763621176845e816100bf8d1155be6c71b4b6f9b59733ed	1114485	1304	2048	OPS/pages/page0208.xhtml
UAG	UAG:s0209	209	image209	OPS/images/08_X10000_000062_1_211_001.jpg	c20a28f0327f44c3d54b5649c4201fe129bd9019c1ff6c5eb8e768fefe728dde	1183067	1304	2048	OPS/pages/page0209.xhtml
UAG	UAG:s0210	210	image210	OPS/images/08_X10000_000062_1_212_001.jpg	0c6fcff1b6d7df21a55144ddd548d680743f77b83825a12ad5350b2e74c5299c	1136756	1304	2048	OPS/pages/page0210.xhtml
UAG	UAG:s0211	211	image211	OPS/images/08_X10000_000062_1_213_001.jpg	65a732336c2c7430671d2956126aec9698e050d3068ac34c9a2c1e17b43e7b1b	1168837	1304	2048	OPS/pages/page0211.xhtml
UAG	UAG:s0212	212	image212	OPS/images/08_X10000_000062_1_214_001.jpg	dd7116695c69671d944ee1c4a8d47d914cc308d1d3e26acdeecd0488439d27d8	1044444	1304	2048	OPS/pages/page0212.xhtml
UAG	UAG:s0213	213	image213	OPS/images/08_X10000_000062_1_215_001.jpg	e5d4595b6285cf98b7cb4a182b5a223ea0054e27ee1c17fc3f5b7ada2d7916ad	1081443	1304	2048	OPS/pages/page0213.xhtml
UAG	UAG:s0214	214	image214	OPS/images/08_X10000_000062_1_216_001.jpg	2f2d358d7c5d2651463da788a361fb6b89206a273c57f4d90963fb611a67a3fa	1088420	1304	2048	OPS/pages/page0214.xhtml
UAG	UAG:s0215	215	image215	OPS/images/08_X10000_000062_1_217_001.jpg	7e1b2b3b421120822f958f3df9fa5ce4e4808ee9700657daf97d75dfeaf38220	997195	1304	2048	OPS/pages/page0215.xhtml
UAG	UAG:s0216	216	image216	OPS/images/08_X10000_000062_1_218_001.jpg	aad4499f4993b17f68721fe602364e11843c7caa4b0b5aec68b4aacacc47c621	996198	1304	2048	OPS/pages/page0216.xhtml
UAG	UAG:s0217	217	image217	OPS/images/08_X10000_000062_1_219_001.jpg	17b0f6cc913c64fdee14b4eda23fe91c4f666c46d84144660e2f66c076f5bd08	1306280	1304	2048	OPS/pages/page0217.xhtml
UAG	UAG:s0218	218	image218	OPS/images/08_X10000_000062_1_220_001.jpg	f91064380f3693674c4594367f88304e02d0f02b176564790716974f3ba671a3	726696	1304	2048	OPS/pages/page0218.xhtml
UAG	UAG:s0219	219	image219	OPS/images/08_X10000_000062_1_221_001.jpg	a3f321869a55e0980594d83420f9080f74eb03a5614dcc5aca4f85ddd59fb5c1	738196	1304	2048	OPS/pages/page0219.xhtml
UAG	UAG:s0220	220	image220	OPS/images/08_X10000_000062_1_222_001.jpg	da88d3ab4e5e3ad5c3b5c4540a179095bf9ef29d8793092e83011df3cd9db103	1174356	1304	2048	OPS/pages/page0220.xhtml
UAG	UAG:s0221	221	image221	OPS/images/08_X10000_000062_1_223_001.jpg	43b0d40ce9c6185bc17c274aaf6469e1eb1497feb01c0ab0e33ec3df1c8e0fb8	879783	1304	2048	OPS/pages/page0221.xhtml
UAG	UAG:s0222	222	image222	OPS/images/08_X10000_000062_1_224_001.jpg	92a1c86dd772d62cf72e3fedc04b9d8bcc74b13269771a7acd5bfa371af2e95d	881590	1304	2048	OPS/pages/page0222.xhtml
UAG	UAG:s0223	223	image223	OPS/images/08_X10000_000062_1_225_001.jpg	a4a3fa5356b2cf0e11998eeea761a2b21ef8559893b2d7882503d6aba1a6c39b	798642	1304	2048	OPS/pages/page0223.xhtml
UAG	UAG:s0224	224	image224	OPS/images/08_X10000_000062_1_226_001.jpg	54892cd24075f14e9d45b72753c6821cbac1248717bed02a82222f4fb87b66b8	906713	1304	2048	OPS/pages/page0224.xhtml
UAG	UAG:s0225	225	image225	OPS/images/08_X10000_000062_1_227_001.jpg	1921e95d8a1301a76866a8ed6c0e17d58c7720bf91fd30048d84bcca78d121aa	897132	1304	2048	OPS/pages/page0225.xhtml
UAG	UAG:s0226	226	image226	OPS/images/08_X10000_000062_1_228_001.jpg	9cc88c3fa1455c00af6e18b39b4e4445abe15d34c5a63e3b23fb536fe7b9d5dd	758827	1304	2048	OPS/pages/page0226.xhtml
UAG	UAG:s0227	227	image227	OPS/images/08_X10000_000062_1_229_001.jpg	ee4f93df07bf8058fb8e09444dffb1e3c253bfcaaca7fe4a8baf7bb345db7eb8	680170	1304	2048	OPS/pages/page0227.xhtml
UAG	UAG:s0228	228	image228	OPS/images/08_X10000_000062_1_230_001.jpg	30feb03a1f679352fc25a4782ae528eb9233d14ff5de428325977f2c26a8bea1	1058479	1304	2048	OPS/pages/page0228.xhtml
UAG	UAG:s0229	229	image229	OPS/images/08_X10000_000062_1_231_001.jpg	1d6167f9702b6190a3883f91141b08f73f6934479c26857f577bcfc99ad69f63	1043303	1304	2048	OPS/pages/page0229.xhtml
UAG	UAG:s0230	230	image230	OPS/images/08_X10000_000062_1_232_001.jpg	59e5fc4b3417306e5c0541452243fe1687314d6d4f8916f64a4208ff2ba67ea2	1144360	1304	2048	OPS/pages/page0230.xhtml
UAG	UAG:s0231	231	image231	OPS/images/08_X10000_000062_1_233_001.jpg	ca1313b43dab8e2faaa6566badc903a72a2fee7e49e0a2c11178afe56e960f04	1108390	1304	2048	OPS/pages/page0231.xhtml
UAG	UAG:s0232	232	image232	OPS/images/08_X10000_000062_1_234_001.jpg	f4ec0860990da7663df6db176f2b90ddcb443b48cb3eebddcbb4e281bdc96fe2	1014419	1304	2048	OPS/pages/page0232.xhtml
UAG	UAG:s0233	233	image233	OPS/images/08_X10000_000062_1_235_001.jpg	3de6d0b421629ba6925057e8c476021e208341c45621118b302dbe2a3626c968	1029929	1304	2048	OPS/pages/page0233.xhtml
UAG	UAG:s0234	234	image234	OPS/images/08_X10000_000062_1_236_001.jpg	0962402ed9491b5aa3698aec7e3d66a55f919aa09dece53d68e1e3555a22ea6b	1029005	1304	2048	OPS/pages/page0234.xhtml
UAG	UAG:s0235	235	image235	OPS/images/08_X10000_000062_1_237_002.jpg	dbf953c8b1ecc89c9c13bce64ed7fd31962a4a2450689f3e4d53ab3ea1063334	998456	1304	2048	OPS/pages/page0235.xhtml
UAG	UAG:s0236	236	image236	OPS/images/08_X10000_000062_1_238_001.jpg	c01dc8f63a6a225a204317e740e9d4f2c14a76f22699842bc7d5c9832b56a237	1116140	1304	2048	OPS/pages/page0236.xhtml
UAG	UAG:s0237	237	image237	OPS/images/08_X10000_000062_1_239_001.jpg	860fc03d1ebdbb76be9157bf154c6e3862a421e7544e3a13b9cfc5a6538c9259	1023453	1304	2048	OPS/pages/page0237.xhtml
UAG	UAG:s0238	238	image238	OPS/images/08_X10000_000062_1_240_001.jpg	e838a7039f38d028c5a476484a11f99b9c61e550c914ee9ba0c1d3d53a7d8b07	1031518	1304	2048	OPS/pages/page0238.xhtml
UAG	UAG:s0239	239	image239	OPS/images/08_X10000_000062_1_241_001.jpg	2625741804818f2324bc87b146226811427320169a6caf09b39d3fda3a39e24c	1041124	1304	2048	OPS/pages/page0239.xhtml
UAG	UAG:s0240	240	image240	OPS/images/08_X10000_000062_1_242_001.jpg	5d5d33118520b4a099d8b6c5c130f29fb9eada4ec8747b51dbd2d8954146b1ab	1126509	1304	2048	OPS/pages/page0240.xhtml
UAG	UAG:s0241	241	image241	OPS/images/08_X10000_000062_1_243_001.jpg	fa9214d9cb7013ac7845388f7a7cd74508802cdddb672f7337f33e350df21091	998924	1304	2048	OPS/pages/page0241.xhtml
UAG	UAG:s0242	242	image242	OPS/images/08_X10000_000062_1_244_001.jpg	3fc40b96b38a55c5001014f5c123a162009ce4146afb777502cd21554853537b	984861	1304	2048	OPS/pages/page0242.xhtml
UAG	UAG:s0243	243	image243	OPS/images/08_X10000_000062_1_245_001.jpg	f549a9c4ceaca7a5e69e633e742cb88767ab28ce3bce49516acc0f9b051aaa31	1055223	1304	2048	OPS/pages/page0243.xhtml
UAG	UAG:s0244	244	image244	OPS/images/08_X10000_000062_1_246_001.jpg	3f0afbe8e80851d3c01a9c18ee84f1a9f0d4fe2e48cec8b9d86dde4874704543	1087184	1304	2048	OPS/pages/page0244.xhtml
UAG	UAG:s0245	245	image245	OPS/images/08_X10000_000062_1_247_001.jpg	3b76f39d5084caa27089123dba786fca3abd3e7c38e590163cb36d870a9faa54	1020976	1304	2048	OPS/pages/page0245.xhtml
UAG	UAG:s0246	246	image246	OPS/images/08_X10000_000062_1_248_001.jpg	32faf51470dbb2dcd72a92b389220c0c14d27cfb140159fa8019d0ab88d23402	1029756	1304	2048	OPS/pages/page0246.xhtml
UAG	UAG:s0247	247	image247	OPS/images/08_X10000_000062_1_249_001.jpg	021568c4fc2eea79a6ce3d2aff00f1e2cb5b16ec0474f8333b3f4920152ad3d2	971391	1304	2048	OPS/pages/page0247.xhtml
UAG	UAG:s0248	248	image248	OPS/images/08_X10000_000062_1_250_001.jpg	3b145366ed418ad4fb31dd239bd3a36b95867933b1f4b6101e49d88d2e3ec205	1050165	1304	2048	OPS/pages/page0248.xhtml
UAG	UAG:s0249	249	image249	OPS/images/08_X10000_000062_1_251_001.jpg	a54fba63d331e011a206873f1f649e95b533395689e828f5ffe9fd2d350f91e9	1014892	1304	2048	OPS/pages/page0249.xhtml
UAG	UAG:s0250	250	image250	OPS/images/08_X10000_000062_1_252_001.jpg	acbc5dc06db824dcada805ec6c67aaa886c4c53053c93b02e3267fc4c3a66570	990266	1304	2048	OPS/pages/page0250.xhtml
UAG	UAG:s0251	251	image251	OPS/images/08_X10000_000062_1_253_002.jpg	bbf162e49c7261530414b485256c1de3ef02cf2ed3d97a7e85cd4e53a0fcc4d3	976835	1304	2048	OPS/pages/page0251.xhtml
UAG	UAG:s0252	252	image252	OPS/images/08_X10000_000062_1_254_001.jpg	4a0a9d270f7ab933f8badc0fbd8f2459136a9297a02a15cd9dce3f188c0fb13a	1106805	1304	2048	OPS/pages/page0252.xhtml
UAG	UAG:s0253	253	image253	OPS/images/08_X10000_000062_1_255_001.jpg	2094ea6ab790ce69cd3707556e9908b0f32773e1103e43db1eec9f9b7f18d653	1037900	1304	2048	OPS/pages/page0253.xhtml
UAG	UAG:s0254	254	image254	OPS/images/08_X10000_000062_1_256_001.jpg	22ff908445d80f454c23b24c77153d618a7dd1808a812f8634b7470352153ed2	1128347	1304	2048	OPS/pages/page0254.xhtml
UAG	UAG:s0255	255	image255	OPS/images/08_X10000_000062_1_257_001.jpg	22ffb523b2178958256c1c57b142c28fe17a09026a9db70442f60d78a23281d6	1045632	1304	2048	OPS/pages/page0255.xhtml
UAG	UAG:s0256	256	image256	OPS/images/08_X10000_000062_1_258_001.jpg	6fb06e25ab5b587c0210f1ecec46a427bd8121d24cbf332f163e8db8f2878546	1112988	1304	2048	OPS/pages/page0256.xhtml
UAG	UAG:s0257	257	image257	OPS/images/08_X10000_000062_1_259_001.jpg	195f153b44fc7a9b917dc1badaba1da699cf4aed193d1fa482e2c29e92ed7b44	903640	1304	2048	OPS/pages/page0257.xhtml
UAG	UAG:s0258	258	image258	OPS/images/08_X10000_000062_1_260_001.jpg	405eaa028582cfd3a1d3239c0b12c3ad745dcbf34d523e75794a03c265240822	1033827	1304	2048	OPS/pages/page0258.xhtml
UAG	UAG:s0259	259	image259	OPS/images/08_X10000_000062_1_261_001.jpg	abed618e4ecc7133aba76f206d3c16b24988c9620cf69838305c9c1077b535d3	1094681	1304	2048	OPS/pages/page0259.xhtml
UAG	UAG:s0260	260	image260	OPS/images/08_X10000_000062_1_262_001.jpg	fd3c1246b02065e94abc1ef929e192fd14020e91886f5ded04a279d8cba08ae6	954946	1304	2048	OPS/pages/page0260.xhtml
UAG	UAG:s0261	261	image261	OPS/images/08_X10000_000062_1_263_001.jpg	6b5c3dc88cfff175ff25f9c6f7bac7c9ded859cbded8da0bc323d29427629556	971233	1304	2048	OPS/pages/page0261.xhtml
UAG	UAG:s0262	262	image262	OPS/images/08_X10000_000062_1_264_001.jpg	42f5f60946b7d3b3217cc50d5cdf585b1bde33f2fd195aff541e3010f1413127	975849	1304	2048	OPS/pages/page0262.xhtml
UAG	UAG:s0263	263	image263	OPS/images/08_X10000_000062_1_265_001.jpg	c43c2a6355c0031adb726fc70b610b428829a9aea69faf77609b28dd7d1df087	974537	1304	2048	OPS/pages/page0263.xhtml
UAG	UAG:s0264	264	image264	OPS/images/08_X10000_000062_1_266_001.jpg	0fa4e301de998ed4c3e7a86096add5b366ce5b04964e087a51e4ebdea8f0a281	983494	1304	2048	OPS/pages/page0264.xhtml
UAG	UAG:s0265	265	image265	OPS/images/08_X10000_000062_1_267_001.jpg	235b0d3e8d40bb8f4b5cf827292bebdceb46e9af864897e5785d5c19ef7e0821	971743	1304	2048	OPS/pages/page0265.xhtml
UAG	UAG:s0266	266	image266	OPS/images/08_X10000_000062_1_268_001.jpg	f15179820d63cca440373915426eaaaa6e84c5c00f4a02428d37928d17a2d57e	897519	1304	2048	OPS/pages/page0266.xhtml
UAG	UAG:s0267	267	image267	OPS/images/08_X10000_000062_1_269_001.jpg	618c22be5d019543e0548d50ef632529699e1a719f1c91bab81c969e06a63821	991234	1304	2048	OPS/pages/page0267.xhtml
UAG	UAG:s0268	268	image268	OPS/images/08_X10000_000062_1_270_001.jpg	53cc420895274a0e40897474e1214b5eb71cd154d3620647bceced6881358af8	1016329	1304	2048	OPS/pages/page0268.xhtml
UAG	UAG:s0269	269	image269	OPS/images/08_X10000_000062_1_271_001.jpg	8e11b3fc7d8b46d56654bd2c6f7e6523d207040f1b32f88b2cbb93b3052a96c8	1002345	1304	2048	OPS/pages/page0269.xhtml
UAG	UAG:s0270	270	image270	OPS/images/08_X10000_000062_1_272_001.jpg	65e3b29710974b101a3fb8556eccef7c079eddc63cec77d1d0748bf6cd016147	1029477	1304	2048	OPS/pages/page0270.xhtml
UAG	UAG:s0271	271	image271	OPS/images/08_X10000_000062_1_273_001.jpg	94e24cf5f7f2af6bb1ebad7dc4b1ddec94be9570991ba2f57aa91d37755cd516	1113422	1304	2048	OPS/pages/page0271.xhtml
UAG	UAG:s0272	272	image272	OPS/images/08_X10000_000062_1_274_001.jpg	334abc0d08fcd1f46baec98e9b5cadacbffcd70b82ca63185a0be469885260cd	1187727	1304	2048	OPS/pages/page0272.xhtml
UAG	UAG:s0273	273	image273	OPS/images/08_X10000_000062_1_275_001.jpg	545901e151c3d26a91a7974c8ae7fddc11d7d6cefe85d72824fe87168091439e	1142649	1304	2048	OPS/pages/page0273.xhtml
UAG	UAG:s0274	274	image274	OPS/images/08_X10000_000062_1_276_001.jpg	d5261b9fe1c6421176a1772690eb654ff5f1c93bc327245a14d6c7a59cc2538d	657392	1304	2048	OPS/pages/page0274.xhtml
UAG	UAG:s0275	275	image275	OPS/images/08_X10000_000062_1_277_001.jpg	96584af0cbbcdb51c19888d474329d8a8d00116c997726de898e7f3420fd7f8b	604659	1304	2048	OPS/pages/page0275.xhtml
UAG	UAG:s0276	276	image276	OPS/images/08_X10000_000062_1_278_001.jpg	f29aae8fdf122b8d3c8001c1dd53693228835b93da6530628280b6a85136f3f4	568687	1304	2048	OPS/pages/page0276.xhtml
UAG	UAG:s0277	277	image277	OPS/images/08_X10000_000062_1_279_001.jpg	14f14911c7521b10d6fec029775eddf35a2bebee710543abbc1fb1e5cc31cecd	626958	1304	2048	OPS/pages/page0277.xhtml
UAG	UAG:s0278	278	image278	OPS/images/08_X10000_000062_1_280_001.jpg	64b9ab337aaff0e21d8c060772a0be880e77fd39d13ed9857069bc1aae780c1a	1030721	1304	2048	OPS/pages/page0278.xhtml
UAG	UAG:s0279	279	image279	OPS/images/08_X10000_000062_1_281_001.jpg	9742f0f98f5b687e9725e4e8bfb9067338e82163cf0d4c42da99eed90ed77dbb	1064486	1304	2048	OPS/pages/page0279.xhtml
UAG	UAG:s0280	280	image280	OPS/images/08_X10000_000062_1_282_001.jpg	7c500d9f45c13bfed2fb40a3f53b440db604da160799fbd99761ced962b45547	1124546	1304	2048	OPS/pages/page0280.xhtml
UAG	UAG:s0281	281	image281	OPS/images/08_X10000_000062_1_283_001.jpg	3e9c0c412fd9e46136de8dfc50fe21c1ecb5a0a8b05868abab9af2788290dfc0	1170822	1304	2048	OPS/pages/page0281.xhtml
UAG	UAG:s0282	282	image282	OPS/images/08_X10000_000062_1_284_001.jpg	1775b0c76dfe6ce75e936f6db8a4fbfeae2c7c2db1c59a26d3a22499775e4094	1199445	1304	2048	OPS/pages/page0282.xhtml
UAG	UAG:s0283	283	image283	OPS/images/08_X10000_000062_1_285_001.jpg	e36df246f5d8e5036755437052bf8186696e381db348a79f08e3d1de40702ce3	1169184	1304	2048	OPS/pages/page0283.xhtml
UAG	UAG:s0284	284	image284	OPS/images/08_X10000_000062_1_286_001.jpg	f385116b911860136277523e93ead6735134b5297ac255ea4ca04a83478d121f	1075620	1304	2048	OPS/pages/page0284.xhtml
UAG	UAG:s0285	285	image285	OPS/images/08_X10000_000062_1_287_001.jpg	ef5bc1ab972a8e4677d335402218080f804de57d10ef3366d72301990f19666f	1223947	1304	2048	OPS/pages/page0285.xhtml
UAG	UAG:s0286	286	image286	OPS/images/08_X10000_000062_1_288_002.jpg	769b162439c302f9b2273a7101acce93200ee2ed1be5520f545ba63701bb931e	1096970	1304	2048	OPS/pages/page0286.xhtml
UAG	UAG:s0287	287	image287	OPS/images/08_X10000_000062_1_289_001.jpg	5ea091dced00bbc7e6364d5075192f0e37784c0c9f664916e32eeae0807a46eb	1133233	1304	2048	OPS/pages/page0287.xhtml
UAG	UAG:s0288	288	image288	OPS/images/08_X10000_000062_1_290_001.jpg	8e64816f4f85760898c81671b46b8113a3d049ca21413308ea4b9235db9545e2	1116438	1304	2048	OPS/pages/page0288.xhtml
UAG	UAG:s0289	289	image289	OPS/images/08_X10000_000062_1_291_001.jpg	6b52d913878efc39a6fe43e41f3525c4951f34b80da215b113e067e64392b558	1172294	1304	2048	OPS/pages/page0289.xhtml
UAG	UAG:s0290	290	image290	OPS/images/08_X10000_000062_1_292_001.jpg	d999fe6416fba9d1f22aab0eadb6b77be2f9834bad64a36d1c063a3c29c833f0	943652	1304	2048	OPS/pages/page0290.xhtml
UAG	UAG:s0291	291	image291	OPS/images/08_X10000_000062_1_293_001.jpg	8a1fa84fd0d64df905ac2eb8543c405e6e533dacb064076ca6ab940c2be9ed39	984143	1304	2048	OPS/pages/page0291.xhtml
UAG	UAG:s0292	292	image292	OPS/images/08_X10000_000062_1_294_001.jpg	1df47e08a177b157963bf049882e71ba2f6d6359d539e5d81554816d230e426a	944439	1304	2048	OPS/pages/page0292.xhtml
UAG	UAG:s0293	293	image293	OPS/images/08_X10000_000062_1_295_001.jpg	02b210173fc1131c34a04dfb0e51be5ce140d0e9efffbdc11a3c2d99f72ae3df	964875	1304	2048	OPS/pages/page0293.xhtml
UAG	UAG:s0294	294	image294	OPS/images/08_X10000_000062_1_296_001.jpg	32292ccc0c6712f66e6dda0f3c2e6379e23960c585a9ea795a6a7dc218768a76	988049	1304	2048	OPS/pages/page0294.xhtml
UAG	UAG:s0295	295	image295	OPS/images/08_X10000_000062_1_297_001.jpg	1f5465854eddb08c5c2185eb53f7c8c701bb91050760bbdf0bb984ca2d6cd545	1213401	1304	2048	OPS/pages/page0295.xhtml
UAG	UAG:s0296	296	image296	OPS/images/08_X10000_000062_1_298_001.jpg	2cdc4488c3b4f90faccbc2134fefe3e57866cec916784266913bce120d0614a9	885491	1304	2048	OPS/pages/page0296.xhtml
UAG	UAG:s0297	297	image297	OPS/images/08_X10000_000062_1_299_001.jpg	bea6771fa0f058cb999fa8f913c7f4af840e2adc164422459d3a5eb65df40c8e	854373	1304	2048	OPS/pages/page0297.xhtml
UAG	UAG:s0298	298	image298	OPS/images/08_X10000_000062_1_300_001.jpg	7ce64319ef1b9d3242b665109386a85ed5d13799986bc739f7ad1c0d3100ac04	576596	1304	2048	OPS/pages/page0298.xhtml
UAG	UAG:s0299	299	image299	OPS/images/08_X10000_000062_1_301_001.jpg	544b923bb93ef4e97d7e674f98df527ad39caedeadb7e0f49250594ae564be94	1173990	1304	2048	OPS/pages/page0299.xhtml
UAG	UAG:s0300	300	image300	OPS/images/08_X10000_000062_1_302_001.jpg	365aa0bd5da0cd8cc0d4e2b22d81133758344bd24d9a317367fc3e66e66e49ed	1246662	1304	2048	OPS/pages/page0300.xhtml
UAG	UAG:s0301	301	image301	OPS/images/08_X10000_000062_1_303_001.jpg	10a5c43e15db36b507280e7c4f156880c8d4ae5b450819cf71f53f84b6c73368	1225329	1304	2048	OPS/pages/page0301.xhtml
UAG	UAG:s0302	302	image302	OPS/images/08_X10000_000062_1_304_001.jpg	1666ffa0ef03420af46026daaf45d2c6b4a6f1a0237d4ab26d5ece126b590d28	1218586	1304	2048	OPS/pages/page0302.xhtml
UAG	UAG:s0303	303	image303	OPS/images/08_X10000_000062_1_305_001.jpg	20fb3c886e76944059e3624192f5a4b94cf9737f5163cb3e30ef1024d3102ff9	1240183	1304	2048	OPS/pages/page0303.xhtml
UAG	UAG:s0304	304	image304	OPS/images/08_X10000_000062_1_306_001.jpg	9269cc255fd6f592d228067002a8f3f68ff619b4009ea39fc4301521d652cf24	1202052	1304	2048	OPS/pages/page0304.xhtml
UAG	UAG:s0305	305	image305	OPS/images/08_X10000_000062_1_307_001.jpg	57bc4f6c79e82898378dc4d7c709d40301e6473762394fa70fb6d3b5ecb0d567	1248754	1304	2048	OPS/pages/page0305.xhtml
UAG	UAG:s0306	306	image306	OPS/images/08_X10000_000062_1_308_001.jpg	f2a1fb2c0fe88ae3ee080a1c2c3892184bb19779e1bff8e476d27aee2c21cac9	1212787	1304	2048	OPS/pages/page0306.xhtml
UAG	UAG:s0307	307	image307	OPS/images/08_X10000_000062_1_309_001.jpg	173586de840c5356212ef9ccbbfec07dbf6627166276f0b1e5c7fd0e84c52320	1163608	1304	2048	OPS/pages/page0307.xhtml
UAG	UAG:s0308	308	image308	OPS/images/08_X10000_000062_1_310_001.jpg	9c5d19b04bd516c81b951443d62fb843953651d6f7d45d1ee393d81465b56e90	786049	1304	2048	OPS/pages/page0308.xhtml
UAG	UAG:s0309	309	image309	OPS/images/08_X10000_000062_1_311_001.jpg	7e3e9b69619522c56863dbf0e58d6a4e35d6d66721b4011e7fa095f8c88d405d	790177	1304	2048	OPS/pages/page0309.xhtml
UAG	UAG:s0310	310	image310	OPS/images/08_X10000_000062_1_312_001.jpg	dd3e88a48e7712c1dfd85fc9ea761b6eb79b7e76af35e29449bcb62bc97ba21e	756762	1304	2048	OPS/pages/page0310.xhtml
UAG	UAG:s0311	311	image311	OPS/images/08_X10000_000062_1_313_001.jpg	5aecb3e540d908b15b8412f8f39557cbafb90890fee888105fb276390aebcd13	730269	1304	2048	OPS/pages/page0311.xhtml
UAG	UAG:s0312	312	image312	OPS/images/08_X10000_000062_1_314_001.jpg	fce69dd15c09c0989f7e79db9e1291f54ede978135fc88b446bbe5f5430750c8	843394	1304	2048	OPS/pages/page0312.xhtml
UAG	UAG:s0313	313	image313	OPS/images/08_X10000_000062_1_315_001.jpg	0357e1d8e309eafb755bb9bc11666761a4895ed60b9e58ba0db7e774972bd8f0	753287	1304	2048	OPS/pages/page0313.xhtml
UAG	UAG:s0314	314	image314	OPS/images/08_X10000_000062_1_316_001.jpg	06ab4fef743759cb152bf8084484bf9d2da30ad6969e6989ee5fe1ebe034b802	772461	1304	2048	OPS/pages/page0314.xhtml
UAG	UAG:s0315	315	image315	OPS/images/08_X10000_000062_1_317_001.jpg	e904090f2f123cacebf7077381b4a118d6eeaab734d7d19ed56036d0a2824fd9	795283	1304	2048	OPS/pages/page0315.xhtml
UAG	UAG:s0316	316	image316	OPS/images/08_X10000_000062_1_318_001.jpg	9bde35b916d87f835c0926850f7f2c3ad8ce4ed61ba38067fbcfa8846cbaa6bd	678963	1304	2048	OPS/pages/page0316.xhtml
UAG	UAG:s0317	317	image317	OPS/images/08_X10000_000062_1_319_001.jpg	8b2757239b7a7a21d855f3a2342577f9dc5ef7435523672b363e0bbb48e79422	811657	1304	2048	OPS/pages/page0317.xhtml
UAG	UAG:s0318	318	image318	OPS/images/08_X10000_000062_1_320_001.jpg	2b961d96ba08b1d7a9b19947e174f86a5a58b935213b8e9bc6358e55394c7a4f	885451	1304	2048	OPS/pages/page0318.xhtml
UAG	UAG:s0319	319	image319	OPS/images/08_X10000_000062_1_321_001.jpg	9bd5ee19e9e6d25f006417e96c1126d416e3b8c7eb9fad2496ee661e26cc0f66	930618	1304	2048	OPS/pages/page0319.xhtml
UAG	UAG:s0320	320	image320	OPS/images/08_X10000_000062_1_322_001.jpg	931dd47c084f679ac113e4a071348b938a8bd6c838aacc30020409ca8c72938f	870870	1304	2048	OPS/pages/page0320.xhtml
UAG	UAG:s0321	321	image321	OPS/images/08_X10000_000062_1_323_001.jpg	d6f1bb1e17e0fd637a8ab936e0e5c87010ffecdbcb4548d70284fd0ed0f3987f	1082121	1304	2048	OPS/pages/page0321.xhtml
UAG	UAG:s0322	322	image322	OPS/images/08_X10000_000062_1_324_001.jpg	cfd23ae65f7ea65809affecb20cda786b27b6d3d79ebac9463f845c487250570	1253196	1304	2048	OPS/pages/page0322.xhtml
UAG	UAG:s0323	323	image323	OPS/images/08_X10000_000062_1_325_001.jpg	87a488ef0c678920ec7dca41c12004cbce5ec5124d44fc8d5f7301758cf1345c	1056469	1304	2048	OPS/pages/page0323.xhtml
UAG	UAG:s0324	324	image324	OPS/images/08_X10000_000062_1_326_001.jpg	dfbdbb477a8f185e31b511fabd307dd0fce5922420ece19cdee31eace4c43d85	465328	1304	2048	OPS/pages/page0324.xhtml
UAG	UAG:s0325	325	image325	OPS/images/08_X10000_000062_1_327_001.jpg	88faaf2dab9b05d77ce23cefac0c55b38e1788d0159d74b8cb8ec8ef2f1220ca	408498	1304	2048	OPS/pages/page0325.xhtml
UAG	UAG:s0326	326	image326	OPS/images/08_X10000_000062_1_328_001.jpg	1aada94ff879dc4a230cb689e602a3b449e7580d0024f6fd96a7f9b5489164f5	484054	1304	2048	OPS/pages/page0326.xhtml
UAG	UAG:s0327	327	image327	OPS/images/08X10000000062024400_copyright.jpg	c88e047985abc4546fa987aa426325414fff033c1a74313bcbedbe2d3ceff70d	189225	1304	2048	OPS/pages/page0327.xhtml
UAG	UAG:s0328	328	image328	OPS/images/08_X10000_000062_3_ill_01_001.jpg	3a3ebd8bffc41b986d9c215b2d908df6b572c983649cf72311fe3a3edc1251eb	592064	1304	2048	OPS/pages/page0328.xhtml
UAG	UAG:s0329	329	image329	OPS/images/08_X10000_000062_3_ill_02_001.jpg	75440c664b81019675e0c5bbb2a1c2676ad8cce80be3688bf452f88eaeb005fd	735184	1304	2048	OPS/pages/page0329.xhtml
UAG	UAG:s0330	330	image330	OPS/images/08_X10000_000062_3_ill_03_001.jpg	a3d46ef37429094b8ea135216629ceb1f0f4d3cf11317bf1c6ba906e8198252a	686997	1304	2048	OPS/pages/page0330.xhtml
UAG	UAG:s0331	331	image331	OPS/images/08_X10000_000062_3_ill_04_001.jpg	08c7d4965b05b7724f1d059fe8e47fcb5c02004f6894760f3d75c5bbae7f1521	199703	1304	2048	OPS/pages/page0331.xhtml
