item_id,source_type,corpus_layer,title,arc,unit,owner_character,event_id,card_id,bundle_part,bundle_part_count,source_story_count,source_story_ids,speaker_count,speakers,character_count,utterance_count,priority,priority_status,priority_reason,narrative_function,historical_selected,historical_priority,historical_rank,historical_reason,requires_av_review,missing_assets,manual_close_read,v1_relevance,contradicts_prior_claim,coverage_status,source_snapshot_id,md_path
hoshimi_001_shine_purity,GAME_BUNDLE,main_story,Shine Purity,hoshimi,,,,,1,1,6,st-original-cmn-01-01-01|st-original-cmn-01-01-02|st-original-cmn-01-01-03|st-original-cmn-01-01-04|st-original-cmn-01-01-05|st-original-cmn-01-01-06,9,aoi|firststaff|hrk|koh|ktn|mna|rio|shj|skr,19748,562,CORE,PROVISIONAL_PASS_A,Tier-A governing narrative; must be included in longitudinal reconstruction.,governing narrative / longitudinal progression,NO,,,,NO,,YES,UNASSESSED,UNASSESSED,CATALOGUED_PASS_A,IP-V2-SNAPSHOT-2026-08-13-A,idoly-ingest/01_main_story/01_hoshimi/hoshimi_001_shine_purity.md
hoshimi_002_short_goodbye,GAME_BUNDLE,main_story,Short Goodbye,hoshimi,,,,,1,1,5,st-original-cmn-01-01-07|st-original-cmn-01-01-08|st-original-cmn-01-01-09|st-original-cmn-01-01-10|st-original-cmn-01-01-11,11,hrk|koh|ktn|mna|ngs|rui|ski|skr|smr|suz|yu,15704,492,CORE,PROVISIONAL_PASS_A,Tier-A governing narrative; must be included in longitudinal reconstruction.,governing narrative / longitudinal progression,NO,,,,NO,,YES,UNASSESSED,UNASSESSED,CATALOGUED_PASS_A,IP-V2-SNAPSHOT-2026-08-13-A,idoly-ingest/01_main_story/01_hoshimi/hoshimi_002_short_goodbye.md
hoshimi_003_like_the_sun_moon,GAME_BUNDLE,main_story,like the Sun/Moon,hoshimi,,,,,1,1,5,st-original-cmn-01-01-12|st-original-cmn-01-01-13|st-original-cmn-01-01-14|st-original-cmn-01-01-15|st-original-cmn-01-01-16,12,chs|hrk|koh|ktn|mei|mna|ngs|shj|ski|skr|suz|szk,14049,428,CORE,PROVISIONAL_PASS_A,Tier-A governing narrative; must be included in longitudinal reconstruction.,governing narrative / longitudinal progression,NO,,,,NO,,YES,UNASSESSED,UNASSESSED,CATALOGUED_PASS_A,IP-V2-SNAPSHOT-2026-08-13-A,idoly-ingest/01_main_story/01_hoshimi/hoshimi_003_like_the_sun_moon.md
hoshimi_004_strange_one,GAME_BUNDLE,main_story,Strange One,hoshimi,,,,,1,1,5,st-original-cmn-01-01-17|st-original-cmn-01-01-18|st-original-cmn-01-01-19|st-original-cmn-01-01-20|st-original-cmn-01-01-21,15,chs|hrk|koh|ktn|mei|mna|ngs|rei|rui|ski|skr|smr|suz|szk|yu,14722,443,CORE,PROVISIONAL_PASS_A,Tier-A governing narrative; must be included in longitudinal reconstruction.,governing narrative / longitudinal progression,NO,,,,NO,,YES,UNASSESSED,UNASSESSED,CATALOGUED_PASS_A,IP-V2-SNAPSHOT-2026-08-13-A,idoly-ingest/01_main_story/01_hoshimi/hoshimi_004_strange_one.md
hoshimi_005_the_sun_moon_and_stars,GAME_BUNDLE,main_story,"The Sun, Moon and Stars",hoshimi,,,,,1,1,7,st-original-cmn-01-01-22|st-original-cmn-01-01-23|st-original-cmn-01-01-24|st-original-cmn-01-01-25|st-original-cmn-01-01-26|st-original-cmn-01-01-27|st-original-cmn-01-01-28,14,chs|hrk|koh|ktn|mei|mna|ngs|rei|ski|skr|smr|suz|szk|yu,18527,556,CORE,PROVISIONAL_PASS_A,Tier-A governing narrative; must be included in longitudinal reconstruction.,governing narrative / longitudinal progression,NO,,,,NO,,YES,UNASSESSED,UNASSESSED,CATALOGUED_PASS_A,IP-V2-SNAPSHOT-2026-08-13-A,idoly-ingest/01_main_story/01_hoshimi/hoshimi_005_the_sun_moon_and_stars.md
hoshimi_006_to_trust_one,GAME_BUNDLE,main_story,to Trust One,hoshimi,,,,,1,1,5,st-original-cmn-01-02-01|st-original-cmn-01-02-02|st-original-cmn-01-02-03|st-original-cmn-01-02-04|st-original-cmn-01-02-05,11,aoi|chs|dancea|hrk|koh|mna|rei|rio|shj|skr|szk,16842,506,CORE,PROVISIONAL_PASS_A,Tier-A governing narrative; must be included in longitudinal reconstruction.,governing narrative / longitudinal progression,NO,,,,NO,,YES,UNASSESSED,UNASSESSED,CATALOGUED_PASS_A,IP-V2-SNAPSHOT-2026-08-13-A,idoly-ingest/01_main_story/01_hoshimi/hoshimi_006_to_trust_one.md
hoshimi_007_drop_of_smile,GAME_BUNDLE,main_story,Drop of Smile,hoshimi,,,,,1,1,5,st-original-cmn-01-02-06|st-original-cmn-01-02-07|st-original-cmn-01-02-08|st-original-cmn-01-02-09|st-original-cmn-01-02-10,11,camera|chs|host|hrk|koh|ktn|mna|rei|skr|suz|szk,15552,501,CORE,PROVISIONAL_PASS_A,Tier-A governing narrative; must be included in longitudinal reconstruction.,governing narrative / longitudinal progression,NO,,,,NO,,YES,UNASSESSED,UNASSESSED,CATALOGUED_PASS_A,IP-V2-SNAPSHOT-2026-08-13-A,idoly-ingest/01_main_story/01_hoshimi/hoshimi_007_drop_of_smile.md
hoshimi_008_make_up_her_mind,GAME_BUNDLE,main_story,Make up her Mind,hoshimi,,,,,1,1,5,st-original-cmn-01-02-11|st-original-cmn-01-02-12|st-original-cmn-01-02-13|st-original-cmn-01-02-14|st-original-cmn-01-02-15,8,chs|hrk|koh|ktn|mna|rei|skr|szk,17485,530,CORE,PROVISIONAL_PASS_A,Tier-A governing narrative; must be included in longitudinal reconstruction.,governing narrative / longitudinal progression,NO,,,,NO,,YES,UNASSESSED,UNASSESSED,CATALOGUED_PASS_A,IP-V2-SNAPSHOT-2026-08-13-A,idoly-ingest/01_main_story/01_hoshimi/hoshimi_008_make_up_her_mind.md
hoshimi_009_with_a_will,GAME_BUNDLE,main_story,With a Will,hoshimi,,,,,1,1,5,st-original-cmn-01-02-16|st-original-cmn-01-02-17|st-original-cmn-01-02-18|st-original-cmn-01-02-19|st-original-cmn-01-02-20,12,dancea|host|koh|ktn|mei|mna|ngs|rui|ski|smr|suz|yu,15656,497,CORE,PROVISIONAL_PASS_A,Tier-A governing narrative; must be included in longitudinal reconstruction.,governing narrative / longitudinal progression,NO,,,,NO,,YES,UNASSESSED,UNASSESSED,CATALOGUED_PASS_A,IP-V2-SNAPSHOT-2026-08-13-A,idoly-ingest/01_main_story/01_hoshimi/hoshimi_009_with_a_will.md
hoshimi_010_proud_lady,GAME_BUNDLE,main_story,Proud Lady,hoshimi,,,,,1,1,5,st-original-cmn-01-02-21|st-original-cmn-01-02-22|st-original-cmn-01-02-23|st-original-cmn-01-02-24|st-original-cmn-01-02-25,11,koh|ktn|lizfanb|mei|mna|ngs|rei|rui|ski|suz|suzmam,16153,501,CORE,PROVISIONAL_PASS_A,Tier-A governing narrative; must be included in longitudinal reconstruction.,governing narrative / longitudinal progression,NO,,,,NO,,YES,UNASSESSED,UNASSESSED,CATALOGUED_PASS_A,IP-V2-SNAPSHOT-2026-08-13-A,idoly-ingest/01_main_story/01_hoshimi/hoshimi_010_proud_lady.md
hoshimi_011_resolution,GAME_BUNDLE,main_story,Resolution,hoshimi,,,,,1,1,5,st-original-cmn-01-02-26|st-original-cmn-01-02-27|st-original-cmn-01-02-28|st-original-cmn-01-02-29|st-original-cmn-01-02-30,7,koh|ktn|mei|mna|ngs|ski|suz,15686,512,CORE,PROVISIONAL_PASS_A,Tier-A governing narrative; must be included in longitudinal reconstruction.,governing narrative / longitudinal progression,NO,,,,NO,,YES,UNASSESSED,UNASSESSED,CATALOGUED_PASS_A,IP-V2-SNAPSHOT-2026-08-13-A,idoly-ingest/01_main_story/01_hoshimi/hoshimi_011_resolution.md
hoshimi_012_dear_my_sister_part_01,GAME_BUNDLE,main_story,Dear My Sister (Part 1),hoshimi,,,,,1,2,7,st-original-cmn-01-02-31|st-original-cmn-01-02-32|st-original-cmn-01-02-33|st-original-cmn-01-02-34|st-original-cmn-01-02-35|st-original-cmn-01-02-36|st-original-cmn-01-02-37,14,chs|design|hrk|koh|ktn|mei|mna|ngs|rei|ski|skr|smr|suz|szk,23440,752,CORE,PROVISIONAL_PASS_A,Tier-A governing narrative; must be included in longitudinal reconstruction.,governing narrative / longitudinal progression,NO,,,,NO,,YES,UNASSESSED,UNASSESSED,CATALOGUED_PASS_A,IP-V2-SNAPSHOT-2026-08-13-A,idoly-ingest/01_main_story/01_hoshimi/hoshimi_012_dear_my_sister_part_01.md
hoshimi_012_dear_my_sister_part_02,GAME_BUNDLE,main_story,Dear My Sister (Part 2),hoshimi,,,,,2,2,2,st-original-cmn-01-02-38|st-original-cmn-01-02-39,12,chs|hrk|koh|ktn|mei|mna|ngs|rei|ski|skr|suz|szk,5194,158,CORE,PROVISIONAL_PASS_A,Tier-A governing narrative; must be included in longitudinal reconstruction.,governing narrative / longitudinal progression,NO,,,,NO,,YES,UNASSESSED,UNASSESSED,CATALOGUED_PASS_A,IP-V2-SNAPSHOT-2026-08-13-A,idoly-ingest/01_main_story/01_hoshimi/hoshimi_012_dear_my_sister_part_02.md
hoshimi_013_sunlight,GAME_BUNDLE,main_story,Sunlight,hoshimi,,,,,1,1,6,st-original-cmn-01-02-40|st-original-cmn-01-02-41|st-original-cmn-01-02-42|st-original-cmn-01-02-43|st-original-cmn-01-02-44|st-original-cmn-01-02-45,18,chs|doctor|host|hrk|koh|ktn|littlegirl|mei|mna|ngs|nurse|rei|rio|shj|ski|skr|suz|szk,13306,402,CORE,PROVISIONAL_PASS_A,Tier-A governing narrative; must be included in longitudinal reconstruction.,governing narrative / longitudinal progression,NO,,,,NO,,YES,UNASSESSED,UNASSESSED,CATALOGUED_PASS_A,IP-V2-SNAPSHOT-2026-08-13-A,idoly-ingest/01_main_story/01_hoshimi/hoshimi_013_sunlight.md
hoshimi_014_successor_of_miracle,GAME_BUNDLE,main_story,Successor of Miracle,hoshimi,,,,,1,1,5,st-original-cmn-01-03-01|st-original-cmn-01-03-02|st-original-cmn-01-03-03|st-original-cmn-01-03-04|st-original-cmn-01-03-05,14,chs|host|hrk|koh|krk|ktn|mei|mna|ngs|rei|ski|skr|suz|szk,12429,404,CORE,PROVISIONAL_PASS_A,Tier-A governing narrative; must be included in longitudinal reconstruction.,governing narrative / longitudinal progression,NO,,,,NO,,YES,UNASSESSED,UNASSESSED,CATALOGUED_PASS_A,IP-V2-SNAPSHOT-2026-08-13-A,idoly-ingest/01_main_story/01_hoshimi/hoshimi_014_successor_of_miracle.md
hoshimi_015_sorrows_of_orpheus,GAME_BUNDLE,main_story,Sorrows of Orpheus,hoshimi,,,,,1,1,5,st-original-cmn-01-03-06|st-original-cmn-01-03-07|st-original-cmn-01-03-08|st-original-cmn-01-03-09|st-original-cmn-01-03-10,20,aoi|chs|host|hrk|koh|ktn|lizfana|mei|mna|ngs|rei|rio|rui|ski|skr|smr|suz|szk|tmk|yu,13335,429,CORE,PROVISIONAL_PASS_A,Tier-A governing narrative; must be included in longitudinal reconstruction.,governing narrative / longitudinal progression,NO,,,,NO,,YES,UNASSESSED,UNASSESSED,CATALOGUED_PASS_A,IP-V2-SNAPSHOT-2026-08-13-A,idoly-ingest/01_main_story/01_hoshimi/hoshimi_015_sorrows_of_orpheus.md
hoshimi_016_cherry_worry,GAME_BUNDLE,main_story,"Cherry,Worry",hoshimi,,,,,1,1,5,st-original-cmn-01-03-11|st-original-cmn-01-03-12|st-original-cmn-01-03-13|st-original-cmn-01-03-14|st-original-cmn-01-03-15,15,chs|host|hrk|ikm|koh|ktn|mei|mna|ngs|rei|rui|ski|skr|suz|szk,14551,447,CORE,PROVISIONAL_PASS_A,Tier-A governing narrative; must be included in longitudinal reconstruction.,governing narrative / longitudinal progression,NO,,,,NO,,YES,UNASSESSED,UNASSESSED,CATALOGUED_PASS_A,IP-V2-SNAPSHOT-2026-08-13-A,idoly-ingest/01_main_story/01_hoshimi/hoshimi_016_cherry_worry.md
hoshimi_017_beat_meets,GAME_BUNDLE,main_story,Beat Meets,hoshimi,,,,,1,1,5,st-original-cmn-01-03-16|st-original-cmn-01-03-17|st-original-cmn-01-03-18|st-original-cmn-01-03-19|st-original-cmn-01-03-20,14,chs|hrk|koh|ktn|mei|mna|ngs|rei|reportera|reporterb|ski|skr|suz|szk,13440,385,CORE,PROVISIONAL_PASS_A,Tier-A governing narrative; must be included in longitudinal reconstruction.,governing narrative / longitudinal progression,NO,,,,NO,,YES,UNASSESSED,UNASSESSED,CATALOGUED_PASS_A,IP-V2-SNAPSHOT-2026-08-13-A,idoly-ingest/01_main_story/01_hoshimi/hoshimi_017_beat_meets.md
hoshimi_018_idoly_pride,GAME_BUNDLE,main_story,Idoly Pride,hoshimi,,,,,1,1,5,st-original-cmn-01-03-21|st-original-cmn-01-03-22|st-original-cmn-01-03-23|st-original-cmn-01-03-24|st-original-cmn-01-03-25,13,chs|hrk|koh|ktn|lizfana|lizfanb|mei|mna|rei|shj|skr|suz|szk,14968,455,CORE,PROVISIONAL_PASS_A,Tier-A governing narrative; must be included in longitudinal reconstruction.,governing narrative / longitudinal progression,NO,,,,NO,,YES,UNASSESSED,UNASSESSED,CATALOGUED_PASS_A,IP-V2-SNAPSHOT-2026-08-13-A,idoly-ingest/01_main_story/01_hoshimi/hoshimi_018_idoly_pride.md
hoshimi_019_still_live,GAME_BUNDLE,main_story,Still Live,hoshimi,,,,,1,1,5,st-original-cmn-01-04-01|st-original-cmn-01-04-02|st-original-cmn-01-04-03|st-original-cmn-01-04-04|st-original-cmn-01-04-05,21,aoi|chs|host|koh|krk|ktn|kyi|mei|mna|ngs|rei|rio|rui|shj|ski|skr|smr|suz|szk|vanurstaff|yu,10253,324,CORE,PROVISIONAL_PASS_A,Tier-A governing narrative; must be included in longitudinal reconstruction.,governing narrative / longitudinal progression,NO,,,,NO,,YES,UNASSESSED,UNASSESSED,CATALOGUED_PASS_A,IP-V2-SNAPSHOT-2026-08-13-A,idoly-ingest/01_main_story/01_hoshimi/hoshimi_019_still_live.md
hoshimi_020_on_my_way,GAME_BUNDLE,main_story,on My Way,hoshimi,,,,,1,1,5,st-original-cmn-01-04-06|st-original-cmn-01-04-07|st-original-cmn-01-04-08|st-original-cmn-01-04-09|st-original-cmn-01-04-10,17,aoi|chs|host|hrk|koh|ktn|mei|mna|ngs|rei|reporterb|rio|rui|ski|skr|suz|szk,12486,390,CORE,PROVISIONAL_PASS_A,Tier-A governing narrative; must be included in longitudinal reconstruction.,governing narrative / longitudinal progression,NO,,,,NO,,YES,UNASSESSED,UNASSESSED,CATALOGUED_PASS_A,IP-V2-SNAPSHOT-2026-08-13-A,idoly-ingest/01_main_story/01_hoshimi/hoshimi_020_on_my_way.md
hoshimi_021_glory_days,GAME_BUNDLE,main_story,Glory Days,hoshimi,,,,,1,1,5,st-original-cmn-01-04-11|st-original-cmn-01-04-12|st-original-cmn-01-04-13|st-original-cmn-01-04-14|st-original-cmn-01-04-15,20,aoi|chs|danceb|hrk|koh|ktn|kyi|mei|mna|ngs|rei|rio|rui|shj|ski|skr|smr|suz|szk|yu,12876,409,CORE,PROVISIONAL_PASS_A,Tier-A governing narrative; must be included in longitudinal reconstruction.,governing narrative / longitudinal progression,NO,,,,NO,,YES,UNASSESSED,UNASSESSED,CATALOGUED_PASS_A,IP-V2-SNAPSHOT-2026-08-13-A,idoly-ingest/01_main_story/01_hoshimi/hoshimi_021_glory_days.md
hoshimi_022_last_step,GAME_BUNDLE,main_story,Last Step,hoshimi,,,,,1,1,5,st-original-cmn-01-04-16|st-original-cmn-01-04-17|st-original-cmn-01-04-18|st-original-cmn-01-04-19|st-original-cmn-01-04-20,20,aoi|chs|host|hrk|koh|ktn|kyi|mei|mna|ngs|rei|rio|rui|ski|skr|smr|suz|szk|vanurstaff|yu,12458,377,CORE,PROVISIONAL_PASS_A,Tier-A governing narrative; must be included in longitudinal reconstruction.,governing narrative / longitudinal progression,NO,,,,NO,,YES,UNASSESSED,UNASSESSED,CATALOGUED_PASS_A,IP-V2-SNAPSHOT-2026-08-13-A,idoly-ingest/01_main_story/01_hoshimi/hoshimi_022_last_step.md
hoshimi_023_pray_for_you,GAME_BUNDLE,main_story,Pray for you,hoshimi,,,,,1,1,4,st-original-cmn-01-04-21|st-original-cmn-01-04-22|st-original-cmn-01-04-23|st-original-cmn-01-04-24,19,aoi|chs|hrk|koh|ktn|kyi|mei|mna|ngs|rei|rio|rui|shj|ski|skr|smr|suz|szk|yu,8044,249,CORE,PROVISIONAL_PASS_A,Tier-A governing narrative; must be included in longitudinal reconstruction.,governing narrative / longitudinal progression,NO,,,,NO,,YES,UNASSESSED,UNASSESSED,CATALOGUED_PASS_A,IP-V2-SNAPSHOT-2026-08-13-A,idoly-ingest/01_main_story/01_hoshimi/hoshimi_023_pray_for_you.md
tokyo_001_new_wind,GAME_BUNDLE,main_story,New Wind,tokyo,,,,,1,1,5,st-main-cmn-01-01-01|st-main-cmn-01-01-02|st-main-cmn-01-01-03|st-main-cmn-01-01-04|st-main-cmn-01-01-05,17,chs|hrk|koh|ktn|mei|mna|ngs|rei|rui|shj|ski|skr|smr|stm|suz|szk|yu,17772,548,CORE,PROVISIONAL_PASS_A,Tier-A governing narrative; must be included in longitudinal reconstruction.,governing narrative / longitudinal progression,NO,,,,NO,,YES,UNASSESSED,UNASSESSED,CATALOGUED_PASS_A,IP-V2-SNAPSHOT-2026-08-13-A,idoly-ingest/01_main_story/02_tokyo/tokyo_001_new_wind.md
tokyo_002_stray_wings,GAME_BUNDLE,main_story,Stray Wings,tokyo,,,,,1,1,5,st-main-cmn-01-01-06|st-main-cmn-01-01-07|st-main-cmn-01-01-08|st-main-cmn-01-01-09|st-main-cmn-01-01-10,17,chs|hrk|koh|krk|ktn|kyi|mei|ngs|rei|rui|ski|skr|smr|stm|suz|szk|yu,17912,545,CORE,PROVISIONAL_PASS_A,Tier-A governing narrative; must be included in longitudinal reconstruction.,governing narrative / longitudinal progression,NO,,,,NO,,YES,UNASSESSED,UNASSESSED,CATALOGUED_PASS_A,IP-V2-SNAPSHOT-2026-08-13-A,idoly-ingest/01_main_story/02_tokyo/tokyo_002_stray_wings.md
tokyo_003_shiny_melody,GAME_BUNDLE,main_story,Shiny Melody,tokyo,,,,,1,1,5,st-main-cmn-01-01-11|st-main-cmn-01-01-12|st-main-cmn-01-01-13|st-main-cmn-01-01-14|st-main-cmn-01-01-15,9,chs|hrk|koh|ktn|rei|ski|skr|stm|szk,16464,524,CORE,PROVISIONAL_PASS_A,Tier-A governing narrative; must be included in longitudinal reconstruction.,governing narrative / longitudinal progression,NO,,,,NO,,YES,UNASSESSED,UNASSESSED,CATALOGUED_PASS_A,IP-V2-SNAPSHOT-2026-08-13-A,idoly-ingest/01_main_story/02_tokyo/tokyo_003_shiny_melody.md
tokyo_004_wear_feathers,GAME_BUNDLE,main_story,Wear Feathers,tokyo,,,,,1,1,5,st-main-cmn-01-01-16|st-main-cmn-01-01-17|st-main-cmn-01-01-18|st-main-cmn-01-01-19|st-main-cmn-01-01-20,12,koh|ktn|mei|ngs|rui|ski|skr|smr|stm|suz|vanurstaff|yu,19858,645,CORE,PROVISIONAL_PASS_A,Tier-A governing narrative; must be included in longitudinal reconstruction.,governing narrative / longitudinal progression,NO,,,,NO,,YES,UNASSESSED,UNASSESSED,CATALOGUED_PASS_A,IP-V2-SNAPSHOT-2026-08-13-A,idoly-ingest/01_main_story/02_tokyo/tokyo_004_wear_feathers.md
tokyo_005_black_impact,GAME_BUNDLE,main_story,Black Impact,tokyo,,,,,1,1,5,st-main-cmn-01-01-21|st-main-cmn-01-01-22|st-main-cmn-01-01-23|st-main-cmn-01-01-24|st-main-cmn-01-01-25,18,ai|aoi|kkr|koh|krk|ktn|kyi|mei|rei|reporter|rio|rui|skr|smr|stm|suz|szk|yu,15733,478,CORE,PROVISIONAL_PASS_A,Tier-A governing narrative; must be included in longitudinal reconstruction.,governing narrative / longitudinal progression,NO,,,,NO,,YES,UNASSESSED,UNASSESSED,CATALOGUED_PASS_A,IP-V2-SNAPSHOT-2026-08-13-A,idoly-ingest/01_main_story/02_tokyo/tokyo_005_black_impact.md
tokyo_006_farewell_and_oath,GAME_BUNDLE,main_story,Farewell and Oath,tokyo,,,,,1,1,5,st-main-cmn-01-02-01|st-main-cmn-01-02-02|st-main-cmn-01-02-03|st-main-cmn-01-02-04|st-main-cmn-01-02-05,12,aoi|koh|krk|ktn|ngs|reportera|rio|rui|ski|skr|smr|yu,15541,485,CORE,PROVISIONAL_PASS_A,Tier-A governing narrative; must be included in longitudinal reconstruction.,governing narrative / longitudinal progression,NO,,,,NO,,YES,UNASSESSED,UNASSESSED,CATALOGUED_PASS_A,IP-V2-SNAPSHOT-2026-08-13-A,idoly-ingest/01_main_story/02_tokyo/tokyo_006_farewell_and_oath.md
tokyo_007_struggle_for_idols,GAME_BUNDLE,main_story,Struggle for IDOLs,tokyo,,,,,1,1,5,st-main-cmn-01-02-06|st-main-cmn-01-02-07|st-main-cmn-01-02-08|st-main-cmn-01-02-09|st-main-cmn-01-02-10,18,ai|aoi|chs|hrk|kkr|koh|krk|ktn|mei|ngs|presidenta|presidentb|rei|rio|ski|skr|stm|suz,15572,468,CORE,PROVISIONAL_PASS_A,Tier-A governing narrative; must be included in longitudinal reconstruction.,governing narrative / longitudinal progression,NO,,,,NO,,YES,UNASSESSED,UNASSESSED,CATALOGUED_PASS_A,IP-V2-SNAPSHOT-2026-08-13-A,idoly-ingest/01_main_story/02_tokyo/tokyo_007_struggle_for_idols.md
tokyo_008_enjoy_just_purely,GAME_BUNDLE,main_story,Enjoy just purely,tokyo,,,,,1,1,5,st-main-cmn-01-02-11|st-main-cmn-01-02-12|st-main-cmn-01-02-13|st-main-cmn-01-02-14|st-main-cmn-01-02-15,20,ai|aoi|chs|hrk|kan|kkr|koh|kor|krk|ktn|lizfana|mei|mhk|rei|rio|ski|skr|stm|suz|szk,15797,493,CORE,PROVISIONAL_PASS_A,Tier-A governing narrative; must be included in longitudinal reconstruction.,governing narrative / longitudinal progression,NO,,,,NO,,YES,UNASSESSED,UNASSESSED,CATALOGUED_PASS_A,IP-V2-SNAPSHOT-2026-08-13-A,idoly-ingest/01_main_story/02_tokyo/tokyo_008_enjoy_just_purely.md
tokyo_009_no_gray,GAME_BUNDLE,main_story,No Gray,tokyo,,,,,1,1,5,st-main-cmn-01-02-16|st-main-cmn-01-02-17|st-main-cmn-01-02-18|st-main-cmn-01-02-19|st-main-cmn-01-02-20,14,ai|aoi|host|kkr|koh|krk|ktn|kyi|mhk|rio|rui|skr|smr|yu,15946,502,CORE,PROVISIONAL_PASS_A,Tier-A governing narrative; must be included in longitudinal reconstruction.,governing narrative / longitudinal progression,NO,,,,NO,,YES,UNASSESSED,UNASSESSED,CATALOGUED_PASS_A,IP-V2-SNAPSHOT-2026-08-13-A,idoly-ingest/01_main_story/02_tokyo/tokyo_009_no_gray.md
tokyo_010_cold_diamond,GAME_BUNDLE,main_story,Cold Diamond,tokyo,,,,,1,1,5,st-main-cmn-01-02-21|st-main-cmn-01-02-22|st-main-cmn-01-02-23|st-main-cmn-01-02-24|st-main-cmn-01-02-25,19,ai|host|hrk|kan|koh|kor|krk|ktn|mei|mhk|reportera|reporterb|rio|rui|skr|smr|stm|suz|yu,14928,481,CORE,PROVISIONAL_PASS_A,Tier-A governing narrative; must be included in longitudinal reconstruction.,governing narrative / longitudinal progression,NO,,,,NO,,YES,UNASSESSED,UNASSESSED,CATALOGUED_PASS_A,IP-V2-SNAPSHOT-2026-08-13-A,idoly-ingest/01_main_story/02_tokyo/tokyo_010_cold_diamond.md
tokyo_011_moonlight_in_our_hands,GAME_BUNDLE,main_story,Moonlight In Our Hands,tokyo,,,,,1,1,5,st-main-cmn-01-02-26|st-main-cmn-01-02-27|st-main-cmn-01-02-28|st-main-cmn-01-02-29|st-main-cmn-01-02-30,17,host|kan|koh|kor|krk|ktn|mei|mhk|ngs|reportera|rio|rui|ski|skr|smr|suz|yu,18600,551,CORE,PROVISIONAL_PASS_A,Tier-A governing narrative; must be included in longitudinal reconstruction.,governing narrative / longitudinal progression,NO,,,,NO,,YES,UNASSESSED,UNASSESSED,CATALOGUED_PASS_A,IP-V2-SNAPSHOT-2026-08-13-A,idoly-ingest/01_main_story/02_tokyo/tokyo_011_moonlight_in_our_hands.md
tokyo_012_what_is_idol,GAME_BUNDLE,main_story,What is ”IDOL”?,tokyo,,,,,1,1,5,st-main-cmn-01-02-31|st-main-cmn-01-02-32|st-main-cmn-01-02-33|st-main-cmn-01-02-34|st-main-cmn-01-02-35,20,aoi|chs|host|hrk|kan|koh|kor|ktn|mei|mhk|ngs|rei|rio|rui|shj|ski|skr|smr|suz|szk,16223,496,CORE,PROVISIONAL_PASS_A,Tier-A governing narrative; must be included in longitudinal reconstruction.,governing narrative / longitudinal progression,NO,,,,NO,,YES,UNASSESSED,UNASSESSED,CATALOGUED_PASS_A,IP-V2-SNAPSHOT-2026-08-13-A,idoly-ingest/01_main_story/02_tokyo/tokyo_012_what_is_idol.md
tokyo_013_may_the_sunshine_be_with_you,GAME_BUNDLE,main_story,May the Sunshine be with you,tokyo,,,,,1,1,5,st-main-cmn-01-02-36|st-main-cmn-01-02-37|st-main-cmn-01-02-38|st-main-cmn-01-02-39|st-main-cmn-01-02-40,21,chs|host|hrk|kan|koh|kor|krk|ktn|mei|mhk|ngs|rei|rio|rui|shj|ski|skr|stm|suz|szk|vanurstaff,17865,522,CORE,PROVISIONAL_PASS_A,Tier-A governing narrative; must be included in longitudinal reconstruction.,governing narrative / longitudinal progression,NO,,,,NO,,YES,UNASSESSED,UNASSESSED,CATALOGUED_PASS_A,IP-V2-SNAPSHOT-2026-08-13-A,idoly-ingest/01_main_story/02_tokyo/tokyo_013_may_the_sunshine_be_with_you.md
tokyo_014_with_beyond_the_miracle,GAME_BUNDLE,main_story,[With/Beyond] the Miracle,tokyo,,,,,1,1,4,st-main-cmn-01-02-41|st-main-cmn-01-02-42|st-main-cmn-01-02-43|st-main-cmn-01-02-44,19,aoi|chs|host|hrk|kan|koh|kor|krk|ktn|mhk|rei|rio|rui|shj|skr|stm|szk|vanurstaff|yu,12450,362,CORE,PROVISIONAL_PASS_A,Tier-A governing narrative; must be included in longitudinal reconstruction.,governing narrative / longitudinal progression,NO,,,,NO,,YES,UNASSESSED,UNASSESSED,CATALOGUED_PASS_A,IP-V2-SNAPSHOT-2026-08-13-A,idoly-ingest/01_main_story/02_tokyo/tokyo_014_with_beyond_the_miracle.md
big4_001_dark_of_the_moon,GAME_BUNDLE,main_story,Dark Of the Moon,big4,,,,,1,1,5,st-main-cmn-02-01-01|st-main-cmn-02-01-02|st-main-cmn-02-01-03|st-main-cmn-02-01-04|st-main-cmn-02-01-05,20,aoi|chs|host|hrk|kan|koh|kor|ktn|mei|mhk|ngs|rei|rio|rui|shj|ski|skr|stm|suz|szk,14359,420,CORE,PROVISIONAL_PASS_A,Tier-A governing narrative; must be included in longitudinal reconstruction.,governing narrative / longitudinal progression,NO,,,,NO,,YES,UNASSESSED,UNASSESSED,CATALOGUED_PASS_A,IP-V2-SNAPSHOT-2026-08-13-A,idoly-ingest/01_main_story/03_big4/big4_001_dark_of_the_moon.md
big4_002_cloudy_road_ahead,GAME_BUNDLE,main_story,Cloudy Road Ahead,big4,,,,,1,1,5,st-main-cmn-02-01-06|st-main-cmn-02-01-07|st-main-cmn-02-01-08|st-main-cmn-02-01-09|st-main-cmn-02-01-10,13,kan|koh|kor|ktn|lizfana|mei|mhk|ngs|shj|ski|skr|stm|suz,12288,370,CORE,PROVISIONAL_PASS_A,Tier-A governing narrative; must be included in longitudinal reconstruction.,governing narrative / longitudinal progression,NO,,,,NO,,YES,UNASSESSED,UNASSESSED,CATALOGUED_PASS_A,IP-V2-SNAPSHOT-2026-08-13-A,idoly-ingest/01_main_story/03_big4/big4_002_cloudy_road_ahead.md
big4_003_adventure_of_life,GAME_BUNDLE,main_story,Adventure Of Life,big4,,,,,1,1,5,st-main-cmn-02-01-11|st-main-cmn-02-01-12|st-main-cmn-02-01-13|st-main-cmn-02-01-14|st-main-cmn-02-01-15,8,koh|ktn|mei|ngs|ski|skr|suz|wannouncer,13806,437,CORE,PROVISIONAL_PASS_A,Tier-A governing narrative; must be included in longitudinal reconstruction.,governing narrative / longitudinal progression,NO,,,,NO,,YES,UNASSESSED,UNASSESSED,CATALOGUED_PASS_A,IP-V2-SNAPSHOT-2026-08-13-A,idoly-ingest/01_main_story/03_big4/big4_003_adventure_of_life.md
big4_004_decision_of_the_underdogs,GAME_BUNDLE,main_story,Decision Of The Underdogs,big4,,,,,1,1,5,st-main-cmn-02-01-16|st-main-cmn-02-01-17|st-main-cmn-02-01-18|st-main-cmn-02-01-19|st-main-cmn-02-01-20,16,host|hrk|koh|ktn|lim|lizfana|lizfanb|lmn|mei|ngs|ngs2|ski|skr|stm|suz|szk,17625,540,CORE,PROVISIONAL_PASS_A,Tier-A governing narrative; must be included in longitudinal reconstruction.,governing narrative / longitudinal progression,NO,,,,NO,,YES,UNASSESSED,UNASSESSED,CATALOGUED_PASS_A,IP-V2-SNAPSHOT-2026-08-13-A,idoly-ingest/01_main_story/03_big4/big4_004_decision_of_the_underdogs.md
big4_005_goodbye_to_the_moon,GAME_BUNDLE,main_story,Goodbye To The Moon,big4,,,,,1,1,5,st-main-cmn-02-01-21|st-main-cmn-02-01-22|st-main-cmn-02-01-23|st-main-cmn-02-01-24|st-main-cmn-02-01-25,7,koh|ktn|mei|ngs|ski|suz|yu,11838,387,CORE,PROVISIONAL_PASS_A,Tier-A governing narrative; must be included in longitudinal reconstruction.,governing narrative / longitudinal progression,NO,,,,NO,,YES,UNASSESSED,UNASSESSED,CATALOGUED_PASS_A,IP-V2-SNAPSHOT-2026-08-13-A,idoly-ingest/01_main_story/03_big4/big4_005_goodbye_to_the_moon.md
big4_006_choice_of_destiny,GAME_BUNDLE,main_story,Choice of Destiny,big4,,,,,1,1,5,st-main-cmn-02-01-26|st-main-cmn-02-01-27|st-main-cmn-02-01-28|st-main-cmn-02-01-29|st-main-cmn-02-01-30,9,chs|koh|ktn|mannouncer|mei|mei2|ngs|ski|suz,14798,464,CORE,PROVISIONAL_PASS_A,Tier-A governing narrative; must be included in longitudinal reconstruction.,governing narrative / longitudinal progression,NO,,,,NO,,YES,UNASSESSED,UNASSESSED,CATALOGUED_PASS_A,IP-V2-SNAPSHOT-2026-08-13-A,idoly-ingest/01_main_story/03_big4/big4_006_choice_of_destiny.md
big4_007_new_moon_new_bright,GAME_BUNDLE,main_story,"New moon, New bright",big4,,,,,1,1,5,st-main-cmn-02-01-31|st-main-cmn-02-01-32|st-main-cmn-02-01-33|st-main-cmn-02-01-34|st-main-cmn-02-01-35,10,koh|ktn|lim|lmn|mei|ngs|reportera|reporterb|ski|suz,14914,436,CORE,PROVISIONAL_PASS_A,Tier-A governing narrative; must be included in longitudinal reconstruction.,governing narrative / longitudinal progression,NO,,,,NO,,YES,UNASSESSED,UNASSESSED,CATALOGUED_PASS_A,IP-V2-SNAPSHOT-2026-08-13-A,idoly-ingest/01_main_story/03_big4/big4_007_new_moon_new_bright.md
big4_008_keep_going,GAME_BUNDLE,main_story,Keep going,big4,,,,,1,1,5,st-main-cmn-02-01-36|st-main-cmn-02-01-37|st-main-cmn-02-01-38|st-main-cmn-02-01-39|st-main-cmn-02-01-40,14,camera|host|hrk|ikm|koh|lim|lmn|mei|ngs|ski|skr|suz|vanurstaffa|vanurstaffb,13357,418,CORE,PROVISIONAL_PASS_A,Tier-A governing narrative; must be included in longitudinal reconstruction.,governing narrative / longitudinal progression,NO,,,,NO,,YES,UNASSESSED,UNASSESSED,CATALOGUED_PASS_A,IP-V2-SNAPSHOT-2026-08-13-A,idoly-ingest/01_main_story/03_big4/big4_008_keep_going.md
big4_009_battle_again,GAME_BUNDLE,main_story,Battle again,big4,,,,,1,1,5,st-main-cmn-02-01-41|st-main-cmn-02-01-42|st-main-cmn-02-01-43|st-main-cmn-02-01-44|st-main-cmn-02-01-45,11,koh|ktn|lim|lmn|mc|mei|ngs|reporter|ski|stm|suz,15770,496,CORE,PROVISIONAL_PASS_A,Tier-A governing narrative; must be included in longitudinal reconstruction.,governing narrative / longitudinal progression,NO,,,,NO,,YES,UNASSESSED,UNASSESSED,CATALOGUED_PASS_A,IP-V2-SNAPSHOT-2026-08-13-A,idoly-ingest/01_main_story/03_big4/big4_009_battle_again.md
big4_010_goodbye_to_the_darkness,GAME_BUNDLE,main_story,Goodbye To The Darkness,big4,,,,,1,1,5,st-main-cmn-02-01-46|st-main-cmn-02-01-47|st-main-cmn-02-01-48|st-main-cmn-02-01-49|st-main-cmn-02-01-50,11,koh|ktn|lim|lmn|mc|mei|ngs|reportera|reporterb|ski|suz,14197,441,CORE,PROVISIONAL_PASS_A,Tier-A governing narrative; must be included in longitudinal reconstruction.,governing narrative / longitudinal progression,NO,,,,NO,,YES,UNASSESSED,UNASSESSED,CATALOGUED_PASS_A,IP-V2-SNAPSHOT-2026-08-13-A,idoly-ingest/01_main_story/03_big4/big4_010_goodbye_to_the_darkness.md
big4_011_back_of_entertainment,GAME_BUNDLE,main_story,Back Of Entertainment,big4,,,,,1,1,5,st-main-cmn-02-01-51|st-main-cmn-02-01-52|st-main-cmn-02-01-53|st-main-cmn-02-01-54|st-main-cmn-02-01-55,9,hrk|koh|ktn|mei|mhk|ngs|ski|skr|suz,14342,435,CORE,PROVISIONAL_PASS_A,Tier-A governing narrative; must be included in longitudinal reconstruction.,governing narrative / longitudinal progression,NO,,,,NO,,YES,UNASSESSED,UNASSESSED,CATALOGUED_PASS_A,IP-V2-SNAPSHOT-2026-08-13-A,idoly-ingest/01_main_story/03_big4/big4_011_back_of_entertainment.md
big4_012_illuminate,GAME_BUNDLE,main_story,Illuminate,big4,,,,,1,1,5,st-main-cmn-02-01-56|st-main-cmn-02-01-57|st-main-cmn-02-01-58|st-main-cmn-02-01-59|st-main-cmn-02-01-60,13,kan|koh|kor|ktn|lim|lmn|mei|mhk|mna|mng|ngs|ski|suz,17227,507,CORE,PROVISIONAL_PASS_A,Tier-A governing narrative; must be included in longitudinal reconstruction.,governing narrative / longitudinal progression,NO,,,,NO,,YES,UNASSESSED,UNASSESSED,CATALOGUED_PASS_A,IP-V2-SNAPSHOT-2026-08-13-A,idoly-ingest/01_main_story/03_big4/big4_012_illuminate.md
big4_013_the_moonlight,GAME_BUNDLE,main_story,The Moonlight,big4,,,,,1,1,5,st-main-cmn-02-01-61|st-main-cmn-02-01-62|st-main-cmn-02-01-63|st-main-cmn-02-01-64|st-main-cmn-02-01-65,13,host|koh|ktn|lim|lmn|mei|ngs|rio|rui|ski|skr|stm|suz,12037,374,CORE,PROVISIONAL_PASS_A,Tier-A governing narrative; must be included in longitudinal reconstruction.,governing narrative / longitudinal progression,NO,,,,YES,adv-live-main-cmn-02-01-61,YES,UNASSESSED,UNASSESSED,CATALOGUED_PASS_A,IP-V2-SNAPSHOT-2026-08-13-A,idoly-ingest/01_main_story/03_big4/big4_013_the_moonlight.md
big4_014_epilogue,GAME_BUNDLE,main_story,Epilogue,big4,,,,,1,1,1,st-main-cmn-02-01-66,10,chs|hrk|ktn|mei|ngs|rei|ski|skr|suz|szk,2985,91,CORE,PROVISIONAL_PASS_A,Tier-A governing narrative; must be included in longitudinal reconstruction.,governing narrative / longitudinal progression,NO,,,,NO,,YES,UNASSESSED,UNASSESSED,CATALOGUED_PASS_A,IP-V2-SNAPSHOT-2026-08-13-A,idoly-ingest/01_main_story/03_big4/big4_014_epilogue.md
stellar_001_to_soar_high,GAME_BUNDLE,main_story,To Soar High,stellar,,,,,1,1,5,st-main-cmn-03-01-01|st-main-cmn-03-01-02|st-main-cmn-03-01-03|st-main-cmn-03-01-04|st-main-cmn-03-01-05,21,chs|hrk|kan|koh|kor|ktn|lim|lmn|mannouncer|mei|ngs|rei|reporter|rio|rui|ski|skr|smr|suz|szk|yu,20298,580,CORE,PROVISIONAL_PASS_A,Tier-A governing narrative; must be included in longitudinal reconstruction.,governing narrative / longitudinal progression,NO,,,,NO,,YES,UNASSESSED,UNASSESSED,CATALOGUED_PASS_A,IP-V2-SNAPSHOT-2026-08-13-A,idoly-ingest/01_main_story/04_stellar/stellar_001_to_soar_high.md
stellar_002_nemophila,GAME_BUNDLE,main_story,Nemophila,stellar,,,,,1,1,5,st-main-cmn-03-01-06|st-main-cmn-03-01-07|st-main-cmn-03-01-08|st-main-cmn-03-01-09|st-main-cmn-03-01-10,13,chs|host|hrk|koh|lim|lmn|mhk|rei|rui|skr|smr|szk|yu,18518,527,CORE,PROVISIONAL_PASS_A,Tier-A governing narrative; must be included in longitudinal reconstruction.,governing narrative / longitudinal progression,NO,,,,NO,,YES,UNASSESSED,UNASSESSED,CATALOGUED_PASS_A,IP-V2-SNAPSHOT-2026-08-13-A,idoly-ingest/01_main_story/04_stellar/stellar_002_nemophila.md
stellar_003_to_fly_higher,GAME_BUNDLE,main_story,To Fly Higher,stellar,,,,,1,1,5,st-main-cmn-03-01-11|st-main-cmn-03-01-12|st-main-cmn-03-01-13|st-main-cmn-03-01-14|st-main-cmn-03-01-15,12,koh|ktn|mei|mhk|ngs|rui|ski|skr|smr|suz|szk|yu,19671,576,CORE,PROVISIONAL_PASS_A,Tier-A governing narrative; must be included in longitudinal reconstruction.,governing narrative / longitudinal progression,NO,,,,NO,,YES,UNASSESSED,UNASSESSED,CATALOGUED_PASS_A,IP-V2-SNAPSHOT-2026-08-13-A,idoly-ingest/01_main_story/04_stellar/stellar_003_to_fly_higher.md
stellar_004_hoshimi_s_festival,GAME_BUNDLE,main_story,Hoshimi's Festival,stellar,,,,,1,1,5,st-main-cmn-03-01-16|st-main-cmn-03-01-17|st-main-cmn-03-01-18|st-main-cmn-03-01-19|st-main-cmn-03-01-20,18,ai|aoi|chs|hrk|kan|kkr|koh|kor|ktn|mei|mhk|ngs|rei|rio|ski|skr|suz|szk,19954,586,CORE,PROVISIONAL_PASS_A,Tier-A governing narrative; must be included in longitudinal reconstruction.,governing narrative / longitudinal progression,NO,,,,NO,,YES,UNASSESSED,UNASSESSED,CATALOGUED_PASS_A,IP-V2-SNAPSHOT-2026-08-13-A,idoly-ingest/01_main_story/04_stellar/stellar_004_hoshimi_s_festival.md
stellar_005_we_are_the_sun,GAME_BUNDLE,main_story,We Are The Sun,stellar,,,,,1,1,5,st-main-cmn-03-01-21|st-main-cmn-03-01-22|st-main-cmn-03-01-23|st-main-cmn-03-01-24|st-main-cmn-03-01-25,10,chs|hrk|koh|lim|lmn|mna|rei|ski|skr|szk,17401,516,CORE,PROVISIONAL_PASS_A,Tier-A governing narrative; must be included in longitudinal reconstruction.,governing narrative / longitudinal progression,NO,,,,NO,,YES,UNASSESSED,UNASSESSED,CATALOGUED_PASS_A,IP-V2-SNAPSHOT-2026-08-13-A,idoly-ingest/01_main_story/04_stellar/stellar_005_we_are_the_sun.md
stellar_006_will_of_the_underdogs,GAME_BUNDLE,main_story,Will Of The Underdogs,stellar,,,,,1,1,5,st-main-cmn-03-01-26|st-main-cmn-03-01-27|st-main-cmn-03-01-28|st-main-cmn-03-01-29|st-main-cmn-03-01-30,8,koh|kyi|lim|lmn|ngs|rui|smr|yu,17635,558,CORE,PROVISIONAL_PASS_A,Tier-A governing narrative; must be included in longitudinal reconstruction.,governing narrative / longitudinal progression,NO,,,,NO,,YES,UNASSESSED,UNASSESSED,CATALOGUED_PASS_A,IP-V2-SNAPSHOT-2026-08-13-A,idoly-ingest/01_main_story/04_stellar/stellar_006_will_of_the_underdogs.md
stellar_007_repaying_kindness,GAME_BUNDLE,main_story,Repaying Kindness,stellar,,,,,1,1,5,st-main-cmn-03-01-31|st-main-cmn-03-01-32|st-main-cmn-03-01-33|st-main-cmn-03-01-34|st-main-cmn-03-01-35,7,koh|kyi|lim|lmn|rui|smr|yu,18217,598,CORE,PROVISIONAL_PASS_A,Tier-A governing narrative; must be included in longitudinal reconstruction.,governing narrative / longitudinal progression,NO,,,,NO,,YES,UNASSESSED,UNASSESSED,CATALOGUED_PASS_A,IP-V2-SNAPSHOT-2026-08-13-A,idoly-ingest/01_main_story/04_stellar/stellar_007_repaying_kindness.md
stellar_008_opening_of_grand_prix,GAME_BUNDLE,main_story,Opening of Grand Prix,stellar,,,,,1,1,5,st-main-cmn-03-01-36|st-main-cmn-03-01-37|st-main-cmn-03-01-38|st-main-cmn-03-01-39|st-main-cmn-03-01-40,20,ai|aoi|chs|host|hrk|koh|kor|ktn|lim|lmn|mhk|ngs|rio|rui|ski|skr|smr|suz|szk|yu,17618,511,CORE,PROVISIONAL_PASS_A,Tier-A governing narrative; must be included in longitudinal reconstruction.,governing narrative / longitudinal progression,NO,,,,NO,,YES,UNASSESSED,UNASSESSED,CATALOGUED_PASS_A,IP-V2-SNAPSHOT-2026-08-13-A,idoly-ingest/01_main_story/04_stellar/stellar_008_opening_of_grand_prix.md
stellar_009_challenge_for_friend,GAME_BUNDLE,main_story,Challenge for Friend,stellar,,,,,1,1,5,st-main-cmn-03-01-41|st-main-cmn-03-01-42|st-main-cmn-03-01-43|st-main-cmn-03-01-44|st-main-cmn-03-01-45,12,host|kan|koh|kor|ktn|lim|lmn|mhk|ngs|rui|smr|yu,18802,556,CORE,PROVISIONAL_PASS_A,Tier-A governing narrative; must be included in longitudinal reconstruction.,governing narrative / longitudinal progression,NO,,,,NO,,YES,UNASSESSED,UNASSESSED,CATALOGUED_PASS_A,IP-V2-SNAPSHOT-2026-08-13-A,idoly-ingest/01_main_story/04_stellar/stellar_009_challenge_for_friend.md
stellar_010_miraculous_beat,GAME_BUNDLE,main_story,Miraculous Beat,stellar,,,,,1,1,5,st-main-cmn-03-01-46|st-main-cmn-03-01-47|st-main-cmn-03-01-48|st-main-cmn-03-01-49|st-main-cmn-03-01-50,17,ai|aoi|chs|host|hrk|kkr|koh|ktn|lim|lmn|rei|rio|rui|skr|smr|szk|yu,19551,603,CORE,PROVISIONAL_PASS_A,Tier-A governing narrative; must be included in longitudinal reconstruction.,governing narrative / longitudinal progression,NO,,,,NO,,YES,UNASSESSED,UNASSESSED,CATALOGUED_PASS_A,IP-V2-SNAPSHOT-2026-08-13-A,idoly-ingest/01_main_story/04_stellar/stellar_010_miraculous_beat.md
stellar_011_all_my_youth,GAME_BUNDLE,main_story,All My Youth,stellar,,,,,1,1,6,st-main-cmn-03-01-51|st-main-cmn-03-01-52|st-main-cmn-03-01-53|st-main-cmn-03-01-54|st-main-cmn-03-01-55|st-main-cmn-03-01-56,22,chs|hibari|hituzi|host|hrk|koh|kor|ktn|lim|lmn|mei|ngs|rei|rio|rui|same|ski|skr|smr|suz|szk|yu,23291,690,CORE,PROVISIONAL_PASS_A,Tier-A governing narrative; must be included in longitudinal reconstruction.,governing narrative / longitudinal progression,NO,,,,YES,adv-live-main-cmn-03-01-53,YES,UNASSESSED,UNASSESSED,CATALOGUED_PASS_A,IP-V2-SNAPSHOT-2026-08-13-A,idoly-ingest/01_main_story/04_stellar/stellar_011_all_my_youth.md
origin_mna_001_first_step,GAME_BUNDLE,unit_origins,Mana: First Step,mna,Mana,,,,1,1,5,st-group-mna-01-01-01|st-group-mna-01-01-02|st-group-mna-01-01-03|st-group-mna-01-01-04|st-group-mna-01-01-05,6,dancea|hrk|idola|koh|mna|shj,12459,379,FOUNDATIONAL,PROVISIONAL_PASS_A,Mana origin material anchors the franchise inheritance/death/miracle structure.,formative history / unit foundation,NO,,,,NO,,YES,UNASSESSED,UNASSESSED,CATALOGUED_PASS_A,IP-V2-SNAPSHOT-2026-08-13-A,idoly-ingest/02_unit_origins/01_mana/origin_mna_001_first_step.md
origin_mna_002_trajectory_of_miracle,GAME_BUNDLE,unit_origins,Mana: Trajectory of Miracle,mna,Mana,,,,1,1,5,st-group-mna-01-01-06|st-group-mna-01-01-07|st-group-mna-01-01-08|st-group-mna-01-01-09|st-group-mna-01-01-10,19,announce|announcer|bstudenta|bstudentb|cteacher|gstudenta|gstudentb|hosta|hteacher|koh|ktn|lizfana|lizfanb|mna|shj|skr|skrdad|skrmam|vanurstaffa,17655,557,FOUNDATIONAL,PROVISIONAL_PASS_A,Mana origin material anchors the franchise inheritance/death/miracle structure.,formative history / unit foundation,NO,,,,NO,,YES,UNASSESSED,UNASSESSED,CATALOGUED_PASS_A,IP-V2-SNAPSHOT-2026-08-13-A,idoly-ingest/02_unit_origins/01_mana/origin_mna_002_trajectory_of_miracle.md
origin_mna_003_goodbye_to_goodbye,GAME_BUNDLE,unit_origins,Mana: Goodbye to Goodbye,mna,Mana,,,,1,1,5,st-group-mna-01-01-11|st-group-mna-01-01-12|st-group-mna-01-01-13|st-group-mna-01-01-14|st-group-mna-01-01-15,12,announcer|aoi|doctor|host|hrk|koh|ktn|mna|mng|rio|shj|vanurstaffa,16060,473,FOUNDATIONAL,PROVISIONAL_PASS_A,Mana origin material anchors the franchise inheritance/death/miracle structure.,formative history / unit foundation,NO,,,,NO,,YES,UNASSESSED,UNASSESSED,CATALOGUED_PASS_A,IP-V2-SNAPSHOT-2026-08-13-A,idoly-ingest/02_unit_origins/01_mana/origin_mna_003_goodbye_to_goodbye.md
origin_sun_001_chisa_s_memories,GAME_BUNDLE,unit_origins,SUNNY PEACE: Chisa's Memories,sun,SUNNY PEACE,,,,1,1,5,st-group-sun-01-01-01|st-group-sun-01-01-02|st-group-sun-01-01-03|st-group-sun-01-01-04|st-group-sun-01-01-05,4,chs|koh|ski|skr,17733,548,CORE,PROVISIONAL_PASS_A,Tier-A unit-origin narrative; establishes formative history and unit logic.,formative history / unit foundation,NO,,,,NO,,YES,UNASSESSED,UNASSESSED,CATALOGUED_PASS_A,IP-V2-SNAPSHOT-2026-08-13-A,idoly-ingest/02_unit_origins/02_sunny_peace/origin_sun_001_chisa_s_memories.md
origin_sun_002_rei_s_memories,GAME_BUNDLE,unit_origins,SUNNY PEACE: Rei's Memories,sun,SUNNY PEACE,,,,1,1,5,st-group-sun-01-02-01|st-group-sun-01-02-02|st-group-sun-01-02-03|st-group-sun-01-02-04|st-group-sun-01-02-05,8,chs|dancea|koh|ktn|littlegirl|mei|rei|suz,16825,523,CORE,PROVISIONAL_PASS_A,Tier-A unit-origin narrative; establishes formative history and unit logic.,formative history / unit foundation,NO,,,,NO,,YES,UNASSESSED,UNASSESSED,CATALOGUED_PASS_A,IP-V2-SNAPSHOT-2026-08-13-A,idoly-ingest/02_unit_origins/02_sunny_peace/origin_sun_002_rei_s_memories.md
origin_sun_003_shizuku_s_memories,GAME_BUNDLE,unit_origins,SUNNY PEACE: Shizuku's Memories,sun,SUNNY PEACE,,,,1,1,5,st-group-sun-01-03-01|st-group-sun-01-03-02|st-group-sun-01-03-03|st-group-sun-01-03-04|st-group-sun-01-03-05,7,bstudenta|cteacher|gstudenta|hrk|koh|skr|szk,17860,539,CORE,PROVISIONAL_PASS_A,Tier-A unit-origin narrative; establishes formative history and unit logic.,formative history / unit foundation,NO,,,,NO,,YES,UNASSESSED,UNASSESSED,CATALOGUED_PASS_A,IP-V2-SNAPSHOT-2026-08-13-A,idoly-ingest/02_unit_origins/02_sunny_peace/origin_sun_003_shizuku_s_memories.md
origin_sun_004_haruko_s_memories,GAME_BUNDLE,unit_origins,SUNNY PEACE: Haruko's Memories,sun,SUNNY PEACE,,,,1,1,5,st-group-sun-01-04-01|st-group-sun-01-04-02|st-group-sun-01-04-03|st-group-sun-01-04-04|st-group-sun-01-04-05,6,hrk|koh|mna|shj|skr|spectatora,18665,543,CORE,PROVISIONAL_PASS_A,Tier-A unit-origin narrative; establishes formative history and unit logic.,formative history / unit foundation,NO,,,,NO,,YES,UNASSESSED,UNASSESSED,CATALOGUED_PASS_A,IP-V2-SNAPSHOT-2026-08-13-A,idoly-ingest/02_unit_origins/02_sunny_peace/origin_sun_004_haruko_s_memories.md
origin_sun_005_sakura_s_memories,GAME_BUNDLE,unit_origins,SUNNY PEACE: Sakura's Memories,sun,SUNNY PEACE,,,,1,1,5,st-group-sun-01-05-01|st-group-sun-01-05-02|st-group-sun-01-05-03|st-group-sun-01-05-04|st-group-sun-01-05-05,9,hrk|koh|mna|nurse|shj|skr|skrdad|skrmam|tomo,18361,553,CORE,PROVISIONAL_PASS_A,Tier-A unit-origin narrative; establishes formative history and unit logic.,formative history / unit foundation,NO,,,,NO,,YES,UNASSESSED,UNASSESSED,CATALOGUED_PASS_A,IP-V2-SNAPSHOT-2026-08-13-A,idoly-ingest/02_unit_origins/02_sunny_peace/origin_sun_005_sakura_s_memories.md
origin_moon_001_saki_s_memories,GAME_BUNDLE,unit_origins,Tsuki no Tempest: Saki's Memories,moon,Tsuki no Tempest,,,,1,1,5,st-group-moon-01-01-01|st-group-moon-01-01-02|st-group-moon-01-01-03|st-group-moon-01-01-04|st-group-moon-01-01-05,3,chs|koh|ski,17576,584,CORE,PROVISIONAL_PASS_A,Tier-A unit-origin narrative; establishes formative history and unit logic.,formative history / unit foundation,NO,,,,NO,,YES,UNASSESSED,UNASSESSED,CATALOGUED_PASS_A,IP-V2-SNAPSHOT-2026-08-13-A,idoly-ingest/02_unit_origins/03_tsuki_no_tempest/origin_moon_001_saki_s_memories.md
origin_moon_002_suzu_s_memories,GAME_BUNDLE,unit_origins,Tsuki no Tempest: Suzu's Memories,moon,Tsuki no Tempest,,,,1,1,5,st-group-moon-01-02-01|st-group-moon-01-02-02|st-group-moon-01-02-03|st-group-moon-01-02-04|st-group-moon-01-02-05,10,announce|koh|littlegirl|lizfanb|maid|mei|mna|suz|suzdad|suzmam,17388,566,CORE,PROVISIONAL_PASS_A,Tier-A unit-origin narrative; establishes formative history and unit logic.,formative history / unit foundation,NO,,,,NO,,YES,UNASSESSED,UNASSESSED,CATALOGUED_PASS_A,IP-V2-SNAPSHOT-2026-08-13-A,idoly-ingest/02_unit_origins/03_tsuki_no_tempest/origin_moon_002_suzu_s_memories.md
origin_moon_003_mei_s_memories,GAME_BUNDLE,unit_origins,Tsuki no Tempest: Mei's Memories,moon,Tsuki no Tempest,,,,1,1,5,st-group-moon-01-03-01|st-group-moon-01-03-02|st-group-moon-01-03-03|st-group-moon-01-03-04|st-group-moon-01-03-05,7,bucho|gstudenta|gstudentb|koh|mei|ngs|suz,15617,499,CORE,PROVISIONAL_PASS_A,Tier-A unit-origin narrative; establishes formative history and unit logic.,formative history / unit foundation,NO,,,,NO,,YES,UNASSESSED,UNASSESSED,CATALOGUED_PASS_A,IP-V2-SNAPSHOT-2026-08-13-A,idoly-ingest/02_unit_origins/03_tsuki_no_tempest/origin_moon_003_mei_s_memories.md
origin_moon_004_nagisa_s_memories,GAME_BUNDLE,unit_origins,Tsuki no Tempest: Nagisa's Memories,moon,Tsuki no Tempest,,,,1,1,5,st-group-moon-01-04-01|st-group-moon-01-04-02|st-group-moon-01-04-03|st-group-moon-01-04-04|st-group-moon-01-04-05,6,koh|ktn|mna|ngs|ski|skr,16959,538,CORE,PROVISIONAL_PASS_A,Tier-A unit-origin narrative; establishes formative history and unit logic.,formative history / unit foundation,NO,,,,NO,,YES,UNASSESSED,UNASSESSED,CATALOGUED_PASS_A,IP-V2-SNAPSHOT-2026-08-13-A,idoly-ingest/02_unit_origins/03_tsuki_no_tempest/origin_moon_004_nagisa_s_memories.md
origin_moon_005_kotono_s_memories,GAME_BUNDLE,unit_origins,Tsuki no Tempest: Kotono's Memories,moon,Tsuki no Tempest,,,,1,1,5,st-group-moon-01-05-01|st-group-moon-01-05-02|st-group-moon-01-05-03|st-group-moon-01-05-04|st-group-moon-01-05-05,5,gstudenta|gstudentb|ktn|mna|ngs,17166,540,CORE,PROVISIONAL_PASS_A,Tier-A unit-origin narrative; establishes formative history and unit logic.,formative history / unit foundation,NO,,,,NO,,YES,UNASSESSED,UNASSESSED,CATALOGUED_PASS_A,IP-V2-SNAPSHOT-2026-08-13-A,idoly-ingest/02_unit_origins/03_tsuki_no_tempest/origin_moon_005_kotono_s_memories.md
origin_tri_001_white_resolve,GAME_BUNDLE,unit_origins,TRINITYAiLE: White Resolve,tri,TRINITYAiLE,,,,1,1,5,st-group-tri-01-01-01|st-group-tri-01-01-02|st-group-tri-01-01-03|st-group-tri-01-01-04|st-group-tri-01-01-05,9,danceb|kyi|littlegirl|rui|smr|traineea|traineeb|traineec|yu,15554,533,CORE,PROVISIONAL_PASS_A,Tier-A unit-origin narrative; establishes formative history and unit logic.,formative history / unit foundation,NO,,,,NO,,YES,UNASSESSED,UNASSESSED,CATALOGUED_PASS_A,IP-V2-SNAPSHOT-2026-08-13-A,idoly-ingest/02_unit_origins/04_trinityaile/origin_tri_001_white_resolve.md
origin_tri_002_shoot_for_the_sky,GAME_BUNDLE,unit_origins,TRINITYAiLE: Shoot for the Sky,tri,TRINITYAiLE,,,,1,1,5,st-group-tri-01-01-06|st-group-tri-01-01-07|st-group-tri-01-01-08|st-group-tri-01-01-09|st-group-tri-01-01-10,7,danceb|idola|idolb|kyi|rui|smr|yu,16800,569,CORE,PROVISIONAL_PASS_A,Tier-A unit-origin narrative; establishes formative history and unit logic.,formative history / unit foundation,NO,,,,NO,,YES,UNASSESSED,UNASSESSED,CATALOGUED_PASS_A,IP-V2-SNAPSHOT-2026-08-13-A,idoly-ingest/02_unit_origins/04_trinityaile/origin_tri_002_shoot_for_the_sky.md
origin_tri_003_light_my_fire,GAME_BUNDLE,unit_origins,TRINITYAiLE: Light My Fire,tri,TRINITYAiLE,,,,1,1,5,st-group-tri-01-01-11|st-group-tri-01-01-12|st-group-tri-01-01-13|st-group-tri-01-01-14|st-group-tri-01-01-15,5,host|kyi|rui|smr|yu,13473,424,CORE,PROVISIONAL_PASS_A,Tier-A unit-origin narrative; establishes formative history and unit logic.,formative history / unit foundation,NO,,,,NO,,YES,UNASSESSED,UNASSESSED,CATALOGUED_PASS_A,IP-V2-SNAPSHOT-2026-08-13-A,idoly-ingest/02_unit_origins/04_trinityaile/origin_tri_003_light_my_fire.md
origin_tri_004_r_aliser,GAME_BUNDLE,unit_origins,TRINITYAiLE: Réaliser,tri,TRINITYAiLE,,,,1,1,5,st-group-tri-01-01-16|st-group-tri-01-01-17|st-group-tri-01-01-18|st-group-tri-01-01-19|st-group-tri-01-01-20,10,host|koh|krk|kyi|rui|skr|smr|vanurstaffa|vanurstaffb|yu,15192,486,CORE,PROVISIONAL_PASS_A,Tier-A unit-origin narrative; establishes formative history and unit logic.,formative history / unit foundation,NO,,,,NO,,YES,UNASSESSED,UNASSESSED,CATALOGUED_PASS_A,IP-V2-SNAPSHOT-2026-08-13-A,idoly-ingest/02_unit_origins/04_trinityaile/origin_tri_004_r_aliser.md
origin_tri_005_because_sisters,GAME_BUNDLE,unit_origins,TRINITYAiLE: because  sisters,tri,TRINITYAiLE,,,,1,1,5,st-group-tri-01-01-21|st-group-tri-01-01-22|st-group-tri-01-01-23|st-group-tri-01-01-24|st-group-tri-01-01-25,4,kyi|rui|smr|yu,15086,487,CORE,PROVISIONAL_PASS_A,Tier-A unit-origin narrative; establishes formative history and unit logic.,formative history / unit foundation,NO,,,,NO,,YES,UNASSESSED,UNASSESSED,CATALOGUED_PASS_A,IP-V2-SNAPSHOT-2026-08-13-A,idoly-ingest/02_unit_origins/04_trinityaile/origin_tri_005_because_sisters.md
origin_tri_006_violette_blooming_proudly,GAME_BUNDLE,unit_origins,TRINITYAiLE: Violette blooming proudly,tri,TRINITYAiLE,,,,1,1,5,st-group-tri-01-01-26|st-group-tri-01-01-27|st-group-tri-01-01-28|st-group-tri-01-01-29|st-group-tri-01-01-30,5,krk|kyi|rui|smr|yu,13992,449,CORE,PROVISIONAL_PASS_A,Tier-A unit-origin narrative; establishes formative history and unit logic.,formative history / unit foundation,NO,,,,NO,,YES,UNASSESSED,UNASSESSED,CATALOGUED_PASS_A,IP-V2-SNAPSHOT-2026-08-13-A,idoly-ingest/02_unit_origins/04_trinityaile/origin_tri_006_violette_blooming_proudly.md
origin_liz_001_a_budding_lily,GAME_BUNDLE,unit_origins,LizNoir: a Budding Lily,liz,LizNoir,,,,1,1,5,st-group-liz-01-01-01|st-group-liz-01-01-02|st-group-liz-01-01-03|st-group-liz-01-01-04|st-group-liz-01-01-05,11,aoi|danceb|lizfana|lizfanb|ntm|rio|riomam|shj|traineea|traineeb|traineec,11346,416,CORE,PROVISIONAL_PASS_A,Tier-A unit-origin narrative; establishes formative history and unit logic.,formative history / unit foundation,NO,,,,NO,,YES,UNASSESSED,UNASSESSED,CATALOGUED_PASS_A,IP-V2-SNAPSHOT-2026-08-13-A,idoly-ingest/02_unit_origins/05_liznoir/origin_liz_001_a_budding_lily.md
origin_liz_002_one_more_dream,GAME_BUNDLE,unit_origins,LizNoir: One more dream,liz,LizNoir,,,,1,1,5,st-group-liz-01-01-06|st-group-liz-01-01-07|st-group-liz-01-01-08|st-group-liz-01-01-09|st-group-liz-01-01-10,10,aoi|host|krk|kyi|lizfana|lizfanb|mna|rio|shj|vanurstaff,12910,480,CORE,PROVISIONAL_PASS_A,Tier-A unit-origin narrative; establishes formative history and unit logic.,formative history / unit foundation,NO,,,,NO,,YES,UNASSESSED,UNASSESSED,CATALOGUED_PASS_A,IP-V2-SNAPSHOT-2026-08-13-A,idoly-ingest/02_unit_origins/05_liznoir/origin_liz_002_one_more_dream.md
origin_liz_003_impatience_of_hollyhock,GAME_BUNDLE,unit_origins,LizNoir: Impatience of Hollyhock,liz,LizNoir,,,,1,1,5,st-group-liz-01-01-11|st-group-liz-01-01-12|st-group-liz-01-01-13|st-group-liz-01-01-14|st-group-liz-01-01-15,6,aoi|krk|ktn|mna|rio|shj,9420,352,CORE,PROVISIONAL_PASS_A,Tier-A unit-origin narrative; establishes formative history and unit logic.,formative history / unit foundation,NO,,,,NO,,YES,UNASSESSED,UNASSESSED,CATALOGUED_PASS_A,IP-V2-SNAPSHOT-2026-08-13-A,idoly-ingest/02_unit_origins/05_liznoir/origin_liz_003_impatience_of_hollyhock.md
origin_liz_004_love_heart,GAME_BUNDLE,unit_origins,LizNoir: Love & Heart,liz,LizNoir,,,,1,1,5,st-group-liz-01-01-16|st-group-liz-01-01-17|st-group-liz-01-01-18|st-group-liz-01-01-19|st-group-liz-01-01-20,11,ai|aoi|host|kkr|krk|ktn|kyi|rio|rui|smr|yu,9731,369,CORE,PROVISIONAL_PASS_A,Tier-A unit-origin narrative; establishes formative history and unit logic.,formative history / unit foundation,NO,,,,NO,,YES,UNASSESSED,UNASSESSED,CATALOGUED_PASS_A,IP-V2-SNAPSHOT-2026-08-13-A,idoly-ingest/02_unit_origins/05_liznoir/origin_liz_004_love_heart.md
origin_liz_005_smile_or_perfect_performance,GAME_BUNDLE,unit_origins,LizNoir: Smile or Perfect performance,liz,LizNoir,,,,1,1,5,st-group-liz-01-01-21|st-group-liz-01-01-22|st-group-liz-01-01-23|st-group-liz-01-01-24|st-group-liz-01-01-25,7,ai|aoi|kkr|kyi|lizfana|lizfanb|rio,16480,548,CORE,PROVISIONAL_PASS_A,Tier-A unit-origin narrative; establishes formative history and unit logic.,formative history / unit foundation,NO,,,,NO,,YES,UNASSESSED,UNASSESSED,CATALOGUED_PASS_A,IP-V2-SNAPSHOT-2026-08-13-A,idoly-ingest/02_unit_origins/05_liznoir/origin_liz_005_smile_or_perfect_performance.md
origin_liz_006_brand-new_liznoir,GAME_BUNDLE,unit_origins,LizNoir: Brand-new LizNoir,liz,LizNoir,,,,1,1,5,st-group-liz-01-01-26|st-group-liz-01-01-27|st-group-liz-01-01-28|st-group-liz-01-01-29|st-group-liz-01-01-30,6,ai|announce|aoi|kkr|kyi|rio,17149,568,CORE,PROVISIONAL_PASS_A,Tier-A unit-origin narrative; establishes formative history and unit logic.,formative history / unit foundation,NO,,,,NO,,YES,UNASSESSED,UNASSESSED,CATALOGUED_PASS_A,IP-V2-SNAPSHOT-2026-08-13-A,idoly-ingest/02_unit_origins/05_liznoir/origin_liz_006_brand-new_liznoir.md
origin_liz_007_black_lily_in_the_storm,GAME_BUNDLE,unit_origins,LizNoir: Black Lily in the Storm,liz,LizNoir,,,,1,1,5,st-group-liz-01-02-01|st-group-liz-01-02-02|st-group-liz-01-02-03|st-group-liz-01-02-04|st-group-liz-01-02-05,6,ai|aoi|kkr|koh|rio|rui,19194,571,CORE,PROVISIONAL_PASS_A,Tier-A unit-origin narrative; establishes formative history and unit logic.,formative history / unit foundation,NO,,,,NO,,YES,UNASSESSED,UNASSESSED,CATALOGUED_PASS_A,IP-V2-SNAPSHOT-2026-08-13-A,idoly-ingest/02_unit_origins/05_liznoir/origin_liz_007_black_lily_in_the_storm.md
origin_liz_008_the_road_of_battle,GAME_BUNDLE,unit_origins,LizNoir: The Road Of Battle,liz,LizNoir,,,,1,1,5,st-group-liz-01-02-06|st-group-liz-01-02-07|st-group-liz-01-02-08|st-group-liz-01-02-09|st-group-liz-01-02-10,8,ai|aoi|dancea|kkr|koh|rio|rui|vanurstaff,21377,626,CORE,PROVISIONAL_PASS_A,Tier-A unit-origin narrative; establishes formative history and unit logic.,formative history / unit foundation,NO,,,,NO,,YES,UNASSESSED,UNASSESSED,CATALOGUED_PASS_A,IP-V2-SNAPSHOT-2026-08-13-A,idoly-ingest/02_unit_origins/05_liznoir/origin_liz_008_the_road_of_battle.md
origin_liz_009_the_beginning_venus,GAME_BUNDLE,unit_origins,LizNoir: The Beginning Venus,liz,LizNoir,,,,1,1,1,st-group-liz-01-02-11,3,koh|rio|shj,6072,171,CORE,PROVISIONAL_PASS_A,Tier-A unit-origin narrative; establishes formative history and unit logic.,formative history / unit foundation,NO,,,,NO,,YES,UNASSESSED,UNASSESSED,CATALOGUED_PASS_A,IP-V2-SNAPSHOT-2026-08-13-A,idoly-ingest/02_unit_origins/05_liznoir/origin_liz_009_the_beginning_venus.md
origin_liz_010_kokoro_ai_s_memories,GAME_BUNDLE,unit_origins,LizNoir: Kokoro & Ai's Memories,liz,LizNoir,,,,1,1,2,st-group-liz-01-03-12|st-group-liz-01-03-13,2,ai|kkr,8257,232,CORE,PROVISIONAL_PASS_A,Tier-A unit-origin narrative; establishes formative history and unit logic.,formative history / unit foundation,NO,,,,NO,,YES,UNASSESSED,UNASSESSED,CATALOGUED_PASS_A,IP-V2-SNAPSHOT-2026-08-13-A,idoly-ingest/02_unit_origins/05_liznoir/origin_liz_010_kokoro_ai_s_memories.md
origin_thrx_001_diamond_mining,GAME_BUNDLE,unit_origins,IIIX: Diamond Mining,thrx,IIIX,,,,1,1,5,st-group-thrx-01-01-01|st-group-thrx-01-01-02|st-group-thrx-01-01-03|st-group-thrx-01-01-04|st-group-thrx-01-01-05,6,danceb|kan|koh|kor|mhk|stm,16149,506,CORE,PROVISIONAL_PASS_A,Tier-A unit-origin narrative; establishes formative history and unit logic.,formative history / unit foundation,NO,,,,NO,,YES,UNASSESSED,UNASSESSED,CATALOGUED_PASS_A,IP-V2-SNAPSHOT-2026-08-13-A,idoly-ingest/02_unit_origins/06_iiix/origin_thrx_001_diamond_mining.md
origin_thrx_002_house_of_cards,GAME_BUNDLE,unit_origins,IIIX: House Of Cards,thrx,IIIX,,,,1,1,5,st-group-thrx-01-01-06|st-group-thrx-01-01-07|st-group-thrx-01-01-08|st-group-thrx-01-01-09|st-group-thrx-01-01-10,6,danceb|host|kan|kor|mhk|reporter,17954,554,CORE,PROVISIONAL_PASS_A,Tier-A unit-origin narrative; establishes formative history and unit logic.,formative history / unit foundation,NO,,,,NO,,YES,UNASSESSED,UNASSESSED,CATALOGUED_PASS_A,IP-V2-SNAPSHOT-2026-08-13-A,idoly-ingest/02_unit_origins/06_iiix/origin_thrx_002_house_of_cards.md
origin_thrx_003_gears_go_awry,GAME_BUNDLE,unit_origins,IIIX: Gears Go Awry,thrx,IIIX,,,,1,1,5,st-group-thrx-01-01-11|st-group-thrx-01-01-12|st-group-thrx-01-01-13|st-group-thrx-01-01-14|st-group-thrx-01-01-15,15,grandma|gstudent|host|kan|koh|kor|krk|ktn|littlegirl|mannouncer|mhk|ngs|rui|skr|smr,18310,566,CORE,PROVISIONAL_PASS_A,Tier-A unit-origin narrative; establishes formative history and unit logic.,formative history / unit foundation,NO,,,,NO,,YES,UNASSESSED,UNASSESSED,CATALOGUED_PASS_A,IP-V2-SNAPSHOT-2026-08-13-A,idoly-ingest/02_unit_origins/06_iiix/origin_thrx_003_gears_go_awry.md
origin_thrx_004_re-polished,GAME_BUNDLE,unit_origins,IIIX: Re-Polished,thrx,IIIX,,,,1,1,5,st-group-thrx-01-01-16|st-group-thrx-01-01-17|st-group-thrx-01-01-18|st-group-thrx-01-01-19|st-group-thrx-01-01-20,15,chs|gstudenta|gstudentb|host|kan|koh|kor|krk|ktn|lizfana|lizfanb|mannouncer|mhk|rei|skr,19025,588,CORE,PROVISIONAL_PASS_A,Tier-A unit-origin narrative; establishes formative history and unit logic.,formative history / unit foundation,NO,,,,NO,,YES,UNASSESSED,UNASSESSED,CATALOGUED_PASS_A,IP-V2-SNAPSHOT-2026-08-13-A,idoly-ingest/02_unit_origins/06_iiix/origin_thrx_004_re-polished.md
event_2021_001_st-eve-2107-tour,GAME_BUNDLE,events,雨上がりの太陽と共に,events,,,st-eve-2107-tour,,1,1,5,st-eve-2107-tour-001|st-eve-2107-tour-002|st-eve-2107-tour-003|st-eve-2107-tour-004|st-eve-2107-tour-005,6,chs|hrk|rei|skr|szk|yu,13259,449,IMPORTANT,PROVISIONAL_PASS_A,Substantial event narrative; provisional pending V2 semantic review.,"event-level character, relationship, professional, or unit development",YES,IMPORTANT,1,Haruko's Okinawa/weather trauma and failed-solo past.,NO,,YES,HISTORICAL_SELECTION_TO_RETEST,UNASSESSED,CATALOGUED_PASS_A,IP-V2-SNAPSHOT-2026-08-13-A,idoly-ingest/03_events/by_year/2021/event_2021_001_st-eve-2107-tour.md
event_2021_002_st-eve-2108-tour,GAME_BUNDLE,events,月夜に輝く恋の魔法,events,,,st-eve-2108-tour,,1,1,5,st-eve-2108-tour-001|st-eve-2108-tour-002|st-eve-2108-tour-003|st-eve-2108-tour-004|st-eve-2108-tour-005,5,ktn|mei|ngs|ski|suz,13895,474,IMPORTANT,PROVISIONAL_PASS_A,Substantial event narrative; provisional pending V2 semantic review.,"event-level character, relationship, professional, or unit development",YES,IMPORTANT,2,Shows Mei's bashful romantic longing and love for Tsuki itself.,NO,,YES,HISTORICAL_SELECTION_TO_RETEST,UNASSESSED,CATALOGUED_PASS_A,IP-V2-SNAPSHOT-2026-08-13-A,idoly-ingest/03_events/by_year/2021/event_2021_002_st-eve-2108-tour.md
event_2021_003_st-eve-2109-backside,GAME_BUNDLE,events,芽吹く黒ユリの蕾,events,,,st-eve-2109-backside,,1,1,5,st-eve-2109-backside-001|st-eve-2109-backside-002|st-eve-2109-backside-003|st-eve-2109-backside-004|st-eve-2109-backside-005,7,ai|aoi|caffestaff|kkr|lizfana|rio|suz,15376,509,IMPORTANT,PROVISIONAL_PASS_A,Substantial event narrative; provisional pending V2 semantic review.,"event-level character, relationship, professional, or unit development",YES,IMPORTANT,3,Ai learns emotion can strengthen LizNoir discipline.,NO,,YES,HISTORICAL_SELECTION_TO_RETEST,UNASSESSED,CATALOGUED_PASS_A,IP-V2-SNAPSHOT-2026-08-13-A,idoly-ingest/03_events/by_year/2021/event_2021_003_st-eve-2109-backside.md
event_2021_004_st-eve-2110-marathon,GAME_BUNDLE,events,煌めく奇跡をもう一度,events,,,st-eve-2110-marathon,,1,1,6,st-eve-2110-marathon-001|st-eve-2110-marathon-002|st-eve-2110-marathon-003|st-eve-2110-marathon-004|st-eve-2110-marathon-005|st-eve-2110-marathon-006,18,ai|aoi|chs|hrk|kkr|koh|ktn|mei|ngs|rei|rio|rui|ski|skr|smr|suz|szk|yu,18621,577,IMPORTANT,PROVISIONAL_PASS_A,Substantial event narrative; provisional pending V2 semantic review.,"event-level character, relationship, professional, or unit development",YES,IMPORTANT,4,Mana birthday ritual; communal memory rather than private wound.,NO,,YES,HISTORICAL_SELECTION_TO_RETEST,UNASSESSED,CATALOGUED_PASS_A,IP-V2-SNAPSHOT-2026-08-13-A,idoly-ingest/03_events/by_year/2021/event_2021_004_st-eve-2110-marathon.md
event_2021_005_st-eve-2111-backside,GAME_BUNDLE,events,夢踊るステージに架け橋を,events,,,st-eve-2111-backside,,1,1,5,st-eve-2111-backside-001|st-eve-2111-backside-002|st-eve-2111-backside-003|st-eve-2111-backside-004|st-eve-2111-backside-005,4,0|mei|rei|suz,13334,434,IMPORTANT,PROVISIONAL_PASS_A,Substantial event narrative; provisional pending V2 semantic review.,"event-level character, relationship, professional, or unit development",YES,IMPORTANT,5,Rei articulates why idols matter against a serious medical-family worldview.,NO,,YES,HISTORICAL_SELECTION_TO_RETEST,UNASSESSED,CATALOGUED_PASS_A,IP-V2-SNAPSHOT-2026-08-13-A,idoly-ingest/03_events/by_year/2021/event_2021_005_st-eve-2111-backside.md
event_2021_006_st-eve-2112-marathon,GAME_BUNDLE,events,羽休む聖夜のサプライズ,events,,,st-eve-2112-marathon,,1,1,5,st-eve-2112-marathon-001|st-eve-2112-marathon-002|st-eve-2112-marathon-003|st-eve-2112-marathon-004|st-eve-2112-marathon-005,4,rui|smr|suz|yu,12192,390,IMPORTANT,PROVISIONAL_PASS_A,Substantial event narrative; provisional pending V2 semantic review.,"event-level character, relationship, professional, or unit development",YES,IMPORTANT,6,Sumire loneliness and TRINITY private gratitude/care.,NO,,YES,HISTORICAL_SELECTION_TO_RETEST,UNASSESSED,CATALOGUED_PASS_A,IP-V2-SNAPSHOT-2026-08-13-A,idoly-ingest/03_events/by_year/2021/event_2021_006_st-eve-2112-marathon.md
event_2022_001_st-eve-2201-contest,GAME_BUNDLE,events,昇る初陽に咲く笑顔,events,,,st-eve-2201-contest,,1,1,5,st-eve-2201-contest-001|st-eve-2201-contest-002|st-eve-2201-contest-003|st-eve-2201-contest-004|st-eve-2201-contest-005,8,chs|hrk|rei|skr|skrdad|skrmam|stm|szk,14121,468,IMPORTANT,PROVISIONAL_PASS_A,Substantial event narrative; provisional pending V2 semantic review.,"event-level character, relationship, professional, or unit development",YES,IMPORTANT,7,Sakura family context and childhood weakness deepen her sun imagery.,NO,,YES,HISTORICAL_SELECTION_TO_RETEST,UNASSESSED,CATALOGUED_PASS_A,IP-V2-SNAPSHOT-2026-08-13-A,idoly-ingest/03_events/by_year/2022/event_2022_001_st-eve-2201-contest.md
event_2022_002_st-eve-2202-marathon,GAME_BUNDLE,events,心愛溶けるビターチョコレート,events,,,st-eve-2202-marathon,,1,1,5,st-eve-2202-marathon-001|st-eve-2202-marathon-002|st-eve-2202-marathon-003|st-eve-2202-marathon-004|st-eve-2202-marathon-005,4,ai|aoi|kkr|rio,16153,527,IMPORTANT,PROVISIONAL_PASS_A,Substantial event narrative; provisional pending V2 semantic review.,"event-level character, relationship, professional, or unit development",YES,IMPORTANT,8,Major Kokoro guilt/liability fear event; bitter feeling becomes LizNoir concept.,NO,,YES,HISTORICAL_SELECTION_TO_RETEST,UNASSESSED,CATALOGUED_PASS_A,IP-V2-SNAPSHOT-2026-08-13-A,idoly-ingest/03_events/by_year/2022/event_2022_002_st-eve-2202-marathon.md
event_2022_003_st-eve-2203-race,GAME_BUNDLE,events,並び立つ歌姫のフルリール,events,,,st-eve-2203-race,,1,1,6,st-eve-2203-race-001|st-eve-2203-race-002|st-eve-2203-race-003|st-eve-2203-race-004|st-eve-2203-race-005|st-eve-2203-race-006,5,ngs|rui|smr|szk|yu,16324,558,IMPORTANT,PROVISIONAL_PASS_A,Substantial event narrative; provisional pending V2 semantic review.,"event-level character, relationship, professional, or unit development",YES,IMPORTANT,9,Shizuku's fandom and voice become interpretive power.,NO,,YES,HISTORICAL_SELECTION_TO_RETEST,UNASSESSED,CATALOGUED_PASS_A,IP-V2-SNAPSHOT-2026-08-13-A,idoly-ingest/03_events/by_year/2022/event_2022_003_st-eve-2203-race.md
event_2022_004_st-eve-2204-contest,GAME_BUNDLE,events,愛歌う星の継承者,events,,,st-eve-2204-contest,,1,1,6,st-eve-2204-contest-001|st-eve-2204-contest-002|st-eve-2204-contest-003|st-eve-2204-contest-004|st-eve-2204-contest-005|st-eve-2204-contest-006,5,koh|ktn|mei|rio|suz,16258,496,IMPORTANT,PROVISIONAL_PASS_A,Substantial event narrative; provisional pending V2 semantic review.,"event-level character, relationship, professional, or unit development",YES,CORE,13,Essential Suzu/Mana-admiration event; converts reverence into ambition to surpass.,NO,,YES,HISTORICAL_SELECTION_TO_RETEST,UNASSESSED,CATALOGUED_PASS_A,IP-V2-SNAPSHOT-2026-08-13-A,idoly-ingest/03_events/by_year/2022/event_2022_004_st-eve-2204-contest.md
event_2022_005_st-eve-2205-race,GAME_BUNDLE,events,心紡ぎ合う輝きの競演,events,,,st-eve-2205-race,,1,1,5,st-eve-2205-race-001|st-eve-2205-race-002|st-eve-2205-race-003|st-eve-2205-race-004|st-eve-2205-race-005,10,chs|host|idola|idolb|koh|ngs|ski|spectatora|spectatorb|szk,15386,501,IMPORTANT,PROVISIONAL_PASS_A,Substantial event narrative; provisional pending V2 semantic review.,"event-level character, relationship, professional, or unit development",YES,CORE,17,Core Shiraishi sisters event; forces both support-type sisters to admit they want to step forward.,NO,,YES,HISTORICAL_SELECTION_TO_RETEST,UNASSESSED,CATALOGUED_PASS_A,IP-V2-SNAPSHOT-2026-08-13-A,idoly-ingest/03_events/by_year/2022/event_2022_005_st-eve-2205-race.md
event_2022_006_st-eve-2206-marathon,GAME_BUNDLE,events,導きのファンファーレ,events,,,st-eve-2206-marathon,,1,1,5,st-eve-2206-marathon-001|st-eve-2206-marathon-002|st-eve-2206-marathon-003|st-eve-2206-marathon-004|st-eve-2206-marathon-005,8,chs|hrk|koh|littlegirl|rei|skr|szk|vanurstaff,14617,482,IMPORTANT,PROVISIONAL_PASS_A,Substantial event narrative; provisional pending V2 semantic review.,"event-level character, relationship, professional, or unit development",YES,IMPORTANT,10,Sunny Peace authors a song/outfit through fan/local/member input.,NO,,YES,HISTORICAL_SELECTION_TO_RETEST,UNASSESSED,CATALOGUED_PASS_A,IP-V2-SNAPSHOT-2026-08-13-A,idoly-ingest/03_events/by_year/2022/event_2022_006_st-eve-2206-marathon.md
event_2022_007_st-eve-2207-contest,GAME_BUNDLE,events,Happy Smile Selfie,events,,,st-eve-2207-contest,,1,1,5,st-eve-2207-contest-001|st-eve-2207-contest-002|st-eve-2207-contest-003|st-eve-2207-contest-004|st-eve-2207-contest-005,7,kan|koh|kor|lizfana|lizfanb|mhk|skr,18772,546,IMPORTANT,PROVISIONAL_PASS_A,Substantial event narrative; provisional pending V2 semantic review.,"event-level character, relationship, professional, or unit development",YES,CORE,1,Essential IIIX-entering-Hoshimi story; establishes IIIX as hostile outsiders and Sakura as a miho trigger.,NO,,YES,HISTORICAL_SELECTION_TO_RETEST,UNASSESSED,CATALOGUED_PASS_A,IP-V2-SNAPSHOT-2026-08-13-A,idoly-ingest/03_events/by_year/2022/event_2022_007_st-eve-2207-contest.md
event_2022_008_st-eve-2208-backside,GAME_BUNDLE,events,熱中☆ハプニングサマー,events,,,st-eve-2208-backside,,1,1,5,st-eve-2208-backside-001|st-eve-2208-backside-002|st-eve-2208-backside-003|st-eve-2208-backside-004|st-eve-2208-backside-005,6,ai|aoi|kkr|lizfana|lizfanb|rio,16769,550,IMPORTANT,PROVISIONAL_PASS_A,Substantial event narrative; provisional pending V2 semantic review.,"event-level character, relationship, professional, or unit development",YES,IMPORTANT,11,LizNoir senior/junior affection and casual closeness.,NO,,YES,HISTORICAL_SELECTION_TO_RETEST,UNASSESSED,CATALOGUED_PASS_A,IP-V2-SNAPSHOT-2026-08-13-A,idoly-ingest/03_events/by_year/2022/event_2022_008_st-eve-2208-backside.md
event_2022_009_st-eve-2209-contest,GAME_BUNDLE,events,未来とつながるマジカルメロディ,events,,,st-eve-2209-contest,,1,1,5,st-eve-2209-contest-001|st-eve-2209-contest-002|st-eve-2209-contest-003|st-eve-2209-contest-004|st-eve-2209-contest-005,5,koh|mku|rui|smr|yu,14467,461,IMPORTANT,PROVISIONAL_PASS_A,Substantial event narrative; provisional pending V2 semantic review.,"event-level character, relationship, professional, or unit development",YES,IMPORTANT,12,TRINITY's relationship to virtual/mediated singer-presence and feelings-first creation.,YES,adv-live-eve-2209-contest-005,YES,HISTORICAL_SELECTION_TO_RETEST,UNASSESSED,CATALOGUED_PASS_A,IP-V2-SNAPSHOT-2026-08-13-A,idoly-ingest/03_events/by_year/2022/event_2022_009_st-eve-2209-contest.md
event_2022_010_st-eve-2210-race,GAME_BUNDLE,events,運命繋ぐ流星の軌跡,events,,,st-eve-2210-race,,1,1,5,st-eve-2210-race-001|st-eve-2210-race-002|st-eve-2210-race-003|st-eve-2210-race-004|st-eve-2210-race-005,5,ai|aoi|kkr|ktn|rio,14447,505,IMPORTANT,PROVISIONAL_PASS_A,Substantial event narrative; provisional pending V2 semantic review.,"event-level character, relationship, professional, or unit development",YES,CORE,25,Essential Rio/Mana/Kotono event; Rio's relationship to Mana becomes gratitude and rivalry.,YES,adv-live-eve-2210-race-005,YES,HISTORICAL_SELECTION_TO_RETEST,UNASSESSED,CATALOGUED_PASS_A,IP-V2-SNAPSHOT-2026-08-13-A,idoly-ingest/03_events/by_year/2022/event_2022_010_st-eve-2210-race.md
event_2022_011_st-eve-2211-marathon-raid,GAME_BUNDLE,events,舌戦開幕！賛美の湯,events,,,st-eve-2211-marathon-raid,,1,1,5,st-eve-2211-marathon-raid-001|st-eve-2211-marathon-raid-002|st-eve-2211-marathon-raid-003|st-eve-2211-marathon-raid-004|st-eve-2211-marathon-raid-005,6,hrk|kan|koh|kor|mei|mhk,14719,442,IMPORTANT,PROVISIONAL_PASS_A,Substantial event narrative; provisional pending V2 semantic review.,"event-level character, relationship, professional, or unit development",YES,CORE,6,"Pure IIIX 腐れ縁 grammar: intimacy expressed through combat, praise as attack, honesty as weapon.",NO,,YES,HISTORICAL_SELECTION_TO_RETEST,UNASSESSED,CATALOGUED_PASS_A,IP-V2-SNAPSHOT-2026-08-13-A,idoly-ingest/03_events/by_year/2022/event_2022_011_st-eve-2211-marathon-raid.md
event_2022_012_st-eve-2212-race,GAME_BUNDLE,events,君と願う月灯の祝祭,events,,,st-eve-2212-race,,1,1,5,st-eve-2212-race-001|st-eve-2212-race-002|st-eve-2212-race-003|st-eve-2212-race-004|st-eve-2212-race-005,5,ktn|mei|ngs|ski|suz,16275,547,IMPORTANT,PROVISIONAL_PASS_A,Substantial event narrative; provisional pending V2 semantic review.,"event-level character, relationship, professional, or unit development",YES,CORE,12,Important Kotono birthday/Christmas event; lets Kotono be loved as Kotono rather than only Mana's sister or Tsuki's leader.,YES,adv-live-eve-2212-race-004,YES,HISTORICAL_SELECTION_TO_RETEST,UNASSESSED,CATALOGUED_PASS_A,IP-V2-SNAPSHOT-2026-08-13-A,idoly-ingest/03_events/by_year/2022/event_2022_012_st-eve-2212-race.md
event_2023_001_st-eve-2301-contest,GAME_BUNDLE,events,最高優美＊飛躍のカウントダウン,events,,,st-eve-2301-contest,,1,1,5,st-eve-2301-contest-001|st-eve-2301-contest-002|st-eve-2301-contest-003|st-eve-2301-contest-004|st-eve-2301-contest-005,6,ai|aoi|kkr|krk|rio|vanurstaff,15074,471,IMPORTANT,PROVISIONAL_PASS_A,Substantial event narrative; provisional pending V2 semantic review.,"event-level character, relationship, professional, or unit development",YES,IMPORTANT,16,Kokoro's center ambition pressure-test and LizNoir meritocracy.,YES,adv-live-eve-2301-contest-005,YES,HISTORICAL_SELECTION_TO_RETEST,UNASSESSED,CATALOGUED_PASS_A,IP-V2-SNAPSHOT-2026-08-13-A,idoly-ingest/03_events/by_year/2023/event_2023_001_st-eve-2301-contest.md
event_2023_002_st-eve-2302-marathon-raid,GAME_BUNDLE,events,守れ！純潔のベーゼ～imposition of love～,events,,,st-eve-2302-marathon-raid,,1,1,5,st-eve-2302-marathon-raid-001|st-eve-2302-marathon-raid-002|st-eve-2302-marathon-raid-003|st-eve-2302-marathon-raid-004|st-eve-2302-marathon-raid-005,6,koh|rui|smr|traineea|wannouncer|yu,16703,518,IMPORTANT,PROVISIONAL_PASS_A,Substantial event narrative; provisional pending V2 semantic review.,"event-level character, relationship, professional, or unit development",YES,IMPORTANT,17,Rui autonomy/adult-recognition issue and Yu's possessive protectiveness.,NO,,YES,HISTORICAL_SELECTION_TO_RETEST,UNASSESSED,CATALOGUED_PASS_A,IP-V2-SNAPSHOT-2026-08-13-A,idoly-ingest/03_events/by_year/2023/event_2023_002_st-eve-2302-marathon-raid.md
event_2023_003_st-eve-2303-race,GAME_BUNDLE,events,ぱじゃまパーティー！～夢見る少女と眠り姫～,events,,,st-eve-2303-race,,1,1,5,st-eve-2303-race-001|st-eve-2303-race-002|st-eve-2303-race-003|st-eve-2303-race-004|st-eve-2303-race-005,6,chs|kkr|smr|stm|suz|szk,17089,528,IMPORTANT,PROVISIONAL_PASS_A,Substantial event narrative; provisional pending V2 semantic review.,"event-level character, relationship, professional, or unit development",YES,IMPORTANT,18,Sumire tries to lead like Rui and finds her unguarded/playful center.,YES,adv-live-eve-2303-race-005,YES,HISTORICAL_SELECTION_TO_RETEST,UNASSESSED,CATALOGUED_PASS_A,IP-V2-SNAPSHOT-2026-08-13-A,idoly-ingest/03_events/by_year/2023/event_2023_003_st-eve-2303-race.md
event_2023_004_st-eve-2304-marathon-raid,GAME_BUNDLE,events,音色の輝石が紡ぐ未来,events,,,st-eve-2304-marathon-raid,,1,1,5,st-eve-2304-marathon-raid-001|st-eve-2304-marathon-raid-002|st-eve-2304-marathon-raid-003|st-eve-2304-marathon-raid-004|st-eve-2304-marathon-raid-005,11,0|chs|host|hrk|koh|ktn|rei|ski|skr|suz|szk,16744,532,IMPORTANT,PROVISIONAL_PASS_A,Substantial event narrative; provisional pending V2 semantic review.,"event-level character, relationship, professional, or unit development",YES,CORE,11,Core Sakura/Kotono/Mana-cover anxiety event; turns jealousy and inheritance into rivalry.,NO,,YES,HISTORICAL_SELECTION_TO_RETEST,UNASSESSED,CATALOGUED_PASS_A,IP-V2-SNAPSHOT-2026-08-13-A,idoly-ingest/03_events/by_year/2023/event_2023_004_st-eve-2304-marathon-raid.md
event_2023_005_st-eve-2305-race,GAME_BUNDLE,events,きょうえん！HTT＆HMA～放課後ティータイム＆星見アンバサダー～,events,,,st-eve-2305-race,,1,1,3,st-eve-2305-race-001|st-eve-2305-race-002|st-eve-2305-race-003,8,ai|kkr|konazusa|konmio|konmugi|konritsu|konyui|suz,9366,296,IMPORTANT,PROVISIONAL_PASS_A,Substantial event narrative; provisional pending V2 semantic review.,"event-level character, relationship, professional, or unit development",NO,,,,NO,,YES,UNASSESSED,UNASSESSED,CATALOGUED_PASS_A,IP-V2-SNAPSHOT-2026-08-13-A,idoly-ingest/03_events/by_year/2023/event_2023_005_st-eve-2305-race.md
event_2023_006_st-eve-2306-contest,GAME_BUNDLE,events,星々が奇跡と叶える約束の未来,events,,,st-eve-2306-contest,,1,1,5,st-eve-2306-contest-001|st-eve-2306-contest-002|st-eve-2306-contest-003|st-eve-2306-contest-004|st-eve-2306-contest-005,13,chs|hrk|kor|ktn|mei|mna|ngs|rei|rio|rui|skr|szk|yu,16177,512,IMPORTANT,PROVISIONAL_PASS_A,Substantial event narrative; provisional pending V2 semantic review.,"event-level character, relationship, professional, or unit development",YES,CORE,20,Reveals Mana's old thank-you-live promise with Haruko and turns staff gratitude into inherited performance.,NO,,YES,HISTORICAL_SELECTION_TO_RETEST,UNASSESSED,CATALOGUED_PASS_A,IP-V2-SNAPSHOT-2026-08-13-A,idoly-ingest/03_events/by_year/2023/event_2023_006_st-eve-2306-contest.md
event_2023_007_st-eve-2307-race,GAME_BUNDLE,events,灼熱のBEACH ～イライラMAX ⅢX～,events,,,st-eve-2307-race,,1,1,5,st-eve-2307-race-001|st-eve-2307-race-002|st-eve-2307-race-003|st-eve-2307-race-004|st-eve-2307-race-005,4,kan|koh|kor|mhk,17695,500,IMPORTANT,PROVISIONAL_PASS_A,Substantial event narrative; provisional pending V2 semantic review.,"event-level character, relationship, professional, or unit development",YES,IMPORTANT,13,IIIX media/variety competence; irritation and rivalry become TV value.,YES,adv-live-eve-2307-race-05,YES,HISTORICAL_SELECTION_TO_RETEST,UNASSESSED,CATALOGUED_PASS_A,IP-V2-SNAPSHOT-2026-08-13-A,idoly-ingest/03_events/by_year/2023/event_2023_007_st-eve-2307-race.md
event_2023_008_st-eve-2308-marathon-raid,GAME_BUNDLE,events,おしごとシークレット,events,,,st-eve-2308-marathon-raid,,1,1,5,st-eve-2308-marathon-raid-001|st-eve-2308-marathon-raid-002|st-eve-2308-marathon-raid-003|st-eve-2308-marathon-raid-004|st-eve-2308-marathon-raid-005,4,koh|rui|smr|yu,16103,480,IMPORTANT,PROVISIONAL_PASS_A,Substantial event narrative; provisional pending V2 semantic review.,"event-level character, relationship, professional, or unit development",YES,IMPORTANT,14,Yu's fan-creator/doujin identity becomes something she can stand openly with.,YES,adv-live-eve-2308-marathon-raid-05,YES,HISTORICAL_SELECTION_TO_RETEST,UNASSESSED,CATALOGUED_PASS_A,IP-V2-SNAPSHOT-2026-08-13-A,idoly-ingest/03_events/by_year/2023/event_2023_008_st-eve-2308-marathon-raid.md
event_2023_009_st-eve-2309-backside,GAME_BUNDLE,events,遥か頂に向かう秀麗,events,,,st-eve-2309-backside,,1,1,5,st-eve-2309-backside-001|st-eve-2309-backside-002|st-eve-2309-backside-003|st-eve-2309-backside-004|st-eve-2309-backside-005,9,chs|hosta|hrk|mei|mhk|rei|skr|suz|szk,16273,518,IMPORTANT,PROVISIONAL_PASS_A,Substantial event narrative; provisional pending V2 semantic review.,"event-level character, relationship, professional, or unit development",YES,CORE,16,"Essential Rei/Haruko collision: ambition, limits, urgency, and humane braking.",YES,adv-live-eve-2309-backside-04,YES,HISTORICAL_SELECTION_TO_RETEST,UNASSESSED,CATALOGUED_PASS_A,IP-V2-SNAPSHOT-2026-08-13-A,idoly-ingest/03_events/by_year/2023/event_2023_009_st-eve-2309-backside.md
event_2023_010_st-eve-2310-race,GAME_BUNDLE,events,迷走ピリオド 涼やかな青春,events,,,st-eve-2310-race,,1,1,5,st-eve-2310-race-001|st-eve-2310-race-002|st-eve-2310-race-003|st-eve-2310-race-004|st-eve-2310-race-005,3,mei|mna|suz,16084,506,IMPORTANT,PROVISIONAL_PASS_A,Substantial event narrative; provisional pending V2 semantic review.,"event-level character, relationship, professional, or unit development",YES,IMPORTANT,15,Mei/Suzu effort-vs-intuition and rivalry event.,NO,,YES,HISTORICAL_SELECTION_TO_RETEST,UNASSESSED,CATALOGUED_PASS_A,IP-V2-SNAPSHOT-2026-08-13-A,idoly-ingest/03_events/by_year/2023/event_2023_010_st-eve-2310-race.md
event_2023_011_st-eve-2311-marathon-raid,GAME_BUNDLE,events,翔けぬけるVictoire　誓いのplume,events,,,st-eve-2311-marathon-raid,,1,1,5,st-eve-2311-marathon-raid-001|st-eve-2311-marathon-raid-002|st-eve-2311-marathon-raid-003|st-eve-2311-marathon-raid-004|st-eve-2311-marathon-raid-005,4,koh|rui|smr|yu,16729,502,IMPORTANT,PROVISIONAL_PASS_A,Substantial event narrative; provisional pending V2 semantic review.,"event-level character, relationship, professional, or unit development",YES,CORE,22,Core TRINITY event; winning streak becomes a cage and risk/challenge return meaning to performance.,YES,adv-live-eve-2311-marathon-raid-04,YES,HISTORICAL_SELECTION_TO_RETEST,UNASSESSED,CATALOGUED_PASS_A,IP-V2-SNAPSHOT-2026-08-13-A,idoly-ingest/03_events/by_year/2023/event_2023_011_st-eve-2311-marathon-raid.md
event_2023_012_st-eve-2312-contest,GAME_BUNDLE,events,君と輝くサンシャイン!!,events,,,st-eve-2312-contest,,1,1,5,st-eve-2312-contest-001|st-eve-2312-contest-002|st-eve-2312-contest-003|st-eve-2312-contest-004|st-eve-2312-contest-005,8,chk|chs|hrk|rei|rik|skr|szk|yo,15985,502,IMPORTANT,PROVISIONAL_PASS_A,Substantial event narrative; provisional pending V2 semantic review.,"event-level character, relationship, professional, or unit development",YES,IMPORTANT,19,Sunny Peace rediscovers 好き as emotional fuel behind professional duty.,YES,adv-live-eve-2312-contest-05,YES,HISTORICAL_SELECTION_TO_RETEST,UNASSESSED,CATALOGUED_PASS_A,IP-V2-SNAPSHOT-2026-08-13-A,idoly-ingest/03_events/by_year/2023/event_2023_012_st-eve-2312-contest.md
event_2024_001_st-eve-2401-race,GAME_BUNDLE,events,にゃんか不思議なお正月！？,events,,,st-eve-2401-race,,1,1,5,st-eve-2401-race-001|st-eve-2401-race-002|st-eve-2401-race-003|st-eve-2401-race-004|st-eve-2401-race-005,6,koh|ktn|mei|ngs|ski|suz,16265,520,IMPORTANT,PROVISIONAL_PASS_A,Substantial event narrative; provisional pending V2 semantic review.,"event-level character, relationship, professional, or unit development",NO,,,,NO,,YES,UNASSESSED,UNASSESSED,CATALOGUED_PASS_A,IP-V2-SNAPSHOT-2026-08-13-A,idoly-ingest/03_events/by_year/2024/event_2024_001_st-eve-2401-race.md
event_2024_002_st-eve-2402-contest,GAME_BUNDLE,events,未来を彩るスノーフェスティバル,events,,,st-eve-2402-contest,,1,1,5,st-eve-2402-contest-001|st-eve-2402-contest-002|st-eve-2402-contest-003|st-eve-2402-contest-004|st-eve-2402-contest-005,6,ai|aoi|kkr|koh|rio|ymk,15839,509,IMPORTANT,PROVISIONAL_PASS_A,Substantial event narrative; provisional pending V2 semantic review.,"event-level character, relationship, professional, or unit development",YES,IMPORTANT,20,LizNoir gratitude/regional story through Snow Miku/Hokkaido.,YES,adv-live-eve-2402-contest-05,YES,HISTORICAL_SELECTION_TO_RETEST,UNASSESSED,CATALOGUED_PASS_A,IP-V2-SNAPSHOT-2026-08-13-A,idoly-ingest/03_events/by_year/2024/event_2024_002_st-eve-2402-contest.md
event_2024_003_st-eve-2403-race,GAME_BUNDLE,events,笑顔のSUNNY 繋げるPEACE,events,,,st-eve-2403-race,,1,1,5,st-eve-2403-race-001|st-eve-2403-race-002|st-eve-2403-race-003|st-eve-2403-race-004|st-eve-2403-race-005,10,bstudenta|chs|gstudentb|hrk|lizfana|lizfanb|rei|sickgirl|skr|szk,15756,501,IMPORTANT,PROVISIONAL_PASS_A,Substantial event narrative; provisional pending V2 semantic review.,"event-level character, relationship, professional, or unit development",YES,CORE,14,"Strongest event-level definition of Sunny Peace's social function: circulating hope through fans, family, locality, and gratitude.",YES,adv-live-eve-2403-race-05,YES,HISTORICAL_SELECTION_TO_RETEST,UNASSESSED,CATALOGUED_PASS_A,IP-V2-SNAPSHOT-2026-08-13-A,idoly-ingest/03_events/by_year/2024/event_2024_003_st-eve-2403-race.md
event_2024_004_st-eve-2404-dice,GAME_BUNDLE,events,不屈のChallenger～Roll the dice～,events,,,st-eve-2404-dice,,1,1,5,st-eve-2404-dice-001|st-eve-2404-dice-002|st-eve-2404-dice-003|st-eve-2404-dice-004|st-eve-2404-dice-005,5,host|kan|koh|kor|mhk,17771,517,IMPORTANT,PROVISIONAL_PASS_A,Substantial event narrative; provisional pending V2 semantic review.,"event-level character, relationship, professional, or unit development",YES,IMPORTANT,21,"IIIX international ambition: kana networks, fran reads fashion/social atmosphere, miho strategizes.",YES,adv-live-eve-2404-dice-05,YES,HISTORICAL_SELECTION_TO_RETEST,UNASSESSED,CATALOGUED_PASS_A,IP-V2-SNAPSHOT-2026-08-13-A,idoly-ingest/03_events/by_year/2024/event_2024_004_st-eve-2404-dice.md
event_2024_005_st-eve-2405-race,GAME_BUNDLE,events,すれ違いのディソナンス,events,,,st-eve-2405-race,,1,1,5,st-eve-2405-race-001|st-eve-2405-race-002|st-eve-2405-race-003|st-eve-2405-race-004|st-eve-2405-race-005,6,ai|aoi|kkr|kkr2|koh|rio,18227,550,IMPORTANT,PROVISIONAL_PASS_A,Substantial event narrative; provisional pending V2 semantic review.,"event-level character, relationship, professional, or unit development",YES,CORE,23,Essential LizNoir identity crisis under sponsor pressure toward cuteness.,YES,adv-live-eve-2405-race-05,YES,HISTORICAL_SELECTION_TO_RETEST,UNASSESSED,CATALOGUED_PASS_A,IP-V2-SNAPSHOT-2026-08-13-A,idoly-ingest/03_events/by_year/2024/event_2024_005_st-eve-2405-race.md
event_2024_006_st-eve-2406-contest,GAME_BUNDLE,events,君を照らすムーンライトロード,events,,,st-eve-2406-contest,,1,1,5,st-eve-2406-contest-001|st-eve-2406-contest-002|st-eve-2406-contest-003|st-eve-2406-contest-004|st-eve-2406-contest-005,11,idola|ktn|mei|ngs|rei|ski|skr|spectatora|suz|szk|vanurstaff,17347,545,IMPORTANT,PROVISIONAL_PASS_A,Substantial event narrative; provisional pending V2 semantic review.,"event-level character, relationship, professional, or unit development",YES,CORE,8,Core Tsuki event; reframes Kotono and Tsuki's mature moonlight philosophy after defeat.,NO,,YES,HISTORICAL_SELECTION_TO_RETEST,UNASSESSED,CATALOGUED_PASS_A,IP-V2-SNAPSHOT-2026-08-13-A,idoly-ingest/03_events/by_year/2024/event_2024_006_st-eve-2406-contest.md
event_2024_007_st-eve-2407-dice,GAME_BUNDLE,events,漕ぎ出せ！アイドル★サバイバーズ,events,,,st-eve-2407-dice,,1,1,5,st-eve-2407-dice-001|st-eve-2407-dice-002|st-eve-2407-dice-003|st-eve-2407-dice-004|st-eve-2407-dice-005,6,chs|hrk|koh|rei|skr|szk,17042,532,IMPORTANT,PROVISIONAL_PASS_A,Substantial event narrative; provisional pending V2 semantic review.,"event-level character, relationship, professional, or unit development",YES,CORE,15,Core Chisa courage/self-erasure event; turns fear into the wish to go with everyone.,NO,,YES,HISTORICAL_SELECTION_TO_RETEST,UNASSESSED,CATALOGUED_PASS_A,IP-V2-SNAPSHOT-2026-08-13-A,idoly-ingest/03_events/by_year/2024/event_2024_007_st-eve-2407-dice.md
event_2024_008_st-eve-2408-race,GAME_BUNDLE,events,偽りのREALISM ～密着 新曲会議！？～,events,,,st-eve-2408-race,,1,1,5,st-eve-2408-race-001|st-eve-2408-race-002|st-eve-2408-race-003|st-eve-2408-race-004|st-eve-2408-race-005,4,kan|koh|kor|mhk,18955,547,IMPORTANT,PROVISIONAL_PASS_A,Substantial event narrative; provisional pending V2 semantic review.,"event-level character, relationship, professional, or unit development",YES,CORE,5,"Shows IIIX as a creative organism: kana handles circulation/image, miho performance architecture, fran aesthetics/design.",YES,adv-live-eve-2408-race-05,YES,HISTORICAL_SELECTION_TO_RETEST,UNASSESSED,CATALOGUED_PASS_A,IP-V2-SNAPSHOT-2026-08-13-A,idoly-ingest/03_events/by_year/2024/event_2024_008_st-eve-2408-race.md
event_2024_009_st-eve-2409-marathon-raid,GAME_BUNDLE,events,開演！ぷりてぃー★エンジェル,events,,,st-eve-2409-marathon-raid,,1,1,5,st-eve-2409-marathon-raid-001|st-eve-2409-marathon-raid-002|st-eve-2409-marathon-raid-003|st-eve-2409-marathon-raid-004|st-eve-2409-marathon-raid-005,5,host|koh|rui|smr|yu,20013,583,IMPORTANT,PROVISIONAL_PASS_A,Substantial event narrative; provisional pending V2 semantic review.,"event-level character, relationship, professional, or unit development",YES,IMPORTANT,22,"Yu fan/adaptation ethics, Sumire acting depth, and Fran's creator/fan aesthetics.",NO,,YES,HISTORICAL_SELECTION_TO_RETEST,UNASSESSED,CATALOGUED_PASS_A,IP-V2-SNAPSHOT-2026-08-13-A,idoly-ingest/03_events/by_year/2024/event_2024_009_st-eve-2409-marathon-raid.md
event_2024_010_st-eve-2410-dice,GAME_BUNDLE,events,お待たせしました里帰り～星見凱旋記～,events,,,st-eve-2410-dice,,1,1,5,st-eve-2410-dice-001|st-eve-2410-dice-002|st-eve-2410-dice-003|st-eve-2410-dice-004|st-eve-2410-dice-005,13,chs|gyogyo|hrk|koh|ktn|mei|mna|ngs|rei|ski|skr|suz|szk,18233,543,IMPORTANT,PROVISIONAL_PASS_A,Substantial event narrative; provisional pending V2 semantic review.,"event-level character, relationship, professional, or unit development",YES,CORE,19,Essential Hoshimi City/homecoming event; connects Mana's local memory with Sakura/Kotono inheritance.,YES,adv-live-eve-2410-dice-05,YES,HISTORICAL_SELECTION_TO_RETEST,UNASSESSED,CATALOGUED_PASS_A,IP-V2-SNAPSHOT-2026-08-13-A,idoly-ingest/03_events/by_year/2024/event_2024_010_st-eve-2410-dice.md
event_2024_011_st-eve-2411-race,GAME_BUNDLE,events,欺瞞の最強TWINkle,events,,,st-eve-2411-race,,1,1,5,st-eve-2411-race-001|st-eve-2411-race-002|st-eve-2411-race-003|st-eve-2411-race-004|st-eve-2411-race-005,8,chs|gstudenta|host|kan|kkr|koh|mei|szk,22320,620,IMPORTANT,PROVISIONAL_PASS_A,Substantial event narrative; provisional pending V2 semantic review.,"event-level character, relationship, professional, or unit development",YES,CORE,7,"Essential kana/Kokoro mirroring: attention, recognition, father wound, and bratty self-performance.",YES,adv-live-eve-2411-race-05,YES,HISTORICAL_SELECTION_TO_RETEST,UNASSESSED,CATALOGUED_PASS_A,IP-V2-SNAPSHOT-2026-08-13-A,idoly-ingest/03_events/by_year/2024/event_2024_011_st-eve-2411-race.md
event_2024_012_st-eve-2412-contest,GAME_BUNDLE,events,心跳ねるクリスマスパーティー,events,,,st-eve-2412-contest,,1,1,5,st-eve-2412-contest-001|st-eve-2412-contest-002|st-eve-2412-contest-003|st-eve-2412-contest-004|st-eve-2412-contest-005,7,cca|chn|chs|kkr|smr|suz|szk,16174,526,IMPORTANT,PROVISIONAL_PASS_A,Substantial event narrative; provisional pending V2 semantic review.,"event-level character, relationship, professional, or unit development",NO,,,,YES,adv-live-eve-2412-contest-05,YES,UNASSESSED,UNASSESSED,CATALOGUED_PASS_A,IP-V2-SNAPSHOT-2026-08-13-A,idoly-ingest/03_events/by_year/2024/event_2024_012_st-eve-2412-contest.md
event_2025_001_st-eve-2501-race,GAME_BUNDLE,events,迎春！翼に込める躍進の一念,events,,,st-eve-2501-race,,1,1,5,st-eve-2501-race-001|st-eve-2501-race-002|st-eve-2501-race-003|st-eve-2501-race-004|st-eve-2501-race-005,4,koh|rui|smr|yu,18403,574,IMPORTANT,PROVISIONAL_PASS_A,Substantial event narrative; provisional pending V2 semantic review.,"event-level character, relationship, professional, or unit development",YES,CORE,21,Core Sumire/TRINITY equality wound event; support and challenge become compatible.,NO,,YES,HISTORICAL_SELECTION_TO_RETEST,UNASSESSED,CATALOGUED_PASS_A,IP-V2-SNAPSHOT-2026-08-13-A,idoly-ingest/03_events/by_year/2025/event_2025_001_st-eve-2501-race.md
event_2025_002_st-eve-2502-marathon-raid,GAME_BUNDLE,events,感謝を伝えるLovely Valentine's Day,events,,,st-eve-2502-marathon-raid,,1,1,5,st-eve-2502-marathon-raid-001|st-eve-2502-marathon-raid-002|st-eve-2502-marathon-raid-003|st-eve-2502-marathon-raid-004|st-eve-2502-marathon-raid-005,6,chs|hrk|koh|rei|skr|szk,16915,472,IMPORTANT,PROVISIONAL_PASS_A,Substantial event narrative; provisional pending V2 semantic review.,"event-level character, relationship, professional, or unit development",YES,IMPORTANT,23,Sunny/Makino gratitude story; clarifies Makino's role in Sunny members' idol origins.,YES,adv-live-eve-2502-marathon-05,YES,HISTORICAL_SELECTION_TO_RETEST,UNASSESSED,CATALOGUED_PASS_A,IP-V2-SNAPSHOT-2026-08-13-A,idoly-ingest/03_events/by_year/2025/event_2025_002_st-eve-2502-marathon-raid.md
event_2025_003_st-eve-2503-dice,GAME_BUNDLE,events,SOS！星見プロダクションの転送～ただのアイドルには興味ありません！？～,events,,,st-eve-2503-dice,,1,1,3,st-eve-2503-dice-001|st-eve-2503-dice-002|st-eve-2503-dice-003,10,chs|haruhi|itsuki|koh|kyon|mei|mikuru|rei|ski|yuki,12066,338,IMPORTANT,PROVISIONAL_PASS_A,Substantial event narrative; provisional pending V2 semantic review.,"event-level character, relationship, professional, or unit development",NO,,,,NO,,YES,UNASSESSED,UNASSESSED,CATALOGUED_PASS_A,IP-V2-SNAPSHOT-2026-08-13-A,idoly-ingest/03_events/by_year/2025/event_2025_003_st-eve-2503-dice.md
event_2025_004_st-eve-2504-marathon-raid,GAME_BUNDLE,events,旗揚げ！劇団★見～二人のアリスとWONDERLAND～,events,,,st-eve-2504-marathon-raid,,1,1,5,st-eve-2504-marathon-raid-001|st-eve-2504-marathon-raid-002|st-eve-2504-marathon-raid-003|st-eve-2504-marathon-raid-004|st-eve-2504-marathon-raid-005,6,koh|ktn|skr|suz|szk|yu,15557,466,IMPORTANT,PROVISIONAL_PASS_A,Substantial event narrative; provisional pending V2 semantic review.,"event-level character, relationship, professional, or unit development",YES,CORE,26,Core Shizuku/Suzu/Yu theater event; Shizuku asserts rivalry on a stage both girls love.,NO,,YES,HISTORICAL_SELECTION_TO_RETEST,UNASSESSED,CATALOGUED_PASS_A,IP-V2-SNAPSHOT-2026-08-13-A,idoly-ingest/03_events/by_year/2025/event_2025_004_st-eve-2504-marathon-raid.md
event_2025_005_st-eve-2507-free,GAME_BUNDLE,events,st-eve-2507-free,events,,,st-eve-2507-free,,1,1,5,st-eve-2507-free-001|st-eve-2507-free-002|st-eve-2507-free-003|st-eve-2507-free-004|st-eve-2507-free-005,4,kan|koh|kor|mhk,17255,491,IMPORTANT,PROVISIONAL_PASS_A,Substantial event narrative; provisional pending V2 semantic review.,"event-level character, relationship, professional, or unit development",YES,CORE,2,"Disassembles IIIX by giving each member what she thought she wanted: father, fashion opportunity, and You-memory/public revenge.",NO,,YES,HISTORICAL_SELECTION_TO_RETEST,UNASSESSED,CATALOGUED_PASS_A,IP-V2-SNAPSHOT-2026-08-13-A,idoly-ingest/03_events/orphaned_or_free_tracks/event_2025_005_st-eve-2507-free.md
event_2025_006_st-eve-2507-race,GAME_BUNDLE,events,星見プロ全国ツアー　Stars Journey,events,,,st-eve-2507-race,,1,1,5,st-eve-2507-race-001|st-eve-2507-race-002|st-eve-2507-race-003|st-eve-2507-race-004|st-eve-2507-race-005,11,ai|chs|kkr|koh|kor|mei|mhk|rui|skr|smr|suz,16234,471,IMPORTANT,PROVISIONAL_PASS_A,Substantial event narrative; provisional pending V2 semantic review.,"event-level character, relationship, professional, or unit development",YES,CORE,18,Core Hoshimi institutional story; turns Hoshimi into a constellation of twenty idols.,NO,,YES,HISTORICAL_SELECTION_TO_RETEST,UNASSESSED,CATALOGUED_PASS_A,IP-V2-SNAPSHOT-2026-08-13-A,idoly-ingest/03_events/by_year/2025/event_2025_006_st-eve-2507-race.md
event_2025_007_st-eve-2508-free,GAME_BUNDLE,events,st-eve-2508-free,events,,,st-eve-2508-free,,1,1,5,st-eve-2508-free-001|st-eve-2508-free-002|st-eve-2508-free-003|st-eve-2508-free-004|st-eve-2508-free-005,4,kan|koh|kor|mhk,19458,535,IMPORTANT,PROVISIONAL_PASS_A,Substantial event narrative; provisional pending V2 semantic review.,"event-level character, relationship, professional, or unit development",YES,CORE,3,Re-founds IIIX through hostile recognition after the American arc fractures the unit.,YES,adv-live-eve-2508-event-05,YES,HISTORICAL_SELECTION_TO_RETEST,UNASSESSED,CATALOGUED_PASS_A,IP-V2-SNAPSHOT-2026-08-13-A,idoly-ingest/03_events/orphaned_or_free_tracks/event_2025_007_st-eve-2508-free.md
event_2025_008_st-eve-2509-contest,GAME_BUNDLE,events,未来へ続く夏祭り,events,,,st-eve-2509-contest,,1,1,5,st-eve-2509-contest-001|st-eve-2509-contest-002|st-eve-2509-contest-003|st-eve-2509-contest-004|st-eve-2509-contest-005,8,koh|ktn|ktn2|mei|mku|ngs|ski|suz,14034,434,IMPORTANT,PROVISIONAL_PASS_A,Substantial event narrative; provisional pending V2 semantic review.,"event-level character, relationship, professional, or unit development",YES,IMPORTANT,24,Tsuki summer transience and Saki responsibility-as-care.,YES,adv-live-eve-2509-contest-05,YES,HISTORICAL_SELECTION_TO_RETEST,UNASSESSED,CATALOGUED_PASS_A,IP-V2-SNAPSHOT-2026-08-13-A,idoly-ingest/03_events/by_year/2025/event_2025_008_st-eve-2509-contest.md
event_2025_009_st-eve-2510-marathon-raid,GAME_BUNDLE,events,私達の青春謳歌～DOTABATA SCHOOL FESTIVAL～,events,,,st-eve-2510-marathon-raid,,1,1,5,st-eve-2510-marathon-raid-001|st-eve-2510-marathon-raid-002|st-eve-2510-marathon-raid-003|st-eve-2510-marathon-raid-004|st-eve-2510-marathon-raid-005,7,ai|aoi|ktn|mei|ngs|rui|yu,17246,492,IMPORTANT,PROVISIONAL_PASS_A,Substantial event narrative; provisional pending V2 semantic review.,"event-level character, relationship, professional, or unit development",YES,IMPORTANT,25,Yu as protagonist-maker; Kotono reclaims ordinary student belonging.,YES,adv-live-eve-2510-marathon-05,YES,HISTORICAL_SELECTION_TO_RETEST,UNASSESSED,CATALOGUED_PASS_A,IP-V2-SNAPSHOT-2026-08-13-A,idoly-ingest/03_events/by_year/2025/event_2025_009_st-eve-2510-marathon-raid.md
event_2025_010_st-eve-2511-race,GAME_BUNDLE,events,let's 湯けむり dancing！,events,,,st-eve-2511-race,,1,1,5,st-eve-2511-race-001|st-eve-2511-race-002|st-eve-2511-race-003|st-eve-2511-race-004|st-eve-2511-race-005,4,ai|aoi|kkr|rio,15185,467,IMPORTANT,PROVISIONAL_PASS_A,Substantial event narrative; provisional pending V2 semantic review.,"event-level character, relationship, professional, or unit development",YES,CORE,24,Core Aoi/LizNoir event; recovers freedom and passion through moving as LizNoir.,NO,,YES,HISTORICAL_SELECTION_TO_RETEST,UNASSESSED,CATALOGUED_PASS_A,IP-V2-SNAPSHOT-2026-08-13-A,idoly-ingest/03_events/by_year/2025/event_2025_010_st-eve-2511-race.md
event_2025_011_st-eve-2512-dice,GAME_BUNDLE,events,ドタバタ！？トラブルクリスマス！,events,,,st-eve-2512-dice,,1,1,3,st-eve-2512-dice-001|st-eve-2512-dice-002|st-eve-2512-dice-003,10,kkr|koh|kyui|lala|momo|rei|rio|rui|smr|yami,10737,337,IMPORTANT,PROVISIONAL_PASS_A,Substantial event narrative; provisional pending V2 semantic review.,"event-level character, relationship, professional, or unit development",NO,,,,NO,,YES,UNASSESSED,UNASSESSED,CATALOGUED_PASS_A,IP-V2-SNAPSHOT-2026-08-13-A,idoly-ingest/03_events/by_year/2025/event_2025_011_st-eve-2512-dice.md
event_2026_001_st-eve-2601-race,GAME_BUNDLE,events,新春万福　素顔の晒し合いGAME,events,,,st-eve-2601-race,,1,1,5,st-eve-2601-race-001|st-eve-2601-race-002|st-eve-2601-race-003|st-eve-2601-race-004|st-eve-2601-race-005,3,kan|kor|mhk,15034,442,IMPORTANT,PROVISIONAL_PASS_A,Substantial event narrative; provisional pending V2 semantic review.,"event-level character, relationship, professional, or unit development",YES,CORE,4,Defines mature IIIX authenticity as adversarial candor rather than Hoshimi-style approachable sincerity.,YES,adv-live-eve-2601-race-05,YES,HISTORICAL_SELECTION_TO_RETEST,UNASSESSED,CATALOGUED_PASS_A,IP-V2-SNAPSHOT-2026-08-13-A,idoly-ingest/03_events/by_year/2026/event_2026_001_st-eve-2601-race.md
event_2026_002_st-eve-2602-dice,GAME_BUNDLE,events,ぶつかり愛のCenter Battle！,events,,,st-eve-2602-dice,,1,1,5,st-eve-2602-dice-001|st-eve-2602-dice-002|st-eve-2602-dice-003|st-eve-2602-dice-004|st-eve-2602-dice-005,7,host|koh|ktn|mei|ngs|ski|suz,15254,458,IMPORTANT,PROVISIONAL_PASS_A,Substantial event narrative; provisional pending V2 semantic review.,"event-level character, relationship, professional, or unit development",YES,CORE,9,Late Tsuki center-claim story; proves every member can illuminate the unit.,YES,adv-live-eve-2602-dice-05,YES,HISTORICAL_SELECTION_TO_RETEST,UNASSESSED,CATALOGUED_PASS_A,IP-V2-SNAPSHOT-2026-08-13-A,idoly-ingest/03_events/by_year/2026/event_2026_002_st-eve-2602-dice.md
event_2026_003_st-eve-2603-race,GAME_BUNDLE,events,あなたに捧ぐWith your songs,events,,,st-eve-2603-race,,1,1,5,st-eve-2603-race-001|st-eve-2603-race-002|st-eve-2603-race-003|st-eve-2603-race-004|st-eve-2603-race-005,6,hrk|ktn|mna|rio|skr|suz,17085,487,IMPORTANT,PROVISIONAL_PASS_A,Substantial event narrative; provisional pending V2 semantic review.,"event-level character, relationship, professional, or unit development",YES,CORE,10,Major Mana-inheritance answer song; Kotono answers Mana through a song carrying many people's feelings.,YES,adv-live-eve-2603-race-05,YES,HISTORICAL_SELECTION_TO_RETEST,UNASSESSED,CATALOGUED_PASS_A,IP-V2-SNAPSHOT-2026-08-13-A,idoly-ingest/03_events/by_year/2026/event_2026_003_st-eve-2603-race.md
event_2026_004_st-eve-2604-dice,GAME_BUNDLE,events,IDOLY MATCH～地下闘技場への挑戦～,events,,,st-eve-2604-dice,,1,1,5,st-eve-2604-dice-001|st-eve-2604-dice-002|st-eve-2604-dice-003|st-eve-2604-dice-004|st-eve-2604-dice-005,6,aoi|djba|mei|rei|ski|suzukiana,15441,471,IMPORTANT,PROVISIONAL_PASS_A,Substantial event narrative; provisional pending V2 semantic review.,"event-level character, relationship, professional, or unit development",YES,IMPORTANT,26,Broad idol ontology: official VENUS ranking does not exhaust what idolhood can mean.,YES,adv-live-eve-2604-dice-05,YES,HISTORICAL_SELECTION_TO_RETEST,UNASSESSED,CATALOGUED_PASS_A,IP-V2-SNAPSHOT-2026-08-13-A,idoly-ingest/03_events/by_year/2026/event_2026_004_st-eve-2604-dice.md
event_2026_005_st-eve-2605-marathon-raid,GAME_BUNDLE,events,ハロー！アイドル♪ 夢でつながるミラクルステージ,events,,,st-eve-2605-marathon-raid,,1,1,3,st-eve-2605-marathon-raid-001|st-eve-2605-marathon-raid-002|st-eve-2605-marathon-raid-003,9,cinnamo|kan|kitty|kkr|koh|kuromi|melody|rui|szk,11134,313,IMPORTANT,PROVISIONAL_PASS_A,Substantial event narrative; provisional pending V2 semantic review.,"event-level character, relationship, professional, or unit development",YES,IMPORTANT,27,Kana childhood/father wound and Kokoro's quiet protectiveness through Sanrio crossover material.,NO,,YES,HISTORICAL_SELECTION_TO_RETEST,UNASSESSED,CATALOGUED_PASS_A,IP-V2-SNAPSHOT-2026-08-13-A,idoly-ingest/03_events/by_year/2026/event_2026_005_st-eve-2605-marathon-raid.md
event_2026_006_st-eve-2606-dice,GAME_BUNDLE,events,羽ばたけ！恩返しのAile,events,,,st-eve-2606-dice,,1,1,5,st-eve-2606-dice-001|st-eve-2606-dice-002|st-eve-2606-dice-003|st-eve-2606-dice-004|st-eve-2606-dice-005,6,koh|lim|lmn|rui|smr|yu,15504,489,IMPORTANT,PROVISIONAL_PASS_A,Substantial event narrative; provisional pending V2 semantic review.,"event-level character, relationship, professional, or unit development",NO,,,,YES,adv-live-eve-2606-dice-05,YES,UNASSESSED,UNASSESSED,CATALOGUED_PASS_A,IP-V2-SNAPSHOT-2026-08-13-A,idoly-ingest/03_events/by_year/2026/event_2026_006_st-eve-2606-dice.md
event_2026_007_st-eve-2607-marathon-raid,GAME_BUNDLE,events,PRIDE貫く頂点への道標,events,,,st-eve-2607-marathon-raid,,1,1,5,st-eve-2607-marathon-raid-001|st-eve-2607-marathon-raid-002|st-eve-2607-marathon-raid-003|st-eve-2607-marathon-raid-004|st-eve-2607-marathon-raid-005,8,chs|hrk|koh|lim|lmn|rei|skr|szk,15549,461,CORE,MANUAL_REVIEWED_PASS_A,"Direct V2 spot-check: post-BIG4 SUNNY PEACE explicitly seeks further growth; DoriKyun functions as an adversarial developmental benchmark, linking competition, professional growth, and external-unit ecology.",late SUNNY PEACE development / competitive philosophy / DoriKyun developmental pressure,NO,,,,NO,,YES,UNASSESSED,UNASSESSED,CATALOGUED_PASS_A,IP-V2-SNAPSHOT-2026-08-13-A,idoly-ingest/03_events/by_year/2026/event_2026_007_st-eve-2607-marathon-raid.md
card_ai_001_st-card-ai-05-arab-00,GAME_BUNDLE,cards,世界の お祭り 突撃GO！,cards,,ai,,st-card-ai-05-arab-00,1,1,3,st-card-ai-05-arab-00-01|st-card-ai-05-arab-00-02|st-card-ai-05-arab-00-03,2,ai|koh,9916,263,TEXTURE,PROVISIONAL_PASS_A,Pass-A default for card stories; escalate when they change a stable character/relationship/theme model.,character-specific micro-development / ordinary-life or professional texture,NO,,,,NO,,NO,UNASSESSED,UNASSESSED,CATALOGUED_PASS_A,IP-V2-SNAPSHOT-2026-08-13-A,idoly-ingest/04_cards/by_character/ai/card_ai_001_st-card-ai-05-arab-00.md
card_ai_002_st-card-ai-05-birt-00,GAME_BUNDLE,cards,父の力に なりたくて,cards,,ai,,st-card-ai-05-birt-00,1,1,3,st-card-ai-05-birt-00-01|st-card-ai-05-birt-00-02|st-card-ai-05-birt-00-03,3,ai|aoi|chs,9375,277,TEXTURE,PROVISIONAL_PASS_A,Pass-A default for card stories; escalate when they change a stable character/relationship/theme model.,character-specific micro-development / ordinary-life or professional texture,NO,,,,NO,,NO,UNASSESSED,UNASSESSED,CATALOGUED_PASS_A,IP-V2-SNAPSHOT-2026-08-13-A,idoly-ingest/04_cards/by_character/ai/card_ai_002_st-card-ai-05-birt-00.md
card_ai_003_st-card-ai-05-birt-01,GAME_BUNDLE,cards,慰安旅行 in山梨,cards,,ai,,st-card-ai-05-birt-01,1,1,3,st-card-ai-05-birt-01-01|st-card-ai-05-birt-01-02|st-card-ai-05-birt-01-03,6,ai|hrk|kkr|koh|ktn|mhk,7135,195,TEXTURE,PROVISIONAL_PASS_A,Pass-A default for card stories; escalate when they change a stable character/relationship/theme model.,character-specific micro-development / ordinary-life or professional texture,NO,,,,NO,,NO,UNASSESSED,UNASSESSED,CATALOGUED_PASS_A,IP-V2-SNAPSHOT-2026-08-13-A,idoly-ingest/04_cards/by_character/ai/card_ai_003_st-card-ai-05-birt-01.md
card_ai_004_st-card-ai-05-birt-02,GAME_BUNDLE,cards,熊さーーー ーーーん,cards,,ai,,st-card-ai-05-birt-02,1,1,3,st-card-ai-05-birt-02-01|st-card-ai-05-birt-02-02|st-card-ai-05-birt-02-03,5,ai|ai2|kkr|ski|szk,4683,132,TEXTURE,PROVISIONAL_PASS_A,Pass-A default for card stories; escalate when they change a stable character/relationship/theme model.,character-specific micro-development / ordinary-life or professional texture,NO,,,,NO,,NO,UNASSESSED,UNASSESSED,CATALOGUED_PASS_A,IP-V2-SNAPSHOT-2026-08-13-A,idoly-ingest/04_cards/by_character/ai/card_ai_004_st-card-ai-05-birt-02.md
card_ai_005_st-card-ai-05-casl-04,GAME_BUNDLE,cards,お出掛けしま しょうよ～,cards,,ai,,st-card-ai-05-casl-04,1,1,3,st-card-ai-05-casl-04-01|st-card-ai-05-casl-04-02|st-card-ai-05-casl-04-03,2,ai|koh,10112,255,TEXTURE,PROVISIONAL_PASS_A,Pass-A default for card stories; escalate when they change a stable character/relationship/theme model.,character-specific micro-development / ordinary-life or professional texture,NO,,,,NO,,NO,UNASSESSED,UNASSESSED,CATALOGUED_PASS_A,IP-V2-SNAPSHOT-2026-08-13-A,idoly-ingest/04_cards/by_character/ai/card_ai_005_st-card-ai-05-casl-04.md
card_ai_006_st-card-ai-05-chna-01,GAME_BUNDLE,cards,私がリングに 立つなんて！,cards,,ai,,st-card-ai-05-chna-01,1,1,3,st-card-ai-05-chna-01-01|st-card-ai-05-chna-01-02|st-card-ai-05-chna-01-03,2,ai|koh,10574,267,TEXTURE,PROVISIONAL_PASS_A,Pass-A default for card stories; escalate when they change a stable character/relationship/theme model.,character-specific micro-development / ordinary-life or professional texture,NO,,,,NO,,NO,UNASSESSED,UNASSESSED,CATALOGUED_PASS_A,IP-V2-SNAPSHOT-2026-08-13-A,idoly-ingest/04_cards/by_character/ai/card_ai_006_st-card-ai-05-chna-01.md
card_ai_007_st-card-ai-05-fest-00,GAME_BUNDLE,cards,前を向き 駆け抜けろ ですよ！,cards,,ai,,st-card-ai-05-fest-00,1,1,3,st-card-ai-05-fest-00-01|st-card-ai-05-fest-00-02|st-card-ai-05-fest-00-03,2,ai|koh,9114,257,TEXTURE,PROVISIONAL_PASS_A,Pass-A default for card stories; escalate when they change a stable character/relationship/theme model.,character-specific micro-development / ordinary-life or professional texture,NO,,,,NO,,NO,UNASSESSED,UNASSESSED,CATALOGUED_PASS_A,IP-V2-SNAPSHOT-2026-08-13-A,idoly-ingest/04_cards/by_character/ai/card_ai_007_st-card-ai-05-fest-00.md
card_ai_008_st-card-ai-05-fest-03,GAME_BUNDLE,cards,最高のMVを 作って みせます,cards,,ai,,st-card-ai-05-fest-03,1,1,3,st-card-ai-05-fest-03-01|st-card-ai-05-fest-03-02|st-card-ai-05-fest-03-03,2,ai|koh,9991,272,TEXTURE,PROVISIONAL_PASS_A,Pass-A default for card stories; escalate when they change a stable character/relationship/theme model.,character-specific micro-development / ordinary-life or professional texture,NO,,,,NO,,NO,UNASSESSED,UNASSESSED,CATALOGUED_PASS_A,IP-V2-SNAPSHOT-2026-08-13-A,idoly-ingest/04_cards/by_character/ai/card_ai_008_st-card-ai-05-fest-03.md
card_ai_009_st-card-ai-05-idol-00,GAME_BUNDLE,cards,いなくても いい？,cards,,ai,,st-card-ai-05-idol-00,1,1,3,st-card-ai-05-idol-00-01|st-card-ai-05-idol-00-02|st-card-ai-05-idol-00-03,2,ai|koh,9991,278,TEXTURE,PROVISIONAL_PASS_A,Pass-A default for card stories; escalate when they change a stable character/relationship/theme model.,character-specific micro-development / ordinary-life or professional texture,NO,,,,NO,,NO,UNASSESSED,UNASSESSED,CATALOGUED_PASS_A,IP-V2-SNAPSHOT-2026-08-13-A,idoly-ingest/04_cards/by_character/ai/card_ai_009_st-card-ai-05-idol-00.md
card_ai_010_st-card-ai-05-kait-00,GAME_BUNDLE,cards,合宿を終えて,cards,,ai,,st-card-ai-05-kait-00,1,1,3,st-card-ai-05-kait-00-01|st-card-ai-05-kait-00-02|st-card-ai-05-kait-00-03,2,ai|koh,8370,238,TEXTURE,PROVISIONAL_PASS_A,Pass-A default for card stories; escalate when they change a stable character/relationship/theme model.,character-specific micro-development / ordinary-life or professional texture,NO,,,,NO,,NO,UNASSESSED,UNASSESSED,CATALOGUED_PASS_A,IP-V2-SNAPSHOT-2026-08-13-A,idoly-ingest/04_cards/by_character/ai/card_ai_010_st-card-ai-05-kait-00.md
card_ai_011_st-card-ai-05-miku-01,GAME_BUNDLE,cards,そーっと、 そーっと,cards,,ai,,st-card-ai-05-miku-01,1,1,3,st-card-ai-05-miku-01-01|st-card-ai-05-miku-01-02|st-card-ai-05-miku-01-03,2,ai|koh,8660,233,TEXTURE,PROVISIONAL_PASS_A,Pass-A default for card stories; escalate when they change a stable character/relationship/theme model.,character-specific micro-development / ordinary-life or professional texture,NO,,,,NO,,NO,UNASSESSED,UNASSESSED,CATALOGUED_PASS_A,IP-V2-SNAPSHOT-2026-08-13-A,idoly-ingest/04_cards/by_character/ai/card_ai_011_st-card-ai-05-miku-01.md
card_ai_012_st-card-ai-05-mizg-01,GAME_BUNDLE,cards,一人だけ ゼロ回,cards,,ai,,st-card-ai-05-mizg-01,1,1,3,st-card-ai-05-mizg-01-01|st-card-ai-05-mizg-01-02|st-card-ai-05-mizg-01-03,2,ai|koh,8473,238,TEXTURE,PROVISIONAL_PASS_A,Pass-A default for card stories; escalate when they change a stable character/relationship/theme model.,character-specific micro-development / ordinary-life or professional texture,NO,,,,NO,,NO,UNASSESSED,UNASSESSED,CATALOGUED_PASS_A,IP-V2-SNAPSHOT-2026-08-13-A,idoly-ingest/04_cards/by_character/ai/card_ai_012_st-card-ai-05-mizg-01.md
card_ai_013_st-card-ai-05-mizg-02,GAME_BUNDLE,cards,泣くつもり なんて 全然ないのに,cards,,ai,,st-card-ai-05-mizg-02,1,1,3,st-card-ai-05-mizg-02-01|st-card-ai-05-mizg-02-02|st-card-ai-05-mizg-02-03,2,ai|koh,9416,253,TEXTURE,PROVISIONAL_PASS_A,Pass-A default for card stories; escalate when they change a stable character/relationship/theme model.,character-specific micro-development / ordinary-life or professional texture,NO,,,,NO,,NO,UNASSESSED,UNASSESSED,CATALOGUED_PASS_A,IP-V2-SNAPSHOT-2026-08-13-A,idoly-ingest/04_cards/by_character/ai/card_ai_013_st-card-ai-05-mizg-02.md
card_ai_014_st-card-ai-05-rock-00,GAME_BUNDLE,cards,やりとげて みせます！,cards,,ai,,st-card-ai-05-rock-00,1,1,3,st-card-ai-05-rock-00-01|st-card-ai-05-rock-00-02|st-card-ai-05-rock-00-03,2,ai|koh,8861,261,TEXTURE,PROVISIONAL_PASS_A,Pass-A default for card stories; escalate when they change a stable character/relationship/theme model.,character-specific micro-development / ordinary-life or professional texture,NO,,,,NO,,NO,UNASSESSED,UNASSESSED,CATALOGUED_PASS_A,IP-V2-SNAPSHOT-2026-08-13-A,idoly-ingest/04_cards/by_character/ai/card_ai_014_st-card-ai-05-rock-00.md
card_ai_015_st-card-ai-05-tact-00,GAME_BUNDLE,cards,端っこ アイドル,cards,,ai,,st-card-ai-05-tact-00,1,1,3,st-card-ai-05-tact-00-01|st-card-ai-05-tact-00-02|st-card-ai-05-tact-00-03,2,ai|koh,9295,253,TEXTURE,PROVISIONAL_PASS_A,Pass-A default for card stories; escalate when they change a stable character/relationship/theme model.,character-specific micro-development / ordinary-life or professional texture,NO,,,,NO,,NO,UNASSESSED,UNASSESSED,CATALOGUED_PASS_A,IP-V2-SNAPSHOT-2026-08-13-A,idoly-ingest/04_cards/by_character/ai/card_ai_015_st-card-ai-05-tact-00.md
card_ai_016_st-card-ai-05-vlnt-00,GAME_BUNDLE,cards,親友の本音,cards,,ai,,st-card-ai-05-vlnt-00,1,1,3,st-card-ai-05-vlnt-00-01|st-card-ai-05-vlnt-00-02|st-card-ai-05-vlnt-00-03,2,ai|koh,9009,257,TEXTURE,PROVISIONAL_PASS_A,Pass-A default for card stories; escalate when they change a stable character/relationship/theme model.,character-specific micro-development / ordinary-life or professional texture,NO,,,,NO,,NO,UNASSESSED,UNASSESSED,CATALOGUED_PASS_A,IP-V2-SNAPSHOT-2026-08-13-A,idoly-ingest/04_cards/by_character/ai/card_ai_016_st-card-ai-05-vlnt-00.md
card_ai_017_st-card-ai-05-wedd-00,GAME_BUNDLE,cards,結婚式を プロデュース,cards,,ai,,st-card-ai-05-wedd-00,1,1,3,st-card-ai-05-wedd-00-01|st-card-ai-05-wedd-00-02|st-card-ai-05-wedd-00-03,2,ai|koh,10524,267,TEXTURE,PROVISIONAL_PASS_A,Pass-A default for card stories; escalate when they change a stable character/relationship/theme model.,character-specific micro-development / ordinary-life or professional texture,NO,,,,NO,,NO,UNASSESSED,UNASSESSED,CATALOGUED_PASS_A,IP-V2-SNAPSHOT-2026-08-13-A,idoly-ingest/04_cards/by_character/ai/card_ai_017_st-card-ai-05-wedd-00.md
card_ai_018_st-card-ai-05-yukt-00,GAME_BUNDLE,cards,私もBIG4 ですからね,cards,,ai,,st-card-ai-05-yukt-00,1,1,3,st-card-ai-05-yukt-00-01|st-card-ai-05-yukt-00-02|st-card-ai-05-yukt-00-03,2,ai|koh,10845,286,TEXTURE,PROVISIONAL_PASS_A,Pass-A default for card stories; escalate when they change a stable character/relationship/theme model.,character-specific micro-development / ordinary-life or professional texture,NO,,,,NO,,NO,UNASSESSED,UNASSESSED,CATALOGUED_PASS_A,IP-V2-SNAPSHOT-2026-08-13-A,idoly-ingest/04_cards/by_character/ai/card_ai_018_st-card-ai-05-yukt-00.md
card_aoi_001_st-card-aoi-05-arab-00,GAME_BUNDLE,cards,もう一人の 恩人,cards,,aoi,,st-card-aoi-05-arab-00,1,1,3,st-card-aoi-05-arab-00-01|st-card-aoi-05-arab-00-02|st-card-aoi-05-arab-00-03,2,aoi|koh,9593,256,TEXTURE,PROVISIONAL_PASS_A,Pass-A default for card stories; escalate when they change a stable character/relationship/theme model.,character-specific micro-development / ordinary-life or professional texture,NO,,,,NO,,NO,UNASSESSED,UNASSESSED,CATALOGUED_PASS_A,IP-V2-SNAPSHOT-2026-08-13-A,idoly-ingest/04_cards/by_character/aoi/card_aoi_001_st-card-aoi-05-arab-00.md
card_aoi_002_st-card-aoi-05-birt-00,GAME_BUNDLE,cards,莉央と愛への ドッキリ企画,cards,,aoi,,st-card-aoi-05-birt-00,1,1,3,st-card-aoi-05-birt-00-01|st-card-aoi-05-birt-00-02|st-card-aoi-05-birt-00-03,3,ai|aoi|rio,9696,286,TEXTURE,PROVISIONAL_PASS_A,Pass-A default for card stories; escalate when they change a stable character/relationship/theme model.,character-specific micro-development / ordinary-life or professional texture,NO,,,,NO,,NO,UNASSESSED,UNASSESSED,CATALOGUED_PASS_A,IP-V2-SNAPSHOT-2026-08-13-A,idoly-ingest/04_cards/by_character/aoi/card_aoi_002_st-card-aoi-05-birt-00.md
card_aoi_003_st-card-aoi-05-birt-01,GAME_BUNDLE,cards,慰安旅行 in沖縄,cards,,aoi,,st-card-aoi-05-birt-01,1,1,3,st-card-aoi-05-birt-01-01|st-card-aoi-05-birt-01-02|st-card-aoi-05-birt-01-03,6,aoi|koh|kor|mei|ngs|rio,7307,193,TEXTURE,PROVISIONAL_PASS_A,Pass-A default for card stories; escalate when they change a stable character/relationship/theme model.,character-specific micro-development / ordinary-life or professional texture,NO,,,,NO,,NO,UNASSESSED,UNASSESSED,CATALOGUED_PASS_A,IP-V2-SNAPSHOT-2026-08-13-A,idoly-ingest/04_cards/by_character/aoi/card_aoi_003_st-card-aoi-05-birt-01.md
card_aoi_004_st-card-aoi-05-birt-02,GAME_BUNDLE,cards,mihoは AIの達人 だね,cards,,aoi,,st-card-aoi-05-birt-02,1,1,3,st-card-aoi-05-birt-02-01|st-card-aoi-05-birt-02-02|st-card-aoi-05-birt-02-03,4,aoi|kkr|mhk|skr,4825,129,TEXTURE,PROVISIONAL_PASS_A,Pass-A default for card stories; escalate when they change a stable character/relationship/theme model.,character-specific micro-development / ordinary-life or professional texture,NO,,,,NO,,NO,UNASSESSED,UNASSESSED,CATALOGUED_PASS_A,IP-V2-SNAPSHOT-2026-08-13-A,idoly-ingest/04_cards/by_character/aoi/card_aoi_004_st-card-aoi-05-birt-02.md
card_aoi_005_st-card-aoi-05-casl-04,GAME_BUNDLE,cards,さすが僕の マネージャー,cards,,aoi,,st-card-aoi-05-casl-04,1,1,3,st-card-aoi-05-casl-04-01|st-card-aoi-05-casl-04-02|st-card-aoi-05-casl-04-03,2,aoi|koh,9438,254,TEXTURE,PROVISIONAL_PASS_A,Pass-A default for card stories; escalate when they change a stable character/relationship/theme model.,character-specific micro-development / ordinary-life or professional texture,NO,,,,NO,,NO,UNASSESSED,UNASSESSED,CATALOGUED_PASS_A,IP-V2-SNAPSHOT-2026-08-13-A,idoly-ingest/04_cards/by_character/aoi/card_aoi_005_st-card-aoi-05-casl-04.md
card_aoi_006_st-card-aoi-05-circ-00,GAME_BUNDLE,cards,一人のファン としての意見,cards,,aoi,,st-card-aoi-05-circ-00,1,1,3,st-card-aoi-05-circ-00-01|st-card-aoi-05-circ-00-02|st-card-aoi-05-circ-00-03,2,aoi|koh,9077,254,TEXTURE,PROVISIONAL_PASS_A,Pass-A default for card stories; escalate when they change a stable character/relationship/theme model.,character-specific micro-development / ordinary-life or professional texture,NO,,,,NO,,NO,UNASSESSED,UNASSESSED,CATALOGUED_PASS_A,IP-V2-SNAPSHOT-2026-08-13-A,idoly-ingest/04_cards/by_character/aoi/card_aoi_006_st-card-aoi-05-circ-00.md
card_aoi_007_st-card-aoi-05-fest-00,GAME_BUNDLE,cards,力を 貸してほしい,cards,,aoi,,st-card-aoi-05-fest-00,1,1,3,st-card-aoi-05-fest-00-01|st-card-aoi-05-fest-00-02|st-card-aoi-05-fest-00-03,3,aoi|camera|koh,7948,236,TEXTURE,PROVISIONAL_PASS_A,Pass-A default for card stories; escalate when they change a stable character/relationship/theme model.,character-specific micro-development / ordinary-life or professional texture,NO,,,,NO,,NO,UNASSESSED,UNASSESSED,CATALOGUED_PASS_A,IP-V2-SNAPSHOT-2026-08-13-A,idoly-ingest/04_cards/by_character/aoi/card_aoi_007_st-card-aoi-05-fest-00.md
card_aoi_008_st-card-aoi-05-fest-03,GAME_BUNDLE,cards,「そばに いる」,cards,,aoi,,st-card-aoi-05-fest-03,1,1,3,st-card-aoi-05-fest-03-01|st-card-aoi-05-fest-03-02|st-card-aoi-05-fest-03-03,2,aoi|koh,9831,258,TEXTURE,PROVISIONAL_PASS_A,Pass-A default for card stories; escalate when they change a stable character/relationship/theme model.,character-specific micro-development / ordinary-life or professional texture,NO,,,,NO,,NO,UNASSESSED,UNASSESSED,CATALOGUED_PASS_A,IP-V2-SNAPSHOT-2026-08-13-A,idoly-ingest/04_cards/by_character/aoi/card_aoi_008_st-card-aoi-05-fest-03.md
card_aoi_009_st-card-aoi-05-idol-00,GAME_BUNDLE,cards,僕は僕,cards,,aoi,,st-card-aoi-05-idol-00,1,1,3,st-card-aoi-05-idol-00-01|st-card-aoi-05-idol-00-02|st-card-aoi-05-idol-00-03,5,aoi|gstudent|koh|mcouple|wcouple,7279,215,TEXTURE,PROVISIONAL_PASS_A,Pass-A default for card stories; escalate when they change a stable character/relationship/theme model.,character-specific micro-development / ordinary-life or professional texture,NO,,,,NO,,NO,UNASSESSED,UNASSESSED,CATALOGUED_PASS_A,IP-V2-SNAPSHOT-2026-08-13-A,idoly-ingest/04_cards/by_character/aoi/card_aoi_009_st-card-aoi-05-idol-00.md
card_aoi_010_st-card-aoi-05-kait-00,GAME_BUNDLE,cards,隠し事とカニカマ,cards,,aoi,,st-card-aoi-05-kait-00,1,1,3,st-card-aoi-05-kait-00-01|st-card-aoi-05-kait-00-02|st-card-aoi-05-kait-00-03,2,aoi|koh,8040,228,TEXTURE,PROVISIONAL_PASS_A,Pass-A default for card stories; escalate when they change a stable character/relationship/theme model.,character-specific micro-development / ordinary-life or professional texture,NO,,,,NO,,NO,UNASSESSED,UNASSESSED,CATALOGUED_PASS_A,IP-V2-SNAPSHOT-2026-08-13-A,idoly-ingest/04_cards/by_character/aoi/card_aoi_010_st-card-aoi-05-kait-00.md
card_aoi_011_st-card-aoi-05-miku-01,GAME_BUNDLE,cards,ミクは凄いね,cards,,aoi,,st-card-aoi-05-miku-01,1,1,3,st-card-aoi-05-miku-01-01|st-card-aoi-05-miku-01-02|st-card-aoi-05-miku-01-03,2,aoi|koh,8195,227,TEXTURE,PROVISIONAL_PASS_A,Pass-A default for card stories; escalate when they change a stable character/relationship/theme model.,character-specific micro-development / ordinary-life or professional texture,NO,,,,NO,,NO,UNASSESSED,UNASSESSED,CATALOGUED_PASS_A,IP-V2-SNAPSHOT-2026-08-13-A,idoly-ingest/04_cards/by_character/aoi/card_aoi_011_st-card-aoi-05-miku-01.md
card_aoi_012_st-card-aoi-05-mizg-01,GAME_BUNDLE,cards,この夏一番 熱い場所,cards,,aoi,,st-card-aoi-05-mizg-01,1,1,3,st-card-aoi-05-mizg-01-01|st-card-aoi-05-mizg-01-02|st-card-aoi-05-mizg-01-03,2,aoi|koh,10117,292,TEXTURE,PROVISIONAL_PASS_A,Pass-A default for card stories; escalate when they change a stable character/relationship/theme model.,character-specific micro-development / ordinary-life or professional texture,NO,,,,NO,,NO,UNASSESSED,UNASSESSED,CATALOGUED_PASS_A,IP-V2-SNAPSHOT-2026-08-13-A,idoly-ingest/04_cards/by_character/aoi/card_aoi_012_st-card-aoi-05-mizg-01.md
card_aoi_013_st-card-aoi-05-past-00,GAME_BUNDLE,cards,莉央の お世話で 大変だ,cards,,aoi,,st-card-aoi-05-past-00,1,1,3,st-card-aoi-05-past-00-01|st-card-aoi-05-past-00-02|st-card-aoi-05-past-00-03,4,0|aoi|koh|shj,9258,248,TEXTURE,PROVISIONAL_PASS_A,Pass-A default for card stories; escalate when they change a stable character/relationship/theme model.,character-specific micro-development / ordinary-life or professional texture,NO,,,,NO,,NO,UNASSESSED,UNASSESSED,CATALOGUED_PASS_A,IP-V2-SNAPSHOT-2026-08-13-A,idoly-ingest/04_cards/by_character/aoi/card_aoi_013_st-card-aoi-05-past-00.md
card_aoi_014_st-card-aoi-05-vlnt-00,GAME_BUNDLE,cards,二月のチョコ だけが違う,cards,,aoi,,st-card-aoi-05-vlnt-00,1,1,3,st-card-aoi-05-vlnt-00-01|st-card-aoi-05-vlnt-00-02|st-card-aoi-05-vlnt-00-03,2,aoi|koh,8488,243,TEXTURE,PROVISIONAL_PASS_A,Pass-A default for card stories; escalate when they change a stable character/relationship/theme model.,character-specific micro-development / ordinary-life or professional texture,NO,,,,NO,,NO,UNASSESSED,UNASSESSED,CATALOGUED_PASS_A,IP-V2-SNAPSHOT-2026-08-13-A,idoly-ingest/04_cards/by_character/aoi/card_aoi_014_st-card-aoi-05-vlnt-00.md
card_aoi_015_st-card-aoi-05-wdnc-00,GAME_BUNDLE,cards,彼女が 怪我を？,cards,,aoi,,st-card-aoi-05-wdnc-00,1,1,3,st-card-aoi-05-wdnc-00-01|st-card-aoi-05-wdnc-00-02|st-card-aoi-05-wdnc-00-03,3,aoi|djba|koh,9362,250,TEXTURE,PROVISIONAL_PASS_A,Pass-A default for card stories; escalate when they change a stable character/relationship/theme model.,character-specific micro-development / ordinary-life or professional texture,NO,,,,NO,,NO,UNASSESSED,UNASSESSED,CATALOGUED_PASS_A,IP-V2-SNAPSHOT-2026-08-13-A,idoly-ingest/04_cards/by_character/aoi/card_aoi_015_st-card-aoi-05-wdnc-00.md
card_aoi_016_st-card-aoi-05-wedd-00,GAME_BUNDLE,cards,ドラマの中の ことなのに,cards,,aoi,,st-card-aoi-05-wedd-00,1,1,3,st-card-aoi-05-wedd-00-01|st-card-aoi-05-wedd-00-02|st-card-aoi-05-wedd-00-03,2,aoi|koh,9114,250,TEXTURE,PROVISIONAL_PASS_A,Pass-A default for card stories; escalate when they change a stable character/relationship/theme model.,character-specific micro-development / ordinary-life or professional texture,NO,,,,NO,,NO,UNASSESSED,UNASSESSED,CATALOGUED_PASS_A,IP-V2-SNAPSHOT-2026-08-13-A,idoly-ingest/04_cards/by_character/aoi/card_aoi_016_st-card-aoi-05-wedd-00.md
card_aoi_017_st-card-aoi-05-yukt-00,GAME_BUNDLE,cards,歌とダンスで生きていく,cards,,aoi,,st-card-aoi-05-yukt-00,1,1,3,st-card-aoi-05-yukt-00-01|st-card-aoi-05-yukt-00-02|st-card-aoi-05-yukt-00-03,2,aoi|koh,9537,262,TEXTURE,PROVISIONAL_PASS_A,Pass-A default for card stories; escalate when they change a stable character/relationship/theme model.,character-specific micro-development / ordinary-life or professional texture,NO,,,,NO,,NO,UNASSESSED,UNASSESSED,CATALOGUED_PASS_A,IP-V2-SNAPSHOT-2026-08-13-A,idoly-ingest/04_cards/by_character/aoi/card_aoi_017_st-card-aoi-05-yukt-00.md
card_cca_001_st-card-cca-05-goch-00,GAME_BUNDLE,cards,いろいろ案内 したいな～,cards,,cca,,st-card-cca-05-goch-00,1,1,3,st-card-cca-05-goch-00-01|st-card-cca-05-goch-00-02|st-card-cca-05-goch-00-03,3,cca|chn|chs,8795,279,TEXTURE,PROVISIONAL_PASS_A,Pass-A default for card stories; escalate when they change a stable character/relationship/theme model.,character-specific micro-development / ordinary-life or professional texture,NO,,,,NO,,NO,UNASSESSED,UNASSESSED,CATALOGUED_PASS_A,IP-V2-SNAPSHOT-2026-08-13-A,idoly-ingest/04_cards/by_character/cca/card_cca_001_st-card-cca-05-goch-00.md
card_chk_001_st-card-chk-05-sush-00,GAME_BUNDLE,cards,旅館 『十千万』 へようこそ！,cards,,chk,,st-card-chk-05-sush-00,1,1,3,st-card-chk-05-sush-00-01|st-card-chk-05-sush-00-02|st-card-chk-05-sush-00-03,2,chk|skr,9455,291,TEXTURE,PROVISIONAL_PASS_A,Pass-A default for card stories; escalate when they change a stable character/relationship/theme model.,character-specific micro-development / ordinary-life or professional texture,NO,,,,NO,,NO,UNASSESSED,UNASSESSED,CATALOGUED_PASS_A,IP-V2-SNAPSHOT-2026-08-13-A,idoly-ingest/04_cards/by_character/chk/card_chk_001_st-card-chk-05-sush-00.md
card_chn_001_st-card-chn-05-goch-00,GAME_BUNDLE,cards,私の 好きな場所,cards,,chn,,st-card-chn-05-goch-00,1,1,3,st-card-chn-05-goch-00-01|st-card-chn-05-goch-00-02|st-card-chn-05-goch-00-03,4,cca|chn|chs|smr,7716,255,TEXTURE,PROVISIONAL_PASS_A,Pass-A default for card stories; escalate when they change a stable character/relationship/theme model.,character-specific micro-development / ordinary-life or professional texture,NO,,,,NO,,NO,UNASSESSED,UNASSESSED,CATALOGUED_PASS_A,IP-V2-SNAPSHOT-2026-08-13-A,idoly-ingest/04_cards/by_character/chn/card_chn_001_st-card-chn-05-goch-00.md
card_chs_001_st-card-chs-05-alic-00,GAME_BUNDLE,cards,ラヴラビに 関われる なんて,cards,,chs,,st-card-chs-05-alic-00,1,1,3,st-card-chs-05-alic-00-01|st-card-chs-05-alic-00-02|st-card-chs-05-alic-00-03,2,chs|koh,9718,261,TEXTURE,PROVISIONAL_PASS_A,Pass-A default for card stories; escalate when they change a stable character/relationship/theme model.,character-specific micro-development / ordinary-life or professional texture,NO,,,,NO,,NO,UNASSESSED,UNASSESSED,CATALOGUED_PASS_A,IP-V2-SNAPSHOT-2026-08-13-A,idoly-ingest/04_cards/by_character/chs/card_chs_001_st-card-chs-05-alic-00.md
card_chs_002_st-card-chs-05-birt-00,GAME_BUNDLE,cards,日頃の感謝を 歌に乗せて,cards,,chs,,st-card-chs-05-birt-00,1,1,3,st-card-chs-05-birt-00-01|st-card-chs-05-birt-00-02|st-card-chs-05-birt-00-03,3,chs|ngs|ski,8844,275,TEXTURE,PROVISIONAL_PASS_A,Pass-A default for card stories; escalate when they change a stable character/relationship/theme model.,character-specific micro-development / ordinary-life or professional texture,NO,,,,NO,,NO,UNASSESSED,UNASSESSED,CATALOGUED_PASS_A,IP-V2-SNAPSHOT-2026-08-13-A,idoly-ingest/04_cards/by_character/chs/card_chs_002_st-card-chs-05-birt-00.md
card_chs_003_st-card-chs-05-birt-01,GAME_BUNDLE,cards,慰安旅行 in京都,cards,,chs,,st-card-chs-05-birt-01,1,1,3,st-card-chs-05-birt-01-01|st-card-chs-05-birt-01-02|st-card-chs-05-birt-01-03,6,chs|koh|rui|ski|suz|szk,7120,199,TEXTURE,PROVISIONAL_PASS_A,Pass-A default for card stories; escalate when they change a stable character/relationship/theme model.,character-specific micro-development / ordinary-life or professional texture,NO,,,,NO,,NO,UNASSESSED,UNASSESSED,CATALOGUED_PASS_A,IP-V2-SNAPSHOT-2026-08-13-A,idoly-ingest/04_cards/by_character/chs/card_chs_003_st-card-chs-05-birt-01.md
card_chs_004_st-card-chs-05-birt-02,GAME_BUNDLE,cards,10カワだよ,cards,,chs,,st-card-chs-05-birt-02,1,1,3,st-card-chs-05-birt-02-01|st-card-chs-05-birt-02-02|st-card-chs-05-birt-02-03,4,chs|mei|rei|szk,4640,126,TEXTURE,PROVISIONAL_PASS_A,Pass-A default for card stories; escalate when they change a stable character/relationship/theme model.,character-specific micro-development / ordinary-life or professional texture,NO,,,,NO,,NO,UNASSESSED,UNASSESSED,CATALOGUED_PASS_A,IP-V2-SNAPSHOT-2026-08-13-A,idoly-ingest/04_cards/by_character/chs/card_chs_004_st-card-chs-05-birt-02.md
card_chs_005_st-card-chs-05-chia-00,GAME_BUNDLE,cards,物持ちが いいんですね,cards,,chs,,st-card-chs-05-chia-00,1,1,3,st-card-chs-05-chia-00-01|st-card-chs-05-chia-00-02|st-card-chs-05-chia-00-03,2,chs|koh,8816,264,TEXTURE,PROVISIONAL_PASS_A,Pass-A default for card stories; escalate when they change a stable character/relationship/theme model.,character-specific micro-development / ordinary-life or professional texture,NO,,,,NO,,NO,UNASSESSED,UNASSESSED,CATALOGUED_PASS_A,IP-V2-SNAPSHOT-2026-08-13-A,idoly-ingest/04_cards/by_character/chs/card_chs_005_st-card-chs-05-chia-00.md
card_chs_006_st-card-chs-05-chsk-00,GAME_BUNDLE,cards,最高の 衣装デザイン,cards,,chs,,st-card-chs-05-chsk-00,1,1,3,st-card-chs-05-chsk-00-01|st-card-chs-05-chsk-00-02|st-card-chs-05-chsk-00-03,2,chs|koh,9918,274,TEXTURE,PROVISIONAL_PASS_A,Pass-A default for card stories; escalate when they change a stable character/relationship/theme model.,character-specific micro-development / ordinary-life or professional texture,NO,,,,NO,,NO,UNASSESSED,UNASSESSED,CATALOGUED_PASS_A,IP-V2-SNAPSHOT-2026-08-13-A,idoly-ingest/04_cards/by_character/chs/card_chs_006_st-card-chs-05-chsk-00.md
card_chs_007_st-card-chs-05-fest-00,GAME_BUNDLE,cards,凄い衣装が 出来ちゃう かも,cards,,chs,,st-card-chs-05-fest-00,1,1,3,st-card-chs-05-fest-00-01|st-card-chs-05-fest-00-02|st-card-chs-05-fest-00-03,2,chs|koh,8677,244,TEXTURE,PROVISIONAL_PASS_A,Pass-A default for card stories; escalate when they change a stable character/relationship/theme model.,character-specific micro-development / ordinary-life or professional texture,NO,,,,NO,,NO,UNASSESSED,UNASSESSED,CATALOGUED_PASS_A,IP-V2-SNAPSHOT-2026-08-13-A,idoly-ingest/04_cards/by_character/chs/card_chs_007_st-card-chs-05-fest-00.md
card_chs_008_st-card-chs-05-fest-03,GAME_BUNDLE,cards,逆襲の ドッキリ企画,cards,,chs,,st-card-chs-05-fest-03,1,1,3,st-card-chs-05-fest-03-01|st-card-chs-05-fest-03-02|st-card-chs-05-fest-03-03,3,chs|koh|suz,9577,267,TEXTURE,PROVISIONAL_PASS_A,Pass-A default for card stories; escalate when they change a stable character/relationship/theme model.,character-specific micro-development / ordinary-life or professional texture,NO,,,,NO,,NO,UNASSESSED,UNASSESSED,CATALOGUED_PASS_A,IP-V2-SNAPSHOT-2026-08-13-A,idoly-ingest/04_cards/by_character/chs/card_chs_008_st-card-chs-05-fest-03.md
card_chs_009_st-card-chs-05-flow-00,GAME_BUNDLE,cards,"ここが噂の スタジオ ですね！",cards,,chs,,st-card-chs-05-flow-00,1,1,3,st-card-chs-05-flow-00-01|st-card-chs-05-flow-00-02|st-card-chs-05-flow-00-03,2,chs|koh,9479,261,TEXTURE,PROVISIONAL_PASS_A,Pass-A default for card stories; escalate when they change a stable character/relationship/theme model.,character-specific micro-development / ordinary-life or professional texture,NO,,,,NO,,NO,UNASSESSED,UNASSESSED,CATALOGUED_PASS_A,IP-V2-SNAPSHOT-2026-08-13-A,idoly-ingest/04_cards/by_character/chs/card_chs_009_st-card-chs-05-flow-00.md
card_chs_010_st-card-chs-05-hruh-00,GAME_BUNDLE,cards,宇宙人は 本当にいます,cards,,chs,,st-card-chs-05-hruh-00,1,1,3,st-card-chs-05-hruh-00-01|st-card-chs-05-hruh-00-02|st-card-chs-05-hruh-00-03,2,chs|koh,9621,259,TEXTURE,PROVISIONAL_PASS_A,Pass-A default for card stories; escalate when they change a stable character/relationship/theme model.,character-specific micro-development / ordinary-life or professional texture,NO,,,,NO,,NO,UNASSESSED,UNASSESSED,CATALOGUED_PASS_A,IP-V2-SNAPSHOT-2026-08-13-A,idoly-ingest/04_cards/by_character/chs/card_chs_010_st-card-chs-05-hruh-00.md
card_chs_011_st-card-chs-05-idol-00,GAME_BUNDLE,cards,オススメの 映画,cards,,chs,,st-card-chs-05-idol-00,1,1,3,st-card-chs-05-idol-00-01|st-card-chs-05-idol-00-02|st-card-chs-05-idol-00-03,2,chs|koh,8653,250,TEXTURE,PROVISIONAL_PASS_A,Pass-A default for card stories; escalate when they change a stable character/relationship/theme model.,character-specific micro-development / ordinary-life or professional texture,NO,,,,NO,,NO,UNASSESSED,UNASSESSED,CATALOGUED_PASS_A,IP-V2-SNAPSHOT-2026-08-13-A,idoly-ingest/04_cards/by_character/chs/card_chs_011_st-card-chs-05-idol-00.md
card_chs_012_st-card-chs-05-maid-00,GAME_BUNDLE,cards,すみれちゃん が出演した 作品,cards,,chs,,st-card-chs-05-maid-00,1,1,3,st-card-chs-05-maid-00-01|st-card-chs-05-maid-00-02|st-card-chs-05-maid-00-03,2,chs|koh,10138,264,TEXTURE,PROVISIONAL_PASS_A,Pass-A default for card stories; escalate when they change a stable character/relationship/theme model.,character-specific micro-development / ordinary-life or professional texture,NO,,,,NO,,NO,UNASSESSED,UNASSESSED,CATALOGUED_PASS_A,IP-V2-SNAPSHOT-2026-08-13-A,idoly-ingest/04_cards/by_character/chs/card_chs_012_st-card-chs-05-maid-00.md
card_chs_013_st-card-chs-05-mizg-04,GAME_BUNDLE,cards,略して 生磯かな,cards,,chs,,st-card-chs-05-mizg-04,1,1,3,st-card-chs-05-mizg-04-01|st-card-chs-05-mizg-04-02|st-card-chs-05-mizg-04-03,2,chs|koh,10498,269,TEXTURE,PROVISIONAL_PASS_A,Pass-A default for card stories; escalate when they change a stable character/relationship/theme model.,character-specific micro-development / ordinary-life or professional texture,NO,,,,NO,,NO,UNASSESSED,UNASSESSED,CATALOGUED_PASS_A,IP-V2-SNAPSHOT-2026-08-13-A,idoly-ingest/04_cards/by_character/chs/card_chs_013_st-card-chs-05-mizg-04.md
card_chs_014_st-card-chs-05-pajm-00,GAME_BUNDLE,cards,目指せ スリクスさん,cards,,chs,,st-card-chs-05-pajm-00,1,1,3,st-card-chs-05-pajm-00-01|st-card-chs-05-pajm-00-02|st-card-chs-05-pajm-00-03,2,chs|koh,11116,310,TEXTURE,PROVISIONAL_PASS_A,Pass-A default for card stories; escalate when they change a stable character/relationship/theme model.,character-specific micro-development / ordinary-life or professional texture,NO,,,,NO,,NO,UNASSESSED,UNASSESSED,CATALOGUED_PASS_A,IP-V2-SNAPSHOT-2026-08-13-A,idoly-ingest/04_cards/by_character/chs/card_chs_014_st-card-chs-05-pajm-00.md
card_chs_015_st-card-chs-05-rock-00,GAME_BUNDLE,cards,ソロパートに 挑戦,cards,,chs,,st-card-chs-05-rock-00,1,1,3,st-card-chs-05-rock-00-01|st-card-chs-05-rock-00-02|st-card-chs-05-rock-00-03,2,chs|koh,10202,282,TEXTURE,PROVISIONAL_PASS_A,Pass-A default for card stories; escalate when they change a stable character/relationship/theme model.,character-specific micro-development / ordinary-life or professional texture,NO,,,,NO,,NO,UNASSESSED,UNASSESSED,CATALOGUED_PASS_A,IP-V2-SNAPSHOT-2026-08-13-A,idoly-ingest/04_cards/by_character/chs/card_chs_015_st-card-chs-05-rock-00.md
card_chs_016_st-card-chs-05-seik-00,GAME_BUNDLE,cards,お姉さんらしい振る舞い,cards,,chs,,st-card-chs-05-seik-00,1,1,3,st-card-chs-05-seik-00-01|st-card-chs-05-seik-00-02|st-card-chs-05-seik-00-03,2,chs|koh,8974,248,TEXTURE,PROVISIONAL_PASS_A,Pass-A default for card stories; escalate when they change a stable character/relationship/theme model.,character-specific micro-development / ordinary-life or professional texture,NO,,,,NO,,NO,UNASSESSED,UNASSESSED,CATALOGUED_PASS_A,IP-V2-SNAPSHOT-2026-08-13-A,idoly-ingest/04_cards/by_character/chs/card_chs_016_st-card-chs-05-seik-00.md
card_chs_017_st-card-chs-05-yukt-00,GAME_BUNDLE,cards,思い出の 夏祭り,cards,,chs,,st-card-chs-05-yukt-00,1,1,3,st-card-chs-05-yukt-00-01|st-card-chs-05-yukt-00-02|st-card-chs-05-yukt-00-03,2,chs|koh,9315,262,TEXTURE,PROVISIONAL_PASS_A,Pass-A default for card stories; escalate when they change a stable character/relationship/theme model.,character-specific micro-development / ordinary-life or professional texture,NO,,,,NO,,NO,UNASSESSED,UNASSESSED,CATALOGUED_PASS_A,IP-V2-SNAPSHOT-2026-08-13-A,idoly-ingest/04_cards/by_character/chs/card_chs_017_st-card-chs-05-yukt-00.md
card_hrk_001_st-card-hrk-05-adlt-00,GAME_BUNDLE,cards,養成所の 先生,cards,,hrk,,st-card-hrk-05-adlt-00,1,1,3,st-card-hrk-05-adlt-00-01|st-card-hrk-05-adlt-00-02|st-card-hrk-05-adlt-00-03,3,hrk|koh|shj,9537,255,TEXTURE,PROVISIONAL_PASS_A,Pass-A default for card stories; escalate when they change a stable character/relationship/theme model.,character-specific micro-development / ordinary-life or professional texture,NO,,,,NO,,NO,UNASSESSED,UNASSESSED,CATALOGUED_PASS_A,IP-V2-SNAPSHOT-2026-08-13-A,idoly-ingest/04_cards/by_character/hrk/card_hrk_001_st-card-hrk-05-adlt-00.md
card_hrk_002_st-card-hrk-05-birt-00,GAME_BUNDLE,cards,星見プロの お姉さん枠,cards,,hrk,,st-card-hrk-05-birt-00,1,1,3,st-card-hrk-05-birt-00-01|st-card-hrk-05-birt-00-02|st-card-hrk-05-birt-00-03,3,hrk|mhk|rio,9756,302,TEXTURE,PROVISIONAL_PASS_A,Pass-A default for card stories; escalate when they change a stable character/relationship/theme model.,character-specific micro-development / ordinary-life or professional texture,NO,,,,NO,,NO,UNASSESSED,UNASSESSED,CATALOGUED_PASS_A,IP-V2-SNAPSHOT-2026-08-13-A,idoly-ingest/04_cards/by_character/hrk/card_hrk_002_st-card-hrk-05-birt-00.md
card_hrk_003_st-card-hrk-05-birt-01,GAME_BUNDLE,cards,慰安旅行 in山梨,cards,,hrk,,st-card-hrk-05-birt-01,1,1,3,st-card-hrk-05-birt-01-01|st-card-hrk-05-birt-01-02|st-card-hrk-05-birt-01-03,6,ai|hrk|kkr|koh|ktn|mhk,7474,201,TEXTURE,PROVISIONAL_PASS_A,Pass-A default for card stories; escalate when they change a stable character/relationship/theme model.,character-specific micro-development / ordinary-life or professional texture,NO,,,,NO,,NO,UNASSESSED,UNASSESSED,CATALOGUED_PASS_A,IP-V2-SNAPSHOT-2026-08-13-A,idoly-ingest/04_cards/by_character/hrk/card_hrk_003_st-card-hrk-05-birt-01.md
card_hrk_004_st-card-hrk-05-birt-02,GAME_BUNDLE,cards,工具セット どうするのよ,cards,,hrk,,st-card-hrk-05-birt-02,1,1,3,st-card-hrk-05-birt-02-01|st-card-hrk-05-birt-02-02|st-card-hrk-05-birt-02-03,4,aoi|hrk|rei|smr,4963,136,TEXTURE,PROVISIONAL_PASS_A,Pass-A default for card stories; escalate when they change a stable character/relationship/theme model.,character-specific micro-development / ordinary-life or professional texture,NO,,,,NO,,NO,UNASSESSED,UNASSESSED,CATALOGUED_PASS_A,IP-V2-SNAPSHOT-2026-08-13-A,idoly-ingest/04_cards/by_character/hrk/card_hrk_004_st-card-hrk-05-birt-02.md
card_hrk_005_st-card-hrk-05-chna-00,GAME_BUNDLE,cards,羞恥心克服,cards,,hrk,,st-card-hrk-05-chna-00,1,1,3,st-card-hrk-05-chna-00-01|st-card-hrk-05-chna-00-02|st-card-hrk-05-chna-00-03,2,hrk|koh,10174,283,TEXTURE,PROVISIONAL_PASS_A,Pass-A default for card stories; escalate when they change a stable character/relationship/theme model.,character-specific micro-development / ordinary-life or professional texture,NO,,,,NO,,NO,UNASSESSED,UNASSESSED,CATALOGUED_PASS_A,IP-V2-SNAPSHOT-2026-08-13-A,idoly-ingest/04_cards/by_character/hrk/card_hrk_005_st-card-hrk-05-chna-00.md
card_hrk_006_st-card-hrk-05-fest-00,GAME_BUNDLE,cards,一週間 マネージャー,cards,,hrk,,st-card-hrk-05-fest-00,1,1,3,st-card-hrk-05-fest-00-01|st-card-hrk-05-fest-00-02|st-card-hrk-05-fest-00-03,2,hrk|koh,9317,258,TEXTURE,PROVISIONAL_PASS_A,Pass-A default for card stories; escalate when they change a stable character/relationship/theme model.,character-specific micro-development / ordinary-life or professional texture,NO,,,,NO,,NO,UNASSESSED,UNASSESSED,CATALOGUED_PASS_A,IP-V2-SNAPSHOT-2026-08-13-A,idoly-ingest/04_cards/by_character/hrk/card_hrk_006_st-card-hrk-05-fest-00.md
card_hrk_007_st-card-hrk-05-idol-00,GAME_BUNDLE,cards,ソロキャンが 趣味,cards,,hrk,,st-card-hrk-05-idol-00,1,1,3,st-card-hrk-05-idol-00-01|st-card-hrk-05-idol-00-02|st-card-hrk-05-idol-00-03,2,hrk|koh,8288,241,TEXTURE,PROVISIONAL_PASS_A,Pass-A default for card stories; escalate when they change a stable character/relationship/theme model.,character-specific micro-development / ordinary-life or professional texture,NO,,,,NO,,NO,UNASSESSED,UNASSESSED,CATALOGUED_PASS_A,IP-V2-SNAPSHOT-2026-08-13-A,idoly-ingest/04_cards/by_character/hrk/card_hrk_007_st-card-hrk-05-idol-00.md
card_hrk_008_st-card-hrk-05-idol-03,GAME_BUNDLE,cards,新曲のジャケット撮影,cards,,hrk,,st-card-hrk-05-idol-03,1,1,3,st-card-hrk-05-idol-03-01|st-card-hrk-05-idol-03-02|st-card-hrk-05-idol-03-03,2,hrk|koh,8954,245,TEXTURE,PROVISIONAL_PASS_A,Pass-A default for card stories; escalate when they change a stable character/relationship/theme model.,character-specific micro-development / ordinary-life or professional texture,NO,,,,NO,,NO,UNASSESSED,UNASSESSED,CATALOGUED_PASS_A,IP-V2-SNAPSHOT-2026-08-13-A,idoly-ingest/04_cards/by_character/hrk/card_hrk_008_st-card-hrk-05-idol-03.md
card_hrk_009_st-card-hrk-05-link-00,GAME_BUNDLE,cards,ミュージカル のオーディ ション,cards,,hrk,,st-card-hrk-05-link-00,1,1,3,st-card-hrk-05-link-00-01|st-card-hrk-05-link-00-02|st-card-hrk-05-link-00-03,2,hrk|mna,8168,247,TEXTURE,PROVISIONAL_PASS_A,Pass-A default for card stories; escalate when they change a stable character/relationship/theme model.,character-specific micro-development / ordinary-life or professional texture,NO,,,,NO,,NO,UNASSESSED,UNASSESSED,CATALOGUED_PASS_A,IP-V2-SNAPSHOT-2026-08-13-A,idoly-ingest/04_cards/by_character/hrk/card_hrk_009_st-card-hrk-05-link-00.md
card_hrk_010_st-card-hrk-05-mizg-01,GAME_BUNDLE,cards,苦い思い出,cards,,hrk,,st-card-hrk-05-mizg-01,1,1,3,st-card-hrk-05-mizg-01-01|st-card-hrk-05-mizg-01-02|st-card-hrk-05-mizg-01-03,2,hrk|koh,8200,229,TEXTURE,PROVISIONAL_PASS_A,Pass-A default for card stories; escalate when they change a stable character/relationship/theme model.,character-specific micro-development / ordinary-life or professional texture,NO,,,,NO,,NO,UNASSESSED,UNASSESSED,CATALOGUED_PASS_A,IP-V2-SNAPSHOT-2026-08-13-A,idoly-ingest/04_cards/by_character/hrk/card_hrk_010_st-card-hrk-05-mizg-01.md
card_hrk_011_st-card-hrk-05-mnab-00,GAME_BUNDLE,cards,そんな光景を 見てみたい,cards,,hrk,,st-card-hrk-05-mnab-00,1,1,3,st-card-hrk-05-mnab-00-01|st-card-hrk-05-mnab-00-02|st-card-hrk-05-mnab-00-03,2,hrk|koh,9717,262,TEXTURE,PROVISIONAL_PASS_A,Pass-A default for card stories; escalate when they change a stable character/relationship/theme model.,character-specific micro-development / ordinary-life or professional texture,NO,,,,NO,,NO,UNASSESSED,UNASSESSED,CATALOGUED_PASS_A,IP-V2-SNAPSHOT-2026-08-13-A,idoly-ingest/04_cards/by_character/hrk/card_hrk_011_st-card-hrk-05-mnab-00.md
card_hrk_012_st-card-hrk-05-onep-00,GAME_BUNDLE,cards,ドキドキ 温泉旅行,cards,,hrk,,st-card-hrk-05-onep-00,1,1,3,st-card-hrk-05-onep-00-01|st-card-hrk-05-onep-00-02|st-card-hrk-05-onep-00-03,2,hrk|koh,9457,259,TEXTURE,PROVISIONAL_PASS_A,Pass-A default for card stories; escalate when they change a stable character/relationship/theme model.,character-specific micro-development / ordinary-life or professional texture,NO,,,,NO,,NO,UNASSESSED,UNASSESSED,CATALOGUED_PASS_A,IP-V2-SNAPSHOT-2026-08-13-A,idoly-ingest/04_cards/by_character/hrk/card_hrk_012_st-card-hrk-05-onep-00.md
card_hrk_013_st-card-hrk-05-pair-00,GAME_BUNDLE,cards,一緒に頑張ろうって言ったでしょ？,cards,,hrk,,st-card-hrk-05-pair-00,1,1,3,st-card-hrk-05-pair-00-01|st-card-hrk-05-pair-00-02|st-card-hrk-05-pair-00-03,2,hrk|koh,8782,239,TEXTURE,PROVISIONAL_PASS_A,Pass-A default for card stories; escalate when they change a stable character/relationship/theme model.,character-specific micro-development / ordinary-life or professional texture,NO,,,,NO,,NO,UNASSESSED,UNASSESSED,CATALOGUED_PASS_A,IP-V2-SNAPSHOT-2026-08-13-A,idoly-ingest/04_cards/by_character/hrk/card_hrk_013_st-card-hrk-05-pair-00.md
card_hrk_014_st-card-hrk-05-pajm-00,GAME_BUNDLE,cards,私をデートに 連れてって,cards,,hrk,,st-card-hrk-05-pajm-00,1,1,3,st-card-hrk-05-pajm-00-01|st-card-hrk-05-pajm-00-02|st-card-hrk-05-pajm-00-03,2,hrk|koh,9573,266,TEXTURE,PROVISIONAL_PASS_A,Pass-A default for card stories; escalate when they change a stable character/relationship/theme model.,character-specific micro-development / ordinary-life or professional texture,NO,,,,NO,,NO,UNASSESSED,UNASSESSED,CATALOGUED_PASS_A,IP-V2-SNAPSHOT-2026-08-13-A,idoly-ingest/04_cards/by_character/hrk/card_hrk_014_st-card-hrk-05-pajm-00.md
card_hrk_015_st-card-hrk-05-sail-00,GAME_BUNDLE,cards,むちっとは してるけど,cards,,hrk,,st-card-hrk-05-sail-00,1,1,3,st-card-hrk-05-sail-00-01|st-card-hrk-05-sail-00-02|st-card-hrk-05-sail-00-03,2,hrk|koh,8650,240,TEXTURE,PROVISIONAL_PASS_A,Pass-A default for card stories; escalate when they change a stable character/relationship/theme model.,character-specific micro-development / ordinary-life or professional texture,NO,,,,NO,,NO,UNASSESSED,UNASSESSED,CATALOGUED_PASS_A,IP-V2-SNAPSHOT-2026-08-13-A,idoly-ingest/04_cards/by_character/hrk/card_hrk_015_st-card-hrk-05-sail-00.md
card_hrk_016_st-card-hrk-05-vlnt-00,GAME_BUNDLE,cards,ちょっと意識していた人,cards,,hrk,,st-card-hrk-05-vlnt-00,1,1,3,st-card-hrk-05-vlnt-00-01|st-card-hrk-05-vlnt-00-02|st-card-hrk-05-vlnt-00-03,2,hrk|koh,10120,264,TEXTURE,PROVISIONAL_PASS_A,Pass-A default for card stories; escalate when they change a stable character/relationship/theme model.,character-specific micro-development / ordinary-life or professional texture,NO,,,,NO,,NO,UNASSESSED,UNASSESSED,CATALOGUED_PASS_A,IP-V2-SNAPSHOT-2026-08-13-A,idoly-ingest/04_cards/by_character/hrk/card_hrk_016_st-card-hrk-05-vlnt-00.md
card_hrk_017_st-card-hrk-05-wedd-00,GAME_BUNDLE,cards,デート ってこと！？,cards,,hrk,,st-card-hrk-05-wedd-00,1,1,3,st-card-hrk-05-wedd-00-01|st-card-hrk-05-wedd-00-02|st-card-hrk-05-wedd-00-03,2,hrk|koh,10487,261,TEXTURE,PROVISIONAL_PASS_A,Pass-A default for card stories; escalate when they change a stable character/relationship/theme model.,character-specific micro-development / ordinary-life or professional texture,NO,,,,NO,,NO,UNASSESSED,UNASSESSED,CATALOGUED_PASS_A,IP-V2-SNAPSHOT-2026-08-13-A,idoly-ingest/04_cards/by_character/hrk/card_hrk_017_st-card-hrk-05-wedd-00.md
card_hrk_018_st-card-hrk-05-xmas-00,GAME_BUNDLE,cards,複雑な気持ち,cards,,hrk,,st-card-hrk-05-xmas-00,1,1,3,st-card-hrk-05-xmas-00-01|st-card-hrk-05-xmas-00-02|st-card-hrk-05-xmas-00-03,2,hrk|koh,8058,233,TEXTURE,PROVISIONAL_PASS_A,Pass-A default for card stories; escalate when they change a stable character/relationship/theme model.,character-specific micro-development / ordinary-life or professional texture,NO,,,,NO,,NO,UNASSESSED,UNASSESSED,CATALOGUED_PASS_A,IP-V2-SNAPSHOT-2026-08-13-A,idoly-ingest/04_cards/by_character/hrk/card_hrk_018_st-card-hrk-05-xmas-00.md
card_kan_001_st-card-kan-05-birt-00,GAME_BUNDLE,cards,ちょうどいい 引き立て役,cards,,kan,,st-card-kan-05-birt-00,1,1,3,st-card-kan-05-birt-00-01|st-card-kan-05-birt-00-02|st-card-kan-05-birt-00-03,4,0|kan|kor|mhk,9107,268,TEXTURE,PROVISIONAL_PASS_A,Pass-A default for card stories; escalate when they change a stable character/relationship/theme model.,character-specific micro-development / ordinary-life or professional texture,NO,,,,NO,,NO,UNASSESSED,UNASSESSED,CATALOGUED_PASS_A,IP-V2-SNAPSHOT-2026-08-13-A,idoly-ingest/04_cards/by_character/kan/card_kan_001_st-card-kan-05-birt-00.md
card_kan_002_st-card-kan-05-birt-01,GAME_BUNDLE,cards,慰安旅行 in北海道,cards,,kan,,st-card-kan-05-birt-01,1,1,3,st-card-kan-05-birt-01-01|st-card-kan-05-birt-01-02|st-card-kan-05-birt-01-03,6,kan|koh|rei|skr|smr|yu,7445,196,TEXTURE,PROVISIONAL_PASS_A,Pass-A default for card stories; escalate when they change a stable character/relationship/theme model.,character-specific micro-development / ordinary-life or professional texture,NO,,,,NO,,NO,UNASSESSED,UNASSESSED,CATALOGUED_PASS_A,IP-V2-SNAPSHOT-2026-08-13-A,idoly-ingest/04_cards/by_character/kan/card_kan_002_st-card-kan-05-birt-01.md
card_kan_003_st-card-kan-05-birt-02,GAME_BUNDLE,cards,巨大珍魚を 一本釣り,cards,,kan,,st-card-kan-05-birt-02,1,1,3,st-card-kan-05-birt-02-01|st-card-kan-05-birt-02-02|st-card-kan-05-birt-02-03,4,hrk|kan|suz|szk,5460,142,TEXTURE,PROVISIONAL_PASS_A,Pass-A default for card stories; escalate when they change a stable character/relationship/theme model.,character-specific micro-development / ordinary-life or professional texture,NO,,,,NO,,NO,UNASSESSED,UNASSESSED,CATALOGUED_PASS_A,IP-V2-SNAPSHOT-2026-08-13-A,idoly-ingest/04_cards/by_character/kan/card_kan_003_st-card-kan-05-birt-02.md
card_kan_004_st-card-kan-05-buny-00,GAME_BUNDLE,cards,セレブという 名の獲物,cards,,kan,,st-card-kan-05-buny-00,1,1,3,st-card-kan-05-buny-00-01|st-card-kan-05-buny-00-02|st-card-kan-05-buny-00-03,2,kan|koh,10232,278,TEXTURE,PROVISIONAL_PASS_A,Pass-A default for card stories; escalate when they change a stable character/relationship/theme model.,character-specific micro-development / ordinary-life or professional texture,NO,,,,NO,,NO,UNASSESSED,UNASSESSED,CATALOGUED_PASS_A,IP-V2-SNAPSHOT-2026-08-13-A,idoly-ingest/04_cards/by_character/kan/card_kan_004_st-card-kan-05-buny-00.md
card_kan_005_st-card-kan-05-chia-00,GAME_BUNDLE,cards,殊勝な 心がけ じゃん,cards,,kan,,st-card-kan-05-chia-00,1,1,3,st-card-kan-05-chia-00-01|st-card-kan-05-chia-00-02|st-card-kan-05-chia-00-03,2,kan|koh,10111,256,TEXTURE,PROVISIONAL_PASS_A,Pass-A default for card stories; escalate when they change a stable character/relationship/theme model.,character-specific micro-development / ordinary-life or professional texture,NO,,,,NO,,NO,UNASSESSED,UNASSESSED,CATALOGUED_PASS_A,IP-V2-SNAPSHOT-2026-08-13-A,idoly-ingest/04_cards/by_character/kan/card_kan_005_st-card-kan-05-chia-00.md
card_kan_006_st-card-kan-05-chna-00,GAME_BUNDLE,cards,kanaの映画デビュー,cards,,kan,,st-card-kan-05-chna-00,1,1,3,st-card-kan-05-chna-00-01|st-card-kan-05-chna-00-02|st-card-kan-05-chna-00-03,2,kan|koh,9571,259,TEXTURE,PROVISIONAL_PASS_A,Pass-A default for card stories; escalate when they change a stable character/relationship/theme model.,character-specific micro-development / ordinary-life or professional texture,NO,,,,NO,,NO,UNASSESSED,UNASSESSED,CATALOGUED_PASS_A,IP-V2-SNAPSHOT-2026-08-13-A,idoly-ingest/04_cards/by_character/kan/card_kan_006_st-card-kan-05-chna-00.md
card_kan_007_st-card-kan-05-fest-02,GAME_BUNDLE,cards,クソ記事を ぶっ潰して やんのよ,cards,,kan,,st-card-kan-05-fest-02,1,1,3,st-card-kan-05-fest-02-01|st-card-kan-05-fest-02-02|st-card-kan-05-fest-02-03,2,kan|koh,10314,265,TEXTURE,PROVISIONAL_PASS_A,Pass-A default for card stories; escalate when they change a stable character/relationship/theme model.,character-specific micro-development / ordinary-life or professional texture,NO,,,,NO,,NO,UNASSESSED,UNASSESSED,CATALOGUED_PASS_A,IP-V2-SNAPSHOT-2026-08-13-A,idoly-ingest/04_cards/by_character/kan/card_kan_007_st-card-kan-05-fest-02.md
card_kan_008_st-card-kan-05-idol-00,GAME_BUNDLE,cards,どいつを ボコれば いいわけ？,cards,,kan,,st-card-kan-05-idol-00,1,1,3,st-card-kan-05-idol-00-01|st-card-kan-05-idol-00-02|st-card-kan-05-idol-00-03,3,kan|kan2|koh,9480,258,TEXTURE,PROVISIONAL_PASS_A,Pass-A default for card stories; escalate when they change a stable character/relationship/theme model.,character-specific micro-development / ordinary-life or professional texture,NO,,,,NO,,NO,UNASSESSED,UNASSESSED,CATALOGUED_PASS_A,IP-V2-SNAPSHOT-2026-08-13-A,idoly-ingest/04_cards/by_character/kan/card_kan_008_st-card-kan-05-idol-00.md
card_kan_009_st-card-kan-05-idol-03,GAME_BUNDLE,cards,恋愛解禁 ってこと？,cards,,kan,,st-card-kan-05-idol-03,1,1,3,st-card-kan-05-idol-03-01|st-card-kan-05-idol-03-02|st-card-kan-05-idol-03-03,2,kan|koh,10914,299,TEXTURE,PROVISIONAL_PASS_A,Pass-A default for card stories; escalate when they change a stable character/relationship/theme model.,character-specific micro-development / ordinary-life or professional texture,NO,,,,NO,,NO,UNASSESSED,UNASSESSED,CATALOGUED_PASS_A,IP-V2-SNAPSHOT-2026-08-13-A,idoly-ingest/04_cards/by_character/kan/card_kan_009_st-card-kan-05-idol-03.md
card_kan_010_st-card-kan-05-link-00,GAME_BUNDLE,cards,こいつの 実家は 実家で,cards,,kan,,st-card-kan-05-link-00,1,1,3,st-card-kan-05-link-00-01|st-card-kan-05-link-00-02|st-card-kan-05-link-00-03,2,kan|kkr,8687,250,TEXTURE,PROVISIONAL_PASS_A,Pass-A default for card stories; escalate when they change a stable character/relationship/theme model.,character-specific micro-development / ordinary-life or professional texture,NO,,,,NO,,NO,UNASSESSED,UNASSESSED,CATALOGUED_PASS_A,IP-V2-SNAPSHOT-2026-08-13-A,idoly-ingest/04_cards/by_character/kan/card_kan_010_st-card-kan-05-link-00.md
card_kan_011_st-card-kan-05-mizg-02,GAME_BUNDLE,cards,もっと 気合いを 入れろー！！,cards,,kan,,st-card-kan-05-mizg-02,1,1,3,st-card-kan-05-mizg-02-01|st-card-kan-05-mizg-02-02|st-card-kan-05-mizg-02-03,2,kan|koh,9954,262,TEXTURE,PROVISIONAL_PASS_A,Pass-A default for card stories; escalate when they change a stable character/relationship/theme model.,character-specific micro-development / ordinary-life or professional texture,NO,,,,NO,,NO,UNASSESSED,UNASSESSED,CATALOGUED_PASS_A,IP-V2-SNAPSHOT-2026-08-13-A,idoly-ingest/04_cards/by_character/kan/card_kan_011_st-card-kan-05-mizg-02.md
card_kan_012_st-card-kan-05-pair-00,GAME_BUNDLE,cards,こころの やつ、 絶対泣かす,cards,,kan,,st-card-kan-05-pair-00,1,1,3,st-card-kan-05-pair-00-01|st-card-kan-05-pair-00-02|st-card-kan-05-pair-00-03,2,kan|koh,9677,249,TEXTURE,PROVISIONAL_PASS_A,Pass-A default for card stories; escalate when they change a stable character/relationship/theme model.,character-specific micro-development / ordinary-life or professional texture,NO,,,,NO,,NO,UNASSESSED,UNASSESSED,CATALOGUED_PASS_A,IP-V2-SNAPSHOT-2026-08-13-A,idoly-ingest/04_cards/by_character/kan/card_kan_012_st-card-kan-05-pair-00.md
card_kan_013_st-card-kan-05-poli-00,GAME_BUNDLE,cards,二日酔いでも パッキパキ,cards,,kan,,st-card-kan-05-poli-00,1,1,3,st-card-kan-05-poli-00-01|st-card-kan-05-poli-00-02|st-card-kan-05-poli-00-03,2,kan|koh,10204,291,TEXTURE,PROVISIONAL_PASS_A,Pass-A default for card stories; escalate when they change a stable character/relationship/theme model.,character-specific micro-development / ordinary-life or professional texture,NO,,,,NO,,NO,UNASSESSED,UNASSESSED,CATALOGUED_PASS_A,IP-V2-SNAPSHOT-2026-08-13-A,idoly-ingest/04_cards/by_character/kan/card_kan_013_st-card-kan-05-poli-00.md
card_kan_014_st-card-kan-05-snro-00,GAME_BUNDLE,cards,はい、 kanaと 握手！,cards,,kan,,st-card-kan-05-snro-00,1,1,3,st-card-kan-05-snro-00-01|st-card-kan-05-snro-00-02|st-card-kan-05-snro-00-03,2,kan|koh,10071,257,TEXTURE,PROVISIONAL_PASS_A,Pass-A default for card stories; escalate when they change a stable character/relationship/theme model.,character-specific micro-development / ordinary-life or professional texture,NO,,,,NO,,NO,UNASSESSED,UNASSESSED,CATALOGUED_PASS_A,IP-V2-SNAPSHOT-2026-08-13-A,idoly-ingest/04_cards/by_character/kan/card_kan_014_st-card-kan-05-snro-00.md
card_kkr_001_st-card-kkr-05-birt-00,GAME_BUNDLE,cards,こころが 主役の こころの ための日,cards,,kkr,,st-card-kkr-05-birt-00,1,1,3,st-card-kkr-05-birt-00-01|st-card-kkr-05-birt-00-02|st-card-kkr-05-birt-00-03,3,ai|kkr|suz,10032,304,TEXTURE,PROVISIONAL_PASS_A,Pass-A default for card stories; escalate when they change a stable character/relationship/theme model.,character-specific micro-development / ordinary-life or professional texture,NO,,,,NO,,NO,UNASSESSED,UNASSESSED,CATALOGUED_PASS_A,IP-V2-SNAPSHOT-2026-08-13-A,idoly-ingest/04_cards/by_character/kkr/card_kkr_001_st-card-kkr-05-birt-00.md
card_kkr_002_st-card-kkr-05-birt-01,GAME_BUNDLE,cards,慰安旅行 in山梨,cards,,kkr,,st-card-kkr-05-birt-01,1,1,3,st-card-kkr-05-birt-01-01|st-card-kkr-05-birt-01-02|st-card-kkr-05-birt-01-03,6,ai|hrk|kkr|koh|ktn|mhk,7288,201,TEXTURE,PROVISIONAL_PASS_A,Pass-A default for card stories; escalate when they change a stable character/relationship/theme model.,character-specific micro-development / ordinary-life or professional texture,NO,,,,NO,,NO,UNASSESSED,UNASSESSED,CATALOGUED_PASS_A,IP-V2-SNAPSHOT-2026-08-13-A,idoly-ingest/04_cards/by_character/kkr/card_kkr_002_st-card-kkr-05-birt-01.md
card_kkr_003_st-card-kkr-05-birt-02,GAME_BUNDLE,cards,祝いたまへー,cards,,kkr,,st-card-kkr-05-birt-02,1,1,3,st-card-kkr-05-birt-02-01|st-card-kkr-05-birt-02-02|st-card-kkr-05-birt-02-03,4,kan|kkr|ngs|yu,5590,145,TEXTURE,PROVISIONAL_PASS_A,Pass-A default for card stories; escalate when they change a stable character/relationship/theme model.,character-specific micro-development / ordinary-life or professional texture,NO,,,,NO,,NO,UNASSESSED,UNASSESSED,CATALOGUED_PASS_A,IP-V2-SNAPSHOT-2026-08-13-A,idoly-ingest/04_cards/by_character/kkr/card_kkr_003_st-card-kkr-05-birt-02.md
card_kkr_004_st-card-kkr-05-casl-04,GAME_BUNDLE,cards,涙腺 どうなって るんですか,cards,,kkr,,st-card-kkr-05-casl-04,1,1,3,st-card-kkr-05-casl-04-01|st-card-kkr-05-casl-04-02|st-card-kkr-05-casl-04-03,2,kkr|koh,7325,182,TEXTURE,PROVISIONAL_PASS_A,Pass-A default for card stories; escalate when they change a stable character/relationship/theme model.,character-specific micro-development / ordinary-life or professional texture,NO,,,,YES,card_kkr_16_02,NO,UNASSESSED,UNASSESSED,CATALOGUED_PASS_A,IP-V2-SNAPSHOT-2026-08-13-A,idoly-ingest/04_cards/by_character/kkr/card_kkr_004_st-card-kkr-05-casl-04.md
card_kkr_005_st-card-kkr-05-fest-00,GAME_BUNDLE,cards,こころは絶対 歌います！,cards,,kkr,,st-card-kkr-05-fest-00,1,1,3,st-card-kkr-05-fest-00-01|st-card-kkr-05-fest-00-02|st-card-kkr-05-fest-00-03,2,kkr|koh,10637,293,TEXTURE,PROVISIONAL_PASS_A,Pass-A default for card stories; escalate when they change a stable character/relationship/theme model.,character-specific micro-development / ordinary-life or professional texture,NO,,,,NO,,NO,UNASSESSED,UNASSESSED,CATALOGUED_PASS_A,IP-V2-SNAPSHOT-2026-08-13-A,idoly-ingest/04_cards/by_character/kkr/card_kkr_005_st-card-kkr-05-fest-00.md
card_kkr_006_st-card-kkr-05-fest-03,GAME_BUNDLE,cards,最終形態 鬼モード,cards,,kkr,,st-card-kkr-05-fest-03,1,1,3,st-card-kkr-05-fest-03-01|st-card-kkr-05-fest-03-02|st-card-kkr-05-fest-03-03,2,kkr|koh,9642,257,TEXTURE,PROVISIONAL_PASS_A,Pass-A default for card stories; escalate when they change a stable character/relationship/theme model.,character-specific micro-development / ordinary-life or professional texture,NO,,,,NO,,NO,UNASSESSED,UNASSESSED,CATALOGUED_PASS_A,IP-V2-SNAPSHOT-2026-08-13-A,idoly-ingest/04_cards/by_character/kkr/card_kkr_006_st-card-kkr-05-fest-03.md
card_kkr_007_st-card-kkr-05-flow-00,GAME_BUNDLE,cards,角が折れた！,cards,,kkr,,st-card-kkr-05-flow-00,1,1,3,st-card-kkr-05-flow-00-01|st-card-kkr-05-flow-00-02|st-card-kkr-05-flow-00-03,2,kkr|koh,10689,268,TEXTURE,PROVISIONAL_PASS_A,Pass-A default for card stories; escalate when they change a stable character/relationship/theme model.,character-specific micro-development / ordinary-life or professional texture,NO,,,,NO,,NO,UNASSESSED,UNASSESSED,CATALOGUED_PASS_A,IP-V2-SNAPSHOT-2026-08-13-A,idoly-ingest/04_cards/by_character/kkr/card_kkr_007_st-card-kkr-05-flow-00.md
card_kkr_008_st-card-kkr-05-idol-00,GAME_BUNDLE,cards,大きな仕事,cards,,kkr,,st-card-kkr-05-idol-00,1,1,3,st-card-kkr-05-idol-00-01|st-card-kkr-05-idol-00-02|st-card-kkr-05-idol-00-03,2,kkr|koh,9857,272,TEXTURE,PROVISIONAL_PASS_A,Pass-A default for card stories; escalate when they change a stable character/relationship/theme model.,character-specific micro-development / ordinary-life or professional texture,NO,,,,NO,,NO,UNASSESSED,UNASSESSED,CATALOGUED_PASS_A,IP-V2-SNAPSHOT-2026-08-13-A,idoly-ingest/04_cards/by_character/kkr/card_kkr_008_st-card-kkr-05-idol-00.md
card_kkr_009_st-card-kkr-05-kion-00,GAME_BUNDLE,cards,声が似てる なんて,cards,,kkr,,st-card-kkr-05-kion-00,1,1,3,st-card-kkr-05-kion-00-01|st-card-kkr-05-kion-00-02|st-card-kkr-05-kion-00-03,2,kkr|koh,8376,234,TEXTURE,PROVISIONAL_PASS_A,Pass-A default for card stories; escalate when they change a stable character/relationship/theme model.,character-specific micro-development / ordinary-life or professional texture,NO,,,,NO,,NO,UNASSESSED,UNASSESSED,CATALOGUED_PASS_A,IP-V2-SNAPSHOT-2026-08-13-A,idoly-ingest/04_cards/by_character/kkr/card_kkr_009_st-card-kkr-05-kion-00.md
card_kkr_010_st-card-kkr-05-link-00,GAME_BUNDLE,cards,二人で存分に 鍛えて きなさい,cards,,kkr,,st-card-kkr-05-link-00,1,1,3,st-card-kkr-05-link-00-01|st-card-kkr-05-link-00-02|st-card-kkr-05-link-00-03,2,ai|kkr,9369,265,TEXTURE,PROVISIONAL_PASS_A,Pass-A default for card stories; escalate when they change a stable character/relationship/theme model.,character-specific micro-development / ordinary-life or professional texture,NO,,,,NO,,NO,UNASSESSED,UNASSESSED,CATALOGUED_PASS_A,IP-V2-SNAPSHOT-2026-08-13-A,idoly-ingest/04_cards/by_character/kkr/card_kkr_010_st-card-kkr-05-link-00.md
card_kkr_011_st-card-kkr-05-miku-01,GAME_BUNDLE,cards,あまりにも 寒過ぎて,cards,,kkr,,st-card-kkr-05-miku-01,1,1,3,st-card-kkr-05-miku-01-01|st-card-kkr-05-miku-01-02|st-card-kkr-05-miku-01-03,2,kkr|koh,8894,239,TEXTURE,PROVISIONAL_PASS_A,Pass-A default for card stories; escalate when they change a stable character/relationship/theme model.,character-specific micro-development / ordinary-life or professional texture,NO,,,,NO,,NO,UNASSESSED,UNASSESSED,CATALOGUED_PASS_A,IP-V2-SNAPSHOT-2026-08-13-A,idoly-ingest/04_cards/by_character/kkr/card_kkr_011_st-card-kkr-05-miku-01.md
card_kkr_012_st-card-kkr-05-mizg-01,GAME_BUNDLE,cards,こっそり ストーキング,cards,,kkr,,st-card-kkr-05-mizg-01,1,1,3,st-card-kkr-05-mizg-01-01|st-card-kkr-05-mizg-01-02|st-card-kkr-05-mizg-01-03,2,kkr|koh,9471,256,TEXTURE,PROVISIONAL_PASS_A,Pass-A default for card stories; escalate when they change a stable character/relationship/theme model.,character-specific micro-development / ordinary-life or professional texture,NO,,,,NO,,NO,UNASSESSED,UNASSESSED,CATALOGUED_PASS_A,IP-V2-SNAPSHOT-2026-08-13-A,idoly-ingest/04_cards/by_character/kkr/card_kkr_012_st-card-kkr-05-mizg-01.md
card_kkr_013_st-card-kkr-05-mizg-02,GAME_BUNDLE,cards,いざ出陣じゃー！,cards,,kkr,,st-card-kkr-05-mizg-02,1,1,3,st-card-kkr-05-mizg-02-01|st-card-kkr-05-mizg-02-02|st-card-kkr-05-mizg-02-03,2,kkr|koh,8827,232,TEXTURE,PROVISIONAL_PASS_A,Pass-A default for card stories; escalate when they change a stable character/relationship/theme model.,character-specific micro-development / ordinary-life or professional texture,NO,,,,NO,,NO,UNASSESSED,UNASSESSED,CATALOGUED_PASS_A,IP-V2-SNAPSHOT-2026-08-13-A,idoly-ingest/04_cards/by_character/kkr/card_kkr_013_st-card-kkr-05-mizg-02.md
card_kkr_014_st-card-kkr-05-newy-00,GAME_BUNDLE,cards,一人だけの オフなので,cards,,kkr,,st-card-kkr-05-newy-00,1,1,3,st-card-kkr-05-newy-00-01|st-card-kkr-05-newy-00-02|st-card-kkr-05-newy-00-03,2,kkr|koh,10478,292,TEXTURE,PROVISIONAL_PASS_A,Pass-A default for card stories; escalate when they change a stable character/relationship/theme model.,character-specific micro-development / ordinary-life or professional texture,NO,,,,NO,,NO,UNASSESSED,UNASSESSED,CATALOGUED_PASS_A,IP-V2-SNAPSHOT-2026-08-13-A,idoly-ingest/04_cards/by_character/kkr/card_kkr_014_st-card-kkr-05-newy-00.md
card_kkr_015_st-card-kkr-05-pair-00,GAME_BUNDLE,cards,こ、こころの プリンが！,cards,,kkr,,st-card-kkr-05-pair-00,1,1,3,st-card-kkr-05-pair-00-01|st-card-kkr-05-pair-00-02|st-card-kkr-05-pair-00-03,2,kkr|koh,11300,286,TEXTURE,PROVISIONAL_PASS_A,Pass-A default for card stories; escalate when they change a stable character/relationship/theme model.,character-specific micro-development / ordinary-life or professional texture,NO,,,,NO,,NO,UNASSESSED,UNASSESSED,CATALOGUED_PASS_A,IP-V2-SNAPSHOT-2026-08-13-A,idoly-ingest/04_cards/by_character/kkr/card_kkr_015_st-card-kkr-05-pair-00.md
card_kkr_016_st-card-kkr-05-seik-00,GAME_BUNDLE,cards,研究中のアイドルさん,cards,,kkr,,st-card-kkr-05-seik-00,1,1,3,st-card-kkr-05-seik-00-01|st-card-kkr-05-seik-00-02|st-card-kkr-05-seik-00-03,2,kkr|koh,9445,260,TEXTURE,PROVISIONAL_PASS_A,Pass-A default for card stories; escalate when they change a stable character/relationship/theme model.,character-specific micro-development / ordinary-life or professional texture,NO,,,,NO,,NO,UNASSESSED,UNASSESSED,CATALOGUED_PASS_A,IP-V2-SNAPSHOT-2026-08-13-A,idoly-ingest/04_cards/by_character/kkr/card_kkr_016_st-card-kkr-05-seik-00.md
card_kkr_017_st-card-kkr-05-snro-00,GAME_BUNDLE,cards,マネージャー さん、 おねがい♪,cards,,kkr,,st-card-kkr-05-snro-00,1,1,3,st-card-kkr-05-snro-00-01|st-card-kkr-05-snro-00-02|st-card-kkr-05-snro-00-03,2,kkr|koh,10379,261,TEXTURE,PROVISIONAL_PASS_A,Pass-A default for card stories; escalate when they change a stable character/relationship/theme model.,character-specific micro-development / ordinary-life or professional texture,NO,,,,NO,,NO,UNASSESSED,UNASSESSED,CATALOGUED_PASS_A,IP-V2-SNAPSHOT-2026-08-13-A,idoly-ingest/04_cards/by_character/kkr/card_kkr_017_st-card-kkr-05-snro-00.md
card_kkr_018_st-card-kkr-05-trbl-00,GAME_BUNDLE,cards,邪な視線を 察知っ！,cards,,kkr,,st-card-kkr-05-trbl-00,1,1,3,st-card-kkr-05-trbl-00-01|st-card-kkr-05-trbl-00-02|st-card-kkr-05-trbl-00-03,2,kkr|koh,9963,256,TEXTURE,PROVISIONAL_PASS_A,Pass-A default for card stories; escalate when they change a stable character/relationship/theme model.,character-specific micro-development / ordinary-life or professional texture,NO,,,,NO,,NO,UNASSESSED,UNASSESSED,CATALOGUED_PASS_A,IP-V2-SNAPSHOT-2026-08-13-A,idoly-ingest/04_cards/by_character/kkr/card_kkr_018_st-card-kkr-05-trbl-00.md
card_kkr_019_st-card-kkr-05-vlnt-00,GAME_BUNDLE,cards,零れる弱音,cards,,kkr,,st-card-kkr-05-vlnt-00,1,1,3,st-card-kkr-05-vlnt-00-01|st-card-kkr-05-vlnt-00-02|st-card-kkr-05-vlnt-00-03,2,kkr|koh,9633,268,TEXTURE,PROVISIONAL_PASS_A,Pass-A default for card stories; escalate when they change a stable character/relationship/theme model.,character-specific micro-development / ordinary-life or professional texture,NO,,,,NO,,NO,UNASSESSED,UNASSESSED,CATALOGUED_PASS_A,IP-V2-SNAPSHOT-2026-08-13-A,idoly-ingest/04_cards/by_character/kkr/card_kkr_019_st-card-kkr-05-vlnt-00.md
card_kor_001_st-card-kor-05-birt-00,GAME_BUNDLE,cards,クソガキに 鉄槌を,cards,,kor,,st-card-kor-05-birt-00,1,1,3,st-card-kor-05-birt-00-01|st-card-kor-05-birt-00-02|st-card-kor-05-birt-00-03,4,0|hrk|kor|suz,9792,285,TEXTURE,PROVISIONAL_PASS_A,Pass-A default for card stories; escalate when they change a stable character/relationship/theme model.,character-specific micro-development / ordinary-life or professional texture,NO,,,,NO,,NO,UNASSESSED,UNASSESSED,CATALOGUED_PASS_A,IP-V2-SNAPSHOT-2026-08-13-A,idoly-ingest/04_cards/by_character/kor/card_kor_001_st-card-kor-05-birt-00.md
card_kor_002_st-card-kor-05-birt-01,GAME_BUNDLE,cards,慰安旅行 in沖縄,cards,,kor,,st-card-kor-05-birt-01,1,1,3,st-card-kor-05-birt-01-01|st-card-kor-05-birt-01-02|st-card-kor-05-birt-01-03,6,aoi|koh|kor|mei|ngs|rio,7419,197,TEXTURE,PROVISIONAL_PASS_A,Pass-A default for card stories; escalate when they change a stable character/relationship/theme model.,character-specific micro-development / ordinary-life or professional texture,NO,,,,NO,,NO,UNASSESSED,UNASSESSED,CATALOGUED_PASS_A,IP-V2-SNAPSHOT-2026-08-13-A,idoly-ingest/04_cards/by_character/kor/card_kor_002_st-card-kor-05-birt-01.md
card_kor_003_st-card-kor-05-birt-02,GAME_BUNDLE,cards,なんで 莉央が 不機嫌に,cards,,kor,,st-card-kor-05-birt-02,1,1,3,st-card-kor-05-birt-02-01|st-card-kor-05-birt-02-02|st-card-kor-05-birt-02-03,4,kan|kor|ngs|rio,5060,136,TEXTURE,PROVISIONAL_PASS_A,Pass-A default for card stories; escalate when they change a stable character/relationship/theme model.,character-specific micro-development / ordinary-life or professional texture,NO,,,,NO,,NO,UNASSESSED,UNASSESSED,CATALOGUED_PASS_A,IP-V2-SNAPSHOT-2026-08-13-A,idoly-ingest/04_cards/by_character/kor/card_kor_003_st-card-kor-05-birt-02.md
card_kor_004_st-card-kor-05-buny-00,GAME_BUNDLE,cards,嘘、嘘でしょ ……！？,cards,,kor,,st-card-kor-05-buny-00,1,1,3,st-card-kor-05-buny-00-01|st-card-kor-05-buny-00-02|st-card-kor-05-buny-00-03,2,koh|kor,9562,258,TEXTURE,PROVISIONAL_PASS_A,Pass-A default for card stories; escalate when they change a stable character/relationship/theme model.,character-specific micro-development / ordinary-life or professional texture,NO,,,,NO,,NO,UNASSESSED,UNASSESSED,CATALOGUED_PASS_A,IP-V2-SNAPSHOT-2026-08-13-A,idoly-ingest/04_cards/by_character/kor/card_kor_004_st-card-kor-05-buny-00.md
card_kor_005_st-card-kor-05-fest-02,GAME_BUNDLE,cards,契約取れない で終わる！！,cards,,kor,,st-card-kor-05-fest-02,1,1,3,st-card-kor-05-fest-02-01|st-card-kor-05-fest-02-02|st-card-kor-05-fest-02-03,2,koh|kor,9951,255,TEXTURE,PROVISIONAL_PASS_A,Pass-A default for card stories; escalate when they change a stable character/relationship/theme model.,character-specific micro-development / ordinary-life or professional texture,NO,,,,NO,,NO,UNASSESSED,UNASSESSED,CATALOGUED_PASS_A,IP-V2-SNAPSHOT-2026-08-13-A,idoly-ingest/04_cards/by_character/kor/card_kor_005_st-card-kor-05-fest-02.md
card_kor_006_st-card-kor-05-idol-00,GAME_BUNDLE,cards,お金を 稼ぎたい,cards,,kor,,st-card-kor-05-idol-00,1,1,3,st-card-kor-05-idol-00-01|st-card-kor-05-idol-00-02|st-card-kor-05-idol-00-03,2,koh|kor,9979,267,TEXTURE,PROVISIONAL_PASS_A,Pass-A default for card stories; escalate when they change a stable character/relationship/theme model.,character-specific micro-development / ordinary-life or professional texture,NO,,,,NO,,NO,UNASSESSED,UNASSESSED,CATALOGUED_PASS_A,IP-V2-SNAPSHOT-2026-08-13-A,idoly-ingest/04_cards/by_character/kor/card_kor_006_st-card-kor-05-idol-00.md
card_kor_007_st-card-kor-05-idol-03,GAME_BUNDLE,cards,franの 興味,cards,,kor,,st-card-kor-05-idol-03,1,1,3,st-card-kor-05-idol-03-01|st-card-kor-05-idol-03-02|st-card-kor-05-idol-03-03,2,koh|kor,10307,278,TEXTURE,PROVISIONAL_PASS_A,Pass-A default for card stories; escalate when they change a stable character/relationship/theme model.,character-specific micro-development / ordinary-life or professional texture,NO,,,,NO,,NO,UNASSESSED,UNASSESSED,CATALOGUED_PASS_A,IP-V2-SNAPSHOT-2026-08-13-A,idoly-ingest/04_cards/by_character/kor/card_kor_007_st-card-kor-05-idol-03.md
card_kor_008_st-card-kor-05-mizg-01,GAME_BUNDLE,cards,そうなん ですか？,cards,,kor,,st-card-kor-05-mizg-01,1,1,3,st-card-kor-05-mizg-01-01|st-card-kor-05-mizg-01-02|st-card-kor-05-mizg-01-03,2,koh|kor,9382,258,TEXTURE,PROVISIONAL_PASS_A,Pass-A default for card stories; escalate when they change a stable character/relationship/theme model.,character-specific micro-development / ordinary-life or professional texture,NO,,,,NO,,NO,UNASSESSED,UNASSESSED,CATALOGUED_PASS_A,IP-V2-SNAPSHOT-2026-08-13-A,idoly-ingest/04_cards/by_character/kor/card_kor_008_st-card-kor-05-mizg-01.md
card_kor_009_st-card-kor-05-mizg-02,GAME_BUNDLE,cards,優雅な休憩も 必要,cards,,kor,,st-card-kor-05-mizg-02,1,1,3,st-card-kor-05-mizg-02-01|st-card-kor-05-mizg-02-02|st-card-kor-05-mizg-02-03,2,koh|kor,9571,255,TEXTURE,PROVISIONAL_PASS_A,Pass-A default for card stories; escalate when they change a stable character/relationship/theme model.,character-specific micro-development / ordinary-life or professional texture,NO,,,,NO,,NO,UNASSESSED,UNASSESSED,CATALOGUED_PASS_A,IP-V2-SNAPSHOT-2026-08-13-A,idoly-ingest/04_cards/by_character/kor/card_kor_009_st-card-kor-05-mizg-02.md
card_kor_010_st-card-kor-05-newy-00,GAME_BUNDLE,cards,う、うーん ……ぐぅ……,cards,,kor,,st-card-kor-05-newy-00,1,1,3,st-card-kor-05-newy-00-01|st-card-kor-05-newy-00-02|st-card-kor-05-newy-00-03,2,koh|kor,10872,267,TEXTURE,PROVISIONAL_PASS_A,Pass-A default for card stories; escalate when they change a stable character/relationship/theme model.,character-specific micro-development / ordinary-life or professional texture,NO,,,,NO,,NO,UNASSESSED,UNASSESSED,CATALOGUED_PASS_A,IP-V2-SNAPSHOT-2026-08-13-A,idoly-ingest/04_cards/by_character/kor/card_kor_010_st-card-kor-05-newy-00.md
card_kor_011_st-card-kor-05-nurs-00,GAME_BUNDLE,cards,私が ネクロ！？,cards,,kor,,st-card-kor-05-nurs-00,1,1,3,st-card-kor-05-nurs-00-01|st-card-kor-05-nurs-00-02|st-card-kor-05-nurs-00-03,2,koh|kor,9888,246,TEXTURE,PROVISIONAL_PASS_A,Pass-A default for card stories; escalate when they change a stable character/relationship/theme model.,character-specific micro-development / ordinary-life or professional texture,NO,,,,NO,,NO,UNASSESSED,UNASSESSED,CATALOGUED_PASS_A,IP-V2-SNAPSHOT-2026-08-13-A,idoly-ingest/04_cards/by_character/kor/card_kor_011_st-card-kor-05-nurs-00.md
card_kor_012_st-card-kor-05-poli-00,GAME_BUNDLE,cards,この旅館 なんですか？,cards,,kor,,st-card-kor-05-poli-00,1,1,3,st-card-kor-05-poli-00-01|st-card-kor-05-poli-00-02|st-card-kor-05-poli-00-03,2,koh|kor,8597,242,TEXTURE,PROVISIONAL_PASS_A,Pass-A default for card stories; escalate when they change a stable character/relationship/theme model.,character-specific micro-development / ordinary-life or professional texture,NO,,,,NO,,NO,UNASSESSED,UNASSESSED,CATALOGUED_PASS_A,IP-V2-SNAPSHOT-2026-08-13-A,idoly-ingest/04_cards/by_character/kor/card_kor_012_st-card-kor-05-poli-00.md
card_kor_013_st-card-kor-05-xmas-00,GAME_BUNDLE,cards,ああ、お金が ほしいわ,cards,,kor,,st-card-kor-05-xmas-00,1,1,3,st-card-kor-05-xmas-00-01|st-card-kor-05-xmas-00-02|st-card-kor-05-xmas-00-03,2,koh|kor,9202,249,TEXTURE,PROVISIONAL_PASS_A,Pass-A default for card stories; escalate when they change a stable character/relationship/theme model.,character-specific micro-development / ordinary-life or professional texture,NO,,,,NO,,NO,UNASSESSED,UNASSESSED,CATALOGUED_PASS_A,IP-V2-SNAPSHOT-2026-08-13-A,idoly-ingest/04_cards/by_character/kor/card_kor_013_st-card-kor-05-xmas-00.md
card_ktn_001_st-card-ktn-05-birt-00,GAME_BUNDLE,cards,サプライズ・ サンタ計画,cards,,ktn,,st-card-ktn-05-birt-00,1,1,3,st-card-ktn-05-birt-00-01|st-card-ktn-05-birt-00-02|st-card-ktn-05-birt-00-03,3,kkr|ktn|skr,8974,270,TEXTURE,PROVISIONAL_PASS_A,Pass-A default for card stories; escalate when they change a stable character/relationship/theme model.,character-specific micro-development / ordinary-life or professional texture,NO,,,,NO,,NO,UNASSESSED,UNASSESSED,CATALOGUED_PASS_A,IP-V2-SNAPSHOT-2026-08-13-A,idoly-ingest/04_cards/by_character/ktn/card_ktn_001_st-card-ktn-05-birt-00.md
card_ktn_002_st-card-ktn-05-birt-01,GAME_BUNDLE,cards,慰安旅行 in山梨,cards,,ktn,,st-card-ktn-05-birt-01,1,1,3,st-card-ktn-05-birt-01-01|st-card-ktn-05-birt-01-02|st-card-ktn-05-birt-01-03,6,ai|hrk|kkr|koh|ktn|mhk,6736,183,TEXTURE,PROVISIONAL_PASS_A,Pass-A default for card stories; escalate when they change a stable character/relationship/theme model.,character-specific micro-development / ordinary-life or professional texture,NO,,,,NO,,NO,UNASSESSED,UNASSESSED,CATALOGUED_PASS_A,IP-V2-SNAPSHOT-2026-08-13-A,idoly-ingest/04_cards/by_character/ktn/card_ktn_002_st-card-ktn-05-birt-01.md
card_ktn_003_st-card-ktn-05-birt-02,GAME_BUNDLE,cards,メリー クリスマス、 渚,cards,,ktn,,st-card-ktn-05-birt-02,1,1,3,st-card-ktn-05-birt-02-01|st-card-ktn-05-birt-02-02|st-card-ktn-05-birt-02-03,4,ktn|ngs|rio|smr,4692,129,TEXTURE,PROVISIONAL_PASS_A,Pass-A default for card stories; escalate when they change a stable character/relationship/theme model.,character-specific micro-development / ordinary-life or professional texture,NO,,,,NO,,NO,UNASSESSED,UNASSESSED,CATALOGUED_PASS_A,IP-V2-SNAPSHOT-2026-08-13-A,idoly-ingest/04_cards/by_character/ktn/card_ktn_003_st-card-ktn-05-birt-02.md
card_ktn_004_st-card-ktn-05-circ-00,GAME_BUNDLE,cards,新しい扉,cards,,ktn,,st-card-ktn-05-circ-00,1,1,3,st-card-ktn-05-circ-00-01|st-card-ktn-05-circ-00-02|st-card-ktn-05-circ-00-03,2,koh|ktn,8495,237,TEXTURE,PROVISIONAL_PASS_A,Pass-A default for card stories; escalate when they change a stable character/relationship/theme model.,character-specific micro-development / ordinary-life or professional texture,NO,,,,NO,,NO,UNASSESSED,UNASSESSED,CATALOGUED_PASS_A,IP-V2-SNAPSHOT-2026-08-13-A,idoly-ingest/04_cards/by_character/ktn/card_ktn_004_st-card-ktn-05-circ-00.md
card_ktn_005_st-card-ktn-05-fest-00,GAME_BUNDLE,cards,懐古と焦燥,cards,,ktn,,st-card-ktn-05-fest-00,1,1,3,st-card-ktn-05-fest-00-01|st-card-ktn-05-fest-00-02|st-card-ktn-05-fest-00-03,2,koh|ktn,8700,250,TEXTURE,PROVISIONAL_PASS_A,Pass-A default for card stories; escalate when they change a stable character/relationship/theme model.,character-specific micro-development / ordinary-life or professional texture,NO,,,,NO,,NO,UNASSESSED,UNASSESSED,CATALOGUED_PASS_A,IP-V2-SNAPSHOT-2026-08-13-A,idoly-ingest/04_cards/by_character/ktn/card_ktn_005_st-card-ktn-05-fest-00.md
card_ktn_006_st-card-ktn-05-fest-01,GAME_BUNDLE,cards,どんな想いも 燃料に,cards,,ktn,,st-card-ktn-05-fest-01,1,1,3,st-card-ktn-05-fest-01-01|st-card-ktn-05-fest-01-02|st-card-ktn-05-fest-01-03,2,koh|ktn,8800,240,TEXTURE,PROVISIONAL_PASS_A,Pass-A default for card stories; escalate when they change a stable character/relationship/theme model.,character-specific micro-development / ordinary-life or professional texture,NO,,,,NO,,NO,UNASSESSED,UNASSESSED,CATALOGUED_PASS_A,IP-V2-SNAPSHOT-2026-08-13-A,idoly-ingest/04_cards/by_character/ktn/card_ktn_006_st-card-ktn-05-fest-01.md
card_ktn_007_st-card-ktn-05-fest-02,GAME_BUNDLE,cards,想いに 応えたい,cards,,ktn,,st-card-ktn-05-fest-02,1,1,3,st-card-ktn-05-fest-02-01|st-card-ktn-05-fest-02-02|st-card-ktn-05-fest-02-03,2,koh|ktn,9597,252,TEXTURE,PROVISIONAL_PASS_A,Pass-A default for card stories; escalate when they change a stable character/relationship/theme model.,character-specific micro-development / ordinary-life or professional texture,NO,,,,NO,,NO,UNASSESSED,UNASSESSED,CATALOGUED_PASS_A,IP-V2-SNAPSHOT-2026-08-13-A,idoly-ingest/04_cards/by_character/ktn/card_ktn_007_st-card-ktn-05-fest-02.md
card_ktn_008_st-card-ktn-05-idol-00,GAME_BUNDLE,cards,焦りは禁物,cards,,ktn,,st-card-ktn-05-idol-00,1,1,3,st-card-ktn-05-idol-00-01|st-card-ktn-05-idol-00-02|st-card-ktn-05-idol-00-03,2,koh|ktn,8084,238,TEXTURE,PROVISIONAL_PASS_A,Pass-A default for card stories; escalate when they change a stable character/relationship/theme model.,character-specific micro-development / ordinary-life or professional texture,NO,,,,NO,,NO,UNASSESSED,UNASSESSED,CATALOGUED_PASS_A,IP-V2-SNAPSHOT-2026-08-13-A,idoly-ingest/04_cards/by_character/ktn/card_ktn_008_st-card-ktn-05-idol-00.md
card_ktn_009_st-card-ktn-05-kiok-00,GAME_BUNDLE,cards,ゲストには あの人を,cards,,ktn,,st-card-ktn-05-kiok-00,1,1,3,st-card-ktn-05-kiok-00-01|st-card-ktn-05-kiok-00-02|st-card-ktn-05-kiok-00-03,2,koh|ktn,8724,238,TEXTURE,PROVISIONAL_PASS_A,Pass-A default for card stories; escalate when they change a stable character/relationship/theme model.,character-specific micro-development / ordinary-life or professional texture,NO,,,,NO,,NO,UNASSESSED,UNASSESSED,CATALOGUED_PASS_A,IP-V2-SNAPSHOT-2026-08-13-A,idoly-ingest/04_cards/by_character/ktn/card_ktn_009_st-card-ktn-05-kiok-00.md
card_ktn_010_st-card-ktn-05-mizg-01,GAME_BUNDLE,cards,恥ずかしいです,cards,,ktn,,st-card-ktn-05-mizg-01,1,1,3,st-card-ktn-05-mizg-01-01|st-card-ktn-05-mizg-01-02|st-card-ktn-05-mizg-01-03,2,koh|ktn,6939,196,TEXTURE,PROVISIONAL_PASS_A,Pass-A default for card stories; escalate when they change a stable character/relationship/theme model.,character-specific micro-development / ordinary-life or professional texture,NO,,,,NO,,NO,UNASSESSED,UNASSESSED,CATALOGUED_PASS_A,IP-V2-SNAPSHOT-2026-08-13-A,idoly-ingest/04_cards/by_character/ktn/card_ktn_010_st-card-ktn-05-mizg-01.md
card_ktn_011_st-card-ktn-05-mizg-03,GAME_BUNDLE,cards,今度は 水上バイク かぁ,cards,,ktn,,st-card-ktn-05-mizg-03,1,1,3,st-card-ktn-05-mizg-03-01|st-card-ktn-05-mizg-03-02|st-card-ktn-05-mizg-03-03,2,koh|ktn,10046,266,TEXTURE,PROVISIONAL_PASS_A,Pass-A default for card stories; escalate when they change a stable character/relationship/theme model.,character-specific micro-development / ordinary-life or professional texture,NO,,,,NO,,NO,UNASSESSED,UNASSESSED,CATALOGUED_PASS_A,IP-V2-SNAPSHOT-2026-08-13-A,idoly-ingest/04_cards/by_character/ktn/card_ktn_011_st-card-ktn-05-mizg-03.md
card_ktn_012_st-card-ktn-05-mnab-00,GAME_BUNDLE,cards,思い出の プレゼント,cards,,ktn,,st-card-ktn-05-mnab-00,1,1,3,st-card-ktn-05-mnab-00-01|st-card-ktn-05-mnab-00-02|st-card-ktn-05-mnab-00-03,2,koh|ktn,9151,242,TEXTURE,PROVISIONAL_PASS_A,Pass-A default for card stories; escalate when they change a stable character/relationship/theme model.,character-specific micro-development / ordinary-life or professional texture,NO,,,,NO,,NO,UNASSESSED,UNASSESSED,CATALOGUED_PASS_A,IP-V2-SNAPSHOT-2026-08-13-A,idoly-ingest/04_cards/by_character/ktn/card_ktn_012_st-card-ktn-05-mnab-00.md
card_ktn_013_st-card-ktn-05-msic-00,GAME_BUNDLE,cards,ど、努力 します,cards,,ktn,,st-card-ktn-05-msic-00,1,1,3,st-card-ktn-05-msic-00-01|st-card-ktn-05-msic-00-02|st-card-ktn-05-msic-00-03,2,koh|ktn,9444,244,TEXTURE,PROVISIONAL_PASS_A,Pass-A default for card stories; escalate when they change a stable character/relationship/theme model.,character-specific micro-development / ordinary-life or professional texture,NO,,,,NO,,NO,UNASSESSED,UNASSESSED,CATALOGUED_PASS_A,IP-V2-SNAPSHOT-2026-08-13-A,idoly-ingest/04_cards/by_character/ktn/card_ktn_013_st-card-ktn-05-msic-00.md
card_ktn_014_st-card-ktn-05-newy-00,GAME_BUNDLE,cards,言いそびれ ちゃった,cards,,ktn,,st-card-ktn-05-newy-00,1,1,3,st-card-ktn-05-newy-00-01|st-card-ktn-05-newy-00-02|st-card-ktn-05-newy-00-03,2,koh|ktn,8470,233,TEXTURE,PROVISIONAL_PASS_A,Pass-A default for card stories; escalate when they change a stable character/relationship/theme model.,character-specific micro-development / ordinary-life or professional texture,NO,,,,NO,,NO,UNASSESSED,UNASSESSED,CATALOGUED_PASS_A,IP-V2-SNAPSHOT-2026-08-13-A,idoly-ingest/04_cards/by_character/ktn/card_ktn_014_st-card-ktn-05-newy-00.md
card_ktn_015_st-card-ktn-05-poli-00,GAME_BUNDLE,cards,絶対に 見返して みせます,cards,,ktn,,st-card-ktn-05-poli-00,1,1,3,st-card-ktn-05-poli-00-01|st-card-ktn-05-poli-00-02|st-card-ktn-05-poli-00-03,2,koh|ktn,9705,256,TEXTURE,PROVISIONAL_PASS_A,Pass-A default for card stories; escalate when they change a stable character/relationship/theme model.,character-specific micro-development / ordinary-life or professional texture,NO,,,,NO,,NO,UNASSESSED,UNASSESSED,CATALOGUED_PASS_A,IP-V2-SNAPSHOT-2026-08-13-A,idoly-ingest/04_cards/by_character/ktn/card_ktn_015_st-card-ktn-05-poli-00.md
card_ktn_016_st-card-ktn-05-wedd-00,GAME_BUNDLE,cards,気付いてほしい,cards,,ktn,,st-card-ktn-05-wedd-00,1,1,3,st-card-ktn-05-wedd-00-01|st-card-ktn-05-wedd-00-02|st-card-ktn-05-wedd-00-03,2,koh|ktn,8246,234,TEXTURE,PROVISIONAL_PASS_A,Pass-A default for card stories; escalate when they change a stable character/relationship/theme model.,character-specific micro-development / ordinary-life or professional texture,NO,,,,NO,,NO,UNASSESSED,UNASSESSED,CATALOGUED_PASS_A,IP-V2-SNAPSHOT-2026-08-13-A,idoly-ingest/04_cards/by_character/ktn/card_ktn_016_st-card-ktn-05-wedd-00.md
card_ktn_017_st-card-ktn-05-yukt-00,GAME_BUNDLE,cards,どーん どーん,cards,,ktn,,st-card-ktn-05-yukt-00,1,1,3,st-card-ktn-05-yukt-00-01|st-card-ktn-05-yukt-00-02|st-card-ktn-05-yukt-00-03,2,koh|ktn,10047,255,TEXTURE,PROVISIONAL_PASS_A,Pass-A default for card stories; escalate when they change a stable character/relationship/theme model.,character-specific micro-development / ordinary-life or professional texture,NO,,,,NO,,NO,UNASSESSED,UNASSESSED,CATALOGUED_PASS_A,IP-V2-SNAPSHOT-2026-08-13-A,idoly-ingest/04_cards/by_character/ktn/card_ktn_017_st-card-ktn-05-yukt-00.md
card_mei_001_st-card-mei-05-birt-00,GAME_BUNDLE,cards,夢のような 企画,cards,,mei,,st-card-mei-05-birt-00,1,1,3,st-card-mei-05-birt-00-01|st-card-mei-05-birt-00-02|st-card-mei-05-birt-00-03,3,mei|ngs|smr,8888,283,TEXTURE,PROVISIONAL_PASS_A,Pass-A default for card stories; escalate when they change a stable character/relationship/theme model.,character-specific micro-development / ordinary-life or professional texture,NO,,,,NO,,NO,UNASSESSED,UNASSESSED,CATALOGUED_PASS_A,IP-V2-SNAPSHOT-2026-08-13-A,idoly-ingest/04_cards/by_character/mei/card_mei_001_st-card-mei-05-birt-00.md
card_mei_002_st-card-mei-05-birt-01,GAME_BUNDLE,cards,慰安旅行 in沖縄,cards,,mei,,st-card-mei-05-birt-01,1,1,3,st-card-mei-05-birt-01-01|st-card-mei-05-birt-01-02|st-card-mei-05-birt-01-03,6,aoi|koh|kor|mei|ngs|rio,6795,184,TEXTURE,PROVISIONAL_PASS_A,Pass-A default for card stories; escalate when they change a stable character/relationship/theme model.,character-specific micro-development / ordinary-life or professional texture,NO,,,,NO,,NO,UNASSESSED,UNASSESSED,CATALOGUED_PASS_A,IP-V2-SNAPSHOT-2026-08-13-A,idoly-ingest/04_cards/by_character/mei/card_mei_002_st-card-mei-05-birt-01.md
card_mei_003_st-card-mei-05-birt-02,GAME_BUNDLE,cards,はっぴー ばーすでー だにゃ,cards,,mei,,st-card-mei-05-birt-02,1,1,3,st-card-mei-05-birt-02-01|st-card-mei-05-birt-02-02|st-card-mei-05-birt-02-03,4,mei|mhk|rui|suz,5031,130,TEXTURE,PROVISIONAL_PASS_A,Pass-A default for card stories; escalate when they change a stable character/relationship/theme model.,character-specific micro-development / ordinary-life or professional texture,NO,,,,NO,,NO,UNASSESSED,UNASSESSED,CATALOGUED_PASS_A,IP-V2-SNAPSHOT-2026-08-13-A,idoly-ingest/04_cards/by_character/mei/card_mei_003_st-card-mei-05-birt-02.md
card_mei_004_st-card-mei-05-birt-03,GAME_BUNDLE,cards,にゃん がとう！,cards,,mei,,st-card-mei-05-birt-03,1,1,3,st-card-mei-05-birt-03-01|st-card-mei-05-birt-03-02|st-card-mei-05-birt-03-03,4,aoi|mei|rei|szk,4291,124,TEXTURE,PROVISIONAL_PASS_A,Pass-A default for card stories; escalate when they change a stable character/relationship/theme model.,character-specific micro-development / ordinary-life or professional texture,NO,,,,NO,,NO,UNASSESSED,UNASSESSED,CATALOGUED_PASS_A,IP-V2-SNAPSHOT-2026-08-13-A,idoly-ingest/04_cards/by_character/mei/card_mei_004_st-card-mei-05-birt-03.md
card_mei_005_st-card-mei-05-casl-02,GAME_BUNDLE,cards,恋する少女、早坂芽衣,cards,,mei,,st-card-mei-05-casl-02,1,1,3,st-card-mei-05-casl-02-01|st-card-mei-05-casl-02-02|st-card-mei-05-casl-02-03,2,koh|mei,10163,273,TEXTURE,PROVISIONAL_PASS_A,Pass-A default for card stories; escalate when they change a stable character/relationship/theme model.,character-specific micro-development / ordinary-life or professional texture,NO,,,,NO,,NO,UNASSESSED,UNASSESSED,CATALOGUED_PASS_A,IP-V2-SNAPSHOT-2026-08-13-A,idoly-ingest/04_cards/by_character/mei/card_mei_005_st-card-mei-05-casl-02.md
card_mei_006_st-card-mei-05-fest-00,GAME_BUNDLE,cards,仲間から刺激を受けて,cards,,mei,,st-card-mei-05-fest-00,1,1,3,st-card-mei-05-fest-00-01|st-card-mei-05-fest-00-02|st-card-mei-05-fest-00-03,2,koh|mei,8117,231,TEXTURE,PROVISIONAL_PASS_A,Pass-A default for card stories; escalate when they change a stable character/relationship/theme model.,character-specific micro-development / ordinary-life or professional texture,NO,,,,NO,,NO,UNASSESSED,UNASSESSED,CATALOGUED_PASS_A,IP-V2-SNAPSHOT-2026-08-13-A,idoly-ingest/04_cards/by_character/mei/card_mei_006_st-card-mei-05-fest-00.md
card_mei_007_st-card-mei-05-fest-02,GAME_BUNDLE,cards,アイドルの お手本に,cards,,mei,,st-card-mei-05-fest-02,1,1,3,st-card-mei-05-fest-02-01|st-card-mei-05-fest-02-02|st-card-mei-05-fest-02-03,2,koh|mei,9291,255,TEXTURE,PROVISIONAL_PASS_A,Pass-A default for card stories; escalate when they change a stable character/relationship/theme model.,character-specific micro-development / ordinary-life or professional texture,NO,,,,NO,,NO,UNASSESSED,UNASSESSED,CATALOGUED_PASS_A,IP-V2-SNAPSHOT-2026-08-13-A,idoly-ingest/04_cards/by_character/mei/card_mei_007_st-card-mei-05-fest-02.md
card_mei_008_st-card-mei-05-hruh-00,GAME_BUNDLE,cards,今の芽衣とは 違う芽衣,cards,,mei,,st-card-mei-05-hruh-00,1,1,3,st-card-mei-05-hruh-00-01|st-card-mei-05-hruh-00-02|st-card-mei-05-hruh-00-03,6,koh|mei|mei2|mei3|mei4|mei5,10176,265,TEXTURE,PROVISIONAL_PASS_A,Pass-A default for card stories; escalate when they change a stable character/relationship/theme model.,character-specific micro-development / ordinary-life or professional texture,NO,,,,NO,,NO,UNASSESSED,UNASSESSED,CATALOGUED_PASS_A,IP-V2-SNAPSHOT-2026-08-13-A,idoly-ingest/04_cards/by_character/mei/card_mei_008_st-card-mei-05-hruh-00.md
card_mei_009_st-card-mei-05-idol-00,GAME_BUNDLE,cards,芽衣の ポテンシャル,cards,,mei,,st-card-mei-05-idol-00,1,1,3,st-card-mei-05-idol-00-01|st-card-mei-05-idol-00-02|st-card-mei-05-idol-00-03,3,camera|koh|mei,7622,226,TEXTURE,PROVISIONAL_PASS_A,Pass-A default for card stories; escalate when they change a stable character/relationship/theme model.,character-specific micro-development / ordinary-life or professional texture,NO,,,,NO,,NO,UNASSESSED,UNASSESSED,CATALOGUED_PASS_A,IP-V2-SNAPSHOT-2026-08-13-A,idoly-ingest/04_cards/by_character/mei/card_mei_009_st-card-mei-05-idol-00.md
card_mei_010_st-card-mei-05-miku-05,GAME_BUNDLE,cards,プールを 遊び尽くす よ～！！,cards,,mei,,st-card-mei-05-miku-05,1,1,3,st-card-mei-05-miku-05-01|st-card-mei-05-miku-05-02|st-card-mei-05-miku-05-03,2,koh|mei,9141,256,TEXTURE,PROVISIONAL_PASS_A,Pass-A default for card stories; escalate when they change a stable character/relationship/theme model.,character-specific micro-development / ordinary-life or professional texture,NO,,,,NO,,NO,UNASSESSED,UNASSESSED,CATALOGUED_PASS_A,IP-V2-SNAPSHOT-2026-08-13-A,idoly-ingest/04_cards/by_character/mei/card_mei_010_st-card-mei-05-miku-05.md
card_mei_011_st-card-mei-05-mizg-01,GAME_BUNDLE,cards,ライブ前のひと時,cards,,mei,,st-card-mei-05-mizg-01,1,1,3,st-card-mei-05-mizg-01-01|st-card-mei-05-mizg-01-02|st-card-mei-05-mizg-01-03,2,koh|mei,7088,217,TEXTURE,PROVISIONAL_PASS_A,Pass-A default for card stories; escalate when they change a stable character/relationship/theme model.,character-specific micro-development / ordinary-life or professional texture,NO,,,,NO,,NO,UNASSESSED,UNASSESSED,CATALOGUED_PASS_A,IP-V2-SNAPSHOT-2026-08-13-A,idoly-ingest/04_cards/by_character/mei/card_mei_011_st-card-mei-05-mizg-01.md
card_mei_012_st-card-mei-05-mizg-02,GAME_BUNDLE,cards,セクシーな アレンジ,cards,,mei,,st-card-mei-05-mizg-02,1,1,3,st-card-mei-05-mizg-02-01|st-card-mei-05-mizg-02-02|st-card-mei-05-mizg-02-03,2,koh|mei,7679,222,TEXTURE,PROVISIONAL_PASS_A,Pass-A default for card stories; escalate when they change a stable character/relationship/theme model.,character-specific micro-development / ordinary-life or professional texture,NO,,,,NO,,NO,UNASSESSED,UNASSESSED,CATALOGUED_PASS_A,IP-V2-SNAPSHOT-2026-08-13-A,idoly-ingest/04_cards/by_character/mei/card_mei_012_st-card-mei-05-mizg-02.md
card_mei_013_st-card-mei-05-pair-00,GAME_BUNDLE,cards,すっごい 嬉しい ニュース,cards,,mei,,st-card-mei-05-pair-00,1,1,3,st-card-mei-05-pair-00-01|st-card-mei-05-pair-00-02|st-card-mei-05-pair-00-03,2,koh|mei,8544,243,TEXTURE,PROVISIONAL_PASS_A,Pass-A default for card stories; escalate when they change a stable character/relationship/theme model.,character-specific micro-development / ordinary-life or professional texture,NO,,,,NO,,NO,UNASSESSED,UNASSESSED,CATALOGUED_PASS_A,IP-V2-SNAPSHOT-2026-08-13-A,idoly-ingest/04_cards/by_character/mei/card_mei_013_st-card-mei-05-pair-00.md
card_mei_014_st-card-mei-05-rock-00,GAME_BUNDLE,cards,楽しく踊ってる方がいい,cards,,mei,,st-card-mei-05-rock-00,1,1,3,st-card-mei-05-rock-00-01|st-card-mei-05-rock-00-02|st-card-mei-05-rock-00-03,2,koh|mei,8052,234,TEXTURE,PROVISIONAL_PASS_A,Pass-A default for card stories; escalate when they change a stable character/relationship/theme model.,character-specific micro-development / ordinary-life or professional texture,NO,,,,NO,,NO,UNASSESSED,UNASSESSED,CATALOGUED_PASS_A,IP-V2-SNAPSHOT-2026-08-13-A,idoly-ingest/04_cards/by_character/mei/card_mei_014_st-card-mei-05-rock-00.md
card_mei_015_st-card-mei-05-vlnt-00,GAME_BUNDLE,cards,面白いよね、 『本命 チョコ』,cards,,mei,,st-card-mei-05-vlnt-00,1,1,3,st-card-mei-05-vlnt-00-01|st-card-mei-05-vlnt-00-02|st-card-mei-05-vlnt-00-03,2,koh|mei,9103,244,TEXTURE,PROVISIONAL_PASS_A,Pass-A default for card stories; escalate when they change a stable character/relationship/theme model.,character-specific micro-development / ordinary-life or professional texture,NO,,,,NO,,NO,UNASSESSED,UNASSESSED,CATALOGUED_PASS_A,IP-V2-SNAPSHOT-2026-08-13-A,idoly-ingest/04_cards/by_character/mei/card_mei_015_st-card-mei-05-vlnt-00.md
card_mei_016_st-card-mei-05-wdnc-00,GAME_BUNDLE,cards,どっかーー ーーん,cards,,mei,,st-card-mei-05-wdnc-00,1,1,3,st-card-mei-05-wdnc-00-01|st-card-mei-05-wdnc-00-02|st-card-mei-05-wdnc-00-03,2,koh|mei,10576,263,TEXTURE,PROVISIONAL_PASS_A,Pass-A default for card stories; escalate when they change a stable character/relationship/theme model.,character-specific micro-development / ordinary-life or professional texture,NO,,,,NO,,NO,UNASSESSED,UNASSESSED,CATALOGUED_PASS_A,IP-V2-SNAPSHOT-2026-08-13-A,idoly-ingest/04_cards/by_character/mei/card_mei_016_st-card-mei-05-wdnc-00.md
card_mei_017_st-card-mei-05-wedd-00,GAME_BUNDLE,cards,水が垂れてる いい男？,cards,,mei,,st-card-mei-05-wedd-00,1,1,3,st-card-mei-05-wedd-00-01|st-card-mei-05-wedd-00-02|st-card-mei-05-wedd-00-03,2,koh|mei,7800,221,TEXTURE,PROVISIONAL_PASS_A,Pass-A default for card stories; escalate when they change a stable character/relationship/theme model.,character-specific micro-development / ordinary-life or professional texture,NO,,,,NO,,NO,UNASSESSED,UNASSESSED,CATALOGUED_PASS_A,IP-V2-SNAPSHOT-2026-08-13-A,idoly-ingest/04_cards/by_character/mei/card_mei_017_st-card-mei-05-wedd-00.md
card_mei_018_st-card-mei-05-xmas-00,GAME_BUNDLE,cards,街中すっかり クリスマス,cards,,mei,,st-card-mei-05-xmas-00,1,1,3,st-card-mei-05-xmas-00-01|st-card-mei-05-xmas-00-02|st-card-mei-05-xmas-00-03,2,koh|mei,10182,284,TEXTURE,PROVISIONAL_PASS_A,Pass-A default for card stories; escalate when they change a stable character/relationship/theme model.,character-specific micro-development / ordinary-life or professional texture,NO,,,,NO,,NO,UNASSESSED,UNASSESSED,CATALOGUED_PASS_A,IP-V2-SNAPSHOT-2026-08-13-A,idoly-ingest/04_cards/by_character/mei/card_mei_018_st-card-mei-05-xmas-00.md
card_mhk_001_st-card-mhk-05-birt-00,GAME_BUNDLE,cards,mihoの やってみたい こと,cards,,mhk,,st-card-mhk-05-birt-00,1,1,3,st-card-mhk-05-birt-00-01|st-card-mhk-05-birt-00-02|st-card-mhk-05-birt-00-03,3,mhk|rei|rui,9073,268,TEXTURE,PROVISIONAL_PASS_A,Pass-A default for card stories; escalate when they change a stable character/relationship/theme model.,character-specific micro-development / ordinary-life or professional texture,NO,,,,NO,,NO,UNASSESSED,UNASSESSED,CATALOGUED_PASS_A,IP-V2-SNAPSHOT-2026-08-13-A,idoly-ingest/04_cards/by_character/mhk/card_mhk_001_st-card-mhk-05-birt-00.md
card_mhk_002_st-card-mhk-05-birt-01,GAME_BUNDLE,cards,慰安旅行 in山梨,cards,,mhk,,st-card-mhk-05-birt-01,1,1,3,st-card-mhk-05-birt-01-01|st-card-mhk-05-birt-01-02|st-card-mhk-05-birt-01-03,6,ai|hrk|kkr|koh|ktn|mhk,6922,186,TEXTURE,PROVISIONAL_PASS_A,Pass-A default for card stories; escalate when they change a stable character/relationship/theme model.,character-specific micro-development / ordinary-life or professional texture,NO,,,,NO,,NO,UNASSESSED,UNASSESSED,CATALOGUED_PASS_A,IP-V2-SNAPSHOT-2026-08-13-A,idoly-ingest/04_cards/by_character/mhk/card_mhk_002_st-card-mhk-05-birt-01.md
card_mhk_003_st-card-mhk-05-birt-02,GAME_BUNDLE,cards,それは それで 撮れ高が,cards,,mhk,,st-card-mhk-05-birt-02,1,1,3,st-card-mhk-05-birt-02-01|st-card-mhk-05-birt-02-02|st-card-mhk-05-birt-02-03,4,kor|ktn|mhk|ski,5330,138,TEXTURE,PROVISIONAL_PASS_A,Pass-A default for card stories; escalate when they change a stable character/relationship/theme model.,character-specific micro-development / ordinary-life or professional texture,NO,,,,NO,,NO,UNASSESSED,UNASSESSED,CATALOGUED_PASS_A,IP-V2-SNAPSHOT-2026-08-13-A,idoly-ingest/04_cards/by_character/mhk/card_mhk_003_st-card-mhk-05-birt-02.md
card_mhk_004_st-card-mhk-05-chna-00,GAME_BUNDLE,cards,願ってもない 好条件です,cards,,mhk,,st-card-mhk-05-chna-00,1,1,3,st-card-mhk-05-chna-00-01|st-card-mhk-05-chna-00-02|st-card-mhk-05-chna-00-03,2,koh|mhk,9536,240,TEXTURE,PROVISIONAL_PASS_A,Pass-A default for card stories; escalate when they change a stable character/relationship/theme model.,character-specific micro-development / ordinary-life or professional texture,NO,,,,NO,,NO,UNASSESSED,UNASSESSED,CATALOGUED_PASS_A,IP-V2-SNAPSHOT-2026-08-13-A,idoly-ingest/04_cards/by_character/mhk/card_mhk_004_st-card-mhk-05-chna-00.md
card_mhk_005_st-card-mhk-05-circ-00,GAME_BUNDLE,cards,免許証です,cards,,mhk,,st-card-mhk-05-circ-00,1,1,3,st-card-mhk-05-circ-00-01|st-card-mhk-05-circ-00-02|st-card-mhk-05-circ-00-03,2,koh|mhk,10088,248,TEXTURE,PROVISIONAL_PASS_A,Pass-A default for card stories; escalate when they change a stable character/relationship/theme model.,character-specific micro-development / ordinary-life or professional texture,NO,,,,NO,,NO,UNASSESSED,UNASSESSED,CATALOGUED_PASS_A,IP-V2-SNAPSHOT-2026-08-13-A,idoly-ingest/04_cards/by_character/mhk/card_mhk_005_st-card-mhk-05-circ-00.md
card_mhk_006_st-card-mhk-05-fest-02,GAME_BUNDLE,cards,『Friend  Glass』,cards,,mhk,,st-card-mhk-05-fest-02,1,1,3,st-card-mhk-05-fest-02-01|st-card-mhk-05-fest-02-02|st-card-mhk-05-fest-02-03,2,koh|mhk,9821,248,TEXTURE,PROVISIONAL_PASS_A,Pass-A default for card stories; escalate when they change a stable character/relationship/theme model.,character-specific micro-development / ordinary-life or professional texture,NO,,,,NO,,NO,UNASSESSED,UNASSESSED,CATALOGUED_PASS_A,IP-V2-SNAPSHOT-2026-08-13-A,idoly-ingest/04_cards/by_character/mhk/card_mhk_006_st-card-mhk-05-fest-02.md
card_mhk_007_st-card-mhk-05-idol-00,GAME_BUNDLE,cards,名目上は マネージャー,cards,,mhk,,st-card-mhk-05-idol-00,1,1,3,st-card-mhk-05-idol-00-01|st-card-mhk-05-idol-00-02|st-card-mhk-05-idol-00-03,2,koh|mhk,10213,281,TEXTURE,PROVISIONAL_PASS_A,Pass-A default for card stories; escalate when they change a stable character/relationship/theme model.,character-specific micro-development / ordinary-life or professional texture,NO,,,,NO,,NO,UNASSESSED,UNASSESSED,CATALOGUED_PASS_A,IP-V2-SNAPSHOT-2026-08-13-A,idoly-ingest/04_cards/by_character/mhk/card_mhk_007_st-card-mhk-05-idol-00.md
card_mhk_008_st-card-mhk-05-idol-03,GAME_BUNDLE,cards,もうひとりの 優勝者,cards,,mhk,,st-card-mhk-05-idol-03,1,1,3,st-card-mhk-05-idol-03-01|st-card-mhk-05-idol-03-02|st-card-mhk-05-idol-03-03,2,koh|mhk,10190,262,TEXTURE,PROVISIONAL_PASS_A,Pass-A default for card stories; escalate when they change a stable character/relationship/theme model.,character-specific micro-development / ordinary-life or professional texture,NO,,,,NO,,NO,UNASSESSED,UNASSESSED,CATALOGUED_PASS_A,IP-V2-SNAPSHOT-2026-08-13-A,idoly-ingest/04_cards/by_character/mhk/card_mhk_008_st-card-mhk-05-idol-03.md
card_mhk_009_st-card-mhk-05-mizg-01,GAME_BUNDLE,cards,あ、ヤドカリ,cards,,mhk,,st-card-mhk-05-mizg-01,1,1,3,st-card-mhk-05-mizg-01-01|st-card-mhk-05-mizg-01-02|st-card-mhk-05-mizg-01-03,2,koh|mhk,9385,248,TEXTURE,PROVISIONAL_PASS_A,Pass-A default for card stories; escalate when they change a stable character/relationship/theme model.,character-specific micro-development / ordinary-life or professional texture,NO,,,,NO,,NO,UNASSESSED,UNASSESSED,CATALOGUED_PASS_A,IP-V2-SNAPSHOT-2026-08-13-A,idoly-ingest/04_cards/by_character/mhk/card_mhk_009_st-card-mhk-05-mizg-01.md
card_mhk_010_st-card-mhk-05-newy-00,GAME_BUNDLE,cards,自分の車を 買うつもり なんです,cards,,mhk,,st-card-mhk-05-newy-00,1,1,3,st-card-mhk-05-newy-00-01|st-card-mhk-05-newy-00-02|st-card-mhk-05-newy-00-03,2,koh|mhk,9417,243,TEXTURE,PROVISIONAL_PASS_A,Pass-A default for card stories; escalate when they change a stable character/relationship/theme model.,character-specific micro-development / ordinary-life or professional texture,NO,,,,NO,,NO,UNASSESSED,UNASSESSED,CATALOGUED_PASS_A,IP-V2-SNAPSHOT-2026-08-13-A,idoly-ingest/04_cards/by_character/mhk/card_mhk_010_st-card-mhk-05-newy-00.md
card_mhk_011_st-card-mhk-05-pajm-00,GAME_BUNDLE,cards,容赦なく 刈りますから,cards,,mhk,,st-card-mhk-05-pajm-00,1,1,3,st-card-mhk-05-pajm-00-01|st-card-mhk-05-pajm-00-02|st-card-mhk-05-pajm-00-03,2,koh|mhk,8720,244,TEXTURE,PROVISIONAL_PASS_A,Pass-A default for card stories; escalate when they change a stable character/relationship/theme model.,character-specific micro-development / ordinary-life or professional texture,NO,,,,NO,,NO,UNASSESSED,UNASSESSED,CATALOGUED_PASS_A,IP-V2-SNAPSHOT-2026-08-13-A,idoly-ingest/04_cards/by_character/mhk/card_mhk_011_st-card-mhk-05-pajm-00.md
card_mhk_012_st-card-mhk-05-poli-00,GAME_BUNDLE,cards,今後は 気をつけます,cards,,mhk,,st-card-mhk-05-poli-00,1,1,3,st-card-mhk-05-poli-00-01|st-card-mhk-05-poli-00-02|st-card-mhk-05-poli-00-03,2,koh|mhk,9279,252,TEXTURE,PROVISIONAL_PASS_A,Pass-A default for card stories; escalate when they change a stable character/relationship/theme model.,character-specific micro-development / ordinary-life or professional texture,NO,,,,NO,,NO,UNASSESSED,UNASSESSED,CATALOGUED_PASS_A,IP-V2-SNAPSHOT-2026-08-13-A,idoly-ingest/04_cards/by_character/mhk/card_mhk_012_st-card-mhk-05-poli-00.md
card_mhk_013_st-card-mhk-05-wedd-00,GAME_BUNDLE,cards,なんて 不気味な,cards,,mhk,,st-card-mhk-05-wedd-00,1,1,3,st-card-mhk-05-wedd-00-01|st-card-mhk-05-wedd-00-02|st-card-mhk-05-wedd-00-03,2,koh|mhk,9519,250,TEXTURE,PROVISIONAL_PASS_A,Pass-A default for card stories; escalate when they change a stable character/relationship/theme model.,character-specific micro-development / ordinary-life or professional texture,NO,,,,NO,,NO,UNASSESSED,UNASSESSED,CATALOGUED_PASS_A,IP-V2-SNAPSHOT-2026-08-13-A,idoly-ingest/04_cards/by_character/mhk/card_mhk_013_st-card-mhk-05-wedd-00.md
card_mhk_014_st-card-mhk-05-xmas-00,GAME_BUNDLE,cards,もうすぐ クリスマス,cards,,mhk,,st-card-mhk-05-xmas-00,1,1,3,st-card-mhk-05-xmas-00-01|st-card-mhk-05-xmas-00-02|st-card-mhk-05-xmas-00-03,2,koh|mhk,9049,236,TEXTURE,PROVISIONAL_PASS_A,Pass-A default for card stories; escalate when they change a stable character/relationship/theme model.,character-specific micro-development / ordinary-life or professional texture,NO,,,,NO,,NO,UNASSESSED,UNASSESSED,CATALOGUED_PASS_A,IP-V2-SNAPSHOT-2026-08-13-A,idoly-ingest/04_cards/by_character/mhk/card_mhk_014_st-card-mhk-05-xmas-00.md
card_mku_001_st-card-mku-05-miku-00,GAME_BUNDLE,cards,教えて、 マネージャーさん,cards,,mku,,st-card-mku-05-miku-00,1,1,3,st-card-mku-05-miku-00-01|st-card-mku-05-miku-00-02|st-card-mku-05-miku-00-03,2,koh|mku,9115,259,TEXTURE,PROVISIONAL_PASS_A,Pass-A default for card stories; escalate when they change a stable character/relationship/theme model.,character-specific micro-development / ordinary-life or professional texture,NO,,,,NO,,NO,UNASSESSED,UNASSESSED,CATALOGUED_PASS_A,IP-V2-SNAPSHOT-2026-08-13-A,idoly-ingest/04_cards/by_character/mku/card_mku_001_st-card-mku-05-miku-00.md
card_mku_002_st-card-mku-05-miku-05,GAME_BUNDLE,cards,夏休みの 宿題？,cards,,mku,,st-card-mku-05-miku-05,1,1,3,st-card-mku-05-miku-05-01|st-card-mku-05-miku-05-02|st-card-mku-05-miku-05-03,4,koh|ktn|mku|suz,7849,235,TEXTURE,PROVISIONAL_PASS_A,Pass-A default for card stories; escalate when they change a stable character/relationship/theme model.,character-specific micro-development / ordinary-life or professional texture,NO,,,,NO,,NO,UNASSESSED,UNASSESSED,CATALOGUED_PASS_A,IP-V2-SNAPSHOT-2026-08-13-A,idoly-ingest/04_cards/by_character/mku/card_mku_002_st-card-mku-05-miku-05.md
card_mku_003_st-card-mku-05-miku-06,GAME_BUNDLE,cards,アクシデント も思い出？,cards,,mku,,st-card-mku-05-miku-06,1,1,3,st-card-mku-05-miku-06-01|st-card-mku-05-miku-06-02|st-card-mku-05-miku-06-03,4,koh|mei|mku|ngs,7518,218,TEXTURE,PROVISIONAL_PASS_A,Pass-A default for card stories; escalate when they change a stable character/relationship/theme model.,character-specific micro-development / ordinary-life or professional texture,NO,,,,NO,,NO,UNASSESSED,UNASSESSED,CATALOGUED_PASS_A,IP-V2-SNAPSHOT-2026-08-13-A,idoly-ingest/04_cards/by_character/mku/card_mku_003_st-card-mku-05-miku-06.md
card_mna_001_st-card-mna-05-birt-01,GAME_BUNDLE,cards,普段と 違ーう！,cards,,mna,,st-card-mna-05-birt-01,1,1,3,st-card-mna-05-birt-01-01|st-card-mna-05-birt-01-02|st-card-mna-05-birt-01-03,2,koh|mna,10247,277,TEXTURE,PROVISIONAL_PASS_A,Pass-A default for card stories; escalate when they change a stable character/relationship/theme model.,character-specific micro-development / ordinary-life or professional texture,NO,,,,NO,,NO,UNASSESSED,UNASSESSED,CATALOGUED_PASS_A,IP-V2-SNAPSHOT-2026-08-13-A,idoly-ingest/04_cards/by_character/mna/card_mna_001_st-card-mna-05-birt-01.md
card_mna_002_st-card-mna-05-birt-02,GAME_BUNDLE,cards,アンサー ソング,cards,,mna,,st-card-mna-05-birt-02,1,1,3,st-card-mna-05-birt-02-01|st-card-mna-05-birt-02-02|st-card-mna-05-birt-02-03,4,hrk|koh|ktn|mna,10180,286,TEXTURE,PROVISIONAL_PASS_A,Pass-A default for card stories; escalate when they change a stable character/relationship/theme model.,character-specific micro-development / ordinary-life or professional texture,NO,,,,NO,,NO,UNASSESSED,UNASSESSED,CATALOGUED_PASS_A,IP-V2-SNAPSHOT-2026-08-13-A,idoly-ingest/04_cards/by_character/mna/card_mna_002_st-card-mna-05-birt-02.md
card_mna_003_st-card-mna-05-fest-00,GAME_BUNDLE,cards,突然のプレゼント,cards,,mna,,st-card-mna-05-fest-00,1,1,3,st-card-mna-05-fest-00-01|st-card-mna-05-fest-00-02|st-card-mna-05-fest-00-03,2,koh|mna,8883,249,TEXTURE,PROVISIONAL_PASS_A,Pass-A default for card stories; escalate when they change a stable character/relationship/theme model.,character-specific micro-development / ordinary-life or professional texture,NO,,,,NO,,NO,UNASSESSED,UNASSESSED,CATALOGUED_PASS_A,IP-V2-SNAPSHOT-2026-08-13-A,idoly-ingest/04_cards/by_character/mna/card_mna_003_st-card-mna-05-fest-00.md
card_mna_004_st-card-mna-05-fest-01,GAME_BUNDLE,cards,内緒の準備,cards,,mna,,st-card-mna-05-fest-01,1,1,3,st-card-mna-05-fest-01-01|st-card-mna-05-fest-01-02|st-card-mna-05-fest-01-03,2,koh|mna,8620,236,TEXTURE,PROVISIONAL_PASS_A,Pass-A default for card stories; escalate when they change a stable character/relationship/theme model.,character-specific micro-development / ordinary-life or professional texture,NO,,,,NO,,NO,UNASSESSED,UNASSESSED,CATALOGUED_PASS_A,IP-V2-SNAPSHOT-2026-08-13-A,idoly-ingest/04_cards/by_character/mna/card_mna_004_st-card-mna-05-fest-01.md
card_mna_005_st-card-mna-05-fest-02,GAME_BUNDLE,cards,麻奈への 密着 インタビュー,cards,,mna,,st-card-mna-05-fest-02,1,1,3,st-card-mna-05-fest-02-01|st-card-mna-05-fest-02-02|st-card-mna-05-fest-02-03,2,koh|mna,9569,260,TEXTURE,PROVISIONAL_PASS_A,Pass-A default for card stories; escalate when they change a stable character/relationship/theme model.,character-specific micro-development / ordinary-life or professional texture,NO,,,,NO,,NO,UNASSESSED,UNASSESSED,CATALOGUED_PASS_A,IP-V2-SNAPSHOT-2026-08-13-A,idoly-ingest/04_cards/by_character/mna/card_mna_005_st-card-mna-05-fest-02.md
card_mna_006_st-card-mna-05-idol-00,GAME_BUNDLE,cards,新人アイドルとマネージャー,cards,,mna,,st-card-mna-05-idol-00,1,1,3,st-card-mna-05-idol-00-01|st-card-mna-05-idol-00-02|st-card-mna-05-idol-00-03,2,koh|mna,8036,234,TEXTURE,PROVISIONAL_PASS_A,Pass-A default for card stories; escalate when they change a stable character/relationship/theme model.,character-specific micro-development / ordinary-life or professional texture,NO,,,,NO,,NO,UNASSESSED,UNASSESSED,CATALOGUED_PASS_A,IP-V2-SNAPSHOT-2026-08-13-A,idoly-ingest/04_cards/by_character/mna/card_mna_006_st-card-mna-05-idol-00.md
card_mna_007_st-card-mna-05-link-00,GAME_BUNDLE,cards,くすぐったい ってば,cards,,mna,,st-card-mna-05-link-00,1,1,3,st-card-mna-05-link-00-01|st-card-mna-05-link-00-02|st-card-mna-05-link-00-03,2,ktn|mna,8110,244,TEXTURE,PROVISIONAL_PASS_A,Pass-A default for card stories; escalate when they change a stable character/relationship/theme model.,character-specific micro-development / ordinary-life or professional texture,NO,,,,NO,,NO,UNASSESSED,UNASSESSED,CATALOGUED_PASS_A,IP-V2-SNAPSHOT-2026-08-13-A,idoly-ingest/04_cards/by_character/mna/card_mna_007_st-card-mna-05-link-00.md
card_mna_008_st-card-mna-05-mizg-01,GAME_BUNDLE,cards,ホテルに 缶詰だよ！,cards,,mna,,st-card-mna-05-mizg-01,1,1,3,st-card-mna-05-mizg-01-01|st-card-mna-05-mizg-01-02|st-card-mna-05-mizg-01-03,3,koh|mna|shj,8718,246,TEXTURE,PROVISIONAL_PASS_A,Pass-A default for card stories; escalate when they change a stable character/relationship/theme model.,character-specific micro-development / ordinary-life or professional texture,NO,,,,NO,,NO,UNASSESSED,UNASSESSED,CATALOGUED_PASS_A,IP-V2-SNAPSHOT-2026-08-13-A,idoly-ingest/04_cards/by_character/mna/card_mna_008_st-card-mna-05-mizg-01.md
card_mna_009_st-card-mna-05-msic-00,GAME_BUNDLE,cards,カレーを 食べようよ～,cards,,mna,,st-card-mna-05-msic-00,1,1,3,st-card-mna-05-msic-00-01|st-card-mna-05-msic-00-02|st-card-mna-05-msic-00-03,2,koh|mna,9736,254,TEXTURE,PROVISIONAL_PASS_A,Pass-A default for card stories; escalate when they change a stable character/relationship/theme model.,character-specific micro-development / ordinary-life or professional texture,NO,,,,NO,,NO,UNASSESSED,UNASSESSED,CATALOGUED_PASS_A,IP-V2-SNAPSHOT-2026-08-13-A,idoly-ingest/04_cards/by_character/mna/card_mna_009_st-card-mna-05-msic-00.md
card_mna_010_st-card-mna-05-snro-00,GAME_BUNDLE,cards,それじゃあ、 紹介するね,cards,,mna,,st-card-mna-05-snro-00,1,1,3,st-card-mna-05-snro-00-01|st-card-mna-05-snro-00-02|st-card-mna-05-snro-00-03,3,koh|mna|mna2,10542,264,TEXTURE,PROVISIONAL_PASS_A,Pass-A default for card stories; escalate when they change a stable character/relationship/theme model.,character-specific micro-development / ordinary-life or professional texture,NO,,,,NO,,NO,UNASSESSED,UNASSESSED,CATALOGUED_PASS_A,IP-V2-SNAPSHOT-2026-08-13-A,idoly-ingest/04_cards/by_character/mna/card_mna_010_st-card-mna-05-snro-00.md
card_mna_011_st-card-mna-05-vlnt-00,GAME_BUNDLE,cards,経験ないのに,cards,,mna,,st-card-mna-05-vlnt-00,1,1,3,st-card-mna-05-vlnt-00-01|st-card-mna-05-vlnt-00-02|st-card-mna-05-vlnt-00-03,2,koh|mna,9443,266,TEXTURE,PROVISIONAL_PASS_A,Pass-A default for card stories; escalate when they change a stable character/relationship/theme model.,character-specific micro-development / ordinary-life or professional texture,NO,,,,NO,,NO,UNASSESSED,UNASSESSED,CATALOGUED_PASS_A,IP-V2-SNAPSHOT-2026-08-13-A,idoly-ingest/04_cards/by_character/mna/card_mna_011_st-card-mna-05-vlnt-00.md
card_mna_012_st-card-mna-05-wedd-00,GAME_BUNDLE,cards,うち、来る？,cards,,mna,,st-card-mna-05-wedd-00,1,1,3,st-card-mna-05-wedd-00-01|st-card-mna-05-wedd-00-02|st-card-mna-05-wedd-00-03,2,koh|mna,9603,266,TEXTURE,PROVISIONAL_PASS_A,Pass-A default for card stories; escalate when they change a stable character/relationship/theme model.,character-specific micro-development / ordinary-life or professional texture,NO,,,,NO,,NO,UNASSESSED,UNASSESSED,CATALOGUED_PASS_A,IP-V2-SNAPSHOT-2026-08-13-A,idoly-ingest/04_cards/by_character/mna/card_mna_012_st-card-mna-05-wedd-00.md
card_ngs_001_st-card-ngs-05-akma-00,GAME_BUNDLE,cards,小悪魔 といえば？,cards,,ngs,,st-card-ngs-05-akma-00,1,1,3,st-card-ngs-05-akma-00-01|st-card-ngs-05-akma-00-02|st-card-ngs-05-akma-00-03,2,koh|ngs,9889,284,TEXTURE,PROVISIONAL_PASS_A,Pass-A default for card stories; escalate when they change a stable character/relationship/theme model.,character-specific micro-development / ordinary-life or professional texture,NO,,,,NO,,NO,UNASSESSED,UNASSESSED,CATALOGUED_PASS_A,IP-V2-SNAPSHOT-2026-08-13-A,idoly-ingest/04_cards/by_character/ngs/card_ngs_001_st-card-ngs-05-akma-00.md
card_ngs_002_st-card-ngs-05-birt-00,GAME_BUNDLE,cards,大好きで 絶対に 喜ぶもの,cards,,ngs,,st-card-ngs-05-birt-00,1,1,3,st-card-ngs-05-birt-00-01|st-card-ngs-05-birt-00-02|st-card-ngs-05-birt-00-03,3,ktn|ngs|yu,8253,273,TEXTURE,PROVISIONAL_PASS_A,Pass-A default for card stories; escalate when they change a stable character/relationship/theme model.,character-specific micro-development / ordinary-life or professional texture,NO,,,,NO,,NO,UNASSESSED,UNASSESSED,CATALOGUED_PASS_A,IP-V2-SNAPSHOT-2026-08-13-A,idoly-ingest/04_cards/by_character/ngs/card_ngs_002_st-card-ngs-05-birt-00.md
card_ngs_003_st-card-ngs-05-birt-01,GAME_BUNDLE,cards,慰安旅行 in沖縄,cards,,ngs,,st-card-ngs-05-birt-01,1,1,3,st-card-ngs-05-birt-01-01|st-card-ngs-05-birt-01-02|st-card-ngs-05-birt-01-03,6,aoi|koh|kor|mei|ngs|rio,7060,190,TEXTURE,PROVISIONAL_PASS_A,Pass-A default for card stories; escalate when they change a stable character/relationship/theme model.,character-specific micro-development / ordinary-life or professional texture,NO,,,,NO,,NO,UNASSESSED,UNASSESSED,CATALOGUED_PASS_A,IP-V2-SNAPSHOT-2026-08-13-A,idoly-ingest/04_cards/by_character/ngs/card_ngs_003_st-card-ngs-05-birt-01.md
card_ngs_004_st-card-ngs-05-birt-02,GAME_BUNDLE,cards,聞いて 驚きたまえ,cards,,ngs,,st-card-ngs-05-birt-02,1,1,3,st-card-ngs-05-birt-02-01|st-card-ngs-05-birt-02-02|st-card-ngs-05-birt-02-03,4,aoi|chs|ngs|rei,4474,118,TEXTURE,PROVISIONAL_PASS_A,Pass-A default for card stories; escalate when they change a stable character/relationship/theme model.,character-specific micro-development / ordinary-life or professional texture,NO,,,,NO,,NO,UNASSESSED,UNASSESSED,CATALOGUED_PASS_A,IP-V2-SNAPSHOT-2026-08-13-A,idoly-ingest/04_cards/by_character/ngs/card_ngs_004_st-card-ngs-05-birt-02.md
card_ngs_005_st-card-ngs-05-birt-03,GAME_BUNDLE,cards,企画を 考えたのは？,cards,,ngs,,st-card-ngs-05-birt-03,1,1,3,st-card-ngs-05-birt-03-01|st-card-ngs-05-birt-03-02|st-card-ngs-05-birt-03-03,4,kan|mei|ngs|suz,4819,126,TEXTURE,PROVISIONAL_PASS_A,Pass-A default for card stories; escalate when they change a stable character/relationship/theme model.,character-specific micro-development / ordinary-life or professional texture,NO,,,,NO,,NO,UNASSESSED,UNASSESSED,CATALOGUED_PASS_A,IP-V2-SNAPSHOT-2026-08-13-A,idoly-ingest/04_cards/by_character/ngs/card_ngs_005_st-card-ngs-05-birt-03.md
card_ngs_006_st-card-ngs-05-casl-02,GAME_BUNDLE,cards,恋する少女、伊吹渚,cards,,ngs,,st-card-ngs-05-casl-02,1,1,3,st-card-ngs-05-casl-02-01|st-card-ngs-05-casl-02-02|st-card-ngs-05-casl-02-03,2,koh|ngs,9259,255,TEXTURE,PROVISIONAL_PASS_A,Pass-A default for card stories; escalate when they change a stable character/relationship/theme model.,character-specific micro-development / ordinary-life or professional texture,NO,,,,NO,,NO,UNASSESSED,UNASSESSED,CATALOGUED_PASS_A,IP-V2-SNAPSHOT-2026-08-13-A,idoly-ingest/04_cards/by_character/ngs/card_ngs_006_st-card-ngs-05-casl-02.md
card_ngs_007_st-card-ngs-05-fest-02,GAME_BUNDLE,cards,二人の関係,cards,,ngs,,st-card-ngs-05-fest-02,1,1,3,st-card-ngs-05-fest-02-01|st-card-ngs-05-fest-02-02|st-card-ngs-05-fest-02-03,2,koh|ngs,8799,244,TEXTURE,PROVISIONAL_PASS_A,Pass-A default for card stories; escalate when they change a stable character/relationship/theme model.,character-specific micro-development / ordinary-life or professional texture,NO,,,,NO,,NO,UNASSESSED,UNASSESSED,CATALOGUED_PASS_A,IP-V2-SNAPSHOT-2026-08-13-A,idoly-ingest/04_cards/by_character/ngs/card_ngs_007_st-card-ngs-05-fest-02.md
card_ngs_008_st-card-ngs-05-flow-00,GAME_BUNDLE,cards,渚のスケジュール,cards,,ngs,,st-card-ngs-05-flow-00,1,1,3,st-card-ngs-05-flow-00-01|st-card-ngs-05-flow-00-02|st-card-ngs-05-flow-00-03,2,koh|ngs,8502,248,TEXTURE,PROVISIONAL_PASS_A,Pass-A default for card stories; escalate when they change a stable character/relationship/theme model.,character-specific micro-development / ordinary-life or professional texture,NO,,,,NO,,NO,UNASSESSED,UNASSESSED,CATALOGUED_PASS_A,IP-V2-SNAPSHOT-2026-08-13-A,idoly-ingest/04_cards/by_character/ngs/card_ngs_008_st-card-ngs-05-flow-00.md
card_ngs_009_st-card-ngs-05-frut-00,GAME_BUNDLE,cards,桃が 美味しくて、 つい,cards,,ngs,,st-card-ngs-05-frut-00,1,1,3,st-card-ngs-05-frut-00-01|st-card-ngs-05-frut-00-02|st-card-ngs-05-frut-00-03,2,koh|ngs,8744,248,TEXTURE,PROVISIONAL_PASS_A,Pass-A default for card stories; escalate when they change a stable character/relationship/theme model.,character-specific micro-development / ordinary-life or professional texture,NO,,,,NO,,NO,UNASSESSED,UNASSESSED,CATALOGUED_PASS_A,IP-V2-SNAPSHOT-2026-08-13-A,idoly-ingest/04_cards/by_character/ngs/card_ngs_009_st-card-ngs-05-frut-00.md
card_ngs_010_st-card-ngs-05-idol-00,GAME_BUNDLE,cards,尾行の理由,cards,,ngs,,st-card-ngs-05-idol-00,1,1,3,st-card-ngs-05-idol-00-01|st-card-ngs-05-idol-00-02|st-card-ngs-05-idol-00-03,2,koh|ngs,7480,225,TEXTURE,PROVISIONAL_PASS_A,Pass-A default for card stories; escalate when they change a stable character/relationship/theme model.,character-specific micro-development / ordinary-life or professional texture,NO,,,,NO,,NO,UNASSESSED,UNASSESSED,CATALOGUED_PASS_A,IP-V2-SNAPSHOT-2026-08-13-A,idoly-ingest/04_cards/by_character/ngs/card_ngs_010_st-card-ngs-05-idol-00.md
card_ngs_011_st-card-ngs-05-link-00,GAME_BUNDLE,cards,甘えん坊さん だなぁ,cards,,ngs,,st-card-ngs-05-link-00,1,1,3,st-card-ngs-05-link-00-01|st-card-ngs-05-link-00-02|st-card-ngs-05-link-00-03,3,ktn|mna|ngs,8171,247,TEXTURE,PROVISIONAL_PASS_A,Pass-A default for card stories; escalate when they change a stable character/relationship/theme model.,character-specific micro-development / ordinary-life or professional texture,NO,,,,NO,,NO,UNASSESSED,UNASSESSED,CATALOGUED_PASS_A,IP-V2-SNAPSHOT-2026-08-13-A,idoly-ingest/04_cards/by_character/ngs/card_ngs_011_st-card-ngs-05-link-00.md
card_ngs_012_st-card-ngs-05-maid-01,GAME_BUNDLE,cards,お給仕 します！,cards,,ngs,,st-card-ngs-05-maid-01,1,1,3,st-card-ngs-05-maid-01-01|st-card-ngs-05-maid-01-02|st-card-ngs-05-maid-01-03,2,koh|ngs,10239,267,TEXTURE,PROVISIONAL_PASS_A,Pass-A default for card stories; escalate when they change a stable character/relationship/theme model.,character-specific micro-development / ordinary-life or professional texture,NO,,,,NO,,NO,UNASSESSED,UNASSESSED,CATALOGUED_PASS_A,IP-V2-SNAPSHOT-2026-08-13-A,idoly-ingest/04_cards/by_character/ngs/card_ngs_012_st-card-ngs-05-maid-01.md
card_ngs_013_st-card-ngs-05-mizg-01,GAME_BUNDLE,cards,大役のプレッシャー,cards,,ngs,,st-card-ngs-05-mizg-01,1,1,3,st-card-ngs-05-mizg-01-01|st-card-ngs-05-mizg-01-02|st-card-ngs-05-mizg-01-03,2,koh|ngs,6558,199,TEXTURE,PROVISIONAL_PASS_A,Pass-A default for card stories; escalate when they change a stable character/relationship/theme model.,character-specific micro-development / ordinary-life or professional texture,NO,,,,NO,,NO,UNASSESSED,UNASSESSED,CATALOGUED_PASS_A,IP-V2-SNAPSHOT-2026-08-13-A,idoly-ingest/04_cards/by_character/ngs/card_ngs_013_st-card-ngs-05-mizg-01.md
card_ngs_014_st-card-ngs-05-mizg-02,GAME_BUNDLE,cards,心と体の 準備期間,cards,,ngs,,st-card-ngs-05-mizg-02,1,1,3,st-card-ngs-05-mizg-02-01|st-card-ngs-05-mizg-02-02|st-card-ngs-05-mizg-02-03,2,koh|ngs,9492,271,TEXTURE,PROVISIONAL_PASS_A,Pass-A default for card stories; escalate when they change a stable character/relationship/theme model.,character-specific micro-development / ordinary-life or professional texture,NO,,,,NO,,NO,UNASSESSED,UNASSESSED,CATALOGUED_PASS_A,IP-V2-SNAPSHOT-2026-08-13-A,idoly-ingest/04_cards/by_character/ngs/card_ngs_014_st-card-ngs-05-mizg-02.md
card_ngs_015_st-card-ngs-05-vlnt-00,GAME_BUNDLE,cards,最高の ライバルで あり仲間,cards,,ngs,,st-card-ngs-05-vlnt-00,1,1,3,st-card-ngs-05-vlnt-00-01|st-card-ngs-05-vlnt-00-02|st-card-ngs-05-vlnt-00-03,2,koh|ngs,10181,266,TEXTURE,PROVISIONAL_PASS_A,Pass-A default for card stories; escalate when they change a stable character/relationship/theme model.,character-specific micro-development / ordinary-life or professional texture,NO,,,,NO,,NO,UNASSESSED,UNASSESSED,CATALOGUED_PASS_A,IP-V2-SNAPSHOT-2026-08-13-A,idoly-ingest/04_cards/by_character/ngs/card_ngs_015_st-card-ngs-05-vlnt-00.md
card_ngs_016_st-card-ngs-05-wedd-00,GAME_BUNDLE,cards,普通の子 じゃなくて,cards,,ngs,,st-card-ngs-05-wedd-00,1,1,3,st-card-ngs-05-wedd-00-01|st-card-ngs-05-wedd-00-02|st-card-ngs-05-wedd-00-03,2,koh|ngs,10100,263,TEXTURE,PROVISIONAL_PASS_A,Pass-A default for card stories; escalate when they change a stable character/relationship/theme model.,character-specific micro-development / ordinary-life or professional texture,NO,,,,NO,,NO,UNASSESSED,UNASSESSED,CATALOGUED_PASS_A,IP-V2-SNAPSHOT-2026-08-13-A,idoly-ingest/04_cards/by_character/ngs/card_ngs_016_st-card-ngs-05-wedd-00.md
card_ngs_017_st-card-ngs-05-xmas-00,GAME_BUNDLE,cards,理想の クリスマス デート,cards,,ngs,,st-card-ngs-05-xmas-00,1,1,3,st-card-ngs-05-xmas-00-01|st-card-ngs-05-xmas-00-02|st-card-ngs-05-xmas-00-03,2,koh|ngs,10278,289,TEXTURE,PROVISIONAL_PASS_A,Pass-A default for card stories; escalate when they change a stable character/relationship/theme model.,character-specific micro-development / ordinary-life or professional texture,NO,,,,NO,,NO,UNASSESSED,UNASSESSED,CATALOGUED_PASS_A,IP-V2-SNAPSHOT-2026-08-13-A,idoly-ingest/04_cards/by_character/ngs/card_ngs_017_st-card-ngs-05-xmas-00.md
card_ngs_018_st-card-ngs-05-yukt-00,GAME_BUNDLE,cards,つむじで 分かるんです,cards,,ngs,,st-card-ngs-05-yukt-00,1,1,3,st-card-ngs-05-yukt-00-01|st-card-ngs-05-yukt-00-02|st-card-ngs-05-yukt-00-03,2,koh|ngs,9485,267,TEXTURE,PROVISIONAL_PASS_A,Pass-A default for card stories; escalate when they change a stable character/relationship/theme model.,character-specific micro-development / ordinary-life or professional texture,NO,,,,NO,,NO,UNASSESSED,UNASSESSED,CATALOGUED_PASS_A,IP-V2-SNAPSHOT-2026-08-13-A,idoly-ingest/04_cards/by_character/ngs/card_ngs_018_st-card-ngs-05-yukt-00.md
card_rei_001_st-card-rei-05-birt-00,GAME_BUNDLE,cards,楽しさ三倍の 誕生日企画,cards,,rei,,st-card-rei-05-birt-00,1,1,3,st-card-rei-05-birt-00-01|st-card-rei-05-birt-00-02|st-card-rei-05-birt-00-03,3,mei|rei|suz,9428,287,TEXTURE,PROVISIONAL_PASS_A,Pass-A default for card stories; escalate when they change a stable character/relationship/theme model.,character-specific micro-development / ordinary-life or professional texture,NO,,,,NO,,NO,UNASSESSED,UNASSESSED,CATALOGUED_PASS_A,IP-V2-SNAPSHOT-2026-08-13-A,idoly-ingest/04_cards/by_character/rei/card_rei_001_st-card-rei-05-birt-00.md
card_rei_002_st-card-rei-05-birt-01,GAME_BUNDLE,cards,慰安旅行 in北海道,cards,,rei,,st-card-rei-05-birt-01,1,1,3,st-card-rei-05-birt-01-01|st-card-rei-05-birt-01-02|st-card-rei-05-birt-01-03,6,kan|koh|rei|skr|smr|yu,7428,196,TEXTURE,PROVISIONAL_PASS_A,Pass-A default for card stories; escalate when they change a stable character/relationship/theme model.,character-specific micro-development / ordinary-life or professional texture,NO,,,,NO,,NO,UNASSESSED,UNASSESSED,CATALOGUED_PASS_A,IP-V2-SNAPSHOT-2026-08-13-A,idoly-ingest/04_cards/by_character/rei/card_rei_002_st-card-rei-05-birt-01.md
card_rei_003_st-card-rei-05-birt-02,GAME_BUNDLE,cards,うー…… あと五分……,cards,,rei,,st-card-rei-05-birt-02,1,1,3,st-card-rei-05-birt-02-01|st-card-rei-05-birt-02-02|st-card-rei-05-birt-02-03,4,ktn|mhk|rei|skr,4880,128,TEXTURE,PROVISIONAL_PASS_A,Pass-A default for card stories; escalate when they change a stable character/relationship/theme model.,character-specific micro-development / ordinary-life or professional texture,NO,,,,NO,,NO,UNASSESSED,UNASSESSED,CATALOGUED_PASS_A,IP-V2-SNAPSHOT-2026-08-13-A,idoly-ingest/04_cards/by_character/rei/card_rei_003_st-card-rei-05-birt-02.md
card_rei_004_st-card-rei-05-casl-02,GAME_BUNDLE,cards,恋する少女、 一ノ瀬怜,cards,,rei,,st-card-rei-05-casl-02,1,1,3,st-card-rei-05-casl-02-01|st-card-rei-05-casl-02-02|st-card-rei-05-casl-02-03,2,koh|rei,10536,288,TEXTURE,PROVISIONAL_PASS_A,Pass-A default for card stories; escalate when they change a stable character/relationship/theme model.,character-specific micro-development / ordinary-life or professional texture,NO,,,,NO,,NO,UNASSESSED,UNASSESSED,CATALOGUED_PASS_A,IP-V2-SNAPSHOT-2026-08-13-A,idoly-ingest/04_cards/by_character/rei/card_rei_004_st-card-rei-05-casl-02.md
card_rei_005_st-card-rei-05-chia-00,GAME_BUNDLE,cards,恋愛相談が あるんです けど,cards,,rei,,st-card-rei-05-chia-00,1,1,3,st-card-rei-05-chia-00-01|st-card-rei-05-chia-00-02|st-card-rei-05-chia-00-03,2,koh|rei,9348,266,TEXTURE,PROVISIONAL_PASS_A,Pass-A default for card stories; escalate when they change a stable character/relationship/theme model.,character-specific micro-development / ordinary-life or professional texture,NO,,,,NO,,NO,UNASSESSED,UNASSESSED,CATALOGUED_PASS_A,IP-V2-SNAPSHOT-2026-08-13-A,idoly-ingest/04_cards/by_character/rei/card_rei_005_st-card-rei-05-chia-00.md
card_rei_006_st-card-rei-05-fest-00,GAME_BUNDLE,cards,怜のライバル,cards,,rei,,st-card-rei-05-fest-00,1,1,3,st-card-rei-05-fest-00-01|st-card-rei-05-fest-00-02|st-card-rei-05-fest-00-03,2,koh|rei,10346,295,TEXTURE,PROVISIONAL_PASS_A,Pass-A default for card stories; escalate when they change a stable character/relationship/theme model.,character-specific micro-development / ordinary-life or professional texture,NO,,,,NO,,NO,UNASSESSED,UNASSESSED,CATALOGUED_PASS_A,IP-V2-SNAPSHOT-2026-08-13-A,idoly-ingest/04_cards/by_character/rei/card_rei_006_st-card-rei-05-fest-00.md
card_rei_007_st-card-rei-05-fest-01,GAME_BUNDLE,cards,どういたし まして,cards,,rei,,st-card-rei-05-fest-01,1,1,3,st-card-rei-05-fest-01-01|st-card-rei-05-fest-01-02|st-card-rei-05-fest-01-03,2,koh|rei,9438,247,TEXTURE,PROVISIONAL_PASS_A,Pass-A default for card stories; escalate when they change a stable character/relationship/theme model.,character-specific micro-development / ordinary-life or professional texture,NO,,,,NO,,NO,UNASSESSED,UNASSESSED,CATALOGUED_PASS_A,IP-V2-SNAPSHOT-2026-08-13-A,idoly-ingest/04_cards/by_character/rei/card_rei_007_st-card-rei-05-fest-01.md
card_rei_008_st-card-rei-05-hruh-00,GAME_BUNDLE,cards,不思議な力で 行きたい 場所へ,cards,,rei,,st-card-rei-05-hruh-00,1,1,3,st-card-rei-05-hruh-00-01|st-card-rei-05-hruh-00-02|st-card-rei-05-hruh-00-03,2,koh|rei,8783,243,TEXTURE,PROVISIONAL_PASS_A,Pass-A default for card stories; escalate when they change a stable character/relationship/theme model.,character-specific micro-development / ordinary-life or professional texture,NO,,,,NO,,NO,UNASSESSED,UNASSESSED,CATALOGUED_PASS_A,IP-V2-SNAPSHOT-2026-08-13-A,idoly-ingest/04_cards/by_character/rei/card_rei_008_st-card-rei-05-hruh-00.md
card_rei_009_st-card-rei-05-idol-00,GAME_BUNDLE,cards,認められたい 気持ち,cards,,rei,,st-card-rei-05-idol-00,1,1,3,st-card-rei-05-idol-00-01|st-card-rei-05-idol-00-02|st-card-rei-05-idol-00-03,2,koh|rei,9340,272,TEXTURE,PROVISIONAL_PASS_A,Pass-A default for card stories; escalate when they change a stable character/relationship/theme model.,character-specific micro-development / ordinary-life or professional texture,NO,,,,NO,,NO,UNASSESSED,UNASSESSED,CATALOGUED_PASS_A,IP-V2-SNAPSHOT-2026-08-13-A,idoly-ingest/04_cards/by_character/rei/card_rei_009_st-card-rei-05-idol-00.md
card_rei_010_st-card-rei-05-mizg-02,GAME_BUNDLE,cards,じろじろ 見ないで,cards,,rei,,st-card-rei-05-mizg-02,1,1,3,st-card-rei-05-mizg-02-01|st-card-rei-05-mizg-02-02|st-card-rei-05-mizg-02-03,2,koh|rei,9894,274,TEXTURE,PROVISIONAL_PASS_A,Pass-A default for card stories; escalate when they change a stable character/relationship/theme model.,character-specific micro-development / ordinary-life or professional texture,NO,,,,NO,,NO,UNASSESSED,UNASSESSED,CATALOGUED_PASS_A,IP-V2-SNAPSHOT-2026-08-13-A,idoly-ingest/04_cards/by_character/rei/card_rei_010_st-card-rei-05-mizg-02.md
card_rei_011_st-card-rei-05-mizg-03,GAME_BUNDLE,cards,怜の ジャングル 探検,cards,,rei,,st-card-rei-05-mizg-03,1,1,3,st-card-rei-05-mizg-03-01|st-card-rei-05-mizg-03-02|st-card-rei-05-mizg-03-03,2,koh|rei,9974,276,TEXTURE,PROVISIONAL_PASS_A,Pass-A default for card stories; escalate when they change a stable character/relationship/theme model.,character-specific micro-development / ordinary-life or professional texture,NO,,,,NO,,NO,UNASSESSED,UNASSESSED,CATALOGUED_PASS_A,IP-V2-SNAPSHOT-2026-08-13-A,idoly-ingest/04_cards/by_character/rei/card_rei_011_st-card-rei-05-mizg-03.md
card_rei_012_st-card-rei-05-newy-00,GAME_BUNDLE,cards,わんこそば 早食い競争,cards,,rei,,st-card-rei-05-newy-00,1,1,3,st-card-rei-05-newy-00-01|st-card-rei-05-newy-00-02|st-card-rei-05-newy-00-03,2,koh|rei,8272,226,TEXTURE,PROVISIONAL_PASS_A,Pass-A default for card stories; escalate when they change a stable character/relationship/theme model.,character-specific micro-development / ordinary-life or professional texture,NO,,,,NO,,NO,UNASSESSED,UNASSESSED,CATALOGUED_PASS_A,IP-V2-SNAPSHOT-2026-08-13-A,idoly-ingest/04_cards/by_character/rei/card_rei_012_st-card-rei-05-newy-00.md
card_rei_013_st-card-rei-05-onep-00,GAME_BUNDLE,cards,私って怖い んでしょうか？,cards,,rei,,st-card-rei-05-onep-00,1,1,3,st-card-rei-05-onep-00-01|st-card-rei-05-onep-00-02|st-card-rei-05-onep-00-03,2,koh|rei,9548,266,TEXTURE,PROVISIONAL_PASS_A,Pass-A default for card stories; escalate when they change a stable character/relationship/theme model.,character-specific micro-development / ordinary-life or professional texture,NO,,,,NO,,NO,UNASSESSED,UNASSESSED,CATALOGUED_PASS_A,IP-V2-SNAPSHOT-2026-08-13-A,idoly-ingest/04_cards/by_character/rei/card_rei_013_st-card-rei-05-onep-00.md
card_rei_014_st-card-rei-05-pair-00,GAME_BUNDLE,cards,粗茶ですが、 どうぞ,cards,,rei,,st-card-rei-05-pair-00,1,1,3,st-card-rei-05-pair-00-01|st-card-rei-05-pair-00-02|st-card-rei-05-pair-00-03,2,koh|rei,11887,324,TEXTURE,PROVISIONAL_PASS_A,Pass-A default for card stories; escalate when they change a stable character/relationship/theme model.,character-specific micro-development / ordinary-life or professional texture,NO,,,,NO,,NO,UNASSESSED,UNASSESSED,CATALOGUED_PASS_A,IP-V2-SNAPSHOT-2026-08-13-A,idoly-ingest/04_cards/by_character/rei/card_rei_014_st-card-rei-05-pair-00.md
card_rei_015_st-card-rei-05-rock-00,GAME_BUNDLE,cards,休息を知らない怜,cards,,rei,,st-card-rei-05-rock-00,1,1,3,st-card-rei-05-rock-00-01|st-card-rei-05-rock-00-02|st-card-rei-05-rock-00-03,2,koh|rei,8831,248,TEXTURE,PROVISIONAL_PASS_A,Pass-A default for card stories; escalate when they change a stable character/relationship/theme model.,character-specific micro-development / ordinary-life or professional texture,NO,,,,NO,,NO,UNASSESSED,UNASSESSED,CATALOGUED_PASS_A,IP-V2-SNAPSHOT-2026-08-13-A,idoly-ingest/04_cards/by_character/rei/card_rei_015_st-card-rei-05-rock-00.md
card_rei_016_st-card-rei-05-sail-00,GAME_BUNDLE,cards,眩しく輝いて みせます,cards,,rei,,st-card-rei-05-sail-00,1,1,3,st-card-rei-05-sail-00-01|st-card-rei-05-sail-00-02|st-card-rei-05-sail-00-03,2,koh|rei,9621,255,TEXTURE,PROVISIONAL_PASS_A,Pass-A default for card stories; escalate when they change a stable character/relationship/theme model.,character-specific micro-development / ordinary-life or professional texture,NO,,,,NO,,NO,UNASSESSED,UNASSESSED,CATALOGUED_PASS_A,IP-V2-SNAPSHOT-2026-08-13-A,idoly-ingest/04_cards/by_character/rei/card_rei_016_st-card-rei-05-sail-00.md
card_rei_017_st-card-rei-05-trbl-00,GAME_BUNDLE,cards,ハレンチは 起こさせ ません,cards,,rei,,st-card-rei-05-trbl-00,1,1,3,st-card-rei-05-trbl-00-01|st-card-rei-05-trbl-00-02|st-card-rei-05-trbl-00-03,2,koh|rei,9871,267,TEXTURE,PROVISIONAL_PASS_A,Pass-A default for card stories; escalate when they change a stable character/relationship/theme model.,character-specific micro-development / ordinary-life or professional texture,NO,,,,NO,,NO,UNASSESSED,UNASSESSED,CATALOGUED_PASS_A,IP-V2-SNAPSHOT-2026-08-13-A,idoly-ingest/04_cards/by_character/rei/card_rei_017_st-card-rei-05-trbl-00.md
card_rei_018_st-card-rei-05-wdnc-00,GAME_BUNDLE,cards,アングラな 名前ですね,cards,,rei,,st-card-rei-05-wdnc-00,1,1,3,st-card-rei-05-wdnc-00-01|st-card-rei-05-wdnc-00-02|st-card-rei-05-wdnc-00-03,2,koh|rei,9285,262,TEXTURE,PROVISIONAL_PASS_A,Pass-A default for card stories; escalate when they change a stable character/relationship/theme model.,character-specific micro-development / ordinary-life or professional texture,NO,,,,NO,,NO,UNASSESSED,UNASSESSED,CATALOGUED_PASS_A,IP-V2-SNAPSHOT-2026-08-13-A,idoly-ingest/04_cards/by_character/rei/card_rei_018_st-card-rei-05-wdnc-00.md
card_rei_019_st-card-rei-05-wedd-00,GAME_BUNDLE,cards,結婚 おめでとう,cards,,rei,,st-card-rei-05-wedd-00,1,1,3,st-card-rei-05-wedd-00-01|st-card-rei-05-wedd-00-02|st-card-rei-05-wedd-00-03,2,koh|rei,9287,260,TEXTURE,PROVISIONAL_PASS_A,Pass-A default for card stories; escalate when they change a stable character/relationship/theme model.,character-specific micro-development / ordinary-life or professional texture,NO,,,,NO,,NO,UNASSESSED,UNASSESSED,CATALOGUED_PASS_A,IP-V2-SNAPSHOT-2026-08-13-A,idoly-ingest/04_cards/by_character/rei/card_rei_019_st-card-rei-05-wedd-00.md
card_rik_001_st-card-rik-05-sush-00,GAME_BUNDLE,cards,なんだか 後ろに気配が,cards,,rik,,st-card-rik-05-sush-00,1,1,3,st-card-rik-05-sush-00-01|st-card-rik-05-sush-00-02|st-card-rik-05-sush-00-03,2,rik|szk,6198,200,TEXTURE,PROVISIONAL_PASS_A,Pass-A default for card stories; escalate when they change a stable character/relationship/theme model.,character-specific micro-development / ordinary-life or professional texture,NO,,,,NO,,NO,UNASSESSED,UNASSESSED,CATALOGUED_PASS_A,IP-V2-SNAPSHOT-2026-08-13-A,idoly-ingest/04_cards/by_character/rik/card_rik_001_st-card-rik-05-sush-00.md
card_rio_001_st-card-rio-05-birt-00,GAME_BUNDLE,cards,莉央の わがまま,cards,,rio,,st-card-rio-05-birt-00,1,1,3,st-card-rio-05-birt-00-01|st-card-rio-05-birt-00-02|st-card-rio-05-birt-00-03,3,aoi|rei|rio,8643,291,TEXTURE,PROVISIONAL_PASS_A,Pass-A default for card stories; escalate when they change a stable character/relationship/theme model.,character-specific micro-development / ordinary-life or professional texture,NO,,,,NO,,NO,UNASSESSED,UNASSESSED,CATALOGUED_PASS_A,IP-V2-SNAPSHOT-2026-08-13-A,idoly-ingest/04_cards/by_character/rio/card_rio_001_st-card-rio-05-birt-00.md
card_rio_002_st-card-rio-05-birt-01,GAME_BUNDLE,cards,慰安旅行 in沖縄,cards,,rio,,st-card-rio-05-birt-01,1,1,3,st-card-rio-05-birt-01-01|st-card-rio-05-birt-01-02|st-card-rio-05-birt-01-03,6,aoi|koh|kor|mei|ngs|rio,7406,195,TEXTURE,PROVISIONAL_PASS_A,Pass-A default for card stories; escalate when they change a stable character/relationship/theme model.,character-specific micro-development / ordinary-life or professional texture,NO,,,,NO,,NO,UNASSESSED,UNASSESSED,CATALOGUED_PASS_A,IP-V2-SNAPSHOT-2026-08-13-A,idoly-ingest/04_cards/by_character/rio/card_rio_002_st-card-rio-05-birt-01.md
card_rio_003_st-card-rio-05-birt-02,GAME_BUNDLE,cards,空き巣に 入られてる じゃない,cards,,rio,,st-card-rio-05-birt-02,1,1,3,st-card-rio-05-birt-02-01|st-card-rio-05-birt-02-02|st-card-rio-05-birt-02-03,4,ai|kkr|kor|rio,4946,124,TEXTURE,PROVISIONAL_PASS_A,Pass-A default for card stories; escalate when they change a stable character/relationship/theme model.,character-specific micro-development / ordinary-life or professional texture,NO,,,,NO,,NO,UNASSESSED,UNASSESSED,CATALOGUED_PASS_A,IP-V2-SNAPSHOT-2026-08-13-A,idoly-ingest/04_cards/by_character/rio/card_rio_003_st-card-rio-05-birt-02.md
card_rio_004_st-card-rio-05-casl-02,GAME_BUNDLE,cards,敗北を 味わわせて あげる,cards,,rio,,st-card-rio-05-casl-02,1,1,3,st-card-rio-05-casl-02-01|st-card-rio-05-casl-02-02|st-card-rio-05-casl-02-03,2,koh|rio,9705,257,TEXTURE,PROVISIONAL_PASS_A,Pass-A default for card stories; escalate when they change a stable character/relationship/theme model.,character-specific micro-development / ordinary-life or professional texture,NO,,,,NO,,NO,UNASSESSED,UNASSESSED,CATALOGUED_PASS_A,IP-V2-SNAPSHOT-2026-08-13-A,idoly-ingest/04_cards/by_character/rio/card_rio_004_st-card-rio-05-casl-02.md
card_rio_005_st-card-rio-05-casl-04,GAME_BUNDLE,cards,私がお店に 立つわ,cards,,rio,,st-card-rio-05-casl-04,1,1,3,st-card-rio-05-casl-04-01|st-card-rio-05-casl-04-02|st-card-rio-05-casl-04-03,3,koh|lizfanc|rio,10672,264,TEXTURE,PROVISIONAL_PASS_A,Pass-A default for card stories; escalate when they change a stable character/relationship/theme model.,character-specific micro-development / ordinary-life or professional texture,NO,,,,NO,,NO,UNASSESSED,UNASSESSED,CATALOGUED_PASS_A,IP-V2-SNAPSHOT-2026-08-13-A,idoly-ingest/04_cards/by_character/rio/card_rio_005_st-card-rio-05-casl-04.md
card_rio_006_st-card-rio-05-fest-00,GAME_BUNDLE,cards,大人げない 自分,cards,,rio,,st-card-rio-05-fest-00,1,1,3,st-card-rio-05-fest-00-01|st-card-rio-05-fest-00-02|st-card-rio-05-fest-00-03,2,koh|rio,8251,227,TEXTURE,PROVISIONAL_PASS_A,Pass-A default for card stories; escalate when they change a stable character/relationship/theme model.,character-specific micro-development / ordinary-life or professional texture,NO,,,,NO,,NO,UNASSESSED,UNASSESSED,CATALOGUED_PASS_A,IP-V2-SNAPSHOT-2026-08-13-A,idoly-ingest/04_cards/by_character/rio/card_rio_006_st-card-rio-05-fest-00.md
card_rio_007_st-card-rio-05-fest-01,GAME_BUNDLE,cards,莉央への 密着 インタビュー,cards,,rio,,st-card-rio-05-fest-01,1,1,3,st-card-rio-05-fest-01-01|st-card-rio-05-fest-01-02|st-card-rio-05-fest-01-03,2,koh|rio,8926,247,TEXTURE,PROVISIONAL_PASS_A,Pass-A default for card stories; escalate when they change a stable character/relationship/theme model.,character-specific micro-development / ordinary-life or professional texture,NO,,,,NO,,NO,UNASSESSED,UNASSESSED,CATALOGUED_PASS_A,IP-V2-SNAPSHOT-2026-08-13-A,idoly-ingest/04_cards/by_character/rio/card_rio_007_st-card-rio-05-fest-01.md
card_rio_008_st-card-rio-05-fest-03,GAME_BUNDLE,cards,負けられない 理由,cards,,rio,,st-card-rio-05-fest-03,1,1,3,st-card-rio-05-fest-03-01|st-card-rio-05-fest-03-02|st-card-rio-05-fest-03-03,2,koh|rio,11044,286,TEXTURE,PROVISIONAL_PASS_A,Pass-A default for card stories; escalate when they change a stable character/relationship/theme model.,character-specific micro-development / ordinary-life or professional texture,NO,,,,NO,,NO,UNASSESSED,UNASSESSED,CATALOGUED_PASS_A,IP-V2-SNAPSHOT-2026-08-13-A,idoly-ingest/04_cards/by_character/rio/card_rio_008_st-card-rio-05-fest-03.md
card_rio_009_st-card-rio-05-halw-00,GAME_BUNDLE,cards,プライドの塊,cards,,rio,,st-card-rio-05-halw-00,1,1,3,st-card-rio-05-halw-00-01|st-card-rio-05-halw-00-02|st-card-rio-05-halw-00-03,2,koh|rio,8061,225,TEXTURE,PROVISIONAL_PASS_A,Pass-A default for card stories; escalate when they change a stable character/relationship/theme model.,character-specific micro-development / ordinary-life or professional texture,NO,,,,NO,,NO,UNASSESSED,UNASSESSED,CATALOGUED_PASS_A,IP-V2-SNAPSHOT-2026-08-13-A,idoly-ingest/04_cards/by_character/rio/card_rio_009_st-card-rio-05-halw-00.md
card_rio_010_st-card-rio-05-idol-00,GAME_BUNDLE,cards,トップを取る のは私達,cards,,rio,,st-card-rio-05-idol-00,1,1,3,st-card-rio-05-idol-00-01|st-card-rio-05-idol-00-02|st-card-rio-05-idol-00-03,4,koh|lizfana|lizfanb|rio,6690,197,TEXTURE,PROVISIONAL_PASS_A,Pass-A default for card stories; escalate when they change a stable character/relationship/theme model.,character-specific micro-development / ordinary-life or professional texture,NO,,,,NO,,NO,UNASSESSED,UNASSESSED,CATALOGUED_PASS_A,IP-V2-SNAPSHOT-2026-08-13-A,idoly-ingest/04_cards/by_character/rio/card_rio_010_st-card-rio-05-idol-00.md
card_rio_011_st-card-rio-05-kait-00,GAME_BUNDLE,cards,宣戦布告,cards,,rio,,st-card-rio-05-kait-00,1,1,3,st-card-rio-05-kait-00-01|st-card-rio-05-kait-00-02|st-card-rio-05-kait-00-03,2,koh|rio,10686,294,TEXTURE,PROVISIONAL_PASS_A,Pass-A default for card stories; escalate when they change a stable character/relationship/theme model.,character-specific micro-development / ordinary-life or professional texture,NO,,,,NO,,NO,UNASSESSED,UNASSESSED,CATALOGUED_PASS_A,IP-V2-SNAPSHOT-2026-08-13-A,idoly-ingest/04_cards/by_character/rio/card_rio_011_st-card-rio-05-kait-00.md
card_rio_012_st-card-rio-05-kiok-00,GAME_BUNDLE,cards,思い出を 巡れば,cards,,rio,,st-card-rio-05-kiok-00,1,1,3,st-card-rio-05-kiok-00-01|st-card-rio-05-kiok-00-02|st-card-rio-05-kiok-00-03,2,koh|rio,8917,249,TEXTURE,PROVISIONAL_PASS_A,Pass-A default for card stories; escalate when they change a stable character/relationship/theme model.,character-specific micro-development / ordinary-life or professional texture,NO,,,,NO,,NO,UNASSESSED,UNASSESSED,CATALOGUED_PASS_A,IP-V2-SNAPSHOT-2026-08-13-A,idoly-ingest/04_cards/by_character/rio/card_rio_012_st-card-rio-05-kiok-00.md
card_rio_013_st-card-rio-05-mizg-02,GAME_BUNDLE,cards,じっと 見ないで ちょうだい,cards,,rio,,st-card-rio-05-mizg-02,1,1,3,st-card-rio-05-mizg-02-01|st-card-rio-05-mizg-02-02|st-card-rio-05-mizg-02-03,2,koh|rio,8532,226,TEXTURE,PROVISIONAL_PASS_A,Pass-A default for card stories; escalate when they change a stable character/relationship/theme model.,character-specific micro-development / ordinary-life or professional texture,NO,,,,NO,,NO,UNASSESSED,UNASSESSED,CATALOGUED_PASS_A,IP-V2-SNAPSHOT-2026-08-13-A,idoly-ingest/04_cards/by_character/rio/card_rio_013_st-card-rio-05-mizg-02.md
card_rio_014_st-card-rio-05-newy-00,GAME_BUNDLE,cards,実家に来る？,cards,,rio,,st-card-rio-05-newy-00,1,1,3,st-card-rio-05-newy-00-01|st-card-rio-05-newy-00-02|st-card-rio-05-newy-00-03,3,koh|rio|riomam,8587,241,TEXTURE,PROVISIONAL_PASS_A,Pass-A default for card stories; escalate when they change a stable character/relationship/theme model.,character-specific micro-development / ordinary-life or professional texture,NO,,,,NO,,NO,UNASSESSED,UNASSESSED,CATALOGUED_PASS_A,IP-V2-SNAPSHOT-2026-08-13-A,idoly-ingest/04_cards/by_character/rio/card_rio_014_st-card-rio-05-newy-00.md
card_rio_015_st-card-rio-05-pajm-00,GAME_BUNDLE,cards,コスメの CM？,cards,,rio,,st-card-rio-05-pajm-00,1,1,3,st-card-rio-05-pajm-00-01|st-card-rio-05-pajm-00-02|st-card-rio-05-pajm-00-03,2,koh|rio,9543,258,TEXTURE,PROVISIONAL_PASS_A,Pass-A default for card stories; escalate when they change a stable character/relationship/theme model.,character-specific micro-development / ordinary-life or professional texture,NO,,,,NO,,NO,UNASSESSED,UNASSESSED,CATALOGUED_PASS_A,IP-V2-SNAPSHOT-2026-08-13-A,idoly-ingest/04_cards/by_character/rio/card_rio_015_st-card-rio-05-pajm-00.md
card_rio_016_st-card-rio-05-past-00,GAME_BUNDLE,cards,葵と私の話,cards,,rio,,st-card-rio-05-past-00,1,1,3,st-card-rio-05-past-00-01|st-card-rio-05-past-00-02|st-card-rio-05-past-00-03,3,koh|rio|shj,9485,250,TEXTURE,PROVISIONAL_PASS_A,Pass-A default for card stories; escalate when they change a stable character/relationship/theme model.,character-specific micro-development / ordinary-life or professional texture,NO,,,,NO,,NO,UNASSESSED,UNASSESSED,CATALOGUED_PASS_A,IP-V2-SNAPSHOT-2026-08-13-A,idoly-ingest/04_cards/by_character/rio/card_rio_016_st-card-rio-05-past-00.md
card_rio_017_st-card-rio-05-trbl-00,GAME_BUNDLE,cards,そんなに じろじろ 見ないで,cards,,rio,,st-card-rio-05-trbl-00,1,1,3,st-card-rio-05-trbl-00-01|st-card-rio-05-trbl-00-02|st-card-rio-05-trbl-00-03,2,koh|rio,8910,244,TEXTURE,PROVISIONAL_PASS_A,Pass-A default for card stories; escalate when they change a stable character/relationship/theme model.,character-specific micro-development / ordinary-life or professional texture,NO,,,,NO,,NO,UNASSESSED,UNASSESSED,CATALOGUED_PASS_A,IP-V2-SNAPSHOT-2026-08-13-A,idoly-ingest/04_cards/by_character/rio/card_rio_017_st-card-rio-05-trbl-00.md
card_rio_018_st-card-rio-05-wedd-00,GAME_BUNDLE,cards,私の プライドは ズタズタよ,cards,,rio,,st-card-rio-05-wedd-00,1,1,3,st-card-rio-05-wedd-00-01|st-card-rio-05-wedd-00-02|st-card-rio-05-wedd-00-03,2,koh|rio,8876,245,TEXTURE,PROVISIONAL_PASS_A,Pass-A default for card stories; escalate when they change a stable character/relationship/theme model.,character-specific micro-development / ordinary-life or professional texture,NO,,,,NO,,NO,UNASSESSED,UNASSESSED,CATALOGUED_PASS_A,IP-V2-SNAPSHOT-2026-08-13-A,idoly-ingest/04_cards/by_character/rio/card_rio_018_st-card-rio-05-wedd-00.md
card_rui_001_st-card-rui-05-birt-00,GAME_BUNDLE,cards,瑠依の疑問,cards,,rui,,st-card-rui-05-birt-00,1,1,3,st-card-rui-05-birt-00-01|st-card-rui-05-birt-00-02|st-card-rui-05-birt-00-03,3,rui|smr|yu,8795,275,TEXTURE,PROVISIONAL_PASS_A,Pass-A default for card stories; escalate when they change a stable character/relationship/theme model.,character-specific micro-development / ordinary-life or professional texture,NO,,,,NO,,NO,UNASSESSED,UNASSESSED,CATALOGUED_PASS_A,IP-V2-SNAPSHOT-2026-08-13-A,idoly-ingest/04_cards/by_character/rui/card_rui_001_st-card-rui-05-birt-00.md
card_rui_002_st-card-rui-05-birt-01,GAME_BUNDLE,cards,慰安旅行 in京都,cards,,rui,,st-card-rui-05-birt-01,1,1,3,st-card-rui-05-birt-01-01|st-card-rui-05-birt-01-02|st-card-rui-05-birt-01-03,6,chs|koh|rui|ski|suz|szk,6524,182,TEXTURE,PROVISIONAL_PASS_A,Pass-A default for card stories; escalate when they change a stable character/relationship/theme model.,character-specific micro-development / ordinary-life or professional texture,NO,,,,NO,,NO,UNASSESSED,UNASSESSED,CATALOGUED_PASS_A,IP-V2-SNAPSHOT-2026-08-13-A,idoly-ingest/04_cards/by_character/rui/card_rui_002_st-card-rui-05-birt-01.md
card_rui_003_st-card-rui-05-birt-02,GAME_BUNDLE,cards,黒魔術 でも やってんの,cards,,rui,,st-card-rui-05-birt-02,1,1,3,st-card-rui-05-birt-02-01|st-card-rui-05-birt-02-02|st-card-rui-05-birt-02-03,4,rio|rui|ski|skr,4593,116,TEXTURE,PROVISIONAL_PASS_A,Pass-A default for card stories; escalate when they change a stable character/relationship/theme model.,character-specific micro-development / ordinary-life or professional texture,NO,,,,NO,,NO,UNASSESSED,UNASSESSED,CATALOGUED_PASS_A,IP-V2-SNAPSHOT-2026-08-13-A,idoly-ingest/04_cards/by_character/rui/card_rui_003_st-card-rui-05-birt-02.md
card_rui_004_st-card-rui-05-date-00,GAME_BUNDLE,cards,未知の体験,cards,,rui,,st-card-rui-05-date-00,1,1,3,st-card-rui-05-date-00-01|st-card-rui-05-date-00-02|st-card-rui-05-date-00-03,2,koh|rui,10749,294,TEXTURE,PROVISIONAL_PASS_A,Pass-A default for card stories; escalate when they change a stable character/relationship/theme model.,character-specific micro-development / ordinary-life or professional texture,NO,,,,NO,,NO,UNASSESSED,UNASSESSED,CATALOGUED_PASS_A,IP-V2-SNAPSHOT-2026-08-13-A,idoly-ingest/04_cards/by_character/rui/card_rui_004_st-card-rui-05-date-00.md
card_rui_005_st-card-rui-05-fest-01,GAME_BUNDLE,cards,私一人だけ ですか？,cards,,rui,,st-card-rui-05-fest-01,1,1,3,st-card-rui-05-fest-01-01|st-card-rui-05-fest-01-02|st-card-rui-05-fest-01-03,2,koh|rui,10456,282,TEXTURE,PROVISIONAL_PASS_A,Pass-A default for card stories; escalate when they change a stable character/relationship/theme model.,character-specific micro-development / ordinary-life or professional texture,NO,,,,NO,,NO,UNASSESSED,UNASSESSED,CATALOGUED_PASS_A,IP-V2-SNAPSHOT-2026-08-13-A,idoly-ingest/04_cards/by_character/rui/card_rui_005_st-card-rui-05-fest-01.md
card_rui_006_st-card-rui-05-fest-03,GAME_BUNDLE,cards,わわわ私 なんてことを,cards,,rui,,st-card-rui-05-fest-03,1,1,3,st-card-rui-05-fest-03-01|st-card-rui-05-fest-03-02|st-card-rui-05-fest-03-03,2,koh|rui,10610,266,TEXTURE,PROVISIONAL_PASS_A,Pass-A default for card stories; escalate when they change a stable character/relationship/theme model.,character-specific micro-development / ordinary-life or professional texture,NO,,,,NO,,NO,UNASSESSED,UNASSESSED,CATALOGUED_PASS_A,IP-V2-SNAPSHOT-2026-08-13-A,idoly-ingest/04_cards/by_character/rui/card_rui_006_st-card-rui-05-fest-03.md
card_rui_007_st-card-rui-05-fest-04,GAME_BUNDLE,cards,こ、こ ……恋！？,cards,,rui,,st-card-rui-05-fest-04,1,1,3,st-card-rui-05-fest-04-01|st-card-rui-05-fest-04-02|st-card-rui-05-fest-04-03,2,koh|rui,9222,253,TEXTURE,PROVISIONAL_PASS_A,Pass-A default for card stories; escalate when they change a stable character/relationship/theme model.,character-specific micro-development / ordinary-life or professional texture,NO,,,,NO,,NO,UNASSESSED,UNASSESSED,CATALOGUED_PASS_A,IP-V2-SNAPSHOT-2026-08-13-A,idoly-ingest/04_cards/by_character/rui/card_rui_007_st-card-rui-05-fest-04.md
card_rui_008_st-card-rui-05-idol-00,GAME_BUNDLE,cards,財布がない,cards,,rui,,st-card-rui-05-idol-00,1,1,3,st-card-rui-05-idol-00-01|st-card-rui-05-idol-00-02|st-card-rui-05-idol-00-03,3,koh|reportera|rui,8828,259,TEXTURE,PROVISIONAL_PASS_A,Pass-A default for card stories; escalate when they change a stable character/relationship/theme model.,character-specific micro-development / ordinary-life or professional texture,NO,,,,NO,,NO,UNASSESSED,UNASSESSED,CATALOGUED_PASS_A,IP-V2-SNAPSHOT-2026-08-13-A,idoly-ingest/04_cards/by_character/rui/card_rui_008_st-card-rui-05-idol-00.md
card_rui_009_st-card-rui-05-idol-04,GAME_BUNDLE,cards,差を埋める 方法,cards,,rui,,st-card-rui-05-idol-04,1,1,3,st-card-rui-05-idol-04-01|st-card-rui-05-idol-04-02|st-card-rui-05-idol-04-03,2,koh|rui,9510,267,TEXTURE,PROVISIONAL_PASS_A,Pass-A default for card stories; escalate when they change a stable character/relationship/theme model.,character-specific micro-development / ordinary-life or professional texture,NO,,,,NO,,NO,UNASSESSED,UNASSESSED,CATALOGUED_PASS_A,IP-V2-SNAPSHOT-2026-08-13-A,idoly-ingest/04_cards/by_character/rui/card_rui_009_st-card-rui-05-idol-04.md
card_rui_010_st-card-rui-05-miku-00,GAME_BUNDLE,cards,同じステージ に立って,cards,,rui,,st-card-rui-05-miku-00,1,1,3,st-card-rui-05-miku-00-01|st-card-rui-05-miku-00-02|st-card-rui-05-miku-00-03,2,koh|rui,8179,228,TEXTURE,PROVISIONAL_PASS_A,Pass-A default for card stories; escalate when they change a stable character/relationship/theme model.,character-specific micro-development / ordinary-life or professional texture,NO,,,,NO,,NO,UNASSESSED,UNASSESSED,CATALOGUED_PASS_A,IP-V2-SNAPSHOT-2026-08-13-A,idoly-ingest/04_cards/by_character/rui/card_rui_010_st-card-rui-05-miku-00.md
card_rui_011_st-card-rui-05-mizg-01,GAME_BUNDLE,cards,瑠依の恩返し,cards,,rui,,st-card-rui-05-mizg-01,1,1,3,st-card-rui-05-mizg-01-01|st-card-rui-05-mizg-01-02|st-card-rui-05-mizg-01-03,2,koh|rui,9325,268,TEXTURE,PROVISIONAL_PASS_A,Pass-A default for card stories; escalate when they change a stable character/relationship/theme model.,character-specific micro-development / ordinary-life or professional texture,NO,,,,NO,,NO,UNASSESSED,UNASSESSED,CATALOGUED_PASS_A,IP-V2-SNAPSHOT-2026-08-13-A,idoly-ingest/04_cards/by_character/rui/card_rui_011_st-card-rui-05-mizg-01.md
card_rui_012_st-card-rui-05-newy-00,GAME_BUNDLE,cards,CMでも 食べたお揚げ,cards,,rui,,st-card-rui-05-newy-00,1,1,3,st-card-rui-05-newy-00-01|st-card-rui-05-newy-00-02|st-card-rui-05-newy-00-03,2,koh|rui,10568,281,TEXTURE,PROVISIONAL_PASS_A,Pass-A default for card stories; escalate when they change a stable character/relationship/theme model.,character-specific micro-development / ordinary-life or professional texture,NO,,,,NO,,NO,UNASSESSED,UNASSESSED,CATALOGUED_PASS_A,IP-V2-SNAPSHOT-2026-08-13-A,idoly-ingest/04_cards/by_character/rui/card_rui_012_st-card-rui-05-newy-00.md
card_rui_013_st-card-rui-05-sucu-00,GAME_BUNDLE,cards,サキュバス ってなんで すか！？,cards,,rui,,st-card-rui-05-sucu-00,1,1,3,st-card-rui-05-sucu-00-01|st-card-rui-05-sucu-00-02|st-card-rui-05-sucu-00-03,2,koh|rui,10116,265,TEXTURE,PROVISIONAL_PASS_A,Pass-A default for card stories; escalate when they change a stable character/relationship/theme model.,character-specific micro-development / ordinary-life or professional texture,NO,,,,NO,,NO,UNASSESSED,UNASSESSED,CATALOGUED_PASS_A,IP-V2-SNAPSHOT-2026-08-13-A,idoly-ingest/04_cards/by_character/rui/card_rui_013_st-card-rui-05-sucu-00.md
card_rui_014_st-card-rui-05-trbl-01,GAME_BUNDLE,cards,入れ 替わってる ーー！？,cards,,rui,,st-card-rui-05-trbl-01,1,1,3,st-card-rui-05-trbl-01-01|st-card-rui-05-trbl-01-02|st-card-rui-05-trbl-01-03,2,koh|rui,10417,263,TEXTURE,PROVISIONAL_PASS_A,Pass-A default for card stories; escalate when they change a stable character/relationship/theme model.,character-specific micro-development / ordinary-life or professional texture,NO,,,,NO,,NO,UNASSESSED,UNASSESSED,CATALOGUED_PASS_A,IP-V2-SNAPSHOT-2026-08-13-A,idoly-ingest/04_cards/by_character/rui/card_rui_014_st-card-rui-05-trbl-01.md
card_rui_015_st-card-rui-05-vlnt-00,GAME_BUNDLE,cards,掴めない感覚,cards,,rui,,st-card-rui-05-vlnt-00,1,1,3,st-card-rui-05-vlnt-00-01|st-card-rui-05-vlnt-00-02|st-card-rui-05-vlnt-00-03,2,koh|rui,7940,226,TEXTURE,PROVISIONAL_PASS_A,Pass-A default for card stories; escalate when they change a stable character/relationship/theme model.,character-specific micro-development / ordinary-life or professional texture,NO,,,,NO,,NO,UNASSESSED,UNASSESSED,CATALOGUED_PASS_A,IP-V2-SNAPSHOT-2026-08-13-A,idoly-ingest/04_cards/by_character/rui/card_rui_015_st-card-rui-05-vlnt-00.md
card_rui_016_st-card-rui-05-xmas-00,GAME_BUNDLE,cards,内緒で相談,cards,,rui,,st-card-rui-05-xmas-00,1,1,3,st-card-rui-05-xmas-00-01|st-card-rui-05-xmas-00-02|st-card-rui-05-xmas-00-03,2,koh|rui,7717,212,TEXTURE,PROVISIONAL_PASS_A,Pass-A default for card stories; escalate when they change a stable character/relationship/theme model.,character-specific micro-development / ordinary-life or professional texture,NO,,,,NO,,NO,UNASSESSED,UNASSESSED,CATALOGUED_PASS_A,IP-V2-SNAPSHOT-2026-08-13-A,idoly-ingest/04_cards/by_character/rui/card_rui_016_st-card-rui-05-xmas-00.md
card_rui_017_st-card-rui-05-yukt-00,GAME_BUNDLE,cards,か、か、間接,cards,,rui,,st-card-rui-05-yukt-00,1,1,3,st-card-rui-05-yukt-00-01|st-card-rui-05-yukt-00-02|st-card-rui-05-yukt-00-03,2,koh|rui,10453,282,TEXTURE,PROVISIONAL_PASS_A,Pass-A default for card stories; escalate when they change a stable character/relationship/theme model.,character-specific micro-development / ordinary-life or professional texture,NO,,,,NO,,NO,UNASSESSED,UNASSESSED,CATALOGUED_PASS_A,IP-V2-SNAPSHOT-2026-08-13-A,idoly-ingest/04_cards/by_character/rui/card_rui_017_st-card-rui-05-yukt-00.md
card_ski_001_st-card-ski-05-birt-00,GAME_BUNDLE,cards,千紗からの プレゼント,cards,,ski,,st-card-ski-05-birt-00,1,1,3,st-card-ski-05-birt-00-01|st-card-ski-05-birt-00-02|st-card-ski-05-birt-00-03,3,chs|hrk|ski,8507,260,TEXTURE,PROVISIONAL_PASS_A,Pass-A default for card stories; escalate when they change a stable character/relationship/theme model.,character-specific micro-development / ordinary-life or professional texture,NO,,,,NO,,NO,UNASSESSED,UNASSESSED,CATALOGUED_PASS_A,IP-V2-SNAPSHOT-2026-08-13-A,idoly-ingest/04_cards/by_character/ski/card_ski_001_st-card-ski-05-birt-00.md
card_ski_002_st-card-ski-05-birt-01,GAME_BUNDLE,cards,慰安旅行in 京都,cards,,ski,,st-card-ski-05-birt-01,1,1,3,st-card-ski-05-birt-01-01|st-card-ski-05-birt-01-02|st-card-ski-05-birt-01-03,6,chs|koh|rui|ski|suz|szk,6754,187,TEXTURE,PROVISIONAL_PASS_A,Pass-A default for card stories; escalate when they change a stable character/relationship/theme model.,character-specific micro-development / ordinary-life or professional texture,NO,,,,NO,,NO,UNASSESSED,UNASSESSED,CATALOGUED_PASS_A,IP-V2-SNAPSHOT-2026-08-13-A,idoly-ingest/04_cards/by_character/ski/card_ski_002_st-card-ski-05-birt-01.md
card_ski_003_st-card-ski-05-birt-02,GAME_BUNDLE,cards,可愛い お洋服とか 良さそうね,cards,,ski,,st-card-ski-05-birt-02,1,1,3,st-card-ski-05-birt-02-01|st-card-ski-05-birt-02-02|st-card-ski-05-birt-02-03,4,hrk|kor|ski|yu,4400,115,TEXTURE,PROVISIONAL_PASS_A,Pass-A default for card stories; escalate when they change a stable character/relationship/theme model.,character-specific micro-development / ordinary-life or professional texture,NO,,,,NO,,NO,UNASSESSED,UNASSESSED,CATALOGUED_PASS_A,IP-V2-SNAPSHOT-2026-08-13-A,idoly-ingest/04_cards/by_character/ski/card_ski_003_st-card-ski-05-birt-02.md
card_ski_004_st-card-ski-05-chsk-00,GAME_BUNDLE,cards,確かな成長と 違和感,cards,,ski,,st-card-ski-05-chsk-00,1,1,3,st-card-ski-05-chsk-00-01|st-card-ski-05-chsk-00-02|st-card-ski-05-chsk-00-03,2,koh|ski,10379,283,TEXTURE,PROVISIONAL_PASS_A,Pass-A default for card stories; escalate when they change a stable character/relationship/theme model.,character-specific micro-development / ordinary-life or professional texture,NO,,,,NO,,NO,UNASSESSED,UNASSESSED,CATALOGUED_PASS_A,IP-V2-SNAPSHOT-2026-08-13-A,idoly-ingest/04_cards/by_character/ski/card_ski_004_st-card-ski-05-chsk-00.md
card_ski_005_st-card-ski-05-fest-02,GAME_BUNDLE,cards,我慢するのは もったいない,cards,,ski,,st-card-ski-05-fest-02,1,1,3,st-card-ski-05-fest-02-01|st-card-ski-05-fest-02-02|st-card-ski-05-fest-02-03,2,koh|ski,9583,245,TEXTURE,PROVISIONAL_PASS_A,Pass-A default for card stories; escalate when they change a stable character/relationship/theme model.,character-specific micro-development / ordinary-life or professional texture,NO,,,,NO,,NO,UNASSESSED,UNASSESSED,CATALOGUED_PASS_A,IP-V2-SNAPSHOT-2026-08-13-A,idoly-ingest/04_cards/by_character/ski/card_ski_005_st-card-ski-05-fest-02.md
card_ski_006_st-card-ski-05-idol-00,GAME_BUNDLE,cards,整理整頓,cards,,ski,,st-card-ski-05-idol-00,1,1,3,st-card-ski-05-idol-00-01|st-card-ski-05-idol-00-02|st-card-ski-05-idol-00-03,2,koh|ski,7445,215,TEXTURE,PROVISIONAL_PASS_A,Pass-A default for card stories; escalate when they change a stable character/relationship/theme model.,character-specific micro-development / ordinary-life or professional texture,NO,,,,NO,,NO,UNASSESSED,UNASSESSED,CATALOGUED_PASS_A,IP-V2-SNAPSHOT-2026-08-13-A,idoly-ingest/04_cards/by_character/ski/card_ski_006_st-card-ski-05-idol-00.md
card_ski_007_st-card-ski-05-kifj-00,GAME_BUNDLE,cards,オーディション結果,cards,,ski,,st-card-ski-05-kifj-00,1,1,3,st-card-ski-05-kifj-00-01|st-card-ski-05-kifj-00-02|st-card-ski-05-kifj-00-03,2,koh|ski,7934,233,TEXTURE,PROVISIONAL_PASS_A,Pass-A default for card stories; escalate when they change a stable character/relationship/theme model.,character-specific micro-development / ordinary-life or professional texture,NO,,,,NO,,NO,UNASSESSED,UNASSESSED,CATALOGUED_PASS_A,IP-V2-SNAPSHOT-2026-08-13-A,idoly-ingest/04_cards/by_character/ski/card_ski_007_st-card-ski-05-kifj-00.md
card_ski_008_st-card-ski-05-link-00,GAME_BUNDLE,cards,それぞれの 『ソロ曲』,cards,,ski,,st-card-ski-05-link-00,1,1,3,st-card-ski-05-link-00-01|st-card-ski-05-link-00-02|st-card-ski-05-link-00-03,2,chs|ski,8671,256,TEXTURE,PROVISIONAL_PASS_A,Pass-A default for card stories; escalate when they change a stable character/relationship/theme model.,character-specific micro-development / ordinary-life or professional texture,NO,,,,NO,,NO,UNASSESSED,UNASSESSED,CATALOGUED_PASS_A,IP-V2-SNAPSHOT-2026-08-13-A,idoly-ingest/04_cards/by_character/ski/card_ski_008_st-card-ski-05-link-00.md
card_ski_009_st-card-ski-05-miku-05,GAME_BUNDLE,cards,ミクさんと 共演っ！？,cards,,ski,,st-card-ski-05-miku-05,1,1,3,st-card-ski-05-miku-05-01|st-card-ski-05-miku-05-02|st-card-ski-05-miku-05-03,2,koh|ski,10543,265,TEXTURE,PROVISIONAL_PASS_A,Pass-A default for card stories; escalate when they change a stable character/relationship/theme model.,character-specific micro-development / ordinary-life or professional texture,NO,,,,NO,,NO,UNASSESSED,UNASSESSED,CATALOGUED_PASS_A,IP-V2-SNAPSHOT-2026-08-13-A,idoly-ingest/04_cards/by_character/ski/card_ski_009_st-card-ski-05-miku-05.md
card_ski_010_st-card-ski-05-mizg-02,GAME_BUNDLE,cards,意外な一面を 探して,cards,,ski,,st-card-ski-05-mizg-02,1,1,3,st-card-ski-05-mizg-02-01|st-card-ski-05-mizg-02-02|st-card-ski-05-mizg-02-03,2,koh|ski,8793,245,TEXTURE,PROVISIONAL_PASS_A,Pass-A default for card stories; escalate when they change a stable character/relationship/theme model.,character-specific micro-development / ordinary-life or professional texture,NO,,,,NO,,NO,UNASSESSED,UNASSESSED,CATALOGUED_PASS_A,IP-V2-SNAPSHOT-2026-08-13-A,idoly-ingest/04_cards/by_character/ski/card_ski_010_st-card-ski-05-mizg-02.md
card_ski_011_st-card-ski-05-newy-00,GAME_BUNDLE,cards,中身だけ なくなってる,cards,,ski,,st-card-ski-05-newy-00,1,1,3,st-card-ski-05-newy-00-01|st-card-ski-05-newy-00-02|st-card-ski-05-newy-00-03,2,koh|ski,9809,265,TEXTURE,PROVISIONAL_PASS_A,Pass-A default for card stories; escalate when they change a stable character/relationship/theme model.,character-specific micro-development / ordinary-life or professional texture,NO,,,,NO,,NO,UNASSESSED,UNASSESSED,CATALOGUED_PASS_A,IP-V2-SNAPSHOT-2026-08-13-A,idoly-ingest/04_cards/by_character/ski/card_ski_011_st-card-ski-05-newy-00.md
card_ski_012_st-card-ski-05-onep-00,GAME_BUNDLE,cards,恋愛について の勉強,cards,,ski,,st-card-ski-05-onep-00,1,1,3,st-card-ski-05-onep-00-01|st-card-ski-05-onep-00-02|st-card-ski-05-onep-00-03,2,koh|ski,9419,266,TEXTURE,PROVISIONAL_PASS_A,Pass-A default for card stories; escalate when they change a stable character/relationship/theme model.,character-specific micro-development / ordinary-life or professional texture,NO,,,,NO,,NO,UNASSESSED,UNASSESSED,CATALOGUED_PASS_A,IP-V2-SNAPSHOT-2026-08-13-A,idoly-ingest/04_cards/by_character/ski/card_ski_012_st-card-ski-05-onep-00.md
card_ski_013_st-card-ski-05-poli-00,GAME_BUNDLE,cards,目指せ スリクス,cards,,ski,,st-card-ski-05-poli-00,1,1,3,st-card-ski-05-poli-00-01|st-card-ski-05-poli-00-02|st-card-ski-05-poli-00-03,2,koh|ski,10854,296,TEXTURE,PROVISIONAL_PASS_A,Pass-A default for card stories; escalate when they change a stable character/relationship/theme model.,character-specific micro-development / ordinary-life or professional texture,NO,,,,NO,,NO,UNASSESSED,UNASSESSED,CATALOGUED_PASS_A,IP-V2-SNAPSHOT-2026-08-13-A,idoly-ingest/04_cards/by_character/ski/card_ski_013_st-card-ski-05-poli-00.md
card_ski_014_st-card-ski-05-ster-00,GAME_BUNDLE,cards,うぅ、 意地悪です,cards,,ski,,st-card-ski-05-ster-00,1,1,3,st-card-ski-05-ster-00-01|st-card-ski-05-ster-00-02|st-card-ski-05-ster-00-03,2,koh|ski,10389,261,TEXTURE,PROVISIONAL_PASS_A,Pass-A default for card stories; escalate when they change a stable character/relationship/theme model.,character-specific micro-development / ordinary-life or professional texture,NO,,,,NO,,NO,UNASSESSED,UNASSESSED,CATALOGUED_PASS_A,IP-V2-SNAPSHOT-2026-08-13-A,idoly-ingest/04_cards/by_character/ski/card_ski_014_st-card-ski-05-ster-00.md
card_ski_015_st-card-ski-05-waso-00,GAME_BUNDLE,cards,自分を さらけ出す,cards,,ski,,st-card-ski-05-waso-00,1,1,3,st-card-ski-05-waso-00-01|st-card-ski-05-waso-00-02|st-card-ski-05-waso-00-03,2,koh|ski,9886,286,TEXTURE,PROVISIONAL_PASS_A,Pass-A default for card stories; escalate when they change a stable character/relationship/theme model.,character-specific micro-development / ordinary-life or professional texture,NO,,,,NO,,NO,UNASSESSED,UNASSESSED,CATALOGUED_PASS_A,IP-V2-SNAPSHOT-2026-08-13-A,idoly-ingest/04_cards/by_character/ski/card_ski_015_st-card-ski-05-waso-00.md
card_ski_016_st-card-ski-05-xmas-00,GAME_BUNDLE,cards,何をあげたら いいんでしょう,cards,,ski,,st-card-ski-05-xmas-00,1,1,3,st-card-ski-05-xmas-00-01|st-card-ski-05-xmas-00-02|st-card-ski-05-xmas-00-03,2,koh|ski,10012,288,TEXTURE,PROVISIONAL_PASS_A,Pass-A default for card stories; escalate when they change a stable character/relationship/theme model.,character-specific micro-development / ordinary-life or professional texture,NO,,,,NO,,NO,UNASSESSED,UNASSESSED,CATALOGUED_PASS_A,IP-V2-SNAPSHOT-2026-08-13-A,idoly-ingest/04_cards/by_character/ski/card_ski_016_st-card-ski-05-xmas-00.md
card_skr_001_st-card-skr-05-adlt-00,GAME_BUNDLE,cards,友ちゃんの リスト,cards,,skr,,st-card-skr-05-adlt-00,1,1,3,st-card-skr-05-adlt-00-01|st-card-skr-05-adlt-00-02|st-card-skr-05-adlt-00-03,2,koh|skr,9702,252,TEXTURE,PROVISIONAL_PASS_A,Pass-A default for card stories; escalate when they change a stable character/relationship/theme model.,character-specific micro-development / ordinary-life or professional texture,NO,,,,NO,,NO,UNASSESSED,UNASSESSED,CATALOGUED_PASS_A,IP-V2-SNAPSHOT-2026-08-13-A,idoly-ingest/04_cards/by_character/skr/card_skr_001_st-card-skr-05-adlt-00.md
card_skr_002_st-card-skr-05-anml-00,GAME_BUNDLE,cards,味わってあげ たいんです！,cards,,skr,,st-card-skr-05-anml-00,1,1,3,st-card-skr-05-anml-00-01|st-card-skr-05-anml-00-02|st-card-skr-05-anml-00-03,2,koh|skr,9489,259,TEXTURE,PROVISIONAL_PASS_A,Pass-A default for card stories; escalate when they change a stable character/relationship/theme model.,character-specific micro-development / ordinary-life or professional texture,NO,,,,NO,,NO,UNASSESSED,UNASSESSED,CATALOGUED_PASS_A,IP-V2-SNAPSHOT-2026-08-13-A,idoly-ingest/04_cards/by_character/skr/card_skr_002_st-card-skr-05-anml-00.md
card_skr_003_st-card-skr-05-birt-00,GAME_BUNDLE,cards,家族は大事に しないと,cards,,skr,,st-card-skr-05-birt-00,1,1,3,st-card-skr-05-birt-00-01|st-card-skr-05-birt-00-02|st-card-skr-05-birt-00-03,3,hrk|ktn|skr,9133,271,TEXTURE,PROVISIONAL_PASS_A,Pass-A default for card stories; escalate when they change a stable character/relationship/theme model.,character-specific micro-development / ordinary-life or professional texture,NO,,,,NO,,NO,UNASSESSED,UNASSESSED,CATALOGUED_PASS_A,IP-V2-SNAPSHOT-2026-08-13-A,idoly-ingest/04_cards/by_character/skr/card_skr_003_st-card-skr-05-birt-00.md
card_skr_004_st-card-skr-05-birt-01,GAME_BUNDLE,cards,慰安旅行 in北海道,cards,,skr,,st-card-skr-05-birt-01,1,1,3,st-card-skr-05-birt-01-01|st-card-skr-05-birt-01-02|st-card-skr-05-birt-01-03,6,kan|koh|rei|skr|smr|yu,7414,195,TEXTURE,PROVISIONAL_PASS_A,Pass-A default for card stories; escalate when they change a stable character/relationship/theme model.,character-specific micro-development / ordinary-life or professional texture,NO,,,,NO,,NO,UNASSESSED,UNASSESSED,CATALOGUED_PASS_A,IP-V2-SNAPSHOT-2026-08-13-A,idoly-ingest/04_cards/by_character/skr/card_skr_004_st-card-skr-05-birt-01.md
card_skr_005_st-card-skr-05-birt-02,GAME_BUNDLE,cards,ナイス セレブ リティ！,cards,,skr,,st-card-skr-05-birt-02,1,1,3,st-card-skr-05-birt-02-01|st-card-skr-05-birt-02-02|st-card-skr-05-birt-02-03,4,ai|rui|skr|suz,4767,131,TEXTURE,PROVISIONAL_PASS_A,Pass-A default for card stories; escalate when they change a stable character/relationship/theme model.,character-specific micro-development / ordinary-life or professional texture,NO,,,,NO,,NO,UNASSESSED,UNASSESSED,CATALOGUED_PASS_A,IP-V2-SNAPSHOT-2026-08-13-A,idoly-ingest/04_cards/by_character/skr/card_skr_005_st-card-skr-05-birt-02.md
card_skr_006_st-card-skr-05-chia-00,GAME_BUNDLE,cards,頑張ります、 コーチ！,cards,,skr,,st-card-skr-05-chia-00,1,1,3,st-card-skr-05-chia-00-01|st-card-skr-05-chia-00-02|st-card-skr-05-chia-00-03,2,koh|skr,9155,243,TEXTURE,PROVISIONAL_PASS_A,Pass-A default for card stories; escalate when they change a stable character/relationship/theme model.,character-specific micro-development / ordinary-life or professional texture,NO,,,,NO,,NO,UNASSESSED,UNASSESSED,CATALOGUED_PASS_A,IP-V2-SNAPSHOT-2026-08-13-A,idoly-ingest/04_cards/by_character/skr/card_skr_006_st-card-skr-05-chia-00.md
card_skr_007_st-card-skr-05-chna-00,GAME_BUNDLE,cards,美味しくて 美味しいです,cards,,skr,,st-card-skr-05-chna-00,1,1,3,st-card-skr-05-chna-00-01|st-card-skr-05-chna-00-02|st-card-skr-05-chna-00-03,2,koh|skr,10281,275,TEXTURE,PROVISIONAL_PASS_A,Pass-A default for card stories; escalate when they change a stable character/relationship/theme model.,character-specific micro-development / ordinary-life or professional texture,NO,,,,NO,,NO,UNASSESSED,UNASSESSED,CATALOGUED_PASS_A,IP-V2-SNAPSHOT-2026-08-13-A,idoly-ingest/04_cards/by_character/skr/card_skr_007_st-card-skr-05-chna-00.md
card_skr_008_st-card-skr-05-fest-00,GAME_BUNDLE,cards,大き過ぎる期待,cards,,skr,,st-card-skr-05-fest-00,1,1,3,st-card-skr-05-fest-00-01|st-card-skr-05-fest-00-02|st-card-skr-05-fest-00-03,2,koh|skr,8823,241,TEXTURE,PROVISIONAL_PASS_A,Pass-A default for card stories; escalate when they change a stable character/relationship/theme model.,character-specific micro-development / ordinary-life or professional texture,NO,,,,NO,,NO,UNASSESSED,UNASSESSED,CATALOGUED_PASS_A,IP-V2-SNAPSHOT-2026-08-13-A,idoly-ingest/04_cards/by_character/skr/card_skr_008_st-card-skr-05-fest-00.md
card_skr_009_st-card-skr-05-fest-01,GAME_BUNDLE,cards,ニュース 見ましたか？,cards,,skr,,st-card-skr-05-fest-01,1,1,3,st-card-skr-05-fest-01-01|st-card-skr-05-fest-01-02|st-card-skr-05-fest-01-03,2,koh|skr,9799,266,TEXTURE,PROVISIONAL_PASS_A,Pass-A default for card stories; escalate when they change a stable character/relationship/theme model.,character-specific micro-development / ordinary-life or professional texture,NO,,,,NO,,NO,UNASSESSED,UNASSESSED,CATALOGUED_PASS_A,IP-V2-SNAPSHOT-2026-08-13-A,idoly-ingest/04_cards/by_character/skr/card_skr_009_st-card-skr-05-fest-01.md
card_skr_010_st-card-skr-05-fest-03,GAME_BUNDLE,cards,地元ファンが 喜ぶ企画,cards,,skr,,st-card-skr-05-fest-03,1,1,3,st-card-skr-05-fest-03-01|st-card-skr-05-fest-03-02|st-card-skr-05-fest-03-03,2,koh|skr,9687,260,TEXTURE,PROVISIONAL_PASS_A,Pass-A default for card stories; escalate when they change a stable character/relationship/theme model.,character-specific micro-development / ordinary-life or professional texture,NO,,,,NO,,NO,UNASSESSED,UNASSESSED,CATALOGUED_PASS_A,IP-V2-SNAPSHOT-2026-08-13-A,idoly-ingest/04_cards/by_character/skr/card_skr_010_st-card-skr-05-fest-03.md
card_skr_011_st-card-skr-05-idol-00,GAME_BUNDLE,cards,デビューと 同じ場所,cards,,skr,,st-card-skr-05-idol-00,1,1,3,st-card-skr-05-idol-00-01|st-card-skr-05-idol-00-02|st-card-skr-05-idol-00-03,3,host|koh|skr,9004,255,TEXTURE,PROVISIONAL_PASS_A,Pass-A default for card stories; escalate when they change a stable character/relationship/theme model.,character-specific micro-development / ordinary-life or professional texture,NO,,,,NO,,NO,UNASSESSED,UNASSESSED,CATALOGUED_PASS_A,IP-V2-SNAPSHOT-2026-08-13-A,idoly-ingest/04_cards/by_character/skr/card_skr_011_st-card-skr-05-idol-00.md
card_skr_012_st-card-skr-05-idol-03,GAME_BUNDLE,cards,新曲リリース,cards,,skr,,st-card-skr-05-idol-03,1,1,3,st-card-skr-05-idol-03-01|st-card-skr-05-idol-03-02|st-card-skr-05-idol-03-03,2,koh|skr,11358,306,TEXTURE,PROVISIONAL_PASS_A,Pass-A default for card stories; escalate when they change a stable character/relationship/theme model.,character-specific micro-development / ordinary-life or professional texture,NO,,,,NO,,NO,UNASSESSED,UNASSESSED,CATALOGUED_PASS_A,IP-V2-SNAPSHOT-2026-08-13-A,idoly-ingest/04_cards/by_character/skr/card_skr_012_st-card-skr-05-idol-03.md
card_skr_013_st-card-skr-05-mizg-04,GAME_BUNDLE,cards,ぎょぎょ っとしてて 格好いい,cards,,skr,,st-card-skr-05-mizg-04,1,1,3,st-card-skr-05-mizg-04-01|st-card-skr-05-mizg-04-02|st-card-skr-05-mizg-04-03,2,koh|skr,9909,265,TEXTURE,PROVISIONAL_PASS_A,Pass-A default for card stories; escalate when they change a stable character/relationship/theme model.,character-specific micro-development / ordinary-life or professional texture,NO,,,,NO,,NO,UNASSESSED,UNASSESSED,CATALOGUED_PASS_A,IP-V2-SNAPSHOT-2026-08-13-A,idoly-ingest/04_cards/by_character/skr/card_skr_013_st-card-skr-05-mizg-04.md
card_skr_014_st-card-skr-05-newy-00,GAME_BUNDLE,cards,羽根つき対決,cards,,skr,,st-card-skr-05-newy-00,1,1,3,st-card-skr-05-newy-00-01|st-card-skr-05-newy-00-02|st-card-skr-05-newy-00-03,2,koh|skr,9415,259,TEXTURE,PROVISIONAL_PASS_A,Pass-A default for card stories; escalate when they change a stable character/relationship/theme model.,character-specific micro-development / ordinary-life or professional texture,NO,,,,NO,,NO,UNASSESSED,UNASSESSED,CATALOGUED_PASS_A,IP-V2-SNAPSHOT-2026-08-13-A,idoly-ingest/04_cards/by_character/skr/card_skr_014_st-card-skr-05-newy-00.md
card_skr_015_st-card-skr-05-sail-00,GAME_BUNDLE,cards,瀕死の 遊園地を 救います！,cards,,skr,,st-card-skr-05-sail-00,1,1,3,st-card-skr-05-sail-00-01|st-card-skr-05-sail-00-02|st-card-skr-05-sail-00-03,2,koh|skr,10524,290,TEXTURE,PROVISIONAL_PASS_A,Pass-A default for card stories; escalate when they change a stable character/relationship/theme model.,character-specific micro-development / ordinary-life or professional texture,NO,,,,NO,,NO,UNASSESSED,UNASSESSED,CATALOGUED_PASS_A,IP-V2-SNAPSHOT-2026-08-13-A,idoly-ingest/04_cards/by_character/skr/card_skr_015_st-card-skr-05-sail-00.md
card_skr_016_st-card-skr-05-vlnt-00,GAME_BUNDLE,cards,想いよ 届け～！,cards,,skr,,st-card-skr-05-vlnt-00,1,1,3,st-card-skr-05-vlnt-00-01|st-card-skr-05-vlnt-00-02|st-card-skr-05-vlnt-00-03,2,koh|skr,10367,270,TEXTURE,PROVISIONAL_PASS_A,Pass-A default for card stories; escalate when they change a stable character/relationship/theme model.,character-specific micro-development / ordinary-life or professional texture,NO,,,,NO,,NO,UNASSESSED,UNASSESSED,CATALOGUED_PASS_A,IP-V2-SNAPSHOT-2026-08-13-A,idoly-ingest/04_cards/by_character/skr/card_skr_016_st-card-skr-05-vlnt-00.md
card_skr_017_st-card-skr-05-wedd-00,GAME_BUNDLE,cards,川咲さくら流 銀河一の お嫁さん,cards,,skr,,st-card-skr-05-wedd-00,1,1,3,st-card-skr-05-wedd-00-01|st-card-skr-05-wedd-00-02|st-card-skr-05-wedd-00-03,2,koh|skr,10128,277,TEXTURE,PROVISIONAL_PASS_A,Pass-A default for card stories; escalate when they change a stable character/relationship/theme model.,character-specific micro-development / ordinary-life or professional texture,NO,,,,NO,,NO,UNASSESSED,UNASSESSED,CATALOGUED_PASS_A,IP-V2-SNAPSHOT-2026-08-13-A,idoly-ingest/04_cards/by_character/skr/card_skr_017_st-card-skr-05-wedd-00.md
card_smr_001_st-card-smr-05-birt-00,GAME_BUNDLE,cards,サプライズ 過ぎるっ ちゃ～！,cards,,smr,,st-card-smr-05-birt-00,1,1,3,st-card-smr-05-birt-00-01|st-card-smr-05-birt-00-02|st-card-smr-05-birt-00-03,3,kkr|smr|szk,9332,278,TEXTURE,PROVISIONAL_PASS_A,Pass-A default for card stories; escalate when they change a stable character/relationship/theme model.,character-specific micro-development / ordinary-life or professional texture,NO,,,,NO,,NO,UNASSESSED,UNASSESSED,CATALOGUED_PASS_A,IP-V2-SNAPSHOT-2026-08-13-A,idoly-ingest/04_cards/by_character/smr/card_smr_001_st-card-smr-05-birt-00.md
card_smr_002_st-card-smr-05-birt-01,GAME_BUNDLE,cards,慰安旅行 in北海道,cards,,smr,,st-card-smr-05-birt-01,1,1,3,st-card-smr-05-birt-01-01|st-card-smr-05-birt-01-02|st-card-smr-05-birt-01-03,6,kan|koh|rei|skr|smr|yu,7716,201,TEXTURE,PROVISIONAL_PASS_A,Pass-A default for card stories; escalate when they change a stable character/relationship/theme model.,character-specific micro-development / ordinary-life or professional texture,NO,,,,NO,,NO,UNASSESSED,UNASSESSED,CATALOGUED_PASS_A,IP-V2-SNAPSHOT-2026-08-13-A,idoly-ingest/04_cards/by_character/smr/card_smr_002_st-card-smr-05-birt-01.md
card_smr_003_st-card-smr-05-birt-02,GAME_BUNDLE,cards,千紗 お姉ちゃん！,cards,,smr,,st-card-smr-05-birt-02,1,1,3,st-card-smr-05-birt-02-01|st-card-smr-05-birt-02-02|st-card-smr-05-birt-02-03,4,chs|mei|smr|yu,4484,127,TEXTURE,PROVISIONAL_PASS_A,Pass-A default for card stories; escalate when they change a stable character/relationship/theme model.,character-specific micro-development / ordinary-life or professional texture,NO,,,,NO,,NO,UNASSESSED,UNASSESSED,CATALOGUED_PASS_A,IP-V2-SNAPSHOT-2026-08-13-A,idoly-ingest/04_cards/by_character/smr/card_smr_003_st-card-smr-05-birt-02.md
card_smr_004_st-card-smr-05-fest-00,GAME_BUNDLE,cards,全部忘れて きちゃい ました！？,cards,,smr,,st-card-smr-05-fest-00,1,1,3,st-card-smr-05-fest-00-01|st-card-smr-05-fest-00-02|st-card-smr-05-fest-00-03,2,koh|smr,8924,245,TEXTURE,PROVISIONAL_PASS_A,Pass-A default for card stories; escalate when they change a stable character/relationship/theme model.,character-specific micro-development / ordinary-life or professional texture,NO,,,,NO,,NO,UNASSESSED,UNASSESSED,CATALOGUED_PASS_A,IP-V2-SNAPSHOT-2026-08-13-A,idoly-ingest/04_cards/by_character/smr/card_smr_004_st-card-smr-05-fest-00.md
card_smr_005_st-card-smr-05-fest-03,GAME_BUNDLE,cards,本当は 遊びたい ですよね,cards,,smr,,st-card-smr-05-fest-03,1,1,3,st-card-smr-05-fest-03-01|st-card-smr-05-fest-03-02|st-card-smr-05-fest-03-03,3,kkr|koh|smr,9331,263,TEXTURE,PROVISIONAL_PASS_A,Pass-A default for card stories; escalate when they change a stable character/relationship/theme model.,character-specific micro-development / ordinary-life or professional texture,NO,,,,NO,,NO,UNASSESSED,UNASSESSED,CATALOGUED_PASS_A,IP-V2-SNAPSHOT-2026-08-13-A,idoly-ingest/04_cards/by_character/smr/card_smr_005_st-card-smr-05-fest-03.md
card_smr_006_st-card-smr-05-fest-04,GAME_BUNDLE,cards,大好きな 地元からの オファー,cards,,smr,,st-card-smr-05-fest-04,1,1,3,st-card-smr-05-fest-04-01|st-card-smr-05-fest-04-02|st-card-smr-05-fest-04-03,2,koh|smr,8709,234,TEXTURE,PROVISIONAL_PASS_A,Pass-A default for card stories; escalate when they change a stable character/relationship/theme model.,character-specific micro-development / ordinary-life or professional texture,NO,,,,NO,,NO,UNASSESSED,UNASSESSED,CATALOGUED_PASS_A,IP-V2-SNAPSHOT-2026-08-13-A,idoly-ingest/04_cards/by_character/smr/card_smr_006_st-card-smr-05-fest-04.md
card_smr_007_st-card-smr-05-frut-00,GAME_BUNDLE,cards,アイドルと 学生の狭間で,cards,,smr,,st-card-smr-05-frut-00,1,1,3,st-card-smr-05-frut-00-01|st-card-smr-05-frut-00-02|st-card-smr-05-frut-00-03,2,koh|smr,9137,245,TEXTURE,PROVISIONAL_PASS_A,Pass-A default for card stories; escalate when they change a stable character/relationship/theme model.,character-specific micro-development / ordinary-life or professional texture,NO,,,,NO,,NO,UNASSESSED,UNASSESSED,CATALOGUED_PASS_A,IP-V2-SNAPSHOT-2026-08-13-A,idoly-ingest/04_cards/by_character/smr/card_smr_007_st-card-smr-05-frut-00.md
card_smr_008_st-card-smr-05-idol-00,GAME_BUNDLE,cards,自販機の前で,cards,,smr,,st-card-smr-05-idol-00,1,1,3,st-card-smr-05-idol-00-01|st-card-smr-05-idol-00-02|st-card-smr-05-idol-00-03,2,koh|smr,9019,267,TEXTURE,PROVISIONAL_PASS_A,Pass-A default for card stories; escalate when they change a stable character/relationship/theme model.,character-specific micro-development / ordinary-life or professional texture,NO,,,,NO,,NO,UNASSESSED,UNASSESSED,CATALOGUED_PASS_A,IP-V2-SNAPSHOT-2026-08-13-A,idoly-ingest/04_cards/by_character/smr/card_smr_008_st-card-smr-05-idol-00.md
card_smr_009_st-card-smr-05-idol-04,GAME_BUNDLE,cards,おもてなし するっちゃ！,cards,,smr,,st-card-smr-05-idol-04,1,1,3,st-card-smr-05-idol-04-01|st-card-smr-05-idol-04-02|st-card-smr-05-idol-04-03,2,koh|smr,9551,260,TEXTURE,PROVISIONAL_PASS_A,Pass-A default for card stories; escalate when they change a stable character/relationship/theme model.,character-specific micro-development / ordinary-life or professional texture,NO,,,,NO,,NO,UNASSESSED,UNASSESSED,CATALOGUED_PASS_A,IP-V2-SNAPSHOT-2026-08-13-A,idoly-ingest/04_cards/by_character/smr/card_smr_009_st-card-smr-05-idol-04.md
card_smr_010_st-card-smr-05-jwel-00,GAME_BUNDLE,cards,私が署長 なんですから,cards,,smr,,st-card-smr-05-jwel-00,1,1,3,st-card-smr-05-jwel-00-01|st-card-smr-05-jwel-00-02|st-card-smr-05-jwel-00-03,2,koh|smr,9748,255,TEXTURE,PROVISIONAL_PASS_A,Pass-A default for card stories; escalate when they change a stable character/relationship/theme model.,character-specific micro-development / ordinary-life or professional texture,NO,,,,NO,,NO,UNASSESSED,UNASSESSED,CATALOGUED_PASS_A,IP-V2-SNAPSHOT-2026-08-13-A,idoly-ingest/04_cards/by_character/smr/card_smr_010_st-card-smr-05-jwel-00.md
card_smr_011_st-card-smr-05-magi-00,GAME_BUNDLE,cards,最高の作品に してみせます,cards,,smr,,st-card-smr-05-magi-00,1,1,3,st-card-smr-05-magi-00-01|st-card-smr-05-magi-00-02|st-card-smr-05-magi-00-03,2,koh|smr,9492,250,TEXTURE,PROVISIONAL_PASS_A,Pass-A default for card stories; escalate when they change a stable character/relationship/theme model.,character-specific micro-development / ordinary-life or professional texture,NO,,,,NO,,NO,UNASSESSED,UNASSESSED,CATALOGUED_PASS_A,IP-V2-SNAPSHOT-2026-08-13-A,idoly-ingest/04_cards/by_character/smr/card_smr_011_st-card-smr-05-magi-00.md
card_smr_012_st-card-smr-05-maid-00,GAME_BUNDLE,cards,今の私は 挑戦者,cards,,smr,,st-card-smr-05-maid-00,1,1,3,st-card-smr-05-maid-00-01|st-card-smr-05-maid-00-02|st-card-smr-05-maid-00-03,2,koh|smr,8971,232,TEXTURE,PROVISIONAL_PASS_A,Pass-A default for card stories; escalate when they change a stable character/relationship/theme model.,character-specific micro-development / ordinary-life or professional texture,NO,,,,NO,,NO,UNASSESSED,UNASSESSED,CATALOGUED_PASS_A,IP-V2-SNAPSHOT-2026-08-13-A,idoly-ingest/04_cards/by_character/smr/card_smr_012_st-card-smr-05-maid-00.md
card_smr_013_st-card-smr-05-mizg-01,GAME_BUNDLE,cards,ドキドキさせてみせます,cards,,smr,,st-card-smr-05-mizg-01,1,1,3,st-card-smr-05-mizg-01-01|st-card-smr-05-mizg-01-02|st-card-smr-05-mizg-01-03,2,koh|smr,10008,286,TEXTURE,PROVISIONAL_PASS_A,Pass-A default for card stories; escalate when they change a stable character/relationship/theme model.,character-specific micro-development / ordinary-life or professional texture,NO,,,,NO,,NO,UNASSESSED,UNASSESSED,CATALOGUED_PASS_A,IP-V2-SNAPSHOT-2026-08-13-A,idoly-ingest/04_cards/by_character/smr/card_smr_013_st-card-smr-05-mizg-01.md
card_smr_014_st-card-smr-05-mizg-02,GAME_BUNDLE,cards,海に 行きたいっ ちゃ！,cards,,smr,,st-card-smr-05-mizg-02,1,1,3,st-card-smr-05-mizg-02-01|st-card-smr-05-mizg-02-02|st-card-smr-05-mizg-02-03,2,koh|smr,8615,242,TEXTURE,PROVISIONAL_PASS_A,Pass-A default for card stories; escalate when they change a stable character/relationship/theme model.,character-specific micro-development / ordinary-life or professional texture,NO,,,,NO,,NO,UNASSESSED,UNASSESSED,CATALOGUED_PASS_A,IP-V2-SNAPSHOT-2026-08-13-A,idoly-ingest/04_cards/by_character/smr/card_smr_014_st-card-smr-05-mizg-02.md
card_smr_015_st-card-smr-05-newy-00,GAME_BUNDLE,cards,星見プロ、 天下御免！,cards,,smr,,st-card-smr-05-newy-00,1,1,3,st-card-smr-05-newy-00-01|st-card-smr-05-newy-00-02|st-card-smr-05-newy-00-03,2,koh|smr,10791,286,TEXTURE,PROVISIONAL_PASS_A,Pass-A default for card stories; escalate when they change a stable character/relationship/theme model.,character-specific micro-development / ordinary-life or professional texture,NO,,,,NO,,NO,UNASSESSED,UNASSESSED,CATALOGUED_PASS_A,IP-V2-SNAPSHOT-2026-08-13-A,idoly-ingest/04_cards/by_character/smr/card_smr_015_st-card-smr-05-newy-00.md
card_smr_016_st-card-smr-05-nurs-00,GAME_BUNDLE,cards,風邪 引きますよー,cards,,smr,,st-card-smr-05-nurs-00,1,1,3,st-card-smr-05-nurs-00-01|st-card-smr-05-nurs-00-02|st-card-smr-05-nurs-00-03,2,koh|smr,10128,262,TEXTURE,PROVISIONAL_PASS_A,Pass-A default for card stories; escalate when they change a stable character/relationship/theme model.,character-specific micro-development / ordinary-life or professional texture,NO,,,,NO,,NO,UNASSESSED,UNASSESSED,CATALOGUED_PASS_A,IP-V2-SNAPSHOT-2026-08-13-A,idoly-ingest/04_cards/by_character/smr/card_smr_016_st-card-smr-05-nurs-00.md
card_smr_017_st-card-smr-05-pajm-00,GAME_BUNDLE,cards,すみれの 武者修行,cards,,smr,,st-card-smr-05-pajm-00,1,1,3,st-card-smr-05-pajm-00-01|st-card-smr-05-pajm-00-02|st-card-smr-05-pajm-00-03,2,koh|smr,10490,276,TEXTURE,PROVISIONAL_PASS_A,Pass-A default for card stories; escalate when they change a stable character/relationship/theme model.,character-specific micro-development / ordinary-life or professional texture,NO,,,,NO,,NO,UNASSESSED,UNASSESSED,CATALOGUED_PASS_A,IP-V2-SNAPSHOT-2026-08-13-A,idoly-ingest/04_cards/by_character/smr/card_smr_017_st-card-smr-05-pajm-00.md
card_smr_018_st-card-smr-05-seik-00,GAME_BUNDLE,cards,ゆーびきーり げんまんっ♪,cards,,smr,,st-card-smr-05-seik-00,1,1,3,st-card-smr-05-seik-00-01|st-card-smr-05-seik-00-02|st-card-smr-05-seik-00-03,2,koh|smr,10119,255,TEXTURE,PROVISIONAL_PASS_A,Pass-A default for card stories; escalate when they change a stable character/relationship/theme model.,character-specific micro-development / ordinary-life or professional texture,NO,,,,NO,,NO,UNASSESSED,UNASSESSED,CATALOGUED_PASS_A,IP-V2-SNAPSHOT-2026-08-13-A,idoly-ingest/04_cards/by_character/smr/card_smr_018_st-card-smr-05-seik-00.md
card_smr_019_st-card-smr-05-xmas-00,GAME_BUNDLE,cards,あんぽんたん！,cards,,smr,,st-card-smr-05-xmas-00,1,1,3,st-card-smr-05-xmas-00-01|st-card-smr-05-xmas-00-02|st-card-smr-05-xmas-00-03,2,koh|smr,8337,231,TEXTURE,PROVISIONAL_PASS_A,Pass-A default for card stories; escalate when they change a stable character/relationship/theme model.,character-specific micro-development / ordinary-life or professional texture,NO,,,,NO,,NO,UNASSESSED,UNASSESSED,CATALOGUED_PASS_A,IP-V2-SNAPSHOT-2026-08-13-A,idoly-ingest/04_cards/by_character/smr/card_smr_019_st-card-smr-05-xmas-00.md
card_suz_001_st-card-suz-05-alic-00,GAME_BUNDLE,cards,あんなの ぴょーん ですわ,cards,,suz,,st-card-suz-05-alic-00,1,1,3,st-card-suz-05-alic-00-01|st-card-suz-05-alic-00-02|st-card-suz-05-alic-00-03,2,koh|suz,9467,253,TEXTURE,PROVISIONAL_PASS_A,Pass-A default for card stories; escalate when they change a stable character/relationship/theme model.,character-specific micro-development / ordinary-life or professional texture,NO,,,,NO,,NO,UNASSESSED,UNASSESSED,CATALOGUED_PASS_A,IP-V2-SNAPSHOT-2026-08-13-A,idoly-ingest/04_cards/by_character/suz/card_suz_001_st-card-suz-05-alic-00.md
card_suz_002_st-card-suz-05-angl-00,GAME_BUNDLE,cards,念願のCM,cards,,suz,,st-card-suz-05-angl-00,1,1,3,st-card-suz-05-angl-00-01|st-card-suz-05-angl-00-02|st-card-suz-05-angl-00-03,2,koh|suz,9181,247,TEXTURE,PROVISIONAL_PASS_A,Pass-A default for card stories; escalate when they change a stable character/relationship/theme model.,character-specific micro-development / ordinary-life or professional texture,NO,,,,NO,,NO,UNASSESSED,UNASSESSED,CATALOGUED_PASS_A,IP-V2-SNAPSHOT-2026-08-13-A,idoly-ingest/04_cards/by_character/suz/card_suz_002_st-card-suz-05-angl-00.md
card_suz_003_st-card-suz-05-anml-00,GAME_BUNDLE,cards,アメリカ留学,cards,,suz,,st-card-suz-05-anml-00,1,1,3,st-card-suz-05-anml-00-01|st-card-suz-05-anml-00-02|st-card-suz-05-anml-00-03,2,koh|suz,9967,281,TEXTURE,PROVISIONAL_PASS_A,Pass-A default for card stories; escalate when they change a stable character/relationship/theme model.,character-specific micro-development / ordinary-life or professional texture,NO,,,,NO,,NO,UNASSESSED,UNASSESSED,CATALOGUED_PASS_A,IP-V2-SNAPSHOT-2026-08-13-A,idoly-ingest/04_cards/by_character/suz/card_suz_003_st-card-suz-05-anml-00.md
card_suz_004_st-card-suz-05-birt-00,GAME_BUNDLE,cards,そわそわの 理由,cards,,suz,,st-card-suz-05-birt-00,1,1,3,st-card-suz-05-birt-00-01|st-card-suz-05-birt-00-02|st-card-suz-05-birt-00-03,3,mei|suz|szk,10130,327,TEXTURE,PROVISIONAL_PASS_A,Pass-A default for card stories; escalate when they change a stable character/relationship/theme model.,character-specific micro-development / ordinary-life or professional texture,NO,,,,NO,,NO,UNASSESSED,UNASSESSED,CATALOGUED_PASS_A,IP-V2-SNAPSHOT-2026-08-13-A,idoly-ingest/04_cards/by_character/suz/card_suz_004_st-card-suz-05-birt-00.md
card_suz_005_st-card-suz-05-birt-01,GAME_BUNDLE,cards,慰安旅行 in京都,cards,,suz,,st-card-suz-05-birt-01,1,1,3,st-card-suz-05-birt-01-01|st-card-suz-05-birt-01-02|st-card-suz-05-birt-01-03,6,chs|koh|rui|ski|suz|szk,6502,183,TEXTURE,PROVISIONAL_PASS_A,Pass-A default for card stories; escalate when they change a stable character/relationship/theme model.,character-specific micro-development / ordinary-life or professional texture,NO,,,,NO,,NO,UNASSESSED,UNASSESSED,CATALOGUED_PASS_A,IP-V2-SNAPSHOT-2026-08-13-A,idoly-ingest/04_cards/by_character/suz/card_suz_005_st-card-suz-05-birt-01.md
card_suz_006_st-card-suz-05-birt-02,GAME_BUNDLE,cards,めちゃくちゃ ですわー,cards,,suz,,st-card-suz-05-birt-02,1,1,3,st-card-suz-05-birt-02-01|st-card-suz-05-birt-02-02|st-card-suz-05-birt-02-03,4,aoi|hrk|ktn|suz,4304,117,TEXTURE,PROVISIONAL_PASS_A,Pass-A default for card stories; escalate when they change a stable character/relationship/theme model.,character-specific micro-development / ordinary-life or professional texture,NO,,,,NO,,NO,UNASSESSED,UNASSESSED,CATALOGUED_PASS_A,IP-V2-SNAPSHOT-2026-08-13-A,idoly-ingest/04_cards/by_character/suz/card_suz_006_st-card-suz-05-birt-02.md
card_suz_007_st-card-suz-05-fest-02,GAME_BUNDLE,cards,思い入れの ある曲,cards,,suz,,st-card-suz-05-fest-02,1,1,3,st-card-suz-05-fest-02-01|st-card-suz-05-fest-02-02|st-card-suz-05-fest-02-03,2,koh|suz,8717,240,TEXTURE,PROVISIONAL_PASS_A,Pass-A default for card stories; escalate when they change a stable character/relationship/theme model.,character-specific micro-development / ordinary-life or professional texture,NO,,,,NO,,NO,UNASSESSED,UNASSESSED,CATALOGUED_PASS_A,IP-V2-SNAPSHOT-2026-08-13-A,idoly-ingest/04_cards/by_character/suz/card_suz_007_st-card-suz-05-fest-02.md
card_suz_008_st-card-suz-05-goch-00,GAME_BUNDLE,cards,旅におやつは 必需品！,cards,,suz,,st-card-suz-05-goch-00,1,1,3,st-card-suz-05-goch-00-01|st-card-suz-05-goch-00-02|st-card-suz-05-goch-00-03,2,koh|suz,10759,290,TEXTURE,PROVISIONAL_PASS_A,Pass-A default for card stories; escalate when they change a stable character/relationship/theme model.,character-specific micro-development / ordinary-life or professional texture,NO,,,,NO,,NO,UNASSESSED,UNASSESSED,CATALOGUED_PASS_A,IP-V2-SNAPSHOT-2026-08-13-A,idoly-ingest/04_cards/by_character/suz/card_suz_008_st-card-suz-05-goch-00.md
card_suz_009_st-card-suz-05-idol-00,GAME_BUNDLE,cards,背伸び してる？,cards,,suz,,st-card-suz-05-idol-00,1,1,3,st-card-suz-05-idol-00-01|st-card-suz-05-idol-00-02|st-card-suz-05-idol-00-03,2,koh|suz,8284,237,TEXTURE,PROVISIONAL_PASS_A,Pass-A default for card stories; escalate when they change a stable character/relationship/theme model.,character-specific micro-development / ordinary-life or professional texture,NO,,,,NO,,NO,UNASSESSED,UNASSESSED,CATALOGUED_PASS_A,IP-V2-SNAPSHOT-2026-08-13-A,idoly-ingest/04_cards/by_character/suz/card_suz_009_st-card-suz-05-idol-00.md
card_suz_010_st-card-suz-05-kion-00,GAME_BUNDLE,cards,部活動って 素敵ですわ,cards,,suz,,st-card-suz-05-kion-00,1,1,3,st-card-suz-05-kion-00-01|st-card-suz-05-kion-00-02|st-card-suz-05-kion-00-03,2,koh|suz,10340,292,TEXTURE,PROVISIONAL_PASS_A,Pass-A default for card stories; escalate when they change a stable character/relationship/theme model.,character-specific micro-development / ordinary-life or professional texture,NO,,,,NO,,NO,UNASSESSED,UNASSESSED,CATALOGUED_PASS_A,IP-V2-SNAPSHOT-2026-08-13-A,idoly-ingest/04_cards/by_character/suz/card_suz_010_st-card-suz-05-kion-00.md
card_suz_011_st-card-suz-05-link-00,GAME_BUNDLE,cards,背後に 気配が ……！？,cards,,suz,,st-card-suz-05-link-00,1,1,3,st-card-suz-05-link-00-01|st-card-suz-05-link-00-02|st-card-suz-05-link-00-03,2,mei|suz,9215,264,TEXTURE,PROVISIONAL_PASS_A,Pass-A default for card stories; escalate when they change a stable character/relationship/theme model.,character-specific micro-development / ordinary-life or professional texture,NO,,,,NO,,NO,UNASSESSED,UNASSESSED,CATALOGUED_PASS_A,IP-V2-SNAPSHOT-2026-08-13-A,idoly-ingest/04_cards/by_character/suz/card_suz_011_st-card-suz-05-link-00.md
card_suz_012_st-card-suz-05-mizg-01,GAME_BUNDLE,cards,すず宛ての荷物,cards,,suz,,st-card-suz-05-mizg-01,1,1,3,st-card-suz-05-mizg-01-01|st-card-suz-05-mizg-01-02|st-card-suz-05-mizg-01-03,2,koh|suz,7342,206,TEXTURE,PROVISIONAL_PASS_A,Pass-A default for card stories; escalate when they change a stable character/relationship/theme model.,character-specific micro-development / ordinary-life or professional texture,NO,,,,NO,,NO,UNASSESSED,UNASSESSED,CATALOGUED_PASS_A,IP-V2-SNAPSHOT-2026-08-13-A,idoly-ingest/04_cards/by_character/suz/card_suz_012_st-card-suz-05-mizg-01.md
card_suz_013_st-card-suz-05-msic-00,GAME_BUNDLE,cards,全制覇して やりますわ,cards,,suz,,st-card-suz-05-msic-00,1,1,3,st-card-suz-05-msic-00-01|st-card-suz-05-msic-00-02|st-card-suz-05-msic-00-03,2,koh|suz,9471,254,TEXTURE,PROVISIONAL_PASS_A,Pass-A default for card stories; escalate when they change a stable character/relationship/theme model.,character-specific micro-development / ordinary-life or professional texture,NO,,,,NO,,NO,UNASSESSED,UNASSESSED,CATALOGUED_PASS_A,IP-V2-SNAPSHOT-2026-08-13-A,idoly-ingest/04_cards/by_character/suz/card_suz_013_st-card-suz-05-msic-00.md
card_suz_014_st-card-suz-05-onep-00,GAME_BUNDLE,cards,二代目星降る奇しぇき,cards,,suz,,st-card-suz-05-onep-00,1,1,3,st-card-suz-05-onep-00-01|st-card-suz-05-onep-00-02|st-card-suz-05-onep-00-03,2,koh|suz,8878,257,TEXTURE,PROVISIONAL_PASS_A,Pass-A default for card stories; escalate when they change a stable character/relationship/theme model.,character-specific micro-development / ordinary-life or professional texture,NO,,,,NO,,NO,UNASSESSED,UNASSESSED,CATALOGUED_PASS_A,IP-V2-SNAPSHOT-2026-08-13-A,idoly-ingest/04_cards/by_character/suz/card_suz_014_st-card-suz-05-onep-00.md
card_suz_015_st-card-suz-05-pair-00,GAME_BUNDLE,cards,芽衣に 負けない 最高の提案,cards,,suz,,st-card-suz-05-pair-00,1,1,3,st-card-suz-05-pair-00-01|st-card-suz-05-pair-00-02|st-card-suz-05-pair-00-03,2,koh|suz,10705,296,TEXTURE,PROVISIONAL_PASS_A,Pass-A default for card stories; escalate when they change a stable character/relationship/theme model.,character-specific micro-development / ordinary-life or professional texture,NO,,,,NO,,NO,UNASSESSED,UNASSESSED,CATALOGUED_PASS_A,IP-V2-SNAPSHOT-2026-08-13-A,idoly-ingest/04_cards/by_character/suz/card_suz_015_st-card-suz-05-pair-00.md
card_suz_016_st-card-suz-05-seik-00,GAME_BUNDLE,cards,ついに女優 デビュー！,cards,,suz,,st-card-suz-05-seik-00,1,1,3,st-card-suz-05-seik-00-01|st-card-suz-05-seik-00-02|st-card-suz-05-seik-00-03,2,koh|suz,9499,268,TEXTURE,PROVISIONAL_PASS_A,Pass-A default for card stories; escalate when they change a stable character/relationship/theme model.,character-specific micro-development / ordinary-life or professional texture,NO,,,,NO,,NO,UNASSESSED,UNASSESSED,CATALOGUED_PASS_A,IP-V2-SNAPSHOT-2026-08-13-A,idoly-ingest/04_cards/by_character/suz/card_suz_016_st-card-suz-05-seik-00.md
card_suz_017_st-card-suz-05-wedd-00,GAME_BUNDLE,cards,これは 禁断の愛,cards,,suz,,st-card-suz-05-wedd-00,1,1,3,st-card-suz-05-wedd-00-01|st-card-suz-05-wedd-00-02|st-card-suz-05-wedd-00-03,2,koh|suz,9173,254,TEXTURE,PROVISIONAL_PASS_A,Pass-A default for card stories; escalate when they change a stable character/relationship/theme model.,character-specific micro-development / ordinary-life or professional texture,NO,,,,NO,,NO,UNASSESSED,UNASSESSED,CATALOGUED_PASS_A,IP-V2-SNAPSHOT-2026-08-13-A,idoly-ingest/04_cards/by_character/suz/card_suz_017_st-card-suz-05-wedd-00.md
card_suz_018_st-card-suz-05-xmas-00,GAME_BUNDLE,cards,きっと 驚きますわよ,cards,,suz,,st-card-suz-05-xmas-00,1,1,3,st-card-suz-05-xmas-00-01|st-card-suz-05-xmas-00-02|st-card-suz-05-xmas-00-03,2,koh|suz,9261,261,TEXTURE,PROVISIONAL_PASS_A,Pass-A default for card stories; escalate when they change a stable character/relationship/theme model.,character-specific micro-development / ordinary-life or professional texture,NO,,,,NO,,NO,UNASSESSED,UNASSESSED,CATALOGUED_PASS_A,IP-V2-SNAPSHOT-2026-08-13-A,idoly-ingest/04_cards/by_character/suz/card_suz_018_st-card-suz-05-xmas-00.md
card_szk_001_st-card-szk-05-alic-00,GAME_BUNDLE,cards,主役の アリスだよ,cards,,szk,,st-card-szk-05-alic-00,1,1,3,st-card-szk-05-alic-00-01|st-card-szk-05-alic-00-02|st-card-szk-05-alic-00-03,2,koh|szk,9530,260,TEXTURE,PROVISIONAL_PASS_A,Pass-A default for card stories; escalate when they change a stable character/relationship/theme model.,character-specific micro-development / ordinary-life or professional texture,NO,,,,NO,,NO,UNASSESSED,UNASSESSED,CATALOGUED_PASS_A,IP-V2-SNAPSHOT-2026-08-13-A,idoly-ingest/04_cards/by_character/szk/card_szk_001_st-card-szk-05-alic-00.md
card_szk_002_st-card-szk-05-angl-00,GAME_BUNDLE,cards,あの頃の 私の名前,cards,,szk,,st-card-szk-05-angl-00,1,1,3,st-card-szk-05-angl-00-01|st-card-szk-05-angl-00-02|st-card-szk-05-angl-00-03,2,koh|szk,9231,256,TEXTURE,PROVISIONAL_PASS_A,Pass-A default for card stories; escalate when they change a stable character/relationship/theme model.,character-specific micro-development / ordinary-life or professional texture,NO,,,,NO,,NO,UNASSESSED,UNASSESSED,CATALOGUED_PASS_A,IP-V2-SNAPSHOT-2026-08-13-A,idoly-ingest/04_cards/by_character/szk/card_szk_002_st-card-szk-05-angl-00.md
card_szk_003_st-card-szk-05-birt-00,GAME_BUNDLE,cards,大胆過ぎる 企画,cards,,szk,,st-card-szk-05-birt-00,1,1,3,st-card-szk-05-birt-00-01|st-card-szk-05-birt-00-02|st-card-szk-05-birt-00-03,3,kan|skr|szk,8677,270,TEXTURE,PROVISIONAL_PASS_A,Pass-A default for card stories; escalate when they change a stable character/relationship/theme model.,character-specific micro-development / ordinary-life or professional texture,NO,,,,NO,,NO,UNASSESSED,UNASSESSED,CATALOGUED_PASS_A,IP-V2-SNAPSHOT-2026-08-13-A,idoly-ingest/04_cards/by_character/szk/card_szk_003_st-card-szk-05-birt-00.md
card_szk_004_st-card-szk-05-birt-01,GAME_BUNDLE,cards,慰安旅行 in京都,cards,,szk,,st-card-szk-05-birt-01,1,1,3,st-card-szk-05-birt-01-01|st-card-szk-05-birt-01-02|st-card-szk-05-birt-01-03,6,chs|koh|rui|ski|suz|szk,6895,191,TEXTURE,PROVISIONAL_PASS_A,Pass-A default for card stories; escalate when they change a stable character/relationship/theme model.,character-specific micro-development / ordinary-life or professional texture,NO,,,,NO,,NO,UNASSESSED,UNASSESSED,CATALOGUED_PASS_A,IP-V2-SNAPSHOT-2026-08-13-A,idoly-ingest/04_cards/by_character/szk/card_szk_004_st-card-szk-05-birt-01.md
card_szk_005_st-card-szk-05-birt-02,GAME_BUNDLE,cards,これは 家宝に しなきゃ,cards,,szk,,st-card-szk-05-birt-02,1,1,3,st-card-szk-05-birt-02-01|st-card-szk-05-birt-02-02|st-card-szk-05-birt-02-03,4,chs|mei|rui|szk,4531,116,TEXTURE,PROVISIONAL_PASS_A,Pass-A default for card stories; escalate when they change a stable character/relationship/theme model.,character-specific micro-development / ordinary-life or professional texture,NO,,,,NO,,NO,UNASSESSED,UNASSESSED,CATALOGUED_PASS_A,IP-V2-SNAPSHOT-2026-08-13-A,idoly-ingest/04_cards/by_character/szk/card_szk_005_st-card-szk-05-birt-02.md
card_szk_006_st-card-szk-05-chna-00,GAME_BUNDLE,cards,SNSの声,cards,,szk,,st-card-szk-05-chna-00,1,1,3,st-card-szk-05-chna-00-01|st-card-szk-05-chna-00-02|st-card-szk-05-chna-00-03,2,koh|szk,6766,199,TEXTURE,PROVISIONAL_PASS_A,Pass-A default for card stories; escalate when they change a stable character/relationship/theme model.,character-specific micro-development / ordinary-life or professional texture,NO,,,,NO,,NO,UNASSESSED,UNASSESSED,CATALOGUED_PASS_A,IP-V2-SNAPSHOT-2026-08-13-A,idoly-ingest/04_cards/by_character/szk/card_szk_006_st-card-szk-05-chna-00.md
card_szk_007_st-card-szk-05-goch-00,GAME_BUNDLE,cards,お友達に なったから,cards,,szk,,st-card-szk-05-goch-00,1,1,3,st-card-szk-05-goch-00-01|st-card-szk-05-goch-00-02|st-card-szk-05-goch-00-03,2,koh|szk,9685,263,TEXTURE,PROVISIONAL_PASS_A,Pass-A default for card stories; escalate when they change a stable character/relationship/theme model.,character-specific micro-development / ordinary-life or professional texture,NO,,,,NO,,NO,UNASSESSED,UNASSESSED,CATALOGUED_PASS_A,IP-V2-SNAPSHOT-2026-08-13-A,idoly-ingest/04_cards/by_character/szk/card_szk_007_st-card-szk-05-goch-00.md
card_szk_008_st-card-szk-05-idol-00,GAME_BUNDLE,cards,アイドル文化 の先生,cards,,szk,,st-card-szk-05-idol-00,1,1,3,st-card-szk-05-idol-00-01|st-card-szk-05-idol-00-02|st-card-szk-05-idol-00-03,2,koh|szk,7829,241,TEXTURE,PROVISIONAL_PASS_A,Pass-A default for card stories; escalate when they change a stable character/relationship/theme model.,character-specific micro-development / ordinary-life or professional texture,NO,,,,NO,,NO,UNASSESSED,UNASSESSED,CATALOGUED_PASS_A,IP-V2-SNAPSHOT-2026-08-13-A,idoly-ingest/04_cards/by_character/szk/card_szk_008_st-card-szk-05-idol-00.md
card_szk_009_st-card-szk-05-link-00,GAME_BUNDLE,cards,私が 『一緒に歌い たい』のは,cards,,szk,,st-card-szk-05-link-00,1,1,3,st-card-szk-05-link-00-01|st-card-szk-05-link-00-02|st-card-szk-05-link-00-03,2,chs|szk,8038,245,TEXTURE,PROVISIONAL_PASS_A,Pass-A default for card stories; escalate when they change a stable character/relationship/theme model.,character-specific micro-development / ordinary-life or professional texture,NO,,,,NO,,NO,UNASSESSED,UNASSESSED,CATALOGUED_PASS_A,IP-V2-SNAPSHOT-2026-08-13-A,idoly-ingest/04_cards/by_character/szk/card_szk_009_st-card-szk-05-link-00.md
card_szk_010_st-card-szk-05-mizg-03,GAME_BUNDLE,cards,野生に 目覚めた アイドル,cards,,szk,,st-card-szk-05-mizg-03,1,1,3,st-card-szk-05-mizg-03-01|st-card-szk-05-mizg-03-02|st-card-szk-05-mizg-03-03,2,koh|szk,9071,253,TEXTURE,PROVISIONAL_PASS_A,Pass-A default for card stories; escalate when they change a stable character/relationship/theme model.,character-specific micro-development / ordinary-life or professional texture,NO,,,,NO,,NO,UNASSESSED,UNASSESSED,CATALOGUED_PASS_A,IP-V2-SNAPSHOT-2026-08-13-A,idoly-ingest/04_cards/by_character/szk/card_szk_010_st-card-szk-05-mizg-03.md
card_szk_011_st-card-szk-05-pajm-00,GAME_BUNDLE,cards,お姉さんに なりたい,cards,,szk,,st-card-szk-05-pajm-00,1,1,3,st-card-szk-05-pajm-00-01|st-card-szk-05-pajm-00-02|st-card-szk-05-pajm-00-03,2,koh|szk,9077,277,TEXTURE,PROVISIONAL_PASS_A,Pass-A default for card stories; escalate when they change a stable character/relationship/theme model.,character-specific micro-development / ordinary-life or professional texture,NO,,,,NO,,NO,UNASSESSED,UNASSESSED,CATALOGUED_PASS_A,IP-V2-SNAPSHOT-2026-08-13-A,idoly-ingest/04_cards/by_character/szk/card_szk_011_st-card-szk-05-pajm-00.md
card_szk_012_st-card-szk-05-rock-00,GAME_BUNDLE,cards,かっこ良く なりたい…！,cards,,szk,,st-card-szk-05-rock-00,1,1,3,st-card-szk-05-rock-00-01|st-card-szk-05-rock-00-02|st-card-szk-05-rock-00-03,2,koh|szk,9532,275,TEXTURE,PROVISIONAL_PASS_A,Pass-A default for card stories; escalate when they change a stable character/relationship/theme model.,character-specific micro-development / ordinary-life or professional texture,NO,,,,NO,,NO,UNASSESSED,UNASSESSED,CATALOGUED_PASS_A,IP-V2-SNAPSHOT-2026-08-13-A,idoly-ingest/04_cards/by_character/szk/card_szk_012_st-card-szk-05-rock-00.md
card_szk_013_st-card-szk-05-sail-00,GAME_BUNDLE,cards,アイドルだ って 分かるもの,cards,,szk,,st-card-szk-05-sail-00,1,1,3,st-card-szk-05-sail-00-01|st-card-szk-05-sail-00-02|st-card-szk-05-sail-00-03,2,koh|szk,9666,269,TEXTURE,PROVISIONAL_PASS_A,Pass-A default for card stories; escalate when they change a stable character/relationship/theme model.,character-specific micro-development / ordinary-life or professional texture,NO,,,,NO,,NO,UNASSESSED,UNASSESSED,CATALOGUED_PASS_A,IP-V2-SNAPSHOT-2026-08-13-A,idoly-ingest/04_cards/by_character/szk/card_szk_013_st-card-szk-05-sail-00.md
card_szk_014_st-card-szk-05-snro-00,GAME_BUNDLE,cards,シナモン くん達との 思い出,cards,,szk,,st-card-szk-05-snro-00,1,1,3,st-card-szk-05-snro-00-01|st-card-szk-05-snro-00-02|st-card-szk-05-snro-00-03,2,koh|szk,8658,239,TEXTURE,PROVISIONAL_PASS_A,Pass-A default for card stories; escalate when they change a stable character/relationship/theme model.,character-specific micro-development / ordinary-life or professional texture,NO,,,,NO,,NO,UNASSESSED,UNASSESSED,CATALOGUED_PASS_A,IP-V2-SNAPSHOT-2026-08-13-A,idoly-ingest/04_cards/by_character/szk/card_szk_014_st-card-szk-05-snro-00.md
card_szk_015_st-card-szk-05-yukt-00,GAME_BUNDLE,cards,憧れの浴衣 デビュー,cards,,szk,,st-card-szk-05-yukt-00,1,1,3,st-card-szk-05-yukt-00-01|st-card-szk-05-yukt-00-02|st-card-szk-05-yukt-00-03,2,koh|szk,7920,236,TEXTURE,PROVISIONAL_PASS_A,Pass-A default for card stories; escalate when they change a stable character/relationship/theme model.,character-specific micro-development / ordinary-life or professional texture,NO,,,,NO,,NO,UNASSESSED,UNASSESSED,CATALOGUED_PASS_A,IP-V2-SNAPSHOT-2026-08-13-A,idoly-ingest/04_cards/by_character/szk/card_szk_015_st-card-szk-05-yukt-00.md
card_szk_016_st-card-szk-05-yuru-00,GAME_BUNDLE,cards,意外な選択,cards,,szk,,st-card-szk-05-yuru-00,1,1,3,st-card-szk-05-yuru-00-01|st-card-szk-05-yuru-00-02|st-card-szk-05-yuru-00-03,2,koh|szk,9875,277,TEXTURE,PROVISIONAL_PASS_A,Pass-A default for card stories; escalate when they change a stable character/relationship/theme model.,character-specific micro-development / ordinary-life or professional texture,NO,,,,NO,,NO,UNASSESSED,UNASSESSED,CATALOGUED_PASS_A,IP-V2-SNAPSHOT-2026-08-13-A,idoly-ingest/04_cards/by_character/szk/card_szk_016_st-card-szk-05-yuru-00.md
card_ymk_001_st-card-ymk-05-miku-01,GAME_BUNDLE,cards,共演のお礼に,cards,,ymk,,st-card-ymk-05-miku-01,1,1,3,st-card-ymk-05-miku-01-01|st-card-ymk-05-miku-01-02|st-card-ymk-05-miku-01-03,6,ai|aoi|kkr|koh|rio|ymk,8767,265,TEXTURE,PROVISIONAL_PASS_A,Pass-A default for card stories; escalate when they change a stable character/relationship/theme model.,character-specific micro-development / ordinary-life or professional texture,NO,,,,NO,,NO,UNASSESSED,UNASSESSED,CATALOGUED_PASS_A,IP-V2-SNAPSHOT-2026-08-13-A,idoly-ingest/04_cards/by_character/ymk/card_ymk_001_st-card-ymk-05-miku-01.md
card_yo_001_st-card-yo-05-sush-00,GAME_BUNDLE,cards,曜ちゃんの おうちに,cards,,yo,,st-card-yo-05-sush-00,1,1,3,st-card-yo-05-sush-00-01|st-card-yo-05-sush-00-02|st-card-yo-05-sush-00-03,2,chs|yo,6968,225,TEXTURE,PROVISIONAL_PASS_A,Pass-A default for card stories; escalate when they change a stable character/relationship/theme model.,character-specific micro-development / ordinary-life or professional texture,NO,,,,NO,,NO,UNASSESSED,UNASSESSED,CATALOGUED_PASS_A,IP-V2-SNAPSHOT-2026-08-13-A,idoly-ingest/04_cards/by_character/yo/card_yo_001_st-card-yo-05-sush-00.md
card_yu_001_st-card-yu-05-birt-00,GAME_BUNDLE,cards,めんどくさい オタク心理,cards,,yu,,st-card-yu-05-birt-00,1,1,3,st-card-yu-05-birt-00-01|st-card-yu-05-birt-00-02|st-card-yu-05-birt-00-03,4,ringo|rui|ski|yu,10195,302,TEXTURE,PROVISIONAL_PASS_A,Pass-A default for card stories; escalate when they change a stable character/relationship/theme model.,character-specific micro-development / ordinary-life or professional texture,NO,,,,NO,,NO,UNASSESSED,UNASSESSED,CATALOGUED_PASS_A,IP-V2-SNAPSHOT-2026-08-13-A,idoly-ingest/04_cards/by_character/yu/card_yu_001_st-card-yu-05-birt-00.md
card_yu_002_st-card-yu-05-birt-01,GAME_BUNDLE,cards,慰安旅行 in北海道,cards,,yu,,st-card-yu-05-birt-01,1,1,3,st-card-yu-05-birt-01-01|st-card-yu-05-birt-01-02|st-card-yu-05-birt-01-03,6,kan|koh|rei|skr|smr|yu,7410,197,TEXTURE,PROVISIONAL_PASS_A,Pass-A default for card stories; escalate when they change a stable character/relationship/theme model.,character-specific micro-development / ordinary-life or professional texture,NO,,,,NO,,NO,UNASSESSED,UNASSESSED,CATALOGUED_PASS_A,IP-V2-SNAPSHOT-2026-08-13-A,idoly-ingest/04_cards/by_character/yu/card_yu_002_st-card-yu-05-birt-01.md
card_yu_003_st-card-yu-05-birt-02,GAME_BUNDLE,cards,もしもし かめよ,cards,,yu,,st-card-yu-05-birt-02,1,1,3,st-card-yu-05-birt-02-01|st-card-yu-05-birt-02-02|st-card-yu-05-birt-02-03,4,ai|kan|smr|yu,4984,140,TEXTURE,PROVISIONAL_PASS_A,Pass-A default for card stories; escalate when they change a stable character/relationship/theme model.,character-specific micro-development / ordinary-life or professional texture,NO,,,,NO,,NO,UNASSESSED,UNASSESSED,CATALOGUED_PASS_A,IP-V2-SNAPSHOT-2026-08-13-A,idoly-ingest/04_cards/by_character/yu/card_yu_003_st-card-yu-05-birt-02.md
card_yu_004_st-card-yu-05-casl-02,GAME_BUNDLE,cards,全人類キュン 死間違い なしや！,cards,,yu,,st-card-yu-05-casl-02,1,1,3,st-card-yu-05-casl-02-01|st-card-yu-05-casl-02-02|st-card-yu-05-casl-02-03,2,koh|yu,10512,287,TEXTURE,PROVISIONAL_PASS_A,Pass-A default for card stories; escalate when they change a stable character/relationship/theme model.,character-specific micro-development / ordinary-life or professional texture,NO,,,,NO,,NO,UNASSESSED,UNASSESSED,CATALOGUED_PASS_A,IP-V2-SNAPSHOT-2026-08-13-A,idoly-ingest/04_cards/by_character/yu/card_yu_004_st-card-yu-05-casl-02.md
card_yu_005_st-card-yu-05-chna-00,GAME_BUNDLE,cards,ぴったり 過ぎて 恐ろしい,cards,,yu,,st-card-yu-05-chna-00,1,1,3,st-card-yu-05-chna-00-01|st-card-yu-05-chna-00-02|st-card-yu-05-chna-00-03,2,koh|yu,9992,262,TEXTURE,PROVISIONAL_PASS_A,Pass-A default for card stories; escalate when they change a stable character/relationship/theme model.,character-specific micro-development / ordinary-life or professional texture,NO,,,,NO,,NO,UNASSESSED,UNASSESSED,CATALOGUED_PASS_A,IP-V2-SNAPSHOT-2026-08-13-A,idoly-ingest/04_cards/by_character/yu/card_yu_005_st-card-yu-05-chna-00.md
card_yu_006_st-card-yu-05-fest-00,GAME_BUNDLE,cards,風邪 ちゃいます,cards,,yu,,st-card-yu-05-fest-00,1,1,3,st-card-yu-05-fest-00-01|st-card-yu-05-fest-00-02|st-card-yu-05-fest-00-03,2,koh|yu,8072,236,TEXTURE,PROVISIONAL_PASS_A,Pass-A default for card stories; escalate when they change a stable character/relationship/theme model.,character-specific micro-development / ordinary-life or professional texture,NO,,,,NO,,NO,UNASSESSED,UNASSESSED,CATALOGUED_PASS_A,IP-V2-SNAPSHOT-2026-08-13-A,idoly-ingest/04_cards/by_character/yu/card_yu_006_st-card-yu-05-fest-00.md
card_yu_007_st-card-yu-05-fest-01,GAME_BUNDLE,cards,教えて くれへんくて,cards,,yu,,st-card-yu-05-fest-01,1,1,3,st-card-yu-05-fest-01-01|st-card-yu-05-fest-01-02|st-card-yu-05-fest-01-03,2,koh|yu,8926,253,TEXTURE,PROVISIONAL_PASS_A,Pass-A default for card stories; escalate when they change a stable character/relationship/theme model.,character-specific micro-development / ordinary-life or professional texture,NO,,,,NO,,NO,UNASSESSED,UNASSESSED,CATALOGUED_PASS_A,IP-V2-SNAPSHOT-2026-08-13-A,idoly-ingest/04_cards/by_character/yu/card_yu_007_st-card-yu-05-fest-01.md
card_yu_008_st-card-yu-05-fest-04,GAME_BUNDLE,cards,最強最高 の曲で,cards,,yu,,st-card-yu-05-fest-04,1,1,3,st-card-yu-05-fest-04-01|st-card-yu-05-fest-04-02|st-card-yu-05-fest-04-03,2,koh|yu,9015,252,TEXTURE,PROVISIONAL_PASS_A,Pass-A default for card stories; escalate when they change a stable character/relationship/theme model.,character-specific micro-development / ordinary-life or professional texture,NO,,,,NO,,NO,UNASSESSED,UNASSESSED,CATALOGUED_PASS_A,IP-V2-SNAPSHOT-2026-08-13-A,idoly-ingest/04_cards/by_character/yu/card_yu_008_st-card-yu-05-fest-04.md
card_yu_009_st-card-yu-05-idol-00,GAME_BUNDLE,cards,トリエルを 見学,cards,,yu,,st-card-yu-05-idol-00,1,1,3,st-card-yu-05-idol-00-01|st-card-yu-05-idol-00-02|st-card-yu-05-idol-00-03,2,koh|yu,8899,266,TEXTURE,PROVISIONAL_PASS_A,Pass-A default for card stories; escalate when they change a stable character/relationship/theme model.,character-specific micro-development / ordinary-life or professional texture,NO,,,,NO,,NO,UNASSESSED,UNASSESSED,CATALOGUED_PASS_A,IP-V2-SNAPSHOT-2026-08-13-A,idoly-ingest/04_cards/by_character/yu/card_yu_009_st-card-yu-05-idol-00.md
card_yu_010_st-card-yu-05-idol-04,GAME_BUNDLE,cards,ゆで卵 みたいに ぷるぷるや,cards,,yu,,st-card-yu-05-idol-04,1,1,3,st-card-yu-05-idol-04-01|st-card-yu-05-idol-04-02|st-card-yu-05-idol-04-03,2,koh|yu,9670,277,TEXTURE,PROVISIONAL_PASS_A,Pass-A default for card stories; escalate when they change a stable character/relationship/theme model.,character-specific micro-development / ordinary-life or professional texture,NO,,,,NO,,NO,UNASSESSED,UNASSESSED,CATALOGUED_PASS_A,IP-V2-SNAPSHOT-2026-08-13-A,idoly-ingest/04_cards/by_character/yu/card_yu_010_st-card-yu-05-idol-04.md
card_yu_011_st-card-yu-05-jwel-00,GAME_BUNDLE,cards,西の血が 騒いで抑え きれません,cards,,yu,,st-card-yu-05-jwel-00,1,1,3,st-card-yu-05-jwel-00-01|st-card-yu-05-jwel-00-02|st-card-yu-05-jwel-00-03,2,koh|yu,10178,258,TEXTURE,PROVISIONAL_PASS_A,Pass-A default for card stories; escalate when they change a stable character/relationship/theme model.,character-specific micro-development / ordinary-life or professional texture,NO,,,,NO,,NO,UNASSESSED,UNASSESSED,CATALOGUED_PASS_A,IP-V2-SNAPSHOT-2026-08-13-A,idoly-ingest/04_cards/by_character/yu/card_yu_011_st-card-yu-05-jwel-00.md
card_yu_012_st-card-yu-05-link-00,GAME_BUNDLE,cards,生徒会長に なります！,cards,,yu,,st-card-yu-05-link-00,1,1,3,st-card-yu-05-link-00-01|st-card-yu-05-link-00-02|st-card-yu-05-link-00-03,2,rui|yu,8718,263,TEXTURE,PROVISIONAL_PASS_A,Pass-A default for card stories; escalate when they change a stable character/relationship/theme model.,character-specific micro-development / ordinary-life or professional texture,NO,,,,NO,,NO,UNASSESSED,UNASSESSED,CATALOGUED_PASS_A,IP-V2-SNAPSHOT-2026-08-13-A,idoly-ingest/04_cards/by_character/yu/card_yu_012_st-card-yu-05-link-00.md
card_yu_013_st-card-yu-05-mizg-01,GAME_BUNDLE,cards,二人だけの 秘密,cards,,yu,,st-card-yu-05-mizg-01,1,1,3,st-card-yu-05-mizg-01-01|st-card-yu-05-mizg-01-02|st-card-yu-05-mizg-01-03,2,koh|yu,8942,253,TEXTURE,PROVISIONAL_PASS_A,Pass-A default for card stories; escalate when they change a stable character/relationship/theme model.,character-specific micro-development / ordinary-life or professional texture,NO,,,,NO,,NO,UNASSESSED,UNASSESSED,CATALOGUED_PASS_A,IP-V2-SNAPSHOT-2026-08-13-A,idoly-ingest/04_cards/by_character/yu/card_yu_013_st-card-yu-05-mizg-01.md
card_yu_014_st-card-yu-05-mizg-02,GAME_BUNDLE,cards,予想外の反応,cards,,yu,,st-card-yu-05-mizg-02,1,1,3,st-card-yu-05-mizg-02-01|st-card-yu-05-mizg-02-02|st-card-yu-05-mizg-02-03,2,koh|yu,10069,278,TEXTURE,PROVISIONAL_PASS_A,Pass-A default for card stories; escalate when they change a stable character/relationship/theme model.,character-specific micro-development / ordinary-life or professional texture,NO,,,,NO,,NO,UNASSESSED,UNASSESSED,CATALOGUED_PASS_A,IP-V2-SNAPSHOT-2026-08-13-A,idoly-ingest/04_cards/by_character/yu/card_yu_014_st-card-yu-05-mizg-02.md
card_yu_015_st-card-yu-05-nurs-00,GAME_BUNDLE,cards,優が大変 お世話に なってます,cards,,yu,,st-card-yu-05-nurs-00,1,1,3,st-card-yu-05-nurs-00-01|st-card-yu-05-nurs-00-02|st-card-yu-05-nurs-00-03,2,koh|yu,10775,290,TEXTURE,PROVISIONAL_PASS_A,Pass-A default for card stories; escalate when they change a stable character/relationship/theme model.,character-specific micro-development / ordinary-life or professional texture,NO,,,,NO,,NO,UNASSESSED,UNASSESSED,CATALOGUED_PASS_A,IP-V2-SNAPSHOT-2026-08-13-A,idoly-ingest/04_cards/by_character/yu/card_yu_015_st-card-yu-05-nurs-00.md
card_yu_016_st-card-yu-05-ster-00,GAME_BUNDLE,cards,校門から 入れば ええんです,cards,,yu,,st-card-yu-05-ster-00,1,1,3,st-card-yu-05-ster-00-01|st-card-yu-05-ster-00-02|st-card-yu-05-ster-00-03,2,koh|yu,9513,256,TEXTURE,PROVISIONAL_PASS_A,Pass-A default for card stories; escalate when they change a stable character/relationship/theme model.,character-specific micro-development / ordinary-life or professional texture,NO,,,,NO,,NO,UNASSESSED,UNASSESSED,CATALOGUED_PASS_A,IP-V2-SNAPSHOT-2026-08-13-A,idoly-ingest/04_cards/by_character/yu/card_yu_016_st-card-yu-05-ster-00.md
card_yu_017_st-card-yu-05-vlnt-00,GAME_BUNDLE,cards,口説いてみせ ましょか？,cards,,yu,,st-card-yu-05-vlnt-00,1,1,3,st-card-yu-05-vlnt-00-01|st-card-yu-05-vlnt-00-02|st-card-yu-05-vlnt-00-03,2,koh|yu,10077,285,TEXTURE,PROVISIONAL_PASS_A,Pass-A default for card stories; escalate when they change a stable character/relationship/theme model.,character-specific micro-development / ordinary-life or professional texture,NO,,,,NO,,NO,UNASSESSED,UNASSESSED,CATALOGUED_PASS_A,IP-V2-SNAPSHOT-2026-08-13-A,idoly-ingest/04_cards/by_character/yu/card_yu_017_st-card-yu-05-vlnt-00.md
card_yu_018_st-card-yu-05-wedd-01,GAME_BUNDLE,cards,うち 話早い人 好きよ,cards,,yu,,st-card-yu-05-wedd-01,1,1,3,st-card-yu-05-wedd-01-01|st-card-yu-05-wedd-01-02|st-card-yu-05-wedd-01-03,2,koh|yu,8875,251,TEXTURE,PROVISIONAL_PASS_A,Pass-A default for card stories; escalate when they change a stable character/relationship/theme model.,character-specific micro-development / ordinary-life or professional texture,NO,,,,NO,,NO,UNASSESSED,UNASSESSED,CATALOGUED_PASS_A,IP-V2-SNAPSHOT-2026-08-13-A,idoly-ingest/04_cards/by_character/yu/card_yu_018_st-card-yu-05-wedd-01.md
card_yu_019_st-card-yu-05-xmas-00,GAME_BUNDLE,cards,ライブの後は…？,cards,,yu,,st-card-yu-05-xmas-00,1,1,3,st-card-yu-05-xmas-00-01|st-card-yu-05-xmas-00-02|st-card-yu-05-xmas-00-03,2,koh|yu,7764,223,TEXTURE,PROVISIONAL_PASS_A,Pass-A default for card stories; escalate when they change a stable character/relationship/theme model.,character-specific micro-development / ordinary-life or professional texture,NO,,,,NO,,NO,UNASSESSED,UNASSESSED,CATALOGUED_PASS_A,IP-V2-SNAPSHOT-2026-08-13-A,idoly-ingest/04_cards/by_character/yu/card_yu_019_st-card-yu-05-xmas-00.md
specials_001_st-ex-story-part-anniversary-01-23-0624,GAME_BUNDLE,specials_misc,st-ex-story-part-anniversary-01-23-0624,specials,,,,,1,1,1,st-ex-story-part-anniversary-01-23-0624-02,2,kor|stm,532,3,UNRESOLVED,PROVISIONAL_PASS_A,Special/miscellaneous material requires semantic classification before narrative weight is assigned.,special / miscellaneous / anniversary or exceptional context,NO,,,,YES,adv-live-anniversary-01-23-0624-01,YES,UNASSESSED,UNASSESSED,CATALOGUED_PASS_A,IP-V2-SNAPSHOT-2026-08-13-A,idoly-ingest/05_specials_misc/specials/specials_001_st-ex-story-part-anniversary-01-23-0624.md
specials_002_st-ex-story-part-anniversary-01-24-0624,GAME_BUNDLE,specials_misc,st-ex-story-part-anniversary-01-24-0624,specials,,,,,1,1,1,st-ex-story-part-anniversary-01-24-0624-01,5,ktn|mei|ngs|ski|suz,3377,99,UNRESOLVED,PROVISIONAL_PASS_A,Special/miscellaneous material requires semantic classification before narrative weight is assigned.,special / miscellaneous / anniversary or exceptional context,NO,,,,NO,,YES,UNASSESSED,UNASSESSED,CATALOGUED_PASS_A,IP-V2-SNAPSHOT-2026-08-13-A,idoly-ingest/05_specials_misc/specials/specials_002_st-ex-story-part-anniversary-01-24-0624.md
specials_003_st-ex-story-part-birthday-01-hrk,GAME_BUNDLE,specials_misc,st-ex-story-part-birthday-01-hrk,specials,,,,,1,1,1,st-ex-story-part-birthday-01-hrk-01,1,hrk,865,16,UNRESOLVED,PROVISIONAL_PASS_A,Special/miscellaneous material requires semantic classification before narrative weight is assigned.,special / miscellaneous / anniversary or exceptional context,NO,,,,NO,,YES,UNASSESSED,UNASSESSED,CATALOGUED_PASS_A,IP-V2-SNAPSHOT-2026-08-13-A,idoly-ingest/05_specials_misc/specials/specials_003_st-ex-story-part-birthday-01-hrk.md
specials_004_st-ex-story-part-birthday-01-mei,GAME_BUNDLE,specials_misc,st-ex-story-part-birthday-01-mei,specials,,,,,1,1,2,st-ex-story-part-birthday-01-mei-01|st-ex-story-part-birthday-01-mei-02,1,mei,1352,25,UNRESOLVED,PROVISIONAL_PASS_A,Special/miscellaneous material requires semantic classification before narrative weight is assigned.,special / miscellaneous / anniversary or exceptional context,NO,,,,NO,,YES,UNASSESSED,UNASSESSED,CATALOGUED_PASS_A,IP-V2-SNAPSHOT-2026-08-13-A,idoly-ingest/05_specials_misc/specials/specials_004_st-ex-story-part-birthday-01-mei.md
specials_005_st-ex-story-part-birthday-01-ngs,GAME_BUNDLE,specials_misc,st-ex-story-part-birthday-01-ngs,specials,,,,,1,1,2,st-ex-story-part-birthday-01-ngs-01|st-ex-story-part-birthday-01-ngs-02,1,ngs,1312,28,UNRESOLVED,PROVISIONAL_PASS_A,Special/miscellaneous material requires semantic classification before narrative weight is assigned.,special / miscellaneous / anniversary or exceptional context,NO,,,,NO,,YES,UNASSESSED,UNASSESSED,CATALOGUED_PASS_A,IP-V2-SNAPSHOT-2026-08-13-A,idoly-ingest/05_specials_misc/specials/specials_005_st-ex-story-part-birthday-01-ngs.md
specials_006_st-ex-story-part-birthday-01-rei,GAME_BUNDLE,specials_misc,st-ex-story-part-birthday-01-rei,specials,,,,,1,1,2,st-ex-story-part-birthday-01-rei-01|st-ex-story-part-birthday-01-rei-02,1,rei,1420,26,UNRESOLVED,PROVISIONAL_PASS_A,Special/miscellaneous material requires semantic classification before narrative weight is assigned.,special / miscellaneous / anniversary or exceptional context,NO,,,,NO,,YES,UNASSESSED,UNASSESSED,CATALOGUED_PASS_A,IP-V2-SNAPSHOT-2026-08-13-A,idoly-ingest/05_specials_misc/specials/specials_006_st-ex-story-part-birthday-01-rei.md
specials_007_st-ex-story-part-birthday-01-rio,GAME_BUNDLE,specials_misc,st-ex-story-part-birthday-01-rio,specials,,,,,1,1,1,st-ex-story-part-birthday-01-rio-02,1,rio,892,20,UNRESOLVED,PROVISIONAL_PASS_A,Special/miscellaneous material requires semantic classification before narrative weight is assigned.,special / miscellaneous / anniversary or exceptional context,NO,,,,NO,,YES,UNASSESSED,UNASSESSED,CATALOGUED_PASS_A,IP-V2-SNAPSHOT-2026-08-13-A,idoly-ingest/05_specials_misc/specials/specials_007_st-ex-story-part-birthday-01-rio.md
specials_008_st-ex-story-part-birthday-01-rui,GAME_BUNDLE,specials_misc,st-ex-story-part-birthday-01-rui,specials,,,,,1,1,1,st-ex-story-part-birthday-01-rui-02,1,rui,826,19,UNRESOLVED,PROVISIONAL_PASS_A,Special/miscellaneous material requires semantic classification before narrative weight is assigned.,special / miscellaneous / anniversary or exceptional context,NO,,,,NO,,YES,UNASSESSED,UNASSESSED,CATALOGUED_PASS_A,IP-V2-SNAPSHOT-2026-08-13-A,idoly-ingest/05_specials_misc/specials/specials_008_st-ex-story-part-birthday-01-rui.md
specials_009_st-ex-story-part-birthday-01-szk,GAME_BUNDLE,specials_misc,st-ex-story-part-birthday-01-szk,specials,,,,,1,1,1,st-ex-story-part-birthday-01-szk-02,1,szk,643,10,UNRESOLVED,PROVISIONAL_PASS_A,Special/miscellaneous material requires semantic classification before narrative weight is assigned.,special / miscellaneous / anniversary or exceptional context,NO,,,,NO,,YES,UNASSESSED,UNASSESSED,CATALOGUED_PASS_A,IP-V2-SNAPSHOT-2026-08-13-A,idoly-ingest/05_specials_misc/specials/specials_009_st-ex-story-part-birthday-01-szk.md
specials_010_st-ex-story-part-special-01-21-1224-half-aniv,GAME_BUNDLE,specials_misc,st-ex-story-part-special-01-21-1224-half-aniv,specials,,,,,1,1,1,st-ex-story-part-special-01-21-1224-half-aniv,0,,412,0,UNRESOLVED,PROVISIONAL_PASS_A,Special/miscellaneous material requires semantic classification before narrative weight is assigned.,special / miscellaneous / anniversary or exceptional context,NO,,,,NO,,YES,UNASSESSED,UNASSESSED,CATALOGUED_PASS_A,IP-V2-SNAPSHOT-2026-08-13-A,idoly-ingest/05_specials_misc/specials/specials_010_st-ex-story-part-special-01-21-1224-half-aniv.md
specials_011_st-ex-story-part-special-01-22-0103-newyear,GAME_BUNDLE,specials_misc,st-ex-story-part-special-01-22-0103-newyear,specials,,,,,1,1,1,st-ex-story-part-special-01-22-0103-newyear-01,5,chs|hrk|rei|skr|szk,947,18,UNRESOLVED,PROVISIONAL_PASS_A,Special/miscellaneous material requires semantic classification before narrative weight is assigned.,special / miscellaneous / anniversary or exceptional context,NO,,,,NO,,YES,UNASSESSED,UNASSESSED,CATALOGUED_PASS_A,IP-V2-SNAPSHOT-2026-08-13-A,idoly-ingest/05_specials_misc/specials/specials_011_st-ex-story-part-special-01-22-0103-newyear.md
specials_012_st-ex-story-part-special-01-22-0401-april,GAME_BUNDLE,specials_misc,st-ex-story-part-special-01-22-0401-april,specials,,,,,1,1,2,st-ex-story-part-special-01-22-0401-april-01|st-ex-story-part-special-01-22-0401-april-02,0,,680,0,UNRESOLVED,PROVISIONAL_PASS_A,Special/miscellaneous material requires semantic classification before narrative weight is assigned.,special / miscellaneous / anniversary or exceptional context,NO,,,,NO,,YES,UNASSESSED,UNASSESSED,CATALOGUED_PASS_A,IP-V2-SNAPSHOT-2026-08-13-A,idoly-ingest/05_specials_misc/specials/specials_012_st-ex-story-part-special-01-22-0401-april.md
specials_013_st-ex-story-part-special-01-22-0624-aniv,GAME_BUNDLE,specials_misc,st-ex-story-part-special-01-22-0624-aniv,specials,,,,,1,1,2,st-ex-story-part-special-01-22-0624-aniv-01|st-ex-story-part-special-01-22-0624-aniv-02,2,ktn|skr,1207,17,UNRESOLVED,PROVISIONAL_PASS_A,Special/miscellaneous material requires semantic classification before narrative weight is assigned.,special / miscellaneous / anniversary or exceptional context,NO,,,,NO,,YES,UNASSESSED,UNASSESSED,CATALOGUED_PASS_A,IP-V2-SNAPSHOT-2026-08-13-A,idoly-ingest/05_specials_misc/specials/specials_013_st-ex-story-part-special-01-22-0624-aniv.md
specials_014_st-ex-story-part-special-01-23-0101-newyear,GAME_BUNDLE,specials_misc,st-ex-story-part-special-01-23-0101-newyear,specials,,,,,1,1,1,st-ex-story-part-special-01-23-0101-newyear-01,4,ktn|rio|rui|skr,1179,25,UNRESOLVED,PROVISIONAL_PASS_A,Special/miscellaneous material requires semantic classification before narrative weight is assigned.,special / miscellaneous / anniversary or exceptional context,NO,,,,NO,,YES,UNASSESSED,UNASSESSED,CATALOGUED_PASS_A,IP-V2-SNAPSHOT-2026-08-13-A,idoly-ingest/05_specials_misc/specials/specials_014_st-ex-story-part-special-01-23-0101-newyear.md
specials_015_st-ex-story-part-special-01-23-0401-april,GAME_BUNDLE,specials_misc,st-ex-story-part-special-01-23-0401-april,specials,,,,,1,1,3,st-ex-story-part-special-01-23-0401-april-01|st-ex-story-part-special-01-23-0401-april-02|st-ex-story-part-special-01-23-0401-april-03,0,,936,0,UNRESOLVED,PROVISIONAL_PASS_A,Special/miscellaneous material requires semantic classification before narrative weight is assigned.,special / miscellaneous / anniversary or exceptional context,NO,,,,NO,,YES,UNASSESSED,UNASSESSED,CATALOGUED_PASS_A,IP-V2-SNAPSHOT-2026-08-13-A,idoly-ingest/05_specials_misc/specials/specials_015_st-ex-story-part-special-01-23-0401-april.md
specials_016_st-ex-story-part-special-01-24-0103-newyear,GAME_BUNDLE,specials_misc,st-ex-story-part-special-01-24-0103-newyear,specials,,,,,1,1,1,st-ex-story-part-special-01-24-0103-newyear-01,5,ktn|mei|ngs|ski|suz,1421,32,UNRESOLVED,PROVISIONAL_PASS_A,Special/miscellaneous material requires semantic classification before narrative weight is assigned.,special / miscellaneous / anniversary or exceptional context,NO,,,,NO,,YES,UNASSESSED,UNASSESSED,CATALOGUED_PASS_A,IP-V2-SNAPSHOT-2026-08-13-A,idoly-ingest/05_specials_misc/specials/specials_016_st-ex-story-part-special-01-24-0103-newyear.md
specials_017_st-ex-story-part-special-01-24-0401-april,GAME_BUNDLE,specials_misc,st-ex-story-part-special-01-24-0401-april,specials,,,,,1,1,5,st-ex-story-part-special-01-24-0401-april-01|st-ex-story-part-special-01-24-0401-april-02|st-ex-story-part-special-01-24-0401-april-03|st-ex-story-part-special-01-24-0401-april-04|st-ex-story-part-special-01-24-0401-april-05,7,gyogyo|kkr|koh|ktn|rei|skr|suz,11254,308,UNRESOLVED,PROVISIONAL_PASS_A,Special/miscellaneous material requires semantic classification before narrative weight is assigned.,special / miscellaneous / anniversary or exceptional context,NO,,,,YES,adv-live-eve-2404-april-03,YES,UNASSESSED,UNASSESSED,CATALOGUED_PASS_A,IP-V2-SNAPSHOT-2026-08-13-A,idoly-ingest/05_specials_misc/specials/specials_017_st-ex-story-part-special-01-24-0401-april.md
specials_018_st-ex-story-part-special-01-24-0624-aniv,GAME_BUNDLE,specials_misc,st-ex-story-part-special-01-24-0624-aniv,specials,,,,,1,1,1,st-ex-story-part-special-01-24-0624-aniv-01,0,,399,0,UNRESOLVED,PROVISIONAL_PASS_A,Special/miscellaneous material requires semantic classification before narrative weight is assigned.,special / miscellaneous / anniversary or exceptional context,NO,,,,NO,,YES,UNASSESSED,UNASSESSED,CATALOGUED_PASS_A,IP-V2-SNAPSHOT-2026-08-13-A,idoly-ingest/05_specials_misc/specials/specials_018_st-ex-story-part-special-01-24-0624-aniv.md
specials_019_st-ex-story-part-special-01-25-0104-newyear,GAME_BUNDLE,specials_misc,st-ex-story-part-special-01-25-0104-newyear,specials,,,,,1,1,1,st-ex-story-part-special-01-25-0104-newyear-01,3,rui|smr|yu,1408,31,UNRESOLVED,PROVISIONAL_PASS_A,Special/miscellaneous material requires semantic classification before narrative weight is assigned.,special / miscellaneous / anniversary or exceptional context,NO,,,,NO,,YES,UNASSESSED,UNASSESSED,CATALOGUED_PASS_A,IP-V2-SNAPSHOT-2026-08-13-A,idoly-ingest/05_specials_misc/specials/specials_019_st-ex-story-part-special-01-25-0104-newyear.md
specials_020_st-ex-story-part-special-01-25-0624-aniv,GAME_BUNDLE,specials_misc,st-ex-story-part-special-01-25-0624-aniv,specials,,,,,1,1,1,st-ex-story-part-special-01-25-0624-aniv-01,0,,399,0,UNRESOLVED,PROVISIONAL_PASS_A,Special/miscellaneous material requires semantic classification before narrative weight is assigned.,special / miscellaneous / anniversary or exceptional context,NO,,,,NO,,YES,UNASSESSED,UNASSESSED,CATALOGUED_PASS_A,IP-V2-SNAPSHOT-2026-08-13-A,idoly-ingest/05_specials_misc/specials/specials_020_st-ex-story-part-special-01-25-0624-aniv.md
specials_021_st-ex-story-part-special-01-26-0104-newyear,GAME_BUNDLE,specials_misc,st-ex-story-part-special-01-26-0104-newyear,specials,,,,,1,1,1,st-ex-story-part-special-01-26-0104-newyear-01,3,kan|kor|mhk,1492,31,UNRESOLVED,PROVISIONAL_PASS_A,Special/miscellaneous material requires semantic classification before narrative weight is assigned.,special / miscellaneous / anniversary or exceptional context,NO,,,,NO,,YES,UNASSESSED,UNASSESSED,CATALOGUED_PASS_A,IP-V2-SNAPSHOT-2026-08-13-A,idoly-ingest/05_specials_misc/specials/specials_021_st-ex-story-part-special-01-26-0104-newyear.md
specials_022_st-ex-story-part-special-01-26-0401-april,GAME_BUNDLE,specials_misc,st-ex-story-part-special-01-26-0401-april,specials,,,,,1,1,6,st-ex-story-part-special-01-26-0401-april-01|st-ex-story-part-special-01-26-0401-april-02|st-ex-story-part-special-01-26-0401-april-03|st-ex-story-part-special-01-26-0401-april-04|st-ex-story-part-special-01-26-0401-april-05|st-ex-story-part-special-01-26-0401-april-06,8,buriburi|chs|hrk|koh|maguro|rei|skr|szk,9519,234,UNRESOLVED,PROVISIONAL_PASS_A,Special/miscellaneous material requires semantic classification before narrative weight is assigned.,special / miscellaneous / anniversary or exceptional context,NO,,,,NO,,YES,UNASSESSED,UNASSESSED,CATALOGUED_PASS_A,IP-V2-SNAPSHOT-2026-08-13-A,idoly-ingest/05_specials_misc/specials/specials_022_st-ex-story-part-special-01-26-0401-april.md
specials_023_st-ex-story-part-special-01-26-0624-aniv,GAME_BUNDLE,specials_misc,st-ex-story-part-special-01-26-0624-aniv,specials,,,,,1,1,1,st-ex-story-part-special-01-26-0624-aniv-01,0,,399,0,UNRESOLVED,PROVISIONAL_PASS_A,Special/miscellaneous material requires semantic classification before narrative weight is assigned.,special / miscellaneous / anniversary or exceptional context,NO,,,,NO,,YES,UNASSESSED,UNASSESSED,CATALOGUED_PASS_A,IP-V2-SNAPSHOT-2026-08-13-A,idoly-ingest/05_specials_misc/specials/specials_023_st-ex-story-part-special-01-26-0624-aniv.md
specials_024_st-ex-story-part-special-01-birthday-trip-2024,GAME_BUNDLE,specials_misc,st-ex-story-part-special-01-birthday-trip-2024,specials,,,,,1,1,4,st-ex-story-part-special-01-birthday-trip-2024-01|st-ex-story-part-special-01-birthday-trip-2024-02|st-ex-story-part-special-01-birthday-trip-2024-03|st-ex-story-part-special-01-birthday-trip-2024-04,21,ai|aoi|chs|hrk|kan|kkr|koh|kor|ktn|mei|mhk|ngs|rei|rio|rui|ski|skr|smr|suz|szk|yu,9241,265,UNRESOLVED,PROVISIONAL_PASS_A,Special/miscellaneous material requires semantic classification before narrative weight is assigned.,special / miscellaneous / anniversary or exceptional context,NO,,,,NO,,YES,UNASSESSED,UNASSESSED,CATALOGUED_PASS_A,IP-V2-SNAPSHOT-2026-08-13-A,idoly-ingest/05_specials_misc/specials/specials_024_st-ex-story-part-special-01-birthday-trip-2024.md
specials_025_st-shelf-25-0128-001,GAME_BUNDLE,specials_misc,st-shelf-25-0128-001,specials,,,,,1,1,1,st-shelf-25-0128-001-005,6,chs|hrk|koh|rei|skr|szk,3019,77,UNRESOLVED,PROVISIONAL_PASS_A,Special/miscellaneous material requires semantic classification before narrative weight is assigned.,special / miscellaneous / anniversary or exceptional context,NO,,,,NO,,YES,UNASSESSED,UNASSESSED,CATALOGUED_PASS_A,IP-V2-SNAPSHOT-2026-08-13-A,idoly-ingest/05_specials_misc/specials/specials_025_st-shelf-25-0128-001.md
specials_026_st-shelf-25-0401-001,GAME_BUNDLE,specials_misc,st-shelf-25-0401-001,specials,,,,,1,1,7,st-shelf-25-0401-001-001|st-shelf-25-0401-001-002|st-shelf-25-0401-001-003|st-shelf-25-0401-001-004|st-shelf-25-0401-001-005|st-shelf-25-0401-001-006|st-shelf-25-0401-001-007,15,gyogyo|hrk|kan|kan2|koh|ktn|ktn2|rio|rio2|skr|skr2|smr|smr2|suz|suz2,17289,462,UNRESOLVED,PROVISIONAL_PASS_A,Special/miscellaneous material requires semantic classification before narrative weight is assigned.,special / miscellaneous / anniversary or exceptional context,NO,,,,NO,,YES,UNASSESSED,UNASSESSED,CATALOGUED_PASS_A,IP-V2-SNAPSHOT-2026-08-13-A,idoly-ingest/05_specials_misc/specials/specials_026_st-shelf-25-0401-001.md
misc_001_st-love-23-0514-007-bad,GAME_BUNDLE,specials_misc,st-love-23-0514-007-bad,misc,,,,,1,1,1,st-love-23-0514-007-bad,2,koh|rei,1771,32,UNRESOLVED,PROVISIONAL_PASS_A,Special/miscellaneous material requires semantic classification before narrative weight is assigned.,special / miscellaneous / anniversary or exceptional context,NO,,,,NO,,YES,UNASSESSED,UNASSESSED,CATALOGUED_PASS_A,IP-V2-SNAPSHOT-2026-08-13-A,idoly-ingest/05_specials_misc/misc/misc_001_st-love-23-0514-007-bad.md
bond_ai_001_ai,GAME_BUNDLE,bond_stories,Bond stories: ai,bond,,ai,,,1,1,8,st-company-bond-ai-01-01|st-company-bond-ai-01-02|st-company-bond-ai-01-03|st-company-bond-ai-01-04|st-company-bond-ai-01-05|st-company-bond-ai-01-06|st-company-bond-ai-01-07|st-company-bond-ai-01-08,6,ai|ai2|ngs|rei|yu|yu2,11970,337,IMPORTANT,PROVISIONAL_PASS_A,Character/manager relational development with longitudinal relevance; verify individually.,character bond / manager-idol relational development,NO,,,,NO,,YES,UNASSESSED,UNASSESSED,CATALOGUED_PASS_A,IP-V2-SNAPSHOT-2026-08-13-A,idoly-ingest/06_bond_stories/by_character/ai/bond_ai_001_ai.md
bond_aoi_001_aoi,GAME_BUNDLE,bond_stories,Bond stories: aoi,bond,,aoi,,,1,1,8,st-company-bond-aoi-01-01|st-company-bond-aoi-01-02|st-company-bond-aoi-01-03|st-company-bond-aoi-01-04|st-company-bond-aoi-01-05|st-company-bond-aoi-01-06|st-company-bond-aoi-01-07|st-company-bond-aoi-01-08,6,ai|aoi|aoi2|chs|chs2|skr,10008,285,IMPORTANT,PROVISIONAL_PASS_A,Character/manager relational development with longitudinal relevance; verify individually.,character bond / manager-idol relational development,NO,,,,NO,,YES,UNASSESSED,UNASSESSED,CATALOGUED_PASS_A,IP-V2-SNAPSHOT-2026-08-13-A,idoly-ingest/06_bond_stories/by_character/aoi/bond_aoi_001_aoi.md
bond_chs_001_chs,GAME_BUNDLE,bond_stories,Bond stories: chs,bond,,chs,,,1,1,8,st-company-bond-chs-01-01|st-company-bond-chs-01-02|st-company-bond-chs-01-03|st-company-bond-chs-01-04|st-company-bond-chs-01-05|st-company-bond-chs-01-06|st-company-bond-chs-01-07|st-company-bond-chs-01-08,4,chs|kan|rui|szk,11768,325,IMPORTANT,PROVISIONAL_PASS_A,Character/manager relational development with longitudinal relevance; verify individually.,character bond / manager-idol relational development,NO,,,,NO,,YES,UNASSESSED,UNASSESSED,CATALOGUED_PASS_A,IP-V2-SNAPSHOT-2026-08-13-A,idoly-ingest/06_bond_stories/by_character/chs/bond_chs_001_chs.md
bond_hrk_001_hrk,GAME_BUNDLE,bond_stories,Bond stories: hrk,bond,,hrk,,,1,1,8,st-company-bond-hrk-01-01|st-company-bond-hrk-01-02|st-company-bond-hrk-01-03|st-company-bond-hrk-01-04|st-company-bond-hrk-01-05|st-company-bond-hrk-01-06|st-company-bond-hrk-01-07|st-company-bond-hrk-01-08,4,aoi|hrk|kkr|kor,12186,331,IMPORTANT,PROVISIONAL_PASS_A,Character/manager relational development with longitudinal relevance; verify individually.,character bond / manager-idol relational development,NO,,,,NO,,YES,UNASSESSED,UNASSESSED,CATALOGUED_PASS_A,IP-V2-SNAPSHOT-2026-08-13-A,idoly-ingest/06_bond_stories/by_character/hrk/bond_hrk_001_hrk.md
bond_kan_001_kan,GAME_BUNDLE,bond_stories,Bond stories: kan,bond,,kan,,,1,1,8,st-company-bond-kan-01-01|st-company-bond-kan-01-02|st-company-bond-kan-01-03|st-company-bond-kan-01-04|st-company-bond-kan-01-05|st-company-bond-kan-01-06|st-company-bond-kan-01-07|st-company-bond-kan-01-08,4,ai|kan|kkr|suz,13199,355,IMPORTANT,PROVISIONAL_PASS_A,Character/manager relational development with longitudinal relevance; verify individually.,character bond / manager-idol relational development,NO,,,,NO,,YES,UNASSESSED,UNASSESSED,CATALOGUED_PASS_A,IP-V2-SNAPSHOT-2026-08-13-A,idoly-ingest/06_bond_stories/by_character/kan/bond_kan_001_kan.md
bond_kkr_001_kkr,GAME_BUNDLE,bond_stories,Bond stories: kkr,bond,,kkr,,,1,1,8,st-company-bond-kkr-01-01|st-company-bond-kkr-01-02|st-company-bond-kkr-01-03|st-company-bond-kkr-01-04|st-company-bond-kkr-01-05|st-company-bond-kkr-01-06|st-company-bond-kkr-01-07|st-company-bond-kkr-01-08,4,kkr|ngs|rui|smr,12473,327,IMPORTANT,PROVISIONAL_PASS_A,Character/manager relational development with longitudinal relevance; verify individually.,character bond / manager-idol relational development,NO,,,,NO,,YES,UNASSESSED,UNASSESSED,CATALOGUED_PASS_A,IP-V2-SNAPSHOT-2026-08-13-A,idoly-ingest/06_bond_stories/by_character/kkr/bond_kkr_001_kkr.md
bond_kor_001_kor,GAME_BUNDLE,bond_stories,Bond stories: kor,bond,,kor,,,1,1,8,st-company-bond-kor-01-01|st-company-bond-kor-01-02|st-company-bond-kor-01-03|st-company-bond-kor-01-04|st-company-bond-kor-01-05|st-company-bond-kor-01-06|st-company-bond-kor-01-07|st-company-bond-kor-01-08,4,chs|kor|suz|szk,12328,331,IMPORTANT,PROVISIONAL_PASS_A,Character/manager relational development with longitudinal relevance; verify individually.,character bond / manager-idol relational development,NO,,,,NO,,YES,UNASSESSED,UNASSESSED,CATALOGUED_PASS_A,IP-V2-SNAPSHOT-2026-08-13-A,idoly-ingest/06_bond_stories/by_character/kor/bond_kor_001_kor.md
bond_ktn_001_ktn,GAME_BUNDLE,bond_stories,Bond stories: ktn,bond,,ktn,,,1,1,8,st-company-bond-ktn-01-01|st-company-bond-ktn-01-02|st-company-bond-ktn-01-03|st-company-bond-ktn-01-04|st-company-bond-ktn-01-05|st-company-bond-ktn-01-06|st-company-bond-ktn-01-07|st-company-bond-ktn-01-08,4,ktn|mhk|ngs|szk,11055,314,IMPORTANT,PROVISIONAL_PASS_A,Character/manager relational development with longitudinal relevance; verify individually.,character bond / manager-idol relational development,NO,,,,NO,,YES,UNASSESSED,UNASSESSED,CATALOGUED_PASS_A,IP-V2-SNAPSHOT-2026-08-13-A,idoly-ingest/06_bond_stories/by_character/ktn/bond_ktn_001_ktn.md
bond_mei_001_mei,GAME_BUNDLE,bond_stories,Bond stories: mei,bond,,mei,,,1,1,8,st-company-bond-mei-01-01|st-company-bond-mei-01-02|st-company-bond-mei-01-03|st-company-bond-mei-01-04|st-company-bond-mei-01-05|st-company-bond-mei-01-06|st-company-bond-mei-01-07|st-company-bond-mei-01-08,4,kkr|ktn|mei|ski,11263,314,IMPORTANT,PROVISIONAL_PASS_A,Character/manager relational development with longitudinal relevance; verify individually.,character bond / manager-idol relational development,NO,,,,NO,,YES,UNASSESSED,UNASSESSED,CATALOGUED_PASS_A,IP-V2-SNAPSHOT-2026-08-13-A,idoly-ingest/06_bond_stories/by_character/mei/bond_mei_001_mei.md
bond_mhk_001_mhk,GAME_BUNDLE,bond_stories,Bond stories: mhk,bond,,mhk,,,1,1,8,st-company-bond-mhk-01-01|st-company-bond-mhk-01-02|st-company-bond-mhk-01-03|st-company-bond-mhk-01-04|st-company-bond-mhk-01-05|st-company-bond-mhk-01-06|st-company-bond-mhk-01-07|st-company-bond-mhk-01-08,4,hrk|mei|mhk|suz,12079,329,IMPORTANT,PROVISIONAL_PASS_A,Character/manager relational development with longitudinal relevance; verify individually.,character bond / manager-idol relational development,NO,,,,NO,,YES,UNASSESSED,UNASSESSED,CATALOGUED_PASS_A,IP-V2-SNAPSHOT-2026-08-13-A,idoly-ingest/06_bond_stories/by_character/mhk/bond_mhk_001_mhk.md
bond_ngs_001_ngs,GAME_BUNDLE,bond_stories,Bond stories: ngs,bond,,ngs,,,1,1,8,st-company-bond-ngs-01-01|st-company-bond-ngs-01-02|st-company-bond-ngs-01-03|st-company-bond-ngs-01-04|st-company-bond-ngs-01-05|st-company-bond-ngs-01-06|st-company-bond-ngs-01-07|st-company-bond-ngs-01-08,4,aoi|mei|ngs|rio,10942,305,IMPORTANT,PROVISIONAL_PASS_A,Character/manager relational development with longitudinal relevance; verify individually.,character bond / manager-idol relational development,NO,,,,NO,,YES,UNASSESSED,UNASSESSED,CATALOGUED_PASS_A,IP-V2-SNAPSHOT-2026-08-13-A,idoly-ingest/06_bond_stories/by_character/ngs/bond_ngs_001_ngs.md
bond_rei_001_rei,GAME_BUNDLE,bond_stories,Bond stories: rei,bond,,rei,,,1,1,8,st-company-bond-rei-01-01|st-company-bond-rei-01-02|st-company-bond-rei-01-03|st-company-bond-rei-01-04|st-company-bond-rei-01-05|st-company-bond-rei-01-06|st-company-bond-rei-01-07|st-company-bond-rei-01-08,4,kor|mhk|rei|ski,10807,301,IMPORTANT,PROVISIONAL_PASS_A,Character/manager relational development with longitudinal relevance; verify individually.,character bond / manager-idol relational development,NO,,,,NO,,YES,UNASSESSED,UNASSESSED,CATALOGUED_PASS_A,IP-V2-SNAPSHOT-2026-08-13-A,idoly-ingest/06_bond_stories/by_character/rei/bond_rei_001_rei.md
bond_rio_001_rio,GAME_BUNDLE,bond_stories,Bond stories: rio,bond,,rio,,,1,1,8,st-company-bond-rio-01-01|st-company-bond-rio-01-02|st-company-bond-rio-01-03|st-company-bond-rio-01-04|st-company-bond-rio-01-05|st-company-bond-rio-01-06|st-company-bond-rio-01-07|st-company-bond-rio-01-08,4,aoi|kan|rio|ski,11336,306,IMPORTANT,PROVISIONAL_PASS_A,Character/manager relational development with longitudinal relevance; verify individually.,character bond / manager-idol relational development,NO,,,,NO,,YES,UNASSESSED,UNASSESSED,CATALOGUED_PASS_A,IP-V2-SNAPSHOT-2026-08-13-A,idoly-ingest/06_bond_stories/by_character/rio/bond_rio_001_rio.md
bond_rui_001_rui,GAME_BUNDLE,bond_stories,Bond stories: rui,bond,,rui,,,1,1,8,st-company-bond-rui-01-01|st-company-bond-rui-01-02|st-company-bond-rui-01-03|st-company-bond-rui-01-04|st-company-bond-rui-01-05|st-company-bond-rui-01-06|st-company-bond-rui-01-07|st-company-bond-rui-01-08,4,hrk|ktn|rio|rui,11494,320,IMPORTANT,PROVISIONAL_PASS_A,Character/manager relational development with longitudinal relevance; verify individually.,character bond / manager-idol relational development,NO,,,,NO,,YES,UNASSESSED,UNASSESSED,CATALOGUED_PASS_A,IP-V2-SNAPSHOT-2026-08-13-A,idoly-ingest/06_bond_stories/by_character/rui/bond_rui_001_rui.md
bond_ski_001_ski,GAME_BUNDLE,bond_stories,Bond stories: ski,bond,,ski,,,1,1,8,st-company-bond-ski-01-01|st-company-bond-ski-01-02|st-company-bond-ski-01-03|st-company-bond-ski-01-04|st-company-bond-ski-01-05|st-company-bond-ski-01-06|st-company-bond-ski-01-07|st-company-bond-ski-01-08,4,chs|kor|ski|smr,11645,316,IMPORTANT,PROVISIONAL_PASS_A,Character/manager relational development with longitudinal relevance; verify individually.,character bond / manager-idol relational development,NO,,,,NO,,YES,UNASSESSED,UNASSESSED,CATALOGUED_PASS_A,IP-V2-SNAPSHOT-2026-08-13-A,idoly-ingest/06_bond_stories/by_character/ski/bond_ski_001_ski.md
bond_skr_001_skr,GAME_BUNDLE,bond_stories,Bond stories: skr,bond,,skr,,,1,1,8,st-company-bond-skr-01-01|st-company-bond-skr-01-02|st-company-bond-skr-01-03|st-company-bond-skr-01-04|st-company-bond-skr-01-05|st-company-bond-skr-01-06|st-company-bond-skr-01-07|st-company-bond-skr-01-08,4,mhk|skr|smr|yu,10610,290,IMPORTANT,PROVISIONAL_PASS_A,Character/manager relational development with longitudinal relevance; verify individually.,character bond / manager-idol relational development,NO,,,,NO,,YES,UNASSESSED,UNASSESSED,CATALOGUED_PASS_A,IP-V2-SNAPSHOT-2026-08-13-A,idoly-ingest/06_bond_stories/by_character/skr/bond_skr_001_skr.md
bond_smr_001_smr,GAME_BUNDLE,bond_stories,Bond stories: smr,bond,,smr,,,1,1,8,st-company-bond-smr-01-01|st-company-bond-smr-01-02|st-company-bond-smr-01-03|st-company-bond-smr-01-04|st-company-bond-smr-01-05|st-company-bond-smr-01-06|st-company-bond-smr-01-07|st-company-bond-smr-01-08,4,kan|mei|rei|smr,11884,318,IMPORTANT,PROVISIONAL_PASS_A,Character/manager relational development with longitudinal relevance; verify individually.,character bond / manager-idol relational development,NO,,,,NO,,YES,UNASSESSED,UNASSESSED,CATALOGUED_PASS_A,IP-V2-SNAPSHOT-2026-08-13-A,idoly-ingest/06_bond_stories/by_character/smr/bond_smr_001_smr.md
bond_suz_001_suz,GAME_BUNDLE,bond_stories,Bond stories: suz,bond,,suz,,,1,1,8,st-company-bond-suz-01-01|st-company-bond-suz-01-02|st-company-bond-suz-01-03|st-company-bond-suz-01-04|st-company-bond-suz-01-05|st-company-bond-suz-01-06|st-company-bond-suz-01-07|st-company-bond-suz-01-08,4,rei|skr|suz|yu,11520,321,IMPORTANT,PROVISIONAL_PASS_A,Character/manager relational development with longitudinal relevance; verify individually.,character bond / manager-idol relational development,NO,,,,NO,,YES,UNASSESSED,UNASSESSED,CATALOGUED_PASS_A,IP-V2-SNAPSHOT-2026-08-13-A,idoly-ingest/06_bond_stories/by_character/suz/bond_suz_001_suz.md
bond_szk_001_szk,GAME_BUNDLE,bond_stories,Bond stories: szk,bond,,szk,,,1,1,8,st-company-bond-szk-01-01|st-company-bond-szk-01-02|st-company-bond-szk-01-03|st-company-bond-szk-01-04|st-company-bond-szk-01-05|st-company-bond-szk-01-06|st-company-bond-szk-01-07|st-company-bond-szk-01-08,4,ai|rio|skr|szk,11360,318,IMPORTANT,PROVISIONAL_PASS_A,Character/manager relational development with longitudinal relevance; verify individually.,character bond / manager-idol relational development,NO,,,,NO,,YES,UNASSESSED,UNASSESSED,CATALOGUED_PASS_A,IP-V2-SNAPSHOT-2026-08-13-A,idoly-ingest/06_bond_stories/by_character/szk/bond_szk_001_szk.md
bond_yu_001_yu,GAME_BUNDLE,bond_stories,Bond stories: yu,bond,,yu,,,1,1,8,st-company-bond-yu-01-01|st-company-bond-yu-01-02|st-company-bond-yu-01-03|st-company-bond-yu-01-04|st-company-bond-yu-01-05|st-company-bond-yu-01-06|st-company-bond-yu-01-07|st-company-bond-yu-01-08,4,hrk|ktn|rui|yu,10815,298,IMPORTANT,PROVISIONAL_PASS_A,Character/manager relational development with longitudinal relevance; verify individually.,character bond / manager-idol relational development,NO,,,,NO,,YES,UNASSESSED,UNASSESSED,CATALOGUED_PASS_A,IP-V2-SNAPSHOT-2026-08-13-A,idoly-ingest/06_bond_stories/by_character/yu/bond_yu_001_yu.md
message_message_group_ai_001_message_group_ai_part_01,GAME_BUNDLE,messages,Messages: 愛 (Part 1),messages,,ai,,,1,4,22,message-card-ai-05-arab-00|message-card-ai-05-casl-04|message-card-ai-05-chna-01|message-card-ai-05-fest-00|message-card-ai-05-fest-03|message-card-ai-05-idol-00|message-card-ai-05-kait-00|message-card-ai-05-miku-01|message-card-ai-05-mizg-01|message-card-ai-05-mizg-02|message-card-ai-05-rock-00|message-card-ai-05-tact-00|message-card-ai-05-vlnt-00-01|message-card-ai-05-vlnt-00-02|message-card-ai-05-wedd-00|message-card-ai-05-yukt-00|message-hbd-ai-22-0209|message-hbd-ai-23-0209|message-hbd-ai-24-0209|message-hbd-ai-25-0209|message-hbd-ai-26-0209|message-instant-ai-00001,1,ai,21804,586,TEXTURE,PROVISIONAL_PASS_A,"Pass-A default for messages; high value for voice/social rhythm, with escalation possible for consequential evidence.",ordinary life / voice / social rhythm / relationship texture,NO,,,,NO,,NO,UNASSESSED,UNASSESSED,CATALOGUED_PASS_A,IP-V2-SNAPSHOT-2026-08-13-A,idoly-ingest/07_messages/by_group/message_group_ai/message_message_group_ai_001_message_group_ai_part_01.md
message_message_group_ai_001_message_group_ai_part_02,GAME_BUNDLE,messages,Messages: 愛 (Part 2),messages,,ai,,,2,4,25,message-instant-ai-00002|message-instant-ai-00003|message-instant-ai-00004|message-instant-ai-00005|message-instant-ai-00006|message-instant-ai-00007|message-instant-ai-00008|message-instant-ai-00009|message-instant-ai-00010|message-instant-ai-00011|message-instant-ai-00012|message-instant-ai-00013|message-instant-ai-00014|message-instant-ai-00015|message-instant-ai-00016|message-instant-ai-00017|message-instant-ai-00018|message-instant-ai-00019|message-instant-ai-00020|message-instant-ai-00021|message-instant-ai-00022|message-instant-ai-00023|message-instant-ai-00024|message-instant-ai-00025|message-instant-ai-00026,1,ai,21247,537,TEXTURE,PROVISIONAL_PASS_A,"Pass-A default for messages; high value for voice/social rhythm, with escalation possible for consequential evidence.",ordinary life / voice / social rhythm / relationship texture,NO,,,,NO,,NO,UNASSESSED,UNASSESSED,CATALOGUED_PASS_A,IP-V2-SNAPSHOT-2026-08-13-A,idoly-ingest/07_messages/by_group/message_group_ai/message_message_group_ai_001_message_group_ai_part_02.md
message_message_group_ai_001_message_group_ai_part_03,GAME_BUNDLE,messages,Messages: 愛 (Part 3),messages,,ai,,,3,4,23,message-instant-ai-00027|message-instant-ai-00028|message-instant-ai-00029|message-instant-ai-00030|message-instant-ai-00031|message-instant-ai-00032|message-instant-ai-00033|message-instant-ai-00034|message-instant-ai-00035|message-instant-ai-00036|message-instant-ai-00037|message-instant-ai-00038|message-instant-ai-00039|message-instant-ai-00040|message-instant-ai-00041|message-instant-ai-00042|message-story-ai-000-001|message-story-ai-000-002|message-story-ai-000-003|message-story-ai-000-004|message-story-ai-001-001|message-story-ai-001-002|message-story-ai-001-003,1,ai,21925,590,TEXTURE,PROVISIONAL_PASS_A,"Pass-A default for messages; high value for voice/social rhythm, with escalation possible for consequential evidence.",ordinary life / voice / social rhythm / relationship texture,NO,,,,NO,,NO,UNASSESSED,UNASSESSED,CATALOGUED_PASS_A,IP-V2-SNAPSHOT-2026-08-13-A,idoly-ingest/07_messages/by_group/message_group_ai/message_message_group_ai_001_message_group_ai_part_03.md
message_message_group_ai_001_message_group_ai_part_04,GAME_BUNDLE,messages,Messages: 愛 (Part 4),messages,,ai,,,4,4,18,message-story-ai-001-004|message-story-ai-002-001|message-story-ai-002-002|message-story-ai-002-003|message-story-ai-002-004|message-story-ai-003-001|message-story-ai-003-002|message-story-ai-003-003|message-story-ai-003-004|message-story-ai-004-001|message-story-ai-004-002|message-story-ai-004-003|message-story-ai-004-004|message-story-ai-005-001|message-story-ai-005-002|message-story-ai-005-003|message-story-ai-005-004|message-suntory-ai-22-0801,1,ai,16350,416,TEXTURE,PROVISIONAL_PASS_A,"Pass-A default for messages; high value for voice/social rhythm, with escalation possible for consequential evidence.",ordinary life / voice / social rhythm / relationship texture,NO,,,,NO,,NO,UNASSESSED,UNASSESSED,CATALOGUED_PASS_A,IP-V2-SNAPSHOT-2026-08-13-A,idoly-ingest/07_messages/by_group/message_group_ai/message_message_group_ai_001_message_group_ai_part_04.md
message_message_group_aoi_001_message_group_aoi_part_01,GAME_BUNDLE,messages,Messages: 葵 (Part 1),messages,,aoi,,,1,4,22,message-card-aoi-05-arab-00|message-card-aoi-05-casl-04|message-card-aoi-05-circ-00|message-card-aoi-05-fest-00|message-card-aoi-05-fest-03|message-card-aoi-05-idol-00|message-card-aoi-05-kait-00|message-card-aoi-05-miku-01|message-card-aoi-05-mizg-01|message-card-aoi-05-past-00|message-card-aoi-05-vlnt-00|message-card-aoi-05-wdnc-00|message-card-aoi-05-wedd-00|message-card-aoi-05-yukt-00|message-hbd-aoi-22-0619|message-hbd-aoi-23-0619|message-hbd-aoi-24-0619|message-hbd-aoi-25-0619|message-hbd-aoi-26-0619|message-instant-aoi-00001|message-instant-aoi-00002|message-instant-aoi-00003,1,aoi,22299,609,TEXTURE,PROVISIONAL_PASS_A,"Pass-A default for messages; high value for voice/social rhythm, with escalation possible for consequential evidence.",ordinary life / voice / social rhythm / relationship texture,NO,,,,NO,,NO,UNASSESSED,UNASSESSED,CATALOGUED_PASS_A,IP-V2-SNAPSHOT-2026-08-13-A,idoly-ingest/07_messages/by_group/message_group_aoi/message_message_group_aoi_001_message_group_aoi_part_01.md
message_message_group_aoi_001_message_group_aoi_part_02,GAME_BUNDLE,messages,Messages: 葵 (Part 2),messages,,aoi,,,2,4,26,message-instant-aoi-00004|message-instant-aoi-00005|message-instant-aoi-00006|message-instant-aoi-00007|message-instant-aoi-00008|message-instant-aoi-00009|message-instant-aoi-00010|message-instant-aoi-00011|message-instant-aoi-00012|message-instant-aoi-00013|message-instant-aoi-00014|message-instant-aoi-00015|message-instant-aoi-00016|message-instant-aoi-00017|message-instant-aoi-00018|message-instant-aoi-00019|message-instant-aoi-00020|message-instant-aoi-00021|message-instant-aoi-00022|message-instant-aoi-00023|message-instant-aoi-00024|message-instant-aoi-00025|message-instant-aoi-00026|message-instant-aoi-00027|message-instant-aoi-00028|message-instant-aoi-00029,1,aoi,21010,567,TEXTURE,PROVISIONAL_PASS_A,"Pass-A default for messages; high value for voice/social rhythm, with escalation possible for consequential evidence.",ordinary life / voice / social rhythm / relationship texture,NO,,,,NO,,NO,UNASSESSED,UNASSESSED,CATALOGUED_PASS_A,IP-V2-SNAPSHOT-2026-08-13-A,idoly-ingest/07_messages/by_group/message_group_aoi/message_message_group_aoi_001_message_group_aoi_part_02.md
message_message_group_aoi_001_message_group_aoi_part_03,GAME_BUNDLE,messages,Messages: 葵 (Part 3),messages,,aoi,,,3,4,24,message-instant-aoi-00030|message-instant-aoi-00031|message-instant-aoi-00032|message-instant-aoi-00033|message-instant-aoi-00034|message-instant-aoi-00035|message-instant-aoi-00036|message-instant-aoi-00037|message-instant-aoi-00038|message-instant-aoi-00039|message-instant-aoi-00040|message-instant-aoi-00041|message-instant-aoi-00042|message-story-aoi-000-001|message-story-aoi-000-002|message-story-aoi-000-003|message-story-aoi-000-004|message-story-aoi-001-001|message-story-aoi-001-002|message-story-aoi-001-003|message-story-aoi-001-004|message-story-aoi-002-001|message-story-aoi-002-002|message-story-aoi-002-003,1,aoi,21231,590,TEXTURE,PROVISIONAL_PASS_A,"Pass-A default for messages; high value for voice/social rhythm, with escalation possible for consequential evidence.",ordinary life / voice / social rhythm / relationship texture,NO,,,,NO,,NO,UNASSESSED,UNASSESSED,CATALOGUED_PASS_A,IP-V2-SNAPSHOT-2026-08-13-A,idoly-ingest/07_messages/by_group/message_group_aoi/message_message_group_aoi_001_message_group_aoi_part_03.md
message_message_group_aoi_001_message_group_aoi_part_04,GAME_BUNDLE,messages,Messages: 葵 (Part 4),messages,,aoi,,,4,4,14,message-story-aoi-002-004|message-story-aoi-003-001|message-story-aoi-003-002|message-story-aoi-003-003|message-story-aoi-003-004|message-story-aoi-004-001|message-story-aoi-004-002|message-story-aoi-004-003|message-story-aoi-004-004|message-story-aoi-005-001|message-story-aoi-005-002|message-story-aoi-005-003|message-story-aoi-005-004|message-suntory-aoi-22-0801,1,aoi,12513,323,TEXTURE,PROVISIONAL_PASS_A,"Pass-A default for messages; high value for voice/social rhythm, with escalation possible for consequential evidence.",ordinary life / voice / social rhythm / relationship texture,NO,,,,NO,,NO,UNASSESSED,UNASSESSED,CATALOGUED_PASS_A,IP-V2-SNAPSHOT-2026-08-13-A,idoly-ingest/07_messages/by_group/message_group_aoi/message_message_group_aoi_001_message_group_aoi_part_04.md
message_message_group_chs_001_message_group_chs_part_01,GAME_BUNDLE,messages,Messages: 千紗 (Part 1),messages,,chs,,,1,4,21,message-card-chs-05-alic-00|message-card-chs-05-chia-00|message-card-chs-05-chsk-00-01|message-card-chs-05-chsk-00-02|message-card-chs-05-fest-00|message-card-chs-05-fest-03|message-card-chs-05-flow-00|message-card-chs-05-hruh-00|message-card-chs-05-idol-00|message-card-chs-05-maid-00|message-card-chs-05-mizg-04|message-card-chs-05-pajm-00|message-card-chs-05-rock-00|message-card-chs-05-seik-00|message-card-chs-05-yukt-00|message-hbd-chs-21-1122|message-hbd-chs-22-1122|message-hbd-chs-23-1122|message-hbd-chs-24-1122|message-hbd-chs-25-1122|message-instant-chs-00001,1,chs,22175,550,TEXTURE,PROVISIONAL_PASS_A,"Pass-A default for messages; high value for voice/social rhythm, with escalation possible for consequential evidence.",ordinary life / voice / social rhythm / relationship texture,NO,,,,NO,,NO,UNASSESSED,UNASSESSED,CATALOGUED_PASS_A,IP-V2-SNAPSHOT-2026-08-13-A,idoly-ingest/07_messages/by_group/message_group_chs/message_message_group_chs_001_message_group_chs_part_01.md
message_message_group_chs_001_message_group_chs_part_02,GAME_BUNDLE,messages,Messages: 千紗 (Part 2),messages,,chs,,,2,4,26,message-instant-chs-00002|message-instant-chs-00003|message-instant-chs-00004|message-instant-chs-00005|message-instant-chs-00006|message-instant-chs-00007|message-instant-chs-00008|message-instant-chs-00009|message-instant-chs-00010|message-instant-chs-00011|message-instant-chs-00012|message-instant-chs-00013|message-instant-chs-00014|message-instant-chs-00015|message-instant-chs-00016|message-instant-chs-00017|message-instant-chs-00018|message-instant-chs-00019|message-instant-chs-00020|message-instant-chs-00021|message-instant-chs-00022|message-instant-chs-00023|message-instant-chs-00024|message-instant-chs-00025|message-instant-chs-00026|message-instant-chs-00027,1,chs,21151,483,TEXTURE,PROVISIONAL_PASS_A,"Pass-A default for messages; high value for voice/social rhythm, with escalation possible for consequential evidence.",ordinary life / voice / social rhythm / relationship texture,NO,,,,NO,,NO,UNASSESSED,UNASSESSED,CATALOGUED_PASS_A,IP-V2-SNAPSHOT-2026-08-13-A,idoly-ingest/07_messages/by_group/message_group_chs/message_message_group_chs_001_message_group_chs_part_02.md
message_message_group_chs_001_message_group_chs_part_03,GAME_BUNDLE,messages,Messages: 千紗 (Part 3),messages,,chs,,,3,4,24,message-instant-chs-00028|message-instant-chs-00029|message-instant-chs-00030|message-instant-chs-00031|message-instant-chs-00032|message-instant-chs-00033|message-instant-chs-00034|message-instant-chs-00035|message-instant-chs-00036|message-instant-chs-00037|message-instant-chs-00038|message-instant-chs-00039|message-instant-chs-00040|message-instant-chs-00041|message-instant-chs-00042|message-story-chs-000-001|message-story-chs-000-002|message-story-chs-000-003|message-story-chs-000-004|message-story-chs-001-001|message-story-chs-001-002|message-story-chs-001-003|message-story-chs-001-004|message-story-chs-002-001,1,chs,21249,498,TEXTURE,PROVISIONAL_PASS_A,"Pass-A default for messages; high value for voice/social rhythm, with escalation possible for consequential evidence.",ordinary life / voice / social rhythm / relationship texture,NO,,,,NO,,NO,UNASSESSED,UNASSESSED,CATALOGUED_PASS_A,IP-V2-SNAPSHOT-2026-08-13-A,idoly-ingest/07_messages/by_group/message_group_chs/message_message_group_chs_001_message_group_chs_part_03.md
message_message_group_chs_001_message_group_chs_part_04,GAME_BUNDLE,messages,Messages: 千紗 (Part 4),messages,,chs,,,4,4,16,message-story-chs-002-002|message-story-chs-002-003|message-story-chs-002-004|message-story-chs-003-001|message-story-chs-003-002|message-story-chs-003-003|message-story-chs-003-004|message-story-chs-004-001|message-story-chs-004-002|message-story-chs-004-003|message-story-chs-004-004|message-story-chs-005-001|message-story-chs-005-002|message-story-chs-005-003|message-story-chs-005-004|message-suntory-chs-22-1101,1,chs,15068,337,TEXTURE,PROVISIONAL_PASS_A,"Pass-A default for messages; high value for voice/social rhythm, with escalation possible for consequential evidence.",ordinary life / voice / social rhythm / relationship texture,NO,,,,NO,,NO,UNASSESSED,UNASSESSED,CATALOGUED_PASS_A,IP-V2-SNAPSHOT-2026-08-13-A,idoly-ingest/07_messages/by_group/message_group_chs/message_message_group_chs_001_message_group_chs_part_04.md
message_message_group_hrk_001_message_group_hrk_part_01,GAME_BUNDLE,messages,Messages: 遙子 (Part 1),messages,,hrk,,,1,4,21,message-card-hrk-05-adlt-00|message-card-hrk-05-chna-00|message-card-hrk-05-fest-00|message-card-hrk-05-idol-00|message-card-hrk-05-idol-03|message-card-hrk-05-link-00|message-card-hrk-05-mizg-01|message-card-hrk-05-mnab-00|message-card-hrk-05-onep-00|message-card-hrk-05-pair-00|message-card-hrk-05-pajm-00|message-card-hrk-05-sail-00|message-card-hrk-05-vlnt-00|message-card-hrk-05-wedd-00|message-card-hrk-05-xmas-00|message-hbd-hrk-22-0103|message-hbd-hrk-23-0103|message-hbd-hrk-24-0103|message-hbd-hrk-25-0103|message-hbd-hrk-26-0103|message-instant-hrk-00001,1,hrk,22567,581,TEXTURE,PROVISIONAL_PASS_A,"Pass-A default for messages; high value for voice/social rhythm, with escalation possible for consequential evidence.",ordinary life / voice / social rhythm / relationship texture,NO,,,,NO,,NO,UNASSESSED,UNASSESSED,CATALOGUED_PASS_A,IP-V2-SNAPSHOT-2026-08-13-A,idoly-ingest/07_messages/by_group/message_group_hrk/message_message_group_hrk_001_message_group_hrk_part_01.md
message_message_group_hrk_001_message_group_hrk_part_02,GAME_BUNDLE,messages,Messages: 遙子 (Part 2),messages,,hrk,,,2,4,26,message-instant-hrk-00002|message-instant-hrk-00003|message-instant-hrk-00004|message-instant-hrk-00005|message-instant-hrk-00006|message-instant-hrk-00007|message-instant-hrk-00008|message-instant-hrk-00009|message-instant-hrk-00010|message-instant-hrk-00011|message-instant-hrk-00012|message-instant-hrk-00013|message-instant-hrk-00014|message-instant-hrk-00015|message-instant-hrk-00016|message-instant-hrk-00017|message-instant-hrk-00018|message-instant-hrk-00019|message-instant-hrk-00020|message-instant-hrk-00021|message-instant-hrk-00022|message-instant-hrk-00023|message-instant-hrk-00024|message-instant-hrk-00025|message-instant-hrk-00026|message-instant-hrk-00027,1,hrk,21094,518,TEXTURE,PROVISIONAL_PASS_A,"Pass-A default for messages; high value for voice/social rhythm, with escalation possible for consequential evidence.",ordinary life / voice / social rhythm / relationship texture,NO,,,,NO,,NO,UNASSESSED,UNASSESSED,CATALOGUED_PASS_A,IP-V2-SNAPSHOT-2026-08-13-A,idoly-ingest/07_messages/by_group/message_group_hrk/message_message_group_hrk_001_message_group_hrk_part_02.md
message_message_group_hrk_001_message_group_hrk_part_03,GAME_BUNDLE,messages,Messages: 遙子 (Part 3),messages,,hrk,,,3,4,24,message-instant-hrk-00028|message-instant-hrk-00029|message-instant-hrk-00030|message-instant-hrk-00031|message-instant-hrk-00032|message-instant-hrk-00033|message-instant-hrk-00034|message-instant-hrk-00035|message-instant-hrk-00036|message-instant-hrk-00037|message-instant-hrk-00038|message-instant-hrk-00039|message-instant-hrk-00040|message-instant-hrk-00041|message-instant-hrk-00042|message-story-hrk-000-001|message-story-hrk-000-002|message-story-hrk-000-003|message-story-hrk-000-004|message-story-hrk-001-001|message-story-hrk-001-002|message-story-hrk-001-003|message-story-hrk-001-004|message-story-hrk-002-001,1,hrk,21509,541,TEXTURE,PROVISIONAL_PASS_A,"Pass-A default for messages; high value for voice/social rhythm, with escalation possible for consequential evidence.",ordinary life / voice / social rhythm / relationship texture,NO,,,,NO,,NO,UNASSESSED,UNASSESSED,CATALOGUED_PASS_A,IP-V2-SNAPSHOT-2026-08-13-A,idoly-ingest/07_messages/by_group/message_group_hrk/message_message_group_hrk_001_message_group_hrk_part_03.md
message_message_group_hrk_001_message_group_hrk_part_04,GAME_BUNDLE,messages,Messages: 遙子 (Part 4),messages,,hrk,,,4,4,16,message-story-hrk-002-002|message-story-hrk-002-003|message-story-hrk-002-004|message-story-hrk-003-001|message-story-hrk-003-002|message-story-hrk-003-003|message-story-hrk-003-004|message-story-hrk-004-001|message-story-hrk-004-002|message-story-hrk-004-003|message-story-hrk-004-004|message-story-hrk-005-001|message-story-hrk-005-002|message-story-hrk-005-003|message-story-hrk-005-004|message-suntory-hrk-22-1101,1,hrk,15235,382,TEXTURE,PROVISIONAL_PASS_A,"Pass-A default for messages; high value for voice/social rhythm, with escalation possible for consequential evidence.",ordinary life / voice / social rhythm / relationship texture,NO,,,,NO,,NO,UNASSESSED,UNASSESSED,CATALOGUED_PASS_A,IP-V2-SNAPSHOT-2026-08-13-A,idoly-ingest/07_messages/by_group/message_group_hrk/message_message_group_hrk_001_message_group_hrk_part_04.md
message_message_group_kan_001_message_group_kan_part_01,GAME_BUNDLE,messages,Messages: kana (Part 1),messages,,kan,,,1,3,22,message-card-kan-05-buny-00|message-card-kan-05-chia-00|message-card-kan-05-chna-00|message-card-kan-05-fest-02|message-card-kan-05-idol-00|message-card-kan-05-idol-03|message-card-kan-05-link-00|message-card-kan-05-mizg-02|message-card-kan-05-pair-00|message-card-kan-05-poli-00|message-card-kan-05-snro-00|message-hbd-kan-23-0410|message-hbd-kan-24-0410|message-hbd-kan-25-0410|message-hbd-kan-26-0410|message-instant-kan-00001|message-instant-kan-00002|message-instant-kan-00003|message-instant-kan-00004|message-instant-kan-00005|message-instant-kan-00006|message-instant-kan-00007,1,kan,21875,596,TEXTURE,PROVISIONAL_PASS_A,"Pass-A default for messages; high value for voice/social rhythm, with escalation possible for consequential evidence.",ordinary life / voice / social rhythm / relationship texture,NO,,,,NO,,NO,UNASSESSED,UNASSESSED,CATALOGUED_PASS_A,IP-V2-SNAPSHOT-2026-08-13-A,idoly-ingest/07_messages/by_group/message_group_kan/message_message_group_kan_001_message_group_kan_part_01.md
message_message_group_kan_001_message_group_kan_part_02,GAME_BUNDLE,messages,Messages: kana (Part 2),messages,,kan,,,2,3,25,message-instant-kan-00008|message-instant-kan-00009|message-instant-kan-00010|message-instant-kan-00011|message-instant-kan-00012|message-instant-kan-00013|message-instant-kan-00014|message-instant-kan-00015|message-story-kan-000-001|message-story-kan-000-002|message-story-kan-000-003|message-story-kan-000-004|message-story-kan-001-001|message-story-kan-001-002|message-story-kan-001-003|message-story-kan-001-004|message-story-kan-002-001|message-story-kan-002-002|message-story-kan-002-003|message-story-kan-002-004|message-story-kan-003-001|message-story-kan-003-002|message-story-kan-003-003|message-story-kan-003-004|message-story-kan-004-001,1,kan,21338,575,TEXTURE,PROVISIONAL_PASS_A,"Pass-A default for messages; high value for voice/social rhythm, with escalation possible for consequential evidence.",ordinary life / voice / social rhythm / relationship texture,NO,,,,NO,,NO,UNASSESSED,UNASSESSED,CATALOGUED_PASS_A,IP-V2-SNAPSHOT-2026-08-13-A,idoly-ingest/07_messages/by_group/message_group_kan/message_message_group_kan_001_message_group_kan_part_02.md
message_message_group_kan_001_message_group_kan_part_03,GAME_BUNDLE,messages,Messages: kana (Part 3),messages,,kan,,,3,3,8,message-story-kan-004-002|message-story-kan-004-003|message-story-kan-004-004|message-story-kan-005-001|message-story-kan-005-002|message-story-kan-005-003|message-story-kan-005-004|message-suntory-kan-23-0110,1,kan,8459,211,TEXTURE,PROVISIONAL_PASS_A,"Pass-A default for messages; high value for voice/social rhythm, with escalation possible for consequential evidence.",ordinary life / voice / social rhythm / relationship texture,NO,,,,NO,,NO,UNASSESSED,UNASSESSED,CATALOGUED_PASS_A,IP-V2-SNAPSHOT-2026-08-13-A,idoly-ingest/07_messages/by_group/message_group_kan/message_message_group_kan_001_message_group_kan_part_03.md
message_message_group_kkr_001_message_group_kkr_part_01,GAME_BUNDLE,messages,Messages: こころ (Part 1),messages,,kkr,,,1,5,19,message-card-kkr-05-casl-04|message-card-kkr-05-fest-00|message-card-kkr-05-fest-03|message-card-kkr-05-flow-00|message-card-kkr-05-idol-00|message-card-kkr-05-kion-00|message-card-kkr-05-link-00|message-card-kkr-05-miku-01|message-card-kkr-05-mizg-01|message-card-kkr-05-mizg-02|message-card-kkr-05-newy-00|message-card-kkr-05-pair-00|message-card-kkr-05-seik-00|message-card-kkr-05-snro-00|message-card-kkr-05-trbl-00|message-card-kkr-05-vlnt-00|message-hbd-kkr-21-1206|message-hbd-kkr-22-1206|message-hbd-kkr-23-1206,1,kkr,22135,598,TEXTURE,PROVISIONAL_PASS_A,"Pass-A default for messages; high value for voice/social rhythm, with escalation possible for consequential evidence.",ordinary life / voice / social rhythm / relationship texture,NO,,,,NO,,NO,UNASSESSED,UNASSESSED,CATALOGUED_PASS_A,IP-V2-SNAPSHOT-2026-08-13-A,idoly-ingest/07_messages/by_group/message_group_kkr/message_message_group_kkr_001_message_group_kkr_part_01.md
message_message_group_kkr_001_message_group_kkr_part_02,GAME_BUNDLE,messages,Messages: こころ (Part 2),messages,,kkr,,,2,5,24,message-hbd-kkr-24-1206|message-hbd-kkr-25-1206|message-instant-kkr-00001|message-instant-kkr-00002|message-instant-kkr-00003|message-instant-kkr-00004|message-instant-kkr-00005|message-instant-kkr-00006|message-instant-kkr-00007|message-instant-kkr-00008|message-instant-kkr-00009|message-instant-kkr-00010|message-instant-kkr-00011|message-instant-kkr-00012|message-instant-kkr-00013|message-instant-kkr-00014|message-instant-kkr-00015|message-instant-kkr-00016|message-instant-kkr-00017|message-instant-kkr-00018|message-instant-kkr-00019|message-instant-kkr-00020|message-instant-kkr-00021|message-instant-kkr-00022,1,kkr,20938,569,TEXTURE,PROVISIONAL_PASS_A,"Pass-A default for messages; high value for voice/social rhythm, with escalation possible for consequential evidence.",ordinary life / voice / social rhythm / relationship texture,NO,,,,NO,,NO,UNASSESSED,UNASSESSED,CATALOGUED_PASS_A,IP-V2-SNAPSHOT-2026-08-13-A,idoly-ingest/07_messages/by_group/message_group_kkr/message_message_group_kkr_001_message_group_kkr_part_02.md
message_message_group_kkr_001_message_group_kkr_part_03,GAME_BUNDLE,messages,Messages: こころ (Part 3),messages,,kkr,,,3,5,22,message-instant-kkr-00023|message-instant-kkr-00024|message-instant-kkr-00025|message-instant-kkr-00026|message-instant-kkr-00027|message-instant-kkr-00028|message-instant-kkr-00029|message-instant-kkr-00030|message-instant-kkr-00031|message-instant-kkr-00032|message-instant-kkr-00033|message-instant-kkr-00034|message-instant-kkr-00035|message-instant-kkr-00036|message-instant-kkr-00037|message-instant-kkr-00038|message-instant-kkr-00039|message-instant-kkr-00040|message-instant-kkr-00041|message-instant-kkr-00042|message-story-kkr-000-001|message-story-kkr-000-002,1,kkr,20834,571,TEXTURE,PROVISIONAL_PASS_A,"Pass-A default for messages; high value for voice/social rhythm, with escalation possible for consequential evidence.",ordinary life / voice / social rhythm / relationship texture,NO,,,,NO,,NO,UNASSESSED,UNASSESSED,CATALOGUED_PASS_A,IP-V2-SNAPSHOT-2026-08-13-A,idoly-ingest/07_messages/by_group/message_group_kkr/message_message_group_kkr_001_message_group_kkr_part_03.md
message_message_group_kkr_001_message_group_kkr_part_04,GAME_BUNDLE,messages,Messages: こころ (Part 4),messages,,kkr,,,4,5,22,message-story-kkr-000-003|message-story-kkr-000-004|message-story-kkr-001-001|message-story-kkr-001-002|message-story-kkr-001-003|message-story-kkr-001-004|message-story-kkr-002-001|message-story-kkr-002-002|message-story-kkr-002-003|message-story-kkr-002-004|message-story-kkr-003-001|message-story-kkr-003-002|message-story-kkr-003-003|message-story-kkr-003-004|message-story-kkr-004-001|message-story-kkr-004-002|message-story-kkr-004-003|message-story-kkr-004-004|message-story-kkr-005-001|message-story-kkr-005-002|message-story-kkr-005-003|message-story-kkr-005-004,1,kkr,22017,597,TEXTURE,PROVISIONAL_PASS_A,"Pass-A default for messages; high value for voice/social rhythm, with escalation possible for consequential evidence.",ordinary life / voice / social rhythm / relationship texture,NO,,,,NO,,NO,UNASSESSED,UNASSESSED,CATALOGUED_PASS_A,IP-V2-SNAPSHOT-2026-08-13-A,idoly-ingest/07_messages/by_group/message_group_kkr/message_message_group_kkr_001_message_group_kkr_part_04.md
message_message_group_kkr_001_message_group_kkr_part_05,GAME_BUNDLE,messages,Messages: こころ (Part 5),messages,,kkr,,,5,5,1,message-suntory-kkr-22-0801,1,kkr,411,1,TEXTURE,PROVISIONAL_PASS_A,"Pass-A default for messages; high value for voice/social rhythm, with escalation possible for consequential evidence.",ordinary life / voice / social rhythm / relationship texture,NO,,,,NO,,NO,UNASSESSED,UNASSESSED,CATALOGUED_PASS_A,IP-V2-SNAPSHOT-2026-08-13-A,idoly-ingest/07_messages/by_group/message_group_kkr/message_message_group_kkr_001_message_group_kkr_part_05.md
message_message_group_kor_001_message_group_kor_part_01,GAME_BUNDLE,messages,Messages: fran (Part 1),messages,,kor,,,1,3,21,message-card-kor-05-buny-00|message-card-kor-05-fest-02|message-card-kor-05-idol-00|message-card-kor-05-idol-03|message-card-kor-05-mizg-01|message-card-kor-05-mizg-02|message-card-kor-05-newy-00|message-card-kor-05-nurs-00|message-card-kor-05-poli-00|message-card-kor-05-xmas-00|message-hbd-kor-23-0611|message-hbd-kor-24-0611|message-hbd-kor-25-0611|message-hbd-kor-26-0611|message-instant-kor-00001|message-instant-kor-00002|message-instant-kor-00003|message-instant-kor-00004|message-instant-kor-00005|message-instant-kor-00006|message-instant-kor-00007,1,kor,21401,550,TEXTURE,PROVISIONAL_PASS_A,"Pass-A default for messages; high value for voice/social rhythm, with escalation possible for consequential evidence.",ordinary life / voice / social rhythm / relationship texture,NO,,,,NO,,NO,UNASSESSED,UNASSESSED,CATALOGUED_PASS_A,IP-V2-SNAPSHOT-2026-08-13-A,idoly-ingest/07_messages/by_group/message_group_kor/message_message_group_kor_001_message_group_kor_part_01.md
message_message_group_kor_001_message_group_kor_part_02,GAME_BUNDLE,messages,Messages: fran (Part 2),messages,,kor,,,2,3,25,message-instant-kor-00008|message-instant-kor-00009|message-instant-kor-00010|message-instant-kor-00011|message-instant-kor-00012|message-instant-kor-00013|message-instant-kor-00014|message-instant-kor-00015|message-story-kor-000-001|message-story-kor-000-002|message-story-kor-000-003|message-story-kor-000-004|message-story-kor-001-001|message-story-kor-001-002|message-story-kor-001-003|message-story-kor-001-004|message-story-kor-002-001|message-story-kor-002-002|message-story-kor-002-003|message-story-kor-002-004|message-story-kor-003-001|message-story-kor-003-002|message-story-kor-003-003|message-story-kor-003-004|message-story-kor-004-001,1,kor,20418,502,TEXTURE,PROVISIONAL_PASS_A,"Pass-A default for messages; high value for voice/social rhythm, with escalation possible for consequential evidence.",ordinary life / voice / social rhythm / relationship texture,NO,,,,NO,,NO,UNASSESSED,UNASSESSED,CATALOGUED_PASS_A,IP-V2-SNAPSHOT-2026-08-13-A,idoly-ingest/07_messages/by_group/message_group_kor/message_message_group_kor_001_message_group_kor_part_02.md
message_message_group_kor_001_message_group_kor_part_03,GAME_BUNDLE,messages,Messages: fran (Part 3),messages,,kor,,,3,3,8,message-story-kor-004-002|message-story-kor-004-003|message-story-kor-004-004|message-story-kor-005-001|message-story-kor-005-002|message-story-kor-005-003|message-story-kor-005-004|message-suntory-kor-23-0110,1,kor,8750,237,TEXTURE,PROVISIONAL_PASS_A,"Pass-A default for messages; high value for voice/social rhythm, with escalation possible for consequential evidence.",ordinary life / voice / social rhythm / relationship texture,NO,,,,NO,,NO,UNASSESSED,UNASSESSED,CATALOGUED_PASS_A,IP-V2-SNAPSHOT-2026-08-13-A,idoly-ingest/07_messages/by_group/message_group_kor/message_message_group_kor_001_message_group_kor_part_03.md
message_message_group_ktn_001_message_group_ktn_part_01,GAME_BUNDLE,messages,Messages: 琴乃 (Part 1),messages,,ktn,,,1,4,23,message-card-ktn-05-circ-00|message-card-ktn-05-fest-00|message-card-ktn-05-fest-01|message-card-ktn-05-fest-02|message-card-ktn-05-idol-00|message-card-ktn-05-kiok-00|message-card-ktn-05-mizg-01|message-card-ktn-05-mizg-03|message-card-ktn-05-mnab-00|message-card-ktn-05-msic-00|message-card-ktn-05-newy-00|message-card-ktn-05-poli-00|message-card-ktn-05-wedd-00|message-card-ktn-05-yukt-00|message-hbd-ktn-21-1225|message-hbd-ktn-22-1225|message-hbd-ktn-23-1225|message-hbd-ktn-24-1225|message-hbd-ktn-25-1225|message-instant-ktn-00001|message-instant-ktn-00002|message-instant-ktn-00003|message-instant-ktn-00004,1,ktn,21417,547,TEXTURE,PROVISIONAL_PASS_A,"Pass-A default for messages; high value for voice/social rhythm, with escalation possible for consequential evidence.",ordinary life / voice / social rhythm / relationship texture,NO,,,,NO,,NO,UNASSESSED,UNASSESSED,CATALOGUED_PASS_A,IP-V2-SNAPSHOT-2026-08-13-A,idoly-ingest/07_messages/by_group/message_group_ktn/message_message_group_ktn_001_message_group_ktn_part_01.md
message_message_group_ktn_001_message_group_ktn_part_02,GAME_BUNDLE,messages,Messages: 琴乃 (Part 2),messages,,ktn,,,2,4,28,message-instant-ktn-00005|message-instant-ktn-00006|message-instant-ktn-00007|message-instant-ktn-00008|message-instant-ktn-00009|message-instant-ktn-00010|message-instant-ktn-00011|message-instant-ktn-00012|message-instant-ktn-00013|message-instant-ktn-00014|message-instant-ktn-00015|message-instant-ktn-00016|message-instant-ktn-00017|message-instant-ktn-00018|message-instant-ktn-00019|message-instant-ktn-00020|message-instant-ktn-00021|message-instant-ktn-00022|message-instant-ktn-00023|message-instant-ktn-00024|message-instant-ktn-00025|message-instant-ktn-00026|message-instant-ktn-00027|message-instant-ktn-00028|message-instant-ktn-00029|message-instant-ktn-00030|message-instant-ktn-00031|message-instant-ktn-00032,1,ktn,19841,456,TEXTURE,PROVISIONAL_PASS_A,"Pass-A default for messages; high value for voice/social rhythm, with escalation possible for consequential evidence.",ordinary life / voice / social rhythm / relationship texture,NO,,,,NO,,NO,UNASSESSED,UNASSESSED,CATALOGUED_PASS_A,IP-V2-SNAPSHOT-2026-08-13-A,idoly-ingest/07_messages/by_group/message_group_ktn/message_message_group_ktn_001_message_group_ktn_part_02.md
message_message_group_ktn_001_message_group_ktn_part_03,GAME_BUNDLE,messages,Messages: 琴乃 (Part 3),messages,,ktn,,,3,4,24,message-instant-ktn-00033|message-instant-ktn-00034|message-instant-ktn-00035|message-instant-ktn-00036|message-instant-ktn-00037|message-instant-ktn-00038|message-instant-ktn-00039|message-instant-ktn-00040|message-instant-ktn-00041|message-instant-ktn-00042|message-story-ktn-000-001|message-story-ktn-000-002|message-story-ktn-000-003|message-story-ktn-000-004|message-story-ktn-001-001|message-story-ktn-001-002|message-story-ktn-001-003|message-story-ktn-001-004|message-story-ktn-002-001|message-story-ktn-002-002|message-story-ktn-002-003|message-story-ktn-002-004|message-story-ktn-003-001|message-story-ktn-003-002,1,ktn,21713,548,TEXTURE,PROVISIONAL_PASS_A,"Pass-A default for messages; high value for voice/social rhythm, with escalation possible for consequential evidence.",ordinary life / voice / social rhythm / relationship texture,NO,,,,NO,,NO,UNASSESSED,UNASSESSED,CATALOGUED_PASS_A,IP-V2-SNAPSHOT-2026-08-13-A,idoly-ingest/07_messages/by_group/message_group_ktn/message_message_group_ktn_001_message_group_ktn_part_03.md
message_message_group_ktn_001_message_group_ktn_part_04,GAME_BUNDLE,messages,Messages: 琴乃 (Part 4),messages,,ktn,,,4,4,11,message-story-ktn-003-003|message-story-ktn-003-004|message-story-ktn-004-001|message-story-ktn-004-002|message-story-ktn-004-003|message-story-ktn-004-004|message-story-ktn-005-001|message-story-ktn-005-002|message-story-ktn-005-003|message-story-ktn-005-004|message-suntory-ktn-22-1004,1,ktn,9344,233,TEXTURE,PROVISIONAL_PASS_A,"Pass-A default for messages; high value for voice/social rhythm, with escalation possible for consequential evidence.",ordinary life / voice / social rhythm / relationship texture,NO,,,,NO,,NO,UNASSESSED,UNASSESSED,CATALOGUED_PASS_A,IP-V2-SNAPSHOT-2026-08-13-A,idoly-ingest/07_messages/by_group/message_group_ktn/message_message_group_ktn_001_message_group_ktn_part_04.md
message_message_group_ladder-22-0513_001_message_group_ladder-22-0513,GAME_BUNDLE,messages,Messages: 白石SISTERS,messages,,,,,1,1,4,message-event-ladder-22-0513-01|message-event-ladder-22-0513-02|message-event-ladder-22-0513-03|message-event-ladder-22-0513-04,2,chs|ski,3872,94,TEXTURE,PROVISIONAL_PASS_A,"Pass-A default for messages; high value for voice/social rhythm, with escalation possible for consequential evidence.",ordinary life / voice / social rhythm / relationship texture,NO,,,,NO,,NO,UNASSESSED,UNASSESSED,CATALOGUED_PASS_A,IP-V2-SNAPSHOT-2026-08-13-A,idoly-ingest/07_messages/by_group/message_group_ladder-22-0513/message_message_group_ladder-22-0513_001_message_group_ladder-22-0513.md
message_message_group_ladder-22-0610_001_message_group_ladder-22-0610,GAME_BUNDLE,messages,Messages: マネ＆さにぴっぴ,messages,,,,,1,1,9,message-event-ladder-22-0610-01|message-event-ladder-22-0610-02|message-event-ladder-22-0610-03|message-event-ladder-22-0610-04|message-event-ladder-24-0712-01|message-event-ladder-24-0712-02|message-event-ladder-24-0712-03|message-event-ladder-24-0712-04|message-event-vlnt-25-01,5,chs|hrk|rei|skr|szk,16871,454,TEXTURE,PROVISIONAL_PASS_A,"Pass-A default for messages; high value for voice/social rhythm, with escalation possible for consequential evidence.",ordinary life / voice / social rhythm / relationship texture,NO,,,,NO,,NO,UNASSESSED,UNASSESSED,CATALOGUED_PASS_A,IP-V2-SNAPSHOT-2026-08-13-A,idoly-ingest/07_messages/by_group/message_group_ladder-22-0610/message_message_group_ladder-22-0610_001_message_group_ladder-22-0610.md
message_message_group_ladder-22-0812_001_message_group_ladder-22-0812,GAME_BUNDLE,messages,Messages: LizNoir業務連絡,messages,,,,,1,1,8,message-event-ladder-22-0812-01|message-event-ladder-22-0812-02|message-event-ladder-22-0812-03|message-event-ladder-22-0812-04|message-event-ladder-24-0205-01|message-event-ladder-24-0205-02|message-event-ladder-24-0205-03|message-event-ladder-24-0205-04,4,ai|aoi|kkr|rio,16815,528,TEXTURE,PROVISIONAL_PASS_A,"Pass-A default for messages; high value for voice/social rhythm, with escalation possible for consequential evidence.",ordinary life / voice / social rhythm / relationship texture,NO,,,,NO,,NO,UNASSESSED,UNASSESSED,CATALOGUED_PASS_A,IP-V2-SNAPSHOT-2026-08-13-A,idoly-ingest/07_messages/by_group/message_group_ladder-22-0812/message_message_group_ladder-22-0812_001_message_group_ladder-22-0812.md
message_message_group_ladder-22-0916_001_message_group_ladder-22-0916,GAME_BUNDLE,messages,Messages: トリトリトリエル,messages,,,,,1,1,4,message-event-ladder-22-0916-01|message-event-ladder-22-0916-02|message-event-ladder-22-0916-03|message-event-ladder-22-0916-04,3,rui|smr|yu,6828,193,TEXTURE,PROVISIONAL_PASS_A,"Pass-A default for messages; high value for voice/social rhythm, with escalation possible for consequential evidence.",ordinary life / voice / social rhythm / relationship texture,NO,,,,NO,,NO,UNASSESSED,UNASSESSED,CATALOGUED_PASS_A,IP-V2-SNAPSHOT-2026-08-13-A,idoly-ingest/07_messages/by_group/message_group_ladder-22-0916/message_message_group_ladder-22-0916_001_message_group_ladder-22-0916.md
message_message_group_ladder-22-1109_001_message_group_ladder-22-1109_part_01,GAME_BUNDLE,messages,Messages: ⅢX-announce- (Part 1),messages,,,,,1,2,10,message-event-ladder-22-1109-01|message-event-ladder-22-1109-02|message-event-ladder-22-1109-03|message-event-ladder-22-1109-04|message-event-ladder-23-0713-01|message-event-ladder-23-0713-02|message-event-ladder-23-0713-03|message-event-ladder-23-0713-04|message-event-ladder-25-0712-01|message-event-ladder-25-0712-02,3,kan|kor|mhk,23530,675,TEXTURE,PROVISIONAL_PASS_A,"Pass-A default for messages; high value for voice/social rhythm, with escalation possible for consequential evidence.",ordinary life / voice / social rhythm / relationship texture,NO,,,,NO,,NO,UNASSESSED,UNASSESSED,CATALOGUED_PASS_A,IP-V2-SNAPSHOT-2026-08-13-A,idoly-ingest/07_messages/by_group/message_group_ladder-22-1109/message_message_group_ladder-22-1109_001_message_group_ladder-22-1109_part_01.md
message_message_group_ladder-22-1109_001_message_group_ladder-22-1109_part_02,GAME_BUNDLE,messages,Messages: ⅢX-announce- (Part 2),messages,,,,,2,2,2,message-event-ladder-25-0712-03|message-event-ladder-25-0712-04,3,kan|kor|mhk,4804,134,TEXTURE,PROVISIONAL_PASS_A,"Pass-A default for messages; high value for voice/social rhythm, with escalation possible for consequential evidence.",ordinary life / voice / social rhythm / relationship texture,NO,,,,NO,,NO,UNASSESSED,UNASSESSED,CATALOGUED_PASS_A,IP-V2-SNAPSHOT-2026-08-13-A,idoly-ingest/07_messages/by_group/message_group_ladder-22-1109/message_message_group_ladder-22-1109_001_message_group_ladder-22-1109_part_02.md
message_message_group_ladder-23-0912_001_message_group_ladder-23-0912,GAME_BUNDLE,messages,Messages: REI♡HARU,messages,,,,,1,1,4,message-event-ladder-23-0912-01|message-event-ladder-23-0912-02|message-event-ladder-23-0912-03|message-event-ladder-23-0912-04,2,hrk|rei,8579,224,TEXTURE,PROVISIONAL_PASS_A,"Pass-A default for messages; high value for voice/social rhythm, with escalation possible for consequential evidence.",ordinary life / voice / social rhythm / relationship texture,NO,,,,NO,,NO,UNASSESSED,UNASSESSED,CATALOGUED_PASS_A,IP-V2-SNAPSHOT-2026-08-13-A,idoly-ingest/07_messages/by_group/message_group_ladder-23-0912/message_message_group_ladder-23-0912_001_message_group_ladder-23-0912.md
message_message_group_ladder-23-1014_001_message_group_ladder-23-1014,GAME_BUNDLE,messages,Messages: わんにゃんツインズ,messages,,,,,1,1,4,message-event-ladder-23-1014-01|message-event-ladder-23-1014-02|message-event-ladder-23-1014-03|message-event-ladder-23-1014-04,2,mei|suz,7156,200,TEXTURE,PROVISIONAL_PASS_A,"Pass-A default for messages; high value for voice/social rhythm, with escalation possible for consequential evidence.",ordinary life / voice / social rhythm / relationship texture,NO,,,,NO,,NO,UNASSESSED,UNASSESSED,CATALOGUED_PASS_A,IP-V2-SNAPSHOT-2026-08-13-A,idoly-ingest/07_messages/by_group/message_group_ladder-23-1014/message_message_group_ladder-23-1014_001_message_group_ladder-23-1014.md
message_message_group_ladder-24-0811_001_message_group_ladder-24-0811,GAME_BUNDLE,messages,Messages: 8/11.12ライブ連絡用,messages,,,,,1,1,8,message-event-sololive-01|message-event-sololive-02|message-event-sololive-03|message-event-sololive-03-02|message-event-sololive-04|message-event-sololive-04-02|message-event-sololive-05|message-event-sololive-05-02,18,ai|aoi|chs|hrk|kan|kkr|ktn|mei|ngs|rei|rio|rui|ski|skr|smr|suz|szk|yu,11183,261,TEXTURE,PROVISIONAL_PASS_A,"Pass-A default for messages; high value for voice/social rhythm, with escalation possible for consequential evidence.",ordinary life / voice / social rhythm / relationship texture,NO,,,,NO,,NO,UNASSESSED,UNASSESSED,CATALOGUED_PASS_A,IP-V2-SNAPSHOT-2026-08-13-A,idoly-ingest/07_messages/by_group/message_group_ladder-24-0811/message_message_group_ladder-24-0811_001_message_group_ladder-24-0811.md
message_message_group_ladder-24-1108_001_message_group_ladder-24-1108,GAME_BUNDLE,messages,Messages: 仲良しkana×こころ,messages,,,,,1,1,4,message-event-ladder-24-1108-01|message-event-ladder-24-1108-02|message-event-ladder-24-1108-03|message-event-ladder-24-1108-04,2,kan|kkr,10466,282,TEXTURE,PROVISIONAL_PASS_A,"Pass-A default for messages; high value for voice/social rhythm, with escalation possible for consequential evidence.",ordinary life / voice / social rhythm / relationship texture,NO,,,,NO,,NO,UNASSESSED,UNASSESSED,CATALOGUED_PASS_A,IP-V2-SNAPSHOT-2026-08-13-A,idoly-ingest/07_messages/by_group/message_group_ladder-24-1108/message_message_group_ladder-24-1108_001_message_group_ladder-24-1108.md
message_message_group_ladder-24-1208_001_message_group_ladder-24-1208,GAME_BUNDLE,messages,Messages: ぱじゃパ！＆さとみさん達,messages,,,,,1,1,4,message-event-ladder-24-1208-01|message-event-ladder-24-1208-02|message-event-ladder-24-1208-03|message-event-ladder-24-1208-04,6,chs|kkr|smr|stm|suz|szk,10874,304,TEXTURE,PROVISIONAL_PASS_A,"Pass-A default for messages; high value for voice/social rhythm, with escalation possible for consequential evidence.",ordinary life / voice / social rhythm / relationship texture,NO,,,,NO,,NO,UNASSESSED,UNASSESSED,CATALOGUED_PASS_A,IP-V2-SNAPSHOT-2026-08-13-A,idoly-ingest/07_messages/by_group/message_group_ladder-24-1208/message_message_group_ladder-24-1208_001_message_group_ladder-24-1208.md
message_message_group_ladder-25-0512_001_message_group_ladder-25-0512,GAME_BUNDLE,messages,Messages: Sweet Rouge,messages,,,,,1,1,4,message-event-ladder-25-0512-01|message-event-ladder-25-0512-02|message-event-ladder-25-0512-03|message-event-ladder-25-0512-04,4,chs|ngs|rui|smr,15408,430,TEXTURE,PROVISIONAL_PASS_A,"Pass-A default for messages; high value for voice/social rhythm, with escalation possible for consequential evidence.",ordinary life / voice / social rhythm / relationship texture,NO,,,,NO,,NO,UNASSESSED,UNASSESSED,CATALOGUED_PASS_A,IP-V2-SNAPSHOT-2026-08-13-A,idoly-ingest/07_messages/by_group/message_group_ladder-25-0512/message_message_group_ladder-25-0512_001_message_group_ladder-25-0512.md
message_message_group_ladder-25-1205_001_message_group_ladder-25-1205,GAME_BUNDLE,messages,Messages: クリスマスイベント連絡用,messages,,,,,1,1,4,message-event-ladder-25-1205-01|message-event-ladder-25-1205-02|message-event-ladder-25-1205-03|message-event-ladder-25-1205-04,5,kkr|rei|rio|rui|smr,11365,309,TEXTURE,PROVISIONAL_PASS_A,"Pass-A default for messages; high value for voice/social rhythm, with escalation possible for consequential evidence.",ordinary life / voice / social rhythm / relationship texture,NO,,,,NO,,NO,UNASSESSED,UNASSESSED,CATALOGUED_PASS_A,IP-V2-SNAPSHOT-2026-08-13-A,idoly-ingest/07_messages/by_group/message_group_ladder-25-1205/message_message_group_ladder-25-1205_001_message_group_ladder-25-1205.md
message_message_group_ladder-26-0214_001_message_group_ladder-26-0214,GAME_BUNDLE,messages,Messages: 月スト＆マネおしゃべり,messages,,,,,1,1,4,message-event-ladder-26-0214-01|message-event-ladder-26-0214-02|message-event-ladder-26-0214-03|message-event-ladder-26-0214-04,5,ktn|mei|ngs|ski|suz,10839,323,TEXTURE,PROVISIONAL_PASS_A,"Pass-A default for messages; high value for voice/social rhythm, with escalation possible for consequential evidence.",ordinary life / voice / social rhythm / relationship texture,NO,,,,NO,,NO,UNASSESSED,UNASSESSED,CATALOGUED_PASS_A,IP-V2-SNAPSHOT-2026-08-13-A,idoly-ingest/07_messages/by_group/message_group_ladder-26-0214/message_message_group_ladder-26-0214_001_message_group_ladder-26-0214.md
message_message_group_ladder-26-0515_001_message_group_ladder-26-0515,GAME_BUNDLE,messages,Messages: 遊園地コラボ連絡用,messages,,,,,1,1,4,message-event-ladder-26-0515-01|message-event-ladder-26-0515-02|message-event-ladder-26-0515-03|message-event-ladder-26-0515-04,4,kan|kkr|rui|szk,10446,318,TEXTURE,PROVISIONAL_PASS_A,"Pass-A default for messages; high value for voice/social rhythm, with escalation possible for consequential evidence.",ordinary life / voice / social rhythm / relationship texture,NO,,,,NO,,NO,UNASSESSED,UNASSESSED,CATALOGUED_PASS_A,IP-V2-SNAPSHOT-2026-08-13-A,idoly-ingest/07_messages/by_group/message_group_ladder-26-0515/message_message_group_ladder-26-0515_001_message_group_ladder-26-0515.md
message_message_group_mei_001_message_group_mei_part_01,GAME_BUNDLE,messages,Messages: 芽衣 (Part 1),messages,,mei,,,1,4,23,message-card-mei-05-casl-02|message-card-mei-05-fest-00-01|message-card-mei-05-fest-00-02|message-card-mei-05-fest-02|message-card-mei-05-hruh-00|message-card-mei-05-idol-00|message-card-mei-05-miku-05|message-card-mei-05-mizg-01|message-card-mei-05-mizg-02|message-card-mei-05-pair-00|message-card-mei-05-rock-00|message-card-mei-05-vlnt-00|message-card-mei-05-wdnc-00|message-card-mei-05-wedd-00|message-card-mei-05-xmas-00|message-hbd-mei-22-0707|message-hbd-mei-23-0707|message-hbd-mei-24-0707|message-hbd-mei-25-0707|message-hbd-mei-26-0707|message-instant-mei-00001|message-instant-mei-00002|message-instant-mei-00003,1,mei,22160,586,TEXTURE,PROVISIONAL_PASS_A,"Pass-A default for messages; high value for voice/social rhythm, with escalation possible for consequential evidence.",ordinary life / voice / social rhythm / relationship texture,NO,,,,NO,,NO,UNASSESSED,UNASSESSED,CATALOGUED_PASS_A,IP-V2-SNAPSHOT-2026-08-13-A,idoly-ingest/07_messages/by_group/message_group_mei/message_message_group_mei_001_message_group_mei_part_01.md
message_message_group_mei_001_message_group_mei_part_02,GAME_BUNDLE,messages,Messages: 芽衣 (Part 2),messages,,mei,,,2,4,29,message-instant-mei-00004|message-instant-mei-00005|message-instant-mei-00006|message-instant-mei-00007|message-instant-mei-00008|message-instant-mei-00009|message-instant-mei-00010|message-instant-mei-00011|message-instant-mei-00012|message-instant-mei-00013|message-instant-mei-00014|message-instant-mei-00015|message-instant-mei-00016|message-instant-mei-00017|message-instant-mei-00018|message-instant-mei-00019|message-instant-mei-00020|message-instant-mei-00021|message-instant-mei-00022|message-instant-mei-00023|message-instant-mei-00024|message-instant-mei-00025|message-instant-mei-00026|message-instant-mei-00027|message-instant-mei-00028|message-instant-mei-00029|message-instant-mei-00030|message-instant-mei-00031|message-instant-mei-00032,1,mei,19326,468,TEXTURE,PROVISIONAL_PASS_A,"Pass-A default for messages; high value for voice/social rhythm, with escalation possible for consequential evidence.",ordinary life / voice / social rhythm / relationship texture,NO,,,,NO,,NO,UNASSESSED,UNASSESSED,CATALOGUED_PASS_A,IP-V2-SNAPSHOT-2026-08-13-A,idoly-ingest/07_messages/by_group/message_group_mei/message_message_group_mei_001_message_group_mei_part_02.md
message_message_group_mei_001_message_group_mei_part_03,GAME_BUNDLE,messages,Messages: 芽衣 (Part 3),messages,,mei,,,3,4,24,message-instant-mei-00033|message-instant-mei-00034|message-instant-mei-00035|message-instant-mei-00036|message-instant-mei-00037|message-instant-mei-00038|message-instant-mei-00039|message-instant-mei-00040|message-instant-mei-00041|message-instant-mei-00042|message-love-mei-24-0517|message-story-mei-000-001|message-story-mei-000-002|message-story-mei-000-003|message-story-mei-000-004|message-story-mei-001-001|message-story-mei-001-002|message-story-mei-001-003|message-story-mei-001-004|message-story-mei-002-001|message-story-mei-002-002|message-story-mei-002-003|message-story-mei-002-004|message-story-mei-003-001,1,mei,21649,616,TEXTURE,PROVISIONAL_PASS_A,"Pass-A default for messages; high value for voice/social rhythm, with escalation possible for consequential evidence.",ordinary life / voice / social rhythm / relationship texture,NO,,,,NO,,NO,UNASSESSED,UNASSESSED,CATALOGUED_PASS_A,IP-V2-SNAPSHOT-2026-08-13-A,idoly-ingest/07_messages/by_group/message_group_mei/message_message_group_mei_001_message_group_mei_part_03.md
message_message_group_mei_001_message_group_mei_part_04,GAME_BUNDLE,messages,Messages: 芽衣 (Part 4),messages,,mei,,,4,4,12,message-story-mei-003-002|message-story-mei-003-003|message-story-mei-003-004|message-story-mei-004-001|message-story-mei-004-002|message-story-mei-004-003|message-story-mei-004-004|message-story-mei-005-001|message-story-mei-005-002|message-story-mei-005-003|message-story-mei-005-004|message-suntory-mei-22-1004,1,mei,10494,278,TEXTURE,PROVISIONAL_PASS_A,"Pass-A default for messages; high value for voice/social rhythm, with escalation possible for consequential evidence.",ordinary life / voice / social rhythm / relationship texture,NO,,,,NO,,NO,UNASSESSED,UNASSESSED,CATALOGUED_PASS_A,IP-V2-SNAPSHOT-2026-08-13-A,idoly-ingest/07_messages/by_group/message_group_mei/message_message_group_mei_001_message_group_mei_part_04.md
message_message_group_mhk_001_message_group_mhk_part_01,GAME_BUNDLE,messages,Messages: miho (Part 1),messages,,mhk,,,1,3,21,message-card-mhk-05-chna-00|message-card-mhk-05-circ-00|message-card-mhk-05-fest-02|message-card-mhk-05-idol-00|message-card-mhk-05-idol-03|message-card-mhk-05-mizg-01|message-card-mhk-05-newy-00|message-card-mhk-05-pajm-00|message-card-mhk-05-poli-00|message-card-mhk-05-wedd-00|message-card-mhk-05-xmas-00|message-hbd-mhk-23-0125|message-hbd-mhk-24-0125|message-hbd-mhk-25-0125|message-hbd-mhk-26-0125|message-instant-mhk-00001|message-instant-mhk-00002|message-instant-mhk-00003|message-instant-mhk-00004|message-instant-mhk-00005|message-instant-mhk-00006,1,mhk,22475,559,TEXTURE,PROVISIONAL_PASS_A,"Pass-A default for messages; high value for voice/social rhythm, with escalation possible for consequential evidence.",ordinary life / voice / social rhythm / relationship texture,NO,,,,NO,,NO,UNASSESSED,UNASSESSED,CATALOGUED_PASS_A,IP-V2-SNAPSHOT-2026-08-13-A,idoly-ingest/07_messages/by_group/message_group_mhk/message_message_group_mhk_001_message_group_mhk_part_01.md
message_message_group_mhk_001_message_group_mhk_part_02,GAME_BUNDLE,messages,Messages: miho (Part 2),messages,,mhk,,,2,3,25,message-instant-mhk-00007|message-instant-mhk-00008|message-instant-mhk-00009|message-instant-mhk-00010|message-instant-mhk-00011|message-instant-mhk-00012|message-instant-mhk-00013|message-instant-mhk-00014|message-instant-mhk-00015|message-story-mhk-000-001|message-story-mhk-000-002|message-story-mhk-000-003|message-story-mhk-000-004|message-story-mhk-001-001|message-story-mhk-001-002|message-story-mhk-001-003|message-story-mhk-001-004|message-story-mhk-002-001|message-story-mhk-002-002|message-story-mhk-002-003|message-story-mhk-002-004|message-story-mhk-003-001|message-story-mhk-003-002|message-story-mhk-003-003|message-story-mhk-003-004,1,mhk,20219,469,TEXTURE,PROVISIONAL_PASS_A,"Pass-A default for messages; high value for voice/social rhythm, with escalation possible for consequential evidence.",ordinary life / voice / social rhythm / relationship texture,NO,,,,NO,,NO,UNASSESSED,UNASSESSED,CATALOGUED_PASS_A,IP-V2-SNAPSHOT-2026-08-13-A,idoly-ingest/07_messages/by_group/message_group_mhk/message_message_group_mhk_001_message_group_mhk_part_02.md
message_message_group_mhk_001_message_group_mhk_part_03,GAME_BUNDLE,messages,Messages: miho (Part 3),messages,,mhk,,,3,3,9,message-story-mhk-004-001|message-story-mhk-004-002|message-story-mhk-004-003|message-story-mhk-004-004|message-story-mhk-005-001|message-story-mhk-005-002|message-story-mhk-005-003|message-story-mhk-005-004|message-suntory-mhk-23-0110,1,mhk,10651,247,TEXTURE,PROVISIONAL_PASS_A,"Pass-A default for messages; high value for voice/social rhythm, with escalation possible for consequential evidence.",ordinary life / voice / social rhythm / relationship texture,NO,,,,NO,,NO,UNASSESSED,UNASSESSED,CATALOGUED_PASS_A,IP-V2-SNAPSHOT-2026-08-13-A,idoly-ingest/07_messages/by_group/message_group_mhk/message_message_group_mhk_001_message_group_mhk_part_03.md
message_message_group_mna_001_message_group_mna_part_01,GAME_BUNDLE,messages,Messages: 麻奈 (Part 1),messages,,mna,,,1,4,20,message-card-mna-05-birt-01|message-card-mna-05-fest-00|message-card-mna-05-fest-01|message-card-mna-05-fest-02|message-card-mna-05-idol-00|message-card-mna-05-link-00|message-card-mna-05-mizg-01|message-card-mna-05-msic-00|message-card-mna-05-snro-00|message-card-mna-05-vlnt-00|message-card-mna-05-wedd-00|message-instant-mna-00001|message-instant-mna-00002|message-instant-mna-00003|message-instant-mna-00004|message-instant-mna-00005|message-instant-mna-00006|message-instant-mna-00007|message-instant-mna-00008|message-instant-mna-00009,1,mna,21879,582,TEXTURE,PROVISIONAL_PASS_A,"Pass-A default for messages; high value for voice/social rhythm, with escalation possible for consequential evidence.",ordinary life / voice / social rhythm / relationship texture,NO,,,,NO,,NO,UNASSESSED,UNASSESSED,CATALOGUED_PASS_A,IP-V2-SNAPSHOT-2026-08-13-A,idoly-ingest/07_messages/by_group/message_group_mna/message_message_group_mna_001_message_group_mna_part_01.md
message_message_group_mna_001_message_group_mna_part_02,GAME_BUNDLE,messages,Messages: 麻奈 (Part 2),messages,,mna,,,2,4,20,message-instant-mna-00010|message-instant-mna-00011|message-instant-mna-00012|message-instant-mna-00013|message-instant-mna-00014|message-instant-mna-00015|message-instant-mna-00016|message-instant-mna-00017|message-instant-mna-00018|message-instant-mna-00019|message-instant-mna-00020|message-instant-mna-00021|message-instant-mna-00022|message-instant-mna-00023|message-instant-mna-00024|message-instant-mna-00025|message-instant-mna-00026|message-instant-mna-00027|message-instant-mna-00028|message-instant-mna-00029,1,mna,22050,609,TEXTURE,PROVISIONAL_PASS_A,"Pass-A default for messages; high value for voice/social rhythm, with escalation possible for consequential evidence.",ordinary life / voice / social rhythm / relationship texture,NO,,,,NO,,NO,UNASSESSED,UNASSESSED,CATALOGUED_PASS_A,IP-V2-SNAPSHOT-2026-08-13-A,idoly-ingest/07_messages/by_group/message_group_mna/message_message_group_mna_001_message_group_mna_part_02.md
message_message_group_mna_001_message_group_mna_part_03,GAME_BUNDLE,messages,Messages: 麻奈 (Part 3),messages,,mna,,,3,4,23,message-instant-mna-00030|message-story-mna-000-001|message-story-mna-000-002|message-story-mna-000-003|message-story-mna-000-004|message-story-mna-001-001|message-story-mna-001-002|message-story-mna-001-003|message-story-mna-001-004|message-story-mna-002-001|message-story-mna-002-002|message-story-mna-002-003|message-story-mna-002-004|message-story-mna-003-001|message-story-mna-003-002|message-story-mna-003-003|message-story-mna-003-004|message-story-mna-004-001|message-story-mna-004-002|message-story-mna-004-003|message-story-mna-004-004|message-story-mna-005-001|message-story-mna-005-002,1,mna,20577,528,TEXTURE,PROVISIONAL_PASS_A,"Pass-A default for messages; high value for voice/social rhythm, with escalation possible for consequential evidence.",ordinary life / voice / social rhythm / relationship texture,NO,,,,NO,,NO,UNASSESSED,UNASSESSED,CATALOGUED_PASS_A,IP-V2-SNAPSHOT-2026-08-13-A,idoly-ingest/07_messages/by_group/message_group_mna/message_message_group_mna_001_message_group_mna_part_03.md
message_message_group_mna_001_message_group_mna_part_04,GAME_BUNDLE,messages,Messages: 麻奈 (Part 4),messages,,mna,,,4,4,2,message-story-mna-005-003|message-story-mna-005-004,1,mna,2785,72,TEXTURE,PROVISIONAL_PASS_A,"Pass-A default for messages; high value for voice/social rhythm, with escalation possible for consequential evidence.",ordinary life / voice / social rhythm / relationship texture,NO,,,,NO,,NO,UNASSESSED,UNASSESSED,CATALOGUED_PASS_A,IP-V2-SNAPSHOT-2026-08-13-A,idoly-ingest/07_messages/by_group/message_group_mna/message_message_group_mna_001_message_group_mna_part_04.md
message_message_group_ngs_001_message_group_ngs_part_01,GAME_BUNDLE,messages,Messages: 渚 (Part 1),messages,,ngs,,,1,4,22,message-card-ngs-05-akma-00|message-card-ngs-05-casl-02|message-card-ngs-05-fest-02|message-card-ngs-05-flow-00|message-card-ngs-05-frut-00|message-card-ngs-05-idol-00|message-card-ngs-05-link-00|message-card-ngs-05-maid-01|message-card-ngs-05-mizg-01|message-card-ngs-05-mizg-02|message-card-ngs-05-vlnt-00|message-card-ngs-05-wedd-00|message-card-ngs-05-xmas-00|message-card-ngs-05-yukt-00|message-hbd-ngs-21-0803|message-hbd-ngs-22-0803|message-hbd-ngs-23-0803|message-hbd-ngs-24-0803|message-hbd-ngs-25-0803|message-hbd-ngs-26-0803|message-instant-ngs-00001|message-instant-ngs-00002,1,ngs,22216,582,TEXTURE,PROVISIONAL_PASS_A,"Pass-A default for messages; high value for voice/social rhythm, with escalation possible for consequential evidence.",ordinary life / voice / social rhythm / relationship texture,NO,,,,NO,,NO,UNASSESSED,UNASSESSED,CATALOGUED_PASS_A,IP-V2-SNAPSHOT-2026-08-13-A,idoly-ingest/07_messages/by_group/message_group_ngs/message_message_group_ngs_001_message_group_ngs_part_01.md
message_message_group_ngs_001_message_group_ngs_part_02,GAME_BUNDLE,messages,Messages: 渚 (Part 2),messages,,ngs,,,2,4,28,message-instant-ngs-00003|message-instant-ngs-00004|message-instant-ngs-00005|message-instant-ngs-00006|message-instant-ngs-00007|message-instant-ngs-00008|message-instant-ngs-00009|message-instant-ngs-00010|message-instant-ngs-00011|message-instant-ngs-00012|message-instant-ngs-00013|message-instant-ngs-00014|message-instant-ngs-00015|message-instant-ngs-00016|message-instant-ngs-00017|message-instant-ngs-00018|message-instant-ngs-00019|message-instant-ngs-00020|message-instant-ngs-00021|message-instant-ngs-00022|message-instant-ngs-00023|message-instant-ngs-00024|message-instant-ngs-00025|message-instant-ngs-00026|message-instant-ngs-00027|message-instant-ngs-00028|message-instant-ngs-00029|message-instant-ngs-00030,1,ngs,20403,449,TEXTURE,PROVISIONAL_PASS_A,"Pass-A default for messages; high value for voice/social rhythm, with escalation possible for consequential evidence.",ordinary life / voice / social rhythm / relationship texture,NO,,,,NO,,NO,UNASSESSED,UNASSESSED,CATALOGUED_PASS_A,IP-V2-SNAPSHOT-2026-08-13-A,idoly-ingest/07_messages/by_group/message_group_ngs/message_message_group_ngs_001_message_group_ngs_part_02.md
message_message_group_ngs_001_message_group_ngs_part_03,GAME_BUNDLE,messages,Messages: 渚 (Part 3),messages,,ngs,,,3,4,23,message-instant-ngs-00031|message-instant-ngs-00032|message-instant-ngs-00033|message-instant-ngs-00034|message-instant-ngs-00035|message-instant-ngs-00036|message-instant-ngs-00037|message-instant-ngs-00038|message-instant-ngs-00039|message-instant-ngs-00040|message-instant-ngs-00041|message-instant-ngs-00042|message-love-ngs-23-1114|message-story-ngs-000-001|message-story-ngs-000-002|message-story-ngs-000-003|message-story-ngs-000-004|message-story-ngs-001-001|message-story-ngs-001-002|message-story-ngs-001-003|message-story-ngs-001-004|message-story-ngs-002-001|message-story-ngs-002-002,1,ngs,21259,562,TEXTURE,PROVISIONAL_PASS_A,"Pass-A default for messages; high value for voice/social rhythm, with escalation possible for consequential evidence.",ordinary life / voice / social rhythm / relationship texture,NO,,,,NO,,NO,UNASSESSED,UNASSESSED,CATALOGUED_PASS_A,IP-V2-SNAPSHOT-2026-08-13-A,idoly-ingest/07_messages/by_group/message_group_ngs/message_message_group_ngs_001_message_group_ngs_part_03.md
message_message_group_ngs_001_message_group_ngs_part_04,GAME_BUNDLE,messages,Messages: 渚 (Part 4),messages,,ngs,,,4,4,15,message-story-ngs-002-003|message-story-ngs-002-004|message-story-ngs-003-001|message-story-ngs-003-002|message-story-ngs-003-003|message-story-ngs-003-004|message-story-ngs-004-001|message-story-ngs-004-002|message-story-ngs-004-003|message-story-ngs-004-004|message-story-ngs-005-001|message-story-ngs-005-002|message-story-ngs-005-003|message-story-ngs-005-004|message-suntory-ngs-22-1004,1,ngs,12545,279,TEXTURE,PROVISIONAL_PASS_A,"Pass-A default for messages; high value for voice/social rhythm, with escalation possible for consequential evidence.",ordinary life / voice / social rhythm / relationship texture,NO,,,,NO,,NO,UNASSESSED,UNASSESSED,CATALOGUED_PASS_A,IP-V2-SNAPSHOT-2026-08-13-A,idoly-ingest/07_messages/by_group/message_group_ngs/message_message_group_ngs_001_message_group_ngs_part_04.md
message_message_group_rei_001_message_group_rei_part_01,GAME_BUNDLE,messages,Messages: 怜 (Part 1),messages,,rei,,,1,4,21,message-card-rei-05-casl-02|message-card-rei-05-chia-00|message-card-rei-05-fest-00|message-card-rei-05-fest-01|message-card-rei-05-hruh-00|message-card-rei-05-idol-00|message-card-rei-05-mizg-02|message-card-rei-05-mizg-03|message-card-rei-05-newy-00|message-card-rei-05-onep-00-01|message-card-rei-05-onep-00-02|message-card-rei-05-pair-00|message-card-rei-05-rock-00|message-card-rei-05-sail-00|message-card-rei-05-trbl-00|message-card-rei-05-wdnc-00|message-card-rei-05-wedd-00|message-hbd-rei-22-0308|message-hbd-rei-23-0308|message-hbd-rei-24-0308|message-hbd-rei-25-0308,1,rei,22521,568,TEXTURE,PROVISIONAL_PASS_A,"Pass-A default for messages; high value for voice/social rhythm, with escalation possible for consequential evidence.",ordinary life / voice / social rhythm / relationship texture,NO,,,,NO,,NO,UNASSESSED,UNASSESSED,CATALOGUED_PASS_A,IP-V2-SNAPSHOT-2026-08-13-A,idoly-ingest/07_messages/by_group/message_group_rei/message_message_group_rei_001_message_group_rei_part_01.md
message_message_group_rei_001_message_group_rei_part_02,GAME_BUNDLE,messages,Messages: 怜 (Part 2),messages,,rei,,,2,4,27,message-hbd-rei-26-0308|message-instant-rei-00001|message-instant-rei-00002|message-instant-rei-00003|message-instant-rei-00004|message-instant-rei-00005|message-instant-rei-00006|message-instant-rei-00007|message-instant-rei-00008|message-instant-rei-00009|message-instant-rei-00010|message-instant-rei-00011|message-instant-rei-00012|message-instant-rei-00013|message-instant-rei-00014|message-instant-rei-00015|message-instant-rei-00016|message-instant-rei-00017|message-instant-rei-00018|message-instant-rei-00019|message-instant-rei-00020|message-instant-rei-00021|message-instant-rei-00022|message-instant-rei-00023|message-instant-rei-00024|message-instant-rei-00025|message-instant-rei-00026,1,rei,20926,505,TEXTURE,PROVISIONAL_PASS_A,"Pass-A default for messages; high value for voice/social rhythm, with escalation possible for consequential evidence.",ordinary life / voice / social rhythm / relationship texture,NO,,,,NO,,NO,UNASSESSED,UNASSESSED,CATALOGUED_PASS_A,IP-V2-SNAPSHOT-2026-08-13-A,idoly-ingest/07_messages/by_group/message_group_rei/message_message_group_rei_001_message_group_rei_part_02.md
message_message_group_rei_001_message_group_rei_part_03,GAME_BUNDLE,messages,Messages: 怜 (Part 3),messages,,rei,,,3,4,23,message-instant-rei-00027|message-instant-rei-00028|message-instant-rei-00029|message-instant-rei-00030|message-instant-rei-00031|message-instant-rei-00032|message-instant-rei-00033|message-instant-rei-00034|message-instant-rei-00035|message-instant-rei-00036|message-instant-rei-00037|message-instant-rei-00038|message-instant-rei-00039|message-instant-rei-00040|message-instant-rei-00041|message-instant-rei-00042|message-love-rei-23-0514|message-story-rei-000-001|message-story-rei-000-002|message-story-rei-000-003|message-story-rei-000-004|message-story-rei-001-001|message-story-rei-001-002,1,rei,21308,528,TEXTURE,PROVISIONAL_PASS_A,"Pass-A default for messages; high value for voice/social rhythm, with escalation possible for consequential evidence.",ordinary life / voice / social rhythm / relationship texture,NO,,,,NO,,NO,UNASSESSED,UNASSESSED,CATALOGUED_PASS_A,IP-V2-SNAPSHOT-2026-08-13-A,idoly-ingest/07_messages/by_group/message_group_rei/message_message_group_rei_001_message_group_rei_part_03.md
message_message_group_rei_001_message_group_rei_part_04,GAME_BUNDLE,messages,Messages: 怜 (Part 4),messages,,rei,,,4,4,19,message-story-rei-001-003|message-story-rei-001-004|message-story-rei-002-001|message-story-rei-002-002|message-story-rei-002-003|message-story-rei-002-004|message-story-rei-003-001|message-story-rei-003-002|message-story-rei-003-003|message-story-rei-003-004|message-story-rei-004-001|message-story-rei-004-002|message-story-rei-004-003|message-story-rei-004-004|message-story-rei-005-001|message-story-rei-005-002|message-story-rei-005-003|message-story-rei-005-004|message-suntory-rei-22-1101,1,rei,15151,334,TEXTURE,PROVISIONAL_PASS_A,"Pass-A default for messages; high value for voice/social rhythm, with escalation possible for consequential evidence.",ordinary life / voice / social rhythm / relationship texture,NO,,,,NO,,NO,UNASSESSED,UNASSESSED,CATALOGUED_PASS_A,IP-V2-SNAPSHOT-2026-08-13-A,idoly-ingest/07_messages/by_group/message_group_rei/message_message_group_rei_001_message_group_rei_part_04.md
message_message_group_rio_001_message_group_rio_part_01,GAME_BUNDLE,messages,Messages: 莉央 (Part 1),messages,,rio,,,1,4,21,message-card-rio-05-casl-02|message-card-rio-05-casl-04|message-card-rio-05-fest-00|message-card-rio-05-fest-01|message-card-rio-05-fest-03|message-card-rio-05-halw-00|message-card-rio-05-idol-00|message-card-rio-05-kait-00|message-card-rio-05-kiok-00|message-card-rio-05-mizg-02|message-card-rio-05-newy-00|message-card-rio-05-pajm-00|message-card-rio-05-past-00|message-card-rio-05-trbl-00|message-card-rio-05-wedd-00|message-hbd-rio-21-0828|message-hbd-rio-22-0828|message-hbd-rio-23-0828|message-hbd-rio-24-0828|message-hbd-rio-25-0828|message-instant-rio-00001,1,rio,22322,603,TEXTURE,PROVISIONAL_PASS_A,"Pass-A default for messages; high value for voice/social rhythm, with escalation possible for consequential evidence.",ordinary life / voice / social rhythm / relationship texture,NO,,,,NO,,NO,UNASSESSED,UNASSESSED,CATALOGUED_PASS_A,IP-V2-SNAPSHOT-2026-08-13-A,idoly-ingest/07_messages/by_group/message_group_rio/message_message_group_rio_001_message_group_rio_part_01.md
message_message_group_rio_001_message_group_rio_part_02,GAME_BUNDLE,messages,Messages: 莉央 (Part 2),messages,,rio,,,2,4,26,message-instant-rio-00002|message-instant-rio-00003|message-instant-rio-00004|message-instant-rio-00005|message-instant-rio-00006|message-instant-rio-00007|message-instant-rio-00008|message-instant-rio-00009|message-instant-rio-00010|message-instant-rio-00011|message-instant-rio-00012|message-instant-rio-00013|message-instant-rio-00014|message-instant-rio-00015|message-instant-rio-00016|message-instant-rio-00017|message-instant-rio-00018|message-instant-rio-00019|message-instant-rio-00020|message-instant-rio-00021|message-instant-rio-00022|message-instant-rio-00023|message-instant-rio-00024|message-instant-rio-00025|message-instant-rio-00026|message-instant-rio-00027,1,rio,20410,492,TEXTURE,PROVISIONAL_PASS_A,"Pass-A default for messages; high value for voice/social rhythm, with escalation possible for consequential evidence.",ordinary life / voice / social rhythm / relationship texture,NO,,,,NO,,NO,UNASSESSED,UNASSESSED,CATALOGUED_PASS_A,IP-V2-SNAPSHOT-2026-08-13-A,idoly-ingest/07_messages/by_group/message_group_rio/message_message_group_rio_001_message_group_rio_part_02.md
message_message_group_rio_001_message_group_rio_part_03,GAME_BUNDLE,messages,Messages: 莉央 (Part 3),messages,,rio,,,3,4,24,message-instant-rio-00028|message-instant-rio-00029|message-instant-rio-00030|message-instant-rio-00031|message-instant-rio-00032|message-instant-rio-00033|message-instant-rio-00034|message-instant-rio-00035|message-instant-rio-00036|message-instant-rio-00037|message-instant-rio-00038|message-instant-rio-00039|message-instant-rio-00040|message-instant-rio-00041|message-instant-rio-00042|message-love-rio-26-0313|message-story-rio-000-001|message-story-rio-000-002|message-story-rio-000-003|message-story-rio-000-004|message-story-rio-001-001|message-story-rio-001-002|message-story-rio-001-003|message-story-rio-001-004,1,rio,21299,562,TEXTURE,PROVISIONAL_PASS_A,"Pass-A default for messages; high value for voice/social rhythm, with escalation possible for consequential evidence.",ordinary life / voice / social rhythm / relationship texture,NO,,,,NO,,NO,UNASSESSED,UNASSESSED,CATALOGUED_PASS_A,IP-V2-SNAPSHOT-2026-08-13-A,idoly-ingest/07_messages/by_group/message_group_rio/message_message_group_rio_001_message_group_rio_part_03.md
message_message_group_rio_001_message_group_rio_part_04,GAME_BUNDLE,messages,Messages: 莉央 (Part 4),messages,,rio,,,4,4,17,message-story-rio-002-001|message-story-rio-002-002|message-story-rio-002-003|message-story-rio-002-004|message-story-rio-003-001|message-story-rio-003-002|message-story-rio-003-003|message-story-rio-003-004|message-story-rio-004-001|message-story-rio-004-002|message-story-rio-004-003|message-story-rio-004-004|message-story-rio-005-001|message-story-rio-005-002|message-story-rio-005-003|message-story-rio-005-004|message-suntory-rio-22-0801,1,rio,14883,363,TEXTURE,PROVISIONAL_PASS_A,"Pass-A default for messages; high value for voice/social rhythm, with escalation possible for consequential evidence.",ordinary life / voice / social rhythm / relationship texture,NO,,,,NO,,NO,UNASSESSED,UNASSESSED,CATALOGUED_PASS_A,IP-V2-SNAPSHOT-2026-08-13-A,idoly-ingest/07_messages/by_group/message_group_rio/message_message_group_rio_001_message_group_rio_part_04.md
message_message_group_rui_001_message_group_rui_part_01,GAME_BUNDLE,messages,Messages: 瑠依 (Part 1),messages,,rui,,,1,4,22,message-card-rui-05-date-00|message-card-rui-05-fest-01|message-card-rui-05-fest-03|message-card-rui-05-fest-04|message-card-rui-05-idol-00|message-card-rui-05-idol-04|message-card-rui-05-miku-00|message-card-rui-05-mizg-01|message-card-rui-05-newy-00|message-card-rui-05-sucu-00|message-card-rui-05-trbl-01|message-card-rui-05-vlnt-00|message-card-rui-05-xmas-00|message-card-rui-05-yukt-00|message-hbd-rui-21-1111|message-hbd-rui-22-1111|message-hbd-rui-23-1111|message-hbd-rui-24-1111|message-hbd-rui-25-1111|message-instant-rui-00001|message-instant-rui-00002|message-instant-rui-00003,1,rui,21699,564,TEXTURE,PROVISIONAL_PASS_A,"Pass-A default for messages; high value for voice/social rhythm, with escalation possible for consequential evidence.",ordinary life / voice / social rhythm / relationship texture,NO,,,,NO,,NO,UNASSESSED,UNASSESSED,CATALOGUED_PASS_A,IP-V2-SNAPSHOT-2026-08-13-A,idoly-ingest/07_messages/by_group/message_group_rui/message_message_group_rui_001_message_group_rui_part_01.md
message_message_group_rui_001_message_group_rui_part_02,GAME_BUNDLE,messages,Messages: 瑠依 (Part 2),messages,,rui,,,2,4,25,message-instant-rui-00004|message-instant-rui-00005|message-instant-rui-00006|message-instant-rui-00007|message-instant-rui-00008|message-instant-rui-00009|message-instant-rui-00010|message-instant-rui-00011|message-instant-rui-00012|message-instant-rui-00013|message-instant-rui-00014|message-instant-rui-00015|message-instant-rui-00016|message-instant-rui-00017|message-instant-rui-00018|message-instant-rui-00019|message-instant-rui-00020|message-instant-rui-00021|message-instant-rui-00022|message-instant-rui-00023|message-instant-rui-00024|message-instant-rui-00025|message-instant-rui-00026|message-instant-rui-00027|message-instant-rui-00028,1,rui,20952,508,TEXTURE,PROVISIONAL_PASS_A,"Pass-A default for messages; high value for voice/social rhythm, with escalation possible for consequential evidence.",ordinary life / voice / social rhythm / relationship texture,NO,,,,NO,,NO,UNASSESSED,UNASSESSED,CATALOGUED_PASS_A,IP-V2-SNAPSHOT-2026-08-13-A,idoly-ingest/07_messages/by_group/message_group_rui/message_message_group_rui_001_message_group_rui_part_02.md
message_message_group_rui_001_message_group_rui_part_03,GAME_BUNDLE,messages,Messages: 瑠依 (Part 3),messages,,rui,,,3,4,23,message-instant-rui-00029|message-instant-rui-00030|message-instant-rui-00031|message-instant-rui-00032|message-instant-rui-00033|message-instant-rui-00034|message-instant-rui-00035|message-instant-rui-00036|message-instant-rui-00037|message-instant-rui-00038|message-instant-rui-00039|message-instant-rui-00040|message-instant-rui-00041|message-instant-rui-00042|message-story-rui-000-001|message-story-rui-000-002|message-story-rui-000-003|message-story-rui-000-004|message-story-rui-001-001|message-story-rui-001-002|message-story-rui-001-003|message-story-rui-001-004|message-story-rui-002-001,1,rui,21895,537,TEXTURE,PROVISIONAL_PASS_A,"Pass-A default for messages; high value for voice/social rhythm, with escalation possible for consequential evidence.",ordinary life / voice / social rhythm / relationship texture,NO,,,,NO,,NO,UNASSESSED,UNASSESSED,CATALOGUED_PASS_A,IP-V2-SNAPSHOT-2026-08-13-A,idoly-ingest/07_messages/by_group/message_group_rui/message_message_group_rui_001_message_group_rui_part_03.md
message_message_group_rui_001_message_group_rui_part_04,GAME_BUNDLE,messages,Messages: 瑠依 (Part 4),messages,,rui,,,4,4,16,message-story-rui-002-002|message-story-rui-002-003|message-story-rui-002-004|message-story-rui-003-001|message-story-rui-003-002|message-story-rui-003-003|message-story-rui-003-004|message-story-rui-004-001|message-story-rui-004-002|message-story-rui-004-003|message-story-rui-004-004|message-story-rui-005-001|message-story-rui-005-002|message-story-rui-005-003|message-story-rui-005-004|message-suntory-rui-22-0630,1,rui,13971,328,TEXTURE,PROVISIONAL_PASS_A,"Pass-A default for messages; high value for voice/social rhythm, with escalation possible for consequential evidence.",ordinary life / voice / social rhythm / relationship texture,NO,,,,NO,,NO,UNASSESSED,UNASSESSED,CATALOGUED_PASS_A,IP-V2-SNAPSHOT-2026-08-13-A,idoly-ingest/07_messages/by_group/message_group_rui/message_message_group_rui_001_message_group_rui_part_04.md
message_message_group_seaparalive_001_message_group_seaparalive,GAME_BUNDLE,messages,Messages: 里帰りライブ業務連絡,messages,,,,,1,1,4,message-event-seaparalive-01|message-event-seaparalive-02|message-event-seaparalive-03|message-event-seaparalive-04,10,chs|hrk|ktn|mei|ngs|rei|ski|skr|suz|szk,6753,147,TEXTURE,PROVISIONAL_PASS_A,"Pass-A default for messages; high value for voice/social rhythm, with escalation possible for consequential evidence.",ordinary life / voice / social rhythm / relationship texture,NO,,,,NO,,NO,UNASSESSED,UNASSESSED,CATALOGUED_PASS_A,IP-V2-SNAPSHOT-2026-08-13-A,idoly-ingest/07_messages/by_group/message_group_seaparalive/message_message_group_seaparalive_001_message_group_seaparalive.md
message_message_group_ski_001_message_group_ski_part_01,GAME_BUNDLE,messages,Messages: 沙季 (Part 1),messages,,ski,,,1,4,22,message-card-ski-05-chsk-00|message-card-ski-05-fest-02|message-card-ski-05-idol-00|message-card-ski-05-kifj-00|message-card-ski-05-link-00|message-card-ski-05-miku-05|message-card-ski-05-mizg-02|message-card-ski-05-newy-00|message-card-ski-05-onep-00|message-card-ski-05-poli-00|message-card-ski-05-ster-00|message-card-ski-05-waso-00|message-card-ski-05-xmas-00|message-hbd-ski-21-0926|message-hbd-ski-22-0926|message-hbd-ski-23-0926|message-hbd-ski-24-0926|message-hbd-ski-25-0926|message-instant-ski-00001|message-instant-ski-00002|message-instant-ski-00003|message-instant-ski-00004,1,ski,21334,498,TEXTURE,PROVISIONAL_PASS_A,"Pass-A default for messages; high value for voice/social rhythm, with escalation possible for consequential evidence.",ordinary life / voice / social rhythm / relationship texture,NO,,,,NO,,NO,UNASSESSED,UNASSESSED,CATALOGUED_PASS_A,IP-V2-SNAPSHOT-2026-08-13-A,idoly-ingest/07_messages/by_group/message_group_ski/message_message_group_ski_001_message_group_ski_part_01.md
message_message_group_ski_001_message_group_ski_part_02,GAME_BUNDLE,messages,Messages: 沙季 (Part 2),messages,,ski,,,2,4,25,message-instant-ski-00005|message-instant-ski-00006|message-instant-ski-00007|message-instant-ski-00008|message-instant-ski-00009|message-instant-ski-00010|message-instant-ski-00011|message-instant-ski-00012|message-instant-ski-00013|message-instant-ski-00014|message-instant-ski-00015|message-instant-ski-00016|message-instant-ski-00017|message-instant-ski-00018|message-instant-ski-00019|message-instant-ski-00020|message-instant-ski-00021|message-instant-ski-00022|message-instant-ski-00023|message-instant-ski-00024|message-instant-ski-00025|message-instant-ski-00026|message-instant-ski-00027|message-instant-ski-00028|message-instant-ski-00029,1,ski,21044,435,TEXTURE,PROVISIONAL_PASS_A,"Pass-A default for messages; high value for voice/social rhythm, with escalation possible for consequential evidence.",ordinary life / voice / social rhythm / relationship texture,NO,,,,NO,,NO,UNASSESSED,UNASSESSED,CATALOGUED_PASS_A,IP-V2-SNAPSHOT-2026-08-13-A,idoly-ingest/07_messages/by_group/message_group_ski/message_message_group_ski_001_message_group_ski_part_02.md
message_message_group_ski_001_message_group_ski_part_03,GAME_BUNDLE,messages,Messages: 沙季 (Part 3),messages,,ski,,,3,4,25,message-instant-ski-00030|message-instant-ski-00031|message-instant-ski-00032|message-instant-ski-00033|message-instant-ski-00034|message-instant-ski-00035|message-instant-ski-00036|message-instant-ski-00037|message-instant-ski-00038|message-instant-ski-00039|message-instant-ski-00040|message-instant-ski-00041|message-instant-ski-00042|message-story-ski-000-001|message-story-ski-000-002|message-story-ski-000-003|message-story-ski-000-004|message-story-ski-001-001|message-story-ski-001-002|message-story-ski-001-003|message-story-ski-001-004|message-story-ski-002-001|message-story-ski-002-002|message-story-ski-002-003|message-story-ski-002-004,1,ski,20931,465,TEXTURE,PROVISIONAL_PASS_A,"Pass-A default for messages; high value for voice/social rhythm, with escalation possible for consequential evidence.",ordinary life / voice / social rhythm / relationship texture,NO,,,,NO,,NO,UNASSESSED,UNASSESSED,CATALOGUED_PASS_A,IP-V2-SNAPSHOT-2026-08-13-A,idoly-ingest/07_messages/by_group/message_group_ski/message_message_group_ski_001_message_group_ski_part_03.md
message_message_group_ski_001_message_group_ski_part_04,GAME_BUNDLE,messages,Messages: 沙季 (Part 4),messages,,ski,,,4,4,13,message-story-ski-003-001|message-story-ski-003-002|message-story-ski-003-003|message-story-ski-003-004|message-story-ski-004-001|message-story-ski-004-002|message-story-ski-004-003|message-story-ski-004-004|message-story-ski-005-001|message-story-ski-005-002|message-story-ski-005-003|message-story-ski-005-004|message-suntory-ski-22-1004,1,ski,12356,283,TEXTURE,PROVISIONAL_PASS_A,"Pass-A default for messages; high value for voice/social rhythm, with escalation possible for consequential evidence.",ordinary life / voice / social rhythm / relationship texture,NO,,,,NO,,NO,UNASSESSED,UNASSESSED,CATALOGUED_PASS_A,IP-V2-SNAPSHOT-2026-08-13-A,idoly-ingest/07_messages/by_group/message_group_ski/message_message_group_ski_001_message_group_ski_part_04.md
message_message_group_skr_001_message_group_skr_part_01,GAME_BUNDLE,messages,Messages: さくら (Part 1),messages,,skr,,,1,4,20,message-card-skr-05-adlt-00|message-card-skr-05-anml-00|message-card-skr-05-chia-00|message-card-skr-05-chna-00|message-card-skr-05-fest-00|message-card-skr-05-fest-01|message-card-skr-05-fest-03|message-card-skr-05-idol-00|message-card-skr-05-idol-03|message-card-skr-05-mizg-04|message-card-skr-05-newy-00|message-card-skr-05-sail-00|message-card-skr-05-vlnt-00|message-card-skr-05-wedd-00|message-hbd-skr-22-0403|message-hbd-skr-23-0403|message-hbd-skr-24-0403|message-hbd-skr-25-0403|message-hbd-skr-26-0403|message-instant-skr-00001,1,skr,22627,581,TEXTURE,PROVISIONAL_PASS_A,"Pass-A default for messages; high value for voice/social rhythm, with escalation possible for consequential evidence.",ordinary life / voice / social rhythm / relationship texture,NO,,,,NO,,NO,UNASSESSED,UNASSESSED,CATALOGUED_PASS_A,IP-V2-SNAPSHOT-2026-08-13-A,idoly-ingest/07_messages/by_group/message_group_skr/message_message_group_skr_001_message_group_skr_part_01.md
message_message_group_skr_001_message_group_skr_part_02,GAME_BUNDLE,messages,Messages: さくら (Part 2),messages,,skr,,,2,4,26,message-instant-skr-00002|message-instant-skr-00003|message-instant-skr-00004|message-instant-skr-00005|message-instant-skr-00006|message-instant-skr-00007|message-instant-skr-00008|message-instant-skr-00009|message-instant-skr-00010|message-instant-skr-00011|message-instant-skr-00012|message-instant-skr-00013|message-instant-skr-00014|message-instant-skr-00015|message-instant-skr-00016|message-instant-skr-00017|message-instant-skr-00018|message-instant-skr-00019|message-instant-skr-00020|message-instant-skr-00021|message-instant-skr-00022|message-instant-skr-00023|message-instant-skr-00024|message-instant-skr-00025|message-instant-skr-00026|message-instant-skr-00027,1,skr,21111,532,TEXTURE,PROVISIONAL_PASS_A,"Pass-A default for messages; high value for voice/social rhythm, with escalation possible for consequential evidence.",ordinary life / voice / social rhythm / relationship texture,NO,,,,NO,,NO,UNASSESSED,UNASSESSED,CATALOGUED_PASS_A,IP-V2-SNAPSHOT-2026-08-13-A,idoly-ingest/07_messages/by_group/message_group_skr/message_message_group_skr_001_message_group_skr_part_02.md
message_message_group_skr_001_message_group_skr_part_03,GAME_BUNDLE,messages,Messages: さくら (Part 3),messages,,skr,,,3,4,24,message-instant-skr-00028|message-instant-skr-00029|message-instant-skr-00030|message-instant-skr-00031|message-instant-skr-00032|message-instant-skr-00033|message-instant-skr-00034|message-instant-skr-00035|message-instant-skr-00036|message-instant-skr-00037|message-instant-skr-00038|message-instant-skr-00039|message-instant-skr-00040|message-instant-skr-00041|message-instant-skr-00042|message-skr-tutorial-001|message-story-skr-000-001|message-story-skr-000-002|message-story-skr-000-003|message-story-skr-000-004|message-story-skr-001-001|message-story-skr-001-002|message-story-skr-001-003|message-story-skr-001-004,1,skr,21773,547,TEXTURE,PROVISIONAL_PASS_A,"Pass-A default for messages; high value for voice/social rhythm, with escalation possible for consequential evidence.",ordinary life / voice / social rhythm / relationship texture,NO,,,,NO,,NO,UNASSESSED,UNASSESSED,CATALOGUED_PASS_A,IP-V2-SNAPSHOT-2026-08-13-A,idoly-ingest/07_messages/by_group/message_group_skr/message_message_group_skr_001_message_group_skr_part_03.md
message_message_group_skr_001_message_group_skr_part_04,GAME_BUNDLE,messages,Messages: さくら (Part 4),messages,,skr,,,4,4,17,message-story-skr-002-001|message-story-skr-002-002|message-story-skr-002-003|message-story-skr-002-004|message-story-skr-003-001|message-story-skr-003-002|message-story-skr-003-003|message-story-skr-003-004|message-story-skr-004-001|message-story-skr-004-002|message-story-skr-004-003|message-story-skr-004-004|message-story-skr-005-001|message-story-skr-005-002|message-story-skr-005-003|message-story-skr-005-004|message-suntory-skr-22-1101,1,skr,14675,338,TEXTURE,PROVISIONAL_PASS_A,"Pass-A default for messages; high value for voice/social rhythm, with escalation possible for consequential evidence.",ordinary life / voice / social rhythm / relationship texture,NO,,,,NO,,NO,UNASSESSED,UNASSESSED,CATALOGUED_PASS_A,IP-V2-SNAPSHOT-2026-08-13-A,idoly-ingest/07_messages/by_group/message_group_skr/message_message_group_skr_001_message_group_skr_part_04.md
message_message_group_smr_001_message_group_smr_part_01,GAME_BUNDLE,messages,Messages: すみれ (Part 1),messages,,smr,,,1,4,21,message-card-smr-05-fest-00|message-card-smr-05-fest-03|message-card-smr-05-fest-04|message-card-smr-05-frut-00|message-card-smr-05-idol-00|message-card-smr-05-idol-04|message-card-smr-05-jwel-00|message-card-smr-05-magi-00|message-card-smr-05-maid-00|message-card-smr-05-mizg-01|message-card-smr-05-mizg-02|message-card-smr-05-newy-00|message-card-smr-05-nurs-00|message-card-smr-05-pajm-00|message-card-smr-05-seik-00|message-card-smr-05-xmas-00|message-hbd-smr-22-0505|message-hbd-smr-23-0505|message-hbd-smr-24-0505|message-hbd-smr-25-0505|message-hbd-smr-26-0505,1,smr,21924,565,TEXTURE,PROVISIONAL_PASS_A,"Pass-A default for messages; high value for voice/social rhythm, with escalation possible for consequential evidence.",ordinary life / voice / social rhythm / relationship texture,NO,,,,NO,,NO,UNASSESSED,UNASSESSED,CATALOGUED_PASS_A,IP-V2-SNAPSHOT-2026-08-13-A,idoly-ingest/07_messages/by_group/message_group_smr/message_message_group_smr_001_message_group_smr_part_01.md
message_message_group_smr_001_message_group_smr_part_02,GAME_BUNDLE,messages,Messages: すみれ (Part 2),messages,,smr,,,2,4,30,message-instant-smr-00001|message-instant-smr-00002|message-instant-smr-00003|message-instant-smr-00004|message-instant-smr-00005|message-instant-smr-00006|message-instant-smr-00007|message-instant-smr-00008|message-instant-smr-00009|message-instant-smr-00010|message-instant-smr-00011|message-instant-smr-00012|message-instant-smr-00013|message-instant-smr-00014|message-instant-smr-00015|message-instant-smr-00016|message-instant-smr-00017|message-instant-smr-00018|message-instant-smr-00019|message-instant-smr-00020|message-instant-smr-00021|message-instant-smr-00022|message-instant-smr-00023|message-instant-smr-00024|message-instant-smr-00025|message-instant-smr-00026|message-instant-smr-00027|message-instant-smr-00028|message-instant-smr-00029|message-instant-smr-00030,1,smr,19841,461,TEXTURE,PROVISIONAL_PASS_A,"Pass-A default for messages; high value for voice/social rhythm, with escalation possible for consequential evidence.",ordinary life / voice / social rhythm / relationship texture,NO,,,,NO,,NO,UNASSESSED,UNASSESSED,CATALOGUED_PASS_A,IP-V2-SNAPSHOT-2026-08-13-A,idoly-ingest/07_messages/by_group/message_group_smr/message_message_group_smr_001_message_group_smr_part_02.md
message_message_group_smr_001_message_group_smr_part_03,GAME_BUNDLE,messages,Messages: すみれ (Part 3),messages,,smr,,,3,4,23,message-instant-smr-00031|message-instant-smr-00032|message-instant-smr-00033|message-instant-smr-00034|message-instant-smr-00035|message-instant-smr-00036|message-instant-smr-00037|message-instant-smr-00038|message-instant-smr-00039|message-instant-smr-00040|message-instant-smr-00041|message-instant-smr-00042|message-story-smr-000-001|message-story-smr-000-002|message-story-smr-000-003|message-story-smr-000-004|message-story-smr-001-001|message-story-smr-001-002|message-story-smr-001-003|message-story-smr-001-004|message-story-smr-002-001|message-story-smr-002-002|message-story-smr-002-003,1,smr,21311,523,TEXTURE,PROVISIONAL_PASS_A,"Pass-A default for messages; high value for voice/social rhythm, with escalation possible for consequential evidence.",ordinary life / voice / social rhythm / relationship texture,NO,,,,NO,,NO,UNASSESSED,UNASSESSED,CATALOGUED_PASS_A,IP-V2-SNAPSHOT-2026-08-13-A,idoly-ingest/07_messages/by_group/message_group_smr/message_message_group_smr_001_message_group_smr_part_03.md
message_message_group_smr_001_message_group_smr_part_04,GAME_BUNDLE,messages,Messages: すみれ (Part 4),messages,,smr,,,4,4,14,message-story-smr-002-004|message-story-smr-003-001|message-story-smr-003-002|message-story-smr-003-003|message-story-smr-003-004|message-story-smr-004-001|message-story-smr-004-002|message-story-smr-004-003|message-story-smr-004-004|message-story-smr-005-001|message-story-smr-005-002|message-story-smr-005-003|message-story-smr-005-004|message-suntory-smr-22-0630,1,smr,13496,343,TEXTURE,PROVISIONAL_PASS_A,"Pass-A default for messages; high value for voice/social rhythm, with escalation possible for consequential evidence.",ordinary life / voice / social rhythm / relationship texture,NO,,,,NO,,NO,UNASSESSED,UNASSESSED,CATALOGUED_PASS_A,IP-V2-SNAPSHOT-2026-08-13-A,idoly-ingest/07_messages/by_group/message_group_smr/message_message_group_smr_001_message_group_smr_part_04.md
message_message_group_suz_001_message_group_suz_part_01,GAME_BUNDLE,messages,Messages: すず (Part 1),messages,,suz,,,1,4,22,message-card-suz-05-alic-00|message-card-suz-05-angl-00|message-card-suz-05-anml-00|message-card-suz-05-fest-02|message-card-suz-05-goch-00|message-card-suz-05-idol-00|message-card-suz-05-kion-00|message-card-suz-05-link-00|message-card-suz-05-mizg-01|message-card-suz-05-msic-00|message-card-suz-05-onep-00-01|message-card-suz-05-onep-00-02|message-card-suz-05-pair-00|message-card-suz-05-seik-00|message-card-suz-05-wedd-00|message-card-suz-05-xmas-00|message-hbd-suz-21-0913|message-hbd-suz-22-0913|message-hbd-suz-23-0913|message-hbd-suz-24-0913|message-hbd-suz-25-0913|message-instant-suz-00001,1,suz,22430,592,TEXTURE,PROVISIONAL_PASS_A,"Pass-A default for messages; high value for voice/social rhythm, with escalation possible for consequential evidence.",ordinary life / voice / social rhythm / relationship texture,NO,,,,NO,,NO,UNASSESSED,UNASSESSED,CATALOGUED_PASS_A,IP-V2-SNAPSHOT-2026-08-13-A,idoly-ingest/07_messages/by_group/message_group_suz/message_message_group_suz_001_message_group_suz_part_01.md
message_message_group_suz_001_message_group_suz_part_02,GAME_BUNDLE,messages,Messages: すず (Part 2),messages,,suz,,,2,4,28,message-instant-suz-00002|message-instant-suz-00003|message-instant-suz-00004|message-instant-suz-00005|message-instant-suz-00006|message-instant-suz-00007|message-instant-suz-00008|message-instant-suz-00009|message-instant-suz-00010|message-instant-suz-00011|message-instant-suz-00012|message-instant-suz-00013|message-instant-suz-00014|message-instant-suz-00015|message-instant-suz-00016|message-instant-suz-00017|message-instant-suz-00018|message-instant-suz-00019|message-instant-suz-00020|message-instant-suz-00021|message-instant-suz-00022|message-instant-suz-00023|message-instant-suz-00024|message-instant-suz-00025|message-instant-suz-00026|message-instant-suz-00027|message-instant-suz-00028|message-instant-suz-00029,1,suz,20134,476,TEXTURE,PROVISIONAL_PASS_A,"Pass-A default for messages; high value for voice/social rhythm, with escalation possible for consequential evidence.",ordinary life / voice / social rhythm / relationship texture,NO,,,,NO,,NO,UNASSESSED,UNASSESSED,CATALOGUED_PASS_A,IP-V2-SNAPSHOT-2026-08-13-A,idoly-ingest/07_messages/by_group/message_group_suz/message_message_group_suz_001_message_group_suz_part_02.md
message_message_group_suz_001_message_group_suz_part_03,GAME_BUNDLE,messages,Messages: すず (Part 3),messages,,suz,,,3,4,22,message-instant-suz-00030|message-instant-suz-00031|message-instant-suz-00032|message-instant-suz-00033|message-instant-suz-00034|message-instant-suz-00035|message-instant-suz-00036|message-instant-suz-00037|message-instant-suz-00038|message-instant-suz-00039|message-instant-suz-00040|message-instant-suz-00041|message-instant-suz-00042|message-story-suz-000-001|message-story-suz-000-002|message-story-suz-000-003|message-story-suz-000-004|message-story-suz-001-001|message-story-suz-001-002|message-story-suz-001-003|message-story-suz-001-004|message-story-suz-002-001,1,suz,22187,620,TEXTURE,PROVISIONAL_PASS_A,"Pass-A default for messages; high value for voice/social rhythm, with escalation possible for consequential evidence.",ordinary life / voice / social rhythm / relationship texture,NO,,,,NO,,NO,UNASSESSED,UNASSESSED,CATALOGUED_PASS_A,IP-V2-SNAPSHOT-2026-08-13-A,idoly-ingest/07_messages/by_group/message_group_suz/message_message_group_suz_001_message_group_suz_part_03.md
message_message_group_suz_001_message_group_suz_part_04,GAME_BUNDLE,messages,Messages: すず (Part 4),messages,,suz,,,4,4,16,message-story-suz-002-002|message-story-suz-002-003|message-story-suz-002-004|message-story-suz-003-001|message-story-suz-003-002|message-story-suz-003-003|message-story-suz-003-004|message-story-suz-004-001|message-story-suz-004-002|message-story-suz-004-003|message-story-suz-004-004|message-story-suz-005-001|message-story-suz-005-002|message-story-suz-005-003|message-story-suz-005-004|message-suntory-suz-22-1004,1,suz,15086,382,TEXTURE,PROVISIONAL_PASS_A,"Pass-A default for messages; high value for voice/social rhythm, with escalation possible for consequential evidence.",ordinary life / voice / social rhythm / relationship texture,NO,,,,NO,,NO,UNASSESSED,UNASSESSED,CATALOGUED_PASS_A,IP-V2-SNAPSHOT-2026-08-13-A,idoly-ingest/07_messages/by_group/message_group_suz/message_message_group_suz_001_message_group_suz_part_04.md
message_message_group_szk_001_message_group_szk_part_01,GAME_BUNDLE,messages,Messages: 雫 (Part 1),messages,,szk,,,1,4,23,message-card-szk-05-alic-00|message-card-szk-05-angl-00|message-card-szk-05-chna-00|message-card-szk-05-goch-00|message-card-szk-05-idol-00|message-card-szk-05-link-00|message-card-szk-05-mizg-03|message-card-szk-05-pajm-00|message-card-szk-05-rock-00|message-card-szk-05-sail-00|message-card-szk-05-snro-00|message-card-szk-05-yukt-00|message-card-szk-05-yuru-00-01|message-card-szk-05-yuru-00-02|message-hbd-szk-21-1015|message-hbd-szk-22-1015|message-hbd-szk-23-1015|message-hbd-szk-24-1015|message-hbd-szk-25-1015|message-instant-szk-00001|message-instant-szk-00002|message-instant-szk-00003|message-instant-szk-00004,1,szk,21945,607,TEXTURE,PROVISIONAL_PASS_A,"Pass-A default for messages; high value for voice/social rhythm, with escalation possible for consequential evidence.",ordinary life / voice / social rhythm / relationship texture,NO,,,,NO,,NO,UNASSESSED,UNASSESSED,CATALOGUED_PASS_A,IP-V2-SNAPSHOT-2026-08-13-A,idoly-ingest/07_messages/by_group/message_group_szk/message_message_group_szk_001_message_group_szk_part_01.md
message_message_group_szk_001_message_group_szk_part_02,GAME_BUNDLE,messages,Messages: 雫 (Part 2),messages,,szk,,,2,4,27,message-instant-szk-00005|message-instant-szk-00006|message-instant-szk-00007|message-instant-szk-00008|message-instant-szk-00009|message-instant-szk-00010|message-instant-szk-00011|message-instant-szk-00012|message-instant-szk-00013|message-instant-szk-00014|message-instant-szk-00015|message-instant-szk-00016|message-instant-szk-00017|message-instant-szk-00018|message-instant-szk-00019|message-instant-szk-00020|message-instant-szk-00021|message-instant-szk-00022|message-instant-szk-00023|message-instant-szk-00024|message-instant-szk-00025|message-instant-szk-00026|message-instant-szk-00027|message-instant-szk-00028|message-instant-szk-00029|message-instant-szk-00030|message-instant-szk-00031,1,szk,20572,563,TEXTURE,PROVISIONAL_PASS_A,"Pass-A default for messages; high value for voice/social rhythm, with escalation possible for consequential evidence.",ordinary life / voice / social rhythm / relationship texture,NO,,,,NO,,NO,UNASSESSED,UNASSESSED,CATALOGUED_PASS_A,IP-V2-SNAPSHOT-2026-08-13-A,idoly-ingest/07_messages/by_group/message_group_szk/message_message_group_szk_001_message_group_szk_part_02.md
message_message_group_szk_001_message_group_szk_part_03,GAME_BUNDLE,messages,Messages: 雫 (Part 3),messages,,szk,,,3,4,24,message-instant-szk-00032|message-instant-szk-00033|message-instant-szk-00034|message-instant-szk-00035|message-instant-szk-00036|message-instant-szk-00037|message-instant-szk-00038|message-instant-szk-00039|message-instant-szk-00040|message-instant-szk-00041|message-instant-szk-00042|message-story-szk-000-001|message-story-szk-000-002|message-story-szk-000-003|message-story-szk-000-004|message-story-szk-001-001|message-story-szk-001-002|message-story-szk-001-003|message-story-szk-001-004|message-story-szk-002-001|message-story-szk-002-002|message-story-szk-002-003|message-story-szk-002-004|message-story-szk-003-001,1,szk,20726,564,TEXTURE,PROVISIONAL_PASS_A,"Pass-A default for messages; high value for voice/social rhythm, with escalation possible for consequential evidence.",ordinary life / voice / social rhythm / relationship texture,NO,,,,NO,,NO,UNASSESSED,UNASSESSED,CATALOGUED_PASS_A,IP-V2-SNAPSHOT-2026-08-13-A,idoly-ingest/07_messages/by_group/message_group_szk/message_message_group_szk_001_message_group_szk_part_03.md
message_message_group_szk_001_message_group_szk_part_04,GAME_BUNDLE,messages,Messages: 雫 (Part 4),messages,,szk,,,4,4,12,message-story-szk-003-002|message-story-szk-003-003|message-story-szk-003-004|message-story-szk-004-001|message-story-szk-004-002|message-story-szk-004-003|message-story-szk-004-004|message-story-szk-005-001|message-story-szk-005-002|message-story-szk-005-003|message-story-szk-005-004|message-suntory-szk-22-1101,1,szk,12012,314,TEXTURE,PROVISIONAL_PASS_A,"Pass-A default for messages; high value for voice/social rhythm, with escalation possible for consequential evidence.",ordinary life / voice / social rhythm / relationship texture,NO,,,,NO,,NO,UNASSESSED,UNASSESSED,CATALOGUED_PASS_A,IP-V2-SNAPSHOT-2026-08-13-A,idoly-ingest/07_messages/by_group/message_group_szk/message_message_group_szk_001_message_group_szk_part_04.md
message_message_group_vns_001_message_group_vns,GAME_BUNDLE,messages,Messages: VENUS事務局,messages,,vns,,,1,1,17,message-vns-function-accessory-enhance|message-vns-function-activity-fan-event|message-vns-function-activity-promotion|message-vns-function-activity-refresh|message-vns-function-card-reset|message-vns-function-card-support|message-vns-function-division|message-vns-function-forum|message-vns-function-guild|message-vns-function-hierarchy|message-vns-function-photo-enhance|message-vns-function-photo-reroll|message-vns-function-photo-shooting|message-vns-function-pvp|message-vns-function-quest-contest|message-vns-function-quest-daily|message-vns-function-quest-tower,1,vns,6018,17,TEXTURE,PROVISIONAL_PASS_A,"Pass-A default for messages; high value for voice/social rhythm, with escalation possible for consequential evidence.",ordinary life / voice / social rhythm / relationship texture,NO,,,,NO,,NO,UNASSESSED,UNASSESSED,CATALOGUED_PASS_A,IP-V2-SNAPSHOT-2026-08-13-A,idoly-ingest/07_messages/by_group/message_group_vns/message_message_group_vns_001_message_group_vns.md
message_message_group_yu_001_message_group_yu_part_01,GAME_BUNDLE,messages,Messages: 優 (Part 1),messages,,yu,,,1,4,21,message-card-yu-05-casl-02|message-card-yu-05-chna-00|message-card-yu-05-fest-00|message-card-yu-05-fest-01|message-card-yu-05-fest-04|message-card-yu-05-idol-00|message-card-yu-05-idol-04|message-card-yu-05-jwel-00|message-card-yu-05-link-00|message-card-yu-05-mizg-01|message-card-yu-05-mizg-02|message-card-yu-05-nurs-00|message-card-yu-05-ster-00|message-card-yu-05-vlnt-00|message-card-yu-05-wedd-01|message-card-yu-05-xmas-00|message-hbd-yu-22-0227|message-hbd-yu-23-0227|message-hbd-yu-24-0227|message-hbd-yu-25-0227|message-hbd-yu-26-0227,1,yu,21916,598,TEXTURE,PROVISIONAL_PASS_A,"Pass-A default for messages; high value for voice/social rhythm, with escalation possible for consequential evidence.",ordinary life / voice / social rhythm / relationship texture,NO,,,,NO,,NO,UNASSESSED,UNASSESSED,CATALOGUED_PASS_A,IP-V2-SNAPSHOT-2026-08-13-A,idoly-ingest/07_messages/by_group/message_group_yu/message_message_group_yu_001_message_group_yu_part_01.md
message_message_group_yu_001_message_group_yu_part_02,GAME_BUNDLE,messages,Messages: 優 (Part 2),messages,,yu,,,2,4,23,message-instant-yu-00001|message-instant-yu-00002|message-instant-yu-00003|message-instant-yu-00004|message-instant-yu-00005|message-instant-yu-00006|message-instant-yu-00007|message-instant-yu-00008|message-instant-yu-00009|message-instant-yu-00010|message-instant-yu-00011|message-instant-yu-00012|message-instant-yu-00013|message-instant-yu-00014|message-instant-yu-00015|message-instant-yu-00016|message-instant-yu-00017|message-instant-yu-00018|message-instant-yu-00019|message-instant-yu-00020|message-instant-yu-00021|message-instant-yu-00022|message-instant-yu-00023,1,yu,21674,538,TEXTURE,PROVISIONAL_PASS_A,"Pass-A default for messages; high value for voice/social rhythm, with escalation possible for consequential evidence.",ordinary life / voice / social rhythm / relationship texture,NO,,,,NO,,NO,UNASSESSED,UNASSESSED,CATALOGUED_PASS_A,IP-V2-SNAPSHOT-2026-08-13-A,idoly-ingest/07_messages/by_group/message_group_yu/message_message_group_yu_001_message_group_yu_part_02.md
message_message_group_yu_001_message_group_yu_part_03,GAME_BUNDLE,messages,Messages: 優 (Part 3),messages,,yu,,,3,4,25,message-instant-yu-00024|message-instant-yu-00025|message-instant-yu-00026|message-instant-yu-00027|message-instant-yu-00028|message-instant-yu-00029|message-instant-yu-00030|message-instant-yu-00031|message-instant-yu-00032|message-instant-yu-00033|message-instant-yu-00034|message-instant-yu-00035|message-instant-yu-00036|message-instant-yu-00037|message-instant-yu-00038|message-instant-yu-00039|message-instant-yu-00040|message-instant-yu-00041|message-instant-yu-00042|message-love-yu-24-1114|message-story-yu-000-001|message-story-yu-000-002|message-story-yu-000-003|message-story-yu-000-004|message-story-yu-001-001,1,yu,21063,525,TEXTURE,PROVISIONAL_PASS_A,"Pass-A default for messages; high value for voice/social rhythm, with escalation possible for consequential evidence.",ordinary life / voice / social rhythm / relationship texture,NO,,,,NO,,NO,UNASSESSED,UNASSESSED,CATALOGUED_PASS_A,IP-V2-SNAPSHOT-2026-08-13-A,idoly-ingest/07_messages/by_group/message_group_yu/message_message_group_yu_001_message_group_yu_part_03.md
message_message_group_yu_001_message_group_yu_part_04,GAME_BUNDLE,messages,Messages: 優 (Part 4),messages,,yu,,,4,4,20,message-story-yu-001-002|message-story-yu-001-003|message-story-yu-001-004|message-story-yu-002-001|message-story-yu-002-002|message-story-yu-002-003|message-story-yu-002-004|message-story-yu-003-001|message-story-yu-003-002|message-story-yu-003-003|message-story-yu-003-004|message-story-yu-004-001|message-story-yu-004-002|message-story-yu-004-003|message-story-yu-004-004|message-story-yu-005-001|message-story-yu-005-002|message-story-yu-005-003|message-story-yu-005-004|message-suntory-yu-22-0630,1,yu,18363,450,TEXTURE,PROVISIONAL_PASS_A,"Pass-A default for messages; high value for voice/social rhythm, with escalation possible for consequential evidence.",ordinary life / voice / social rhythm / relationship texture,NO,,,,NO,,NO,UNASSESSED,UNASSESSED,CATALOGUED_PASS_A,IP-V2-SNAPSHOT-2026-08-13-A,idoly-ingest/07_messages/by_group/message_group_yu/message_message_group_yu_001_message_group_yu_part_04.md
ANIME_E01,ANIME_EPISODE,anime,IDOLY PRIDE TV Episode 01,anime,,,,,,,,,,,,,CORE,PROVISIONAL_PASS_A,Tier-A anime narrative plus indispensable audiovisual/formal evidence.,founding anime narrative / audiovisual form / performance staging,NO,,,,YES,,YES,UNASSESSED,UNASSESSED,CATALOGUED_PASS_A,IP-V2-SNAPSHOT-2026-08-13-A,conversation-upload:ep01_screenshots.zip
ANIME_E02,ANIME_EPISODE,anime,IDOLY PRIDE TV Episode 02,anime,,,,,,,,,,,,,CORE,PROVISIONAL_PASS_A,Tier-A anime narrative plus indispensable audiovisual/formal evidence.,founding anime narrative / audiovisual form / performance staging,NO,,,,YES,,YES,UNASSESSED,UNASSESSED,CATALOGUED_PASS_A,IP-V2-SNAPSHOT-2026-08-13-A,conversation-upload:ep02_screenshots.zip
ANIME_E03,ANIME_EPISODE,anime,IDOLY PRIDE TV Episode 03,anime,,,,,,,,,,,,,CORE,PROVISIONAL_PASS_A,Tier-A anime narrative plus indispensable audiovisual/formal evidence.,founding anime narrative / audiovisual form / performance staging,NO,,,,YES,,YES,UNASSESSED,UNASSESSED,CATALOGUED_PASS_A,IP-V2-SNAPSHOT-2026-08-13-A,conversation-upload:ep03_screenshots.zip
ANIME_E04,ANIME_EPISODE,anime,IDOLY PRIDE TV Episode 04,anime,,,,,,,,,,,,,CORE,PROVISIONAL_PASS_A,Tier-A anime narrative plus indispensable audiovisual/formal evidence.,founding anime narrative / audiovisual form / performance staging,NO,,,,YES,,YES,UNASSESSED,UNASSESSED,CATALOGUED_PASS_A,IP-V2-SNAPSHOT-2026-08-13-A,conversation-upload:ep04_screenshots.zip
ANIME_E05,ANIME_EPISODE,anime,IDOLY PRIDE TV Episode 05,anime,,,,,,,,,,,,,CORE,PROVISIONAL_PASS_A,Tier-A anime narrative plus indispensable audiovisual/formal evidence.,founding anime narrative / audiovisual form / performance staging,NO,,,,YES,,YES,UNASSESSED,UNASSESSED,CATALOGUED_PASS_A,IP-V2-SNAPSHOT-2026-08-13-A,conversation-upload:ep05_screenshots.zip
ANIME_E06,ANIME_EPISODE,anime,IDOLY PRIDE TV Episode 06,anime,,,,,,,,,,,,,CORE,PROVISIONAL_PASS_A,Tier-A anime narrative plus indispensable audiovisual/formal evidence.,founding anime narrative / audiovisual form / performance staging,NO,,,,YES,,YES,UNASSESSED,UNASSESSED,CATALOGUED_PASS_A,IP-V2-SNAPSHOT-2026-08-13-A,conversation-upload:ep06_screenshots.zip
ANIME_E07,ANIME_EPISODE,anime,IDOLY PRIDE TV Episode 07,anime,,,,,,,,,,,,,CORE,PROVISIONAL_PASS_A,Tier-A anime narrative plus indispensable audiovisual/formal evidence.,founding anime narrative / audiovisual form / performance staging,NO,,,,YES,,YES,UNASSESSED,UNASSESSED,CATALOGUED_PASS_A,IP-V2-SNAPSHOT-2026-08-13-A,conversation-upload:ep07_screenshots.zip
ANIME_E08,ANIME_EPISODE,anime,IDOLY PRIDE TV Episode 08,anime,,,,,,,,,,,,,CORE,PROVISIONAL_PASS_A,Tier-A anime narrative plus indispensable audiovisual/formal evidence.,founding anime narrative / audiovisual form / performance staging,NO,,,,YES,,YES,UNASSESSED,UNASSESSED,CATALOGUED_PASS_A,IP-V2-SNAPSHOT-2026-08-13-A,conversation-upload:ep08_screenshots.zip
ANIME_E09,ANIME_EPISODE,anime,IDOLY PRIDE TV Episode 09,anime,,,,,,,,,,,,,CORE,PROVISIONAL_PASS_A,Tier-A anime narrative plus indispensable audiovisual/formal evidence.,founding anime narrative / audiovisual form / performance staging,NO,,,,YES,,YES,UNASSESSED,UNASSESSED,CATALOGUED_PASS_A,IP-V2-SNAPSHOT-2026-08-13-A,conversation-upload:ep09_screenshots.zip
ANIME_E10,ANIME_EPISODE,anime,IDOLY PRIDE TV Episode 10,anime,,,,,,,,,,,,,CORE,PROVISIONAL_PASS_A,Tier-A anime narrative plus indispensable audiovisual/formal evidence.,founding anime narrative / audiovisual form / performance staging,NO,,,,YES,,YES,UNASSESSED,UNASSESSED,CATALOGUED_PASS_A,IP-V2-SNAPSHOT-2026-08-13-A,conversation-upload:ep10_screenshots.zip
ANIME_E11,ANIME_EPISODE,anime,IDOLY PRIDE TV Episode 11,anime,,,,,,,,,,,,,CORE,PROVISIONAL_PASS_A,Tier-A anime narrative plus indispensable audiovisual/formal evidence.,founding anime narrative / audiovisual form / performance staging,NO,,,,YES,,YES,UNASSESSED,UNASSESSED,CATALOGUED_PASS_A,IP-V2-SNAPSHOT-2026-08-13-A,conversation-upload:ep11_screenshots.zip
ANIME_E12,ANIME_EPISODE,anime,IDOLY PRIDE TV Episode 12,anime,,,,,,,,,,,,,CORE,PROVISIONAL_PASS_A,Tier-A anime narrative plus indispensable audiovisual/formal evidence.,founding anime narrative / audiovisual form / performance staging,NO,,,,YES,,YES,UNASSESSED,UNASSESSED,CATALOGUED_PASS_A,IP-V2-SNAPSHOT-2026-08-13-A,conversation-upload:ep12_screenshots.zip
