locator,spine_ordinal,printed_page,image_member,image_sha256,review_method,reviewer,disposition,content_summary,evidence_ids,reason,uncertainties,named_or_identified_subjects,census_note
UAG:s0001,1,,OPS/images/08X10000000062024400_cover.jpg,f79d763657f16e28cabe3735c86fed1ccbe95b67b56defd16f7ffb48f7cbb519,VISUAL_ORIGINAL_IMAGE,root,REVIEWED_NO_MATERIAL_ADDITION,Final Fanbook Ultra Age cover: armored Midoriya central; monochrome Class A portraits; Kohei Horikoshi credit.,,Title/credit and posed composition inspected; no new narrative event or body-mechanism claim inferred.,,Midoriya Izuku; Bakugo Katsuki; Uraraka Ochako; Iida Tenya; Todoroki Shoto; Yaoyorozu Momo; Shoji Mezo; Asui Tsuyu; Kirishima Eijiro; Tokoyami Fumikage,Explicitly named or visually identifiable diegetic subjects noted during original-image review; collective labels do not enumerate unshown members. Real contributors and organizations are excluded from individual counts.
UAG:s0002,2,,OPS/images/08_X10000_000062_1_dorigin_01_001.jpg,9be6febcf5f779a78cfa9071835e5263d1b5943843a399a69574e5cec1953dd7,VISUAL_ORIGINAL_IMAGE,root,REVIEWED_MATERIAL,Fiction notice; digital-distribution re-editing notice; statements identified as information at release.,SUP-UAG-002-01,Publication apparatus is not a uniform endpoint date.,,,Explicitly named or visually identifiable diegetic subjects noted during original-image review; collective labels do not enumerate unshown members. Real contributors and organizations are excluded from individual counts.
UAG:s0003,3,,OPS/images/08_X10000_000062_3_005_001.jpg,7540afe99ddb7cd9064e97e8998a6acd6e9f578bfffe326b4be412d7c8449061,VISUAL_ORIGINAL_IMAGE,root,REVIEWED_MATERIAL,Bakugo newly drawn pin-up titled “I am the final boss!!”; dynamic figure/close-up with sparks.,SUP-UAG-003-01,"Promotional bravado and composition, not a new canonical villain role or encounter.",,Bakugo Katsuki,Explicitly named or visually identifiable diegetic subjects noted during original-image review; collective labels do not enumerate unshown members. Real contributors and organizations are excluded from individual counts.
UAG:s0004,4,,OPS/images/08_X10000_000062_3_006_001.jpg,6c35472d2a001fa2af13d6b8b18e9e993cf5637b2e4bc3613e1ad76947dd77c2,VISUAL_ORIGINAL_IMAGE,root,REVIEWED_MATERIAL,"Hero Academia History right half: explicitly Midoriya-perspective selection; Quirk dawn through first school year, later winter and second-year final battle; timeline continues on5.",SUP-UAG-004-01,Every visible timeline entry and panel read; selected editorial retrospective is not direct access to all participants.,,Midoriya Izuku; All For One; Yoichi; Luminous baby; Garaki Kyudai; All Might; Shimura Nana; Sludge Villain; Gran Torino; Shigaraki Tomura; Lady Nagant; Uraraka Ochako; Star and Stripe; Aoyama Yuga; Kurogiri; Toga Himiko; Twice; Todoroki Shoto; Dabi; Bakugo Katsuki,Explicitly named or visually identifiable diegetic subjects noted during original-image review; collective labels do not enumerate unshown members. Real contributors and organizations are excluded from individual counts.
UAG:s0005,5,,OPS/images/08_X10000_000062_3_007_001.jpg,5df21bc1a486d30096305edbb10a04149b3de7af1edd0d30fc41cb79801f9b02,VISUAL_ORIGINAL_IMAGE,root,REVIEWED_MATERIAL,"History left half: camp/Kamino through war and aftermath, graduation and heading “eight years after U.A. graduation”; adult work, counseling, Shoji award and co-funded suit.",SUP-UAG-004-01; SUP-UAG-005-01,Retrospective source labels are recorded exactly. The endpoint time heading needs comparison against original V42 wording before assigning numerical ages.,,Midoriya Izuku; All Might; All For One; Bakugo Katsuki; Sir Nighteye; Eri; Gentle Criminal; La Brava; Endeavor; Hawks; Hood / High-End Nomu; Shigaraki Tomura; Dabi; Gigantomachia; Togata Mirio; Amajiki Tamaki; Hado Nejire; Aoyama Yuga; Shinso Hitoshi; Spinner; Uraraka Ochako; Shoji Mezo; Dai (visually identified boy; name not printed in this timeline),Explicitly named or visually identifiable diegetic subjects noted during original-image review; collective labels do not enumerate unshown members. Real contributors and organizations are excluded from individual counts.
UAG:s0006,6,,OPS/images/08_X10000_000062_1_008_001.jpg,8197ca240d6e521dd5829be6f82d2c482996ae2d8e0f00cf27bf3ac18142770e,VISUAL_ORIGINAL_IMAGE,root,REVIEWED_NO_MATERIAL_ADDITION,"White publisher-logo page: Jc Digital, Shueisha Jump Comics.",,Publication logo actually viewed; no character claim or omitted narrative content.,,,Explicitly named or visually identifiable diegetic subjects noted during original-image review; collective labels do not enumerate unshown members. Real contributors and organizations are excluded from individual counts.
UAG:s0007,7,,OPS/images/08_X10000_000062_1_009_001.jpg,cdbdd2318681cd10a9fdb4a8c03b7755526c4c091636e27fd9bbcda241402e68,VISUAL_ORIGINAL_IMAGE,root,REVIEWED_DUPLICATE,Monochrome cover-crop title page; Ultra Age and Horikoshi credit.,,Title apparatus and enlarged Midoriya composition duplicate s0001; no new event.,,Midoriya Izuku,Explicitly named or visually identifiable diegetic subjects noted during original-image review; collective labels do not enumerate unshown members. Real contributors and organizations are excluded from individual counts.
UAG:s0008,8,010,OPS/images/08_X10000_000062_1_010_002.jpg,1b3a91b2cced23d2c464e6b2f09af282853b8964a8b3645be84a7858c77d1b61,VISUAL_ORIGINAL_IMAGE,root,REVIEWED_MATERIAL,"Contents right page: world guide, new-hero profiles, Class A and other-student after-episodes, pro-hero profiles; printed010.",SUP-UAG-008-01,Contents provides retrieval and named-subject census only; indexed future pages have not thereby been reviewed.,,緑谷出久; 爆豪勝己; 轟焦凍; 麗日お茶子; 飯田天哉; 蛙吹梅雨; 切島鋭児郎; 芦戸三奈; 八百万百; 常闇踏陰; 上鳴電気; 耳郎響香; 青山優雅; 葉隠透; 障子目蔵; 口田甲司; 峰田実; 瀬呂範太; 尾白猿夫; 砂藤力道; 心操人使; 物間寧人; 拳藤一佳; 鉄哲徹鐵; 塩崎茨; 小森希乃子; 骨抜柔造; 角取ポニー; 取蔭切奈; 宍田獣郎太; 黒色支配; 庄田二連撃; 円場硬成; 柳レイ子; 小大唯; 回原旋; 吹出漫我; 泡瀬洋雪; 鎌切尖; 凡戸固次郎; 通形ミリオ; 天喰環; 波動ねじれ; 夜嵐イナサ; 現見ケミィ; 肉倉精児; 毛原長昌; 真堂揺; 中瓶畳; 真壁漆喰; 投擲射手次郎; 発目明; オールマイト; エンデヴァー; ホークス; イレイザー・ヘッド; スターアンドストライプ; グラントリノ; ベストジーニスト; エッジショット; プレゼント・マイク; ミルコ; リューキュウ; ファットガム; サー・ナイトアイ; Mt.レディ; シンリンカムイ; ミッドナイト; セメントス; エクトプラズム; 13号; パワーローダー; ハウンドドッグ; ブラドキング,Explicitly named or visually identifiable diegetic subjects noted during original-image review; collective labels do not enumerate unshown members. Real contributors and organizations are excluded from individual counts.
UAG:s0009,9,011,OPS/images/08_X10000_000062_1_011_002.jpg,ea6d81d0663fbec40a2de34111a5cc5484bfa30c009882c73dd91b5c30b558b0,VISUAL_ORIGINAL_IMAGE,root,REVIEWED_MATERIAL,"Contents left page: pro/villain/other-person subjects, three archive sections, polls, guest messages, reader questions, editor relay talk, newly drawn one-shot and afterword; printed011.",SUP-UAG-008-01,"Named index mentions are not substantive profile evidence. Group entries include Nomu, Cider House and Kani Kumo family; do not enumerate unshown members. Real contributors are excluded from character census.",Exact kanji/alias identity for the two small villain index names marked in the subject list awaits their individual profiles; this does not license invented Romanization. Aoyama parents is a grouped reference pending individual mapping.,根津; ウォッシュ; マジェスティック; マンダレイ; ピクシーボブ; 虎; ラグドール; マニュアル; ロックロック; クラスト; デステゴロ; ガンヘッド; Ms.ジョーク; ヨロイムシャ; エクスレス; シシド; セルキー; シリウス; バーニン; オニマー; キドウ; サラーム; ビッグレッドドット; エレクプラント; アストロ・ザ・スカイクローラー; 死柄木弔; オール・フォー・ワン; 荼毘; トガヒミコ; トゥワイス; 黒霧; Mr.コンプレス; スピナー; ギガントマキア; 殻木球大; オーバーホール; レディ・ナガン; ステイン; ジェントル・クリミナル; ラブラバ; リ・デストロ; スケプティック; 外典; キュリオス; トランペット; ヘドロ敵; 星のしもべ; エンディング; スライディン・ゴー; ゴーラン; ディクテイター; KUNIEDA; ギャシュリー（漢字表記は個別項目で照合）; 増電副隊長（漢字表記は個別項目で照合）; 食神BOY; カシ・カシコ; サンサン明太; タジマ; ミイラ; キメラ; スライス; ナイン; 不和真綿; 甲矢有弓; 普良巣舞奈; 蹴上露今努; 枡駒子; 永白風統; 出水洸汰; 壊理; 一般女性; 緑谷引子; 爆豪勝; 爆豪光己; 青山の両親; みっくん; ともちゃん; ダイ君; 障子が救けた女の子; ロディ・ソウル; 島乃真幌; 島乃活真; 塚内直正; イーサン・ドライブ; メリッサ・シールド; ティモシー・アグバー; 珠葦萌胡; メリル・ホープ; 車田運転丸; 八木俊江; 吉田竜; 手裏剣頭のおじさん; オールマイトTシャツの青年; 照元光輝,"Explicitly named or visually identifiable diegetic subjects noted during original-image review; collective labels do not enumerate unshown members. Real contributors and organizations are excluded from individual counts. Business-student names reconciled against profile s0098 and reviewer detail crops; these were transcription corrections, not differing source identities."
UAG:s0010,10,012,OPS/images/08_X10000_000062_1_012_001.jpg,a0f89b90e04dc545ca81d5545fbf8342b9261c38c4bf5a968090ccf32cc5ec79,VISUAL_ORIGINAL_IMAGE,root,REVIEWED_MATERIAL,World Guide I: public-news account of luminous baby; roughly80% Quirk prevalence; manifestation/registration; Quirkless discrimination; vigilante roots; mother/child origin of the term Quirk.,SUP-UAG-010-01; SUP-UAG-010-02,,,Luminous baby; Midoriya Izuku; Garaki Kyudai; Mother of Quirks (unnamed woman); Mother of Quirks child (unnamed); Yotsubashi Rikiya (Re-Destro),Explicitly named or visually identifiable diegetic subjects noted during original-image review; collective labels do not enumerate unshown members. Real contributors and organizations are excluded from individual counts.
UAG:s0011,11,013,OPS/images/08_X10000_000062_1_013_001.jpg,97dc9b18fda1cf6b30f9911adef30bfee01480e8567f934ba0013b98fbf62058,VISUAL_ORIGINAL_IMAGE,root,REVIEWED_MATERIAL,"Three Quirk categories and compound cases; inherited factors, Quirk marriage and singularity theory; explicit heteromorph prejudice.",SUP-UAG-011-01; SUP-UAG-011-02,,,All Might; Midoriya Izuku; Bakugo Katsuki; Uraraka Ochako; Aizawa Shota; Mt. Lady; Kirishima Eijiro; Tetsutetsu Tetsutetsu; Fat Gum; Iida Tenya; Ojiro Mashirao; Shoji Mezo; Tokoyami Fumikage; Dark Shadow; Todoroki Shoto; Geten; Garaki Kyudai,Explicitly named or visually identifiable diegetic subjects noted during original-image review; collective labels do not enumerate unshown members. Real contributors and organizations are excluded from individual counts.
UAG:s0012,12,014,OPS/images/08_X10000_000062_1_014_002.jpg,ecbd86af71f0bced013709d25c6990cd1b64b50f180c666b14e8c13ebb92aa26,VISUAL_ORIGINAL_IMAGE,root,REVIEWED_MATERIAL,"Pro heroes as licensed public profession; suppression, rescue and investigation; fame and peace rhetoric over reprinted hero ensembles.",SUP-UAG-012-01,,,Endeavor; Mirko; Eraser Head; Thirteen; Present Mic; Ryukyu; Crust; Wash; Fat Gum; Rock Lock; Manual; Snipe; Mt. Lady; Kamui Woods; Best Jeanist; All Might; Edgeshot; Gran Torino; Sir Nighteye; Tsukauchi Naomasa; Nezu,Explicitly named or visually identifiable diegetic subjects noted during original-image review; collective labels do not enumerate unshown members. Real contributors and organizations are excluded from individual counts.
UAG:s0013,13,015,OPS/images/08_X10000_000062_1_015_001.jpg,afb5346c02d36098895296e8f1bd1d96f75babe8b7b69d4e0ed8533caf0195ef,VISUAL_ORIGINAL_IMAGE,root,REVIEWED_MATERIAL,"Legal position/reward, hired sidekicks, exclusive Hero Network, Billboard metrics, permitted media work and collaborative team-ups.",SUP-UAG-013-01; SUP-UAG-013-02,,,Uraraka Ochako; Centipeder; Sir Nighteye; Hadō Nejire; Asui Tsuyu; Kamui Woods; Uwabami; Edgeshot; Mt. Lady,Explicitly named or visually identifiable diegetic subjects noted during original-image review; collective labels do not enumerate unshown members. Real contributors and organizations are excluded from individual counts.
UAG:s0014,14,016,OPS/images/08_X10000_000062_1_016_001.jpg,10a1055b1cdfcb27389614a89e5e747d0602e7dac132bebd3a735fe249f7265a,VISUAL_ORIGINAL_IMAGE,root,REVIEWED_MATERIAL,"Hero-school admission and U.A./Shiketsu; written/practical evaluation; licensing and provisional exam phases, venues, dates and thresholds.",SUP-UAG-014-01,,,Midoriya Izuku; Present Mic; All Might; Uraraka Ochako; Asui Tsuyu; Mera Yokumiru,Explicitly named or visually identifiable diegetic subjects noted during original-image review; collective labels do not enumerate unshown members. Real contributors and organizations are excluded from individual counts.
UAG:s0015,15,017,OPS/images/08_X10000_000062_1_017_001.jpg,9470993872841bfd147dbc5f0e9348bd5abec51df51341c15f60eebf4923687e,VISUAL_ORIGINAL_IMAGE,root,REVIEWED_MATERIAL,"Internship versus remedial path; graduation careers and Nighteye example; Commission oversight, licensing and rankings over manga reprints.",SUP-UAG-015-01,,,Fat Gum; Todoroki Shoto; Bakugo Katsuki; Gang Orca; Endeavor; Sir Nighteye; All Might; Midoriya Izuku; Mera Yokumiru; HPSC meeting officials (unnamed on page),Explicitly named or visually identifiable diegetic subjects noted during original-image review; collective labels do not enumerate unshown members. Real contributors and organizations are excluded from individual counts.
UAG:s0016,16,018,OPS/images/08_X10000_000062_1_018_001.jpg,d499d6f3a86ff343a1b717d16db8eafb4daae0a68cf644faa1ff8a46c539bed4,VISUAL_ORIGINAL_IMAGE,root,REVIEWED_MATERIAL,Police and hero division of powers; investigation information sharing and public Quirk-use restriction; Tartarus layout and security with breakout panel.,SUP-UAG-016-01; SUP-UAG-016-02,,,"Tsukauchi Naomasa; Endeavor; All Might; Shigaraki Tomura; Tartarus gate guards (two, names unprinted here)",Explicitly named or visually identifiable diegetic subjects noted during original-image review; collective labels do not enumerate unshown members. Real contributors and organizations are excluded from individual counts.
UAG:s0017,17,,OPS/images/08_X10000_000062_1_019_001.jpg,aab763d28360a59552726d6f987af63e3ce3dde488b12d1b858e5f29aa4d6df5,VISUAL_ORIGINAL_IMAGE,root,REVIEWED_NO_MATERIAL_ADDITION,New Hero Episode chapter divider; large Midoriya image and retrospective introduction.,,Section branding and recap invitation; no new scene or verified event date.,,Midoriya Izuku,Explicitly named or visually identifiable diegetic subjects noted during original-image review; collective labels do not enumerate unshown members. Real contributors and organizations are excluded from individual counts.
UAG:s0018,18,020,OPS/images/08_X10000_000062_1_020_001.jpg,526bbcffba780bce2f3dd8b201a57d85cbefccf7b2de925a321b97e4111a15db,VISUAL_ORIGINAL_IMAGE,root,REVIEWED_MATERIAL,"Midoriya profile: original OFA header beside school-to-adult biography; third-year professional licensing, teaching, children-facility visits, expanded-chart recognition before armor, parallel teaching/front-line return. Rescue quality statement.",SUP-UAG-018-01; SUP-UAG-018-02,,,Midoriya Izuku; All Might; All For One; Shigaraki Tomura; Class A,Explicitly named or visually identifiable diegetic subjects noted during original-image review; collective labels do not enumerate unshown members. Real contributors and organizations are excluded from individual counts.
UAG:s0019,19,021,OPS/images/08_X10000_000062_1_021_002.jpg,8082067c7d9358c5f62b32e248e83dbf75dd526773c33f6eedf2b2191fd6df0b,VISUAL_ORIGINAL_IMAGE,root,REVIEWED_MATERIAL,"Costume zeta equipment and limitations; childhood Quirklessness, All Might encounter, mother-made costume, early Bakugo training confrontation recaps.",SUP-UAG-019-01; SUP-UAG-019-02,,,Midoriya Izuku; Gran Torino; All Might; Garaki Kyudai; Midoriya Inko; Bakugo Katsuki,Explicitly named or visually identifiable diegetic subjects noted during original-image review; collective labels do not enumerate unshown members. Real contributors and organizations are excluded from individual counts.
UAG:s0020,20,,OPS/images/08_X10000_000062_1_022_001.jpg,79cb7a78fba59e4c7918e0a6e9b02ab3a4aeb0826a8116900a064f6a9f447925,VISUAL_ORIGINAL_IMAGE,root,REVIEWED_MATERIAL,"USJ, Gran Torino control, Hosu, forest camp and Kamino recaps; beta repairs and Hatsume-prompted Shoot Style. Hosu editorial text calls Stain allied with League.",SUP-UAG-020-01; SUP-UAG-020-02,,Printed folio not visible; no ordinal-derived folio assigned.,Midoriya Izuku; All Might; Gran Torino; Stain; Bakugo Katsuki; Hatsume Mei; All For One; Iida Tenya; Kirishima Eijiro; Yaoyorozu Momo; Todoroki Shoto; Muscular; USJ Nomu; League of Villains (collective recap),Explicitly named or visually identifiable diegetic subjects noted during original-image review; collective labels do not enumerate unshown members. Real contributors and organizations are excluded from individual counts.
UAG:s0021,21,023,OPS/images/08_X10000_000062_1_023_001.jpg,d62220cf708f35acd7c006085794e242c2a1a07a8cb88bb5ab0517bda26e473b,VISUAL_ORIGINAL_IMAGE,root,REVIEWED_MATERIAL,"Provisional exam, second Bakugo confrontation/guilt and8% discovery; costume gamma, Nighteye internship/Eri rescue, Gentle and preservation of school festival.",SUP-UAG-021-01,,,Midoriya Izuku; Bakugo Katsuki; All Might; Toga Himiko (Camie disguise in exam inset); Utsushimi Camie (impersonated identity); Sir Nighteye; Overhaul; Eri; Gentle Criminal,Explicitly named or visually identifiable diegetic subjects noted during original-image review; collective labels do not enumerate unshown members. Real contributors and organizations are excluded from individual counts.
UAG:s0022,22,,OPS/images/08_X10000_000062_1_024_001.jpg,2951ec9601a381d6e42513a149ba49b8a8742eaf11a68bf1b04e7c5593d37a83,VISUAL_ORIGINAL_IMAGE,root,REVIEWED_MATERIAL,"Blackwhip emergence with peers; Endeavor winter instruction; glove integration and full war/strategic evacuation, physical Shigaraki resists even under Erasure.",SUP-UAG-022-01,,,Midoriya Izuku; Endeavor; Bakugo Katsuki; Todoroki Shoto; Hatsume Mei; Shigaraki Tomura; All For One; Aizawa Shota,Explicitly named or visually identifiable diegetic subjects noted during original-image review; collective labels do not enumerate unshown members. Real contributors and organizations are excluded from individual counts.
UAG:s0023,23,025,OPS/images/08_X10000_000062_1_025_001.jpg,4e6fc81c9e381c80926fd5d55be28a7cd3f4c4ddc0e598a5ba7afc37ef3eab88,VISUAL_ORIGINAL_IMAGE,root,REVIEWED_MATERIAL,"Float, resistance to OFA theft, Danger Sense, suitability revelation, departure from U.A. and supported Muscular rematch; distinct power/knowledge states.",SUP-UAG-023-01,,,Midoriya Izuku; Shigaraki Tomura; All For One; Shimura Nana; Shinomori Hikage; All Might; En (Sixth OFA holder); Yoichi; Endeavor; Hawks; Best Jeanist; Dabi; Gigantomachia; Muscular; Aizawa Shota,Explicitly named or visually identifiable diegetic subjects noted during original-image review; collective labels do not enumerate unshown members. Real contributors and organizations are excluded from individual counts.
UAG:s0024,24,026,OPS/images/08_X10000_000062_1_026_001.jpg,e33d6b0dbad4d21018189edbdfd81aaf5c995a5708d5544e7ae667bb6bb393ec,VISUAL_ORIGINAL_IMAGE,root,REVIEWED_MATERIAL,"Nagant encounter, Smokescreen/Fa Jin, costume epsilon/relational keepsakes, solitary exhaustion, Class A return and Aoyama revelation.",SUP-UAG-024-01; SUP-UAG-024-02,,,Midoriya Izuku; Lady Nagant; All For One; Muscular; Gran Torino; Midoriya Inko; Bakugo Katsuki; Iida Tenya; Uraraka Ochako; Aoyama Yuga; En (Sixth OFA holder),Explicitly named or visually identifiable diegetic subjects noted during original-image review; collective labels do not enumerate unshown members. Real contributors and organizations are excluded from individual counts.
UAG:s0025,25,,OPS/images/08_X10000_000062_1_027_001.jpg,dd3799b1c469edba508956eca90acb415e8ab4fe98154deeb4b7ad1c8ccf4771,VISUAL_ORIGINAL_IMAGE,root,REVIEWED_MATERIAL,"Final confrontation; Aoyama lure, preventing Decay spread, reaching child Tenko, transfer strategy, AFO return and collective final strike; Overlay/internal Blackwhip, eta and Origin shirt designs.",SUP-UAG-025-01; SUP-UAG-025-02,,,Midoriya Izuku; Aoyama Yuga; All For One; Shigaraki Tomura / Shimura Tenko; Aizawa Shota; All Might; Bakugo Katsuki; Uraraka Ochako; Iida Tenya; Kirishima Eijiro; Todoroki Shoto; Asui Tsuyu; Mineta Minoru; Shoji Mezo,Explicitly named or visually identifiable diegetic subjects noted during original-image review; collective labels do not enumerate unshown members. Real contributors and organizations are excluded from individual counts.
UAG:s0026,26,028,OPS/images/08_X10000_000062_1_028_002.jpg,04d830c73d4d6a78ff5ed1a50cc586e32b1d2a28c74fb5816a06d4bf2dac5167,VISUAL_ORIGINAL_IMAGE,root,REVIEWED_MATERIAL,"OFA holders1–5: Yoichi/Kudo; third-holder full name, research, naming, exile/death and limited knowledge; Hikage withdrawal/18years; Banjo resistance, public inspiration and transfer-risk understanding.",SUP-UAG-026-01; SUP-UAG-026-02; SUP-UAG-026-03; SUP-UAG-026-04,,,Shigaraki Yoichi; Kudo Toshitsugu / 駆藤敏次; Bruce Lee / ブルース・リー (fictional third OFA holder); Shinomori Hikage; Banjo Daigoro / Lariat; All For One; Midoriya Izuku; Shimura Nana; Tayutai En; All Might,Explicitly named or visually identifiable diegetic subjects noted during original-image review; collective labels do not enumerate unshown members. Real contributors and organizations are excluded from individual counts.
UAG:s0027,27,,OPS/images/08_X10000_000062_1_029_002.jpg,e816bfde8fd1ef7e8fe50d245b425aa3f26b4b9dc461d90d7791a6c9f4309b81,VISUAL_ORIGINAL_IMAGE,root,REVIEWED_MATERIAL,"OFA holders6–8: En full name/mentor attachment/late disclosure/resistance team; Nana husband death and own recruitment, contingent inheritance, inference about vessels/embers; All Might parents, U.S. exile and return; inherited Quirk list.",SUP-UAG-027-01; SUP-UAG-027-02; SUP-UAG-027-03; SUP-UAG-027-04; SUP-UAG-027-05,,,"Tayutai En / 揺蕩井煙; Banjo Daigoro / Lariat; Gran Torino; Shimura Nana; Nana husband (unnamed); Shimura Kotaro; All Might / Yagi Toshinori; All Might parents (unnamed, two); All For One; Shigaraki Yoichi; Kudo Toshitsugu; Bruce Lee (fictional third OFA holder); Shinomori Hikage; Midoriya Izuku",Explicitly named or visually identifiable diegetic subjects noted during original-image review; collective labels do not enumerate unshown members. Real contributors and organizations are excluded from individual counts.
UAG:s0028,28,030,OPS/images/08_X10000_000062_1_030_002.jpg,49d154d807fe41640496a2efd7521a9e6bbbcab5b579fe472985a191558475d2,VISUAL_ORIGINAL_IMAGE,root,REVIEWED_MATERIAL,"Bakugo profile: ambition/combat insight, gradual recognition of Midoriya, Jeanist sidekick after graduation then independence; skill assessment, ranking impeded by harsh speech, team-up reputation and senior affection.",SUP-UAG-028-01,,,Bakugo Katsuki; Midoriya Izuku; All Might; Best Jeanist; Togata Mirio,Explicitly named or visually identifiable diegetic subjects noted during original-image review; collective labels do not enumerate unshown members. Real contributors and organizations are excluded from individual counts.
UAG:s0029,29,031,OPS/images/08_X10000_000062_1_031_001.jpg,084e4e3f09bea4e400ca1de77b1225ce16688eae471023f974a179064c914ecf,VISUAL_ORIGINAL_IMAGE,root,REVIEWED_MATERIAL,"CostumeIII thermal/stored-sweat equipment and transferable BN grenades; childhood resentment of Quirkless equal treatment, fear of Midoriya growth and Shoto competition.",SUP-UAG-029-01; SUP-UAG-029-02,,,Bakugo Katsuki; Midoriya Izuku; All Might; Todoroki Shoto; Sludge Villain,Explicitly named or visually identifiable diegetic subjects noted during original-image review; collective labels do not enumerate unshown members. Real contributors and organizations are excluded from individual counts.
UAG:s0030,30,032,OPS/images/08_X10000_000062_1_032_001.jpg,3d27cc94d5539cb6b4582f8250f4af81bd59c5946fb710415d8777547ed952a5,VISUAL_ORIGINAL_IMAGE,root,REVIEWED_MATERIAL,"Jeanist work-experience correction with rhetorical question; hero-name lesson; reluctantly cooperating with Midoriya against All Might, sacrifice and success; Kamino refusal/rescue and initial recognition of All Might message.",SUP-UAG-030-01,,,Bakugo Katsuki; Best Jeanist; All Might; Midoriya Izuku; All For One; Shigaraki Tomura,Explicitly named or visually identifiable diegetic subjects noted during original-image review; collective labels do not enumerate unshown members. Real contributors and organizations are excluded from individual counts.
UAG:s0031,31,033,OPS/images/08_X10000_000062_1_033_001.jpg,ef4f721c157398ac38544358d7e1a93ac52648e7da3080988ea733fd637ef6ad,VISUAL_ORIGINAL_IMAGE,root,REVIEWED_MATERIAL,"Second fight, remedial children encounter, Joint Training teamwork and winter internship; curated insulting nickname list including peers/pros/villains and rejected own names.",SUP-UAG-031-01; SUP-UAG-031-02,,,Bakugo Katsuki; Midoriya Izuku; Todoroki Shoto; Uraraka Ochako; Iida Tenya; Kirishima Eijiro; Hawks; Best Jeanist; Mirko; Shigaraki Tomura; All For One; Kurogiri; Midnight; Gang Orca; Yoarashi Inasa; Utsushimi Camie; Endeavor; Todoroki Natsuo; Kamakiri Togaru; Awase Yosetsu; Jiro Kyoka; Sero Hanta; Sato Rikido; Masegaki proud boy (unnamed here),Explicitly named or visually identifiable diegetic subjects noted during original-image review; collective labels do not enumerate unshown members. Real contributors and organizations are excluded from individual counts.
UAG:s0032,32,034,OPS/images/08_X10000_000062_1_034_001.jpg,b251142b59d562ad768ed0ddef552b38cd46b364757ad0e59b8597e621c2a750,VISUAL_ORIGINAL_IMAGE,root,REVIEWED_MATERIAL,"Ordinary cooking and drumming compilation; first-war instinctive shielding/injury/changed Quirk feeling; hero-name reception; locating Midoriya, apology and shared rescue/win resolve.",SUP-UAG-032-01; SUP-UAG-032-02,,,Bakugo Katsuki; Kirishima Eijiro; Todoroki Shoto; Kaminari Denki; Jiro Kyoka; Sato Rikido; Mineta Minoru; Midoriya Izuku; Best Jeanist; Iida Tenya; Hadō Nejire; Mr. Compress; Spinner; Togata Mirio; Dabi; Gigantomachia; All Might; Shigaraki Tomura,Explicitly named or visually identifiable diegetic subjects noted during original-image review; collective labels do not enumerate unshown members. Real contributors and organizations are excluded from individual counts.
UAG:s0033,33,035,OPS/images/08_X10000_000062_1_035_001.jpg,c199a8797170a7e8190c21210b7e6b6c33e47596bbae298f7c86fc6ed0741f9a,VISUAL_ORIGINAL_IMAGE,root,REVIEWED_MATERIAL,"Second final battle: facial/right-arm injury, momentary change and apparent death, Edgeshot/Quirk resuscitation, All Might rescue, AFO fight and exhausted final support for Midoriya.",SUP-UAG-033-01,,,Bakugo Katsuki; Midoriya Izuku; Shigaraki Tomura; Best Jeanist; Edgeshot; All Might; All For One,Explicitly named or visually identifiable diegetic subjects noted during original-image review; collective labels do not enumerate unshown members. Real contributors and organizations are excluded from individual counts.
UAG:s0034,34,036,OPS/images/08_X10000_000062_1_036_001.jpg,7ce0067f255f0cf930aaf81c35ad3c9f54dcf3e821359bfdac10d49ec0905099,VISUAL_ORIGINAL_IMAGE,root,REVIEWED_MATERIAL,Shoto profile adds continuing annual festival attendance and ice castles/slides for children; past-facing hero aspiration and Endeavor-derived technique.,SUP-UAG-034-01,,,Todoroki Shoto; Endeavor,Explicitly named or visually identifiable diegetic subjects noted during original-image review; collective labels do not enumerate unshown members. Real contributors and organizations are excluded from individual counts.
UAG:s0035,35,037,OPS/images/08_X10000_000062_1_037_001.jpg,32c2734b2423fecb0fa578f720c569181249a765e3afa21e11dd356a7289906e,VISUAL_ORIGINAL_IMAGE,root,REVIEWED_MATERIAL,"Gamma costume temperature regulation, compression supports and first-aid belt; age-five imposed training, denied sibling play, All Might admiration, Toya/parental conflict and Rei injury recaps.",SUP-UAG-035-01; SUP-UAG-035-02,,,Todoroki Shoto; Endeavor; Todoroki Rei; Todoroki Toya / Dabi; All Might; Todoroki siblings,Explicitly named or visually identifiable diegetic subjects noted during original-image review; collective labels do not enumerate unshown members. Real contributors and organizations are excluded from individual counts.
UAG:s0036,36,,OPS/images/08_X10000_000062_1_038_001.jpg,b1afceffa9ad662eb3ce9d96eb5094ca8792451f792168ad5ceacbd1f045685c,VISUAL_ORIGINAL_IMAGE,root,REVIEWED_MATERIAL,"Sports-festival recovered dream and visiting Rei; Endeavor work experience without excusing conduct, identification with Iida in Hosu; failure to save Bakugo at camp and later rescue resolve.",SUP-UAG-036-01,,,Todoroki Shoto; Midoriya Izuku; Todoroki Rei; Endeavor; Iida Tenya; Stain; Bakugo Katsuki; Dabi,Explicitly named or visually identifiable diegetic subjects noted during original-image review; collective labels do not enumerate unshown members. Real contributors and organizations are excluded from individual counts.
UAG:s0037,37,039,OPS/images/08_X10000_000062_1_039_001.jpg,bc6466ef0bea1b9a7e563b082d29d6065019226ac218b09ea114f192f80f7b08,VISUAL_ORIGINAL_IMAGE,root,REVIEWED_MATERIAL,Inasa rivalry and remedial perspective; Joint Training recalls imposed technique; winter internship explicitly separates learning from fatherly familiarity.,SUP-UAG-037-01,,,Todoroki Shoto; Yoarashi Inasa; Bakugo Katsuki; Utsushimi Camie; Gang Orca; Endeavor; Tokoyami Fumikage; Tetsutetsu Tetsutetsu; Tsunotori Pony; Honenuki Juzo; Kaibara Sen; Iida Tenya; Ojiro Mashirao; Shoji Mezo,Explicitly named or visually identifiable diegetic subjects noted during original-image review; collective labels do not enumerate unshown members. Real contributors and organizations are excluded from individual counts.
UAG:s0038,38,040,OPS/images/08_X10000_000062_1_040_001.jpg,1e81a7d435b464cce5caf3c01c948078ee07dc6d21bf859c3aae9334749a581c,VISUAL_ORIGINAL_IMAGE,root,REVIEWED_MATERIAL,"Natural literal-minded comic selection and sincere curse concern; war/Aizawa rescue/Dabi identity, helping grieving Endeavor and offering to share Midoriya responsibility.",SUP-UAG-038-01; SUP-UAG-038-02,,,Todoroki Shoto; Mt. Lady; Mineta Minoru; Kirishima Eijiro; Midoriya Izuku; Iida Tenya; Bakugo Katsuki; Aizawa Shota; Shigaraki Tomura; Dabi; Endeavor,Explicitly named or visually identifiable diegetic subjects noted during original-image review; collective labels do not enumerate unshown members. Real contributors and organizations are excluded from individual counts.
UAG:s0039,39,041,OPS/images/08_X10000_000062_1_041_001.jpg,36b4bd8752e75c6fc3646cdd1806195ad5717ab721f45cb6b88f6f6a02e7e2e4,VISUAL_ORIGINAL_IMAGE,root,REVIEWED_MATERIAL,"Final Dabi confrontation: own/family purposes, Class A belonging and Phosphor; Dabi resists; All Might encouragement and Iida transport enable last intervention, then exhausted final support.",SUP-UAG-039-01,,,Todoroki Shoto; Dabi; Endeavor; Todoroki Rei; Todoroki Fuyumi; Todoroki Natsuo; Iida Tenya; All Might; Midoriya Izuku; Class A,Explicitly named or visually identifiable diegetic subjects noted during original-image review; collective labels do not enumerate unshown members. Real contributors and organizations are excluded from individual counts.
UAG:s0040,40,042,OPS/images/08_X10000_000062_1_042_001.jpg,eafa15292b3f8719c604cd5ec710cc2016455aca9109d1628e3f8d91fbb34147,VISUAL_ORIGINAL_IMAGE,root,REVIEWED_MATERIAL,"Ochako profile: financial origin, respected by seniors/juniors, adult cooperation, remittances untouched by parents; rescue ethic extends toward enemies and heroes.",SUP-UAG-040-01,,,Uraraka Ochako; Ochako mother; Ochako father; Midoriya Izuku,Explicitly named or visually identifiable diegetic subjects noted during original-image review; collective labels do not enumerate unshown members. Real contributors and organizations are excluded from individual counts.
UAG:s0041,41,043,OPS/images/08_X10000_000062_1_043_001.jpg,165487ab132f39d8a212fe41b0e20c448652e327fe7d7ebe2c0f809741436601,VISUAL_ORIGINAL_IMAGE,root,REVIEWED_MATERIAL,"CostumeIII motion/landing/sickness support; childhood scene of hero receiving cheers, Gunhead training after Bakugo, Ryukyu/Nighteye internship and caring for heroes.",SUP-UAG-041-01; SUP-UAG-041-02,,,Uraraka Ochako; Ochako mother; Ochako father; Unnamed childhood rescue hero; Bakugo Katsuki; Gunhead; Iida Tenya; Ashido Mina; Asui Tsuyu; Ryukyu; Hadō Nejire; Sir Nighteye; Midoriya Izuku; Overhaul; Katsukame Rikiya,Explicitly named or visually identifiable diegetic subjects noted during original-image review; collective labels do not enumerate unshown members. Real contributors and organizations are excluded from individual counts.
UAG:s0042,42,044,OPS/images/08_X10000_000062_1_044_001.jpg,0a72cf6c80cb8a2713d1643b3b77744e19dc0a1b6579e8ac8d49952248d8240c,VISUAL_ORIGINAL_IMAGE,root,REVIEWED_MATERIAL,"First-war Toga encounter and failed capture, shelter speech, final-war dialogue/Zero Gravity propagation/Toga transfusion; naming Deku and mutual encouragement montage.",SUP-UAG-042-01; SUP-UAG-042-02,,,Uraraka Ochako; Toga Himiko; Asui Tsuyu; Twice (transformed/duplicated likeness); Midoriya Izuku; Bakugo Katsuki; Gigantomachia,Explicitly named or visually identifiable diegetic subjects noted during original-image review; collective labels do not enumerate unshown members. Real contributors and organizations are excluded from individual counts.
UAG:s0043,43,,OPS/images/08_X10000_000062_1_045_001.jpg,22f9aa8b2c321857551169ac22133bb4883061cd6c4de570df504d645ea4b0d6,VISUAL_ORIGINAL_IMAGE,root,REVIEWED_MATERIAL,"Iida profile: strictness and exceptions for endangered friends; inherits agency, Tensei returns through support equipment as his sidekick and is called Big Inge.",SUP-UAG-043-01,,,Iida Tenya; Iida Tensei / Big Inge; Iida hero family; Midoriya Izuku,Explicitly named or visually identifiable diegetic subjects noted during original-image review; collective labels do not enumerate unshown members. Real contributors and organizations are excluded from individual counts.
UAG:s0044,44,046,OPS/images/08_X10000_000062_1_046_001.jpg,2313a697b493253a6a29400686e5b53e40a09ebdf2d2ae0fd35e2ca6db7edf30,VISUAL_ORIGINAL_IMAGE,root,REVIEWED_MATERIAL,"MarkII helmet, engine-compatible leg equipment and improved ankle turning; brother example, robot-dance humor and revenge/Hosu arm injury.",SUP-UAG-044-01,,,Iida Tenya; Iida Tensei; Midoriya Izuku; Todoroki Shoto; Stain,Explicitly named or visually identifiable diegetic subjects noted during original-image review; collective labels do not enumerate unshown members. Real contributors and organizations are excluded from individual counts.
UAG:s0045,45,047,OPS/images/08_X10000_000062_1_047_001.jpg,37353741875e42f2c9f10f1ea128106b7380528da0f3cd498296a23718772761,VISUAL_ORIGINAL_IMAGE,root,REVIEWED_MATERIAL,"Kamino no-combat condition, engine tuning advice/Joint Training limits; collective Midoriya retrieval and transporting Shoto toward Dabi.",SUP-UAG-045-01,,,Iida Tenya; Iida Tensei; Bakugo Katsuki; Kirishima Eijiro; Midoriya Izuku; Todoroki Shoto; Dabi; Honenuki Juzo,Explicitly named or visually identifiable diegetic subjects noted during original-image review; collective labels do not enumerate unshown members. Real contributors and organizations are excluded from individual counts.
UAG:s0046,46,048,OPS/images/08_X10000_000062_1_048_001.jpg,784d0bd41ece97be4d9d8380ef2be6400b35b6a09cc60afebe187e534f2bdea2,VISUAL_ORIGINAL_IMAGE,root,REVIEWED_MATERIAL,"Asui adult agency near family and frequent U.A. guest teaching; friendship, cool judgment, early observation of Midoriya peculiarity; costume aids dark vision, grip, landing and thermoregulation.",SUP-UAG-046-01; SUP-UAG-046-02,,,Asui Tsuyu; Uraraka Ochako; Midoriya Izuku; Toga Himiko; Asui family,Explicitly named or visually identifiable diegetic subjects noted during original-image review; collective labels do not enumerate unshown members. Real contributors and organizations are excluded from individual counts.
UAG:s0047,47,049,OPS/images/08_X10000_000062_1_049_001.jpg,97a0450d84cc42bfa8ac2fefdf5234a66672496dc5042c60129fe5c257cca634,VISUAL_ORIGINAL_IMAGE,root,REVIEWED_MATERIAL,"USJ cooperation, hurt over ignored rescue warning, camouflage/scent strategy, Toga interventions and duplicate analysis; family names and anxious viewing.",SUP-UAG-047-01,,,Asui Tsuyu; Midoriya Izuku; Mineta Minoru; Bakugo Katsuki; Shinso Hitoshi; Kaminari Denki; Shishida Jurota; Uraraka Ochako; Toga Himiko; Gigantomachia; All For One; Asui Ganma; Asui Beru; Asui Satsuki; Asui Samidare,Explicitly named or visually identifiable diegetic subjects noted during original-image review; collective labels do not enumerate unshown members. Real contributors and organizations are excluded from individual counts.
UAG:s0048,48,050,OPS/images/08_X10000_000062_1_050_001.jpg,c9f8f38aeb31374430bb719d3a6175014304be8e96abf36e3ff4035482977d76,VISUAL_ORIGINAL_IMAGE,root,REVIEWED_MATERIAL,Kirishima profile adds media encouragement/popularity and sold-out manliness calendar; courage/fear explanation and gear protects both body and rescued persons.,SUP-UAG-048-01; SUP-UAG-048-02,,,Kirishima Eijiro; Fat Gum; Crimson Riot; Rappa Kendo,Explicitly named or visually identifiable diegetic subjects noted during original-image review; collective labels do not enumerate unshown members. Real contributors and organizations are excluded from individual counts.
UAG:s0049,49,051,OPS/images/08_X10000_000062_1_051_001.jpg,9e725320f0307ebec4f7ff3915adf981eb851540efdcf33c07e6a7466de83da6,VISUAL_ORIGINAL_IMAGE,root,REVIEWED_MATERIAL,"Earlier paralysis/inspiration, Bakugo rescue by trusted equal, Rappa defense, Mina/Machia anesthetic, Shinso defense and final shields; gendered dorm-room reception joke.",SUP-UAG-049-01; SUP-UAG-049-02,,,Kirishima Eijiro; Crimson Riot; Bakugo Katsuki; Midoriya Izuku; Ashido Mina; Gigantomachia; Fat Gum; Rappa Kendo; Shinso Hitoshi; All For One; Unnamed middle-school peers threatened by giant (recalled collective; number not stated),Explicitly named or visually identifiable diegetic subjects noted during original-image review; collective labels do not enumerate unshown members. Real contributors and organizations are excluded from individual counts.
UAG:s0050,50,052,OPS/images/08_X10000_000062_1_052_002.jpg,ef444de8954f41dde28048843a6b92aca90486ab7bdda4f06706919e853d2de7,VISUAL_ORIGINAL_IMAGE,root,REVIEWED_MATERIAL,Mina profile: adult popularity and dance-event appearances; fear/weakness and helping others; acid-compatible protection and mobility gear.,SUP-UAG-050-01,,,Ashido Mina,Explicitly named or visually identifiable diegetic subjects noted during original-image review; collective labels do not enumerate unshown members. Real contributors and organizations are excluded from individual counts.
UAG:s0051,51,,OPS/images/08_X10000_000062_1_053_001.jpg,349c4ded41108f4b8572f628b5aa3028507ae662815611aef9de5ecfcebb0beb,VISUAL_ORIGINAL_IMAGE,root,REVIEWED_MATERIAL,"Mina winter internship and Kirishima-inspired Acidman; Machia voice triggers paralysis, Kirishima rescues her; later maximum acid saves Mt. Lady and defeats Sludge Villain; reciprocal middle-school connection.",SUP-UAG-051-01; SUP-UAG-051-02,,,Ashido Mina; Kirishima Eijiro; Yoroi Musha; Aoyama Yuga; Hagakure Toru; Gigantomachia; Mt. Lady; Sludge Villain,Explicitly named or visually identifiable diegetic subjects noted during original-image review; collective labels do not enumerate unshown members. Real contributors and organizations are excluded from individual counts.
UAG:s0052,52,054,OPS/images/08_X10000_000062_1_054_001.jpg,ae803b94a4a577eafe3389ecbc26a470226c1e1dbdda15d98e03f350e02a27a1,VISUAL_ORIGINAL_IMAGE,root,REVIEWED_MATERIAL,Momo profile adds research contribution and international hero career; judgment/leadership evaluation and creation-compatible costume/reference binder.,SUP-UAG-052-01; SUP-UAG-052-02,,,Yaoyorozu Momo,Explicitly named or visually identifiable diegetic subjects noted during original-image review; collective labels do not enumerate unshown members. Real contributors and organizations are excluded from individual counts.
UAG:s0053,53,055,OPS/images/08_X10000_000062_1_055_001.jpg,5cdab038840928c76c4ec36949bfe0e69a8e9cd4fb331af0c899bbd957c3e804,VISUAL_ORIGINAL_IMAGE,root,REVIEWED_MATERIAL,"Momo confidence recovery, useful cooperation despite losing Joint Training, anesthetic initiative/legal worry, support-course supply work and final combat; wealth and unfamiliar group hotpot joke.",SUP-UAG-053-01; SUP-UAG-053-02,,,Yaoyorozu Momo; Todoroki Shoto; Aizawa Shota; Kendo Itsuka; Midnight; Gigantomachia; Toga Himiko; Twice (copied likeness); Midoriya Izuku; Kaminari Denki; Jiro Kyoka; Uraraka Ochako; Support-course students (group),Explicitly named or visually identifiable diegetic subjects noted during original-image review; collective labels do not enumerate unshown members. Real contributors and organizations are excluded from individual counts.
UAG:s0054,54,056,OPS/images/08_X10000_000062_1_056_001.jpg,931c5119a1568512b44a6c29818e19380f576695085ebb05ae27cb94bbce3d1c,VISUAL_ORIGINAL_IMAGE,root,REVIEWED_MATERIAL,"Tokoyami adult night-watch reputation and provisional-license examination help requested by Hawks; conditional Dark Shadow power, protective cape/first aid and myth-themed favorite accessories.",SUP-UAG-054-01; SUP-UAG-054-02,,,Tokoyami Fumikage; Dark Shadow; Hawks; Fat Gum,Explicitly named or visually identifiable diegetic subjects noted during original-image review; collective labels do not enumerate unshown members. Real contributors and organizations are excluded from individual counts.
UAG:s0055,55,,OPS/images/08_X10000_000062_1_057_001.jpg,d8c5770ac8ee13ac292194b8f9e499d85af2328c6220e8678ddd885ea7671fd2,VISUAL_ORIGINAL_IMAGE,root,REVIEWED_MATERIAL,"Tokoyami training in absent Hawks winter agency, stronger control in darkness, Hawks rescue and cooperative AFO attacks; dramatic equipment/technique naming and Aoyama room-tour joke.",SUP-UAG-055-01; SUP-UAG-055-02,,,Tokoyami Fumikage; Dark Shadow; Hawks; Fat Gum; Dabi; Jiro Kyoka; All For One; Yoarashi Inasa; Pixie-Bob; Aoyama Yuga,Explicitly named or visually identifiable diegetic subjects noted during original-image review; collective labels do not enumerate unshown members. Real contributors and organizations are excluded from individual counts.
UAG:s0056,56,058,OPS/images/08_X10000_000062_1_058_002.jpg,d84e93b85db49da0bbf25bb0f89be30b7df8df6f213d8926dfdc8c6280eb969e,VISUAL_ORIGINAL_IMAGE,root,REVIEWED_MATERIAL,Mineta profile: independent after a large arrest as Mt. Lady sidekick; criticism over DMs to female fans and popularity for grit; Midoriya influence and impact/adhesion/bleeding-concealment gear.,SUP-UAG-056-01; SUP-UAG-056-02,,,Mineta Minoru; Mt. Lady; Midoriya Izuku,Explicitly named or visually identifiable diegetic subjects noted during original-image review; collective labels do not enumerate unshown members. Real contributors and organizations are excluded from individual counts.
UAG:s0057,57,059,OPS/images/08_X10000_000062_1_059_001.jpg,e8adc21b2ad963d4298e97a8df7b631792b47cb6b400e85f0edbc35c865bb313,VISUAL_ORIGINAL_IMAGE,root,REVIEWED_MATERIAL,"Mineta competence, worry for Midnight, sincere Midoriya attachment, protecting Tokoyami and final encouragement; continuing sexual/popularity preoccupation, Iida condemnation and rhetorical editorial softening.",SUP-UAG-057-01; SUP-UAG-057-02,,,Mineta Minoru; Midnight; Sero Hanta; Yaoyorozu Momo; Iida Tenya; Midoriya Izuku; All For One; Tokoyami Fumikage; Dark Shadow; Gigantomachia; Class A (reprinted final group),Explicitly named or visually identifiable diegetic subjects noted during original-image review; collective labels do not enumerate unshown members. Real contributors and organizations are excluded from individual counts.
UAG:s0058,58,060,OPS/images/08_X10000_000062_1_060_001.jpg,7d239e62375193a94e39bff915f7602940aa26b46ac967239ab82e1321cc0a90,VISUAL_ORIGINAL_IMAGE,root,REVIEWED_MATERIAL,Kaminari adult disaster-power/infrastructure work and widely reported villain refusal to hit him; encouragement of friends and precise targeting equipment.,SUP-UAG-058-01; SUP-UAG-058-02,,,Kaminari Denki; Unnamed villain who declines to hit Chargebolt; Tokoyami Fumikage; Bakugo Katsuki; Jiro Kyoka,Explicitly named or visually identifiable diegetic subjects noted during original-image review; collective labels do not enumerate unshown members. Real contributors and organizations are excluded from individual counts.
UAG:s0059,59,,OPS/images/08_X10000_000062_1_061_001.jpg,a2c881afd9a7dcb12efa7ff95e31bf3b2664250a3c7a51770739b434dcf254a9,VISUAL_ORIGINAL_IMAGE,root,REVIEWED_MATERIAL,"Lurkers internship/team efficiency; first-war fear, electrical counter and failed Machia attack; Yanagi tends head injury; Deku friendship despite unlike interests; power supply/railgun collaboration and comic overuse limit.",SUP-UAG-059-01,,,Kaminari Denki; Sero Hanta; Mineta Minoru; Mt. Lady; Edgeshot; Kamui Woods; Paranormal Liberation Front electricity commander; Gigantomachia; Mr. Compress; Yanagi Reiko; Midoriya Izuku; Fukidashi Manga; Unnamed second/third-year electrical support students; Yaoyorozu Momo; All For One,Explicitly named or visually identifiable diegetic subjects noted during original-image review; collective labels do not enumerate unshown members. Real contributors and organizations are excluded from individual counts.
UAG:s0060,60,062,OPS/images/08_X10000_000062_1_062_001.jpg,2b429bcb8c56852ab1613a08766868873ba5a4e99801215fc8ba54494c3a2cee,VISUAL_ORIGINAL_IMAGE,root,REVIEWED_MATERIAL,"Jiro adult music activity, teaching Eri and incompletely restored left ear; festival leadership, flexible support/offense, protective clothing and amplifiers.",SUP-UAG-060-01; SUP-UAG-060-02,,,Jiro Kyoka; Jiro parents; Eri,Explicitly named or visually identifiable diegetic subjects noted during original-image review; collective labels do not enumerate unshown members. Real contributors and organizations are excluded from individual counts.
UAG:s0061,61,063,OPS/images/08_X10000_000062_1_063_001.jpg,147fe7ac2363bb9f40f01ebb9aff3f4ba046754fc7f5e8eccef6804f014a9713,VISUAL_ORIGINAL_IMAGE,root,REVIEWED_MATERIAL,"Festival leadership and teaching, Gang Orca reconnaissance training with Shoji, detecting Machia, resisting AFO for hurt friends, black jacket aid to Dark Shadow; Momo friendship and reciprocal musical exchange.",SUP-UAG-061-01; SUP-UAG-061-02,,,Jiro Kyoka; Gang Orca; Shoji Mezo; Gigantomachia; Mineta Minoru; All For One; Hawks; Aoyama Yuga; Midoriya Izuku; Tokoyami Fumikage; Dark Shadow; Yaoyorozu Momo; Kaminari Denki; Bakugo Katsuki; Class A band,Explicitly named or visually identifiable diegetic subjects noted during original-image review; collective labels do not enumerate unshown members. Real contributors and organizations are excluded from individual counts.
UAG:s0062,62,064,OPS/images/08_X10000_000062_1_064_001.jpg,9a9e98b02c2050fd9c7397e44a82ac915f45575995bb03b504285215e733fdc0,VISUAL_ORIGINAL_IMAGE: actual original file viewed with detail=original; tool may render a resized display. No OCR substitution.,models,REVIEWED_MATERIAL,"Aoyama profile, hero qualities, later judicial/license status and Omega costume; self-claimed France, guilt mask and support-device limits.",SUP-UAG-062-01; SUP-UAG-062-02,All meaningful visible text and profile/visual context reviewed; selective distinct claims retained.,,Aoyama Yuga; All For One; Aoyama's mother; Aoyama's father; Midoriya Izuku,"Individual named, role-identified or confidently visually identified diegetic subjects; aliases are not extra people and collective labels do not enumerate unshown members."
UAG:s0063,63,065,OPS/images/08_X10000_000062_1_065_001.jpg,922c32a488edf88dcae67ddabf0fc21fbacf380a67f0fec76dc3c9b3e68e11d1,VISUAL_ORIGINAL_IMAGE: actual original file viewed with detail=original; tool may render a resized display. No OCR substitution.,models,REVIEWED_MATERIAL,"Aoyama's disclosure, Aizawa's protective commitment, Yoroi Musha internship, frightened cooperation with Shinso and Midoriya, Kunieda battle and retrospective shared-quirklessness friendship.",SUP-UAG-063-01; SUP-UAG-063-02,All meaningful visible text and profile/visual context reviewed; selective distinct claims retained.,,Aoyama Yuga; Hagakure Toru; Midoriya Izuku; Aizawa Shota; Yoroi Musha; Shinso Hitoshi; All For One; Kunieda,"Individual named, role-identified or confidently visually identified diegetic subjects; aliases are not extra people and collective labels do not enumerate unshown members."
UAG:s0064,64,066,OPS/images/08_X10000_000062_1_066_001.jpg,dd0ed505fd73682b12eb5a93c5cd34d44a07102a11d5d3cb6660e92f99151adb,VISUAL_ORIGINAL_IMAGE: actual original file viewed with detail=original; tool may render a resized display. No OCR substitution.,models,REVIEWED_MATERIAL,Hagakure profile and Alpha equipment; adult professional relationship with Aoyama and publicly seen face after recurring Quirk bug.,SUP-UAG-064-01; SUP-UAG-064-02,All meaningful visible text and profile/visual context reviewed; selective distinct claims retained.,,Hagakure Toru; Aoyama Yuga; Kirishima Eijiro,"Individual named, role-identified or confidently visually identified diegetic subjects; aliases are not extra people and collective labels do not enumerate unshown members."
UAG:s0065,65,067,OPS/images/08_X10000_000062_1_067_001.jpg,54af65bf8796dd8bc186c5a3837fda21f220e0aa936aa0c1fc17d86e175653da,"VISUAL_ORIGINAL_IMAGE: actual original file viewed with detail=original; tool may render a resized display. No OCR substitution. Re-viewed original and enlarged lower-left inset to identify Asui, Kaminari and Sero; no Ojiro or Mina attribution retained.",models,REVIEWED_MATERIAL,"Hagakure's hurt over Aoyama's betrayal, internship combination, visibility embarrassment tied to invisible identity, gesture communication, festival preference and final-war refraction contributions.",SUP-UAG-065-01; SUP-UAG-065-02,All meaningful visible text and profile/visual context reviewed; selective distinct claims retained.,,Hagakure Toru; Aoyama Yuga; Aoyama's mother; Aoyama's father; Yoroi Musha; Kunieda; Fat Gum; Midoriya Izuku; Shigaraki Tomura; Asui Tsuyu; Kaminari Denki; Sero Hanta,"Individual named, role-identified or confidently visually identified diegetic subjects; aliases are not extra people and collective labels do not enumerate unshown members."
UAG:s0066,66,068,OPS/images/08_X10000_000062_1_068_001.jpg,d229b9c3f6cbe806509df74983688cf36b5082a160d22a1aeafb74117d202e88,VISUAL_ORIGINAL_IMAGE: actual original file viewed with detail=original; tool may render a resized display. No OCR substitution.,models,REVIEWED_MATERIAL,"Shoji profile, hero conviction, later Japanese-clothing preference, warm Dupli-Arms and costume; reproduced explanation that mask avoids being read as a revenger.",SUP-UAG-066-01; SUP-UAG-066-02,All meaningful visible text and profile/visual context reviewed; selective distinct claims retained.,,Shoji Mezo,"Individual named, role-identified or confidently visually identified diegetic subjects; aliases are not extra people and collective labels do not enumerate unshown members."
UAG:s0067,67,069,OPS/images/08_X10000_000062_1_069_001.jpg,a0736166f20fecfa99ba46921c7eef16f3557f3959bfdcce0396fc1717201640,VISUAL_ORIGINAL_IMAGE: actual original file viewed with detail=original; tool may render a resized display. No OCR substitution.,models,REVIEWED_MATERIAL,"Shoji's childhood rescue, persecution and chosen pride; opposition to hospital violence, Spinner comparison, war sensory work and ordinary consideration for Kaminari/Aizawa.",SUP-UAG-067-01; SUP-UAG-067-02,All meaningful visible text and profile/visual context reviewed; selective distinct claims retained.,Some small background classmates in the war and group-hug reproductions are not individually identified; collective presence is not an invented individual census.,Shoji Mezo; Unnamed girl rescued from drowning by Shoji; Spinner; Jiro Kyoka; Yaoyorozu Momo; Gigantomachia; Mt. Lady; Koda Koji; Tokoyami Fumikage; Kaminari Denki; Aizawa Shota,"Individual named, role-identified or confidently visually identified diegetic subjects; aliases are not extra people and collective labels do not enumerate unshown members."
UAG:s0068,68,070,OPS/images/08_X10000_000062_1_070_001.jpg,aca8a4d2b6474506bbba196a8451fc2d7cdfa1729b8461c18e4450cafecbed90,VISUAL_ORIGINAL_IMAGE: actual original file viewed with detail=original; tool may render a resized display. No OCR substitution.,models,REVIEWED_MATERIAL,"Koda profile, adult choice of Tentacole sidekick role, anger for valued people and costume designed for voice reach and perching raptors.",SUP-UAG-068-01; SUP-UAG-068-02,All meaningful visible text and profile/visual context reviewed; selective distinct claims retained.,,Koda Koji; Shoji Mezo,"Individual named, role-identified or confidently visually identified diegetic subjects; aliases are not extra people and collective labels do not enumerate unshown members."
UAG:s0069,69,071,OPS/images/08_X10000_000062_1_071_001.jpg,ff8a5647643db4039b64f2ea95f7aee1675e33459a48118890db6b525e9394af,VISUAL_ORIGINAL_IMAGE: actual original file viewed with detail=original; tool may render a resized display. No OCR substitution.,models,REVIEWED_MATERIAL,"Koda trains communication under Wash, evacuates humans and animals, calls Midoriya back, acts against mockery of Shoji and recalls maternal explanation of horns.",SUP-UAG-069-01,All meaningful visible text and profile/visual context reviewed; selective distinct claims retained.,Small final-battle montage classmates are not individually identified beyond clear Midoriya and Koda; this does not create extra anonymous named characters.,Koda Koji; Wash; Midoriya Izuku; Shoji Mezo; Shigaraki Tomura; Koda's mother; Koda's father; Unnamed heteromorph agitator who mocks Shoji,"Individual named, role-identified or confidently visually identified diegetic subjects; aliases are not extra people and collective labels do not enumerate unshown members."
UAG:s0070,70,072,OPS/images/08_X10000_000062_1_072_001.jpg,a0d5d0e9d21ed969c10c8ff781314e262ce3b8428d0534cc8063a0eb54bd97c2,VISUAL_ORIGINAL_IMAGE: actual original file viewed with detail=original; tool may render a resized display. No OCR substitution.,models,REVIEWED_MATERIAL,Sero profile balances sociability with mild sarcasm/envy and daily bounded effort; adult beard concern and costume/arm-extension image.,SUP-UAG-070-01; SUP-UAG-070-02,All meaningful visible text and profile/visual context reviewed; selective distinct claims retained.,,Sero Hanta; Midoriya Izuku; Kaminari Denki; Shigaraki Tomura,"Individual named, role-identified or confidently visually identified diegetic subjects; aliases are not extra people and collective labels do not enumerate unshown members."
UAG:s0071,71,073,OPS/images/08_X10000_000062_1_073_002.jpg,048f398e20a84b9913ea46c2cbd039e60d4f54b390b6c388b37eb6f7b1c25a82,VISUAL_ORIGINAL_IMAGE: actual original file viewed with detail=original; tool may render a resized display. No OCR substitution.,models,REVIEWED_MATERIAL,"Sero's winter team practice, war traps, restraint of Blackwhip and Shigaraki, friendly approaches to Bakugo/Todoroki, and explicit rejection of necessary tragedy.",SUP-UAG-071-01; SUP-UAG-071-02,All meaningful visible text and profile/visual context reviewed; selective distinct claims retained.,,Sero Hanta; Kaminari Denki; Mineta Minoru; Shiozaki Ibara; Mt. Lady; Gigantomachia; Midoriya Izuku; Shigaraki Tomura; Bakugo Katsuki; Todoroki Shoto,"Individual named, role-identified or confidently visually identified diegetic subjects; aliases are not extra people and collective labels do not enumerate unshown members."
UAG:s0072,72,074,OPS/images/08_X10000_000062_1_074_001.jpg,dc2e3889d75fb8b57b3322cb2817afab03b4ace05a01b265db5663e758963444,VISUAL_ORIGINAL_IMAGE: actual original file viewed with detail=original; tool may render a resized display. No OCR substitution.,models,REVIEWED_MATERIAL,"Ojiro profile; martial lineage from grandfather, intention to open dojo soon, calm approach with anger at injustice, and protective martial costume.",SUP-UAG-072-01,All meaningful visible text and profile/visual context reviewed; selective distinct claims retained.,,Ojiro Mashirao; Ojiro's grandfather; Midoriya Izuku,"Individual named, role-identified or confidently visually identified diegetic subjects; aliases are not extra people and collective labels do not enumerate unshown members."
UAG:s0073,73,075,OPS/images/08_X10000_000062_1_075_001.jpg,8fa033ffa7886c22524f409553034b73b5757611363c9cc6c0ae6cfcb7524cd8,VISUAL_ORIGINAL_IMAGE: actual original file viewed with detail=original; tool may render a resized display. No OCR substitution.,models,REVIEWED_MATERIAL,"Ojiro winter Lion internship, continued dorm training, Gigantomachia survival and Midoriya rescue; editorial ordinary-identity pride contrasts classmates' teasing.",SUP-UAG-073-01,All meaningful visible text and profile/visual context reviewed; selective distinct claims retained.,,Ojiro Mashirao; Shishido; Sato Rikido; Shishida Jurota; Shoda Nirengeki; Gigantomachia; Midoriya Izuku; Shinso Hitoshi; Mineta Minoru; Sero Hanta; Jiro Kyoka; Shigaraki Tomura,"Individual named, role-identified or confidently visually identified diegetic subjects; aliases are not extra people and collective labels do not enumerate unshown members."
UAG:s0074,74,076,OPS/images/08_X10000_000062_1_076_001.jpg,da19e2d0b5ba54dd33b50af3a251f92b6a8fe01e41c65abd319a0425fe3c9df0,VISUAL_ORIGINAL_IMAGE: actual original file viewed with detail=original; tool may render a resized display. No OCR substitution.,models,REVIEWED_MATERIAL,"Sato adult/profile strength duration extension, popularity with men and women, top-three desired-protection ranking, sweets as equal social care and practical costume.",SUP-UAG-074-01; SUP-UAG-074-02,All meaningful visible text and profile/visual context reviewed; selective distinct claims retained.,,Sato Rikido; Kaminari Denki; Yaoyorozu Momo; Ashido Mina; Hagakure Toru,"Individual named, role-identified or confidently visually identified diegetic subjects; aliases are not extra people and collective labels do not enumerate unshown members."
UAG:s0075,75,077,OPS/images/08_X10000_000062_1_077_001.jpg,6be7ae36389133686bc7221fe92df7923bcf30e827213ac9d459e02a1c85d2f8,VISUAL_ORIGINAL_IMAGE: actual original file viewed with detail=original; tool may render a resized display. No OCR substitution.,models,REVIEWED_MATERIAL,"Sato joint-training rescue/trap breaking, Gigantomachia team restraint, Midoriya appeal through Eri's sweets and expanded Christmas cooking, final-war support.",SUP-UAG-075-01,All meaningful visible text and profile/visual context reviewed; selective distinct claims retained.,,Sato Rikido; Bakugo Katsuki; Awase Yosetsu; Bondo Kojiro; Gigantomachia; Kendo Itsuka; Shishida Jurota; Midoriya Izuku; Eri; Koda Koji; Ojiro Mashirao; Sero Hanta; Shigaraki Tomura; Mineta Minoru,"Individual named, role-identified or confidently visually identified diegetic subjects; aliases are not extra people and collective labels do not enumerate unshown members."
UAG:s0076,76,078,OPS/images/08_X10000_000062_1_078_002.jpg,3e14f2299830a5911617131d49bdee98d639233fc7b3126363396169f3142f87,VISUAL_ORIGINAL_IMAGE: actual original file viewed with detail=original; tool may render a resized display. No OCR substitution.,models,REVIEWED_MATERIAL,"Shinso as Nighthide: second-year hero-course transfer, low public name recognition but international cooperation requests, rescue intention and equipment modeled on Aizawa.",SUP-UAG-076-01; SUP-UAG-076-02,All meaningful visible text and profile/visual context reviewed; selective distinct claims retained.,,Shinso Hitoshi; Aizawa Shota,"Individual named, role-identified or confidently visually identified diegetic subjects; aliases are not extra people and collective labels do not enumerate unshown members."
UAG:s0077,77,079,OPS/images/08_X10000_000062_1_079_001.jpg,79350d28eabf1edc4db72cd845bc62aa8e54394d54032fad0340889e631ac2d5,VISUAL_ORIGINAL_IMAGE: actual original file viewed with detail=original; tool may render a resized display. No OCR substitution.,models,REVIEWED_MATERIAL,"Shinso Sports Festival recognition and class response, joint training and stopping runaway Quirk, final-war conditional commanded speech, Gigantomachia's own anger and ongoing stoic practice.",SUP-UAG-077-01; SUP-UAG-077-02,All meaningful visible text and profile/visual context reviewed; selective distinct claims retained.,Tiny crowded joint-training reaction inset contains additional peers whose individual identity is not confidently retained; no headcount inferred.,Shinso Hitoshi; Midoriya Izuku; Ojiro Mashirao; Aoyama Yuga; Shoda Nirengeki; Tetsutetsu Tetsutetsu; Aizawa Shota; Shishida Jurota; Gigantomachia; All For One; Aoyama's mother; Aoyama's father; Kirishima Eijiro; Ashido Mina; Asui Tsuyu; Uraraka Ochako; Iida Tenya,"Individual named, role-identified or confidently visually identified diegetic subjects; aliases are not extra people and collective labels do not enumerate unshown members."
UAG:s0078,78,080,OPS/images/08_X10000_000062_1_080_001.jpg,790b8f0c135f064ba67df68b8245836aaecd7e74b29dee1abd87977d8966f576,VISUAL_ORIGINAL_IMAGE: actual original file viewed with detail=original; tool may render a resized display. No OCR substitution.,models,REVIEWED_MATERIAL,"Class A after-episode overview: second-year reconstruction work, new students' admiration, diminishing embers and Midoriya delivering Shigaraki's last message to Spinner.",SUP-UAG-078-01,All meaningful visible text and profile/visual context reviewed; selective distinct claims retained.,,Uraraka Ochako; Midoriya Izuku; Koda Koji; Kirishima Eijiro; Yaoyorozu Momo; Mineta Minoru; Bakugo Katsuki; Todoroki Shoto; Shigaraki Tomura; Spinner; All For One; Unnamed first-year admirers,"Individual named, role-identified or confidently visually identified diegetic subjects; aliases are not extra people and collective labels do not enumerate unshown members."
UAG:s0079,79,081,OPS/images/08_X10000_000062_1_081_001.jpg,62a5c595f85783415e354742a3c165e7452654a0db76f445b51d62e895c62a9a,VISUAL_ORIGINAL_IMAGE: actual original file viewed with detail=original; tool may render a resized display. No OCR substitution.,models,REVIEWED_MATERIAL,"Ochako receives care for grief; Shinso enters A, Aoyama departs voluntarily then later serves Hagakure, and graduation montage.",SUP-UAG-079-01; SUP-UAG-079-02,All meaningful visible text and profile/visual context reviewed; selective distinct claims retained.,Some small farewell-party background faces are not individually identified; no extra individual total inferred.,Uraraka Ochako; Toga Himiko; Midoriya Izuku; Shinso Hitoshi; Aizawa Shota; Aoyama Yuga; Hagakure Toru; Iida Tenya; Bakugo Katsuki; Todoroki Shoto; Sero Hanta; Yaoyorozu Momo; Jiro Kyoka; Ojiro Mashirao; Mineta Minoru; Koda Koji; Asui Tsuyu,"Individual named, role-identified or confidently visually identified diegetic subjects; aliases are not extra people and collective labels do not enumerate unshown members."
UAG:s0080,80,082,OPS/images/08_X10000_000062_1_082_001.jpg,b01f0abbd52b0520301fdfc4ea7c5004972b81577f240ed9b531819e8ae39a62,VISUAL_ORIGINAL_IMAGE: actual original file viewed with detail=original; tool may render a resized display. No OCR substitution.,models,REVIEWED_MATERIAL,"Adult ensemble, continued work as villain incidence begins decreasing; Shoto's work and equitable fan service with Bakugo's ranking/manner juxtaposition.",SUP-UAG-080-01,All meaningful visible text and profile/visual context reviewed; selective distinct claims retained.,,Midoriya Izuku; Bakugo Katsuki; Todoroki Shoto; Uraraka Ochako; Iida Tenya; Asui Tsuyu; Kirishima Eijiro; Kaminari Denki; Jiro Kyoka; Yaoyorozu Momo; Tokoyami Fumikage; Ashido Mina; Mineta Minoru; Aoyama Yuga; Hagakure Toru; Shoji Mezo; Koda Koji; Sero Hanta; Ojiro Mashirao; Sato Rikido; Shinso Hitoshi; Shigaraki Tomura; Endeavor,"Individual named, role-identified or confidently visually identified diegetic subjects; aliases are not extra people and collective labels do not enumerate unshown members."
UAG:s0081,81,083,OPS/images/08_X10000_000062_1_083_001.jpg,3b36690e9566c0a0da05e9d79553514a2c78cd580263a163ff8c58ae42f8e296,VISUAL_ORIGINAL_IMAGE: actual original file viewed with detail=original; tool may render a resized display. No OCR substitution.,models,REVIEWED_MATERIAL,"Teacher Midoriya encourages the boy Dai, later receives suit; Shoji peace award, Ochako's school counseling outreach with peers, Kirishima/Tokoyami public media recognition.",SUP-UAG-081-01; SUP-UAG-081-02,All meaningful visible text and profile/visual context reviewed; selective distinct claims retained.,,Midoriya Izuku; Dai; All Might; Shoji Mezo; Uraraka Ochako; Toga Himiko; Iida Tenya; Yaoyorozu Momo; Asui Tsuyu; Kirishima Eijiro; Tokoyami Fumikage; Bakugo Katsuki; Hatsume Mei,"Individual named, role-identified or confidently visually identified diegetic subjects; aliases are not extra people and collective labels do not enumerate unshown members."
UAG:s0082,82,084,OPS/images/08_X10000_000062_1_084_001.jpg,04abfd96c4b988ba9db5f749d94ad7f2c6c7d2d09d7e5903f82f6f6b6462c8ae,VISUAL_ORIGINAL_IMAGE: actual original file viewed with detail=original; tool may render a resized display. No OCR substitution.,models,REVIEWED_MATERIAL,"Monoma profile, textbook/fan recognition, Eri copy blank, final-war Warp Gate/Erasure support and reproduced five-minute contact workaround.",SUP-UAG-082-01; SUP-UAG-082-02,All meaningful visible text and profile/visual context reviewed; selective distinct claims retained.,,Monoma Neito; Eri; All Might; Kurogiri; Aizawa Shota; Shigaraki Tomura; Manual; Present Mic; Best Jeanist; Edgeshot; Togata Mirio,"Individual named, role-identified or confidently visually identified diegetic subjects; aliases are not extra people and collective labels do not enumerate unshown members."
UAG:s0083,83,085,OPS/images/08_X10000_000062_1_085_001.jpg,9953db68dc5b301cf9218f73838870403975b37169eb53b6b552dc1880478cd9,VISUAL_ORIGINAL_IMAGE: actual original file viewed with detail=original; tool may render a resized display. No OCR substitution.,models,REVIEWED_MATERIAL,"Tetsutetsu, Kendo and Shiozaki profiles with birthdays, origins, powers and war contributions; specific adult agency, consultation and lecture continuations.",SUP-UAG-083-01; SUP-UAG-083-02; SUP-UAG-083-03,All meaningful visible text and profile/visual context reviewed; selective distinct claims retained.,,Tetsutetsu Tetsutetsu; Kirishima Eijiro; Fat Gum; Kendo Itsuka; Uwabami; Yaoyorozu Momo; All For One; Shiozaki Ibara; Gigantomachia,"Individual named, role-identified or confidently visually identified diegetic subjects; aliases are not extra people and collective labels do not enumerate unshown members."
UAG:s0084,84,086,OPS/images/08_X10000_000062_1_086_001.jpg,218124059f38fe60d9f3499c396c116227e1839d6f5550006777a1d68e8a7324,VISUAL_ORIGINAL_IMAGE: actual original file viewed with detail=original; tool may render a resized display. No OCR substitution.,models,REVIEWED_MATERIAL,"Four profile cards: Komori receives Kuroiro's confession, Honenuki announces engagement, Pony naturalizes, Tokage dyes hair after graduation; all basic profile fields visually read.",SUP-UAG-084-01; SUP-UAG-084-02; SUP-UAG-084-03; SUP-UAG-084-04,All meaningful visible text and profile/visual context reviewed; selective distinct claims retained.,,Komori Kinoko; Kuroiro Shihai; Honenuki Juzo; Unnamed older hero engaged to Honenuki; Tsunotori Pony; Tokage Setsuna,"Individual named, role-identified or confidently visually identified diegetic subjects; aliases are not extra people and collective labels do not enumerate unshown members."
UAG:s0085,85,087,OPS/images/08_X10000_000062_1_087_001.jpg,a3b2a6b2cddf97e16c1716d818080bb208c841ece4ec37dbf9600a792ccb10c7,VISUAL_ORIGINAL_IMAGE: actual original file viewed with detail=original; tool may render a resized display. No OCR substitution.,models,REVIEWED_MATERIAL,Shishida foreign cooperation requests; Kuroiro's brave confession; Shoda accepts many sidekicks; Tsuburaba and Awase establish joint agency.,SUP-UAG-085-01; SUP-UAG-085-02; SUP-UAG-085-03; SUP-UAG-085-04,All meaningful visible text and profile/visual context reviewed; selective distinct claims retained.,,Shishida Jurota; Shinso Hitoshi; Kuroiro Shihai; Komori Kinoko; Shoda Nirengeki; Tsuburaba Kosei; Awase Yosetsu,"Individual named, role-identified or confidently visually identified diegetic subjects; aliases are not extra people and collective labels do not enumerate unshown members."
UAG:s0086,86,088,OPS/images/08_X10000_000062_1_088_001.jpg,d0c46b0ceb85efdaebc1c01ba74444713192a5a1f173f6fd5d1985ee97bc1bf6,VISUAL_ORIGINAL_IMAGE: actual original file viewed with detail=original; tool may render a resized display. No OCR substitution.,models,REVIEWED_MATERIAL,Kodai monthly B-girls gatherings; Kaibara frequently teams with Ojiro after graduation; Fukidashi children/public comic; Awase agency design requests.,SUP-UAG-086-01; SUP-UAG-086-02; SUP-UAG-086-03; SUP-UAG-086-04,All meaningful visible text and profile/visual context reviewed; selective distinct claims retained.,,Kodai Yui; Kaibara Sen; Tsuburaba Kosei; Kuroiro Shihai; Ojiro Mashirao; Fukidashi Manga; Awase Yosetsu,"Individual named, role-identified or confidently visually identified diegetic subjects; aliases are not extra people and collective labels do not enumerate unshown members."
UAG:s0087,87,089,OPS/images/08_X10000_000062_1_089_001.jpg,d76e6b546ba988a04504c9c8748875d33d7fa78f9b413740062cd6e631924fe9,VISUAL_ORIGINAL_IMAGE: actual original file viewed with detail=original; tool may render a resized display. No OCR substitution.,models,REVIEWED_MATERIAL,"Yanagi joins Kendo as sidekick after graduation; Rin serves Shoda; Kamakiri city-center activity; Bondo frequently booked with Sero, cause left unknown.",SUP-UAG-087-01; SUP-UAG-087-02; SUP-UAG-087-03; SUP-UAG-087-04,All meaningful visible text and profile/visual context reviewed; selective distinct claims retained.,,Yanagi Reiko; Kendo Itsuka; Rin Hiryu; Shoda Nirengeki; Kamakiri Togaru; Bondo Kojiro; Sero Hanta,"Individual named, role-identified or confidently visually identified diegetic subjects; aliases are not extra people and collective labels do not enumerate unshown members."
UAG:s0088,88,090,OPS/images/08_X10000_000062_1_090_001.jpg,986e560b5f77fdc80c2817b5de30bd86dc6fe113324b448e6204136dcffe2ab5,VISUAL_ORIGINAL_IMAGE: actual original file viewed with detail=original; tool may render a resized display. No OCR substitution.,models,REVIEWED_MATERIAL,"Mirio profile, skilled prediction through experience, uneven reception of humor, protective cape and imperfect faceguard/hair-based suit.",SUP-UAG-088-01,All meaningful visible text and profile/visual context reviewed; selective distinct claims retained.,,Togata Mirio; Sir Nighteye; Eri,"Individual named, role-identified or confidently visually identified diegetic subjects; aliases are not extra people and collective labels do not enumerate unshown members."
UAG:s0089,89,091,OPS/images/08_X10000_000062_1_091_001.jpg,7791d7379f63f3f844adbb1ad7e098bd3536d0ac3e81cfe4c5d007b165b5916b,VISUAL_ORIGINAL_IMAGE: actual original file viewed with detail=original; tool may render a resized display. No OCR substitution.,models,REVIEWED_MATERIAL,"Mirio regrets first Eri encounter, protects without Quirk, mourns Nighteye, returns through Rewind and uses humor/reassurance against final-war despair.",SUP-UAG-089-01,All meaningful visible text and profile/visual context reviewed; selective distinct claims retained.,,Togata Mirio; Eri; Sir Nighteye; Midoriya Izuku; Overhaul; Shigaraki Tomura; Amajiki Tamaki; Hado Nejire,"Individual named, role-identified or confidently visually identified diegetic subjects; aliases are not extra people and collective labels do not enumerate unshown members."
UAG:s0090,90,092,OPS/images/08_X10000_000062_1_092_001.jpg,e9190f0a7237fc71e70d05c7b1d5881c7409600b19a4ecfa917177de297b3232,VISUAL_ORIGINAL_IMAGE: actual original file viewed with detail=original; tool may render a resized display. No OCR substitution.,models,REVIEWED_MATERIAL,"Amajiki stays Fat Gum's sidekick from gratitude, high ranking and power comparison, conditional peer pressure, cape concealment and temperature-separated food pouches.",SUP-UAG-090-01; SUP-UAG-090-02,All meaningful visible text and profile/visual context reviewed; selective distinct claims retained.,,Amajiki Tamaki; Fat Gum; Togata Mirio; Hado Nejire; Hojo Yu,"Individual named, role-identified or confidently visually identified diegetic subjects; aliases are not extra people and collective labels do not enumerate unshown members."
UAG:s0091,91,093,OPS/images/08_X10000_000062_1_093_001.jpg,48cd2826359f3e097d1ec5c7893b2a04abd5cc19d48eeb0e86cfceb440fa9dd7,VISUAL_ORIGINAL_IMAGE: actual original file viewed with detail=original; tool may render a resized display. No OCR substitution.,models,REVIEWED_MATERIAL,"Amajiki's childhood Mirio memory, three-opponent raid win, mansion entry, final-war combined attack failing against evolved Shigaraki and uneven social initiative.",SUP-UAG-091-01,All meaningful visible text and profile/visual context reviewed; selective distinct claims retained.,,Amajiki Tamaki; Togata Mirio; Fat Gum; Hado Nejire; Shigaraki Tomura; Overhaul; Tabe Soramitsu; Hojo Yu; Setsuno Toya; Midoriya Izuku; Kirishima Eijiro; Iida Tenya,"Individual named, role-identified or confidently visually identified diegetic subjects; aliases are not extra people and collective labels do not enumerate unshown members."
UAG:s0092,92,094,OPS/images/08_X10000_000062_1_094_002.jpg,d96e853cf2054b4ba7d0065cb5a4c1a9bc51b38f8f346c8360239dd0075af1d0,VISUAL_ORIGINAL_IMAGE: actual original file viewed with detail=original; tool may render a resized display. No OCR substitution.,models,REVIEWED_MATERIAL,"Hado profile: notices subtle oddities, works unsolved cases as 'great detective Nejire-chan', curiosity versus label, skill and wave-support costume.",SUP-UAG-092-01,All meaningful visible text and profile/visual context reviewed; selective distinct claims retained.,,Hado Nejire; Shigaraki Tomura,"Individual named, role-identified or confidently visually identified diegetic subjects; aliases are not extra people and collective labels do not enumerate unshown members."
UAG:s0093,93,095,OPS/images/08_X10000_000062_1_095_001.jpg,1b16928eb20c2b868e3372db099370f02885d27d12f77b037020f4da7e54cc2c,VISUAL_ORIGINAL_IMAGE: actual original file viewed with detail=original; tool may render a resized display. No OCR substitution.,models,REVIEWED_MATERIAL,"Hado's exclusion through presumed condescension, friendship at UA, raid support, anger at injured Ryukyu, final-war combined power and defeat; questions can overwhelm recipients.",SUP-UAG-093-01; SUP-UAG-093-02,All meaningful visible text and profile/visual context reviewed; selective distinct claims retained.,,Hado Nejire; Togata Mirio; Amajiki Tamaki; Ryukyu; Uraraka Ochako; Asui Tsuyu; Eri; Katsukame Rikiya; Iida Tenya; Shigaraki Tomura; Endeavor; Dabi; Ojiro Mashirao; Mineta Minoru; Unnamed earlier peers who rejected Hado,"Individual named, role-identified or confidently visually identified diegetic subjects; aliases are not extra people and collective labels do not enumerate unshown members."
UAG:s0094,94,096,OPS/images/08_X10000_000062_1_096_001.jpg,738812961d72d390401bf9dbcbf15ec1f42a5bc5aba6e91458e547882486af1b,VISUAL_ORIGINAL_IMAGE: actual original file viewed with detail=original; tool may render a resized display. No OCR substitution.,models,REVIEWED_MATERIAL,"Inasa/Reppu profile, silver dye through interpreting Camie, remorse over exam conduct and changed reception of Shoto/Endeavor; final-war support for future over old glory.",SUP-UAG-094-01; SUP-UAG-094-02,All meaningful visible text and profile/visual context reviewed; selective distinct claims retained.,,Yoarashi Inasa; Utsushimi Camie; Todoroki Shoto; Endeavor; All For One; Tokoyami Fumikage; Hawks,"Individual named, role-identified or confidently visually identified diegetic subjects; aliases are not extra people and collective labels do not enumerate unshown members."
UAG:s0095,95,097,OPS/images/08_X10000_000062_1_097_001.jpg,2505b5d7f4a6308651cf326fedff98eb0b9cec7cacbdef1b063ef20899e70e94,VISUAL_ORIGINAL_IMAGE: actual original file viewed with detail=original; tool may render a resized display. No OCR substitution.,models,REVIEWED_MATERIAL,"Camie slang/patrol misunderstanding and illusion rescue of Hawks; Shishikura guard specialty/standing with juniors, Mora sometimes teaches at Shiketsu.",SUP-UAG-095-01; SUP-UAG-095-02,All meaningful visible text and profile/visual context reviewed; selective distinct claims retained.,,Utsushimi Camie; Yoarashi Inasa; Hawks; All For One; Shishikura Seiji; Mora Nagamasa,"Individual named, role-identified or confidently visually identified diegetic subjects; aliases are not extra people and collective labels do not enumerate unshown members."
UAG:s0096,96,098,OPS/images/08_X10000_000062_1_098_001.jpg,21e54481810f88d603e87645aacc3f6e48dd8432193b50a622b891d00def42ae,VISUAL_ORIGINAL_IMAGE: actual original file viewed with detail=original; tool may render a resized display. No OCR substitution.,models,REVIEWED_MATERIAL,"Shindo/Nakagame couple, pro hairstyle reception and final-war Skeptic capture; Makabe/Toteki contrasting temperaments and effective pair, all Ketsubutsu profile cards.",SUP-UAG-096-01; SUP-UAG-096-02,All meaningful visible text and profile/visual context reviewed; selective distinct claims retained.,,Shindo Yo; Nakagame Tatami; Muscular; La Brava; Skeptic; Makabe Shikkui; Toteki Itejiro,"Individual named, role-identified or confidently visually identified diegetic subjects; aliases are not extra people and collective labels do not enumerate unshown members."
UAG:s0097,97,099,OPS/images/08_X10000_000062_1_099_001.jpg,cd16b51075a8c8e45982d926288bdd0ac60942ae2e15527c821574f6492f6d9a,VISUAL_ORIGINAL_IMAGE: actual original file viewed with detail=original; tool may render a resized display. No OCR substitution.,models,REVIEWED_MATERIAL,"Hatsume innovation and famous civilization statement, festival self-promotion, support-school hero work, barrier/airborne arena engineering and maintenance.",SUP-UAG-097-01,All meaningful visible text and profile/visual context reviewed; selective distinct claims retained.,,Hatsume Mei; Midoriya Izuku; Uraraka Ochako; Tokoyami Fumikage; Iida Tenya; Nezu; Power Loader,"Individual named, role-identified or confidently visually identified diegetic subjects; aliases are not extra people and collective labels do not enumerate unshown members."
UAG:s0098,98,100,OPS/images/08_X10000_000062_1_100_001.jpg,b0a54dbc397dd946ba220e717ec33f5a91138a9a8f917fbb2e8ed4272b519a22,VISUAL_ORIGINAL_IMAGE: actual original file viewed with detail=original; tool may render a resized display. No OCR substitution.,models,REVIEWED_MATERIAL,Mawata cotton control/former Aizawa class; Yuyu's bow-shaped energy and friendship origin; named support and business students maintaining/documenting airborne UA.,SUP-UAG-098-01; SUP-UAG-098-02,All meaningful visible text and profile/visual context reviewed; selective distinct claims retained.,Exact printed Japanese names retained for support/business students; romanized canonical identity routing to be reconciled without inventing English spellings.,Fuwa Mawata; Aizawa Shota; Shigaraki Tomura; Haya Yuyu; Hado Nejire; 普良巣舞奈; 永白風統; 蹴上露今努; 枡駒子; Gentle Criminal,"Individual named, role-identified or confidently visually identified diegetic subjects; aliases are not extra people and collective labels do not enumerate unshown members."
UAG:s0099,99,101,OPS/images/08_X10000_000062_1_101_001.jpg,24dc267713e9b4107a20d883ef9eacdb02f3086dd9673db21e537978b7972526,VISUAL_ORIGINAL_IMAGE: actual original file viewed with detail=original; tool may render a resized display. No OCR substitution.,models,REVIEWED_MATERIAL,"Kota's rescued relationship and red shoes, Eri rescue/music interest, ordinary heteromorph woman's reciprocal welcome to Midoriya.",SUP-UAG-099-01; SUP-UAG-099-02,All meaningful visible text and profile/visual context reviewed; selective distinct claims retained.,,Izumi Kota; Water Hose father; Water Hose mother; Muscular; Midoriya Izuku; Eri; Aizawa Shota; Ordinary Woman,"Individual named, role-identified or confidently visually identified diegetic subjects; aliases are not extra people and collective labels do not enumerate unshown members."
UAG:s0100,100,102,OPS/images/08_X10000_000062_1_102_001.jpg,59fda9465a2f7a104ef1bedf319d7585d3b4c25a092ec0357491e62145610eff,VISUAL_ORIGINAL_IMAGE: actual original file viewed with detail=original; tool may render a resized display. No OCR substitution.,models,REVIEWED_MATERIAL,Inko and Bakugo parents; Aoyama parents; preschool Dai; Mi/Tomo and Tenko; Shoji's rescued girl; Rody/Pino and Shimano siblings as main-manga cheering cameos.,SUP-UAG-100-01; SUP-UAG-100-02; SUP-UAG-100-03,All meaningful visible text and profile/visual context reviewed; selective distinct claims retained.,,Midoriya Inko; Midoriya Izuku; Bakugo Masaru; Bakugo Mitsuki; Bakugo Katsuki; Aoyama's mother; Aoyama's father; Aoyama Yuga; All For One; Dai; All Might; Mi-kun; Tomo-chan; Shimura Tenko / Shigaraki Tomura; Shoji Mezo; Unnamed girl rescued from drowning by Shoji; Rody Soul; Pino; Shimano Mahoro; Shimano Katsuma,"Individual named, role-identified or confidently visually identified diegetic subjects; aliases are not extra people and collective labels do not enumerate unshown members."
UAG:s0101,101,103,OPS/images/08_X10000_000062_1_103_001.jpg,f3c8589292963787f9fcedb12ec5a952bf30ed1716e50e649f8dbf039b2492e4,VISUAL_ORIGINAL_IMAGE: actual original file viewed with detail=original; tool may render a resized display. No OCR substitution.,models,REVIEWED_MATERIAL,"Big Three graduation and differing agency paths; Mirio number one eight years later, Class B rebuilding/Monoma bust, Mawata directs reconstruction.",SUP-UAG-101-01; SUP-UAG-101-02,All meaningful visible text and profile/visual context reviewed; selective distinct claims retained.,Not every small Class B reconstruction-montage figure is individually identified.,Togata Mirio; Amajiki Tamaki; Hado Nejire; Sir Nighteye; Centipeder; Fat Gum; Ryukyu; Midoriya Izuku; Monoma Neito; Honenuki Juzo; Kamui Woods; Mt. Lady; Fuwa Mawata; Present Mic; Kuroiro Shihai; Tetsutetsu Tetsutetsu; Kendo Itsuka; Yanagi Reiko; Komori Kinoko; Shiozaki Ibara; Kodai Yui,"Individual named, role-identified or confidently visually identified diegetic subjects; aliases are not extra people and collective labels do not enumerate unshown members."
UAG:s0102,102,104,OPS/images/08_X10000_000062_1_104_001.jpg,cc1a4fc0bbd45883aa037ed4af77e2d82f6f260d50d12b199522b6b13429df9e,VISUAL_ORIGINAL_IMAGE: actual original file viewed with detail=original; tool may render a resized display. No OCR substitution.,models,REVIEWED_MATERIAL,"Grown children: Dai, Kota, Eri and once-abandoned abused boy; Hatsume/Bibimi's funded design firm and doctor Yoshida Ryu's treatment becomes vocational inspiration.",SUP-UAG-102-01; SUP-UAG-102-02; SUP-UAG-102-03,All meaningful visible text and profile/visual context reviewed; selective distinct claims retained.,,Dai; Midoriya Izuku; Izumi Kota; Eri; Jiro Kyoka; Eri's two unnamed school friends; Unnamed abused boy rescued by elderly woman; Elderly woman who once passed Tenko and later helped a boy; Hatsume Mei; Kenranzaki Bibimi; Yoshida Ryu; Aizawa Shota; Bakugo Katsuki; Unnamed aspiring doctor classmate; Togata Mirio,"Individual named, role-identified or confidently visually identified diegetic subjects; aliases are not extra people and collective labels do not enumerate unshown members."
UAG:s0103,103,,OPS/images/08_X10000_000062_1_105_001.jpg,9dc6f700b2e5581f6071aeccb9dcde03e88b5bff11ba8763f9a014782824ae30,VISUAL_ORIGINAL_IMAGE: actual original file viewed with detail=original; tool may render a resized display. No OCR substitution.,models,REVIEWED_NO_MATERIAL_ADDITION,"Chapter2 Pro Hero Episode title page with All Might, Endeavor, Best Jeanist and Kamui Woods; invites retrospective war review.",,Title art and chapter framing read; no new behavior or individual fact beyond identifiable cast. No printed folio visible.,,All Might; Endeavor; Best Jeanist; Kamui Woods; Shigaraki Tomura,"Individual named, role-identified or confidently visually identified diegetic subjects; aliases are not extra people and collective labels do not enumerate unshown members."
UAG:s0104,104,106,OPS/images/08_X10000_000062_1_106_001.jpg,6407781bfc86c181e625f2145260cf844ef0f6321fd8ab546889089f74a929e9,VISUAL_ORIGINAL_IMAGE: actual original file viewed with detail=original; tool may render a resized display. No OCR substitution.,models,REVIEWED_MATERIAL,All Might profile: recovery to independent walking with support and present appointment as U.A. vice-principal; former One For All and continuing Midoriya mentorship.,SUP-UAG-104-01,All meaningful visible text and profile/visual context reviewed; selective distinct claims retained.,,All Might; Midoriya Izuku; All For One,"Individual named, role-identified or confidently visually identified diegetic subjects; aliases are not extra people and collective labels do not enumerate unshown members."
UAG:s0105,105,107,OPS/images/08_X10000_000062_1_107_001.jpg,0e7485cb1a5486e808efd85da923ee72493fc33142f20134a8d6a5d40bc87df5,VISUAL_ORIGINAL_IMAGE: actual original file viewed with detail=original; tool may render a resized display. No OCR substitution.,models,REVIEWED_MATERIAL,"All Might's quirkless childhood peace ideal, Nana succession/loss, first AFO clash, Midoriya succession offer and USJ under limit.",SUP-UAG-105-01,All meaningful visible text and profile/visual context reviewed; selective distinct claims retained.,,All Might; Shimura Nana; All For One; Gran Torino; Tsukauchi Naomasa; Midoriya Izuku; USJ Nomu,"Individual named, role-identified or confidently visually identified diegetic subjects; aliases are not extra people and collective labels do not enumerate unshown members."
UAG:s0106,106,108,OPS/images/08_X10000_000062_1_108_001.jpg,d35e8b7e73b9c9b99a2b990cf7c41597b8a701887aed28e5d46a9ffa3e8b2d8a,VISUAL_ORIGINAL_IMAGE: actual original file viewed with detail=original; tool may render a resized display. No OCR substitution.,models,REVIEWED_MATERIAL,"Kamino retirement and addressed successor; Inko's demand to live, guard and raise; Nighteye regret and changed-fate resolve; American names/style jokes.",SUP-UAG-106-01,All meaningful visible text and profile/visual context reviewed; selective distinct claims retained.,,All Might; All For One; Midoriya Izuku; Midoriya Inko; Sir Nighteye; Togata Mirio; USJ Nomu,"Individual named, role-identified or confidently visually identified diegetic subjects; aliases are not extra people and collective labels do not enumerate unshown members."
UAG:s0107,107,109,OPS/images/08_X10000_000062_1_109_001.jpg,9372a827a4d9cb127d295809fa4c718aeae2da2a525321095a0b5bed7f9790c0,VISUAL_ORIGINAL_IMAGE: actual original file viewed with detail=original; tool may render a resized display. No OCR substitution.,models,REVIEWED_MATERIAL,"All Might encourages Endeavor's own symbol, researches predecessor Quirks without sleep, is rejected by overburdened Midoriya, and receives renewed purpose through Stain and statue-cleaning woman.",SUP-UAG-107-01; SUP-UAG-107-02,All meaningful visible text and profile/visual context reviewed; selective distinct claims retained.,,All Might; Endeavor; Bakugo Katsuki; Todoroki Shoto; Midoriya Izuku; Nezu; All For One; Hawks; Best Jeanist; Stain; Woman rescued at Kamino who cleans All Might's statue,"Individual named, role-identified or confidently visually identified diegetic subjects; aliases are not extra people and collective labels do not enumerate unshown members."
UAG:s0108,108,110,OPS/images/08_X10000_000062_1_110_001.jpg,b04b981e0abf3e45f231b849da1b603b84bc8c33ee00f8a96abf9f96813153d7,VISUAL_ORIGINAL_IMAGE: actual original file viewed with detail=original; tool may render a resized display. No OCR substitution.,models,REVIEWED_MATERIAL,"All Might's armored final confrontation, Shoto/Iida dispatch, failed self-destruction, rescue by students/prayers and gifted remaining gear to Bakugo.",SUP-UAG-108-01,All meaningful visible text and profile/visual context reviewed; selective distinct claims retained.,,All Might; All For One; Sir Nighteye; Todoroki Shoto; Iida Tenya; Stain; Midoriya Izuku; Bakugo Katsuki,"Individual named, role-identified or confidently visually identified diegetic subjects; aliases are not extra people and collective labels do not enumerate unshown members."
UAG:s0109,109,111,OPS/images/08_X10000_000062_1_111_001.jpg,58f8a1a954bbfe67d889aaa279ea0522617316b366ef2e74bf4f48913e1c8f83,VISUAL_ORIGINAL_IMAGE: actual original file viewed with detail=original; tool may render a resized display. No OCR substitution.,models,REVIEWED_MATERIAL,"Armored All Might, private expenditure, untested rushed prototype, Heracles' autonomous help, utility cape/guard and all20 Class A-inspired functions with actual design descriptions.",SUP-UAG-109-01; SUP-UAG-109-02,All meaningful visible text and profile/visual context reviewed; selective distinct claims retained.,,All Might; Heracles (support machine); All For One; Kirishima Eijiro; Midoriya Izuku; Kaminari Denki; Sero Hanta; Sato Rikido; Tokoyami Fumikage; Ashido Mina; Uraraka Ochako; Iida Tenya; Aoyama Yuga; Shoji Mezo; Asui Tsuyu; Todoroki Shoto; Ojiro Mashirao; Koda Koji; Jiro Kyoka; Hagakure Toru; Yaoyorozu Momo; Mineta Minoru; Bakugo Katsuki,"Individual named, role-identified or confidently visually identified diegetic subjects; aliases are not extra people and collective labels do not enumerate unshown members."
UAG:s0110,110,112,OPS/images/08_X10000_000062_1_112_001.jpg,e03b496fd1a48963f298a897f8540ed94df844d62751c966c36e1d51480901e9,VISUAL_ORIGINAL_IMAGE: actual original file viewed with detail=original; tool may render a resized display. No OCR substitution.,models,REVIEWED_MATERIAL,"Endeavor profile preserves family harm and later refusal of surgery, cane walking, compensation and cooperation with All Might-led help for crime victims; Shoto inheritance history.",SUP-UAG-110-01; SUP-UAG-110-02,All meaningful visible text and profile/visual context reviewed; selective distinct claims retained.,,Endeavor; All Might; Todoroki Shoto; Todoroki Rei; Dabi / Todoroki Toya; Todoroki Fuyumi; Todoroki Natsuo; Midoriya Izuku; Bakugo Katsuki,"Individual named, role-identified or confidently visually identified diegetic subjects; aliases are not extra people and collective labels do not enumerate unshown members."
UAG:s0111,111,113,OPS/images/08_X10000_000062_1_113_001.jpg,cbd471d8a7aaadcea15c3dcd6016bdb6ba08d2c3c1fa0ce6c632c1f755596d33,VISUAL_ORIGINAL_IMAGE: actual original file viewed with detail=original; tool may render a resized display. No OCR substitution.,models,REVIEWED_MATERIAL,"Endeavor costume heat mechanisms and beard-flame interpretation, father's death/powerlessness, rivalry's distortion, Hosu response and Stain's intimidation.",SUP-UAG-111-01,All meaningful visible text and profile/visual context reviewed; selective distinct claims retained.,,Endeavor; Endeavor's father; All Might; Todoroki Shoto; Gran Torino; Stain; Hosu Nomu; Unnamed girl Endeavor's father tried to save,"Individual named, role-identified or confidently visually identified diegetic subjects; aliases are not extra people and collective labels do not enumerate unshown members."
UAG:s0112,112,114,OPS/images/08_X10000_000062_1_114_001.jpg,2f97805671ad5f91fbf6b3784f00bf03f2eb375dabd93ea49539209c528c045b,VISUAL_ORIGINAL_IMAGE: actual original file viewed with detail=original; tool may render a resized display. No OCR substitution.,models,REVIEWED_MATERIAL,Kamino exposes All Might's weakened form and frustrates inherited rank; asks about symbol; Fuyumi-assisted Shoto messaging and internships framed in comic parental fixation.,SUP-UAG-112-01,All meaningful visible text and profile/visual context reviewed; selective distinct claims retained.,,Endeavor; All Might; All For One; Todoroki Shoto; Todoroki Fuyumi; Bakugo Katsuki; Midoriya Izuku; Hawks,"Individual named, role-identified or confidently visually identified diegetic subjects; aliases are not extra people and collective labels do not enumerate unshown members."
UAG:s0113,113,115,OPS/images/08_X10000_000062_1_115_001.jpg,e5eca431241172f2fbfd3ed38e4652c82e4fe7eb0d7301c67cc82de1c29dc3ee,VISUAL_ORIGINAL_IMAGE: actual original file viewed with detail=original; tool may render a resized display. No OCR substitution.,models,REVIEWED_MATERIAL,"Endeavor and Hawks defeat Hood with combined help; winter internship adapts school learning to field repetition, and students rescue his family from Ending.",SUP-UAG-113-01,All meaningful visible text and profile/visual context reviewed; selective distinct claims retained.,,Endeavor; Hawks; Hood; Todoroki Shoto; Midoriya Izuku; Bakugo Katsuki; Ending; Todoroki Natsuo,"Individual named, role-identified or confidently visually identified diegetic subjects; aliases are not extra people and collective labels do not enumerate unshown members."
UAG:s0114,114,116,OPS/images/08_X10000_000062_1_116_001.jpg,7b9f0f006de6ae8e8ad7ad0d31b184175ed30fa950c0fb8dbb860fb4414f9739,VISUAL_ORIGINAL_IMAGE: actual original file viewed with detail=original; tool may render a resized display. No OCR substitution.,models,REVIEWED_MATERIAL,"Endeavor's first-war collapse after Dabi's identity disclosure; retrospective family history and the different responses of Rei, Fuyumi, Natsuo and Shoto.",SUP-UAG-114-01,All meaningful visible text and profile/visual context reviewed; selective distinct claims retained.,,Todoroki Enji / Endeavor; Todoroki Toya / Dabi; Todoroki Shoto; Todoroki Rei; Todoroki Fuyumi; Todoroki Natsuo; All Might; All For One; Shigaraki Tomura,"Individual named, role-identified or confidently visually identified diegetic subjects; aliases are not extra people and collective labels do not enumerate unshown members."
UAG:s0115,115,117,OPS/images/08_X10000_000062_1_117_001.jpg,489a810d29cd787b428b01dca6beaf124fa9db7187eb413c30125f71fbc92279,VISUAL_ORIGINAL_IMAGE: actual original file viewed with detail=original; tool may render a resized display. No OCR substitution.,models,REVIEWED_MATERIAL,Endeavor's final-war confrontation with All For One and Toya; relinquished fixation and the family gathering to stop the fatal fire.,SUP-UAG-115-01,All meaningful visible text and profile/visual context reviewed; selective distinct claims retained.,,Todoroki Enji / Endeavor; Todoroki Toya / Dabi; Todoroki Shoto; Todoroki Rei; Todoroki Fuyumi; Todoroki Natsuo; All For One,"Individual named, role-identified or confidently visually identified diegetic subjects; aliases are not extra people and collective labels do not enumerate unshown members."
UAG:s0116,116,118,OPS/images/08_X10000_000062_1_118_001.jpg,9c71aaa965c512756eaacac39037855f4be32c54f6468160a8df4c41946be77e,VISUAL_ORIGINAL_IMAGE: actual original file viewed with detail=original; tool may render a resized display. No OCR substitution.,models,REVIEWED_MATERIAL,"Hawks profile, lost-Quirk retirement and present Public Safety leadership; feather sensing and mixed-purpose mentorship of Tokoyami.",SUP-UAG-116-01,All meaningful visible text and profile/visual context reviewed; selective distinct claims retained.,,Takami Keigo / Hawks; Tokoyami Fumikage; All For One,"Individual named, role-identified or confidently visually identified diegetic subjects; aliases are not extra people and collective labels do not enumerate unshown members."
UAG:s0117,117,119,OPS/images/08_X10000_000062_1_119_001.jpg,70f56a0c22fc6198a975b0027b3f233c1f0dd85ee7ece7d073e1477d94ddf0ce,VISUAL_ORIGINAL_IMAGE: actual original file viewed with detail=original; tool may render a resized display. No OCR substitution.,models,REVIEWED_MATERIAL,"Hawks' damaged-wing support equipment, Hood operation, Best Jeanist's staged death and undercover actions; Twice's failed surrender and Dabi's exposure of his past.",SUP-UAG-117-01; SUP-UAG-117-02,All meaningful visible text and profile/visual context reviewed; selective distinct claims retained.,,Takami Keigo / Hawks; Todoroki Enji / Endeavor; Todoroki Toya / Dabi; Twice / Bubaigawara Jin; Best Jeanist; Hood; Tokoyami Fumikage,"Individual named, role-identified or confidently visually identified diegetic subjects; aliases are not extra people and collective labels do not enumerate unshown members."
UAG:s0118,118,120,OPS/images/08_X10000_000062_1_120_001.jpg,1a6bf657b474f55cedc78b4d8fd636df6e2321c8330edee7778da24e3aac82f8,VISUAL_ORIGINAL_IMAGE: actual original file viewed with detail=original; tool may render a resized display. No OCR substitution.,models,REVIEWED_MATERIAL,"Hawks' rescue of Lady Nagant, final-war resistance and vestige activity; childhood abuse, discovery of real heroes and the wish to support people trying to be right.",SUP-UAG-118-01; SUP-UAG-118-02,All meaningful visible text and profile/visual context reviewed; selective distinct claims retained.,Additional tiny stolen-Quirk vestige figures are not individually identified or counted.,Takami Keigo / Hawks; Lady Nagant; Midoriya Izuku; All For One; Todoroki Enji / Endeavor; Tokoyami Fumikage; Jiro Kyoka; All Might; Bakugo Katsuki; Shigaraki Tomura; Hawks' father (Takami); Hawks' mother (Tomi); Shigaraki Yoichi,"Individual named, role-identified or confidently visually identified diegetic subjects; aliases are not extra people and collective labels do not enumerate unshown members."
UAG:s0119,119,121,OPS/images/08_X10000_000062_1_121_001.jpg,c7e9b7f49906c50e8684a28f7b309000b3b7806c767abb167b7592e1a17ee607,VISUAL_ORIGINAL_IMAGE: actual original file viewed with detail=original; tool may render a resized display. No OCR substitution.,models,REVIEWED_MATERIAL,"Aizawa's post-injury teacher profile, self-developed capture-cloth training, Shinso's support and the death/reenrollment teaching policy shaped by Shirakumo's loss.",SUP-UAG-119-01,All meaningful visible text and profile/visual context reviewed; selective distinct claims retained.,,Aizawa Shota; Shinso Hitoshi; Shirakumo Oboro; Shigaraki Tomura; Midoriya Izuku,"Individual named, role-identified or confidently visually identified diegetic subjects; aliases are not extra people and collective labels do not enumerate unshown members."
UAG:s0120,120,122,OPS/images/08_X10000_000062_1_122_001.jpg,27620f3b8798b5459dba2e808cefe353484ccea4dfac5a75d76d19d4145e8378,VISUAL_ORIGINAL_IMAGE: actual original file viewed with detail=original; tool may render a resized display. No OCR substitution.,models,REVIEWED_MATERIAL,"Aizawa's capture cloth, cutting knife and goggles; USJ, forest camp and Eri rescue roles; cat preference, dry eyes and selective media exposure.",SUP-UAG-120-01; SUP-UAG-120-02,All meaningful visible text and profile/visual context reviewed; selective distinct claims retained.,,Aizawa Shota; Shirakumo Oboro; Todoroki Toya / Dabi; Twice / Bubaigawara Jin; Eri; Midoriya Izuku; Sir Nighteye; Amajiki Tamaki; Hojo Yu; Irinaka Joi / Mimic,"Individual named, role-identified or confidently visually identified diegetic subjects; aliases are not extra people and collective labels do not enumerate unshown members."
UAG:s0121,121,123,OPS/images/08_X10000_000062_1_123_001.jpg,9430ef3d7ccbd11891b0bf4975aee767553418b6f416778b6a793005537e67de,VISUAL_ORIGINAL_IMAGE: actual original file viewed with detail=original; tool may render a resized display. No OCR substitution.,models,REVIEWED_MATERIAL,"Aizawa and Mic reach Shirakumo within Kurogiri; first-war rescue and permanent injuries; Aoyama's rehabilitation appeal, cooperative Erasure, and use of Eri's entrusted horn fragment.",SUP-UAG-121-01; SUP-UAG-121-02,All meaningful visible text and profile/visual context reviewed; selective distinct claims retained.,,Aizawa Shota; Present Mic; Shirakumo Oboro; Kurogiri; Shigaraki Tomura; Crust; Todoroki Enji / Endeavor; Yoshida Ryu (doctor); Rock Lock; Aoyama Yuga; All For One; Monoma Neito; Manual; Eri; Midoriya Izuku,"Individual named, role-identified or confidently visually identified diegetic subjects; aliases are not extra people and collective labels do not enumerate unshown members."
UAG:s0122,122,124,OPS/images/08_X10000_000062_1_124_001.jpg,8d8ac70456132ce4e96997791c8fad37a9b1053a69eb5b975f0055ad84ca7cd7,VISUAL_ORIGINAL_IMAGE: actual original file viewed with detail=original; tool may render a resized display. No OCR substitution.,models,REVIEWED_MATERIAL,"Star and Stripe profile, US top-hero position, American air-force companions, eight hair tufts and national-color costume design.",SUP-UAG-122-01,All meaningful visible text and profile/visual context reviewed; selective distinct claims retained.,Air-force 'big brothers' are an explicitly described group; unnamed individual portraits are not multiplied into invented named subjects.,Star and Stripe / Cathleen Bate; All Might; Shigaraki Tomura; All For One,"Individual named, role-identified or confidently visually identified diegetic subjects; aliases are not extra people and collective labels do not enumerate unshown members."
UAG:s0123,123,125,OPS/images/08_X10000_000062_1_125_001.jpg,a3a6803cb9a9ba794a586a56872c137dfd9fcadfbe684fdaa81b758ec2bc1e1d,VISUAL_ORIGINAL_IMAGE: actual original file viewed with detail=original; tool may render a resized display. No OCR substitution.,models,REVIEWED_MATERIAL,"Star's procedural bypass to aid Japan, aerial battle, final New Order resistance and fatal outcome; childhood rescue by All Might and desire to exceed his contribution to peace.",SUP-UAG-123-01,All meaningful visible text and profile/visual context reviewed; selective distinct claims retained.,,Star and Stripe / Cathleen Bate; All Might; Shigaraki Tomura; All For One,"Individual named, role-identified or confidently visually identified diegetic subjects; aliases are not extra people and collective labels do not enumerate unshown members."
UAG:s0124,124,126,OPS/images/08_X10000_000062_1_126_001.jpg,483ee207f1abfbc59632307752bc9bb713692c853943b3186073165dd8076862,VISUAL_ORIGINAL_IMAGE: actual original file viewed with detail=original; tool may render a resized display. No OCR substitution.,models,REVIEWED_MATERIAL,"Gran Torino profile: present full retirement in the countryside, guidance of two successors, Nana connection and cape/cane/boots design.",SUP-UAG-124-01; SUP-UAG-124-02,All meaningful visible text and profile/visual context reviewed; selective distinct claims retained.,,Gran Torino / Sorahiko Torino; All Might; Shimura Nana; Midoriya Izuku; Sir Nighteye,"Individual named, role-identified or confidently visually identified diegetic subjects; aliases are not extra people and collective labels do not enumerate unshown members."
UAG:s0125,125,127,OPS/images/08_X10000_000062_1_127_001.jpg,fc454233505537c9055c3c0e57942e8d04050baa61042c272fb9d841abd39683,VISUAL_ORIGINAL_IMAGE: actual original file viewed with detail=original; tool may render a resized display. No OCR substitution.,models,REVIEWED_MATERIAL,"Gran Torino's Kamino restraint, Kurogiri capture and inability to stop Gigantomachia, first-war rescue/injury, and sweets and noisy-sleep gags.",SUP-UAG-125-01; SUP-UAG-125-02,All meaningful visible text and profile/visual context reviewed; selective distinct claims retained.,,Gran Torino / Sorahiko Torino; All Might; All For One; Kurogiri; Gigantomachia; Tsukauchi Naomasa; Shigaraki Tomura; Midoriya Izuku; Present Mic; Garaki Kyudai; Shimura Nana,"Individual named, role-identified or confidently visually identified diegetic subjects; aliases are not extra people and collective labels do not enumerate unshown members."
UAG:s0126,126,128,OPS/images/08_X10000_000062_1_128_001.jpg,e27f4e85bede1b1c4ed8da0d113392290d1f38bbd4acb7c92b02a6fbcdb1b451,VISUAL_ORIGINAL_IMAGE: actual original file viewed with detail=original; tool may render a resized display. No OCR substitution.,models,REVIEWED_MATERIAL,"Best Jeanist's present activity despite physical decline and broadened popularity; Bakugo's growth, extensive denim wardrobe and visual/strategic observation.",SUP-UAG-126-01; SUP-UAG-126-02,All meaningful visible text and profile/visual context reviewed; selective distinct claims retained.,,Best Jeanist; Bakugo Katsuki; Shigaraki Tomura,"Individual named, role-identified or confidently visually identified diegetic subjects; aliases are not extra people and collective labels do not enumerate unshown members."
UAG:s0127,127,129,OPS/images/08_X10000_000062_1_129_001.jpg,acd749d7bd2ff7c0e3488238f686d406bb8a85bc3de7646ad1936c97bb30fb25,VISUAL_ORIGINAL_IMAGE: actual original file viewed with detail=original; tool may render a resized display. No OCR substitution.,models,REVIEWED_MATERIAL,"Best Jeanist's rescue judgment and Kamino injury, staged-death return, Gigantomachia restraint and final-war command; recurring denim metaphors.",SUP-UAG-127-01,All meaningful visible text and profile/visual context reviewed; selective distinct claims retained.,,Best Jeanist; All For One; Gigantomachia; Todoroki Toya / Dabi; Shigaraki Tomura; Midoriya Izuku; Bakugo Katsuki; Togata Mirio; Hado Nejire; Amajiki Tamaki; Mirko; Edgeshot; Takami Keigo / Hawks,"Individual named, role-identified or confidently visually identified diegetic subjects; aliases are not extra people and collective labels do not enumerate unshown members."
UAG:s0128,128,130,OPS/images/08_X10000_000062_1_130_001.jpg,85d113c398f594362accb7052c10be300d2091d77f166b72be91ddc08d8a1216,VISUAL_ORIGINAL_IMAGE: actual original file viewed with detail=original; tool may render a resized display. No OCR substitution.,models,REVIEWED_MATERIAL,"Edgeshot's later overseas restoration treatment and pending return, Bakugo resuscitation and reciprocal gratitude, concealed-expression costume and thin-body technique.",SUP-UAG-128-01; SUP-UAG-128-02,All meaningful visible text and profile/visual context reviewed; selective distinct claims retained.,,Edgeshot; Bakugo Katsuki,"Individual named, role-identified or confidently visually identified diegetic subjects; aliases are not extra people and collective labels do not enumerate unshown members."
UAG:s0129,129,131,OPS/images/08_X10000_000062_1_131_001.jpg,7e3b87cffbf524d679a0fbd3916fa96e04cbccdef3441508f63127cce1d782c3,VISUAL_ORIGINAL_IMAGE: actual original file viewed with detail=original; tool may render a resized display. No OCR substitution.,models,REVIEWED_MATERIAL,"Edgeshot's stealth entry, leadership against the liberation army, Re-Destro defeat and Bakugo repair; earlier handicrafts-club relationship with Best Jeanist and Mirko's teasing about joining a team.",SUP-UAG-129-01,All meaningful visible text and profile/visual context reviewed; selective distinct claims retained.,,Edgeshot; All Might; Bakugo Katsuki; Kurogiri; Magne; Re-Destro; Mirko; Best Jeanist; Midoriya Izuku; Shigaraki Tomura,"Individual named, role-identified or confidently visually identified diegetic subjects; aliases are not extra people and collective labels do not enumerate unshown members."
UAG:s0130,130,132,OPS/images/08_X10000_000062_1_132_001.jpg,72cba436f35d58ed529fd8d7925ab0779f5ba1aa246015934fb46fb4db5421ce,VISUAL_ORIGINAL_IMAGE: actual original file viewed with detail=original; tool may render a resized display. No OCR substitution.,models,REVIEWED_MATERIAL,"Present Mic as continuing teacher, entertainer and radio DJ; English teaching, students called listeners, school-event commentary, headphones, directional speaker and commercial eyewear.",SUP-UAG-130-01,All meaningful visible text and profile/visual context reviewed; selective distinct claims retained.,,Present Mic; Aizawa Shota,"Individual named, role-identified or confidently visually identified diegetic subjects; aliases are not extra people and collective labels do not enumerate unshown members."
UAG:s0131,131,133,OPS/images/08_X10000_000062_1_133_001.jpg,3a4642ef781b64a6252450c0982dc08e4f493788258a9802a334c36d16bd54c8,VISUAL_ORIGINAL_IMAGE: actual original file viewed with detail=original; tool may render a resized display. No OCR substitution.,models,REVIEWED_MATERIAL,"Present Mic's insect defeat in the exam, anger at Garaki's use of restorative technology, hesitation over Shirakumo/Kurogiri, and the trio's never-realized agency dream.",SUP-UAG-131-01; SUP-UAG-131-02,All meaningful visible text and profile/visual context reviewed; selective distinct claims retained.,,Present Mic; Koda Koji; Jiro Kyoka; Aizawa Shota; Garaki Kyudai; Shirakumo Oboro; Kurogiri; Spinner; Shigaraki Tomura; Midoriya Izuku,"Individual named, role-identified or confidently visually identified diegetic subjects; aliases are not extra people and collective labels do not enumerate unshown members."
UAG:s0132,132,134,OPS/images/08_X10000_000062_1_134_001.jpg,f7fa4f24f842c9025dfacae1c18f9c26e9429bc2d5a1cb54e055456e5beda68c,VISUAL_ORIGINAL_IMAGE: actual original file viewed with detail=original; tool may render a resized display. No OCR substitution.,models,REVIEWED_MATERIAL,"Mirko's post-discharge overseas action with local heroes, newly appreciated teamwork, Bakugo rapport and prosthetic equipment made partly from existing robots.",SUP-UAG-132-01; SUP-UAG-132-02,All meaningful visible text and profile/visual context reviewed; selective distinct claims retained.,,Mirko; Bakugo Katsuki; All For One,"Individual named, role-identified or confidently visually identified diegetic subjects; aliases are not extra people and collective labels do not enumerate unshown members."
UAG:s0133,133,135,OPS/images/08_X10000_000062_1_135_001.jpg,59d41dd0ab48cce91b6358f2a2a2ea2f54f843a6b9fb42017e1e865b6741aa56,VISUAL_ORIGINAL_IMAGE: actual original file viewed with detail=original; tool may render a resized display. No OCR substitution.,models,REVIEWED_MATERIAL,"Mirko's rapid hospital assault and incomplete prevention of Shigaraki's awakening, severe injury and later biting resistance; impulsive language and kicking gags.",SUP-UAG-133-01,All meaningful visible text and profile/visual context reviewed; selective distinct claims retained.,,Mirko; Garaki Kyudai; Shigaraki Tomura; Bakugo Katsuki; Todoroki Enji / Endeavor; Takami Keigo / Hawks; Edgeshot; Best Jeanist; Todoroki Toya / Dabi,"Individual named, role-identified or confidently visually identified diegetic subjects; aliases are not extra people and collective labels do not enumerate unshown members."
UAG:s0134,134,136,OPS/images/08_X10000_000062_1_136_001.jpg,99472fab712823bedbe54f8c6ea1897efb54a999c821496bfb49096679b844fe,VISUAL_ORIGINAL_IMAGE: actual original file viewed with detail=original; tool may render a resized display. No OCR substitution.,models,REVIEWED_MATERIAL,"Ryukyu profile and present cultivation of successors, mentorship of Hado/Ochako/Asui, practical dragon-compatible costume and claw ornament.",SUP-UAG-134-01,All meaningful visible text and profile/visual context reviewed; selective distinct claims retained.,,Ryukyu; Hado Nejire; Uraraka Ochako; Asui Tsuyu; Sir Nighteye,"Individual named, role-identified or confidently visually identified diegetic subjects; aliases are not extra people and collective labels do not enumerate unshown members."
UAG:s0135,135,137,OPS/images/08_X10000_000062_1_137_001.jpg,a797c33a8b6d76c2c32b7f93e3046e8ae8a521da25993875ba576008aa56ebfa,VISUAL_ORIGINAL_IMAGE: actual original file viewed with detail=original; tool may render a resized display. No OCR substitution.,models,REVIEWED_MATERIAL,"Ryukyu's coordinated rescue and war roles, Gashly confrontation, careful mentoring from difficult rookie experience, and refusal of praise after a life not saved.",SUP-UAG-135-01,All meaningful visible text and profile/visual context reviewed; selective distinct claims retained.,Small background ranking-ceremony and battle participants are not all individually identified; no invented expansion from group images.,Ryukyu; Katsukame Rikiya; Twice / Bubaigawara Jin; Mr. Compress; Uraraka Ochako; Asui Tsuyu; Hado Nejire; Sir Nighteye; Shigaraki Tomura; Todoroki Enji / Endeavor; Aizawa Shota; Gashly; Crust,"Individual named, role-identified or confidently visually identified diegetic subjects; aliases are not extra people and collective labels do not enumerate unshown members."
UAG:s0136,136,138,OPS/images/08_X10000_000062_1_138_001.jpg,05dd8d991a9888a6be6cdddf0a98179b7e812eea4e678eb8d3484d131a3c6e6b,VISUAL_ORIGINAL_IMAGE: actual original file viewed with detail=original; tool may render a resized display. No OCR substitution.,models,REVIEWED_MATERIAL,"Fat Gum's present popularity with prospective staff, confidence-building mentorship of Amajiki and Kirishima, swift morale-breaking tactics and adaptable costume.",SUP-UAG-136-01,All meaningful visible text and profile/visual context reviewed; selective distinct claims retained.,,Fat Gum; Amajiki Tamaki; Kirishima Eijiro; Kendo Rappa,"Individual named, role-identified or confidently visually identified diegetic subjects; aliases are not extra people and collective labels do not enumerate unshown members."
UAG:s0137,137,139,OPS/images/08_X10000_000062_1_139_001.jpg,8038374b121302ee8ee2e40436c4203490211a1183d9f79a2d6ebe2699cde36d,VISUAL_ORIGINAL_IMAGE: actual original file viewed with detail=original; tool may render a resized display. No OCR substitution.,models,REVIEWED_MATERIAL,"Fat Gum's Kirishima partnership, transport support and final-war defeat by Kunieda; three perseverance/trust principles with a concrete failure beside them.",SUP-UAG-137-01,All meaningful visible text and profile/visual context reviewed; selective distinct claims retained.,,Fat Gum; Sir Nighteye; Aizawa Shota; Kirishima Eijiro; Kendo Rappa; Tengai Hekiji; Amajiki Tamaki; Tokoyami Fumikage; Aoyama Yuga; Hagakure Toru; Kunieda,"Individual named, role-identified or confidently visually identified diegetic subjects; aliases are not extra people and collective labels do not enumerate unshown members."
UAG:s0138,138,140,OPS/images/08_X10000_000062_1_140_001.jpg,6d001a2912882ea7e3593c36a4aefcd3ab70f860d66067d36eddb5b364d311d5,VISUAL_ORIGINAL_IMAGE: actual original file viewed with detail=original; tool may render a resized display. No OCR substitution.,models,REVIEWED_MATERIAL,"Nighteye profile, Mirio's current inheritance of the unchanged agency name, the movement from intended OFA successor to personally valued pupil, and investigative suit/equipment.",SUP-UAG-138-01,All meaningful visible text and profile/visual context reviewed; selective distinct claims retained.,,Sir Nighteye; All Might; Togata Mirio; Midoriya Izuku,"Individual named, role-identified or confidently visually identified diegetic subjects; aliases are not extra people and collective labels do not enumerate unshown members."
UAG:s0139,139,141,OPS/images/08_X10000_000062_1_141_001.jpg,29b08407b2da91b1fdc6775d298830eeec2abbb945002095e567738a0d53c68c,VISUAL_ORIGINAL_IMAGE: actual original file viewed with detail=original; tool may render a resized display. No OCR substitution.,models,REVIEWED_MATERIAL,"Nighteye's fatal Eri rescue operation, reconciliation with All Might and altered-future motif; All Might memorabilia and coercive workplace-humor gag.",SUP-UAG-139-01; SUP-UAG-139-02,All meaningful visible text and profile/visual context reviewed; selective distinct claims retained.,,Sir Nighteye; Eri; Chisaki Kai / Overhaul; Midoriya Izuku; All Might; Uraraka Ochako; Ryukyu; Bakugo Katsuki; Togata Mirio; Bubble Girl,"Individual named, role-identified or confidently visually identified diegetic subjects; aliases are not extra people and collective labels do not enumerate unshown members."
UAG:s0140,140,142,OPS/images/08_X10000_000062_1_142_001.jpg,ee428c151287fd1def2eb067fedababf322ecdc67d92a636eed8ecaac0c33c38,VISUAL_ORIGINAL_IMAGE: actual original file viewed with detail=original; tool may render a resized display. No OCR substitution.,models,REVIEWED_MATERIAL,"Mt. Lady's movement toward sustained civic duty, student media instruction, and equipment associated with changed public work.",SUP-UAG-140-01,All meaningful visible text and profile/visual context reviewed; selective distinct claims retained.,The small classroom inset includes additional pupils not all securely identified; no expanded count from the class collective.,Mt. Lady; Bakugo Katsuki; Todoroki Shoto; Mineta Minoru,"Individual named, role-identified or confidently visually identified diegetic subjects; aliases are not extra people and collective labels do not enumerate unshown members."
UAG:s0141,141,143,OPS/images/08_X10000_000062_1_143_001.jpg,97e1af428202ce5fc9809fc0e855f58df017b77f6d376bff2603a84d14ea0af3,VISUAL_ORIGINAL_IMAGE: actual original file viewed with detail=original; tool may render a resized display. No OCR substitution.,models,REVIEWED_MATERIAL,"Mt. Lady shields Bakugo at Kamino, trusts student intervention against Gigantomachia and fights without reward against All For One; a personal-looking-men ranking column remains beside that growth.",SUP-UAG-141-01; SUP-UAG-141-02,All meaningful visible text and profile/visual context reviewed; selective distinct claims retained.,,Mt. Lady; All For One; Bakugo Katsuki; Mr. Compress; Gigantomachia; Kodai Yui; Todoroki Shoto; Iida Tenya; Kamui Woods; Best Jeanist,"Individual named, role-identified or confidently visually identified diegetic subjects; aliases are not extra people and collective labels do not enumerate unshown members. Group-associated characters absent from explicit text/secure image identification were removed from the page census; relational evidence tags can remain broader."
UAG:s0142,142,144,OPS/images/08_X10000_000062_1_144_001.jpg,1bfe76cab754c9a112c255dfd8d99ca3d9005b0c463c8c3cf81df80504dc1ca6,VISUAL_ORIGINAL_IMAGE: actual original file viewed with detail=original; tool may render a resized display. No OCR substitution.,models,REVIEWED_MATERIAL,"Kamui Woods' present prominence with Mt. Lady, Kamino capture and casualty rescue, first-war cooperation and injury, and response to Endeavor's subsequent call.",SUP-UAG-142-01,All meaningful visible text and profile/visual context reviewed; selective distinct claims retained.,,Kamui Woods; All Might; Todoroki Enji / Endeavor; All For One; Mt. Lady; Best Jeanist; Bakugo Katsuki; Todoroki Toya / Dabi; Midnight; Gigantomachia; Mr. Compress; Twice / Bubaigawara Jin; Spinner; Toga Himiko,"Individual named, role-identified or confidently visually identified diegetic subjects; aliases are not extra people and collective labels do not enumerate unshown members."
UAG:s0143,143,145,OPS/images/08_X10000_000062_1_145_001.jpg,d5b21cb0361a86a2b8a43254c88508be21df19bb4e1aa095fc8b7accda3bc78c,VISUAL_ORIGINAL_IMAGE: actual original file viewed with detail=original; tool may render a resized display. No OCR substitution.,models,REVIEWED_MATERIAL,"Midnight's posthumous popularity, serious teaching and student trust, early recognition of Yaoyorozu's leadership and final delegation before her death.",SUP-UAG-143-01; SUP-UAG-143-02,All meaningful visible text and profile/visual context reviewed; selective distinct claims retained.,,Midnight; Yaoyorozu Momo; Kamui Woods; Gigantomachia; Shigaraki Tomura,"Individual named, role-identified or confidently visually identified diegetic subjects; aliases are not extra people and collective labels do not enumerate unshown members."
UAG:s0144,144,146,OPS/images/08_X10000_000062_1_146_001.jpg,9f42a3f0e2505f8c69265d04a096b6e02fa2dd249803b2dbf81de5147ae23238,VISUAL_ORIGINAL_IMAGE: actual original file viewed with detail=original; tool may render a resized display. No OCR substitution.,models,REVIEWED_MATERIAL,Cementoss remains a U.A. teacher; captures Geten despite injury and supports construction and real-time repair of the floating battlefield.,SUP-UAG-144-01,All meaningful visible text and profile/visual context reviewed; selective distinct claims retained.,,Cementoss; Geten; Shigaraki Tomura; Yaoyorozu Momo; Hatsume Mei,"Individual named, role-identified or confidently visually identified diegetic subjects; aliases are not extra people and collective labels do not enumerate unshown members."
UAG:s0145,145,147,OPS/images/08_X10000_000062_1_147_001.jpg,c35b8a6f0b6fd323aee13e8cd8b402bc7b9fc8e39fcfd122bde27d90c12cd4b5,VISUAL_ORIGINAL_IMAGE: actual original file viewed with detail=original; tool may render a resized display. No OCR substitution.,models,REVIEWED_MATERIAL,"Ectoplasm's mathematics teaching, independent clone instruction, construction labor, enlarged clone capacity during second-war preparation and a solo chorus school attraction.",SUP-UAG-145-01; SUP-UAG-145-02,All meaningful visible text and profile/visual context reviewed; selective distinct claims retained.,The Class A training montage explicitly concerns twenty pupils but not all small faces are independently identified here; this collective does not create twenty extra census rows.,Ectoplasm; Ojiro Mashirao; Tokoyami Fumikage; Asui Tsuyu; Sero Hanta; Sato Rikido; Mineta Minoru; Yaoyorozu Momo; Hatsume Mei; Power Loader; Cementoss; Shigaraki Tomura,"Individual named, role-identified or confidently visually identified diegetic subjects; aliases are not extra people and collective labels do not enumerate unshown members."
UAG:s0146,146,,OPS/images/08_X10000_000062_1_148_001.jpg,aaa1e2356f0adb6d13e5c8882beb24d5386fbd05591d65a78869fd9122ce3fc8,VISUAL_ORIGINAL_IMAGE: actual original file viewed with detail=original; tool may render a resized display. No OCR substitution. Bottom-edge original-pixel crop personally viewed to confirm missing printed folio.,models,REVIEWED_MATERIAL,Thirteen's renovation and expanded name for USJ; Power Loader's construction/design work and disputed personal framing of his widely recognized mentorship of Hatsume.,SUP-UAG-146-01; SUP-UAG-146-02,All meaningful visible text and profile/visual context reviewed; selective distinct claims retained.,"No printed folio is visible on the original, confirmed by a full-width bottom-edge crop; do not infer 148 from spine offset.",Thirteen; Shigaraki Tomura; Power Loader; Hatsume Mei,"Individual named, role-identified or confidently visually identified diegetic subjects; aliases are not extra people and collective labels do not enumerate unshown members."
UAG:s0147,147,149,OPS/images/08_X10000_000062_1_149_001.jpg,2b58dbb7ac83ec2161ae895c3178ca09cc88f518b1847f7c55d4ecab4953a449,VISUAL_ORIGINAL_IMAGE: actual original file viewed with detail=original; tool may render a resized display. No OCR substitution.,models,REVIEWED_MATERIAL,"Hound Dog now owns a dog park; earlier culture-festival discipline. Vlad King still teaches and now socializes over drinks with Monoma and others, after historical forest-camp protection.",SUP-UAG-147-01; SUP-UAG-147-02,All meaningful visible text and profile/visual context reviewed; selective distinct claims retained.,,Hound Dog; Midoriya Izuku; Gentle Criminal; Vlad King; Monoma Neito; Todoroki Toya / Dabi; Twice / Bubaigawara Jin; Aizawa Shota; Kirishima Eijiro,"Individual named, role-identified or confidently visually identified diegetic subjects; aliases are not extra people and collective labels do not enumerate unshown members."
UAG:s0148,148,150,OPS/images/08_X10000_000062_1_150_001.jpg,13bd56ec23629719e32b055ec890f6f1dafdc01c8078071ea5d019e13f342cb9,VISUAL_ORIGINAL_IMAGE: actual original file viewed with detail=original; tool may render a resized display. No OCR substitution.,models,REVIEWED_MATERIAL,"Nezu remains principal; tactical exam cruelty framing, recruitment of All Might, private funding and negotiations for refuge and the floating fortress.",SUP-UAG-148-01,All meaningful visible text and profile/visual context reviewed; selective distinct claims retained.,,Nezu; All Might; Ashido Mina; Kaminari Denki,"Individual named, role-identified or confidently visually identified diegetic subjects; aliases are not extra people and collective labels do not enumerate unshown members."
UAG:s0149,149,151,OPS/images/08_X10000_000062_1_151_001.jpg,89523b2fa34ec9ca8e4b559d1dc3d777284fc973458f094ce2a776a3f4bf5427,VISUAL_ORIGINAL_IMAGE: actual original file viewed with detail=original; tool may render a resized display. No OCR substitution.,models,REVIEWED_MATERIAL,"Wash's child popularity, broad sidekick intake, sterile rescue bubbles and evacuation; Majestic's recognition of Yaoyorozu, fatal student rescue and continuing influence after death.",SUP-UAG-149-01; SUP-UAG-149-02,All meaningful visible text and profile/visual context reviewed; selective distinct claims retained.,Several pupils in Majestic's small rescue-ring inset are not individually identified from that image; the text's U.A. student collective is retained without invented names.,Wash; Shigaraki Tomura; Majestic; Yaoyorozu Momo; Gigantomachia,"Individual named, role-identified or confidently visually identified diegetic subjects; aliases are not extra people and collective labels do not enumerate unshown members."
UAG:s0150,150,152,OPS/images/08_X10000_000062_1_152_001.jpg,cc10443a23d2dc66c621598366a620ecfcf0f8aa79589b87ab83aa02e2a7828a,VISUAL_ORIGINAL_IMAGE: actual original file viewed with detail=original; tool may render a resized display. No OCR substitution.,models,REVIEWED_MATERIAL,Mandalay's ongoing operational communication and Pussycats care of Eri after separation from the Hassaikai; Pixie-Bob's later marriage and continuing team activity.,SUP-UAG-150-01; SUP-UAG-150-02,All meaningful visible text and profile/visual context reviewed; selective distinct claims retained.,,Mandalay; Eri; Hassaikai boss; Pixie-Bob; Tiger; Twice / Bubaigawara Jin; Power Loader; Snipe; Pixie-Bob's unnamed hero spouse,"Individual named, role-identified or confidently visually identified diegetic subjects; aliases are not extra people and collective labels do not enumerate unshown members. Group-associated characters absent from explicit text/secure image identification were removed from the page census; relational evidence tags can remain broader."
UAG:s0151,151,153,OPS/images/08_X10000_000062_1_153_001.jpg,6895a05c0ecbd007efcf3df05f6e94784cf680d05e7efbe68e75de776f5f7e17,VISUAL_ORIGINAL_IMAGE: actual original file viewed with detail=original; tool may render a resized display. No OCR substitution.,models,REVIEWED_MATERIAL,"Tiger's combat support and popular boot-camp program; Ragdoll's role initiating that program, continuing office work after Search theft and participation in trusted final-war planning.",SUP-UAG-151-01; SUP-UAG-151-02,All meaningful visible text and profile/visual context reviewed; selective distinct claims retained.,,Tiger; Ragdoll; Twice / Bubaigawara Jin; Toga Himiko; Kamui Woods; All For One; Shigaraki Tomura; All Might; Todoroki Toya / Dabi,"Individual named, role-identified or confidently visually identified diegetic subjects; aliases are not extra people and collective labels do not enumerate unshown members. Group-associated characters absent from explicit text/secure image identification were removed from the page census; relational evidence tags can remain broader."
UAG:s0152,152,,OPS/images/08_X10000_000062_1_154_001.jpg,ee4efcc905e2aa79777bf02cd4278923897c744da6aeb772f5b80040dcc32e07,VISUAL_ORIGINAL_IMAGE,source,REVIEWED_MATERIAL,Manual and Rock Lock profiles: Manual naming aspiration and Monoma public praise; Erasure eye-wetting recap. Rock Lock concern and continuing contact with Midoriya; entrusts Nagant a terminal under his own responsibility in the final battle. Biographical fields read; no visible folio verified.,SUP-UAG-152-01; SUP-UAG-152-02,Profile present and recalled battle are distinct; the bottom image does not yield a verified printed folio.,,Manual / Mizushima Masaki; Rock Lock / Takagi Ken; Monoma Neito; Aizawa Shota; Midoriya Izuku; Lady Nagant; Shigaraki Tomura,"Full named or visually identified subject census from this page, separate from selective evidence subjects. Unnamed figures and collective labels stay explicitly unidentified; no additional members inferred."
UAG:s0153,153,155,OPS/images/08_X10000_000062_1_155_001.jpg,adcfd814c2df7304d52acb9849342a4a4b97b771affb112cfc2281fe9dcb3310,VISUAL_ORIGINAL_IMAGE,source,REVIEWED_MATERIAL,"Crust and Death Arms: Crust sacrifice and later public remembrance by Aizawa; unknown personal fields retained. Death Arms retirement, reawakened rescue response and increased postwar dedication/support; birthday November1, AB, Nara.",SUP-UAG-153-01; SUP-UAG-153-02,Recapped rescue separated from new public-reception or continuing-conduct assertions.,,Crust; Aizawa Shota; Unnamed Nomu holding Aizawa; Death Arms; All For One; Evacuating civilians (collective),"Full named or visually identified subject census from this page, separate from selective evidence subjects. Unnamed figures and collective labels stay explicitly unidentified; no additional members inferred."
UAG:s0154,154,156,OPS/images/08_X10000_000062_1_156_001.jpg,99f8026da5fd097579419744f6988623ae7eca91feb11da5eb23af2aac474bf2,VISUAL_ORIGINAL_IMAGE,source,REVIEWED_MATERIAL,Seven pro roundup: Gunhead martial-art diffusion through Ochako; Ms. Joke continues teasing Aizawa and now involves Midoriya; Yoroi Musha retirement backlash; X-Less death; Sirius independence after Okuto battle; Selkie and Shishido first-war participation.,SUP-UAG-154-01; SUP-UAG-154-02,Every roundup prose block read; independence and teaching influence need source-stage retention.,,Gunhead; Uraraka Ochako; Ms. Joke; Aizawa Shota; Midoriya Izuku; Yoroi Musha; X-Less; Shigaraki Tomura; Sirius; Selkie; Shishido; Dabi; Nomu (collective),"Full named or visually identified subject census from this page, separate from selective evidence subjects. Unnamed figures and collective labels stay explicitly unidentified; no additional members inferred."
UAG:s0155,155,157,OPS/images/08_X10000_000062_1_157_001.jpg,df8f038f32aaaa32c41f6374616d6a3467362977653cdadbef5356bcd36d42e3,VISUAL_ORIGINAL_IMAGE,source,REVIEWED_MATERIAL,Eight heroes: Burnin now independent agency; Onima and Kido accompany retired Endeavor. Salaam blocked from aid and angry; Big Red Dot acts for friends; Skycrawler moved from Japan to US; unknown Astro answered Aizawa and persists; UK Elecplant has met All Might.,SUP-UAG-155-01; SUP-UAG-155-02,Directly named fanbook subjects are in census; this page does not admit whole related publications or infer unprinted real names.,,Burnin; Onima; Kido; Endeavor / Todoroki Enji; Salaam; Big Red Dot; The Skycrawler; Astro; Aizawa Shota; Elecplant; All Might,"Full named or visually identified subject census from this page, separate from selective evidence subjects. Unnamed figures and collective labels stay explicitly unidentified; no additional members inferred."
UAG:s0156,156,158,OPS/images/08_X10000_000062_1_158_001.jpg,d05cd3c5a67e92539b6ecc6c64c61919978eca73b148e9701f7b58546a672581,VISUAL_ORIGINAL_IMAGE,source,REVIEWED_MATERIAL,After Episode: Pro Heroes opener and aftermath. Endeavor dedicates remaining life to Toya and atonement; family speak with Toya and Shoto asks favorite food; Toya tear; Edgeshot survival and gradual recovery; surviving pros rebuild infrastructure and maintain safety/patrols.,SUP-UAG-156-01; SUP-UAG-156-02,This section explicitly concerns after the final battle; it retells manga events rather than narrating new bonus fiction.,,Endeavor / Todoroki Enji; Dabi / Todoroki Toya; Todoroki Rei; Todoroki Natsuo; Todoroki Fuyumi; Todoroki Shoto; Edgeshot; Bakugo Katsuki; Fat Gum; Kamui Woods; Shigaraki Tomura,"Full named or visually identified subject census from this page, separate from selective evidence subjects. Unnamed figures and collective labels stay explicitly unidentified; no additional members inferred."
UAG:s0157,157,159,OPS/images/08_X10000_000062_1_159_001.jpg,f71c3060b3f8af18dd4c410667cd8f6eadd3c26afe0687986e8c2591304f0510,VISUAL_ORIGINAL_IMAGE,source,REVIEWED_MATERIAL,After Episode continuation: Aizawa/Mic teach and Mic chart45; Cementoss newfirstyearclass; Hawks new HPSC presidency and broadened heroes proposal; Mirko prostheses and Mt.Lady rank3; recovered All Might returns from abroad with support suit.,SUP-UAG-157-01; SUP-UAG-157-02,Immediate reconstruction and adult roles share a recap page; do not force one numerical age or chronological instant on all panels.,,Aizawa Shota; Present Mic / Yamada Hizashi; Midoriya Izuku; Cementoss; Unnamed new first-year students (collective); Hawks; Endeavor / Todoroki Enji; Mera Yoshikazu; Best Jeanist; Mirko; Mt. Lady; All Might,"Full named or visually identified subject census from this page, separate from selective evidence subjects. Unnamed figures and collective labels stay explicitly unidentified; no additional members inferred."
UAG:s0158,158,160,OPS/images/08_X10000_000062_1_160_001.jpg,e20c3c1762d6b15c8917a1a225a88055f0c503970ab130f5f1a46236113a194f,VISUAL_ORIGINAL_IMAGE,source,REVIEWED_MATERIAL,"Tsukauchi refuses promotion and stays in field; Ethan Drive squad leader now military-school instructor; Melissa Quirkless scientist ambition, All Might suit role, friendship and armor information-sharing with Hatsume. All pictured speech/retrospective panels read.",SUP-UAG-158-01; SUP-UAG-158-02; SUP-UAG-158-03,,,Tsukauchi Naomasa; All Might; Ethan Drive; Star and Stripe; Shigaraki Tomura; Melissa Shield; Melissa father (unnamed in this page); Hatsume Mei; Midoriya Izuku; All For One,"Full named or visually identified subject census from this page, separate from selective evidence subjects. Unnamed figures and collective labels stay explicitly unidentified; no additional members inferred."
UAG:s0159,159,161,OPS/images/08_X10000_000062_1_161_001.jpg,d27ddc673d4bb13222e30b4123de69f5e0981e526ad1894ef2cd31211187d17a,VISUAL_ORIGINAL_IMAGE,source,REVIEWED_MATERIAL,Civilian/military/media roundup: All Might last rescued woman keeps faith; Agpar aided Star; Meryl continues news; Kurumada supports Endeavor; Yagi Toshie ordinary memories; Yoshida hospital awards; confined boy named Terumoto Koki; borrowed All Might-shirt returned cleaned; shuriken-head man composure.,SUP-UAG-159-01; SUP-UAG-159-02,Initial name uncertainty closed by original-image re-view of s0159 and narrow TOC s0009 comparison; root independently corroborated the glyphs. No new full-page s0009 coverage claimed here.,,Tamaashi Moko / 珠葦萌胡; All Might; Timothy Agpar; Star and Stripe; Shigaraki Tomura; Meryl Hope; Kurumada Untenmaru; Endeavor; Yagi Toshie / 八木俊江; Yoshida Ryu / 吉田竜; Midoriya Izuku; Terumoto Koki / 照元光輝; All Might T-shirt boy (unnamed); Shuriken-head man (unnamed),"Full named or visually identified subject census from this page, separate from selective evidence subjects. Unnamed figures and collective labels stay explicitly unidentified; no additional members inferred."
UAG:s0160,160,162,OPS/images/08_X10000_000062_1_162_001.jpg,19562c0dc037314acbbc9b761b7de65ccfbf693fc320e2230298eeec121a95d6,VISUAL_ORIGINAL_IMAGE,source,REVIEWED_MATERIAL,"World GuideII opens with villain definition: harmful Quirk crime, varied purposes, social darkness, malice heading; villain-name origin marked one account; societal replacement motive described as many, illustrated by separate actors.",SUP-UAG-160-01,,,Shigaraki Tomura; Dabi; Toga Himiko; Twice; Spinner; Mr. Compress; Re-Destro; Geten; Skeptic; Trumpet; Overhaul; Magne,"Full named or visually identified subject census from this page, separate from selective evidence subjects. Unnamed figures and collective labels stay explicitly unidentified; no additional members inferred."
UAG:s0161,161,163,OPS/images/08_X10000_000062_1_163_001.jpg,8f06e538d69c61b8a4f273331f1033dce87e6d53159a3bdc77e114dedd29f43e,VISUAL_ORIGINAL_IMAGE,source,REVIEWED_MATERIAL,"Seven proposed crime factors: overconfidence in power, heteromorph discrimination, ideological following, family conflict, frustrated recognition, differing values and free Quirk use. Spinner/Shigaraki, Gentle/LaBrava and robbery examples retain distinct speakers.",SUP-UAG-161-01; SUP-UAG-161-02,"Editorial taxonomy is a source frame, not diagnosis or a necessary/sufficient criminality rule.",,Spinner; Shigaraki Tomura; Stain; Gentle Criminal; La Brava; Unnamed purse-snatching villain; Unnamed robbery victim,"Full named or visually identified subject census from this page, separate from selective evidence subjects. Unnamed figures and collective labels stay explicitly unidentified; no additional members inferred."
UAG:s0162,162,164,OPS/images/08_X10000_000062_1_164_001.jpg,c5d8dc97d12d59e9bed8215c93af67ab56d932ea048b67d5c7bd7267a49568d4,VISUAL_ORIGINAL_IMAGE,source,REVIEWED_DUPLICATE,Historical organization overview: PLF merger and over100000 strength; League role and original aim; MLA ideology and four leaders; Hassaikai evades police and deals illegal drugs. Reprinted events and prospective language inspected.,,Organizational structures and merger are dependent historical recap; present-tense descriptions do not reconstitute these groups at the ending.,,Shigaraki Tomura; Dabi; Toga Himiko; Twice; Mr. Compress; Spinner; Gigantomachia; Re-Destro / Yotsubashi Rikiya; Skeptic / Chikazoku Tomoyasu; Trumpet / Hanabata Koku; Geten; Curious / Kizuki Chitose; Kurogiri; Magne; Overhaul; Chronostasis; PLF members (collective),"Full named or visually identified subject census from this page, separate from selective evidence subjects. Unnamed figures and collective labels stay explicitly unidentified; no additional members inferred."
UAG:s0163,163,,OPS/images/08_X10000_000062_1_165_001.jpg,665be6754d41a07f7be3900196ade05be21e5ab1160aae7c4a8d9e75a1bddd27,VISUAL_ORIGINAL_IMAGE,source,REVIEWED_NO_MATERIAL_ADDITION,"Chapter3 Villain Episode divider: Shigaraki close-up with hand mask, source caption distinguishes social collapse and revenge motives.",,"Divider actually viewed; no visible folio and no new independent behavior, identity or historical event.",,Shigaraki Tomura,"Full named or visually identified subject census from this page, separate from selective evidence subjects. Unnamed figures and collective labels stay explicitly unidentified; no additional members inferred."
UAG:s0164,164,166,OPS/images/08_X10000_000062_1_166_001.jpg,b4a6d5075ce5a34306701016f10486a76dd63607ed2c5a22e791ff037927031d,VISUAL_ORIGINAL_IMAGE,source,REVIEWED_MATERIAL,"Shigaraki profile: Tenko identity, Decay/AFO, birthday4April, unknown blood type; cruelty and trust in League; destruction develops beyond hero society, but final insistence on being villains hero remains.",SUP-UAG-164-01,,,Shigaraki Tomura / Shimura Tenko; All For One; Midoriya Izuku; Toga Himiko; Twice; Spinner; Mr. Compress; Dabi; Re-Destro,"Full named or visually identified subject census from this page, separate from selective evidence subjects. Unnamed figures and collective labels stay explicitly unidentified; no additional members inferred."
UAG:s0165,165,167,OPS/images/08_X10000_000062_1_167_001.jpg,7518221dd307159a7dc8bb3472f91c5c15cd3e38e17a4783ccf0a4e90f0ae45d,VISUAL_ORIGINAL_IMAGE,source,REVIEWED_MATERIAL,"Shigaraki trigger/family/mechanics: AFO supplied Decay; father-directed killing intent distinguished from accident/panic; six people and dog household with Nana hidden from children. Modified physical growth, controllable/spreading Decay, AFO and multipleQuirks.",SUP-UAG-165-01; SUP-UAG-165-02,,,Shigaraki Tomura / Shimura Tenko; All For One; Shimura Kotaro; Shimura Nao; Shimura Hana; Mon-chan (family dog); Chizuo; Mako; Shimura Nana; Eraser Head / Aizawa Shota,"Full named or visually identified subject census from this page, separate from selective evidence subjects. Unnamed figures and collective labels stay explicitly unidentified; no additional members inferred."
UAG:s0166,166,168,OPS/images/08_X10000_000062_1_168_001.jpg,526893de63e9ec538494b08cc470b3572c82d2b9cd2df1f0fa45c0305edcebf3,VISUAL_ORIGINAL_IMAGE,source,REVIEWED_MATERIAL,Activity chronology: AFO pickup and first street killings; USJ; Hosu negotiations/travel then separate aims; Midoriya shopping-center encounter; camp trust-loss/kidnapping; Kamino. Sidebar explicitly says AFO supplied games for thought learning.,SUP-UAG-166-01; SUP-UAG-166-02,,,Shigaraki Tomura; All For One; Two provoking street men (unnamed); All Might; USJ Nomu; Midoriya Izuku; Stain; Nomu (Hosu collective); Bakugo Katsuki; Spinner,"Full named or visually identified subject census from this page, separate from selective evidence subjects. Unnamed figures and collective labels stay explicitly unidentified; no additional members inferred."
UAG:s0167,167,169,OPS/images/08_X10000_000062_1_169_001.jpg,e5689b852726a2aec514694d434d8caee481f3c21791edcaf18ffec090a02e10,VISUAL_ORIGINAL_IMAGE,source,REVIEWED_MATERIAL,"Chronology: convoy attack informed by Toga; Overhaul bodily/mental harm and bullets stolen; month-and-half-plus Machia trial and Garaki value-test; Deika population90percentMLAwarriors, awakening and leadership; broad knowledge probably AFO education.",SUP-UAG-167-01,Historical acts retained as recap; editorial inference about broad knowledge remains qualified.,,Shigaraki Tomura; Toga Himiko; Overhaul / Chisaki Kai; Dabi; Spinner; Mr. Compress; Gigantomachia; Garaki Kyudai; All For One; Re-Destro; Deika residents (collective),"Full named or visually identified subject census from this page, separate from selective evidence subjects. Unnamed figures and collective labels stay explicitly unidentified; no additional members inferred."
UAG:s0168,168,170,OPS/images/08_X10000_000062_1_170_001.jpg,ab3fb274a84604463d7260a8fb8728cbcc66c8e30caabfdb3a7e98344e47333e,VISUAL_ORIGINAL_IMAGE,source,REVIEWED_MATERIAL,"War, Tartarus and Star sequence: incomplete modification but copied AFOpowers; resistance to will takeover; Tartarus explicitly AFOwill; StarQuirk stolen then destroys otherQuirks; ongoing identity mixing and remembered Midoriya.",SUP-UAG-168-01,,,Shigaraki Tomura; All For One; Endeavor; Gigantomachia; Near High-End Nomu (collective); Shimura Nana; Shimura Nao; Shimura Hana; Star and Stripe; Midoriya Izuku,"Full named or visually identified subject census from this page, separate from selective evidence subjects. Unnamed figures and collective labels stay explicitly unidentified; no additional members inferred."
UAG:s0169,169,171,OPS/images/08_X10000_000062_1_171_001.jpg,f78bc4becece1ee5c12cfa3c6afe0fb6a45070ba1c28108b91229d402c175b36,VISUAL_ORIGINAL_IMAGE,source,REVIEWED_MATERIAL,"Finalbattle: rootofhatred hidden against assimilation, regains bodilycontrol for own destruction rather than OFAtheft, AFOreturns, deathwithAFO; all-choice engineering caption beside revealed memories and final message to friend.",SUP-UAG-169-01,Different control/agency states and final wish remain visible; no additional event or total lack of personhood inferred.,,Shigaraki Tomura; All For One; Midoriya Izuku; Shimura Kotaro; Pro heroes/students in final battle (collective),"Full named or visually identified subject census from this page, separate from selective evidence subjects. Unnamed figures and collective labels stay explicitly unidentified; no additional members inferred."
UAG:s0170,170,172,OPS/images/08_X10000_000062_1_172_001.jpg,86ffe34fe28e2c7df0a5796dc0706c5d49e1cc01930feea8d9f929e66e2102eb,VISUAL_ORIGINAL_IMAGE,source,REVIEWED_MATERIAL,"All For One profile supplies real name Shigaraki Zen; unknown birthday/blood, AFO ability, earlier League/PLF control, escape and Rewind; possessions ideology and disposable collaborators illustrated through Aoyama mother.",SUP-UAG-170-01; SUP-UAG-170-02,,,All For One / Shigaraki Zen; Shigaraki Tomura; Aoyama mother,"Full named or visually identified subject census from this page, separate from selective evidence subjects. Unnamed figures and collective labels stay explicitly unidentified; no additional members inferred."
UAG:s0171,171,173,OPS/images/08_X10000_000062_1_173_001.jpg,84e38bc64e780db5bce7850e43c62600e97189bac76126c4adef12a6829e254e,VISUAL_ORIGINAL_IMAGE,source,REVIEWED_MATERIAL,"AFO origin and body: born with power, dead mother and survival theft, Yoichi as possession, organization before heroes. Editorial emotional-formation theory has tentative cause. Respiratory mask and uncontrollable drug-induced Rewind, many combinable abilities.",SUP-UAG-171-01; SUP-UAG-171-02,,,All For One / Shigaraki Zen; Yoichi Shigaraki; AFO and Yoichi mother; Eri; Early followers (collective); Fictional comic demon lord,"Full named or visually identified subject census from this page, separate from selective evidence subjects. Unnamed figures and collective labels stay explicitly unidentified; no additional members inferred."
UAG:s0172,172,174,OPS/images/08_X10000_000062_1_174_001.jpg,ae55dd1c44611dece23159e9db10d459d475071921942e2509b851f19b427cec,VISUAL_ORIGINAL_IMAGE,source,REVIEWED_DUPLICATE,"AFO victim/action list: OFA holders and helpers, Nana grandson Tenko, Toya as backup, Machia, Garaki Nomu production, Aoyama coercion. Kamino demoralization and contextually optimal ability mix; imprisoned AFO later controls Shigaraki.",,Causal victim inventory and historical battle summaries are dependent recaps; they reinforce differentiated coercion without adding a separate witnessed behavioral occasion.,,All For One; Yoichi Shigaraki; OFA holders and helpers (collective); Shimura Nana; Shimura Tenko / Shigaraki Tomura; Todoroki Toya / Dabi; Gigantomachia; Garaki Kyudai; Aoyama Yuga; All Might; Nomu (collective),"Full named or visually identified subject census from this page, separate from selective evidence subjects. Unnamed figures and collective labels stay explicitly unidentified; no additional members inferred."
UAG:s0173,173,175,OPS/images/08_X10000_000062_1_175_001.jpg,6146c4d615d3e0c20ea976db6ff51b99531462249b9aa075a007585bcd598590,VISUAL_ORIGINAL_IMAGE,source,REVIEWED_MATERIAL,"AFO final fight: rewind destruction by Bakugo, persistence as will, vessel collapse and final OFA confrontation. Brother sidebar explicitly asks love or desire to dominate, calls attachment distorted love; hatred at Kudo resemblance and Midoriya lonely-person judgment retain separate voices.",SUP-UAG-173-01,,,All For One / Shigaraki Zen; Yoichi Shigaraki; Kudo; Bakugo Katsuki; Endeavor; Hawks; Midoriya Izuku; Shigaraki Tomura; OFA vestiges (collective),"Full named or visually identified subject census from this page, separate from selective evidence subjects. Unnamed figures and collective labels stay explicitly unidentified; no additional members inferred."
UAG:s0174,174,176,OPS/images/08_X10000_000062_1_176_001.jpg,7b25e00787a1b36c7a812e90910b8ad0a41f80dfe1b7b0543d3c715f507612ba,VISUAL_ORIGINAL_IMAGE,source,REVIEWED_MATERIAL,"Dabi profile identifies Todoroki Toya and Blueflame, birthday18January, family revenge and damaged body. Trigger joins father ambition to his own former hero aspiration; AFO preserved him as backup. Postwar slowly dying with family, not a printed completed death.",SUP-UAG-174-01; SUP-UAG-174-02,,,Dabi / Todoroki Toya; Endeavor; All For One; Shigaraki Tomura; Todoroki family (collective),"Full named or visually identified subject census from this page, separate from selective evidence subjects. Unnamed figures and collective labels stay explicitly unidentified; no additional members inferred."
UAG:s0175,175,177,OPS/images/08_X10000_000062_1_177_001.jpg,a607580e9b15f56e8da64c50332a89b4f0ba55c4ae5b2dbe263da6188ba117bb,VISUAL_ORIGINAL_IMAGE,source,REVIEWED_MATERIAL,"Dabi body and costume: black dye hides family identity, poor heat tolerance limits extended fighting, Detnerat fire-resistant clothing and later costume exceeded by his flames. Recaps camp command and Twice doubles, kidnapping, arson, convoy and High-End involvement.",SUP-UAG-175-01,,,Dabi / Todoroki Toya; Endeavor; Shigaraki Tomura; Twice; Aizawa Shota; Vlad King; Mr. Compress; Bakugo Katsuki; Snatch; High-End Nomu (collective),"Full named or visually identified subject census from this page, separate from selective evidence subjects. Unnamed figures and collective labels stay explicitly unidentified; no additional members inferred."
UAG:s0176,176,178,OPS/images/08_X10000_000062_1_178_001.jpg,c5a434dd81bbfe001e2253a5522cc5babd32d54747f7b4f16dab5aff3a1fbe8d,VISUAL_ORIGINAL_IMAGE,source,REVIEWED_DUPLICATE,"Dabi versus Geten in Deika, both indifferent to allies caught in attacks; Machia interrupts. First-war public family disclosure, Hawks encounter and rescuing Twice for his own dream; reprinted murder confession and revenge speech.",,Dependent battle/disclosure recaps; the expressly instrumental rescue caption is developed with the following page sidebar.,,Dabi / Todoroki Toya; Geten; Re-Destro; Gigantomachia; Endeavor; Hawks; Twice; Todoroki Shoto,"Full named or visually identified subject census from this page, separate from selective evidence subjects. Unnamed figures and collective labels stay explicitly unidentified; no additional members inferred."
UAG:s0177,177,179,OPS/images/08_X10000_000062_1_179_001.jpg,8609c2413d765003bb43a0636487fdd29b09d54968f866665250c40e632564c0,VISUAL_ORIGINAL_IMAGE,source,REVIEWED_MATERIAL,"Final Dabi battle against Shoto and Burnin: copied techniques, burning obsession, maternal ice power manifests near death. Sidebar frames publicizing Twice death and giving Toga blood as using available means for his goal.",SUP-UAG-177-01,,,Dabi / Todoroki Toya; Todoroki Shoto; Burnin; Endeavor; Todoroki Rei; Toga Himiko; Twice; Hawks,"Full named or visually identified subject census from this page, separate from selective evidence subjects. Unnamed figures and collective labels stay explicitly unidentified; no additional members inferred."
UAG:s0178,178,180,OPS/images/08_X10000_000062_1_180_001.jpg,fdb486f0a0ecbd35f9c50912f1a99566bed071116754869d6833085582e93b35,VISUAL_ORIGINAL_IMAGE,source,REVIEWED_MATERIAL,"Toga profile: real name, Transform, birthday7August, unknown blood; Stain inspiration and Carmine leadership. Motive discussion is qualified, links suppressed desires and incomprehension from parents to difficult life and destructive response.",SUP-UAG-178-01,,,Toga Himiko; Stain; Shigaraki Tomura; Uraraka Ochako; Toga parents,"Full named or visually identified subject census from this page, separate from selective evidence subjects. Unnamed figures and collective labels stay explicitly unidentified; no additional members inferred."
UAG:s0179,179,181,OPS/images/08_X10000_000062_1_181_001.jpg,b932cb168a1e5e90a5e08991695ef4c40f2afe87bd192b2a01e081ad3a220ed2,VISUAL_ORIGINAL_IMAGE,source,REVIEWED_MATERIAL,"Toga equipment diagram: anti-coagulation storage, automated syringe and remote weapon scarf. Camp and Camie exam impersonation; how Camie blood was acquired explicitly unknown. Sidebar distinguishes her normality from willingness to kill desired others.",SUP-UAG-179-01,,,Toga Himiko; Utsushimi Camie; Midoriya Izuku; Uraraka Ochako; Spinner,"Full named or visually identified subject census from this page, separate from selective evidence subjects. Unnamed figures and collective labels stay explicitly unidentified; no additional members inferred."
UAG:s0180,180,182,OPS/images/08_X10000_000062_1_182_001.jpg,13153745865f18e7b84d748d216f7162d66729583a9f3d3ccac44c0660f9a065,VISUAL_ORIGINAL_IMAGE,source,REVIEWED_MATERIAL,"Toga with Hassaikai then opportunistic reversal; Deika power growth against Curious. Final battle draws Midoriya aside, rejection, Twice transformation and dispersal by Kurogiri; Ochako persistence, changed response, final blood gift and death.",SUP-UAG-180-01,,,Toga Himiko; Shigaraki Tomura; Twice; Overhaul; Chronostasis; Mimic; Curious; Uraraka Ochako; Midoriya Izuku; Asui Tsuyu; Kurogiri,"Full named or visually identified subject census from this page, separate from selective evidence subjects. Unnamed figures and collective labels stay explicitly unidentified; no additional members inferred."
UAG:s0181,181,183,OPS/images/08_X10000_000062_1_183_001.jpg,a5540dce3fbb3860b5d31a0729a98e304505972742d13874e415e6704d312683,VISUAL_ORIGINAL_IMAGE,source,REVIEWED_MATERIAL,"Twice profile: Bubaigawara Jin, Double, birthday10May, unknown blood; contradictory speech, gratitude to League. At16 traffic accident leads to job/housing loss; loneliness and cloning undermine identity; Giran introduction and willingness to sacrifice for belonging.",SUP-UAG-181-01,,,Twice / Bubaigawara Jin; Toga Himiko; Giran; League members (collective); Twice employer (unnamed); Traffic-accident victim (unnamed),"Full named or visually identified subject census from this page, separate from selective evidence subjects. Unnamed figures and collective labels stay explicitly unidentified; no additional members inferred."
UAG:s0182,182,184,OPS/images/08_X10000_000062_1_184_001.jpg,a812b2dbbcd82c2b58d74c3998dfa109bbe26d75eca3453ec34a0280fb124d1b,VISUAL_ORIGINAL_IMAGE,source,REVIEWED_MATERIAL,"Twice suit, masking fear, measurement tape weapon and Giran as understanding benefactor. Camp duplicates Dabi to hold Vlad; Hassaikai secondment and Toga covering him when Nighteye breaks mask; Rappa duplicate.",SUP-UAG-182-01,,,Twice / Bubaigawara Jin; Giran / Okuta Kagero; Dabi; Vlad King; Midoriya Izuku; Shigaraki Tomura; Toga Himiko; Sir Nighteye; Rappa,"Full named or visually identified subject census from this page, separate from selective evidence subjects. Unnamed figures and collective labels stay explicitly unidentified; no additional members inferred."
UAG:s0183,183,185,OPS/images/08_X10000_000062_1_185_001.jpg,d1b3be3e7fec5fea709ee55fc54fb986ccb88c1810315a3093280b41e287c6f8,VISUAL_ORIGINAL_IMAGE,source,REVIEWED_MATERIAL,Twice Deika injury verifies original body and permits self-duplication; Hawks infiltration exploits good nature and knowledge of threat. Final rescuing double melts in Toga arms after original already dead. Contradictory speech gags include Hawks and Toga fashion exchange.,SUP-UAG-183-01; SUP-UAG-183-02,,,Twice; Re-Destro; Giran; Gigantomachia; Skeptic; Toga Himiko; Shigaraki Tomura; Hawks; Dabi,"Full named or visually identified subject census from this page, separate from selective evidence subjects. Unnamed figures and collective labels stay explicitly unidentified; no additional members inferred."
UAG:s0184,184,186,OPS/images/08_X10000_000062_1_186_001.jpg,b9d3608c193f26e865b0b91c7979f087e259e6f895dcb1bfa1904329a3a228ff,VISUAL_ORIGINAL_IMAGE,source,REVIEWED_MATERIAL,"Kurogiri profile names Shirakumo Oboro, birthday5May and unknown blood. Special Nomu from corpse, Cloud plus multiple factors produces Warp Gate; mandated Tomura care, two consciousnesses, physical core and Erasure/attack limits.",SUP-UAG-184-01,,,Kurogiri / Shirakumo Oboro; Shigaraki Tomura; All For One; Bakugo Katsuki; Kirishima Eijiro; UA students (another pictured student unconfirmed),"Full named or visually identified subject census from this page, separate from selective evidence subjects. Unnamed figures and collective labels stay explicitly unidentified; no additional members inferred."
UAG:s0185,185,187,OPS/images/08_X10000_000062_1_187_001.jpg,9a417c896a39cc6b94f6413dd402e25f26679f0f31e4c01aaaeb46a2903205c0,VISUAL_ORIGINAL_IMAGE,source,REVIEWED_MATERIAL,"Kurogiri USJ transport and failed interception of Iida due Shoji; Gran Torino arrest; Aizawa/Mic memory flashback gives hospital clue. Final reboot as Kurogiri, worsening errors, assistance to heroes, continued reach toward Tomura; final volition explicitly uncertain.",SUP-UAG-185-01,,,Kurogiri / Shirakumo Oboro; Shigaraki Tomura; All Might; Iida Tenya; Shoji Mezo; Gran Torino; Aizawa Shota; Present Mic / Yamada Hizashi; Spinner; All For One; USJ Nomu; USJ villains (collective),"Full named or visually identified subject census from this page, separate from selective evidence subjects. Unnamed figures and collective labels stay explicitly unidentified; no additional members inferred."
UAG:s0186,186,188,OPS/images/08_X10000_000062_1_188_001.jpg,6d82558ba8befbafc29ac4117eb12f98a65ce7af9314faaaeb4e0613a5b06f52,VISUAL_ORIGINAL_IMAGE,source,REVIEWED_MATERIAL,"Mr. Compress profile: Sako Atsuhiro, Compress, birthday8October, unknown blood, still imprisoned. Harima Oji ancestry framed as born villain, desire for companions dreams/world change, mask variety, hidden coat tools and prosthetic arm.",SUP-UAG-186-01; SUP-UAG-186-02,,,Mr. Compress / Sako Atsuhiro; Harima Oji; All For One; Dabi; Toga Himiko,"Full named or visually identified subject census from this page, separate from selective evidence subjects. Unnamed figures and collective labels stay explicitly unidentified; no additional members inferred."
UAG:s0187,187,189,OPS/images/08_X10000_000062_1_189_001.jpg,562d4958d57a06982ac6861faa596ca62e1e716a659d36a64b23e1aba4ce07c0,VISUAL_ORIGINAL_IMAGE,source,REVIEWED_MATERIAL,"Compress camp kidnapping, Snatch and Overhaul convoy harms; self-wounding escape buys five seconds for companions, face/lineage revealed to distract. Editorial entertainment spirit exemplified by decoys, showmanship and leaving dream to companions.",SUP-UAG-187-01,,,Mr. Compress; Bakugo Katsuki; Tokoyami Fumikage; Dabi; Snatch; Overhaul / Chisaki Kai; Shigaraki Tomura; Spinner; Best Jeanist; Todoroki Shoto; Toga Himiko,"Full named or visually identified subject census from this page, separate from selective evidence subjects. Unnamed figures and collective labels stay explicitly unidentified; no additional members inferred."
UAG:s0188,188,190,OPS/images/08_X10000_000062_1_190_001.jpg,6da8ac2138660e7d1323e08fef76a6c15093c8ad7a6af8b982055c0184642ae2,VISUAL_ORIGINAL_IMAGE,source,REVIEWED_MATERIAL,"Spinner profile: Iguchi Shuichi, Gecko plus Body Bulk/Scalemail, birthday8August, unknown blood. Discrimination/withdrawal to Stain influence then Tomura attachment, hollow savior elevation and impaired thought from added powers; prison memoir published with criticism and historical valuation.",SUP-UAG-188-01; SUP-UAG-188-02,,,Spinner / Iguchi Shuichi; Shigaraki Tomura; Stain; All For One; Trumpet,"Full named or visually identified subject census from this page, separate from selective evidence subjects. Unnamed figures and collective labels stay explicitly unidentified; no additional members inferred."
UAG:s0189,189,191,OPS/images/08_X10000_000062_1_191_001.jpg,0df865ff14e78275c4d006710c7424117fe3b6247e111b81d28f3062704ac637,VISUAL_ORIGINAL_IMAGE,source,REVIEWED_MATERIAL,"Spinner camp Stain-based protection of Midoriya, Deika tactical support, first-war hand awakening inadvertently strengthens AFO, final hospital assault and capture after entrusting Tomura rescue to Kurogiri. Gaming terms and shared gaming conversation explicitly deepen friendship.",SUP-UAG-189-01; SUP-UAG-189-02,,,Spinner; Mandalay; Midoriya Izuku; Magne; Stain; Twice; Trumpet; Re-Destro; Shigaraki Tomura; All For One; Shoji Mezo / Tentacole; Present Mic; Kurogiri; Hospital attackers (collective),"Full named or visually identified subject census from this page, separate from selective evidence subjects. Unnamed figures and collective labels stay explicitly unidentified; no additional members inferred."
UAG:s0190,190,192,OPS/images/08_X10000_000062_1_192_001.jpg,6a158660024c016faefdeb710d1432f2e8b665fa290dc89483a525c9201c1ba1,VISUAL_ORIGINAL_IMAGE,source,REVIEWED_DUPLICATE,"Gigantomachia profile: original Endurance plus six supplied powers, unknown identity/birthday/blood, radio awaiting master, Spinner order-waiting judgment, bodily stamina/senses/burrowing diagrams.",,Power inventory and earlier command dependence retained as setup for expressly changed later conduct on following page; no limitless mechanical extrapolation.,,Gigantomachia; All For One; Spinner,"Full named or visually identified subject census from this page, separate from selective evidence subjects. Unnamed figures and collective labels stay explicitly unidentified; no additional members inferred."
UAG:s0191,191,193,OPS/images/08_X10000_000062_1_193_001.jpg,b3e2f504bccac43e0d85c3be0980b044f4450cef8b8ffa6ed94b6b89f0793b88,VISUAL_ORIGINAL_IMAGE,source,REVIEWED_MATERIAL,"Machia tests successor, accepts awakened Shigaraki, transports commanders causing destruction despite student anesthetic delay. Final Shinso-guided arrival followed by own-will revolt against abandoning AFO; falls to counterattack. Sidebar explicitly distinguishes him from Nomu.",SUP-UAG-191-01,,,Gigantomachia; All For One; Shigaraki Tomura; Toga Himiko; Dabi; Twice; Spinner; Mr. Compress; Mt. Lady; Kirishima Eijiro; Mina Ashido; UA students/heroes (collective); Shinso Hitoshi,"Full named or visually identified subject census from this page, separate from selective evidence subjects. Unnamed figures and collective labels stay explicitly unidentified; no additional members inferred."
UAG:s0192,192,194,OPS/images/08_X10000_000062_1_194_001.jpg,8037d0148f8ca1d2f371e3b07432ab4cc6e47ecfece956fb16337378dddfe742,VISUAL_ORIGINAL_IMAGE,source,REVIEWED_MATERIAL,"Garaki profile: actual name unknown, Life Force, doctor who diagnosed child Midoriya Quirkless; rejected singularity theory and AFO recognition, obsession with Nomu and expendable human lives, deceptive kindly doctor role.",SUP-UAG-192-01; SUP-UAG-192-02,,,Garaki Kyudai / Doctor; Midoriya Izuku; All For One; Shigaraki Tomura; Johnny,"Full named or visually identified subject census from this page, separate from selective evidence subjects. Unnamed figures and collective labels stay explicitly unidentified; no additional members inferred."
UAG:s0193,193,195,OPS/images/08_X10000_000062_1_195_001.jpg,51ddc76b1bbc062494af32d07f872fd03b3e2af92905c930b51302e169ff8dbe,VISUAL_ORIGINAL_IMAGE,source,REVIEWED_MATERIAL,"Garaki supplies Nomu, demands Machia trial before investing in Shigaraki, tests Hood against top2, loses laboratory and is captured while celebrating awakening. Illustrated sidebar desires Erasure, Dark Shadow and Dragon for strengthening AFO/Nomu.",SUP-UAG-193-01,,,Garaki Kyudai; All For One; Shigaraki Tomura; Gigantomachia; Kurogiri; Nomu (collective); Hood; Endeavor; Hawks; Present Mic; Aizawa Shota; Tokoyami Fumikage; Dark Shadow; Ryukyu,"Full named or visually identified subject census from this page, separate from selective evidence subjects. Unnamed figures and collective labels stay explicitly unidentified; no additional members inferred."
UAG:s0194,194,196,OPS/images/08_X10000_000062_1_196_001.jpg,e1dbed7e9805a549659084a4bf15a764248247189901a37092006053738c0021,VISUAL_ORIGINAL_IMAGE,source,REVIEWED_MATERIAL,"Nomu investigation sheet: corpse modification, most lack intellect/personality, AFO/Garaki production, variable ranks and donor bodies. USJ, Hosu white/winged, camp individual, Johnny warp and Mocha double; winged donor relative is rumor, Mocha protects without instruction.",SUP-UAG-194-01; SUP-UAG-194-02,,,Nomu (collective); All For One; Garaki Kyudai; USJ Nomu; Hosu white Nomu; Winged Hosu Nomu; Stain; Midoriya Izuku; Camp chainsaw Nomu; Johnny; Mocha,"Full named or visually identified subject census from this page, separate from selective evidence subjects. Unnamed figures and collective labels stay explicitly unidentified; no additional members inferred."
UAG:s0195,195,197,OPS/images/08_X10000_000062_1_197_001.jpg,3eda5789633c5e3f83c32d4594b6fa6a7d3981a36adcc6e068c5a43ba17df178,VISUAL_ORIGINAL_IMAGE,source,REVIEWED_MATERIAL,"High-End inventory identifies Robot, Woman, Elephant, Fat, Ribs and Hood, distinctive abilities and intellect; all six encountered under test conditions, full activation unmeasured. Near High-Ends lack autonomous thought, seven deployed under Shigaraki and later AFO control.",SUP-UAG-195-01,,,High-End Nomu (collective); Robot-chan; Woman-chan; Elephant / Zo-san; Fat / Odebu-chan; Ribs / Abara-chan; Hood; Near High-End Nomu (collective); Shigaraki Tomura; All For One; Endeavor,"Full named or visually identified subject census from this page, separate from selective evidence subjects. Unnamed figures and collective labels stay explicitly unidentified; no additional members inferred."
UAG:s0196,196,198,OPS/images/08_X10000_000062_1_198_001.jpg,2de98d841e50504e65d8921781ac952170961bfff3b66e04431e505a7a337432,VISUAL_ORIGINAL_IMAGE,source,REVIEWED_MATERIAL,"Overhaul profile: Chisaki Kai, birthday20March, unknown blood, arrested again after final war. Earlier syndicate restoration, disabling benefactor boss, instrumentalizing Eri, hygiene/rash and reconstruction/fusion ability; afterward boss-directed remorse replaces grand ambition.",SUP-UAG-196-01,,,Overhaul / Chisaki Kai; Hassaikai boss; Eri,"Full named or visually identified subject census from this page, separate from selective evidence subjects. Unnamed figures and collective labels stay explicitly unidentified; no additional members inferred."
UAG:s0197,197,199,OPS/images/08_X10000_000062_1_199_001.jpg,d0cfdb8f680d9f167716802fd01040f874355fbee37490a565499d6efb7b799f,VISUAL_ORIGINAL_IMAGE,source,REVIEWED_MATERIAL,"Hassaikai ten-person roster and powers, exploitation/monopoly scheme, lost arms, Nagant escape and Midoriya conditional promise. Sidebar explicitly links Decay to AFO degraded copy of Overhaul power; arm-treatment/modification status not explained.",SUP-UAG-197-01,,,Overhaul / Chisaki Kai; Eri; Hassaikai boss; Chronostasis / Kurono Hari; Mimic / Irinaka Joi; Setsuno Toya; Tabe Soramitsu; Hojo Yu; Katsukame Rikiya; Rappa Kendo; Tengai Hekiji; Sakaki Deidoro; Nemoto Shin; Shigaraki Tomura; All For One; Garaki Kyudai; Lady Nagant; Midoriya Izuku,"Full named or visually identified subject census from this page, separate from selective evidence subjects. Unnamed figures and collective labels stay explicitly unidentified; no additional members inferred."
UAG:s0198,198,200,OPS/images/08_X10000_000062_1_200_001.jpg,f3ee42e6ec803da12d50c7fb4135b3f420ccb00a97e50d7f301224cb87bad6f5,VISUAL_ORIGINAL_IMAGE,source,REVIEWED_MATERIAL,"Lady Nagant profile: Tsutsumi Kaina, Rifle/Air Walk, birthday10October, unknown blood. Currently released, enjoys hobbies and sometimes advises Hawks. Retrospective HPSC assassin/public hero disillusionment, later renewed belief, hair ammo, rifle body and remaining thoughtfulness.",SUP-UAG-198-01,,,Lady Nagant / Tsutsumi Kaina; Hawks; Midoriya Izuku; Overhaul; All For One; HPSC assassination targets (collective); Children admiring Nagant (collective),"Full named or visually identified subject census from this page, separate from selective evidence subjects. Unnamed figures and collective labels stay explicitly unidentified; no additional members inferred."
UAG:s0199,199,201,OPS/images/08_X10000_000062_1_201_001.jpg,e63f491f63c53df93f5c2fdd6abc1973bdf664fbc42f830a7f66cb6e96cccd4d,VISUAL_ORIGINAL_IMAGE,source,REVIEWED_MATERIAL,"Nagant killing of then HPSC president concealed; pursuit of Midoriya, changed judgment, AFO contractual explosion. Treatment-stage aid through Rock Lock and shots stopping Decay. Sidebar calls core unchanged and illustrates care for Overhaul and renewed hero purpose.",SUP-UAG-199-01; SUP-UAG-199-02,,,Lady Nagant; Former male HPSC president; Midoriya Izuku; All For One; Overhaul; Hawks; Rock Lock; Shigaraki Tomura,"Full named or visually identified subject census from this page, separate from selective evidence subjects. Unnamed figures and collective labels stay explicitly unidentified; no additional members inferred."
UAG:s0200,200,202,OPS/images/08_X10000_000062_1_202_001.jpg,92320bc3f7f14183a5ada94c0e66d54d2185aed8cc4640e812282c2a7b1907eb,VISUAL_ORIGINAL_IMAGE,source,REVIEWED_MATERIAL,"Stain profile: Akaguro Chizome, Bloodcurdle, birthday14June, B blood, affiliation League to Free. Hero school dropout/speeches/training, uncompensated sacrifice ideal, only All Might claim, Tomura limited shared destruction assertion; blades and blood-type timing.",SUP-UAG-200-01,,,Stain / Akaguro Chizome; All Might; Shigaraki Tomura; Midoriya Izuku,"Full named or visually identified subject census from this page, separate from selective evidence subjects. Unnamed figures and collective labels stay explicitly unidentified; no additional members inferred."
UAG:s0201,201,203,OPS/images/08_X10000_000062_1_203_001.jpg,f0db20ab7d8dc4b1580214c3c5d8764fb90883dbe973bb43424545c7efa546ad,VISUAL_ORIGINAL_IMAGE,source,REVIEWED_MATERIAL,"Stain Hosu victims include Ingenium; Iida/Midoriya/Shoto fight and combined Iida/Midoriya attack results capture. Later rebukes demoralized All Might, passes on embers; final joint fight AFO, blood replacement escapes paralysis and fatal wound. Strong-will rhetoric stays editorial.",SUP-UAG-201-01; SUP-UAG-201-02,,,Stain; Iida Tensei / Ingenium; Iida Tenya; Midoriya Izuku; Todoroki Shoto; All Might; All For One,"Full named or visually identified subject census from this page, separate from selective evidence subjects. Unnamed figures and collective labels stay explicitly unidentified; no additional members inferred."
UAG:s0202,202,204,OPS/images/08_X10000_000062_1_204_001.jpg,4b365b07d74717c28b59a89ecbaa695caf1af378727682dbdced436ac0c31cd1,VISUAL_ORIGINAL_IMAGE,source,REVIEWED_MATERIAL,"Gentle profile: Tobita Danjuro, Elasticity, birthday29August, A blood, free; now secretary to President Aiba. Failed hero aspiration and fame-seeking crime, coat showmanship, La Brava love support.",SUP-UAG-202-01,,,Gentle Criminal / Tobita Danjuro; La Brava / Aiba Manami; Gentle former teacher (unnamed),"Full named or visually identified subject census from this page, separate from selective evidence subjects. Unnamed figures and collective labels stay explicitly unidentified; no additional members inferred."
UAG:s0203,203,205,OPS/images/08_X10000_000062_1_205_001.jpg,8adfb2edc5d36cfea3938a35d47a7855385ab50b9cd575ac760d5846313bbc3f,VISUAL_ORIGINAL_IMAGE,source,REVIEWED_MATERIAL,"Gentle festival defeat, protecting La Brava in confession, prison escape prevention after Tartarus fall, final flying-UA support with love amplification. Editorial explicitly preserves criminal past while affirming hero act. Tea passion and brand-listing shown in comic sidebar.",SUP-UAG-203-01; SUP-UAG-203-02,,,Gentle Criminal; La Brava; Midoriya Izuku; Hound Dog; Ectoplasm; Gori (police officer); Prisoners (collective),"Full named or visually identified subject census from this page, separate from selective evidence subjects. Unnamed figures and collective labels stay explicitly unidentified; no additional members inferred."
UAG:s0204,204,206,OPS/images/08_X10000_000062_1_206_001.jpg,258f7f03b4f613a23a417ee606e8523f3cb74b21dd75f3e54a32c111b1f67913,VISUAL_ORIGINAL_IMAGE,source,REVIEWED_MATERIAL,"La Brava profile: Aiba Manami, Love, birthday14February, B blood, free; successful internet-service IT company. Earlier video editing, Gentle support, final counter-hacking Skeptic and worldwide stream; old FGI prank identifies earlier security breach.",SUP-UAG-204-01; SUP-UAG-204-02,,,La Brava / Aiba Manami; Gentle Criminal; Skeptic; Midoriya Izuku; Gentle/La Brava video audience (collective),"Full named or visually identified subject census from this page, separate from selective evidence subjects. Unnamed figures and collective labels stay explicitly unidentified; no additional members inferred."
UAG:s0205,205,207,OPS/images/08_X10000_000062_1_207_001.jpg,91da209289a1b222086bcec61e613beef4bde1df2f5dde254dfef6eb6f252eb3,VISUAL_ORIGINAL_IMAGE,source,REVIEWED_MATERIAL,"Re-Destro profile: Yotsubashi Rikiya, Stress, unknown birthday/blood, Detnerat and MLA/PLF leadership, captured by Edgeshot. Destro doctrine, burden from childhood elevation, explicitly described as Destro biological child.",SUP-UAG-205-01,,,Re-Destro / Yotsubashi Rikiya; Destro; Shigaraki Tomura; Edgeshot; MLA upbringing figures (collective),"Full named or visually identified subject census from this page, separate from selective evidence subjects. Unnamed figures and collective labels stay explicitly unidentified; no additional members inferred."
UAG:s0206,206,208,OPS/images/08_X10000_000062_1_208_001.jpg,3bb39aaf51e86208b64cea52950c3647af61347c8d19e9c0dcf472bf122f9371,VISUAL_ORIGINAL_IMAGE,source,REVIEWED_MATERIAL,"Re-Destro charisma, Stress and Claustro painful amplification; Deika force, declining stress on seeing Shigaraki liberated and surrender. Manga inset calls himself Destro descendant, broader than preceding biological-child prose.",SUP-UAG-206-01,,,Re-Destro; Destro; Shigaraki Tomura,"Full named or visually identified subject census from this page, separate from selective evidence subjects. Unnamed figures and collective labels stay explicitly unidentified; no additional members inferred."
UAG:s0207,207,209,OPS/images/08_X10000_000062_1_209_001.jpg,f7069d3b1da523306124158415e23eedffedf56dc6d583b7171fdc7c9e8fab2c,VISUAL_ORIGINAL_IMAGE,source,REVIEWED_MATERIAL,"Re-Destro relief after yielding leadership, smiles, renewed battle stress and prosthetic failure against Dark Shadow. Twice-created duplicate attacks HPSC and dissolves; illegal Detnerat equipment from battle data/stolen technology; expressions and propaganda contrast.",SUP-UAG-207-01; SUP-UAG-207-02,,,Re-Destro; Shigaraki Tomura; Tokoyami Fumikage; Dark Shadow; Twice; Former female HPSC president; Curious; Trumpet; Bakugo Katsuki; Detnerat executive reporting raid (unnamed); HPSC staff (collective),"Full named or visually identified subject census from this page, separate from selective evidence subjects. Unnamed figures and collective labels stay explicitly unidentified; no additional members inferred."
UAG:s0208,208,210,OPS/images/08_X10000_000062_1_210_001.jpg,8223cd0447093cc90763621176845e816100bf8d1155be6c71b4b6f9b59733ed,VISUAL_ORIGINAL_IMAGE,source,REVIEWED_MATERIAL,"Skeptic profile: Chikazoku Tomoyasu, Anthropomorph, unknown birthday/blood; IT executive and Re-Destro information arm, still revolutionary in prison. Giran data recovery, failed Twice recruitment, Dabi national broadcast and La Brava repeat defeat from coding habits.",SUP-UAG-208-01; SUP-UAG-208-02,,,Skeptic / Chikazoku Tomoyasu; Re-Destro; Giran; Twice; Gigantomachia; Dabi; Spinner; Mr. Compress; La Brava,"Full named or visually identified subject census from this page, separate from selective evidence subjects. Unnamed figures and collective labels stay explicitly unidentified; no additional members inferred."
UAG:s0209,209,211,OPS/images/08_X10000_000062_1_211_001.jpg,c20a28f0327f44c3d54b5649c4201fe129bd9019c1ff6c5eb8e768fefe728dde,VISUAL_ORIGINAL_IMAGE,source,REVIEWED_MATERIAL,"Geten profile retains unknown proper name/birthday/blood, Ice Ply, schoolless training and Re-Destro loyalty. Dabi clash and friendly collateral; Machia disruption both battles; commands allies and is restrained/captured by Cementoss.",SUP-UAG-209-01,,,Geten; Re-Destro; Dabi; Gigantomachia; Cementoss; Liberation fighters (collective),"Full named or visually identified subject census from this page, separate from selective evidence subjects. Unnamed figures and collective labels stay explicitly unidentified; no additional members inferred."
UAG:s0210,210,212,OPS/images/08_X10000_000062_1_212_001.jpg,0c6fcff1b6d7df21a55144ddd548d680743f77b83825a12ad5350b2e74c5299c,VISUAL_ORIGINAL_IMAGE,source,REVIEWED_DUPLICATE,"Curious/Kizuki Chitose publisher executive and former reporter: targeted Toga interview using researched data, traps/allied fighters and gear. Trumpet/Hanabata Koku party leader, Incite, amplified speech and prior listener trust strengthen fighters.",,Both profiles preserve prior source role/conditional-ability findings and dependent Deika recaps; no separate later-life claim or newly witnessed interview added.,,Curious / Kizuki Chitose; Toga Himiko; Curious followers (collective); Trumpet / Hanabata Koku; Liberation supporters (collective); Spinner; Re-Destro,"Full named or visually identified subject census from this page, separate from selective evidence subjects. Unnamed figures and collective labels stay explicitly unidentified; no additional members inferred."
UAG:s0211,211,213,OPS/images/08_X10000_000062_1_213_001.jpg,65a732336c2c7430671d2956126aec9698e050d3068ac34c9a2c1e17b43e7b1b,VISUAL_ORIGINAL_IMAGE,source,REVIEWED_MATERIAL,"Sludge villain profile leaves personal and Quirk names unknown; Tartarus escape, Shinso possession, removal by Mina and Brainwashing defeat. Muscular is Imasuji Gota; camp defeat, escape, violent rematch and rearrest, power/pleasure profile.",SUP-UAG-211-01,,,Sludge Villain; Midoriya Izuku; Bakugo Katsuki; All Might; All For One; Gigantomachia; Shinso Hitoshi; Ashido Mina; Muscular / Imasuji Gota,"Full named or visually identified subject census from this page, separate from selective evidence subjects. Unnamed figures and collective labels stay explicitly unidentified; no additional members inferred."
UAG:s0212,212,214,OPS/images/08_X10000_000062_1_214_001.jpg,dd7116695c69671d944ee1c4a8d47d914cc308d1d3e26acdeecd0488439d27d8,VISUAL_ORIGINAL_IMAGE,source,REVIEWED_MATERIAL,"Minor villain roster: Slidin Go captured by Death Arms after PLF betrayal, earlier student praise; Starservant self-claimed cosmic revelation and Endeavor arrest; Ending demands death from Endeavor and rejects his fatherly appearance.",SUP-UAG-212-01,,,Slidin Go; Death Arms; Bakugo Katsuki; Todoroki Shoto; Starservant; Endeavor; Ending; Todoroki Natsuo,"Full named or visually identified subject census from this page, separate from selective evidence subjects. Unnamed figures and collective labels stay explicitly unidentified; no additional members inferred."
UAG:s0213,213,215,OPS/images/08_X10000_000062_1_215_001.jpg,e5d4595b6285cf98b7cb4a182b5a223ea0054e27ee1c17fc3f5b7ada2d7916ad,VISUAL_ORIGINAL_IMAGE,source,REVIEWED_DUPLICATE,"Dictator controls civilians to attack exhausted Midoriya, then Bakugo capture; Kunieda roots/bloom control, Aoyama/Hagakure defeat; Gashly area/duration threat at Takoba stadium overcome after warp reinforcements.",,"Bounded roster identifiers and dependent final-war recaps fully recorded in census; no new motive, later life or independent battle occasion asserted.",,Dictator; Midoriya Izuku; Bakugo Katsuki; Controlled civilians (collective); Kunieda / KUNIEDA; Aoyama Yuga; Hagakure Toru; Gashly / Eijiju Gashly; Heroes at Takoba stadium (collective),"Full named or visually identified subject census from this page, separate from selective evidence subjects. Unnamed figures and collective labels stay explicitly unidentified; no additional members inferred."
UAG:s0214,214,216,OPS/images/08_X10000_000062_1_216_001.jpg,2f2d358d7c5d2651463da788a361fb6b89206a273c57f4d90963fb611a67a3fa,VISUAL_ORIGINAL_IMAGE,source,REVIEWED_MATERIAL,Roster: electric BROWN deputy neutralized by Kaminari and Edgeshot/Midnight; hospital agitator named Kanigumo Takaie; Kuishin BOY shopping-district takeover rapidly stopped by Jeanist; Cider House group escapes Shian prison and is resisted by civilians.,SUP-UAG-214-01,,,Electricity deputy commander / Zoden Fukutaicho; Kaminari Denki; Edgeshot; Midnight; Kanigumo Takaie; Shoji Mezo; Koda Koji; Hospital protesters (collective); Kuishin BOY; Best Jeanist; Cider House (group; representative pictured); Resisting civilians (collective),"Full named or visually identified subject census from this page, separate from selective evidence subjects. Unnamed figures and collective labels stay explicitly unidentified; no additional members inferred."
UAG:s0215,215,217,OPS/images/08_X10000_000062_1_217_001.jpg,7e1b2b3b421120822f958f3df9fa5ce4e4808ee9700657daf97d75dfeaf38220,VISUAL_ORIGINAL_IMAGE,source,REVIEWED_MATERIAL,"Roster: Kashi Kashiko used as New Order temporary transfer destination and killed; Sansan Haruaki discarded after Toya escape, listed missing; Tajima and Michaela infiltrate UA shelter for AFO; escaped Moonfish final Okuto fight; Nine brief powerful villain entry.",SUP-UAG-215-01; SUP-UAG-215-02,,,Kashi Kashiko; Shigaraki Tomura; Sansan Haruaki; Todoroki Toya; All For One; Tajima; Michaela; Moonfish; Nine,"Full named or visually identified subject census from this page, separate from selective evidence subjects. Unnamed figures and collective labels stay explicitly unidentified; no additional members inferred."
UAG:s0216,216,218,OPS/images/08_X10000_000062_1_218_001.jpg,aad4499f4993b17f68721fe602364e11843c7caa4b0b5aec68b4aacacc47c621,VISUAL_ORIGINAL_IMAGE,source,REVIEWED_MATERIAL,"Villain after-episodes: Nagant initial release refusal then absent8years later; medically awakened boss visits Chisaki, demands Eri-directed lifelong responsibility and editorial calls boss reconciliation. GeL Inc founded by Gentle/La Brava with engineer coalition in cyberterror response; Spinner memoir and Compress reading reaction.",SUP-UAG-216-01; SUP-UAG-216-02; SUP-UAG-216-03; SUP-UAG-216-04,,,Lady Nagant; Hawks; Midoriya Izuku; Overhaul / Chisaki Kai; Hassaikai boss; Eri; Gentle Criminal; La Brava; Spinner; Shigaraki Tomura; Mr. Compress; GeL Inc recruits/engineers (collective),"Full named or visually identified subject census from this page, separate from selective evidence subjects. Unnamed figures and collective labels stay explicitly unidentified; no additional members inferred."
UAG:s0217,217,,OPS/images/08_X10000_000062_1_219_001.jpg,17b0f6cc913c64fdee14b4eda23fe91c4f666c46d84144660e2f66c076f5bd08,VISUAL_ORIGINAL_IMAGE,source,REVIEWED_NO_MATERIAL_ADDITION,"Chapter4 ARCHIVE divider announces UA school, special moves and Quirks; hero montage with Tokoyami/Dark Shadow, Jiro, Kaminari, Koda and Shoji. No visible printed folio.",,"Section-opening layout/routing, no new diegetic act or analytical claim beyond material treated in the following archive.",,Tokoyami Fumikage; Dark Shadow; Jiro Kyoka; Kaminari Denki; Koda Koji; Shoji Mezo,"Full named or visually identified subject census from this page, separate from selective evidence subjects. Unnamed figures and collective labels stay explicitly unidentified; no additional members inferred."
UAG:s0218,218,220,OPS/images/08_X10000_000062_1_220_001.jpg,f91064380f3693674c4594367f88304e02d0f02b176564790716974f3ba671a3,VISUAL_ORIGINAL_IMAGE,source,REVIEWED_NO_MATERIAL_ADDITION,"Welcome-to-UA opener explicitly adopts school first-person prospectus voice; national training school, curriculum/facilities/graduates to follow. Uniformed Midoriya, Bakugo and Shoto artwork.",,Attribution/framing opener preserved for ensuing school claims; artwork is not a new attendance event.,,Midoriya Izuku; Bakugo Katsuki; Todoroki Shoto,"Full named or visually identified subject census from this page, separate from selective evidence subjects. Unnamed figures and collective labels stay explicitly unidentified; no additional members inferred."
UAG:s0219,219,221,OPS/images/08_X10000_000062_1_221_001.jpg,a3f321869a55e0980594d83420f9080f74eb03a5614dcc5aca4f85ddd59fb5c1,VISUAL_ORIGINAL_IMAGE,source,REVIEWED_MATERIAL,"Four courses: hero special/general subjects and active pros, general-course conditional transfer using tests/conduct/festival results, school-paid support development, business practical publicity/economic exercises. Historical course illustrations.",SUP-UAG-219-01,,,Midoriya Izuku; Mineta Minoru; Asui Tsuyu; Uraraka Ochako; Bakugo Katsuki; Todoroki Shoto; Yaoyorozu Momo; Iida Tenya; Aoyama Yuga; Power Loader; Hatsume Mei; UA general-course students (collective); UA support-course students (collective); UA business-course students (collective),"Full named or visually identified subject census from this page, separate from selective evidence subjects. Unnamed figures and collective labels stay explicitly unidentified; no additional members inferred."
UAG:s0220,220,222,OPS/images/08_X10000_000062_1_222_001.jpg,da88d3ab4e5e3ad5c3b5c4540a179095bf9ef29d8793092e83011df3cd9db103,VISUAL_ORIGINAL_IMAGE,source,REVIEWED_MATERIAL,"UA barrier after first war, neighborhood shelter, underground movable blocks and Shiketsu connection; first-person resource description and reprinted Nezu system explanation, flying school illustration.",SUP-UAG-220-01,,,Nezu; Shigaraki Tomura (pictured hand),"Full named or visually identified subject census from this page, separate from selective evidence subjects. Unnamed figures and collective labels stay explicitly unidentified; no additional members inferred."
UAG:s0221,221,223,OPS/images/08_X10000_000062_1_223_001.jpg,43b0d40ce9c6185bc17c274aaf6469e1eb1497feb01c0ab0e33ec3df1c8e0fb8,VISUAL_ORIGINAL_IMAGE,source,REVIEWED_DUPLICATE,"Stadium, Lunch Rush nutritionally planned meals, Thirteen rescue-training USJ, city/industrial fields and TDL gym; promotional repair speed/all-training claims, ordinary student meal and training excerpts.",,Facilities/food/source-voice material confirms earlier guide architecture; no independent rescue simulation or measured nutrition/repair performance inferred.,,Lunch Rush; Thirteen; Midoriya Izuku; Iida Tenya; Todoroki Shoto; Mineta Minoru; Kirishima Eijiro; Uraraka Ochako; Bakugo Katsuki; Sero Hanta; UA students (collective),"Full named or visually identified subject census from this page, separate from selective evidence subjects. Unnamed figures and collective labels stay explicitly unidentified; no additional members inferred."
UAG:s0222,222,224,OPS/images/08_X10000_000062_1_224_001.jpg,92a1c86dd772d62cf72e3fedc04b9d8bcc74b13269771a7acd5bfa371af2e95d,VISUAL_ORIGINAL_IMAGE,source,REVIEWED_MATERIAL,Heights Alliance: compulsory dorm policy after incidents now optional. Troy temporary fortress now used for long training stays/rest; flying Coffin in the Sky remains functional but rarely operated. Earlier facility and student images.,SUP-UAG-222-01; SUP-UAG-222-02,,,Aizawa Shota (dorm tour speech); Bakugo Katsuki; Kirishima Eijiro; Iida Tenya; Midoriya Izuku; Asui Tsuyu; Cementoss; Power Loader; Ectoplasm,"Full named or visually identified subject census from this page, separate from selective evidence subjects. Unnamed figures and collective labels stay explicitly unidentified; no additional members inferred."
UAG:s0223,223,225,OPS/images/08_X10000_000062_1_225_001.jpg,a4a3fa5356b2cf0e11998eeea761a2b21ef8559893b2d7882503d6aba1a6c39b,VISUAL_ORIGINAL_IMAGE,source,REVIEWED_MATERIAL,"April Quirk assessment, May festival, June approved work experience, July term exams. Transferable work opportunities qualified; exams differ each year. Manga examples include running test, Gunhead briefing, sports clash and teacher practical lineup.",SUP-UAG-223-01,,,Bakugo Katsuki; Iida Tenya; Aizawa Shota; Uraraka Ochako; Gunhead; Midoriya Izuku; Todoroki Shoto; Present Mic; Ectoplasm; Cementoss; Snipe; Nezu; Thirteen; Midnight; Power Loader,"Full named or visually identified subject census from this page, separate from selective evidence subjects. Unnamed figures and collective labels stay explicitly unidentified; no additional members inferred."
UAG:s0224,224,226,OPS/images/08_X10000_000062_1_226_001.jpg,54892cd24075f14e9d45b72753c6821cbac1248717bed02a82222f4fb87b66b8,VISUAL_ORIGINAL_IMAGE,source,REVIEWED_MATERIAL,"August camp, September provisional licensing and voluntary internship: exam offered June/September at three venues, usual second-year qualification; contents vary. Internship requires provisional license and self-arranged office. Earlier cohort training and licensing art.",SUP-UAG-224-01,,,Ryukyu; Hado Nejire; Uraraka Ochako; Asui Tsuyu; Sato Rikido; Todoroki Shoto; Bakugo Katsuki; Ojiro Mashirao; Kaminari Denki; Yaoyorozu Momo; Mineta Minoru; Midoriya Izuku; Yoarashi Inasa; Shindo Yo; Kirishima Eijiro; Ashido Mina; Sero Hanta; Iida Tenya; UA and other hero-school examinees (collective),"Full named or visually identified subject census from this page, separate from selective evidence subjects. Unnamed figures and collective labels stay explicitly unidentified; no additional members inferred."
UAG:s0225,225,227,OPS/images/08_X10000_000062_1_227_001.jpg,1921e95d8a1301a76866a8ed6c0e17d58c7720bf91fd30048d84bcca78d121aa,VISUAL_ORIGINAL_IMAGE,source,REVIEWED_MATERIAL,"March student-led graduation and October culture festival: devised celebrations, class stalls, pageant, support exhibit, band and visitor delight. Internship takoyaki scene above.",SUP-UAG-225-01,,,Togata Mirio; Fat Gum; Kirishima Eijiro; Tetsutetsu Tetsutetsu; Hado Nejire; Kendo Itsuka; Hatsume Mei; Midoriya Izuku; Eri; Aizawa Shota; Jiro Kyoka; Yaoyorozu Momo; Tokoyami Fumikage; Kaminari Denki; Monoma Neito; Aoyama Yuga; Mineta Minoru; Ashido Mina; UA festival participants and graduating students (collective),"Full named or visually identified subject census from this page, separate from selective evidence subjects. Unnamed figures and collective labels stay explicitly unidentified; no additional members inferred."
UAG:s0226,226,228,OPS/images/08_X10000_000062_1_228_001.jpg,9cc88c3fa1455c00af6e18b39b4e4445abe15d34c5a63e3b23fb536fe7b9d5dd,VISUAL_ORIGINAL_IMAGE,source,REVIEWED_MATERIAL,"Graduation careers across four courses; pro/sidekick routes, teaching qualification through additional instruction for hero-license holders, general-course higher education and policing, support development/repair/design, business finance/adverts/media.",SUP-UAG-226-01,,,Bakugo Katsuki; Tsukauchi Naomasa; Sansa Tamakawa; unnamed police colleague; Hatsume Mei; Midoriya Izuku; Iida Tenya; Power Loader; Death Arms; UA business students (collective),"Full named or visually identified subject census from this page, separate from selective evidence subjects. Unnamed figures and collective labels stay explicitly unidentified; no additional members inferred."
UAG:s0227,227,229,OPS/images/08_X10000_000062_1_229_001.jpg,ee4f93df07bf8058fb8e09444dffb1e3c253bfcaaca7fe4a8baf7bb345db7eb8,VISUAL_ORIGINAL_IMAGE,source,REVIEWED_MATERIAL,"Six attributed graduate testimonials: Shoto friendship and broken-lamp gag; Shoji acceptance, later advocacy and Anima eight-hair-tuft joke; Ochako shared joy and cafeteria appetite; Mei invention environment; newly named business graduate Nagashira Futo; teacher Midoriya received opportunities, won agency and inherited encouragement.",SUP-UAG-227-01; SUP-UAG-227-02; SUP-UAG-227-03; SUP-UAG-227-04; SUP-UAG-227-05; SUP-UAG-227-06,,,"Todoroki Shoto; Bakugo Katsuki; Shoji Mezo; Koda Koji (Anima); Uraraka Ochako; Hatsume Mei; Nagashira Futo / 永白風統; Midoriya Izuku; Midoriya parents, mentors and friends (collective)","Full named or visually identified subject census from this page, separate from selective evidence subjects. Unnamed figures and collective labels stay explicitly unidentified; no additional members inferred."
UAG:s0228,228,230,OPS/images/08_X10000_000062_1_230_001.jpg,30feb03a1f679352fc25a4782ae528eb9233d14ff5de428325977f2c26a8bea1,VISUAL_ORIGINAL_IMAGE,source,REVIEWED_MATERIAL,"Special-move encyclopedia opener: Detroit origin from All Might first American case; variable early gesture; Delaware flick, Manchester kick, nominal million-percent Delaware Detroit and manga action examples.",SUP-UAG-228-01,,Only-city-name wording can be read in the All Might naming-origin context; the encyclopedia also lists Manchester and St Louis. Do not universalize the exclusivity claim.,Midoriya Izuku; All Might; USJ Nomu; Todoroki Shoto; Muscular; Eri; Overhaul,"Full named or visually identified subject census from this page, separate from selective evidence subjects. Unnamed figures and collective labels stay explicitly unidentified; no additional members inferred."
UAG:s0229,229,231,OPS/images/08_X10000_000062_1_231_001.jpg,1d6167f9702b6190a3883f91141b08f73f6934479c26857f577bcfc99ad69f63,VISUAL_ORIGINAL_IMAGE,source,REVIEWED_MATERIAL,"Midoriya move entries: Air Force gloves by Hatsume, St Louis kick, Wyoming descending strike and St Louis Air Force blast interrupting ground-borne Decay to gain evacuation time.",SUP-UAG-229-01,,,Midoriya Izuku; Hatsume Mei; Gentle Criminal; Shigaraki Tomura; Overhaul; Eri; evacuating residents (collective),"Full named or visually identified subject census from this page, separate from selective evidence subjects. Unnamed figures and collective labels stay explicitly unidentified; no additional members inferred."
UAG:s0230,230,232,OPS/images/08_X10000_000062_1_232_001.jpg,59e5fc4b3417306e5c0541452243fe1687314d6d4f8916f64a4208ff2ba67ea2,VISUAL_ORIGINAL_IMAGE,source,REVIEWED_MATERIAL,Texas shockwave avoids dangerous touch; Oklahoma rotation useful for throwing off grapplers; Detroit Quintuple combines Gearshift speed changes and OFA in five blows. Reprinted fights with different users/states.,SUP-UAG-230-01,,,All Might; Midoriya Izuku; Shigaraki Tomura; Sludge Villain; Bakugo Katsuki; USJ Nomu,"Full named or visually identified subject census from this page, separate from selective evidence subjects. Unnamed figures and collective labels stay explicitly unidentified; no additional members inferred."
UAG:s0231,231,233,OPS/images/08_X10000_000062_1_233_001.jpg,ca1313b43dab8e2faaa6566badc903a72a2fee7e49e0a2c11178afe56e960f04,VISUAL_ORIGINAL_IMAGE,source,REVIEWED_DUPLICATE,"Blackchain combines Blackwhip/Fa Jin for harder restraint; Missouri fast chop, Carolina crossed chop, New Hampshire reverse-punch propulsion and United States of Smash final OFA-ember blow supported by public voices.",,"Full text/action reviewed; dependent technical recap does not add independent combat successes, precise physical calibration or a timeless post-OFA capability.",,Midoriya Izuku; Shigaraki Tomura; All Might; All For One; Bakugo Katsuki; USJ Nomu; unnamed giant villain,"Full named or visually identified subject census from this page, separate from selective evidence subjects. Unnamed figures and collective labels stay explicitly unidentified; no additional members inferred."
UAG:s0232,232,234,OPS/images/08_X10000_000062_1_234_001.jpg,f4ec0860990da7663df6db176f2b90ddcb443b48cb3eebddcbb4e281bdc96fe2,VISUAL_ORIGINAL_IMAGE,source,REVIEWED_DUPLICATE,Bakugo: Explosive Speed Turbo propulsion with pictured 50m time; Stun Grenade limits destructive output to dazzle and inspires AP Shot; focused AP Shot range; Howitzer festival debut; Blast Catapult knocks down Kamakiri.,,Dependent technique descriptions and historical measurement preserved as reviewed; the single test time is not transferred to all later states or terrain.,,Bakugo Katsuki; Midoriya Izuku; Tokoyami Fumikage; Kamakiri Togaru,"Full named or visually identified subject census from this page, separate from selective evidence subjects. Unnamed figures and collective labels stay explicitly unidentified; no additional members inferred."
UAG:s0233,233,,OPS/images/08_X10000_000062_1_235_001.jpg,3de6d0b421629ba6925057e8c476021e208341c45621118b302dbe2a3626c968,VISUAL_ORIGINAL_IMAGE,source,REVIEWED_MATERIAL,Bakugo AP Shot Autocannon power reduced against Shishikura in the provisional exam versus high-output AP Machine Gun at Shigaraki; Cluster Turbo derived from Endeavor advice gives Iida final push to reach Midoriya; Explosive Landmine clears Midoriya smoke.,SUP-UAG-233-01; SUP-UAG-233-02,Printed folio not visible on the original image; not inferred from ordinal or neighbors.,,Bakugo Katsuki; Shigaraki Tomura; Shishikura Seiji; Kirishima Eijiro; Kaminari Denki; Endeavor; Iida Tenya; Midoriya Izuku; Class A students (collective),"Full named or visually identified subject census from this page, separate from selective evidence subjects. Unnamed figures and collective labels stay explicitly unidentified; no additional members inferred."
UAG:s0234,234,236,OPS/images/08_X10000_000062_1_236_001.jpg,0962402ed9491b5aa3698aec7e3d66a55f919aa09dece53d68e1e3555a22ea6b,VISUAL_ORIGINAL_IMAGE,source,REVIEWED_MATERIAL,Howitzer Impact Cluster at Shigaraki; Shoto Flashfreeze Heatwave; Heaven-Piercing Ice Wall offense/defense including Decay defense; named Shoto/Inasa combination confines Gang Orca in flame vortex during licensing.,SUP-UAG-234-01,,,Bakugo Katsuki; Shigaraki Tomura; Todoroki Shoto; Yoarashi Inasa; Gang Orca; unnamed villains after remedial licensing,"Full named or visually identified subject census from this page, separate from selective evidence subjects. Unnamed figures and collective labels stay explicitly unidentified; no additional members inferred."
UAG:s0235,235,237,OPS/images/08_X10000_000062_1_237_002.jpg,dbf953c8b1ecc89c9c13bce64ed7fd31962a4a2450689f3e4d53ab3ea1063334,VISUAL_ORIGINAL_IMAGE,source,REVIEWED_MATERIAL,"Shoto inherited Jet Burn equivalent and self-developed Phosphor simultaneous heating/cooling, Coldflame Pale Blade and Great Glacial Aegir; Hado maximum-output wave paired with Shoto fails to defeat Shigaraki in that battle.",SUP-UAG-235-01,,,Todoroki Shoto; Endeavor; Dabi / Todoroki Toya; Hado Nejire; Shigaraki Tomura; Iida Tenya; unidentified nearby heroes in final-war art,"Full named or visually identified subject census from this page, separate from selective evidence subjects. Unnamed figures and collective labels stay explicitly unidentified; no additional members inferred."
UAG:s0236,236,238,OPS/images/08_X10000_000062_1_238_001.jpg,c01dc8f63a6a225a204317e740e9d4f2c14a76f22699842bc7d5c9832b56a237,VISUAL_ORIGINAL_IMAGE,source,REVIEWED_MATERIAL,Endeavor originated Flashfire Fist; users Shoto/Endeavor/Dabi. Dabi independently acquired Jet Burn; Hell Spider needs delicate control and substantial expenditure; Prominence Burn extreme stored heat. Reprinted family/High-End fights.,SUP-UAG-236-01,,,Endeavor; Todoroki Shoto; Dabi / Todoroki Toya; Hood (High-End Nomu); All Might (named in manga speech),"Full named or visually identified subject census from this page, separate from selective evidence subjects. Unnamed figures and collective labels stay explicitly unidentified; no additional members inferred."
UAG:s0237,237,239,OPS/images/08_X10000_000062_1_239_001.jpg,860fc03d1ebdbb76be9157bf154c6e3862a421e7544e3a13b9cfc5a6538c9259,VISUAL_ORIGINAL_IMAGE,source,REVIEWED_MATERIAL,"Plus Ultra Prominence Burn used aloft to avoid damage to buildings; Hell Curtain containment, Burning Fist against Quirk-suppressed Shigaraki, Hawks-assisted Burning Jet Burn exceeding AFO expectation, Ignited Arrow city suppression.",SUP-UAG-237-01,,,Endeavor; Hawks; Shigaraki Tomura; All For One; Hood (High-End Nomu); unnamed city villain,"Full named or visually identified subject census from this page, separate from selective evidence subjects. Unnamed figures and collective labels stay explicitly unidentified; no additional members inferred."
UAG:s0238,238,,OPS/images/08_X10000_000062_1_240_001.jpg,e838a7039f38d028c5a476484a11f99b9c61e550c914ee9ba0c1d3d53a7d8b07,VISUAL_ORIGINAL_IMAGE,source,REVIEWED_MATERIAL,"Ochako Comet Home Run improvised in class, Meteor Shower defeated by Bakugo, Gunhead Martial Arts from work experience, Zero Satellites inspired by Midoriya Blackwhip, and combination Meteor Fafrotskies developed with Asui under Ryukyu.",SUP-UAG-238-01,No printed folio visible on this original image; neighboring pagination does not license filling one in.,,Uraraka Ochako; Gunhead; Midoriya Izuku; Bakugo Katsuki; Iida Tenya; Asui Tsuyu; Ryukyu; Himiko Toga; Katsukame Rikiya,"Full named or visually identified subject census from this page, separate from selective evidence subjects. Unnamed figures and collective labels stay explicitly unidentified; no additional members inferred."
UAG:s0239,239,241,OPS/images/08_X10000_000062_1_241_001.jpg,2625741804818f2324bc87b146226811427320169a6caf09b39d3fda3a39e24c,VISUAL_ORIGINAL_IMAGE,source,REVIEWED_MATERIAL,Ochako Space Walk wires/gravity escape from Toga Twice swarm. Iida Recipro Burst stalls afterward; Extend uses approach plus kick at Stain/exams; Turbo sustains acceleration ten minutes or more after family-method muffler training.,SUP-UAG-239-01,,,Uraraka Ochako; Himiko Toga; Twice duplicates; Iida Tenya; Todoroki Shoto; Stain; Honenuki Juzo; Iida family (collective training attribution),"Full named or visually identified subject census from this page, separate from selective evidence subjects. Unnamed figures and collective labels stay explicitly unidentified; no additional members inferred."
UAG:s0240,240,242,OPS/images/08_X10000_000062_1_242_001.jpg,5d5d33118520b4a099d8b6c5c130f29fb9eada4ec8747b51dbd2d8954146b1ab,VISUAL_ORIGINAL_IMAGE,source,REVIEWED_MATERIAL,Kirishima Red Counter/Gauntlet at fleeing blade villain and Unbreakable initial 30–40-second durability later improved by training. Jiro Heartbeat Fuzz breaks exam opponents footing to create teammates chances.,SUP-UAG-240-01,,,Kirishima Eijiro; Fat Gum; unnamed blade-producing villain; Jiro Kyoka; UA classmates (collective); other-school licensing examinees (collective),"Full named or visually identified subject census from this page, separate from selective evidence subjects. Unnamed figures and collective labels stay explicitly unidentified; no additional members inferred."
UAG:s0241,241,243,OPS/images/08_X10000_000062_1_243_001.jpg,fa9214d9cb7013ac7845388f7a7cd74508802cdddb672f7337f33e350df21091,VISUAL_ORIGINAL_IMAGE,source,REVIEWED_MATERIAL,"Jiro Heartbeat Surround incapacitates Awase, Legato at AFO, Wall protects Hawks; Asui camouflage is concealment not transparency and Shinso can see if aware; Momo cannon delivers specifically needed thermal goggles/antifungal spray to Tokoyami; Kaminari discharge indiscriminately reaches friend and foe.",SUP-UAG-241-01; SUP-UAG-241-02,,,Jiro Kyoka; Awase Yosetsu; Bakugo Katsuki; All For One; Hawks; Asui Tsuyu; Shinso Hitoshi; Yaoyorozu Momo; Tokoyami Fumikage; Kaminari Denki; USJ villains (collective),"Full named or visually identified subject census from this page, separate from selective evidence subjects. Unnamed figures and collective labels stay explicitly unidentified; no additional members inferred."
UAG:s0242,242,244,OPS/images/08_X10000_000062_1_244_001.jpg,3fc40b96b38a55c5001014f5c123a162009ce4146afb777502cd21554853537b,VISUAL_ORIGINAL_IMAGE,literary,REVIEWED_MATERIAL,"Special-move catalogue: Momo/Kaminari railgun; Mina’s Acid Veil, Acid Shot, and Acidman. Manufacture/energy combination, protection of Mineta, attack suppression and Kirishima-inspired winter development are distinguished.",SUP-UAG-242-01; SUP-UAG-242-02,"Readable catalogue and manga-panel content reviewed; selective records preserve material learning, cooperation, state and interpretation effects. Remaining named techniques retained in coverage rather than treated as independent evidence events.",,Yaoyorozu Momo; Kaminari Denki; Midoriya Izuku; Shigaraki Tomura; Ashido Mina; Mineta Minoru; Kirishima Eijiro,"Explicitly named or visually identifiable diegetic subjects noted during original-image review; collective labels do not enumerate unshown members. Real contributors and organizations are excluded from individual counts. Dark Shadow is recorded as Tokoyami’s named Quirk entity, not silently added as a human dossier candidate. Class A is a collective and does not enumerate unseen members."
UAG:s0243,243,245,OPS/images/08_X10000_000062_1_245_001.jpg,f549a9c4ceaca7a5e69e633e742cb88767ab28ce3bce49516acc0f9b051aaa31,VISUAL_ORIGINAL_IMAGE,literary,REVIEWED_MATERIAL,Special moves: 0.1% protective Acidman for Iida reaching Midoriya; Acid Layback launching Mineta; maximum-output Acidman ALMA against Machia; Tokoyami’s close Dark Shadow claw and Nakagame’s evasion during licensing.,SUP-UAG-243-01,"Readable catalogue and manga-panel content reviewed; selective records preserve material learning, cooperation, state and interpretation effects. Remaining named techniques retained in coverage rather than treated as independent evidence events.",,Ashido Mina; Iida Tenya; Midoriya Izuku; Mineta Minoru; Gigantomachia; Tokoyami Fumikage; Nakagame Tatami,"Explicitly named or visually identifiable diegetic subjects noted during original-image review; collective labels do not enumerate unshown members. Real contributors and organizations are excluded from individual counts. Dark Shadow is recorded as Tokoyami’s named Quirk entity, not silently added as a human dossier candidate. Class A is a collective and does not enumerate unseen members."
UAG:s0244,244,246,OPS/images/08_X10000_000062_1_246_001.jpg,3f0afbe8e80851d3c01a9c18ee84f1a9f0d4fe2e48cec8b9d86dde4874704543,VISUAL_ORIGINAL_IMAGE,literary,REVIEWED_MATERIAL,"Tokoyami’s Black Fallen Angel flight from Hawks’s advice, Ragnarok Womb defense from Midoriya’s festival idea, wide sweep during licensing and Sabbath compensation for close combat.",SUP-UAG-244-01,"Readable catalogue and manga-panel content reviewed; selective records preserve material learning, cooperation, state and interpretation effects. Remaining named techniques retained in coverage rather than treated as independent evidence events.",,Tokoyami Fumikage; Hawks; Midoriya Izuku,"Explicitly named or visually identifiable diegetic subjects noted during original-image review; collective labels do not enumerate unshown members. Real contributors and organizations are excluded from individual counts. Dark Shadow is recorded as Tokoyami’s named Quirk entity, not silently added as a human dossier candidate. Class A is a collective and does not enumerate unseen members."
UAG:s0245,245,247,OPS/images/08_X10000_000062_1_247_001.jpg,3b76f39d5084caa27089123dba786fca3abd3e7c38e590163cb36d870a9faa54,VISUAL_ORIGINAL_IMAGE,literary,REVIEWED_MATERIAL,Trained dark-state Ragnarok; enormous fist shattering AFO’s mask; all-out Baldur under dark clouds; Mineta’s Grape Buckler protecting Mina against Shoda.,SUP-UAG-245-01; SUP-UAG-245-02,"Readable catalogue and manga-panel content reviewed; selective records preserve material learning, cooperation, state and interpretation effects. Remaining named techniques retained in coverage rather than treated as independent evidence events.",,Tokoyami Fumikage; All For One; Mineta Minoru; Ashido Mina; Shoda Nirengeki,"Explicitly named or visually identifiable diegetic subjects noted during original-image review; collective labels do not enumerate unshown members. Real contributors and organizations are excluded from individual counts. Dark Shadow is recorded as Tokoyami’s named Quirk entity, not silently added as a human dossier candidate. Class A is a collective and does not enumerate unseen members."
UAG:s0246,246,248,OPS/images/08_X10000_000062_1_248_001.jpg,32faf51470dbb2dcd72a92b389220c0c14d27cfb140159fa8019d0ab88d23402,VISUAL_ORIGINAL_IMAGE,literary,REVIEWED_MATERIAL,"Mineta’s final-exam capture of Midnight, ten-ball chain during class retrieval of Midoriya, Mina/Mineta joint launch against Yanagi/Kodai/Shoda, and Aoyama’s trained multiport laser barrage.",SUP-UAG-246-01,"Readable catalogue and manga-panel content reviewed; selective records preserve material learning, cooperation, state and interpretation effects. Remaining named techniques retained in coverage rather than treated as independent evidence events.",,Mineta Minoru; Midnight; Midoriya Izuku; All For One; Ashido Mina; Yanagi Reiko; Kodai Yui; Shoda Nirengeki; Aoyama Yuga,"Explicitly named or visually identifiable diegetic subjects noted during original-image review; collective labels do not enumerate unshown members. Real contributors and organizations are excluded from individual counts. Dark Shadow is recorded as Tokoyami’s named Quirk entity, not silently added as a human dossier candidate. Class A is a collective and does not enumerate unseen members."
UAG:s0247,247,249,OPS/images/08_X10000_000062_1_249_001.jpg,021568c4fc2eea79a6ce3d2aff00f1e2cb5b16ec0474f8333b3f4920152ad3d2,VISUAL_ORIGINAL_IMAGE,literary,REVIEWED_MATERIAL,"Aoyama’s winter-internship laser sword; Aoyama/Hagakure refracted laser against Kunieda; Hagakure’s licensing flash; Ojiro’s two tail techniques, including escape from Honenuki’s softened ground.",SUP-UAG-247-01; SUP-UAG-247-02,"Readable catalogue and manga-panel content reviewed; selective records preserve material learning, cooperation, state and interpretation effects. Remaining named techniques retained in coverage rather than treated as independent evidence events.",Small unnamed background classmates in the laser-sword panel are not assigned speakers or identities beyond visually secure recognition.,Aoyama Yuga; Hagakure Toru; Kunieda; Ojiro Mashirao; Honenuki Juzo; Mineta Minoru; Tokoyami Fumikage; Kaminari Denki,"Explicitly named or visually identifiable diegetic subjects noted during original-image review; collective labels do not enumerate unshown members. Real contributors and organizations are excluded from individual counts. Dark Shadow is recorded as Tokoyami’s named Quirk entity, not silently added as a human dossier candidate. Class A is a collective and does not enumerate unseen members."
UAG:s0248,248,250,OPS/images/08_X10000_000062_1_250_001.jpg,3b145366ed418ad4fb31dd239bd3a36b95867933b1f4b6101e49d88d2e3ec205,VISUAL_ORIGINAL_IMAGE,literary,REVIEWED_MATERIAL,Shoji Octexpansion bundles arms against enlarged Spinner; Koda Hitchcock Birds depends on horn-grown increased vocal reach; Shoji Octoblow copies 20-plus arms and rear eyes; Sero’s tape barricade blocks Tokage’s separated parts in joint training; Sato Sugar Rush uses repeated powered punches.,SUP-UAG-248-01,Every readable catalogue entry and reproduced panel reviewed at original detail; selective evidence captures interpretive effects without multiplying recapped events. Named techniques without a distinct effect remain in this coverage summary.,,Shoji Mezo; Spinner; Koda Koji; Sero Hanta; Tokage Setsuna; Sato Rikido; Bakugo Katsuki; Jiro Kyoka,Explicitly named or visually identifiable diegetic subjects noted during original-image review; collective labels do not enumerate unshown members. Real contributors and organizations are excluded from individual counts.
UAG:s0249,249,251,OPS/images/08_X10000_000062_1_251_001.jpg,a54fba63d331e011a206873f1f649e95b533395689e828f5ffe9fd2d350f91e9,VISUAL_ORIGINAL_IMAGE,literary,REVIEWED_MATERIAL,"Tetsutetsu’s steel fist breaks Shoto’s ice and heated steel state resists extreme cold; Ibara’s Via Dolorosa locates/captures with vines, Crucifixion encloses and Faith Shield defends; Pony’s remotely controlled Thunder Horn and Pony/Tetsutetsu accelerated combination are separately shown.",,Every readable catalogue entry and reproduced panel reviewed at original detail; selective evidence captures interpretive effects without multiplying recapped events. Named techniques without a distinct effect remain in this coverage summary.,,Tetsutetsu Tetsutetsu; Todoroki Shoto; Shiozaki Ibara; Kaminari Denki; Tsunotori Pony; Shinso Hitoshi; Asui Tsuyu; Kirishima Eijiro,Explicitly named or visually identifiable diegetic subjects noted during original-image review; collective labels do not enumerate unshown members. Real contributors and organizations are excluded from individual counts.
UAG:s0250,250,252,OPS/images/08_X10000_000062_1_252_001.jpg,acbc5dc06db824dcada805ec6c67aaa886c4c53053c93b02e3267fc4c3a66570,VISUAL_ORIGINAL_IMAGE,literary,REVIEWED_MATERIAL,Kendo’s fists enlarge at impact; Komori’s inhaled lung mushrooms obstruct breathing despite cute presentation; Shishida’s Gaon Rage throws back Asui and Kirishima; Tsuburaba’s soundproof Air Prison blocks Shinso; Bondo sprays adhesive onto Sero’s tape; Awase welds Bakugo to a wall as a counter.,SUP-UAG-250-01,Every readable catalogue entry and reproduced panel reviewed at original detail; selective evidence captures interpretive effects without multiplying recapped events. Named techniques without a distinct effect remain in this coverage summary.,,Kendo Itsuka; Komori Kinoko; Tokoyami Fumikage; Monoma Neito; Shishida Jurota; Asui Tsuyu; Kirishima Eijiro; Tsuburaba Kosei; Shinso Hitoshi; Bondo Kojiro; Sero Hanta; Awase Yosetsu; Bakugo Katsuki,Explicitly named or visually identifiable diegetic subjects noted during original-image review; collective labels do not enumerate unshown members. Real contributors and organizations are excluded from individual counts.
UAG:s0251,251,253,OPS/images/08_X10000_000062_1_253_002.jpg,bbf162e49c7261530414b485256c1de3ef02cf2ed3d97a7e85cd4e53a0fcc4d3,VISUAL_ORIGINAL_IMAGE,literary,REVIEWED_MATERIAL,Shinso’s non-electric Persona Chords mask changes apparent voice while requiring a target’s answer; Shindo’s earthquake brings proportional aftershock immobility; Itejiro’s crescent projectile path targets opponents during licensing; Mirio’s noncontact eye feint and repeated emergence attacks; Amajiki’s giant octopus tentacles capture.,SUP-UAG-251-01,Every readable catalogue entry and reproduced panel reviewed at original detail; selective evidence captures interpretive effects without multiplying recapped events. Named techniques without a distinct effect remain in this coverage summary.,A small unnamed licensing teammate is not assigned a firm identity.,Shinso Hitoshi; Shindo Yo; Itejiro Toteki; Togata Mirio; Midoriya Izuku; Amajiki Tamaki,Explicitly named or visually identifiable diegetic subjects noted during original-image review; collective labels do not enumerate unshown members. Real contributors and organizations are excluded from individual counts.
UAG:s0252,252,254,OPS/images/08_X10000_000062_1_254_001.jpg,4a0a9d270f7ab933f8badc0fbd8f2459136a9297a02a15cd9dce3f188c0fb13a,VISUAL_ORIGINAL_IMAGE,literary,REVIEWED_MATERIAL,"Amajiki’s centaur uses bovine lower body with vines/hard fruit, camouflage plus scorpion poison attacks Shigaraki, and the plant/animal cannon receives Nejire’s energy. Nejire’s ordinary wave trades speed for area; compressed lance improves penetration and speed.",SUP-UAG-252-01,Every readable catalogue entry and reproduced panel reviewed at original detail; selective evidence captures interpretive effects without multiplying recapped events. Named techniques without a distinct effect remain in this coverage summary.,,Amajiki Tamaki; Hado Nejire; Shigaraki Tomura,Explicitly named or visually identifiable diegetic subjects noted during original-image review; collective labels do not enumerate unshown members. Real contributors and organizations are excluded from individual counts.
UAG:s0253,253,255,OPS/images/08_X10000_000062_1_255_001.jpg,2094ea6ab790ce69cd3707556e9908b0f32773e1103e43db1eec9f9b7f18d653,VISUAL_ORIGINAL_IMAGE,literary,REVIEWED_MATERIAL,"Aizawa/Shinso capture cloth requires high skill; Present Mic’s amplified directional voice, wider crowd suppression, and angry DJ Punch against Garaki have distinct contexts; Jiro/Hawks combine sound vibration and blade strikes against AFO’s mask.",SUP-UAG-253-01; SUP-UAG-253-02,Every readable catalogue entry and reproduced panel reviewed at original detail; selective evidence captures interpretive effects without multiplying recapped events. Named techniques without a distinct effect remain in this coverage summary.,,Aizawa Shota; Shinso Hitoshi; Present Mic; Shirakumo Oboro; Garaki Kyudai; Jiro Kyoka; Hawks; All For One,Explicitly named or visually identifiable diegetic subjects noted during original-image review; collective labels do not enumerate unshown members. Real contributors and organizations are excluded from individual counts.
UAG:s0254,254,256,OPS/images/08_X10000_000062_1_256_001.jpg,22ff908445d80f454c23b24c77153d618a7dd1808a812f8634b7470352153ed2,VISUAL_ORIGINAL_IMAGE,literary,REVIEWED_MATERIAL,Edgeshot’s piercing and internal-destruction techniques target different enemies; the extreme thread technique sutures/resuscitates dying Bakugo. Nighteye’s roughly 5kg stamp defeats a Rappa duplicate. Kamui restrains multiple League members; Mt. Lady’s debut Canyon Cannon takes Kamui’s spotlight.,SUP-UAG-254-01,Every readable catalogue entry and reproduced panel reviewed at original detail; selective evidence captures interpretive effects without multiplying recapped events. Named techniques without a distinct effect remain in this coverage summary.,,Edgeshot; Shigaraki Tomura; All For One; Bakugo Katsuki; Sir Nighteye; Rappa Kendo; Kamui Woods; Mt. Lady; Himiko Toga; Twice; Spinner; Dabi,Explicitly named or visually identifiable diegetic subjects noted during original-image review; collective labels do not enumerate unshown members. Real contributors and organizations are excluded from individual counts.
UAG:s0255,255,257,OPS/images/08_X10000_000062_1_257_001.jpg,22ffb523b2178958256c1c57b142c28fe17a09026a9db70442f60d78a23281d6,VISUAL_ORIGINAL_IMAGE,literary,REVIEWED_MATERIAL,Mt. Lady’s giant shield stops Magne’s launch of Compress toward Bakugo; Ectoplasm’s huge clone swallows and restrains until release; Gang Orca plays the enemy in the rescue exam using sonic paralysis; Centipeder binds raid opponents; Tiger fights Magne; Pixie-Bob’s earth beasts contribute to forest-camp training.,,Every readable catalogue entry and reproduced panel reviewed at original detail; selective evidence captures interpretive effects without multiplying recapped events. Named techniques without a distinct effect remain in this coverage summary.,,Mt. Lady; Magne; Mr. Compress; Bakugo Katsuki; Ectoplasm; Tokoyami Fumikage; Asui Tsuyu; Gang Orca; Centipeder; Tiger; Pixie-Bob; Koda Koji; Kaminari Denki; Ashido Mina,Explicitly named or visually identifiable diegetic subjects noted during original-image review; collective labels do not enumerate unshown members. Real contributors and organizations are excluded from individual counts.
UAG:s0256,256,258,OPS/images/08_X10000_000062_1_258_001.jpg,6fb06e25ab5b587c0210f1ecec46a427bd8121d24cbf332f163e8db8f2878546,VISUAL_ORIGINAL_IMAGE,literary,REVIEWED_MATERIAL,"Rock Lock’s nonliving-object fixation is bounded by force, area and range. Mirko’s rotating kick, falling kick against a High-End, neck scissor, capsule-breaking arc and later Luna Rush differ in tactical/bodily state; the last explicitly follows loss of both arms and right leg.",SUP-UAG-256-01; SUP-UAG-256-02,Every readable catalogue entry and reproduced panel reviewed at original detail; selective evidence captures interpretive effects without multiplying recapped events. Named techniques without a distinct effect remain in this coverage summary.,,Rock Lock; Mirko; Shigaraki Tomura,Explicitly named or visually identifiable diegetic subjects noted during original-image review; collective labels do not enumerate unshown members. Real contributors and organizations are excluded from individual counts.
UAG:s0257,257,259,OPS/images/08_X10000_000062_1_259_001.jpg,195f153b44fc7a9b917dc1badaba1da699cf4aed193d1fa482e2c29e92ed7b44,VISUAL_ORIGINAL_IMAGE,literary,REVIEWED_MATERIAL,"Star and Stripe creates a thousandfold atmospheric double, combines aircraft lasers under a rule, and attacks with coordinated missiles; Crust throws a shield at the hospital. Toga’s Sad Man’s Legion changes duplicates into heroes’ appearances after acquiring blood; pictured copies include Asui, Ochako and Jiro.",SUP-UAG-257-01,Every readable catalogue entry and reproduced panel reviewed at original detail; selective evidence captures interpretive effects without multiplying recapped events. Named techniques without a distinct effect remain in this coverage summary.,,Star and Stripe; Crust; Himiko Toga; Twice; Asui Tsuyu; Uraraka Ochako; Jiro Kyoka,Explicitly named or visually identifiable diegetic subjects noted during original-image review; collective labels do not enumerate unshown members. Real contributors and organizations are excluded from individual counts.
UAG:s0258,258,260,OPS/images/08_X10000_000062_1_260_001.jpg,405eaa028582cfd3a1d3239c0b12c3ad745dcbf34d523e75794a03c265240822,VISUAL_ORIGINAL_IMAGE,literary,REVIEWED_MATERIAL,"Twice’s Sad Man’s Parade and Toga’s Death Parade are separate entries/states. Re-Destro releases stored stress; Magne’s same-gender repulsion launch is blocked by Mt. Lady. Gentle’s elastic-air rebound defends against Midoriya, while the layered sandwich attack is described as contrary to his aesthetic.",SUP-UAG-258-01,Every readable catalogue entry and reproduced panel reviewed at original detail; selective evidence captures interpretive effects without multiplying recapped events. Named techniques without a distinct effect remain in this coverage summary.,,Twice; Himiko Toga; Re-Destro; Shigaraki Tomura; Magne; Mr. Compress; Mt. Lady; Gentle Criminal; Midoriya Izuku,Explicitly named or visually identifiable diegetic subjects noted during original-image review; collective labels do not enumerate unshown members. Real contributors and organizations are excluded from individual counts.
UAG:s0259,259,261,OPS/images/08_X10000_000062_1_261_001.jpg,abed618e4ecc7133aba76f206d3c16b24988c9620cf69838305c9c1077b535d3,VISUAL_ORIGINAL_IMAGE,literary,REVIEWED_MATERIAL,Gentle’s normal air trampoline and Love-amplified school-saving version; electrical PLF vice-commander’s attack blocked by Kaminari; Starservant’s glass sphere destroyed by Endeavor before impact; AFO’s enormous combined terminal attack damages himself.,SUP-UAG-259-01; SUP-UAG-259-02,Every readable catalogue entry and reproduced panel reviewed at original detail; selective evidence captures interpretive effects without multiplying recapped events. Named techniques without a distinct effect remain in this coverage summary.,,Gentle Criminal; La Brava; Amplivolt vice-commander; Kaminari Denki; Starservant; Endeavor; All For One,Explicitly named or visually identifiable diegetic subjects noted during original-image review; collective labels do not enumerate unshown members. Real contributors and organizations are excluded from individual counts.
UAG:s0260,260,,OPS/images/08_X10000_000062_1_262_001.jpg,fd3c1246b02065e94abc1ef929e192fd14020e91886f5ded04a279d8cba08ae6,VISUAL_ORIGINAL_IMAGE,literary,REVIEWED_MATERIAL,"Quirk Library opens, claiming 168 abilities encountered before the highest-hero outcome. Entries 1–12: Love (one recipient/once daily/brief crisis amplification), Assault Dust, Compress (multiple objects/people and willful release), Anivoice (horn-mediated reach), Dog (smell/hearing), Heal (recipient stamina and reported fatal overuse), Earphone Jack (heartbeat attack/listening), Voice (high/low pitch), Rabbit, Scales (collagen/calcium), Air Walk (not fast), Liquefaction (expanded volume).",SUP-UAG-260-01; SUP-UAG-260-02,Every readable catalogue entry and reproduced panel reviewed at original detail; selective evidence captures interpretive effects without multiplying recapped events. Named techniques without a distinct effect remain in this coverage summary.,No printed folio is visible on this section opener. Small canine illustrations and unillustrated generic ability entries do not provide secure additional user identities.,Midoriya Izuku; La Brava; Gentle Criminal; Mr. Compress; Koda Koji; Hound Dog; Recovery Girl; Jiro Kyoka; Present Mic; Mirko; Rin Hiryu; Lady Nagant,Explicitly named or visually identifiable diegetic subjects noted during original-image review; collective labels do not enumerate unshown members. Real contributors and organizations are excluded from individual counts.
UAG:s0261,261,263,OPS/images/08_X10000_000062_1_263_001.jpg,6b5c3dc88cfff175ff25f9c6f7bac7c9ded859cbded8da0bc323d29427629556,VISUAL_ORIGINAL_IMAGE,literary,REVIEWED_MATERIAL,Entries 13–28: Energy Saver reduces nutrition/water/sleep needs; Elasticity expires with time and cannot be undone at will; Engine stronger mufflers regrow after removal; Smokescreen amplified by OFA; Overhaul hand repair/fusion; AFO theft/bestowal/stock/concurrent use; folding body; Frog about 20m tongue/wall adhesion; Storage includes living things; Gas sensing via disturbances; Vitality Steal via contact/inhalation; Gatling hard claw-like bullets; Glass Manipulation; Danger Sense responds to hostility and misses nonhostile attacks; Mimic larger-than-fridge enhancement costs body; Trajectory can redirect surrounding air.,SUP-UAG-261-01,Every readable catalogue entry and reproduced panel reviewed at original detail; selective evidence captures interpretive effects without multiplying recapped events. Named techniques without a distinct effect remain in this coverage summary.,Storage and the gun-armed illustration are retained as ability/user-uncertain entries; no identity is invented from the catalogue alone. Energy Saver is unillustrated here.,Gentle Criminal; Iida Tenya; Midoriya Izuku; En; Chisaki Kai; All For One; Nakagame Tatami; Asui Tsuyu; Mustard; Rikiya Katsukame; Starservant; Itejiro Toteki,Explicitly named or visually identifiable diegetic subjects noted during original-image review; collective labels do not enumerate unshown members. Real contributors and organizations are excluded from individual counts.
UAG:s0262,262,264,OPS/images/08_X10000_000062_1_264_001.jpg,42f5f60946b7d3b3217cc50d5cdf585b1bde33f2fd195aff541e3010f1413127,VISUAL_ORIGINAL_IMAGE,literary,REVIEWED_MATERIAL,"Entries 29–45: Mushrooms grow including airways and favor moisture; Absorb/Release does not nullify incoming injury; Bloodcurdle duration O<A<AB<B, eight minutes for B; Strongarm shoulder heat increases rate; gigantification varies by user; Muscular fibers peel after spent strength or by choice; Queen Beam forehead energy/heart posture; Solid Air depends on lung capacity; King’s Scepter; Clean Bubbler antiseptic first aid/transport; Glycerin maintains youthful moist skin; Chronostasis requires stationary activation; Blackwhip; Crystal; Glamour short-lived visual/voice effects; Hardening; enhanced muscle strength.",,Every readable catalogue entry and reproduced panel reviewed at original detail; selective evidence captures interpretive effects without multiplying recapped events. Named techniques without a distinct effect remain in this coverage summary.,Several unillustrated ability users are not named on this page; generic descriptions do not create an identified new person.,Komori Kinoko; Stain; Rappa Kendo; Mt. Lady; Muscular; Tsuburaba Kosei; Wash; Bakugo Mitsuki; Chronostasis; Midoriya Izuku; Hojo Yu; Utsushimi Camie; Kirishima Eijiro; Sato Rikido,Explicitly named or visually identifiable diegetic subjects noted during original-image review; collective labels do not enumerate unshown members. Real contributors and organizations are excluded from individual counts.
UAG:s0263,263,265,OPS/images/08_X10000_000062_1_265_001.jpg,c43c2a6355c0031adb726fc70b610b428829a9aea69faf77609b28dd7d1df087,VISUAL_ORIGINAL_IMAGE,literary,REVIEWED_MATERIAL,Entries 46–61: Body Bulk toggles; Stiffening nonliving things by rubbing/kneading; eye Beam; Fierce Wings loses flight performance with fewer feathers and senses vibration; Copy five minutes/no simultaneous activation/some stock; Comic varied effects/throat strain; Muddle contact makes nearby five-minute memory hazy; Search 100 targets/location/weakness/long retention; Manifest selectable combinations and undefined no-upper-limit wording; Size nonliving objects; Burst injures self; Acid adjustable viscosity/dissolution with dehydration risk; weak Oxidizing Sweat; Shield; Jet tied to inhaled air; Foldabody training produces supersonic change.,SUP-UAG-263-01; SUP-UAG-263-02,Every readable catalogue entry and reproduced panel reviewed at original detail; selective evidence captures interpretive effects without multiplying recapped events. Named techniques without a distinct effect remain in this coverage summary.,,Hawks; Spinner; Makabe Shikkui; Monoma Neito; Fukidashi Manga; Giran; Ragdoll; Amajiki Tamaki; Kodai Yui; Ashido Mina; Bakugo Masaru; Crust; Gran Torino; Edgeshot,Explicitly named or visually identifiable diegetic subjects noted during original-image review; collective labels do not enumerate unshown members. Real contributors and organizations are excluded from individual counts.
UAG:s0264,264,266,OPS/images/08_X10000_000062_1_266_001.jpg,0fa4e301de998ed4c3e7a86096add5b366ce5b04964e087a51e4ebdea8f0a281,VISUAL_ORIGINAL_IMAGE,literary,REVIEWED_MATERIAL,"Entries 62–77: Blade Tooth; Tail; Fat Absorption stores impact through consumed fat; Orca sonar/land use/dryness weakness; Snake Hair sensing; Softening nonliving things/retouch release; Shame strengthens exposure; Sugar Dope 10g/three minutes/fivefold with cognitive decline; Arbor fire weakness; Food teeth/jaw/rapid digestion; Shock Absorption finite, not nullification; Landmine low individual lethality/no count bound; Magnetism gives others male south/female north within 4.5m and adjustable strength/position; razor blades; extending hair; Zoom five km and microscopic sight.",,Every readable catalogue entry and reproduced panel reviewed at original detail; selective evidence captures interpretive effects without multiplying recapped events. Named techniques without a distinct effect remain in this coverage summary.,Gendered magnetic-rule terminology is the guide’s operational phrasing; it is not used to infer a person’s anatomy or to override Magne’s identity. Shame’s user is not identified here.,Moonfish; Ojiro Mashirao; Fat Gum; Gang Orca; Uwabami; Honenuki Juzo; Sato Rikido; Kamui Woods; Tabe Soramitsu; Curious; Magne; Kamakiri Togaru; Mora Nagamasa; Hatsume Mei; Iida Tenya; Kirishima Eijiro,Explicitly named or visually identifiable diegetic subjects noted during original-image review; collective labels do not enumerate unshown members. Real contributors and organizations are excluded from individual counts.
UAG:s0265,265,267,OPS/images/08_X10000_000062_1_267_001.jpg,235b0d3e8d40bb8f4b5cf827292bebdceb46e9af864897e5785d5c19ef7e0821,VISUAL_ORIGINAL_IMAGE,literary,REVIEWED_MATERIAL,Entries 78–93: Scale Mail bleeding/pain; Steel iron-dependent hardness/duration; Stress power conversion; Meatball deformation; Lock Down bounded nonliving fixation; Life Force trades motor function for longevity; Larceny sight/worn items/generated objects; Cemedine seven outlets/adjustable drying; Cement; awakened Zero Gravity propagation; Gyrate; Incite allies via voice/volume (trust condition not restated); Brainwashing requires directed question/answer and ends by will or impact; Whirlwind fine control; Blueflame dulled bodily sensation/lost limiter; Blood Control of own blood.,SUP-UAG-265-01; SUP-UAG-265-02; SUP-UAG-265-03,Every readable catalogue entry and reproduced panel reviewed at original detail; selective evidence captures interpretive effects without multiplying recapped events. Named techniques without a distinct effect remain in this coverage summary.,,Spinner; Tetsutetsu Tetsutetsu; Re-Destro; Shishikura Seiji; Rock Lock; Garaki Kyudai; Setsuno Toya; Bondo Kojiro; Cementoss; Uraraka Ochako; Kaibara Sen; Trumpet; Shinso Hitoshi; Yoarashi Inasa; Dabi; Endeavor; Vlad King; Monoma Neito,Explicitly named or visually identifiable diegetic subjects noted during original-image review; collective labels do not enumerate unshown members. Real contributors and organizations are excluded from individual counts.
UAG:s0266,266,268,OPS/images/08_X10000_000062_1_268_001.jpg,f15179820d63cca440373915426eaaaa6e84c5c00f4a02428d37928d17a2d57e,VISUAL_ORIGINAL_IMAGE,literary,REVIEWED_MATERIAL,Entries 94–110: Creation needs lipids/molecular knowledge; Amplivolt stores and increases device electricity; Dark Shadow darkness/control tradeoff; Endurance does not itself change control; Big Fist; Electrification output-overload brain effect; Tongue Tank; Super Regeneration cannot undo an instantly fatal crushed head; Twin Impact delayed stronger strike; Pain Block trainable toggle; Vines regrow with water/sun; Sloshed balance interference; Tape; Iron Claws terrain digging; Telepath broadcasts one way to multiple distant people; Electromagnetic Bullet; Permeation emergence from underground.,SUP-UAG-266-01,Every readable catalogue entry and reproduced panel reviewed at original detail; selective evidence captures interpretive effects without multiplying recapped events. Named techniques without a distinct effect remain in this coverage summary.,Several unlabeled generic ability users are not identified; Dark Shadow is a named Quirk entity rather than a separately promoted person.,Yaoyorozu Momo; Tokoyami Fumikage; Kendo Itsuka; Kaminari Denki; Shoda Nirengeki; Shiozaki Ibara; Sakaki Deidoro; Sero Hanta; Power Loader; Mandalay; Aizawa Shota; Togata Mirio,Explicitly named or visually identifiable diegetic subjects noted during original-image review; collective labels do not enumerate unshown members. Real contributors and organizations are excluded from individual counts.
UAG:s0267,267,269,OPS/images/08_X10000_000062_1_269_001.jpg,618c22be5d019543e0548d50ef632529699e1a719f1c91bab81c969e06a63821,VISUAL_ORIGINAL_IMAGE,literary,REVIEWED_MATERIAL,"Entries 111–127: Invisibility through surface refraction described as always active; Tokage separation expires; Despot ends on user unconsciousness; Dragon; Earth Flow; Pliabody; Double needs data/image and makes two weaker copies which can recursively multiply; New Order touch/name/two rules with strengthening limit and broad weakening claim; Navel Laser; Somnambulist stronger on men; Nezu High Spec first-animal-Quirk claim; Viral Cosmos seeds from two head flowers; Outburst forced laughter; White Line drug enhancement; Explosion propulsion as well as attack; Fa Jin repeated motion amplified by OFA; Wave Motion uses vitality, normally slow.",SUP-UAG-267-01,Every readable catalogue entry and reproduced panel reviewed at original detail; selective evidence captures interpretive effects without multiplying recapped events. Named techniques without a distinct effect remain in this coverage summary.,Viral Cosmos has no named user or identifying illustration on this page. New Order’s broad weakening wording does not erase the same entry’s touch/name/two-rule prerequisites.,Hagakure Toru; Tokage Setsuna; Dictator; Ryukyu; Pixie-Bob; Tiger; Twice; Star and Stripe; Aoyama Yuga; Midnight; Nezu; Ms. Joke; Ending; Bakugo Katsuki; Midoriya Izuku; Hado Nejire,Explicitly named or visually identifiable diegetic subjects noted during original-image review; collective labels do not enumerate unshown members. Real contributors and organizations are excluded from individual counts.
UAG:s0268,268,270,OPS/images/08_X10000_000062_1_270_001.jpg,53cc420895274a0e40897474e1214b5eb71cd154d3620647bceced6881358af8,VISUAL_ORIGINAL_IMAGE,literary,REVIEWED_MATERIAL,Entries 128–143: Bubble eye obstruction by pain; Barrier nested steel-hard hemispheres also blocks outward attacks; simultaneous Half-Cold Half-Hot exceeds ordinary bodily limits; Beast sensory/strength/excitement change; Big Horn has no horn pain; Anthropomorph turns human-sized objects into dolls; Ice Manipulation freezes water and makes air paths; Gluttony sphere consumes/disappears with matter; Fiber Master requires fine trained control; Boomerang projectile homing; Dupli-Arms sensory/combat reproduction; Float self only; Black moves in dark objects; Black Hole molecular disintegration for disaster response; Flyring attack/capture; Ectoplasm roughly 30 clones.,,Every readable catalogue entry and reproduced panel reviewed at original detail; selective evidence captures interpretive effects without multiplying recapped events. Named techniques without a distinct effect remain in this coverage summary.,"Unillustrated Big Horn, Gluttony, Boomerang and Flyring entries are not assigned guessed users.",Bubble Girl; Tengai Hekiji; Todoroki Shoto; Shishida Jurota; Skeptic; Geten; Best Jeanist; Shoji Mezo; Shimura Nana; Kuroiro Shihai; Thirteen; Ectoplasm,Explicitly named or visually identifiable diegetic subjects noted during original-image review; collective labels do not enumerate unshown members. Real contributors and organizations are excluded from individual counts.
UAG:s0269,269,271,OPS/images/08_X10000_000062_1_271_001.jpg,8e11b3fc7d8b46d56654bd2c6f7e6523d207040f1b32f88b2cbb93b3052a96c8,VISUAL_ORIGINAL_IMAGE,literary,REVIEWED_MATERIAL,Entries 144–156: Hellflame control/compression/flight; awakened Transform distinguishes appearance from affection-conditioned Quirk use; Gearshift extends from small touched things to cells with OFA; Decay propagation/direction/range; Homing 600m/seen target without exact impact-point choice; Horn Cannon four controlled horns/regrowth; Poltergeist about human weight and can move people; Rewind spends stored horn energy; Confession forces subjective disclosure; Erasure general eye-open/type summary; Magic rings control contents; Centipede; body-hair manipulation.,SUP-UAG-269-01; SUP-UAG-269-02; SUP-UAG-269-03,Every readable catalogue entry and reproduced panel reviewed at original detail; selective evidence captures interpretive effects without multiplying recapped events. Named techniques without a distinct effect remain in this coverage summary.,Unillustrated body-hair entry has no securely identified user. Erasure’s generic type wording is not treated as an exhaustive account of all heteromorphic bodily functions.,Endeavor; Himiko Toga; Midoriya Izuku; Shigaraki Tomura; Snipe; Tsunotori Pony; Yanagi Reiko; Eri; Nemoto Shin; Twice; Aizawa Shota; Majestic; Centipeder,Explicitly named or visually identifiable diegetic subjects noted during original-image review; collective labels do not enumerate unshown members. Real contributors and organizations are excluded from individual counts.
UAG:s0270,270,272,OPS/images/08_X10000_000062_1_272_001.jpg,65e3b29710974b101a3fb8556eccef7c079eddc63cec77d1d0748bf6cd016147,VISUAL_ORIGINAL_IMAGE,literary,REVIEWED_MATERIAL,"Entries 157–168 finish the library: Burnin’s flaming hair; Pop Off sticks to others and bounces from Mineta; Mole adaptations for digging; Spinner’s native Gecko wall adhesion and need for combat skills; Vibrate recoil scales with size/speed; Weld joins living/nonliving things at molecular level; Leaf manipulation; Foresight touch/eye-contact, one hour and one-day interval; four arms; Rifle elbow barrel/hair-composite bullets; Warp Gate transport through black mist; OFA cultivated/passed stock with predecessors’ Quirks.",SUP-UAG-270-01,Every readable catalogue entry and reproduced panel reviewed at original detail; selective evidence captures interpretive effects without multiplying recapped events. Named techniques without a distinct effect remain in this coverage summary.,"Leaf-manipulation and four-arm entries do not identify their users here. Predecessors in OFA montage are depicted historical holders, not simultaneous living participants.",Burnin; Mineta Minoru; Gigantomachia; Spinner; Shindo Yo; Awase Yosetsu; Sir Nighteye; Midoriya Izuku; Lady Nagant; Kurogiri; Shimura Nana; All Might; Shinomori Hikage; Banjo Daigoro; En; Bruce; Kudo; Shigaraki Yoichi,Explicitly named or visually identifiable diegetic subjects noted during original-image review; collective labels do not enumerate unshown members. Real contributors and organizations are excluded from individual counts.
UAG:s0271,271,,OPS/images/08_X10000_000062_1_273_001.jpg,94e24cf5f7f2af6bb1ebad7dc4b1ddec94be9570991ba2f57aa91d37755cd516,VISUAL_ORIGINAL_IMAGE,literary,REVIEWED_NO_MATERIAL_ADDITION,Chapter 5 ANALYSIS divider. A promotional burst announces results of the 2024 worldwide character popularity poll and super-voting categories. Reused image shows Midoriya walking toward U.A.; no poll result or new narrative episode appears on this page.,,Original chapter-divider artwork and all meaningful section-announcement text visually read. The divider identifies source form and announced scope; it is not evidence that an unread later contribution has been reviewed.,,Midoriya Izuku,Explicitly named or visually identifiable diegetic subjects noted during original-image review; collective labels do not enumerate unshown members. Real contributors and organizations are excluded from individual counts.
UAG:s0272,272,274,OPS/images/08_X10000_000062_1_274_001.jpg,334abc0d08fcd1f46baec98e9b5cadacbffcd70b82ca63185a0be469885260cd,VISUAL_ORIGINAL_IMAGE,literary,REVIEWED_MATERIAL,"2024 worldwide popularity-poll results. Headline, total votes and positions 1–3. All printed roster labels read and retained in poll_entries; poll presence is not a new narrative episode.",SUP-UAG-272-01,"All readable poll ranks, labels, selected reader comments and pictured compositions visually reviewed at original detail. Reception and artistic arrangement do not add independent behavioral episodes; selectively material framing is retained in the linked records.",,大・爆・殺・神ダイナマイト／爆豪勝己; デク／緑谷出久; ショート／轟焦凍,"These are literal poll labels, not normalized individual counts. Slash labels join aliases; collective/organizational, animal, equipment, film/spinoff and identity-uncertain entries must be classified before counting. The source alone does not establish all entries as independent people or main-manga behavioral evidence."
UAG:s0273,273,275,OPS/images/08_X10000_000062_1_275_001.jpg,545901e151c3d26a91a7974c8ae7fddc11d7d6cefe85d72824fe87168091439e,VISUAL_ORIGINAL_IMAGE,literary,REVIEWED_MATERIAL,2024 worldwide popularity-poll results. Positions 4–20 with images. All printed roster labels read and retained in poll_entries; poll presence is not a new narrative episode.,SUP-UAG-272-01,"All readable poll ranks, labels, selected reader comments and pictured compositions visually reviewed at original detail. Reception and artistic arrangement do not add independent behavioral episodes; selectively material framing is retained in the linked records.",,イレイザー・ヘッド／相澤消太; 烈怒頼雄斗／切島鋭児郎; エンデヴァー／轟炎司; ホークス／鷹見啓悟; 荼毘／轟燈矢; 死柄木弔／志村転弧; ファントムシーフ／物間寧人; ウラビティ／麗日お茶子; オールマイト／八木俊典; トガヒミコ／渡我被身子; チャージズマ／上鳴電気; ナイトハイド／心操人使; サンイーター／天喰環; ロディ・ソウル; インゲニウム／飯田天哉; ツクヨミ／常闇踏陰; イヤホンジャック／耳郎響香,"These are literal poll labels, not normalized individual counts. Slash labels join aliases; collective/organizational, animal, equipment, film/spinoff and identity-uncertain entries must be classified before counting. The source alone does not establish all entries as independent people or main-manga behavioral evidence."
UAG:s0274,274,276,OPS/images/08_X10000_000062_1_276_001.jpg,d5261b9fe1c6421176a1772690eb654ff5f1c93bc327245a14d6c7a59cc2538d,VISUAL_ORIGINAL_IMAGE,literary,REVIEWED_MATERIAL,"2024 worldwide popularity-poll results. Dense two-column roster of names/aliases and vote totals, including tied ranks. All printed roster labels read and retained in poll_entries; poll presence is not a new narrative episode.",SUP-UAG-272-01; SUP-UAG-274-01,"All readable poll ranks, labels, selected reader comments and pictured compositions visually reviewed at original detail. Reception and artistic arrangement do not add independent behavioral episodes; selectively material framing is retained in the linked records.",,ルミリオン／通形ミリオ; クリエティ／八百万百; ミルコ／兎山ルミ; セロファン／瀬呂範太; プレゼント・マイク／山田ひざし; フロッピー／蛙吹梅雨; Can’t stop twinkling.／青山優雅; テンタコル／障子目蔵; ネジレちゃん／波動ねじれ; ベストジーニスト／袴田維; トゥワイス／分倍河原仁; レディ・ナガン／筒美火伊那; ピンキー／芦戸三奈; ザ・スカイクロウラー／灰廻航一; テイルマン／尾白猿夫; オーバーホール／治崎廻; Mr.コンプレス／迫圧紘; オール・フォー・ワン／死柄木全; エッジショット／紙原伸也; ファットガム／豊満太志郎; 壊理; インビジブルガール／葉隠透; グレープジュース／峰田実; ジェントル・クリミナル／飛田弾柔郎; 発目明; クロノスタシス／玄野針; 黒霧／白雲朧; サー・ナイトアイ／佐々木未来; 死柄木与一; 駆藤敏次; ミッドナイト／香山睡; ステイン／赤黒血染; Mt.レディ／岳山優; スターアンドストライプ／キャスリーン・ベイト; 一般女性; スピナー／伊口秀一; ギャングオルカ／逆俣空悟; バトルフィスト／拳藤一佳; ラブラバ／相場愛美; アニマ／口田甲司; 13号／黒瀬亜南; 出水洸汰; レップウ／夜嵐イナサ; 志村菜奈; モンちゃん; 轟冬美; 根津; シシクロス／肉倉精児; ガエン／揺蕩井煙; ルール／小大唯; 緑谷引子; グランド／真堂揺; シーメイジ／小森希乃子; スパイラル／回原旋; マボロミケミィ／現見ケミィ; リアルスティール／鉄哲徹鐵; 塚内直正; 外典; 轟夏雄; シュガーマン／砂藤力道,"These are literal poll labels, not normalized individual counts. Slash labels join aliases; collective/organizational, animal, equipment, film/spinoff and identity-uncertain entries must be classified before counting. The source alone does not establish all entries as independent people or main-manga behavioral evidence."
UAG:s0275,275,277,OPS/images/08_X10000_000062_1_277_001.jpg,96584af0cbbcdb51c19888d474329d8a8d00116c997726de898e7f3420fd7f8b,VISUAL_ORIGINAL_IMAGE,literary,REVIEWED_MATERIAL,"2024 worldwide popularity-poll results. Dense two-column roster of names/aliases and vote totals, including tied ranks. All printed roster labels read and retained in poll_entries; poll presence is not a new narrative episode.",SUP-UAG-272-01,"All readable poll ranks, labels, selected reader comments and pictured compositions visually reviewed at original detail. Reception and artistic arrangement do not add independent behavioral episodes; selectively material framing is retained in the linked records.",,セメントス／石山堅; グラントリノ／酉野空彦; Ms.ジョーク／福門笑; 爆豪光己; リザーディ／取蔭切奈; スケプティック／近属友保; ヴァイン／塩崎茨; シンリンカムイ／西屋森児; スナイプ; サンサン晴明; リューキュウ／竜間龍子; ピノ; ベンタブラック／黒色支配; バーニン／上路萌; マッドマン／骨抜柔造; インゲニウム／飯田天晴; 玉川三茶; マンダレイ／送崎信乃; 手裏剣頭のおじさん; 轟冷; インタビューのおばさん; 龍帷子／鱗飛竜; リカバリー・ガール／修善寺治与; ブルース・リー; ウェルダー／泡瀬洋雪; メリッサ・シールド; ラグドール／知床知子; 目良善見; GANRIKI☆NEKO; トランペット／花畑孔腔; 不和真綿; 為田浩; ロケッティ／角取ポニー; 乱波肩動; マニュアル／水島正規; 島乃活真; マスタード; ラリアット／万縄大悟郎; ウォッシュ／御手洗濯; リ・デストロ／四ツ橋力也; 照元光輝; コミックマン／吹出漫我; 窃野トウヤ; ヘドロ敵; エルクレス; ツブラバ／円場硬成; マスキュラー／今筋強斗; マグネ／引石健磁; ツバサくん; クラスト; 四ノ森避影; 珠葦萌胡; 吉田竜; アストロ; エミリー／柳レイ子; ランチラッシュ; エラ・イヒト; メリル・ホープ; 脳無; ピクシーボブ／土川流子,"These are literal poll labels, not normalized individual counts. Slash labels join aliases; collective/organizational, animal, equipment, film/spinoff and identity-uncertain entries must be classified before counting. The source alone does not establish all entries as independent people or main-manga behavioral evidence."
UAG:s0276,276,278,OPS/images/08_X10000_000062_1_278_001.jpg,f29aae8fdf122b8d3c8001c1dd53693228835b93da6530628280b6a85136f3f4,VISUAL_ORIGINAL_IMAGE,literary,REVIEWED_MATERIAL,"2024 worldwide popularity-poll results. Dense two-column roster of names/aliases and vote totals, including tied ranks. All printed roster labels read and retained in poll_entries; poll presence is not a new narrative episode.",SUP-UAG-272-01,"All readable poll ranks, labels, selected reader comments and pictured compositions visually reviewed at original detail. Reception and artistic arrangement do not add independent behavioral episodes; selectively material framing is retained in the linked records.",,音本真; マインズ／庄田二連撃; 志村華; デステゴロ; セルキー; シリウス; ジャックマンティス／鎌切尖; 島乃真幌; 死穢八斎會の組長; ダイ君; 義爛／憶田影朧; タートルネック／中瓶畳; マジェスティック／巫円真; ロックロック／高木鍵; 活瓶力也; ブラドキング／管赤慈郎; バックドラフト; ハウンドドッグ／犬井猟; キドウ; 宮下; サラーム; ナイン; 面構犬嗣; 多部空満; 万偶数羽生子; キュリオス／気月置歳; シンド; ギャシュリー; エクトプラズム; ジョンちゃん; パワーローダー／埋島干狩; スナッチ／日河原砂塵; 障子が救けた女の子; ウワバミ; ムーンフィッシュ; 爆豪勝; オールマイトTシャツの青年; 虎／茶虎柔; ブーメランマン／投擲射手次郎; 張間歐児; 異形排斥主義集団（CRC）; イールボーイ; スライディン・ゴー／常滑達行; バブルガール／泡田薫子; KUNIEDA; 紅頼雄斗; ガンヘッド; モカちゃん; 普良巣舞奈; 絢爛崎美々美; タクトくん; ギガントマキア; プラモ／凡戸固次郎; 玉城くん; マルティン; イーサン・ドライブ; 車田運転丸; トイトイ; 殻木球大; 宮城大角,"These are literal poll labels, not normalized individual counts. Slash labels join aliases; collective/organizational, animal, equipment, film/spinoff and identity-uncertain entries must be classified before counting. The source alone does not establish all entries as independent people or main-manga behavioral evidence."
UAG:s0277,277,279,OPS/images/08_X10000_000062_1_279_001.jpg,14f14911c7521b10d6fec029775eddf35a2bebee710543abbc1fb1e5cc31cecd,VISUAL_ORIGINAL_IMAGE,literary,REVIEWED_MATERIAL,"2024 worldwide popularity-poll results. Dense two-column roster of names/aliases and vote totals, including tied ranks. All printed roster labels read and retained in poll_entries; poll presence is not a new narrative episode.",SUP-UAG-272-01,"All readable poll ranks, labels, selected reader comments and pictured compositions visually reviewed at original detail. Reception and artistic arrangement do not add independent behavioral episodes; selectively material framing is retained in the linked records.",,酒木泥泥; 天蓋壁慈; 食神BOY; ジェボーダン／宍田獣郎太; サイダーハウス; センチピーダー／百足従造; ウーマンちゃん; 耳郎美香; ネイティブ; 甲矢有弓; フードちゃん; オーマー; おデブちゃん; ティモシー・アグパー; 永白風統; 飯田の母; 暗井指数嫗雄; 士傑高校の先生; お茶子の母; 恥樫照夫; ともちゃん; 志村直; ミミック／入中常衣; 宝生結; エンディング; 鷹見遠見絵; 志村弧太朗; 蛙吹頑馬; ショウくん; 僧帽ヘッドギア; エアジェット; チューイー／毛原長昌; 蛙吹五月雨; 青山の母; カシ・カシコ; 生駒小磨里; 耳郎響徳; ララ・ソウル; ロロ・ソウル; エレクプラント; 口田の父; ウォーターホース; Mr.スミス／真壁漆喰; サンクタム; 棘池築稚; みっくん; お茶子の父; ヨロイムシャ; エクスレス; ミカ; ギュゲス; 竹下; ビッグ・レッド・ドット; 蛙吹鈴; 顎大和筒隆; ゾウさん; フォースカインド; ザ・フライ; ケサギリマン; 口田の母; 蛙吹さつき; デストロ／四ツ橋主税; ロボットちゃん; ホークスの父; 青山の父; タジマ; 星のしもべ; アバラちゃん; ディクテイター; ミハエラ; Mr.ブレイブ; レザボアドッグス; 志村千津夫; ブリアレオス; 榊駒子; 志村真子; 蹴上露今努; ミカの兄,"These are literal poll labels, not normalized individual counts. Slash labels join aliases; collective/organizational, animal, equipment, film/spinoff and identity-uncertain entries must be classified before counting. The source alone does not establish all entries as independent people or main-manga behavioral evidence."
UAG:s0278,278,280,OPS/images/08_X10000_000062_1_280_001.jpg,64b9ab337aaff0e21d8c060772a0be880e77fd39d13ed9857069bc1aae780c1a,VISUAL_ORIGINAL_IMAGE,literary,REVIEWED_MATERIAL,"Super-poll introduction, 2024 event and selected submitted comments. Hero-name ranks 1–3: Dynamight, Deku, Shoto. Comments distinguish memorable comedy, a perceived All Might echo, Deku’s meaning changing over time, and acceptance of Shoto’s own identity; reproduced naming/remedial-course panels are earlier manga.",SUP-UAG-278-01,"All readable poll ranks, labels, selected reader comments and pictured compositions visually reviewed at original detail. Reception and artistic arrangement do not add independent behavioral episodes; selectively material framing is retained in the linked records.",,Bakugo Katsuki; Midoriya Izuku; Todoroki Shoto; All Might; Endeavor; Kaminari Denki,Explicitly named or visually identifiable diegetic subjects noted during original-image review; collective labels do not enumerate unshown members. Real contributors and organizations are excluded from individual counts.
UAG:s0279,279,281,OPS/images/08_X10000_000062_1_281_001.jpg,9742f0f98f5b687e9725e4e8bfb9067338e82163cf0d4c42da99eed90ed77dbb,VISUAL_ORIGINAL_IMAGE,literary,REVIEWED_MATERIAL,"Hero-name ranks 4–9: Eraser Head, Uravity, Red Riot, All Might, Hawks, Suneater. Selected readers discuss English sound/Present Mic, name–Quirk pun, courage/inheritance, almighty meaning, memorable simplicity and Mirio/Amajiki friendship.",SUP-UAG-278-01,"All readable poll ranks, labels, selected reader comments and pictured compositions visually reviewed at original detail. Reception and artistic arrangement do not add independent behavioral episodes; selectively material framing is retained in the linked records.",,Aizawa Shota; Present Mic; Uraraka Ochako; Kirishima Eijiro; All Might; Hawks; Amajiki Tamaki; Togata Mirio,Explicitly named or visually identifiable diegetic subjects noted during original-image review; collective labels do not enumerate unshown members. Real contributors and organizations are excluded from individual counts.
UAG:s0280,280,282,OPS/images/08_X10000_000062_1_282_001.jpg,7c500d9f45c13bfed2fb40a3f53b440db604da160799fbd99761ced962b45547,VISUAL_ORIGINAL_IMAGE,literary,REVIEWED_MATERIAL,"Hero-name ranks 10–18: Can’t stop twinkling., Endeavor, Phantom Thief, Lemillion, Chargebolt, Froppy, Earphone Jack, Lady Nagant, Mirko. Reader comments discuss sound, effort, figurative Quirk theft, aspiration, puns, musical association, gun name and fighter-name origin; these are selected opinions, not direct production claims.",SUP-UAG-278-01; SUP-UAG-280-01,"All readable poll ranks, labels, selected reader comments and pictured compositions visually reviewed at original detail. Reception and artistic arrangement do not add independent behavioral episodes; selectively material framing is retained in the linked records.",,Aoyama Yuga; Endeavor; Monoma Neito; Togata Mirio; Kaminari Denki; Asui Tsuyu; Jiro Kyoka; Lady Nagant; Mirko,Explicitly named or visually identifiable diegetic subjects noted during original-image review; collective labels do not enumerate unshown members. Real contributors and organizations are excluded from individual counts.
UAG:s0281,281,283,OPS/images/08_X10000_000062_1_283_001.jpg,3e9c0c412fd9e46136de8dfc50fe21c1ecb5a0a8b05868abab9af2788290dfc0,VISUAL_ORIGINAL_IMAGE,literary,REVIEWED_MATERIAL,"Hero-name ranks 19–30: Tsukuyomi, Ingenium, Best Jeanist, Cellophane, Nejire-chan, Edgeshot, Present Mic, Creati, Star and Stripe, Sir Nighteye, Fat Gum, Midnight. Comments favor myth, etymology, accessibility, suffix, sounds and associations; reproduced character utterances remain separately attributed.",SUP-UAG-278-01,"All readable poll ranks, labels, selected reader comments and pictured compositions visually reviewed at original detail. Reception and artistic arrangement do not add independent behavioral episodes; selectively material framing is retained in the linked records.",,Tokoyami Fumikage; Iida Tenya; Iida Tensei; Best Jeanist; Sero Hanta; Hado Nejire; Edgeshot; Present Mic; Yaoyorozu Momo; Star and Stripe; Sir Nighteye; Fat Gum; Midnight; Uraraka Ochako,Explicitly named or visually identifiable diegetic subjects noted during original-image review; collective labels do not enumerate unshown members. Real contributors and organizations are excluded from individual counts.
UAG:s0282,282,284,OPS/images/08_X10000_000062_1_284_001.jpg,1775b0c76dfe6ce75e936f6db8a4fbfeae2c7c2db1c59a26d3a22499775e4094,VISUAL_ORIGINAL_IMAGE,literary,REVIEWED_MATERIAL,"Quirk-preference poll begins: Explosion first (11,067), Half-Cold Half-Hot second (9,426), OFA third (9,007). Readers mention spectacular appearance, curiosity about sensation/control, useful sweat, comfort from heat/cold and the wish to experience heroic power. Editorial inheritance captions and reused battle panels are separate from those motives.",SUP-UAG-278-01,"All readable poll ranks, labels, selected reader comments and pictured compositions visually reviewed at original detail. Reception and artistic arrangement do not add independent behavioral episodes; selectively material framing is retained in the linked records.",,Bakugo Katsuki; Todoroki Shoto; Midoriya Izuku; All For One,Explicitly named or visually identifiable diegetic subjects noted during original-image review; collective labels do not enumerate unshown members. Real contributors and organizations are excluded from individual counts.
UAG:s0283,283,285,OPS/images/08_X10000_000062_1_285_001.jpg,e36df246f5d8e5036755437052bf8186696e381db348a79f08e3d1de40702ce3,VISUAL_ORIGINAL_IMAGE,literary,REVIEWED_MATERIAL,"Quirk-preference ranks 4–7: Fierce Wings, Creation, Zero Gravity, Copy. Selected readers value mobility, convenience, moving furniture, knowledge-building, use of fat and experimentation with varied powers. Promotional wording about versatility is not a new operational test.",SUP-UAG-278-01,"All readable poll ranks, labels, selected reader comments and pictured compositions visually reviewed at original detail. Reception and artistic arrangement do not add independent behavioral episodes; selectively material framing is retained in the linked records.",,Hawks; Jiro Kyoka; Yaoyorozu Momo; Uraraka Ochako; Monoma Neito; Endeavor,Explicitly named or visually identifiable diegetic subjects noted during original-image review; collective labels do not enumerate unshown members. Real contributors and organizations are excluded from individual counts.
UAG:s0284,284,286,OPS/images/08_X10000_000062_1_286_001.jpg,f385116b911860136277523e93ead6735134b5297ac255ea4ca04a83478d121f,VISUAL_ORIGINAL_IMAGE,literary,REVIEWED_NO_MATERIAL_ADDITION,"Quirk-poll ranks 8–13: Erasure, New Order, Dark Shadow, Brainwashing, Blackwhip, Overhaul. Selected opinions include noninjurious protection, imagined power fantasies, companionship, learning/use, mobility and destruction/repair. Universal-sounding reader claims remain opinions.",,"All readable poll ranks, labels, selected reader comments and pictured compositions visually reviewed at original detail. Reception and artistic arrangement do not add independent behavioral episodes; selectively material framing is retained in the linked records.",,Aizawa Shota; Star and Stripe; Tokoyami Fumikage; Shinso Hitoshi; Banjo Daigoro; Midoriya Izuku; Chisaki Kai,Explicitly named or visually identifiable diegetic subjects noted during original-image review; collective labels do not enumerate unshown members. Real contributors and organizations are excluded from individual counts.
UAG:s0285,285,287,OPS/images/08_X10000_000062_1_287_001.jpg,ef5bc1ab972a8e4677d335402218080f804de57d10ef3366d72301990f19666f,VISUAL_ORIGINAL_IMAGE,literary,REVIEWED_NO_MATERIAL_ADDITION,"Quirk-poll ranks 14–20: Electrification, Warp Gate, Manifest, Hardening, Blueflame, AFO, Decay. Readers imagine convenience, technical creativity, beauty/tragedy, unrestricted use and demolition/disposal. Separate editorial column illustrates OFA-amplified Gearshift and Smokescreen.",,"All readable poll ranks, labels, selected reader comments and pictured compositions visually reviewed at original detail. Reception and artistic arrangement do not add independent behavioral episodes; selectively material framing is retained in the linked records.",,Kaminari Denki; Kurogiri; Shigaraki Tomura; Amajiki Tamaki; Kirishima Eijiro; Dabi; All For One; Midoriya Izuku; Kudo; En,Explicitly named or visually identifiable diegetic subjects noted during original-image review; collective labels do not enumerate unshown members. Real contributors and organizations are excluded from individual counts.
UAG:s0286,286,288,OPS/images/08_X10000_000062_1_288_002.jpg,769b162439c302f9b2273a7101acce93200ee2ed1be5520f545ba63701bb931e,VISUAL_ORIGINAL_IMAGE,literary,REVIEWED_NO_MATERIAL_ADDITION,"Best-episode poll begins: chapter403 The End of An Era, And— first; chapter324 未成年の主張 second; chapter320 デクvsA組 third. Selected readers praise next-generation rescue, Ochako’s public appeal and classmates confronting Midoriya to help him. Reused scenes preserve separate speakers, not new reactions.",,"All readable poll ranks, labels, selected reader comments and pictured compositions visually reviewed at original detail. Reception and artistic arrangement do not add independent behavioral episodes; selectively material framing is retained in the linked records.",,All Might; All For One; Bakugo Katsuki; Midoriya Izuku; Uraraka Ochako; Iida Tenya,Explicitly named or visually identifiable diegetic subjects noted during original-image review; collective labels do not enumerate unshown members. Real contributors and organizations are excluded from individual counts.
UAG:s0287,287,289,OPS/images/08_X10000_000062_1_289_001.jpg,5ea091dced00bbc7e6364d5075192f0e37784c0c9f664916e32eeae0807a46eb,VISUAL_ORIGINAL_IMAGE,literary,REVIEWED_MATERIAL,"Episode ranks 4–7: chapter39 Shoto Origin, 430 My Hero Academia, 290 Dabi Dance, 119 Deku vs Kacchan 2. Reader comments cover awakening resolve, reciprocity/Quirkless heroism, mixed joy/horror/grief at Dabi, and Bakugo’s unusually open confrontation.",SUP-UAG-287-01,"All readable poll ranks, labels, selected reader comments and pictured compositions visually reviewed at original detail. Reception and artistic arrangement do not add independent behavioral episodes; selectively material framing is retained in the linked records.",,Todoroki Shoto; Midoriya Izuku; All Might; Bakugo Katsuki; Dabi; Endeavor; Dai,Explicitly named or visually identifiable diegetic subjects noted during original-image review; collective labels do not enumerate unshown members. Real contributors and organizations are excluded from individual counts.
UAG:s0288,288,290,OPS/images/08_X10000_000062_1_290_001.jpg,8e64816f4f85760898c81671b46b8113a3d049ca21413308ea4b9235db9545e2,VISUAL_ORIGINAL_IMAGE,literary,REVIEWED_MATERIAL,"Episode ranks 8–13: chapter322 Dynamight, 1 Midoriya Origin, 362 Light Fades to Rain, 182 school festival, 422 Midoriya Rising, 285 Bakugo Rising. Comments include a compressed reconciliation claim, inspiration, attachment to All Might, audience smiles, reader participation in cheering and Bakugo prioritizing rescue.",SUP-UAG-288-01,"All readable poll ranks, labels, selected reader comments and pictured compositions visually reviewed at original detail. Reception and artistic arrangement do not add independent behavioral episodes; selectively material framing is retained in the linked records.",,Bakugo Katsuki; Midoriya Izuku; All Might; All For One; Shigaraki Tomura; Jiro Kyoka,Explicitly named or visually identifiable diegetic subjects noted during original-image review; collective labels do not enumerate unshown members. Real contributors and organizations are excluded from individual counts.
UAG:s0289,289,291,OPS/images/08_X10000_000062_1_291_001.jpg,6b52d913878efc39a6fe43e41f3525c4951f34b80da215b113e067e64392b558,VISUAL_ORIGINAL_IMAGE,literary,REVIEWED_MATERIAL,"Episode ranks 14–20: chapters90 hand rescue, 394 Ochako vs Toga, 409 Explosion, 395 gift, 321 class-to-OFA, 390 Shoto Rising, 404 All Might rescue. Reader comments praise relationally appropriate invitation, conflicting positions, confidence, the gift’s kindness, Iida’s hand, Shoto’s letter and cooperative rescue. Related column retrieves chapter402 (rank236,13 votes), juxtaposing almost-mad Symbol fixation and moving inner speech.",SUP-UAG-289-01; SUP-UAG-289-02,"All readable poll ranks, labels, selected reader comments and pictured compositions visually reviewed at original detail. Reception and artistic arrangement do not add independent behavioral episodes; selectively material framing is retained in the linked records.",,Kirishima Eijiro; Bakugo Katsuki; Midoriya Izuku; Uraraka Ochako; Himiko Toga; Iida Tenya; Todoroki Shoto; Todoroki Rei; All Might; All For One,Explicitly named or visually identifiable diegetic subjects noted during original-image review; collective labels do not enumerate unshown members. Real contributors and organizations are excluded from individual counts.
UAG:s0290,290,292,OPS/images/08_X10000_000062_1_292_001.jpg,d999fe6416fba9d1f22aab0eadb6b77be2f9834bad64a36d1c063a3c29c833f0,VISUAL_ORIGINAL_IMAGE,literary,REVIEWED_MATERIAL,"Interior title-page poll begins: volume41 Overlay first (6,830), young Midoriya and Tenko placed side by side, with counterfactual reader response; volume39 Quirkless Battle second (4,849), Dabi smiling/applauding while burning, with readers describing tragic self-applause at a life’s curtain. The latter is reception of artwork, not Toya’s death date.",SUP-UAG-290-01,"All readable poll ranks, labels, selected reader comments and pictured compositions visually reviewed at original detail. Reception and artistic arrangement do not add independent behavioral episodes; selectively material framing is retained in the linked records.",,Midoriya Izuku; Shigaraki Tomura; Dabi,Explicitly named or visually identifiable diegetic subjects noted during original-image review; collective labels do not enumerate unshown members. Real contributors and organizations are excluded from individual counts.
UAG:s0291,291,293,OPS/images/08_X10000_000062_1_293_001.jpg,8a1fa84fd0d64df905ac2eb8543c405e6e533dacb064076ca6ab940c2be9ed39,VISUAL_ORIGINAL_IMAGE,literary,REVIEWED_MATERIAL,"Title-page ranks3–8: V30 Ochako/Toga composition, V13 Shoto’s ordinary seated portrait, V27 band-group photo, V31 childhood Hawks/Toya with their opposing fathers, V33 Midoriya/Ochako/Iida together, V1 students entering U.A. Reader comments emphasize relationships, everyday expression, youth and contrasting heroic/villainous inheritance. Volume titles do not identify every pictured subject.",SUP-UAG-292-01,"All readable poll ranks, labels, selected reader comments and pictured compositions visually reviewed at original detail. Reception and artistic arrangement do not add independent behavioral episodes; selectively material framing is retained in the linked records.",,Uraraka Ochako; Himiko Toga; Todoroki Shoto; Jiro Kyoka; Yaoyorozu Momo; Bakugo Katsuki; Kaminari Denki; Tokoyami Fumikage; Hawks; Dabi; Endeavor; Hawks’s father; Midoriya Izuku; Iida Tenya,Explicitly named or visually identifiable diegetic subjects noted during original-image review; collective labels do not enumerate unshown members. Real contributors and organizations are excluded from individual counts.
UAG:s0292,292,294,OPS/images/08_X10000_000062_1_294_001.jpg,1df47e08a177b157963bf049882e71ba2f6d6359d539e5d81554816d230e426a,VISUAL_ORIGINAL_IMAGE,literary,REVIEWED_MATERIAL,"Title-page ranks9–17: V15 Fat Gum/Amajiki/Kirishima, V29 Kirishima’s jacket, V18 Mirio/Nighteye seated, V40 All Might/AFO childlike confrontation, V23 Hawks close-up, V36 Big Three casual smiles, V37 Mirko rabbit gesture, V19 stylized mechanical motorcycles, V20 Jiro portrait. Selected responses favor craft, play, ordinary presence, grief and character contrast.",SUP-UAG-292-01,"All readable poll ranks, labels, selected reader comments and pictured compositions visually reviewed at original detail. Reception and artistic arrangement do not add independent behavioral episodes; selectively material framing is retained in the linked records.",,Fat Gum; Amajiki Tamaki; Kirishima Eijiro; Togata Mirio; Sir Nighteye; All Might; All For One; Hawks; Hado Nejire; Mirko; Midoriya Izuku; Bakugo Katsuki; Jiro Kyoka,Explicitly named or visually identifiable diegetic subjects noted during original-image review; collective labels do not enumerate unshown members. Real contributors and organizations are excluded from individual counts.
UAG:s0293,293,295,OPS/images/08_X10000_000062_1_295_001.jpg,02b210173fc1131c34a04dfb0e51be5ce140d0e9efffbdc11a3c2d99f72ae3df,VISUAL_ORIGINAL_IMAGE,literary,REVIEWED_NO_MATERIAL_ADDITION,"Title-page ranks18–29: V11 Shigaraki menace, V38 Ochako/Asui friendship, V32 urban hero sight, V35 Momo creation romance, V28 Mirko, V24 Twice, V16 Nejire, V21 unusual casual-clothes grouping, V14 Aoyama/Monoma blond pairing, V7 Momo/Iida suits, V25 B-class girls in Santa costumes, V34 a vulnerable young man’s expression. Reader response to V34 says such an expression should not be overlooked in life; it is not a new encounter.",,"All readable poll ranks, labels, selected reader comments and pictured compositions visually reviewed at original detail. Reception and artistic arrangement do not add independent behavioral episodes; selectively material framing is retained in the linked records.",Small figures in the unusual V21/V6 compositions are not all securely identified; no material conclusion depends on those identities.,Shigaraki Tomura; Uraraka Ochako; Asui Tsuyu; Yaoyorozu Momo; Mirko; Twice; Hado Nejire; Aoyama Yuga; Monoma Neito; Iida Tenya; Kendo Itsuka; Shiozaki Ibara; Kodai Yui; Komori Kinoko; Yanagi Reiko; Tokage Setsuna; Tsunotori Pony,Explicitly named or visually identifiable diegetic subjects noted during original-image review; collective labels do not enumerate unshown members. Real contributors and organizations are excluded from individual counts.
UAG:s0294,294,296,OPS/images/08_X10000_000062_1_296_001.jpg,32292ccc0c6712f66e6dda0f3c2e6379e23960c585a9ea795a6a7dc218768a76,VISUAL_ORIGINAL_IMAGE,literary,REVIEWED_MATERIAL,Title-page ranks30–41: V8 Ochako typography; V26 Hawks/Tokoyami; V6 surreal composition; V4 cheerleading girls; V9 Asui wall adhesion; V3 detailed mecha; V5 Momo; V12 Hatsume; V10 Ochako/Toga uniforms; V17 pro-hero daily-life image; V2 tiny Midoriya between girls; V22 Mirko. A separate unranked sidebar shows final V42 Midoriya’s turning/walking title-page image.,SUP-UAG-294-01,"All readable poll ranks, labels, selected reader comments and pictured compositions visually reviewed at original detail. Reception and artistic arrangement do not add independent behavioral episodes; selectively material framing is retained in the linked records.",Small figures in the unusual V21/V6 compositions are not all securely identified; no material conclusion depends on those identities.,Uraraka Ochako; Hawks; Tokoyami Fumikage; Asui Tsuyu; Yaoyorozu Momo; Jiro Kyoka; Ashido Mina; Hagakure Toru; Hatsume Mei; Himiko Toga; Mirko; Midoriya Izuku; Togata Mirio; Amajiki Tamaki; Hado Nejire,Explicitly named or visually identifiable diegetic subjects noted during original-image review; collective labels do not enumerate unshown members. Real contributors and organizations are excluded from individual counts.
UAG:s0295,295,,OPS/images/08_X10000_000062_1_297_001.jpg,1f5465854eddb08c5c2185eb53f7c8c701bb91050760bbdf0bb984ca2d6cd545,VISUAL_ORIGINAL_IMAGE,literary,REVIEWED_NO_MATERIAL_ADDITION,"Chapter6 EXTRA divider. Reused final-suit Midoriya image and an editorial notice announce Horikoshi answering reader questions and relay conversations with successive editors. The divider certifies the upcoming section’s advertised framing, not any answer or contribution not yet read.",,Original chapter-divider artwork and all meaningful section-announcement text visually read. The divider identifies source form and announced scope; it is not evidence that an unread later contribution has been reviewed.,,Midoriya Izuku,Explicitly named or visually identifiable diegetic subjects noted during original-image review; collective labels do not enumerate unshown members. Real contributors and organizations are excluded from individual counts.
UAG:s0296,296,298,OPS/images/08_X10000_000062_1_298_001.jpg,2cdc4488c3b4f90faccbc2134fefe3e57866cec916784266913bce120d0614a9,VISUAL_ORIGINAL_IMAGE,literary,REVIEWED_MATERIAL,"Guest Akiyama congratulatory Midoriya montage across childhood, student, exhausted journey and later suited states; All Might figures appear as the child’s toys. Handwritten greatest-hero congratulations belong to the guest. Biography distinguishes former assistant, Saguri-chan, Watashi no Hero Academia and Team-Up Missions credits.",SUP-UAG-296-01,"Every meaningful guest message or numbered question/answer and illustrative relation read in the original image. Speaker, production testimony, private fact, guess and explicit non-answer distinguished.",,Midoriya Izuku; All Might,Explicitly named or visually identifiable diegetic subjects noted during original-image review; collective labels do not enumerate unshown members. Real contributors and organizations are excluded from individual counts.
UAG:s0297,297,299,OPS/images/08_X10000_000062_1_299_001.jpg,bea6771fa0f058cb999fa8f913c7f4af840e2adc164422459d3a5eb65df40c8e,VISUAL_ORIGINAL_IMAGE,literary,REVIEWED_MATERIAL,Betten Court guest drawing places Nighteye holding a stamp before All Might; congratulatory handwriting thanks the series for long involvement. The biography distinguishes Vigilantes art and renewed collaboration with Furuhashi on Spider-Man: Octopus Girl. No new sequential or post-death scene.,SUP-UAG-296-01,"Every meaningful guest message or numbered question/answer and illustrative relation read in the original image. Speaker, production testimony, private fact, guess and explicit non-answer distinguished.",,Sir Nighteye; All Might,Explicitly named or visually identifiable diegetic subjects noted during original-image review; collective labels do not enumerate unshown members. Real contributors and organizations are excluded from individual counts.
UAG:s0298,298,300,OPS/images/08_X10000_000062_1_300_001.jpg,7ce64319ef1b9d3242b665109386a85ed5d13799986bc739f7ad1c0d3100ac04,VISUAL_ORIGINAL_IMAGE,literary,REVIEWED_MATERIAL,"Furuhashi’s guest essay reads a difficult coexistence of self-realization and self-sacrifice through accumulated emotion and incremental action, praising a process of new value-making; it is his interpretation. Separately Anri Yoshi describes loving characters whose emotional time seems to continue offstage and imagines the undrawn future. Biographies identify their spin-off writing roles.",SUP-UAG-298-01; SUP-UAG-298-02,"Every meaningful guest message or numbered question/answer and illustrative relation read in the original image. Speaker, production testimony, private fact, guess and explicit non-answer distinguished.",,Midoriya Izuku,Explicitly named or visually identifiable diegetic subjects noted during original-image review; collective labels do not enumerate unshown members. Real contributors and organizations are excluded from individual counts.
UAG:s0299,299,301,OPS/images/08_X10000_000062_1_301_001.jpg,544b923bb93ef4e97d7e674f98df527ad39caedeadb7e0f49250594ae564be94,VISUAL_ORIGINAL_IMAGE,literary,REVIEWED_MATERIAL,"Reader Questions opens, explicitly promising Horikoshi answers to worldwide completion questions. Q01 likes everyone, mostly separates preference from advancement, with Tokoyami exception. Q02 differentiates difficult Midoriya/Bakugo pleasure and freer Mirko action. Q03 favors immediately memorable arm-gun/tape identities even without names. Q04 reports formerly drinking 5–7 Craft Boss bottles daily and now reducing excess; no fictional behavioral claim follows. Existing Midoriya, Bakugo, Mirko, Nagant and Sero artwork illustrates the answers.",SUP-UAG-299-01; SUP-UAG-299-02,"Every meaningful guest message or numbered question/answer and illustrative relation read in the original image. Speaker, production testimony, private fact, guess and explicit non-answer distinguished.",,All Might; Midoriya Izuku; Bakugo Katsuki; Mirko; Tokoyami Fumikage; Lady Nagant; Sero Hanta,Explicitly named or visually identifiable diegetic subjects noted during original-image review; collective labels do not enumerate unshown members. Real contributors and organizations are excluded from individual counts.
UAG:s0300,300,302,OPS/images/08_X10000_000062_1_302_001.jpg,365aa0bd5da0cd8cc0d4e2b22d81133758344bd24d9a317367fc3e66e66e49ed,VISUAL_ORIGINAL_IMAGE,literary,REVIEWED_MATERIAL,"Q05 practice and regarding characters as people after two cancellations. Q06 analyzes his own shonen tastes, especially battered persistence/Goku clothing. Q07 IC110kg manuscript paper (135kg suggested for weaker pressure), scanning analog originals and Photoshop color with limited tool understanding. Q08 V35/Jump cover brief and design teamwork. Q09 readers’ expectations sustained ten years with growing bodily cost, retrospectively enjoyable. Q10 desk/thinking, sleeping or another activity then persistence; Q11 sleep/games on days off; Q12 second-chapter survey results encouraging compared with prior serials. Existing Midoriya/Kota rescue and V35 art are illustrative, not new events.",SUP-UAG-300-01; SUP-UAG-300-02,"Every meaningful guest message or numbered question/answer and illustrative relation read in the original image. Speaker, production testimony, private fact, guess and explicit non-answer distinguished.",,Midoriya Izuku; Goku,Explicitly named or visually identifiable diegetic subjects noted during original-image review; collective labels do not enumerate unshown members. Real contributors and organizations are excluded from individual counts.
UAG:s0301,301,303,OPS/images/08_X10000_000062_1_303_001.jpg,10a5c43e15db36b507280e7c4f156880c8d4ae5b450819cf71f53f84b6c73368,VISUAL_ORIGINAL_IMAGE,literary,REVIEWED_MATERIAL,"Q13 adult Midoriya teaches history/hero history. Q14 armor simulates OFA and expanded/miniaturized Armored All Might/Hercules functions, also assist testing. Q15 Bakugo autograph and true-form respect, with qualified memory motive. Q16 tax ranking entered but not first. Q17 Shoto fan service modeled on Mitoma’s individual gaze/waves/signing. Q18 unchanged straightforward reception, author resists 天然 label. Q19 Ochako confession left to V42 reader imagination. Q20 Iida0.8 vision corrected by helmet. Q21 Asui room plants/moss, label qualified. Q22 Kirishima tells peers after second war and adult media proudly.",SUP-UAG-301-01; SUP-UAG-301-02; SUP-UAG-301-03; SUP-UAG-301-04; SUP-UAG-301-05; SUP-UAG-301-06; SUP-UAG-301-07; SUP-UAG-301-08,"Every meaningful guest message or numbered question/answer and illustrative relation read in the original image. Speaker, production testimony, private fact, guess and explicit non-answer distinguished.",,Midoriya Izuku; All Might; Bakugo Katsuki; Todoroki Shoto; Uraraka Ochako; Iida Tenya; Asui Tsuyu; Kirishima Eijiro,Explicitly named or visually identifiable diegetic subjects noted during original-image review; collective labels do not enumerate unshown members. Real contributors and organizations are excluded from individual counts.
UAG:s0302,302,304,OPS/images/08_X10000_000062_1_304_001.jpg,1666ffa0ef03420af46026daaf45d2c6b4a6f1a0237d4ab26d5ece126b590d28,VISUAL_ORIGINAL_IMAGE,literary,REVIEWED_MATERIAL,"Q23 Momo reportedly drinks Makaibari tea. Q24 Tokoyami/Dark Shadow childhood light/apology/reassurance and an intended fuller flashback. Q25 Mineta spheres not edible; terse answer says one would die, not an observed death. Q26 neighboring Kaminari/Jiro agencies and his late independence. Q27 more active adult Jiro music and occasional Eri lessons. Q28 Sero beard is fashion, from the author’s ethnic-fashion image. Q29 Aoyama surrendered to justice then reenrolled. Q30 Mina horns may grow at varying rates and may be longer in five more years, expressly conjectural. Q31 Shoji girl’s delayed contact/letter, intended interstitial forgotten.",SUP-UAG-302-01; SUP-UAG-302-02; SUP-UAG-302-03; SUP-UAG-302-04,"Every numbered question and complete Horikoshi answer read at original detail, including hedges, jokes, omitted-scene admissions and existing illustration relations. Supplemental testimony is distinguished from executed narrative.",,Yaoyorozu Momo; Tokoyami Fumikage; Dark Shadow; Mineta Minoru; Kaminari Denki; Jiro Kyoka; Eri; Sero Hanta; Aoyama Yuga; Ashido Mina; Shoji Mezo; Girl rescued by Shoji,Explicitly named or visually identifiable diegetic subjects noted during original-image review; collective labels do not enumerate unshown members. Real contributors and organizations are excluded from individual counts.
UAG:s0303,303,305,OPS/images/08_X10000_000062_1_305_001.jpg,20fb3c886e76944059e3624192f5a4b94cf9737f5163cb3e30ef1024d3102ff9,VISUAL_ORIGINAL_IMAGE,literary,REVIEWED_MATERIAL,"Q32 Ojiro tail emotional movement observed by A-class. Q33 Hagakure still cannot toggle; special suit, late recurrence/photo/chart rise after Aoyama sidekick. Q34 Sato recipe-to-original development. Q35 Koda rabbit preference/Mirko intimidation qualified. Q36 Shinso respects Aizawa and hair display had production contingency. Q37 Tetsutetsu name deliberately memorable, hard-name joke. Q38 Monoma approaches Bakugo more after witnessed death/worry. Q39 Kendo did not enter later beauty contests; first year Monoma enrolled her. Q40 Mirio peach comedy popular with children, Nakayama Kinnikun inspiration. Q41 Amajiki’s food curiosity/manifestation pleasure exceeds former apprehension.",SUP-UAG-303-01; SUP-UAG-303-02; SUP-UAG-303-03; SUP-UAG-303-04; SUP-UAG-303-05,"Every numbered question and complete Horikoshi answer read at original detail, including hedges, jokes, omitted-scene admissions and existing illustration relations. Supplemental testimony is distinguished from executed narrative.",,Ojiro Mashirao; Hagakure Toru; Aoyama Yuga; Sato Rikido; Koda Koji; Mirko; Shinso Hitoshi; Aizawa Shota; Tetsutetsu Tetsutetsu; Monoma Neito; Bakugo Katsuki; Kendo Itsuka; Togata Mirio; Amajiki Tamaki,Explicitly named or visually identifiable diegetic subjects noted during original-image review; collective labels do not enumerate unshown members. Real contributors and organizations are excluded from individual counts.
UAG:s0304,304,306,OPS/images/08_X10000_000062_1_306_001.jpg,9269cc255fd6f592d228067002a8f3f68ff619b4009ea39fc4301521d652cf24,VISUAL_ORIGINAL_IMAGE,literary,REVIEWED_MATERIAL,"Q42 Nejire remains extremely popular and unaware, using escalating escape-velocity hyperbole rather than a literal ability. Q43 Hatsume longest no-bath interval two weeks; Horikoshi contrasts his own month with lower perspiration and supposes she would suffer earlier. Q44 prime All Might running Mach10. Q45 Endeavor independently walks with cane. Q46 Hawks likely retains unthrowable plush without displaying/buying merchandise. Q47 Aizawa infrequent practical haircut. Q48 Mirko’s resilience described rhetorically as always breathing ready to die, not a new injury mechanism. Q49 En changed reading and failed smoke/six pun. Q50 Tenko original Quirk base of compounded AFO circular flotation. Q51 Shigaraki games with Spinner, chats with others, poker only perhaps.",SUP-UAG-304-01; SUP-UAG-304-02; SUP-UAG-304-03; SUP-UAG-304-04; SUP-UAG-304-05; SUP-UAG-304-06,"Every numbered question and complete Horikoshi answer read at original detail, including hedges, jokes, omitted-scene admissions and existing illustration relations. Supplemental testimony is distinguished from executed narrative.",,Hado Nejire; Hatsume Mei; All Might; Endeavor; Hawks; Aizawa Shota; Mirko; En; Shigaraki Tomura; All For One; Spinner; League of Villains,Explicitly named or visually identifiable diegetic subjects noted during original-image review; collective labels do not enumerate unshown members. Real contributors and organizations are excluded from individual counts.
UAG:s0305,305,307,OPS/images/08_X10000_000062_1_307_001.jpg,57bc4f6c79e82898378dc4d7c709d40301e6473762394fa70fb6d3b5ecb0d567,VISUAL_ORIGINAL_IMAGE,literary,REVIEWED_MATERIAL,"Q52 AFO self-chosen name/surname from Shigaraki-tanuki rumor; unconscious mother connection expressly not retained in Zen’s memory. Q53 Nabu likes cold zaru soba. Q54 Toga owns uniforms and discards casual clothes for evasion while liking sailor-uniform aesthetics. Q55 all Twice panels enjoyable to draw. Q56 Kurogiri much faster serving Shigaraki’s food/drink than others. Q57 Compress disappearing tricks and insufficient shown magician gestures. Q58 Spinner book contested, heavily criticized with some explanatory appreciation.",SUP-UAG-305-01; SUP-UAG-305-02; SUP-UAG-305-03; SUP-UAG-305-04; SUP-UAG-305-05,"Every numbered question and complete Horikoshi answer read at original detail, including hedges, jokes, omitted-scene admissions and existing illustration relations. Supplemental testimony is distinguished from executed narrative.",,All For One; All For One and Yoichi’s mother; Yoichi Shigaraki; Nabu; Himiko Toga; Twice; Kurogiri; Shigaraki Tomura; Mr. Compress; Spinner,Explicitly named or visually identifiable diegetic subjects noted during original-image review; collective labels do not enumerate unshown members. Real contributors and organizations are excluded from individual counts.
UAG:s0306,306,308,OPS/images/08_X10000_000062_1_308_001.jpg,f2a1fb2c0fe88ae3ee080a1c2c3892184bb19779e1bff8e476d27aee2c21cac9,VISUAL_ORIGINAL_IMAGE,literary,REVIEWED_MATERIAL,"Q59 League disguised shopping/prepared meals. Q60 Stain organic fish/wild plants and anti-processed-food ideology. Q61 Machia foot size unknown because variable. Q62 Overhaul many clothes/three changes daily deliberately unshown to avoid charm. Q63 GeL founded, loosely Google-like. Q64 Terumoto Koki, Darkness, around9–10, later schooling/U.A./older-brother peer role. Q65 no finalized top50 chart, unseen martial Rodeo in middle. Q66 Eri light-music club and future pictured bandmates. Q67 U.A. anthem probably exists but not devised, maybe create it. Q68 written/interview/three-part practical licensing.",SUP-UAG-306-01; SUP-UAG-306-02; SUP-UAG-306-03; SUP-UAG-306-04; SUP-UAG-306-05; SUP-UAG-306-06; SUP-UAG-306-07,"Original page fully read in Japanese with complete numbered answers or labeled interview turns, including cross-page sentence continuity, uncertainty and reused artwork. Direct contributor testimony distinguished from interviewer framing and executed manga.",,Shigaraki Tomura; Dabi; Mr. Compress; Spinner; League of Villains; Stain; Gigantomachia; Overhaul; Gentle Criminal; La Brava; Terumoto Koki; Old woman who helps Terumoto Koki; Rodeo; Eri; Eri’s school friends; Hero-license candidates,Explicitly named or visually identifiable diegetic subjects noted during original-image review; collective labels do not enumerate unshown members. Real contributors and organizations are excluded from individual counts.
UAG:s0307,307,309,OPS/images/08_X10000_000062_1_309_001.jpg,173586de840c5356212ef9ccbbfec07dbf6627166276f0b1e5c7fd0e84c52320,VISUAL_ORIGINAL_IMAGE,literary,REVIEWED_MATERIAL,"Overseas-reader Q69–73 appear in English/Japanese with Japanese Horikoshi answers: unexpected character action, last-Jump challenge, Midoriya/Bakugo difficult pleasure, emerging Agate Menou/Fault US successor inspired by Star, and continued teacher Midoriya/facility/school visits/talks. Editorial close thanks139,608 submitted questions; that total is not the number of published answers. Reused student group and Star/Dai/Midoriya pictures remain distinct from new facts.",SUP-UAG-307-01; SUP-UAG-307-02; SUP-UAG-307-03,"Original page fully read in Japanese with complete numbered answers or labeled interview turns, including cross-page sentence continuity, uncertainty and reused artwork. Direct contributor testimony distinguished from interviewer framing and executed manga.",,Midoriya Izuku; Bakugo Katsuki; Star and Stripe; Agate Menou; Dai; All Might; Uraraka Ochako; Todoroki Shoto; Iida Tenya; Asui Tsuyu; Yaoyorozu Momo; Jiro Kyoka; Kaminari Denki; Kirishima Eijiro; Ashido Mina; Mineta Minoru; Tokoyami Fumikage; Shoji Mezo; Ojiro Mashirao; Sero Hanta; Koda Koji; Sato Rikido; Aoyama Yuga; Hagakure Toru; Shinso Hitoshi,Explicitly named or visually identifiable diegetic subjects noted during original-image review; collective labels do not enumerate unshown members. Real contributors and organizations are excluded from individual counts.
UAG:s0308,308,310,OPS/images/08_X10000_000062_1_310_001.jpg,9c5d19b04bd516c81b951443d62fb843953651d6f7d45d1ee393d81465b56e90,VISUAL_ORIGINAL_IMAGE,literary,REVIEWED_MATERIAL,"SP relay conversation introduces author Horikoshi and first editor Koike Hitoshi. It begins with one-shot-to-school serialization memories, the author’s explicit uncertainty, stuck production and repeated supportive meetings, the editor’s contrarian account of insisting on drawing, and a year of many opening drafts including alternative Midoriya/Bakugo entry stages. Lower sentence continues onto309; read continuously.",SUP-UAG-308-01; SUP-UAG-308-02,"Original page fully read in Japanese with complete numbered answers or labeled interview turns, including cross-page sentence continuity, uncertainty and reused artwork. Direct contributor testimony distinguished from interviewer framing and executed manga.",,Midoriya Izuku; Bakugo Katsuki; Mt. Lady; Nomu,Explicitly named or visually identifiable diegetic subjects noted during original-image review; collective labels do not enumerate unshown members. Real contributors and organizations are excluded from individual counts.
UAG:s0309,309,311,OPS/images/08_X10000_000062_1_311_001.jpg,7e3e9b69619522c56863dbf0e58d6a4e35d6d66721b4011e7fa095f8c88d405d,VISUAL_ORIGINAL_IMAGE,literary,REVIEWED_MATERIAL,"Continuation clarifies discarded ordinary-villain Nomu design, reused later under different settings. Early fixed Quirkless rescue climax offers catharsis without victory. Chapter2 preparation was split from chapter3 flashback to manage density. Editor worried about plain beach cleanup; Horikoshi wanted garbage disposal as first hero activity; lettering and physique adjustments and strong early surveys discussed with specific memory hedges. Pull-quotes repeat the prior support discussion.",SUP-UAG-308-02; SUP-UAG-309-01; SUP-UAG-309-02,"Original page fully read in Japanese with complete numbered answers or labeled interview turns, including cross-page sentence continuity, uncertainty and reused artwork. Direct contributor testimony distinguished from interviewer framing and executed manga.",,Midoriya Izuku; Bakugo Katsuki; All Might; Nomu,Explicitly named or visually identifiable diegetic subjects noted during original-image review; collective labels do not enumerate unshown members. Real contributors and organizations are excluded from individual counts.
UAG:s0310,310,312,OPS/images/08_X10000_000062_1_312_001.jpg,dd3e88a48e7712c1dfd85fc9ea761b6eb79b7e76af35e29449bcb62bc97ba21e,VISUAL_ORIGINAL_IMAGE,literary,REVIEWED_MATERIAL,Koike/Horikoshi finish their conversation: Kishimoto’s chapter2 praise; gratitude’s resonance without intentional self-insertion; author’s Midoriya view and editor’s All Might view; Ochako’s helpful entrance; Koike’s personnel-directed exit afterchapter3 and mutual regret/competitive reaction; his final reading appreciates different helping/fighting contributions.,SUP-UAG-310-01; SUP-UAG-310-02,"All labeled dialogue and pull-quotes read in original images with cross-page continuations; contributor memory, proposed alternatives, executed changes and later interpretation remain distinct.",,Midoriya Izuku; All Might; Bakugo Katsuki; Todoroki Shoto; Iida Tenya; Uraraka Ochako; Present Mic,Explicitly named or visually identifiable diegetic subjects noted during original-image review; collective labels do not enumerate unshown members. Real contributors and organizations are excluded from individual counts.
UAG:s0311,311,313,OPS/images/08_X10000_000062_1_313_001.jpg,5aecb3e540d908b15b8412f8f39557cbafb90890fee888105fb276390aebcd13,VISUAL_ORIGINAL_IMAGE,literary,REVIEWED_MATERIAL,"Second editor Monji Kengo, chapter4 to just before the culture festival, recalls the difficult handover, growing hit/adaptations and continued author humility/anxiety. Horikoshi relates later determination through Ohtani’s WBC line and treating One Piece as a rival. Honest editorial confidence and repair requests continue onto312. Pull-quotes repeat trust/spirited manga judgments. ",SUP-UAG-311-01,"All labeled dialogue and pull-quotes read in original images with cross-page continuations; contributor memory, proposed alternatives, executed changes and later interpretation remain distinct.",,,Explicitly named or visually identifiable diegetic subjects noted during original-image review; collective labels do not enumerate unshown members. Real contributors and organizations are excluded from individual counts.
UAG:s0312,312,314,OPS/images/08_X10000_000062_1_314_001.jpg,fce69dd15c09c0989f7e79db9e1291f54ede978135fc88b446bbe5f5430750c8,VISUAL_ORIGINAL_IMAGE,literary,REVIEWED_MATERIAL,"Monji’s truthful quality feedback earns trust; Shoto Origin exemplifies emotionally charged drawing. Kirishima/Fat Gum versus Rappa/Tengai reference storyboard and spread helped a slump; author/editor differ about relative contribution, later requested anime credit. Momentum produced Mirio/Overhaul pages. Monji reads incomplete final statement/class-funded armor as becoming heroes together.",SUP-UAG-311-01; SUP-UAG-312-01; SUP-UAG-312-02,"All labeled dialogue and pull-quotes read in original images with cross-page continuations; contributor memory, proposed alternatives, executed changes and later interpretation remain distinct.",,Todoroki Shoto; Kirishima Eijiro; Fat Gum; Rappa Kendo; Tengai Hekiji; Togata Mirio; Overhaul; Midoriya Izuku; Bakugo Katsuki; Class A,Explicitly named or visually identifiable diegetic subjects noted during original-image review; collective labels do not enumerate unshown members. Real contributors and organizations are excluded from individual counts.
UAG:s0313,313,315,OPS/images/08_X10000_000062_1_315_001.jpg,0357e1d8e309eafb755bb9bc11666761a4895ed60b9e58ba0db7e774972bd8f0,VISUAL_ORIGINAL_IMAGE,literary,REVIEWED_MATERIAL,"Third editor 頼富亮典 covers Aoyama’s unusual-behavior section through mid all-out war. Horikoshi adjusted from older/same-age to younger editor, trying not to rely helplessly. Gentle festival design and tea suggestion from Aibou/Ukyo, added La Brava foil; editor praises transformed outside influences, including Messi childhood/Hawks and Ronaldo earrings; discussion continues314. Top Endeavor pull-quotes anticipate discussion on314, not an independent answer.",SUP-UAG-313-01,"All labeled dialogue and pull-quotes read in original images with cross-page continuations; contributor memory, proposed alternatives, executed changes and later interpretation remain distinct.",,Aoyama Yuga; Gentle Criminal; La Brava; Hawks; Endeavor,Explicitly named or visually identifiable diegetic subjects noted during original-image review; collective labels do not enumerate unshown members. Real contributors and organizations are excluded from individual counts.
UAG:s0314,314,316,OPS/images/08_X10000_000062_1_316_001.jpg,06ab4fef743759cb152bf8084484bf9d2da30ad6969e6989ee5fe1ebe034b802,VISUAL_ORIGINAL_IMAGE,literary,REVIEWED_MATERIAL,"Continued absorbed football/comedy influences and sketching while conversing; 顎大和筒隆 sketch/Yamato naming, tentatively remembered unpublished firing-concussion detail and unspecified good employment. Broad scenes joined by weekly bridges, Gran Torino intervention unblocks war danger. Discussion of avoiding deaths, specifically changed Endeavor fate after High-End, living burden and wounds that remain.",SUP-UAG-313-01; SUP-UAG-314-01; SUP-UAG-314-02; SUP-UAG-314-03,"All labeled dialogue and pull-quotes read in original images with cross-page continuations; contributor memory, proposed alternatives, executed changes and later interpretation remain distinct.",,顎大和筒隆; Midoriya Izuku; Bakugo Katsuki; Shigaraki Tomura; Gran Torino; All Might; Endeavor,Explicitly named or visually identifiable diegetic subjects noted during original-image review; collective labels do not enumerate unshown members. Real contributors and organizations are excluded from individual counts.
UAG:s0315,315,317,OPS/images/08_X10000_000062_1_317_001.jpg,e904090f2f123cacebf7077381b4a118d6eeaab734d7d19ed56036d0a2824fd9,VISUAL_ORIGINAL_IMAGE,literary,REVIEWED_MATERIAL,"Third editor closes with changed story/one-year estimate extending five; explicitly discarded All Might death/Bakugo revenge/Midoriya intervention idea. Fourth editor Taguchi Hikaru introduced: mid first war through early second final battle, around Endeavor/Hawks beginning AFO combat. They discuss Smash Bros after meetings, an unnamed strong bird character, exhibition B1 art completed/coloring near deadline and films/visitor bonuses; sentence continues316. Top Ochako quote advertises later discussion.",SUP-UAG-315-01,"All labeled dialogue and pull-quotes read in original images with cross-page continuations; contributor memory, proposed alternatives, executed changes and later interpretation remain distinct.",,All Might; Shigaraki Tomura; Bakugo Katsuki; Midoriya Izuku; Endeavor; Hawks; All For One; Uraraka Ochako,Explicitly named or visually identifiable diegetic subjects noted during original-image review; collective labels do not enumerate unshown members. Real contributors and organizations are excluded from individual counts.
UAG:s0316,316,318,OPS/images/08_X10000_000062_1_318_001.jpg,9bde35b916d87f835c0926850f7f2c3ad8ce4ed61ba38067fbcfa8846cbaa6bd,VISUAL_ORIGINAL_IMAGE,literary,REVIEWED_MATERIAL,"Taguchi continuation: auxiliary film/exhibition work and rewarding collaborators; postwar casualty selection including Midnight/Majestic and limits on portrayal; Ochako’s public plea drafted a month early, destination-driven composition and strong surveys; difficult hospital Todoroki-family narrative and sustained nonforgiveness discussion, Best Jeanist relief; final wound-bearing resolution and debate over Shigaraki’s fleeting image. Bottom pull-quotes preview final-editor gathering.",SUP-UAG-316-01; SUP-UAG-316-02; SUP-UAG-316-03,"All labeled dialogue and displayed panels read from original images, including alternative plans, precise hedges, punctuation and speaker-specific interpretation. Reported external advice is not certified beyond its stated conditional production role.",,Midnight; Majestic; Uraraka Ochako; Midoriya Izuku; Endeavor; Best Jeanist; Todoroki family; Shigaraki Tomura,Explicitly named or visually identifiable diegetic subjects noted during original-image review; collective labels do not enumerate unshown members. Real contributors and organizations are excluded from individual counts.
UAG:s0317,317,319,OPS/images/08_X10000_000062_1_319_001.jpg,8b2757239b7a7a21d855f3a2342577f9dc5ef7435523672b363e0bbb48e79422,VISUAL_ORIGINAL_IMAGE,literary,REVIEWED_MATERIAL,"Fifth editor Imamura Takuaki begins aroundV36 Endeavor/AFO through conclusion. Horikoshi jokingly competed with RuriDragon by making Endeavor breathe fire, an uncommunicated production joke. Shoji prejudice dialogue considered for real-world harms and reader perspective. Dense first-anniversary cast art, volume extras and deadline strain. Bakugo death announced with revival already planned; real-world one-to-one-and-a-half-year estimate and emergency-professional consultation continue318.",SUP-UAG-317-01; SUP-UAG-317-02,"All labeled dialogue and displayed panels read from original images, including alternative plans, precise hedges, punctuation and speaker-specific interpretation. Reported external advice is not certified beyond its stated conditional production role.",,Endeavor; All For One; Shoji Mezo; Class A; Bakugo Katsuki; Shigaraki Tomura; Himiko Toga,Explicitly named or visually identifiable diegetic subjects noted during original-image review; collective labels do not enumerate unshown members. Real contributors and organizations are excluded from individual counts.
UAG:s0318,318,,OPS/images/08_X10000_000062_1_320_001.jpg,2b961d96ba08b1d7a9b19947e174f86a5a58b935213b8e9bc6358e55394c7a4f,VISUAL_ORIGINAL_IMAGE,literary,REVIEWED_MATERIAL,"Conditional emergency-advice conclusion; Toga survival/prison expectation revised, three-hour alternatives, forest blood-syringe disappearance hint rejected on stated responsibility ground; chosen death and final punctuation revision. Horikoshi’s concern that final adult armor could negate prior story; all editors’ early gathering/reassurance. Reprinted430 collective airborne ending and its extending-hand caption remain the existing narrative witness.",SUP-UAG-317-02; SUP-UAG-318-01; SUP-UAG-318-02; SUP-UAG-318-03,"All labeled dialogue and displayed panels read from original images, including alternative plans, precise hedges, punctuation and speaker-specific interpretation. Reported external advice is not certified beyond its stated conditional production role.",,Bakugo Katsuki; Edgeshot; Himiko Toga; Uraraka Ochako; Midoriya Izuku; Class A; Todoroki Shoto; Iida Tenya; Asui Tsuyu; Yaoyorozu Momo; Jiro Kyoka; Kaminari Denki; Kirishima Eijiro; Ashido Mina; Mineta Minoru; Tokoyami Fumikage; Shoji Mezo; Ojiro Mashirao; Sero Hanta; Koda Koji; Sato Rikido; Hagakure Toru; Shinso Hitoshi,Explicitly named or visually identifiable diegetic subjects noted during original-image review; collective labels do not enumerate unshown members. Real contributors and organizations are excluded from individual counts.
UAG:s0319,319,,OPS/images/08_X10000_000062_1_321_001.jpg,9bd5ee19e9e6d25f006417e96c1126d416e3b8c7eb9fad2496ee661e26cc0f66,VISUAL_ORIGINAL_IMAGE,literary,REVIEWED_MATERIAL,"Special one-shot opens: school-uniform Eri carrying guitar/cat-paw manju visits the staffroom, greets Aizawa and All Might as vice-principal; Present Mic and Snipe also appear. The gift is from Shino/Mandalay, thanking staff for Kota. Aizawa explains absent Midoriya has finished today’s work; Eri is disappointed because she wanted to see him. No printed folio or chapter number.",SUP-UAG-319-01,"Every panel, bubble, broadcast graphic and sequential relation read from the original five-page comic in ascending order. Local speaker knowledge, reported plans and completed visible acts distinguished.",,Eri; Aizawa Shota; Present Mic; Snipe; All Might; Mandalay; Kota Izumi; Midoriya Izuku,Explicitly named or visually identifiable diegetic subjects noted during original-image review; collective labels do not enumerate unshown members. Real contributors and organizations are excluded from individual counts.
UAG:s0320,320,,OPS/images/08_X10000_000062_1_322_001.jpg,931dd47c084f679ac113e4a071348b938a8bd6c838aacc30020409ca8c72938f,VISUAL_ORIGINAL_IMAGE,literary,REVIEWED_MATERIAL,"Mic notices guitar and describes weekend debut/invited Midoriya excitement/Jiro schedule effort. Eri refuses a conspicuous on-street congratulation or use of Deku/Lemillion fame; invited heroes will watch from a building above. Aizawa understands public recognition could overwhelm her first performance, names her approach stoic, and corrects her playful mispronunciation. Cementoss, the square-headed figure in the last panel, notices television.",SUP-UAG-320-01,"Every panel, bubble, broadcast graphic and sequential relation read from the original five-page comic in ascending order. Local speaker knowledge, reported plans and completed visible acts distinguished.",,Eri; Present Mic; Aizawa Shota; Midoriya Izuku; Togata Mirio; Jiro Kyoka; Cementoss,Explicitly named or visually identifiable diegetic subjects noted during original-image review; collective labels do not enumerate unshown members. Real contributors and organizations are excluded from individual counts.
UAG:s0321,321,,OPS/images/08_X10000_000062_1_323_001.jpg,d6f1bb1e17e0fd637a8ab936e0e5c87010ffecdbcb4548d70284fd0ed0f3987f,VISUAL_ORIGINAL_IMAGE,literary,REVIEWED_MATERIAL,"Cementoss points to the staffroom TV. Unnamed female presenter says the new second-half-year chart was announced yesterday, praises continued encouragement after power loss and armored return alongside teaching; segment continues322. Visible TV graphics include Tokyo22°C and16:35 but no calendar date. Aizawa watches; no other character identified from a guessed cropped face.",SUP-UAG-321-01,"Every panel, bubble, broadcast graphic and sequential relation read from the original five-page comic in ascending order. Local speaker knowledge, reported plans and completed visible acts distinguished.",,Cementoss; Unnamed television presenter; Midoriya Izuku; Aizawa Shota,Explicitly named or visually identifiable diegetic subjects noted during original-image review; collective labels do not enumerate unshown members. Real contributors and organizations are excluded from individual counts.
UAG:s0322,322,,OPS/images/08_X10000_000062_1_324_001.jpg,cfd23ae65f7ea65809affecb20cda786b27b6d3d79ebac9463f845c487250570,VISUAL_ORIGINAL_IMAGE,literary,REVIEWED_MATERIAL,"Broadcast announces One For All Hero DekuNo.4 and DynamightNo.5, asks if Deku inspired the latter and says both approach Lemillion/Shoto/Mt.Lady. It shows Deku/Bakugo/Shoto traveling together to a scene while teasing about teaching/remedial work. Back in staffroom Eri notes Midoriya is even busier; Aizawa/Mic/Snipe/All Might/Cementoss watch. Broadcast speculation and praise remain in-world speech.",SUP-UAG-321-01; SUP-UAG-322-01; SUP-UAG-323-01,"Every panel, bubble, broadcast graphic and sequential relation read from the original five-page comic in ascending order. Local speaker knowledge, reported plans and completed visible acts distinguished.",,Midoriya Izuku; Bakugo Katsuki; Todoroki Shoto; Togata Mirio; Mt. Lady; Eri; Aizawa Shota; Present Mic; Snipe; All Might; Unnamed television presenter; Cementoss,Explicitly named or visually identifiable diegetic subjects noted during original-image review; collective labels do not enumerate unshown members. Real contributors and organizations are excluded from individual counts.
UAG:s0323,323,,OPS/images/08_X10000_000062_1_325_001.jpg,87a488ef0c678920ec7dca41c12004cbce5ec5124d44fc8d5f7301758cf1345c,VISUAL_ORIGINAL_IMAGE,literary,REVIEWED_MATERIAL,"One-shot closes with the flying armored Midoriya’s smiling profile on television above Eri, who strums her guitar and resolves to work hard too. The visual analogy links different activities, not physical co-presence. No printed folio or next-chapter promise.",SUP-UAG-323-01,"Every panel, bubble, broadcast graphic and sequential relation read from the original five-page comic in ascending order. Local speaker knowledge, reported plans and completed visible acts distinguished.",,Midoriya Izuku; Eri,Explicitly named or visually identifiable diegetic subjects noted during original-image review; collective labels do not enumerate unshown members. Real contributors and organizations are excluded from individual counts.
UAG:s0324,324,,OPS/images/08_X10000_000062_1_326_001.jpg,dfbdbb477a8f185e31b511fabd307dd0fce5922420ece19cdee31eace4c43d85,VISUAL_ORIGINAL_IMAGE,literary,REVIEWED_MATERIAL,"Signed THEあとがき: author explicitly chose a new Eri comic after V42 camera closure; joking scholarly exemption for a431-absent cast. Final fanbook retrospective album, thanks editorial production, released available information for enjoyment. Large smiling Eri guitar drawing forces narrow text layout, openly joked about.",SUP-UAG-324-01; SUP-UAG-324-02,"Complete original afterword, credit panel, colophon or cover apparatus visually read. Production roles, edition notices, illustration reuse and non-narrative framing explicitly distinguished.",,Eri,Explicitly named or visually identifiable diegetic subjects noted during original-image review; collective labels do not enumerate unshown members. Real contributors and organizations are excluded from individual counts.
UAG:s0325,325,327,OPS/images/08_X10000_000062_1_327_001.jpg,88faaf2dab9b05d77ce23cefac0c55b38e1788d0159d74b8cb8ec8ef2f1220ca,VISUAL_ORIGINAL_IMAGE,literary,REVIEWED_MATERIAL,"STAFF INTRODUCTION lists Horikoshi, historical assistants and five historical editors: Koike, Monji, 頼富, Taguchi, Imamura. Neda appears only in the historical assistant list. Printedfolio327 is visible. No fictional cast or newly attributed bonus author. ",SUP-UAG-325-01,"Complete original afterword, credit panel, colophon or cover apparatus visually read. Production roles, edition notices, illustration reuse and non-narrative framing explicitly distinguished.",,,Explicitly named or visually identifiable diegetic subjects noted during original-image review; collective labels do not enumerate unshown members. Real contributors and organizations are excluded from individual counts.
UAG:s0326,326,,OPS/images/08_X10000_000062_1_328_001.jpg,1aada94ff879dc4a230cb689e602a3b449e7580d0024f6fd96a7f9b5489164f5,VISUAL_ORIGINAL_IMAGE,literary,REVIEWED_MATERIAL,"Separate production-credit panels: Shueisha Jump Comics publishing editorial and Wedge editorial workers; Banana Grove Studio design; Weekly Shonen Jump assigned editor Imamura; Kyodo printing and Taiyodo cover printing. Playful hero-name aliases paired with real names, plus cooperation credits. Upper area is intentionally blank, lower credit panels fully read; no folio. ",SUP-UAG-325-01,"Complete original afterword, credit panel, colophon or cover apparatus visually read. Production roles, edition notices, illustration reuse and non-narrative framing explicitly distinguished.",,,Explicitly named or visually identifiable diegetic subjects noted during original-image review; collective labels do not enumerate unshown members. Real contributors and organizations are excluded from individual counts.
UAG:s0327,327,,OPS/images/08X10000000062024400_copyright.jpg,c88e047985abc4546fa987aa426325414fff033c1a74313bcbedbe2d3ceff70d,VISUAL_ORIGINAL_IMAGE,literary,REVIEWED_MATERIAL,"Digital colophon: My Hero Academia Final Fanbook Ultra Age, Horikoshi, copyright2025/2025, first/digital issue years2025, Shueisha publisher. Explicit digital reediting and copyright notice. No month/day, fictional events or item-level print/digital change log.",SUP-UAG-327-01,"Complete original afterword, credit panel, colophon or cover apparatus visually read. Production roles, edition notices, illustration reuse and non-narrative framing explicitly distinguished.",,,Explicitly named or visually identifiable diegetic subjects noted during original-image review; collective labels do not enumerate unshown members. Real contributors and organizations are excluded from individual counts.
UAG:s0328,328,,OPS/images/08_X10000_000062_3_ill_01_001.jpg,3a3ebd8bffc41b986d9c215b2d908df6b572c983649cf72311fe3a3edc1251eb,VISUAL_ORIGINAL_IMAGE,literary,REVIEWED_MATERIAL,"Extra Pages reproduce spine/jacket flap: tiny Midoriya portrait and a collage of Kaminari, Sero, Tokoyami, Shinso, Shoji, Hagakure, Mineta, Koda, Sato and further classmates around black branching shapes. Cover-release-time wording notice is explicit. No bonus dialogue or sequential action.",SUP-UAG-328-01,"Complete original afterword, credit panel, colophon or cover apparatus visually read. Production roles, edition notices, illustration reuse and non-narrative framing explicitly distinguished.",Tiny partial lower-edge flap portraits are not all securely identified; no material claim or individual model admission depends on an inferred identity.,Midoriya Izuku; Kaminari Denki; Sero Hanta; Tokoyami Fumikage; Shinso Hitoshi; Shoji Mezo; Hagakure Toru; Mineta Minoru; Koda Koji; Sato Rikido; Ojiro Mashirao,Explicitly named or visually identifiable diegetic subjects noted during original-image review; collective labels do not enumerate unshown members. Real contributors and organizations are excluded from individual counts.
UAG:s0329,329,,OPS/images/08_X10000_000062_3_ill_02_001.jpg,75440c664b81019675e0c5bbb2a1c2676ad8cce80be3688bf452f88eaeb005fd,VISUAL_ORIGINAL_IMAGE,literary,REVIEWED_MATERIAL,"Reproduced back-jacket/flap color design: armored Midoriya reaching to viewer, gold cape, teal/magenta dots, Ultra Age Final Fan Book title. Notice preserves publication-time wording. Same figure reused across packaging, not new event.",SUP-UAG-328-01,"Complete original afterword, credit panel, colophon or cover apparatus visually read. Production roles, edition notices, illustration reuse and non-narrative framing explicitly distinguished.",,Midoriya Izuku,Explicitly named or visually identifiable diegetic subjects noted during original-image review; collective labels do not enumerate unshown members. Real contributors and organizations are excluded from individual counts.
UAG:s0330,330,,OPS/images/08_X10000_000062_3_ill_03_001.jpg,a3d46ef37429094b8ea135216629ceb1f0f4d3cf11317bf1c6ba906e8198252a,VISUAL_ORIGINAL_IMAGE,literary,REVIEWED_MATERIAL,"Reproduced front board in monochrome: central armored reaching Midoriya flanked by Shigaraki and muscular All Might, title and author credit. Montage contrast does not show contemporaneous encounter or resurrection. Release-time notice below.",SUP-UAG-328-01,"Complete original afterword, credit panel, colophon or cover apparatus visually read. Production roles, edition notices, illustration reuse and non-narrative framing explicitly distinguished.",,Midoriya Izuku; Shigaraki Tomura; All Might,Explicitly named or visually identifiable diegetic subjects noted during original-image review; collective labels do not enumerate unshown members. Real contributors and organizations are excluded from individual counts.
UAG:s0331,331,,OPS/images/08_X10000_000062_3_ill_04_001.jpg,08c7d4965b05b7724f1d059fe8e47fcb5c02004f6894760f3d75c5bbae7f1521,VISUAL_ORIGINAL_IMAGE,literary,REVIEWED_MATERIAL,"Reproduced rear board: typographic Ultra Age / The Final Fan Book / My Hero Academia with Shueisha Jump Comics mark and release-time notice. No figures, dialogue or narrative addition.",SUP-UAG-328-01,"Complete original afterword, credit panel, colophon or cover apparatus visually read. Production roles, edition notices, illustration reuse and non-narrative framing explicitly distinguished.",,,Explicitly named or visually identifiable diegetic subjects noted during original-image review; collective labels do not enumerate unshown members. Real contributors and organizations are excluded from individual counts.
