locator,spine_ordinal,printed_page,image_member,image_sha256,review_method,reviewer,disposition,content_summary,evidence_ids,reason,uncertainties
UA:s0001,1,,OPS/images/08880719880264315501_cover.jpg,0d2a3ebe307b5c0db8d7d9234dce7715ceee5b11012240ea05b5c486ac86783c,VISUAL_ORIGINAL_IMAGE,root,REVIEWED_NO_MATERIAL_ADDITION,Official cover: Horikoshi credit; hero/student ensemble in action.,,Source identity and presentation; no new narrated behavior.,
UA:s0002,2,,OPS/images/08_880719_880264_1_dorigin_01_001.jpg,3c6894e02136b00e2d30caf82810b393edab91abe551319daa309f1603785a64,VISUAL_ORIGINAL_IMAGE,root,REVIEWED_MATERIAL,Fiction disclaimer and explicit notice of re-editing for digital distribution.,SUP-UA-002-01,Supports edition caution; does not date individual revisions.,
UA:s0003,3,,OPS/images/08_880719_880264_3_003_001.jpg,5c022294b779243cb947a13c91cdfabc1252c9cd8aa2e1d7dbb6f048e62fb073,VISUAL_ORIGINAL_IMAGE,root,REVIEWED_NO_MATERIAL_ADDITION,"Japanese title page, Horikoshi credit, small Deku and large smiling All Might.",,Title/illustration framing supplies no independent new character conduct.,
UA:s0004,4,004,OPS/images/08_880719_880264_3_004_001.jpg,2fac52cf098d6d507da6275394e3b88884332c663e9442442e0d32bd8405a2ec,VISUAL_ORIGINAL_IMAGE,root,REVIEWED_DUPLICATE,Reprinted WJ2014 issue32 cover: Deku with notebook amid pupils and working heroes.,,Explicitly credited magazine-cover reprint; no independent character event.,
UA:s0005,5,005,OPS/images/08_880719_880264_3_005_001.jpg,074beb89601a8dbb1de62cbcbf1a9094039d38eb9b7edc804ba45e5a7f265c59,VISUAL_ORIGINAL_IMAGE,root,REVIEWED_MATERIAL,WJ2015 issues15/35/19 artwork; paired All Might/Deku and Endeavor/Shoto arrangements.,SUP-UA-005-01,"Comparative mentorship imagery is usable as dated visual paratext, not a depicted meeting or new behavioral observation.",
UA:s0006,6,006,OPS/images/08_880719_880264_3_006_001.jpg,8f149773587b6f23d70de4761a76e82995a82f408512342b5c5734e98fc94a7d,VISUAL_ORIGINAL_IMAGE,root,REVIEWED_DUPLICATE,"WJ2015 issue49 opener: smiling All Might/Deku, raised fists.",,Credited color-art reprint; reinforcement of aspirational pairing without new event.,
UA:s0007,7,007,OPS/images/08_880719_880264_3_007_001.jpg,3278ca80f862997546649d85ad41e2466334c85a8726a8ebc3694400bc18d1ba,VISUAL_ORIGINAL_IMAGE,root,REVIEWED_DUPLICATE,Master and Pupil: All Might/Deku art credited WJ2014 issues47/33 and WJ2015 issue3.,,Credited reprinted art; repeats aspirational partnership without new narrated behavior.,
UA:s0008,8,008,OPS/images/08_880719_880264_3_008_001.jpg,e812fa67c23d7b667289a837e01b2eef970cb314f5aa14a8509f744be07262e8,VISUAL_ORIGINAL_IMAGE,root,REVIEWED_DUPLICATE,"Group celebration/formal clothing, finger-puppet-like ensemble and action color art; WJ2015 issues35/46 and WJ2016 issue09.",,Magazine illustration reprints; convivial grouping is not an independently dated social event.,
UA:s0009,9,009,OPS/images/08_880719_880264_3_009_001.jpg,29288977a04cccda3cc4ef656df9d37ebdb0521e975e14ceac122e39d1e7825f,VISUAL_ORIGINAL_IMAGE,root,REVIEWED_DUPLICATE,"REST: female pupils in a locker-room illustration, WJ2015 issue25.",,Reprinted ordinary-space image; no dialogue or behavioral sequence establishes a new conditional policy.,
UA:s0010,10,010,OPS/images/08_880719_880264_3_010_001.jpg,84d0962fabb0214624b2edffc8a486c9e3a229d5ed0c2979704426f9063f490d,VISUAL_ORIGINAL_IMAGE,root,REVIEWED_DUPLICATE,"Pussycats and Deku in cat-themed poses, WJ2016 combined issues5–6.",,Promotional reprint; does not by itself establish a specific visit or lasting habit.,
UA:s0011,11,011,OPS/images/08_880719_880264_3_011_001.jpg,d39ce8980f60f0759fdef97b98429991f9ec8fb71d6384f9d728f2a73a034601,VISUAL_ORIGINAL_IMAGE,root,REVIEWED_DUPLICATE,"Reliable Friends: action/adventure and military-styled ensemble illustrations, WJ2015 issues3/46.",,Genre-costume/grouping imagery; not literal main-continuity missions.,
UA:s0012,12,012,OPS/images/08_880719_880264_3_012_001.jpg,58435e8aab3cc2f09b770e3d306a59c5e607c47eb8ad3bb284a72ad0d81eff4a,VISUAL_ORIGINAL_IMAGE,root,REVIEWED_MATERIAL,"Determination: Shoto covers one side of his face, Bakugo protests on podium, Deku and rivals in action; WJ2015 issues16/49/27 and WJ2014 issue41.",SUP-UA-012-01,Editorial grouping supports a dated visual comparison; no fresh observation independent of the credited artwork.,
UA:s0013,13,013,OPS/images/08_880719_880264_3_013_001.jpg,8b6b0d2d2674f0775455182398059942991dfbfa33a9762a3e7af6e1a6b5578a,VISUAL_ORIGINAL_IMAGE,root,REVIEWED_DUPLICATE,"Full class action portrait, WJ2014 issue46 opener.",,Credited color-art reprint; no additional dialogue or event sequence.,
UA:s0014,14,014,OPS/images/08_880719_880264_3_014_001.jpg,e259c9f1db112956e75a26063f39479ce364e142a26322e50f1a035cbbaefa9a,VISUAL_ORIGINAL_IMAGE,root,REVIEWED_DUPLICATE,"OUTBREAK spread, student/All Might half opposite villain half at s0015.",,"WJ2016 issue9 two-page reprint; opposing ensemble composition, not independent battle outcome.",
UA:s0015,15,015,OPS/images/08_880719_880264_3_015_001.jpg,666651d3d95f8b97a31ba040a1e63d3f1eaadaf46bba5b8b544c6a1a96a703b4,VISUAL_ORIGINAL_IMAGE,root,REVIEWED_DUPLICATE,OUTBREAK spread villain/AFO half; caption WJ2016 issue9.,,Same spread as s0014; depicted grouping does not establish every member's motives or knowledge.,
UA:s0016,16,016,OPS/images/08_880719_880264_3_016_001.jpg,ac7acb712ef2e4d245e330af45c99ed0162b28627ee7f955d7886e566c71972f,VISUAL_ORIGINAL_IMAGE,root,REVIEWED_DUPLICATE,"Villains: Shigaraki/Nomu/Kurogiri and Stain facing Iida, WJ2014 issue52 and WJ2015 issue40.",,Credited reprint compositions reinforce existing antagonistic confrontations.,
UA:s0017,17,017,OPS/images/08_880719_880264_3_017_001.jpg,3d6a824f546f558ad98d6e209bdda34dd06d3122b54df54401539280e8f62db9,VISUAL_ORIGINAL_IMAGE,root,REVIEWED_DUPLICATE,"Deku/Uraraka/Bakugo posed on mechanical debris, Next2014 vol4.",,"Credited magazine illustration, not a dated shared event.",
UA:s0018,18,018,OPS/images/08_880719_880264_3_018_001.jpg,0afc35d8e9a30b0f7bc3a308f0ef1f2fd2a45f1d6b9fe2de6b1f8f509677bc1c,VISUAL_ORIGINAL_IMAGE,root,REVIEWED_DUPLICATE,"To The Future: ensemble running with horse, WJ2015 issue11; Deku/All Might with fantastical vehicle, Next2015 vol4.",,Credited alternative adventure imagery; no literal main-continuity equipment or event inferred.,
UA:s0019,19,,OPS/images/08_880719_880264_1_019_001.jpg,b060ab4fb4b8b3647c542b801d593043f5f076d3c4ba74b72790d1692fcfb367,VISUAL_ORIGINAL_IMAGE,root,REVIEWED_MATERIAL,"HERO is… montage: admiration, limelight, pre-reflective rescue, intimidating foes, arriving in crisis, and comic popularity with girls.",SUP-UA-019-01,Editorial definitions use manga excerpts and humor; preserve competing motives without treating all labels as equally endorsed.,
UA:s0020,20,,OPS/images/08_880719_880264_1_020_001.jpg,a0d986623484ba39a1bbd46b3fe3505646b07b3c1ccaf6522598abe54b86f102,VISUAL_ORIGINAL_IMAGE,root,REVIEWED_MATERIAL,Contents: photographs004; students021/022/062/084/096; pros103; villains141; school163; appendix175; interview176; Horikoshi bonus185; Neda studio190; galleries192/202.,,Book topology and contributor distinctions belong to source audit.,
UA:s0021,21,,OPS/images/08_880719_880264_1_021_001.jpg,0bd2b889ce4e62db4c9067067c8c0de0f8432f58dc0609c6e6ae68fc0c55dab2,VISUAL_ORIGINAL_IMAGE,root,REVIEWED_NO_MATERIAL_ADDITION,NEW HEROES section front: Class1-A-centered account of aspiring next-generation heroes.,,"Section scope, not completed professional status.",
UA:s0022,22,022,OPS/images/08_880719_880264_1_022_001.jpg,5300ff62baa19c974b64cb7b2b5c6a8772ecf806346f9937bd7e3db8ab4d8809,VISUAL_ORIGINAL_IMAGE,root,REVIEWED_MATERIAL,"Midoriya profile: timid/easily frightened but strong justice; likes katsudon; birthday7/15,166cm,O,Shizuoka area; ratings E/E/B/B/A; All Might acquaintance comment calls him action-oriented otaku who earned power through effort and jokingly denies favoritism.",SUP-UA-022-01; SUP-UA-022-02,"Separate factual preference, dated ratings and attributed mentor judgment.",
UA:s0023,23,023,OPS/images/08_880719_880264_1_023_001.jpg,88d563c7861dfee1a1e3b0217f83ca410505bba5586b767ea1bc9c1e2a704c98,VISUAL_ORIGINAL_IMAGE,root,REVIEWED_MATERIAL,"OFA(?) ability/damage summary; heroic suitability as self-sacrifice and acquired analytical skill; Gran Torino comment moves from unreliable-looking first impression to sharpness/improved control, ends who-are-you gag.",SUP-UA-023-01,Manga excerpts are dependent evidence; editorial valuation and attributed learning assessment are separate.,
UA:s0024,24,024,OPS/images/08_880719_880264_1_024_001.jpg,d75312bef6ccb29583672f274aaedaa3f5b8753f81effa25ad1645e582cf9439,VISUAL_ORIGINAL_IMAGE,root,REVIEWED_MATERIAL,"Bakugo profile: gifted combatant, pride/aggression/quick anger; likes spicy foods and climbing; birthday4/20,172cm,A,Shizuoka area; hit-and-away; A/B/A/B/E; Kirishima's qualified not-bad-at-root comment and dislike of speech-created enemies.",SUP-UA-024-01; SUP-UA-024-02,Ordinary preference and relationship-specific judgment; no absolution or endpoint extension.,
UA:s0025,25,025,OPS/images/08_880719_880264_1_025_001.jpg,c25339619ebea40cdca0e6fce2c699111feacc5aa61ba47df7ec30a87dc8275c,VISUAL_ORIGINAL_IMAGE,root,REVIEWED_MATERIAL,"Explosion mechanism, storage gauntlets, tactical adaptability; suitability criticizes belittling others. Best Jeanist says rare intense youths make mentoring rewarding and recall what hero activity means to him.",SUP-UA-025-01,"Material profile, speaker-specific or editorial evidence retained with separate authority/time effects.",
UA:s0026,26,026,OPS/images/08_880719_880264_1_026_001.jpg,fa0b12d1a6460a6d85bb4e90f7cde27d4d8eebc1ade59f0e28df32f9b6f5233a,VISUAL_ORIGINAL_IMAGE,root,REVIEWED_MATERIAL,"Uraraka moved to attend U.A. and currently lives alone; sometimes speaks dialect, likes mochi; personal likes starry skies/Japanese food;12/27,156cm,B,Mie. Midoriya calls her kind/family-minded, his friend since entrance, gets embarrassed.",SUP-UA-026-01; SUP-UA-026-02,"Material profile, speaker-specific or editorial evidence retained with separate authority/time effects.",
UA:s0027,27,027,OPS/images/08_880719_880264_1_027_001.jpg,19b71bd5fa5660287a79b57bedc7c88c60331be1c9310110f6054741553acd9c,VISUAL_ORIGINAL_IMAGE,root,REVIEWED_MATERIAL,Zero Gravity ~3t limit with nausea; courage suppresses fear against strong opponent; family poverty/parents' comfort motivate work. Gunhead praises toughness using gendered wording and hopes she joins his agency.,SUP-UA-027-01; SUP-UA-027-02,"Material profile, speaker-specific or editorial evidence retained with separate authority/time effects.",
UA:s0028,28,028,OPS/images/08_880719_880264_1_028_001.jpg,c1e655bf15d8fcc3c75efb11047bbd8aae5956207c539d50ba25e7454a8bf9c0,VISUAL_ORIGINAL_IMAGE,root,REVIEWED_MATERIAL,"Iida class organizer; early revenge after brother's attack and recovery acknowledged;8/22,179cm,A,Tokyo; likes studying/beef stew. Midoriya revises scary first impression to seriousness and admires class management.",SUP-UA-028-01; SUP-UA-028-02,"Material profile, speaker-specific or editorial evidence retained with separate authority/time effects.",
UA:s0029,29,029,OPS/images/08_880719_880264_1_029_001.jpg,3cbeffb12941a0bc8b6a07c30c83a49133c3a67862202e1fb88dd7e331dfec13,VISUAL_ORIGINAL_IMAGE,root,REVIEWED_MATERIAL,"Engine/Recipro Burst and stall; group organization and discipline, with concern about flexibility. Manual says Iida being Ingenium's brother motivated his unlikely recruitment offer and hopes he becomes rule-abiding hero.",SUP-UA-029-01,"Material profile, speaker-specific or editorial evidence retained with separate authority/time effects.",
UA:s0030,30,030,OPS/images/08_880719_880264_1_030_001.jpg,817736606b29f11a6c8db1a368bd0bb908204a29993ba8e386e7d137bb379817,VISUAL_ORIGINAL_IMAGE,root,REVIEWED_MATERIAL,"Shoto recommended admission; inherited fire/ice powers;1/11,176cm,O,Shizuoka area; likes soba not warm. Bakugo angrily objects to acquaintance label and Shoto's aloof manner, includes him with Deku as a future full-force rival.",SUP-UA-030-01; SUP-UA-030-02,"Material profile, speaker-specific or editorial evidence retained with separate authority/time effects.",
UA:s0031,31,031,OPS/images/08_880719_880264_1_031_001.jpg,38eb22bb31a8ac29acd1016a2a0906df266ab749917a1069232f104a58d4d76e,VISUAL_ORIGINAL_IMAGE,root,REVIEWED_MATERIAL,"Half-Cold Half-Hot; past suppression of fire because of father conflict, large-range power and battle judgment. Endeavor describes Shoto as his complete superior replacement and says he will make him surpass All Might.",SUP-UA-031-01,"Material profile, speaker-specific or editorial evidence retained with separate authority/time effects.",
UA:s0032,32,032,OPS/images/08_880719_880264_1_032_001.jpg,527307c1a92157b4a116c9f67f6340a20933155fd590c189020f5a74df8d8301,VISUAL_ORIGINAL_IMAGE,root,REVIEWED_MATERIAL,"Asui academically strong, calm, uses -chan for male/female classmates;2/12,150cm,B,Aichi,likes rain/jelly. Mineta acquaintance voice fears her USJ deductions and adds objectifying remark about touching her.",SUP-UA-032-01; SUP-UA-032-02,"Material profile, speaker-specific or editorial evidence retained with separate authority/time effects.",
UA:s0033,33,033,OPS/images/08_880719_880264_1_033_001.jpg,314fcbad61206b7c4ecdbb1ce5feb7c9af48790f536aae6af5f7fc20aa54757c,VISUAL_ORIGINAL_IMAGE,root,REVIEWED_MATERIAL,"Asui frog mobility, ~20m tongue, support/cooperation and calm judgment; Recovery Girl says few occasions to treat her and praises practical final-exam performance.",SUP-UA-033-01,"Distinct factual, speaker-conditioned or source-framing contribution retained.",
UA:s0034,34,034,OPS/images/08_880719_880264_1_034_001.jpg,afd0ff44391947c0c494ff0ee19eaaa545b54ccf226995d8c9724dcf4f02105f,VISUAL_ORIGINAL_IMAGE,root,REVIEWED_MATERIAL,"Mineta10/8,108cm,A,Kanagawa,likes women; editorial sole stated hero motive is romantic popularity, habitual sexual framing but can deliver under pressure. Asui identifies repeated misconduct against herself and targeting Momo, jokes about bringing it to victims' association.",SUP-UA-034-01; SUP-UA-034-02,"Distinct factual, speaker-conditioned or source-framing contribution retained.",
UA:s0035,35,035,OPS/images/08_880719_880264_1_035_001.jpg,7c21a4435216a6172e856a694cac9dce7b80047f2aafcc1ea15746c915bb9899,VISUAL_ORIGINAL_IMAGE,root,REVIEWED_MATERIAL,"Pop Off adhesive duration depends on condition, overuse bleeds, no numerical pluck cap; cooperative usefulness and popularity motive channeled into admirable manhood. Mt Lady calls voluntary intern immature and her agency needs adult men.",SUP-UA-035-01,"Distinct factual, speaker-conditioned or source-framing contribution retained.",
UA:s0036,36,036,OPS/images/08_880719_880264_1_036_001.jpg,f1fa4ea93a221525e9b10268a28592aebc7591c365997041a4dac2cf747a55b5,VISUAL_ORIGINAL_IMAGE,root,REVIEWED_MATERIAL,"Kirishima10/16,170cm,O,Chiba; likes tough/manly things and meat; warm socializer/boisterous with Kaminari, dislikes plainness of power. Bakugo dismisses query beyond Sports Festival victory.",SUP-UA-036-01; SUP-UA-036-02,"Distinct factual, speaker-conditioned or source-framing contribution retained.",
UA:s0037,37,037,OPS/images/08_880719_880264_1_037_001.jpg,770054e80318ecab264cf410512c960c3505c305bece62b87bf2d0023732bcc8,VISUAL_ORIGINAL_IMAGE,root,REVIEWED_MATERIAL,Hardening offense/defense and Crimson Riot aspiration; editorial says apparently simple but notices ominous atmosphere; Aizawa calls him bright/hot-blooded and apparently few worries/easy to manage.,SUP-UA-037-01,"Distinct factual, speaker-conditioned or source-framing contribution retained.",
UA:s0038,38,038,OPS/images/08_880719_880264_1_038_001.jpg,ebdce864ccae4a55a68a90a3c06500a16081b5249e57d5c83de5e1a971ba4b92,VISUAL_ORIGINAL_IMAGE,root,REVIEWED_MATERIAL,"Yaoyorozu9/23,173cm,A,Aichi; likes reading/illustrated encyclopedias; confidence restored after earlier defeat. Mina credits home study gathering for exam pass and appreciates snacks/expensive-looking tea.",SUP-UA-038-01; SUP-UA-038-02,"Distinct factual, speaker-conditioned or source-framing contribution retained.",
UA:s0039,39,039,OPS/images/08_880719_880264_1_039_001.jpg,05e97bad98e78a1db5167979093e8333dde4f6d93aaf42e1669ab288b8448f3a,VISUAL_ORIGINAL_IMAGE,root,REVIEWED_MATERIAL,"Creation of nonliving objects from no fixed body part; editorial sexualizing joke around exposure. Leadership/teaching enthusiasm and gullibility juxtaposed. Uwabami praises visual appeal/power and commercially successful advertisement, anticipates future recruitment.",SUP-UA-039-01; SUP-UA-039-02,"Distinct factual, speaker-conditioned or source-framing contribution retained.",
UA:s0040,40,040,OPS/images/08_880719_880264_1_040_001.jpg,c7907d5a09d6900b5bb4d67ac88d3905ca6c87df7a03f729cfb466ec752a71ba,VISUAL_ORIGINAL_IMAGE,root,REVIEWED_MATERIAL,"Tokoyami10/30,158cm,AB,Shizuoka; likes dim places/apples; dramatic phrases. Hatsume admires his Sports Festival Quirk and invites him to contact her to make Dark Shadow cuter/stronger.",SUP-UA-040-01; SUP-UA-040-02,"Distinct factual, speaker-conditioned or source-framing contribution retained.",
UA:s0041,41,041,OPS/images/08_880719_880264_1_041_001.jpg,e4a881a717e80705800bed5eb0b4adc735f97bb8a7549e46f7adafbfbb9a07f9,VISUAL_ORIGINAL_IMAGE,root,REVIEWED_MATERIAL,"Dark Shadow has consciousness and speech; light weakness, deep-darkness loss of control; strong cooperation/surveillance. All Might praises potential while questioning bodily ability.",SUP-UA-041-01,"Distinct factual, speaker-conditioned or source-framing contribution retained.",
UA:s0042,42,042,OPS/images/08_880719_880264_1_042_001.jpg,ed8e5221164e4d47d5d3f439cbd905428286b3951cb6d18fe2a646a7a7ebed10,VISUAL_ORIGINAL_IMAGE,root,REVIEWED_MATERIAL,"Kaminari6/29,168cm,O,Saitama; likes trends/hamburgers; low written grades contrasted with rich vocabulary. Mineta mocks academic ability and praises Sports Festival scheme/pickup skill.",SUP-UA-042-01; SUP-UA-042-02,"Distinct factual, speaker-conditioned or source-framing contribution retained.",
UA:s0043,43,043,OPS/images/08_880719_880264_1_043_001.jpg,0faf1aee9272624d5ab2ae99acde6b4eb9aa5790d51caca3315fd72979434d4b,VISUAL_ORIGINAL_IMAGE,root,REVIEWED_MATERIAL,Kaminari's adjustable discharge can intercept/detect; overuse short-circuits him. Editorially easily hurt and aided by advice; Present Mic criticizes panic-driven full discharge in final exam.,SUP-UA-043-01,"Distinct factual, speaker-conditioned or source-framing contribution retained.",
UA:s0044,44,044,OPS/images/08_880719_880264_1_044_001.jpg,c6aa525253b02f9618f3c043cda64f1c051d8c9c4e64d907b4d54ef0563237c6,VISUAL_ORIGINAL_IMAGE,root,REVIEWED_MATERIAL,"Jiro 8/1,154cm,A,Shizuoka,likes rock. Kaminari credits her USJ plan with revealing his power's strength while asking her never to repeat it.",SUP-UA-044-01; SUP-UA-044-02,"Distinct factual, speaker-conditioned or source-framing contribution retained.",
UA:s0045,45,045,OPS/images/08_880719_880264_1_045_001.jpg,3068468a2642f56adb2343cd33fd3b62b5a47b3d2509f0aa247be3549f09e8af,VISUAL_ORIGINAL_IMAGE,root,REVIEWED_MATERIAL,Jiro's flexible extended jacks and amplified heartbeat have attack/detection uses; editorial praises bold decisions and proposes future rescue applications. Present Mic calls her his inferior version while praising effort.,SUP-UA-045-01,"Distinct factual, speaker-conditioned or source-framing contribution retained.",
UA:s0046,46,046,OPS/images/08_880719_880264_1_046_002.jpg,f9b87aa7204700df5f9dd9192eaba90f04784c054ce348d4f620a0237a843ae6,VISUAL_ORIGINAL_IMAGE,root,REVIEWED_MATERIAL,"Shoji 2/15,187cm,B,Fukuoka,likes takoyaki and squid-ink pasta. Tokoyami apologizes for the camp burden and values the friend who refused to abandon him.",SUP-UA-046-01; SUP-UA-046-02,"Distinct factual, speaker-conditioned or source-framing contribution retained.",
UA:s0047,47,047,OPS/images/08_880719_880264_1_047_001.jpg,1a1d6514f24e756b4cefa86406f22757b5ff975ce8891ffcf819b8290044a1a8,VISUAL_ORIGINAL_IMAGE,root,REVIEWED_MATERIAL,"Shoji's replicated organs improve sensing, carrying and grip. Editorial explicitly calls self-disregarding protection both a strength and a matter requiring caution. Present Mic admires cavalry-event use.",SUP-UA-047-01,"Distinct factual, speaker-conditioned or source-framing contribution retained.",
UA:s0048,48,048,OPS/images/08_880719_880264_1_048_001.jpg,6b8d2fa6aa28b7c889ea45b4cf7a7398cb29924d96fca4184c0696a760b92182,VISUAL_ORIGINAL_IMAGE,root,REVIEWED_MATERIAL,"Sero 7/28,177cm,B,Tokyo,likes oranges/soybeans and foods that seem healthy. Shoto judges him strong, acknowledges irritation and excess force in their Sports Festival match, and apologizes.",SUP-UA-048-01; SUP-UA-048-02,"Distinct factual, speaker-conditioned or source-framing contribution retained.",
UA:s0049,49,049,OPS/images/08_880719_880264_1_049_001.jpg,d091e59471598177de89f7b67c578d8ef333c674859c7a05a19154eb8d77c169,VISUAL_ORIGINAL_IMAGE,root,REVIEWED_MATERIAL,"Sero's tape supports binding, movement and catching objects. Mountain rescue is a projected possibility; All Might praises his high-ground choice and victory in the rescue-training race.",SUP-UA-049-01,"Distinct factual, speaker-conditioned or source-framing contribution retained.",
UA:s0050,50,050,OPS/images/08_880719_880264_1_050_002.jpg,aea76d3e19ebd3d9261416ef449bb757fcde08659c900161ccecb6f9d982bb6c,VISUAL_ORIGINAL_IMAGE,root,REVIEWED_MATERIAL,"Mina 7/30,159cm,AB,Chiba,likes dance/natto/okra. Aoyama admits losing physically but asserts superiority in elegance; profile contrasts technique with weak academic rating.",SUP-UA-050-01; SUP-UA-050-02,"Distinct factual, speaker-conditioned or source-framing contribution retained.",
UA:s0051,51,051,OPS/images/08_880719_880264_1_051_001.jpg,a17c041c9d1a7c4e5c6735005ce42ccc76595aef2cc5fe59d59cc5a2e98da4fd,VISUAL_ORIGINAL_IMAGE,root,REVIEWED_MATERIAL,Mina adjusts acid concentration and traverses obstacles. Editorial mood-making/physical praise includes gendered comparison; Nezu praises athletics while criticizing academics and offering instruction.,SUP-UA-051-01,"Distinct factual, speaker-conditioned or source-framing contribution retained.",
UA:s0052,52,052,OPS/images/08_880719_880264_1_052_001.jpg,62363fa742ef47fe783f2376057b9b907183fd0fb8d12413f988f1f8f3c1d007,VISUAL_ORIGINAL_IMAGE,root,REVIEWED_MATERIAL,"Aoyama 5/30,168cm,O; France is explicitly self-claimed, and liking himself is profile self-branding. Ochako finds him individualistic and destabilizing to her pace during finals.",SUP-UA-052-01,"Distinct factual, speaker-conditioned or source-framing contribution retained.",
UA:s0053,53,053,OPS/images/08_880719_880264_1_053_001.jpg,67b4941a8cb696bd22c29ebe9a1bfca2357eaee120df06e42c09806cc07d1d70,VISUAL_ORIGINAL_IMAGE,root,REVIEWED_MATERIAL,"Aoyama's laser has an early one-second/stomach-pain limit. Editorial calls him observant of Ochako but self-paced; Aizawa admits he cannot tell what he thinks, sees motivation, and notes near-failure in written finals.",SUP-UA-053-01,"Distinct factual, speaker-conditioned or source-framing contribution retained.",
UA:s0054,54,054,OPS/images/08_880719_880264_1_054_001.jpg,3cc650909b4aa223fabf753ba9e9adef30ca67e867c76bbe6b27c11efdfaf27f,VISUAL_ORIGINAL_IMAGE,root,REVIEWED_MATERIAL,"Ojiro 5/28,169cm,O,Tokyo,likes martial arts. Hagakure calls him an approachable friend, finds Sports Festival withdrawal overly serious, but values that seriousness.",SUP-UA-054-01,"Distinct factual, speaker-conditioned or source-framing contribution retained.",
UA:s0055,55,055,OPS/images/08_880719_880264_1_055_001.jpg,a5260bb6945c4cab62b7cdbb5590c96416b0773368e8a96fac14b9a0e3bde3fc,VISUAL_ORIGINAL_IMAGE,root,REVIEWED_MATERIAL,"Ojiro's tail supports weight, manipulates and strikes; USJ solo fighting and voluntary Sports Festival withdrawal support strength and fairness. Midnight warmly calls withdrawal youthful and hopes he wins by his own ability.",SUP-UA-055-01,"Distinct factual, speaker-conditioned or source-framing contribution retained.",
UA:s0056,56,056,OPS/images/08_880719_880264_1_056_001.jpg,7d65010d7beae3659073205f29558725706df2f9772e20f13caaee475127e4e8,VISUAL_ORIGINAL_IMAGE,root,REVIEWED_MATERIAL,"Hagakure 6/16,152cm,A,Tokyo,likes caramel/prank shows. Ojiro reports frequent conversation since combat training and remembers cheerleading flexibility; editorial bodily speculation is explicitly inference.",SUP-UA-056-01,"Distinct factual, speaker-conditioned or source-framing contribution retained.",
UA:s0057,57,057,OPS/images/08_880719_880264_1_057_001.jpg,516cb3d5fa701da117129f09c4ebc7e65548842c5d6dcb9d73162222d045c70d,VISUAL_ORIGINAL_IMAGE,root,REVIEWED_MATERIAL,Hagakure encourages Ojiro; invisibility aids scouting but also risks friendly fire and makes teaching harder. Aizawa calls her his first wholly invisible student and welcomes her straightforward personality; costume gag remains editorial framing.,SUP-UA-057-01,"Distinct factual, speaker-conditioned or source-framing contribution retained.",
UA:s0058,58,058,OPS/images/08_880719_880264_1_058_001.jpg,14772c7dced5eb7af8b89c43825f842485df1c830f6904f10e27d662deddc804,VISUAL_ORIGINAL_IMAGE,root,REVIEWED_MATERIAL,"Sato 6/19,185cm,O,Tottori,likes cake; profile says little spotlight but apt comments. Kirishima finds liking sweets insufficiently manly, then admires power and wants to test it against his hardening.",SUP-UA-058-01,"Distinct factual, speaker-conditioned or source-framing contribution retained.",
UA:s0059,59,059,OPS/images/08_880719_880264_1_059_001.jpg,cbd0f3f7da9881fd84ec2e9f4999a0bb85da0fd291dabec2825e140be9d285fa,VISUAL_ORIGINAL_IMAGE,root,REVIEWED_MATERIAL,Sato's sugar-powered strength has duration and cognitive costs. Editorial stresses emergency judgment and encouragement of Iida during USJ; Aizawa notes failed final exam and advises better use/timing.,SUP-UA-059-01,"Distinct factual, speaker-conditioned or source-framing contribution retained.",
UA:s0060,60,060,OPS/images/08_880719_880264_1_060_001.jpg,6251b0ade72b968cdd1a37c9c089a7b92299060dc57a109e0dd5acb0ecb85549,VISUAL_ORIGINAL_IMAGE,root,REVIEWED_MATERIAL,"Koda 2/1,186cm,A,Iwate,likes nature. Quietness is explicitly not lack of hero aspiration. Jiro credits their exam pass to him and apologizes for pressing his insect fear, while recalling initial unreliability.",SUP-UA-060-01,"Distinct factual, speaker-conditioned or source-framing contribution retained.",
UA:s0061,61,61,OPS/images/08_880719_880264_1_061_001.jpg,cc57c2aae6e0a82aaa38bb9dc53bb60e4254c9f1c0d81ba3040c91574dfa6f4a,Original extracted image viewed with view_image(detail=original); all meaningful visible text and visual relationships read; no OCR substitution Enlarged small manga-text crop(s) additionally visually inspected.,models,REVIEWED_MATERIAL,"Koda Anivoice ability/hero name; low volume versus strength; insect aversion, Jiro injury prompting effort, class-representative candidacy; Present Mic exercise evaluation gag.",SUP-UA-061-01; SUP-UA-061-02,"Specific situational and social distinctions merit retention, with manga excerpts treated as dependent evidence.",
UA:s0062,62,62,OPS/images/08_880719_880264_1_062_001.jpg,f5756885ae1c7502e803d7c0cbc25b04e98a8c2b5666f8b2a180c4a079f72f5d,Original extracted image viewed with view_image(detail=original); all meaningful visible text and visual relationships read; no OCR substitution,models,REVIEWED_MATERIAL,"A-Class Playback opens entrance-exam recap with Nezu framing, manga excerpts and All Might/Present Mic/Aizawa in-character teacher commentary.",SUP-UA-062-01,The added teacher exchange supplies bounded peer/teaching contrast; recap panels remain dependent on entrance-exam manga.,Personal authorship and main-continuity event status of scripted teacher exchange not established.
UA:s0063,63,63,OPS/images/08_880719_880264_1_063_001.jpg,ba3f8f483dd3f5e9c09943161e7613831571cf5c058ccdd35a142bf109be6295,Original extracted image viewed with view_image(detail=original); all meaningful visible text and visual relationships read; no OCR substitution,models,REVIEWED_MATERIAL,"Entrance practical recap: intelligence, judgment, mobility, combat; rescue act and points, recommendation entrants exempt; teacher evaluations by Present Mic/Cementoss, Midnight/Thirteen, Recovery Girl.",SUP-UA-063-01,Teacher-voiced institutional interpretation supplies attribution-sensitive context; action/panel facts are manga-derived.,Scripted playback authorship/event status not established.
UA:s0064,64,64,OPS/images/08_880719_880264_1_064_001.jpg,00da1af436f58fd0fafc2892ac2e1f020430ea73502aca0f0d76bb900f77c7c5,Original extracted image viewed with view_image(detail=original); all meaningful visible text and visual relationships read; no OCR substitution,models,REVIEWED_MATERIAL,Quirk assessment recap; Nezu/Aizawa discuss teacher curricular discretion and prior expulsions; Aizawa stresses limited training time; All Might asks about Midoriya's potential and Aizawa gives minimal nonzero judgment.,SUP-UA-064-01; SUP-UA-064-02,Added attributed dialogue clarifies assessment rationale and differs from stronger optimistic interpretation.,Scripted playback authorship/event status not established.
UA:s0065,65,65,OPS/images/08_880719_880264_1_065_001.jpg,aa8636ca7e68be166bc26aa127a73a0d00e81ea27fd4dee94f1c9ea399ac3188,Original extracted image viewed with view_image(detail=original); all meaningful visible text and visual relationships read; no OCR substitution,models,REVIEWED_MATERIAL,"Quirk-test event winners, running times, full class rankings; Aizawa explains Momo's cannon and vice applications; All Might privately praises Midoriya's limited-injury solution.",SUP-UA-065-01,"Momo's specified instrument strategy clarifies applied inventiveness; rankings and shown manga test outcomes are dependent, state-specific capability measures.",Whether every book-specified event-winner/instrument detail appears in the manga requires precise source comparison.
UA:s0066,66,66,OPS/images/08_880719_880264_1_066_001.jpg,b000b3534fc990bb392e84f6c2e400da8c7aa31a87f22ac73e6c6ac8c402e961,Original extracted image viewed with view_image(detail=original); all meaningful visible text and visual relationships read; no OCR substitution,models,REVIEWED_DUPLICATE,"Indoor battle exercise: Midoriya/Ochako versus Bakugo/Iida, floor plan, victory rules; Lunch Rush and Thirteen describe Bakugo's noncooperation/anger and heroes' coordinated win.",,"Reviewed all captions/commentary; recap and map restate V02 first battle training, with no distinct material character inference beyond current Midoriya/Bakugo/Iida/Ochako models.",
UA:s0067,67,67,OPS/images/08_880719_880264_1_067_001.jpg,867800c568d708a46d8c5c799842d5a5ba9d7b28d556fe57b1d114c3c1c42b99,Original extracted image viewed with view_image(detail=original); all meaningful visible text and visual relationships read; no OCR substitution,models,REVIEWED_MATERIAL,Shoto/Shoji versus Ojiro/Hagakure and remaining indoor-battle digest; Lunch Rush and Thirteen respond to students' effort with thoughts of extra food and improved USJ preparations.,SUP-UA-067-01,Ordinary professional-care thoughts are distinct book characterization; reprinted match events remain dependent.,"Scripted inner thoughts are book framing, not independently witnessed follow-through."
UA:s0068,68,68,OPS/images/08_880719_880264_1_068_001.jpg,2ea140a5bb7addd27612224ee5703dc7d4745cb610ef25338b1a06fc2bf4534f,Original extracted image viewed with view_image(detail=original); all meaningful visible text and visual relationships read; no OCR substitution,models,REVIEWED_MATERIAL,"USJ zone map and combat recap; Present Mic, Midnight, Aizawa and Vlad King distinguish easy student encounters with low-ranking villains from central danger and note Snipe's support.",SUP-UA-068-01,Explicit observer disagreement qualifies strong-student generalizations and maintains unequal-threat context.,No new USJ event is independently established by this commentary.
UA:s0069,69,69,OPS/images/08_880719_880264_1_069_001.jpg,44b4f50a74b81400dbad06ef7701c53cfd5848c053b1ba0dac2dc56140fbf279,Original extracted image viewed with view_image(detail=original); all meaningful visible text and visual relationships read; no OCR substitution,models,REVIEWED_MATERIAL,"Remaining USJ zones: Ojiro solo hit-and-wait, Tokoyami/Koda opponents, water rescue, Thirteen's combat-experience self-critique; uncertain Aoyama hiding inference; Midnight water-limit comment and All Might fourth-wall wet-scene joke.",SUP-UA-069-01; SUP-UA-069-02; SUP-UA-069-03,Specific capability/decision limits and explicit uncertainty deserve separate treatment; source's conjecture is not converted into concealed-traitor evidence.,Aoyama's whereabouts are expressly conjectural here.; Commentary and gag authorship/continuity not independently established.
UA:s0070,70,70,OPS/images/08_880719_880264_1_070_001.jpg,6507e254d5561f928564d7cdab027ac3beeae411bb455744659adf2a5ceb498f,Original extracted image viewed with view_image(detail=original); all meaningful visible text and visual relationships read; no OCR substitution,models,REVIEWED_DUPLICATE,"Sports festival oath and obstacle-race recap: robots, Fall, mines; interim placements, Shoto/Bakugo rivalry and Midoriya chase; Present Mic dramatic narration/pun.",,All panels and meaningful commentary reviewed; restates V03–V04 Sports Festival race and known announcer idiom without new independent behavior or revised model responsibility.,
UA:s0071,71,71,OPS/images/08_880719_880264_1_071_001.jpg,cee82d8cf12bcebe3a31dabd4b2171a79a73d0ae1cce43434dcade5416638574,Original extracted image viewed with view_image(detail=original); all meaningful visible text and visual relationships read; no OCR substitution,models,REVIEWED_DUPLICATE,Obstacle-race result and cavalry battle recap/results; Aizawa acknowledges Midoriya's minefield tactic and Monoma's rational strategy; teacher/announcer comments on leader targeting and escape.,,"Reviewed all scores, pairings, captions and comments; known Sports Festival tactics and role-bound evaluations add no independent occasion beyond current Midoriya/Monoma/Aizawa domains.",
UA:s0072,72,72,OPS/images/08_880719_880264_1_072_001.jpg,d55f01aa5971f3ea37782fc9c974b1d08062b9954ce5be9460ffead6e08072e9,Original extracted image viewed with view_image(detail=original); all meaningful visible text and visual relationships read; no OCR substitution,models,REVIEWED_DUPLICATE,"Tournament bracket, Ojiro/Shoda withdrawals and Tetsutetsu/Shiozaki advancement; first-round outcomes and Aizawa's concise tactics comments, including Momo's interrupted preparation and Ochako's failed all-in attack.",,"All match text, diagrams and gags reviewed; synopsis of manga tournament does not supply independent motive or later readiness evidence. Aizawa calls Midoriya's escape a finger explosion, preserving his limited knowledge.",
UA:s0073,73,73,OPS/images/08_880719_880264_1_073_001.jpg,90c62880df8888fac0f7ae132cbb544e523ea52c166ce99c11fe0e0645b43f22,Original extracted image viewed with view_image(detail=original); all meaningful visible text and visual relationships read; no OCR substitution,models,REVIEWED_DUPLICATE,"Quarterfinal, semifinal and final Sports Festival digest; skill/matchup comments, Shoto's selective fire use, Bakugo's unsatisfying victory, final placements.",,"All match prose and visual montage reviewed. Known tactics, Shoto's incomplete state and Bakugo's dissatisfaction are already developed in current dossiers; no independent behavioral occasion.",
UA:s0074,74,74,OPS/images/08_880719_880264_1_074_001.jpg,14f4c1e81f374813ae6db58778d47f927bd72f5ad44690780f74e6fbeb01673c,Original extracted image viewed with view_image(detail=original); all meaningful visible text and visual relationships read; no OCR substitution,models,REVIEWED_MATERIAL,"Workplace-experience procedure, top ten nomination totals, Aizawa/Midnight on uneven nominations and possible final-match impact, hero-name choices/gags.",SUP-UA-074-01,Separates observed nomination concentration from an explicitly conjectural publicity explanation; preserves teacher guidance and concern about choice.,"Midnight's final-match explanation is a question, not an adjudicated cause."
UA:s0075,75,75,OPS/images/08_880719_880264_1_075_001.jpg,f5434527f640a489c55b118f1d317262d94a97c428d39002e344a470446f3a1c,Original extracted image viewed with view_image(detail=original); all meaningful visible text and visual relationships read; no OCR substitution,models,REVIEWED_MATERIAL,"Work-experience before/after montage: Bakugo hair correction, Mineta/Mt Lady complaint, Momo/Uwabami advertisement, Ochako martial arts, Kirishima/Fourth Kind physical correction.",SUP-UA-075-01,Preserve Mineta's perspective and comic 'trauma' labeling without treating discomfort as rehabilitation; other outcomes restate manga internships.,Montage does not show Mt Lady's conduct behind Mineta's complaint; comic caption is not a clinical diagnosis.
UA:s0076,76,76,OPS/images/08_880719_880264_1_076_001.jpg,f3e865405fa7574503f995e2dcb784efab47c19b07ce381635f241cb72279425,Original extracted image viewed with view_image(detail=original); all meaningful visible text and visual relationships read; no OCR substitution Enlarged small manga-text crop(s) additionally visually inspected.,models,REVIEWED_MATERIAL,Midoriya/Gran Torino Full Cowling progress; Aizawa/Midnight notice changed movement with limited knowledge; Iida regret and attributed teacher conversation about concealed incident and placement oversight.,SUP-UA-076-01; SUP-UA-076-02,Teacher retrospective self-critique and knowledge limits are substantively distinct from the manga action montage.,Aizawa's contemporaneous awareness of Iida's revenge is not established; Midnight's question remains unanswered.; Book commentary's live-event continuity/authorship not established.
UA:s0077,77,77,OPS/images/08_880719_880264_1_077_001.jpg,e0ff5ffa4a0b2c22121faf34fea19b8427328b91d81267893f099a4799f6296b,Original extracted image viewed with view_image(detail=original); all meaningful visible text and visual relationships read; no OCR substitution,models,REVIEWED_MATERIAL,"Shoto/Endeavor placement and Hosu aid recap; teacher banter about convergence and internship lessons; displayed disciplinary notice for Endeavor, Manual and Gran Torino.",SUP-UA-077-01,Confirmed manga sanction plus explicit named group in UA. Source agent checked V07:p080 and p067; no new independent sanction or contradiction.,
UA:s0078,78,78,OPS/images/08_880719_880264_1_078_001.jpg,0dc1a4db7fe792c5e75515f3546442d79674b03cfc387d776934154c8288a3d4,Original extracted image viewed with view_image(detail=original); all meaningful visible text and visual relationships read; no OCR substitution,models,REVIEWED_MATERIAL,"Final-exam change from robots to teachers after villain activation; Tsuyu/Tokoyami and Ochako/Aoyama academic assessments, tactical outcomes, Ectoplasm's design purpose and Thirteen's contact with Gunhead.",SUP-UA-078-01; SUP-UA-078-02,Explicit staff information exchange and differentiated assessment purposes enrich institutional/reconstruction context; exam scenes remain dependent.,Teacher dialogue authorship/event status not established; academic rankings apply only to these exams.
UA:s0079,79,79,OPS/images/08_880719_880264_1_079_001.jpg,0842d35119be1be8af5d0da24b72299c7cba82e2d64c62ca5443c92e20d6ac93,Original extracted image viewed with view_image(detail=original); all meaningful visible text and visual relationships read; no OCR substitution,models,REVIEWED_MATERIAL,"Midoriya/Bakugo practical cooperation and strong academics; All Might's deliberate pairing rationale; Koda/Jiro versus Present Mic, Jiro's improvement after Momo study group, comic respect gap.",SUP-UA-079-01; SUP-UA-079-02,Academic cooperation is ordinary relational evidence; deliberate examiner pairing frames an existing action rather than a new validation event.,Editorial suggestion that Mic's style causes low respect is hedged and is not adopted as a stable peer judgment.
UA:s0080,80,80,OPS/images/08_880719_880264_1_080_001.jpg,096dbd5060da57cc724c57c60a3b1c38edcce99c688a093e7849665bd96f969d,Original extracted image viewed with view_image(detail=original); all meaningful visible text and visual relationships read; no OCR substitution Enlarged Snipe panel personally re-viewed; source-agent manga comparison consulted without claiming personal manga viewing.,models,REVIEWED_MATERIAL,"Shoto/Momo, Shoji/Hagakure and Iida/Ojiro academics/practical tests; Momo teaching talent; possible internship-related Iida dip; explicit editorial gate-escape account for Shoji/Hagakure.",SUP-UA-080-01; SUP-UA-080-02,Domain-specific learning distinctions and method-specific editorial account retained. Initial reviewer cuff interpretation corrected: enlarged image shows Snipe adjusting his hat; source-agent V08:p095 check finds no conflicting winning-method evidence.,
UA:s0081,81,81,OPS/images/08_880719_880264_1_081_001.jpg,81eb51da8575f91e033016ab1b7c86441517fb888c9ec504cefb44c8cbb3e17b,Original extracted image viewed with view_image(detail=original); all meaningful visible text and visual relationships read; no OCR substitution,models,REVIEWED_MATERIAL,"Mineta/Sero written/practical assessment, envy at Sero in Midnight's lap and successful tape/ball strategy; failures of Kirishima/Sato and Kaminari/Mina; Cementoss/Nezu rationale and Aizawa's camp reassurance.",SUP-UA-081-01,Explicit academic competence and tactical resourcefulness coexist with jealousy/objectification; success does not constitute rehabilitation.,
UA:s0082,82,82,OPS/images/08_880719_880264_1_082_001.jpg,94d25ad2b4d55b5bd410bf7db1bec09e96797fc821552a209d3e999bcbbbed15,Original extracted image viewed with view_image(detail=original); all meaningful visible text and visual relationships read; no OCR substitution,models,REVIEWED_MATERIAL,"Forest camp relocation/security and Pussycats assistance, earth-beast training, dinner montage; Vlad King's Class B pride and Nezu's expectation for both classes.",SUP-UA-082-01,"Added teacher exchange provides bounded peer/class-partisan characterization; camp events, food and facilities remain manga-dependent.",Scripted teacher exchange is not a separately witnessed live event.
UA:s0083,83,83,OPS/images/08_880719_880264_1_083_001.jpg,e29c4522a198686dcca3ab3a8222ad56d97769269a7fca541c4e77cbbdaf8ee5,Original extracted image viewed with view_image(detail=original); all meaningful visible text and visual relationships read; no OCR substitution,models,REVIEWED_MATERIAL,"Camp second/third day: intense Quirk training, ordinary growth-paced comparison, remedial work, students' curry and nikujaga, Bakugo knife skill, courage test and villain-arrival cliffhanger.",SUP-UA-083-01,"Explicit qualification of extraordinary training and ordinary cooking competence retained; narrative sequence stops at forest attack, limiting shared editorial horizon.",
UA:s0084,84,84,OPS/images/08_880719_880264_1_084_001.jpg,233dea75d372f6564ca1c8cdb991454370d0d58abad096f92ee1964f92e472da,Original extracted image viewed with view_image(detail=original); all meaningful visible text and visual relationships read; no OCR substitution Enlarged school-name crop visually inspected; initial small-type uncertainty resolved.,models,REVIEWED_MATERIAL,"Monoma profile: Class B commander/pride/competition, May13,170cm,A blood,Kanagawa; French cuisine and bande dessinée; surprise-attack style; E/E/A/A/D ratings; Kendo's qualified appraisal.",SUP-UA-084-01; SUP-UA-084-02,Ordinary preferences and an attributed classmate distinction add characterization; ratings remain book-specific apparatus.,
UA:s0085,85,85,OPS/images/08_880719_880264_1_085_001.jpg,21878acc94b47b8212317367fd1bdd1494e70f187607e97fc49b8225818266db,Original extracted image viewed with view_image(detail=original); all meaningful visible text and visual relationships read; no OCR substitution,models,REVIEWED_MATERIAL,"Monoma Copy/Phantom Thief; five-minute touch-copy and tactical switching, team direction and verbal provocation; sole Class B remedial student; Vlad King's concern about teaching his spiteful manner.",SUP-UA-085-01,"Separates dated ability limit, tactical leadership, antagonism and exam failure without treating ratings as all-domain competence.",Which specific final-exam component produced Monoma's failing grade is not specified in this inset.
UA:s0086,86,86,OPS/images/08_880719_880264_1_086_001.jpg,6bb733077b918ea902926b5ce1d224ecdc7ff138ded008ea84cc47ea08b5fc0a,Original extracted image viewed with view_image(detail=original); all meaningful visible text and visual relationships read; no OCR substitution,models,REVIEWED_MATERIAL,"Kendo Class B representative and friendly adviser to Class A; Sept9,166cm,O,Chiba; motorbikes/black coffee, close combat; C/E/C/A/B ratings; Momo's sympathetic comment.",SUP-UA-086-01; SUP-UA-086-02,Preferences and cross-class peer perspective add ordinary characterization distinct from combat feats.,
UA:s0087,87,87,OPS/images/08_880719_880264_1_087_001.jpg,df6912816629dfb3dcf518014d34c6dc978fabf3fd4df3be89344363ac2c9637,Original extracted image viewed with view_image(detail=original); all meaningful visible text and visual relationships read; no OCR substitution,models,REVIEWED_MATERIAL,"Kendo Battle Fist, enlargement/carry/fan applications, gas analysis, Monoma disciplinary chop, TV ad; Uwabami praises seriousness, study, looks and hopes for another ad.",SUP-UA-087-01; SUP-UA-087-02,Separate practical/care behavior from editorial approval of comic physical policing and mentor's combined training/publicity interests.,
UA:s0088,88,88,OPS/images/08_880719_880264_1_088_001.jpg,5a5f8303001f88010d3d868b0fd73365363cb71ad80d95e909f911d5e0544938,Original extracted image viewed with view_image(detail=original); all meaningful visible text and visual relationships read; no OCR substitution,models,REVIEWED_MATERIAL,"Tetsutetsu friendship/rivalry profile; Oct16,174cm,B,Saitama; fighting games and spinach; close combat; B/C/C/C/B ratings; Kirishima's respectful uncertainty about rematch.",SUP-UA-088-01; SUP-UA-088-02,Preferences and peer acknowledgment expand ordinary/relational coverage while preserving limited early-state competition.,
UA:s0089,89,89,OPS/images/08_880719_880264_1_089_001.jpg,3b6f133f045beb1cea992a65fe471ca0dde2c45ac22b88858ba849208c4fe6c1,Original extracted image viewed with view_image(detail=original); all meaningful visible text and visual relationships read; no OCR substitution,models,REVIEWED_MATERIAL,"Tetsutetsu Real Steel mechanics, fatigue/iron limits, ordinary-gun resistance and teammate-protection; punctuality despite rough appearance; Fourth Kind values apparently plain Quirks in his agency.",SUP-UA-089-01; SUP-UA-089-02,Ordinary conscientiousness and agency-fit distinction add discriminative texture; similar-looking Kirishima ability remains separate.,
UA:s0090,90,90,OPS/images/08_880719_880264_1_090_001.jpg,fb186491f77b6c36fca8225e928b33b8c11d20b124de900cab5d11144ac32e49,Original extracted image viewed with view_image(detail=original); all meaningful visible text and visual relationships read; no OCR substitution,models,REVIEWED_MATERIAL,"Shiozaki profile: compassionate frontal style, exacting pursuit until satisfied; Sept8,167cm,AB,Kanagawa,bread,medium/long support; C/B/A/C/C ratings; Tetsutetsu calls her strong since admission.",SUP-UA-090-01; SUP-UA-090-02,Preference and peer appraisal add limited ordinary/relational texture; religion/interiority are not deduced solely from visual imagery.,
UA:s0091,91,91,OPS/images/08_880719_880264_1_091_001.jpg,6f9f82c820312a74ca584380154842c39fa5038dad5ea4ed3c58b6d8297ec7fe,Original extracted image viewed with view_image(detail=original); all meaningful visible text and visual relationships read; no OCR substitution Enlarged small manga-text crop(s) additionally visually inspected.,models,REVIEWED_MATERIAL,"Shiozaki 'Maria'/Vines, versatile detachable vines, fourth admission rank, Midoriya's analysis, strict objection to 'assassin' label, proposed precision-work aptitude and Mic's surprise.",SUP-UA-091-01,Early hero-name/ability state and evidential limits of aptitude inference need preservation; reprinted performance remains dependent.,"Later hero-name reconciliation pending; proposed fine-work suitability is editorial extrapolation, not shown occupational behavior."
UA:s0092,92,92,OPS/images/08_880719_880264_1_092_001.jpg,b377480d2525bbaa8a43c7a7eaea0e3c28c8881f2f27c898b99f26c4849ce389,Original extracted image viewed with view_image(detail=original); all meaningful visible text and visual relationships read; no OCR substitution,models,REVIEWED_MATERIAL,"Honenuki: recommendation entrant, Softening, June20/174/AB/Kanagawa, likes giving/receiving massage, supports classmates after loss, Kendo appraisal. Shoda: Twin Impact, Feb2/165/O/Tokyo, boxing spectator, 35th race, withdrawal integrity and Kirishima praise.",SUP-UA-092-01; SUP-UA-092-02; SUP-UA-092-03; SUP-UA-092-04,"Ordinary preferences, cross-appearance judgments and principled withdrawal add subject-specific evidence; no automatic new dossier.",
UA:s0093,93,93,OPS/images/08_880719_880264_1_093_002.jpg,a8bdd5f4ec8818d91e095907630f344eb638e05e37d77ccb33107470eb14500f,Original extracted image viewed with view_image(detail=original); all meaningful visible text and visual relationships read; no OCR substitution Enlarged small manga-text crop(s) additionally visually inspected.,models,REVIEWED_MATERIAL,"Awase Weld/profile/smartphone games, emergency reliability and Momo support; Tsuburaba Solid Air/profile/ball games, defense and Monoma's defense of teammate after Bakugo broke barrier.",SUP-UA-093-01; SUP-UA-093-02,Preferences and attributed context-specific judgments add substantive character distinctions.,
UA:s0094,94,94,OPS/images/08_880719_880264_1_094_001.jpg,e1003dce440466af19a981be2db016ed8db257d7890540669ace335fb69b9228,Original extracted image viewed with view_image(detail=original); all meaningful visible text and visual relationships read; no OCR substitution,models,REVIEWED_MATERIAL,"Six compact Class B profiles: Kaibara cameras, Bondo plastic models, Yanagi web surfing, Shishida naps, Kuroiro squid-ink pasta, Kodai matryoshka; names/Quirk labels/birthdays/heights/blood/prefectures.",SUP-UA-094-01; SUP-UA-094-02; SUP-UA-094-03; SUP-UA-094-04; SUP-UA-094-05; SUP-UA-094-06,All six profiles supply ordinary preferences and identity fields; no conditional behavior is invented from sparse facts.,
UA:s0095,95,95,OPS/images/08_880719_880264_1_095_002.jpg,d4bef2521e825077c66eb1e9f720a5f8adb10729a445c94b4a78bf8277d9b037,Original extracted image viewed with view_image(detail=original); all meaningful visible text and visual relationships read; no OCR substitution,models,REVIEWED_MATERIAL,Six compact Class B profiles: Rin sushi/China; Komori mushroom dishes; Kamakiri insect collecting; Pony apples/Japanese anime/America; Tokage dinosaurs; Fukidashi drawing; identity/Quirk fields.,SUP-UA-095-01; SUP-UA-095-02; SUP-UA-095-03; SUP-UA-095-04; SUP-UA-095-05; SUP-UA-095-06,All six ordinary preferences and identity fields reviewed; no conditional reconstruction inferred from sparse profiles.,
UA:s0096,96,96,OPS/images/08_880719_880264_1_096_002.jpg,59daf4d2c7c3940c4393919030f6d2fddf3d652ae6f44bd5e51a6ccdd79b3bea,Original extracted image viewed with view_image(detail=original); all meaningful visible text and visual relationships read; no OCR substitution,models,REVIEWED_MATERIAL,"Shinso general-course transfer aspiration/profile, cats/cycling, E/E/B/B/E ratings; Midoriya acknowledges known Brainwashing trigger but anger and continued analytical curiosity.",SUP-UA-096-01; SUP-UA-096-02,Adds ordinary texture and preserves knowledge/emotion distinction within the old tournament state.,
UA:s0097,97,97,OPS/images/08_880719_880264_1_097_001.jpg,d3886b9e968fde2648ddb0aadfc6a80ec221f93d21130f95823f04523e38eac7,Original extracted image viewed with view_image(detail=original); all meaningful visible text and visual relationships read; no OCR substitution,models,REVIEWED_MATERIAL,Shinso Brainwashing trigger/release and possible transfer; editorial potential for both anti-villain and villain use; Aizawa's captured-villain interrogation example and misuse warning.,SUP-UA-097-01,Important source-boundary test: attributed proposed use is not an experimentally established truth-compulsion mechanism.,Interrogation example must be reconciled with later limits on complex cognitive commands; no truth-serum claim follows.
UA:s0098,98,98,OPS/images/08_880719_880264_1_098_002.jpg,cf2c17fe37e216eb469b627ba163705f5e9299bc399617174cf5ef021252a7f6,Original extracted image viewed with view_image(detail=original); all meaningful visible text and visual relationships read; no OCR substitution,models,REVIEWED_MATERIAL,"Hatsume profile, support-course 1-H, Apr18/157/O/Kyoto, steampunk/chocolate, self-made gear support, E/E/C/A/D ratings; Iida angry but considers his own unquestioning trust.",SUP-UA-098-01; SUP-UA-098-02,Preferences and Iida's tentative self-critique add ordinary texture and trust calibration; early ratings remain apparatus.,
UA:s0099,99,99,OPS/images/08_880719_880264_1_099_001.jpg,2d9b17ad5a1f1ce514bf60437f0e291198590ff46ada32339f07a50905ddbe6f,Original extracted image viewed with view_image(detail=original); all meaningful visible text and visual relationships read; no OCR substitution,models,REVIEWED_MATERIAL,"Hatsume Zoom five-kilometre visibility, self-promotion tracking, wire/hover soles, hydraulic bar, Air Jet-derived backpack; Present Mic irritated and impressed by endless presentation.",SUP-UA-099-01,Specific audience-monitoring use and speaker's mixed response retain context; gear feats are known manga-dependent designs.,
UA:s0100,100,100,OPS/images/08_880719_880264_1_100_001.jpg,5a8cd37252a6508e4132b5e696e0a8ef0beb03c9574daa8cbb446dbdf470c0ad,Original extracted image viewed with view_image(detail=original); all meaningful visible text and visual relationships read; no OCR substitution,models,REVIEWED_MATERIAL,"Tsuyu friend-search feature begins: difficulty making friends/100-friend framing; cafeteria panic and classroom crowd manga panels with new Tsuyu captions noticing animal-like Quirks, hairstyles and a helmeted face.",SUP-UA-100-01,"Ordinary social desire and curiosity are presented in a constructed book feature, not certified as a new main-continuity scene.",Feature's personal authorship and canonical event status not established; refrain from treating cutout tour as independent manga behavior.
UA:s0101,101,101,OPS/images/08_880719_880264_1_101_001.jpg,30f2fbb4e3b72b5395e763277b24bd22859d1442801fb3ee7ef4730da7efdfcc,Original extracted image viewed with view_image(detail=original); all meaningful visible text and visual relationships read; no OCR substitution,models,REVIEWED_MATERIAL,"Tsuyu's friend-search continuation: ordinary-looking general/business students, attractive cheerleader noses, dog-like mall visitor's fur, curiosity about Midoriya's former middle-school classmates.",SUP-UA-101-01,The feature adds visual/social curiosity while its noncontinuous collage proves it should not be treated as an independently observed itinerary.,Fictional/scripted commentary's main-continuity status and personal authorship remain unestablished.
UA:s0102,102,102,OPS/images/08_880719_880264_1_102_001.jpg,810816f8da8ff3da3bd66075be768ef38994200a77347897aa4944c8c3bfefd7,Original extracted image viewed with view_image(detail=original); all meaningful visible text and visual relationships read; no OCR substitution Enlarged husband-name/guilt text visually inspected to confirm exact 久 transcription.,models,REVIEWED_MATERIAL,"Family column: Inko guilt and reactions to son's risks, Hisashi name; Iida's mother a former hero/apparent retiree and hospital restraint; Ochako's parents' financial hardship and surprise support visit.",SUP-UA-102-01; SUP-UA-102-02; SUP-UA-102-03,Family facts can extend relational scope but must preserve temporal/qualifier differences and dependent manga anecdotes.,Iida mother's current retirement is phrased tentatively; no detailed career history supplied.
UA:s0103,103,,OPS/images/08_880719_880264_1_103_001.jpg,c658d52cbffc13785f40587ea7349f77f0fbc61fc01076799d6dd5830396f2ef,Original extracted image viewed with view_image(detail=original); all meaningful visible text and visual relationships read; no OCR substitution,models,REVIEWED_NO_MATERIAL_ADDITION,Second Smash: Professional Heroes divider with nine portraits and licensed-hero introduction.,,Entire page and all text/portraits inspected. Section navigation and generic professional-hero definition add no new character claim; no printed folio visible.,
UA:s0104,104,104,OPS/images/08_880719_880264_1_104_001.jpg,d932352fa6f80b22340d47776e0bf79edafc9bea3f3f7b34075c9e68857cc827,Original extracted image viewed with view_image(detail=original); all meaningful visible text and visual relationships read; no OCR substitution,models,REVIEWED_MATERIAL,"All Might No1/Symbol profile and true-form time limit; Toshinori,June10,220cm,A,Tokyo; Yakusugi cedars/movies; S in every rating; Midoriya's citizen admiration.",SUP-UA-104-01; SUP-UA-104-02,Ordinary preferences and public idealization must be separated from early embodied limits and rating apparatus.,
UA:s0105,105,105,OPS/images/08_880719_880264_1_105_001.jpg,5817dec072da5405d26f8ace347061e9fdb7211f5964bb26e596b922ad72781b,Original extracted image viewed with view_image(detail=original); all meaningful visible text and visual relationships read; no OCR substitution,models,REVIEWED_MATERIAL,"All Might OFA movement/weather effects, rumored drought rescue, debut video and rescue detours causing lateness; Aizawa criticizes repeated lateness despite helping others.",SUP-UA-105-01; SUP-UA-105-02,Preserve task-priority disagreement and mark drought anecdote as hearsay rather than a new verified feat.,"Drought-village rescue is explicitly introduced as a report/rumor, with no exact episode or primary corroboration."
UA:s0106,106,106,OPS/images/08_880719_880264_1_106_001.jpg,880ed44bfe3ae56a532cc7ca5efedff63035839172981bb4a9882b0f990f6645,Original extracted image viewed with view_image(detail=original); all meaningful visible text and visual relationships read; no OCR substitution,models,REVIEWED_MATERIAL,"Aizawa rational/harsh but caring profile, Nov8/183/B/Tokyo,cats,surprise attacks,C/B/S/B/C; Momo tentatively credits practical-exam victory with some confidence.",SUP-UA-106-01; SUP-UA-106-02,Ordinary preference and calibrated self-assessment matter; already-known rational/care distinction is retained without new validation claims.,
UA:s0107,107,107,OPS/images/08_880719_880264_1_107_001.jpg,b97efdff6a0b58df8fcc81db4ec3ea6c852bd036ee87e1fda24110b260ea6c3c,Original extracted image viewed with view_image(detail=original); all meaningful visible text and visual relationships read; no OCR substitution,models,REVIEWED_MATERIAL,Aizawa Erasure/blink/goggles/capture cloth mechanics; teacher expectations as editorial question; low media exposure/unrecognized by reporter; Present Mic same-year acquaintance and hero-name authorship.,SUP-UA-107-01,"Profession/visibility and longstanding peer naming clarify relations, with editorial motive conjecture kept qualified.",
UA:s0108,108,108,OPS/images/08_880719_880264_1_108_001.jpg,91d075b9b3df61bcb871c9816409fca9e944ac1710c1703ef07c50b91396f931,Original extracted image viewed with view_image(detail=original); all meaningful visible text and visual relationships read; no OCR substitution,models,REVIEWED_MATERIAL,"Midnight flamboyant veteran-teacher profile; Kayama Nemuri,Mar9/175/A/Saitama,youth/thrills,surprise approach,D/C/A/C/C; Mineta's continuing envy of Sero after exam.",SUP-UA-108-01; SUP-UA-108-02,Profile preference and continuing jealous fan perspective add source-specific facts; no rehabilitation inferred.,
UA:s0109,109,109,OPS/images/08_880719_880264_1_109_001.jpg,1723eda975b19c8e163c4867809f3f2b0ad532bf85cce184894b89acb6779f89,Original extracted image viewed with view_image(detail=original); all meaningful visible text and visual relationships read; no OCR substitution,models,REVIEWED_MATERIAL,"Midnight Somnambulist smell/skin exposure, stronger effect on males, costume utility and rumor, debut clothing-bill anecdote, enthusiastic exam work, Mt Lady's competitive age/costume complaint.",SUP-UA-109-01; SUP-UA-109-02,"Distinguish functional explanation, rumor, legislation proposal and rival's judgment; none establishes a universal character policy.","Costume legal anecdote names a submitted bill, not enacted text; exact manga/paratetext origin pending."
UA:s0110,110,110,OPS/images/08_880719_880264_1_110_002.jpg,a16c0867119fe9026c79bc341a1de332a4d1ce6465c65257b444c5c06938590e,Original extracted image viewed with view_image(detail=original); all meaningful visible text and visual relationships read; no OCR substitution,models,REVIEWED_MATERIAL,"Thirteen rescue specialist/gentle speech; unknown body-shape rumor; Feb3/180/A/Tanegashima,museums/nature documentaries,long support/capture,B/D/B/B/A; Ochako admiration and rescue aspiration.",SUP-UA-110-01; SUP-UA-110-02,Preferences expand ordinary characterization; student's rescue aspiration coexists with economic motives and unknown physical details remain rumors.,"Supposed slim body based on ankles is explicitly rumor, not established anatomy."
UA:s0111,111,111,OPS/images/08_880719_880264_1_111_001.jpg,0774cb1a627a2ab11b27deb159c336517abdb2459aa81fdc7e40e93a7fa9385c,Original extracted image viewed with view_image(detail=original); all meaningful visible text and visual relationships read; no OCR substitution,models,REVIEWED_MATERIAL,"Thirteen Black Hole suction/disintegration, USJ creator/administrator and rescue ethic; Snipe credits endurance until help and limited student harm, using 彼.",SUP-UA-111-01,Attributed professional praise and pronoun/source wording must remain bounded; capability marketing is not unlimited physics or a new performance test.,"Exact causal contribution to limiting USJ injury is Snipe's appraisal; no new action shown.; Snipe's 彼 wording needs cross-source pronoun/identity review, not automatic gender assignment."
UA:s0112,112,112,OPS/images/08_880719_880264_1_112_002.jpg,30b74d85fa163e54f124ab3a728b7977c59befbcf3f886eb72a4e219dc8198d8,Original extracted image viewed with view_image(detail=original); all meaningful visible text and visual relationships read; no OCR substitution,models,REVIEWED_MATERIAL,"Present Mic radio-DJ/voice profile, July7/185/B/Tokyo,radio/TV,long-range blast,C/D/B/A/A; Jiro admits narrow exam win depended on Koda and wants to improve.",SUP-UA-112-01; SUP-UA-112-02,Preference plus peer-credit/self-assessment provide ordinary and conditional texture; repeated same-exam evidence remains dependent.,
UA:s0113,113,113,OPS/images/08_880719_880264_1_113_001.jpg,00bd4e7237a91f9ed676f64f8f241ceb3f703feee65a9ecfe8adb28a61037354,Full original JPEG viewed at detail=original; Japanese text and panel/profile relationships read visually.,source,REVIEWED_MATERIAL,Present Mic: Voice mechanics and birth anecdote; school announcer/radio DJ work; Eraser Head's irritated appraisal.,SUP-UA-113-01; SUP-UA-113-02,Birth anecdote is editorial hearsay phrasing; Aizawa's assessment is fictional speaker testimony.,
UA:s0114,114,114,OPS/images/08_880719_880264_1_114_001.jpg,cf37b19d7ba614b4ab154a2742b9acef27c40ad8fc129608627d0a046f8b97cb,Full original JPEG viewed at detail=original; Japanese text and panel/profile relationships read visually.,source,REVIEWED_MATERIAL,"Cementoss profile and ratings; calm disposition, preferences, combat maxim; Sato recalls discouraging exam walls.",SUP-UA-114-01; SUP-UA-114-02,"Ratings retained as guidebook schema, not numerical psychological truth.",
UA:s0115,115,115,OPS/images/08_880719_880264_1_115_001.jpg,b937c85e9b6c4beee3f1179040da93d2f1a58841f064af970363e1e2a73f353d,Full original JPEG viewed at detail=original; Japanese text and panel/profile relationships read visually.,source,REVIEWED_MATERIAL,Cementoss environmental Quirk limit; exam pressure and USJ safety/All Might concealment; Midnight calls him good but sometimes dark and hard to read.,SUP-UA-115-01; SUP-UA-115-02,Manga panels and editorial gloss are dependent evidence; peer impression is distinct.,
UA:s0116,116,116,OPS/images/08_880719_880264_1_116_002.jpg,d319df74ebfe896aafcc4ed42ef5f8e201526de8bad17db6f7a47eb56152dd76,Full original JPEG viewed at detail=original; Japanese text and panel/profile relationships read visually.,source,REVIEWED_MATERIAL,"Nezu profile, preference for brushing, tactical role and high intellect; scar speculation; Tsukauchi's respectful assessment.",SUP-UA-116-01; SUP-UA-116-02,"Preferred EPUB revises the large species joke from older CBZ. Scar-villain connection is interrogative speculation, not established fact.",
UA:s0117,117,117,OPS/images/08_880719_880264_1_117_001.jpg,d7990e4387827717946225f5dab3959fccbd04531fd7d5d9a318c41b8d0ed5ac,Full original JPEG viewed at detail=original; Japanese text and panel/profile relationships read visually.,source,REVIEWED_MATERIAL,Nezu High Spec and exam cruelty; flexible curriculum/police cooperation; Recovery Girl acknowledges abuse history while refusing its disclosure.,SUP-UA-117-01; SUP-UA-117-02,Fictional appraisals retain named speakers; editorial rhetoric and reproduced manga are not independent direct testimony.,
UA:s0118,118,118,OPS/images/08_880719_880264_1_118_001.jpg,a9a0f2d27315a2bbe6ed170c40448fd3bced60ab247491c31edb006ed7f71f9a,Full original JPEG viewed at detail=original; Japanese text and panel/profile relationships read visually.,source,REVIEWED_MATERIAL,"Endeavor profile, kudzu-mochi preference, No. 2 rivalry and demand on Shoto; Shoto reports reduced hatred without liking him.",SUP-UA-118-01; SUP-UA-118-02,Fictional appraisals retain named speakers; editorial rhetoric and reproduced manga are not independent direct testimony.,
UA:s0119,119,119,OPS/images/08_880719_880264_1_119_001.jpg,93ce61ca23fe827e4afeca05862b88698fc756c5507be0c2356831c187a3b52a,Full original JPEG viewed at detail=original; Japanese text and panel/profile relationships read visually.,source,REVIEWED_MATERIAL,Endeavor power and tactical competence with incident-resolution record; All Might's desire for ordinary conversation.,SUP-UA-119-01; SUP-UA-119-02,Fictional appraisals retain named speakers; editorial rhetoric and reproduced manga are not independent direct testimony.,
UA:s0120,120,120,OPS/images/08_880719_880264_1_120_001.jpg,dffcbaa620e93576118cba5bc54d190849c53309dd4867bf6de1c96ac3898319,Full original JPEG viewed at detail=original; Japanese text and panel/profile relationships read visually.,source,REVIEWED_MATERIAL,"Gran Torino profile, taiyaki and napping, one-year U.A. teaching history, hit-and-away style; Midoriya's gratitude for technique instruction.",SUP-UA-120-01,Fictional appraisals retain named speakers; editorial rhetoric and reproduced manga are not independent direct testimony.,
UA:s0121,121,121,OPS/images/08_880719_880264_1_121_001.jpg,4fab52269202e075ec3df18fa0defad35abf1324ac53051a15f83ec82d2d05cc,Full original JPEG viewed at detail=original; Japanese text and panel/profile relationships read visually.,source,REVIEWED_MATERIAL,Gran Torino's breath-based Jet and age-related exertion limit; efficient veteran teaching; All Might fears old personal stories being shared.,SUP-UA-121-01; SUP-UA-121-02,Fictional appraisals retain named speakers; editorial rhetoric and reproduced manga are not independent direct testimony.,
UA:s0122,122,122,OPS/images/08_880719_880264_1_122_002.jpg,bfb25ab9ae205a6efd8b44abbd91161ee40174cd8184f5e1edc233e33cece735,Full original JPEG viewed at detail=original; Japanese text and panel/profile relationships read visually.,source,REVIEWED_MATERIAL,"Recovery Girl profile, enjoyment of sweets and distributing them, school health role; Midoriya expresses gratitude and need to become sturdier.",SUP-UA-122-01,Fictional appraisals retain named speakers; editorial rhetoric and reproduced manga are not independent direct testimony.,
UA:s0123,123,123,OPS/images/08_880719_880264_1_123_001.jpg,70553262b5bca544440d287eef15bd2a051d5a3585a679c6b3bb75c39d46883f,Full original JPEG viewed at detail=original; Japanese text and panel/profile relationships read visually.,source,REVIEWED_MATERIAL,Healing accelerates patient's recovery at stamina cost; surgical-memory and shadow-ruler jokes; behind-the-scenes school support; All Might recalls candy.,SUP-UA-123-01; SUP-UA-123-02,Fictional appraisals retain named speakers; editorial rhetoric and reproduced manga are not independent direct testimony.,
UA:s0124,124,124,OPS/images/08_880719_880264_1_124_001.jpg,632df09e88894aefd32054f65dca0baa8d4552847009ca1e77cd692318cacecc,Full original JPEG viewed at detail=original; Japanese text and panel/profile relationships read visually.,source,REVIEWED_MATERIAL,"Mandalay: tactical coordinator, napping preference, bereaved cousin's child Kota in her care; telepathic contact and distraction; Kota's tentative new understanding.",SUP-UA-124-01; SUP-UA-124-02,Fictional appraisals retain named speakers; editorial rhetoric and reproduced manga are not independent direct testimony.,
UA:s0125,125,125,OPS/images/08_880719_880264_1_125_001.jpg,03ccb7d0f3b2b1858bdb2cc097c4de14eb19f47f58d0ed9938cb2d4de2fda2fa,Full original JPEG viewed at detail=original; Japanese text and panel/profile relationships read visually.,source,REVIEWED_MATERIAL,"Pixie-Bob: age/marriage anxiety, cats, earth-control utility; Tiger wishes her a partner but objects to targeting high-school students.",SUP-UA-125-01,Fictional appraisals retain named speakers; editorial rhetoric and reproduced manga are not independent direct testimony.,
UA:s0126,126,126,OPS/images/08_880719_880264_1_126_002.jpg,b5e8746f8a841e52c5bcb3e86d481c2a99b9ac88a0553fe92c9d893d47116b63,Full original JPEG viewed at detail=original; Japanese text and panel/profile relationships read visually.,source,REVIEWED_MATERIAL,"Tiger: physical instructor, soft-body martial art; revised profile likes members; Pixie-Bob describes considerate kindness beneath imposing appearance.",SUP-UA-126-01,EPUB profile differs materially from older CBZ: birthday/height/preference. Do not harmonize edition changes into biography.,
UA:s0127,127,127,OPS/images/08_880719_880264_1_127_002.jpg,17e9a8afb1c60d27c7d47ac5a0a4cdd71a792b1f17025f84a264e831088b2c0b,Full original JPEG viewed at detail=original; Japanese text and panel/profile relationships read visually.,source,REVIEWED_MATERIAL,"Ragdoll: morale and information support, likes named teammates, Search limit up to 100; Mandalay is puzzled by her dialect-like speech.",SUP-UA-127-01,Fictional appraisals retain named speakers; editorial rhetoric and reproduced manga are not independent direct testimony.,
UA:s0128,128,128,OPS/images/08_880719_880264_1_128_001.jpg,1e04fab9a86adb96d4600e3f95125ac5bb435e41aa3edcf9d57033f0711c4238,Full original JPEG viewed at detail=original; Japanese text and panel/profile relationships read visually.,source,REVIEWED_MATERIAL,"Snipe: third-year teacher, sausage/hat preferences, rescue shooting; Nezu praises individual student engagement and trustworthiness.",SUP-UA-128-01; SUP-UA-128-02,Fictional appraisals retain named speakers; editorial rhetoric and reproduced manga are not independent direct testimony.,
UA:s0129,129,129,OPS/images/08_880719_880264_1_129_001.jpg,ef346bc69c32934115c01d39e75aa62ac7e5d440184c192174478e6aaac663de,Full original JPEG viewed at detail=original; Japanese text and panel/profile relationships read visually.,source,REVIEWED_MATERIAL,"Ectoplasm: karaoke, unusual speech, clone instruction; Recovery Girl's qualified praise of a difficult but principled teacher.",SUP-UA-129-01,"Preferences remain low-stakes facts; introductory promotional rhetoric, hypothetical anecdotes and named comments retain their attribution.",
UA:s0130,130,130,OPS/images/08_880719_880264_1_130_002.jpg,6a460fba79e2e3cb05d70b23249b95fa9ed5899723986120eebb0c5bbd4fa9ac,Full original JPEG viewed at detail=original; Japanese text and panel/profile relationships read visually.,source,REVIEWED_MATERIAL,"Power Loader: cars, school foundation/repair labor and traps; Vlad King: tomatoes/cheese, heated Class B rivalry and blood restraint.",SUP-UA-130-01; SUP-UA-130-02,"Preferences remain low-stakes facts; introductory promotional rhetoric, hypothetical anecdotes and named comments retain their attribution.",
UA:s0131,131,131,OPS/images/08_880719_880264_1_131_001.jpg,c92cac04f47e2cc01c361f0a7270e8dec96662fbb9ed61e9e416889fc2512eb1,Full original JPEG viewed at detail=original; Japanese text and panel/profile relationships read visually.,source,REVIEWED_MATERIAL,"Lunch Rush: rice, cooking versatility and weak dishwashing, tailored student meals; Manual: averages/houseplants and unspectacular patrol work.",SUP-UA-131-01; SUP-UA-131-02,"Preferences remain low-stakes facts; introductory promotional rhetoric, hypothetical anecdotes and named comments retain their attribution.",
UA:s0132,132,132,OPS/images/08_880719_880264_1_132_001.jpg,3caa784ae002885d4dc17aabc1c0d0bf3f4dc531d00620537ac25871dca5b92f,Full original JPEG viewed at detail=original; Japanese text and panel/profile relationships read visually.,source,REVIEWED_MATERIAL,"Best Jeanist: wolves, fashion honors and grooming technique; Fourth Kind: swords, duty/human feeling and child-facing puppetry anecdote.",SUP-UA-132-01; SUP-UA-132-02,"Preferences remain low-stakes facts; introductory promotional rhetoric, hypothetical anecdotes and named comments retain their attribution.",
UA:s0133,133,133,OPS/images/08_880719_880264_1_133_001.jpg,37c73551e8a79b4d0faf8fa3564d31ee145787d6505891fd9eb323d39c1a4c54,Full original JPEG viewed at detail=original; Japanese text and panel/profile relationships read visually.,source,REVIEWED_MATERIAL,"Gunhead: skincare, sensitive/cute register and close combat; Uwabami: alcohol, advertising career and speculative zoo history.",SUP-UA-133-01; SUP-UA-133-02,"Preferences remain low-stakes facts; introductory promotional rhetoric, hypothetical anecdotes and named comments retain their attribution.",
UA:s0134,134,134,OPS/images/08_880719_880264_1_134_001.jpg,c1d552f8b55040caf577bb23d5ca15a5c44536d45b188b2cfe392a2afb6d5dc7,Full original JPEG viewed at detail=original; Japanese text and panel/profile relationships read visually.,source,REVIEWED_MATERIAL,"Mt. Lady: peaches, attention and size restrictions; comic office destruction/rebuilding; Kamui's denial of relationship rumor.",SUP-UA-134-01; SUP-UA-134-02,"Preferences remain low-stakes facts; introductory promotional rhetoric, hypothetical anecdotes and named comments retain their attribution.",
UA:s0135,135,135,OPS/images/08_880719_880264_1_135_001.jpg,65f5a6149341262067cdb70ff72b5dfa7853546e7f2a562d56686c805f61a4de,Full original JPEG viewed at detail=original; Japanese text and panel/profile relationships read visually.,source,REVIEWED_MATERIAL,"Kamui Woods: forest bathing, reserve, capture/rescue and fire weakness; Ibara entertains future work under him.",SUP-UA-135-01,"Preferences remain low-stakes facts; introductory promotional rhetoric, hypothetical anecdotes and named comments retain their attribution.",
UA:s0136,136,136,OPS/images/08_880719_880264_1_136_001.jpg,9557c0b06fb8b563655a3b82e1d6c178e60dd8825ccd1d94ac7c0bd617f38cb6,Full original JPEG viewed at detail=original; Japanese text and panel/profile relationships read visually.,source,REVIEWED_MATERIAL,"Death Arms: martial-arts spectatorship, security and manual labor; Backdraft: bathing, fire/disaster rescue and emergency water supply.",SUP-UA-136-01; SUP-UA-136-02,"Preferences remain low-stakes facts; introductory promotional rhetoric, hypothetical anecdotes and named comments retain their attribution.",
UA:s0137,137,137,OPS/images/08_880719_880264_1_137_001.jpg,80cd16317fba7c55a681aed47de3b56097aa442aca1cef1bcca3098bfab28cba,Full original JPEG viewed at detail=original; Japanese text and panel/profile relationships read visually.,source,REVIEWED_MATERIAL,"Ingenium, Air Jet, Native and Water Hose short profiles, with Tenya/Hatsume/Shoto/Mandalay attributed comments.",SUP-UA-137-01; SUP-UA-137-02; SUP-UA-137-03; SUP-UA-137-04,Fan scrapbook and family captions are editorial supplementary framing; manga panels remain source-dependent.,
UA:s0138,138,138,OPS/images/08_880719_880264_1_138_001.jpg,62e6d6d943824a0b8f4b61cd948de32dde14d0bbffffeefb542aaec8cc55696c,Full original JPEG viewed at detail=original; Japanese text and panel/profile relationships read visually.,source,REVIEWED_MATERIAL,Expanded citizen-voice photo scrapbook: Mt. Lady fans frame U.A. staff and festival spectators; unidentified hero/Quirk limits and Shinso praise.,SUP-UA-138-01,Fan scrapbook and family captions are editorial supplementary framing; manga panels remain source-dependent.,
UA:s0139,139,139,OPS/images/08_880719_880264_1_139_001.jpg,083b40a85740a5990ed46ef746c8d9a702a92d5bd5c0182ea03526c102cbf18c,Full original JPEG viewed at detail=original; Japanese text and panel/profile relationships read visually.,source,REVIEWED_MATERIAL,"Fan-photo scrapbook of Hosu rescuers, possible Endeavor sidekicks and Nomu capture; comic fan desire and uncertain identifications.",SUP-UA-139-01,Fan scrapbook and family captions are editorial supplementary framing; manga panels remain source-dependent.,
UA:s0140,140,140,OPS/images/08_880719_880264_1_140_001.jpg,032ac109b5bad9844c75c0f430e41ce540e1600080b0304809251b8d37a71559,Full original JPEG viewed at detail=original; Japanese text and panel/profile relationships read visually.,source,REVIEWED_MATERIAL,"Todoroki family column: mother's marriage/injury history, Fuyumi's teaching motive, four-child order and qualified early non-Shoto-training claim.",SUP-UA-140-01; SUP-UA-140-02,Fan scrapbook and family captions are editorial supplementary framing; manga panels remain source-dependent.,
UA:s0141,141,,OPS/images/08_880719_880264_1_141_001.jpg,8034646692eff59d0761536410ca77a3c85fea91b249a0aa57f23a7e797ab53b,Full original JPEG viewed at detail=original; Japanese text and panel/profile relationships read visually.,source,REVIEWED_MATERIAL,Villain section divider frames selected figures as recent threats to citizens requiring special caution.,SUP-UA-141-01,Villain section uses report/danger-file framing and many explicit unknowns; later knowledge must not fill these silently.,
UA:s0142,142,142,OPS/images/08_880719_880264_1_142_001.jpg,5a276ae728f7925d3b6429361b920f248b8ac79562a0e407f541ba7cc93f3f5a,Full original JPEG viewed at detail=original; Japanese text and panel/profile relationships read visually.,source,REVIEWED_MATERIAL,"Early Shigaraki danger dossier: cruelty/frustration, unknown biographical fields, uncertain Decay conditions.",SUP-UA-142-01,Villain section uses report/danger-file framing and many explicit unknowns; later knowledge must not fill these silently.,
UA:s0143,143,143,OPS/images/08_880719_880264_1_143_001.jpg,73eeced4eb48a0673035f811741e8b5ac821b5b1fdcb9d57a60298ff61e2fb08,Full original JPEG viewed at detail=original; Japanese text and panel/profile relationships read visually.,source,REVIEWED_MATERIAL,USJ/Hosu incident-file account; Aizawa reports Shigaraki rapidly detecting his weakness and criticizes his own mistake.,SUP-UA-143-01,Villain section uses report/danger-file framing and many explicit unknowns; later knowledge must not fill these silently.,
UA:s0144,144,144,OPS/images/08_880719_880264_1_144_002.jpg,86447f5871378f3a1c50680ea04e9a5ea76a859ec62a0a0a1adf4517180a3128,Full original JPEG viewed at detail=original; Japanese text and panel/profile relationships read visually.,source,REVIEWED_MATERIAL,"Early Nomu profile: modified humans, varied multiple Quirks, damaged-head/intelligence hypothesis, three ratings.",SUP-UA-144-01,Villain section uses report/danger-file framing and many explicit unknowns; later knowledge must not fill these silently.,
UA:s0145,145,145,OPS/images/08_880719_880264_1_145_001.jpg,eef8e5fd63b348d2f64bfbb4cc6dd4d263b75547cc78a1caf68c44c98bc68e97,Full original JPEG viewed at detail=original; Japanese text and panel/profile relationships read visually.,source,REVIEWED_MATERIAL,"USJ/Hosu Nomu incident files, unexplained Midoriya abduction target; Endeavor credits elderly help and cautions about multiple Quirks.",SUP-UA-145-01; SUP-UA-145-02,Villain section uses report/danger-file framing and many explicit unknowns; later knowledge must not fill these silently.,
UA:s0146,146,146,OPS/images/08_880719_880264_1_146_001.jpg,38e9bffc35424207b9a2e493d2797d7eb7d5ce3b16f1116b633c82a3da17829e,Full original JPEG viewed at detail=original; Japanese text and panel/profile relationships read visually.,source,REVIEWED_MATERIAL,Stain profile: ideological killing of heroes and criminals; uncertain League link; blood-type-dependent paralysis.,SUP-UA-146-01,Villain section uses report/danger-file framing and many explicit unknowns; later knowledge must not fill these silently.,
UA:s0147,147,147,OPS/images/08_880719_880264_1_147_001.jpg,9d3d3bbd47e02fae8bb7fb42b815e327316a3ab0fd6cd50c4c9b365d94dc9231,Full original JPEG viewed at detail=original; Japanese text and panel/profile relationships read visually.,source,REVIEWED_MATERIAL,"Stain's claimed social purification, 17 hero murders and reduced local crime; All Might inspiration and media circulation; Native's fear.",SUP-UA-147-01; SUP-UA-147-02,Villain section uses report/danger-file framing and many explicit unknowns; later knowledge must not fill these silently.,
UA:s0148,148,148,OPS/images/08_880719_880264_1_148_001.jpg,d1146d21a4930ecfa822c503b78d867eae31759f00083d2222e561c35b0f4926,Full original JPEG viewed at detail=original; Japanese text and panel/profile relationships read visually.,source,REVIEWED_MATERIAL,"All For One provisional-name dossier: power through taking/giving Quirks, rivalry with All Might, unknown conditions and profile data.",SUP-UA-148-01,Villain section uses report/danger-file framing and many explicit unknowns; later knowledge must not fill these silently.,
UA:s0149,149,149,OPS/images/08_880719_880264_1_149_001.jpg,98e353c62fc4d88bd2d93f366d17c0bf97a220eedcfe35d5f3a5eabe617e81dd,Full original JPEG viewed at detail=original; Japanese text and panel/profile relationships read visually.,source,REVIEWED_MATERIAL,All For One/One For All origin through brother conflict; anti-aging and survival; unnamed Doctor's treatment and joint Nomu creation.,SUP-UA-149-01; SUP-UA-149-02,"Early investigation-file state: distinguish reported motive, explicit unknowns and conjectured mechanisms from later manga/guidebook knowledge.",
UA:s0150,150,150,OPS/images/08_880719_880264_1_150_001.jpg,100d6c5f18e9efbcde32db354cfd807dd2a6aaca1a509b5a8048c0beecb2a2da,Full original JPEG viewed at detail=original; Japanese text and panel/profile relationships read visually.,source,REVIEWED_MATERIAL,Kurogiri's calm gentlemanly oversight of Shigaraki; logistics/support and deadly warp use; unknown personal data.,SUP-UA-150-01,"Early investigation-file state: distinguish reported motive, explicit unknowns and conjectured mechanisms from later manga/guidebook knowledge.",
UA:s0151,151,151,OPS/images/08_880719_880264_1_151_001.jpg,eccdb7072d071ca5a21e32cef4ef3d7efe97fea180ccbdad6ee2e9d39c05c845,Full original JPEG viewed at detail=original; Japanese text and panel/profile relationships read visually.,source,REVIEWED_MATERIAL,"Dabi's reported Stain inspiration, Vanguard command and high-heat attack; all private biography withheld.",SUP-UA-151-01,"Early investigation-file state: distinguish reported motive, explicit unknowns and conjectured mechanisms from later manga/guidebook knowledge.",
UA:s0152,152,152,OPS/images/08_880719_880264_1_152_002.jpg,5afb32ff880870abd8d3538aab7067ad4e9af59df39a785e77eec84c52b4e331,Full original JPEG viewed at detail=original; Japanese text and panel/profile relationships read visually.,source,REVIEWED_MATERIAL,"Toga's love/violence conjunction, suspected blood-loss murders, camp blood collection, unknown Quirk purpose.",SUP-UA-152-01; SUP-UA-152-02,"Early investigation-file state: distinguish reported motive, explicit unknowns and conjectured mechanisms from later manga/guidebook knowledge.",
UA:s0153,153,153,OPS/images/08_880719_880264_1_153_002.jpg,77db2adce3f589b514d6a91f311eaa6807ca8ed9fb4ec383b8b10bf3f702a0ce,Full original JPEG viewed at detail=original; Japanese text and panel/profile relationships read visually.,source,REVIEWED_MATERIAL,"Muscular wants unrestricted Quirk use/killing, changes prosthetic eyes with mood, escalates against strong Midoriya; body-fiber control.",SUP-UA-153-01,"Early investigation-file state: distinguish reported motive, explicit unknowns and conjectured mechanisms from later manga/guidebook knowledge.",
UA:s0154,154,154,OPS/images/08_880719_880264_1_154_001.jpg,cf872826e4b8508bef83952e409283b3119f5c91283581f7d7a6c0451c2006f2,Full original JPEG viewed at detail=original; Japanese text and panel/profile relationships read visually.,source,REVIEWED_MATERIAL,"Magne's combat observation and camp encounter, presumed magnetism and unarmed weakness; early gendered editorial vocabulary.",SUP-UA-154-01,"Early investigation-file state: distinguish reported motive, explicit unknowns and conjectured mechanisms from later manga/guidebook knowledge.",
UA:s0155,155,155,OPS/images/08_880719_880264_1_155_001.jpg,0c0aef3c33695c1387a635f30110dff6e4e4dc92ff79f370b824dca85059c50b,Full original JPEG viewed at detail=original; Japanese text and panel/profile relationships read visually.,source,REVIEWED_MATERIAL,Spinner's Stain allegiance and divergent target selection; Iida target conjecture and sword-as-Quirk speculation.,SUP-UA-155-01,"Early investigation-file state: distinguish reported motive, explicit unknowns and conjectured mechanisms from later manga/guidebook knowledge.",
UA:s0156,156,156,OPS/images/08_880719_880264_1_156_001.jpg,7dac0b0cd2fc4c82591e76f2c7524c83586832ce8d1417a4173c2af5a1d432e9,Full original JPEG viewed at detail=original; Japanese text and panel/profile relationships read visually.,source,REVIEWED_MATERIAL,"Mustard gas/firearm assault, unpaired action; inferred U.A. grudge and gas turbulence; composition unresolved.",SUP-UA-156-01,"Early investigation-file state: distinguish reported motive, explicit unknowns and conjectured mechanisms from later manga/guidebook knowledge.",
UA:s0157,157,157,OPS/images/08_880719_880264_1_157_001.jpg,79802c706c99b6184c91ea5b022742b81605747fec306cf436b0f6289fad5a10,Full original JPEG viewed at detail=original; Japanese text and panel/profile relationships read visually.,source,REVIEWED_MATERIAL,"Moonfish: escaped death-row prisoner, flesh-directed sadistic excitement, blade teeth movement and camp defeat by Dark Shadow.",SUP-UA-157-01,"Source labels, tentative mechanics and editorial versus fictional speaker frames retained; no whole-page readability failure.",
UA:s0158,158,158,OPS/images/08_880719_880264_1_158_002.jpg,d84de51b1d91bf529461a85b474bbcc6769ff758f07fcd59dcddddd5c2d79000,Full original JPEG viewed at detail=original; Japanese text and panel/profile relationships read visually.,source,REVIEWED_MATERIAL,"Twice: contradictory/light register and inferred clone equivalence; Mr. Compress: stage persona, mysterious spheres and abduction rhetoric.",SUP-UA-158-01; SUP-UA-158-02,"Source labels, tentative mechanics and editorial versus fictional speaker frames retained; no whole-page readability failure.",
UA:s0159,159,159,OPS/images/08_880719_880264_1_159_002.jpg,6046311b2c012dae065441bbfc6658361d17d4f0f99a4c1447f7b6129defb2dd,Full original JPEG viewed at detail=original; Japanese text and panel/profile relationships read visually.,source,REVIEWED_MATERIAL,Broker Giran's Stain-stimulated return/recruitment; sludge/giant/Trapezius short cases; revised labels and numbering.,SUP-UA-159-01; SUP-UA-159-02,"Source labels, tentative mechanics and editorial versus fictional speaker frames retained; no whole-page readability failure.",
UA:s0160,160,160,OPS/images/08_880719_880264_1_160_001.jpg,24bc2f2e4a785ecad1abdb369bc625285ba69079c3fa8b4d763e979f144f3861,Full original JPEG viewed at detail=original; Japanese text and panel/profile relationships read visually.,source,REVIEWED_MATERIAL,"Tsukauchi-signed USJ observational/activity/damage report begins; central-plaza incursions, mutation types and long-range threats.",SUP-UA-160-01,"Fictional report explicitly signed by Tsukauchi on s0160; reconstructed from manga, not a new independent event.",
UA:s0161,161,161,OPS/images/08_880719_880264_1_161_001.jpg,2b38d00516cc282abd4a733cb5d7bf40033a15877fe3e6d39fca9161547a2dce,Full original JPEG viewed at detail=original; Japanese text and panel/profile relationships read visually.,source,REVIEWED_MATERIAL,"Signed report continuation: water/mountain zones, student-team credit, communications interference and 72 arrests.",SUP-UA-161-01,"Fictional report explicitly signed by Tsukauchi on s0160; reconstructed from manga, not a new independent event.",
UA:s0162,162,162,OPS/images/08_880719_880264_1_162_001.jpg,efb30e29cbce34b0dec2038b3460063e3737909187af208847e98fb02ed841ce,Full original JPEG viewed at detail=original; Japanese text and panel/profile relationships read visually.,source,REVIEWED_MATERIAL,Editorial police column: Tamakawa's diligence/left-handedness/trust; Tsukauchi's old friendship and profiling; Tsuragamae's discretion and appreciation.,SUP-UA-162-01; SUP-UA-162-02; SUP-UA-162-03,"Source labels, tentative mechanics and editorial versus fictional speaker frames retained; no whole-page readability failure.",
UA:s0163,163,,OPS/images/08_880719_880264_1_163_001.jpg,34ceaa410832c9f7a9a4378faca47d307670d2b85820784d01c7c7fb5ae06a16,Full original JPEG viewed at detail=original; Japanese text and panel/profile relationships read visually.,source,REVIEWED_MATERIAL,4th SMASH / SCHOOL divider introduces U.A. educational philosophy and training system through staff montage.,SUP-UA-163-01,"Source labels, tentative mechanics and editorial versus fictional speaker frames retained; no whole-page readability failure.",
UA:s0164,164,164,OPS/images/08_880719_880264_1_164_001.jpg,af5c3718a9fefd0676daa83cf859a0cca86bcbb9dc950e0de84d87ede85c3cef,Full original JPEG viewed at detail=original; Japanese text and panel/profile relationships read visually.,source,REVIEWED_MATERIAL,Principal Nezu's recruitment address and separate informal bio; achievement/trust rhetoric and future-hero invitation.,SUP-UA-164-01,Principal-signed recruitment voice is distinct from small unsigned bio; communicated to adjoining-range reviewer.,
UA:s0165,165,165,OPS/images/08_880719_880264_1_165_001.jpg,43a92c022496d0505ff6254d8c1f6b09afadadfaf575b774ffaedc429b581895,DIRECT_VISUAL_ORIGINAL_IMAGE_DETAIL_ORIGINAL,literary,REVIEWED_MATERIAL,"Four-course U.A. guide: hero licensing/professional skills, general education/university and possible hero transfer, support-item development workshops, business/hero production and practical investment teaching. Manga excerpts accompany promotional slogans.",SUP-UA-165-01,Material information and its source-specific limits recorded in the linked evidence entries.,
UA:s0166,166,166,OPS/images/08_880719_880264_1_166_001.jpg,a63049c07e198943610d2411a03e073962d9cc8f7288de14b870f2747bcf8512,DIRECT_VISUAL_ORIGINAL_IMAGE_DETAIL_ORIGINAL,literary,REVIEWED_MATERIAL,"Shared timetable and course curriculum: six school days, Sunday standard holiday, normal six periods/hero seven, Saturday four except hero six, one weekday practical periods 3–4, complete departure by 19:00 including clubs. Required/general/specialist/hero foundations include battle, nursing and hero knowledge.",SUP-UA-166-01,Material information and its source-specific limits recorded in the linked evidence entries.,
UA:s0167,167,167,OPS/images/08_880719_880264_1_167_001.jpg,ffa8422a2490136e007fcb829ecb128c5205d7d7a42a91d89ad1742ba6d9e8d4,DIRECT_VISUAL_ORIGINAL_IMAGE_DETAIL_ORIGINAL,literary,REVIEWED_MATERIAL,"Course-to-career chart: hero graduates may become sidekicks, establish agencies or work freelance; general students may enter police or further study; university hero courses mentioned; support/business paths include manufacturers/research, design and hero coordination. Copy emphasizes varied desired futures.",SUP-UA-167-01,Material information and its source-specific limits recorded in the linked evidence entries.,
UA:s0168,168,168,OPS/images/08_880719_880264_1_168_001.jpg,6546d0d38dd273a51f5b93da5a90f30f112866d2f7ff14e980433cd624fdd1d6,DIRECT_VISUAL_ORIGINAL_IMAGE_DETAIL_ORIGINAL,literary,REVIEWED_MATERIAL,"Facilities guide presents security barriers/levels, alarm and staff response, moving classroom walls/storage and enlarged doors, and varied inexpensive Lunch Rush meals. A broken-barrier manga excerpt appears beside the superlative security slogan.",SUP-UA-168-01,Material information and its source-specific limits recorded in the linked evidence entries.,
UA:s0169,169,169,OPS/images/08_880719_880264_1_169_001.jpg,1bbe76560bd4f26d4a09faaac8ee553c25076f9dea9994ad624f44093823bf21,DIRECT_VISUAL_ORIGINAL_IMAGE_DETAIL_ORIGINAL,literary,REVIEWED_MATERIAL,"Meeting room usable by students on application and soundproof; nap room usable with homeroom permission, private/soundproof; infirmary covers injuries, Recovery Girl’s limited care, event attendance, IVs and simple surgery with subsequent rest. All Might/Midoriya manga fragments illustrate confidential care.",SUP-UA-169-01,Material information and its source-specific limits recorded in the linked evidence entries.,
UA:s0170,170,170,OPS/images/08_880719_880264_1_170_001.jpg,fcbc7317baba9df85e04218287242a1e4edcd96cac6ebb3c99feb153d21962a8,DIRECT_VISUAL_ORIGINAL_IMAGE_DETAIL_ORIGINAL,literary,REVIEWED_MATERIAL,"Sports-festival stadium capacity stated as 120,000 with Quirk repairs, public access route and staff/player rooms. USJ credited to Thirteen as disaster-rescue practice with flood and collapsed-building zones, adjustable waves and varied mechanisms.",SUP-UA-170-01,Material information and its source-specific limits recorded in the linked evidence entries.,
UA:s0171,171,171,OPS/images/08_880719_880264_1_171_001.jpg,19e1ff9e14fe6118d0f76626f4336bdaf6ae94d37190b0700db9937f74a4baeb,DIRECT_VISUAL_ORIGINAL_IMAGE_DETAIL_ORIGINAL,literary,REVIEWED_MATERIAL,"Practice grounds and industrial-maze Gym Gamma distinguish building-intensive scenarios from movement training. Ten entrance-exam urban grounds are said to have been rebuilt. Robot catalogue names attack/defense/speed ratings plus camera and ambulance robots, with mobility/armor and rescue roles.",SUP-UA-171-01,Material information and its source-specific limits recorded in the linked evidence entries.,
UA:s0172,172,172,OPS/images/08_880719_880264_1_172_001.jpg,13d2a5f70e6cbdbc5ec3a7893b4172633abbad07778336d172ba2f7370fcf160,DIRECT_VISUAL_ORIGINAL_IMAGE_DETAIL_ORIGINAL,literary,REVIEWED_MATERIAL,"First-term calendar places Quirk assessment/training in April and Sports Festival/work experience around May; internship described as one week under active heroes, nominations linked to festival visibility. Reprinted panels illustrate practical training and patrol.",SUP-UA-172-01,Material information and its source-specific limits recorded in the linked evidence entries.,
UA:s0173,173,173,OPS/images/08_880719_880264_1_173_001.jpg,2a9f0943c54dfd94d4ef36c4821e14762c05771556b2b8d46a34aa7d20874e07,DIRECT_VISUAL_ORIGINAL_IMAGE_DETAIL_ORIGINAL,literary,REVIEWED_MATERIAL,"Calendar continues written midterms, June uniform change, written/practical finals and July summer forest camp; failed tests risk remedial work. Camp blurb promotes rigorous Quirk development and fun activities while showing training manga panels.",SUP-UA-173-01,Material information and its source-specific limits recorded in the linked evidence entries.,
UA:s0174,174,174,OPS/images/08_880719_880264_1_174_001.jpg,b96bbde12942f5719f1d394bac0f1d0c89d64cca919d20e3439a67b62a355f21,DIRECT_VISUAL_ORIGINAL_IMAGE_DETAIL_ORIGINAL,literary,REVIEWED_MATERIAL,"Other-people column: Kota’s bereavement, hero aversion and courage/water against Muscular; エラ・イヒト’s reported lament at civilization’s stalled progress; Miyagi Daikaku’s broadcasting and removed horns; assertive NHA reporter; Tsubasa clinic doctor, grandson Tsubasa, and Midoriya/Bakugo’s former schoolmates.",SUP-UA-174-01; SUP-UA-174-02; SUP-UA-174-03,Material information and its source-specific limits recorded in the linked evidence entries.,
UA:s0175,175,,OPS/images/08_880719_880264_1_175_001.jpg,f6249d62f3498ec50cd209a9d76334d3669e06c8b6819b399576a48fadab0fc7,DIRECT_VISUAL_ORIGINAL_IMAGE_DETAIL_ORIGINAL,literary,REVIEWED_MATERIAL,"EX SMASH appendix divider and contents explicitly credit Horikoshi/Umakoshi interview p176, Horikoshi’s newly drawn THE・DEPTH p185, Neda Hirofumi’s newly drawn studio visit p190, and Horikoshi gallery parts at p192/p202.",SUP-UA-175-01,Material information and its source-specific limits recorded in the linked evidence entries.,No printed folio visible on this divider; p175 is not inferred from the spine ordinal.
UA:s0176,176,176,OPS/images/08_880719_880264_1_176_001.jpg,ea860c047983c778e9fde29d64dbe1fcc26e256824b2f9755022979da7f1a519,DIRECT_VISUAL_ORIGINAL_IMAGE_DETAIL_ORIGINAL,literary,REVIEWED_NO_MATERIAL_ADDITION,"Interview opening explicitly credits original author Kohei Horikoshi and TV-anime character designer/chief animation director Yoshihiko Umakoshi; career introduction, Precure admiration, initial PV response and faithful adaptation design discussion.",,Contributor identities and production context are retained as attribution for ensuing records. Admiration/career/PV comments add no independent change to the current literary or character model claims; anime scenes are not imported as manga events.,
UA:s0177,177,177,OPS/images/08_880719_880264_1_177_001.jpg,67275894a76bee300b7a3eeab3ec059407249e637f308e0612d7ff16116062b6,DIRECT_VISUAL_ORIGINAL_IMAGE_DETAIL_ORIGINAL,literary,REVIEWED_MATERIAL,"Creators discuss faithful model sheets, drawing many Shigaraki hands, difficulty drawing his full body, off-season removal of hands, and Mike Mignola’s influence on All Might’s square/flat hands and economical black shapes.",SUP-UA-177-01; SUP-UA-177-02,Material information and its source-specific limits recorded in the linked evidence entries.,
UA:s0178,178,178,OPS/images/08_880719_880264_1_178_001.jpg,c69c79837c1c9dece1bfaa54bc4cc8cf9f2d8d6e013eca5698323e3aef011542,DIRECT_VISUAL_ORIGINAL_IMAGE_DETAIL_ORIGINAL,literary,REVIEWED_MATERIAL,"Line economy and workload discussion continues; Horikoshi describes drawing girls with sturdier arms/legs/waist and his visual preference, while Umakoshi discusses adapting Ochako and the difference from recent heroine designs. They then compare labor/intensity of manga and animation design.",SUP-UA-178-01,Material information and its source-specific limits recorded in the linked evidence entries.,
UA:s0179,179,179,OPS/images/08_880719_880264_1_179_001.jpg,be9ddac2dfba94161c66664fda86379f4490ec303761273506ef80c7b727dddf,DIRECT_VISUAL_ORIGINAL_IMAGE_DETAIL_ORIGINAL,literary,REVIEWED_MATERIAL,"Discussion of line density and drawing All Might; Umakoshi calls the work straightforward hot-blooded shonen, while Horikoshi notes Deku does not simply win pleasurably and links the strained quality to his own disposition. Protagonist words/actions are constrained by the work’s core, side characters freer; Quirk/design ideas exist in an incompletely tracked stock.",SUP-UA-179-01,Material information and its source-specific limits recorded in the linked evidence entries.,
UA:s0180,180,180,OPS/images/08_880719_880264_1_180_001.jpg,1e656792c69d02dddf9287f2c26e36b88d9780105a3bcd08c70d3f4452fd0838,DIRECT_VISUAL_ORIGINAL_IMAGE_DETAIL_ORIGINAL,literary,REVIEWED_MATERIAL,Horikoshi says ideas may consist only of a Quirk/rough drawing and change before appearance; Shigaraki lost five hands from drafts. Villain density is partly intended eeriness and partly liking for grotesque imagery. Umakoshi discusses difficulty drawing Shoto’s beauty and enjoyment drawing Mineta/Tsuyu; page ends with pull quotes expanded next page.,SUP-UA-180-01,Material information and its source-specific limits recorded in the linked evidence entries.,
UA:s0181,181,181,OPS/images/08_880719_880264_1_181_001.jpg,2d7cda6b246dbf4bf2924af4c9869a242c88e15a68331bdbbcad9a1758ffe03b,DIRECT_VISUAL_ORIGINAL_IMAGE_DETAIL_ORIGINAL,literary,REVIEWED_MATERIAL,Shoto’s subtle expressions and cool/strong appeal require care; Horikoshi calls Mineta enjoyable and drawable without the same responsibility. Production layouts are through episode 4. Animation design discussion notes Bakugo’s gauntlet mechanics were not fully considered and Iida/glasses/costume are difficult.,SUP-UA-181-01; SUP-UA-181-02,Material information and its source-specific limits recorded in the linked evidence entries.,
UA:s0182,182,182,OPS/images/08_880719_880264_1_182_001.jpg,2c356243e50b5216c576a1710909204a218c7b54748c3fbceec549306804af2a,DIRECT_VISUAL_ORIGINAL_IMAGE_DETAIL_ORIGINAL,literary,REVIEWED_MATERIAL,"Iida’s costume features and running adaptation debated: some apparent vents are decoration, Horikoshi says ordinary sprint rather than long bouncing poses and tentatively refers to very fast leg rotation; he delegates an attractive animated solution. Broader discussion of how detailed direction differs by production and Umakoshi’s earlier shoujo/Berserk work.",SUP-UA-182-01,Material information and its source-specific limits recorded in the linked evidence entries.,
UA:s0183,183,183,OPS/images/08_880719_880264_1_183_001.jpg,6c793ff61dc39550ce82608ab8a656d38cf1b5ab2ad630c46082715721dfdd2f,DIRECT_VISUAL_ORIGINAL_IMAGE_DETAIL_ORIGINAL,literary,REVIEWED_MATERIAL,"Creators discuss adaptation craft, animation action hopes and division of labor; Horikoshi wants Bakugo’s aerial movement expressed more dynamically and asks Umakoshi’s encouragement. Umakoshi asks about All Might/Deku and future powers; Horikoshi calls Deku–All Might the work’s vertical axis.",SUP-UA-183-01,Material information and its source-specific limits recorded in the linked evidence entries.,
UA:s0184,184,184,OPS/images/08_880719_880264_1_184_001.jpg,7a5cea4cfdea647e2aaba30c6558feb1b115eb287903c88fbdf14ea52f485370,DIRECT_VISUAL_ORIGINAL_IMAGE_DETAIL_ORIGINAL,literary,REVIEWED_MATERIAL,"Horikoshi links muscular strongest-character influence to Dragon Ball; discusses comic/serious All Might contrast and an already conceived sad future as a thematic task. The interview ends with manga work schedule, anime-related workload, future movie hopes and willingness to contribute plot/rough script if feasible.",SUP-UA-184-01,Material information and its source-specific limits recorded in the linked evidence entries.,
UA:s0185,185,,OPS/images/08_880719_880264_1_185_001.jpg,3ba13a845c6769a18362df93c95e13650199407da2e942784ce3f98deae4e25a,DIRECT_VISUAL_ORIGINAL_IMAGE_DETAIL_ORIGINAL,literary,REVIEWED_MATERIAL,"THE・DEPTH title/opening explicitly credits Horikoshi and newly drawn special chapter, set day after finals (V8 No.68). Kirishima/Kaminari invite Bakugo to the finger-number game; Sero joins play. Bakugo thinks angrily of Midoriya’s final exam rescue/act after video debrief with All Might, then turns to confront him.",SUP-UA-185-01; SUP-UA-185-02,Material information and its source-specific limits recorded in the linked evidence entries.,No separate printed folio visible; spine locator is canonical.
UA:s0186,186,,OPS/images/08_880719_880264_1_186_001.jpg,b1784461b291bfc18df4f973429c29f661e93dc25329aaf5691df3c7447ca7af,DIRECT_VISUAL_ORIGINAL_IMAGE_DETAIL_ORIGINAL,literary,REVIEWED_MATERIAL,"Ochako occupies Midoriya’s place to intercept Bakugo’s anger; tells him Midoriya is in the toilet, says she detected his anger and feared he would shout again, asks if he can get along. Bakugo calls her roundface, tells her to leave and reads Midoriya as mocking him.",SUP-UA-186-01,Material information and its source-specific limits recorded in the linked evidence entries.,No separate printed folio visible.
UA:s0187,187,,OPS/images/08_880719_880264_1_187_001.jpg,a511934aad26f6dfef0bb21c43912704c6599303ede414f67ef76ba0990f8eb6,DIRECT_VISUAL_ORIGINAL_IMAGE_DETAIL_ORIGINAL,literary,REVIEWED_MATERIAL,"Ochako contrasts Bakugo’s cool performance against her with his treatment of Midoriya, describing it as if fear makes him want to push Midoriya away through intimidation; she wishes childhood classmates would get along. Bakugo’s face changes to a strained/startled expression.",SUP-UA-187-01,Material information and its source-specific limits recorded in the linked evidence entries.,No separate printed folio visible.
UA:s0188,188,,OPS/images/08_880719_880264_1_188_001.jpg,81b0dbac65cb0fa1ca576704d82c59cb4f58d7fa3fc8964dbf2e4bd95c362495,DIRECT_VISUAL_ORIGINAL_IMAGE_DETAIL_ORIGINAL,literary,REVIEWED_MATERIAL,"Bakugo erupts at Ochako and Midoriya, who returns confused; Ochako abruptly loses her calm. Midnight orders them to sit, reminding them they are not elementary pupils, and announces modern hero art history.",SUP-UA-188-01,Material information and its source-specific limits recorded in the linked evidence entries.,No separate printed folio visible.
UA:s0189,189,,OPS/images/08_880719_880264_1_189_001.jpg,b92379b6200ec849b1f106a2a1b4e102cf6495728fef38f6e88c8b6793c3096c,DIRECT_VISUAL_ORIGINAL_IMAGE_DETAIL_ORIGINAL,literary,REVIEWED_MATERIAL,"During Midnight’s art-history lesson, Ochako privately regrets blurting out her thought; Iida follows instruction. Narration says Bakugo’s anger has been dispersed/displaced onto a negative judgment of Ochako; he remains resentful, then accurately answers the costume-history question クラウン・ショック. Lecture explains heavy weapons’ frightening image and a shift toward themes/identity in costume design.",SUP-UA-189-01; SUP-UA-189-02,Material information and its source-specific limits recorded in the linked evidence entries.,No separate printed folio visible; Japanese term retained without asserting an official English romanization.
UA:s0190,190,190,OPS/images/08_880719_880264_1_190_001.jpg,843a723b8a606f3c05d3b9f63f65236384a0e08b8d15af127a35b56d797cac09,DIRECT_VISUAL_ORIGINAL_IMAGE_DETAIL_ORIGINAL,literary,REVIEWED_MATERIAL,"Neda-credited studio-visit comic: metaleptic All Might/Midoriya plan to ask author for more activity time, visit a threatening deadline studio with Horikoshi’s hand avatar. Caption identifies Neda as Smash!! gag four-panel author and former MHA staff.",SUP-UA-190-01,Material information and its source-specific limits recorded in the linked evidence entries.,
UA:s0191,191,191,OPS/images/08_880719_880264_1_191_002.jpg,eaba5510dbb2840d0283830f7ca4c74fe33bff7698673f06c3b565911a1a82b3,DIRECT_VISUAL_ORIGINAL_IMAGE_DETAIL_ORIGINAL,literary,REVIEWED_MATERIAL,"Neda studio comedy continues with editor waiting and Horikoshi wanting seven more minutes; characters abandon request and propose asking spin-off author instead. Smash!! gag advert says all five volumes are on sale, documenting current digital-package promotional framing.",SUP-UA-191-01,Material information and its source-specific limits recorded in the linked evidence entries.,
UA:s0192,192,192,OPS/images/08_880719_880264_1_192_001.jpg,1afa10b264d80fd3f4d64dfb72977e85ff11084006e9b65abd9d239d55b0bcd8,DIRECT_VISUAL_ORIGINAL_IMAGE_DETAIL_ORIGINAL,literary,UNRESOLVED_READABILITY,"Gallery Part.1 introduces Horikoshi's archived planning material: early storyboards with a conspicuously cheerful Bakugo, an initial story-concept page, and a handwritten early class roster. Layout and editorial headings are legible, but many tiny/faint glyphs in the reproduced concept sheet and roster cannot be resolved safely at the original image's native resolution.",SUP-UA-192-01,The readable production-history evidence is recorded; no claim is made to have deciphered every tiny handwritten concept or roster entry.,Small/faint handwritten concept-sheet prose and some roster-name glyphs remain unresolved; do not infer absent text or convert tentative early names into new canonical persons.
UA:s0193,193,193,OPS/images/08_880719_880264_1_193_001.jpg,30cc7476062aeceb5577fc396b15e514807bf501f281f4a6419c551e77f405de,DIRECT_VISUAL_ORIGINAL_IMAGE_DETAIL_ORIGINAL,literary,REVIEWED_MATERIAL,"Early Midoriya studies show longer hair covering an eye, the discarded name 赤谷海雲, a social-temperament proposal, and an initial homemade costume sheet with individual purchase prices. Editorial copy says name readings varied within the material and that the name was abandoned because it was already used elsewhere. Draft budget labels describe a proposed costume, not a verified receipt for the final narrative's Inko.",SUP-UA-193-01; SUP-UA-193-02,Material information and its source-specific limits recorded in the linked evidence entries.,Fine details of the handwritten draft temperament and costume-price annotations are not all used as exact quotations; no final-continuity expense total is inferred.
UA:s0194,194,194,OPS/images/08_880719_880264_1_194_001.jpg,3a1c5b825afe2e718e5b15f426e0b322a7b98b77442b6fd4adff980682488fe4,DIRECT_VISUAL_ORIGINAL_IMAGE_DETAIL_ORIGINAL,literary,UNRESOLVED_READABILITY,"Early Ochako, Bakugo, Shoto, Momo, and Mineta sheets are framed as already close to their eventual visual forms. They retain draft names, codenames, costumes, dispositions, and power proposals. Shoto's sheet already connects the parents' marriage to combining powers, the mother/burn conflict, and resistance to Endeavor. Some very small handwritten clauses and draft-name glyphs remain unresolved and are not imported.",SUP-UA-194-01,The central Shoto design premise and editorial heading are readable; smaller handwritten details are not fully decipherable from this source resolution.,Some tiny handwriting in the Ochako/Bakugo/Momo/Mineta concept descriptions and exact obsolete names is unresolved.
UA:s0195,195,195,OPS/images/08_880719_880264_1_195_001.jpg,d632f93b1890db9b77bc001837bc4436e436fb67064e607ef777218a99d38a61,DIRECT_VISUAL_ORIGINAL_IMAGE_DETAIL_ORIGINAL,literary,REVIEWED_MATERIAL,"Drafts cover Aoyama, Jiro, Kirishima, an invisible student, Sato, and Iida. Proposed names and mechanisms visibly differ from their final forms, including Kirishima's compression-labelled proposal and an adult-looking Iida sheet marked age 27. The editorial caption asks whether this Iida would have appeared as a professional rather than a classmate. The archive's visible discarded variants are not current birthdays, ages, powers, or roster additions.",SUP-UA-195-01,Material information and its source-specific limits recorded in the linked evidence entries.,"The precise obsolete invisible-student name is not safely resolved; the caption's professional-Iida suggestion remains a question, not an independently stated production certainty."
UA:s0196,196,196,OPS/images/08_880719_880264_1_196_001.jpg,b28bb40d87a9a0543cb089a658c2329b910a3a9501221d716eea8b206cc96295,DIRECT_VISUAL_ORIGINAL_IMAGE_DETAIL_ORIGINAL,literary,REVIEWED_MATERIAL,"All Might prototype drawings emphasize the deliberately different American-comic-like drawing style, muscular hero presentation, early cloak/costume variations, and the already recognizably thin true form. Editorial captions identify both early stylistic difference and continuity in the true-form conception. The page does not date every sketch or specify the completed ending.",SUP-UA-196-01,Material information and its source-specific limits recorded in the linked evidence entries.,
UA:s0197,197,197,OPS/images/08_880719_880264_1_197_001.jpg,4c0af80294bdc98e7b216d728aa4f42043dfe6273854f6be157cbedbc256c263,DIRECT_VISUAL_ORIGINAL_IMAGE_DETAIL_ORIGINAL,literary,REVIEWED_MATERIAL,"Mt. Lady designs include an early school-student concept and a 50-metre proposal, followed by costume variations. Wild Wild Pussycats sheets include black/white two-person concepts, proposed member names/ages, and alternate outfits or animal motifs. Captions distinguish these from the published designs and retain a question about an initial two-person team.",SUP-UA-197-01,Material information and its source-specific limits recorded in the linked evidence entries.,
UA:s0198,198,198,OPS/images/08_880719_880264_1_198_001.jpg,74ab2896b8b65822e1a241cd8270b1588ea8d3310154528cbd82623e29ad09f4,DIRECT_VISUAL_ORIGINAL_IMAGE_DETAIL_ORIGINAL,literary,REVIEWED_MATERIAL,"Faculty concepts show a much more conservatively dressed early Midnight, alternate Present Mic amplification/costume designs, a Thirteen concept labelled 6号, Recovery Girl's proposed nursing/healing history and relation to an All Might with a draft civilian name, and another excavation-themed hero proposal. Some proposals resemble eventual roles while others are visibly obsolete; the sheet is not a current faculty biography.",SUP-UA-198-01,Material information and its source-specific limits recorded in the linked evidence entries.,Some small handwritten proposed biography details and the excavation-hero draft's exact obsolete name are not used as settled facts.
UA:s0199,199,199,OPS/images/08_880719_880264_1_199_001.jpg,0d01328165f6c592a5201774f3fddf050a8231b22d4224325c7afca9986ec7be,DIRECT_VISUAL_ORIGINAL_IMAGE_DETAIL_ORIGINAL,literary,UNRESOLVED_READABILITY,"Professional-hero drafts cover Kamui Woods, Endeavor, Backdraft, and Death Arms. The editorial heading warns that very similar appearance can accompany a completely different setting. Endeavor's sheet proposes markedly different law/order temperament and equipment-mediated flame presentation; other sheets include tentative biological, childhood, and costume details. Tiny handwritten clauses and some old names are not all legible enough for full transcription.",SUP-UA-199-01,The significant prototype/final distinction and readable Endeavor temperament are recorded; unresolved fine handwritten details remain explicitly unconsumed.,Some tiny draft names and mechanisms/backstory clauses remain unresolved. The flame-equipment proposal is not quantified or promoted into final Hellflame mechanics.
UA:s0200,200,200,OPS/images/08_880719_880264_1_200_001.jpg,db03ea00e0d9491b52e05074027a6c690ca1ac965b30d02e2af31dd4d6853b9b,DIRECT_VISUAL_ORIGINAL_IMAGE_DETAIL_ORIGINAL,literary,REVIEWED_MATERIAL,"Shigaraki prototype art retains the many-hands motif but includes visibly different costume, face, name/role and power proposals, including a vigilante-labelled concept. Stain's early design is more reptile-like and proposes a substantially different blood-related mechanism. These are archived alternatives rather than additional present abilities or finalized villain motives.",SUP-UA-200-01,Material information and its source-specific limits recorded in the linked evidence entries.,Some obsolete name/codename glyphs and small draft mechanism wording are not quoted; exact prototype mechanics are not treated as final-continuity facts.
UA:s0201,201,201,OPS/images/08_880719_880264_1_201_001.jpg,4e798d300ae97a8e71c912f48b3f7c2214252dd2cd096a25307da6250b439aa2,DIRECT_VISUAL_ORIGINAL_IMAGE_DETAIL_ORIGINAL,literary,UNRESOLVED_READABILITY,"Early villain sheets include aquatic/USJ concepts and a poison/chainsaw figure associated in the notes with All Might, followed by police prototypes for Sansa and Tsukauchi. The police sheets contain discarded or uncertain details, including a left-handed proposal and Tsukauchi's truth-oriented codename/description. These designs do not establish a present lie-detection Quirk, a no-Quirk status, a published fight, or additional fully instantiated roster members.",SUP-UA-201-01,Visible design classes and readable police text are preserved; exact tiny obsolete name readings and some villain mechanics remain unresolved.,Tiny obsolete furigana/name readings and some villain-design annotations cannot be safely transcribed. No final character identification is forced for an unmatched draft.
UA:s0202,202,202,OPS/images/08_880719_880264_1_202_001.jpg,9fa7c3dd788207fa9d49edbc1a71e1b9c8922853d1ad0b078ce258d84319bb5a,DIRECT_VISUAL_ORIGINAL_IMAGE_DETAIL_ORIGINAL,literary,REVIEWED_MATERIAL,"Gallery Part.2 identifies the reproduced illustrations as posts from Horikoshi's personal Twitter account. It reports a first tweet on 2014-06-29 and reproduces series-start, fan-letter thanks, and chapter 6–8 images dated 2014-07-08 through 2014-09-01. Mt. Lady, All Might, Bakugo, Midoriya, and Ochako appear in promotional poses or thanks addressed to readers.",SUP-UA-202-01,Material information and its source-specific limits recorded in the linked evidence entries.,
UA:s0203,203,203,OPS/images/08_880719_880264_1_203_001.jpg,f6325d581b7a86921a66f8ab060e63c8ef661058f949f58a4e0e519f5573e3f2,DIRECT_VISUAL_ORIGINAL_IMAGE_DETAIL_ORIGINAL,literary,UNRESOLVED_READABILITY,"Eleven dated promotional drawings run from 2014-09-13 through 2014-12-22: chapter-number portraits, a first-volume release image, a floating ensemble gag, casual conversation, winter play, and a Santa-costume gift image. The figures include Midoriya, Ochako, Iida, Mina, Tsuyu, Momo, Jiro, Kaminari, Bakugo, and Mineta. These images invite recognition and reader interest; their small speech bubbles do not supply an independently located episode in main continuity.",,"All illustrations, visible date captions, and major promotional/gag contexts inspected. No additional load-bearing claim beyond the source-class distinction at SUP-UA-202-01; no actual friendship event or canonical holiday is inferred. The small speech/gag wording noted under uncertainties remains outside exact-text use; page review is complete with that bounded non-use.",Some tiny speech-bubble wording is not transcribed; no conclusion depends on it. The in-world continuity/date of isolated promotional scenes is not established.
UA:s0204,204,204,OPS/images/08_880719_880264_1_204_001.jpg,800c1bb3001549e12589729dff6b940ba23ae3a9d6b5ca3f734caffab37750d1,DIRECT_VISUAL_ORIGINAL_IMAGE_DETAIL_ORIGINAL,literary,UNRESOLVED_READABILITY,"Twelve dated promotional illustrations span 2015-01-01 through 2015-04-13: New Year clothing/greetings, volume 2 and 3 releases, school or domestic group scenes, All Might's imposing heroic pose, student portraits, a Bakugo/Midoriya phone gag, and All Might preparing celebratory red rice while Midoriya cheers. The dated external celebration and chapter-number frames remain separate from canonical school-year events.",,"Reviewed all art and major text/date captions. The cooking and festive group images are useful examples of promotional ordinary-life imagery, but establish no new canonical meal, culinary ability, or intervention outcome. The small speech/gag wording noted under uncertainties remains outside exact-text use; page review is complete with that bounded non-use.",No complete in-world narrative setting is supplied for the isolated promotional scenes; minor small gag wording is not relied upon.
UA:s0205,205,205,OPS/images/08_880719_880264_1_205_001.jpg,72efcb03723044362d68fe670c37062eb234e5207359436d25a4cfcee786f626,DIRECT_VISUAL_ORIGINAL_IMAGE_DETAIL_ORIGINAL,literary,REVIEWED_MATERIAL,"Twelve illustrations dated 2015-04-20 through 2015-08-03 mix individual school/costume portraits, volume 4 promotion, a summer festival, retweet thanks, a heat/floor gag, and a chapter-52 band image. In the band illustration Midoriya, Ochako, and classmates perform in coordinated dark clothing with guitars, drums, and a microphone; the source labels this as a dated promotional image rather than a staged school-festival episode.",SUP-UA-205-01,Material information and its source-specific limits recorded in the linked evidence entries.,
UA:s0206,206,206,OPS/images/08_880719_880264_1_206_001.jpg,5b0e76721b989c2be292027baf46074f709e4dcd7dfb33c98f0cd69baa551f67,DIRECT_VISUAL_ORIGINAL_IMAGE_DETAIL_ORIGINAL,literary,UNRESOLVED_READABILITY,"Twelve dated promotional images run from 2015-08-05 through 2015-11-16. They include volume 5 and 6 advertisements, Momo/Tsuyu eating, a comic upside-down All Might, lounging portraits of Bakugo/Ochako/Jiro, a popularity-poll announcement with Tsuyu, Momo's hunger comment, an intense damaged Stain portrait, and hero/student combinations. The playful and intimate presentation broadens promotional register without supplying newly located behavioral episodes.",,"Each image and major caption/date reviewed. Food, relaxation, and comic poses are not automatically factual biography; no current-model or thesis revision is supported beyond the gallery's already recorded authority boundary. The small speech/gag wording noted under uncertainties remains outside exact-text use; page review is complete with that bounded non-use.",Some tiny speech/gag text is not transcribed; no analytical recommendation depends on its exact wording.
UA:s0207,207,207,OPS/images/08_880719_880264_1_207_001.jpg,15f3a0b3074f8d021ef085242c8662b94cfa71f2fb76404126d011ee11d47cd9,DIRECT_VISUAL_ORIGINAL_IMAGE_DETAIL_ORIGINAL,literary,REVIEWED_MATERIAL,"Twelve promotional drawings dated 2015-11-21 through 2016-02-21 mark game and anime adaptations, Christmas, the 2016 New Year, volume 7, chapter releases, athletic/dance/cafe compositions, and Valentine's Day. Toga's Valentine image combines an overt holiday greeting with a smiling, blushing pose and a knife bearing a dripping substance; black-and-white reproduction alone does not settle that substance. The images include deliberately fanciful costume/body motifs and external announcements.",SUP-UA-207-01,Material information and its source-specific limits recorded in the linked evidence entries.,
UA:s0208,208,,OPS/images/08_880719_880264_1_208_001.jpg,920a16ef6b25aae21ead101590b72620a64e3bc9f3750dd624870c13224be890,DIRECT_VISUAL_ORIGINAL_IMAGE_DETAIL_ORIGINAL,literary,REVIEWED_NO_MATERIAL_ADDITION,"A full-page monochrome illustration labelled キャラブック shows Midoriya, Ochako, and Shoto reading books beside a tree in casual clothes. Their relaxed shared location contrasts with action poses, but there is no date, sequence, named book, or dialogue that establishes a narrated leisure event.",,Original illustration fully viewed. Ordinary co-presence is presented visually; it is not promoted into a new canonical friendship episode or a specific character reading preference.,No original illustration date or explicit in-world continuity label is supplied on the page.
UA:s0209,209,,OPS/images/08_880719_880264_1_209_001.jpg,e39bbf2d1ee67dc2d11d5cd9fbbbba658f70bb2ce66f00614adbb7bb2c21f0ab,DIRECT_VISUAL_ORIGINAL_IMAGE_DETAIL_ORIGINAL,literary,REVIEWED_MATERIAL,"Horikoshi's signed THE・キャラブック afterword thanks readers, designers, drawing staff, and past editors Shimazaki, Koike, and Monji. He describes the book as festive, containing occasional first-publication information, notes increased work after the anime decision, and says many things remain to depict. A conditional plan predicts Deku and friends will power up within that year if the conception proceeds as intended; no finished-series outcome is specified.",SUP-UA-209-01,Material information and its source-specific limits recorded in the linked evidence entries.,
UA:s0210,210,,OPS/images/08_880719_880264_3_210_001.jpg,1f6f81b84f16e051325d1416105ad1b20815b26242bdbc141c2cc3f35333cafd,DIRECT_VISUAL_ORIGINAL_IMAGE_DETAIL_ORIGINAL,literary,REVIEWED_NO_MATERIAL_ADDITION,"Colour cartoon-style special stickers depict Bakugo, Shoto, Midoriya, Ochako, Iida, All Might, and sleeping-bag Aizawa with stylized English sound/speech tags. A margin note states that wording is from its appearance in the paper edition. The images are merchandise/design extras rather than sequenced behavior, and no individual sticker artist credit is printed here.",,"All figures, stylized sound tags, title, and paper-edition note reviewed. The altered proportions and emblematic poses add no power mechanics or behavioral outcome.",Individual sticker-design authorship and exact date are not specified locally.
UA:s0211,211,,OPS/images/08_880719_880264_3_211_001.jpg,d57421609de49e58e2ddea880c3e0c47654ad63757f9990d4293bc3b9797ea08,DIRECT_VISUAL_ORIGINAL_IMAGE_DETAIL_ORIGINAL,literary,REVIEWED_DUPLICATE,"A sideways colour clear-bookmark sheet is explicitly drawn from initial concept-setting art. It labels prototypes for Deku (MIKUMO AKATANI / 赤谷海雲), Mt. Lady (YU TAKEYAMA / 岳山優), and All Might (VALIANT / ヴァリアント), plus a prototype logo. A margin note preserves paper-edition wording. These coloured reproductions remain early designs, not new in-world aliases or transformations.",,"Dependent reuse of initial-design concepts already reviewed in Gallery Part.1 (s0193 Midoriya, s0196 All Might, s0197 Mt. Lady), now as a merchandise bookmark. Colour and the Valiant label were inspected; no narrative or model addition is justified. The English MIKUMO AKATANI label clarifies the romanization of the discarded protagonist name.",Exact creation/reproduction date not printed; no final-continuity use of the prototype aliases is established.
UA:s0212,212,,OPS/images/08_880719_880264_1_212_001.jpg,efc3db9aafc11167e697e912379c7422789beaad5e504878b98f59a49295b2a5,DIRECT_VISUAL_ORIGINAL_IMAGE_DETAIL_ORIGINAL,literary,REVIEWED_MATERIAL,"Production credits playfully style real design, editorial, handling-editor, and printing personnel as heroes. They identify Banana Grove Studio for design, Wedge Holdings for editing, and the Japanese credit 門司健吾 among the responsible staff. These are credited real contributors with humorous hero nicknames, not additions to the fictional cast.",SUP-UA-212-01,Material information and its source-specific limits recorded in the linked evidence entries.,
UA:s0213,213,,OPS/images/08880719880264315501_copyright.jpg,0188c4081d89eb87370ea89467b83a0113fbcba214dae59825d523b0fd12f8b5,DIRECT_VISUAL_ORIGINAL_IMAGE_DETAIL_ORIGINAL,literary,REVIEWED_MATERIAL,"Digital colophon identifies the title, Horikoshi, Shueisha, copyright 2016/2016, and 2016 for both first publication and digital publication. It explicitly says the work has been re-edited for digital distribution and includes the usual reproduction/rights notice. The page does not supply month/day dates or the date/content list of later digital revisions.",SUP-UA-213-01,Material information and its source-specific limits recorded in the linked evidence entries.,
UA:s0214,214,,OPS/images/08_880719_880264_3_ill_01_001.jpg,aff79eb21991919bfb730acc0a4151d9f2f81abeda2ee4b1c5b33a87bf59869c,DIRECT_VISUAL_ORIGINAL_IMAGE_DETAIL_ORIGINAL,literary,REVIEWED_NO_MATERIAL_ADDITION,"Extra Pages reproduce the printed spine and cover flap. Horikoshi's name accompanies a two-fist illustration and a short author message hoping that looking back so far makes an enjoyable book. The footer says wording reflects the comics' release. This is retrospective reader address, not an additional story event or statement about the completed series.",,"Full flap text, fist image, title/spine, and preservation note reviewed. Adds no material claim beyond the signed afterword's reader-facing retrospective context.",Exact flap-writing date and any later digital addition date are not supplied.
UA:s0215,215,,OPS/images/08_880719_880264_3_ill_02_001.jpg,cdadb73fd12c48a3222014ee46d1313c3a7d6bb08d718d63a46f5ab128bd05ca,DIRECT_VISUAL_ORIGINAL_IMAGE_DETAIL_ORIGINAL,literary,REVIEWED_NO_MATERIAL_ADDITION,"Extra Pages reproduce the cover back/flap in red with All Might, Shoto, Aizawa, Tsuyu, and Ochako line art. English magazine-style copy calls this the first character book, advertises 210 big pages, credits Kohei Horikoshi as writer/letterer/penciler/colorist, and says This is Izuku's story near an inset smiling portrait. A footer preserves wording as at the comics' release.",,Full copy and artwork reviewed. Marketing emphasis on Izuku neither replaces the manga's narration nor contradicts distributed responsibility; generic cover authorship does not erase the separately credited Neda comic or editorial teams.,"Exact original cover-copy date is not supplied, and the 210-page marketing count is not the 217-image EPUB spine count."
UA:s0216,216,,OPS/images/08_880719_880264_3_ill_03_001.jpg,4f75bd4f7ffc3031f2b42fb7ae0e266aac66970c854331d8a7fe242b6ad31730,DIRECT_VISUAL_ORIGINAL_IMAGE_DETAIL_ORIGINAL,literary,REVIEWED_MATERIAL,"Extra Pages reproduce a black/purple villain-side back cover/spine dominated by Shigaraki and hands. An inset Toga portrait has the English copy She is the only girl in Villain Alliance! Other copy repeats the first-character-book, 210-page and creator-credit treatment. The footer says wording reflects the comics' release. The age/category scope of girl is not defined by the marketing caption.",SUP-UA-216-01,Material information and its source-specific limits recorded in the linked evidence entries.,
UA:s0217,217,,OPS/images/08_880719_880264_3_ill_04_001.jpg,11ec7220719dd7bd6f0e96131947a93f943236bb6bd6130d007df8b557a901ba,DIRECT_VISUAL_ORIGINAL_IMAGE_DETAIL_ORIGINAL,literary,REVIEWED_NO_MATERIAL_ADDITION,"The final Extra Page reproduces the colour front cover of the book body: a villain ensemble with Shigaraki, Kurogiri, Toga, Dabi, Twice, Mr. Compress, Spinner, and Magne. Title, publisher/author branding, and the footer preserving release-time wording are visible. The composition supplies a promotional grouping rather than a depicted shared event or quantified hierarchy.",,"All figures, grouping, cover labels, and edition note inspected. Magne's visible inclusion is retained as local context for SUP-UA-216-01; no new enacted affiliation, motive, or rank is inferred from pose/composition alone.",Exact artwork date and later digital inclusion date are not supplied.
