locator,spine_ordinal,printed_page,image_member,image_sha256,review_method,reviewer,disposition,content_summary,evidence_ids,reason,uncertainties
UAN:s0001,1,,OPS/images/08882128880264315501_cover.jpg,0e23b5ed40dd824f88151735edc268e6f3abe1b308f90986c0d92b374f50138f,VISUAL_ORIGINAL_IMAGE,root,REVIEWED_NO_MATERIAL_ADDITION,"Ultra Analysis official character-book2 cover: Midoriya foreground and a collage of card-like character profiles/rarity labels, Horikoshi credit.",,"Cover title/authorship/presentation inspected; collage does not establish new events, a power hierarchy or objective character worth.",
UAN:s0002,2,,OPS/images/08_882128_880264_1_dorigin_01_001.jpg,831a447091d3cf86d46bbc6435572ea14f15a826e72a066012c8acfcd550b22a,VISUAL_ORIGINAL_IMAGE,root,REVIEWED_MATERIAL,Fiction notice and explicit digital-distribution re-editing notice.,SUP-UAN-002-01,Edition/time qualification; common wording does not establish identical digital revision histories.,
UAN:s0003,3,,OPS/images/08_882128_880264_1_003_001.jpg,97f0ac0684015f8b72f0d7e0d4aac4ad97903d0f26c1ebe9bb605519f3ddc594,VISUAL_ORIGINAL_IMAGE,root,REVIEWED_NO_MATERIAL_ADDITION,Red title page with official book2 title and student profile-card collage.,,Title/presentation and visible excerpts inspected; no separate behavior or rating inference from decorative collage.,
UAN:s0004,4,,OPS/images/08_882128_880264_1_004_001.jpg,2219bb310ce9a4f2fd8c474779239de1cc7cbd291cc191dd68272acbaf97afde,VISUAL_ORIGINAL_IMAGE,root,REVIEWED_DUPLICATE,"Right half of 5th-anniversary orange-costume city/parkour illustration, pairing classmates and All Might in a celebratory urban composition.",,"Paired with s0005 and its explicit WJ2019 issue33 opening-art credit. Promotional composition is not a recorded trip, renewed All Might power or a new relationship event.",
UAN:s0005,5,,OPS/images/08_882128_880264_1_005_001.jpg,f47293e7972afb849a66d2a23866bf587a0d6cd69ec5446c507d55c925573b7a,VISUAL_ORIGINAL_IMAGE,root,REVIEWED_DUPLICATE,"Left half of 5th-anniversary city/cafe illustration with Shoto, Momo, Mina, Kaminari, Tokoyami, Asui and others; WJ19年33号扉 credit.",,"Explicit WJ2019 issue33 reprint paired with s0004. Clothing, leisure poses and cafe setting inspected but not admitted as enacted school-life decisions or pairings.",
UAN:s0006,6,006,OPS/images/08_882128_880264_1_006_001.jpg,c3214bd290ece2fbbc24739b3580bf9da3dab5930746a9153982053c61b9f0d8,VISUAL_ORIGINAL_IMAGE,root,REVIEWED_DUPLICATE,Science-fiction-costume group with spaceship backdrop (WJ16年17号扉) and gloved-fist Midoriya portrait (GIGA16年Vol.3); BORN OF JUSTICE design text.,,"Both original magazine credits are visible. Genre illustration and portrait are reprinted art, not an additional canonical adventure or technique feat.",
UAN:s0007,7,007,OPS/images/08_882128_880264_1_007_001.jpg,f094bb7cb4938866a4d345fdb98cada1487f64dbad02b39fb23e4b2614d94cf1,VISUAL_ORIGINAL_IMAGE,root,REVIEWED_MATERIAL,Midoriya and thin All Might sit side by side on a shaded park bench with parallel hand/leg placement; WJ16年30号扉.,SUP-UAN-007-01,Visual ordinary co-presence retained as promotional representation; not an independently dated interaction with narrated choices.,
UAN:s0008,8,008,OPS/images/08_882128_880264_1_008_001.jpg,eb5559b6ecc056bd84ab5f4704caa17bf42971fe993f4917693a88a14624160c,VISUAL_ORIGINAL_IMAGE,root,REVIEWED_DUPLICATE,"Classmates balancing/leaping in a street (WJ16年25号扉), and fantasy-costume ensemble (WJ17年4・5合併号扉).",,"Explicitly credited magazine reprints. Street and alternate-fantasy arrangements do not establish canonical outings, romances, skills or biographies.",
UAN:s0009,9,009,OPS/images/08_882128_880264_1_009_001.jpg,727e4550cd3a4c82bf3210c593c86828a9b063142f434cb8f9501c1ae0025694,VISUAL_ORIGINAL_IMAGE,root,REVIEWED_DUPLICATE,Five credited works: gifts Midoriya WJ19#4–5; chapter100 flag trio WJ16#34; Shoto/Midoriya action composition WJ16#38; film/popcorn Midoriya WJ18#35cover; brush/HERO Midoriya WJ19#6–7.,,Each reprint credit and illustration inspected. Celebratory props and posed action are not separately enacted conduct or fixed tastes.,
UAN:s0010,10,010,OPS/images/08_882128_880264_1_010_001.jpg,0744ce0721a785e7914d69504a1071530493f3fc07e6afe0baaea88ea2550272,VISUAL_ORIGINAL_IMAGE,root,REVIEWED_DUPLICATE,"Right half of RESTART composition: worn hero-costume Bakugo, Asui and Shoto walking toward viewer.",,"Paired s0011 gives WJ2017 issue17 opening-art credit; injuries/walking are visual representation, not another mission chronology.",
UAN:s0011,11,011,OPS/images/08_882128_880264_1_011_001.jpg,6e0486f6cb24396e59bc0dab03a4c07344df8a2671205d8c18ce10402eaa271c,VISUAL_ORIGINAL_IMAGE,root,REVIEWED_DUPLICATE,"Left half of RESTART: Iida, Ochako and Midoriya in damaged costumes walking forward; WJ17年17号扉.",,Credit and paired composition inspected; cannot assign injury cause or promise successful future recovery from this promotional scene.,
UAN:s0012,12,012,OPS/images/08_882128_880264_1_012_001.jpg,394611541a6a3d66b2d23db6d4da431abd912cda6c80eb9c4bff376ed131005f,VISUAL_ORIGINAL_IMAGE,root,REVIEWED_MATERIAL,"Toga holds apart red curtains with knives while Shigaraki sits in a hand/bone-like chair, additional hands around his body; BACK IN BLACK, WJ16年49号扉.",SUP-UAN-012-01,"The theatrical framing and bodily restraint motifs have visual interpretive value; no literal crowning, captivity scene or relationship policy inferred.",
UAN:s0013,13,013,OPS/images/08_882128_880264_1_013_001.jpg,5e0c06022ecd3d0f0ec865d6b1e40d352ff0ee7b4c2dbec1d56973abf8f0484b,VISUAL_ORIGINAL_IMAGE,root,REVIEWED_DUPLICATE,"Overhaul portrait with plague-bird mask and fur-trimmed green jacket; BACK IN BLACK, WJ17年10号扉.",,Credited magazine reprint. Its adjacency to Shigaraki/Toga art is not proof of common organization or a shared event.,
UAN:s0014,14,014,OPS/images/08_882128_880264_1_014_001.jpg,a409ab10ddf8dfb634d6c054774d1d7af180568b0d9ee8b8614d50982fe6b8ae,VISUAL_ORIGINAL_IMAGE,root,REVIEWED_DUPLICATE,"Midoriya foreground with Overhaul, Nighteye, Aizawa and Mirio holding Eri in a rescue-centered ensemble; WJ17年42号扉.",,"Credited reprint. Composition does not add a rescue outcome, injury chronology or participants' mutual knowledge.",
UAN:s0015,15,015,OPS/images/08_882128_880264_1_015_001.jpg,f26d456367f5a74bb764674a64e4272a38a70d7a7a4934945fed220bd59135be,VISUAL_ORIGINAL_IMAGE,root,REVIEWED_DUPLICATE,Kirishima/Amajiki posed pair WJ17年18号扉; Midoriya/Shinso with capture-cloth action poses WJ19年9号表紙.,,"Two distinct credited reprints. Posed activity does not independently establish a mission, technique test or new shared motive.",
UAN:s0016,16,016,OPS/images/08_882128_880264_1_016_001.jpg,d76d7f3692842a4f2889dd7ca8fe55be868b35ace6b5b4ba1ec3a30d63f4f33b,VISUAL_ORIGINAL_IMAGE,root,REVIEWED_MATERIAL,"SOLITARY: flaming Endeavor foreground, Hood and city silhouette behind, number186; WJ18年28号扉.",SUP-UAN-016-01,The visual/title framing supports a bounded reading of public burden; cannot erase Hawks or other participants from the manga fight.,
UAN:s0017,17,017,OPS/images/08_882128_880264_1_017_001.jpg,acfc582491bf78b27e44297977099563e49a8705d3b924efbd238cb59456e9e3,VISUAL_ORIGINAL_IMAGE,root,REVIEWED_MATERIAL,"Second-anniversary urban class ensemble WJ16年41号扉; SCHOOL LIFE music cover WJ18年17号表紙 with Midoriya microphone, Bakugo drums and Ochako guitar.",SUP-UAN-017-01,Musical promotional casting must be distinguished from actual V19 festival roles; appearance alone does not establish instrument skill.,
UAN:s0018,18,018,OPS/images/08_882128_880264_1_018_001.jpg,c90820985bb9de2ee0fa1bb76cf5a27ea37628cf049f14a2cbee4fcae8e28230,VISUAL_ORIGINAL_IMAGE,root,REVIEWED_DUPLICATE,"BEYOND YOURSELF casual ensemble with Eri, students and adults WJ17年34号扉; Midoriya versus Gentle/La Brava composition WJ18年17号扉.",,"Credited illustrations inspected; no additional event or fixed tastes from props. The second work is issue17 opening art, distinct from the issue17 cover on s0017.",
UAN:s0019,19,,OPS/images/08_882128_880264_1_019_001.jpg,851144b260121d40d95ba1b7dff8e8afd9392ae3c95b0f9da605c861f0f7d268,VISUAL_ORIGINAL_IMAGE,root,REVIEWED_NO_MATERIAL_ADDITION,"HERO is… promotional heroic ideal, with All Might/Midoriya montage and Plus Ultra call.",,"Editorial aspirational slogan about admiration, justice, persistence and peace, not proof every hero enacts the ideal or never fails.",
UAN:s0020,20,,OPS/images/08_882128_880264_1_020_001.jpg,a3c1943777056da4e5f2edb671d2b0da57f51701745a470d215d3c4319721861,VISUAL_ORIGINAL_IMAGE,root,REVIEWED_MATERIAL,"Full contents and HERO CARD key: codename, name, close-range/long-range/support type, Quirk and radar chart. The small sample is supplemented by the full-size Midoriya card on s0022 (fifth axis オーラ E, aura).",SUP-UAN-020-01,"Retrieval and source-format controls matter: no common fifth-axis rubric, scale calibration or cross-book equivalence is supplied.",
UAN:s0021,21,,OPS/images/08_882128_880264_1_021_001.jpg,94a189c0a190de3769c3dea29f6169bc2a008c23f7191558bc60b30647bd0d45,VISUAL_ORIGINAL_IMAGE,root,REVIEWED_NO_MATERIAL_ADDITION,"1st EDITION / NEW HEROES I opener describes Class A's development through training, exams and villain encounters, with battle strength, mental growth and activity records.",,"Section-level editorial scope statement, not an individual causal analysis or numeric rating definition.",
UAN:s0022,22,022,OPS/images/08_882128_880264_1_022_001.jpg,17970802e7cf06af9633b5cd2a953a2f87c8280da128ff634e794d6634d4d01e,VISUAL_ORIGINAL_IMAGE,root,REVIEWED_MATERIAL,"Midoriya card: close-range, One For All, true potential/No1-candidate promotional question, four ability axes and aura E.",SUP-UAN-022-01,Full-size chart resolves personalized axis; the promotional superlative is not a measured or achieved hero ranking.,
UAN:s0023,23,023,OPS/images/08_882128_880264_1_023_001.jpg,207251f2f0baecc8a2f589f50065ae796bd466026cfa5a5962fa025ff2558662,VISUAL_ORIGINAL_IMAGE,root,REVIEWED_MATERIAL,"Midoriya successor profile, Kota and Eri treasured letters, manga episodes, biographical/technique data and directed relationship map.",SUP-UAN-023-01; SUP-UAN-023-02,Ordinary valued objects and recipient/peer knowledge provide bounded additions; reprinted manga scenes remain dependent evidence.,
UAN:s0024,24,024,OPS/images/08_882128_880264_1_024_001.jpg,c55c1d628831ba0707ebe4edf51b72132d38ae2045da651238e497c77ec13003,VISUAL_ORIGINAL_IMAGE,root,REVIEWED_MATERIAL,"Bakugo card, hero-name placeholder XXX, explosion and movement summary; fifth rating axis language use E.",SUP-UAN-022-01,"Compared with Midoriya aura axis, confirms fifth-axis variation; neither XXX nor rank letters establish endpoint identity or measured moral development.",
UAN:s0025,25,025,OPS/images/08_882128_880264_1_025_001.jpg,8fb16f4fd1bd6316c098d6abd342b23901c3b89c53c2c60e83ad18bf203ab49e,VISUAL_ORIGINAL_IMAGE,root,REVIEWED_MATERIAL,"Bakugo profile connects peer rescue, All Might retirement and knowledge of Midoriya's Quirk with concern for teammates; parent-email replies; relationship map and manga quotes.",SUP-UAN-025-01; SUP-UAN-025-02,"Source dates cooperative growth and guilt to later reference state than UA, while preserving brusque ordinary family address.",
UAN:s0026,26,026,OPS/images/08_882128_880264_1_026_001.jpg,3629153c56c1e1edf22b77287b4fff489fb1d4fd8114dbc1c83ae2770874678f,VISUAL_ORIGINAL_IMAGE,root,REVIEWED_MATERIAL,"Shoto card: long-range Half-Cold Half-Hot, soba-love A as personalized fifth axis.",SUP-UAN-026-01,Confirms food-interest framing without quantifying preference or deriving it from parental trauma.,
UAN:s0027,27,027,OPS/images/08_882128_880264_1_027_001.jpg,ef0adc2ec4bb99f70ed5818b64f84932c37dba36a46f86b5a885dab2ca967bd1,VISUAL_ORIGINAL_IMAGE,root,REVIEWED_MATERIAL,"Shoto profile headline accepts father/flame; body and captions retain hesitation, desire for own hero ideal, ice-shaping detail, growing fans and directed father/Inasa relationships.",SUP-UAN-027-01; SUP-UAN-027-02,Headline must be read against more conditional details; relationship efforts and scrutiny are not complete reconciliation.,
UAN:s0028,28,028,OPS/images/08_882128_880264_1_028_001.jpg,17f9a5f11f3cf31b88d0c454fcf738f07b5136187c2c9d5dd568e8d3543a2a75,VISUAL_ORIGINAL_IMAGE,root,REVIEWED_MATERIAL,"Ochako card, Zero Gravity approximately three-ton reference limit and self-floating; saving/economizing S fifth axis.",SUP-UAN-028-01,"Ordinary economic competence is a personalized editorial axis, not empirical measure of deprivation or moral worth.",
UAN:s0029,29,029,OPS/images/08_882128_880264_1_029_001.jpg,5665182a1e1200230ba06358951baa667f2319cc4c29bbcc49c2d9de967ef8be,VISUAL_ORIGINAL_IMAGE,root,REVIEWED_MATERIAL,"Ochako family-support ambition, admiration for Midoriya, requested costume improvement; rescue response after Nighteye death, romantic suppression/teasing and relationship map.",SUP-UAN-029-01; SUP-UAN-029-02,Care development and bounded romantic knowledge retained; always-smiling slogan not an exceptionless psychological description.,
UAN:s0030,30,030,OPS/images/08_882128_880264_1_030_001.jpg,c02b76e2e677f6c62a82e830917ec87e23d2e3c95465448b9c68bb53b5910ade,VISUAL_ORIGINAL_IMAGE,root,REVIEWED_NO_MATERIAL_ADDITION,"Iida/Ingenium card: engine legs, carrying inherited name and ultra-speed rhetoric; earnest seriousness S fifth axis.",,"Card introduces profile on s0031 reviewed by models agent. Shared letters do not prove always-obedient behavior, erase Hosu or supply a new independent episode.",
UAN:s0031,31,31,OPS/images/08_882128_880264_1_031_001.jpg,2c4d3d54bdb44853a1fb86282aaa43252198bfabf8050599200d52db1cb3b712,Original extracted image personally viewed with view_image(detail=original); all meaningful visible text and visual relationships read; no OCR substitution,models,REVIEWED_MATERIAL,"Iida profile: brother ideal, daily kicking-technique exchanges with Midoriya, awareness of emotionally driven private motives after Hosu, flexible growth and Recipro Turbo; relationship arrows distinguish friends/rivals, Hatsume exploitation, Stain grievance and brother admiration; profile and cited quotes.",SUP-UAN-031-01; SUP-UAN-031-02,"Distinct profile, conditional, relational or interpretive content retained with claim-specific temporal and source limits.",
UAN:s0032,32,32,OPS/images/08_882128_880264_1_032_001.jpg,0708c5c7cad0f804990e176fac2de8c482914fbfeef54026a21d4afd47956c93,Original extracted image personally viewed with view_image(detail=original); all meaningful visible text and visual relationships read; no OCR substitution,models,REVIEWED_MATERIAL,"Asui Froppy ability/title card: frog-like human-scale capacities, tongue about 20m; close/support classification; four common ratings plus reliability S.",SUP-UAN-032-01,"Distinct profile, conditional, relational or interpretive content retained with claim-specific temporal and source limits.",
UAN:s0033,33,33,OPS/images/08_882128_880264_1_033_001.jpg,65a983e62f30678977643d386bee06e23a3353d7eab51354153d83bc4f69a1fd,Original extracted image personally viewed with view_image(detail=original); all meaningful visible text and visual relationships read; no OCR substitution,models,REVIEWED_MATERIAL,"Asui's calm competence and emotional sensitivity; parents' work settled, frequent sibling video chats; dorm reconciliation and camouflage excerpts; Ochako friendship, Toga rejected intimacy, Mineta's denied lewdness and Kaminari admiration; profile and chapter-cited quotes.",SUP-UAN-033-01; SUP-UAN-033-02,"Distinct profile, conditional, relational or interpretive content retained with claim-specific temporal and source limits.",
UAN:s0034,34,34,OPS/images/08_882128_880264_1_034_001.jpg,0f7a98c3dc31e28aae76d0e72e2328d4a704fd7b3177ceecfa362f8c8ef6c315,Original extracted image personally viewed with view_image(detail=original); all meaningful visible text and visual relationships read; no OCR substitution,models,REVIEWED_MATERIAL,Kirishima Unbreakable title/ability card: hardening enables blade-like offense and defense; close-range class; customized manliness S rating alongside power/speed/technique/intelligence.,SUP-UAN-034-01,"Distinct profile, conditional, relational or interpretive content retained with claim-specific temporal and source limits.",
UAN:s0035,35,35,OPS/images/08_882128_880264_1_035_001.jpg,e3c9137aecdfbbddb8fb7643d14e39295fb80ef496ff75172f89a27a5bc38353,Original extracted image personally viewed with view_image(detail=original); all meaningful visible text and visual relationships read; no OCR substitution,models,REVIEWED_MATERIAL,"Kirishima backstory/inferiority and Crimson Riot inspiration, daily colouring-shampoo routine; Kamino resolve and joint-training tactical weakness; Fat Gum/Bakugo/Tetsutetsu/Mina relationship voices; profile and chapter-cited maxims.",SUP-UAN-035-01; SUP-UAN-035-02,"Distinct profile, conditional, relational or interpretive content retained with claim-specific temporal and source limits.",
UAN:s0036,36,36,OPS/images/08_882128_880264_1_036_001.jpg,ef3f85c271dc90b1b6aa2701160fabadb11e57fa89063951f54d18236f0f94dc,Original extracted image personally viewed with view_image(detail=original); all meaningful visible text and visual relationships read; no OCR substitution,models,REVIEWED_MATERIAL,"Yaoyorozu creation card: nonliving objects require molecular-structure understanding; close/support class; intelligence S, technique A+, operation A as customized axis.",SUP-UAN-036-01,"Distinct profile, conditional, relational or interpretive content retained with claim-specific temporal and source limits.",
UAN:s0037,37,37,OPS/images/08_882128_880264_1_037_001.jpg,cd5821e9d495c6a2b777e61ba8786b917833b66353a52badfc5083f7fbeb4cc5,Original extracted image personally viewed with view_image(detail=original); all meaningful visible text and visual relationships read; no OCR substitution,models,REVIEWED_MATERIAL,"Yaoyorozu command capacity, reciprocal friendship with Jiro and current metal listening; rescue exam95 and improved instant judgment; Kendo ambiguous victory, Todoroki recommendation trust, Mina study teaching, Tokoyami anticipatory planning; profile and quotes.",SUP-UAN-037-01; SUP-UAN-037-02,Original profile fully read and re-viewed after s0115 exposed95/94. Later locked primary V13:p105 supports94; preserve this page's printed95 and unknown cause.,Reason for editorial95 versus original-manga94 is unestablished; no typo/edition-change cause inferred.
UAN:s0038,38,38,OPS/images/08_882128_880264_1_038_001.jpg,cf2046e96a06d92cf1dbbeffdb7d761723b463560f46f9ac60ac31f31374f471,Original extracted image personally viewed with view_image(detail=original); all meaningful visible text and visual relationships read; no OCR substitution,models,REVIEWED_MATERIAL,"Tokoyami Dark Shadow card: darkness strengthens, light weakens; four ratings and customized chuunibyou S comic-persona axis.",SUP-UAN-038-01,"Distinct profile, conditional, relational or interpretive content retained with claim-specific temporal and source limits.",
UAN:s0039,39,39,OPS/images/08_882128_880264_1_039_001.jpg,6a71177fdf285d9afa4dd4ed15ae9d41ebc5126dd92f1621bca6a920d815b71c,Original extracted image personally viewed with view_image(detail=original); all meaningful visible text and visual relationships read; no OCR substitution,models,REVIEWED_MATERIAL,"Tokoyami old-fashioned speech, choker self-description and Dark Crystal hero inspiration; flight from Hawks, Dark Shadow anger after Shoji injury and remaining control task; Kuroiro rivalry, Midoriya apology, Jiro guitar appraisal and F-chord setback; profile/quotes.",SUP-UAN-039-01; SUP-UAN-039-02,"Distinct profile, conditional, relational or interpretive content retained with claim-specific temporal and source limits.",
UAN:s0040,40,40,OPS/images/08_882128_880264_1_040_001.jpg,e8c054be9e582bd574745c79186fed945975dde2a1413f15ee328c6746ff06ce,Original extracted image personally viewed with view_image(detail=original); all meaningful visible text and visual relationships read; no OCR substitution,models,REVIEWED_MATERIAL,"Mineta support card: sticky balls used for footholds; intelligence A+, technique A, reason E; headline contrasts brains and continuing desire.",SUP-UAN-040-01,"Distinct profile, conditional, relational or interpretive content retained with claim-specific temporal and source limits.",
UAN:s0041,41,41,OPS/images/08_882128_880264_1_041_001.jpg,85c2aff8a2354fd3cfcf869bc7f06ad005388f0222390e07aa909610dee3828b,Original extracted image personally viewed with view_image(detail=original); all meaningful visible text and visual relationships read; no OCR substitution,models,REVIEWED_MATERIAL,"Mineta's popularity motive and sexual preoccupation; adult innuendo about Mineta Beads; repeated objectifying manga monologue; Kaminari alliance, Midoriya shared fear, Asui restraint and Yaoyorozu victim label; stats and sexual/combat/festival maxims.",SUP-UAN-041-01,"Distinct profile, conditional, relational or interpretive content retained with claim-specific temporal and source limits.",
UAN:s0042,42,42,OPS/images/08_882128_880264_1_042_001.jpg,9aefa32dd36c08a2fd8b69675cae43f8bf00b028c16cac74e63413feccbd908f,Original extracted image personally viewed with view_image(detail=original); all meaningful visible text and visual relationships read; no OCR substitution,models,REVIEWED_MATERIAL,"Kaminari electricity card: controllable wattage can charge phones, area discharge; technique/intelligence split and personalized wheyy S gag axis.",SUP-UAN-042-01,"Distinct profile, conditional, relational or interpretive content retained with claim-specific temporal and source limits.",
UAN:s0043,43,43,OPS/images/08_882128_880264_1_043_001.jpg,eb3166234b21a0f704d28eaf3dc8c28abe263a08913ff2dc2583c2783a569149,Original extracted image personally viewed with view_image(detail=original); all meaningful visible text and visual relationships read; no OCR substitution,models,REVIEWED_MATERIAL,Kaminari bright friend-oriented class mood-maker and overload limit; electrical Quirk civilian job market; defence of Bakugo/Kirishima against Shishikura and school struggles; relationship joking with Bakugo/Jiro/Mineta and Kirishima thanks; profile/cited quotes.,SUP-UAN-043-01; SUP-UAN-043-02,"Distinct profile, conditional, relational or interpretive content retained with claim-specific temporal and source limits.",
UAN:s0044,44,44,OPS/images/08_882128_880264_1_044_001.jpg,ef04d7f2bb3b25d5187953fa51c7d0bddcca0555c4ea314cb1b006c81c50c5d3,Original extracted image personally viewed with view_image(detail=original); all meaningful visible text and visual relationships read; no OCR substitution,models,REVIEWED_MATERIAL,Jiro sonic attack/support card: heartbeat shockwaves and wall-inserted listening/reconnaissance; customized no-music-no-life A axis.,SUP-UAN-044-01,"Distinct profile, conditional, relational or interpretive content retained with claim-specific temporal and source limits.",
UAN:s0045,45,45,OPS/images/08_882128_880264_1_045_001.jpg,6345a09d41dac1e189ce042a2c4dcac541a721f443bb28837b12fb2aeb5d3857,Original extracted image personally viewed with view_image(detail=original); all meaningful visible text and visual relationships read; no OCR substitution,models,REVIEWED_MATERIAL,"Jiro reserved rock persona, jacks cannot lift a person; festival band leadership/teaching, current classical listening from Momo; support attack in joint training; Midoriya music notebook, Bakugo mutual rescue, Kaminari teasing and Koda reciprocal apology; profile/maxims.",SUP-UAN-045-01; SUP-UAN-045-02,"Distinct profile, conditional, relational or interpretive content retained with claim-specific temporal and source limits.",
UAN:s0046,46,46,OPS/images/08_882128_880264_1_046_001.jpg,ca7d42ae7234272ab619dbba99c53521a772abb3ec1655952ae5bc9ac5f75bdb,Original extracted image personally viewed with view_image(detail=original); all meaningful visible text and visual relationships read; no OCR substitution,models,REVIEWED_MATERIAL,"Sero tape card: elbow tape for movement, traps and restraint; flexible thinking headline; style A fifth axis and technique/speed ratings.",SUP-UAN-046-01,"Distinct profile, conditional, relational or interpretive content retained with claim-specific temporal and source limits.",
UAN:s0047,47,47,OPS/images/08_882128_880264_1_047_001.jpg,ca5e9c5e5731456f9958803f1be10881785d55cdfab5fd38c2c96e1ae2fef6d5,Original extracted image personally viewed with view_image(detail=original); all meaningful visible text and visual relationships read; no OCR substitution,models,REVIEWED_MATERIAL,"Sero sharp joking/nickname skill, flexible tape use and admiration for an unnamed American web-producing hero; licence traps and rescue-race first; Todoroki apology, Mineta envy, Momo tape joke, Mina room reaction; profile and quoted exam84.",SUP-UAN-047-01,"Distinct profile, conditional, relational or interpretive content retained with claim-specific temporal and source limits.",
UAN:s0048,48,48,OPS/images/08_882128_880264_1_048_001.jpg,f926314a5bf83650fb03545ade6d4c827756ce7ebc2e208280a4b822a6eb9a97,Original extracted image personally viewed with view_image(detail=original); all meaningful visible text and visual relationships read; no OCR substitution,models,REVIEWED_MATERIAL,"Aoyama laser card: long range and power, abdominal pain beyond one second; sparkling S customized chart.",SUP-UAN-048-01,"Distinct profile, conditional, relational or interpretive content retained with claim-specific temporal and source limits.",
UAN:s0049,49,49,OPS/images/08_882128_880264_1_049_001.jpg,c96952007f70cdd0f5fb71119b48dbcf06a2e84fba6943cec609047cfe6317bc,Original extracted image personally viewed with view_image(detail=original); all meaningful visible text and visual relationships read; no OCR substitution,models,REVIEWED_MATERIAL,"Aoyama aloof narcissistic presentation and perceptive remarks, trust in Midoriya's similar difficulty and cheese surprise; new laser directions; Tokoyami catch, Iida cooperation, Ochako guessed attraction; France self-claim, profile/quotes.",SUP-UAN-049-01; SUP-UAN-049-02,"Distinct profile, conditional, relational or interpretive content retained with claim-specific temporal and source limits.",
UAN:s0050,50,50,OPS/images/08_882128_880264_1_050_001.jpg,d968ed05a98df5241fab75e2f7f8366c367e5fa674893ba0e39c33d3bf1be95e,Original extracted image personally viewed with view_image(detail=original); all meaningful visible text and visual relationships read; no OCR substitution,models,REVIEWED_MATERIAL,"Mina acid card: concentration changes allow attack or limited dissolution/lubrication; dance A+ fifth axis, low intelligence alongside technique A.",SUP-UAN-050-01,"Distinct profile, conditional, relational or interpretive content retained with claim-specific temporal and source limits.",
UAN:s0051,51,51,OPS/images/08_882128_880264_1_051_001.jpg,1fdf7df8915c5623d379be82588e1c9f991199339688f97483b9b995c3471c08,Original extracted image personally viewed with view_image(detail=original); all meaningful visible text and visual relationships read; no OCR substitution,models,REVIEWED_MATERIAL,"Mina friendly courageous observational combination-planner; has not yet fallen for someone but longs for romance; tactful promise not to expose Kirishima until ready, acid-wall protection; Ochako romance tease, name request to Bakugo and academic failure; profile/quotes.",SUP-UAN-051-01; SUP-UAN-051-02,"Distinct profile, conditional, relational or interpretive content retained with claim-specific temporal and source limits.",
UAN:s0052,52,52,OPS/images/08_882128_880264_1_052_001.jpg,82ce8ba1b6bb3c97c3ac3582c996bcf3bfa32fa7292041cba916dde4d80dad76,Original extracted image personally viewed with view_image(detail=original); all meaningful visible text and visual relationships read; no OCR substitution,models,REVIEWED_MATERIAL,"Shoji duplicate-arm card: sensory organs for detection and hands for strength; power/technique A, friendship A fifth axis.",SUP-UAN-052-01,"Distinct profile, conditional, relational or interpretive content retained with claim-specific temporal and source limits.",
UAN:s0053,53,53,OPS/images/08_882128_880264_1_053_001.jpg,37a228140fbb9c370e26d533d3be0b9498a26df1559ea02b08ba00689dff0ca2,Original extracted image personally viewed with view_image(detail=original); all meaningful visible text and visual relationships read; no OCR substitution,models,REVIEWED_MATERIAL,"Shoji self-sacrificing quiet defender; home-region heteromorph prejudice and mask after girl feared his face; gliding cooperation and20+ arm technique; Koda comfortable silence, Hagakure thanks, Tokoyami apology and Midoriya risk concern; profile/maxims.",SUP-UAN-053-01; SUP-UAN-053-02,"Distinct profile, conditional, relational or interpretive content retained with claim-specific temporal and source limits. Follow-up original re-view checked regional persistence against s0285 CRC glossary; root owns the separate glossary record.",
UAN:s0054,54,54,OPS/images/08_882128_880264_1_054_001.jpg,8a84e85986aea2aa52c4655fbbe8dfa9c41f7096e44503c0a7c6c9e32da99cb5,Original extracted image personally viewed with view_image(detail=original); all meaningful visible text and visual relationships read; no OCR substitution,models,REVIEWED_MATERIAL,"Ojiro martial all-rounder card, tail strike/movement applications; all four common ratings and overall ability rated B.",SUP-UAN-054-01,"Distinct profile, conditional, relational or interpretive content retained with claim-specific temporal and source limits.",
UAN:s0055,55,55,OPS/images/08_882128_880264_1_055_001.jpg,6e16a1961946c497c0ac366e94e2a0b78f9eaa0aaf3dec58acf2377b6958034f,Original extracted image personally viewed with view_image(detail=original); all meaningful visible text and visual relationships read; no OCR substitution,models,REVIEWED_MATERIAL,"Ojiro kind plainspoken self-respect and rare anger; sports-festival withdrawal, Kaibara combat and Shoji support; comic unexplained hurt at unheard classmates' evaluation; Hagakure seriousness and Shinso exchange; stats/quotes.",SUP-UAN-055-01,"Distinct profile, conditional, relational or interpretive content retained with claim-specific temporal and source limits.",
UAN:s0056,56,56,OPS/images/08_882128_880264_1_056_001.jpg,c09378ce8871e0c178480be6575e488af9cc87c50ab0a39b48078f20d8ea4488,Original extracted image personally viewed with view_image(detail=original); all meaningful visible text and visual relationships read; no OCR substitution,models,REVIEWED_MATERIAL,"Hagakure invisible card, constant body invisibility and clothing removal for stealth; transparency S personalized rating.",SUP-UAN-056-01,"Distinct profile, conditional, relational or interpretive content retained with claim-specific temporal and source limits.",
UAN:s0057,57,57,OPS/images/08_882128_880264_1_057_001.jpg,ff2c40049dbb2838055cf8650ef1ab86dd9d9ac08423f08138ecefba9ba1b6ff,Original extracted image personally viewed with view_image(detail=original); all meaningful visible text and visual relationships read; no OCR substitution,models,REVIEWED_MATERIAL,"Hagakure assertive bright speech/motion as presence assertion, room display and light refraction; bold joint-training attempt against Fukidashi; Jiro praise anxiety, Todoroki accidental-freezing risk, Ojiro propriety response; profile/quotes.",SUP-UAN-057-01,"Distinct profile, conditional, relational or interpretive content retained with claim-specific temporal and source limits.",
UAN:s0058,58,58,OPS/images/08_882128_880264_1_058_001.jpg,3d7574a9f95d96962fbd5f56a19e0c0edd43e91fc428b4502561d71209e726b5,Original extracted image personally viewed with view_image(detail=original); all meaningful visible text and visual relationships read; no OCR substitution,models,REVIEWED_MATERIAL,"Sato sugar-power card,10g produces fivefold strength for3min and heavy transport; feminine-skill A personalized axis.",SUP-UAN-058-01,"Distinct profile, conditional, relational or interpretive content retained with claim-specific temporal and source limits.",
UAN:s0059,59,59,OPS/images/08_882128_880264_1_059_001.jpg,4079be0cc3746964eac2dca77d867c75edd812e50cf81381e875575fbb7e2cc8,Original extracted image personally viewed with view_image(detail=original); all meaningful visible text and visual relationships read; no OCR substitution,models,REVIEWED_MATERIAL,"Sato weekly Sugarman Sugar Time dorm social ritual, Momo tea pairing and class popularity; cake training for duration, freeing Bakugo from Awase, encouraging exhausted Kirishima; profile and cake-sharing quotes.",SUP-UAN-059-01; SUP-UAN-059-02,"Distinct profile, conditional, relational or interpretive content retained with claim-specific temporal and source limits.",
UAN:s0060,60,60,OPS/images/08_882128_880264_1_060_001.jpg,b64d8518e68952999143f021d47c6221a655214c9d564e792baf89b6ba92879d,Original extracted image personally viewed with view_image(detail=original); all meaningful visible text and visual relationships read; no OCR substitution,models,REVIEWED_MATERIAL,"Koda Anivoice card: voice-carried intent controls animals including insects, birds and mammals; local availability implied; taciturn B fifth axis.",SUP-UAN-060-01,"Distinct profile, conditional, relational or interpretive content retained with claim-specific temporal and source limits.",
UAN:s0061,61,61,OPS/images/08_882128_880264_1_061_001.jpg,006c920927b6ee29a4c0b7f535592184fe8a5eb166cab4d0fc38a40cd38c5e78,Original extracted image personally viewed with view_image(detail=original); all meaningful visible text and visual relationships read; no OCR substitution,models,REVIEWED_MATERIAL,"Koda shy gentle animal lover, pet rabbit Yui nicknamed Kawaii-chan by girls; family's horns versus his not-yet-grown horns; encourages Jiro's music, insect use after exam and festival birds; Shishida power comparison, Kirishima mirror-ball idea, Ochako rabbit invitation; formal animal commands, profile.",SUP-UAN-061-01; SUP-UAN-061-02,"Distinct profile, conditional, relational or interpretive content retained with claim-specific temporal and source limits.",
UAN:s0062,62,62,OPS/images/08_882128_880264_1_062_001.jpg,6d7d223abfc43da0aa61fa8c598e875091a362a2a3fd8d49f0de60967bb37553,Original extracted image personally viewed with view_image(detail=original); all meaningful visible text and visual relationships read; no OCR substitution,models,REVIEWED_MATERIAL,"Comic column collects Bakugo derogatory nicknames, classmates' reactions and reciprocal insults; Iida urges speech reform, Jiro asks for her name, Kirishima disputes hair insult, Midoriya marvels that Bakugo fits into class.",SUP-UAN-062-01,"Distinct profile, conditional, relational or interpretive content retained with claim-specific temporal and source limits.",
UAN:s0063,63,,OPS/images/08_882128_880264_1_063_001.jpg,42e6863cba683e33addb5619c679556ef9a0ca0ae70aafdee7888639ce4a4ee3,Original extracted image personally viewed with view_image(detail=original); all meaningful visible text and visual relationships read; no OCR substitution,models,REVIEWED_NO_MATERIAL_ADDITION,New Heroes II section divider introduces20 Class B members as rivals and fellow hero aspirants.,,Divider fully reviewed; section framing and20-member count supply navigation but no separate claim beyond forthcoming profiles; no visible printed folio.,
UAN:s0064,64,64,OPS/images/08_882128_880264_1_064_001.jpg,c849451451b5ab98789d4e9fa5f2a2518dcd8672fef645cf06050292ace86bad,Original extracted image personally viewed with view_image(detail=original); all meaningful visible text and visual relationships read; no OCR substitution,models,REVIEWED_MATERIAL,"Tetsutetsu Steel card, metal transformation and heat/cold function; strength/duration tied to internal iron; manliness A customized rating.",SUP-UAN-064-01,"Distinct profile, conditional, relational or interpretive content retained with claim-specific temporal and source limits.",
UAN:s0065,65,65,OPS/images/08_882128_880264_1_065_001.jpg,aa56cba04d3f69cb7a8fe94db1905c606da0555b7b7e6d02e5c6a4fe27be82b0,Original extracted image personally viewed with view_image(detail=original); all meaningful visible text and visual relationships read; no OCR substitution,models,REVIEWED_MATERIAL,"Tetsutetsu's later Fourth Kind internship request rejected; regrets learning Kirishima's Fat Gum placement; cancelled Class B barbecue gag; protecting classmates from Mustard and improved temperature endurance, Kendo reliance/Honenuki tactics/Todoroki risk; profile/maxims.",SUP-UAN-065-01; SUP-UAN-065-02,"Distinct profile, conditional, relational or interpretive content retained with claim-specific temporal and source limits.",
UAN:s0066,66,66,OPS/images/08_882128_880264_1_066_001.jpg,7d7a7e751bc2c47b45cc518f4971b7a3189eadd2df43a875b43c4611923128c7,Original extracted image personally viewed with view_image(detail=original); all meaningful visible text and visual relationships read; no OCR substitution,models,REVIEWED_MATERIAL,Monoma Copy card states5min duration and stored Quirks used non-simultaneously; provocation S customized axis; later adjacent page gives4 holds.,SUP-UAN-066-01,Five-minute card retained exactly; subsequent parent primary check narrows its applicability without inventing a measured contradiction.,Whether Monoma's ten-minute tactical disclosure is fully accurate is not established by a timed trial in the checked exchange.; The editorial reason for retaining five minutes beside the later four-slot profile is not established.
UAN:s0067,67,67,OPS/images/08_882128_880264_1_067_001.jpg,b70642861b5e1e0defb9403e81f1601250834dd30429267d86d9506fc106e6a8,Original extracted image personally viewed with view_image(detail=original); all meaningful visible text and visual relationships read; no OCR substitution,models,REVIEWED_MATERIAL,"Monoma respected Class B strategist/orator, current4 Quirk holds; occasional Class A dorm taunting visits; licence provocation and joint-training Bakugo insult; Kendo refusal of class hatred and Monoma objection to chops, Shinso indirect power kinship; family/in-group kindness profile and protagonist maxim.",SUP-UAN-067-01; SUP-UAN-067-02,"Distinct profile, conditional, relational or interpretive content retained with claim-specific temporal and source limits.",
UAN:s0068,68,68,OPS/images/08_882128_880264_1_068_001.jpg,c12752776b1a6572018ab7a95d3caed15ff957df65da48668257b65ff9c4620f,Original extracted image personally viewed with view_image(detail=original); all meaningful visible text and visual relationships read; no OCR substitution,models,REVIEWED_MATERIAL,"Kendo Big Fist card, person-sized hands and metal-shield break; power/intelligence A and big-sister A personalized axis.",SUP-UAN-068-01,"Distinct profile, conditional, relational or interpretive content retained with claim-specific temporal and source limits.",
UAN:s0069,69,69,OPS/images/08_882128_880264_1_069_001.jpg,0e0c88f9736c1ede551c8dfc1d8bc6bad9abf6f73b5cbb11861f2ff3957d8039,Original extracted image personally viewed with view_image(detail=original); all meaningful visible text and visual relationships read; no OCR substitution,models,REVIEWED_MATERIAL,"Kendo Class B representative, prestigious feeder middle school, tactical and physical skill; later internship away from Uwabami; restrains Monoma, defeats Momo's tungsten shield, desires distinct competitive recognition, pageant rivalry; profile/quotes.",SUP-UAN-069-01; SUP-UAN-069-02,"Distinct profile, conditional, relational or interpretive content retained with claim-specific temporal and source limits.",
UAN:s0070,70,70,OPS/images/08_882128_880264_1_070_001.jpg,9ab369ac1738fea7bad0c277d0121b7508bea03f76d9586c7f95b022b89a7155,Original extracted image personally viewed with view_image(detail=original); all meaningful visible text and visual relationships read; no OCR substitution,models,REVIEWED_MATERIAL,"Shiozaki Vine card, extendable/cut vines for shield and capture; saint A personalized axis; codename Vine differs from UA Maria.",SUP-UAN-070-01,"Distinct profile, conditional, relational or interpretive content retained with claim-specific temporal and source limits.",
UAN:s0071,71,71,OPS/images/08_882128_880264_1_071_001.jpg,849199cec7e848c8586a4e26fd67c85b2231361386b5b331d3731ca8cb04c945,Original extracted image personally viewed with view_image(detail=original); all meaningful visible text and visual relationships read; no OCR substitution,models,REVIEWED_MATERIAL,"Shiozaki inability to deceive framed as sincerity, commander ability and courteous religious voice; drawing-hair labour remark; Iida instant defeat, Kaminari overture, Shishida teammate and Kamui respect; Vine current name, profile and religious maxims.",SUP-UAN-071-01; SUP-UAN-071-02,"Distinct profile, conditional, relational or interpretive content retained with claim-specific temporal and source limits.",
UAN:s0072,72,72,OPS/images/08_882128_880264_1_072_001.jpg,a8c27926ba30eba89469b7ac2140e596a5fe7940b7c62c87bfa060a92911fcb1,Original extracted image personally viewed with view_image(detail=original); all meaningful visible text and visual relationships read; no OCR substitution,models,REVIEWED_MATERIAL,"Komori Mushroom card: varied spores spread in moist range, vulnerable to sterilization; idol B custom axis.",SUP-UAN-072-01,"Distinct profile, conditional, relational or interpretive content retained with claim-specific temporal and source limits.",
UAN:s0073,73,73,OPS/images/08_882128_880264_1_073_001.jpg,15d5fceb2aec7cf74a2ed3622930dceab8d0700aaca330f65b44f67642b5ee4c,Original extracted image personally viewed with view_image(detail=original); all meaningful visible text and visual relationships read; no OCR substitution,models,REVIEWED_MATERIAL,"Komori cheerful prankster likes Lolita fashion, seeks idol-hero role; initial name revised for pronunciation; mushroom wordplay; airway attack then apology/care for Tokoyami; Shiozaki cultivation, Kuroiro planning, Fukidashi humidity, Hagakure embarrassment; profile/quotes.",SUP-UAN-073-01; SUP-UAN-073-02,"Distinct profile, conditional, relational or interpretive content retained with claim-specific temporal and source limits.",
UAN:s0074,74,74,OPS/images/08_882128_880264_1_074_001.jpg,36590fedef662c5b899c7263d5d2425d25bb764a141a4d7cc2b9f851f89f6ea4,Original extracted image personally viewed with view_image(detail=original); all meaningful visible text and visual relationships read; no OCR substitution,models,REVIEWED_MATERIAL,"Honenuki Softening card: touch softens objects, retouch cancels; terrain restriction and surprise; flexible thinking A fifth axis.",SUP-UAN-074-01,"Distinct profile, conditional, relational or interpretive content retained with claim-specific temporal and source limits.",
UAN:s0075,75,75,OPS/images/08_882128_880264_1_075_001.jpg,92f58eb34e724bcef02b388504b7d8e45fee04687d37a0521138aeebc8902bfc,Original extracted image personally viewed with view_image(detail=original); all meaningful visible text and visual relationships read; no OCR substitution,models,REVIEWED_MATERIAL,"Honenuki recommendation entrant/intern, freely sociable but rejects Monoma's incessant venting; switches to English for Pony, wants rematches/does not want friends to lose from his error; Kodai scare-test pairing and Tetsutetsu/Kaibara cooperation; profile/maxims.",SUP-UAN-075-01; SUP-UAN-075-02,"Distinct profile, conditional, relational or interpretive content retained with claim-specific temporal and source limits.",
UAN:s0076,76,76,OPS/images/08_882128_880264_1_076_001.jpg,18664908dbf6f743508581dd6e624ec14acb0f5cac6019537c6a228fa3f91b49,Original extracted image personally viewed with view_image(detail=original); all meaningful visible text and visual relationships read; no OCR substitution,models,REVIEWED_MATERIAL,Pony Horn Cannon card: at most4 remotely controlled horns and riding movement; XXX placeholder codename and katakana/broken-Japanese A fifth axis.,SUP-UAN-076-01,"Distinct profile, conditional, relational or interpretive content retained with claim-specific temporal and source limits.",
UAN:s0077,77,77,OPS/images/08_882128_880264_1_077_001.jpg,e148f73ef6e34b06c11fdab163eccf0f04efe87a10f9328e75702d8714c04951,Original extracted image personally viewed with view_image(detail=original); all meaningful visible text and visual relationships read; no OCR substitution,models,REVIEWED_MATERIAL,"Pony explicitly Japanese-American, struggles in Japanese and uses English when emotional; anime sessions after Yanagi horror films; friends teach rude phrases, Monoma language trick, Honenuki English help, octopus aversion/Shoji response and no-loss tactic; profile/maxims.",SUP-UAN-077-01; SUP-UAN-077-02,"Distinct profile, conditional, relational or interpretive content retained with claim-specific temporal and source limits.",
UAN:s0078,78,78,OPS/images/08_882128_880264_1_078_001.jpg,46d37a4c84de61a49b071415fdedc72ecfea9c02616c96bd79325f1ae08f7a3b,Original extracted image personally viewed with view_image(detail=original); all meaningful visible text and visual relationships read; no OCR substitution,models,REVIEWED_MATERIAL,"Tokage split-body card: freely moving floating parts stop after a period and return; splitness A fifth axis, speed/technique/intelligence A.",SUP-UAN-078-01,"Distinct profile, conditional, relational or interpretive content retained with claim-specific temporal and source limits.",
UAN:s0079,79,79,OPS/images/08_882128_880264_1_079_001.jpg,cdbb4b623e29df6b64211ed2aaa42933dc19dbc7b2ee348fbfdaa56d6c8c3326,Original extracted image personally viewed with view_image(detail=original); all meaningful visible text and visual relationships read; no OCR substitution,models,REVIEWED_MATERIAL,"Tokage former middle-school gyaru style, candid brightness and calculated weakness targeting; impatience at Class B boys' shallow thinking, recommendation status and fifty-piece trained body/costume regeneration; Kodai play camaraderie, Honenuki peer respect and surprise/apology at changed Bakugo.",SUP-UAN-079-01,"Distinct profile, conditional, relational or interpretive content retained with claim-specific temporal and source limits.",
UAN:s0080,80,80,OPS/images/08_882128_880264_1_080_001.jpg,f86507255e3b5ecbfa085e3a13d007f78ea7ed2e25f3e7f4a8b5c3ebc3143b9a,Original extracted image personally viewed with view_image(detail=original); all meaningful visible text and visual relationships read; no OCR substitution,models,REVIEWED_MATERIAL,Shishida Beast card: enhanced physique/strength/hearing/smell/vision and heightened excitement; language usage A customized chart.,SUP-UAN-080-01,"Distinct profile, conditional, relational or interpretive content retained with claim-specific temporal and source limits.",
UAN:s0081,81,81,OPS/images/08_882128_880264_1_081_001.jpg,98fa3c4fa01b82a489ee02f3cd6ba6ee945aa6dd2c11839cc0af80cca1bbdbc5,Original extracted image personally viewed with view_image(detail=original); all meaningful visible text and visual relationships read; no OCR substitution,models,REVIEWED_MATERIAL,"Shishida affluent upbringing and Hound Dog admiration/wish to cast off reason; earnest baseline and internship; capture/rescue/smell, objecting to Apocalypse Beast nickname, tea with Momo and refusal of Koda control; profile/maxims.",SUP-UAN-081-01,"Distinct profile, conditional, relational or interpretive content retained with claim-specific temporal and source limits.",
UAN:s0082,82,82,OPS/images/08_882128_880264_1_082_001.jpg,a5f036d0e5c06ca78e6a80ccc4cf7510bc20f2f9e0c8f9447ef96f864ba28bbd,Original extracted image personally viewed with view_image(detail=original); all meaningful visible text and visual relationships read; no OCR substitution,models,REVIEWED_MATERIAL,Kuroiro Black card: enters black matter/shadows for rapid ambush/retreat; elusive appearance B chart axis.,SUP-UAN-082-01,"Distinct profile, conditional, relational or interpretive content retained with claim-specific temporal and source limits.",
UAN:s0083,83,83,OPS/images/08_882128_880264_1_083_001.jpg,0432f65da3a6a22113c93a27e0ba4284f72cee496350ad619ff553a883e2b9e9,Original extracted image personally viewed with view_image(detail=original); all meaningful visible text and visual relationships read; no OCR substitution,models,REVIEWED_MATERIAL,"Kuroiro affinity/rivalry with Tokoyami, difficulty talking to girls and tendency to read interest into speech; current unreciprocated interest in Komori; ambush capability and embarrassed conversation, Aoyama sparkle aversion/Monoma blackhearted pun; profile/quotes.",SUP-UAN-083-01,"Distinct profile, conditional, relational or interpretive content retained with claim-specific temporal and source limits.",
UAN:s0084,84,84,OPS/images/08_882128_880264_1_084_001.jpg,602eacc5e18745463ff9648e208043abe663d75b69697442af1a8087c2a0ce1d,Original extracted image personally viewed with view_image(detail=original); all meaningful visible text and visual relationships read; no OCR substitution,models,REVIEWED_MATERIAL,"Shoda Twin Impact card: second, stronger strike at chosen time on prior hit location; Class B conscience A fifth axis.",SUP-UAN-084-01,"Distinct profile, conditional, relational or interpretive content retained with claim-specific temporal and source limits.",
UAN:s0085,85,85,OPS/images/08_882128_880264_1_085_001.jpg,9bb3be1fa1298055f78a277a4208a2c7d6425aa3866b24472f02aa1b6b25da9b,Original extracted image personally viewed with view_image(detail=original); all meaningful visible text and visual relationships read; no OCR substitution,models,REVIEWED_MATERIAL,"Shoda mobile despite body-size stereotype, Iida friendship and strategy; author/editor name anecdote; earned advancement withdrawal and chosen second hit; Ojiro agreement, Shinso no-wash request, Mina appraisal, unaware Mineta assistance; profile/quotes.",SUP-UAN-085-01; SUP-UAN-085-02,"Distinct profile, conditional, relational or interpretive content retained with claim-specific temporal and source limits.",
UAN:s0086,86,86,OPS/images/08_882128_880264_1_086_001.jpg,4fd094d007f91f526e327ba5c299b98fe9d5db090988341011f896a5a6a17d59,Original extracted image personally viewed with view_image(detail=original); all meaningful visible text and visual relationships read; no OCR substitution,models,REVIEWED_MATERIAL,"Tsuburaba solid-air card: exhaled transparent walls, footholds and boxes can break under strong force; support A+ fifth axis, XXX placeholder codename.",SUP-UAN-086-01,"Distinct profile, conditional, relational or interpretive content retained with claim-specific temporal and source limits.",
UAN:s0087,87,87,OPS/images/08_882128_880264_1_087_001.jpg,1e0073da3b71f656693f621bae3da13fe645484c8db10192895d86f91344b939,Original extracted image personally viewed with view_image(detail=original); all meaningful visible text and visual relationships read; no OCR substitution,models,REVIEWED_MATERIAL,"Tsuburaba common-sense support role; respects Todoroki after camp, frequent romance talk with Kaibara/Kuroiro; lung-volume training supports larger barriers, Asui capture causes blushing; sound-blocking cage against Koda and Shishida rescue; undecided codename, profile/quotes.",SUP-UAN-087-01,"Distinct profile, conditional, relational or interpretive content retained with claim-specific temporal and source limits.",
UAN:s0088,88,88,OPS/images/08_882128_880264_1_088_001.jpg,55eea322467eaaba3afa9d0c40b4cc21d524ad48f09c03ec01e49c21951581f5,Original extracted image personally viewed with view_image(detail=original); all meaningful visible text and visual relationships read; no OCR substitution,models,REVIEWED_MATERIAL,"Kodai Size card, touch changes nonliving object sizes for support/walls; cool S personalized rating.",SUP-UAN-088-01,"Distinct profile, conditional, relational or interpretive content retained with claim-specific temporal and source limits.",
UAN:s0089,89,89,OPS/images/08_882128_880264_1_089_001.jpg,ebeee1aded997ec4f2fab60b55a48c88e6456772c02c6ddf9861d381a8753efc,Original extracted image personally viewed with view_image(detail=original); all meaningful visible text and visual relationships read; no OCR substitution,models,REVIEWED_MATERIAL,"Kodai few words/stable face yet not gloomy; happy 'n', tomato delight 'nn', boys' cuteness judgment and discomfort with Monoma; Juliet acting and stage-set support, size potential; Kendo survival relief, Shoda teamwork and Mineta surprise; profile/voice maxims.",SUP-UAN-089-01; SUP-UAN-089-02,"Distinct profile, conditional, relational or interpretive content retained with claim-specific temporal and source limits.",
UAN:s0090,90,90,OPS/images/08_882128_880264_1_090_001.jpg,f656f5a8be325838ae9686dfd1c8acf6f1039edc17f52eeaf6f4a96125543a87,Original extracted image personally viewed with view_image(detail=original); all meaningful visible text and visual relationships read; no OCR substitution,models,REVIEWED_MATERIAL,"Kaibara Gyrate card, rotation deflects hits and drills armour; force/speed/technique/intelligence B and harshness of ideas A fifth axis.",SUP-UAN-090-01,"Distinct profile, conditional, relational or interpretive content retained with claim-specific temporal and source limits.",
UAN:s0091,91,91,OPS/images/08_882128_880264_1_091_001.jpg,8694ad164b77cae4a5b75cb150382b49f1c03b8d12b998a5e1e9b94c4f1e5494,Original extracted image personally viewed with view_image(detail=original); all meaningful visible text and visual relationships read; no OCR substitution,models,REVIEWED_MATERIAL,"Kaibara seemingly led by others but respects superior judgment and explicitly refuses disagreement; class straight-man jokes, relaxed Tsuburaba friendship, pushback on Tetsutetsu and fierce Ojiro battle; profile/maxims.",SUP-UAN-091-01,"Distinct profile, conditional, relational or interpretive content retained with claim-specific temporal and source limits.",
UAN:s0092,92,92,OPS/images/08_882128_880264_1_092_001.jpg,14dd995bac31a32819d75cee6957d65c295cd2621c0d6eb0b88385e9669f3fd2,Original extracted image personally viewed with view_image(detail=original); all meaningful visible text and visual relationships read; no OCR substitution,models,REVIEWED_MATERIAL,"Fukidashi Comic card, spoken onomatopoeia manifests and imagination varies attacks; vocabulary E custom axis.",SUP-UAN-092-01,"Distinct profile, conditional, relational or interpretive content retained with claim-specific temporal and source limits.",
UAN:s0093,93,93,OPS/images/08_882128_880264_1_093_001.jpg,2c00963895537f3815f7f92ac5b16af78930af5631fd05a4309f7f57052cc113,Original extracted image personally viewed with view_image(detail=original); all meaningful visible text and visual relationships read; no OCR substitution,models,REVIEWED_MATERIAL,"Fukidashi positive outlook, dream to make children worldwide smile, frequent anime conversation with Pony and attraction to Bibimi; onomatopoeic ordinary speech/reaction to loss, separating wall attack, play production, Momo/Bondo creative affinity; variable height profile/quotes.",SUP-UAN-093-01,"Distinct profile, conditional, relational or interpretive content retained with claim-specific temporal and source limits.",
UAN:s0094,94,94,OPS/images/08_882128_880264_1_094_001.jpg,a12fb410880dc3beac1b2eae711cc1b99e079c3984ecfd1386e21be4d0ea4cbf,Original extracted image personally viewed with view_image(detail=original); all meaningful visible text and visual relationships read; no OCR substitution,models,REVIEWED_MATERIAL,"Awase Weld card: touched things join at molecular level, including living things; immobilization B customized axis.",SUP-UAN-094-01,"Distinct profile, conditional, relational or interpretive content retained with claim-specific temporal and source limits.",
UAN:s0095,95,95,OPS/images/08_882128_880264_1_095_001.jpg,8e6020f7b67203ba562ba1aeaeb1e68a727d6fcc7212cd4eb741a3e730b63d3e,Original extracted image personally viewed with view_image(detail=original); all meaningful visible text and visual relationships read; no OCR substitution,models,REVIEWED_MATERIAL,"Awase profile: factory-family upbringing, supportive work for Monoma and Kendo, internship participation, slight interest in Yaoyorozu, camp rescue and festival moderation episodes, four attributed relationship exchanges, profile data and manga quotations.",SUP-UAN-095-01; SUP-UAN-095-02,"Distinct profile, conditional, relational or interpretive content retained with claim-specific temporal and source limits.",
UAN:s0096,96,96,OPS/images/08_882128_880264_1_096_001.jpg,3b62fb6cf2e6e227765fc6b61cb7c61d5bdcf770914b386915c3a07244374dbf,Original extracted image personally viewed with view_image(detail=original); all meaningful visible text and visual relationships read; no OCR substitution,models,REVIEWED_MATERIAL,"Yanagi/Emily hero card with Poltergeist mechanics, multi-object weight limit, long-range type, and five named rating axes.",SUP-UAN-096-01,"Distinct profile, conditional, relational or interpretive content retained with claim-specific temporal and source limits.",
UAN:s0097,97,97,OPS/images/08_882128_880264_1_097_001.jpg,8da2f5214fffe27c94188ee4cbfdc292c743e5777ed19f24b4376d54ad9a27f2,Original extracted image personally viewed with view_image(detail=original); all meaningful visible text and visual relationships read; no OCR substitution,models,REVIEWED_MATERIAL,"Yanagi profile: Kendo friendship, shared later internship agency and pageant costume design, recurring dorm horror-film gatherings, unusual speech glossed by a classmate, joint-training cooperation, attributed peer comments and two manga quotations.",SUP-UAN-097-01; SUP-UAN-097-02,"Distinct profile, conditional, relational or interpretive content retained with claim-specific temporal and source limits.",
UAN:s0098,98,98,OPS/images/08_882128_880264_1_098_001.jpg,52779825cc28fe5eb06be8c45f295637f44f944bcb0875ce87530930cef67498,Original extracted image personally viewed with view_image(detail=original); all meaningful visible text and visual relationships read; no OCR substitution,models,REVIEWED_MATERIAL,"Rin/Long Weizi hero card: whole-body scales used as armor or projectiles, close/long-range types, national-style headline and character-specific Chineseness rating.",SUP-UAN-098-01,"Distinct profile, conditional, relational or interpretive content retained with claim-specific temporal and source limits.",
UAN:s0099,99,99,OPS/images/08_882128_880264_1_099_001.jpg,f6ac650f09c0c5b8ba5ae51f41d4642ae2ec6a8c791991e1b3bceddbfe1d7686,Original extracted image personally viewed with view_image(detail=original); all meaningful visible text and visual relationships read; no OCR substitution,models,REVIEWED_MATERIAL,"Rin profile: deliberate use of expected 'aiyaa' expression, scale-production nutrition and cold difficulty, calm joint-training reassessment, attributed conversations with Asui/Pony/Tokage/Ryukyu, origin/profile data and quotations.",SUP-UAN-099-01; SUP-UAN-099-02,"Distinct profile, conditional, relational or interpretive content retained with claim-specific temporal and source limits.",
UAN:s0100,100,100,OPS/images/08_882128_880264_1_100_001.jpg,9eca23c875231865bbbd7108e84a0ff3d2b9415609b358ccbea8b8f0c34961db,Original extracted image personally viewed with view_image(detail=original); all meaningful visible text and visual relationships read; no OCR substitution,models,REVIEWED_MATERIAL,"Kamakiri/Jack Mantis close-range hero card, blade generation and shape adaptation, five ratings including sharpness, exaggerated cutting headline.",SUP-UAN-100-01,"Distinct profile, conditional, relational or interpretive content retained with claim-specific temporal and source limits.",
UAN:s0101,101,101,OPS/images/08_882128_880264_1_101_001.jpg,1fa5f64d802c47f12666751c8d646332e62c7a57cc274a3d79adf1426dbc4e71,Original extracted image personally viewed with view_image(detail=original); all meaningful visible text and visual relationships read; no OCR substitution,models,REVIEWED_MATERIAL,"Kamakiri profile: Tetsutetsu training partner, vanguard use, unilateral Bakugo rivalry, cooperation with Bondo, defeat acknowledged through cutting language, peers restrain aggressive talk, profile and manga quotations.",SUP-UAN-101-01,"Distinct profile, conditional, relational or interpretive content retained with claim-specific temporal and source limits.",
UAN:s0102,102,102,OPS/images/08_882128_880264_1_102_001.jpg,4cc23a46a234210ac4cbfb3a26c3e942f9512d1a293de1907443fa3373d03410,Original extracted image personally viewed with view_image(detail=original); all meaningful visible text and visual relationships read; no OCR substitution,models,REVIEWED_MATERIAL,"Bondo/Plamo support hero card: adhesive sprayed from seven facial openings, drying speed adjusted by purpose, five ratings including adhesive strength.",SUP-UAN-102-01,"Distinct profile, conditional, relational or interpretive content retained with claim-specific temporal and source limits.",
UAN:s0103,103,103,OPS/images/08_882128_880264_1_103_001.jpg,2208e96a259d2fe7e51849b72ad4116fa08749dad4144919cd7bde3e734871dc,Original extracted image personally viewed with view_image(detail=original); all meaningful visible text and visual relationships read; no OCR substitution,models,REVIEWED_MATERIAL,"Bondo profile: mild ordinary manner and situational analysis, unfinished giant-model plan with Awase because of time, obstacle-race 25th place, joint-training adhesive use, staged play/relaxed/hobby/Quirk relationship exchanges, profile and quotations.",SUP-UAN-103-01; SUP-UAN-103-02,"Distinct profile, conditional, relational or interpretive content retained with claim-specific temporal and source limits.",
UAN:s0104,104,104,OPS/images/08_882128_880264_1_104_001.jpg,a36367af72f59410759caf28b0d4705153a17425f0e05e3ca7420e6873852500,Original extracted image personally viewed with view_image(detail=original); all meaningful visible text and visual relationships read; no OCR substitution,models,REVIEWED_MATERIAL,"Best Jeanist-persona costume column ranks three students each for functionality, design, originality and equipment, with rationales for four winners and staged winner responses. Functionality: Aoyama/Bakugo/Tokage; design: Asui/Rin/Komori; originality: Shiozaki/Monoma/Iida; equipment: Awase/Midoriya/Shoda.",SUP-UAN-104-01,"Distinct profile, conditional, relational or interpretive content retained with claim-specific temporal and source limits.",
UAN:s0105,105,,OPS/images/08_882128_880264_1_105_001.jpg,a87ede7f4beac9dcda460a4b2717bc1d886bf8bf54dd0537e556f78dfb8a9ce8,Original extracted image personally viewed with view_image(detail=original); all meaningful visible text and visual relationships read; no OCR substitution,models,REVIEWED_NO_MATERIAL_ADDITION,Extra Edition I / UA Students Episode divider announces a retrospective of school events and villain battles since admission; no printed folio visible.,,Section divider gives scope and retrospective frame; no new character-specific evidence or episode.,
UAN:s0106,106,106,OPS/images/08_882128_880264_1_106_001.jpg,6458fecf5938c5a8cabea65de7b42199b6ef97dfd65114e67e70add206c6bd51,Original extracted image personally viewed with view_image(detail=original); all meaningful visible text and visual relationships read; no OCR substitution,models,REVIEWED_MATERIAL,"Retrospective entrance practical and Quirk-apprehension tests, scoring/combat montage, zero-pointer intervention and expulsion bluff, with Iida framing revision, Aoyama boasting he also could have beaten the gimmick, and Ochako recalling genuine anxiety.",SUP-UAN-106-01,"Distinct profile, conditional, relational or interpretive content retained with claim-specific temporal and source limits.",
UAN:s0107,107,107,OPS/images/08_882128_880264_1_107_001.jpg,43ac577a61e183f285012142dbf8d80cee78fd81e994a8a61cac0ad86f6a1359,Original extracted image personally viewed with view_image(detail=original); all meaningful visible text and visual relationships read; no OCR substitution,models,REVIEWED_MATERIAL,"Retrospective indoor pairs training and USJ: Midoriya/Bakugo clash, recommended entrants, Iida escape and coordinated defense, All Might danger, all students surviving, Kirishima's enthusiasm, Tokoyami's fear and Sato's solitary escape recollection.",SUP-UAN-107-01,"Distinct profile, conditional, relational or interpretive content retained with claim-specific temporal and source limits.",
UAN:s0108,108,108,OPS/images/08_882128_880264_1_108_001.jpg,2be73b13a377cefb455d157399f8580bc1208008bc53c70b3daaba7bf296ae12,Original extracted image personally viewed with view_image(detail=original); all meaningful visible text and visual relationships read; no OCR substitution,models,REVIEWED_MATERIAL,"Sports-festival montage: national self-presentation, Midoriya's late obstacle-race recovery, cavalry headband stakes and improvised teams, tournament and Bakugo's uneasy victory image; Jiro reacts to Midoriya's comeback.",SUP-UAN-108-01,"Distinct profile, conditional, relational or interpretive content retained with claim-specific temporal and source limits.",
UAN:s0109,109,109,OPS/images/08_882128_880264_1_109_001.jpg,d6ab79a4c8c4bea64f0be1444ac70f0989419dfe3406e6f0c51b2c5bd7735d64,Original extracted image personally viewed with view_image(detail=original); all meaningful visible text and visual relationships read; no OCR substitution,models,REVIEWED_MATERIAL,"Work-experience and term-end recap: hero names, direct professional experience, Stain confrontation, Asui pirate-story exchange, all avoid written failure, practical teacher battles, Mina's regret/fear of Nezu, and all proceeding to camp.",SUP-UAN-109-01,"Distinct profile, conditional, relational or interpretive content retained with claim-specific temporal and source limits.",
UAN:s0110,110,110,OPS/images/08_882128_880264_1_110_001.jpg,1d1c6b05780f2642adeb7500d7b5188a692c77a2f9b499971178040d65cec7af,Original extracted image personally viewed with view_image(detail=original); all meaningful visible text and visual relationships read; no OCR substitution,models,REVIEWED_MATERIAL,"Forest attack/Kamino retrospective combines Kota rescue, Dark Shadow rampage, Bakugo abduction and student rescue attempt, night-vision Nomu discovery and disguises, with Shoto's appraisal of Midoriya's recklessness, Asui's empathetic disapproval of leaving hospital, and Yaoyorozu's playful disguise-shop comment.",SUP-UAN-110-01,"Distinct profile, conditional, relational or interpretive content retained with claim-specific temporal and source limits.",
UAN:s0111,111,111,OPS/images/08_882128_880264_1_111_001.jpg,a0870e361559e8bef0baff00c741fd1c8083d73fa1b5109b132392083f3830b6,Original extracted image personally viewed with view_image(detail=original); all meaningful visible text and visual relationships read; no OCR substitution,models,REVIEWED_MATERIAL,"Kamino continuation: Bakugo rejects villain recruitment, students combine powers for aerial rescue, Kirishima offers the hand, rescue succeeds, All Might's final message appears, and a guide-staged Bakugo boast claims he could have escaped alone.",SUP-UAN-111-01,"Distinct profile, conditional, relational or interpretive content retained with claim-specific temporal and source limits.",
UAN:s0112,112,112,OPS/images/08_882128_880264_1_112_001.jpg,6c11d877960b0dd78fd56dc201050d6219674ad3792aaaaf6949a422fed06d4c,Original extracted image personally viewed with view_image(detail=original); all meaningful visible text and visual relationships read; no OCR substitution,models,REVIEWED_MATERIAL,"Provisional-license preparation recap: signature moves and costume revisions, Midoriya struggles with imitating All Might, Hatsume's arms-versus-legs remark prompts the new approach, Shoot Style revealed, peers develop their own techniques, Midoriya retrospectively recognizes All Might's advice.",SUP-UAN-112-01,"Distinct profile, conditional, relational or interpretive content retained with claim-specific temporal and source limits.",
UAN:s0113,113,113,OPS/images/08_882128_880264_1_113_001.jpg,c5ea189c5acca20e4e0e01db1329d856854a14222d70d7d65407eed500c83fe5,Original extracted image personally viewed with view_image(detail=original); all meaningful visible text and visual relationships read; no OCR substitution,models,REVIEWED_MATERIAL,"License first stage recap: rival schools Shiketsu/Ketsubutsu, customary targeting of UA, cooperative survival, Aoyama laser signal reunites peers, Kaminari protects defeated companions, every Class A student passes this stage and Kaminari recalls relief.",SUP-UAN-113-01,"Distinct profile, conditional, relational or interpretive content retained with claim-specific temporal and source limits.",
UAN:s0114,114,114,OPS/images/08_882128_880264_1_114_001.jpg,81cbc5e8466b48046eb7555e2b916c2167f26382f277283ecef2c9fd8082d036,Original extracted image personally viewed with view_image(detail=original); all meaningful visible text and visual relationships read; no OCR substitution,models,REVIEWED_MATERIAL,"License second-stage rescue exercise: deduction scoring, situational judgment and role allocation, rescue-client correction, Midoriya reassurance, Gang Orca attack, Shoto/Inasa clash and precarious cooperative recovery; Shoto retrospectively emphasizes adapting to circumstances.",SUP-UAN-114-01,"Distinct profile, conditional, relational or interpretive content retained with claim-specific temporal and source limits.",
UAN:s0115,115,115,OPS/images/08_882128_880264_1_115_001.jpg,9d9f59015f6107b2faed7cd1abd0a7ef079aae08c3be452695c3a1238731f3ec,Original extracted image personally viewed with view_image(detail=original); all meaningful visible text and visual relationships read; no OCR substitution,models,REVIEWED_MATERIAL,"Final license results and remedial-course recap: Class A passes except Bakugo/Shoto, reproduced scores Kaminari61/Sero84/Yaoyorozu94, Bakugo's staged refusal to explain failure, child engagement, warning against looking down on others, ice slide and eventual licenses for both; internal conflict with profile s0037's Yaoyorozu95.",SUP-UAN-115-01; SUP-UAN-115-02,Full recap read; primary V13:p105 later confirms this reproduced94 panel. Profile37's95 remains an explicitly retained discrepancy.,Editorial cause of95/94 mismatch remains unestablished; event presentation is resolved in favor of main-manga94.
UAN:s0116,116,116,OPS/images/08_882128_880264_1_116_001.jpg,53e995638029148a5048775d50dfa521d271174ca79f59339cbaabdc5a7ac236,Original extracted image personally viewed with view_image(detail=original); all meaningful visible text and visual relationships read; no OCR substitution,models,REVIEWED_MATERIAL,"Internship introduction: Big Three, Mirio's demonstration and effort-backed advice, All Might/Aizawa assessment imagery, Midoriya recruitment by Nighteye through practical interview and Mirio introduction, first patrol and encounter with Eri/Overhaul; Mirio calls the initial approach a miss despite successful admission.",SUP-UAN-116-01,"Distinct profile, conditional, relational or interpretive content retained with claim-specific temporal and source limits.",
UAN:s0117,117,117,OPS/images/08_882128_880264_1_117_001.jpg,db457e03979123cb7dc0ae6461b185daf56b194f313ffaafa0ede572deddaf88,Original extracted image personally viewed with view_image(detail=original); all meaningful visible text and visual relationships read; no OCR substitution,models,REVIEWED_MATERIAL,"Cross-agency internship team-up: Kirishima/Fat Gum and Ochako/Asui/Ryukyu, classmates admire named web coverage, Nighteye agency request, recognition of blood/cells in a bullet and determination to protect Eri; Kirishima's guide voice morally frames not ignoring a crying child.",SUP-UAN-117-01,"Distinct profile, conditional, relational or interpretive content retained with claim-specific temporal and source limits.",
UAN:s0118,118,118,OPS/images/08_882128_880264_1_118_001.jpg,fc3108ebee98958408f737616b11e57584f1d7658e3664a0c60c3981294006ad,Original extracted image personally viewed with view_image(detail=original); all meaningful visible text and visual relationships read; no OCR substitution,models,REVIEWED_MATERIAL,"Raid route diagram and matchup recap: ordinary surface mansion and underground maze, Ryukyu/Nejire/Ochako/Asui versus Katsukame, Tamaki versus Setsuno/Tabe/Hojo, cooperative surface success and underground three-person restraint; Nighteye's staged no-regret/act-on-certainty comment.",SUP-UAN-118-01,"Distinct profile, conditional, relational or interpretive content retained with claim-specific temporal and source limits.",
UAN:s0119,119,119,OPS/images/08_882128_880264_1_119_001.jpg,bd734d01ec10199f8208129d861117e1dffbfbdc5324a4a5f655da32c0f9c996,Original extracted image personally viewed with view_image(detail=original); all meaningful visible text and visual relationships read; no OCR substitution,models,REVIEWED_MATERIAL,"Raid continuation matchup chart: Fat Gum/Kirishima versus Rappa/Tengai, Mirio versus Overhaul/Chronostasis/Nemoto/Sakaki, Midoriya versus Overhaul; Kirishima's resolve, initial Eri retrieval, victory imagery, Aizawa's genius question about Mirio and Rock Lock's revised praise of Midoriya.",SUP-UAN-119-01; SUP-UAN-119-02,"Distinct profile, conditional, relational or interpretive content retained with claim-specific temporal and source limits.",
UAN:s0120,120,120,OPS/images/08_882128_880264_1_120_001.jpg,5523710888ec7231381f76b6a0cf31aa35414d9f2f9e5f74f67adea86d3752e1,"Every original JPEG viewed at detail=original, in ascending spine order; meaningful Japanese text and visual/panel relationships read directly.",source,REVIEWED_MATERIAL,"School-festival class meeting: many proposed activities, Iida's chair role, peers' praise and Jiro's willingness, division into band/dance/staging, Bakugo's aggressive musical rhetoric.",SUP-UAN-120-01,Readable; profile/editorial/reprint/attributed-voice limits retained in records.,
UAN:s0121,121,121,OPS/images/08_882128_880264_1_121_001.jpg,3108d2a20368cef13af59c30bcf1384d8b06750ceb865cca36bd7f24aa5c1033,"Every original JPEG viewed at detail=original, in ascending spine order; meaningful Japanese text and visual/panel relationships read directly.",source,REVIEWED_MATERIAL,"A month of festival preparation; Mina teaches dance, Jiro leads band practice; Eri visits and wants to know her rescuers; institutional festival description, beauty contest, and other courses' participation.",SUP-UAN-121-01; SUP-UAN-121-02,Readable; profile/editorial/reprint/attributed-voice limits retained in records.,
UAN:s0122,122,122,OPS/images/08_882128_880264_1_122_001.jpg,27adaa83287427d5188b3996603831608e59c6aaf4edd00412330af23d022bdc,"Every original JPEG viewed at detail=original, in ascending spine order; meaningful Japanese text and visual/panel relationships read directly.",source,REVIEWED_MATERIAL,"Festival opening, Eri's smile, Mineta/Kaminari's presented itinerary, Mina's positive performance comment; Midoriya/Gentle battle synopsis and attributed retrospective sympathy.",SUP-UAN-122-01; SUP-UAN-122-02,Readable; profile/editorial/reprint/attributed-voice limits retained in records.,
UAN:s0123,123,123,OPS/images/08_882128_880264_1_123_001.jpg,d53b276633e11f31618571e3cfd104911c35c593afe737e8b08e842bba9c7f6e,"Every original JPEG viewed at detail=original, in ascending spine order; meaningful Japanese text and visual/panel relationships read directly.",source,REVIEWED_MATERIAL,"Festival montage: participatory performance, Class B parody play, athletics, haunted house, crepes, beauty contest and Midoriya's candy-apple surprise for Eri; Aizawa notes Nejire's happiness.",SUP-UAN-123-01,Readable; profile/editorial/reprint/attributed-voice limits retained in records.,
UAN:s0124,124,124,OPS/images/08_882128_880264_1_124_001.jpg,0a6de52e5081857784d0d41c3a9117c624c855633898cf9a62b9eca50a9a6eaa,"Every original JPEG viewed at detail=original, in ascending spine order; meaningful Japanese text and visual/panel relationships read directly.",source,REVIEWED_MATERIAL,"Joint training match 1: team rosters, Shinso's Persona Chords, Shishida power, Kaminari tactic, Class A victory, and attributed spectator/participant reports.",SUP-UAN-124-01; SUP-UAN-124-02,Readable; profile/editorial/reprint/attributed-voice limits retained in records.,
UAN:s0125,125,125,OPS/images/08_882128_880264_1_125_001.jpg,4ae5453a37cd892c1ca7398db71400d9e578c61f3f71a9a6362c3cc010bba4d5,"Every original JPEG viewed at detail=original, in ascending spine order; meaningful Japanese text and visual/panel relationships read directly.",source,REVIEWED_MATERIAL,"Joint match 2: Kuroiro's surprise, Komori mushrooms and lung technique, Momo/Kendo strategies, Hagakure counterattack; Class B win and opposed self-evaluations.",SUP-UAN-125-01; SUP-UAN-125-02,Readable; profile/editorial/reprint/attributed-voice limits retained in records.,
UAN:s0126,126,126,OPS/images/08_882128_880264_1_126_001.jpg,0712327aa0e5c146856732e330a09f17a42a7e380f1264f3a5c253b024b6bd1a,"Every original JPEG viewed at detail=original, in ascending spine order; meaningful Japanese text and visual/panel relationships read directly.",source,REVIEWED_MATERIAL,"Joint match 3: Iida's speed, Shoto/Tetsutetsu heat contest, Shoji/Pony exchange, Sen interruption; draw and Shoto/Honenuki reports on habitual opening and failed allocation.",SUP-UAN-126-01; SUP-UAN-126-02,Readable; profile/editorial/reprint/attributed-voice limits retained in records.,
UAN:s0127,127,127,OPS/images/08_882128_880264_1_127_001.jpg,658f6e77c9f617f06e01f44cb11ef6b18e806811597cbde0a1a74e494a92925c,"Every original JPEG viewed at detail=original, in ascending spine order; meaningful Japanese text and visual/panel relationships read directly.",source,REVIEWED_MATERIAL,"Joint match 4: rosters, Jiro sensing, Tokage split attack, Awase restraints, Bakugo-led team victory; Pony, Bondo, Shoda and Shoto appraisals; Jiro and Tokage reports.",SUP-UAN-127-01; SUP-UAN-127-02,Readable; profile/editorial/reprint/attributed-voice limits retained in records.,
UAN:s0128,128,128,OPS/images/08_882128_880264_1_128_001.jpg,1e83ad44d7a475124c3b2d2f6838d27f3deb9db91dc017fca08a04c13c239dda,"Every original JPEG viewed at detail=original, in ascending spine order; meaningful Japanese text and visual/panel relationships read directly.",source,REVIEWED_MATERIAL,"Joint match 5: Blackwhip loss of control, Shinso stopping it, Ochako combat, Mineta/Shoda exchange, A victory and overall results; Shinso/Midoriya reports and Aizawa/Vlad evaluations.",SUP-UAN-128-01; SUP-UAN-128-02,Readable; profile/editorial/reprint/attributed-voice limits retained in records.,
UAN:s0129,129,,OPS/images/08_882128_880264_1_129_001.jpg,b9ab0ebfaf64c6d621778c41386ed3ec011276ff78eafd11f729167fecb2ac9a,"Every original JPEG viewed at detail=original, in ascending spine order; meaningful Japanese text and visual/panel relationships read directly.",source,REVIEWED_NO_MATERIAL_ADDITION,"Third section divider: NEW HEROES III explicitly includes U.A. Big Three, general/support courses and other-school students as next-generation talent.",,"Full divider text and visual card framing read; no independent character event, so no selective claim required.",
UAN:s0130,130,130,OPS/images/08_882128_880264_1_130_001.jpg,9d235d9c0773a67ec15bcd8229a72da5206b8ad797f03605fbea573bb7f33d57,"Every original JPEG viewed at detail=original, in ascending spine order; meaningful Japanese text and visual/panel relationships read directly.",source,REVIEWED_MATERIAL,"Mirio card: close-combat type, Permeation mechanics and risk framing; power C, speed A+, technique S+, intelligence B, clothing adjustment E.",SUP-UAN-130-01,Readable; profile/editorial/reprint/attributed-voice limits retained in records.,
UAN:s0131,131,131,OPS/images/08_882128_880264_1_131_001.jpg,e9a77480a11892885456820827dd74697ce9ffe519484660983e3501cf8e5d63,"Every original JPEG viewed at detail=original, in ascending spine order; meaningful Japanese text and visual/panel relationships read directly.",source,REVIEWED_MATERIAL,"Mirio developmental profile and Quirk loss; clothing and face-through-ground gag episodes; relationships with Tamaki, Eri, Nighteye and Midoriya; birthday 15 July, 181 cm, O, Chiba; cited hero-name/cape maxims.",SUP-UAN-131-01; SUP-UAN-131-02,Readable; profile/editorial/reprint/attributed-voice limits retained in records.,
UAN:s0132,132,132,OPS/images/08_882128_880264_1_132_001.jpg,de73cda3b641a0c136f0633ce80f4921dc894bcaa314e1cca8b802a45a8db548,"Every original JPEG viewed at detail=original, in ascending spine order; meaningful Japanese text and visual/panel relationships read directly.",source,REVIEWED_MATERIAL,"Tamaki card: close/support role, Manifest reproduces consumed qualities including poison; power A, speed B, technique S, intelligence A, communication E.",SUP-UAN-132-01,Readable; profile/editorial/reprint/attributed-voice limits retained in records.,
UAN:s0133,133,133,OPS/images/08_882128_880264_1_133_001.jpg,6a92410671a082bdfdb047b11fa542230d3dab28add4624e42db6078c4a2d6b0,"Every original JPEG viewed at detail=original, in ascending spine order; meaningful Japanese text and visual/panel relationships read directly.",source,REVIEWED_MATERIAL,"Tamaki anxious yet highly skilled profile, same class A as Nejire while Mirio is B; Mirio reciprocal inspiration and dangerous three-opponent decision; relationships with Mirio/Nejire/Kirishima/Fat Gum; birthday 4 March, 177 cm, AB, Chiba.",SUP-UAN-133-01,Readable; profile/editorial/reprint/attributed-voice limits retained in records.,
UAN:s0134,134,134,OPS/images/08_882128_880264_1_134_001.jpg,673155becadb634de1b2a1215da0b40d3382307ba9156878058ea6a99fd6ec60,"Every original JPEG viewed at detail=original, in ascending spine order; meaningful Japanese text and visual/panel relationships read directly.",source,REVIEWED_MATERIAL,"Nejire ranged-attack card: vitality-powered shock waves, relatively slow but powerful; power A, speed B+, technique A, intelligence B, mysterious-girl S.",SUP-UAN-134-01,Readable; profile/editorial/reprint/attributed-voice limits retained in records.,
UAN:s0135,135,135,OPS/images/08_882128_880264_1_135_001.jpg,ea1b9bf642f2b9a7fe31303ac647588a890c7da441ee5dc86a9c14f4a0a6c9b4,"Every original JPEG viewed at detail=original, in ascending spine order; meaningful Japanese text and visual/panel relationships read directly.",source,REVIEWED_MATERIAL,"Nejire curiosity and direct questions, editorial claim of low interest in answers; adjustable wave twists; final beauty-contest victory; Mirio/Tamaki/Bibimi/Ryukyu relation chart; birthday 6 October, 164 cm, B, Akita.",SUP-UAN-135-01; SUP-UAN-135-02,Readable; profile/editorial/reprint/attributed-voice limits retained in records.,
UAN:s0136,136,136,OPS/images/08_882128_880264_1_136_001.jpg,02bbd7e5ba89573ddef0b8ed25d05a810be2a47e84a1798a0e7c444e09982629,"Every original JPEG viewed at detail=original, in ascending spine order; meaningful Japanese text and visual/panel relationships read directly.",source,REVIEWED_NO_MATERIAL_ADDITION,"Shinso support card, unanswered hero name XXX, Brainwashing response trigger, power D/speed D/technique A-/intelligence B/passion A.",,"Full caption, technique and axis labels read. The simplified card restates the established response-trigger ability; actual control limits and dated motivation are handled with the profile and earlier UA record, rather than turning the marketing phrase into unrestricted control.",
UAN:s0137,137,137,OPS/images/08_882128_880264_1_137_001.jpg,860492671f344e33fad30861e8153d523124049d033afc08a945539b321b3de7,"Every original JPEG viewed at detail=original, in ascending spine order; meaningful Japanese text and visual/panel relationships read directly.",source,REVIEWED_MATERIAL,"Shinso profile: general-course rise, training under Aizawa, anticipated transfer and unknown-to-him farewell plan; joint-training resolve, relationship chart and cited aspirations; 1 July, 177 cm, AB, Saitama.",SUP-UAN-137-01; SUP-UAN-137-02,Readable; profile/editorial/reprint/attributed-voice limits retained in records.,
UAN:s0138,138,138,OPS/images/08_882128_880264_1_138_001.jpg,b1151472fc3b2f5257341e80bef51b5641e21eb714abfea32b9b46f64679aca6,"Every original JPEG viewed at detail=original, in ascending spine order; meaningful Japanese text and visual/panel relationships read directly.",source,REVIEWED_NO_MATERIAL_ADDITION,"Hatsume support card: Zoom resolves objects five kilometres away; marketing joke; power E, speed E, technique B, intelligence A, inventing desire S+.",,"All card prose and ratings directly read. Zoom/marketing relationship overlaps UA:s0099; the character-specific inventing axis is accounted as the UAN rating form, not an independent motivation scale. Material industrial reception follows at s0139.",
UAN:s0139,139,139,OPS/images/08_882128_880264_1_139_001.jpg,72eada104f72f53986d5772baf34ad1efaf838ae2b49b4c8f2257f0d6223acb3,"Every original JPEG viewed at detail=original, in ascending spine order; meaningful Japanese text and visual/panel relationships read directly.",source,REVIEWED_MATERIAL,"Hatsume profile: successful sports/cultural-festival presentations and company approaches, over 200 inventions in just over four months, unfinished piles, client ambition and Power Loader feedback; relationship chart, 18 April/157 cm/O/Kyoto.",SUP-UAN-139-01,Readable; profile/editorial/reprint/attributed-voice limits retained in records.,
UAN:s0140,140,140,OPS/images/08_882128_880264_1_140_001.jpg,59c28ca702ce8993430d3a8e1ca943c5c8c5b7cd0d85a2cb05056b31d1a14c60,"Every original JPEG viewed at detail=original, in ascending spine order; meaningful Japanese text and visual/panel relationships read directly.",source,REVIEWED_NO_MATERIAL_ADDITION,"Inasa/Reppu ranged card, fine control over multiple winds/flight/moving objects; power A, speed A-, technique A+, intelligence D, voice volume S.",,"Original card art, technical caption, hero-name reading and all ratings directly read. No independent event or substantive interpretive addition beyond the next profile; voice volume is a source-specific axis, not a shared psychological measurement.",
UAN:s0141,141,141,OPS/images/08_882128_880264_1_141_001.jpg,6cf99dcd56e111447a88110f36e4baf9c8a67e2630926a86b67eb0325bcb9300,"Every original JPEG viewed at detail=original, in ascending spine order; meaningful Japanese text and visual/panel relationships read directly.",source,REVIEWED_MATERIAL,"Inasa excellent admission result and Shiketsu choice, bright yet sensitive personality; grudge overcome, pursuing Shoto friendship, hot soba/udon gag and apology to children; relationship chart with Endeavor/Camie/Bakugo; 26 September/190 cm/B/Yamanashi.",SUP-UAN-141-01; SUP-UAN-141-02,Readable; profile/editorial/reprint/attributed-voice limits retained in records.,
UAN:s0142,142,142,OPS/images/08_882128_880264_1_142_001.jpg,0ade80c2a8cff0250fcd4ac147696a9a00762f631b45f2e8e10fc60fd3f6ba4e,"Every original JPEG viewed at detail=original, in ascending spine order; meaningful Japanese text and visual/panel relationships read directly.",source,REVIEWED_NO_MATERIAL_ADDITION,"Camie/Maboromicamie support card; short-lived visual and speaking illusions, power D/speed C-/technique A/intelligence C-/party-person S; sweet-trap promotional framing.",,All card text and axes read. No separate claim from this promotional ability overview; the substantial source distinctions are in s0143. The character-specific party label is not a validated sociability measure.,
UAN:s0143,143,143,OPS/images/08_882128_880264_1_143_001.jpg,e8d898fc02001c488d7fd796e24f0f34c6b4076f3b4e614c67a3778ba64b9314,"Every original JPEG viewed at detail=original, in ascending spine order; meaningful Japanese text and visual/panel relationships read directly.",source,REVIEWED_MATERIAL,"Camie's consistent slang and social openness, misunderstanding, rapport with children; Toga's stated reason for leaving her alive; relations with Seiji/Bakugo/Shoto/Gang Orca; 15 August/161 cm/O/Saitama.",SUP-UAN-143-01; SUP-UAN-143-02,Readable; profile/editorial/reprint/attributed-voice limits retained in records.,
UAN:s0144,144,144,OPS/images/08_882128_880264_1_144_001.jpg,2b64522cce7030089186a07821d1fbf752831bf05420941e0d44c9691ab9c7d7,"Every original JPEG viewed at detail=original, in ascending spine order; meaningful Japanese text and visual/panel relationships read directly.",source,REVIEWED_NO_MATERIAL_ADDITION,"Seiji/Shishicross card: Meatball touch alters opponents, own flesh can detach/enlarge; power D/speed C/technique A/intelligence C/difficult language A.",,All original card text and ratios read. Technical overview and rhetorical language axis receive coverage; selective familial/ideological claims appear on s0145. Card's 'touch and it is over' slogan is not an exceptionless rule.,
UAN:s0145,145,145,OPS/images/08_882128_880264_1_145_001.jpg,c5cb5c0677b4b153fb7095017acf28814227d4519aaf2803e62e5909179d2f09,"Every original JPEG viewed at detail=original, in ascending spine order; meaningful Japanese text and visual/panel relationships read directly.",source,REVIEWED_MATERIAL,"Seiji pride and distorted justice, Tartarus-guard father and voluntary influence; hat-choice theory; authoritarian exam display, suggestibility and teacher judgment; 9 February/172 cm/A/Okayama.",SUP-UAN-145-01; SUP-UAN-145-02,Readable; profile/editorial/reprint/attributed-voice limits retained in records.,
UAN:s0146,146,146,OPS/images/08_882128_880264_1_146_001.jpg,d46a35cebb44cb05eaa13b3c4fbefbd84e1bf4bedf8b647c34330b5fc907277d,"Every original JPEG viewed at detail=original, in ascending spine order; meaningful Japanese text and visual/panel relationships read directly.",source,REVIEWED_MATERIAL,"Mora Nagamasa/Chewyee: Shiketsu second-year class-1 chair, extensible hair, honor-sensitive correction of peers/junior, all ratings and profile; 13 November/180 cm/O/Okayama; design inspiration gag.",SUP-UAN-146-01,Readable; profile/editorial/reprint/attributed-voice limits retained in records.,
UAN:s0147,147,147,OPS/images/08_882128_880264_1_147_001.jpg,aef63adcf64aca3e1f5f544ac2adfdb8ef651dc2e344a477dd6dfd6031021aa0,"Every original JPEG viewed at detail=original, in ascending spine order; meaningful Japanese text and visual/panel relationships read directly.",source,REVIEWED_MATERIAL,"Shindo/Grand tactical smile and hidden ambition, vibration limits and face equipment, dating relationship with Tatami, Bakugo/Gang Orca diagram, all ratings; 13 May/176 cm/AB/Shizuoka.",SUP-UAN-147-01,Readable; profile/editorial/reprint/attributed-voice limits retained in records.,
UAN:s0148,148,148,OPS/images/08_882128_880264_1_148_001.jpg,bad2b5af200d94c9415e43afbe0a72caf82d1d941e5c61f32f02d4f04f11c94a,"Every original JPEG viewed at detail=original, in ascending spine order; meaningful Japanese text and visual/panel relationships read directly.",source,REVIEWED_MATERIAL,"Tatami/Turtle Neck, Ketsubutsu second-year class2, folding ability for avoidance/support; Shoto autograph interest and Shindo dating, relationship comments, ratings; 23 January/155 cm/A/Aichi.",SUP-UAN-148-01,Readable; profile/editorial/reprint/attributed-voice limits retained in records.,
UAN:s0149,149,149,OPS/images/08_882128_880264_1_149_001.jpg,ed03d4314d0bdd55858afe9fd23e6627bd7bcdf6e267c4899f86ad9b8ae65e3b,"Every original JPEG viewed at detail=original, in ascending spine order; meaningful Japanese text and visual/panel relationships read directly.",source,REVIEWED_MATERIAL,"Makabe Shikkui/Mr. Smith: object hardening, calm command and cooperation with Itejiro, childhood onigiri chipped father's tooth, Kirishima comparison; all ratings and 30 March/180 cm/B/Iwate.",SUP-UAN-149-01,Readable; profile/editorial/reprint/attributed-voice limits retained in records.,
UAN:s0150,150,150,OPS/images/08_882128_880264_1_150_001.jpg,29f8257940a06854cdfce431f4cfa1a2c981c89a1e3651e1771ffdfcc38aa188,"Every original JPEG viewed at detail=original, in ascending spine order; meaningful Japanese text and visual/panel relationships read directly.",source,REVIEWED_MATERIAL,"Toteki Itejiro/Boomerang Man: introverted but unexpectedly talkative, analytic ranged targeting, cooperation with Makabe, Mineta target diagram; creator-resemblance gag; 20 December/171 cm/B/Aichi and ratings.",SUP-UAN-150-01,Readable; profile/editorial/reprint/attributed-voice limits retained in records.,
UAN:s0151,151,151,OPS/images/08_882128_880264_1_151_001.jpg,8b8f9ace6d2872bd055ca62d968ca7032b30a312708d5a68496a5a2d7bbf23c7,"Every original JPEG viewed at detail=original, in ascending spine order; meaningful Japanese text and visual/panel relationships read directly.",source,REVIEWED_MATERIAL,"Six compact entries: Bibimi's support-tech pageantry, Yuyu Haya's friendship/preparation work for Nejire, Togeike and Agoyamato festival skepticism, general-course cohesion and business-course stall results.",SUP-UAN-151-01; SUP-UAN-151-02,Readable; profile/editorial/reprint/attributed-voice limits retained in records.,
UAN:s0152,152,152,OPS/images/08_882128_880264_1_152_001.jpg,2ee3d264f0852f1676162f20761ba5923384fac37aa6d8892679f436f44db38c,"Every original JPEG viewed at detail=original, in ascending spine order; meaningful Japanese text and visual/panel relationships read directly.",source,REVIEWED_MATERIAL,"Other-person roster: Eri's mutation/exploitation and U.A. care; Shiketsu teacher, Haji Teruo, Tameda Hiroshi, Kota, Miyashita, Mongoose Habuko, Tsubasa-kun and Shimura family.",SUP-UAN-152-01; SUP-UAN-152-02; SUP-UAN-152-03,Readable; profile/editorial/reprint/attributed-voice limits retained in records.,
UAN:s0153,153,153,OPS/images/08_882128_880264_1_153_001.jpg,3aedc77da6db8371b0d04fb0fb30208be0051b2cf2ebf04667207e4e2c49c4bf,"Every original JPEG viewed at detail=original, in ascending spine order; meaningful Japanese text and visual/panel relationships read directly.",source,REVIEWED_MATERIAL,"Nine family entries: Inko, Bakugo parents, Ochako parents, Jiro parents, Rei/Fuyumi/Natsuo/Toya roster, Iida mother, Asui family, Aoyama mother and Koda mother.",SUP-UAN-153-01; SUP-UAN-153-02; SUP-UAN-153-03; SUP-UAN-153-04,Readable; profile/editorial/reprint/attributed-voice limits retained in records.,
UAN:s0154,154,154,OPS/images/08_882128_880264_1_154_001.jpg,74f8e15269b40c5006aff78a02a8eaf7cf8b31306ba80a952839bf4aa8644c7d,"Every original JPEG viewed at detail=original, in ascending spine order; meaningful Japanese text and visual/panel relationships read directly.",source,REVIEWED_MATERIAL,"Masegaki roster: Ikoma Komari's teaching strain/beer routine; cynical leader child, Sho, jealous girl, Takuto, named-by-technique children and generational ability commentary.",SUP-UAN-154-01; SUP-UAN-154-02,Readable; profile/editorial/reprint/attributed-voice limits retained in records.,
UAN:s0155,155,,OPS/images/08_882128_880264_1_155_001.jpg,d8948b487d4acf77cd0bc8ceae4af532c8131b3c9bc6b9e306f49cbc0d54a057,"Every original JPEG viewed at detail=original, in ascending spine order; meaningful Japanese text and visual/panel relationships read directly.",source,REVIEWED_NO_MATERIAL_ADDITION,Fourth-section ULTRA HEROES divider promises professionals' abilities and personal faces while framing daily work as defending peace against evil.,,Every line and visual section marker read. Source topology recorded; the promotional collective framing is not an individually demonstrated moral verdict.,
UAN:s0156,156,156,OPS/images/08_882128_880264_1_156_001.jpg,deb78d273de56ad7184913c76d101f73fb8d8d5e964f16ef5a0298b851c48946,"Every original JPEG viewed at detail=original, in ascending spine order; meaningful Japanese text and visual/panel relationships read directly.",source,REVIEWED_NO_MATERIAL_ADDITION,"All Might card, historical OFA combat form; inherited power, force/ranged wind pressure; power S+/speed S+/technique S/intelligence S/charisma S+.",,Full card and axes read. Retrospective capability image is paired with the next page's explicit loss/retirement account; it does not restore present OFA. No separate material claim required beyond the temporal/rating rule already established.,
UAN:s0157,157,157,OPS/images/08_882128_880264_1_157_001.jpg,9d49df9aee3b1e261f41deacbae8adda4f9c09ef111490ba6d4c2e2fff8b3ad8,"Every original JPEG viewed at detail=original, in ascending spine order; meaningful Japanese text and visual/panel relationships read directly.",source,REVIEWED_MATERIAL,"All Might retirement/teaching, chosen successor and Kamino victory, style/US-study joke, relationship chart with Midoriya/AFO/Nighteye/Gran Torino; Yagi Toshinori 10 June/220 cm/A/Tokyo, unexpectedly playful personality.",SUP-UAN-157-01,Readable; profile/editorial/reprint/attributed-voice limits retained in records.,
UAN:s0158,158,158,OPS/images/08_882128_880264_1_158_001.jpg,304ec06e284be6e7e5b841022313edc5bdd2b6778c637682c431af61ac0eeab2,"Every original JPEG viewed at detail=original, in ascending spine order; meaningful Japanese text and visual/panel relationships read directly.",source,REVIEWED_MATERIAL,"Endeavor current-No.1 card, Hellflame mobility/firepower; power S+/speed A+/technique A/intelligence B/overfond-parent S.",SUP-UAN-158-01,Readable; profile/editorial/reprint/attributed-voice limits retained in records.,
UAN:s0159,159,159,OPS/images/08_882128_880264_1_159_001.jpg,889989250d0b5ae3dc5aebd22191c1e49a6a48e2aff1972a371efe90e6fa9157,"Every original JPEG viewed at detail=original, in ascending spine order; meaningful Japanese text and visual/panel relationships read directly.",source,REVIEWED_MATERIAL,"Endeavor post-retirement succession, pursuit of his own No.1 method, family wrongdoing/resolve and continued barred visit to Rei; High-End victory, Shoto/Hawks/All Might/Tameda diagram; 8 August/195 cm/AB/around Shizuoka.",SUP-UAN-159-01,Readable; profile/editorial/reprint/attributed-voice limits retained in records.,
UAN:s0160,160,160,OPS/images/08_882128_880264_1_160_001.jpg,11818a156bfd52eb9b40acadfdc3b1b392a85711b3d0f6f80d6fb85481ee6f6e,"Every original JPEG viewed at detail=original, in ascending spine order; meaningful Japanese text and visual/panel relationships read directly.",source,REVIEWED_NO_MATERIAL_ADDITION,"Hawks ranged/support card: Fierce Wings movement, feathers as projectiles/shapes, reduced feathers lower flight ability; power C+/speed S/technique S+/intelligence A/resourcefulness A.",,"All original technical caption, illustration and ratings read. Explicit feather allocation constraint is accounted, but no new enacted event or generalized resourcefulness score is admitted from a card.",
UAN:s0161,161,161,OPS/images/08_882128_880264_1_161_001.jpg,d56fd39fea7ced8bccf1e00516db042aa7d73da93ea3be5a3fd8013f229f251f,"Every original JPEG viewed at detail=original, in ascending spine order; meaningful Japanese text and visual/panel relationships read directly.",source,REVIEWED_MATERIAL,"Hawks covert Commission task/Dabi contact, High-End plan, public/private speech uncertainty, printed Takami Keigo despite real name not public; Endeavor/Dabi/Edgeshot/Tokoyami chart; 28 December/172 cm/B/Fukuoka.",SUP-UAN-161-01; SUP-UAN-161-02,Readable; profile/editorial/reprint/attributed-voice limits retained in records.,
UAN:s0162,162,162,OPS/images/08_882128_880264_1_162_001.jpg,887729016176efb9adbf5519256842f72778593faf789c68c0cad19d2ccb2054,"Every original JPEG viewed at detail=original, in ascending spine order; meaningful Japanese text and visual/panel relationships read directly.",source,REVIEWED_NO_MATERIAL_ADDITION,"Best Jeanist fiber-control ranged/support card; clothing restraint, power B/speed C/technique A+/intelligence A/fashion sense S+.",,Full card read. Fashion axis is character-specific; clothing slogan is not exceptionless capability proof. Detailed role/activity additions follow in s0163.,
UAN:s0163,163,163,OPS/images/08_882128_880264_1_163_001.jpg,664ec9a4a5ca2d2cb4e409e217bc88d83059d6b4319e8af4b9d21021b5cc8f1b,"Every original JPEG viewed at detail=original, in ascending spine order; meaningful Japanese text and visual/panel relationships read directly.",source,REVIEWED_MATERIAL,"Best Jeanist public desire for return, correcting violent people, favored long-standing jeans brand and overseas modeling contract, Bakugo failed reform attempt and warehouse raid; 5 October/190 cm/AB/Okayama; role diagram.",SUP-UAN-163-01,Readable; profile/editorial/reprint/attributed-voice limits retained in records.,
UAN:s0164,164,164,OPS/images/08_882128_880264_1_164_001.jpg,b31fdc632bad391329b43b0fdc2b793749d033116c81b1540d375659f2f11dbe,"Every original JPEG viewed at detail=original, in ascending spine order; meaningful Japanese text and visual/panel relationships read directly.",source,REVIEWED_NO_MATERIAL_ADDITION,"Aizawa/Eraser Head close/support card: gaze suppresses activation, capture cloth restraint, power C/speed B+/technique S+/intelligence A+/dry eyes S.",,"All card text/ratings read. Dry-eye axis is a source-specific limitation/gag, not a general psychological measure; historical/teacher particulars follow in s0165.",
UAN:s0165,165,165,OPS/images/08_882128_880264_1_165_001.jpg,b05720a63da67f92a6c01fa95bd969af9d7d2d86391cf1ff4f85376a839f4dcf,"Every original JPEG viewed at detail=original, in ascending spine order; meaningful Japanese text and visual/panel relationships read directly.",source,REVIEWED_MATERIAL,"Aizawa lost school friend, consequent extra strictness, six-year capture-cloth learning and generous teaching of Shinso; Dabi capture and protective media performance; role chart; 8 November/183 cm/B/Tokyo.",SUP-UAN-165-01; SUP-UAN-165-02,Readable; profile/editorial/reprint/attributed-voice limits retained in records.,
UAN:s0166,166,166,OPS/images/08_882128_880264_1_166_001.jpg,a62225c9657f183e1a6810c747292c34d2647f016f1f406c3054e8d6f49ea8b0,"Every original JPEG viewed at detail=original, in ascending spine order; meaningful Japanese text and visual/panel relationships read directly.",source,REVIEWED_NO_MATERIAL_ADDITION,"Present Mic ranged card, high-volume sonic harm, power C/speed C/technique B/intelligence B/DJ spirit S+.",,"Card, art, all axes and Japanese sonic caption directly read. The sonic function and DJ framing overlap UA:s0112–0113; no new behavioral occasion or universal dominance claim is supplied.",
UAN:s0167,167,167,OPS/images/08_882128_880264_1_167_001.jpg,4e5c851a3f37ecf1a786655167d4aaaae9474b45dc44f7a5d53378e24c4dd860,"Every original JPEG viewed at detail=original, in ascending spine order; meaningful Japanese text and visual/panel relationships read directly.",source,REVIEWED_MATERIAL,"Mic teacher/radio-DJ labor and Aizawa long acquaintance; Shinso resembles young Aizawa to him, Jiro exam limitation, colleague/Endeavor/Ibara diagrams; 7 July/185 cm/B/Tokyo.",SUP-UAN-167-01,Readable; profile/editorial/reprint/attributed-voice limits retained in records.,
UAN:s0168,168,168,OPS/images/08_882128_880264_1_168_001.jpg,2ac5c27eecc3f86429ae959ba6ca38165caa6a8e6376bef5cf2c69dc8a667e2f,"Every original JPEG viewed at detail=original, in ascending spine order; meaningful Japanese text and visual/panel relationships read directly.",source,REVIEWED_NO_MATERIAL_ADDITION,"Gran Torino close-combat card: inhaled-air Jet propulsion, power D/speed S/technique A/intelligence A/boke A.",,All original labels/technique read. The boke rating belongs to comic role and cannot establish cognitive impairment; the following profile explicitly preserves uncertainty between joke and concern.,
UAN:s0169,169,169,OPS/images/08_882128_880264_1_169_001.jpg,1e0508f5efe0df0e5c9056f7ff959df86d22da3f3511c9bf35c6653519e14584,"Every original JPEG viewed at detail=original, in ascending spine order; meaningful Japanese text and visual/panel relationships read directly.",source,REVIEWED_MATERIAL,"Gran Torino/Nana partnership and one-year teaching at her request, aging humor ambiguity, continued elite skill despite anonymity; relation chart, Sorahiko Torino 28 January/120 cm/B/Yamanashi.",SUP-UAN-169-01,Readable; profile/editorial/reprint/attributed-voice limits retained in records.,
UAN:s0170,170,170,OPS/images/08_882128_880264_1_170_001.jpg,190c604da46546e1a331757eb3c4a52608f4aa258ca6bb2ef757e9e1caebff0c,"Every original JPEG viewed at detail=original, in ascending spine order; meaningful Japanese text and visual/panel relationships read directly.",source,REVIEWED_NO_MATERIAL_ADDITION,"Nighteye support card: touch/eye contact enables one-hour viewing of target conduct, power B/speed C/technique A/intelligence A/All Might fan A.",,"Whole card read. Foresight duration and fandom are profile framing, not proven universal fate mechanics. s0171 makes clear this is a dead character's retrospective card.",
UAN:s0171,171,171,OPS/images/08_882128_880264_1_171_001.jpg,56418cbdd56c098167facd78086b666705269ff83e29ef2a5a1d35af46dce593,"Every original JPEG viewed at detail=original, in ascending spine order; meaningful Japanese text and visual/panel relationships read directly.",source,REVIEWED_MATERIAL,"Nighteye formerly supported All Might through miscellaneous labor; highlights chosen from admiration, independent agency/interns and death, rift over foreseen future, weighted seals; relationships and Sasaki Mirai 2 January/200 cm/AB/Tokyo.",SUP-UAN-171-01,Readable; profile/editorial/reprint/attributed-voice limits retained in records.,
UAN:s0172,172,172,OPS/images/08_882128_880264_1_172_001.jpg,78d2e6cf6d303970ad45d05124d983487bd2816460f7341c29effb30ec4c4a43,"Every original JPEG viewed at detail=original, in ascending spine order; meaningful Japanese text and visual/panel relationships read directly.",source,REVIEWED_NO_MATERIAL_ADDITION,"Edgeshot close-combat card: Foldabody paper-like form and spring extension for rapid flight, power B/speed S/technique A/intelligence B/ninja S.",,All card words and ratings read. Ninja is a style axis; next profile owns substantive flexibility/privacy claims.,
UAN:s0173,173,173,OPS/images/08_882128_880264_1_173_001.jpg,59457bd47ac649100c03e4f30bbeb99a435c2f3e1ee1b8d73aa9304800afcd78,"Every original JPEG viewed at detail=original, in ascending spine order; meaningful Japanese text and visual/panel relationships read directly.",source,REVIEWED_MATERIAL,"Edgeshot No.4, concealed private life, independent tendency but Lurkers team flexibility, Kamino penetration and Kurogiri capture; relation chart, Kamihara Shinya 22 February/170 cm/A/birthplace unknown.",SUP-UAN-173-01,Readable; profile/editorial/reprint/attributed-voice limits retained in records.,
UAN:s0174,174,174,OPS/images/08_882128_880264_1_174_001.jpg,45b6c2dc18a7162c5cbc578727ee6a9a58709d5482cd289f73987e99b09303b2,"Every original JPEG viewed at detail=original, in ascending spine order; meaningful Japanese text and visual/panel relationships read directly.",source,REVIEWED_NO_MATERIAL_ADDITION,"Kamui Woods ranged/support card: tree-body extension and multiple capture, power B+/speed A-/technique B/intelligence C/restraint A.",,"All original labels/caption read; no fresh event or psychological claim. The restraint axis partly repeats ability function, making it unsuitable as a moral self-restraint score.",
UAN:s0175,175,175,OPS/images/08_882128_880264_1_175_001.jpg,56a7d46ed0070f75ae49459f1a32e5d870a53eed12630555f23a3b88488f9c0e,"Every original JPEG viewed at detail=original, in ascending spine order; meaningful Japanese text and visual/panel relationships read directly.",source,REVIEWED_MATERIAL,"Kamui Woods post-Kamino public rise and Edgeshot invitation, reported two-hour happy crying, humility, operational capture; Recovery Girl Pez link and questioned Mt. Lady relation; Nishiya Shinji 20 May/168 cm/A/Kagoshima.",SUP-UAN-175-01,Readable; profile/editorial/reprint/attributed-voice limits retained in records.,
UAN:s0176,176,176,OPS/images/08_882128_880264_1_176_001.jpg,0f11fa6ddac2940668f1cccfb62573a0c7e2bd0e2094a259214112e82b00b0e5,"Every original JPEG viewed at detail=original, in ascending spine order; meaningful Japanese text and visual/panel relationships read directly.",source,REVIEWED_NO_MATERIAL_ADDITION,"Mt. Lady close-combat card: fixed 2062 cm enlargement and inability to select arbitrary intermediate size; power A/speed C+/technique D/intelligence D/ambition A, sexualized advertising voice.",,All card prose/axes and visual framing read. The fixed-size constraint is explicit; ambition rating and promotional appeal do not adjudicate motive history or competence in every domain.,
UAN:s0177,177,177,OPS/images/08_882128_880264_1_177_001.jpg,ee3c0630a651fa938f246638a820286c4379d1b70e6ae3ace6072e70c83cbfd6,"Every original JPEG viewed at detail=original, in ascending spine order; meaningful Japanese text and visual/panel relationships read directly.",source,REVIEWED_MATERIAL,"Mt. Lady ambition changing through Kamino/Lurkers, property damage and senior friction, professional pride, questioned Kamui dating, Mineta relation; two cited volume-extra quotes; Takeyama Yu 11 August/162–2062 cm/B/Hokkaido.",SUP-UAN-177-01,Readable; profile/editorial/reprint/attributed-voice limits retained in records.,
UAN:s0178,178,178,OPS/images/08_882128_880264_1_178_001.jpg,e822cd8e33ac1906899d4be894a49fd1e9f51596f4193fb79bb25e2ce7da0d26,"Every original JPEG viewed at detail=original, in ascending spine order; meaningful Japanese text and visual/panel relationships read directly.",source,REVIEWED_NO_MATERIAL_ADDITION,"Ryukyu front card: giant dragon transformation, flight/gliding, close combat and strength sufficient for one-handed restraint of ordinary enemies; power A, speed B−, technique B−, intellect A, caregiving A. Full illustration and bespoke fifth rating axis read. The paired profile provides the distinct relational argument.",,Ability/rating card fully read; no distinct new behavioral observation inferred from ratings.,
UAN:s0179,179,179,OPS/images/08_882128_880264_1_179_001.jpg,45ec1ed4278fbc2d9a62664c24f4579b69d584ed55b722a849a48368e6a26634,"Every original JPEG viewed at detail=original, in ascending spine order; meaningful Japanese text and visual/panel relationships read directly.",source,REVIEWED_MATERIAL,"Ryukyu’s public popularity, reluctance about her ranking, raid protection and precise guidance of Nejire/Ochako/Tsuyu; gentle answer to Nejire’s meeting question. Relationship chart contrasts pupils’ trust with professional discussion of teaching with Nighteye and Fat Gum’s assessment. Profile Tatsuma Ryuko, 22 September, 166 cm, A, Okinawa, dependable elder-sister framing; quoted ranking speech remembers a life she might have saved.",SUP-UAN-179-01,Readable; profile/editorial/reprint/attributed-voice limits retained in records.,
UAN:s0180,180,180,OPS/images/08_882128_880264_1_180_001.jpg,d82854b47d575a212ab95703c6e5d8fcbf894d768d14badc47d700d1d9938d27,"Every original JPEG viewed at detail=original, in ascending spine order; meaningful Japanese text and visual/panel relationships read directly.",source,REVIEWED_NO_MATERIAL_ADDITION,"Fat Gum front card: fat absorption, capture and the storage/release of attack energy for a counter; takoyaki-bearing illustration and power A, speed D, technique B, intellect B, absorption A ratings. The card’s comic bodily presentation is distinguished from the following relational profile.",,Fully read ability/rating card; counter mechanics remain dependent on the existing raid event.,
UAN:s0181,181,181,OPS/images/08_882128_880264_1_181_001.jpg,530467b0eeba7805a94110334aa4d5bc2d2e864ced3d90a30f6706eb4edfb723,"Every original JPEG viewed at detail=original, in ascending spine order; meaningful Japanese text and visual/panel relationships read directly.",source,REVIEWED_MATERIAL,"Fat Gum’s warmth and passion, protection before civilians are harmed, mentorship by example, and fat-burning transformation described editorially as handsome. Relationship chart: Tamaki calls his pressure power harassment, Kirishima receives praise, Ochako/Tsuyu find his round form cute, and Rappa praises an opponent whom Fat Gum finds disconcerting. Toyomitsu Taishiro, 8 August, Osaka, brotherly persona; sayings emphasize trusting a partner’s back and not underestimating Red Riot.",SUP-UAN-181-01,Readable; profile/editorial/reprint/attributed-voice limits retained in records.,
UAN:s0182,182,182,OPS/images/08_882128_880264_1_182_001.jpg,77cfdad252f3a4d640e8e0b581f6a22e3824c7093779d8d9f07eb3836c7ca345,"Every original JPEG viewed at detail=original, in ascending spine order; meaningful Japanese text and visual/panel relationships read directly.",source,REVIEWED_NO_MATERIAL_ADDITION,"Gang Orca front card: close combat orca abilities usable on land and sea, sonar/detection and stronger close-range sonic force; power B, speed C, technique A, intellect B, love of children A. Full visual and rating axis read; the profile qualifies how that affinity is publicly expressed.",,No new enacted behavior inferred from the child-affinity rating alone.,
UAN:s0183,183,183,OPS/images/08_882128_880264_1_183_001.jpg,8e317897f9f44e64c3655e7e67fad0fc87f759eaa177d873c9d7490f86f4862e,"Every original JPEG viewed at detail=original, in ascending spine order; meaningful Japanese text and visual/panel relationships read directly.",source,REVIEWED_MATERIAL,"Gang Orca’s severe appearance and kind disposition, admiring sidekicks’ Shacho nickname, intimidating license-exam role and concern about frightening small children. Student-specific replies from Bakugo, Todoroki and Inasa; sidekick says his harshness is forced because he likes children. Uwabami aquarium/rabbit exchange, unverified human-status rumor and unrevealed personal background are kept as framed remarks. Sakamata Kugo, 29 October, 202 cm, O, Kanagawa, rigid personality.",SUP-UAN-183-01,Readable; profile/editorial/reprint/attributed-voice limits retained in records.,
UAN:s0184,184,184,OPS/images/08_882128_880264_1_184_001.jpg,27e24c401017edcca894ff3428149f02df633d6d03c756395e08561dcc8dec6a,"Every original JPEG viewed at detail=original, in ascending spine order; meaningful Japanese text and visual/panel relationships read directly.",source,REVIEWED_MATERIAL,"Mandalay compact profile: mountain rescue, student past of opening her heart slowly, help from Pixie-Bob and others, transmission of Aizawa’s combat permission, and team telepathy. Kota expresses thanks and she treats care as natural; marriage banter with Pixie-Bob and hostile/flattering exchange with Spinner. Sosaki Shino, 1 May, 168 cm, A, Miyagi, concern for her cousin’s child; power D, speed C, technique B, intellect A, command A+.",SUP-UAN-184-01,Readable; profile/editorial/reprint/attributed-voice limits retained in records.,
UAN:s0185,185,185,OPS/images/08_882128_880264_1_185_001.jpg,ddfa9275b9cc9c5f5f26d0bdc45234656fa2a8fd68e4040df15bbe2d747d903b,"Every original JPEG viewed at detail=original, in ascending spine order; meaningful Japanese text and visual/panel relationships read directly.",source,REVIEWED_MATERIAL,"Pixie-Bob originated the team concept/name and reportedly often took reserved student Mandalay out to play. Marriage anxiety and self-declared eighteen-year-old heart coexist with Earth Flow rescue/training construction; flirtatious student chart and Koda’s inability to command Quirk-made earth beasts. Tsuchikawa Ryuko, 26 June, 167 cm, AB, Ehime, active; power A, speed C, technique A, intellect C, impatience A.",SUP-UAN-185-01,Readable; profile/editorial/reprint/attributed-voice limits retained in records.,
UAN:s0186,186,186,OPS/images/08_882128_880264_1_186_001.jpg,cb61e85066ebfebb0b37102230db63e6e3ea349cabbd1452aa4407484db7415c,"Every original JPEG viewed at detail=original, in ascending spine order; meaningful Japanese text and visual/panel relationships read directly.",source,REVIEWED_MATERIAL,"Tiger compact profile explicitly uses period editorial former-woman wording, stresses teammate care and reports a popular online original boot-camp exercise program. Pliabody combat and restraint, relief at Ragdoll’s survival, anger over Pixie-Bob’s injury, Midoriya’s obedient exercise response; Chatora Yawara, 29 February, 190 cm, A, Kagoshima. Power A, speed B−, technique B, intellect C, magnanimity A.",SUP-UAN-186-01,Readable; profile/editorial/reprint/attributed-voice limits retained in records.,
UAN:s0187,187,187,OPS/images/08_882128_880264_1_187_001.jpg,e1126e3337510802ba7a1d4335831032231caad706d13f6730843a1c89e33387,"Every original JPEG viewed at detail=original, in ascending spine order; meaningful Japanese text and visual/panel relationships read directly.",source,REVIEWED_MATERIAL,"Ragdoll proposed forming the four-person team because she loves its members. After Search theft she remains cheerful and provides information analysis/office work for the other three. Search mechanics and a Momo compatibility chart coexist with this explicit lost-Quirk state; Kirishima admires perseverance. Shiretoko Tomoko, 8 April, 166 cm, O, Tokyo, observant; power D, speed D, technique E, intellect C, support A.",SUP-UAN-187-01,Readable; profile/editorial/reprint/attributed-voice limits retained in records.,
UAN:s0188,188,188,OPS/images/08_882128_880264_1_188_001.jpg,58ad6ef6854341d083603e848a0d31062dce1e19bc6914078a1a22be170ea08c,"Every original JPEG viewed at detail=original, in ascending spine order; meaningful Japanese text and visual/panel relationships read directly.",source,REVIEWED_MATERIAL,"Mirko compact profile: strength and confidence, a pioneering pro style without her own agency, rabbit mobility/kicks and intervention following the High-End battle. Chart shows Hawks appreciating her strength, her approval of his cheek, competitive address to Endeavor and hostility with Dabi. Usagiyama Rumi, 1 March, 159 cm, O, Hiroshima, editorial tomboyish label; power A+, speed A+, technique C, intellect C, jump A.",SUP-UAN-188-01,Readable; profile/editorial/reprint/attributed-voice limits retained in records.,
UAN:s0189,189,189,OPS/images/08_882128_880264_1_189_001.jpg,6f773aeeff3dc1abab38360faaf1ad1faebebb420a8f1e346b163d74d91a8b1c,"Every original JPEG viewed at detail=original, in ascending spine order; meaningful Japanese text and visual/panel relationships read directly.",source,REVIEWED_MATERIAL,"Vlad King compact profile: devotion to Class B, editorial admission that he partly misunderstands the hot-blooded-teacher role, capture of Dabi’s clone after pupils’ safety, and Blood Control restraint. Aizawa criticizes emotional irrationality, Midnight asks for fair commentary, Monoma claims their teacher; Kan Sekijiro, 10 November, 194 cm, B, Aomori, passionate. Power B, speed B, technique A+, intellect C, pupil love A.",SUP-UAN-189-01,Readable; profile/editorial/reprint/attributed-voice limits retained in records.,
UAN:s0190,190,190,OPS/images/08_882128_880264_1_190_001.jpg,fa5afe478a967869e5d32b64db1644dd7cf9c900ed624ca90ffe518550150ded,"Every original JPEG viewed at detail=original, in ascending spine order; meaningful Japanese text and visual/panel relationships read directly.",source,REVIEWED_MATERIAL,"Midnight compact profile explicitly describes teasing opponents in a partially sedated state and an enemy drawn by the rumor, beside serious ordinary work and occasional sadism. Mt. Lady challenges her costume motives, Midnight cites Quirk need, Ectoplasm questions her pose, and Mineta fantasizes while she anticipates his growth. Kayama Nemuri, 9 March, 175 cm, A, Saitama; power D, speed C, technique A, intellect C, sexy S, Somnambulist affects men more readily.",SUP-UAN-190-01,Readable; profile/editorial/reprint/attributed-voice limits retained in records.,
UAN:s0191,191,191,OPS/images/08_882128_880264_1_191_001.jpg,707c4fa2fffaaa7f5a336ab1c25851272cf220551dff2f4c8a58870da7c99c63,"Every original JPEG viewed at detail=original, in ascending spine order; meaningful Japanese text and visual/panel relationships read directly.",source,REVIEWED_MATERIAL,"Cementoss’s gentle temperament contrasted with rectangular face, design of varied-training TDL, founding a perfect-round-object search club, urban concrete defensive advantage. All Might apologizes for repeated help and receives worried fan/colleague response; Ectoplasm discusses TDL assistance and Kirishima promises improvement. Ishiyama Ken, 22 March, 185 cm, B, Yamagata; power B+, speed A, technique A, intellect A, roundness E.",SUP-UAN-191-01,Readable; profile/editorial/reprint/attributed-voice limits retained in records.,
UAN:s0192,192,192,OPS/images/08_882128_880264_1_192_001.jpg,a7a1cc6909654503059007732bd91b78fcd631d08770ae07973ded827ed4c5ca,"Every original JPEG viewed at detail=original, in ascending spine order; meaningful Japanese text and visual/panel relationships read directly.",source,REVIEWED_MATERIAL,"Ectoplasm’s frightening appearance and distinctive speech, independently thinking clones enabling individualized instruction to all twenty Class A students, large-clone swallowing restraint and usual roughly thirty-clone ability. Aizawa thanks special-move help; Ectoplasm praises his observation, discusses divided instruction with Vlad King and patrol with Hound Dog. Name unknown, 23 March, 180 cm, AB, Okinawa, strict; power B, speed C, technique A, intellect C, karaoke A.",SUP-UAN-192-01,Readable; profile/editorial/reprint/attributed-voice limits retained in records.,
UAN:s0193,193,193,OPS/images/08_882128_880264_1_193_001.jpg,3850d7704cf9bff8d8f5b8046006b887d9b8180f0e5209c29572927758298a9a,"Every original JPEG viewed at detail=original, in ascending spine order; meaningful Japanese text and visual/panel relationships read directly.",source,REVIEWED_MATERIAL,"Nezu compact profile: animal with a unique Quirk, intellectual leadership, care for students, public criticism and composed press responses. He likes entering narrow spaces and apparently favors Aizawa’s cloth; Aizawa asks him to stop entering the neck area. All Might recognizes renewed teacher expectations; Midnight thanks police negotiations while Nezu protects pupils’ future. 1 January, 85 cm, A, Tokyo; power E, speed D, technique A, intellect S, loveliness A.",SUP-UAN-193-01,Readable; profile/editorial/reprint/attributed-voice limits retained in records.,
UAN:s0194,194,194,OPS/images/08_882128_880264_1_194_001.jpg,2a9ded09dddf3464ec1064458a7b1c160537e753b024e45523978a9709f407c7,"Every original JPEG viewed at detail=original, in ascending spine order; meaningful Japanese text and visual/panel relationships read directly.",source,REVIEWED_MATERIAL,"Power Loader’s costume-development license, industrial-claw excavation, genius/limited-friends editorial description and reputation as odd among colleagues. Warm supervision and exasperation with Hatsume coexist; he apologizes to Nezu for school damage and coordinates excavation/foundation construction with Cementoss. Maijima Higari, 17 September, 155 cm, A, Osaka; power A, speed B−, technique D, intellect D, height D.",SUP-UAN-194-01,Readable; profile/editorial/reprint/attributed-voice limits retained in records.,
UAN:s0195,195,195,OPS/images/08_882128_880264_1_195_001.jpg,f7e8d76114473684edc7d0d0d316d540ff43712787bc236f252090ddc223a0a2,"Every original JPEG viewed at detail=original, in ascending spine order; meaningful Japanese text and visual/panel relationships read directly.",source,REVIEWED_MATERIAL,"Hound Dog as student-guidance lead: intense anger disrupts speech into growls, students fear him, and Vlad King’s long acquaintance helps cover for him. Rough conduct is editorially called his way of expressing affection; he scolds All Might, who accepts fault, while Koda cannot understand an utterance. Inui Ryo, 15 November, 196 cm, A, Tokyo, work first; power A+, speed A, technique D−, intellect B, faithful dog A; scent can detect enemy numbers at distance.",SUP-UAN-195-01,Readable; profile/editorial/reprint/attributed-voice limits retained in records.,
UAN:s0196,196,196,OPS/images/08_882128_880264_1_196_001.jpg,573ab3786bce477b5b6e755293b7602e3fda45d05fd0d0823f74e285c17e1c9c,"Every original JPEG viewed at detail=original, in ascending spine order; meaningful Japanese text and visual/panel relationships read directly.",source,REVIEWED_MATERIAL,"Recovery Girl is the longest-serving U.A. nurse teacher, knows All Might’s past, has a voice comparable to the principal and visits other hospitals to treat patients. Heal activates patients’ recovery subject to stamina. She scolds All Might’s indulgence toward his successor, receives repeated apologies and tells Nezu to conceal his unguarded side. Shuzenji Chiyo, 4 April, 115 cm, B, Tokyo; power E, speed E, technique A, intellect A, recovery S.",SUP-UAN-196-01,Readable; profile/editorial/reprint/attributed-voice limits retained in records.,
UAN:s0197,197,197,OPS/images/08_882128_880264_1_197_001.jpg,e00bd973d7f0b242fca76ba5350428f6d339e2e4021aa5239c37de0413db1058,"Every original JPEG viewed at detail=original, in ascending spine order; meaningful Japanese text and visual/panel relationships read directly.",source,REVIEWED_MATERIAL,"Thirteen’s disaster rescue and teaching, kind speech, USJ creation and instruction in both useful and dangerous Quirk use. The prose explicitly identifies her as a woman despite the concealing costume; name remains unknown. Black Hole destroys at molecular level including light. Mandalay senior admiration, Wash resemblance/popularity remark and Ochako’s fandom/Thirteen’s pleasure are distinct chart voices. 3 February, 180 cm, A, Tanegashima Kagoshima; power B, speed E, technique B, intellect B, suction A.",SUP-UAN-197-01,Readable; profile/editorial/reprint/attributed-voice limits retained in records.,
UAN:s0198,198,198,OPS/images/08_882128_880264_1_198_001.jpg,ca13c377bec5f5f46930427c4795fd33db5acf00a7070d0a86983d38331897e3,"Every original JPEG viewed at detail=original, in ascending spine order; meaningful Japanese text and visual/panel relationships read directly.",source,REVIEWED_MATERIAL,"Bubble Girl’s cheerful disposition, formality before Nighteye, nervousness in meetings and calm action against enemies; odor-bubble blinding and senior-led learning. Humor/tickling gag with Nighteye, envy of Mirio’s favor, continued work with Centipeder in the reborn agency. Awata Kaoruko, 23 April, 167 cm, B, Ehime, hard worker; power E, speed D, technique B+, intellect C, tickling resistance E.",SUP-UAN-198-01,Readable; profile/editorial/reprint/attributed-voice limits retained in records.,
UAN:s0199,199,199,OPS/images/08_882128_880264_1_199_001.jpg,ca80d34c2430c49c7b3b89a19c6f704cfca5dfa8c067de5bbe56b5d8cd2e1af8,"Every original JPEG viewed at detail=original, in ascending spine order; meaningful Japanese text and visual/panel relationships read directly.",source,REVIEWED_MATERIAL,"Centipeder’s gentlemanly calm, restraint/reaction skills, guidance of Bubble Girl and succession to the agency after Nighteye’s death. He awaits Mirio’s return and welcomes Midoriya’s continued internship, while the Nighteye chart preserves earlier mutual evaluation. Moashi Juzo, 4 June, 205 cm, A, Niigata; power D, speed B, technique B, intellect B, legs A.",SUP-UAN-199-01,Readable; profile/editorial/reprint/attributed-voice limits retained in records.,
UAN:s0200,200,200,OPS/images/08_882128_880264_1_200_001.jpg,05f27700032e5268140c69ff89d793037f99d84834b56f68c7983a6a576c4fd4,"Every original JPEG viewed at detail=original, in ascending spine order; meaningful Japanese text and visual/panel relationships read directly.",source,REVIEWED_MATERIAL,"Rock Lock’s rude conference manner is attributed to concern that allies may be injured amid uncertainty; he is described as kind at heart and devoted to his wife. Pressure for Nighteye’s prediction is linked to wanting Eri saved quickly; Fat Gum dislikes his phrasing while Rock Lock respects him, and Midoriya receives professional recognition. Takagi Ken, 9 June, 173 cm, B, Tokushima; power C, speed C, technique B, intellect A−, sarcasm B. Lock Down fixes nonliving objects in place, even aloft.",SUP-UAN-200-01,Readable; profile/editorial/reprint/attributed-voice limits retained in records.,
UAN:s0201,201,201,OPS/images/08_882128_880264_1_201_001.jpg,5c1ad6099b8353f8216b8777ccf17bb3745b65fe6725580af2bc8c9a618934bf,"Every original JPEG viewed at detail=original, in ascending spine order; meaningful Japanese text and visual/panel relationships read directly.",source,REVIEWED_MATERIAL,"Nana Shimura retrospective profile: All Might’s smiling mentor, Gran Torino’s close friend, confrontation with All For One and death, transmitted will and entrusting All Might’s dream to Gran Torino. Only One For All is listed; hero name, birthday, height, blood group, birthplace, technique and all chart ratings remain unknown. The villain’s dismissal of ideals is attributed, not the book’s settled conclusion.",SUP-UAN-201-01,Readable; profile/editorial/reprint/attributed-voice limits retained in records.,
UAN:s0202,202,202,OPS/images/08_882128_880264_1_202_001.jpg,514fcfa16ff882957c88d15a2e121ca0b7afd78847793eab3813d186e4bd1b88,"Every original JPEG viewed at detail=original, in ascending spine order; meaningful Japanese text and visual/panel relationships read directly.",source,REVIEWED_MATERIAL,"Eleven compact roster entries fully read: Ms. Joke’s Ketsubutsu class 2-2 teaching, forced-laughter Quirk and repeated failed attempts to make old acquaintance Aizawa laugh; Backdraft’s firefighting speed; Snipe’s individual attention and marksmanship; Lunch Rush’s balanced meals; Death Arms’s security/strength demand; Toy-Toy’s festival heckling and circus-toy-poodle resemblance; retired Tensei/Ingenium; Air Jet’s backpack; Fourth Kind’s search for ways not to frighten children; Manual’s unglamorous public service; Crimson Riot’s regretless-life example for Kirishima.",SUP-UAN-202-01; SUP-UAN-202-02; SUP-UAN-202-03,Readable; profile/editorial/reprint/attributed-voice limits retained in records.,
UAN:s0203,203,203,OPS/images/08_882128_880264_1_203_001.jpg,d8347cab30a302a17d13677f9ad1f3da4fd61daee8bf26bfd0c1e4f535d05e94,"Every original JPEG viewed at detail=original, in ascending spine order; meaningful Japanese text and visual/panel relationships read directly.",source,REVIEWED_MATERIAL,Twelve roster entries fully read: Native saved by Midoriya and others; Uwabami’s corporate promotion and male support; Gunhead’s gentle speech despite looks; Mr. Brave’s plucked-hair fighting and receding-hairline worry; Kesagiriman’s unknown identity/Quirk and raid work; Water Hose’s deaths defending citizens; Crust’s earnest heat and fans; Takeshita as Gentle’s schoolmate with bamboo costume; Snatch’s sand upper body and convoy defeat; Slidin’ Go’s conjectured sliding Quirk and guidance to the Liberation Army hideout; Yoroi Musha’s appeal to older martial enthusiasts; Wash’s child/adult appeal and successful commercial series.,SUP-UAN-203-01; SUP-UAN-203-02; SUP-UAN-203-03; SUP-UAN-203-04,Readable; profile/editorial/reprint/attributed-voice limits retained in records.,
UAN:s0204,204,204,OPS/images/08_882128_880264_1_204_001.jpg,e1b5e3568a32c2e509ef9f218bd5d23d89fc782e59adf50cf2d2ce3bac491a49,"Every original JPEG viewed at detail=original, in ascending spine order; meaningful Japanese text and visual/panel relationships read directly.",source,REVIEWED_MATERIAL,"Other-persons roster fully read: Tsukauchi’s profiling skill, All Might/Gran Torino coordination and Kurogiri capture; Mera’s Commission staffing shortage, exhausting work and non-REM sleep preference; Gori’s humane encouragement of Gentle’s rehabilitation while Gentle shields suspected accomplice La Brava; Tsuragamae’s sincere apology over regulation-driven loss of students’ credit; Commission president’s order/peace role, iron will and covert orders; Tamakawa’s diligence on cases of every size and off-duty grooming as rest/stress relief.",SUP-UAN-204-01; SUP-UAN-204-02; SUP-UAN-204-03; SUP-UAN-204-04,Readable; profile/editorial/reprint/attributed-voice limits retained in records.,
UAN:s0205,205,,OPS/images/08_882128_880264_1_205_001.jpg,f701096bb9d536e9ae74c1f18e3fa09c9329807c4a5d0a4d38cb5419404ebd0c,"Every original JPEG viewed at detail=original, in ascending spine order; meaningful Japanese text and visual/panel relationships read directly.",source,REVIEWED_MATERIAL,"EX EDITION II / HERO NEWS divider. Its unsigned introduction says the following pages collect news articles about heroes facing threats to peace and continuing despite disadvantage or difficulty. No individual newspaper, reporter or in-world publication date is named here.",SUP-UAN-205-01,Readable; profile/editorial/reprint/attributed-voice limits retained in records.,
UAN:s0206,206,206,OPS/images/08_882128_880264_1_206_001.jpg,f603aa9cc4a51106e2917eeb557e6210b9313b7fb842feb0158d2ed69fe4aed1,"Every original JPEG viewed at detail=original, in ascending spine order; meaningful Japanese text and visual/panel relationships read directly.",source,REVIEWED_MATERIAL,"Hero News USJ first page: repelled attack with severe damage, question why villains entered U.A., All Might assassination objective and possible insider, Aizawa/Thirteen harmed while protecting pupils. Nomu modification, multiple abilities, regeneration and shock absorption are presented with speculation about why Erasure fails against its force. Reproduced panels are dependent event evidence; the article’s questions remain questions.",SUP-UAN-206-01,Readable; profile/editorial/reprint/attributed-voice limits retained in records.,
UAN:s0207,207,207,OPS/images/08_882128_880264_1_207_001.jpg,770c89ed9e7c1cb33cf45b90d5d02ceabfd92e88390d34e8aab4a0acd6822d48,"Every original JPEG viewed at detail=original, in ascending spine order; meaningful Japanese text and visual/panel relationships read directly.",source,REVIEWED_MATERIAL,"Hero News USJ continuation praises our All Might, shows arrival, relief and Nomu defeat; Thirteen’s instruction, Iida as messenger and other teachers’ arrival complete the response. Separate student-voice boxes attribute Momo’s effort and Iida’s reluctance to leave yet wish to protect everyone. No new independent action is created by recap or interview-like styling.",SUP-UAN-207-01,Readable; profile/editorial/reprint/attributed-voice limits retained in records.,
UAN:s0208,208,208,OPS/images/08_882128_880264_1_208_001.jpg,38220883fe9172211f376db4dadbf4234e84bcaeb3c5c156a98447f12c23a277,"Every original JPEG viewed at detail=original, in ascending spine order; meaningful Japanese text and visual/panel relationships read directly.",source,REVIEWED_MATERIAL,"Hero News Hosu first page: Hero Killer arrest, speculative headline about Stain/League collusion, Nomu fire resistance and arrest image, Tensei’s spinal injury/paralysis. Text suggests possible alliance/shared destruction despite a panel preserving the antagonists’ lack of comradeship. The next page continues outside this reviewer’s range; source opener s0205 and same-book Native rescue account s0203 were cross-routed to its reviewer.",SUP-UAN-208-01,Readable; profile/editorial/reprint/attributed-voice limits retained in records.,
UAN:s0209,209,209,OPS/images/08_882128_880264_1_209_001.jpg,c889704baeeb2ff8b4045d4367b1c9f041e5fb8b794b55c935bb0dbaae6db141,DIRECT_VISUAL_ORIGINAL_IMAGE_DETAIL_ORIGINAL,literary,REVIEWED_MATERIAL,"The Hero News montage declares Endeavor the leading contributor to resolving the incident, attributes Stain's capture to his great activity, and describes joint Nomu suppression, evacuation, sidekick cooperation and command. Stain's demand for a return to true heroes is shown separately. Native's labelled voice credits the boys for his survival; Manual calls their involvement an adult supervision failure. The page therefore contains different public-credit and participant-account registers, not one undifferentiated narration.",SUP-UAN-209-01; SUP-UAN-209-02,Meaningful content reviewed; material findings and source limits retained in evidence.,
UAN:s0210,210,210,OPS/images/08_882128_880264_1_210_001.jpg,3d887468054e4e679bcd8d5e73a0849d5af8437e9cc55a1708f73748173d8375,DIRECT_VISUAL_ORIGINAL_IMAGE_DETAIL_ORIGINAL,literary,REVIEWED_MATERIAL,"The Kamino Nightmare feature presents a coordinated operation to recover the U.A. student and defeat the League. Reprinted meeting and restraint panels show several heroes; editorial copy says U.A.'s press conference feigned investigative difficulty as a bluff and coordinated raids seized several hideouts and Nomu storage. This is recap of already existing organization, not a new action scene.",SUP-UAN-210-01,Meaningful content reviewed; material findings and source limits retained in evidence.,
UAN:s0211,211,211,OPS/images/08_882128_880264_1_211_001.jpg,396bbabe925f5ad1e9f4bdb6d4723e526205967af73c4f53e3cd051799a850f8,DIRECT_VISUAL_ORIGINAL_IMAGE_DETAIL_ORIGINAL,literary,REVIEWED_MATERIAL,"Hero News contrasts the U.A. press conference with All Might's raid, outside police/Endeavor cordon, interrogation of captured League members, and AFO's appearance. Kamui Woods's labelled voice blames his own failure to hold Shigaraki while asking what the black liquid was; Best Jeanist admits the discovered mastermind changed the situation but refuses to use different information as an excuse. AFO's multiple-Quirk theft is given as known threat, not complete mechanism.",SUP-UAN-211-01,Meaningful content reviewed; material findings and source limits retained in evidence.,
UAN:s0212,212,,OPS/images/08_882128_880264_1_212_001.jpg,fa80a946254494965dd368a244b7ff40e52423b4a52882f7a575493c5b8c51ab,DIRECT_VISUAL_ORIGINAL_IMAGE_DETAIL_ORIGINAL,literary,REVIEWED_NO_MATERIAL_ADDITION,"A spread-style Hero News composition describes All Might's one-on-one fight against the greatest evil, his public revelation of the thin body, exhaustion of activity capacity and victory despite battered condition. Large reprinted portraits oppose AFO's many-Quirk arm and All Might's farewell attack. No separate printed folio is visible.",,"All prose and the visual opposition inspected. This recap reinforces the already-established Kamino exhaustion/retirement event; its last-battle framing is adjudicated with the adjacent s0213 record, not promoted into a final-series prohibition on later action.",No printed folio visible; spine locator retained.
UAN:s0213,213,,OPS/images/08_882128_880264_1_213_001.jpg,d2f9a527a70e292bd0ae1720dd21a371faf735a4ddc718596791c37a8b9a8692,DIRECT_VISUAL_ORIGINAL_IMAGE_DETAIL_ORIGINAL,literary,REVIEWED_MATERIAL,"The Hero News spread announces the Symbol of Peace's retirement, calls Kamino his last battle and asserts that nobody doubted his victory despite shock at his emaciated body. Reprinted panels show Endeavor's shocked question and All Might's victorious fist/attack. News-style retrospective assurance is not direct access to every spectator's belief or knowledge of future armored action.",SUP-UAN-213-01,Meaningful content reviewed; material findings and source limits retained in evidence.,No separate printed folio visible.
UAN:s0214,214,214,OPS/images/08_882128_880264_1_214_001.jpg,b03a2ca0880035860d822a0e4a5b18c3e6f1b50843e839cedb5c3f87f97d8e6a,DIRECT_VISUAL_ORIGINAL_IMAGE_DETAIL_ORIGINAL,literary,REVIEWED_NO_MATERIAL_ADDITION,The feature presents heroes gathering under Nighteye after his investigation into illegal drug manufacture and sale. Reprinted briefing and exterior raid panels show heroes and police jointly beginning a compulsory search of Hassaikai headquarters; the layout foregrounds coordination across agencies and support roles.,,All text and visible team/formation relations reviewed. The underlying investigation and joint search are manga-dependent; they confirm the mature baseline's existing early plurality without a new scene or materially different mechanism.,
UAN:s0215,215,215,OPS/images/08_882128_880264_1_215_001.jpg,177eba36ff4a9095b335b24bb166fd95b5a39d8cc39536f62a31fd1dcefe4348,DIRECT_VISUAL_ORIGINAL_IMAGE_DETAIL_ORIGINAL,literary,REVIEWED_MATERIAL,"Hero News says Hassaikai began resistance despite police/hero encirclement and attempted evidence concealment. It distinguishes currently described temporary Quirk-destroying bullets from the inferred aim of distributing a permanently erasing drug, while describing Eri's blood as the ingredient and her confinement as a questioned headline. Fat Gum condemns the drug-makers and vows to crush resistance; Ryukyu says she did not expect the preemptive attack and infers a determination to defend the organization.",SUP-UAN-215-01; SUP-UAN-215-02,Meaningful content reviewed; material findings and source limits retained in evidence.,
UAN:s0216,216,216,OPS/images/08_882128_880264_1_216_001.jpg,bb0d04e98b895b9ba9b94525de3f7619e7a7cd98098b70bf288d49dac63ecc40,DIRECT_VISUAL_ORIGINAL_IMAGE_DETAIL_ORIGINAL,literary,REVIEWED_MATERIAL,"The report describes Irinaka's mimicry-based maze and hard-fought hero resistance, with Fat Gum/Kirishima and Hassaikai fighter panels. A lower obituary recounts Nighteye's fatal injury and death in hospital, his smiling wish for a bright future, and a caption asking whether a foresight-capable Nighteye deliberately took the attack to change the future. The caption is explicitly a question.",SUP-UAN-216-01,Meaningful content reviewed; material findings and source limits retained in evidence.,
UAN:s0217,217,217,OPS/images/08_882128_880264_1_217_001.jpg,93b7f3a4a73f630dd4fa169619cae9c91dfa67df7ccc4c67c80b76d8f5b49dde,DIRECT_VISUAL_ORIGINAL_IMAGE_DETAIL_ORIGINAL,literary,REVIEWED_MATERIAL,"The feature reports Eri successfully protected, credits participating U.A. interns in stopping Chisaki's flight, and reproduces Midoriya carrying her as Chisaki reaches out. A lower League section describes the convoy attack, openly says its true intention is presently unknown and asks whether it reflects a falling-out. A caption says Chisaki lost both arms and was physically deprived of his Quirk. Public extraction, psychological recovery, inferred motives and physical usability remain distinct.",SUP-UAN-217-01; SUP-UAN-217-02,Meaningful content reviewed; material findings and source limits retained in evidence.,
UAN:s0218,218,218,OPS/images/08_882128_880264_1_218_001.jpg,3b14d9621bb9c0844dd72b32608a791f2789df46de5f96374d2836d9cb56e0cb,DIRECT_VISUAL_ORIGINAL_IMAGE_DETAIL_ORIGINAL,literary,REVIEWED_NO_MATERIAL_ADDITION,"Hero News frames a sudden Kyushu High-End attack as a test of the new No.1 Endeavor's worth. A large confrontation composition identifies a Nomu with several Quirks and thinking ability, using the qualified wording that it is thought to be a High-End. The public succession test is an earlier professional-role frame, not a verdict on family harm.",,All text and visual confrontation reviewed. The source recaps an existing manga test of professional legitimacy; the next pages' cooperative means and distinct family responses carry the material qualification.,
UAN:s0219,219,219,OPS/images/08_882128_880264_1_219_001.jpg,1189c411f70fe48586185d09f748051c76ae672791e0219b1813eaea1b64f544,DIRECT_VISUAL_ORIGINAL_IMAGE_DETAIL_ORIGINAL,literary,REVIEWED_MATERIAL,The news account says Nomu sighting rumours prompted Hawks to request a team-up and Endeavor to visit Kyushu. It gives No.2 Hawks explicit support credit: Hawks's speed supplements Endeavor's firepower to defeat regeneration. It also recalls Endeavor's serious injury against the Nomu's splitting/stretching/regeneration. This foregrounded cooperation coexists with the next page's single No.1 victory symbol.,SUP-UAN-219-01,Meaningful content reviewed; material findings and source limits retained in evidence.,
UAN:s0220,220,220,OPS/images/08_882128_880264_1_220_001.jpg,f41758b9de32b0736f04996671d06320997989664ab4dd7622f4d52938106804,DIRECT_VISUAL_ORIGINAL_IMAGE_DETAIL_ORIGINAL,literary,REVIEWED_MATERIAL,"The standing victory image and nationwide cheers frame Endeavor as bearing public hopes after All Might's retirement. Two labelled family voices differ: Natsuo says his father's victory is unrelated to him and disclaims interest; Fuyumi thinks her father worked hard to meet everyone's expectations and thanks supporters. These are constructed attributed family responses, not a collective forgiveness declaration.",SUP-UAN-220-01,Meaningful content reviewed; material findings and source limits retained in evidence.,
UAN:s0221,221,,OPS/images/08_882128_880264_1_221_001.jpg,a27b7d4629fe193c8f301fbf4e928c65dda99bcff1ede32cec6b1a417311ed0b,DIRECT_VISUAL_ORIGINAL_IMAGE_DETAIL_ORIGINAL,literary,REVIEWED_MATERIAL,"The WANTED / 5th Edition divider announces profiles of dangerous villains portrayed as seeking hero society's collapse, expanding in the underworld and threatening citizens. Its wanted-poster/investigative visual register differs from ordinary hero profiles and is itself an editorial representation choice.",SUP-UAN-221-01,Meaningful content reviewed; material findings and source limits retained in evidence.,No separate printed folio visible.
UAN:s0222,222,222,OPS/images/08_882128_880264_1_222_001.jpg,d593462ef20f86a12ed11348a8279c55d689feef0b1d8db73ba590fdfab11c3d,DIRECT_VISUAL_ORIGINAL_IMAGE_DETAIL_ORIGINAL,literary,REVIEWED_MATERIAL,"Shigaraki's wanted profile now supplies real name 志村転弧, birthday April 4 and height 175 cm, with unknown blood type, League affiliation and the evaluative label 子ども大人. Decay is described through five-finger contact and gradual crumbling. Danger S accompanies Power S+, Speed B-, Intelligence A, Technique A and a comic Hands S axis; axes/ratings are not uniform empirical measurements.",SUP-UAN-222-01,Meaningful content reviewed; material findings and source limits retained in evidence.,
UAN:s0223,223,223,OPS/images/08_882128_880264_1_223_001.jpg,0254031e0841b33d8620d81e8b8cf4a8a729369c8357fcabcfc748e151563da9,DIRECT_VISUAL_ORIGINAL_IMAGE_DETAIL_ORIGINAL,literary,REVIEWED_MATERIAL,"The profile says Shigaraki lost his family through his own Quirk, was ignored by others, grew to hate heroes and aims to destroy the world; it nevertheless says his bare face is unconfirmed. Childhood panels describe AFO finding and raising him after uncontrolled family destruction. USJ assault, Stain's denial of League membership, AFO's imprisonment and a hypothesized Overhaul relationship break appear separately. A material layout mismatch pairs the heading Hassaikai collusion and an Overhaul image with text about the forest-camp/Bakugo kidnapping.",SUP-UAN-223-01; SUP-UAN-223-02,Meaningful content reviewed; material findings and source limits retained in evidence.,
UAN:s0224,224,224,OPS/images/08_882128_880264_1_224_001.jpg,d45aa090b6a61c2bab8f98f8bab9b761d93e4525cb0980d19189672e51fd10ee,DIRECT_VISUAL_ORIGINAL_IMAGE_DETAIL_ORIGINAL,literary,REVIEWED_MATERIAL,"AFO's wanted sheet describes theft, redistribution, storage and simultaneous activation of multiple Quirks. Real name, birthday, height and blood type are unknown; League affiliation and 不気味 characterize the profile. Overall danger is S and every plotted axis—including viciousness—is S+. This is an editorial danger representation, not proof of unlimited ability, complete knowledge or invariably effective control.",SUP-UAN-224-01,Meaningful content reviewed; material findings and source limits retained in evidence.,
UAN:s0225,225,225,OPS/images/08_882128_880264_1_225_001.jpg,ee3206fccfd06967f67d6514db06c49efbd3133e23394b340906ea2e28355acd,DIRECT_VISUAL_ORIGINAL_IMAGE_DETAIL_ORIGINAL,literary,REVIEWED_MATERIAL,"The profile calls AFO an underworld ruler since the dawn of the extraordinary, explains power/charisma, and reports his arrest. A guard's attributed report says he sometimes smiles as though remembering something. The page explicitly does not know his ultimate purpose for the League. It separates favors and terror in organization-building; identifies Shigaraki as intended successor, the Doctor as presumed co-developer and Gigantomachia as loyal servant; and recounts giving the younger brother a stolen ability in an attempt to win him over, ultimately producing OFA.",SUP-UAN-225-01; SUP-UAN-225-02,Meaningful content reviewed; material findings and source limits retained in evidence.,
UAN:s0226,226,226,OPS/images/08_882128_880264_1_226_001.jpg,ccdc52b3581f3d232cb0241d2b7d5bac59a9f53c8e55e727991bd862f46882db,DIRECT_VISUAL_ORIGINAL_IMAGE_DETAIL_ORIGINAL,literary,REVIEWED_MATERIAL,"Dabi's wanted page describes hot blue flames emitted from his palms while marking the Quirk name/full capacity, real name, birthday, height and blood type unknown. It calls his disposition elusive. Danger A accompanies Power B, Speed C, Intelligence C, Technique D- and Mystery A. The headline's coldly burning blue flame is figurative characterization beside an explicit high-firepower description, not a new cold-flame mechanism.",SUP-UAN-226-01,Meaningful content reviewed; material findings and source limits retained in evidence.,
UAN:s0227,227,227,OPS/images/08_882128_880264_1_227_001.jpg,9986d55ce4dc0117ec8f50e87dba7f1106c915bac2e3e1b2ddd09a5cb8b3c983,DIRECT_VISUAL_ORIGINAL_IMAGE_DETAIL_ORIGINAL,literary,REVIEWED_MATERIAL,"The profile attributes Dabi's League entry to Stain and Giran, calls him willing to burn those whose ideology differs even when termed allies, notes periodic command, and says he hides name/history from comrades. It describes Twice's copy participating at camp, entrusted High-End deployment at Fukuoka, and acting as contact for Hawks's secret operation. Shigaraki/Toga/Twice collaborator boxes distinguish initial conflict, co-entry, command and subsequent joint action. This profile discloses covert relations not included in the news report's public team-up rationale.",SUP-UAN-227-01,Meaningful content reviewed; material findings and source limits retained in evidence.,
UAN:s0228,228,228,OPS/images/08_882128_880264_1_228_001.jpg,c5c67be87212713e69d8805682631e12281159f8dbffdfe54f4cc61161e9d6e5,DIRECT_VISUAL_ORIGINAL_IMAGE_DETAIL_ORIGINAL,literary,REVIEWED_MATERIAL,"Toga's profile supplies her real-name characters 渡我被身子, August 7 birthday, 157 cm height, unknown blood type, League affiliation and easily-falling-in-love disposition. Transform now explicitly follows blood ingestion and the text says a change has enabled activation of the target's Quirk. Danger A accompanies Power E, Speed B-, Intelligence A, Technique A+ and Curly Hair A, a conspicuously non-comparable aesthetic axis.",SUP-UAN-228-01,Meaningful content reviewed; material findings and source limits retained in evidence.,
UAN:s0229,229,229,OPS/images/08_882128_880264_1_229_001.jpg,4d84784449791cb1f4fd0239676b094b0ef66e12103ec6439c81493a0b0ff13c,DIRECT_VISUAL_ORIGINAL_IMAGE_DETAIL_ORIGINAL,literary,REVIEWED_MATERIAL,"The prose presents easily arising affection, imitation, blood fixation and harmful acts she experiences as normal, under a yami-kawaii/pure-assassin editorial register. It recounts an injured male schoolmate and subsequent suspected blood-loss incidents, Hassaikai infiltration and harm to Rock Lock. Childhood commentary says worried parents attempted correction but isolation continued. Collaborator boxes say Shigaraki now seems to regard her as a comrade, Dabi shares frequent action, and Twice regards her with strong comradeship after their joint dispatch.",SUP-UAN-229-01; SUP-UAN-229-02,Meaningful content reviewed; material findings and source limits retained in evidence.,
UAN:s0230,230,230,OPS/images/08_882128_880264_1_230_001.jpg,a379edf335f6d28ad0f2dfd2fd4d21ae118678f5dd5430050492a41d398a9d52,DIRECT_VISUAL_ORIGINAL_IMAGE_DETAIL_ORIGINAL,literary,REVIEWED_MATERIAL,"Twice's profile names 分倍河原仁, May 10 birthday, 178 cm height, League membership and unknown blood type, using 支離滅裂 as an editorial disposition label. Double requires information and image; a self-copy can create further self-copies. Danger A accompanies Power C, Speed C, Intelligence C, Technique C and an expressive Mouth-count A axis. The page supplies a mechanism, not a complete psychological diagnosis or unconditional reproduction specification.",SUP-UAN-230-01,Meaningful content reviewed; material findings and source limits retained in evidence.,
UAN:s0231,231,231,OPS/images/08_882128_880264_1_231_001.jpg,1d79e7089e229f09ca9d07d0e88dcf2f1b9794e9ec9ac74d683b7199f880bb52,DIRECT_VISUAL_ORIGINAL_IMAGE_DETAIL_ORIGINAL,literary,REVIEWED_MATERIAL,"The biography says a villain crime killed Twice's parents, his own criminal copies rebelled, identity collapsed and multiple personalities formed, with the mask described as suppressing others. It links strong League attachment to finding acceptance/belonging. The page recounts introducing Overhaul, then overcoming the specific self-duplication trauma during the liberation-army attack. Partner boxes describe Shigaraki's valuing him as an executive, apparent willingness to risk his life for Toga, and repeated joint deployment with Toga/Dabi.",SUP-UAN-231-01; SUP-UAN-231-02,Meaningful content reviewed; material findings and source limits retained in evidence.,
UAN:s0232,232,232,OPS/images/08_882128_880264_1_232_001.jpg,fb2d5b9d6b0ff0e062fd8ed05704c72728ff4db01ed145c066bc79c9fce2e413,DIRECT_VISUAL_ORIGINAL_IMAGE_DETAIL_ORIGINAL,literary,REVIEWED_MATERIAL,"Kurogiri is described as a consistently calm League adviser/stopper supporting Shigaraki, arrested when attempting contact with Gigantomachia and currently silent in Tartarus. Warp Gate connects spaces through mist and moves people/things. Name, birthday, height and blood type are unknown. Danger B accompanies Power C, Speed C, Intelligence B, Technique B and Vagueness A. His past USJ transport role and close service to Shigaraki are repeated.",SUP-UAN-232-01,Meaningful content reviewed; material findings and source limits retained in evidence.,
UAN:s0233,233,233,OPS/images/08_882128_880264_1_233_001.jpg,35c92a1a745c5bf5ad9531ea3ad7ead4d587ca00bb67a22bc1243a128041c53c,DIRECT_VISUAL_ORIGINAL_IMAGE_DETAIL_ORIGINAL,literary,REVIEWED_MATERIAL,"Compress is named 迫圧紘; his Quirk is explicitly Compression of space/people/objects to marble size. Other private fields are unknown. Theatrical deception, enjoyment of surprise and national thief status accompany Danger B, Power D, Speed B, Intelligence C, Technique A and Display-desire A. Spinner is 伊口秀一, August 8, 174 cm; Gecko is wall adhesion, described as weak. His initial Stain ideology has shifted toward Shigaraki while he feels troubled by an increasingly radical organization and a course from which he cannot turn back. His personality field still says Stain fanatic; Danger C, Power C, Speed C, Intelligence D, Technique B and Weapon-count A mix evaluation axes.",SUP-UAN-233-01; SUP-UAN-233-02,Meaningful content reviewed; material findings and source limits retained in evidence.,
UAN:s0234,234,234,OPS/images/08_882128_880264_1_234_001.jpg,e8938cf709cc7679d18c9f7feddadb67f540c197acdb9c8e35fb41de9e3f754d,DIRECT_VISUAL_ORIGINAL_IMAGE_DETAIL_ORIGINAL,literary,REVIEWED_MATERIAL,"Magne's profile supplies 引石健磁, Magnetism with stated male-S/female-N targets, skilful hand-to-hand combat and death after attacking Overhaul over his attitude. The lady/onee/body-contrast language is editorial gendered framing; birth/height/blood remain unknown. Danger B, Power B, Speed C, Intelligence D, Technique A and Observation A are ratings. Muscular's profile retains unknown name/private fields, Muscle Augmentation, camp arrest and Tartarus custody, and newly states an examination by Dr. Daruma while expressly leaving the relation to his Quirk unknown; Danger A, Power S, Speed A, Intelligence E, Technique E and Killing-intent S.",SUP-UAN-234-01; SUP-UAN-234-02,Meaningful content reviewed; material findings and source limits retained in evidence.,
UAN:s0235,235,235,OPS/images/08_882128_880264_1_235_001.jpg,ea3fca48583b091453370c1dde84f4d74d8173cb9be31180e036f2f84a62f8dd,DIRECT_VISUAL_ORIGINAL_IMAGE_DETAIL_ORIGINAL,literary,REVIEWED_MATERIAL,"Moonfish is described as an escaped death-row prisoner who joined the camp attack and now awaits execution in Tartarus, with blade teeth and sadistic interest in flesh; personal fields remain unknown. Danger B, Power C, Speed A, Intelligence E, Technique A and Shape-freedom A accompany the profile. Mustard is the uniformed boy who supported camp attackers with gas, remains silent about the League after arrest, and controls gas concentration/range; no exact age/name/gas composition is supplied. Danger C, Power E, Speed E, Intelligence C, Technique B and Area-attack A are editorial measures. Labels such as psycho-killer, childish/eloquent and critique of credential society remain source characterizations.",SUP-UAN-235-01,Meaningful content reviewed; material findings and source limits retained in evidence.,
UAN:s0236,236,236,OPS/images/08_882128_880264_1_236_001.jpg,b935465cebd380479b39f0592e467a1778f412a2bed117dcffd52ea27b828158,DIRECT_VISUAL_ORIGINAL_IMAGE_DETAIL_ORIGINAL,literary,REVIEWED_MATERIAL,"The Nomu profile says AFO gave differing Quirks to individuals and that most have several. Overall danger A is provided, but profile fields and plotted power/speed/intelligence/technique are explicitly unknown because they vary by individual. Large body/face images therefore cannot stand for one universal Nomu person or identical capacity.",SUP-UAN-236-01,Meaningful content reviewed; material findings and source limits retained in evidence.,
UAN:s0237,237,237,OPS/images/08_882128_880264_1_237_001.jpg,57b379b1a7930bb498e312900b94d4007dc4146a01dcb0cc473e9d2e7f21a9a0,DIRECT_VISUAL_ORIGINAL_IMAGE_DETAIL_ORIGINAL,literary,REVIEWED_MATERIAL,"The profile calls Nomu modified former humans, describes Doctor-built bodies and AFO-given Quirks, and broadly says they lack thought or autonomous action and obey particular people. It recounts Hosu attacks, the camp Nomu carrying the tracking device that led to a hideout, Dabi's command and suspected Shigaraki/AFO roles. A diversity box explicitly names further enhancement; this must be read beside the same book's High-End thinking-capacity description.",SUP-UAN-237-01,Meaningful content reviewed; material findings and source limits retained in evidence.,
UAN:s0238,238,238,OPS/images/08_882128_880264_1_238_001.jpg,3764b1dd5c9639102f98864de369598c9a3979de939ea7b528b16803e923bc37,DIRECT_VISUAL_ORIGINAL_IMAGE_DETAIL_ORIGINAL,literary,REVIEWED_MATERIAL,"Stain's profile names 赤黒血染, B blood type and Bloodcurdle with duration varying by blood type; birthday/height are unknown. It labels him an All Might fanatic who assaults other heroes as fakes, with danger A, Power B, Speed A, Intelligence B, Technique A and Obsession A. The affiliation field states League without a question mark, and the Shigaraki box says initial dislike changed into ideological sympathy/joint fighting. This conflicts with s0223's explicit nonmembership statement. The event caption credits patrolling Endeavor with arrest, continuing the news public-credit framing.",SUP-UAN-238-01; SUP-UAN-238-02,Meaningful content reviewed; material findings and source limits retained in evidence.,
UAN:s0239,239,239,OPS/images/08_882128_880264_1_239_001.jpg,3b432cb538a081ad73d0f4c16f94d43c8a85853cac42b66c61d5773683761b57,DIRECT_VISUAL_ORIGINAL_IMAGE_DETAIL_ORIGINAL,literary,REVIEWED_MATERIAL,"Giran is named 憶田影朧 and has 混濁, which blurs a target's memory for five minutes before and after touching the head. Affiliation, birthday, height and blood type remain unknown; secretive disposition. Danger C, power E, speed E, intellect A, technique C and professionalism A. The prose presents an underworld broker of both personnel and weapons who supplied the League and recruited Twice and Dabi. Under kidnapping and torture by the Liberation Army he refused to divulge customer information. Twice's box links homelessness to the broker's introduction to the League. The professional refusal is illustrated with his rebuke about a merchant selling customers.",SUP-UAN-239-01; SUP-UAN-239-02,Meaningful content reviewed; material findings and source limits retained in evidence.,
UAN:s0240,240,240,OPS/images/08_882128_880264_1_240_001.jpg,2e8dfbe1bd634df6e16dc15193af28dacc895c289773535d599be8a5e86eebfe,DIRECT_VISUAL_ORIGINAL_IMAGE_DETAIL_ORIGINAL,literary,REVIEWED_MATERIAL,"High-End is a League creature with multiple Quirks and some autonomous action. Unknown real name, birthday, height and blood type; belligerent upward aspiration. Danger S, power S, speed A, intellect C, technique C and threat S. The profile says remnants of the premodification personality and memories persisted, then disappeared following a nervous abnormality during the fight with Endeavor, followed by rampage. The Fukuoka attack and Dabi's direction of High-End and other Nomu are recounted. These claims are individual and temporally staged.",SUP-UAN-240-01,Meaningful content reviewed; material findings and source limits retained in evidence.,
UAN:s0241,241,241,OPS/images/08_882128_880264_1_241_001.jpg,75020f3b417a589fef83750c552b09fc5395764b051e48149e8a93297e777661,DIRECT_VISUAL_ORIGINAL_IMAGE_DETAIL_ORIGINAL,literary,REVIEWED_MATERIAL,"Gigantomachia is a League servant described as an AFO fanatic with multiple unspecified Quirks. His endurance permits adaptation to multiple Quirks without body modification. Name, birthday, height and blood type are unknown. Danger S, power S, speed A+, intellect E, technique D- and size A. The prose says that while AFO could not act, he kidnapped heroes across Japan and collected Quirks. He assaulted police and escaped during Kurogiri's arrest; the Kurogiri box calls this the first public display of his enormous body. This is a public-event formulation, not proof nobody had encountered him before.",SUP-UAN-241-01,Meaningful content reviewed; material findings and source limits retained in evidence.,
UAN:s0242,242,242,OPS/images/08_882128_880264_1_242_001.jpg,e2397dcb92dee47f00083287627c347b811d5927e80ac502727bab988be5098f,DIRECT_VISUAL_ORIGINAL_IMAGE_DETAIL_ORIGINAL,literary,REVIEWED_MATERIAL,"Overhaul's real name is 治崎廻, affiliated with the Hassaikai; birthday, height and blood type are unknown and disposition is cleanliness obsession. Disassembly and instantaneous restoration can repair injury/fatigue and fuse things that have been destroyed. Danger B, power C, speed B, intellect A+, technique A and ambition S+. The destroy-and-repair revolutionary slogan packages his aspiration and does not validate its ethical claims.",SUP-UAN-242-01,Meaningful content reviewed; material findings and source limits retained in evidence.,
UAN:s0243,243,243,OPS/images/08_882128_880264_1_243_001.jpg,35be0b92b2c161da912b26a37be67c79e97f9c3337243cddb478b7e840af2cae,DIRECT_VISUAL_ORIGINAL_IMAGE_DETAIL_ORIGINAL,literary,REVIEWED_MATERIAL,"The executive seeks Hassaikai revival and underworld domination, briefly allies with the League, uses Eri to make Quirk-destroying bullets, and plans a market monopoly by selling both bullets and the neutralizing serum. The book says he sought to repay the boss who took him in as a child. Chronostasis assisted the research; Mimic blocked the underground raid. A loadbearing paragraph says his severed arms were treated and then his Quirk was modified, followed by Tartarus imprisonment because of the danger of his ideas. It gives no operational description or performed post-loss use of the modified Quirk.",SUP-UAN-243-01; SUP-UAN-243-02,Meaningful content reviewed; material findings and source limits retained in evidence.,
UAN:s0244,244,244,OPS/images/08_882128_880264_1_244_001.jpg,1dc43e4d628f609947e52f57103c3b96eb52d06841ed98a8ec3314e6fe4c4a33,DIRECT_VISUAL_ORIGINAL_IMAGE_DETAIL_ORIGINAL,literary,REVIEWED_MATERIAL,"Chronostasis is 玄野針, a childhood associate strongly sympathetic to Overhaul's aims, now held in a prison away from Tartarus. Clock-hand-like hair strikes slow a target's actions. Danger B, power D, speed D, intellect A, technique A and arrow A; disposition 'does not move', with birth/height/blood unknown. He repeatedly participated in experiments refining bullets from Eri's blood and cells, then tried to escape with bullets and serum in anticipation of Overhaul's defeat and was captured. The collaborator box says he feels enough familiarity to use Overhaul's personal name internally.",SUP-UAN-244-01,Meaningful content reviewed; material findings and source limits retained in evidence.,
UAN:s0245,245,245,OPS/images/08_882128_880264_1_245_001.jpg,2adc2815c5b5b67cb7292aa35b9fec11071e2225e8bc5d4307ddbca0d9e6bcef,DIRECT_VISUAL_ORIGINAL_IMAGE_DETAIL_ORIGINAL,literary,REVIEWED_MATERIAL,"Mimic is 入中常衣, Hassaikai headquarters chief. He is quick-tempered and small-minded but backs Chisaki's ambition with Chronostasis and Shin Nemoto. His Mimicry enters and controls objects; larger targets consume more stamina. Danger B, power D, speed C, intellect C, technique A and maze A, with disposition weak under pressure. His concrete-maze raid obstruction is reproduced, while the collaborator box states that he and Chronostasis also perform administrative work for the organization.",SUP-UAN-245-01,Meaningful content reviewed; material findings and source limits retained in evidence.,
UAN:s0246,246,246,OPS/images/08_882128_880264_1_246_001.jpg,c6dd950696840b998eaf3b40d08955e7fbd6baf8df70cfdb919eb8872b0ea279,DIRECT_VISUAL_ORIGINAL_IMAGE_DETAIL_ORIGINAL,literary,REVIEWED_MATERIAL,"窃野トウヤ was betrayed by a lover, acquired large debt, lost a sense of life's value, and was taken in by Overhaul, who found use for him. Larceny moves visible worn items into his hands. Danger C, power D, speed D, intellect C, technique A and pickpocket A; disposition sly, other profile measurements unknown. He obstructed the raid for time but was stopped by Amajiki. Hojo's collaborator box describes the three-person division of attack roles with Tabe.",SUP-UAN-246-01,Meaningful content reviewed; material findings and source limits retained in evidence.,
UAN:s0247,247,247,OPS/images/08_882128_880264_1_247_001.jpg,d4eaae49621eb1acc89ef64e53fb457a85f5fe92fec31a5d05c9b1fd8ebad57e,DIRECT_VISUAL_ORIGINAL_IMAGE_DETAIL_ORIGINAL,literary,REVIEWED_MATERIAL,"宝生結 was exploited by a money-obsessed person and called worthless trash. He treats Overhaul's favor as a reason to regard even being used up and discarded as fulfilling his desire. The page's headline describes their bond as solid rather than fake. Crystallize coats the body with crystals for attack and defense. Danger C, power B, speed C, intellect B, technique C and hardness A; calm disposition. He attacks Amajiki, while Tabe works on Setsuno's instructions and eats regrown matter to obstruct the opponent.",SUP-UAN-247-01,Meaningful content reviewed; material findings and source limits retained in evidence.,
UAN:s0248,248,248,OPS/images/08_882128_880264_1_248_001.jpg,4522c1228998465f2f6b45158a94b6278a2a84b9a19ff4ffcacec3ac6e88304a,DIRECT_VISUAL_ORIGINAL_IMAGE_DETAIL_ORIGINAL,literary,REVIEWED_MATERIAL,"多部空満 is given the reading たべからみつ and the Latin heading KARAMITSU TABE in this image. His 食 Quirk allows powerful chewing and immediate digestion, described with unsatisfied hunger. Since childhood he could not adapt to those around him because of his Quirk and went astray. The text proposes, with ゆえか, that having been oppressed may explain strong comradeship. He is imprisoned with Hojo and Setsuno. Danger C, power C, speed C, intellect E, technique C and hunger A; tricky disposition. The raid and three-person cooperation against Amajiki are summarized.",SUP-UAN-248-01,Meaningful content reviewed; material findings and source limits retained in evidence.,
UAN:s0249,249,249,OPS/images/08_882128_880264_1_249_001.jpg,6c48cca25857d2d8bddd27886664f2a88a9a19927f897946384c78f47704fbe4,DIRECT_VISUAL_ORIGINAL_IMAGE_DETAIL_ORIGINAL,literary,REVIEWED_MATERIAL,"乱波肩動 has 強肩, rotating his shoulders for rapid strikes. His earlier fight club allowed full Quirk use. Tengai is assigned as a minder soon after Rappa joins; the attack/defense pairing is effective but Rappa demands that the barrier not be used in the reproduced fight. After defeat he takes interest in Kirishima and wants a rematch. Danger B, power A, speed A, intellect D, technique C and successive strikes A; battle-maniac disposition.",SUP-UAN-249-01,Meaningful content reviewed; material findings and source limits retained in evidence.,
UAN:s0250,250,250,OPS/images/08_882128_880264_1_250_001.jpg,138999289c0e7c8c067a07c57a5e6d5a2d420c12bf4eeb2762955c76081f4200,DIRECT_VISUAL_ORIGINAL_IMAGE_DETAIL_ORIGINAL,literary,REVIEWED_MATERIAL,"天蓋壁慈 is a new recruit brought in as Rappa's stopper, previously serving Buddha. He calmly performs his given role. Barrier creates a hard circular defense but prevents attacks from inside it. Danger C, power C, speed D, intellect B, technique B and minding Rappa B; common-sense disposition. The paired fighters pressure Fat Gum and Kirishima but lose when their maximum defense breaks. Rappa's collaborator box says he apparently did not accept the arrangement comfortably.",SUP-UAN-250-01,Meaningful content reviewed; material findings and source limits retained in evidence.,
UAN:s0251,251,251,OPS/images/08_882128_880264_1_251_001.jpg,d475cbcbd080890eea8033f2cec1b1970b0535f3adfdd800d4110482da584b95,DIRECT_VISUAL_ORIGINAL_IMAGE_DETAIL_ORIGINAL,literary,REVIEWED_MATERIAL,"音本真 is a trusted early member after Chronostasis and Mimic, wishing to share the success of the man he calls 若. 真実吐き compels a person asked a question to utter truth or actual feelings, including what that person had not noticed. Danger C, power E, speed D, intellect B, technique A and persistence B; loyal-to-master disposition. With Sakaki, he guards Overhaul, exposes Mirio's ability and attacks body and mind. The reproduced utterance claims his own special permission to help the young boss's ambition.",SUP-UAN-251-01,Meaningful content reviewed; material findings and source limits retained in evidence.,
UAN:s0252,252,252,OPS/images/08_882128_880264_1_252_001.jpg,91e89dab0a9d719030aa01dad3c0d68d86ec8db5c5d33db5d1a78ba7aad2a6da,DIRECT_VISUAL_ORIGINAL_IMAGE_DETAIL_ORIGINAL,literary,REVIEWED_MATERIAL,"酒木泥泥 loves alcohol and is routinely drunk, unsteady in speech and footing but adept at striking vital points with a knife. 泥酔 removes nearby people's balance as if intoxicated. Danger C, power D, speed C-, intellect C, technique B and drunkenness A; rough disposition. The page pairs his physical/balance interference with Nemoto's interrogation in the attempt to stop Mirio. The side caption says 酒本 in the combination description even though the profile name is 酒木, a local name-text inconsistency retained as source texture.",SUP-UAN-252-01,Meaningful content reviewed; material findings and source limits retained in evidence.,
UAN:s0253,253,253,OPS/images/08_882128_880264_1_253_001.jpg,77a06f32a68eb74d714f83995239ab2f1355a8ec05d56cf5c42a4a79620e159b,DIRECT_VISUAL_ORIGINAL_IMAGE_DETAIL_ORIGINAL,literary,REVIEWED_MATERIAL,"活瓶力也 is an obedient subordinate serving as a frontline fighter. 活力吸収 requires touching a target and inhaling to absorb vitality and enlarge his body. Danger C, power A, speed C, intellect E, technique E and neutralization B; simple-minded disposition. He takes vitality from heroes and police to block entry. The collaborator box says Overhaul disassembles Katsukame in the confusion and fuses him into himself. No separate consent exchange is supplied in this profile.",SUP-UAN-253-01,Meaningful content reviewed; material findings and source limits retained in evidence.,
UAN:s0254,254,254,OPS/images/08_882128_880264_1_254_001.jpg,cf997109a16edaac3c8a5314bd2064a497e5f4c540ffcedd21a7a19f762be629,DIRECT_VISUAL_ORIGINAL_IMAGE_DETAIL_ORIGINAL,literary,REVIEWED_MATERIAL,"Gentle Criminal, 飛田弾柔郎, is unaffiliated, born August 29, 181 cm, blood A and gentlemanly. Elasticity affects touched material including air. Danger C, power C, speed B+, intellect D, technique B and love of tea A. He calls himself a righteous outlaw after his hero dream fails, uploads criminal acts, and is now reflecting while serving his sentence, worried about La Brava. Many offenses are minor but repeatedly cause trouble. The La Brava collaborator box treats additional hacking offenses as possible, rather than fully established in that paragraph.",SUP-UAN-254-01,Meaningful content reviewed; material findings and source limits retained in evidence.,
UAN:s0255,255,255,OPS/images/08_882128_880264_1_255_001.jpg,9db7b3d133d6807c91cde5bc1388739d4d8b893c28b3ed59027f53523d578529,DIRECT_VISUAL_ORIGINAL_IMAGE_DETAIL_ORIGINAL,literary,REVIEWED_MATERIAL,"La Brava, 相場愛美, is unaffiliated, born February 14, 111 cm, blood B and devoted to Gentle. Love amplifies the beloved person's ability in relation to the depth of love. Danger C, power E, speed E, intellect A+, technique B and hacking A. Past hurt and affection motivate criminal assistance. Police have requested technical cooperation but she intends to act only for Gentle. The crimes box says she apparently helped with planning/editing the videos; Gentle's collaborator box attributes his own claim to be the ringleader. The stalker-type-girl and love/light slogans are editorial framing.",SUP-UAN-255-01,Meaningful content reviewed; material findings and source limits retained in evidence.,
UAN:s0256,256,256,OPS/images/08_882128_880264_1_256_001.jpg,d66c5048de87892d22d4cbdc3a83dd9aa0351d37c2e866b6801287228b6d6443,DIRECT_VISUAL_ORIGINAL_IMAGE_DETAIL_ORIGINAL,literary,REVIEWED_MATERIAL,"Re-Destro is 四ツ橋力也, MLA-affiliated, with unknown birth/height/blood and bottomless-darkness disposition. Stress converts accumulated stress into size, robustness and strength. Danger A, power A+, speed A, intellect A, technique A+ and command A. This group uses 異能 and 解放コード where previous profiles used Quirk and villain-name labels. The Destro glory and liberation-leader slogans are ideology-facing framing, not proof of achieved liberation.",SUP-UAN-256-01,Meaningful content reviewed; material findings and source limits retained in evidence.,
UAN:s0257,257,257,OPS/images/08_882128_880264_1_257_001.jpg,a58453626788593b43f8d06e188dafea0448ae7a98194f446e3d215c29946c24,DIRECT_VISUAL_ORIGINAL_IMAGE_DETAIL_ORIGINAL,literary,REVIEWED_MATERIAL,"Detnerat's president publicly enters hero-support business while privately leading the MLA as Destro's descendant. The source gives 116,516 fighters and Deika's population as nine-tenths concealed liberation fighters; the initiation of the revival event is stated as suspected. Black-market support items, accumulated combat data and its apparent use support the organization. Skeptic contributes communication/puppet operations, Trumpet mobilizes devoted fighters, and Curious uses publishing management for propaganda and publicity. The past box shows Re-Destro advising Curious and infers an early leadership aptitude.",SUP-UAN-257-01,Meaningful content reviewed; material findings and source limits retained in evidence.,
UAN:s0258,258,258,OPS/images/08_882128_880264_1_258_001.jpg,329f314a7f7e5728155e2f2ad44c9e5ed879feaa23160417678cf441317c703f,DIRECT_VISUAL_ORIGINAL_IMAGE_DETAIL_ORIGINAL,literary,REVIEWED_MATERIAL,"Curious, 気月置歳, is a former reporter and publishing executive devoted to Re-Destro since youth. She tries and fails to make Toga a tragic heroine; the text attributes the shortening of her life to journalistic zeal. Land Mine turns touched objects into detonators without a numerical limit on how many. Danger C, power D, speed C, intellect B, technique C and interviewer A; insensitive disposition. Skeptic, 近属友保, is an IT executive and meticulous strategist, whose own security was once hacked. Anthropomorph controls multiple human-sized objects. Danger B, power E, speed E, intellect B, technique B and dexterity B; hates failure.",SUP-UAN-258-01; SUP-UAN-258-02,Meaningful content reviewed; material findings and source limits retained in evidence.,
UAN:s0259,259,259,OPS/images/08_882128_880264_1_259_001.jpg,1e872544be3b45031d5abc9515478d3362b7856b62e538bbc6b98d0cf3dac483,DIRECT_VISUAL_ORIGINAL_IMAGE_DETAIL_ORIGINAL,literary,REVIEWED_MATERIAL,"Trumpet, 花畑孔腔, leads a political party and attracts MLA supporters through speeches and voice-based ability. Electromagnetic waves in his voice strengthen mind and body of people who open their hearts to him. Danger B, power E, speed E, intellect B, technique B and attraction A; verbally skilled. Geten has unknown real name and named ability, is described as a boy favored by Re-Destro, reciprocally loyal, foregoing school for power training. He is observant and a major wide-range combat asset. Ice including temperature appears manipulable, but details remain unknown. Danger B, power B, speed B, intellect C, technique B and power obsession A; strength supremacist.",SUP-UAN-259-01; SUP-UAN-259-02,Meaningful content reviewed; material findings and source limits retained in evidence.,
UAN:s0260,260,260,OPS/images/08_882128_880264_1_260_001.jpg,78a4f5a2014ef7599efd98db3a092ab4df3b1fc63c22124fb5560abd7d532fcb,DIRECT_VISUAL_ORIGINAL_IMAGE_DETAIL_ORIGINAL,literary,REVIEWED_MATERIAL,"氏子達磨(?) is explicitly a questioned alias, with unknown real name and Quirk, questioned League affiliation, and unknown birth/height/blood. The source links him to AFO treatment, League formation and Nomu production, and states he owns children's homes and private hospitals nationwide to seek research subjects. Danger A, power E, speed E, intellect S+, technique E and research desire S; researcher to the bone. Minor recaps cover Trapezius Headgear's robberies/hostage taking, the opening giant villain's defeat by Mt. Lady, Sayanara Bites attacking Midoriya before Asui stops him, and the Sludge Villain's attempted bodily takeover and All Might's rescue. A broad editorial claim that most villains believe their power works even in hero society is not individual motive proof.",SUP-UAN-260-01; SUP-UAN-260-02,Meaningful content reviewed; material findings and source limits retained in evidence.,
UAN:s0261,261,261,OPS/images/08_882128_880264_1_261_001.jpg,35457dd6aedfcfa8bdde95c6889c2f7d7fa92d28b776f676bdb61c4de0dc67ed,DIRECT_VISUAL_ORIGINAL_IMAGE_DETAIL_ORIGINAL,literary,REVIEWED_MATERIAL,"Sanso Man controls oxygen but loses before acting to the students' improvised USJ plan. Dozaemon wears water and cleaves the escape boat. The Hassaikai boss is Eri's grandfather and Chisaki's foster parent; he fails to stop Chisaki, remains comatose after resolution, and Chisaki pays his hospital costs. Reservoir Dogs are all imprisoned after their ATM robbery and Hassaikai ambush; Cider House planned around hero patrols and crowding. CRC grew initially, lost support through extremism, splintered and remains active in small groups. Harima Oji targets the wealthy and gives money to the poor, with apparent support from some people despite criminality. Destro's defeated and arrested movement survives through Re-Destro despite a belief it had vanished.",SUP-UAN-261-01; SUP-UAN-261-02; SUP-UAN-261-03,Meaningful content reviewed; material findings and source limits retained in evidence.,
UAN:s0262,262,,OPS/images/08_882128_880264_1_262_001.jpg,d02c1fde18ddd4b8fa3fa27ac13d7c50ace19ce30d825c867cf11c95331cabb9,DIRECT_VISUAL_ORIGINAL_IMAGE_DETAIL_ORIGINAL,literary,REVIEWED_MATERIAL,"Column Vol.3 presents Giran's procurement list with Twice: durable suit fabric and sharp measuring-tape weapons; Toga's complete apparatus, effective for her Quirk but disliked aesthetically; Spinner's mixed blade assembly including dubious items; and Compress's precise prosthetic hand, whose manufacturer was difficult to find. Giran's merchant speech is paired with Twice's contradictory praise/insults, Toga's cute/not-cute comments and Compress's satisfaction. The page humorously dramatizes commentary on existing gear and trades, rather than supplying a new dated meeting or shipment.",SUP-UAN-262-01; SUP-UAN-262-02,Meaningful content reviewed; material findings and source limits retained in evidence.,
UAN:s0263,263,,OPS/images/08_882128_880264_1_263_001.jpg,c5999afc720aef82ed8711896c0c02d3ee0a2648b4fbc4eab65b32c96b6ffbaa,VISUAL_ORIGINAL_IMAGE,root-extra,REVIEWED_NO_MATERIAL_ADDITION,"Plus Extra divider advertises Kubo–Horikoshi interview, Twitter illustrations and glossary.",,"Navigation scope, not separate character evidence.",
UAN:s0264,264,264,OPS/images/08_882128_880264_1_264_001.jpg,43c9188c034e7219b4d42f444789bba43cf197434c24162b816df42ad7a74de0,VISUAL_ORIGINAL_IMAGE,root-extra,REVIEWED_MATERIAL,"Kubo/Horikoshi special-talk opening, first-meeting recollections and comparison of visual/background density; distinct labelled speakers.",SUP-UAN-264-01,Interview framing and separate recollections retained; no invented meeting date. Background-design explanation continues next page.,
UAN:s0265,265,265,OPS/images/08_882128_880264_1_265_001.jpg,7fd2ef6f6618982dea5570ac9c1846951ea5f6c03b8c0f20169fa070d6f34aa1,VISUAL_ORIGINAL_IMAGE,root-extra,REVIEWED_MATERIAL,Joint-training pipe environment discussed; Horikoshi's visual density and scene/character/speech creation compared with Kubo's process.,SUP-UAN-264-01; SUP-UAN-265-01,Specific production choices add formal context; neither author's description is a universal account of the other's work.,
UAN:s0266,266,266,OPS/images/08_882128_880264_1_266_001.jpg,e259dd3ccd000deef80397ba76d83b1ab8f09b3e103e91b9ea5a9fb705660aa3,VISUAL_ORIGINAL_IMAGE,root-extra,REVIEWED_MATERIAL,"Horikoshi describes varying creation routes and role-led Hawks, unresolved storyboard visual design; Kubo discusses his own naming route.",SUP-UAN-266-01,"Hawks production history is bounded; ネーム is storyboard, not character name. Kubo's own examples are comparative context.",
UAN:s0267,267,267,OPS/images/08_882128_880264_1_267_001.jpg,1a38e8004c21628e1b188680497521b98a112efb59d914f4722416e2dc1c589e,VISUAL_ORIGINAL_IMAGE,root-extra,REVIEWED_MATERIAL,"Naming/work habits, Rock Lock sound repetition and Mayuri discussion; Horikoshi tentatively identifies Agoyamato Tsutsutaka as the sole name-first MHA example, arising from meeting doodles.",SUP-UAN-267-01; SUP-UAN-267-02,"Main material directly read. Source QA and root separately rechecked the original image and resolved 顎大和筒隆; source QA corroborated the written name against UAN:s0151. Preserve 多分 as a tentative production recollection, not a universal process.",
UAN:s0268,268,268,OPS/images/08_882128_880264_1_268_001.jpg,2b5977df0dda7bfde8eca0cbfe50cf5bac49cc15dedfb0238b04b3661489d953,VISUAL_ORIGINAL_IMAGE,root-extra,REVIEWED_MATERIAL,Kubo likes Kaminari/Mirio; Horikoshi explains dissatisfaction with Mirio's early emotional presentation and later Eri-protection impact; invented personal Quirks gag.,SUP-UAN-268-01; SUP-UAN-268-02,"Creator self-assessment, guest response and hypothetical-personal-Quirk jokes kept distinct from canon biography and new powers.",
UAN:s0269,269,269,OPS/images/08_882128_880264_1_269_001.jpg,86a8f5c1656dd540dd6f25d7c133331d690b736030094a4f0bf50bd810e7da3d,VISUAL_ORIGINAL_IMAGE,root-extra,REVIEWED_MATERIAL,"Horikoshi still searching for hero/evil answer; formative manga influences, own teenage fan inventions; continuation of hypothetical zero-calorie Quirk joke.",SUP-UAN-269-01,Theme exploration is explicitly ongoing at interview time; does not prove no endpoint plot was planned or import guest-series fictional evidence.,
UAN:s0270,270,270,OPS/images/08_882128_880264_1_270_001.jpg,3af6d71777eea37ad3b7443b54994085781ca2526a68ae2a60095fe0a19eb95c,VISUAL_ORIGINAL_IMAGE,root-extra,REVIEWED_MATERIAL,"Horikoshi's intended visual/emotional register, his and Kubo's discussion of Deku worrying, naming Sad Man's Parade for memorable appeal.",SUP-UAN-270-01; SUP-UAN-270-02,Production reflection and audience-directed naming documented; no author diagnosis or reduction of character to autobiography.,
UAN:s0271,271,271,OPS/images/08_882128_880264_1_271_001.jpg,91b1cbf03759e61959c1021ddadf60d087d52a630d216ac4bbb6012f333b3f36,VISUAL_ORIGINAL_IMAGE,root-extra,REVIEWED_MATERIAL,"Closing encouragement and credited post-interview joint drawing: Midoriya and Ichigo, latter in U.A. uniform.",SUP-UAN-271-01,"Explicit collaborative illustration, not a canonical crossover event, enrollment or shared biography.",
UAN:s0272,272,272,OPS/images/08_882128_880264_1_272_001.jpg,d5e04f6416001fb9208c3ca91a79cc79920aaf89024ce8a30ef42bad11ddcc5b,VISUAL_ORIGINAL_IMAGE,root-extra,REVIEWED_MATERIAL,"Gallery opener explicitly covers April2016–August2019 posts and added author comments; April3 anime starts, April5 shoes/Bakugo, April18 Jiro design, April25 Momo sunrise hill.",SUP-UAN-272-01,Printed original-art dates and separate creator comments read; creator taste and intended landscape are not character tastes/events.,
UAN:s0273,273,273,OPS/images/08_882128_880264_1_273_001.jpg,5c0fe0f3ee5beb2dcd5fa2ee14459184a59f1637be86645f4f370e2326e4afee,VISUAL_ORIGINAL_IMAGE,root-extra,REVIEWED_DUPLICATE,"2016 May15 anime7, May23 ClassB/ch91, May30 Mina/ch92, June3 V9 group, June12/19 USJ groups, June26 season2 montage, June28/July16 fluttering-hair portraits, July11 Toga.",SUP-UAN-272-01,Named dated social reprints; artist explicitly says June26 montage uses in-work scenes and explains hair-drawing taste. No second narrative event inferred from re-expression.,
UAN:s0274,274,274,OPS/images/08_882128_880264_1_274_001.jpg,9660202bafc8daef68ff2c859d9e8a8993958d9b43b504df86cd3607ae05fcee,VISUAL_ORIGINAL_IMAGE,root-extra,REVIEWED_MATERIAL,"2016 September–2017 May gallery: clothes design, shuffled gear, Kochikame ending tribute, author's cat with Momo/Ochako, Bakugo/Shoto running, Bubble Girl, anime announcements.",SUP-UAN-274-01,"Readable artist captions clarify ordinary-looking props/placement without making ownership, skills or outings canonical.",
UAN:s0275,275,275,OPS/images/08_882128_880264_1_275_001.jpg,7cf05abfb23c28676cbc2626dcfeb625a3938b186682346752497fbceac81047,VISUAL_ORIGINAL_IMAGE,root-extra,UNRESOLVED_READABILITY,"2017 card-table anime promo, July cast/anniversary art, August Asui/Bakugo composition, September Shoto/Momo, December film-crew announcement with an invented Sadako-future script.",SUP-UAN-275-01,Main captions and compositions read; tiny dialogue in card-table art and small anniversary remark remain unused. Post dates named below do not date diegetic events.,May20 card-table microdialogue and July25 tiny character aside not confidently transcribed.
UAN:s0276,276,276,OPS/images/08_882128_880264_1_276_001.jpg,9a665069bfa93696b7bc9d019ef240064619720a89f9fcff10a74477f7b97e17,VISUAL_ORIGINAL_IMAGE,root-extra,REVIEWED_DUPLICATE,"2018 New Year, Momo shoes, Nejire scale, classroom announcement, anime swimsuits, Pussycats, Dark Shadow, Toga/Jiro and pencil All Might art.",SUP-UAN-272-01,"Each dated reprint and creator caption inspected: filling space, drawing shoes, liking Pussycats and ease of pencil All Might concern production; anime swimsuits are explicitly adaptation-related, not a new manga beach event.",
UAN:s0277,277,277,OPS/images/08_882128_880264_1_277_001.jpg,d51cd001dcc68d37f0e777ea328beb8f63f062487983dca605b7b7a3fd0a4338,VISUAL_ORIGINAL_IMAGE,root-extra,REVIEWED_MATERIAL,"July–September2018 social gallery: soccer ensemble, schedule cancellation, Hatsume, Ojiro tail/Kirishima, anniversary/movie groups, stylized All Might/Midoriya, cooking parody, Camie/Hagakure and large-eyed Shoto/Bakugo.",SUP-UAN-277-01,"Creator football-watching, desired tail drawing and passing art style clarify images; movie cameos/cooking parody do not expand source scope or actual biography.",
UAN:s0278,278,278,OPS/images/08_882128_880264_1_278_001.jpg,749c20743c2e96557c989733a1abe1ad3e6f7c23e74cccf023c3d431b0cc404a,VISUAL_ORIGINAL_IMAGE,root-extra,REVIEWED_MATERIAL,"September2018–March2019 art: season4, chibi thanks, V21, NewYear2019 Kirishima, V22 eating trio, Momo merchandise figure.",SUP-UAN-278-01,"Ordinary eating can represent established tastes; caption supplies visual occasion, not a recorded meal or universal eating policy.",
UAN:s0279,279,279,OPS/images/08_882128_880264_1_279_001.jpg,42d670d053ef93ab08829824856b460122eda68894544a2f957460a32dc617a7,VISUAL_ORIGINAL_IMAGE,root-extra,REVIEWED_MATERIAL,"March–August2019 art: mixed-franchise movie joke, Toga pose from station students, casual clothes/morning hair, Kirishima, rainy Asui/Bakugo abandoned-dog pun, Ochako costume/figure promo and V24 back-view composition.",SUP-UAN-279-01,Artist names visual inspiration and spare-space casting; literal dog/role/crossover biography would misread the genre.,
UAN:s0280,280,280,OPS/images/08_882128_880264_1_280_001.jpg,9e75429ba6ee799a6d1749be2226bfc4e60ce8155d91808acc1e841b7789a9ca,VISUAL_ORIGINAL_IMAGE,root-extra,REVIEWED_MATERIAL,"Glossary opener announces 68 keywords; Destro autobiography, villains, League, industrial training ground, Orudera, Vanguard Action Squad and festival enthusiasm vocabulary all read.",SUP-UAN-280-01,"Definitions and retrospective institutional labels are editorial summaries, not independently repeated events.",
UAN:s0281,281,281,OPS/images/08_882128_880264_1_281_001.jpg,e75d3df3c9b55a6fda41998ae1fe1f8ae8c8bc2f2aae13076cf5a71caf579db4,VISUAL_ORIGINAL_IMAGE,root-extra,REVIEWED_MATERIAL,Kamino nightmare; mall; Ketsubutsu; rational deception; code names; exam stadium; costume changes; Quirk; Quirk marriage; children's book; singularity; Quirk assessment test.,SUP-UAN-281-01; SUP-UAN-281-02,"Read all entries, including the ethical and regulatory qualifiers; theory and promotional superlatives remain qualified.",
UAN:s0282,282,282,OPS/images/08_882128_880264_1_282_001.jpg,364d966680ca40ff208c13fe82e21d3dd394cdce920d9c99c34d9d557ac0ebb1,VISUAL_ORIGINAL_IMAGE,root-extra,REVIEWED_MATERIAL,Sidekicks; beach; Hassaikai; Shiketsu; Tomura's insult; publisher of Destro reprint; Deku notebooks; Shoto nickname; work experience; Iida middle school; All Might teaching book; cement gun; internal transfer examination.,SUP-UAN-282-01; SUP-UAN-282-02,"Named publisher glyph is not transcribed as an exact name; readable 100,000-plus sales claim is an in-world assertion. Insults and teaching-book jokes remain attributed/rhetorical.",
UAN:s0283,283,283,OPS/images/08_882128_880264_1_283_001.jpg,acc3aaf9a9dec251bd09bc055f0441e6c3f1213fb18bb3c53aae105e283220c1,VISUAL_ORIGINAL_IMAGE,root-extra,REVIEWED_MATERIAL,Fourth Quirk generation; station; Tartarus; Deika; villain-disaster insurance; Detnerat; school; discount-store joke; All Might nickname; paid internships; provisional permit; HPSC entry continuing next page.,SUP-UAN-283-01; SUP-UAN-283-02; SUP-UAN-283-03,"Read all entries. Absolute-security rhetoric and generalized placement rules are guide-stage descriptions, not universal physical or chronological laws.",
UAN:s0284,284,284,OPS/images/08_882128_880264_1_284_001.jpg,6091602fd4b46c258640493c0c56e173b069100d274bd72d952781fe4fac17c2,VISUAL_ORIGINAL_IMAGE,root-extra,REVIEWED_MATERIAL,HPSC continuation; hero deductions; June/September examinations; Hero Chips; professional network; billboard; saturation; Big Three; vinegar rescue; costume provision; agencies; Hatsume inventions; Symbol of Peace; sludge incident.,SUP-UAN-283-01; SUP-UAN-284-01; SUP-UAN-284-02,"Read all entries, including access, institutional criteria and qualifications. Population trends, popularity and gags are not psychological measurements.",
UAN:s0285,285,285,OPS/images/08_882128_880264_1_285_001.jpg,7855997521211751f6bf197634686637f8496eb0bd8f8800206afa4d17b74ccb,VISUAL_ORIGINAL_IMAGE,root-extra,REVIEWED_MATERIAL,Sludge continuation; Hosu; remedial school; American Dream Plan; U.A.; sports festival; support licenses; CRC; Feel Good inc.; HUC; NHA; Plus Ultra; TDL; USJ.,SUP-UAN-285-01; SUP-UAN-285-02; SUP-UAN-285-03,Read all remaining entries. The CRC account's claim that Quirk prejudice has disappeared conflicts with the same guide's Shoji account; do not erase this tension.,
UAN:s0286,286,286,OPS/images/08_882128_880264_1_286_001.jpg,875824e596c9806e4292cfca19c68396eea10fb73239153e43c580867a83c6c6,VISUAL_ORIGINAL_IMAGE,root-extra,REVIEWED_MATERIAL,Yoco Akiyama fifth-anniversary Deku guest illustration; Team-Up Missions credit; publication-status footer.,SUP-UAN-286-01,All visible content read; no additional behavioral observation or canonical episode admitted.,
UAN:s0287,287,287,OPS/images/08_882128_880264_1_287_001.jpg,8a61810c479b247f772c02ca703b064c3da90e2ff14b6d97d97c8a72ca4d5fe4,VISUAL_ORIGINAL_IMAGE,root-extra,REVIEWED_MATERIAL,Betten Court special-guest Kendo/Jiro/Yaoyorozu illustration and fifth-anniversary message; Vigilantes art credit.,SUP-UAN-286-01,All visible content read; no additional behavioral observation or canonical episode admitted.,
UAN:s0288,288,,OPS/images/08_882128_880264_1_288_001.jpg,09ccacc98eb300bd9a713e395c800c058a8dc32acdde3d56fb1f20f682b1bd05,VISUAL_ORIGINAL_IMAGE,root-extra,REVIEWED_MATERIAL,Horikoshi afterword: two-page drawing became crowded doodle space; surprise at a second guide and promise to build the main story until its ending.,SUP-UAN-288-01,All visible content read; no additional behavioral observation or canonical episode admitted.,
UAN:s0289,289,,OPS/images/08_882128_880264_1_289_001.jpg,95eb5abb90c6cfb39d6355ea80e26b22fa7827a3edd0d89150724fefacacc9c6,VISUAL_ORIGINAL_IMAGE,root-extra,REVIEWED_MATERIAL,Continuation of Horikoshi afterword illustration: large All Might portrait amid stylized Class A miniatures.,SUP-UAN-288-01,"Companion page of the two-page afterword actually viewed; stylization is not literal size, costume policy or a dated group event.",
UAN:s0290,290,,OPS/images/08_882128_880264_1_290_001.jpg,898c004b4dbcc7d36d7446fe6c20666ec2968e59c90e6533f4efd61ed75b298a,VISUAL_ORIGINAL_IMAGE,root-extra,REVIEWED_NO_MATERIAL_ADDITION,"Heroes sticker sheet: uniformed ensemble, hero-costume group and fantasy composition; paper-edition notice.",,All visible content read; no additional behavioral observation or canonical episode admitted.,
UAN:s0291,291,,OPS/images/08_882128_880264_1_291_001.jpg,9bef807cbb41f2fff48e49b3e29ec030820ac9ea1e1de922cd86076e1d539565,VISUAL_ORIGINAL_IMAGE,root-extra,REVIEWED_NO_MATERIAL_ADDITION,"Removable sticker sheet: Big Three, Shiketsu, character/Quirk names and posed art; crossed-out Bakusatsuo name; paper-edition notice.",,All visible content read; no additional behavioral observation or canonical episode admitted.,
UAN:s0292,292,,OPS/images/08_882128_880264_1_292_001.jpg,ac97dc825afee792b2accc11ab8009d2d6f368c07dfd694b7e7470b19f18dfa8,VISUAL_ORIGINAL_IMAGE,root-extra,REVIEWED_MATERIAL,"Production credits divide editing, design, assigned editors and printing staff, using hero-name wordplay.",SUP-UAN-292-01,All visible content read; no additional behavioral observation or canonical episode admitted.,
UAN:s0293,293,,OPS/images/08882128880264315501_copyright.jpg,ab6d46815bb9413d1c20051e247fc4d63d8d93c376a836e898735d4da9d0b780,VISUAL_ORIGINAL_IMAGE,root-extra,REVIEWED_MATERIAL,"Digital colophon: Horikoshi copyright2019, print/digital issue2019, Shueisha, digital re-edit notice and rights text.",SUP-UAN-293-01,All visible content read; no additional behavioral observation or canonical episode admitted.,
UAN:s0294,294,,OPS/images/08_882128_880264_3_ill_01_001.jpg,0a381b523ed4335939ea505a97532e42b46c4a31cc40cea2981c422d2d6bd0e1,VISUAL_ORIGINAL_IMAGE,root-extra,REVIEWED_MATERIAL,"Extra pages reproduce spine and jacket flap. Horikoshi thanks readers and jokes that the growing cast makes names hard to remember, offering the guide as help.",SUP-UAN-294-01,All visible content read; no additional behavioral observation or canonical episode admitted.,
UAN:s0295,295,,OPS/images/08_882128_880264_3_ill_02_001.jpg,a91712e25ec3386cd37226a5dfc15560107c53e3b58e2a5140193671a6d86b06,VISUAL_ORIGINAL_IMAGE,root-extra,REVIEWED_DUPLICATE,Extra pages reproduce jacket-back/flap blue Deku design and book/author labels.,,Identified reproduction of jacket apparatus with source labels; not another event or image-authorship override.,
UAN:s0296,296,,OPS/images/08_882128_880264_3_ill_03_001.jpg,f70d36f8b725f8fb0012b47543a9d41268d0326a8b8b6b7ec8b6d9904e58d137,VISUAL_ORIGINAL_IMAGE,root-extra,REVIEWED_DUPLICATE,"Extra pages reproduce monochrome body-front cover, Deku and profile-card collage.",,Labelled body-front cover re-expression of the book's cover design; typography/collage do not supply new independent profile observations.,
UAN:s0297,297,,OPS/images/08_882128_880264_3_ill_04_001.jpg,e3576c105cc92c87db7b92da7fe722889863cdcde1d89e26f13fa78db8cd0527,VISUAL_ORIGINAL_IMAGE,root-extra,REVIEWED_DUPLICATE,Extra pages reproduce monochrome body-back cover with large DEKU typography and cut-in illustrations.,,"Labelled body-back cover apparatus, read to final spine position. No later source pages remain.",
